evaluation_mode,fold_id,fold_subject_id,model,calibration_method,bin,bin_lower,bin_upper,count,mean_predicted_probability,observed_positive_rate,absolute_calibration_error
within_subject_chronological,within_chb01,chb01,logistic_regression,raw,1,0.0,0.1,7103,0.014182038362474498,0.0012670702520061945,0.012914968110468304
within_subject_chronological,within_chb01,chb01,logistic_regression,raw,2,0.1,0.2,807,0.14559910857379427,0.0037174721189591076,0.14188163645483515
within_subject_chronological,within_chb01,chb01,logistic_regression,raw,3,0.2,0.30000000000000004,612,0.2473883171111139,0.00980392156862745,0.23758439554248645
within_subject_chronological,within_chb01,chb01,logistic_regression,raw,4,0.30000000000000004,0.4,515,0.3480792177815766,0.017475728155339806,0.33060348962623676
within_subject_chronological,within_chb01,chb01,logistic_regression,raw,5,0.4,0.5,510,0.4498943212586069,0.03333333333333333,0.4165609879252736
within_subject_chronological,within_chb01,chb01,logistic_regression,raw,6,0.5,0.6000000000000001,467,0.549297623394213,0.04925053533190578,0.5000470880623071
within_subject_chronological,within_chb01,chb01,logistic_regression,raw,7,0.6000000000000001,0.7000000000000001,510,0.6489580238869028,0.10392156862745099,0.5450364552594519
within_subject_chronological,within_chb01,chb01,logistic_regression,raw,8,0.7000000000000001,0.8,487,0.7495094067292212,0.1293634496919918,0.6201459570372294
within_subject_chronological,within_chb01,chb01,logistic_regression,raw,9,0.8,0.9,424,0.8489039088395391,0.19339622641509435,0.6555076824244448
within_subject_chronological,within_chb01,chb01,logistic_regression,raw,10,0.9,1.0,350,0.964185571632946,0.38,0.584185571632946
within_subject_chronological,within_chb01,chb01,logistic_regression,sigmoid,1,0.0,0.1,10810,0.038006791648217825,0.014246068455134136,0.02376072319308369
within_subject_chronological,within_chb01,chb01,logistic_regression,sigmoid,2,0.1,0.2,830,0.11895441280770007,0.19759036144578312,0.07863594863808306
within_subject_chronological,within_chb01,chb01,logistic_regression,sigmoid,3,0.2,0.30000000000000004,18,0.2449404605552834,0.3888888888888889,0.1439484283336055
within_subject_chronological,within_chb01,chb01,logistic_regression,sigmoid,4,0.30000000000000004,0.4,11,0.3534491037170663,0.7272727272727273,0.373823623555661
within_subject_chronological,within_chb01,chb01,logistic_regression,sigmoid,5,0.4,0.5,7,0.46133636696953007,0.8571428571428571,0.39580649017332703
within_subject_chronological,within_chb01,chb01,logistic_regression,sigmoid,6,0.5,0.6000000000000001,18,0.5537390536935662,0.8888888888888888,0.3351498351953226
within_subject_chronological,within_chb01,chb01,logistic_regression,sigmoid,7,0.6000000000000001,0.7000000000000001,7,0.6602746319845233,1.0,0.3397253680154767
within_subject_chronological,within_chb01,chb01,logistic_regression,sigmoid,8,0.7000000000000001,0.8,84,0.7059023388883519,0.42857142857142855,0.2773309103169233
within_subject_chronological,within_chb01,chb01,logistic_regression,sigmoid,9,0.8,0.9,0,,,
within_subject_chronological,within_chb01,chb01,logistic_regression,sigmoid,10,0.9,1.0,0,,,
within_subject_chronological,within_chb01,chb01,logistic_regression,isotonic,1,0.0,0.1,11583,0.037803482997189206,0.02641802641802642,0.011385456579162786
within_subject_chronological,within_chb01,chb01,logistic_regression,isotonic,2,0.1,0.2,1,0.18391462921681134,1.0,0.8160853707831887
within_subject_chronological,within_chb01,chb01,logistic_regression,isotonic,3,0.2,0.30000000000000004,0,,,
within_subject_chronological,within_chb01,chb01,logistic_regression,isotonic,4,0.30000000000000004,0.4,0,,,
within_subject_chronological,within_chb01,chb01,logistic_regression,isotonic,5,0.4,0.5,57,0.42105263157894735,0.19298245614035087,0.22807017543859648
within_subject_chronological,within_chb01,chb01,logistic_regression,isotonic,6,0.5,0.6000000000000001,1,0.5693714130067369,1.0,0.4306285869932631
within_subject_chronological,within_chb01,chb01,logistic_regression,isotonic,7,0.6000000000000001,0.7000000000000001,1,0.6449203700134418,0.0,0.6449203700134418
within_subject_chronological,within_chb01,chb01,logistic_regression,isotonic,8,0.7000000000000001,0.8,1,0.7575362147077909,0.0,0.7575362147077909
within_subject_chronological,within_chb01,chb01,logistic_regression,isotonic,9,0.8,0.9,4,0.8215439740934167,0.25,0.5715439740934167
within_subject_chronological,within_chb01,chb01,logistic_regression,isotonic,10,0.9,1.0,137,0.9996205755842075,0.5693430656934306,0.43027750989077684
within_subject_chronological,within_chb01,chb01,random_forest,raw,1,0.0,0.1,10883,0.008854176238169623,0.01194523568868878,0.003091059450519157
within_subject_chronological,within_chb01,chb01,random_forest,raw,2,0.1,0.2,462,0.135,0.170995670995671,0.035995670995671
within_subject_chronological,within_chb01,chb01,random_forest,raw,3,0.2,0.30000000000000004,226,0.23796460176991152,0.26548672566371684,0.027522123893805317
within_subject_chronological,within_chb01,chb01,random_forest,raw,4,0.30000000000000004,0.4,65,0.3516923076923077,0.4461538461538462,0.09446153846153849
within_subject_chronological,within_chb01,chb01,random_forest,raw,5,0.4,0.5,50,0.4396,0.42,0.019600000000000006
within_subject_chronological,within_chb01,chb01,random_forest,raw,6,0.5,0.6000000000000001,43,0.5406976744186047,0.627906976744186,0.08720930232558133
within_subject_chronological,within_chb01,chb01,random_forest,raw,7,0.6000000000000001,0.7000000000000001,17,0.6511764705882354,0.8235294117647058,0.1723529411764705
within_subject_chronological,within_chb01,chb01,random_forest,raw,8,0.7000000000000001,0.8,16,0.7581249999999999,0.9375,0.17937500000000006
within_subject_chronological,within_chb01,chb01,random_forest,raw,9,0.8,0.9,10,0.829,1.0,0.17100000000000004
within_subject_chronological,within_chb01,chb01,random_forest,raw,10,0.9,1.0,13,0.9392307692307693,1.0,0.06076923076923069
within_subject_chronological,within_chb01,chb01,random_forest,sigmoid,1,0.0,0.1,11764,0.04935897219122959,0.032046922815368924,0.017312049375860665
within_subject_chronological,within_chb01,chb01,random_forest,sigmoid,2,0.1,0.2,21,0.10627640914932499,1.0,0.893723590850675
within_subject_chronological,within_chb01,chb01,random_forest,sigmoid,3,0.2,0.30000000000000004,0,,,
within_subject_chronological,within_chb01,chb01,random_forest,sigmoid,4,0.30000000000000004,0.4,0,,,
within_subject_chronological,within_chb01,chb01,random_forest,sigmoid,5,0.4,0.5,0,,,
within_subject_chronological,within_chb01,chb01,random_forest,sigmoid,6,0.5,0.6000000000000001,0,,,
within_subject_chronological,within_chb01,chb01,random_forest,sigmoid,7,0.6000000000000001,0.7000000000000001,0,,,
within_subject_chronological,within_chb01,chb01,random_forest,sigmoid,8,0.7000000000000001,0.8,0,,,
within_subject_chronological,within_chb01,chb01,random_forest,sigmoid,9,0.8,0.9,0,,,
within_subject_chronological,within_chb01,chb01,random_forest,sigmoid,10,0.9,1.0,0,,,
within_subject_chronological,within_chb01,chb01,random_forest,isotonic,1,0.0,0.1,11636,0.04280745673482334,0.025610175317978687,0.017197281416844654
within_subject_chronological,within_chb01,chb01,random_forest,isotonic,2,0.1,0.2,10,0.15384615384615383,0.5,0.34615384615384615
within_subject_chronological,within_chb01,chb01,random_forest,isotonic,3,0.2,0.30000000000000004,9,0.2912087912087912,0.5555555555555556,0.2643467643467644
within_subject_chronological,within_chb01,chb01,random_forest,isotonic,4,0.30000000000000004,0.4,0,,,
within_subject_chronological,within_chb01,chb01,random_forest,isotonic,5,0.4,0.5,31,0.4285714285714286,0.3548387096774194,0.07373271889400923
within_subject_chronological,within_chb01,chb01,random_forest,isotonic,6,0.5,0.6000000000000001,25,0.5,0.52,0.020000000000000018
within_subject_chronological,within_chb01,chb01,random_forest,isotonic,7,0.6000000000000001,0.7000000000000001,0,,,
within_subject_chronological,within_chb01,chb01,random_forest,isotonic,8,0.7000000000000001,0.8,0,,,
within_subject_chronological,within_chb01,chb01,random_forest,isotonic,9,0.8,0.9,21,0.8333333333333334,0.7619047619047619,0.07142857142857151
within_subject_chronological,within_chb01,chb01,random_forest,isotonic,10,0.9,1.0,53,1.0,0.9433962264150944,0.05660377358490565
within_subject_chronological,within_chb01,chb01,lightgbm,raw,1,0.0,0.1,10380,0.005548773660117035,0.005780346820809248,0.00023157316069221355
within_subject_chronological,within_chb01,chb01,lightgbm,raw,2,0.1,0.2,360,0.1482144673021077,0.09444444444444444,0.05377002285766325
within_subject_chronological,within_chb01,chb01,lightgbm,raw,3,0.2,0.30000000000000004,173,0.24878022790945484,0.16184971098265896,0.08693051692679588
within_subject_chronological,within_chb01,chb01,lightgbm,raw,4,0.30000000000000004,0.4,147,0.3473248531459376,0.17006802721088435,0.17725682593505324
within_subject_chronological,within_chb01,chb01,lightgbm,raw,5,0.4,0.5,107,0.45095196441890834,0.2336448598130841,0.21730710460582423
within_subject_chronological,within_chb01,chb01,lightgbm,raw,6,0.5,0.6000000000000001,102,0.544143910970508,0.21568627450980393,0.328457636460704
within_subject_chronological,within_chb01,chb01,lightgbm,raw,7,0.6000000000000001,0.7000000000000001,104,0.6521757371247028,0.28846153846153844,0.36371419866316435
within_subject_chronological,within_chb01,chb01,lightgbm,raw,8,0.7000000000000001,0.8,89,0.7480451386034807,0.2247191011235955,0.5233260374798852
within_subject_chronological,within_chb01,chb01,lightgbm,raw,9,0.8,0.9,113,0.8550357648980386,0.3008849557522124,0.5541508091458262
within_subject_chronological,within_chb01,chb01,lightgbm,raw,10,0.9,1.0,210,0.9590932417374376,0.5714285714285714,0.3876646703088662
within_subject_chronological,within_chb01,chb01,lightgbm,sigmoid,1,0.0,0.1,10661,0.04056279205343248,0.00816058531094644,0.03240220674248604
within_subject_chronological,within_chb01,chb01,lightgbm,sigmoid,2,0.1,0.2,1029,0.1314079129605597,0.23226433430515064,0.10085642134459094
within_subject_chronological,within_chb01,chb01,lightgbm,sigmoid,3,0.2,0.30000000000000004,95,0.23149627176065385,0.7578947368421053,0.5263984650814515
within_subject_chronological,within_chb01,chb01,lightgbm,sigmoid,4,0.30000000000000004,0.4,0,,,
within_subject_chronological,within_chb01,chb01,lightgbm,sigmoid,5,0.4,0.5,0,,,
within_subject_chronological,within_chb01,chb01,lightgbm,sigmoid,6,0.5,0.6000000000000001,0,,,
within_subject_chronological,within_chb01,chb01,lightgbm,sigmoid,7,0.6000000000000001,0.7000000000000001,0,,,
within_subject_chronological,within_chb01,chb01,lightgbm,sigmoid,8,0.7000000000000001,0.8,0,,,
within_subject_chronological,within_chb01,chb01,lightgbm,sigmoid,9,0.8,0.9,0,,,
within_subject_chronological,within_chb01,chb01,lightgbm,sigmoid,10,0.9,1.0,0,,,
within_subject_chronological,within_chb01,chb01,lightgbm,isotonic,1,0.0,0.1,11367,0.0393512547967994,0.019530219055159673,0.019821035741639726
within_subject_chronological,within_chb01,chb01,lightgbm,isotonic,2,0.1,0.2,230,0.1327590505933025,0.2956521739130435,0.16289312331974098
within_subject_chronological,within_chb01,chb01,lightgbm,isotonic,3,0.2,0.30000000000000004,20,0.2501733268221117,0.35,0.09982667317788829
within_subject_chronological,within_chb01,chb01,lightgbm,isotonic,4,0.30000000000000004,0.4,27,0.3355300109585987,0.3333333333333333,0.0021966776252653752
within_subject_chronological,within_chb01,chb01,lightgbm,isotonic,5,0.4,0.5,2,0.42944012207648796,0.5,0.07055987792351204
within_subject_chronological,within_chb01,chb01,lightgbm,isotonic,6,0.5,0.6000000000000001,36,0.5002617802917255,0.4166666666666667,0.08359511362505884
within_subject_chronological,within_chb01,chb01,lightgbm,isotonic,7,0.6000000000000001,0.7000000000000001,3,0.6400697565499703,0.6666666666666666,0.026596910116696293
within_subject_chronological,within_chb01,chb01,lightgbm,isotonic,8,0.7000000000000001,0.8,0,,,
within_subject_chronological,within_chb01,chb01,lightgbm,isotonic,9,0.8,0.9,0,,,
within_subject_chronological,within_chb01,chb01,lightgbm,isotonic,10,0.9,1.0,100,0.9997445449525827,0.74,0.2597445449525827
within_subject_chronological,within_chb02,chb02,logistic_regression,raw,1,0.0,0.1,721,0.04070537675958773,0.04576976421636616,0.005064387456778431
within_subject_chronological,within_chb02,chb02,logistic_regression,raw,2,0.1,0.2,552,0.14842992912149616,0.03260869565217391,0.11582123346932224
within_subject_chronological,within_chb02,chb02,logistic_regression,raw,3,0.2,0.30000000000000004,487,0.24989711792402197,0.039014373716632446,0.21088274420738953
within_subject_chronological,within_chb02,chb02,logistic_regression,raw,4,0.30000000000000004,0.4,443,0.35125855886007284,0.020316027088036117,0.33094253177203675
within_subject_chronological,within_chb02,chb02,logistic_regression,raw,5,0.4,0.5,509,0.45141582657486273,0.019646365422396856,0.4317694611524659
within_subject_chronological,within_chb02,chb02,logistic_regression,raw,6,0.5,0.6000000000000001,546,0.5529324653914107,0.020146520146520148,0.5327859452448905
within_subject_chronological,within_chb02,chb02,logistic_regression,raw,7,0.6000000000000001,0.7000000000000001,631,0.6512001576621131,0.011093502377179081,0.640106655284934
within_subject_chronological,within_chb02,chb02,logistic_regression,raw,8,0.7000000000000001,0.8,678,0.752095197003024,0.007374631268436578,0.7447205657345873
within_subject_chronological,within_chb02,chb02,logistic_regression,raw,9,0.8,0.9,905,0.8532853563169526,0.015469613259668509,0.837815743057284
within_subject_chronological,within_chb02,chb02,logistic_regression,raw,10,0.9,1.0,1724,0.9571315519556614,0.016821345707656612,0.9403102062480048
within_subject_chronological,within_chb02,chb02,logistic_regression,sigmoid,1,0.0,0.1,6103,0.058599001048716626,0.0224479764050467,0.03615102464366993
within_subject_chronological,within_chb02,chb02,logistic_regression,sigmoid,2,0.1,0.2,1058,0.12429552553636816,0.014177693761814745,0.11011783177455342
within_subject_chronological,within_chb02,chb02,logistic_regression,sigmoid,3,0.2,0.30000000000000004,31,0.22758590065245768,0.03225806451612903,0.19532783613632865
within_subject_chronological,within_chb02,chb02,logistic_regression,sigmoid,4,0.30000000000000004,0.4,2,0.34840439474233076,0.5,0.15159560525766924
within_subject_chronological,within_chb02,chb02,logistic_regression,sigmoid,5,0.4,0.5,2,0.42608909401664674,0.5,0.07391090598335326
within_subject_chronological,within_chb02,chb02,logistic_regression,sigmoid,6,0.5,0.6000000000000001,0,,,
within_subject_chronological,within_chb02,chb02,logistic_regression,sigmoid,7,0.6000000000000001,0.7000000000000001,0,,,
within_subject_chronological,within_chb02,chb02,logistic_regression,sigmoid,8,0.7000000000000001,0.8,0,,,
within_subject_chronological,within_chb02,chb02,logistic_regression,sigmoid,9,0.8,0.9,0,,,
within_subject_chronological,within_chb02,chb02,logistic_regression,sigmoid,10,0.9,1.0,0,,,
within_subject_chronological,within_chb02,chb02,logistic_regression,isotonic,1,0.0,0.1,7023,0.06883795397013297,0.021500783141107788,0.04733717082902518
within_subject_chronological,within_chb02,chb02,logistic_regression,isotonic,2,0.1,0.2,139,0.14965482159726762,0.007194244604316547,0.14246057699295106
within_subject_chronological,within_chb02,chb02,logistic_regression,isotonic,3,0.2,0.30000000000000004,0,,,
within_subject_chronological,within_chb02,chb02,logistic_regression,isotonic,4,0.30000000000000004,0.4,23,0.35714285714285704,0.043478260869565216,0.3136645962732918
within_subject_chronological,within_chb02,chb02,logistic_regression,isotonic,5,0.4,0.5,0,,,
within_subject_chronological,within_chb02,chb02,logistic_regression,isotonic,6,0.5,0.6000000000000001,8,0.5,0.125,0.375
within_subject_chronological,within_chb02,chb02,logistic_regression,isotonic,7,0.6000000000000001,0.7000000000000001,0,,,
within_subject_chronological,within_chb02,chb02,logistic_regression,isotonic,8,0.7000000000000001,0.8,0,,,
within_subject_chronological,within_chb02,chb02,logistic_regression,isotonic,9,0.8,0.9,0,,,
within_subject_chronological,within_chb02,chb02,logistic_regression,isotonic,10,0.9,1.0,3,1.0,0.3333333333333333,0.6666666666666667
within_subject_chronological,within_chb02,chb02,random_forest,raw,1,0.0,0.1,5743,0.025065296883162107,0.02054675256834407,0.0045185443148180356
within_subject_chronological,within_chb02,chb02,random_forest,raw,2,0.1,0.2,1042,0.13509596928982723,0.01727447216890595,0.11782149712092127
within_subject_chronological,within_chb02,chb02,random_forest,raw,3,0.2,0.30000000000000004,340,0.23432352941176476,0.029411764705882353,0.2049117647058824
within_subject_chronological,within_chb02,chb02,random_forest,raw,4,0.30000000000000004,0.4,45,0.33444444444444443,0.06666666666666667,0.2677777777777778
within_subject_chronological,within_chb02,chb02,random_forest,raw,5,0.4,0.5,16,0.436875,0.125,0.311875
within_subject_chronological,within_chb02,chb02,random_forest,raw,6,0.5,0.6000000000000001,7,0.5328571428571429,0.14285714285714285,0.39000000000000007
within_subject_chronological,within_chb02,chb02,random_forest,raw,7,0.6000000000000001,0.7000000000000001,0,,,
within_subject_chronological,within_chb02,chb02,random_forest,raw,8,0.7000000000000001,0.8,2,0.765,1.0,0.235
within_subject_chronological,within_chb02,chb02,random_forest,raw,9,0.8,0.9,0,,,
within_subject_chronological,within_chb02,chb02,random_forest,raw,10,0.9,1.0,1,0.92,1.0,0.07999999999999996
within_subject_chronological,within_chb02,chb02,random_forest,sigmoid,1,0.0,0.1,7196,0.05412664595131915,0.021539744302390217,0.03258690164892893
within_subject_chronological,within_chb02,chb02,random_forest,sigmoid,2,0.1,0.2,0,,,
within_subject_chronological,within_chb02,chb02,random_forest,sigmoid,3,0.2,0.30000000000000004,0,,,
within_subject_chronological,within_chb02,chb02,random_forest,sigmoid,4,0.30000000000000004,0.4,0,,,
within_subject_chronological,within_chb02,chb02,random_forest,sigmoid,5,0.4,0.5,0,,,
within_subject_chronological,within_chb02,chb02,random_forest,sigmoid,6,0.5,0.6000000000000001,0,,,
within_subject_chronological,within_chb02,chb02,random_forest,sigmoid,7,0.6000000000000001,0.7000000000000001,0,,,
within_subject_chronological,within_chb02,chb02,random_forest,sigmoid,8,0.7000000000000001,0.8,0,,,
within_subject_chronological,within_chb02,chb02,random_forest,sigmoid,9,0.8,0.9,0,,,
within_subject_chronological,within_chb02,chb02,random_forest,sigmoid,10,0.9,1.0,0,,,
within_subject_chronological,within_chb02,chb02,random_forest,isotonic,1,0.0,0.1,7011,0.046958943418735216,0.02039651975467123,0.026562423664063986
within_subject_chronological,within_chb02,chb02,random_forest,isotonic,2,0.1,0.2,126,0.13636363636363633,0.023809523809523808,0.11255411255411252
within_subject_chronological,within_chb02,chb02,random_forest,isotonic,3,0.2,0.30000000000000004,30,0.23888888888888887,0.06666666666666667,0.17222222222222222
within_subject_chronological,within_chb02,chb02,random_forest,isotonic,4,0.30000000000000004,0.4,0,,,
within_subject_chronological,within_chb02,chb02,random_forest,isotonic,5,0.4,0.5,0,,,
within_subject_chronological,within_chb02,chb02,random_forest,isotonic,6,0.5,0.6000000000000001,9,0.5,0.1111111111111111,0.3888888888888889
within_subject_chronological,within_chb02,chb02,random_forest,isotonic,7,0.6000000000000001,0.7000000000000001,0,,,
within_subject_chronological,within_chb02,chb02,random_forest,isotonic,8,0.7000000000000001,0.8,19,0.75,0.2631578947368421,0.4868421052631579
within_subject_chronological,within_chb02,chb02,random_forest,isotonic,9,0.8,0.9,0,,,
within_subject_chronological,within_chb02,chb02,random_forest,isotonic,10,0.9,1.0,1,1.0,1.0,0.0
within_subject_chronological,within_chb02,chb02,lightgbm,raw,1,0.0,0.1,6311,0.00758312343217707,0.020757407700839805,0.013174284268662736
within_subject_chronological,within_chb02,chb02,lightgbm,raw,2,0.1,0.2,239,0.1416514567653192,0.02092050209205021,0.120730954673269
within_subject_chronological,within_chb02,chb02,lightgbm,raw,3,0.2,0.30000000000000004,141,0.24543421936893764,0.03546099290780142,0.20997322646113623
within_subject_chronological,within_chb02,chb02,lightgbm,raw,4,0.30000000000000004,0.4,76,0.3520249207638507,0.02631578947368421,0.32570913129016654
within_subject_chronological,within_chb02,chb02,lightgbm,raw,5,0.4,0.5,76,0.4474991780997715,0.02631578947368421,0.4211833886260873
within_subject_chronological,within_chb02,chb02,lightgbm,raw,6,0.5,0.6000000000000001,60,0.5503703269241024,0.016666666666666666,0.5337036602574357
within_subject_chronological,within_chb02,chb02,lightgbm,raw,7,0.6000000000000001,0.7000000000000001,54,0.655496595044151,0.0,0.655496595044151
within_subject_chronological,within_chb02,chb02,lightgbm,raw,8,0.7000000000000001,0.8,48,0.7523820937814625,0.020833333333333332,0.7315487604481291
within_subject_chronological,within_chb02,chb02,lightgbm,raw,9,0.8,0.9,79,0.8569167824730343,0.012658227848101266,0.844258554624933
within_subject_chronological,within_chb02,chb02,lightgbm,raw,10,0.9,1.0,112,0.9602239393266027,0.0625,0.8977239393266027
within_subject_chronological,within_chb02,chb02,lightgbm,sigmoid,1,0.0,0.1,6682,0.046626688548117995,0.021101466626758457,0.025525221921359538
within_subject_chronological,within_chb02,chb02,lightgbm,sigmoid,2,0.1,0.2,495,0.12900696648954843,0.020202020202020204,0.10880494628752822
within_subject_chronological,within_chb02,chb02,lightgbm,sigmoid,3,0.2,0.30000000000000004,12,0.2211869249199423,0.0,0.2211869249199423
within_subject_chronological,within_chb02,chb02,lightgbm,sigmoid,4,0.30000000000000004,0.4,7,0.32476996650548745,0.5714285714285714,0.24665860492308395
within_subject_chronological,within_chb02,chb02,lightgbm,sigmoid,5,0.4,0.5,0,,,
within_subject_chronological,within_chb02,chb02,lightgbm,sigmoid,6,0.5,0.6000000000000001,0,,,
within_subject_chronological,within_chb02,chb02,lightgbm,sigmoid,7,0.6000000000000001,0.7000000000000001,0,,,
within_subject_chronological,within_chb02,chb02,lightgbm,sigmoid,8,0.7000000000000001,0.8,0,,,
within_subject_chronological,within_chb02,chb02,lightgbm,sigmoid,9,0.8,0.9,0,,,
within_subject_chronological,within_chb02,chb02,lightgbm,sigmoid,10,0.9,1.0,0,,,
within_subject_chronological,within_chb02,chb02,lightgbm,isotonic,1,0.0,0.1,7187,0.04488024259123258,0.021010157228328927,0.02387008536290365
within_subject_chronological,within_chb02,chb02,lightgbm,isotonic,2,0.1,0.2,0,,,
within_subject_chronological,within_chb02,chb02,lightgbm,isotonic,3,0.2,0.30000000000000004,0,,,
within_subject_chronological,within_chb02,chb02,lightgbm,isotonic,4,0.30000000000000004,0.4,0,,,
within_subject_chronological,within_chb02,chb02,lightgbm,isotonic,5,0.4,0.5,2,0.4963974494161627,0.0,0.4963974494161627
within_subject_chronological,within_chb02,chb02,lightgbm,isotonic,6,0.5,0.6000000000000001,6,0.5869565217391305,0.5,0.08695652173913049
within_subject_chronological,within_chb02,chb02,lightgbm,isotonic,7,0.6000000000000001,0.7000000000000001,0,,,
within_subject_chronological,within_chb02,chb02,lightgbm,isotonic,8,0.7000000000000001,0.8,0,,,
within_subject_chronological,within_chb02,chb02,lightgbm,isotonic,9,0.8,0.9,0,,,
within_subject_chronological,within_chb02,chb02,lightgbm,isotonic,10,0.9,1.0,1,1.0,1.0,0.0
within_subject_chronological,within_chb03,chb03,logistic_regression,raw,1,0.0,0.1,675,0.03965762486062153,0.13333333333333333,0.09367570847271181
within_subject_chronological,within_chb03,chb03,logistic_regression,raw,2,0.1,0.2,883,0.15319966148026573,0.11551528878822197,0.03768437269204376
within_subject_chronological,within_chb03,chb03,logistic_regression,raw,3,0.2,0.30000000000000004,1044,0.24854518671399362,0.08524904214559387,0.16329614456839975
within_subject_chronological,within_chb03,chb03,logistic_regression,raw,4,0.30000000000000004,0.4,1011,0.3513156279487921,0.03956478733926805,0.31175084060952407
within_subject_chronological,within_chb03,chb03,logistic_regression,raw,5,0.4,0.5,1202,0.4499052077877904,0.020798668885191347,0.4291065389025991
within_subject_chronological,within_chb03,chb03,logistic_regression,raw,6,0.5,0.6000000000000001,1128,0.5493758063025045,0.034574468085106384,0.5148013382173982
within_subject_chronological,within_chb03,chb03,logistic_regression,raw,7,0.6000000000000001,0.7000000000000001,1136,0.6515312538719998,0.04225352112676056,0.6092777327452392
within_subject_chronological,within_chb03,chb03,logistic_regression,raw,8,0.7000000000000001,0.8,1387,0.7494487471004692,0.0555155010814708,0.6939332460189984
within_subject_chronological,within_chb03,chb03,logistic_regression,raw,9,0.8,0.9,497,0.8342752385225486,0.03621730382293763,0.798057934699611
within_subject_chronological,within_chb03,chb03,logistic_regression,raw,10,0.9,1.0,32,0.9268965537381794,0.1875,0.7393965537381794
within_subject_chronological,within_chb03,chb03,logistic_regression,sigmoid,1,0.0,0.1,6048,0.03212142627413646,0.06415343915343916,0.0320320128793027
within_subject_chronological,within_chb03,chb03,logistic_regression,sigmoid,2,0.1,0.2,1586,0.14656279220721238,0.04981084489281211,0.09675194731440027
within_subject_chronological,within_chb03,chb03,logistic_regression,sigmoid,3,0.2,0.30000000000000004,928,0.242372978471697,0.04741379310344827,0.19495918536824874
within_subject_chronological,within_chb03,chb03,logistic_regression,sigmoid,4,0.30000000000000004,0.4,289,0.34137420518681083,0.03806228373702422,0.3033119214497866
within_subject_chronological,within_chb03,chb03,logistic_regression,sigmoid,5,0.4,0.5,91,0.4396762072446466,0.054945054945054944,0.38473115229959165
within_subject_chronological,within_chb03,chb03,logistic_regression,sigmoid,6,0.5,0.6000000000000001,35,0.5341105130097759,0.05714285714285714,0.4769676558669187
within_subject_chronological,within_chb03,chb03,logistic_regression,sigmoid,7,0.6000000000000001,0.7000000000000001,11,0.6538846977455139,0.0,0.6538846977455139
within_subject_chronological,within_chb03,chb03,logistic_regression,sigmoid,8,0.7000000000000001,0.8,3,0.7720170810797056,1.0,0.22798291892029443
within_subject_chronological,within_chb03,chb03,logistic_regression,sigmoid,9,0.8,0.9,1,0.8591311314353097,0.0,0.8591311314353097
within_subject_chronological,within_chb03,chb03,logistic_regression,sigmoid,10,0.9,1.0,3,0.9805064970457162,0.6666666666666666,0.3138398303790496
within_subject_chronological,within_chb03,chb03,logistic_regression,isotonic,1,0.0,0.1,6899,0.03978286198053845,0.06160313088853457,0.02182026890799612
within_subject_chronological,within_chb03,chb03,logistic_regression,isotonic,2,0.1,0.2,256,0.18013595694132628,0.0546875,0.12544845694132628
within_subject_chronological,within_chb03,chb03,logistic_regression,isotonic,3,0.2,0.30000000000000004,835,0.26061628574754575,0.05748502994011976,0.203131255807426
within_subject_chronological,within_chb03,chb03,logistic_regression,isotonic,4,0.30000000000000004,0.4,955,0.35569838657962716,0.041884816753926704,0.31381356982570047
within_subject_chronological,within_chb03,chb03,logistic_regression,isotonic,5,0.4,0.5,7,0.4388998514487665,0.0,0.4388998514487665
within_subject_chronological,within_chb03,chb03,logistic_regression,isotonic,6,0.5,0.6000000000000001,5,0.5714149215819573,0.2,0.37141492158195727
within_subject_chronological,within_chb03,chb03,logistic_regression,isotonic,7,0.6000000000000001,0.7000000000000001,6,0.6483828529818587,0.0,0.6483828529818587
within_subject_chronological,within_chb03,chb03,logistic_regression,isotonic,8,0.7000000000000001,0.8,1,0.7739742342317928,0.0,0.7739742342317928
within_subject_chronological,within_chb03,chb03,logistic_regression,isotonic,9,0.8,0.9,7,0.8624386398541722,0.0,0.8624386398541722
within_subject_chronological,within_chb03,chb03,logistic_regression,isotonic,10,0.9,1.0,24,0.9961344443024309,0.25,0.7461344443024309
within_subject_chronological,within_chb03,chb03,random_forest,raw,1,0.0,0.1,7190,0.02115438108484006,0.060917941585535464,0.039763560500695405
within_subject_chronological,within_chb03,chb03,random_forest,raw,2,0.1,0.2,972,0.13960905349794236,0.060699588477366256,0.07890946502057611
within_subject_chronological,within_chb03,chb03,random_forest,raw,3,0.2,0.30000000000000004,498,0.24128514056224898,0.04216867469879518,0.1991164658634538
within_subject_chronological,within_chb03,chb03,random_forest,raw,4,0.30000000000000004,0.4,170,0.346764705882353,0.058823529411764705,0.28794117647058826
within_subject_chronological,within_chb03,chb03,random_forest,raw,5,0.4,0.5,75,0.4354666666666666,0.013333333333333334,0.4221333333333333
within_subject_chronological,within_chb03,chb03,random_forest,raw,6,0.5,0.6000000000000001,52,0.556923076923077,0.019230769230769232,0.5376923076923077
within_subject_chronological,within_chb03,chb03,random_forest,raw,7,0.6000000000000001,0.7000000000000001,16,0.644375,0.0625,0.581875
within_subject_chronological,within_chb03,chb03,random_forest,raw,8,0.7000000000000001,0.8,18,0.7405555555555554,0.1111111111111111,0.6294444444444443
within_subject_chronological,within_chb03,chb03,random_forest,raw,9,0.8,0.9,2,0.845,0.0,0.845
within_subject_chronological,within_chb03,chb03,random_forest,raw,10,0.9,1.0,2,0.94,0.5,0.43999999999999995
within_subject_chronological,within_chb03,chb03,random_forest,sigmoid,1,0.0,0.1,7571,0.05915683405407432,0.06062607317395324,0.0014692391198789234
within_subject_chronological,within_chb03,chb03,random_forest,sigmoid,2,0.1,0.2,1423,0.11245040767966102,0.05200281096275474,0.060447596716906284
within_subject_chronological,within_chb03,chb03,random_forest,sigmoid,3,0.2,0.30000000000000004,1,0.2041222720045112,1.0,0.7958777279954888
within_subject_chronological,within_chb03,chb03,random_forest,sigmoid,4,0.30000000000000004,0.4,0,,,
within_subject_chronological,within_chb03,chb03,random_forest,sigmoid,5,0.4,0.5,0,,,
within_subject_chronological,within_chb03,chb03,random_forest,sigmoid,6,0.5,0.6000000000000001,0,,,
within_subject_chronological,within_chb03,chb03,random_forest,sigmoid,7,0.6000000000000001,0.7000000000000001,0,,,
within_subject_chronological,within_chb03,chb03,random_forest,sigmoid,8,0.7000000000000001,0.8,0,,,
within_subject_chronological,within_chb03,chb03,random_forest,sigmoid,9,0.8,0.9,0,,,
within_subject_chronological,within_chb03,chb03,random_forest,sigmoid,10,0.9,1.0,0,,,
within_subject_chronological,within_chb03,chb03,random_forest,isotonic,1,0.0,0.1,6009,0.027997027237381535,0.06423697786653353,0.03623995062915199
within_subject_chronological,within_chb03,chb03,random_forest,isotonic,2,0.1,0.2,1834,0.10691082078730167,0.05179934569247546,0.05511147509482621
within_subject_chronological,within_chb03,chb03,random_forest,isotonic,3,0.2,0.30000000000000004,1049,0.22906748786012202,0.04575786463298379,0.18330962322713823
within_subject_chronological,within_chb03,chb03,random_forest,isotonic,4,0.30000000000000004,0.4,0,,,
within_subject_chronological,within_chb03,chb03,random_forest,isotonic,5,0.4,0.5,0,,,
within_subject_chronological,within_chb03,chb03,random_forest,isotonic,6,0.5,0.6000000000000001,22,0.5,0.0,0.5
within_subject_chronological,within_chb03,chb03,random_forest,isotonic,7,0.6000000000000001,0.7000000000000001,5,0.6666666666666667,0.0,0.6666666666666667
within_subject_chronological,within_chb03,chb03,random_forest,isotonic,8,0.7000000000000001,0.8,0,,,
within_subject_chronological,within_chb03,chb03,random_forest,isotonic,9,0.8,0.9,47,0.8333333333333337,0.0425531914893617,0.790780141843972
within_subject_chronological,within_chb03,chb03,random_forest,isotonic,10,0.9,1.0,29,1.0,0.10344827586206896,0.896551724137931
within_subject_chronological,within_chb03,chb03,lightgbm,raw,1,0.0,0.1,6921,0.016057824386432645,0.060829359919086834,0.044771535532654186
within_subject_chronological,within_chb03,chb03,lightgbm,raw,2,0.1,0.2,637,0.1452973097313124,0.08006279434850863,0.06523451538280378
within_subject_chronological,within_chb03,chb03,lightgbm,raw,3,0.2,0.30000000000000004,341,0.24705779632948982,0.06158357771260997,0.18547421861687985
within_subject_chronological,within_chb03,chb03,lightgbm,raw,4,0.30000000000000004,0.4,277,0.3477406187251367,0.039711191335740074,0.3080294273893966
within_subject_chronological,within_chb03,chb03,lightgbm,raw,5,0.4,0.5,193,0.4471604140272424,0.02072538860103627,0.4264350254262061
within_subject_chronological,within_chb03,chb03,lightgbm,raw,6,0.5,0.6000000000000001,136,0.5477285471051503,0.04411764705882353,0.5036109000463268
within_subject_chronological,within_chb03,chb03,lightgbm,raw,7,0.6000000000000001,0.7000000000000001,129,0.6485071531019665,0.015503875968992248,0.6330032771329742
within_subject_chronological,within_chb03,chb03,lightgbm,raw,8,0.7000000000000001,0.8,137,0.7519216919458965,0.051094890510948905,0.7008268014349476
within_subject_chronological,within_chb03,chb03,lightgbm,raw,9,0.8,0.9,102,0.850571624804328,0.0196078431372549,0.8309637816670731
within_subject_chronological,within_chb03,chb03,lightgbm,raw,10,0.9,1.0,122,0.9427011663064713,0.07377049180327869,0.8689306745031926
within_subject_chronological,within_chb03,chb03,lightgbm,sigmoid,1,0.0,0.1,6915,0.03591710782382967,0.060882140274765004,0.024965032450935336
within_subject_chronological,within_chb03,chb03,lightgbm,sigmoid,2,0.1,0.2,1244,0.1431525852257179,0.06511254019292605,0.07804004503279184
within_subject_chronological,within_chb03,chb03,lightgbm,sigmoid,3,0.2,0.30000000000000004,439,0.2423860557585561,0.029612756264236904,0.2127732994943192
within_subject_chronological,within_chb03,chb03,lightgbm,sigmoid,4,0.30000000000000004,0.4,211,0.3417051664692177,0.04739336492890995,0.2943118015403078
within_subject_chronological,within_chb03,chb03,lightgbm,sigmoid,5,0.4,0.5,108,0.44795764096030866,0.009259259259259259,0.4386983817010494
within_subject_chronological,within_chb03,chb03,lightgbm,sigmoid,6,0.5,0.6000000000000001,54,0.5460609334440021,0.05555555555555555,0.4905053778884465
within_subject_chronological,within_chb03,chb03,lightgbm,sigmoid,7,0.6000000000000001,0.7000000000000001,18,0.6351663095507257,0.0,0.6351663095507257
within_subject_chronological,within_chb03,chb03,lightgbm,sigmoid,8,0.7000000000000001,0.8,6,0.7275109086445918,0.8333333333333334,0.10582242468874159
within_subject_chronological,within_chb03,chb03,lightgbm,sigmoid,9,0.8,0.9,0,,,
within_subject_chronological,within_chb03,chb03,lightgbm,sigmoid,10,0.9,1.0,0,,,
within_subject_chronological,within_chb03,chb03,lightgbm,isotonic,1,0.0,0.1,6785,0.03126908550505687,0.0604274134119381,0.029158327906881228
within_subject_chronological,within_chb03,chb03,lightgbm,isotonic,2,0.1,0.2,1393,0.14127693730858687,0.0674802584350323,0.07379667887355457
within_subject_chronological,within_chb03,chb03,lightgbm,isotonic,3,0.2,0.30000000000000004,671,0.265839151367424,0.03129657228017884,0.23454257908724513
within_subject_chronological,within_chb03,chb03,lightgbm,isotonic,4,0.30000000000000004,0.4,7,0.367020552594294,0.0,0.367020552594294
within_subject_chronological,within_chb03,chb03,lightgbm,isotonic,5,0.4,0.5,67,0.4054643841880387,0.014925373134328358,0.39053901105371036
within_subject_chronological,within_chb03,chb03,lightgbm,isotonic,6,0.5,0.6000000000000001,13,0.5,0.0,0.5
within_subject_chronological,within_chb03,chb03,lightgbm,isotonic,7,0.6000000000000001,0.7000000000000001,0,,,
within_subject_chronological,within_chb03,chb03,lightgbm,isotonic,8,0.7000000000000001,0.8,1,0.7728738153059793,0.0,0.7728738153059793
within_subject_chronological,within_chb03,chb03,lightgbm,isotonic,9,0.8,0.9,0,,,
within_subject_chronological,within_chb03,chb03,lightgbm,isotonic,10,0.9,1.0,58,0.9986300782610312,0.13793103448275862,0.8606990437782727
within_subject_chronological,within_chb05,chb05,logistic_regression,raw,1,0.0,0.1,5632,0.022347532654260538,0.014204545454545454,0.008142987199715084
within_subject_chronological,within_chb05,chb05,logistic_regression,raw,2,0.1,0.2,837,0.14623899558054215,0.07287933094384708,0.07335966463669508
within_subject_chronological,within_chb05,chb05,logistic_regression,raw,3,0.2,0.30000000000000004,541,0.24766552397709118,0.07948243992606285,0.16818308405102833
within_subject_chronological,within_chb05,chb05,logistic_regression,raw,4,0.30000000000000004,0.4,501,0.34637123644287776,0.08982035928143713,0.25655087716144065
within_subject_chronological,within_chb05,chb05,logistic_regression,raw,5,0.4,0.5,423,0.4479525400251639,0.08274231678486997,0.3652102232402939
within_subject_chronological,within_chb05,chb05,logistic_regression,raw,6,0.5,0.6000000000000001,422,0.5482176504607249,0.10426540284360189,0.44395224761712304
within_subject_chronological,within_chb05,chb05,logistic_regression,raw,7,0.6000000000000001,0.7000000000000001,446,0.6504883743065519,0.08071748878923767,0.5697708855173143
within_subject_chronological,within_chb05,chb05,logistic_regression,raw,8,0.7000000000000001,0.8,476,0.7485046173594195,0.06932773109243698,0.6791768862669826
within_subject_chronological,within_chb05,chb05,logistic_regression,raw,9,0.8,0.9,552,0.8510364452056068,0.04710144927536232,0.8039349959302445
within_subject_chronological,within_chb05,chb05,logistic_regression,raw,10,0.9,1.0,964,0.9615208815189736,0.22199170124481327,0.7395291802741604
within_subject_chronological,within_chb05,chb05,logistic_regression,sigmoid,1,0.0,0.1,10267,0.038264281640356515,0.042855751436641665,0.00459146979628515
within_subject_chronological,within_chb05,chb05,logistic_regression,sigmoid,2,0.1,0.2,375,0.12316896742320667,0.096,0.027168967423206666
within_subject_chronological,within_chb05,chb05,logistic_regression,sigmoid,3,0.2,0.30000000000000004,12,0.249519138397753,0.5833333333333334,0.3338141949355804
within_subject_chronological,within_chb05,chb05,logistic_regression,sigmoid,4,0.30000000000000004,0.4,9,0.35416291369007996,0.7777777777777778,0.42361486408769783
within_subject_chronological,within_chb05,chb05,logistic_regression,sigmoid,5,0.4,0.5,3,0.4483040210194646,1.0,0.5516959789805354
within_subject_chronological,within_chb05,chb05,logistic_regression,sigmoid,6,0.5,0.6000000000000001,128,0.5074487521771971,0.96875,0.4613012478228029
within_subject_chronological,within_chb05,chb05,logistic_regression,sigmoid,7,0.6000000000000001,0.7000000000000001,0,,,
within_subject_chronological,within_chb05,chb05,logistic_regression,sigmoid,8,0.7000000000000001,0.8,0,,,
within_subject_chronological,within_chb05,chb05,logistic_regression,sigmoid,9,0.8,0.9,0,,,
within_subject_chronological,within_chb05,chb05,logistic_regression,sigmoid,10,0.9,1.0,0,,,
within_subject_chronological,within_chb05,chb05,logistic_regression,isotonic,1,0.0,0.1,10649,0.028957907319101927,0.045074654897173445,0.01611674757807152
within_subject_chronological,within_chb05,chb05,logistic_regression,isotonic,2,0.1,0.2,1,0.15231005734231612,0.0,0.15231005734231612
within_subject_chronological,within_chb05,chb05,logistic_regression,isotonic,3,0.2,0.30000000000000004,1,0.2200337134442431,0.0,0.2200337134442431
within_subject_chronological,within_chb05,chb05,logistic_regression,isotonic,4,0.30000000000000004,0.4,2,0.36048422715511075,1.0,0.6395157728448893
within_subject_chronological,within_chb05,chb05,logistic_regression,isotonic,5,0.4,0.5,22,0.4011612220019238,0.7727272727272727,0.37156605072534893
within_subject_chronological,within_chb05,chb05,logistic_regression,isotonic,6,0.5,0.6000000000000001,2,0.5959373501209337,0.5,0.09593735012093374
within_subject_chronological,within_chb05,chb05,logistic_regression,isotonic,7,0.6000000000000001,0.7000000000000001,0,,,
within_subject_chronological,within_chb05,chb05,logistic_regression,isotonic,8,0.7000000000000001,0.8,0,,,
within_subject_chronological,within_chb05,chb05,logistic_regression,isotonic,9,0.8,0.9,0,,,
within_subject_chronological,within_chb05,chb05,logistic_regression,isotonic,10,0.9,1.0,117,0.9600000000000001,1.0,0.039999999999999925
within_subject_chronological,within_chb05,chb05,random_forest,raw,1,0.0,0.1,9224,0.012729835212489158,0.035993061578490894,0.023263226366001734
within_subject_chronological,within_chb05,chb05,random_forest,raw,2,0.1,0.2,840,0.1358452380952381,0.09166666666666666,0.04417857142857144
within_subject_chronological,within_chb05,chb05,random_forest,raw,3,0.2,0.30000000000000004,346,0.24670520231213872,0.15028901734104047,0.09641618497109825
within_subject_chronological,within_chb05,chb05,random_forest,raw,4,0.30000000000000004,0.4,138,0.3436231884057971,0.13768115942028986,0.20594202898550723
within_subject_chronological,within_chb05,chb05,random_forest,raw,5,0.4,0.5,89,0.43865168539325844,0.2696629213483146,0.16898876404494384
within_subject_chronological,within_chb05,chb05,random_forest,raw,6,0.5,0.6000000000000001,45,0.5371111111111111,0.4666666666666667,0.07044444444444442
within_subject_chronological,within_chb05,chb05,random_forest,raw,7,0.6000000000000001,0.7000000000000001,36,0.6508333333333335,0.5555555555555556,0.0952777777777779
within_subject_chronological,within_chb05,chb05,random_forest,raw,8,0.7000000000000001,0.8,24,0.7454166666666667,0.8333333333333334,0.08791666666666664
within_subject_chronological,within_chb05,chb05,random_forest,raw,9,0.8,0.9,24,0.8416666666666667,1.0,0.15833333333333333
within_subject_chronological,within_chb05,chb05,random_forest,raw,10,0.9,1.0,28,0.9685714285714285,1.0,0.03142857142857147
within_subject_chronological,within_chb05,chb05,random_forest,sigmoid,1,0.0,0.1,10695,0.048876466710739454,0.05002337540906966,0.0011469086983302082
within_subject_chronological,within_chb05,chb05,random_forest,sigmoid,2,0.1,0.2,97,0.1119220590560198,0.8247422680412371,0.7128202089852173
within_subject_chronological,within_chb05,chb05,random_forest,sigmoid,3,0.2,0.30000000000000004,2,0.28262659356413616,1.0,0.7173734064358639
within_subject_chronological,within_chb05,chb05,random_forest,sigmoid,4,0.30000000000000004,0.4,0,,,
within_subject_chronological,within_chb05,chb05,random_forest,sigmoid,5,0.4,0.5,0,,,
within_subject_chronological,within_chb05,chb05,random_forest,sigmoid,6,0.5,0.6000000000000001,0,,,
within_subject_chronological,within_chb05,chb05,random_forest,sigmoid,7,0.6000000000000001,0.7000000000000001,0,,,
within_subject_chronological,within_chb05,chb05,random_forest,sigmoid,8,0.7000000000000001,0.8,0,,,
within_subject_chronological,within_chb05,chb05,random_forest,sigmoid,9,0.8,0.9,0,,,
within_subject_chronological,within_chb05,chb05,random_forest,sigmoid,10,0.9,1.0,0,,,
within_subject_chronological,within_chb05,chb05,random_forest,isotonic,1,0.0,0.1,9081,0.029243119266055047,0.0344675696509195,0.005224450384864455
within_subject_chronological,within_chb05,chb05,random_forest,isotonic,2,0.1,0.2,1467,0.11116788329861496,0.1138377641445126,0.002669880845897643
within_subject_chronological,within_chb05,chb05,random_forest,isotonic,3,0.2,0.30000000000000004,47,0.25,0.2127659574468085,0.03723404255319149
within_subject_chronological,within_chb05,chb05,random_forest,isotonic,4,0.30000000000000004,0.4,0,,,
within_subject_chronological,within_chb05,chb05,random_forest,isotonic,5,0.4,0.5,0,,,
within_subject_chronological,within_chb05,chb05,random_forest,isotonic,6,0.5,0.6000000000000001,0,,,
within_subject_chronological,within_chb05,chb05,random_forest,isotonic,7,0.6000000000000001,0.7000000000000001,0,,,
within_subject_chronological,within_chb05,chb05,random_forest,isotonic,8,0.7000000000000001,0.8,108,0.7506613756613757,0.4351851851851852,0.3154761904761905
within_subject_chronological,within_chb05,chb05,random_forest,isotonic,9,0.8,0.9,36,0.8531746031746033,0.6944444444444444,0.15873015873015883
within_subject_chronological,within_chb05,chb05,random_forest,isotonic,10,0.9,1.0,55,1.0,1.0,0.0
within_subject_chronological,within_chb05,chb05,lightgbm,raw,1,0.0,0.1,9440,0.0058014109244344065,0.03538135593220339,0.02957994500776898
within_subject_chronological,within_chb05,chb05,lightgbm,raw,2,0.1,0.2,322,0.14335614065243402,0.09937888198757763,0.04397725866485638
within_subject_chronological,within_chb05,chb05,lightgbm,raw,3,0.2,0.30000000000000004,194,0.2443267511664117,0.05670103092783505,0.18762572023857665
within_subject_chronological,within_chb05,chb05,lightgbm,raw,4,0.30000000000000004,0.4,139,0.3506334292066106,0.09352517985611511,0.2571082493504955
within_subject_chronological,within_chb05,chb05,lightgbm,raw,5,0.4,0.5,102,0.45045614001592055,0.16666666666666666,0.28378947334925386
within_subject_chronological,within_chb05,chb05,lightgbm,raw,6,0.5,0.6000000000000001,81,0.5480410276171295,0.04938271604938271,0.49865831156774676
within_subject_chronological,within_chb05,chb05,lightgbm,raw,7,0.6000000000000001,0.7000000000000001,80,0.6537435754514357,0.1,0.5537435754514357
within_subject_chronological,within_chb05,chb05,lightgbm,raw,8,0.7000000000000001,0.8,89,0.7487257759003151,0.12359550561797752,0.6251302702823376
within_subject_chronological,within_chb05,chb05,lightgbm,raw,9,0.8,0.9,101,0.8526991069227596,0.1782178217821782,0.6744812851405815
within_subject_chronological,within_chb05,chb05,lightgbm,raw,10,0.9,1.0,246,0.9795444322534083,0.6869918699186992,0.29255256233470905
within_subject_chronological,within_chb05,chb05,lightgbm,sigmoid,1,0.0,0.1,9057,0.03584878252192073,0.03323396268079938,0.0026148198411213505
within_subject_chronological,within_chb05,chb05,lightgbm,sigmoid,2,0.1,0.2,1236,0.13752725945358674,0.09142394822006472,0.046103311233522015
within_subject_chronological,within_chb05,chb05,lightgbm,sigmoid,3,0.2,0.30000000000000004,294,0.2363072933103962,0.15306122448979592,0.08324606882060029
within_subject_chronological,within_chb05,chb05,lightgbm,sigmoid,4,0.30000000000000004,0.4,71,0.3388647610011628,0.352112676056338,0.013247915055175197
within_subject_chronological,within_chb05,chb05,lightgbm,sigmoid,5,0.4,0.5,10,0.45657957306007946,0.8,0.3434204269399206
within_subject_chronological,within_chb05,chb05,lightgbm,sigmoid,6,0.5,0.6000000000000001,46,0.5686943608183768,0.9782608695652174,0.40956650874684064
within_subject_chronological,within_chb05,chb05,lightgbm,sigmoid,7,0.6000000000000001,0.7000000000000001,80,0.6283905789249238,1.0,0.3716094210750762
within_subject_chronological,within_chb05,chb05,lightgbm,sigmoid,8,0.7000000000000001,0.8,0,,,
within_subject_chronological,within_chb05,chb05,lightgbm,sigmoid,9,0.8,0.9,0,,,
within_subject_chronological,within_chb05,chb05,lightgbm,sigmoid,10,0.9,1.0,0,,,
within_subject_chronological,within_chb05,chb05,lightgbm,isotonic,1,0.0,0.1,10260,0.031078364465454405,0.040058479532163745,0.00898011506670934
within_subject_chronological,within_chb05,chb05,lightgbm,isotonic,2,0.1,0.2,346,0.16674050671463528,0.15028901734104047,0.016451489373594808
within_subject_chronological,within_chb05,chb05,lightgbm,isotonic,3,0.2,0.30000000000000004,3,0.2192307205677405,0.0,0.2192307205677405
within_subject_chronological,within_chb05,chb05,lightgbm,isotonic,4,0.30000000000000004,0.4,2,0.3520285666136276,0.5,0.14797143338637242
within_subject_chronological,within_chb05,chb05,lightgbm,isotonic,5,0.4,0.5,3,0.448260294627131,0.6666666666666666,0.2184063720395356
within_subject_chronological,within_chb05,chb05,lightgbm,isotonic,6,0.5,0.6000000000000001,4,0.5636732373536335,0.5,0.0636732373536335
within_subject_chronological,within_chb05,chb05,lightgbm,isotonic,7,0.6000000000000001,0.7000000000000001,41,0.6951571693586525,0.3902439024390244,0.30491326691962806
within_subject_chronological,within_chb05,chb05,lightgbm,isotonic,8,0.7000000000000001,0.8,10,0.7403627740536628,0.9,0.15963722594633722
within_subject_chronological,within_chb05,chb05,lightgbm,isotonic,9,0.8,0.9,1,0.8707442203270098,1.0,0.12925577967299018
within_subject_chronological,within_chb05,chb05,lightgbm,isotonic,10,0.9,1.0,124,0.9991624681978297,0.9919354838709677,0.007226984326861974
within_subject_chronological,within_chb08,chb08,logistic_regression,raw,1,0.0,0.1,2954,0.04945125227198488,0.0006770480704129993,0.04877420420157188
within_subject_chronological,within_chb08,chb08,logistic_regression,raw,2,0.1,0.2,1796,0.14731023217119654,0.0027839643652561247,0.1445262678059404
within_subject_chronological,within_chb08,chb08,logistic_regression,raw,3,0.2,0.30000000000000004,1416,0.24972393865552944,0.007768361581920904,0.24195557707360854
within_subject_chronological,within_chb08,chb08,logistic_regression,raw,4,0.30000000000000004,0.4,1196,0.34696616707029393,0.01588628762541806,0.3310798794448759
within_subject_chronological,within_chb08,chb08,logistic_regression,raw,5,0.4,0.5,1071,0.4486234639465618,0.021475256769374416,0.4271482071771874
within_subject_chronological,within_chb08,chb08,logistic_regression,raw,6,0.5,0.6000000000000001,841,0.5484090959944905,0.04042806183115339,0.5079810341633371
within_subject_chronological,within_chb08,chb08,logistic_regression,raw,7,0.6000000000000001,0.7000000000000001,705,0.6478468097058309,0.07375886524822695,0.5740879444576039
within_subject_chronological,within_chb08,chb08,logistic_regression,raw,8,0.7000000000000001,0.8,480,0.7456202699436374,0.08541666666666667,0.6602036032769707
within_subject_chronological,within_chb08,chb08,logistic_regression,raw,9,0.8,0.9,231,0.8416424754078866,0.11688311688311688,0.7247593585247697
within_subject_chronological,within_chb08,chb08,logistic_regression,raw,10,0.9,1.0,104,0.9537111615819389,0.6538461538461539,0.29986500773578506
within_subject_chronological,within_chb08,chb08,logistic_regression,sigmoid,1,0.0,0.1,9749,0.02260327925904695,0.013129551748897322,0.009473727510149629
within_subject_chronological,within_chb08,chb08,logistic_regression,sigmoid,2,0.1,0.2,753,0.13649651613071012,0.08366533864541832,0.0528311774852918
within_subject_chronological,within_chb08,chb08,logistic_regression,sigmoid,3,0.2,0.30000000000000004,153,0.23965675020116545,0.10457516339869281,0.13508158680247262
within_subject_chronological,within_chb08,chb08,logistic_regression,sigmoid,4,0.30000000000000004,0.4,55,0.34181954329272984,0.18181818181818182,0.16000136147454802
within_subject_chronological,within_chb08,chb08,logistic_regression,sigmoid,5,0.4,0.5,18,0.4438064870233383,0.4444444444444444,0.0006379574211061168
within_subject_chronological,within_chb08,chb08,logistic_regression,sigmoid,6,0.5,0.6000000000000001,16,0.5588302763252706,0.6875,0.1286697236747294
within_subject_chronological,within_chb08,chb08,logistic_regression,sigmoid,7,0.6000000000000001,0.7000000000000001,13,0.6514280459057274,0.8461538461538461,0.1947258002481187
within_subject_chronological,within_chb08,chb08,logistic_regression,sigmoid,8,0.7000000000000001,0.8,17,0.744858504640562,0.9411764705882353,0.19631796594767326
within_subject_chronological,within_chb08,chb08,logistic_regression,sigmoid,9,0.8,0.9,10,0.8431447119778263,0.9,0.05685528802217377
within_subject_chronological,within_chb08,chb08,logistic_regression,sigmoid,10,0.9,1.0,10,0.9452089067273024,1.0,0.0547910932726976
within_subject_chronological,within_chb08,chb08,logistic_regression,isotonic,1,0.0,0.1,9953,0.024016907430919908,0.01456847181754245,0.009448435613377458
within_subject_chronological,within_chb08,chb08,logistic_regression,isotonic,2,0.1,0.2,637,0.13604058079308362,0.09105180533751962,0.044988775455564
within_subject_chronological,within_chb08,chb08,logistic_regression,isotonic,3,0.2,0.30000000000000004,52,0.20021133780635733,0.057692307692307696,0.14251903011404965
within_subject_chronological,within_chb08,chb08,logistic_regression,isotonic,4,0.30000000000000004,0.4,75,0.35216435804623514,0.18666666666666668,0.16549769137956846
within_subject_chronological,within_chb08,chb08,logistic_regression,isotonic,5,0.4,0.5,0,,,
within_subject_chronological,within_chb08,chb08,logistic_regression,isotonic,6,0.5,0.6000000000000001,0,,,
within_subject_chronological,within_chb08,chb08,logistic_regression,isotonic,7,0.6000000000000001,0.7000000000000001,0,,,
within_subject_chronological,within_chb08,chb08,logistic_regression,isotonic,8,0.7000000000000001,0.8,0,,,
within_subject_chronological,within_chb08,chb08,logistic_regression,isotonic,9,0.8,0.9,0,,,
within_subject_chronological,within_chb08,chb08,logistic_regression,isotonic,10,0.9,1.0,77,1.0,0.8051948051948052,0.19480519480519476
within_subject_chronological,within_chb08,chb08,random_forest,raw,1,0.0,0.1,9645,0.01904613789528253,0.014204250907205807,0.004841886988076723
within_subject_chronological,within_chb08,chb08,random_forest,raw,2,0.1,0.2,789,0.13070975918884664,0.035487959442332066,0.09522179974651457
within_subject_chronological,within_chb08,chb08,random_forest,raw,3,0.2,0.30000000000000004,148,0.23540540540540542,0.0472972972972973,0.18810810810810813
within_subject_chronological,within_chb08,chb08,random_forest,raw,4,0.30000000000000004,0.4,39,0.34384615384615386,0.07692307692307693,0.26692307692307693
within_subject_chronological,within_chb08,chb08,random_forest,raw,5,0.4,0.5,37,0.43729729729729727,0.21621621621621623,0.22108108108108104
within_subject_chronological,within_chb08,chb08,random_forest,raw,6,0.5,0.6000000000000001,32,0.5490625,0.25,0.2990625
within_subject_chronological,within_chb08,chb08,random_forest,raw,7,0.6000000000000001,0.7000000000000001,18,0.6538888888888889,0.5555555555555556,0.09833333333333327
within_subject_chronological,within_chb08,chb08,random_forest,raw,8,0.7000000000000001,0.8,10,0.7499999999999999,0.8,0.050000000000000155
within_subject_chronological,within_chb08,chb08,random_forest,raw,9,0.8,0.9,21,0.8466666666666667,0.9047619047619048,0.05809523809523809
within_subject_chronological,within_chb08,chb08,random_forest,raw,10,0.9,1.0,55,0.9790909090909091,0.9818181818181818,0.0027272727272726893
within_subject_chronological,within_chb08,chb08,random_forest,sigmoid,1,0.0,0.1,10044,0.03158932367068772,0.015133412982875348,0.016455910687812374
within_subject_chronological,within_chb08,chb08,random_forest,sigmoid,2,0.1,0.2,611,0.12158341009737923,0.05073649754500818,0.07084691255237105
within_subject_chronological,within_chb08,chb08,random_forest,sigmoid,3,0.2,0.30000000000000004,60,0.23506995550783086,0.4,0.16493004449216916
within_subject_chronological,within_chb08,chb08,random_forest,sigmoid,4,0.30000000000000004,0.4,24,0.34638195320328835,0.875,0.5286180467967116
within_subject_chronological,within_chb08,chb08,random_forest,sigmoid,5,0.4,0.5,9,0.4476187470956277,0.8888888888888888,0.44127014179326113
within_subject_chronological,within_chb08,chb08,random_forest,sigmoid,6,0.5,0.6000000000000001,17,0.5663949566641974,1.0,0.43360504333580263
within_subject_chronological,within_chb08,chb08,random_forest,sigmoid,7,0.6000000000000001,0.7000000000000001,15,0.6535706846174956,1.0,0.34642931538250443
within_subject_chronological,within_chb08,chb08,random_forest,sigmoid,8,0.7000000000000001,0.8,0,,,
within_subject_chronological,within_chb08,chb08,random_forest,sigmoid,9,0.8,0.9,0,,,
within_subject_chronological,within_chb08,chb08,random_forest,sigmoid,10,0.9,1.0,14,0.9905203937555168,1.0,0.009479606244483185
within_subject_chronological,within_chb08,chb08,random_forest,isotonic,1,0.0,0.1,10517,0.037293180698398785,0.015974137111343538,0.021319043587055247
within_subject_chronological,within_chb08,chb08,random_forest,isotonic,2,0.1,0.2,156,0.14492753623188406,0.11538461538461539,0.029542920847268672
within_subject_chronological,within_chb08,chb08,random_forest,isotonic,3,0.2,0.30000000000000004,0,,,
within_subject_chronological,within_chb08,chb08,random_forest,isotonic,4,0.30000000000000004,0.4,1,0.3632850241545902,0.0,0.3632850241545902
within_subject_chronological,within_chb08,chb08,random_forest,isotonic,5,0.4,0.5,0,,,
within_subject_chronological,within_chb08,chb08,random_forest,isotonic,6,0.5,0.6000000000000001,6,0.5816425120772964,0.3333333333333333,0.24830917874396313
within_subject_chronological,within_chb08,chb08,random_forest,isotonic,7,0.6000000000000001,0.7000000000000001,0,,,
within_subject_chronological,within_chb08,chb08,random_forest,isotonic,8,0.7000000000000001,0.8,0,,,
within_subject_chronological,within_chb08,chb08,random_forest,isotonic,9,0.8,0.9,28,0.8000000000000002,0.4642857142857143,0.33571428571428585
within_subject_chronological,within_chb08,chb08,random_forest,isotonic,10,0.9,1.0,86,1.0,0.9418604651162791,0.05813953488372092
within_subject_chronological,within_chb08,chb08,lightgbm,raw,1,0.0,0.1,8374,0.015124206003745285,0.011822307141151182,0.003301898862594103
within_subject_chronological,within_chb08,chb08,lightgbm,raw,2,0.1,0.2,1033,0.14257425893169606,0.02420135527589545,0.11837290365580061
within_subject_chronological,within_chb08,chb08,lightgbm,raw,3,0.2,0.30000000000000004,476,0.24362265668315333,0.025210084033613446,0.2184125726495399
within_subject_chronological,within_chb08,chb08,lightgbm,raw,4,0.30000000000000004,0.4,259,0.34810030845595236,0.03088803088803089,0.3172122775679215
within_subject_chronological,within_chb08,chb08,lightgbm,raw,5,0.4,0.5,216,0.4467148617978562,0.05092592592592592,0.39578893587193026
within_subject_chronological,within_chb08,chb08,lightgbm,raw,6,0.5,0.6000000000000001,138,0.5444742195407883,0.09420289855072464,0.45027132099006373
within_subject_chronological,within_chb08,chb08,lightgbm,raw,7,0.6000000000000001,0.7000000000000001,92,0.6420938889777462,0.06521739130434782,0.5768764976733984
within_subject_chronological,within_chb08,chb08,lightgbm,raw,8,0.7000000000000001,0.8,55,0.7478443128894992,0.16363636363636364,0.5842079492531356
within_subject_chronological,within_chb08,chb08,lightgbm,raw,9,0.8,0.9,39,0.8536855580135997,0.28205128205128205,0.5716342759623176
within_subject_chronological,within_chb08,chb08,lightgbm,raw,10,0.9,1.0,112,0.9795368376472322,0.7857142857142857,0.1938225519329465
within_subject_chronological,within_chb08,chb08,lightgbm,sigmoid,1,0.0,0.1,9987,0.022780533240132014,0.014018223690798037,0.008762309549333977
within_subject_chronological,within_chb08,chb08,lightgbm,sigmoid,2,0.1,0.2,621,0.1321280624442346,0.057971014492753624,0.07415704795148098
within_subject_chronological,within_chb08,chb08,lightgbm,sigmoid,3,0.2,0.30000000000000004,72,0.24018828837733247,0.25,0.00981171162266753
within_subject_chronological,within_chb08,chb08,lightgbm,sigmoid,4,0.30000000000000004,0.4,27,0.34911310480401075,0.4444444444444444,0.09533133964043367
within_subject_chronological,within_chb08,chb08,lightgbm,sigmoid,5,0.4,0.5,11,0.4479784391515942,0.45454545454545453,0.006567015393860343
within_subject_chronological,within_chb08,chb08,lightgbm,sigmoid,6,0.5,0.6000000000000001,5,0.5329795834915987,0.8,0.26702041650840136
within_subject_chronological,within_chb08,chb08,lightgbm,sigmoid,7,0.6000000000000001,0.7000000000000001,13,0.6606201532060987,0.7692307692307693,0.10861061602467059
within_subject_chronological,within_chb08,chb08,lightgbm,sigmoid,8,0.7000000000000001,0.8,30,0.7718082683830363,0.9666666666666667,0.19485839828363039
within_subject_chronological,within_chb08,chb08,lightgbm,sigmoid,9,0.8,0.9,28,0.8217975311729928,1.0,0.1782024688270072
within_subject_chronological,within_chb08,chb08,lightgbm,sigmoid,10,0.9,1.0,0,,,
within_subject_chronological,within_chb08,chb08,lightgbm,isotonic,1,0.0,0.1,10604,0.02463554643284407,0.016597510373443983,0.008038036059400087
within_subject_chronological,within_chb08,chb08,lightgbm,isotonic,2,0.1,0.2,69,0.11999999999999997,0.2318840579710145,0.11188405797101453
within_subject_chronological,within_chb08,chb08,lightgbm,isotonic,3,0.2,0.30000000000000004,0,,,
within_subject_chronological,within_chb08,chb08,lightgbm,isotonic,4,0.30000000000000004,0.4,0,,,
within_subject_chronological,within_chb08,chb08,lightgbm,isotonic,5,0.4,0.5,0,,,
within_subject_chronological,within_chb08,chb08,lightgbm,isotonic,6,0.5,0.6000000000000001,1,0.5308013189191061,0.0,0.5308013189191061
within_subject_chronological,within_chb08,chb08,lightgbm,isotonic,7,0.6000000000000001,0.7000000000000001,0,,,
within_subject_chronological,within_chb08,chb08,lightgbm,isotonic,8,0.7000000000000001,0.8,9,0.7533883551570348,0.2222222222222222,0.5311661329348126
within_subject_chronological,within_chb08,chb08,lightgbm,isotonic,9,0.8,0.9,1,0.8625863212745215,0.0,0.8625863212745215
within_subject_chronological,within_chb08,chb08,lightgbm,isotonic,10,0.9,1.0,110,0.9996455629826686,0.8,0.19964556298266856
held_out_subject,loso_chb01,chb01,logistic_regression,raw,1,0.0,0.1,50,0.0031915916798538947,0.0,0.0031915916798538947
held_out_subject,loso_chb01,chb01,logistic_regression,raw,2,0.1,0.2,1144,0.17285419372740057,0.05856643356643357,0.114287760160967
held_out_subject,loso_chb01,chb01,logistic_regression,raw,3,0.2,0.30000000000000004,3730,0.2563290511741342,0.05522788203753351,0.20110116913660067
held_out_subject,loso_chb01,chb01,logistic_regression,raw,4,0.30000000000000004,0.4,9690,0.3548012263917383,0.04179566563467492,0.3130055607570634
held_out_subject,loso_chb01,chb01,logistic_regression,raw,5,0.4,0.5,10352,0.44642919306591766,0.032360896445131376,0.41406829662078626
held_out_subject,loso_chb01,chb01,logistic_regression,raw,6,0.5,0.6000000000000001,5694,0.5429659219446903,0.01053740779768177,0.5324285141470085
held_out_subject,loso_chb01,chb01,logistic_regression,raw,7,0.6000000000000001,0.7000000000000001,2019,0.6388897958678503,0.010896483407627538,0.6279933124602228
held_out_subject,loso_chb01,chb01,logistic_regression,raw,8,0.7000000000000001,0.8,456,0.7376435932451264,0.07236842105263158,0.6652751721924948
held_out_subject,loso_chb01,chb01,logistic_regression,raw,9,0.8,0.9,114,0.8394999590495866,0.3333333333333333,0.5061666257162534
held_out_subject,loso_chb01,chb01,logistic_regression,raw,10,0.9,1.0,124,0.9587336427634234,0.8870967741935484,0.07163686856987506
held_out_subject,loso_chb01,chb01,logistic_regression,sigmoid,1,0.0,0.1,33212,0.025903772654117092,0.03450560038540287,0.008601827731285774
held_out_subject,loso_chb01,chb01,logistic_regression,sigmoid,2,0.1,0.2,78,0.1379457275396083,0.6282051282051282,0.4902594006655199
held_out_subject,loso_chb01,chb01,logistic_regression,sigmoid,3,0.2,0.30000000000000004,38,0.24048561193910042,0.9473684210526315,0.7068828091135311
held_out_subject,loso_chb01,chb01,logistic_regression,sigmoid,4,0.30000000000000004,0.4,21,0.3553409289343024,1.0,0.6446590710656976
held_out_subject,loso_chb01,chb01,logistic_regression,sigmoid,5,0.4,0.5,14,0.4443950524145649,1.0,0.5556049475854351
held_out_subject,loso_chb01,chb01,logistic_regression,sigmoid,6,0.5,0.6000000000000001,7,0.5598111640827786,1.0,0.44018883591722135
held_out_subject,loso_chb01,chb01,logistic_regression,sigmoid,7,0.6000000000000001,0.7000000000000001,2,0.672877224448704,1.0,0.327122775551296
held_out_subject,loso_chb01,chb01,logistic_regression,sigmoid,8,0.7000000000000001,0.8,1,0.7167048380716479,1.0,0.28329516192835213
held_out_subject,loso_chb01,chb01,logistic_regression,sigmoid,9,0.8,0.9,0,,,
held_out_subject,loso_chb01,chb01,logistic_regression,sigmoid,10,0.9,1.0,0,,,
held_out_subject,loso_chb01,chb01,logistic_regression,isotonic,1,0.0,0.1,33251,0.029242131845865146,0.03509668882138883,0.0058545569755236865
held_out_subject,loso_chb01,chb01,logistic_regression,isotonic,2,0.1,0.2,18,0.1242727401731233,0.5555555555555556,0.4312828153824323
held_out_subject,loso_chb01,chb01,logistic_regression,isotonic,3,0.2,0.30000000000000004,28,0.2399160916602777,0.8571428571428571,0.6172267654825794
held_out_subject,loso_chb01,chb01,logistic_regression,isotonic,4,0.30000000000000004,0.4,2,0.3564129908319442,1.0,0.6435870091680558
held_out_subject,loso_chb01,chb01,logistic_regression,isotonic,5,0.4,0.5,12,0.411764705882353,1.0,0.588235294117647
held_out_subject,loso_chb01,chb01,logistic_regression,isotonic,6,0.5,0.6000000000000001,17,0.5882352941176471,0.9411764705882353,0.3529411764705882
held_out_subject,loso_chb01,chb01,logistic_regression,isotonic,7,0.6000000000000001,0.7000000000000001,9,0.665897520091812,1.0,0.334102479908188
held_out_subject,loso_chb01,chb01,logistic_regression,isotonic,8,0.7000000000000001,0.8,11,0.7142857142857143,1.0,0.2857142857142857
held_out_subject,loso_chb01,chb01,logistic_regression,isotonic,9,0.8,0.9,0,,,
held_out_subject,loso_chb01,chb01,logistic_regression,isotonic,10,0.9,1.0,25,0.9459459459459459,1.0,0.05405405405405406
held_out_subject,loso_chb01,chb01,random_forest,raw,1,0.0,0.1,27261,0.03675947324015994,0.031473533619456366,0.005285939620703575
held_out_subject,loso_chb01,chb01,random_forest,raw,2,0.1,0.2,5161,0.12963572950978494,0.058903313311373766,0.07073241619841117
held_out_subject,loso_chb01,chb01,random_forest,raw,3,0.2,0.30000000000000004,762,0.2324146981627297,0.06299212598425197,0.16942257217847773
held_out_subject,loso_chb01,chb01,random_forest,raw,4,0.30000000000000004,0.4,120,0.34075,0.25,0.09075
held_out_subject,loso_chb01,chb01,random_forest,raw,5,0.4,0.5,31,0.43580645161290327,0.22580645161290322,0.21000000000000005
held_out_subject,loso_chb01,chb01,random_forest,raw,6,0.5,0.6000000000000001,17,0.5423529411764706,0.5294117647058824,0.012941176470588234
held_out_subject,loso_chb01,chb01,random_forest,raw,7,0.6000000000000001,0.7000000000000001,9,0.6455555555555555,0.8888888888888888,0.2433333333333333
held_out_subject,loso_chb01,chb01,random_forest,raw,8,0.7000000000000001,0.8,2,0.725,1.0,0.275
held_out_subject,loso_chb01,chb01,random_forest,raw,9,0.8,0.9,7,0.8385714285714286,1.0,0.16142857142857137
held_out_subject,loso_chb01,chb01,random_forest,raw,10,0.9,1.0,3,0.9166666666666666,1.0,0.08333333333333337
held_out_subject,loso_chb01,chb01,random_forest,sigmoid,1,0.0,0.1,33373,0.04077471289709954,0.03823450094387679,0.0025402119532227513
held_out_subject,loso_chb01,chb01,random_forest,sigmoid,2,0.1,0.2,0,,,
held_out_subject,loso_chb01,chb01,random_forest,sigmoid,3,0.2,0.30000000000000004,0,,,
held_out_subject,loso_chb01,chb01,random_forest,sigmoid,4,0.30000000000000004,0.4,0,,,
held_out_subject,loso_chb01,chb01,random_forest,sigmoid,5,0.4,0.5,0,,,
held_out_subject,loso_chb01,chb01,random_forest,sigmoid,6,0.5,0.6000000000000001,0,,,
held_out_subject,loso_chb01,chb01,random_forest,sigmoid,7,0.6000000000000001,0.7000000000000001,0,,,
held_out_subject,loso_chb01,chb01,random_forest,sigmoid,8,0.7000000000000001,0.8,0,,,
held_out_subject,loso_chb01,chb01,random_forest,sigmoid,9,0.8,0.9,0,,,
held_out_subject,loso_chb01,chb01,random_forest,sigmoid,10,0.9,1.0,0,,,
held_out_subject,loso_chb01,chb01,random_forest,isotonic,1,0.0,0.1,33304,0.03246797180654848,0.037232764833053086,0.004764793026504607
held_out_subject,loso_chb01,chb01,random_forest,isotonic,2,0.1,0.2,51,0.10450819672131148,0.37254901960784315,0.26804082288653164
held_out_subject,loso_chb01,chb01,random_forest,isotonic,3,0.2,0.30000000000000004,0,,,
held_out_subject,loso_chb01,chb01,random_forest,isotonic,4,0.30000000000000004,0.4,6,0.375,0.8333333333333334,0.45833333333333337
held_out_subject,loso_chb01,chb01,random_forest,isotonic,5,0.4,0.5,1,0.4375,1.0,0.5625
held_out_subject,loso_chb01,chb01,random_forest,isotonic,6,0.5,0.6000000000000001,0,,,
held_out_subject,loso_chb01,chb01,random_forest,isotonic,7,0.6000000000000001,0.7000000000000001,0,,,
held_out_subject,loso_chb01,chb01,random_forest,isotonic,8,0.7000000000000001,0.8,1,0.7857142857142857,1.0,0.2142857142857143
held_out_subject,loso_chb01,chb01,random_forest,isotonic,9,0.8,0.9,4,0.875,1.0,0.125
held_out_subject,loso_chb01,chb01,random_forest,isotonic,10,0.9,1.0,6,1.0,1.0,0.0
held_out_subject,loso_chb01,chb01,lightgbm,raw,1,0.0,0.1,4337,0.06217290158210685,0.03343324878948582,0.02873965279262103
held_out_subject,loso_chb01,chb01,lightgbm,raw,2,0.1,0.2,7748,0.1493000085418081,0.03962312854930305,0.10967687999250506
held_out_subject,loso_chb01,chb01,lightgbm,raw,3,0.2,0.30000000000000004,6269,0.24838224042597223,0.036369436911788164,0.21201280351418406
held_out_subject,loso_chb01,chb01,lightgbm,raw,4,0.30000000000000004,0.4,5372,0.34925681584910234,0.02866716306775875,0.3205896527813436
held_out_subject,loso_chb01,chb01,lightgbm,raw,5,0.4,0.5,4339,0.44612293478095816,0.03295690251209956,0.4131660322688586
held_out_subject,loso_chb01,chb01,lightgbm,raw,6,0.5,0.6000000000000001,2651,0.5450204524509487,0.031308940022632965,0.5137115124283157
held_out_subject,loso_chb01,chb01,lightgbm,raw,7,0.6000000000000001,0.7000000000000001,1346,0.6434669749574905,0.03863298662704309,0.6048339883304474
held_out_subject,loso_chb01,chb01,lightgbm,raw,8,0.7000000000000001,0.8,681,0.7464607199417166,0.0763582966226138,0.6701024233191027
held_out_subject,loso_chb01,chb01,lightgbm,raw,9,0.8,0.9,526,0.8442060496360391,0.08935361216730038,0.7548524374687386
held_out_subject,loso_chb01,chb01,lightgbm,raw,10,0.9,1.0,104,0.935771210580765,0.625,0.31077121058076496
held_out_subject,loso_chb01,chb01,lightgbm,sigmoid,1,0.0,0.1,33321,0.03404810926318355,0.03688364694937127,0.002835537686187717
held_out_subject,loso_chb01,chb01,lightgbm,sigmoid,2,0.1,0.2,52,0.12581535748195127,0.9038461538461539,0.7780307963642026
held_out_subject,loso_chb01,chb01,lightgbm,sigmoid,3,0.2,0.30000000000000004,0,,,
held_out_subject,loso_chb01,chb01,lightgbm,sigmoid,4,0.30000000000000004,0.4,0,,,
held_out_subject,loso_chb01,chb01,lightgbm,sigmoid,5,0.4,0.5,0,,,
held_out_subject,loso_chb01,chb01,lightgbm,sigmoid,6,0.5,0.6000000000000001,0,,,
held_out_subject,loso_chb01,chb01,lightgbm,sigmoid,7,0.6000000000000001,0.7000000000000001,0,,,
held_out_subject,loso_chb01,chb01,lightgbm,sigmoid,8,0.7000000000000001,0.8,0,,,
held_out_subject,loso_chb01,chb01,lightgbm,sigmoid,9,0.8,0.9,0,,,
held_out_subject,loso_chb01,chb01,lightgbm,sigmoid,10,0.9,1.0,0,,,
held_out_subject,loso_chb01,chb01,lightgbm,isotonic,1,0.0,0.1,33308,0.03283562797033641,0.03674792842560346,0.003912300455267054
held_out_subject,loso_chb01,chb01,lightgbm,isotonic,2,0.1,0.2,24,0.10853960396039604,0.5,0.391460396039604
held_out_subject,loso_chb01,chb01,lightgbm,isotonic,3,0.2,0.30000000000000004,2,0.21308978413944102,0.5,0.286910215860559
held_out_subject,loso_chb01,chb01,lightgbm,isotonic,4,0.30000000000000004,0.4,0,,,
held_out_subject,loso_chb01,chb01,lightgbm,isotonic,5,0.4,0.5,4,0.4444444444444444,1.0,0.5555555555555556
held_out_subject,loso_chb01,chb01,lightgbm,isotonic,6,0.5,0.6000000000000001,4,0.5384615384615384,1.0,0.46153846153846156
held_out_subject,loso_chb01,chb01,lightgbm,isotonic,7,0.6000000000000001,0.7000000000000001,6,0.6666666666666666,1.0,0.33333333333333337
held_out_subject,loso_chb01,chb01,lightgbm,isotonic,8,0.7000000000000001,0.8,1,0.7250574094498569,1.0,0.27494259055014314
held_out_subject,loso_chb01,chb01,lightgbm,isotonic,9,0.8,0.9,7,0.84,1.0,0.16000000000000003
held_out_subject,loso_chb01,chb01,lightgbm,isotonic,10,0.9,1.0,17,1.0,1.0,0.0
held_out_subject,loso_chb02,chb02,logistic_regression,raw,1,0.0,0.1,158,0.06205882563122951,0.02531645569620253,0.03674236993502698
held_out_subject,loso_chb02,chb02,logistic_regression,raw,2,0.1,0.2,330,0.15300942999668898,0.07878787878787878,0.0742215512088102
held_out_subject,loso_chb02,chb02,logistic_regression,raw,3,0.2,0.30000000000000004,742,0.25812601098551535,0.04716981132075472,0.21095619966476065
held_out_subject,loso_chb02,chb02,logistic_regression,raw,4,0.30000000000000004,0.4,2320,0.3588519555217237,0.029741379310344828,0.3291105762113789
held_out_subject,loso_chb02,chb02,logistic_regression,raw,5,0.4,0.5,4617,0.4516637484998691,0.02837340264240849,0.4232903458574606
held_out_subject,loso_chb02,chb02,logistic_regression,raw,6,0.5,0.6000000000000001,3240,0.5428731323669435,0.024691358024691357,0.5181817743422521
held_out_subject,loso_chb02,chb02,logistic_regression,raw,7,0.6000000000000001,0.7000000000000001,1189,0.6418402053283172,0.01934398654331371,0.6224962187850035
held_out_subject,loso_chb02,chb02,logistic_regression,raw,8,0.7000000000000001,0.8,467,0.7411885859724597,0.023554603854389723,0.7176339821180701
held_out_subject,loso_chb02,chb02,logistic_regression,raw,9,0.8,0.9,235,0.8474535991399142,0.029787234042553193,0.817666365097361
held_out_subject,loso_chb02,chb02,logistic_regression,raw,10,0.9,1.0,1572,0.9546724041860174,0.04198473282442748,0.9126876713615899
held_out_subject,loso_chb02,chb02,logistic_regression,sigmoid,1,0.0,0.1,13224,0.028049538461808986,0.029038112522686024,0.0009885740608770385
held_out_subject,loso_chb02,chb02,logistic_regression,sigmoid,2,0.1,0.2,696,0.1610508028228291,0.03017241379310345,0.13087838902972565
held_out_subject,loso_chb02,chb02,logistic_regression,sigmoid,3,0.2,0.30000000000000004,794,0.23373311290097115,0.02518891687657431,0.20854419602439683
held_out_subject,loso_chb02,chb02,logistic_regression,sigmoid,4,0.30000000000000004,0.4,51,0.34552921463439185,0.2549019607843137,0.09062725385007814
held_out_subject,loso_chb02,chb02,logistic_regression,sigmoid,5,0.4,0.5,26,0.4458604133438256,0.38461538461538464,0.06124502872844095
held_out_subject,loso_chb02,chb02,logistic_regression,sigmoid,6,0.5,0.6000000000000001,12,0.5415938774166792,0.25,0.2915938774166792
held_out_subject,loso_chb02,chb02,logistic_regression,sigmoid,7,0.6000000000000001,0.7000000000000001,11,0.6401183457833746,0.09090909090909091,0.5492092548742836
held_out_subject,loso_chb02,chb02,logistic_regression,sigmoid,8,0.7000000000000001,0.8,3,0.77769213040281,0.0,0.77769213040281
held_out_subject,loso_chb02,chb02,logistic_regression,sigmoid,9,0.8,0.9,11,0.8640224983218002,0.0,0.8640224983218002
held_out_subject,loso_chb02,chb02,logistic_regression,sigmoid,10,0.9,1.0,42,0.9816327648119916,0.0,0.9816327648119916
held_out_subject,loso_chb02,chb02,logistic_regression,isotonic,1,0.0,0.1,13340,0.028084582844641118,0.02908545727136432,0.0010008744267232007
held_out_subject,loso_chb02,chb02,logistic_regression,isotonic,2,0.1,0.2,428,0.1534035140594001,0.030373831775700934,0.12302968228369915
held_out_subject,loso_chb02,chb02,logistic_regression,isotonic,3,0.2,0.30000000000000004,889,0.2891414589573535,0.023622047244094488,0.265519411713259
held_out_subject,loso_chb02,chb02,logistic_regression,isotonic,4,0.30000000000000004,0.4,8,0.3531501979997055,0.0,0.3531501979997055
held_out_subject,loso_chb02,chb02,logistic_regression,isotonic,5,0.4,0.5,44,0.45138656142098,0.06818181818181818,0.3832047432391618
held_out_subject,loso_chb02,chb02,logistic_regression,isotonic,6,0.5,0.6000000000000001,3,0.5,0.0,0.5
held_out_subject,loso_chb02,chb02,logistic_regression,isotonic,7,0.6000000000000001,0.7000000000000001,45,0.6423187849010336,0.24444444444444444,0.3978743404565891
held_out_subject,loso_chb02,chb02,logistic_regression,isotonic,8,0.7000000000000001,0.8,41,0.7338760187451524,0.3170731707317073,0.4168028480134451
held_out_subject,loso_chb02,chb02,logistic_regression,isotonic,9,0.8,0.9,31,0.864734703494737,0.0967741935483871,0.7679605099463499
held_out_subject,loso_chb02,chb02,logistic_regression,isotonic,10,0.9,1.0,41,0.9804878048780487,0.0,0.9804878048780487
held_out_subject,loso_chb02,chb02,random_forest,raw,1,0.0,0.1,13320,0.02867567567567568,0.024474474474474473,0.004201201201201207
held_out_subject,loso_chb02,chb02,random_forest,raw,2,0.1,0.2,1131,0.13042440318302387,0.042440318302387266,0.08798408488063661
held_out_subject,loso_chb02,chb02,random_forest,raw,3,0.2,0.30000000000000004,231,0.23896103896103899,0.025974025974025976,0.212987012987013
held_out_subject,loso_chb02,chb02,random_forest,raw,4,0.30000000000000004,0.4,65,0.34323076923076923,0.09230769230769231,0.2509230769230769
held_out_subject,loso_chb02,chb02,random_forest,raw,5,0.4,0.5,51,0.4380392156862745,0.2549019607843137,0.1831372549019608
held_out_subject,loso_chb02,chb02,random_forest,raw,6,0.5,0.6000000000000001,24,0.54625,0.625,0.07874999999999999
held_out_subject,loso_chb02,chb02,random_forest,raw,7,0.6000000000000001,0.7000000000000001,24,0.66375,0.7916666666666666,0.12791666666666668
held_out_subject,loso_chb02,chb02,random_forest,raw,8,0.7000000000000001,0.8,10,0.761,0.6,0.16100000000000003
held_out_subject,loso_chb02,chb02,random_forest,raw,9,0.8,0.9,12,0.8316666666666667,0.9166666666666666,0.08499999999999996
held_out_subject,loso_chb02,chb02,random_forest,raw,10,0.9,1.0,2,0.94,1.0,0.06000000000000005
held_out_subject,loso_chb02,chb02,random_forest,sigmoid,1,0.0,0.1,14866,0.03544699312799052,0.030135880532759316,0.005311112595231201
held_out_subject,loso_chb02,chb02,random_forest,sigmoid,2,0.1,0.2,4,0.11218973205997143,1.0,0.8878102679400286
held_out_subject,loso_chb02,chb02,random_forest,sigmoid,3,0.2,0.30000000000000004,0,,,
held_out_subject,loso_chb02,chb02,random_forest,sigmoid,4,0.30000000000000004,0.4,0,,,
held_out_subject,loso_chb02,chb02,random_forest,sigmoid,5,0.4,0.5,0,,,
held_out_subject,loso_chb02,chb02,random_forest,sigmoid,6,0.5,0.6000000000000001,0,,,
held_out_subject,loso_chb02,chb02,random_forest,sigmoid,7,0.6000000000000001,0.7000000000000001,0,,,
held_out_subject,loso_chb02,chb02,random_forest,sigmoid,8,0.7000000000000001,0.8,0,,,
held_out_subject,loso_chb02,chb02,random_forest,sigmoid,9,0.8,0.9,0,,,
held_out_subject,loso_chb02,chb02,random_forest,sigmoid,10,0.9,1.0,0,,,
held_out_subject,loso_chb02,chb02,random_forest,isotonic,1,0.0,0.1,14749,0.024417025588580936,0.026171265848532105,0.0017542402599511689
held_out_subject,loso_chb02,chb02,random_forest,isotonic,2,0.1,0.2,52,0.18998690839846066,0.28846153846153844,0.09847463006307777
held_out_subject,loso_chb02,chb02,random_forest,isotonic,3,0.2,0.30000000000000004,21,0.23149540517961564,0.6190476190476191,0.3875522138680034
held_out_subject,loso_chb02,chb02,random_forest,isotonic,4,0.30000000000000004,0.4,0,,,
held_out_subject,loso_chb02,chb02,random_forest,isotonic,5,0.4,0.5,4,0.4666666666666667,1.0,0.5333333333333333
held_out_subject,loso_chb02,chb02,random_forest,isotonic,6,0.5,0.6000000000000001,5,0.5625,0.8,0.23750000000000004
held_out_subject,loso_chb02,chb02,random_forest,isotonic,7,0.6000000000000001,0.7000000000000001,0,,,
held_out_subject,loso_chb02,chb02,random_forest,isotonic,8,0.7000000000000001,0.8,13,0.7777777777777779,0.6923076923076923,0.08547008547008561
held_out_subject,loso_chb02,chb02,random_forest,isotonic,9,0.8,0.9,0,,,
held_out_subject,loso_chb02,chb02,random_forest,isotonic,10,0.9,1.0,26,1.0,0.8076923076923077,0.1923076923076923
held_out_subject,loso_chb02,chb02,lightgbm,raw,1,0.0,0.1,2153,0.06405399443202216,0.003251277287505806,0.06080271714451635
held_out_subject,loso_chb02,chb02,lightgbm,raw,2,0.1,0.2,3786,0.14994402357644196,0.021394611727416798,0.12854941184902516
held_out_subject,loso_chb02,chb02,lightgbm,raw,3,0.2,0.30000000000000004,2714,0.24589614482765568,0.040530582166543844,0.20536556266111183
held_out_subject,loso_chb02,chb02,lightgbm,raw,4,0.30000000000000004,0.4,1886,0.347384979683425,0.037645811240721104,0.30973916844270394
held_out_subject,loso_chb02,chb02,lightgbm,raw,5,0.4,0.5,1453,0.44767736199737407,0.026841018582243633,0.42083634341513043
held_out_subject,loso_chb02,chb02,lightgbm,raw,6,0.5,0.6000000000000001,1165,0.5485145602433172,0.03347639484978541,0.5150381653935319
held_out_subject,loso_chb02,chb02,lightgbm,raw,7,0.6000000000000001,0.7000000000000001,924,0.6515074634757521,0.0183982683982684,0.6331091950774836
held_out_subject,loso_chb02,chb02,lightgbm,raw,8,0.7000000000000001,0.8,422,0.7447952828853076,0.02132701421800948,0.7234682686672981
held_out_subject,loso_chb02,chb02,lightgbm,raw,9,0.8,0.9,187,0.8486144241444226,0.0106951871657754,0.8379192369786471
held_out_subject,loso_chb02,chb02,lightgbm,raw,10,0.9,1.0,180,0.9465046443183883,0.42777777777777776,0.5187268665406106
held_out_subject,loso_chb02,chb02,lightgbm,sigmoid,1,0.0,0.1,14636,0.02856240663614296,0.025553429898879477,0.003008976737263483
held_out_subject,loso_chb02,chb02,lightgbm,sigmoid,2,0.1,0.2,191,0.13494812401410708,0.225130890052356,0.09018276603824893
held_out_subject,loso_chb02,chb02,lightgbm,sigmoid,3,0.2,0.30000000000000004,43,0.23609732598008473,0.813953488372093,0.5778561623920083
held_out_subject,loso_chb02,chb02,lightgbm,sigmoid,4,0.30000000000000004,0.4,0,,,
held_out_subject,loso_chb02,chb02,lightgbm,sigmoid,5,0.4,0.5,0,,,
held_out_subject,loso_chb02,chb02,lightgbm,sigmoid,6,0.5,0.6000000000000001,0,,,
held_out_subject,loso_chb02,chb02,lightgbm,sigmoid,7,0.6000000000000001,0.7000000000000001,0,,,
held_out_subject,loso_chb02,chb02,lightgbm,sigmoid,8,0.7000000000000001,0.8,0,,,
held_out_subject,loso_chb02,chb02,lightgbm,sigmoid,9,0.8,0.9,0,,,
held_out_subject,loso_chb02,chb02,lightgbm,sigmoid,10,0.9,1.0,0,,,
held_out_subject,loso_chb02,chb02,lightgbm,isotonic,1,0.0,0.1,14731,0.024363338508381998,0.025728056479532958,0.0013647179711509597
held_out_subject,loso_chb02,chb02,lightgbm,isotonic,2,0.1,0.2,24,0.1243523316062176,0.16666666666666666,0.04231433506044906
held_out_subject,loso_chb02,chb02,lightgbm,isotonic,3,0.2,0.30000000000000004,13,0.20000000000000004,0.3076923076923077,0.10769230769230767
held_out_subject,loso_chb02,chb02,lightgbm,isotonic,4,0.30000000000000004,0.4,11,0.3684210526315789,0.18181818181818182,0.1866028708133971
held_out_subject,loso_chb02,chb02,lightgbm,isotonic,5,0.4,0.5,0,,,
held_out_subject,loso_chb02,chb02,lightgbm,isotonic,6,0.5,0.6000000000000001,0,,,
held_out_subject,loso_chb02,chb02,lightgbm,isotonic,7,0.6000000000000001,0.7000000000000001,34,0.6046511627906977,0.6176470588235294,0.012995896032831689
held_out_subject,loso_chb02,chb02,lightgbm,isotonic,8,0.7000000000000001,0.8,1,0.7694394236019897,0.0,0.7694394236019897
held_out_subject,loso_chb02,chb02,lightgbm,isotonic,9,0.8,0.9,11,0.8571428571428572,0.5454545454545454,0.3116883116883118
held_out_subject,loso_chb02,chb02,lightgbm,isotonic,10,0.9,1.0,45,0.9845650565767086,0.8,0.18456505657670852
held_out_subject,loso_chb03,chb03,logistic_regression,raw,1,0.0,0.1,1547,0.08504138945290239,0.005817711700064641,0.07922367775283776
held_out_subject,loso_chb03,chb03,logistic_regression,raw,2,0.1,0.2,5850,0.14866719651836066,0.04923076923076923,0.09943642728759143
held_out_subject,loso_chb03,chb03,logistic_regression,raw,3,0.2,0.30000000000000004,5134,0.25003747798182874,0.06661472536034281,0.18342275262148594
held_out_subject,loso_chb03,chb03,logistic_regression,raw,4,0.30000000000000004,0.4,4696,0.3472114373997679,0.048551959114139696,0.2986594782856282
held_out_subject,loso_chb03,chb03,logistic_regression,raw,5,0.4,0.5,3023,0.445594704058637,0.041018855441614294,0.40457584861702267
held_out_subject,loso_chb03,chb03,logistic_regression,raw,6,0.5,0.6000000000000001,1595,0.5459945113254127,0.04200626959247649,0.5039882417329362
held_out_subject,loso_chb03,chb03,logistic_regression,raw,7,0.6000000000000001,0.7000000000000001,812,0.6422946538998838,0.06280788177339902,0.5794867721264848
held_out_subject,loso_chb03,chb03,logistic_regression,raw,8,0.7000000000000001,0.8,361,0.7463928397847507,0.11911357340720222,0.6272792663775485
held_out_subject,loso_chb03,chb03,logistic_regression,raw,9,0.8,0.9,227,0.849484918502412,0.2555066079295154,0.5939783105728966
held_out_subject,loso_chb03,chb03,logistic_regression,raw,10,0.9,1.0,142,0.9361864375795682,0.323943661971831,0.6122427756077372
held_out_subject,loso_chb03,chb03,logistic_regression,sigmoid,1,0.0,0.1,23101,0.011087904517591495,0.050647158131682614,0.03955925361409112
held_out_subject,loso_chb03,chb03,logistic_regression,sigmoid,2,0.1,0.2,188,0.14122191519879965,0.2978723404255319,0.15665042522673225
held_out_subject,loso_chb03,chb03,logistic_regression,sigmoid,3,0.2,0.30000000000000004,58,0.2453359651664449,0.22413793103448276,0.02119803413196214
held_out_subject,loso_chb03,chb03,logistic_regression,sigmoid,4,0.30000000000000004,0.4,22,0.356946903602871,0.3181818181818182,0.038765085421052836
held_out_subject,loso_chb03,chb03,logistic_regression,sigmoid,5,0.4,0.5,6,0.4338550607742473,0.3333333333333333,0.10052172744091398
held_out_subject,loso_chb03,chb03,logistic_regression,sigmoid,6,0.5,0.6000000000000001,5,0.5356931715189177,0.8,0.26430682848108233
held_out_subject,loso_chb03,chb03,logistic_regression,sigmoid,7,0.6000000000000001,0.7000000000000001,3,0.6627477380441901,0.6666666666666666,0.0039189286224765585
held_out_subject,loso_chb03,chb03,logistic_regression,sigmoid,8,0.7000000000000001,0.8,2,0.7665155538139194,1.0,0.23348444618608055
held_out_subject,loso_chb03,chb03,logistic_regression,sigmoid,9,0.8,0.9,0,,,
held_out_subject,loso_chb03,chb03,logistic_regression,sigmoid,10,0.9,1.0,2,0.9171164621107725,0.0,0.9171164621107725
held_out_subject,loso_chb03,chb03,logistic_regression,isotonic,1,0.0,0.1,23239,0.01057294237021722,0.051981582684280735,0.041408640314063515
held_out_subject,loso_chb03,chb03,logistic_regression,isotonic,2,0.1,0.2,60,0.14873737373737375,0.31666666666666665,0.1679292929292929
held_out_subject,loso_chb03,chb03,logistic_regression,isotonic,3,0.2,0.30000000000000004,25,0.23943661971830985,0.28,0.04056338028169018
held_out_subject,loso_chb03,chb03,logistic_regression,isotonic,4,0.30000000000000004,0.4,30,0.3685487384432335,0.23333333333333334,0.13521540510990016
held_out_subject,loso_chb03,chb03,logistic_regression,isotonic,5,0.4,0.5,22,0.4115483787746459,0.36363636363636365,0.04791201513828225
held_out_subject,loso_chb03,chb03,logistic_regression,isotonic,6,0.5,0.6000000000000001,3,0.5,0.6666666666666666,0.16666666666666663
held_out_subject,loso_chb03,chb03,logistic_regression,isotonic,7,0.6000000000000001,0.7000000000000001,0,,,
held_out_subject,loso_chb03,chb03,logistic_regression,isotonic,8,0.7000000000000001,0.8,0,,,
held_out_subject,loso_chb03,chb03,logistic_regression,isotonic,9,0.8,0.9,0,,,
held_out_subject,loso_chb03,chb03,logistic_regression,isotonic,10,0.9,1.0,8,0.9791666666666667,0.625,0.35416666666666674
held_out_subject,loso_chb03,chb03,random_forest,raw,1,0.0,0.1,22068,0.022519485227478705,0.04943810041689324,0.026918615189414536
held_out_subject,loso_chb03,chb03,random_forest,raw,2,0.1,0.2,1146,0.12219895287958117,0.0881326352530541,0.034066317626527065
held_out_subject,loso_chb03,chb03,random_forest,raw,3,0.2,0.30000000000000004,104,0.23596153846153844,0.28846153846153844,0.05249999999999999
held_out_subject,loso_chb03,chb03,random_forest,raw,4,0.30000000000000004,0.4,35,0.34257142857142864,0.4857142857142857,0.14314285714285707
held_out_subject,loso_chb03,chb03,random_forest,raw,5,0.4,0.5,21,0.44095238095238093,0.5714285714285714,0.13047619047619047
held_out_subject,loso_chb03,chb03,random_forest,raw,6,0.5,0.6000000000000001,7,0.5414285714285715,0.7142857142857143,0.17285714285714282
held_out_subject,loso_chb03,chb03,random_forest,raw,7,0.6000000000000001,0.7000000000000001,1,0.64,0.0,0.64
held_out_subject,loso_chb03,chb03,random_forest,raw,8,0.7000000000000001,0.8,5,0.7539999999999999,0.0,0.7539999999999999
held_out_subject,loso_chb03,chb03,random_forest,raw,9,0.8,0.9,0,,,
held_out_subject,loso_chb03,chb03,random_forest,raw,10,0.9,1.0,0,,,
held_out_subject,loso_chb03,chb03,random_forest,sigmoid,1,0.0,0.1,23370,0.024265497391973083,0.053401797175866496,0.029136299783893413
held_out_subject,loso_chb03,chb03,random_forest,sigmoid,2,0.1,0.2,17,0.11974586773096133,0.47058823529411764,0.35084236756315634
held_out_subject,loso_chb03,chb03,random_forest,sigmoid,3,0.2,0.30000000000000004,0,,,
held_out_subject,loso_chb03,chb03,random_forest,sigmoid,4,0.30000000000000004,0.4,0,,,
held_out_subject,loso_chb03,chb03,random_forest,sigmoid,5,0.4,0.5,0,,,
held_out_subject,loso_chb03,chb03,random_forest,sigmoid,6,0.5,0.6000000000000001,0,,,
held_out_subject,loso_chb03,chb03,random_forest,sigmoid,7,0.6000000000000001,0.7000000000000001,0,,,
held_out_subject,loso_chb03,chb03,random_forest,sigmoid,8,0.7000000000000001,0.8,0,,,
held_out_subject,loso_chb03,chb03,random_forest,sigmoid,9,0.8,0.9,0,,,
held_out_subject,loso_chb03,chb03,random_forest,sigmoid,10,0.9,1.0,0,,,
held_out_subject,loso_chb03,chb03,random_forest,isotonic,1,0.0,0.1,23343,0.01920796741369293,0.05286381356295249,0.033655846149259566
held_out_subject,loso_chb03,chb03,random_forest,isotonic,2,0.1,0.2,27,0.16570743631754473,0.5185185185185185,0.3528110822009738
held_out_subject,loso_chb03,chb03,random_forest,isotonic,3,0.2,0.30000000000000004,10,0.2075657894736842,0.7,0.49243421052631575
held_out_subject,loso_chb03,chb03,random_forest,isotonic,4,0.30000000000000004,0.4,1,0.36,1.0,0.64
held_out_subject,loso_chb03,chb03,random_forest,isotonic,5,0.4,0.5,0,,,
held_out_subject,loso_chb03,chb03,random_forest,isotonic,6,0.5,0.6000000000000001,0,,,
held_out_subject,loso_chb03,chb03,random_forest,isotonic,7,0.6000000000000001,0.7000000000000001,1,0.625,0.0,0.625
held_out_subject,loso_chb03,chb03,random_forest,isotonic,8,0.7000000000000001,0.8,0,,,
held_out_subject,loso_chb03,chb03,random_forest,isotonic,9,0.8,0.9,0,,,
held_out_subject,loso_chb03,chb03,random_forest,isotonic,10,0.9,1.0,5,1.0,0.0,1.0
held_out_subject,loso_chb03,chb03,lightgbm,raw,1,0.0,0.1,17913,0.019447082751544238,0.041589906771618376,0.02214282402007414
held_out_subject,loso_chb03,chb03,lightgbm,raw,2,0.1,0.2,1957,0.14330222339125115,0.0633622892181911,0.07993993417306004
held_out_subject,loso_chb03,chb03,lightgbm,raw,3,0.2,0.30000000000000004,947,0.2452988125908512,0.08130939809926083,0.16398941449159038
held_out_subject,loso_chb03,chb03,lightgbm,raw,4,0.30000000000000004,0.4,712,0.34671685114134543,0.08567415730337079,0.2610426938379746
held_out_subject,loso_chb03,chb03,lightgbm,raw,5,0.4,0.5,572,0.4490490961737334,0.08041958041958042,0.368629515754153
held_out_subject,loso_chb03,chb03,lightgbm,raw,6,0.5,0.6000000000000001,497,0.5494681676684687,0.1267605633802817,0.42270760428818704
held_out_subject,loso_chb03,chb03,lightgbm,raw,7,0.6000000000000001,0.7000000000000001,356,0.648724992234028,0.10674157303370786,0.5419834192003201
held_out_subject,loso_chb03,chb03,lightgbm,raw,8,0.7000000000000001,0.8,251,0.7458467998879612,0.17928286852589642,0.5665639313620647
held_out_subject,loso_chb03,chb03,lightgbm,raw,9,0.8,0.9,139,0.8473879527419372,0.2733812949640288,0.5740066577779084
held_out_subject,loso_chb03,chb03,lightgbm,raw,10,0.9,1.0,43,0.9379014553467218,0.4418604651162791,0.4960409902304427
held_out_subject,loso_chb03,chb03,lightgbm,sigmoid,1,0.0,0.1,23247,0.006674288806103598,0.0519206779369381,0.0452463891308345
held_out_subject,loso_chb03,chb03,lightgbm,sigmoid,2,0.1,0.2,120,0.12894989777394478,0.35,0.2210501022260552
held_out_subject,loso_chb03,chb03,lightgbm,sigmoid,3,0.2,0.30000000000000004,8,0.22669971175855305,0.375,0.14830028824144695
held_out_subject,loso_chb03,chb03,lightgbm,sigmoid,4,0.30000000000000004,0.4,11,0.3508550048420587,0.36363636363636365,0.01278135879430492
held_out_subject,loso_chb03,chb03,lightgbm,sigmoid,5,0.4,0.5,1,0.4060210409640955,0.0,0.4060210409640955
held_out_subject,loso_chb03,chb03,lightgbm,sigmoid,6,0.5,0.6000000000000001,0,,,
held_out_subject,loso_chb03,chb03,lightgbm,sigmoid,7,0.6000000000000001,0.7000000000000001,0,,,
held_out_subject,loso_chb03,chb03,lightgbm,sigmoid,8,0.7000000000000001,0.8,0,,,
held_out_subject,loso_chb03,chb03,lightgbm,sigmoid,9,0.8,0.9,0,,,
held_out_subject,loso_chb03,chb03,lightgbm,sigmoid,10,0.9,1.0,0,,,
held_out_subject,loso_chb03,chb03,lightgbm,isotonic,1,0.0,0.1,23352,0.00782386120154828,0.05314319972593354,0.04531933852438526
held_out_subject,loso_chb03,chb03,lightgbm,isotonic,2,0.1,0.2,14,0.12022848646680422,0.5714285714285714,0.45120008496176717
held_out_subject,loso_chb03,chb03,lightgbm,isotonic,3,0.2,0.30000000000000004,3,0.2338709677419355,0.0,0.2338709677419355
held_out_subject,loso_chb03,chb03,lightgbm,isotonic,4,0.30000000000000004,0.4,5,0.32519291721945437,0.4,0.07480708278054565
held_out_subject,loso_chb03,chb03,lightgbm,isotonic,5,0.4,0.5,0,,,
held_out_subject,loso_chb03,chb03,lightgbm,isotonic,6,0.5,0.6000000000000001,0,,,
held_out_subject,loso_chb03,chb03,lightgbm,isotonic,7,0.6000000000000001,0.7000000000000001,0,,,
held_out_subject,loso_chb03,chb03,lightgbm,isotonic,8,0.7000000000000001,0.8,1,0.7037037037037037,1.0,0.2962962962962963
held_out_subject,loso_chb03,chb03,lightgbm,isotonic,9,0.8,0.9,0,,,
held_out_subject,loso_chb03,chb03,lightgbm,isotonic,10,0.9,1.0,12,0.9583333333333331,0.3333333333333333,0.6249999999999998
held_out_subject,loso_chb05,chb05,logistic_regression,raw,1,0.0,0.1,710,0.0686315967208478,0.0676056338028169,0.0010259629180309066
held_out_subject,loso_chb05,chb05,logistic_regression,raw,2,0.1,0.2,2867,0.1588043623747228,0.028950122078828043,0.12985424029589476
held_out_subject,loso_chb05,chb05,logistic_regression,raw,3,0.2,0.30000000000000004,6536,0.2537712194309179,0.021113831089351286,0.23265738834156663
held_out_subject,loso_chb05,chb05,logistic_regression,raw,4,0.30000000000000004,0.4,6538,0.34626479915146957,0.02401345977363108,0.3222513393778385
held_out_subject,loso_chb05,chb05,logistic_regression,raw,5,0.4,0.5,3882,0.44458913426739716,0.03554868624420402,0.4090404480231931
held_out_subject,loso_chb05,chb05,logistic_regression,raw,6,0.5,0.6000000000000001,2105,0.5444927438576934,0.04560570071258908,0.49888704314510435
held_out_subject,loso_chb05,chb05,logistic_regression,raw,7,0.6000000000000001,0.7000000000000001,1132,0.6459156365792733,0.05918727915194346,0.5867283574273299
held_out_subject,loso_chb05,chb05,logistic_regression,raw,8,0.7000000000000001,0.8,692,0.7456649210823171,0.06791907514450866,0.6777458459378084
held_out_subject,loso_chb05,chb05,logistic_regression,raw,9,0.8,0.9,392,0.8440432120580974,0.12244897959183673,0.7215942324662606
held_out_subject,loso_chb05,chb05,logistic_regression,raw,10,0.9,1.0,337,0.9638929657554529,0.6201780415430267,0.3437149242124262
held_out_subject,loso_chb05,chb05,logistic_regression,sigmoid,1,0.0,0.1,24594,0.024357100687484777,0.0320809953647231,0.007723894677238323
held_out_subject,loso_chb05,chb05,logistic_regression,sigmoid,2,0.1,0.2,351,0.13263428988794954,0.17094017094017094,0.03830588105222141
held_out_subject,loso_chb05,chb05,logistic_regression,sigmoid,3,0.2,0.30000000000000004,76,0.24031793700540563,0.40789473684210525,0.16757679983669962
held_out_subject,loso_chb05,chb05,logistic_regression,sigmoid,4,0.30000000000000004,0.4,25,0.34012574240766147,0.44,0.09987425759233853
held_out_subject,loso_chb05,chb05,logistic_regression,sigmoid,5,0.4,0.5,13,0.44120371857087254,0.9230769230769231,0.4818732045060506
held_out_subject,loso_chb05,chb05,logistic_regression,sigmoid,6,0.5,0.6000000000000001,17,0.5471126519762773,0.7647058823529411,0.21759323037666378
held_out_subject,loso_chb05,chb05,logistic_regression,sigmoid,7,0.6000000000000001,0.7000000000000001,9,0.6517992778664233,1.0,0.34820072213357667
held_out_subject,loso_chb05,chb05,logistic_regression,sigmoid,8,0.7000000000000001,0.8,11,0.7369627297927956,1.0,0.26303727020720435
held_out_subject,loso_chb05,chb05,logistic_regression,sigmoid,9,0.8,0.9,20,0.8490981181917597,1.0,0.15090188180824027
held_out_subject,loso_chb05,chb05,logistic_regression,sigmoid,10,0.9,1.0,75,0.9707632372218217,1.0,0.029236762778178327
held_out_subject,loso_chb05,chb05,logistic_regression,isotonic,1,0.0,0.1,24306,0.027668489950213572,0.031432568090183494,0.0037640781399699216
held_out_subject,loso_chb05,chb05,logistic_regression,isotonic,2,0.1,0.2,599,0.11082028287936957,0.11185308848080133,0.0010328056014317633
held_out_subject,loso_chb05,chb05,logistic_regression,isotonic,3,0.2,0.30000000000000004,40,0.2301295016629205,0.45,0.2198704983370795
held_out_subject,loso_chb05,chb05,logistic_regression,isotonic,4,0.30000000000000004,0.4,2,0.3333333333333333,0.0,0.3333333333333333
held_out_subject,loso_chb05,chb05,logistic_regression,isotonic,5,0.4,0.5,26,0.45534378257966224,0.38461538461538464,0.0707283979642776
held_out_subject,loso_chb05,chb05,logistic_regression,isotonic,6,0.5,0.6000000000000001,34,0.5695702747668808,0.4117647058823529,0.1578055688845279
held_out_subject,loso_chb05,chb05,logistic_regression,isotonic,7,0.6000000000000001,0.7000000000000001,0,,,
held_out_subject,loso_chb05,chb05,logistic_regression,isotonic,8,0.7000000000000001,0.8,36,0.7208812456916583,0.4722222222222222,0.24865902346943614
held_out_subject,loso_chb05,chb05,logistic_regression,isotonic,9,0.8,0.9,5,0.8333333333333334,0.6,0.2333333333333334
held_out_subject,loso_chb05,chb05,logistic_regression,isotonic,10,0.9,1.0,143,0.966823873800618,0.965034965034965,0.0017889087656529634
held_out_subject,loso_chb05,chb05,random_forest,raw,1,0.0,0.1,19454,0.02426853089338954,0.03192145574174977,0.007652924848360228
held_out_subject,loso_chb05,chb05,random_forest,raw,2,0.1,0.2,2434,0.13414133114215285,0.07025472473294987,0.06388660640920298
held_out_subject,loso_chb05,chb05,random_forest,raw,3,0.2,0.30000000000000004,1191,0.24612930310663306,0.05709487825356843,0.18903442485306463
held_out_subject,loso_chb05,chb05,random_forest,raw,4,0.30000000000000004,0.4,667,0.34761619190404797,0.07196401799100449,0.2756521739130435
held_out_subject,loso_chb05,chb05,random_forest,raw,5,0.4,0.5,566,0.4436219081272085,0.053003533568904596,0.3906183745583039
held_out_subject,loso_chb05,chb05,random_forest,raw,6,0.5,0.6000000000000001,473,0.5457505285412262,0.07822410147991543,0.46752642706131076
held_out_subject,loso_chb05,chb05,random_forest,raw,7,0.6000000000000001,0.7000000000000001,211,0.6486729857819904,0.11374407582938388,0.5349289099526066
held_out_subject,loso_chb05,chb05,random_forest,raw,8,0.7000000000000001,0.8,107,0.7475700934579439,0.17757009345794392,0.57
held_out_subject,loso_chb05,chb05,random_forest,raw,9,0.8,0.9,64,0.8375,0.171875,0.665625
held_out_subject,loso_chb05,chb05,random_forest,raw,10,0.9,1.0,24,0.9270833333333334,0.08333333333333333,0.84375
held_out_subject,loso_chb05,chb05,random_forest,sigmoid,1,0.0,0.1,25171,0.040074026400383767,0.040920106471733345,0.0008460800713495781
held_out_subject,loso_chb05,chb05,random_forest,sigmoid,2,0.1,0.2,20,0.10664131735767975,0.05,0.056641317357679744
held_out_subject,loso_chb05,chb05,random_forest,sigmoid,3,0.2,0.30000000000000004,0,,,
held_out_subject,loso_chb05,chb05,random_forest,sigmoid,4,0.30000000000000004,0.4,0,,,
held_out_subject,loso_chb05,chb05,random_forest,sigmoid,5,0.4,0.5,0,,,
held_out_subject,loso_chb05,chb05,random_forest,sigmoid,6,0.5,0.6000000000000001,0,,,
held_out_subject,loso_chb05,chb05,random_forest,sigmoid,7,0.6000000000000001,0.7000000000000001,0,,,
held_out_subject,loso_chb05,chb05,random_forest,sigmoid,8,0.7000000000000001,0.8,0,,,
held_out_subject,loso_chb05,chb05,random_forest,sigmoid,9,0.8,0.9,0,,,
held_out_subject,loso_chb05,chb05,random_forest,sigmoid,10,0.9,1.0,0,,,
held_out_subject,loso_chb05,chb05,random_forest,isotonic,1,0.0,0.1,23746,0.03085150216625298,0.038238019034784805,0.0073865168685318255
held_out_subject,loso_chb05,chb05,random_forest,isotonic,2,0.1,0.2,233,0.1385652973635806,0.060085836909871244,0.07847946045370935
held_out_subject,loso_chb05,chb05,random_forest,isotonic,3,0.2,0.30000000000000004,834,0.24663666059274805,0.06594724220623502,0.18068941838651303
held_out_subject,loso_chb05,chb05,random_forest,isotonic,4,0.30000000000000004,0.4,0,,,
held_out_subject,loso_chb05,chb05,random_forest,isotonic,5,0.4,0.5,0,,,
held_out_subject,loso_chb05,chb05,random_forest,isotonic,6,0.5,0.6000000000000001,0,,,
held_out_subject,loso_chb05,chb05,random_forest,isotonic,7,0.6000000000000001,0.7000000000000001,290,0.6645454545454547,0.1413793103448276,0.523166144200627
held_out_subject,loso_chb05,chb05,random_forest,isotonic,8,0.7000000000000001,0.8,28,0.7777777777777779,0.25,0.5277777777777779
held_out_subject,loso_chb05,chb05,random_forest,isotonic,9,0.8,0.9,6,0.7999999999999999,0.16666666666666666,0.6333333333333333
held_out_subject,loso_chb05,chb05,random_forest,isotonic,10,0.9,1.0,54,0.9668615984405456,0.09259259259259259,0.8742690058479531
held_out_subject,loso_chb05,chb05,lightgbm,raw,1,0.0,0.1,10749,0.04318382054538667,0.02065308400781468,0.02253073653757199
held_out_subject,loso_chb05,chb05,lightgbm,raw,2,0.1,0.2,4044,0.14447593841413917,0.02695351137487636,0.1175224270392628
held_out_subject,loso_chb05,chb05,lightgbm,raw,3,0.2,0.30000000000000004,2226,0.2458216269302321,0.06154537286612758,0.18427625406410453
held_out_subject,loso_chb05,chb05,lightgbm,raw,4,0.30000000000000004,0.4,1440,0.3470034439127742,0.06875,0.2782534439127742
held_out_subject,loso_chb05,chb05,lightgbm,raw,5,0.4,0.5,1117,0.44780060965156054,0.048343777976723366,0.3994568316748372
held_out_subject,loso_chb05,chb05,lightgbm,raw,6,0.5,0.6000000000000001,905,0.5496464627984232,0.06077348066298342,0.4888729821354398
held_out_subject,loso_chb05,chb05,lightgbm,raw,7,0.6000000000000001,0.7000000000000001,856,0.6499331417081239,0.0689252336448598,0.5810079080632641
held_out_subject,loso_chb05,chb05,lightgbm,raw,8,0.7000000000000001,0.8,1011,0.7511391602809363,0.06429277942631058,0.6868463808546257
held_out_subject,loso_chb05,chb05,lightgbm,raw,9,0.8,0.9,1467,0.8534825655465634,0.06952965235173825,0.7839529131948252
held_out_subject,loso_chb05,chb05,lightgbm,raw,10,0.9,1.0,1376,0.9429707457453665,0.09375,0.8492207457453665
held_out_subject,loso_chb05,chb05,lightgbm,sigmoid,1,0.0,0.1,22128,0.024808121136573675,0.035701373825018076,0.010893252688444401
held_out_subject,loso_chb05,chb05,lightgbm,sigmoid,2,0.1,0.2,2353,0.13961460373438786,0.06459838504037399,0.07501621869401387
held_out_subject,loso_chb05,chb05,lightgbm,sigmoid,3,0.2,0.30000000000000004,517,0.23653613920135313,0.11218568665377177,0.12435045254758137
held_out_subject,loso_chb05,chb05,lightgbm,sigmoid,4,0.30000000000000004,0.4,139,0.3433395235483011,0.22302158273381295,0.12031794081448816
held_out_subject,loso_chb05,chb05,lightgbm,sigmoid,5,0.4,0.5,51,0.44005267491581745,0.0,0.44005267491581745
held_out_subject,loso_chb05,chb05,lightgbm,sigmoid,6,0.5,0.6000000000000001,3,0.5211910031206776,0.0,0.5211910031206776
held_out_subject,loso_chb05,chb05,lightgbm,sigmoid,7,0.6000000000000001,0.7000000000000001,0,,,
held_out_subject,loso_chb05,chb05,lightgbm,sigmoid,8,0.7000000000000001,0.8,0,,,
held_out_subject,loso_chb05,chb05,lightgbm,sigmoid,9,0.8,0.9,0,,,
held_out_subject,loso_chb05,chb05,lightgbm,sigmoid,10,0.9,1.0,0,,,
held_out_subject,loso_chb05,chb05,lightgbm,isotonic,1,0.0,0.1,22912,0.026266678488174443,0.036749301675977654,0.01048262318780321
held_out_subject,loso_chb05,chb05,lightgbm,isotonic,2,0.1,0.2,1226,0.12055237574328295,0.06606851549755302,0.05448386024572993
held_out_subject,loso_chb05,chb05,lightgbm,isotonic,3,0.2,0.30000000000000004,32,0.2855834190518277,0.09375,0.1918334190518277
held_out_subject,loso_chb05,chb05,lightgbm,isotonic,4,0.30000000000000004,0.4,472,0.3474177003744903,0.046610169491525424,0.3008075308829649
held_out_subject,loso_chb05,chb05,lightgbm,isotonic,5,0.4,0.5,79,0.455749914348923,0.06329113924050633,0.39245877510841665
held_out_subject,loso_chb05,chb05,lightgbm,isotonic,6,0.5,0.6000000000000001,231,0.5919903627248073,0.16017316017316016,0.43181720255164713
held_out_subject,loso_chb05,chb05,lightgbm,isotonic,7,0.6000000000000001,0.7000000000000001,7,0.6609334131738894,0.14285714285714285,0.5180762703167465
held_out_subject,loso_chb05,chb05,lightgbm,isotonic,8,0.7000000000000001,0.8,100,0.7834574285844486,0.21,0.5734574285844486
held_out_subject,loso_chb05,chb05,lightgbm,isotonic,9,0.8,0.9,87,0.8682547829490566,0.21839080459770116,0.6498639783513553
held_out_subject,loso_chb05,chb05,lightgbm,isotonic,10,0.9,1.0,45,0.9571259622437274,0.0,0.9571259622437274
held_out_subject,loso_chb08,chb08,logistic_regression,raw,1,0.0,0.1,236,0.01466699018003988,0.07203389830508475,0.05736690812504487
held_out_subject,loso_chb08,chb08,logistic_regression,raw,2,0.1,0.2,95,0.15525460874969788,0.22105263157894736,0.06579802282924949
held_out_subject,loso_chb08,chb08,logistic_regression,raw,3,0.2,0.30000000000000004,402,0.2644248803035243,0.15422885572139303,0.11019602458213126
held_out_subject,loso_chb08,chb08,logistic_regression,raw,4,0.30000000000000004,0.4,4071,0.36366973383169854,0.026774748219110783,0.33689498561258774
held_out_subject,loso_chb08,chb08,logistic_regression,raw,5,0.4,0.5,6645,0.4483105402044913,0.024981188863807374,0.42332935134068395
held_out_subject,loso_chb08,chb08,logistic_regression,raw,6,0.5,0.6000000000000001,5581,0.5485122075405945,0.03888192080272353,0.5096302867378709
held_out_subject,loso_chb08,chb08,logistic_regression,raw,7,0.6000000000000001,0.7000000000000001,4320,0.6471474969234365,0.046064814814814815,0.6010826821086217
held_out_subject,loso_chb08,chb08,logistic_regression,raw,8,0.7000000000000001,0.8,2606,0.7430489199408808,0.06830391404451266,0.6747450058963682
held_out_subject,loso_chb08,chb08,logistic_regression,raw,9,0.8,0.9,919,0.8409008073082617,0.08705114254624592,0.7538496647620158
held_out_subject,loso_chb08,chb08,logistic_regression,raw,10,0.9,1.0,311,0.9537069356652883,0.5241157556270096,0.4295911800382787
held_out_subject,loso_chb08,chb08,logistic_regression,sigmoid,1,0.0,0.1,24966,0.032416600743736826,0.04253785147801009,0.010121250734273265
held_out_subject,loso_chb08,chb08,logistic_regression,sigmoid,2,0.1,0.2,110,0.12998559220249267,0.4,0.27001440779750735
held_out_subject,loso_chb08,chb08,logistic_regression,sigmoid,3,0.2,0.30000000000000004,31,0.2499584060842514,0.8709677419354839,0.6210093358512325
held_out_subject,loso_chb08,chb08,logistic_regression,sigmoid,4,0.30000000000000004,0.4,33,0.34834869595877394,1.0,0.6516513040412261
held_out_subject,loso_chb08,chb08,logistic_regression,sigmoid,5,0.4,0.5,20,0.44428399154355136,1.0,0.5557160084564486
held_out_subject,loso_chb08,chb08,logistic_regression,sigmoid,6,0.5,0.6000000000000001,16,0.5547072182409665,1.0,0.44529278175903353
held_out_subject,loso_chb08,chb08,logistic_regression,sigmoid,7,0.6000000000000001,0.7000000000000001,7,0.6461805771894159,1.0,0.3538194228105841
held_out_subject,loso_chb08,chb08,logistic_regression,sigmoid,8,0.7000000000000001,0.8,3,0.7292000556940366,1.0,0.27079994430596344
held_out_subject,loso_chb08,chb08,logistic_regression,sigmoid,9,0.8,0.9,0,,,
held_out_subject,loso_chb08,chb08,logistic_regression,sigmoid,10,0.9,1.0,0,,,
held_out_subject,loso_chb08,chb08,logistic_regression,isotonic,1,0.0,0.1,25033,0.02978395673913185,0.043063156633244115,0.013279199894112265
held_out_subject,loso_chb08,chb08,logistic_regression,isotonic,2,0.1,0.2,10,0.15999999999999998,0.6,0.44
held_out_subject,loso_chb08,chb08,logistic_regression,isotonic,3,0.2,0.30000000000000004,5,0.26373579312323486,0.6,0.3362642068767651
held_out_subject,loso_chb08,chb08,logistic_regression,isotonic,4,0.30000000000000004,0.4,19,0.35247208931419455,0.6842105263157895,0.33173843700159494
held_out_subject,loso_chb08,chb08,logistic_regression,isotonic,5,0.4,0.5,23,0.4148869183190182,0.7391304347826086,0.32424351646359045
held_out_subject,loso_chb08,chb08,logistic_regression,isotonic,6,0.5,0.6000000000000001,4,0.520046554466042,0.75,0.22995344553395802
held_out_subject,loso_chb08,chb08,logistic_regression,isotonic,7,0.6000000000000001,0.7000000000000001,13,0.6368054574869813,1.0,0.36319454251301875
held_out_subject,loso_chb08,chb08,logistic_regression,isotonic,8,0.7000000000000001,0.8,1,0.7581272680402834,1.0,0.2418727319597166
held_out_subject,loso_chb08,chb08,logistic_regression,isotonic,9,0.8,0.9,5,0.8194994722884174,1.0,0.18050052771158265
held_out_subject,loso_chb08,chb08,logistic_regression,isotonic,10,0.9,1.0,73,0.9531595227574018,1.0,0.04684047724259821
held_out_subject,loso_chb08,chb08,random_forest,raw,1,0.0,0.1,22898,0.02387675779544065,0.03764520918857542,0.013768451393134769
held_out_subject,loso_chb08,chb08,random_forest,raw,2,0.1,0.2,1692,0.1334160756501182,0.07919621749408984,0.05421985815602837
held_out_subject,loso_chb08,chb08,random_forest,raw,3,0.2,0.30000000000000004,354,0.24152542372881355,0.2401129943502825,0.0014124293785310604
held_out_subject,loso_chb08,chb08,random_forest,raw,4,0.30000000000000004,0.4,124,0.3431451612903226,0.3709677419354839,0.0278225806451613
held_out_subject,loso_chb08,chb08,random_forest,raw,5,0.4,0.5,69,0.43768115942028984,0.6086956521739131,0.17101449275362324
held_out_subject,loso_chb08,chb08,random_forest,raw,6,0.5,0.6000000000000001,27,0.5351851851851852,0.7777777777777778,0.24259259259259258
held_out_subject,loso_chb08,chb08,random_forest,raw,7,0.6000000000000001,0.7000000000000001,12,0.6608333333333333,1.0,0.3391666666666667
held_out_subject,loso_chb08,chb08,random_forest,raw,8,0.7000000000000001,0.8,4,0.7575000000000001,1.0,0.24249999999999994
held_out_subject,loso_chb08,chb08,random_forest,raw,9,0.8,0.9,6,0.8333333333333334,1.0,0.16666666666666663
held_out_subject,loso_chb08,chb08,random_forest,raw,10,0.9,1.0,0,,,
held_out_subject,loso_chb08,chb08,random_forest,sigmoid,1,0.0,0.1,25186,0.03055561614078761,0.04812197252441833,0.017566356383630716
held_out_subject,loso_chb08,chb08,random_forest,sigmoid,2,0.1,0.2,0,,,
held_out_subject,loso_chb08,chb08,random_forest,sigmoid,3,0.2,0.30000000000000004,0,,,
held_out_subject,loso_chb08,chb08,random_forest,sigmoid,4,0.30000000000000004,0.4,0,,,
held_out_subject,loso_chb08,chb08,random_forest,sigmoid,5,0.4,0.5,0,,,
held_out_subject,loso_chb08,chb08,random_forest,sigmoid,6,0.5,0.6000000000000001,0,,,
held_out_subject,loso_chb08,chb08,random_forest,sigmoid,7,0.6000000000000001,0.7000000000000001,0,,,
held_out_subject,loso_chb08,chb08,random_forest,sigmoid,8,0.7000000000000001,0.8,0,,,
held_out_subject,loso_chb08,chb08,random_forest,sigmoid,9,0.8,0.9,0,,,
held_out_subject,loso_chb08,chb08,random_forest,sigmoid,10,0.9,1.0,0,,,
held_out_subject,loso_chb08,chb08,random_forest,isotonic,1,0.0,0.1,25119,0.02480422442625837,0.04598112982204706,0.02117690539578869
held_out_subject,loso_chb08,chb08,random_forest,isotonic,2,0.1,0.2,44,0.13610758322610558,0.7727272727272727,0.6366196895011671
held_out_subject,loso_chb08,chb08,random_forest,isotonic,3,0.2,0.30000000000000004,6,0.24561403508771926,1.0,0.7543859649122807
held_out_subject,loso_chb08,chb08,random_forest,isotonic,4,0.30000000000000004,0.4,0,,,
held_out_subject,loso_chb08,chb08,random_forest,isotonic,5,0.4,0.5,0,,,
held_out_subject,loso_chb08,chb08,random_forest,isotonic,6,0.5,0.6000000000000001,5,0.5,1.0,0.5
held_out_subject,loso_chb08,chb08,random_forest,isotonic,7,0.6000000000000001,0.7000000000000001,2,0.6666666666666666,1.0,0.33333333333333337
held_out_subject,loso_chb08,chb08,random_forest,isotonic,8,0.7000000000000001,0.8,2,0.7142857142857143,1.0,0.2857142857142857
held_out_subject,loso_chb08,chb08,random_forest,isotonic,9,0.8,0.9,0,,,
held_out_subject,loso_chb08,chb08,random_forest,isotonic,10,0.9,1.0,8,1.0,1.0,0.0
held_out_subject,loso_chb08,chb08,lightgbm,raw,1,0.0,0.1,6197,0.05739122076393712,0.040342101016620946,0.017049119747316176
held_out_subject,loso_chb08,chb08,lightgbm,raw,2,0.1,0.2,6649,0.14699123166883277,0.031433298240336895,0.11555793342849588
held_out_subject,loso_chb08,chb08,lightgbm,raw,3,0.2,0.30000000000000004,4346,0.24592013806643725,0.03313391624482283,0.21278622182161444
held_out_subject,loso_chb08,chb08,lightgbm,raw,4,0.30000000000000004,0.4,2985,0.34721535526774505,0.037520938023450585,0.3096944172442945
held_out_subject,loso_chb08,chb08,lightgbm,raw,5,0.4,0.5,1984,0.44831676522122355,0.05594758064516129,0.39236918457606224
held_out_subject,loso_chb08,chb08,lightgbm,raw,6,0.5,0.6000000000000001,1358,0.5446922175420695,0.053019145802650956,0.4916730717394186
held_out_subject,loso_chb08,chb08,lightgbm,raw,7,0.6000000000000001,0.7000000000000001,813,0.6452989173397154,0.08364083640836409,0.5616580809313514
held_out_subject,loso_chb08,chb08,lightgbm,raw,8,0.7000000000000001,0.8,418,0.7474922938727971,0.1507177033492823,0.5967745905235149
held_out_subject,loso_chb08,chb08,lightgbm,raw,9,0.8,0.9,289,0.848875364049655,0.2560553633217993,0.5928200007278557
held_out_subject,loso_chb08,chb08,lightgbm,raw,10,0.9,1.0,147,0.937271371949715,0.7414965986394558,0.19577477331025916
held_out_subject,loso_chb08,chb08,lightgbm,sigmoid,1,0.0,0.1,25150,0.025936546968406884,0.0468389662027833,0.020902419234376416
held_out_subject,loso_chb08,chb08,lightgbm,sigmoid,2,0.1,0.2,36,0.11446353497984799,0.9444444444444444,0.8299809094645965
held_out_subject,loso_chb08,chb08,lightgbm,sigmoid,3,0.2,0.30000000000000004,0,,,
held_out_subject,loso_chb08,chb08,lightgbm,sigmoid,4,0.30000000000000004,0.4,0,,,
held_out_subject,loso_chb08,chb08,lightgbm,sigmoid,5,0.4,0.5,0,,,
held_out_subject,loso_chb08,chb08,lightgbm,sigmoid,6,0.5,0.6000000000000001,0,,,
held_out_subject,loso_chb08,chb08,lightgbm,sigmoid,7,0.6000000000000001,0.7000000000000001,0,,,
held_out_subject,loso_chb08,chb08,lightgbm,sigmoid,8,0.7000000000000001,0.8,0,,,
held_out_subject,loso_chb08,chb08,lightgbm,sigmoid,9,0.8,0.9,0,,,
held_out_subject,loso_chb08,chb08,lightgbm,sigmoid,10,0.9,1.0,0,,,
held_out_subject,loso_chb08,chb08,lightgbm,isotonic,1,0.0,0.1,25092,0.023919208678110718,0.04503427387215048,0.021115065194039766
held_out_subject,loso_chb08,chb08,lightgbm,isotonic,2,0.1,0.2,42,0.11023159773268248,0.8095238095238095,0.6992922117911271
held_out_subject,loso_chb08,chb08,lightgbm,isotonic,3,0.2,0.30000000000000004,14,0.27777777777777773,0.8571428571428571,0.5793650793650793
held_out_subject,loso_chb08,chb08,lightgbm,isotonic,4,0.30000000000000004,0.4,1,0.32214938589187553,1.0,0.6778506141081244
held_out_subject,loso_chb08,chb08,lightgbm,isotonic,5,0.4,0.5,1,0.41411320994690315,1.0,0.5858867900530969
held_out_subject,loso_chb08,chb08,lightgbm,isotonic,6,0.5,0.6000000000000001,0,,,
held_out_subject,loso_chb08,chb08,lightgbm,isotonic,7,0.6000000000000001,0.7000000000000001,18,0.6956521739130435,0.8888888888888888,0.19323671497584538
held_out_subject,loso_chb08,chb08,lightgbm,isotonic,8,0.7000000000000001,0.8,0,,,
held_out_subject,loso_chb08,chb08,lightgbm,isotonic,9,0.8,0.9,0,,,
held_out_subject,loso_chb08,chb08,lightgbm,isotonic,10,0.9,1.0,18,0.9509803921568627,1.0,0.0490196078431373
