theta,gamma,evaluation_mode,fold_id,fold_subject_id,test_hours,model,model_label,policy,threshold,calibration_method,persistence_requirement_windows,stability_threshold,cluster_cooldown_seconds,authorized_windows,authorization_rate,authorization_windows_per_hour,false_authorization_windows,false_authorization_windows_per_hour,positive_authorization_rate,window_level_sensitivity,mean_s_t_authorized,authorization_clusters,false_authorization_clusters,median_authorization_cluster_duration_seconds,authorization_clusters_per_hour,false_authorization_clusters_per_hour,seizure_events,events_with_authorization,pre_onset_authorizations,event_level_coverage,median_lead_time_seconds,median_latency_seconds
0.1,0.0,within_subject_chronological,within_chb01,chb01,6.552222222222222,lightgbm,LightGBM,Fixed threshold,0.1,raw,1,,0.0,1405,0.1192193466270683,214.4310666440563,1067,162.8455146684755,0.2405693950177936,0.8492462311557789,0.652535949043433,386,371,6.0,58.911310836018316,56.62201119213159,2,2,2,1.0,299.5,-299.5
0.1,0.0,within_subject_chronological,within_chb01,chb01,6.552222222222222,lightgbm,LightGBM,Temporal persistence,0.1,raw,2,,0.0,898,0.07619855748833262,137.05273868068508,596,90.96150585043242,0.3363028953229399,0.7587939698492462,0.6795657015590201,265,232,6.0,40.44429370866542,35.40783449211463,2,2,2,1.0,299.5,-299.5
0.1,0.0,within_subject_chronological,within_chb01,chb01,6.552222222222222,lightgbm,LightGBM,Full governed policy,0.1,isotonic,2,0.0,0.0,215,0.01824352991090369,32.81329489570968,93,14.193657792097676,0.5674418604651162,0.3065326633165829,0.6952380952380952,88,60,4.0,13.430557910802102,9.157198575546888,2,2,2,1.0,289.5,-289.5
0.1,0.25,within_subject_chronological,within_chb01,chb01,6.552222222222222,lightgbm,LightGBM,Fixed threshold,0.1,raw,1,,0.0,1405,0.1192193466270683,214.4310666440563,1067,162.8455146684755,0.2405693950177936,0.8492462311557789,0.652535949043433,386,371,6.0,58.911310836018316,56.62201119213159,2,2,2,1.0,299.5,-299.5
0.1,0.25,within_subject_chronological,within_chb01,chb01,6.552222222222222,lightgbm,LightGBM,Temporal persistence,0.1,raw,2,,0.0,898,0.07619855748833262,137.05273868068508,596,90.96150585043242,0.3363028953229399,0.7587939698492462,0.6795657015590201,265,232,6.0,40.44429370866542,35.40783449211463,2,2,2,1.0,299.5,-299.5
0.1,0.25,within_subject_chronological,within_chb01,chb01,6.552222222222222,lightgbm,LightGBM,Full governed policy,0.1,isotonic,2,0.25,0.0,207,0.017564700890963087,31.592335085636762,90,13.735797863320332,0.5652173913043478,0.29396984924623115,0.7124453646192777,85,59,4.0,12.972697982024759,9.004578599287774,2,2,2,1.0,289.5,-289.5
0.1,0.4,within_subject_chronological,within_chb01,chb01,6.552222222222222,lightgbm,LightGBM,Fixed threshold,0.1,raw,1,,0.0,1405,0.1192193466270683,214.4310666440563,1067,162.8455146684755,0.2405693950177936,0.8492462311557789,0.652535949043433,386,371,6.0,58.911310836018316,56.62201119213159,2,2,2,1.0,299.5,-299.5
0.1,0.4,within_subject_chronological,within_chb01,chb01,6.552222222222222,lightgbm,LightGBM,Temporal persistence,0.1,raw,2,,0.0,898,0.07619855748833262,137.05273868068508,596,90.96150585043242,0.3363028953229399,0.7587939698492462,0.6795657015590201,265,232,6.0,40.44429370866542,35.40783449211463,2,2,2,1.0,299.5,-299.5
0.1,0.4,within_subject_chronological,within_chb01,chb01,6.552222222222222,lightgbm,LightGBM,Full governed policy,0.1,isotonic,2,0.4,0.0,207,0.017564700890963087,31.592335085636762,90,13.735797863320332,0.5652173913043478,0.29396984924623115,0.7124453646192777,85,59,4.0,12.972697982024759,9.004578599287774,2,2,2,1.0,289.5,-289.5
0.1,0.67,within_subject_chronological,within_chb01,chb01,6.552222222222222,lightgbm,LightGBM,Fixed threshold,0.1,raw,1,,0.0,1405,0.1192193466270683,214.4310666440563,1067,162.8455146684755,0.2405693950177936,0.8492462311557789,0.652535949043433,386,371,6.0,58.911310836018316,56.62201119213159,2,2,2,1.0,299.5,-299.5
0.1,0.67,within_subject_chronological,within_chb01,chb01,6.552222222222222,lightgbm,LightGBM,Temporal persistence,0.1,raw,2,,0.0,898,0.07619855748833262,137.05273868068508,596,90.96150585043242,0.3363028953229399,0.7587939698492462,0.6795657015590201,265,232,6.0,40.44429370866542,35.40783449211463,2,2,2,1.0,299.5,-299.5
0.1,0.67,within_subject_chronological,within_chb01,chb01,6.552222222222222,lightgbm,LightGBM,Full governed policy,0.1,isotonic,2,0.67,0.0,57,0.004836656767076793,8.699338646769544,14,2.1366796676276074,0.7543859649122807,0.10804020100502512,1.0,33,13,4.0,5.036459216550789,1.9840596913684925,2,2,2,1.0,279.5,-279.5
0.2,0.0,within_subject_chronological,within_chb01,chb01,6.552222222222222,lightgbm,LightGBM,Fixed threshold,0.2,raw,1,,0.0,1045,0.08867204072974119,159.48787519077496,741,113.09140240800407,0.2909090909090909,0.7638190954773869,0.65672130149599,312,290,6.0,47.61743259284382,44.25979311514329,2,2,2,1.0,299.5,-299.5
0.2,0.0,within_subject_chronological,within_chb01,chb01,6.552222222222222,lightgbm,LightGBM,Temporal persistence,0.2,raw,2,,0.0,635,0.05388205345778532,96.9136849245379,377,57.53773104968628,0.4062992125984252,0.6482412060301508,0.6913948256467942,214,174,6.0,32.660674919450564,26.555875869085977,2,2,2,1.0,299.5,-299.5
0.2,0.0,within_subject_chronological,within_chb01,chb01,6.552222222222222,lightgbm,LightGBM,Full governed policy,0.2,isotonic,2,0.0,0.0,100,0.00848536274925753,15.26199762591148,21,3.2050195014414107,0.79,0.1984924623115578,0.7326190476190477,26,15,4.0,3.968119382736985,2.289299643886722,2,2,2,1.0,250.5,-250.5
0.2,0.25,within_subject_chronological,within_chb01,chb01,6.552222222222222,lightgbm,LightGBM,Fixed threshold,0.2,raw,1,,0.0,1045,0.08867204072974119,159.48787519077496,741,113.09140240800407,0.2909090909090909,0.7638190954773869,0.65672130149599,312,290,6.0,47.61743259284382,44.25979311514329,2,2,2,1.0,299.5,-299.5
0.2,0.25,within_subject_chronological,within_chb01,chb01,6.552222222222222,lightgbm,LightGBM,Temporal persistence,0.2,raw,2,,0.0,635,0.05388205345778532,96.9136849245379,377,57.53773104968628,0.4062992125984252,0.6482412060301508,0.6913948256467942,214,174,6.0,32.660674919450564,26.555875869085977,2,2,2,1.0,299.5,-299.5
0.2,0.25,within_subject_chronological,within_chb01,chb01,6.552222222222222,lightgbm,LightGBM,Full governed policy,0.2,isotonic,2,0.25,0.0,98,0.00831565549427238,14.95675767339325,21,3.2050195014414107,0.7857142857142857,0.1934673366834171,0.7424684159378038,26,15,4.0,3.968119382736985,2.289299643886722,2,2,2,1.0,250.5,-250.5
0.2,0.4,within_subject_chronological,within_chb01,chb01,6.552222222222222,lightgbm,LightGBM,Fixed threshold,0.2,raw,1,,0.0,1045,0.08867204072974119,159.48787519077496,741,113.09140240800407,0.2909090909090909,0.7638190954773869,0.65672130149599,312,290,6.0,47.61743259284382,44.25979311514329,2,2,2,1.0,299.5,-299.5
0.2,0.4,within_subject_chronological,within_chb01,chb01,6.552222222222222,lightgbm,LightGBM,Temporal persistence,0.2,raw,2,,0.0,635,0.05388205345778532,96.9136849245379,377,57.53773104968628,0.4062992125984252,0.6482412060301508,0.6913948256467942,214,174,6.0,32.660674919450564,26.555875869085977,2,2,2,1.0,299.5,-299.5
0.2,0.4,within_subject_chronological,within_chb01,chb01,6.552222222222222,lightgbm,LightGBM,Full governed policy,0.2,isotonic,2,0.4,0.0,98,0.00831565549427238,14.95675767339325,21,3.2050195014414107,0.7857142857142857,0.1934673366834171,0.7424684159378038,26,15,4.0,3.968119382736985,2.289299643886722,2,2,2,1.0,250.5,-250.5
0.2,0.67,within_subject_chronological,within_chb01,chb01,6.552222222222222,lightgbm,LightGBM,Fixed threshold,0.2,raw,1,,0.0,1045,0.08867204072974119,159.48787519077496,741,113.09140240800407,0.2909090909090909,0.7638190954773869,0.65672130149599,312,290,6.0,47.61743259284382,44.25979311514329,2,2,2,1.0,299.5,-299.5
0.2,0.67,within_subject_chronological,within_chb01,chb01,6.552222222222222,lightgbm,LightGBM,Temporal persistence,0.2,raw,2,,0.0,635,0.05388205345778532,96.9136849245379,377,57.53773104968628,0.4062992125984252,0.6482412060301508,0.6913948256467942,214,174,6.0,32.660674919450564,26.555875869085977,2,2,2,1.0,299.5,-299.5
0.2,0.67,within_subject_chronological,within_chb01,chb01,6.552222222222222,lightgbm,LightGBM,Full governed policy,0.2,isotonic,2,0.67,0.0,33,0.002800169707254985,5.036459216550789,3,0.4578599287773444,0.9090909090909091,0.07537688442211055,1.0,12,3,4.0,1.8314397151093775,0.4578599287773444,2,2,2,1.0,196.5,-196.5
0.3,0.0,within_subject_chronological,within_chb01,chb01,6.552222222222222,lightgbm,LightGBM,Fixed threshold,0.3,raw,1,,0.0,872,0.07399236317352567,133.0846192979481,596,90.96150585043242,0.3165137614678899,0.6934673366834171,0.6558143349188126,274,242,6.0,41.81787349499746,36.93403425470578,2,2,2,1.0,298.5,-298.5
0.3,0.0,within_subject_chronological,within_chb01,chb01,6.552222222222222,lightgbm,LightGBM,Temporal persistence,0.3,raw,2,,0.0,518,0.04395417904115401,79.05714770222147,297,45.3281329489571,0.4266409266409266,0.5552763819095478,0.6909588159588159,186,143,5.0,28.387315584195353,21.824656605053416,2,2,2,1.0,294.5,-294.5
0.3,0.0,within_subject_chronological,within_chb01,chb01,6.552222222222222,lightgbm,LightGBM,Full governed policy,0.3,isotonic,2,0.0,0.0,85,0.007212558336868901,12.972697982024759,13,1.9840596913684925,0.8470588235294118,0.18090452261306533,0.7485994397759104,17,11,4.0,2.594539596404952,1.6788197388502628,2,2,1,1.0,3.5,-3.5
0.3,0.25,within_subject_chronological,within_chb01,chb01,6.552222222222222,lightgbm,LightGBM,Fixed threshold,0.3,raw,1,,0.0,872,0.07399236317352567,133.0846192979481,596,90.96150585043242,0.3165137614678899,0.6934673366834171,0.6558143349188126,274,242,6.0,41.81787349499746,36.93403425470578,2,2,2,1.0,298.5,-298.5
0.3,0.25,within_subject_chronological,within_chb01,chb01,6.552222222222222,lightgbm,LightGBM,Temporal persistence,0.3,raw,2,,0.0,518,0.04395417904115401,79.05714770222147,297,45.3281329489571,0.4266409266409266,0.5552763819095478,0.6909588159588159,186,143,5.0,28.387315584195353,21.824656605053416,2,2,2,1.0,294.5,-294.5
0.3,0.25,within_subject_chronological,within_chb01,chb01,6.552222222222222,lightgbm,LightGBM,Full governed policy,0.3,isotonic,2,0.25,0.0,84,0.007127704709376326,12.820078005765643,13,1.9840596913684925,0.8452380952380952,0.17839195979899497,0.7545351473922901,17,11,4.0,2.594539596404952,1.6788197388502628,2,2,1,1.0,3.5,-3.5
0.3,0.4,within_subject_chronological,within_chb01,chb01,6.552222222222222,lightgbm,LightGBM,Fixed threshold,0.3,raw,1,,0.0,872,0.07399236317352567,133.0846192979481,596,90.96150585043242,0.3165137614678899,0.6934673366834171,0.6558143349188126,274,242,6.0,41.81787349499746,36.93403425470578,2,2,2,1.0,298.5,-298.5
0.3,0.4,within_subject_chronological,within_chb01,chb01,6.552222222222222,lightgbm,LightGBM,Temporal persistence,0.3,raw,2,,0.0,518,0.04395417904115401,79.05714770222147,297,45.3281329489571,0.4266409266409266,0.5552763819095478,0.6909588159588159,186,143,5.0,28.387315584195353,21.824656605053416,2,2,2,1.0,294.5,-294.5
0.3,0.4,within_subject_chronological,within_chb01,chb01,6.552222222222222,lightgbm,LightGBM,Full governed policy,0.3,isotonic,2,0.4,0.0,84,0.007127704709376326,12.820078005765643,13,1.9840596913684925,0.8452380952380952,0.17839195979899497,0.7545351473922901,17,11,4.0,2.594539596404952,1.6788197388502628,2,2,1,1.0,3.5,-3.5
0.3,0.67,within_subject_chronological,within_chb01,chb01,6.552222222222222,lightgbm,LightGBM,Fixed threshold,0.3,raw,1,,0.0,872,0.07399236317352567,133.0846192979481,596,90.96150585043242,0.3165137614678899,0.6934673366834171,0.6558143349188126,274,242,6.0,41.81787349499746,36.93403425470578,2,2,2,1.0,298.5,-298.5
0.3,0.67,within_subject_chronological,within_chb01,chb01,6.552222222222222,lightgbm,LightGBM,Temporal persistence,0.3,raw,2,,0.0,518,0.04395417904115401,79.05714770222147,297,45.3281329489571,0.4266409266409266,0.5552763819095478,0.6909588159588159,186,143,5.0,28.387315584195353,21.824656605053416,2,2,2,1.0,294.5,-294.5
0.3,0.67,within_subject_chronological,within_chb01,chb01,6.552222222222222,lightgbm,LightGBM,Full governed policy,0.3,isotonic,2,0.67,0.0,30,0.002545608824777259,4.578599287773444,2,0.3052399525182296,0.9333333333333333,0.07035175879396985,1.0,9,2,4.0,1.3735797863320331,0.3052399525182296,2,2,0,1.0,-15.5,15.5
0.4,0.0,within_subject_chronological,within_chb01,chb01,6.552222222222222,lightgbm,LightGBM,Fixed threshold,0.4,raw,1,,0.0,725,0.0615188799321171,110.64948278785823,474,72.34186874682041,0.34620689655172415,0.6306532663316583,0.6560718670525301,246,209,6.0,37.54451415974224,31.897575038154994,2,2,2,1.0,298.5,-298.5
0.4,0.0,within_subject_chronological,within_chb01,chb01,6.552222222222222,lightgbm,LightGBM,Temporal persistence,0.4,raw,2,,0.0,409,0.0347051336444633,62.42157028997795,216,32.9659148719688,0.4718826405867971,0.4849246231155779,0.6892828035859822,157,113,4.0,23.961336272681024,17.246057317279973,2,2,2,1.0,294.5,-294.5
0.4,0.0,within_subject_chronological,within_chb01,chb01,6.552222222222222,lightgbm,LightGBM,Full governed policy,0.4,isotonic,2,0.0,0.0,77,0.006533729316928299,11.751738171951839,10,1.526199762591148,0.8701298701298701,0.16834170854271358,0.7546382189239331,12,8,4.0,1.8314397151093775,1.2209598100729184,2,2,1,1.0,0.5,-0.5
0.4,0.25,within_subject_chronological,within_chb01,chb01,6.552222222222222,lightgbm,LightGBM,Fixed threshold,0.4,raw,1,,0.0,725,0.0615188799321171,110.64948278785823,474,72.34186874682041,0.34620689655172415,0.6306532663316583,0.6560718670525301,246,209,6.0,37.54451415974224,31.897575038154994,2,2,2,1.0,298.5,-298.5
0.4,0.25,within_subject_chronological,within_chb01,chb01,6.552222222222222,lightgbm,LightGBM,Temporal persistence,0.4,raw,2,,0.0,409,0.0347051336444633,62.42157028997795,216,32.9659148719688,0.4718826405867971,0.4849246231155779,0.6892828035859822,157,113,4.0,23.961336272681024,17.246057317279973,2,2,2,1.0,294.5,-294.5
0.4,0.25,within_subject_chronological,within_chb01,chb01,6.552222222222222,lightgbm,LightGBM,Full governed policy,0.4,isotonic,2,0.25,0.0,76,0.0064488756894357235,11.599118195692725,10,1.526199762591148,0.868421052631579,0.1658291457286432,0.7612781954887217,12,8,4.0,1.8314397151093775,1.2209598100729184,2,2,1,1.0,0.5,-0.5
0.4,0.4,within_subject_chronological,within_chb01,chb01,6.552222222222222,lightgbm,LightGBM,Fixed threshold,0.4,raw,1,,0.0,725,0.0615188799321171,110.64948278785823,474,72.34186874682041,0.34620689655172415,0.6306532663316583,0.6560718670525301,246,209,6.0,37.54451415974224,31.897575038154994,2,2,2,1.0,298.5,-298.5
0.4,0.4,within_subject_chronological,within_chb01,chb01,6.552222222222222,lightgbm,LightGBM,Temporal persistence,0.4,raw,2,,0.0,409,0.0347051336444633,62.42157028997795,216,32.9659148719688,0.4718826405867971,0.4849246231155779,0.6892828035859822,157,113,4.0,23.961336272681024,17.246057317279973,2,2,2,1.0,294.5,-294.5
0.4,0.4,within_subject_chronological,within_chb01,chb01,6.552222222222222,lightgbm,LightGBM,Full governed policy,0.4,isotonic,2,0.4,0.0,76,0.0064488756894357235,11.599118195692725,10,1.526199762591148,0.868421052631579,0.1658291457286432,0.7612781954887217,12,8,4.0,1.8314397151093775,1.2209598100729184,2,2,1,1.0,0.5,-0.5
0.4,0.67,within_subject_chronological,within_chb01,chb01,6.552222222222222,lightgbm,LightGBM,Fixed threshold,0.4,raw,1,,0.0,725,0.0615188799321171,110.64948278785823,474,72.34186874682041,0.34620689655172415,0.6306532663316583,0.6560718670525301,246,209,6.0,37.54451415974224,31.897575038154994,2,2,2,1.0,298.5,-298.5
0.4,0.67,within_subject_chronological,within_chb01,chb01,6.552222222222222,lightgbm,LightGBM,Temporal persistence,0.4,raw,2,,0.0,409,0.0347051336444633,62.42157028997795,216,32.9659148719688,0.4718826405867971,0.4849246231155779,0.6892828035859822,157,113,4.0,23.961336272681024,17.246057317279973,2,2,2,1.0,294.5,-294.5
0.4,0.67,within_subject_chronological,within_chb01,chb01,6.552222222222222,lightgbm,LightGBM,Full governed policy,0.4,isotonic,2,0.67,0.0,28,0.0023759015697921086,4.273359335255215,1,0.1526199762591148,0.9642857142857143,0.0678391959798995,1.0,7,1,4.0,1.0683398338138037,0.1526199762591148,2,2,0,1.0,-19.5,19.5
0.5,0.0,within_subject_chronological,within_chb01,chb01,6.552222222222222,lightgbm,LightGBM,Fixed threshold,0.5,raw,1,,0.0,618,0.05243954179041154,94.31914532813295,392,59.827030693573,0.3656957928802589,0.5678391959798995,0.6533598312366546,224,182,6.0,34.18687468204172,27.776835679158893,2,2,2,1.0,298.5,-298.5
0.5,0.0,within_subject_chronological,within_chb01,chb01,6.552222222222222,lightgbm,LightGBM,Temporal persistence,0.5,raw,2,,0.0,333,0.028256257955027578,50.822452094285225,167,25.48753603527217,0.4984984984984985,0.41708542713567837,0.6927999427999428,133,95,4.0,20.29845684246227,14.498897744615906,2,2,2,1.0,294.5,-294.5
0.5,0.0,within_subject_chronological,within_chb01,chb01,6.552222222222222,lightgbm,LightGBM,Full governed policy,0.5,isotonic,2,0.0,0.0,60,0.005091217649554518,9.157198575546888,2,0.3052399525182296,0.9666666666666667,0.1457286432160804,0.772420634920635,6,2,13.0,0.9157198575546888,0.3052399525182296,2,2,0,1.0,-18.5,18.5
0.5,0.25,within_subject_chronological,within_chb01,chb01,6.552222222222222,lightgbm,LightGBM,Fixed threshold,0.5,raw,1,,0.0,618,0.05243954179041154,94.31914532813295,392,59.827030693573,0.3656957928802589,0.5678391959798995,0.6533598312366546,224,182,6.0,34.18687468204172,27.776835679158893,2,2,2,1.0,298.5,-298.5
0.5,0.25,within_subject_chronological,within_chb01,chb01,6.552222222222222,lightgbm,LightGBM,Temporal persistence,0.5,raw,2,,0.0,333,0.028256257955027578,50.822452094285225,167,25.48753603527217,0.4984984984984985,0.41708542713567837,0.6927999427999428,133,95,4.0,20.29845684246227,14.498897744615906,2,2,2,1.0,294.5,-294.5
0.5,0.25,within_subject_chronological,within_chb01,chb01,6.552222222222222,lightgbm,LightGBM,Full governed policy,0.5,isotonic,2,0.25,0.0,59,0.0050063640220619435,9.004578599287774,2,0.3052399525182296,0.9661016949152542,0.14321608040201006,0.7812752219531881,6,2,13.0,0.9157198575546888,0.3052399525182296,2,2,0,1.0,-18.5,18.5
0.5,0.4,within_subject_chronological,within_chb01,chb01,6.552222222222222,lightgbm,LightGBM,Fixed threshold,0.5,raw,1,,0.0,618,0.05243954179041154,94.31914532813295,392,59.827030693573,0.3656957928802589,0.5678391959798995,0.6533598312366546,224,182,6.0,34.18687468204172,27.776835679158893,2,2,2,1.0,298.5,-298.5
0.5,0.4,within_subject_chronological,within_chb01,chb01,6.552222222222222,lightgbm,LightGBM,Temporal persistence,0.5,raw,2,,0.0,333,0.028256257955027578,50.822452094285225,167,25.48753603527217,0.4984984984984985,0.41708542713567837,0.6927999427999428,133,95,4.0,20.29845684246227,14.498897744615906,2,2,2,1.0,294.5,-294.5
0.5,0.4,within_subject_chronological,within_chb01,chb01,6.552222222222222,lightgbm,LightGBM,Full governed policy,0.5,isotonic,2,0.4,0.0,59,0.0050063640220619435,9.004578599287774,2,0.3052399525182296,0.9661016949152542,0.14321608040201006,0.7812752219531881,6,2,13.0,0.9157198575546888,0.3052399525182296,2,2,0,1.0,-18.5,18.5
0.5,0.67,within_subject_chronological,within_chb01,chb01,6.552222222222222,lightgbm,LightGBM,Fixed threshold,0.5,raw,1,,0.0,618,0.05243954179041154,94.31914532813295,392,59.827030693573,0.3656957928802589,0.5678391959798995,0.6533598312366546,224,182,6.0,34.18687468204172,27.776835679158893,2,2,2,1.0,298.5,-298.5
0.5,0.67,within_subject_chronological,within_chb01,chb01,6.552222222222222,lightgbm,LightGBM,Temporal persistence,0.5,raw,2,,0.0,333,0.028256257955027578,50.822452094285225,167,25.48753603527217,0.4984984984984985,0.41708542713567837,0.6927999427999428,133,95,4.0,20.29845684246227,14.498897744615906,2,2,2,1.0,294.5,-294.5
0.5,0.67,within_subject_chronological,within_chb01,chb01,6.552222222222222,lightgbm,LightGBM,Full governed policy,0.5,isotonic,2,0.67,0.0,26,0.002206194314806958,3.968119382736985,0,0.0,1.0,0.06532663316582915,1.0,5,0,8.0,0.763099881295574,0.0,2,2,0,1.0,-19.5,19.5
0.6,0.0,within_subject_chronological,within_chb01,chb01,6.552222222222222,lightgbm,LightGBM,Fixed threshold,0.6,raw,1,,0.0,516,0.04378447178616886,78.75190774970324,312,47.61743259284382,0.3953488372093023,0.5125628140703518,0.6488519032208352,192,147,6.0,29.30303544175004,22.435136510089876,2,2,2,1.0,298.5,-298.5
0.6,0.0,within_subject_chronological,within_chb01,chb01,6.552222222222222,lightgbm,LightGBM,Temporal persistence,0.6,raw,2,,0.0,272,0.023080186677980483,41.51263354247923,128,19.535356961166695,0.5294117647058824,0.36180904522613067,0.6961221988795518,117,80,4.0,17.856537222316433,12.209598100729185,2,2,2,1.0,294.5,-294.5
0.6,0.0,within_subject_chronological,within_chb01,chb01,6.552222222222222,lightgbm,LightGBM,Full governed policy,0.6,isotonic,2,0.0,0.0,60,0.005091217649554518,9.157198575546888,2,0.3052399525182296,0.9666666666666667,0.1457286432160804,0.772420634920635,6,2,13.0,0.9157198575546888,0.3052399525182296,2,2,0,1.0,-18.5,18.5
0.6,0.25,within_subject_chronological,within_chb01,chb01,6.552222222222222,lightgbm,LightGBM,Fixed threshold,0.6,raw,1,,0.0,516,0.04378447178616886,78.75190774970324,312,47.61743259284382,0.3953488372093023,0.5125628140703518,0.6488519032208352,192,147,6.0,29.30303544175004,22.435136510089876,2,2,2,1.0,298.5,-298.5
0.6,0.25,within_subject_chronological,within_chb01,chb01,6.552222222222222,lightgbm,LightGBM,Temporal persistence,0.6,raw,2,,0.0,272,0.023080186677980483,41.51263354247923,128,19.535356961166695,0.5294117647058824,0.36180904522613067,0.6961221988795518,117,80,4.0,17.856537222316433,12.209598100729185,2,2,2,1.0,294.5,-294.5
0.6,0.25,within_subject_chronological,within_chb01,chb01,6.552222222222222,lightgbm,LightGBM,Full governed policy,0.6,isotonic,2,0.25,0.0,59,0.0050063640220619435,9.004578599287774,2,0.3052399525182296,0.9661016949152542,0.14321608040201006,0.7812752219531881,6,2,13.0,0.9157198575546888,0.3052399525182296,2,2,0,1.0,-18.5,18.5
0.6,0.4,within_subject_chronological,within_chb01,chb01,6.552222222222222,lightgbm,LightGBM,Fixed threshold,0.6,raw,1,,0.0,516,0.04378447178616886,78.75190774970324,312,47.61743259284382,0.3953488372093023,0.5125628140703518,0.6488519032208352,192,147,6.0,29.30303544175004,22.435136510089876,2,2,2,1.0,298.5,-298.5
0.6,0.4,within_subject_chronological,within_chb01,chb01,6.552222222222222,lightgbm,LightGBM,Temporal persistence,0.6,raw,2,,0.0,272,0.023080186677980483,41.51263354247923,128,19.535356961166695,0.5294117647058824,0.36180904522613067,0.6961221988795518,117,80,4.0,17.856537222316433,12.209598100729185,2,2,2,1.0,294.5,-294.5
0.6,0.4,within_subject_chronological,within_chb01,chb01,6.552222222222222,lightgbm,LightGBM,Full governed policy,0.6,isotonic,2,0.4,0.0,59,0.0050063640220619435,9.004578599287774,2,0.3052399525182296,0.9661016949152542,0.14321608040201006,0.7812752219531881,6,2,13.0,0.9157198575546888,0.3052399525182296,2,2,0,1.0,-18.5,18.5
0.6,0.67,within_subject_chronological,within_chb01,chb01,6.552222222222222,lightgbm,LightGBM,Fixed threshold,0.6,raw,1,,0.0,516,0.04378447178616886,78.75190774970324,312,47.61743259284382,0.3953488372093023,0.5125628140703518,0.6488519032208352,192,147,6.0,29.30303544175004,22.435136510089876,2,2,2,1.0,298.5,-298.5
0.6,0.67,within_subject_chronological,within_chb01,chb01,6.552222222222222,lightgbm,LightGBM,Temporal persistence,0.6,raw,2,,0.0,272,0.023080186677980483,41.51263354247923,128,19.535356961166695,0.5294117647058824,0.36180904522613067,0.6961221988795518,117,80,4.0,17.856537222316433,12.209598100729185,2,2,2,1.0,294.5,-294.5
0.6,0.67,within_subject_chronological,within_chb01,chb01,6.552222222222222,lightgbm,LightGBM,Full governed policy,0.6,isotonic,2,0.67,0.0,26,0.002206194314806958,3.968119382736985,0,0.0,1.0,0.06532663316582915,1.0,5,0,8.0,0.763099881295574,0.0,2,2,0,1.0,-19.5,19.5
0.7,0.0,within_subject_chronological,within_chb01,chb01,6.552222222222222,lightgbm,LightGBM,Fixed threshold,0.7,raw,1,,0.0,412,0.034959694526941025,62.879430218755296,238,36.32355434966932,0.4223300970873786,0.4371859296482412,0.6511219248445526,153,114,6.0,23.350856367644564,17.398677293539087,2,2,2,1.0,298.5,-298.5
0.7,0.0,within_subject_chronological,within_chb01,chb01,6.552222222222222,lightgbm,LightGBM,Temporal persistence,0.7,raw,2,,0.0,211,0.01790411540093339,32.202814990673225,91,13.888417839579446,0.5687203791469194,0.3015075376884422,0.6980365605958024,85,58,4.0,12.972697982024759,8.851958623028658,2,2,2,1.0,289.5,-289.5
0.7,0.0,within_subject_chronological,within_chb01,chb01,6.552222222222222,lightgbm,LightGBM,Full governed policy,0.7,isotonic,2,0.0,0.0,59,0.0050063640220619435,9.004578599287774,1,0.1526199762591148,0.9830508474576272,0.1457286432160804,0.7742130750605327,5,1,16.0,0.763099881295574,0.1526199762591148,2,2,0,1.0,-18.5,18.5
0.7,0.25,within_subject_chronological,within_chb01,chb01,6.552222222222222,lightgbm,LightGBM,Fixed threshold,0.7,raw,1,,0.0,412,0.034959694526941025,62.879430218755296,238,36.32355434966932,0.4223300970873786,0.4371859296482412,0.6511219248445526,153,114,6.0,23.350856367644564,17.398677293539087,2,2,2,1.0,298.5,-298.5
0.7,0.25,within_subject_chronological,within_chb01,chb01,6.552222222222222,lightgbm,LightGBM,Temporal persistence,0.7,raw,2,,0.0,211,0.01790411540093339,32.202814990673225,91,13.888417839579446,0.5687203791469194,0.3015075376884422,0.6980365605958024,85,58,4.0,12.972697982024759,8.851958623028658,2,2,2,1.0,289.5,-289.5
0.7,0.25,within_subject_chronological,within_chb01,chb01,6.552222222222222,lightgbm,LightGBM,Full governed policy,0.7,isotonic,2,0.25,0.0,58,0.004921510394569368,8.851958623028658,1,0.1526199762591148,0.9827586206896551,0.14321608040201006,0.7832512315270935,5,1,16.0,0.763099881295574,0.1526199762591148,2,2,0,1.0,-18.5,18.5
0.7,0.4,within_subject_chronological,within_chb01,chb01,6.552222222222222,lightgbm,LightGBM,Fixed threshold,0.7,raw,1,,0.0,412,0.034959694526941025,62.879430218755296,238,36.32355434966932,0.4223300970873786,0.4371859296482412,0.6511219248445526,153,114,6.0,23.350856367644564,17.398677293539087,2,2,2,1.0,298.5,-298.5
0.7,0.4,within_subject_chronological,within_chb01,chb01,6.552222222222222,lightgbm,LightGBM,Temporal persistence,0.7,raw,2,,0.0,211,0.01790411540093339,32.202814990673225,91,13.888417839579446,0.5687203791469194,0.3015075376884422,0.6980365605958024,85,58,4.0,12.972697982024759,8.851958623028658,2,2,2,1.0,289.5,-289.5
0.7,0.4,within_subject_chronological,within_chb01,chb01,6.552222222222222,lightgbm,LightGBM,Full governed policy,0.7,isotonic,2,0.4,0.0,58,0.004921510394569368,8.851958623028658,1,0.1526199762591148,0.9827586206896551,0.14321608040201006,0.7832512315270935,5,1,16.0,0.763099881295574,0.1526199762591148,2,2,0,1.0,-18.5,18.5
0.7,0.67,within_subject_chronological,within_chb01,chb01,6.552222222222222,lightgbm,LightGBM,Fixed threshold,0.7,raw,1,,0.0,412,0.034959694526941025,62.879430218755296,238,36.32355434966932,0.4223300970873786,0.4371859296482412,0.6511219248445526,153,114,6.0,23.350856367644564,17.398677293539087,2,2,2,1.0,298.5,-298.5
0.7,0.67,within_subject_chronological,within_chb01,chb01,6.552222222222222,lightgbm,LightGBM,Temporal persistence,0.7,raw,2,,0.0,211,0.01790411540093339,32.202814990673225,91,13.888417839579446,0.5687203791469194,0.3015075376884422,0.6980365605958024,85,58,4.0,12.972697982024759,8.851958623028658,2,2,2,1.0,289.5,-289.5
0.7,0.67,within_subject_chronological,within_chb01,chb01,6.552222222222222,lightgbm,LightGBM,Full governed policy,0.7,isotonic,2,0.67,0.0,26,0.002206194314806958,3.968119382736985,0,0.0,1.0,0.06532663316582915,1.0,5,0,8.0,0.763099881295574,0.0,2,2,0,1.0,-19.5,19.5
0.8,0.0,within_subject_chronological,within_chb01,chb01,6.552222222222222,lightgbm,LightGBM,Fixed threshold,0.8,raw,1,,0.0,323,0.027407721680101825,49.29625233169408,169,25.7927759877904,0.47678018575851394,0.3869346733668342,0.646196884550922,126,91,4.0,19.230117008648463,13.888417839579446,2,2,2,1.0,295.5,-295.5
0.8,0.0,within_subject_chronological,within_chb01,chb01,6.552222222222222,lightgbm,LightGBM,Temporal persistence,0.8,raw,2,,0.0,163,0.013831141281289774,24.87705613023571,56,8.54671867051043,0.656441717791411,0.26884422110552764,0.7104878761320479,58,37,4.0,8.851958623028658,5.6469391215872475,2,2,2,1.0,259.5,-259.5
0.8,0.0,within_subject_chronological,within_chb01,chb01,6.552222222222222,lightgbm,LightGBM,Full governed policy,0.8,isotonic,2,0.0,0.0,59,0.0050063640220619435,9.004578599287774,1,0.1526199762591148,0.9830508474576272,0.1457286432160804,0.7742130750605327,5,1,16.0,0.763099881295574,0.1526199762591148,2,2,0,1.0,-18.5,18.5
0.8,0.25,within_subject_chronological,within_chb01,chb01,6.552222222222222,lightgbm,LightGBM,Fixed threshold,0.8,raw,1,,0.0,323,0.027407721680101825,49.29625233169408,169,25.7927759877904,0.47678018575851394,0.3869346733668342,0.646196884550922,126,91,4.0,19.230117008648463,13.888417839579446,2,2,2,1.0,295.5,-295.5
0.8,0.25,within_subject_chronological,within_chb01,chb01,6.552222222222222,lightgbm,LightGBM,Temporal persistence,0.8,raw,2,,0.0,163,0.013831141281289774,24.87705613023571,56,8.54671867051043,0.656441717791411,0.26884422110552764,0.7104878761320479,58,37,4.0,8.851958623028658,5.6469391215872475,2,2,2,1.0,259.5,-259.5
0.8,0.25,within_subject_chronological,within_chb01,chb01,6.552222222222222,lightgbm,LightGBM,Full governed policy,0.8,isotonic,2,0.25,0.0,58,0.004921510394569368,8.851958623028658,1,0.1526199762591148,0.9827586206896551,0.14321608040201006,0.7832512315270935,5,1,16.0,0.763099881295574,0.1526199762591148,2,2,0,1.0,-18.5,18.5
0.8,0.4,within_subject_chronological,within_chb01,chb01,6.552222222222222,lightgbm,LightGBM,Fixed threshold,0.8,raw,1,,0.0,323,0.027407721680101825,49.29625233169408,169,25.7927759877904,0.47678018575851394,0.3869346733668342,0.646196884550922,126,91,4.0,19.230117008648463,13.888417839579446,2,2,2,1.0,295.5,-295.5
0.8,0.4,within_subject_chronological,within_chb01,chb01,6.552222222222222,lightgbm,LightGBM,Temporal persistence,0.8,raw,2,,0.0,163,0.013831141281289774,24.87705613023571,56,8.54671867051043,0.656441717791411,0.26884422110552764,0.7104878761320479,58,37,4.0,8.851958623028658,5.6469391215872475,2,2,2,1.0,259.5,-259.5
0.8,0.4,within_subject_chronological,within_chb01,chb01,6.552222222222222,lightgbm,LightGBM,Full governed policy,0.8,isotonic,2,0.4,0.0,58,0.004921510394569368,8.851958623028658,1,0.1526199762591148,0.9827586206896551,0.14321608040201006,0.7832512315270935,5,1,16.0,0.763099881295574,0.1526199762591148,2,2,0,1.0,-18.5,18.5
0.8,0.67,within_subject_chronological,within_chb01,chb01,6.552222222222222,lightgbm,LightGBM,Fixed threshold,0.8,raw,1,,0.0,323,0.027407721680101825,49.29625233169408,169,25.7927759877904,0.47678018575851394,0.3869346733668342,0.646196884550922,126,91,4.0,19.230117008648463,13.888417839579446,2,2,2,1.0,295.5,-295.5
0.8,0.67,within_subject_chronological,within_chb01,chb01,6.552222222222222,lightgbm,LightGBM,Temporal persistence,0.8,raw,2,,0.0,163,0.013831141281289774,24.87705613023571,56,8.54671867051043,0.656441717791411,0.26884422110552764,0.7104878761320479,58,37,4.0,8.851958623028658,5.6469391215872475,2,2,2,1.0,259.5,-259.5
0.8,0.67,within_subject_chronological,within_chb01,chb01,6.552222222222222,lightgbm,LightGBM,Full governed policy,0.8,isotonic,2,0.67,0.0,26,0.002206194314806958,3.968119382736985,0,0.0,1.0,0.06532663316582915,1.0,5,0,8.0,0.763099881295574,0.0,2,2,0,1.0,-19.5,19.5
0.9,0.0,within_subject_chronological,within_chb01,chb01,6.552222222222222,lightgbm,LightGBM,Fixed threshold,0.9,raw,1,,0.0,210,0.017819261773440814,32.05019501441411,90,13.735797863320332,0.5714285714285714,0.3015075376884422,0.6646730462519937,87,62,4.0,13.277937934542988,9.462438528065118,2,2,2,1.0,295.5,-295.5
0.9,0.0,within_subject_chronological,within_chb01,chb01,6.552222222222222,lightgbm,LightGBM,Temporal persistence,0.9,raw,2,,0.0,105,0.008909630886720407,16.025097507207054,22,3.3576394777005256,0.7904761904761904,0.20854271356783918,0.7294784580498865,30,16,4.0,4.578599287773444,2.441919620145837,2,2,2,1.0,251.5,-251.5
0.9,0.0,within_subject_chronological,within_chb01,chb01,6.552222222222222,lightgbm,LightGBM,Full governed policy,0.9,isotonic,2,0.0,0.0,59,0.0050063640220619435,9.004578599287774,1,0.1526199762591148,0.9830508474576272,0.1457286432160804,0.7742130750605327,5,1,16.0,0.763099881295574,0.1526199762591148,2,2,0,1.0,-18.5,18.5
0.9,0.25,within_subject_chronological,within_chb01,chb01,6.552222222222222,lightgbm,LightGBM,Fixed threshold,0.9,raw,1,,0.0,210,0.017819261773440814,32.05019501441411,90,13.735797863320332,0.5714285714285714,0.3015075376884422,0.6646730462519937,87,62,4.0,13.277937934542988,9.462438528065118,2,2,2,1.0,295.5,-295.5
0.9,0.25,within_subject_chronological,within_chb01,chb01,6.552222222222222,lightgbm,LightGBM,Temporal persistence,0.9,raw,2,,0.0,105,0.008909630886720407,16.025097507207054,22,3.3576394777005256,0.7904761904761904,0.20854271356783918,0.7294784580498865,30,16,4.0,4.578599287773444,2.441919620145837,2,2,2,1.0,251.5,-251.5
0.9,0.25,within_subject_chronological,within_chb01,chb01,6.552222222222222,lightgbm,LightGBM,Full governed policy,0.9,isotonic,2,0.25,0.0,58,0.004921510394569368,8.851958623028658,1,0.1526199762591148,0.9827586206896551,0.14321608040201006,0.7832512315270935,5,1,16.0,0.763099881295574,0.1526199762591148,2,2,0,1.0,-18.5,18.5
0.9,0.4,within_subject_chronological,within_chb01,chb01,6.552222222222222,lightgbm,LightGBM,Fixed threshold,0.9,raw,1,,0.0,210,0.017819261773440814,32.05019501441411,90,13.735797863320332,0.5714285714285714,0.3015075376884422,0.6646730462519937,87,62,4.0,13.277937934542988,9.462438528065118,2,2,2,1.0,295.5,-295.5
0.9,0.4,within_subject_chronological,within_chb01,chb01,6.552222222222222,lightgbm,LightGBM,Temporal persistence,0.9,raw,2,,0.0,105,0.008909630886720407,16.025097507207054,22,3.3576394777005256,0.7904761904761904,0.20854271356783918,0.7294784580498865,30,16,4.0,4.578599287773444,2.441919620145837,2,2,2,1.0,251.5,-251.5
0.9,0.4,within_subject_chronological,within_chb01,chb01,6.552222222222222,lightgbm,LightGBM,Full governed policy,0.9,isotonic,2,0.4,0.0,58,0.004921510394569368,8.851958623028658,1,0.1526199762591148,0.9827586206896551,0.14321608040201006,0.7832512315270935,5,1,16.0,0.763099881295574,0.1526199762591148,2,2,0,1.0,-18.5,18.5
0.9,0.67,within_subject_chronological,within_chb01,chb01,6.552222222222222,lightgbm,LightGBM,Fixed threshold,0.9,raw,1,,0.0,210,0.017819261773440814,32.05019501441411,90,13.735797863320332,0.5714285714285714,0.3015075376884422,0.6646730462519937,87,62,4.0,13.277937934542988,9.462438528065118,2,2,2,1.0,295.5,-295.5
0.9,0.67,within_subject_chronological,within_chb01,chb01,6.552222222222222,lightgbm,LightGBM,Temporal persistence,0.9,raw,2,,0.0,105,0.008909630886720407,16.025097507207054,22,3.3576394777005256,0.7904761904761904,0.20854271356783918,0.7294784580498865,30,16,4.0,4.578599287773444,2.441919620145837,2,2,2,1.0,251.5,-251.5
0.9,0.67,within_subject_chronological,within_chb01,chb01,6.552222222222222,lightgbm,LightGBM,Full governed policy,0.9,isotonic,2,0.67,0.0,26,0.002206194314806958,3.968119382736985,0,0.0,1.0,0.06532663316582915,1.0,5,0,8.0,0.763099881295574,0.0,2,2,0,1.0,-19.5,19.5
0.1,0.0,within_subject_chronological,within_chb02,chb02,4.0,lightgbm,LightGBM,Fixed threshold,0.1,raw,1,,0.0,885,0.12298499166203446,221.25,861,215.25,0.02711864406779661,0.15483870967741936,0.5740830418796521,475,465,4.0,118.75,116.25,1,1,1,1.0,291.0,-291.0
0.1,0.0,within_subject_chronological,within_chb02,chb02,4.0,lightgbm,LightGBM,Temporal persistence,0.1,raw,2,,0.0,342,0.04752640355753196,85.5,330,82.5,0.03508771929824561,0.07741935483870968,0.7134502923976608,182,175,4.0,45.5,43.75,1,1,1,1.0,235.0,-235.0
0.1,0.0,within_subject_chronological,within_chb02,chb02,4.0,lightgbm,LightGBM,Full governed policy,0.1,isotonic,2,0.0,0.0,5,0.0006948304613674264,1.25,2,0.5,0.6,0.01935483870967742,0.7999999999999999,3,2,4.0,0.75,0.5,1,1,0,1.0,-3.0,3.0
0.1,0.25,within_subject_chronological,within_chb02,chb02,4.0,lightgbm,LightGBM,Fixed threshold,0.1,raw,1,,0.0,885,0.12298499166203446,221.25,861,215.25,0.02711864406779661,0.15483870967741936,0.5740830418796521,475,465,4.0,118.75,116.25,1,1,1,1.0,291.0,-291.0
0.1,0.25,within_subject_chronological,within_chb02,chb02,4.0,lightgbm,LightGBM,Temporal persistence,0.1,raw,2,,0.0,342,0.04752640355753196,85.5,330,82.5,0.03508771929824561,0.07741935483870968,0.7134502923976608,182,175,4.0,45.5,43.75,1,1,1,1.0,235.0,-235.0
0.1,0.25,within_subject_chronological,within_chb02,chb02,4.0,lightgbm,LightGBM,Full governed policy,0.1,isotonic,2,0.25,0.0,5,0.0006948304613674264,1.25,2,0.5,0.6,0.01935483870967742,0.7999999999999999,3,2,4.0,0.75,0.5,1,1,0,1.0,-3.0,3.0
0.1,0.4,within_subject_chronological,within_chb02,chb02,4.0,lightgbm,LightGBM,Fixed threshold,0.1,raw,1,,0.0,885,0.12298499166203446,221.25,861,215.25,0.02711864406779661,0.15483870967741936,0.5740830418796521,475,465,4.0,118.75,116.25,1,1,1,1.0,291.0,-291.0
0.1,0.4,within_subject_chronological,within_chb02,chb02,4.0,lightgbm,LightGBM,Temporal persistence,0.1,raw,2,,0.0,342,0.04752640355753196,85.5,330,82.5,0.03508771929824561,0.07741935483870968,0.7134502923976608,182,175,4.0,45.5,43.75,1,1,1,1.0,235.0,-235.0
0.1,0.4,within_subject_chronological,within_chb02,chb02,4.0,lightgbm,LightGBM,Full governed policy,0.1,isotonic,2,0.4,0.0,5,0.0006948304613674264,1.25,2,0.5,0.6,0.01935483870967742,0.7999999999999999,3,2,4.0,0.75,0.5,1,1,0,1.0,-3.0,3.0
0.1,0.67,within_subject_chronological,within_chb02,chb02,4.0,lightgbm,LightGBM,Fixed threshold,0.1,raw,1,,0.0,885,0.12298499166203446,221.25,861,215.25,0.02711864406779661,0.15483870967741936,0.5740830418796521,475,465,4.0,118.75,116.25,1,1,1,1.0,291.0,-291.0
0.1,0.67,within_subject_chronological,within_chb02,chb02,4.0,lightgbm,LightGBM,Temporal persistence,0.1,raw,2,,0.0,342,0.04752640355753196,85.5,330,82.5,0.03508771929824561,0.07741935483870968,0.7134502923976608,182,175,4.0,45.5,43.75,1,1,1,1.0,235.0,-235.0
0.1,0.67,within_subject_chronological,within_chb02,chb02,4.0,lightgbm,LightGBM,Full governed policy,0.1,isotonic,2,0.67,0.0,2,0.00027793218454697053,0.5,0,0.0,1.0,0.012903225806451613,1.0,1,0,8.0,0.25,0.0,1,1,0,1.0,-3.0,3.0
0.2,0.0,within_subject_chronological,within_chb02,chb02,4.0,lightgbm,LightGBM,Fixed threshold,0.2,raw,1,,0.0,646,0.08977209560867148,161.5,627,156.75,0.029411764705882353,0.12258064516129032,0.5890338591576981,361,353,4.0,90.25,88.25,1,1,1,1.0,291.0,-291.0
0.2,0.0,within_subject_chronological,within_chb02,chb02,4.0,lightgbm,LightGBM,Temporal persistence,0.2,raw,2,,0.0,232,0.032240133407448586,58.0,223,55.75,0.03879310344827586,0.05806451612903226,0.7467159277504104,132,127,4.0,33.0,31.75,1,1,1,1.0,235.0,-235.0
0.2,0.0,within_subject_chronological,within_chb02,chb02,4.0,lightgbm,LightGBM,Full governed policy,0.2,isotonic,2,0.0,0.0,5,0.0006948304613674264,1.25,2,0.5,0.6,0.01935483870967742,0.7999999999999999,3,2,4.0,0.75,0.5,1,1,0,1.0,-3.0,3.0
0.2,0.25,within_subject_chronological,within_chb02,chb02,4.0,lightgbm,LightGBM,Fixed threshold,0.2,raw,1,,0.0,646,0.08977209560867148,161.5,627,156.75,0.029411764705882353,0.12258064516129032,0.5890338591576981,361,353,4.0,90.25,88.25,1,1,1,1.0,291.0,-291.0
0.2,0.25,within_subject_chronological,within_chb02,chb02,4.0,lightgbm,LightGBM,Temporal persistence,0.2,raw,2,,0.0,232,0.032240133407448586,58.0,223,55.75,0.03879310344827586,0.05806451612903226,0.7467159277504104,132,127,4.0,33.0,31.75,1,1,1,1.0,235.0,-235.0
0.2,0.25,within_subject_chronological,within_chb02,chb02,4.0,lightgbm,LightGBM,Full governed policy,0.2,isotonic,2,0.25,0.0,5,0.0006948304613674264,1.25,2,0.5,0.6,0.01935483870967742,0.7999999999999999,3,2,4.0,0.75,0.5,1,1,0,1.0,-3.0,3.0
0.2,0.4,within_subject_chronological,within_chb02,chb02,4.0,lightgbm,LightGBM,Fixed threshold,0.2,raw,1,,0.0,646,0.08977209560867148,161.5,627,156.75,0.029411764705882353,0.12258064516129032,0.5890338591576981,361,353,4.0,90.25,88.25,1,1,1,1.0,291.0,-291.0
0.2,0.4,within_subject_chronological,within_chb02,chb02,4.0,lightgbm,LightGBM,Temporal persistence,0.2,raw,2,,0.0,232,0.032240133407448586,58.0,223,55.75,0.03879310344827586,0.05806451612903226,0.7467159277504104,132,127,4.0,33.0,31.75,1,1,1,1.0,235.0,-235.0
0.2,0.4,within_subject_chronological,within_chb02,chb02,4.0,lightgbm,LightGBM,Full governed policy,0.2,isotonic,2,0.4,0.0,5,0.0006948304613674264,1.25,2,0.5,0.6,0.01935483870967742,0.7999999999999999,3,2,4.0,0.75,0.5,1,1,0,1.0,-3.0,3.0
0.2,0.67,within_subject_chronological,within_chb02,chb02,4.0,lightgbm,LightGBM,Fixed threshold,0.2,raw,1,,0.0,646,0.08977209560867148,161.5,627,156.75,0.029411764705882353,0.12258064516129032,0.5890338591576981,361,353,4.0,90.25,88.25,1,1,1,1.0,291.0,-291.0
0.2,0.67,within_subject_chronological,within_chb02,chb02,4.0,lightgbm,LightGBM,Temporal persistence,0.2,raw,2,,0.0,232,0.032240133407448586,58.0,223,55.75,0.03879310344827586,0.05806451612903226,0.7467159277504104,132,127,4.0,33.0,31.75,1,1,1,1.0,235.0,-235.0
0.2,0.67,within_subject_chronological,within_chb02,chb02,4.0,lightgbm,LightGBM,Full governed policy,0.2,isotonic,2,0.67,0.0,2,0.00027793218454697053,0.5,0,0.0,1.0,0.012903225806451613,1.0,1,0,8.0,0.25,0.0,1,1,0,1.0,-3.0,3.0
0.3,0.0,within_subject_chronological,within_chb02,chb02,4.0,lightgbm,LightGBM,Fixed threshold,0.3,raw,1,,0.0,505,0.07017787659811006,126.25,491,122.75,0.027722772277227723,0.09032258064516129,0.5954188275970455,297,290,4.0,74.25,72.5,1,1,1,1.0,291.0,-291.0
0.3,0.0,within_subject_chronological,within_chb02,chb02,4.0,lightgbm,LightGBM,Temporal persistence,0.3,raw,2,,0.0,169,0.02348526959421901,42.25,164,41.0,0.029585798816568046,0.03225806451612903,0.7588052972668358,102,100,4.0,25.5,25.0,1,1,1,1.0,209.0,-209.0
0.3,0.0,within_subject_chronological,within_chb02,chb02,4.0,lightgbm,LightGBM,Full governed policy,0.3,isotonic,2,0.0,0.0,5,0.0006948304613674264,1.25,2,0.5,0.6,0.01935483870967742,0.7999999999999999,3,2,4.0,0.75,0.5,1,1,0,1.0,-3.0,3.0
0.3,0.25,within_subject_chronological,within_chb02,chb02,4.0,lightgbm,LightGBM,Fixed threshold,0.3,raw,1,,0.0,505,0.07017787659811006,126.25,491,122.75,0.027722772277227723,0.09032258064516129,0.5954188275970455,297,290,4.0,74.25,72.5,1,1,1,1.0,291.0,-291.0
0.3,0.25,within_subject_chronological,within_chb02,chb02,4.0,lightgbm,LightGBM,Temporal persistence,0.3,raw,2,,0.0,169,0.02348526959421901,42.25,164,41.0,0.029585798816568046,0.03225806451612903,0.7588052972668358,102,100,4.0,25.5,25.0,1,1,1,1.0,209.0,-209.0
0.3,0.25,within_subject_chronological,within_chb02,chb02,4.0,lightgbm,LightGBM,Full governed policy,0.3,isotonic,2,0.25,0.0,5,0.0006948304613674264,1.25,2,0.5,0.6,0.01935483870967742,0.7999999999999999,3,2,4.0,0.75,0.5,1,1,0,1.0,-3.0,3.0
0.3,0.4,within_subject_chronological,within_chb02,chb02,4.0,lightgbm,LightGBM,Fixed threshold,0.3,raw,1,,0.0,505,0.07017787659811006,126.25,491,122.75,0.027722772277227723,0.09032258064516129,0.5954188275970455,297,290,4.0,74.25,72.5,1,1,1,1.0,291.0,-291.0
0.3,0.4,within_subject_chronological,within_chb02,chb02,4.0,lightgbm,LightGBM,Temporal persistence,0.3,raw,2,,0.0,169,0.02348526959421901,42.25,164,41.0,0.029585798816568046,0.03225806451612903,0.7588052972668358,102,100,4.0,25.5,25.0,1,1,1,1.0,209.0,-209.0
0.3,0.4,within_subject_chronological,within_chb02,chb02,4.0,lightgbm,LightGBM,Full governed policy,0.3,isotonic,2,0.4,0.0,5,0.0006948304613674264,1.25,2,0.5,0.6,0.01935483870967742,0.7999999999999999,3,2,4.0,0.75,0.5,1,1,0,1.0,-3.0,3.0
0.3,0.67,within_subject_chronological,within_chb02,chb02,4.0,lightgbm,LightGBM,Fixed threshold,0.3,raw,1,,0.0,505,0.07017787659811006,126.25,491,122.75,0.027722772277227723,0.09032258064516129,0.5954188275970455,297,290,4.0,74.25,72.5,1,1,1,1.0,291.0,-291.0
0.3,0.67,within_subject_chronological,within_chb02,chb02,4.0,lightgbm,LightGBM,Temporal persistence,0.3,raw,2,,0.0,169,0.02348526959421901,42.25,164,41.0,0.029585798816568046,0.03225806451612903,0.7588052972668358,102,100,4.0,25.5,25.0,1,1,1,1.0,209.0,-209.0
0.3,0.67,within_subject_chronological,within_chb02,chb02,4.0,lightgbm,LightGBM,Full governed policy,0.3,isotonic,2,0.67,0.0,2,0.00027793218454697053,0.5,0,0.0,1.0,0.012903225806451613,1.0,1,0,8.0,0.25,0.0,1,1,0,1.0,-3.0,3.0
0.4,0.0,within_subject_chronological,within_chb02,chb02,4.0,lightgbm,LightGBM,Fixed threshold,0.4,raw,1,,0.0,429,0.059616453585325184,107.25,417,104.25,0.027972027972027972,0.07741935483870968,0.5993913493913494,264,259,4.0,66.0,64.75,1,1,1,1.0,237.0,-237.0
0.4,0.0,within_subject_chronological,within_chb02,chb02,4.0,lightgbm,LightGBM,Temporal persistence,0.4,raw,2,,0.0,131,0.01820455808782657,32.75,126,31.5,0.03816793893129771,0.03225806451612903,0.7742639040348963,81,79,4.0,20.25,19.75,1,1,1,1.0,209.0,-209.0
0.4,0.0,within_subject_chronological,within_chb02,chb02,4.0,lightgbm,LightGBM,Full governed policy,0.4,isotonic,2,0.0,0.0,5,0.0006948304613674264,1.25,2,0.5,0.6,0.01935483870967742,0.7999999999999999,3,2,4.0,0.75,0.5,1,1,0,1.0,-3.0,3.0
0.4,0.25,within_subject_chronological,within_chb02,chb02,4.0,lightgbm,LightGBM,Fixed threshold,0.4,raw,1,,0.0,429,0.059616453585325184,107.25,417,104.25,0.027972027972027972,0.07741935483870968,0.5993913493913494,264,259,4.0,66.0,64.75,1,1,1,1.0,237.0,-237.0
0.4,0.25,within_subject_chronological,within_chb02,chb02,4.0,lightgbm,LightGBM,Temporal persistence,0.4,raw,2,,0.0,131,0.01820455808782657,32.75,126,31.5,0.03816793893129771,0.03225806451612903,0.7742639040348963,81,79,4.0,20.25,19.75,1,1,1,1.0,209.0,-209.0
0.4,0.25,within_subject_chronological,within_chb02,chb02,4.0,lightgbm,LightGBM,Full governed policy,0.4,isotonic,2,0.25,0.0,5,0.0006948304613674264,1.25,2,0.5,0.6,0.01935483870967742,0.7999999999999999,3,2,4.0,0.75,0.5,1,1,0,1.0,-3.0,3.0
0.4,0.4,within_subject_chronological,within_chb02,chb02,4.0,lightgbm,LightGBM,Fixed threshold,0.4,raw,1,,0.0,429,0.059616453585325184,107.25,417,104.25,0.027972027972027972,0.07741935483870968,0.5993913493913494,264,259,4.0,66.0,64.75,1,1,1,1.0,237.0,-237.0
0.4,0.4,within_subject_chronological,within_chb02,chb02,4.0,lightgbm,LightGBM,Temporal persistence,0.4,raw,2,,0.0,131,0.01820455808782657,32.75,126,31.5,0.03816793893129771,0.03225806451612903,0.7742639040348963,81,79,4.0,20.25,19.75,1,1,1,1.0,209.0,-209.0
0.4,0.4,within_subject_chronological,within_chb02,chb02,4.0,lightgbm,LightGBM,Full governed policy,0.4,isotonic,2,0.4,0.0,5,0.0006948304613674264,1.25,2,0.5,0.6,0.01935483870967742,0.7999999999999999,3,2,4.0,0.75,0.5,1,1,0,1.0,-3.0,3.0
0.4,0.67,within_subject_chronological,within_chb02,chb02,4.0,lightgbm,LightGBM,Fixed threshold,0.4,raw,1,,0.0,429,0.059616453585325184,107.25,417,104.25,0.027972027972027972,0.07741935483870968,0.5993913493913494,264,259,4.0,66.0,64.75,1,1,1,1.0,237.0,-237.0
0.4,0.67,within_subject_chronological,within_chb02,chb02,4.0,lightgbm,LightGBM,Temporal persistence,0.4,raw,2,,0.0,131,0.01820455808782657,32.75,126,31.5,0.03816793893129771,0.03225806451612903,0.7742639040348963,81,79,4.0,20.25,19.75,1,1,1,1.0,209.0,-209.0
0.4,0.67,within_subject_chronological,within_chb02,chb02,4.0,lightgbm,LightGBM,Full governed policy,0.4,isotonic,2,0.67,0.0,2,0.00027793218454697053,0.5,0,0.0,1.0,0.012903225806451613,1.0,1,0,8.0,0.25,0.0,1,1,0,1.0,-3.0,3.0
0.5,0.0,within_subject_chronological,within_chb02,chb02,4.0,lightgbm,LightGBM,Fixed threshold,0.5,raw,1,,0.0,353,0.0490550305725403,88.25,343,85.75,0.028328611898016998,0.06451612903225806,0.6126849228832232,227,222,4.0,56.75,55.5,1,1,1,1.0,237.0,-237.0
0.5,0.0,within_subject_chronological,within_chb02,chb02,4.0,lightgbm,LightGBM,Temporal persistence,0.5,raw,2,,0.0,105,0.014591439688715954,26.25,101,25.25,0.0380952380952381,0.025806451612903226,0.7746031746031745,67,66,4.0,16.75,16.5,1,1,0,1.0,-1.0,1.0
0.5,0.0,within_subject_chronological,within_chb02,chb02,4.0,lightgbm,LightGBM,Full governed policy,0.5,isotonic,2,0.0,0.0,4,0.0005558643690939411,1.0,1,0.25,0.75,0.01935483870967742,0.8333333333333333,2,1,6.0,0.5,0.25,1,1,0,1.0,-3.0,3.0
0.5,0.25,within_subject_chronological,within_chb02,chb02,4.0,lightgbm,LightGBM,Fixed threshold,0.5,raw,1,,0.0,353,0.0490550305725403,88.25,343,85.75,0.028328611898016998,0.06451612903225806,0.6126849228832232,227,222,4.0,56.75,55.5,1,1,1,1.0,237.0,-237.0
0.5,0.25,within_subject_chronological,within_chb02,chb02,4.0,lightgbm,LightGBM,Temporal persistence,0.5,raw,2,,0.0,105,0.014591439688715954,26.25,101,25.25,0.0380952380952381,0.025806451612903226,0.7746031746031745,67,66,4.0,16.75,16.5,1,1,0,1.0,-1.0,1.0
0.5,0.25,within_subject_chronological,within_chb02,chb02,4.0,lightgbm,LightGBM,Full governed policy,0.5,isotonic,2,0.25,0.0,4,0.0005558643690939411,1.0,1,0.25,0.75,0.01935483870967742,0.8333333333333333,2,1,6.0,0.5,0.25,1,1,0,1.0,-3.0,3.0
0.5,0.4,within_subject_chronological,within_chb02,chb02,4.0,lightgbm,LightGBM,Fixed threshold,0.5,raw,1,,0.0,353,0.0490550305725403,88.25,343,85.75,0.028328611898016998,0.06451612903225806,0.6126849228832232,227,222,4.0,56.75,55.5,1,1,1,1.0,237.0,-237.0
0.5,0.4,within_subject_chronological,within_chb02,chb02,4.0,lightgbm,LightGBM,Temporal persistence,0.5,raw,2,,0.0,105,0.014591439688715954,26.25,101,25.25,0.0380952380952381,0.025806451612903226,0.7746031746031745,67,66,4.0,16.75,16.5,1,1,0,1.0,-1.0,1.0
0.5,0.4,within_subject_chronological,within_chb02,chb02,4.0,lightgbm,LightGBM,Full governed policy,0.5,isotonic,2,0.4,0.0,4,0.0005558643690939411,1.0,1,0.25,0.75,0.01935483870967742,0.8333333333333333,2,1,6.0,0.5,0.25,1,1,0,1.0,-3.0,3.0
0.5,0.67,within_subject_chronological,within_chb02,chb02,4.0,lightgbm,LightGBM,Fixed threshold,0.5,raw,1,,0.0,353,0.0490550305725403,88.25,343,85.75,0.028328611898016998,0.06451612903225806,0.6126849228832232,227,222,4.0,56.75,55.5,1,1,1,1.0,237.0,-237.0
0.5,0.67,within_subject_chronological,within_chb02,chb02,4.0,lightgbm,LightGBM,Temporal persistence,0.5,raw,2,,0.0,105,0.014591439688715954,26.25,101,25.25,0.0380952380952381,0.025806451612903226,0.7746031746031745,67,66,4.0,16.75,16.5,1,1,0,1.0,-1.0,1.0
0.5,0.67,within_subject_chronological,within_chb02,chb02,4.0,lightgbm,LightGBM,Full governed policy,0.5,isotonic,2,0.67,0.0,2,0.00027793218454697053,0.5,0,0.0,1.0,0.012903225806451613,1.0,1,0,8.0,0.25,0.0,1,1,0,1.0,-3.0,3.0
0.6,0.0,within_subject_chronological,within_chb02,chb02,4.0,lightgbm,LightGBM,Fixed threshold,0.6,raw,1,,0.0,293,0.040717065036131185,73.25,284,71.0,0.030716723549488054,0.05806451612903226,0.6186006825938567,189,185,4.0,47.25,46.25,1,1,1,1.0,219.0,-219.0
0.6,0.0,within_subject_chronological,within_chb02,chb02,4.0,lightgbm,LightGBM,Temporal persistence,0.6,raw,2,,0.0,88,0.012229016120066704,22.0,84,21.0,0.045454545454545456,0.025806451612903226,0.7754329004329005,58,57,4.0,14.5,14.25,1,1,0,1.0,-1.0,1.0
0.6,0.0,within_subject_chronological,within_chb02,chb02,4.0,lightgbm,LightGBM,Full governed policy,0.6,isotonic,2,0.0,0.0,0,0.0,0.0,0,0.0,,0.0,,0,0,,0.0,0.0,1,0,0,0.0,,
0.6,0.25,within_subject_chronological,within_chb02,chb02,4.0,lightgbm,LightGBM,Fixed threshold,0.6,raw,1,,0.0,293,0.040717065036131185,73.25,284,71.0,0.030716723549488054,0.05806451612903226,0.6186006825938567,189,185,4.0,47.25,46.25,1,1,1,1.0,219.0,-219.0
0.6,0.25,within_subject_chronological,within_chb02,chb02,4.0,lightgbm,LightGBM,Temporal persistence,0.6,raw,2,,0.0,88,0.012229016120066704,22.0,84,21.0,0.045454545454545456,0.025806451612903226,0.7754329004329005,58,57,4.0,14.5,14.25,1,1,0,1.0,-1.0,1.0
0.6,0.25,within_subject_chronological,within_chb02,chb02,4.0,lightgbm,LightGBM,Full governed policy,0.6,isotonic,2,0.25,0.0,0,0.0,0.0,0,0.0,,0.0,,0,0,,0.0,0.0,1,0,0,0.0,,
0.6,0.4,within_subject_chronological,within_chb02,chb02,4.0,lightgbm,LightGBM,Fixed threshold,0.6,raw,1,,0.0,293,0.040717065036131185,73.25,284,71.0,0.030716723549488054,0.05806451612903226,0.6186006825938567,189,185,4.0,47.25,46.25,1,1,1,1.0,219.0,-219.0
0.6,0.4,within_subject_chronological,within_chb02,chb02,4.0,lightgbm,LightGBM,Temporal persistence,0.6,raw,2,,0.0,88,0.012229016120066704,22.0,84,21.0,0.045454545454545456,0.025806451612903226,0.7754329004329005,58,57,4.0,14.5,14.25,1,1,0,1.0,-1.0,1.0
0.6,0.4,within_subject_chronological,within_chb02,chb02,4.0,lightgbm,LightGBM,Full governed policy,0.6,isotonic,2,0.4,0.0,0,0.0,0.0,0,0.0,,0.0,,0,0,,0.0,0.0,1,0,0,0.0,,
0.6,0.67,within_subject_chronological,within_chb02,chb02,4.0,lightgbm,LightGBM,Fixed threshold,0.6,raw,1,,0.0,293,0.040717065036131185,73.25,284,71.0,0.030716723549488054,0.05806451612903226,0.6186006825938567,189,185,4.0,47.25,46.25,1,1,1,1.0,219.0,-219.0
0.6,0.67,within_subject_chronological,within_chb02,chb02,4.0,lightgbm,LightGBM,Temporal persistence,0.6,raw,2,,0.0,88,0.012229016120066704,22.0,84,21.0,0.045454545454545456,0.025806451612903226,0.7754329004329005,58,57,4.0,14.5,14.25,1,1,0,1.0,-1.0,1.0
0.6,0.67,within_subject_chronological,within_chb02,chb02,4.0,lightgbm,LightGBM,Full governed policy,0.6,isotonic,2,0.67,0.0,0,0.0,0.0,0,0.0,,0.0,,0,0,,0.0,0.0,1,0,0,0.0,,
0.7,0.0,within_subject_chronological,within_chb02,chb02,4.0,lightgbm,LightGBM,Fixed threshold,0.7,raw,1,,0.0,239,0.03321289605336298,59.75,230,57.5,0.03765690376569038,0.05806451612903226,0.6300059772863121,155,151,4.0,38.75,37.75,1,1,1,1.0,219.0,-219.0
0.7,0.0,within_subject_chronological,within_chb02,chb02,4.0,lightgbm,LightGBM,Temporal persistence,0.7,raw,2,,0.0,70,0.009727626459143969,17.5,66,16.5,0.05714285714285714,0.025806451612903226,0.7911564625850339,47,46,4.0,11.75,11.5,1,1,0,1.0,-1.0,1.0
0.7,0.0,within_subject_chronological,within_chb02,chb02,4.0,lightgbm,LightGBM,Full governed policy,0.7,isotonic,2,0.0,0.0,0,0.0,0.0,0,0.0,,0.0,,0,0,,0.0,0.0,1,0,0,0.0,,
0.7,0.25,within_subject_chronological,within_chb02,chb02,4.0,lightgbm,LightGBM,Fixed threshold,0.7,raw,1,,0.0,239,0.03321289605336298,59.75,230,57.5,0.03765690376569038,0.05806451612903226,0.6300059772863121,155,151,4.0,38.75,37.75,1,1,1,1.0,219.0,-219.0
0.7,0.25,within_subject_chronological,within_chb02,chb02,4.0,lightgbm,LightGBM,Temporal persistence,0.7,raw,2,,0.0,70,0.009727626459143969,17.5,66,16.5,0.05714285714285714,0.025806451612903226,0.7911564625850339,47,46,4.0,11.75,11.5,1,1,0,1.0,-1.0,1.0
0.7,0.25,within_subject_chronological,within_chb02,chb02,4.0,lightgbm,LightGBM,Full governed policy,0.7,isotonic,2,0.25,0.0,0,0.0,0.0,0,0.0,,0.0,,0,0,,0.0,0.0,1,0,0,0.0,,
0.7,0.4,within_subject_chronological,within_chb02,chb02,4.0,lightgbm,LightGBM,Fixed threshold,0.7,raw,1,,0.0,239,0.03321289605336298,59.75,230,57.5,0.03765690376569038,0.05806451612903226,0.6300059772863121,155,151,4.0,38.75,37.75,1,1,1,1.0,219.0,-219.0
0.7,0.4,within_subject_chronological,within_chb02,chb02,4.0,lightgbm,LightGBM,Temporal persistence,0.7,raw,2,,0.0,70,0.009727626459143969,17.5,66,16.5,0.05714285714285714,0.025806451612903226,0.7911564625850339,47,46,4.0,11.75,11.5,1,1,0,1.0,-1.0,1.0
0.7,0.4,within_subject_chronological,within_chb02,chb02,4.0,lightgbm,LightGBM,Full governed policy,0.7,isotonic,2,0.4,0.0,0,0.0,0.0,0,0.0,,0.0,,0,0,,0.0,0.0,1,0,0,0.0,,
0.7,0.67,within_subject_chronological,within_chb02,chb02,4.0,lightgbm,LightGBM,Fixed threshold,0.7,raw,1,,0.0,239,0.03321289605336298,59.75,230,57.5,0.03765690376569038,0.05806451612903226,0.6300059772863121,155,151,4.0,38.75,37.75,1,1,1,1.0,219.0,-219.0
0.7,0.67,within_subject_chronological,within_chb02,chb02,4.0,lightgbm,LightGBM,Temporal persistence,0.7,raw,2,,0.0,70,0.009727626459143969,17.5,66,16.5,0.05714285714285714,0.025806451612903226,0.7911564625850339,47,46,4.0,11.75,11.5,1,1,0,1.0,-1.0,1.0
0.7,0.67,within_subject_chronological,within_chb02,chb02,4.0,lightgbm,LightGBM,Full governed policy,0.7,isotonic,2,0.67,0.0,0,0.0,0.0,0,0.0,,0.0,,0,0,,0.0,0.0,1,0,0,0.0,,
0.8,0.0,within_subject_chronological,within_chb02,chb02,4.0,lightgbm,LightGBM,Fixed threshold,0.8,raw,1,,0.0,191,0.026542523624235686,47.75,183,45.75,0.041884816753926704,0.05161290322580645,0.6217277486910995,127,124,4.0,31.75,31.0,1,1,1,1.0,219.0,-219.0
0.8,0.0,within_subject_chronological,within_chb02,chb02,4.0,lightgbm,LightGBM,Temporal persistence,0.8,raw,2,,0.0,51,0.007087270705947749,12.75,47,11.75,0.0784313725490196,0.025806451612903226,0.7945845004668532,38,37,4.0,9.5,9.25,1,1,0,1.0,-1.0,1.0
0.8,0.0,within_subject_chronological,within_chb02,chb02,4.0,lightgbm,LightGBM,Full governed policy,0.8,isotonic,2,0.0,0.0,0,0.0,0.0,0,0.0,,0.0,,0,0,,0.0,0.0,1,0,0,0.0,,
0.8,0.25,within_subject_chronological,within_chb02,chb02,4.0,lightgbm,LightGBM,Fixed threshold,0.8,raw,1,,0.0,191,0.026542523624235686,47.75,183,45.75,0.041884816753926704,0.05161290322580645,0.6217277486910995,127,124,4.0,31.75,31.0,1,1,1,1.0,219.0,-219.0
0.8,0.25,within_subject_chronological,within_chb02,chb02,4.0,lightgbm,LightGBM,Temporal persistence,0.8,raw,2,,0.0,51,0.007087270705947749,12.75,47,11.75,0.0784313725490196,0.025806451612903226,0.7945845004668532,38,37,4.0,9.5,9.25,1,1,0,1.0,-1.0,1.0
0.8,0.25,within_subject_chronological,within_chb02,chb02,4.0,lightgbm,LightGBM,Full governed policy,0.8,isotonic,2,0.25,0.0,0,0.0,0.0,0,0.0,,0.0,,0,0,,0.0,0.0,1,0,0,0.0,,
0.8,0.4,within_subject_chronological,within_chb02,chb02,4.0,lightgbm,LightGBM,Fixed threshold,0.8,raw,1,,0.0,191,0.026542523624235686,47.75,183,45.75,0.041884816753926704,0.05161290322580645,0.6217277486910995,127,124,4.0,31.75,31.0,1,1,1,1.0,219.0,-219.0
0.8,0.4,within_subject_chronological,within_chb02,chb02,4.0,lightgbm,LightGBM,Temporal persistence,0.8,raw,2,,0.0,51,0.007087270705947749,12.75,47,11.75,0.0784313725490196,0.025806451612903226,0.7945845004668532,38,37,4.0,9.5,9.25,1,1,0,1.0,-1.0,1.0
0.8,0.4,within_subject_chronological,within_chb02,chb02,4.0,lightgbm,LightGBM,Full governed policy,0.8,isotonic,2,0.4,0.0,0,0.0,0.0,0,0.0,,0.0,,0,0,,0.0,0.0,1,0,0,0.0,,
0.8,0.67,within_subject_chronological,within_chb02,chb02,4.0,lightgbm,LightGBM,Fixed threshold,0.8,raw,1,,0.0,191,0.026542523624235686,47.75,183,45.75,0.041884816753926704,0.05161290322580645,0.6217277486910995,127,124,4.0,31.75,31.0,1,1,1,1.0,219.0,-219.0
0.8,0.67,within_subject_chronological,within_chb02,chb02,4.0,lightgbm,LightGBM,Temporal persistence,0.8,raw,2,,0.0,51,0.007087270705947749,12.75,47,11.75,0.0784313725490196,0.025806451612903226,0.7945845004668532,38,37,4.0,9.5,9.25,1,1,0,1.0,-1.0,1.0
0.8,0.67,within_subject_chronological,within_chb02,chb02,4.0,lightgbm,LightGBM,Full governed policy,0.8,isotonic,2,0.67,0.0,0,0.0,0.0,0,0.0,,0.0,,0,0,,0.0,0.0,1,0,0,0.0,,
0.9,0.0,within_subject_chronological,within_chb02,chb02,4.0,lightgbm,LightGBM,Fixed threshold,0.9,raw,1,,0.0,112,0.01556420233463035,28.0,105,26.25,0.0625,0.04516129032258064,0.6371527777777778,79,76,4.0,19.75,19.0,1,1,1,1.0,219.0,-219.0
0.9,0.0,within_subject_chronological,within_chb02,chb02,4.0,lightgbm,LightGBM,Temporal persistence,0.9,raw,2,,0.0,26,0.003613118399110617,6.5,23,5.75,0.11538461538461539,0.01935483870967742,0.7857142857142858,20,19,4.0,5.0,4.75,1,1,0,1.0,-3.0,3.0
0.9,0.0,within_subject_chronological,within_chb02,chb02,4.0,lightgbm,LightGBM,Full governed policy,0.9,isotonic,2,0.0,0.0,0,0.0,0.0,0,0.0,,0.0,,0,0,,0.0,0.0,1,0,0,0.0,,
0.9,0.25,within_subject_chronological,within_chb02,chb02,4.0,lightgbm,LightGBM,Fixed threshold,0.9,raw,1,,0.0,112,0.01556420233463035,28.0,105,26.25,0.0625,0.04516129032258064,0.6371527777777778,79,76,4.0,19.75,19.0,1,1,1,1.0,219.0,-219.0
0.9,0.25,within_subject_chronological,within_chb02,chb02,4.0,lightgbm,LightGBM,Temporal persistence,0.9,raw,2,,0.0,26,0.003613118399110617,6.5,23,5.75,0.11538461538461539,0.01935483870967742,0.7857142857142858,20,19,4.0,5.0,4.75,1,1,0,1.0,-3.0,3.0
0.9,0.25,within_subject_chronological,within_chb02,chb02,4.0,lightgbm,LightGBM,Full governed policy,0.9,isotonic,2,0.25,0.0,0,0.0,0.0,0,0.0,,0.0,,0,0,,0.0,0.0,1,0,0,0.0,,
0.9,0.4,within_subject_chronological,within_chb02,chb02,4.0,lightgbm,LightGBM,Fixed threshold,0.9,raw,1,,0.0,112,0.01556420233463035,28.0,105,26.25,0.0625,0.04516129032258064,0.6371527777777778,79,76,4.0,19.75,19.0,1,1,1,1.0,219.0,-219.0
0.9,0.4,within_subject_chronological,within_chb02,chb02,4.0,lightgbm,LightGBM,Temporal persistence,0.9,raw,2,,0.0,26,0.003613118399110617,6.5,23,5.75,0.11538461538461539,0.01935483870967742,0.7857142857142858,20,19,4.0,5.0,4.75,1,1,0,1.0,-3.0,3.0
0.9,0.4,within_subject_chronological,within_chb02,chb02,4.0,lightgbm,LightGBM,Full governed policy,0.9,isotonic,2,0.4,0.0,0,0.0,0.0,0,0.0,,0.0,,0,0,,0.0,0.0,1,0,0,0.0,,
0.9,0.67,within_subject_chronological,within_chb02,chb02,4.0,lightgbm,LightGBM,Fixed threshold,0.9,raw,1,,0.0,112,0.01556420233463035,28.0,105,26.25,0.0625,0.04516129032258064,0.6371527777777778,79,76,4.0,19.75,19.0,1,1,1,1.0,219.0,-219.0
0.9,0.67,within_subject_chronological,within_chb02,chb02,4.0,lightgbm,LightGBM,Temporal persistence,0.9,raw,2,,0.0,26,0.003613118399110617,6.5,23,5.75,0.11538461538461539,0.01935483870967742,0.7857142857142858,20,19,4.0,5.0,4.75,1,1,0,1.0,-3.0,3.0
0.9,0.67,within_subject_chronological,within_chb02,chb02,4.0,lightgbm,LightGBM,Full governed policy,0.9,isotonic,2,0.67,0.0,0,0.0,0.0,0,0.0,,0.0,,0,0,,0.0,0.0,1,0,0,0.0,,
0.1,0.0,within_subject_chronological,within_chb03,chb03,5.0,lightgbm,LightGBM,Fixed threshold,0.1,raw,1,,0.0,2074,0.23057254030016677,414.8,1961,392.2,0.05448408871745419,0.21161048689138576,0.605251571604683,555,513,6.0,111.0,102.6,3,3,3,1.0,219.0,-219.0
0.1,0.0,within_subject_chronological,within_chb03,chb03,5.0,lightgbm,LightGBM,Temporal persistence,0.1,raw,2,,0.0,1379,0.15330739299610896,275.8,1315,263.0,0.046410442349528645,0.1198501872659176,0.6712277127433037,388,358,6.0,77.6,71.6,3,3,3,1.0,198.0,-198.0
0.1,0.0,within_subject_chronological,within_chb03,chb03,5.0,lightgbm,LightGBM,Full governed policy,0.1,isotonic,2,0.0,0.0,1491,0.16575875486381322,298.2,1418,283.6,0.04896042924211938,0.13670411985018727,0.6659427464256439,409,378,6.0,81.8,75.6,3,3,3,1.0,198.0,-198.0
0.1,0.25,within_subject_chronological,within_chb03,chb03,5.0,lightgbm,LightGBM,Fixed threshold,0.1,raw,1,,0.0,2074,0.23057254030016677,414.8,1961,392.2,0.05448408871745419,0.21161048689138576,0.605251571604683,555,513,6.0,111.0,102.6,3,3,3,1.0,219.0,-219.0
0.1,0.25,within_subject_chronological,within_chb03,chb03,5.0,lightgbm,LightGBM,Temporal persistence,0.1,raw,2,,0.0,1379,0.15330739299610896,275.8,1315,263.0,0.046410442349528645,0.1198501872659176,0.6712277127433037,388,358,6.0,77.6,71.6,3,3,3,1.0,198.0,-198.0
0.1,0.25,within_subject_chronological,within_chb03,chb03,5.0,lightgbm,LightGBM,Full governed policy,0.1,isotonic,2,0.25,0.0,1431,0.15908838243468593,286.2,1359,271.8,0.050314465408805034,0.1348314606741573,0.6837709227646335,393,362,6.0,78.6,72.4,3,3,3,1.0,198.0,-198.0
0.1,0.4,within_subject_chronological,within_chb03,chb03,5.0,lightgbm,LightGBM,Fixed threshold,0.1,raw,1,,0.0,2074,0.23057254030016677,414.8,1961,392.2,0.05448408871745419,0.21161048689138576,0.605251571604683,555,513,6.0,111.0,102.6,3,3,3,1.0,219.0,-219.0
0.1,0.4,within_subject_chronological,within_chb03,chb03,5.0,lightgbm,LightGBM,Temporal persistence,0.1,raw,2,,0.0,1379,0.15330739299610896,275.8,1315,263.0,0.046410442349528645,0.1198501872659176,0.6712277127433037,388,358,6.0,77.6,71.6,3,3,3,1.0,198.0,-198.0
0.1,0.4,within_subject_chronological,within_chb03,chb03,5.0,lightgbm,LightGBM,Full governed policy,0.1,isotonic,2,0.4,0.0,1431,0.15908838243468593,286.2,1359,271.8,0.050314465408805034,0.1348314606741573,0.6837709227646335,393,362,6.0,78.6,72.4,3,3,3,1.0,198.0,-198.0
0.1,0.67,within_subject_chronological,within_chb03,chb03,5.0,lightgbm,LightGBM,Fixed threshold,0.1,raw,1,,0.0,2074,0.23057254030016677,414.8,1961,392.2,0.05448408871745419,0.21161048689138576,0.605251571604683,555,513,6.0,111.0,102.6,3,3,3,1.0,219.0,-219.0
0.1,0.67,within_subject_chronological,within_chb03,chb03,5.0,lightgbm,LightGBM,Temporal persistence,0.1,raw,2,,0.0,1379,0.15330739299610896,275.8,1315,263.0,0.046410442349528645,0.1198501872659176,0.6712277127433037,388,358,6.0,77.6,71.6,3,3,3,1.0,198.0,-198.0
0.1,0.67,within_subject_chronological,within_chb03,chb03,5.0,lightgbm,LightGBM,Full governed policy,0.1,isotonic,2,0.67,0.0,327,0.03635352973874375,65.4,300,60.0,0.08256880733944955,0.05056179775280899,1.0,195,183,4.0,39.0,36.6,3,3,2,1.0,118.0,-118.0
0.2,0.0,within_subject_chronological,within_chb03,chb03,5.0,lightgbm,LightGBM,Fixed threshold,0.2,raw,1,,0.0,1437,0.15975541967759865,287.4,1375,275.0,0.04314544189283229,0.11610486891385768,0.6192023698987487,459,422,6.0,91.8,84.4,3,3,3,1.0,219.0,-219.0
0.2,0.0,within_subject_chronological,within_chb03,chb03,5.0,lightgbm,LightGBM,Temporal persistence,0.2,raw,2,,0.0,878,0.09760978321289605,175.6,854,170.8,0.02733485193621868,0.0449438202247191,0.6934094442636584,278,261,6.0,55.6,52.2,3,3,3,1.0,118.0,-118.0
0.2,0.0,within_subject_chronological,within_chb03,chb03,5.0,lightgbm,LightGBM,Full governed policy,0.2,isotonic,2,0.0,0.0,468,0.05202890494719289,93.6,456,91.2,0.02564102564102564,0.02247191011235955,0.7433608058608058,167,158,6.0,33.4,31.6,3,3,2,1.0,93.0,-93.0
0.2,0.25,within_subject_chronological,within_chb03,chb03,5.0,lightgbm,LightGBM,Fixed threshold,0.2,raw,1,,0.0,1437,0.15975541967759865,287.4,1375,275.0,0.04314544189283229,0.11610486891385768,0.6192023698987487,459,422,6.0,91.8,84.4,3,3,3,1.0,219.0,-219.0
0.2,0.25,within_subject_chronological,within_chb03,chb03,5.0,lightgbm,LightGBM,Temporal persistence,0.2,raw,2,,0.0,878,0.09760978321289605,175.6,854,170.8,0.02733485193621868,0.0449438202247191,0.6934094442636584,278,261,6.0,55.6,52.2,3,3,3,1.0,118.0,-118.0
0.2,0.25,within_subject_chronological,within_chb03,chb03,5.0,lightgbm,LightGBM,Full governed policy,0.2,isotonic,2,0.25,0.0,465,0.05169538632573652,93.0,453,90.6,0.025806451612903226,0.02247191011235955,0.7465437788018432,166,157,6.0,33.2,31.4,3,3,2,1.0,93.0,-93.0
0.2,0.4,within_subject_chronological,within_chb03,chb03,5.0,lightgbm,LightGBM,Fixed threshold,0.2,raw,1,,0.0,1437,0.15975541967759865,287.4,1375,275.0,0.04314544189283229,0.11610486891385768,0.6192023698987487,459,422,6.0,91.8,84.4,3,3,3,1.0,219.0,-219.0
0.2,0.4,within_subject_chronological,within_chb03,chb03,5.0,lightgbm,LightGBM,Temporal persistence,0.2,raw,2,,0.0,878,0.09760978321289605,175.6,854,170.8,0.02733485193621868,0.0449438202247191,0.6934094442636584,278,261,6.0,55.6,52.2,3,3,3,1.0,118.0,-118.0
0.2,0.4,within_subject_chronological,within_chb03,chb03,5.0,lightgbm,LightGBM,Full governed policy,0.2,isotonic,2,0.4,0.0,465,0.05169538632573652,93.0,453,90.6,0.025806451612903226,0.02247191011235955,0.7465437788018432,166,157,6.0,33.2,31.4,3,3,2,1.0,93.0,-93.0
0.2,0.67,within_subject_chronological,within_chb03,chb03,5.0,lightgbm,LightGBM,Fixed threshold,0.2,raw,1,,0.0,1437,0.15975541967759865,287.4,1375,275.0,0.04314544189283229,0.11610486891385768,0.6192023698987487,459,422,6.0,91.8,84.4,3,3,3,1.0,219.0,-219.0
0.2,0.67,within_subject_chronological,within_chb03,chb03,5.0,lightgbm,LightGBM,Temporal persistence,0.2,raw,2,,0.0,878,0.09760978321289605,175.6,854,170.8,0.02733485193621868,0.0449438202247191,0.6934094442636584,278,261,6.0,55.6,52.2,3,3,3,1.0,118.0,-118.0
0.2,0.67,within_subject_chronological,within_chb03,chb03,5.0,lightgbm,LightGBM,Full governed policy,0.2,isotonic,2,0.67,0.0,160,0.017787659811006114,32.0,159,31.8,0.00625,0.0018726591760299626,1.0,84,83,4.0,16.8,16.6,3,1,1,0.3333333333333333,118.0,-118.0
0.3,0.0,within_subject_chronological,within_chb03,chb03,5.0,lightgbm,LightGBM,Fixed threshold,0.3,raw,1,,0.0,1096,0.12184546970539188,219.2,1055,211.0,0.037408759124087594,0.07677902621722846,0.6330216713778357,356,331,6.0,71.2,66.2,3,3,3,1.0,182.0,-182.0
0.3,0.0,within_subject_chronological,within_chb03,chb03,5.0,lightgbm,LightGBM,Temporal persistence,0.3,raw,2,,0.0,659,0.07326292384658144,131.8,643,128.6,0.024279210925644917,0.0299625468164794,0.7128224582701063,221,209,6.0,44.2,41.8,3,3,2,1.0,93.0,-93.0
0.3,0.0,within_subject_chronological,within_chb03,chb03,5.0,lightgbm,LightGBM,Full governed policy,0.3,isotonic,2,0.0,0.0,69,0.0076709282934963865,13.8,66,13.2,0.043478260869565216,0.0056179775280898875,0.8248792270531401,29,26,4.0,5.8,5.2,3,3,0,1.0,-5.0,5.0
0.3,0.25,within_subject_chronological,within_chb03,chb03,5.0,lightgbm,LightGBM,Fixed threshold,0.3,raw,1,,0.0,1096,0.12184546970539188,219.2,1055,211.0,0.037408759124087594,0.07677902621722846,0.6330216713778357,356,331,6.0,71.2,66.2,3,3,3,1.0,182.0,-182.0
0.3,0.25,within_subject_chronological,within_chb03,chb03,5.0,lightgbm,LightGBM,Temporal persistence,0.3,raw,2,,0.0,659,0.07326292384658144,131.8,643,128.6,0.024279210925644917,0.0299625468164794,0.7128224582701063,221,209,6.0,44.2,41.8,3,3,2,1.0,93.0,-93.0
0.3,0.25,within_subject_chronological,within_chb03,chb03,5.0,lightgbm,LightGBM,Full governed policy,0.3,isotonic,2,0.25,0.0,68,0.007559755419677599,13.6,65,13.0,0.04411764705882353,0.0056179775280898875,0.8333333333333333,29,26,4.0,5.8,5.2,3,3,0,1.0,-5.0,5.0
0.3,0.4,within_subject_chronological,within_chb03,chb03,5.0,lightgbm,LightGBM,Fixed threshold,0.3,raw,1,,0.0,1096,0.12184546970539188,219.2,1055,211.0,0.037408759124087594,0.07677902621722846,0.6330216713778357,356,331,6.0,71.2,66.2,3,3,3,1.0,182.0,-182.0
0.3,0.4,within_subject_chronological,within_chb03,chb03,5.0,lightgbm,LightGBM,Temporal persistence,0.3,raw,2,,0.0,659,0.07326292384658144,131.8,643,128.6,0.024279210925644917,0.0299625468164794,0.7128224582701063,221,209,6.0,44.2,41.8,3,3,2,1.0,93.0,-93.0
0.3,0.4,within_subject_chronological,within_chb03,chb03,5.0,lightgbm,LightGBM,Full governed policy,0.3,isotonic,2,0.4,0.0,68,0.007559755419677599,13.6,65,13.0,0.04411764705882353,0.0056179775280898875,0.8333333333333333,29,26,4.0,5.8,5.2,3,3,0,1.0,-5.0,5.0
0.3,0.67,within_subject_chronological,within_chb03,chb03,5.0,lightgbm,LightGBM,Fixed threshold,0.3,raw,1,,0.0,1096,0.12184546970539188,219.2,1055,211.0,0.037408759124087594,0.07677902621722846,0.6330216713778357,356,331,6.0,71.2,66.2,3,3,3,1.0,182.0,-182.0
0.3,0.67,within_subject_chronological,within_chb03,chb03,5.0,lightgbm,LightGBM,Temporal persistence,0.3,raw,2,,0.0,659,0.07326292384658144,131.8,643,128.6,0.024279210925644917,0.0299625468164794,0.7128224582701063,221,209,6.0,44.2,41.8,3,3,2,1.0,93.0,-93.0
0.3,0.67,within_subject_chronological,within_chb03,chb03,5.0,lightgbm,LightGBM,Full governed policy,0.3,isotonic,2,0.67,0.0,34,0.0037798777098387993,6.8,34,6.8,0.0,0.0,1.0,18,18,4.0,3.6,3.6,3,0,0,0.0,,
0.4,0.0,within_subject_chronological,within_chb03,chb03,5.0,lightgbm,LightGBM,Fixed threshold,0.4,raw,1,,0.0,819,0.09105058365758754,163.8,789,157.8,0.03663003663003663,0.056179775280898875,0.6560458941411325,284,266,6.0,56.8,53.2,3,3,3,1.0,182.0,-182.0
0.4,0.0,within_subject_chronological,within_chb03,chb03,5.0,lightgbm,LightGBM,Temporal persistence,0.4,raw,2,,0.0,470,0.05225125069483046,94.0,458,91.6,0.02553191489361702,0.02247191011235955,0.7421479229989868,169,160,6.0,33.8,32.0,3,3,2,1.0,93.0,-93.0
0.4,0.0,within_subject_chronological,within_chb03,chb03,5.0,lightgbm,LightGBM,Full governed policy,0.4,isotonic,2,0.0,0.0,34,0.0037798777098387993,6.8,32,6.4,0.058823529411764705,0.003745318352059925,0.8210784313725491,18,16,4.0,3.6,3.2,3,2,0,0.6666666666666666,-24.0,24.0
0.4,0.25,within_subject_chronological,within_chb03,chb03,5.0,lightgbm,LightGBM,Fixed threshold,0.4,raw,1,,0.0,819,0.09105058365758754,163.8,789,157.8,0.03663003663003663,0.056179775280898875,0.6560458941411325,284,266,6.0,56.8,53.2,3,3,3,1.0,182.0,-182.0
0.4,0.25,within_subject_chronological,within_chb03,chb03,5.0,lightgbm,LightGBM,Temporal persistence,0.4,raw,2,,0.0,470,0.05225125069483046,94.0,458,91.6,0.02553191489361702,0.02247191011235955,0.7421479229989868,169,160,6.0,33.8,32.0,3,3,2,1.0,93.0,-93.0
0.4,0.25,within_subject_chronological,within_chb03,chb03,5.0,lightgbm,LightGBM,Full governed policy,0.4,isotonic,2,0.25,0.0,33,0.003668704836020011,6.6,31,6.2,0.06060606060606061,0.003745318352059925,0.8383838383838385,18,16,4.0,3.6,3.2,3,2,0,0.6666666666666666,-24.0,24.0
0.4,0.4,within_subject_chronological,within_chb03,chb03,5.0,lightgbm,LightGBM,Fixed threshold,0.4,raw,1,,0.0,819,0.09105058365758754,163.8,789,157.8,0.03663003663003663,0.056179775280898875,0.6560458941411325,284,266,6.0,56.8,53.2,3,3,3,1.0,182.0,-182.0
0.4,0.4,within_subject_chronological,within_chb03,chb03,5.0,lightgbm,LightGBM,Temporal persistence,0.4,raw,2,,0.0,470,0.05225125069483046,94.0,458,91.6,0.02553191489361702,0.02247191011235955,0.7421479229989868,169,160,6.0,33.8,32.0,3,3,2,1.0,93.0,-93.0
0.4,0.4,within_subject_chronological,within_chb03,chb03,5.0,lightgbm,LightGBM,Full governed policy,0.4,isotonic,2,0.4,0.0,33,0.003668704836020011,6.6,31,6.2,0.06060606060606061,0.003745318352059925,0.8383838383838385,18,16,4.0,3.6,3.2,3,2,0,0.6666666666666666,-24.0,24.0
0.4,0.67,within_subject_chronological,within_chb03,chb03,5.0,lightgbm,LightGBM,Fixed threshold,0.4,raw,1,,0.0,819,0.09105058365758754,163.8,789,157.8,0.03663003663003663,0.056179775280898875,0.6560458941411325,284,266,6.0,56.8,53.2,3,3,3,1.0,182.0,-182.0
0.4,0.67,within_subject_chronological,within_chb03,chb03,5.0,lightgbm,LightGBM,Temporal persistence,0.4,raw,2,,0.0,470,0.05225125069483046,94.0,458,91.6,0.02553191489361702,0.02247191011235955,0.7421479229989868,169,160,6.0,33.8,32.0,3,3,2,1.0,93.0,-93.0
0.4,0.67,within_subject_chronological,within_chb03,chb03,5.0,lightgbm,LightGBM,Full governed policy,0.4,isotonic,2,0.67,0.0,17,0.0018899388549193997,3.4,17,3.4,0.0,0.0,1.0,10,10,4.0,2.0,2.0,3,0,0,0.0,,
0.5,0.0,within_subject_chronological,within_chb03,chb03,5.0,lightgbm,LightGBM,Fixed threshold,0.5,raw,1,,0.0,626,0.06959421901056143,125.2,600,120.0,0.04153354632587859,0.04868913857677903,0.6683401795222882,244,227,4.0,48.8,45.4,3,3,3,1.0,182.0,-182.0
0.5,0.0,within_subject_chronological,within_chb03,chb03,5.0,lightgbm,LightGBM,Temporal persistence,0.5,raw,2,,0.0,330,0.03668704836020011,66.0,321,64.2,0.02727272727272727,0.016853932584269662,0.761940836940837,127,120,6.0,25.4,24.0,3,3,1,1.0,-3.0,3.0
0.5,0.0,within_subject_chronological,within_chb03,chb03,5.0,lightgbm,LightGBM,Full governed policy,0.5,isotonic,2,0.0,0.0,18,0.0020011117287381877,3.6,16,3.2,0.1111111111111111,0.003745318352059925,0.7916666666666665,13,11,4.0,2.6,2.2,3,2,0,0.6666666666666666,-24.0,24.0
0.5,0.25,within_subject_chronological,within_chb03,chb03,5.0,lightgbm,LightGBM,Fixed threshold,0.5,raw,1,,0.0,626,0.06959421901056143,125.2,600,120.0,0.04153354632587859,0.04868913857677903,0.6683401795222882,244,227,4.0,48.8,45.4,3,3,3,1.0,182.0,-182.0
0.5,0.25,within_subject_chronological,within_chb03,chb03,5.0,lightgbm,LightGBM,Temporal persistence,0.5,raw,2,,0.0,330,0.03668704836020011,66.0,321,64.2,0.02727272727272727,0.016853932584269662,0.761940836940837,127,120,6.0,25.4,24.0,3,3,1,1.0,-3.0,3.0
0.5,0.25,within_subject_chronological,within_chb03,chb03,5.0,lightgbm,LightGBM,Full governed policy,0.5,isotonic,2,0.25,0.0,17,0.0018899388549193997,3.4,15,3.0,0.11764705882352941,0.003745318352059925,0.8235294117647057,13,11,4.0,2.6,2.2,3,2,0,0.6666666666666666,-24.0,24.0
0.5,0.4,within_subject_chronological,within_chb03,chb03,5.0,lightgbm,LightGBM,Fixed threshold,0.5,raw,1,,0.0,626,0.06959421901056143,125.2,600,120.0,0.04153354632587859,0.04868913857677903,0.6683401795222882,244,227,4.0,48.8,45.4,3,3,3,1.0,182.0,-182.0
0.5,0.4,within_subject_chronological,within_chb03,chb03,5.0,lightgbm,LightGBM,Temporal persistence,0.5,raw,2,,0.0,330,0.03668704836020011,66.0,321,64.2,0.02727272727272727,0.016853932584269662,0.761940836940837,127,120,6.0,25.4,24.0,3,3,1,1.0,-3.0,3.0
0.5,0.4,within_subject_chronological,within_chb03,chb03,5.0,lightgbm,LightGBM,Full governed policy,0.5,isotonic,2,0.4,0.0,17,0.0018899388549193997,3.4,15,3.0,0.11764705882352941,0.003745318352059925,0.8235294117647057,13,11,4.0,2.6,2.2,3,2,0,0.6666666666666666,-24.0,24.0
0.5,0.67,within_subject_chronological,within_chb03,chb03,5.0,lightgbm,LightGBM,Fixed threshold,0.5,raw,1,,0.0,626,0.06959421901056143,125.2,600,120.0,0.04153354632587859,0.04868913857677903,0.6683401795222882,244,227,4.0,48.8,45.4,3,3,3,1.0,182.0,-182.0
0.5,0.67,within_subject_chronological,within_chb03,chb03,5.0,lightgbm,LightGBM,Temporal persistence,0.5,raw,2,,0.0,330,0.03668704836020011,66.0,321,64.2,0.02727272727272727,0.016853932584269662,0.761940836940837,127,120,6.0,25.4,24.0,3,3,1,1.0,-3.0,3.0
0.5,0.67,within_subject_chronological,within_chb03,chb03,5.0,lightgbm,LightGBM,Full governed policy,0.5,isotonic,2,0.67,0.0,8,0.0008893829905503057,1.6,8,1.6,0.0,0.0,1.0,5,5,4.0,1.0,1.0,3,0,0,0.0,,
0.6,0.0,within_subject_chronological,within_chb03,chb03,5.0,lightgbm,LightGBM,Fixed threshold,0.6,raw,1,,0.0,490,0.054474708171206226,98.0,470,94.0,0.04081632653061224,0.03745318352059925,0.6859086491739552,203,191,6.0,40.6,38.2,3,3,2,1.0,93.0,-93.0
0.6,0.0,within_subject_chronological,within_chb03,chb03,5.0,lightgbm,LightGBM,Temporal persistence,0.6,raw,2,,0.0,252,0.02801556420233463,50.4,244,48.8,0.031746031746031744,0.0149812734082397,0.7765022675736961,102,96,4.0,20.4,19.2,3,3,1,1.0,-3.0,3.0
0.6,0.0,within_subject_chronological,within_chb03,chb03,5.0,lightgbm,LightGBM,Full governed policy,0.6,isotonic,2,0.0,0.0,18,0.0020011117287381877,3.6,16,3.2,0.1111111111111111,0.003745318352059925,0.7916666666666665,13,11,4.0,2.6,2.2,3,2,0,0.6666666666666666,-24.0,24.0
0.6,0.25,within_subject_chronological,within_chb03,chb03,5.0,lightgbm,LightGBM,Fixed threshold,0.6,raw,1,,0.0,490,0.054474708171206226,98.0,470,94.0,0.04081632653061224,0.03745318352059925,0.6859086491739552,203,191,6.0,40.6,38.2,3,3,2,1.0,93.0,-93.0
0.6,0.25,within_subject_chronological,within_chb03,chb03,5.0,lightgbm,LightGBM,Temporal persistence,0.6,raw,2,,0.0,252,0.02801556420233463,50.4,244,48.8,0.031746031746031744,0.0149812734082397,0.7765022675736961,102,96,4.0,20.4,19.2,3,3,1,1.0,-3.0,3.0
0.6,0.25,within_subject_chronological,within_chb03,chb03,5.0,lightgbm,LightGBM,Full governed policy,0.6,isotonic,2,0.25,0.0,17,0.0018899388549193997,3.4,15,3.0,0.11764705882352941,0.003745318352059925,0.8235294117647057,13,11,4.0,2.6,2.2,3,2,0,0.6666666666666666,-24.0,24.0
0.6,0.4,within_subject_chronological,within_chb03,chb03,5.0,lightgbm,LightGBM,Fixed threshold,0.6,raw,1,,0.0,490,0.054474708171206226,98.0,470,94.0,0.04081632653061224,0.03745318352059925,0.6859086491739552,203,191,6.0,40.6,38.2,3,3,2,1.0,93.0,-93.0
0.6,0.4,within_subject_chronological,within_chb03,chb03,5.0,lightgbm,LightGBM,Temporal persistence,0.6,raw,2,,0.0,252,0.02801556420233463,50.4,244,48.8,0.031746031746031744,0.0149812734082397,0.7765022675736961,102,96,4.0,20.4,19.2,3,3,1,1.0,-3.0,3.0
0.6,0.4,within_subject_chronological,within_chb03,chb03,5.0,lightgbm,LightGBM,Full governed policy,0.6,isotonic,2,0.4,0.0,17,0.0018899388549193997,3.4,15,3.0,0.11764705882352941,0.003745318352059925,0.8235294117647057,13,11,4.0,2.6,2.2,3,2,0,0.6666666666666666,-24.0,24.0
0.6,0.67,within_subject_chronological,within_chb03,chb03,5.0,lightgbm,LightGBM,Fixed threshold,0.6,raw,1,,0.0,490,0.054474708171206226,98.0,470,94.0,0.04081632653061224,0.03745318352059925,0.6859086491739552,203,191,6.0,40.6,38.2,3,3,2,1.0,93.0,-93.0
0.6,0.67,within_subject_chronological,within_chb03,chb03,5.0,lightgbm,LightGBM,Temporal persistence,0.6,raw,2,,0.0,252,0.02801556420233463,50.4,244,48.8,0.031746031746031744,0.0149812734082397,0.7765022675736961,102,96,4.0,20.4,19.2,3,3,1,1.0,-3.0,3.0
0.6,0.67,within_subject_chronological,within_chb03,chb03,5.0,lightgbm,LightGBM,Full governed policy,0.6,isotonic,2,0.67,0.0,8,0.0008893829905503057,1.6,8,1.6,0.0,0.0,1.0,5,5,4.0,1.0,1.0,3,0,0,0.0,,
0.7,0.0,within_subject_chronological,within_chb03,chb03,5.0,lightgbm,LightGBM,Fixed threshold,0.7,raw,1,,0.0,361,0.04013340744858255,72.2,343,68.6,0.04986149584487535,0.033707865168539325,0.6971265884008266,157,146,4.0,31.4,29.2,3,3,2,1.0,78.0,-78.0
0.7,0.0,within_subject_chronological,within_chb03,chb03,5.0,lightgbm,LightGBM,Temporal persistence,0.7,raw,2,,0.0,179,0.01989994441356309,35.8,172,34.4,0.03910614525139665,0.013108614232209739,0.7946927374301676,75,70,4.0,15.0,14.0,3,3,0,1.0,-3.0,3.0
0.7,0.0,within_subject_chronological,within_chb03,chb03,5.0,lightgbm,LightGBM,Full governed policy,0.7,isotonic,2,0.0,0.0,18,0.0020011117287381877,3.6,16,3.2,0.1111111111111111,0.003745318352059925,0.7916666666666665,13,11,4.0,2.6,2.2,3,2,0,0.6666666666666666,-24.0,24.0
0.7,0.25,within_subject_chronological,within_chb03,chb03,5.0,lightgbm,LightGBM,Fixed threshold,0.7,raw,1,,0.0,361,0.04013340744858255,72.2,343,68.6,0.04986149584487535,0.033707865168539325,0.6971265884008266,157,146,4.0,31.4,29.2,3,3,2,1.0,78.0,-78.0
0.7,0.25,within_subject_chronological,within_chb03,chb03,5.0,lightgbm,LightGBM,Temporal persistence,0.7,raw,2,,0.0,179,0.01989994441356309,35.8,172,34.4,0.03910614525139665,0.013108614232209739,0.7946927374301676,75,70,4.0,15.0,14.0,3,3,0,1.0,-3.0,3.0
0.7,0.25,within_subject_chronological,within_chb03,chb03,5.0,lightgbm,LightGBM,Full governed policy,0.7,isotonic,2,0.25,0.0,17,0.0018899388549193997,3.4,15,3.0,0.11764705882352941,0.003745318352059925,0.8235294117647057,13,11,4.0,2.6,2.2,3,2,0,0.6666666666666666,-24.0,24.0
0.7,0.4,within_subject_chronological,within_chb03,chb03,5.0,lightgbm,LightGBM,Fixed threshold,0.7,raw,1,,0.0,361,0.04013340744858255,72.2,343,68.6,0.04986149584487535,0.033707865168539325,0.6971265884008266,157,146,4.0,31.4,29.2,3,3,2,1.0,78.0,-78.0
0.7,0.4,within_subject_chronological,within_chb03,chb03,5.0,lightgbm,LightGBM,Temporal persistence,0.7,raw,2,,0.0,179,0.01989994441356309,35.8,172,34.4,0.03910614525139665,0.013108614232209739,0.7946927374301676,75,70,4.0,15.0,14.0,3,3,0,1.0,-3.0,3.0
0.7,0.4,within_subject_chronological,within_chb03,chb03,5.0,lightgbm,LightGBM,Full governed policy,0.7,isotonic,2,0.4,0.0,17,0.0018899388549193997,3.4,15,3.0,0.11764705882352941,0.003745318352059925,0.8235294117647057,13,11,4.0,2.6,2.2,3,2,0,0.6666666666666666,-24.0,24.0
0.7,0.67,within_subject_chronological,within_chb03,chb03,5.0,lightgbm,LightGBM,Fixed threshold,0.7,raw,1,,0.0,361,0.04013340744858255,72.2,343,68.6,0.04986149584487535,0.033707865168539325,0.6971265884008266,157,146,4.0,31.4,29.2,3,3,2,1.0,78.0,-78.0
0.7,0.67,within_subject_chronological,within_chb03,chb03,5.0,lightgbm,LightGBM,Temporal persistence,0.7,raw,2,,0.0,179,0.01989994441356309,35.8,172,34.4,0.03910614525139665,0.013108614232209739,0.7946927374301676,75,70,4.0,15.0,14.0,3,3,0,1.0,-3.0,3.0
0.7,0.67,within_subject_chronological,within_chb03,chb03,5.0,lightgbm,LightGBM,Full governed policy,0.7,isotonic,2,0.67,0.0,8,0.0008893829905503057,1.6,8,1.6,0.0,0.0,1.0,5,5,4.0,1.0,1.0,3,0,0,0.0,,
0.8,0.0,within_subject_chronological,within_chb03,chb03,5.0,lightgbm,LightGBM,Fixed threshold,0.8,raw,1,,0.0,224,0.024902723735408562,44.8,213,42.6,0.049107142857142856,0.020599250936329586,0.738484977324263,103,96,4.0,20.6,19.2,3,3,1,1.0,-2.0,2.0
0.8,0.0,within_subject_chronological,within_chb03,chb03,5.0,lightgbm,LightGBM,Temporal persistence,0.8,raw,2,,0.0,111,0.012340188993885491,22.2,107,21.4,0.036036036036036036,0.00749063670411985,0.817782067782068,47,43,4.0,9.4,8.6,3,3,0,1.0,-5.0,5.0
0.8,0.0,within_subject_chronological,within_chb03,chb03,5.0,lightgbm,LightGBM,Full governed policy,0.8,isotonic,2,0.0,0.0,16,0.0017787659811006114,3.2,14,2.8,0.125,0.003745318352059925,0.765625,13,11,4.0,2.6,2.2,3,2,0,0.6666666666666666,-24.0,24.0
0.8,0.25,within_subject_chronological,within_chb03,chb03,5.0,lightgbm,LightGBM,Fixed threshold,0.8,raw,1,,0.0,224,0.024902723735408562,44.8,213,42.6,0.049107142857142856,0.020599250936329586,0.738484977324263,103,96,4.0,20.6,19.2,3,3,1,1.0,-2.0,2.0
0.8,0.25,within_subject_chronological,within_chb03,chb03,5.0,lightgbm,LightGBM,Temporal persistence,0.8,raw,2,,0.0,111,0.012340188993885491,22.2,107,21.4,0.036036036036036036,0.00749063670411985,0.817782067782068,47,43,4.0,9.4,8.6,3,3,0,1.0,-5.0,5.0
0.8,0.25,within_subject_chronological,within_chb03,chb03,5.0,lightgbm,LightGBM,Full governed policy,0.8,isotonic,2,0.25,0.0,15,0.0016675931072818232,3.0,13,2.6,0.13333333333333333,0.003745318352059925,0.7999999999999999,13,11,4.0,2.6,2.2,3,2,0,0.6666666666666666,-24.0,24.0
0.8,0.4,within_subject_chronological,within_chb03,chb03,5.0,lightgbm,LightGBM,Fixed threshold,0.8,raw,1,,0.0,224,0.024902723735408562,44.8,213,42.6,0.049107142857142856,0.020599250936329586,0.738484977324263,103,96,4.0,20.6,19.2,3,3,1,1.0,-2.0,2.0
0.8,0.4,within_subject_chronological,within_chb03,chb03,5.0,lightgbm,LightGBM,Temporal persistence,0.8,raw,2,,0.0,111,0.012340188993885491,22.2,107,21.4,0.036036036036036036,0.00749063670411985,0.817782067782068,47,43,4.0,9.4,8.6,3,3,0,1.0,-5.0,5.0
0.8,0.4,within_subject_chronological,within_chb03,chb03,5.0,lightgbm,LightGBM,Full governed policy,0.8,isotonic,2,0.4,0.0,15,0.0016675931072818232,3.0,13,2.6,0.13333333333333333,0.003745318352059925,0.7999999999999999,13,11,4.0,2.6,2.2,3,2,0,0.6666666666666666,-24.0,24.0
0.8,0.67,within_subject_chronological,within_chb03,chb03,5.0,lightgbm,LightGBM,Fixed threshold,0.8,raw,1,,0.0,224,0.024902723735408562,44.8,213,42.6,0.049107142857142856,0.020599250936329586,0.738484977324263,103,96,4.0,20.6,19.2,3,3,1,1.0,-2.0,2.0
0.8,0.67,within_subject_chronological,within_chb03,chb03,5.0,lightgbm,LightGBM,Temporal persistence,0.8,raw,2,,0.0,111,0.012340188993885491,22.2,107,21.4,0.036036036036036036,0.00749063670411985,0.817782067782068,47,43,4.0,9.4,8.6,3,3,0,1.0,-5.0,5.0
0.8,0.67,within_subject_chronological,within_chb03,chb03,5.0,lightgbm,LightGBM,Full governed policy,0.8,isotonic,2,0.67,0.0,6,0.0006670372429127293,1.2,6,1.2,0.0,0.0,1.0,5,5,4.0,1.0,1.0,3,0,0,0.0,,
0.9,0.0,within_subject_chronological,within_chb03,chb03,5.0,lightgbm,LightGBM,Fixed threshold,0.9,raw,1,,0.0,122,0.013563090605892163,24.4,113,22.6,0.07377049180327869,0.016853932584269662,0.7546838407494145,60,54,4.0,12.0,10.8,3,3,0,1.0,-2.0,2.0
0.9,0.0,within_subject_chronological,within_chb03,chb03,5.0,lightgbm,LightGBM,Temporal persistence,0.9,raw,2,,0.0,56,0.0062256809338521405,11.2,53,10.6,0.05357142857142857,0.0056179775280898875,0.8199404761904763,28,25,4.0,5.6,5.0,3,3,0,1.0,-5.0,5.0
0.9,0.0,within_subject_chronological,within_chb03,chb03,5.0,lightgbm,LightGBM,Full governed policy,0.9,isotonic,2,0.0,0.0,16,0.0017787659811006114,3.2,14,2.8,0.125,0.003745318352059925,0.765625,13,11,4.0,2.6,2.2,3,2,0,0.6666666666666666,-24.0,24.0
0.9,0.25,within_subject_chronological,within_chb03,chb03,5.0,lightgbm,LightGBM,Fixed threshold,0.9,raw,1,,0.0,122,0.013563090605892163,24.4,113,22.6,0.07377049180327869,0.016853932584269662,0.7546838407494145,60,54,4.0,12.0,10.8,3,3,0,1.0,-2.0,2.0
0.9,0.25,within_subject_chronological,within_chb03,chb03,5.0,lightgbm,LightGBM,Temporal persistence,0.9,raw,2,,0.0,56,0.0062256809338521405,11.2,53,10.6,0.05357142857142857,0.0056179775280898875,0.8199404761904763,28,25,4.0,5.6,5.0,3,3,0,1.0,-5.0,5.0
0.9,0.25,within_subject_chronological,within_chb03,chb03,5.0,lightgbm,LightGBM,Full governed policy,0.9,isotonic,2,0.25,0.0,15,0.0016675931072818232,3.0,13,2.6,0.13333333333333333,0.003745318352059925,0.7999999999999999,13,11,4.0,2.6,2.2,3,2,0,0.6666666666666666,-24.0,24.0
0.9,0.4,within_subject_chronological,within_chb03,chb03,5.0,lightgbm,LightGBM,Fixed threshold,0.9,raw,1,,0.0,122,0.013563090605892163,24.4,113,22.6,0.07377049180327869,0.016853932584269662,0.7546838407494145,60,54,4.0,12.0,10.8,3,3,0,1.0,-2.0,2.0
0.9,0.4,within_subject_chronological,within_chb03,chb03,5.0,lightgbm,LightGBM,Temporal persistence,0.9,raw,2,,0.0,56,0.0062256809338521405,11.2,53,10.6,0.05357142857142857,0.0056179775280898875,0.8199404761904763,28,25,4.0,5.6,5.0,3,3,0,1.0,-5.0,5.0
0.9,0.4,within_subject_chronological,within_chb03,chb03,5.0,lightgbm,LightGBM,Full governed policy,0.9,isotonic,2,0.4,0.0,15,0.0016675931072818232,3.0,13,2.6,0.13333333333333333,0.003745318352059925,0.7999999999999999,13,11,4.0,2.6,2.2,3,2,0,0.6666666666666666,-24.0,24.0
0.9,0.67,within_subject_chronological,within_chb03,chb03,5.0,lightgbm,LightGBM,Fixed threshold,0.9,raw,1,,0.0,122,0.013563090605892163,24.4,113,22.6,0.07377049180327869,0.016853932584269662,0.7546838407494145,60,54,4.0,12.0,10.8,3,3,0,1.0,-2.0,2.0
0.9,0.67,within_subject_chronological,within_chb03,chb03,5.0,lightgbm,LightGBM,Temporal persistence,0.9,raw,2,,0.0,56,0.0062256809338521405,11.2,53,10.6,0.05357142857142857,0.0056179775280898875,0.8199404761904763,28,25,4.0,5.6,5.0,3,3,0,1.0,-5.0,5.0
0.9,0.67,within_subject_chronological,within_chb03,chb03,5.0,lightgbm,LightGBM,Full governed policy,0.9,isotonic,2,0.67,0.0,6,0.0006670372429127293,1.2,6,1.2,0.0,0.0,1.0,5,5,4.0,1.0,1.0,3,0,0,0.0,,
0.1,0.0,within_subject_chronological,within_chb05,chb05,6.0,lightgbm,LightGBM,Fixed threshold,0.1,raw,1,,0.0,1354,0.12544005929219937,225.66666666666666,1071,178.5,0.20901033973412111,0.4586709886547812,0.6643044711730088,481,430,6.0,80.16666666666667,71.66666666666667,3,3,3,1.0,295.0,-295.0
0.1,0.0,within_subject_chronological,within_chb05,chb05,6.0,lightgbm,LightGBM,Temporal persistence,0.1,raw,2,,0.0,757,0.07013155456735223,126.16666666666667,536,89.33333333333333,0.2919418758256275,0.3581847649918963,0.7599547084355538,265,232,4.0,44.166666666666664,38.666666666666664,3,3,3,1.0,293.0,-293.0
0.1,0.0,within_subject_chronological,within_chb05,chb05,6.0,lightgbm,LightGBM,Full governed policy,0.1,isotonic,2,0.0,0.0,292,0.0270520659625718,48.666666666666664,116,19.333333333333332,0.6027397260273972,0.2852512155591572,0.8820939334637964,90,73,4.0,15.0,12.166666666666666,3,3,3,1.0,293.0,-293.0
0.1,0.25,within_subject_chronological,within_chb05,chb05,6.0,lightgbm,LightGBM,Fixed threshold,0.1,raw,1,,0.0,1354,0.12544005929219937,225.66666666666666,1071,178.5,0.20901033973412111,0.4586709886547812,0.6643044711730088,481,430,6.0,80.16666666666667,71.66666666666667,3,3,3,1.0,295.0,-295.0
0.1,0.25,within_subject_chronological,within_chb05,chb05,6.0,lightgbm,LightGBM,Temporal persistence,0.1,raw,2,,0.0,757,0.07013155456735223,126.16666666666667,536,89.33333333333333,0.2919418758256275,0.3581847649918963,0.7599547084355538,265,232,4.0,44.166666666666664,38.666666666666664,3,3,3,1.0,293.0,-293.0
0.1,0.25,within_subject_chronological,within_chb05,chb05,6.0,lightgbm,LightGBM,Full governed policy,0.1,isotonic,2,0.25,0.0,292,0.0270520659625718,48.666666666666664,116,19.333333333333332,0.6027397260273972,0.2852512155591572,0.8820939334637964,90,73,4.0,15.0,12.166666666666666,3,3,3,1.0,293.0,-293.0
0.1,0.4,within_subject_chronological,within_chb05,chb05,6.0,lightgbm,LightGBM,Fixed threshold,0.1,raw,1,,0.0,1354,0.12544005929219937,225.66666666666666,1071,178.5,0.20901033973412111,0.4586709886547812,0.6643044711730088,481,430,6.0,80.16666666666667,71.66666666666667,3,3,3,1.0,295.0,-295.0
0.1,0.4,within_subject_chronological,within_chb05,chb05,6.0,lightgbm,LightGBM,Temporal persistence,0.1,raw,2,,0.0,757,0.07013155456735223,126.16666666666667,536,89.33333333333333,0.2919418758256275,0.3581847649918963,0.7599547084355538,265,232,4.0,44.166666666666664,38.666666666666664,3,3,3,1.0,293.0,-293.0
0.1,0.4,within_subject_chronological,within_chb05,chb05,6.0,lightgbm,LightGBM,Full governed policy,0.1,isotonic,2,0.4,0.0,292,0.0270520659625718,48.666666666666664,116,19.333333333333332,0.6027397260273972,0.2852512155591572,0.8820939334637964,90,73,4.0,15.0,12.166666666666666,3,3,3,1.0,293.0,-293.0
0.1,0.67,within_subject_chronological,within_chb05,chb05,6.0,lightgbm,LightGBM,Fixed threshold,0.1,raw,1,,0.0,1354,0.12544005929219937,225.66666666666666,1071,178.5,0.20901033973412111,0.4586709886547812,0.6643044711730088,481,430,6.0,80.16666666666667,71.66666666666667,3,3,3,1.0,295.0,-295.0
0.1,0.67,within_subject_chronological,within_chb05,chb05,6.0,lightgbm,LightGBM,Temporal persistence,0.1,raw,2,,0.0,757,0.07013155456735223,126.16666666666667,536,89.33333333333333,0.2919418758256275,0.3581847649918963,0.7599547084355538,265,232,4.0,44.166666666666664,38.666666666666664,3,3,3,1.0,293.0,-293.0
0.1,0.67,within_subject_chronological,within_chb05,chb05,6.0,lightgbm,LightGBM,Full governed policy,0.1,isotonic,2,0.67,0.0,198,0.018343524180100056,33.0,55,9.166666666666666,0.7222222222222222,0.23176661264181522,1.0,62,44,4.0,10.333333333333334,7.333333333333333,3,3,3,1.0,293.0,-293.0
0.2,0.0,within_subject_chronological,within_chb05,chb05,6.0,lightgbm,LightGBM,Fixed threshold,0.2,raw,1,,0.0,1032,0.09560867148415786,172.0,781,130.16666666666666,0.24321705426356588,0.406807131280389,0.6843315491571306,399,356,4.0,66.5,59.333333333333336,3,3,3,1.0,295.0,-295.0
0.2,0.0,within_subject_chronological,within_chb05,chb05,6.0,lightgbm,LightGBM,Temporal persistence,0.2,raw,2,,0.0,550,0.050954233833611265,91.66666666666667,351,58.5,0.3618181818181818,0.3225283630470016,0.8001298701298701,204,181,4.0,34.0,30.166666666666668,3,3,3,1.0,293.0,-293.0
0.2,0.0,within_subject_chronological,within_chb05,chb05,6.0,lightgbm,LightGBM,Full governed policy,0.2,isotonic,2,0.0,0.0,148,0.013711321104317213,24.666666666666668,8,1.3333333333333333,0.9459459459459459,0.22690437601296595,0.9684684684684683,14,7,4.0,2.3333333333333335,1.1666666666666667,3,3,2,1.0,191.0,-191.0
0.2,0.25,within_subject_chronological,within_chb05,chb05,6.0,lightgbm,LightGBM,Fixed threshold,0.2,raw,1,,0.0,1032,0.09560867148415786,172.0,781,130.16666666666666,0.24321705426356588,0.406807131280389,0.6843315491571306,399,356,4.0,66.5,59.333333333333336,3,3,3,1.0,295.0,-295.0
0.2,0.25,within_subject_chronological,within_chb05,chb05,6.0,lightgbm,LightGBM,Temporal persistence,0.2,raw,2,,0.0,550,0.050954233833611265,91.66666666666667,351,58.5,0.3618181818181818,0.3225283630470016,0.8001298701298701,204,181,4.0,34.0,30.166666666666668,3,3,3,1.0,293.0,-293.0
0.2,0.25,within_subject_chronological,within_chb05,chb05,6.0,lightgbm,LightGBM,Full governed policy,0.2,isotonic,2,0.25,0.0,148,0.013711321104317213,24.666666666666668,8,1.3333333333333333,0.9459459459459459,0.22690437601296595,0.9684684684684683,14,7,4.0,2.3333333333333335,1.1666666666666667,3,3,2,1.0,191.0,-191.0
0.2,0.4,within_subject_chronological,within_chb05,chb05,6.0,lightgbm,LightGBM,Fixed threshold,0.2,raw,1,,0.0,1032,0.09560867148415786,172.0,781,130.16666666666666,0.24321705426356588,0.406807131280389,0.6843315491571306,399,356,4.0,66.5,59.333333333333336,3,3,3,1.0,295.0,-295.0
0.2,0.4,within_subject_chronological,within_chb05,chb05,6.0,lightgbm,LightGBM,Temporal persistence,0.2,raw,2,,0.0,550,0.050954233833611265,91.66666666666667,351,58.5,0.3618181818181818,0.3225283630470016,0.8001298701298701,204,181,4.0,34.0,30.166666666666668,3,3,3,1.0,293.0,-293.0
0.2,0.4,within_subject_chronological,within_chb05,chb05,6.0,lightgbm,LightGBM,Full governed policy,0.2,isotonic,2,0.4,0.0,148,0.013711321104317213,24.666666666666668,8,1.3333333333333333,0.9459459459459459,0.22690437601296595,0.9684684684684683,14,7,4.0,2.3333333333333335,1.1666666666666667,3,3,2,1.0,191.0,-191.0
0.2,0.67,within_subject_chronological,within_chb05,chb05,6.0,lightgbm,LightGBM,Fixed threshold,0.2,raw,1,,0.0,1032,0.09560867148415786,172.0,781,130.16666666666666,0.24321705426356588,0.406807131280389,0.6843315491571306,399,356,4.0,66.5,59.333333333333336,3,3,3,1.0,295.0,-295.0
0.2,0.67,within_subject_chronological,within_chb05,chb05,6.0,lightgbm,LightGBM,Temporal persistence,0.2,raw,2,,0.0,550,0.050954233833611265,91.66666666666667,351,58.5,0.3618181818181818,0.3225283630470016,0.8001298701298701,204,181,4.0,34.0,30.166666666666668,3,3,3,1.0,293.0,-293.0
0.2,0.67,within_subject_chronological,within_chb05,chb05,6.0,lightgbm,LightGBM,Full governed policy,0.2,isotonic,2,0.67,0.0,134,0.012414304243098017,22.333333333333332,6,1.0,0.9552238805970149,0.20745542949756887,1.0,12,5,4.0,2.0,0.8333333333333334,3,3,1,1.0,-13.0,13.0
0.3,0.0,within_subject_chronological,within_chb05,chb05,6.0,lightgbm,LightGBM,Fixed threshold,0.3,raw,1,,0.0,838,0.07763572355012044,139.66666666666666,598,99.66666666666667,0.2863961813842482,0.3889789303079417,0.7038868053187862,343,305,4.0,57.166666666666664,50.833333333333336,3,3,3,1.0,295.0,-295.0
0.3,0.0,within_subject_chronological,within_chb05,chb05,6.0,lightgbm,LightGBM,Temporal persistence,0.3,raw,2,,0.0,445,0.041226607374467296,74.16666666666667,250,41.666666666666664,0.43820224719101125,0.3160453808752026,0.8242108079186731,157,136,4.0,26.166666666666668,22.666666666666668,3,3,3,1.0,293.0,-293.0
0.3,0.0,within_subject_chronological,within_chb05,chb05,6.0,lightgbm,LightGBM,Full governed policy,0.3,isotonic,2,0.0,0.0,146,0.0135260329812859,24.333333333333332,6,1.0,0.958904109589041,0.22690437601296595,0.9703196347031965,12,5,4.0,2.0,0.8333333333333334,3,3,2,1.0,191.0,-191.0
0.3,0.25,within_subject_chronological,within_chb05,chb05,6.0,lightgbm,LightGBM,Fixed threshold,0.3,raw,1,,0.0,838,0.07763572355012044,139.66666666666666,598,99.66666666666667,0.2863961813842482,0.3889789303079417,0.7038868053187862,343,305,4.0,57.166666666666664,50.833333333333336,3,3,3,1.0,295.0,-295.0
0.3,0.25,within_subject_chronological,within_chb05,chb05,6.0,lightgbm,LightGBM,Temporal persistence,0.3,raw,2,,0.0,445,0.041226607374467296,74.16666666666667,250,41.666666666666664,0.43820224719101125,0.3160453808752026,0.8242108079186731,157,136,4.0,26.166666666666668,22.666666666666668,3,3,3,1.0,293.0,-293.0
0.3,0.25,within_subject_chronological,within_chb05,chb05,6.0,lightgbm,LightGBM,Full governed policy,0.3,isotonic,2,0.25,0.0,146,0.0135260329812859,24.333333333333332,6,1.0,0.958904109589041,0.22690437601296595,0.9703196347031965,12,5,4.0,2.0,0.8333333333333334,3,3,2,1.0,191.0,-191.0
0.3,0.4,within_subject_chronological,within_chb05,chb05,6.0,lightgbm,LightGBM,Fixed threshold,0.3,raw,1,,0.0,838,0.07763572355012044,139.66666666666666,598,99.66666666666667,0.2863961813842482,0.3889789303079417,0.7038868053187862,343,305,4.0,57.166666666666664,50.833333333333336,3,3,3,1.0,295.0,-295.0
0.3,0.4,within_subject_chronological,within_chb05,chb05,6.0,lightgbm,LightGBM,Temporal persistence,0.3,raw,2,,0.0,445,0.041226607374467296,74.16666666666667,250,41.666666666666664,0.43820224719101125,0.3160453808752026,0.8242108079186731,157,136,4.0,26.166666666666668,22.666666666666668,3,3,3,1.0,293.0,-293.0
0.3,0.4,within_subject_chronological,within_chb05,chb05,6.0,lightgbm,LightGBM,Full governed policy,0.3,isotonic,2,0.4,0.0,146,0.0135260329812859,24.333333333333332,6,1.0,0.958904109589041,0.22690437601296595,0.9703196347031965,12,5,4.0,2.0,0.8333333333333334,3,3,2,1.0,191.0,-191.0
0.3,0.67,within_subject_chronological,within_chb05,chb05,6.0,lightgbm,LightGBM,Fixed threshold,0.3,raw,1,,0.0,838,0.07763572355012044,139.66666666666666,598,99.66666666666667,0.2863961813842482,0.3889789303079417,0.7038868053187862,343,305,4.0,57.166666666666664,50.833333333333336,3,3,3,1.0,295.0,-295.0
0.3,0.67,within_subject_chronological,within_chb05,chb05,6.0,lightgbm,LightGBM,Temporal persistence,0.3,raw,2,,0.0,445,0.041226607374467296,74.16666666666667,250,41.666666666666664,0.43820224719101125,0.3160453808752026,0.8242108079186731,157,136,4.0,26.166666666666668,22.666666666666668,3,3,3,1.0,293.0,-293.0
0.3,0.67,within_subject_chronological,within_chb05,chb05,6.0,lightgbm,LightGBM,Full governed policy,0.3,isotonic,2,0.67,0.0,133,0.01232166018158236,22.166666666666668,5,0.8333333333333334,0.9624060150375939,0.20745542949756887,1.0,11,4,4.0,1.8333333333333333,0.6666666666666666,3,3,1,1.0,-13.0,13.0
0.4,0.0,within_subject_chronological,within_chb05,chb05,6.0,lightgbm,LightGBM,Fixed threshold,0.4,raw,1,,0.0,699,0.06475819899944414,116.5,472,78.66666666666667,0.32474964234620884,0.3679092382495948,0.7249926198424053,290,252,4.0,48.333333333333336,42.0,3,3,3,1.0,295.0,-295.0
0.4,0.0,within_subject_chronological,within_chb05,chb05,6.0,lightgbm,LightGBM,Temporal persistence,0.4,raw,2,,0.0,360,0.033351862145636464,60.0,179,29.833333333333332,0.5027777777777778,0.293354943273906,0.8568783068783069,121,103,4.0,20.166666666666668,17.166666666666668,3,3,3,1.0,293.0,-293.0
0.4,0.0,within_subject_chronological,within_chb05,chb05,6.0,lightgbm,LightGBM,Full governed policy,0.4,isotonic,2,0.0,0.0,146,0.0135260329812859,24.333333333333332,6,1.0,0.958904109589041,0.22690437601296595,0.9703196347031965,12,5,4.0,2.0,0.8333333333333334,3,3,2,1.0,191.0,-191.0
0.4,0.25,within_subject_chronological,within_chb05,chb05,6.0,lightgbm,LightGBM,Fixed threshold,0.4,raw,1,,0.0,699,0.06475819899944414,116.5,472,78.66666666666667,0.32474964234620884,0.3679092382495948,0.7249926198424053,290,252,4.0,48.333333333333336,42.0,3,3,3,1.0,295.0,-295.0
0.4,0.25,within_subject_chronological,within_chb05,chb05,6.0,lightgbm,LightGBM,Temporal persistence,0.4,raw,2,,0.0,360,0.033351862145636464,60.0,179,29.833333333333332,0.5027777777777778,0.293354943273906,0.8568783068783069,121,103,4.0,20.166666666666668,17.166666666666668,3,3,3,1.0,293.0,-293.0
0.4,0.25,within_subject_chronological,within_chb05,chb05,6.0,lightgbm,LightGBM,Full governed policy,0.4,isotonic,2,0.25,0.0,146,0.0135260329812859,24.333333333333332,6,1.0,0.958904109589041,0.22690437601296595,0.9703196347031965,12,5,4.0,2.0,0.8333333333333334,3,3,2,1.0,191.0,-191.0
0.4,0.4,within_subject_chronological,within_chb05,chb05,6.0,lightgbm,LightGBM,Fixed threshold,0.4,raw,1,,0.0,699,0.06475819899944414,116.5,472,78.66666666666667,0.32474964234620884,0.3679092382495948,0.7249926198424053,290,252,4.0,48.333333333333336,42.0,3,3,3,1.0,295.0,-295.0
0.4,0.4,within_subject_chronological,within_chb05,chb05,6.0,lightgbm,LightGBM,Temporal persistence,0.4,raw,2,,0.0,360,0.033351862145636464,60.0,179,29.833333333333332,0.5027777777777778,0.293354943273906,0.8568783068783069,121,103,4.0,20.166666666666668,17.166666666666668,3,3,3,1.0,293.0,-293.0
0.4,0.4,within_subject_chronological,within_chb05,chb05,6.0,lightgbm,LightGBM,Full governed policy,0.4,isotonic,2,0.4,0.0,146,0.0135260329812859,24.333333333333332,6,1.0,0.958904109589041,0.22690437601296595,0.9703196347031965,12,5,4.0,2.0,0.8333333333333334,3,3,2,1.0,191.0,-191.0
0.4,0.67,within_subject_chronological,within_chb05,chb05,6.0,lightgbm,LightGBM,Fixed threshold,0.4,raw,1,,0.0,699,0.06475819899944414,116.5,472,78.66666666666667,0.32474964234620884,0.3679092382495948,0.7249926198424053,290,252,4.0,48.333333333333336,42.0,3,3,3,1.0,295.0,-295.0
0.4,0.67,within_subject_chronological,within_chb05,chb05,6.0,lightgbm,LightGBM,Temporal persistence,0.4,raw,2,,0.0,360,0.033351862145636464,60.0,179,29.833333333333332,0.5027777777777778,0.293354943273906,0.8568783068783069,121,103,4.0,20.166666666666668,17.166666666666668,3,3,3,1.0,293.0,-293.0
0.4,0.67,within_subject_chronological,within_chb05,chb05,6.0,lightgbm,LightGBM,Full governed policy,0.4,isotonic,2,0.67,0.0,133,0.01232166018158236,22.166666666666668,5,0.8333333333333334,0.9624060150375939,0.20745542949756887,1.0,11,4,4.0,1.8333333333333333,0.6666666666666666,3,3,1,1.0,-13.0,13.0
0.5,0.0,within_subject_chronological,within_chb05,chb05,6.0,lightgbm,LightGBM,Fixed threshold,0.5,raw,1,,0.0,597,0.055308504724847135,99.5,387,64.5,0.35175879396984927,0.34035656401944897,0.7421698439286378,252,221,4.0,42.0,36.833333333333336,3,3,3,1.0,295.0,-295.0
0.5,0.0,within_subject_chronological,within_chb05,chb05,6.0,lightgbm,LightGBM,Temporal persistence,0.5,raw,2,,0.0,317,0.02936816750046322,52.833333333333336,141,23.5,0.555205047318612,0.2852512155591572,0.8709628961994892,103,86,4.0,17.166666666666668,14.333333333333334,3,3,3,1.0,293.0,-293.0
0.5,0.0,within_subject_chronological,within_chb05,chb05,6.0,lightgbm,LightGBM,Full governed policy,0.5,isotonic,2,0.0,0.0,145,0.013433388919770244,24.166666666666668,6,1.0,0.9586206896551724,0.2252836304700162,0.9724137931034482,12,5,4.0,2.0,0.8333333333333334,3,3,2,1.0,191.0,-191.0
0.5,0.25,within_subject_chronological,within_chb05,chb05,6.0,lightgbm,LightGBM,Fixed threshold,0.5,raw,1,,0.0,597,0.055308504724847135,99.5,387,64.5,0.35175879396984927,0.34035656401944897,0.7421698439286378,252,221,4.0,42.0,36.833333333333336,3,3,3,1.0,295.0,-295.0
0.5,0.25,within_subject_chronological,within_chb05,chb05,6.0,lightgbm,LightGBM,Temporal persistence,0.5,raw,2,,0.0,317,0.02936816750046322,52.833333333333336,141,23.5,0.555205047318612,0.2852512155591572,0.8709628961994892,103,86,4.0,17.166666666666668,14.333333333333334,3,3,3,1.0,293.0,-293.0
0.5,0.25,within_subject_chronological,within_chb05,chb05,6.0,lightgbm,LightGBM,Full governed policy,0.5,isotonic,2,0.25,0.0,145,0.013433388919770244,24.166666666666668,6,1.0,0.9586206896551724,0.2252836304700162,0.9724137931034482,12,5,4.0,2.0,0.8333333333333334,3,3,2,1.0,191.0,-191.0
0.5,0.4,within_subject_chronological,within_chb05,chb05,6.0,lightgbm,LightGBM,Fixed threshold,0.5,raw,1,,0.0,597,0.055308504724847135,99.5,387,64.5,0.35175879396984927,0.34035656401944897,0.7421698439286378,252,221,4.0,42.0,36.833333333333336,3,3,3,1.0,295.0,-295.0
0.5,0.4,within_subject_chronological,within_chb05,chb05,6.0,lightgbm,LightGBM,Temporal persistence,0.5,raw,2,,0.0,317,0.02936816750046322,52.833333333333336,141,23.5,0.555205047318612,0.2852512155591572,0.8709628961994892,103,86,4.0,17.166666666666668,14.333333333333334,3,3,3,1.0,293.0,-293.0
0.5,0.4,within_subject_chronological,within_chb05,chb05,6.0,lightgbm,LightGBM,Full governed policy,0.5,isotonic,2,0.4,0.0,145,0.013433388919770244,24.166666666666668,6,1.0,0.9586206896551724,0.2252836304700162,0.9724137931034482,12,5,4.0,2.0,0.8333333333333334,3,3,2,1.0,191.0,-191.0
0.5,0.67,within_subject_chronological,within_chb05,chb05,6.0,lightgbm,LightGBM,Fixed threshold,0.5,raw,1,,0.0,597,0.055308504724847135,99.5,387,64.5,0.35175879396984927,0.34035656401944897,0.7421698439286378,252,221,4.0,42.0,36.833333333333336,3,3,3,1.0,295.0,-295.0
0.5,0.67,within_subject_chronological,within_chb05,chb05,6.0,lightgbm,LightGBM,Temporal persistence,0.5,raw,2,,0.0,317,0.02936816750046322,52.833333333333336,141,23.5,0.555205047318612,0.2852512155591572,0.8709628961994892,103,86,4.0,17.166666666666668,14.333333333333334,3,3,3,1.0,293.0,-293.0
0.5,0.67,within_subject_chronological,within_chb05,chb05,6.0,lightgbm,LightGBM,Full governed policy,0.5,isotonic,2,0.67,0.0,133,0.01232166018158236,22.166666666666668,5,0.8333333333333334,0.9624060150375939,0.20745542949756887,1.0,11,4,4.0,1.8333333333333333,0.6666666666666666,3,3,1,1.0,-13.0,13.0
0.6,0.0,within_subject_chronological,within_chb05,chb05,6.0,lightgbm,LightGBM,Fixed threshold,0.6,raw,1,,0.0,516,0.04780433574207893,86.0,310,51.666666666666664,0.3992248062015504,0.3338735818476499,0.7590131659899101,211,183,4.0,35.166666666666664,30.5,3,3,3,1.0,295.0,-295.0
0.6,0.0,within_subject_chronological,within_chb05,chb05,6.0,lightgbm,LightGBM,Temporal persistence,0.6,raw,2,,0.0,282,0.02612562534741523,47.0,106,17.666666666666668,0.624113475177305,0.2852512155591572,0.8850050658561297,85,68,4.0,14.166666666666666,11.333333333333334,3,3,3,1.0,293.0,-293.0
0.6,0.0,within_subject_chronological,within_chb05,chb05,6.0,lightgbm,LightGBM,Full governed policy,0.6,isotonic,2,0.0,0.0,142,0.013155456735223272,23.666666666666668,6,1.0,0.9577464788732394,0.22042139384116693,0.971830985915493,13,5,4.0,2.1666666666666665,0.8333333333333334,3,3,2,1.0,191.0,-191.0
0.6,0.25,within_subject_chronological,within_chb05,chb05,6.0,lightgbm,LightGBM,Fixed threshold,0.6,raw,1,,0.0,516,0.04780433574207893,86.0,310,51.666666666666664,0.3992248062015504,0.3338735818476499,0.7590131659899101,211,183,4.0,35.166666666666664,30.5,3,3,3,1.0,295.0,-295.0
0.6,0.25,within_subject_chronological,within_chb05,chb05,6.0,lightgbm,LightGBM,Temporal persistence,0.6,raw,2,,0.0,282,0.02612562534741523,47.0,106,17.666666666666668,0.624113475177305,0.2852512155591572,0.8850050658561297,85,68,4.0,14.166666666666666,11.333333333333334,3,3,3,1.0,293.0,-293.0
0.6,0.25,within_subject_chronological,within_chb05,chb05,6.0,lightgbm,LightGBM,Full governed policy,0.6,isotonic,2,0.25,0.0,142,0.013155456735223272,23.666666666666668,6,1.0,0.9577464788732394,0.22042139384116693,0.971830985915493,13,5,4.0,2.1666666666666665,0.8333333333333334,3,3,2,1.0,191.0,-191.0
0.6,0.4,within_subject_chronological,within_chb05,chb05,6.0,lightgbm,LightGBM,Fixed threshold,0.6,raw,1,,0.0,516,0.04780433574207893,86.0,310,51.666666666666664,0.3992248062015504,0.3338735818476499,0.7590131659899101,211,183,4.0,35.166666666666664,30.5,3,3,3,1.0,295.0,-295.0
0.6,0.4,within_subject_chronological,within_chb05,chb05,6.0,lightgbm,LightGBM,Temporal persistence,0.6,raw,2,,0.0,282,0.02612562534741523,47.0,106,17.666666666666668,0.624113475177305,0.2852512155591572,0.8850050658561297,85,68,4.0,14.166666666666666,11.333333333333334,3,3,3,1.0,293.0,-293.0
0.6,0.4,within_subject_chronological,within_chb05,chb05,6.0,lightgbm,LightGBM,Full governed policy,0.6,isotonic,2,0.4,0.0,142,0.013155456735223272,23.666666666666668,6,1.0,0.9577464788732394,0.22042139384116693,0.971830985915493,13,5,4.0,2.1666666666666665,0.8333333333333334,3,3,2,1.0,191.0,-191.0
0.6,0.67,within_subject_chronological,within_chb05,chb05,6.0,lightgbm,LightGBM,Fixed threshold,0.6,raw,1,,0.0,516,0.04780433574207893,86.0,310,51.666666666666664,0.3992248062015504,0.3338735818476499,0.7590131659899101,211,183,4.0,35.166666666666664,30.5,3,3,3,1.0,295.0,-295.0
0.6,0.67,within_subject_chronological,within_chb05,chb05,6.0,lightgbm,LightGBM,Temporal persistence,0.6,raw,2,,0.0,282,0.02612562534741523,47.0,106,17.666666666666668,0.624113475177305,0.2852512155591572,0.8850050658561297,85,68,4.0,14.166666666666666,11.333333333333334,3,3,3,1.0,293.0,-293.0
0.6,0.67,within_subject_chronological,within_chb05,chb05,6.0,lightgbm,LightGBM,Full governed policy,0.6,isotonic,2,0.67,0.0,130,0.01204372799703539,21.666666666666668,5,0.8333333333333334,0.9615384615384616,0.2025931928687196,1.0,12,4,5.0,2.0,0.6666666666666666,3,3,1,1.0,-13.0,13.0
0.7,0.0,within_subject_chronological,within_chb05,chb05,6.0,lightgbm,LightGBM,Fixed threshold,0.7,raw,1,,0.0,436,0.04039281082082639,72.66666666666667,238,39.666666666666664,0.4541284403669725,0.3209076175040519,0.7747105723023154,175,149,4.0,29.166666666666668,24.833333333333332,3,3,3,1.0,295.0,-295.0
0.7,0.0,within_subject_chronological,within_chb05,chb05,6.0,lightgbm,LightGBM,Temporal persistence,0.7,raw,2,,0.0,243,0.022512506948304613,40.5,74,12.333333333333334,0.6954732510288066,0.2739059967585089,0.9026063100137174,64,49,4.0,10.666666666666666,8.166666666666666,3,3,3,1.0,204.0,-204.0
0.7,0.0,within_subject_chronological,within_chb05,chb05,6.0,lightgbm,LightGBM,Full governed policy,0.7,isotonic,2,0.0,0.0,125,0.011580507689457106,20.833333333333332,0,0.0,1.0,0.2025931928687196,0.9733333333333334,6,0,42.0,1.0,0.0,3,3,1,1.0,-13.0,13.0
0.7,0.25,within_subject_chronological,within_chb05,chb05,6.0,lightgbm,LightGBM,Fixed threshold,0.7,raw,1,,0.0,436,0.04039281082082639,72.66666666666667,238,39.666666666666664,0.4541284403669725,0.3209076175040519,0.7747105723023154,175,149,4.0,29.166666666666668,24.833333333333332,3,3,3,1.0,295.0,-295.0
0.7,0.25,within_subject_chronological,within_chb05,chb05,6.0,lightgbm,LightGBM,Temporal persistence,0.7,raw,2,,0.0,243,0.022512506948304613,40.5,74,12.333333333333334,0.6954732510288066,0.2739059967585089,0.9026063100137174,64,49,4.0,10.666666666666666,8.166666666666666,3,3,3,1.0,204.0,-204.0
0.7,0.25,within_subject_chronological,within_chb05,chb05,6.0,lightgbm,LightGBM,Full governed policy,0.7,isotonic,2,0.25,0.0,125,0.011580507689457106,20.833333333333332,0,0.0,1.0,0.2025931928687196,0.9733333333333334,6,0,42.0,1.0,0.0,3,3,1,1.0,-13.0,13.0
0.7,0.4,within_subject_chronological,within_chb05,chb05,6.0,lightgbm,LightGBM,Fixed threshold,0.7,raw,1,,0.0,436,0.04039281082082639,72.66666666666667,238,39.666666666666664,0.4541284403669725,0.3209076175040519,0.7747105723023154,175,149,4.0,29.166666666666668,24.833333333333332,3,3,3,1.0,295.0,-295.0
0.7,0.4,within_subject_chronological,within_chb05,chb05,6.0,lightgbm,LightGBM,Temporal persistence,0.7,raw,2,,0.0,243,0.022512506948304613,40.5,74,12.333333333333334,0.6954732510288066,0.2739059967585089,0.9026063100137174,64,49,4.0,10.666666666666666,8.166666666666666,3,3,3,1.0,204.0,-204.0
0.7,0.4,within_subject_chronological,within_chb05,chb05,6.0,lightgbm,LightGBM,Full governed policy,0.7,isotonic,2,0.4,0.0,125,0.011580507689457106,20.833333333333332,0,0.0,1.0,0.2025931928687196,0.9733333333333334,6,0,42.0,1.0,0.0,3,3,1,1.0,-13.0,13.0
0.7,0.67,within_subject_chronological,within_chb05,chb05,6.0,lightgbm,LightGBM,Fixed threshold,0.7,raw,1,,0.0,436,0.04039281082082639,72.66666666666667,238,39.666666666666664,0.4541284403669725,0.3209076175040519,0.7747105723023154,175,149,4.0,29.166666666666668,24.833333333333332,3,3,3,1.0,295.0,-295.0
0.7,0.67,within_subject_chronological,within_chb05,chb05,6.0,lightgbm,LightGBM,Temporal persistence,0.7,raw,2,,0.0,243,0.022512506948304613,40.5,74,12.333333333333334,0.6954732510288066,0.2739059967585089,0.9026063100137174,64,49,4.0,10.666666666666666,8.166666666666666,3,3,3,1.0,204.0,-204.0
0.7,0.67,within_subject_chronological,within_chb05,chb05,6.0,lightgbm,LightGBM,Full governed policy,0.7,isotonic,2,0.67,0.0,115,0.010654067074300538,19.166666666666668,0,0.0,1.0,0.18638573743922204,1.0,7,0,24.0,1.1666666666666667,0.0,3,3,1,1.0,-13.0,13.0
0.8,0.0,within_subject_chronological,within_chb05,chb05,6.0,lightgbm,LightGBM,Fixed threshold,0.8,raw,1,,0.0,347,0.03214748934593292,57.833333333333336,160,26.666666666666668,0.5389048991354467,0.30307941653160453,0.8007753533690133,135,113,4.0,22.5,18.833333333333332,3,3,3,1.0,292.0,-292.0
0.8,0.0,within_subject_chronological,within_chb05,chb05,6.0,lightgbm,LightGBM,Temporal persistence,0.8,raw,2,,0.0,196,0.018158236057068743,32.666666666666664,34,5.666666666666667,0.826530612244898,0.2625607779578606,0.9300291545189504,41,27,4.0,6.833333333333333,4.5,3,3,3,1.0,204.0,-204.0
0.8,0.0,within_subject_chronological,within_chb05,chb05,6.0,lightgbm,LightGBM,Full governed policy,0.8,isotonic,2,0.0,0.0,113,0.010468778951269223,18.833333333333332,0,0.0,1.0,0.18314424635332252,0.9764011799410031,9,0,20.0,1.5,0.0,3,3,1,1.0,-17.0,17.0
0.8,0.25,within_subject_chronological,within_chb05,chb05,6.0,lightgbm,LightGBM,Fixed threshold,0.8,raw,1,,0.0,347,0.03214748934593292,57.833333333333336,160,26.666666666666668,0.5389048991354467,0.30307941653160453,0.8007753533690133,135,113,4.0,22.5,18.833333333333332,3,3,3,1.0,292.0,-292.0
0.8,0.25,within_subject_chronological,within_chb05,chb05,6.0,lightgbm,LightGBM,Temporal persistence,0.8,raw,2,,0.0,196,0.018158236057068743,32.666666666666664,34,5.666666666666667,0.826530612244898,0.2625607779578606,0.9300291545189504,41,27,4.0,6.833333333333333,4.5,3,3,3,1.0,204.0,-204.0
0.8,0.25,within_subject_chronological,within_chb05,chb05,6.0,lightgbm,LightGBM,Full governed policy,0.8,isotonic,2,0.25,0.0,113,0.010468778951269223,18.833333333333332,0,0.0,1.0,0.18314424635332252,0.9764011799410031,9,0,20.0,1.5,0.0,3,3,1,1.0,-17.0,17.0
0.8,0.4,within_subject_chronological,within_chb05,chb05,6.0,lightgbm,LightGBM,Fixed threshold,0.8,raw,1,,0.0,347,0.03214748934593292,57.833333333333336,160,26.666666666666668,0.5389048991354467,0.30307941653160453,0.8007753533690133,135,113,4.0,22.5,18.833333333333332,3,3,3,1.0,292.0,-292.0
0.8,0.4,within_subject_chronological,within_chb05,chb05,6.0,lightgbm,LightGBM,Temporal persistence,0.8,raw,2,,0.0,196,0.018158236057068743,32.666666666666664,34,5.666666666666667,0.826530612244898,0.2625607779578606,0.9300291545189504,41,27,4.0,6.833333333333333,4.5,3,3,3,1.0,204.0,-204.0
0.8,0.4,within_subject_chronological,within_chb05,chb05,6.0,lightgbm,LightGBM,Full governed policy,0.8,isotonic,2,0.4,0.0,113,0.010468778951269223,18.833333333333332,0,0.0,1.0,0.18314424635332252,0.9764011799410031,9,0,20.0,1.5,0.0,3,3,1,1.0,-17.0,17.0
0.8,0.67,within_subject_chronological,within_chb05,chb05,6.0,lightgbm,LightGBM,Fixed threshold,0.8,raw,1,,0.0,347,0.03214748934593292,57.833333333333336,160,26.666666666666668,0.5389048991354467,0.30307941653160453,0.8007753533690133,135,113,4.0,22.5,18.833333333333332,3,3,3,1.0,292.0,-292.0
0.8,0.67,within_subject_chronological,within_chb05,chb05,6.0,lightgbm,LightGBM,Temporal persistence,0.8,raw,2,,0.0,196,0.018158236057068743,32.666666666666664,34,5.666666666666667,0.826530612244898,0.2625607779578606,0.9300291545189504,41,27,4.0,6.833333333333333,4.5,3,3,3,1.0,204.0,-204.0
0.8,0.67,within_subject_chronological,within_chb05,chb05,6.0,lightgbm,LightGBM,Full governed policy,0.8,isotonic,2,0.67,0.0,105,0.009727626459143969,17.5,0,0.0,1.0,0.17017828200972449,1.0,10,0,14.0,1.6666666666666667,0.0,3,3,1,1.0,-17.0,17.0
0.9,0.0,within_subject_chronological,within_chb05,chb05,6.0,lightgbm,LightGBM,Fixed threshold,0.9,raw,1,,0.0,246,0.022790439132851583,41.0,77,12.833333333333334,0.6869918699186992,0.2739059967585089,0.8496902826171119,72,56,4.0,12.0,9.333333333333334,3,3,3,1.0,206.0,-206.0
0.9,0.0,within_subject_chronological,within_chb05,chb05,6.0,lightgbm,LightGBM,Temporal persistence,0.9,raw,2,,0.0,167,0.015471558273114694,27.833333333333332,17,2.8333333333333335,0.8982035928143712,0.24311183144246354,0.9458226404334188,21,12,6.0,3.5,2.0,3,3,2,1.0,191.0,-191.0
0.9,0.0,within_subject_chronological,within_chb05,chb05,6.0,lightgbm,LightGBM,Full governed policy,0.9,isotonic,2,0.0,0.0,112,0.010376134889753566,18.666666666666668,0,0.0,1.0,0.18152350081037277,0.9761904761904762,9,0,18.0,1.5,0.0,3,3,1,1.0,-17.0,17.0
0.9,0.25,within_subject_chronological,within_chb05,chb05,6.0,lightgbm,LightGBM,Fixed threshold,0.9,raw,1,,0.0,246,0.022790439132851583,41.0,77,12.833333333333334,0.6869918699186992,0.2739059967585089,0.8496902826171119,72,56,4.0,12.0,9.333333333333334,3,3,3,1.0,206.0,-206.0
0.9,0.25,within_subject_chronological,within_chb05,chb05,6.0,lightgbm,LightGBM,Temporal persistence,0.9,raw,2,,0.0,167,0.015471558273114694,27.833333333333332,17,2.8333333333333335,0.8982035928143712,0.24311183144246354,0.9458226404334188,21,12,6.0,3.5,2.0,3,3,2,1.0,191.0,-191.0
0.9,0.25,within_subject_chronological,within_chb05,chb05,6.0,lightgbm,LightGBM,Full governed policy,0.9,isotonic,2,0.25,0.0,112,0.010376134889753566,18.666666666666668,0,0.0,1.0,0.18152350081037277,0.9761904761904762,9,0,18.0,1.5,0.0,3,3,1,1.0,-17.0,17.0
0.9,0.4,within_subject_chronological,within_chb05,chb05,6.0,lightgbm,LightGBM,Fixed threshold,0.9,raw,1,,0.0,246,0.022790439132851583,41.0,77,12.833333333333334,0.6869918699186992,0.2739059967585089,0.8496902826171119,72,56,4.0,12.0,9.333333333333334,3,3,3,1.0,206.0,-206.0
0.9,0.4,within_subject_chronological,within_chb05,chb05,6.0,lightgbm,LightGBM,Temporal persistence,0.9,raw,2,,0.0,167,0.015471558273114694,27.833333333333332,17,2.8333333333333335,0.8982035928143712,0.24311183144246354,0.9458226404334188,21,12,6.0,3.5,2.0,3,3,2,1.0,191.0,-191.0
0.9,0.4,within_subject_chronological,within_chb05,chb05,6.0,lightgbm,LightGBM,Full governed policy,0.9,isotonic,2,0.4,0.0,112,0.010376134889753566,18.666666666666668,0,0.0,1.0,0.18152350081037277,0.9761904761904762,9,0,18.0,1.5,0.0,3,3,1,1.0,-17.0,17.0
0.9,0.67,within_subject_chronological,within_chb05,chb05,6.0,lightgbm,LightGBM,Fixed threshold,0.9,raw,1,,0.0,246,0.022790439132851583,41.0,77,12.833333333333334,0.6869918699186992,0.2739059967585089,0.8496902826171119,72,56,4.0,12.0,9.333333333333334,3,3,3,1.0,206.0,-206.0
0.9,0.67,within_subject_chronological,within_chb05,chb05,6.0,lightgbm,LightGBM,Temporal persistence,0.9,raw,2,,0.0,167,0.015471558273114694,27.833333333333332,17,2.8333333333333335,0.8982035928143712,0.24311183144246354,0.9458226404334188,21,12,6.0,3.5,2.0,3,3,2,1.0,191.0,-191.0
0.9,0.67,within_subject_chronological,within_chb05,chb05,6.0,lightgbm,LightGBM,Full governed policy,0.9,isotonic,2,0.67,0.0,104,0.009634982397628312,17.333333333333332,0,0.0,1.0,0.1685575364667747,1.0,10,0,14.0,1.6666666666666667,0.0,3,3,1,1.0,-17.0,17.0
0.1,0.0,within_subject_chronological,within_chb08,chb08,6.0,lightgbm,LightGBM,Fixed threshold,0.1,raw,1,,0.0,2420,0.22419862886788958,403.3333333333333,2237,372.8333333333333,0.07561983471074381,0.648936170212766,0.5959372169049588,621,598,8.0,103.5,99.66666666666667,1,1,1,1.0,285.0,-285.0
0.1,0.0,within_subject_chronological,within_chb08,chb08,6.0,lightgbm,LightGBM,Temporal persistence,0.1,raw,2,,0.0,1454,0.13470446544376505,242.33333333333334,1308,218.0,0.10041265474552957,0.5177304964539007,0.6298879937119277,551,527,6.0,91.83333333333333,87.83333333333333,1,1,1,1.0,283.0,-283.0
0.1,0.0,within_subject_chronological,within_chb08,chb08,6.0,lightgbm,LightGBM,Full governed policy,0.1,isotonic,2,0.0,0.0,115,0.010654067074300538,19.166666666666668,22,3.6666666666666665,0.808695652173913,0.32978723404255317,0.7822981366459628,23,15,4.0,3.8333333333333335,2.5,1,1,0,1.0,-13.0,13.0
0.1,0.25,within_subject_chronological,within_chb08,chb08,6.0,lightgbm,LightGBM,Fixed threshold,0.1,raw,1,,0.0,2420,0.22419862886788958,403.3333333333333,2237,372.8333333333333,0.07561983471074381,0.648936170212766,0.5959372169049588,621,598,8.0,103.5,99.66666666666667,1,1,1,1.0,285.0,-285.0
0.1,0.25,within_subject_chronological,within_chb08,chb08,6.0,lightgbm,LightGBM,Temporal persistence,0.1,raw,2,,0.0,1454,0.13470446544376505,242.33333333333334,1308,218.0,0.10041265474552957,0.5177304964539007,0.6298879937119277,551,527,6.0,91.83333333333333,87.83333333333333,1,1,1,1.0,283.0,-283.0
0.1,0.25,within_subject_chronological,within_chb08,chb08,6.0,lightgbm,LightGBM,Full governed policy,0.1,isotonic,2,0.25,0.0,114,0.010561423012784881,19.0,22,3.6666666666666665,0.8070175438596491,0.3262411347517731,0.7869674185463659,23,15,4.0,3.8333333333333335,2.5,1,1,0,1.0,-15.0,15.0
0.1,0.4,within_subject_chronological,within_chb08,chb08,6.0,lightgbm,LightGBM,Fixed threshold,0.1,raw,1,,0.0,2420,0.22419862886788958,403.3333333333333,2237,372.8333333333333,0.07561983471074381,0.648936170212766,0.5959372169049588,621,598,8.0,103.5,99.66666666666667,1,1,1,1.0,285.0,-285.0
0.1,0.4,within_subject_chronological,within_chb08,chb08,6.0,lightgbm,LightGBM,Temporal persistence,0.1,raw,2,,0.0,1454,0.13470446544376505,242.33333333333334,1308,218.0,0.10041265474552957,0.5177304964539007,0.6298879937119277,551,527,6.0,91.83333333333333,87.83333333333333,1,1,1,1.0,283.0,-283.0
0.1,0.4,within_subject_chronological,within_chb08,chb08,6.0,lightgbm,LightGBM,Full governed policy,0.1,isotonic,2,0.4,0.0,114,0.010561423012784881,19.0,22,3.6666666666666665,0.8070175438596491,0.3262411347517731,0.7869674185463659,23,15,4.0,3.8333333333333335,2.5,1,1,0,1.0,-15.0,15.0
0.1,0.67,within_subject_chronological,within_chb08,chb08,6.0,lightgbm,LightGBM,Fixed threshold,0.1,raw,1,,0.0,2420,0.22419862886788958,403.3333333333333,2237,372.8333333333333,0.07561983471074381,0.648936170212766,0.5959372169049588,621,598,8.0,103.5,99.66666666666667,1,1,1,1.0,285.0,-285.0
0.1,0.67,within_subject_chronological,within_chb08,chb08,6.0,lightgbm,LightGBM,Temporal persistence,0.1,raw,2,,0.0,1454,0.13470446544376505,242.33333333333334,1308,218.0,0.10041265474552957,0.5177304964539007,0.6298879937119277,551,527,6.0,91.83333333333333,87.83333333333333,1,1,1,1.0,283.0,-283.0
0.1,0.67,within_subject_chronological,within_chb08,chb08,6.0,lightgbm,LightGBM,Full governed policy,0.1,isotonic,2,0.67,0.0,54,0.005002779321845469,9.0,7,1.1666666666666667,0.8703703703703703,0.16666666666666666,1.0,14,6,5.0,2.3333333333333335,1.0,1,1,0,1.0,-15.0,15.0
0.2,0.0,within_subject_chronological,within_chb08,chb08,6.0,lightgbm,LightGBM,Fixed threshold,0.2,raw,1,,0.0,1387,0.12849731332221603,231.16666666666666,1229,204.83333333333334,0.11391492429704397,0.5602836879432624,0.6091456077015645,602,579,6.0,100.33333333333333,96.5,1,1,1,1.0,285.0,-285.0
0.2,0.0,within_subject_chronological,within_chb08,chb08,6.0,lightgbm,LightGBM,Temporal persistence,0.2,raw,2,,0.0,611,0.05660552158606633,101.83333333333333,480,80.0,0.2144026186579378,0.4645390070921986,0.6749279089704622,290,273,4.0,48.333333333333336,45.5,1,1,1,1.0,253.0,-253.0
0.2,0.0,within_subject_chronological,within_chb08,chb08,6.0,lightgbm,LightGBM,Full governed policy,0.2,isotonic,2,0.0,0.0,87,0.008060033351862146,14.5,8,1.3333333333333333,0.9080459770114943,0.2801418439716312,0.8145867542419268,14,7,4.0,2.3333333333333335,1.1666666666666667,1,1,0,1.0,-13.0,13.0
0.2,0.25,within_subject_chronological,within_chb08,chb08,6.0,lightgbm,LightGBM,Fixed threshold,0.2,raw,1,,0.0,1387,0.12849731332221603,231.16666666666666,1229,204.83333333333334,0.11391492429704397,0.5602836879432624,0.6091456077015645,602,579,6.0,100.33333333333333,96.5,1,1,1,1.0,285.0,-285.0
0.2,0.25,within_subject_chronological,within_chb08,chb08,6.0,lightgbm,LightGBM,Temporal persistence,0.2,raw,2,,0.0,611,0.05660552158606633,101.83333333333333,480,80.0,0.2144026186579378,0.4645390070921986,0.6749279089704622,290,273,4.0,48.333333333333336,45.5,1,1,1,1.0,253.0,-253.0
0.2,0.25,within_subject_chronological,within_chb08,chb08,6.0,lightgbm,LightGBM,Full governed policy,0.2,isotonic,2,0.25,0.0,86,0.007967389290346488,14.333333333333334,8,1.3333333333333333,0.9069767441860465,0.2765957446808511,0.8211517165005541,14,7,4.0,2.3333333333333335,1.1666666666666667,1,1,0,1.0,-15.0,15.0
0.2,0.4,within_subject_chronological,within_chb08,chb08,6.0,lightgbm,LightGBM,Fixed threshold,0.2,raw,1,,0.0,1387,0.12849731332221603,231.16666666666666,1229,204.83333333333334,0.11391492429704397,0.5602836879432624,0.6091456077015645,602,579,6.0,100.33333333333333,96.5,1,1,1,1.0,285.0,-285.0
0.2,0.4,within_subject_chronological,within_chb08,chb08,6.0,lightgbm,LightGBM,Temporal persistence,0.2,raw,2,,0.0,611,0.05660552158606633,101.83333333333333,480,80.0,0.2144026186579378,0.4645390070921986,0.6749279089704622,290,273,4.0,48.333333333333336,45.5,1,1,1,1.0,253.0,-253.0
0.2,0.4,within_subject_chronological,within_chb08,chb08,6.0,lightgbm,LightGBM,Full governed policy,0.2,isotonic,2,0.4,0.0,86,0.007967389290346488,14.333333333333334,8,1.3333333333333333,0.9069767441860465,0.2765957446808511,0.8211517165005541,14,7,4.0,2.3333333333333335,1.1666666666666667,1,1,0,1.0,-15.0,15.0
0.2,0.67,within_subject_chronological,within_chb08,chb08,6.0,lightgbm,LightGBM,Fixed threshold,0.2,raw,1,,0.0,1387,0.12849731332221603,231.16666666666666,1229,204.83333333333334,0.11391492429704397,0.5602836879432624,0.6091456077015645,602,579,6.0,100.33333333333333,96.5,1,1,1,1.0,285.0,-285.0
0.2,0.67,within_subject_chronological,within_chb08,chb08,6.0,lightgbm,LightGBM,Temporal persistence,0.2,raw,2,,0.0,611,0.05660552158606633,101.83333333333333,480,80.0,0.2144026186579378,0.4645390070921986,0.6749279089704622,290,273,4.0,48.333333333333336,45.5,1,1,1,1.0,253.0,-253.0
0.2,0.67,within_subject_chronological,within_chb08,chb08,6.0,lightgbm,LightGBM,Full governed policy,0.2,isotonic,2,0.67,0.0,47,0.004354270891235872,7.833333333333333,4,0.6666666666666666,0.9148936170212766,0.1524822695035461,1.0,11,4,4.0,1.8333333333333333,0.6666666666666666,1,1,0,1.0,-15.0,15.0
0.3,0.0,within_subject_chronological,within_chb08,chb08,6.0,lightgbm,LightGBM,Fixed threshold,0.3,raw,1,,0.0,911,0.08439874004076339,151.83333333333334,765,127.5,0.1602634467618002,0.5177304964539007,0.6206523635095064,468,444,4.0,78.0,74.0,1,1,1,1.0,285.0,-285.0
0.3,0.0,within_subject_chronological,within_chb08,chb08,6.0,lightgbm,LightGBM,Temporal persistence,0.3,raw,2,,0.0,368,0.034093014637761716,61.333333333333336,248,41.333333333333336,0.32608695652173914,0.425531914893617,0.7024133022774327,167,157,4.0,27.833333333333332,26.166666666666668,1,1,1,1.0,215.0,-215.0
0.3,0.0,within_subject_chronological,within_chb08,chb08,6.0,lightgbm,LightGBM,Full governed policy,0.3,isotonic,2,0.0,0.0,87,0.008060033351862146,14.5,8,1.3333333333333333,0.9080459770114943,0.2801418439716312,0.8145867542419268,14,7,4.0,2.3333333333333335,1.1666666666666667,1,1,0,1.0,-13.0,13.0
0.3,0.25,within_subject_chronological,within_chb08,chb08,6.0,lightgbm,LightGBM,Fixed threshold,0.3,raw,1,,0.0,911,0.08439874004076339,151.83333333333334,765,127.5,0.1602634467618002,0.5177304964539007,0.6206523635095064,468,444,4.0,78.0,74.0,1,1,1,1.0,285.0,-285.0
0.3,0.25,within_subject_chronological,within_chb08,chb08,6.0,lightgbm,LightGBM,Temporal persistence,0.3,raw,2,,0.0,368,0.034093014637761716,61.333333333333336,248,41.333333333333336,0.32608695652173914,0.425531914893617,0.7024133022774327,167,157,4.0,27.833333333333332,26.166666666666668,1,1,1,1.0,215.0,-215.0
0.3,0.25,within_subject_chronological,within_chb08,chb08,6.0,lightgbm,LightGBM,Full governed policy,0.3,isotonic,2,0.25,0.0,86,0.007967389290346488,14.333333333333334,8,1.3333333333333333,0.9069767441860465,0.2765957446808511,0.8211517165005541,14,7,4.0,2.3333333333333335,1.1666666666666667,1,1,0,1.0,-15.0,15.0
0.3,0.4,within_subject_chronological,within_chb08,chb08,6.0,lightgbm,LightGBM,Fixed threshold,0.3,raw,1,,0.0,911,0.08439874004076339,151.83333333333334,765,127.5,0.1602634467618002,0.5177304964539007,0.6206523635095064,468,444,4.0,78.0,74.0,1,1,1,1.0,285.0,-285.0
0.3,0.4,within_subject_chronological,within_chb08,chb08,6.0,lightgbm,LightGBM,Temporal persistence,0.3,raw,2,,0.0,368,0.034093014637761716,61.333333333333336,248,41.333333333333336,0.32608695652173914,0.425531914893617,0.7024133022774327,167,157,4.0,27.833333333333332,26.166666666666668,1,1,1,1.0,215.0,-215.0
0.3,0.4,within_subject_chronological,within_chb08,chb08,6.0,lightgbm,LightGBM,Full governed policy,0.3,isotonic,2,0.4,0.0,86,0.007967389290346488,14.333333333333334,8,1.3333333333333333,0.9069767441860465,0.2765957446808511,0.8211517165005541,14,7,4.0,2.3333333333333335,1.1666666666666667,1,1,0,1.0,-15.0,15.0
0.3,0.67,within_subject_chronological,within_chb08,chb08,6.0,lightgbm,LightGBM,Fixed threshold,0.3,raw,1,,0.0,911,0.08439874004076339,151.83333333333334,765,127.5,0.1602634467618002,0.5177304964539007,0.6206523635095064,468,444,4.0,78.0,74.0,1,1,1,1.0,285.0,-285.0
0.3,0.67,within_subject_chronological,within_chb08,chb08,6.0,lightgbm,LightGBM,Temporal persistence,0.3,raw,2,,0.0,368,0.034093014637761716,61.333333333333336,248,41.333333333333336,0.32608695652173914,0.425531914893617,0.7024133022774327,167,157,4.0,27.833333333333332,26.166666666666668,1,1,1,1.0,215.0,-215.0
0.3,0.67,within_subject_chronological,within_chb08,chb08,6.0,lightgbm,LightGBM,Full governed policy,0.3,isotonic,2,0.67,0.0,47,0.004354270891235872,7.833333333333333,4,0.6666666666666666,0.9148936170212766,0.1524822695035461,1.0,11,4,4.0,1.8333333333333333,0.6666666666666666,1,1,0,1.0,-15.0,15.0
0.4,0.0,within_subject_chronological,within_chb08,chb08,6.0,lightgbm,LightGBM,Fixed threshold,0.4,raw,1,,0.0,652,0.060403928108208264,108.66666666666667,514,85.66666666666667,0.2116564417177914,0.48936170212765956,0.6277095067417648,353,333,4.0,58.833333333333336,55.5,1,1,1,1.0,285.0,-285.0
0.4,0.0,within_subject_chronological,within_chb08,chb08,6.0,lightgbm,LightGBM,Temporal persistence,0.4,raw,2,,0.0,254,0.02353159162497684,42.333333333333336,139,23.166666666666668,0.452755905511811,0.4078014184397163,0.7312523434570679,107,96,4.0,17.833333333333332,16.0,1,1,1,1.0,215.0,-215.0
0.4,0.0,within_subject_chronological,within_chb08,chb08,6.0,lightgbm,LightGBM,Full governed policy,0.4,isotonic,2,0.0,0.0,87,0.008060033351862146,14.5,8,1.3333333333333333,0.9080459770114943,0.2801418439716312,0.8145867542419268,14,7,4.0,2.3333333333333335,1.1666666666666667,1,1,0,1.0,-13.0,13.0
0.4,0.25,within_subject_chronological,within_chb08,chb08,6.0,lightgbm,LightGBM,Fixed threshold,0.4,raw,1,,0.0,652,0.060403928108208264,108.66666666666667,514,85.66666666666667,0.2116564417177914,0.48936170212765956,0.6277095067417648,353,333,4.0,58.833333333333336,55.5,1,1,1,1.0,285.0,-285.0
0.4,0.25,within_subject_chronological,within_chb08,chb08,6.0,lightgbm,LightGBM,Temporal persistence,0.4,raw,2,,0.0,254,0.02353159162497684,42.333333333333336,139,23.166666666666668,0.452755905511811,0.4078014184397163,0.7312523434570679,107,96,4.0,17.833333333333332,16.0,1,1,1,1.0,215.0,-215.0
0.4,0.25,within_subject_chronological,within_chb08,chb08,6.0,lightgbm,LightGBM,Full governed policy,0.4,isotonic,2,0.25,0.0,86,0.007967389290346488,14.333333333333334,8,1.3333333333333333,0.9069767441860465,0.2765957446808511,0.8211517165005541,14,7,4.0,2.3333333333333335,1.1666666666666667,1,1,0,1.0,-15.0,15.0
0.4,0.4,within_subject_chronological,within_chb08,chb08,6.0,lightgbm,LightGBM,Fixed threshold,0.4,raw,1,,0.0,652,0.060403928108208264,108.66666666666667,514,85.66666666666667,0.2116564417177914,0.48936170212765956,0.6277095067417648,353,333,4.0,58.833333333333336,55.5,1,1,1,1.0,285.0,-285.0
0.4,0.4,within_subject_chronological,within_chb08,chb08,6.0,lightgbm,LightGBM,Temporal persistence,0.4,raw,2,,0.0,254,0.02353159162497684,42.333333333333336,139,23.166666666666668,0.452755905511811,0.4078014184397163,0.7312523434570679,107,96,4.0,17.833333333333332,16.0,1,1,1,1.0,215.0,-215.0
0.4,0.4,within_subject_chronological,within_chb08,chb08,6.0,lightgbm,LightGBM,Full governed policy,0.4,isotonic,2,0.4,0.0,86,0.007967389290346488,14.333333333333334,8,1.3333333333333333,0.9069767441860465,0.2765957446808511,0.8211517165005541,14,7,4.0,2.3333333333333335,1.1666666666666667,1,1,0,1.0,-15.0,15.0
0.4,0.67,within_subject_chronological,within_chb08,chb08,6.0,lightgbm,LightGBM,Fixed threshold,0.4,raw,1,,0.0,652,0.060403928108208264,108.66666666666667,514,85.66666666666667,0.2116564417177914,0.48936170212765956,0.6277095067417648,353,333,4.0,58.833333333333336,55.5,1,1,1,1.0,285.0,-285.0
0.4,0.67,within_subject_chronological,within_chb08,chb08,6.0,lightgbm,LightGBM,Temporal persistence,0.4,raw,2,,0.0,254,0.02353159162497684,42.333333333333336,139,23.166666666666668,0.452755905511811,0.4078014184397163,0.7312523434570679,107,96,4.0,17.833333333333332,16.0,1,1,1,1.0,215.0,-215.0
0.4,0.67,within_subject_chronological,within_chb08,chb08,6.0,lightgbm,LightGBM,Full governed policy,0.4,isotonic,2,0.67,0.0,47,0.004354270891235872,7.833333333333333,4,0.6666666666666666,0.9148936170212766,0.1524822695035461,1.0,11,4,4.0,1.8333333333333333,0.6666666666666666,1,1,0,1.0,-15.0,15.0
0.5,0.0,within_subject_chronological,within_chb08,chb08,6.0,lightgbm,LightGBM,Fixed threshold,0.5,raw,1,,0.0,436,0.04039281082082639,72.66666666666667,309,51.5,0.29128440366972475,0.450354609929078,0.6500912242291552,233,218,4.0,38.833333333333336,36.333333333333336,1,1,1,1.0,285.0,-285.0
0.5,0.0,within_subject_chronological,within_chb08,chb08,6.0,lightgbm,LightGBM,Temporal persistence,0.5,raw,2,,0.0,178,0.01649064294978692,29.666666666666668,71,11.833333333333334,0.601123595505618,0.37943262411347517,0.7544810058855002,64,54,4.0,10.666666666666666,9.0,1,1,1,1.0,193.0,-193.0
0.5,0.0,within_subject_chronological,within_chb08,chb08,6.0,lightgbm,LightGBM,Full governed policy,0.5,isotonic,2,0.0,0.0,87,0.008060033351862146,14.5,8,1.3333333333333333,0.9080459770114943,0.2801418439716312,0.8145867542419268,14,7,4.0,2.3333333333333335,1.1666666666666667,1,1,0,1.0,-13.0,13.0
0.5,0.25,within_subject_chronological,within_chb08,chb08,6.0,lightgbm,LightGBM,Fixed threshold,0.5,raw,1,,0.0,436,0.04039281082082639,72.66666666666667,309,51.5,0.29128440366972475,0.450354609929078,0.6500912242291552,233,218,4.0,38.833333333333336,36.333333333333336,1,1,1,1.0,285.0,-285.0
0.5,0.25,within_subject_chronological,within_chb08,chb08,6.0,lightgbm,LightGBM,Temporal persistence,0.5,raw,2,,0.0,178,0.01649064294978692,29.666666666666668,71,11.833333333333334,0.601123595505618,0.37943262411347517,0.7544810058855002,64,54,4.0,10.666666666666666,9.0,1,1,1,1.0,193.0,-193.0
0.5,0.25,within_subject_chronological,within_chb08,chb08,6.0,lightgbm,LightGBM,Full governed policy,0.5,isotonic,2,0.25,0.0,86,0.007967389290346488,14.333333333333334,8,1.3333333333333333,0.9069767441860465,0.2765957446808511,0.8211517165005541,14,7,4.0,2.3333333333333335,1.1666666666666667,1,1,0,1.0,-15.0,15.0
0.5,0.4,within_subject_chronological,within_chb08,chb08,6.0,lightgbm,LightGBM,Fixed threshold,0.5,raw,1,,0.0,436,0.04039281082082639,72.66666666666667,309,51.5,0.29128440366972475,0.450354609929078,0.6500912242291552,233,218,4.0,38.833333333333336,36.333333333333336,1,1,1,1.0,285.0,-285.0
0.5,0.4,within_subject_chronological,within_chb08,chb08,6.0,lightgbm,LightGBM,Temporal persistence,0.5,raw,2,,0.0,178,0.01649064294978692,29.666666666666668,71,11.833333333333334,0.601123595505618,0.37943262411347517,0.7544810058855002,64,54,4.0,10.666666666666666,9.0,1,1,1,1.0,193.0,-193.0
0.5,0.4,within_subject_chronological,within_chb08,chb08,6.0,lightgbm,LightGBM,Full governed policy,0.5,isotonic,2,0.4,0.0,86,0.007967389290346488,14.333333333333334,8,1.3333333333333333,0.9069767441860465,0.2765957446808511,0.8211517165005541,14,7,4.0,2.3333333333333335,1.1666666666666667,1,1,0,1.0,-15.0,15.0
0.5,0.67,within_subject_chronological,within_chb08,chb08,6.0,lightgbm,LightGBM,Fixed threshold,0.5,raw,1,,0.0,436,0.04039281082082639,72.66666666666667,309,51.5,0.29128440366972475,0.450354609929078,0.6500912242291552,233,218,4.0,38.833333333333336,36.333333333333336,1,1,1,1.0,285.0,-285.0
0.5,0.67,within_subject_chronological,within_chb08,chb08,6.0,lightgbm,LightGBM,Temporal persistence,0.5,raw,2,,0.0,178,0.01649064294978692,29.666666666666668,71,11.833333333333334,0.601123595505618,0.37943262411347517,0.7544810058855002,64,54,4.0,10.666666666666666,9.0,1,1,1,1.0,193.0,-193.0
0.5,0.67,within_subject_chronological,within_chb08,chb08,6.0,lightgbm,LightGBM,Full governed policy,0.5,isotonic,2,0.67,0.0,47,0.004354270891235872,7.833333333333333,4,0.6666666666666666,0.9148936170212766,0.1524822695035461,1.0,11,4,4.0,1.8333333333333333,0.6666666666666666,1,1,0,1.0,-15.0,15.0
0.6,0.0,within_subject_chronological,within_chb08,chb08,6.0,lightgbm,LightGBM,Fixed threshold,0.6,raw,1,,0.0,298,0.02760793033166574,49.666666666666664,184,30.666666666666668,0.3825503355704698,0.40425531914893614,0.6656812613188452,140,130,4.0,23.333333333333332,21.666666666666668,1,1,1,1.0,285.0,-285.0
0.6,0.0,within_subject_chronological,within_chb08,chb08,6.0,lightgbm,LightGBM,Temporal persistence,0.6,raw,2,,0.0,146,0.0135260329812859,24.333333333333332,46,7.666666666666667,0.684931506849315,0.3546099290780142,0.7763372472276582,44,35,4.0,7.333333333333333,5.833333333333333,1,1,1,1.0,65.0,-65.0
0.6,0.0,within_subject_chronological,within_chb08,chb08,6.0,lightgbm,LightGBM,Full governed policy,0.6,isotonic,2,0.0,0.0,87,0.008060033351862146,14.5,8,1.3333333333333333,0.9080459770114943,0.2801418439716312,0.8145867542419268,14,7,4.0,2.3333333333333335,1.1666666666666667,1,1,0,1.0,-13.0,13.0
0.6,0.25,within_subject_chronological,within_chb08,chb08,6.0,lightgbm,LightGBM,Fixed threshold,0.6,raw,1,,0.0,298,0.02760793033166574,49.666666666666664,184,30.666666666666668,0.3825503355704698,0.40425531914893614,0.6656812613188452,140,130,4.0,23.333333333333332,21.666666666666668,1,1,1,1.0,285.0,-285.0
0.6,0.25,within_subject_chronological,within_chb08,chb08,6.0,lightgbm,LightGBM,Temporal persistence,0.6,raw,2,,0.0,146,0.0135260329812859,24.333333333333332,46,7.666666666666667,0.684931506849315,0.3546099290780142,0.7763372472276582,44,35,4.0,7.333333333333333,5.833333333333333,1,1,1,1.0,65.0,-65.0
0.6,0.25,within_subject_chronological,within_chb08,chb08,6.0,lightgbm,LightGBM,Full governed policy,0.6,isotonic,2,0.25,0.0,86,0.007967389290346488,14.333333333333334,8,1.3333333333333333,0.9069767441860465,0.2765957446808511,0.8211517165005541,14,7,4.0,2.3333333333333335,1.1666666666666667,1,1,0,1.0,-15.0,15.0
0.6,0.4,within_subject_chronological,within_chb08,chb08,6.0,lightgbm,LightGBM,Fixed threshold,0.6,raw,1,,0.0,298,0.02760793033166574,49.666666666666664,184,30.666666666666668,0.3825503355704698,0.40425531914893614,0.6656812613188452,140,130,4.0,23.333333333333332,21.666666666666668,1,1,1,1.0,285.0,-285.0
0.6,0.4,within_subject_chronological,within_chb08,chb08,6.0,lightgbm,LightGBM,Temporal persistence,0.6,raw,2,,0.0,146,0.0135260329812859,24.333333333333332,46,7.666666666666667,0.684931506849315,0.3546099290780142,0.7763372472276582,44,35,4.0,7.333333333333333,5.833333333333333,1,1,1,1.0,65.0,-65.0
0.6,0.4,within_subject_chronological,within_chb08,chb08,6.0,lightgbm,LightGBM,Full governed policy,0.6,isotonic,2,0.4,0.0,86,0.007967389290346488,14.333333333333334,8,1.3333333333333333,0.9069767441860465,0.2765957446808511,0.8211517165005541,14,7,4.0,2.3333333333333335,1.1666666666666667,1,1,0,1.0,-15.0,15.0
0.6,0.67,within_subject_chronological,within_chb08,chb08,6.0,lightgbm,LightGBM,Fixed threshold,0.6,raw,1,,0.0,298,0.02760793033166574,49.666666666666664,184,30.666666666666668,0.3825503355704698,0.40425531914893614,0.6656812613188452,140,130,4.0,23.333333333333332,21.666666666666668,1,1,1,1.0,285.0,-285.0
0.6,0.67,within_subject_chronological,within_chb08,chb08,6.0,lightgbm,LightGBM,Temporal persistence,0.6,raw,2,,0.0,146,0.0135260329812859,24.333333333333332,46,7.666666666666667,0.684931506849315,0.3546099290780142,0.7763372472276582,44,35,4.0,7.333333333333333,5.833333333333333,1,1,1,1.0,65.0,-65.0
0.6,0.67,within_subject_chronological,within_chb08,chb08,6.0,lightgbm,LightGBM,Full governed policy,0.6,isotonic,2,0.67,0.0,47,0.004354270891235872,7.833333333333333,4,0.6666666666666666,0.9148936170212766,0.1524822695035461,1.0,11,4,4.0,1.8333333333333333,0.6666666666666666,1,1,0,1.0,-15.0,15.0
0.7,0.0,within_subject_chronological,within_chb08,chb08,6.0,lightgbm,LightGBM,Fixed threshold,0.7,raw,1,,0.0,206,0.019084676672225312,34.333333333333336,98,16.333333333333332,0.5242718446601942,0.3829787234042553,0.6989328093697026,79,72,4.0,13.166666666666666,12.0,1,1,1,1.0,217.0,-217.0
0.7,0.0,within_subject_chronological,within_chb08,chb08,6.0,lightgbm,LightGBM,Temporal persistence,0.7,raw,2,,0.0,120,0.011117287381878822,20.0,25,4.166666666666667,0.7916666666666666,0.33687943262411346,0.7810515873015871,27,18,4.0,4.5,3.0,1,1,0,1.0,-13.0,13.0
0.7,0.0,within_subject_chronological,within_chb08,chb08,6.0,lightgbm,LightGBM,Full governed policy,0.7,isotonic,2,0.0,0.0,87,0.008060033351862146,14.5,8,1.3333333333333333,0.9080459770114943,0.2801418439716312,0.8145867542419268,14,7,4.0,2.3333333333333335,1.1666666666666667,1,1,0,1.0,-13.0,13.0
0.7,0.25,within_subject_chronological,within_chb08,chb08,6.0,lightgbm,LightGBM,Fixed threshold,0.7,raw,1,,0.0,206,0.019084676672225312,34.333333333333336,98,16.333333333333332,0.5242718446601942,0.3829787234042553,0.6989328093697026,79,72,4.0,13.166666666666666,12.0,1,1,1,1.0,217.0,-217.0
0.7,0.25,within_subject_chronological,within_chb08,chb08,6.0,lightgbm,LightGBM,Temporal persistence,0.7,raw,2,,0.0,120,0.011117287381878822,20.0,25,4.166666666666667,0.7916666666666666,0.33687943262411346,0.7810515873015871,27,18,4.0,4.5,3.0,1,1,0,1.0,-13.0,13.0
0.7,0.25,within_subject_chronological,within_chb08,chb08,6.0,lightgbm,LightGBM,Full governed policy,0.7,isotonic,2,0.25,0.0,86,0.007967389290346488,14.333333333333334,8,1.3333333333333333,0.9069767441860465,0.2765957446808511,0.8211517165005541,14,7,4.0,2.3333333333333335,1.1666666666666667,1,1,0,1.0,-15.0,15.0
0.7,0.4,within_subject_chronological,within_chb08,chb08,6.0,lightgbm,LightGBM,Fixed threshold,0.7,raw,1,,0.0,206,0.019084676672225312,34.333333333333336,98,16.333333333333332,0.5242718446601942,0.3829787234042553,0.6989328093697026,79,72,4.0,13.166666666666666,12.0,1,1,1,1.0,217.0,-217.0
0.7,0.4,within_subject_chronological,within_chb08,chb08,6.0,lightgbm,LightGBM,Temporal persistence,0.7,raw,2,,0.0,120,0.011117287381878822,20.0,25,4.166666666666667,0.7916666666666666,0.33687943262411346,0.7810515873015871,27,18,4.0,4.5,3.0,1,1,0,1.0,-13.0,13.0
0.7,0.4,within_subject_chronological,within_chb08,chb08,6.0,lightgbm,LightGBM,Full governed policy,0.7,isotonic,2,0.4,0.0,86,0.007967389290346488,14.333333333333334,8,1.3333333333333333,0.9069767441860465,0.2765957446808511,0.8211517165005541,14,7,4.0,2.3333333333333335,1.1666666666666667,1,1,0,1.0,-15.0,15.0
0.7,0.67,within_subject_chronological,within_chb08,chb08,6.0,lightgbm,LightGBM,Fixed threshold,0.7,raw,1,,0.0,206,0.019084676672225312,34.333333333333336,98,16.333333333333332,0.5242718446601942,0.3829787234042553,0.6989328093697026,79,72,4.0,13.166666666666666,12.0,1,1,1,1.0,217.0,-217.0
0.7,0.67,within_subject_chronological,within_chb08,chb08,6.0,lightgbm,LightGBM,Temporal persistence,0.7,raw,2,,0.0,120,0.011117287381878822,20.0,25,4.166666666666667,0.7916666666666666,0.33687943262411346,0.7810515873015871,27,18,4.0,4.5,3.0,1,1,0,1.0,-13.0,13.0
0.7,0.67,within_subject_chronological,within_chb08,chb08,6.0,lightgbm,LightGBM,Full governed policy,0.7,isotonic,2,0.67,0.0,47,0.004354270891235872,7.833333333333333,4,0.6666666666666666,0.9148936170212766,0.1524822695035461,1.0,11,4,4.0,1.8333333333333333,0.6666666666666666,1,1,0,1.0,-15.0,15.0
0.8,0.0,within_subject_chronological,within_chb08,chb08,6.0,lightgbm,LightGBM,Fixed threshold,0.8,raw,1,,0.0,151,0.013989253288864184,25.166666666666668,52,8.666666666666666,0.6556291390728477,0.35106382978723405,0.7390413118889939,43,37,4.0,7.166666666666667,6.166666666666667,1,1,1,1.0,143.0,-143.0
0.8,0.0,within_subject_chronological,within_chb08,chb08,6.0,lightgbm,LightGBM,Temporal persistence,0.8,raw,2,,0.0,101,0.009357050213081341,16.833333333333332,15,2.5,0.8514851485148515,0.3049645390070922,0.8020980669495522,17,9,4.0,2.8333333333333335,1.5,1,1,0,1.0,-13.0,13.0
0.8,0.0,within_subject_chronological,within_chb08,chb08,6.0,lightgbm,LightGBM,Full governed policy,0.8,isotonic,2,0.0,0.0,84,0.007782101167315175,14.0,7,1.1666666666666667,0.9166666666666666,0.2730496453900709,0.8276643990929706,12,6,5.0,2.0,1.0,1,1,0,1.0,-15.0,15.0
0.8,0.25,within_subject_chronological,within_chb08,chb08,6.0,lightgbm,LightGBM,Fixed threshold,0.8,raw,1,,0.0,151,0.013989253288864184,25.166666666666668,52,8.666666666666666,0.6556291390728477,0.35106382978723405,0.7390413118889939,43,37,4.0,7.166666666666667,6.166666666666667,1,1,1,1.0,143.0,-143.0
0.8,0.25,within_subject_chronological,within_chb08,chb08,6.0,lightgbm,LightGBM,Temporal persistence,0.8,raw,2,,0.0,101,0.009357050213081341,16.833333333333332,15,2.5,0.8514851485148515,0.3049645390070922,0.8020980669495522,17,9,4.0,2.8333333333333335,1.5,1,1,0,1.0,-13.0,13.0
0.8,0.25,within_subject_chronological,within_chb08,chb08,6.0,lightgbm,LightGBM,Full governed policy,0.8,isotonic,2,0.25,0.0,84,0.007782101167315175,14.0,7,1.1666666666666667,0.9166666666666666,0.2730496453900709,0.8276643990929706,12,6,5.0,2.0,1.0,1,1,0,1.0,-15.0,15.0
0.8,0.4,within_subject_chronological,within_chb08,chb08,6.0,lightgbm,LightGBM,Fixed threshold,0.8,raw,1,,0.0,151,0.013989253288864184,25.166666666666668,52,8.666666666666666,0.6556291390728477,0.35106382978723405,0.7390413118889939,43,37,4.0,7.166666666666667,6.166666666666667,1,1,1,1.0,143.0,-143.0
0.8,0.4,within_subject_chronological,within_chb08,chb08,6.0,lightgbm,LightGBM,Temporal persistence,0.8,raw,2,,0.0,101,0.009357050213081341,16.833333333333332,15,2.5,0.8514851485148515,0.3049645390070922,0.8020980669495522,17,9,4.0,2.8333333333333335,1.5,1,1,0,1.0,-13.0,13.0
0.8,0.4,within_subject_chronological,within_chb08,chb08,6.0,lightgbm,LightGBM,Full governed policy,0.8,isotonic,2,0.4,0.0,84,0.007782101167315175,14.0,7,1.1666666666666667,0.9166666666666666,0.2730496453900709,0.8276643990929706,12,6,5.0,2.0,1.0,1,1,0,1.0,-15.0,15.0
0.8,0.67,within_subject_chronological,within_chb08,chb08,6.0,lightgbm,LightGBM,Fixed threshold,0.8,raw,1,,0.0,151,0.013989253288864184,25.166666666666668,52,8.666666666666666,0.6556291390728477,0.35106382978723405,0.7390413118889939,43,37,4.0,7.166666666666667,6.166666666666667,1,1,1,1.0,143.0,-143.0
0.8,0.67,within_subject_chronological,within_chb08,chb08,6.0,lightgbm,LightGBM,Temporal persistence,0.8,raw,2,,0.0,101,0.009357050213081341,16.833333333333332,15,2.5,0.8514851485148515,0.3049645390070922,0.8020980669495522,17,9,4.0,2.8333333333333335,1.5,1,1,0,1.0,-13.0,13.0
0.8,0.67,within_subject_chronological,within_chb08,chb08,6.0,lightgbm,LightGBM,Full governed policy,0.8,isotonic,2,0.67,0.0,47,0.004354270891235872,7.833333333333333,4,0.6666666666666666,0.9148936170212766,0.1524822695035461,1.0,11,4,4.0,1.8333333333333333,0.6666666666666666,1,1,0,1.0,-15.0,15.0
0.9,0.0,within_subject_chronological,within_chb08,chb08,6.0,lightgbm,LightGBM,Fixed threshold,0.9,raw,1,,0.0,112,0.010376134889753566,18.666666666666668,24,4.0,0.7857142857142857,0.3120567375886525,0.7695578231292516,25,17,4.0,4.166666666666667,2.8333333333333335,1,1,0,1.0,-13.0,13.0
0.9,0.0,within_subject_chronological,within_chb08,chb08,6.0,lightgbm,LightGBM,Temporal persistence,0.9,raw,2,,0.0,84,0.007782101167315175,14.0,7,1.1666666666666667,0.9166666666666666,0.2730496453900709,0.8276643990929706,12,6,5.0,2.0,1.0,1,1,0,1.0,-15.0,15.0
0.9,0.0,within_subject_chronological,within_chb08,chb08,6.0,lightgbm,LightGBM,Full governed policy,0.9,isotonic,2,0.0,0.0,84,0.007782101167315175,14.0,7,1.1666666666666667,0.9166666666666666,0.2730496453900709,0.8276643990929706,12,6,5.0,2.0,1.0,1,1,0,1.0,-15.0,15.0
0.9,0.25,within_subject_chronological,within_chb08,chb08,6.0,lightgbm,LightGBM,Fixed threshold,0.9,raw,1,,0.0,112,0.010376134889753566,18.666666666666668,24,4.0,0.7857142857142857,0.3120567375886525,0.7695578231292516,25,17,4.0,4.166666666666667,2.8333333333333335,1,1,0,1.0,-13.0,13.0
0.9,0.25,within_subject_chronological,within_chb08,chb08,6.0,lightgbm,LightGBM,Temporal persistence,0.9,raw,2,,0.0,84,0.007782101167315175,14.0,7,1.1666666666666667,0.9166666666666666,0.2730496453900709,0.8276643990929706,12,6,5.0,2.0,1.0,1,1,0,1.0,-15.0,15.0
0.9,0.25,within_subject_chronological,within_chb08,chb08,6.0,lightgbm,LightGBM,Full governed policy,0.9,isotonic,2,0.25,0.0,84,0.007782101167315175,14.0,7,1.1666666666666667,0.9166666666666666,0.2730496453900709,0.8276643990929706,12,6,5.0,2.0,1.0,1,1,0,1.0,-15.0,15.0
0.9,0.4,within_subject_chronological,within_chb08,chb08,6.0,lightgbm,LightGBM,Fixed threshold,0.9,raw,1,,0.0,112,0.010376134889753566,18.666666666666668,24,4.0,0.7857142857142857,0.3120567375886525,0.7695578231292516,25,17,4.0,4.166666666666667,2.8333333333333335,1,1,0,1.0,-13.0,13.0
0.9,0.4,within_subject_chronological,within_chb08,chb08,6.0,lightgbm,LightGBM,Temporal persistence,0.9,raw,2,,0.0,84,0.007782101167315175,14.0,7,1.1666666666666667,0.9166666666666666,0.2730496453900709,0.8276643990929706,12,6,5.0,2.0,1.0,1,1,0,1.0,-15.0,15.0
0.9,0.4,within_subject_chronological,within_chb08,chb08,6.0,lightgbm,LightGBM,Full governed policy,0.9,isotonic,2,0.4,0.0,84,0.007782101167315175,14.0,7,1.1666666666666667,0.9166666666666666,0.2730496453900709,0.8276643990929706,12,6,5.0,2.0,1.0,1,1,0,1.0,-15.0,15.0
0.9,0.67,within_subject_chronological,within_chb08,chb08,6.0,lightgbm,LightGBM,Fixed threshold,0.9,raw,1,,0.0,112,0.010376134889753566,18.666666666666668,24,4.0,0.7857142857142857,0.3120567375886525,0.7695578231292516,25,17,4.0,4.166666666666667,2.8333333333333335,1,1,0,1.0,-13.0,13.0
0.9,0.67,within_subject_chronological,within_chb08,chb08,6.0,lightgbm,LightGBM,Temporal persistence,0.9,raw,2,,0.0,84,0.007782101167315175,14.0,7,1.1666666666666667,0.9166666666666666,0.2730496453900709,0.8276643990929706,12,6,5.0,2.0,1.0,1,1,0,1.0,-15.0,15.0
0.9,0.67,within_subject_chronological,within_chb08,chb08,6.0,lightgbm,LightGBM,Full governed policy,0.9,isotonic,2,0.67,0.0,47,0.004354270891235872,7.833333333333333,4,0.6666666666666666,0.9148936170212766,0.1524822695035461,1.0,11,4,4.0,1.8333333333333333,0.6666666666666666,1,1,0,1.0,-15.0,15.0
0.1,0.0,held_out_subject,loso_chb01,chb01,18.552222222222223,lightgbm,LightGBM,Fixed threshold,0.1,raw,1,,0.0,29036,0.8700446468702244,1565.0955261424208,27905,1504.132478888423,0.038951646232263396,0.8863636363636364,0.5138727522161942,788,753,20.0,42.4746960531832,40.588129604120496,7,7,7,1.0,300.0,-300.0
0.1,0.0,held_out_subject,loso_chb01,chb01,18.552222222222223,lightgbm,LightGBM,Temporal persistence,0.1,raw,2,,0.0,26922,0.8067000269679082,1451.1469126190332,25886,1395.3045457267772,0.03848153926157046,0.8119122257053292,0.5162773290976991,1744,1655,12.0,94.00491106186739,89.20764209139365,7,7,7,1.0,299.0,-299.0
0.1,0.0,held_out_subject,loso_chb01,chb01,18.552222222222223,lightgbm,LightGBM,Full governed policy,0.1,isotonic,2,0.0,0.0,33,0.0009888233002726754,1.7787626519734083,0,0.0,1.0,0.02586206896551724,0.8412698412698413,10,0,7.0,0.5390189854464874,0.0,7,6,0,0.8571428571428571,-33.0,33.0
0.1,0.25,held_out_subject,loso_chb01,chb01,18.552222222222223,lightgbm,LightGBM,Fixed threshold,0.1,raw,1,,0.0,29036,0.8700446468702244,1565.0955261424208,27905,1504.132478888423,0.038951646232263396,0.8863636363636364,0.5138727522161942,788,753,20.0,42.4746960531832,40.588129604120496,7,7,7,1.0,300.0,-300.0
0.1,0.25,held_out_subject,loso_chb01,chb01,18.552222222222223,lightgbm,LightGBM,Temporal persistence,0.1,raw,2,,0.0,26922,0.8067000269679082,1451.1469126190332,25886,1395.3045457267772,0.03848153926157046,0.8119122257053292,0.5162773290976991,1744,1655,12.0,94.00491106186739,89.20764209139365,7,7,7,1.0,299.0,-299.0
0.1,0.25,held_out_subject,loso_chb01,chb01,18.552222222222223,lightgbm,LightGBM,Full governed policy,0.1,isotonic,2,0.25,0.0,33,0.0009888233002726754,1.7787626519734083,0,0.0,1.0,0.02586206896551724,0.8412698412698413,10,0,7.0,0.5390189854464874,0.0,7,6,0,0.8571428571428571,-33.0,33.0
0.1,0.4,held_out_subject,loso_chb01,chb01,18.552222222222223,lightgbm,LightGBM,Fixed threshold,0.1,raw,1,,0.0,29036,0.8700446468702244,1565.0955261424208,27905,1504.132478888423,0.038951646232263396,0.8863636363636364,0.5138727522161942,788,753,20.0,42.4746960531832,40.588129604120496,7,7,7,1.0,300.0,-300.0
0.1,0.4,held_out_subject,loso_chb01,chb01,18.552222222222223,lightgbm,LightGBM,Temporal persistence,0.1,raw,2,,0.0,26922,0.8067000269679082,1451.1469126190332,25886,1395.3045457267772,0.03848153926157046,0.8119122257053292,0.5162773290976991,1744,1655,12.0,94.00491106186739,89.20764209139365,7,7,7,1.0,299.0,-299.0
0.1,0.4,held_out_subject,loso_chb01,chb01,18.552222222222223,lightgbm,LightGBM,Full governed policy,0.1,isotonic,2,0.4,0.0,33,0.0009888233002726754,1.7787626519734083,0,0.0,1.0,0.02586206896551724,0.8412698412698413,10,0,7.0,0.5390189854464874,0.0,7,6,0,0.8571428571428571,-33.0,33.0
0.1,0.67,held_out_subject,loso_chb01,chb01,18.552222222222223,lightgbm,LightGBM,Fixed threshold,0.1,raw,1,,0.0,29036,0.8700446468702244,1565.0955261424208,27905,1504.132478888423,0.038951646232263396,0.8863636363636364,0.5138727522161942,788,753,20.0,42.4746960531832,40.588129604120496,7,7,7,1.0,300.0,-300.0
0.1,0.67,held_out_subject,loso_chb01,chb01,18.552222222222223,lightgbm,LightGBM,Temporal persistence,0.1,raw,2,,0.0,26922,0.8067000269679082,1451.1469126190332,25886,1395.3045457267772,0.03848153926157046,0.8119122257053292,0.5162773290976991,1744,1655,12.0,94.00491106186739,89.20764209139365,7,7,7,1.0,299.0,-299.0
0.1,0.67,held_out_subject,loso_chb01,chb01,18.552222222222223,lightgbm,LightGBM,Full governed policy,0.1,isotonic,2,0.67,0.0,18,0.0005393581637850957,0.9702341738036773,0,0.0,1.0,0.014106583072100314,1.0,8,0,7.0,0.4312151883571899,0.0,7,5,0,0.7142857142857143,-29.0,29.0
0.2,0.0,held_out_subject,loso_chb01,chb01,18.552222222222223,lightgbm,LightGBM,Fixed threshold,0.2,raw,1,,0.0,21288,0.6378809217031732,1147.4636162184822,20464,1103.0484518176918,0.038707252912438934,0.64576802507837,0.5080713696277296,2232,2121,10.0,120.30903755165598,114.32592681319997,7,7,7,1.0,298.0,-298.0
0.2,0.0,held_out_subject,loso_chb01,chb01,18.552222222222223,lightgbm,LightGBM,Temporal persistence,0.2,raw,2,,0.0,17077,0.5117010757198933,920.4827214469665,16443,886.3089177696592,0.037125958892077066,0.49686520376175547,0.5199881303265972,2901,2790,8.0,156.369407678026,150.38629693956997,7,7,7,1.0,295.0,-295.0
0.2,0.0,held_out_subject,loso_chb01,chb01,18.552222222222223,lightgbm,LightGBM,Full governed policy,0.2,isotonic,2,0.0,0.0,25,0.0007491085608126329,1.3475474636162184,0,0.0,1.0,0.019592476489028215,0.84,11,0,6.0,0.5929208839911361,0.0,7,6,0,0.8571428571428571,-33.0,33.0
0.2,0.25,held_out_subject,loso_chb01,chb01,18.552222222222223,lightgbm,LightGBM,Fixed threshold,0.2,raw,1,,0.0,21288,0.6378809217031732,1147.4636162184822,20464,1103.0484518176918,0.038707252912438934,0.64576802507837,0.5080713696277296,2232,2121,10.0,120.30903755165598,114.32592681319997,7,7,7,1.0,298.0,-298.0
0.2,0.25,held_out_subject,loso_chb01,chb01,18.552222222222223,lightgbm,LightGBM,Temporal persistence,0.2,raw,2,,0.0,17077,0.5117010757198933,920.4827214469665,16443,886.3089177696592,0.037125958892077066,0.49686520376175547,0.5199881303265972,2901,2790,8.0,156.369407678026,150.38629693956997,7,7,7,1.0,295.0,-295.0
0.2,0.25,held_out_subject,loso_chb01,chb01,18.552222222222223,lightgbm,LightGBM,Full governed policy,0.2,isotonic,2,0.25,0.0,25,0.0007491085608126329,1.3475474636162184,0,0.0,1.0,0.019592476489028215,0.84,11,0,6.0,0.5929208839911361,0.0,7,6,0,0.8571428571428571,-33.0,33.0
0.2,0.4,held_out_subject,loso_chb01,chb01,18.552222222222223,lightgbm,LightGBM,Fixed threshold,0.2,raw,1,,0.0,21288,0.6378809217031732,1147.4636162184822,20464,1103.0484518176918,0.038707252912438934,0.64576802507837,0.5080713696277296,2232,2121,10.0,120.30903755165598,114.32592681319997,7,7,7,1.0,298.0,-298.0
0.2,0.4,held_out_subject,loso_chb01,chb01,18.552222222222223,lightgbm,LightGBM,Temporal persistence,0.2,raw,2,,0.0,17077,0.5117010757198933,920.4827214469665,16443,886.3089177696592,0.037125958892077066,0.49686520376175547,0.5199881303265972,2901,2790,8.0,156.369407678026,150.38629693956997,7,7,7,1.0,295.0,-295.0
0.2,0.4,held_out_subject,loso_chb01,chb01,18.552222222222223,lightgbm,LightGBM,Full governed policy,0.2,isotonic,2,0.4,0.0,25,0.0007491085608126329,1.3475474636162184,0,0.0,1.0,0.019592476489028215,0.84,11,0,6.0,0.5929208839911361,0.0,7,6,0,0.8571428571428571,-33.0,33.0
0.2,0.67,held_out_subject,loso_chb01,chb01,18.552222222222223,lightgbm,LightGBM,Fixed threshold,0.2,raw,1,,0.0,21288,0.6378809217031732,1147.4636162184822,20464,1103.0484518176918,0.038707252912438934,0.64576802507837,0.5080713696277296,2232,2121,10.0,120.30903755165598,114.32592681319997,7,7,7,1.0,298.0,-298.0
0.2,0.67,held_out_subject,loso_chb01,chb01,18.552222222222223,lightgbm,LightGBM,Temporal persistence,0.2,raw,2,,0.0,17077,0.5117010757198933,920.4827214469665,16443,886.3089177696592,0.037125958892077066,0.49686520376175547,0.5199881303265972,2901,2790,8.0,156.369407678026,150.38629693956997,7,7,7,1.0,295.0,-295.0
0.2,0.67,held_out_subject,loso_chb01,chb01,18.552222222222223,lightgbm,LightGBM,Full governed policy,0.2,isotonic,2,0.67,0.0,13,0.00038953645162256915,0.7007246810804336,0,0.0,1.0,0.01018808777429467,1.0,7,0,6.0,0.37731328981254114,0.0,7,5,0,0.7142857142857143,-29.0,29.0
0.3,0.0,held_out_subject,loso_chb01,chb01,18.552222222222223,lightgbm,LightGBM,Fixed threshold,0.3,raw,1,,0.0,15019,0.4500344589937974,809.5526142420794,14423,777.4270827094688,0.03968306811372262,0.4670846394984326,0.5115238243277681,2839,2723,8.0,153.02748996825775,146.77486973707852,7,7,7,1.0,297.0,-297.0
0.3,0.0,held_out_subject,loso_chb01,chb01,18.552222222222223,lightgbm,LightGBM,Temporal persistence,0.3,raw,2,,0.0,10362,0.31049051628562013,558.5314727196502,9937,535.6231658381745,0.04101524802161745,0.3330721003134796,0.5431920049754445,2822,2728,6.0,152.11115769299875,147.04437922980176,7,7,7,1.0,287.0,-287.0
0.3,0.0,held_out_subject,loso_chb01,chb01,18.552222222222223,lightgbm,LightGBM,Full governed policy,0.3,isotonic,2,0.0,0.0,24,0.0007191442183801277,1.2936455650715697,0,0.0,1.0,0.018808777429467086,0.8333333333333334,11,0,6.0,0.5929208839911361,0.0,7,6,0,0.8571428571428571,-33.0,33.0
0.3,0.25,held_out_subject,loso_chb01,chb01,18.552222222222223,lightgbm,LightGBM,Fixed threshold,0.3,raw,1,,0.0,15019,0.4500344589937974,809.5526142420794,14423,777.4270827094688,0.03968306811372262,0.4670846394984326,0.5115238243277681,2839,2723,8.0,153.02748996825775,146.77486973707852,7,7,7,1.0,297.0,-297.0
0.3,0.25,held_out_subject,loso_chb01,chb01,18.552222222222223,lightgbm,LightGBM,Temporal persistence,0.3,raw,2,,0.0,10362,0.31049051628562013,558.5314727196502,9937,535.6231658381745,0.04101524802161745,0.3330721003134796,0.5431920049754445,2822,2728,6.0,152.11115769299875,147.04437922980176,7,7,7,1.0,287.0,-287.0
0.3,0.25,held_out_subject,loso_chb01,chb01,18.552222222222223,lightgbm,LightGBM,Full governed policy,0.3,isotonic,2,0.25,0.0,24,0.0007191442183801277,1.2936455650715697,0,0.0,1.0,0.018808777429467086,0.8333333333333334,11,0,6.0,0.5929208839911361,0.0,7,6,0,0.8571428571428571,-33.0,33.0
0.3,0.4,held_out_subject,loso_chb01,chb01,18.552222222222223,lightgbm,LightGBM,Fixed threshold,0.3,raw,1,,0.0,15019,0.4500344589937974,809.5526142420794,14423,777.4270827094688,0.03968306811372262,0.4670846394984326,0.5115238243277681,2839,2723,8.0,153.02748996825775,146.77486973707852,7,7,7,1.0,297.0,-297.0
0.3,0.4,held_out_subject,loso_chb01,chb01,18.552222222222223,lightgbm,LightGBM,Temporal persistence,0.3,raw,2,,0.0,10362,0.31049051628562013,558.5314727196502,9937,535.6231658381745,0.04101524802161745,0.3330721003134796,0.5431920049754445,2822,2728,6.0,152.11115769299875,147.04437922980176,7,7,7,1.0,287.0,-287.0
0.3,0.4,held_out_subject,loso_chb01,chb01,18.552222222222223,lightgbm,LightGBM,Full governed policy,0.3,isotonic,2,0.4,0.0,24,0.0007191442183801277,1.2936455650715697,0,0.0,1.0,0.018808777429467086,0.8333333333333334,11,0,6.0,0.5929208839911361,0.0,7,6,0,0.8571428571428571,-33.0,33.0
0.3,0.67,held_out_subject,loso_chb01,chb01,18.552222222222223,lightgbm,LightGBM,Fixed threshold,0.3,raw,1,,0.0,15019,0.4500344589937974,809.5526142420794,14423,777.4270827094688,0.03968306811372262,0.4670846394984326,0.5115238243277681,2839,2723,8.0,153.02748996825775,146.77486973707852,7,7,7,1.0,297.0,-297.0
0.3,0.67,held_out_subject,loso_chb01,chb01,18.552222222222223,lightgbm,LightGBM,Temporal persistence,0.3,raw,2,,0.0,10362,0.31049051628562013,558.5314727196502,9937,535.6231658381745,0.04101524802161745,0.3330721003134796,0.5431920049754445,2822,2728,6.0,152.11115769299875,147.04437922980176,7,7,7,1.0,287.0,-287.0
0.3,0.67,held_out_subject,loso_chb01,chb01,18.552222222222223,lightgbm,LightGBM,Full governed policy,0.3,isotonic,2,0.67,0.0,12,0.00035957210919006384,0.6468227825357848,0,0.0,1.0,0.009404388714733543,1.0,7,0,6.0,0.37731328981254114,0.0,7,5,0,0.7142857142857143,-29.0,29.0
0.4,0.0,held_out_subject,loso_chb01,chb01,18.552222222222223,lightgbm,LightGBM,Fixed threshold,0.4,raw,1,,0.0,9647,0.28906601144637883,519.9916152602264,9205,496.1669761034916,0.04581735254483259,0.3463949843260188,0.5225731999222978,2949,2848,6.0,158.95669880816914,153.5126070551596,7,7,7,1.0,285.0,-285.0
0.4,0.0,held_out_subject,loso_chb01,chb01,18.552222222222223,lightgbm,LightGBM,Temporal persistence,0.4,raw,2,,0.0,5465,0.16375513139364156,294.57387554650535,5160,278.13379649038745,0.055809698078682524,0.2390282131661442,0.5802879797847776,2087,2023,6.0,112.49326226268191,109.0435407558244,7,7,7,1.0,224.0,-224.0
0.4,0.0,held_out_subject,loso_chb01,chb01,18.552222222222223,lightgbm,LightGBM,Full governed policy,0.4,isotonic,2,0.0,0.0,24,0.0007191442183801277,1.2936455650715697,0,0.0,1.0,0.018808777429467086,0.8333333333333334,11,0,6.0,0.5929208839911361,0.0,7,6,0,0.8571428571428571,-33.0,33.0
0.4,0.25,held_out_subject,loso_chb01,chb01,18.552222222222223,lightgbm,LightGBM,Fixed threshold,0.4,raw,1,,0.0,9647,0.28906601144637883,519.9916152602264,9205,496.1669761034916,0.04581735254483259,0.3463949843260188,0.5225731999222978,2949,2848,6.0,158.95669880816914,153.5126070551596,7,7,7,1.0,285.0,-285.0
0.4,0.25,held_out_subject,loso_chb01,chb01,18.552222222222223,lightgbm,LightGBM,Temporal persistence,0.4,raw,2,,0.0,5465,0.16375513139364156,294.57387554650535,5160,278.13379649038745,0.055809698078682524,0.2390282131661442,0.5802879797847776,2087,2023,6.0,112.49326226268191,109.0435407558244,7,7,7,1.0,224.0,-224.0
0.4,0.25,held_out_subject,loso_chb01,chb01,18.552222222222223,lightgbm,LightGBM,Full governed policy,0.4,isotonic,2,0.25,0.0,24,0.0007191442183801277,1.2936455650715697,0,0.0,1.0,0.018808777429467086,0.8333333333333334,11,0,6.0,0.5929208839911361,0.0,7,6,0,0.8571428571428571,-33.0,33.0
0.4,0.4,held_out_subject,loso_chb01,chb01,18.552222222222223,lightgbm,LightGBM,Fixed threshold,0.4,raw,1,,0.0,9647,0.28906601144637883,519.9916152602264,9205,496.1669761034916,0.04581735254483259,0.3463949843260188,0.5225731999222978,2949,2848,6.0,158.95669880816914,153.5126070551596,7,7,7,1.0,285.0,-285.0
0.4,0.4,held_out_subject,loso_chb01,chb01,18.552222222222223,lightgbm,LightGBM,Temporal persistence,0.4,raw,2,,0.0,5465,0.16375513139364156,294.57387554650535,5160,278.13379649038745,0.055809698078682524,0.2390282131661442,0.5802879797847776,2087,2023,6.0,112.49326226268191,109.0435407558244,7,7,7,1.0,224.0,-224.0
0.4,0.4,held_out_subject,loso_chb01,chb01,18.552222222222223,lightgbm,LightGBM,Full governed policy,0.4,isotonic,2,0.4,0.0,24,0.0007191442183801277,1.2936455650715697,0,0.0,1.0,0.018808777429467086,0.8333333333333334,11,0,6.0,0.5929208839911361,0.0,7,6,0,0.8571428571428571,-33.0,33.0
0.4,0.67,held_out_subject,loso_chb01,chb01,18.552222222222223,lightgbm,LightGBM,Fixed threshold,0.4,raw,1,,0.0,9647,0.28906601144637883,519.9916152602264,9205,496.1669761034916,0.04581735254483259,0.3463949843260188,0.5225731999222978,2949,2848,6.0,158.95669880816914,153.5126070551596,7,7,7,1.0,285.0,-285.0
0.4,0.67,held_out_subject,loso_chb01,chb01,18.552222222222223,lightgbm,LightGBM,Temporal persistence,0.4,raw,2,,0.0,5465,0.16375513139364156,294.57387554650535,5160,278.13379649038745,0.055809698078682524,0.2390282131661442,0.5802879797847776,2087,2023,6.0,112.49326226268191,109.0435407558244,7,7,7,1.0,224.0,-224.0
0.4,0.67,held_out_subject,loso_chb01,chb01,18.552222222222223,lightgbm,LightGBM,Full governed policy,0.4,isotonic,2,0.67,0.0,12,0.00035957210919006384,0.6468227825357848,0,0.0,1.0,0.009404388714733543,1.0,7,0,6.0,0.37731328981254114,0.0,7,5,0,0.7142857142857143,-29.0,29.0
0.5,0.0,held_out_subject,loso_chb01,chb01,18.552222222222223,lightgbm,LightGBM,Fixed threshold,0.5,raw,1,,0.0,5308,0.15905072963173822,286.1112774749955,5009,269.9946098101455,0.05633006782215524,0.23432601880877743,0.537906658172345,2376,2295,4.0,128.0709109420854,123.70485715996885,7,7,7,1.0,246.0,-246.0
0.5,0.0,held_out_subject,loso_chb01,chb01,18.552222222222223,lightgbm,LightGBM,Temporal persistence,0.5,raw,2,,0.0,2373,0.07110538459233512,127.90920524645145,2176,117.29053123315565,0.08301727770754319,0.15438871473354232,0.631681482819283,1133,1091,4.0,61.07085105108702,58.80697131221177,7,7,6,1.0,193.0,-193.0
0.5,0.0,held_out_subject,loso_chb01,chb01,18.552222222222223,lightgbm,LightGBM,Full governed policy,0.5,isotonic,2,0.0,0.0,21,0.0006292511910826117,1.1319398694376235,0,0.0,1.0,0.016457680250783698,0.8253968253968254,10,0,6.0,0.5390189854464874,0.0,7,5,0,0.7142857142857143,-30.0,30.0
0.5,0.25,held_out_subject,loso_chb01,chb01,18.552222222222223,lightgbm,LightGBM,Fixed threshold,0.5,raw,1,,0.0,5308,0.15905072963173822,286.1112774749955,5009,269.9946098101455,0.05633006782215524,0.23432601880877743,0.537906658172345,2376,2295,4.0,128.0709109420854,123.70485715996885,7,7,7,1.0,246.0,-246.0
0.5,0.25,held_out_subject,loso_chb01,chb01,18.552222222222223,lightgbm,LightGBM,Temporal persistence,0.5,raw,2,,0.0,2373,0.07110538459233512,127.90920524645145,2176,117.29053123315565,0.08301727770754319,0.15438871473354232,0.631681482819283,1133,1091,4.0,61.07085105108702,58.80697131221177,7,7,6,1.0,193.0,-193.0
0.5,0.25,held_out_subject,loso_chb01,chb01,18.552222222222223,lightgbm,LightGBM,Full governed policy,0.5,isotonic,2,0.25,0.0,21,0.0006292511910826117,1.1319398694376235,0,0.0,1.0,0.016457680250783698,0.8253968253968254,10,0,6.0,0.5390189854464874,0.0,7,5,0,0.7142857142857143,-30.0,30.0
0.5,0.4,held_out_subject,loso_chb01,chb01,18.552222222222223,lightgbm,LightGBM,Fixed threshold,0.5,raw,1,,0.0,5308,0.15905072963173822,286.1112774749955,5009,269.9946098101455,0.05633006782215524,0.23432601880877743,0.537906658172345,2376,2295,4.0,128.0709109420854,123.70485715996885,7,7,7,1.0,246.0,-246.0
0.5,0.4,held_out_subject,loso_chb01,chb01,18.552222222222223,lightgbm,LightGBM,Temporal persistence,0.5,raw,2,,0.0,2373,0.07110538459233512,127.90920524645145,2176,117.29053123315565,0.08301727770754319,0.15438871473354232,0.631681482819283,1133,1091,4.0,61.07085105108702,58.80697131221177,7,7,6,1.0,193.0,-193.0
0.5,0.4,held_out_subject,loso_chb01,chb01,18.552222222222223,lightgbm,LightGBM,Full governed policy,0.5,isotonic,2,0.4,0.0,21,0.0006292511910826117,1.1319398694376235,0,0.0,1.0,0.016457680250783698,0.8253968253968254,10,0,6.0,0.5390189854464874,0.0,7,5,0,0.7142857142857143,-30.0,30.0
0.5,0.67,held_out_subject,loso_chb01,chb01,18.552222222222223,lightgbm,LightGBM,Fixed threshold,0.5,raw,1,,0.0,5308,0.15905072963173822,286.1112774749955,5009,269.9946098101455,0.05633006782215524,0.23432601880877743,0.537906658172345,2376,2295,4.0,128.0709109420854,123.70485715996885,7,7,7,1.0,246.0,-246.0
0.5,0.67,held_out_subject,loso_chb01,chb01,18.552222222222223,lightgbm,LightGBM,Temporal persistence,0.5,raw,2,,0.0,2373,0.07110538459233512,127.90920524645145,2176,117.29053123315565,0.08301727770754319,0.15438871473354232,0.631681482819283,1133,1091,4.0,61.07085105108702,58.80697131221177,7,7,6,1.0,193.0,-193.0
0.5,0.67,held_out_subject,loso_chb01,chb01,18.552222222222223,lightgbm,LightGBM,Full governed policy,0.5,isotonic,2,0.67,0.0,10,0.00029964342432505317,0.5390189854464874,0,0.0,1.0,0.007836990595611285,1.0,6,0,5.0,0.3234113912678924,0.0,7,4,0,0.5714285714285714,-34.5,34.5
0.6,0.0,held_out_subject,loso_chb01,chb01,18.552222222222223,lightgbm,LightGBM,Fixed threshold,0.6,raw,1,,0.0,2657,0.07961525784316663,143.2173444331317,2441,131.57453434748757,0.08129469326307866,0.16927899686520376,0.5679414084911073,1412,1356,4.0,76.10948074504401,73.09097442654368,7,7,7,1.0,195.0,-195.0
0.6,0.0,held_out_subject,loso_chb01,chb01,18.552222222222223,lightgbm,LightGBM,Temporal persistence,0.6,raw,2,,0.0,1053,0.0315524525814281,56.75869916751512,907,48.88902197999641,0.13865147198480532,0.11442006269592477,0.702618369285036,511,480,4.0,27.543870156315503,25.872911301431394,7,7,4,1.0,74.0,-74.0
0.6,0.0,held_out_subject,loso_chb01,chb01,18.552222222222223,lightgbm,LightGBM,Full governed policy,0.6,isotonic,2,0.0,0.0,18,0.0005393581637850957,0.9702341738036773,0,0.0,1.0,0.014106583072100314,0.8333333333333333,8,0,6.0,0.4312151883571899,0.0,7,5,0,0.7142857142857143,-32.0,32.0
0.6,0.25,held_out_subject,loso_chb01,chb01,18.552222222222223,lightgbm,LightGBM,Fixed threshold,0.6,raw,1,,0.0,2657,0.07961525784316663,143.2173444331317,2441,131.57453434748757,0.08129469326307866,0.16927899686520376,0.5679414084911073,1412,1356,4.0,76.10948074504401,73.09097442654368,7,7,7,1.0,195.0,-195.0
0.6,0.25,held_out_subject,loso_chb01,chb01,18.552222222222223,lightgbm,LightGBM,Temporal persistence,0.6,raw,2,,0.0,1053,0.0315524525814281,56.75869916751512,907,48.88902197999641,0.13865147198480532,0.11442006269592477,0.702618369285036,511,480,4.0,27.543870156315503,25.872911301431394,7,7,4,1.0,74.0,-74.0
0.6,0.25,held_out_subject,loso_chb01,chb01,18.552222222222223,lightgbm,LightGBM,Full governed policy,0.6,isotonic,2,0.25,0.0,18,0.0005393581637850957,0.9702341738036773,0,0.0,1.0,0.014106583072100314,0.8333333333333333,8,0,6.0,0.4312151883571899,0.0,7,5,0,0.7142857142857143,-32.0,32.0
0.6,0.4,held_out_subject,loso_chb01,chb01,18.552222222222223,lightgbm,LightGBM,Fixed threshold,0.6,raw,1,,0.0,2657,0.07961525784316663,143.2173444331317,2441,131.57453434748757,0.08129469326307866,0.16927899686520376,0.5679414084911073,1412,1356,4.0,76.10948074504401,73.09097442654368,7,7,7,1.0,195.0,-195.0
0.6,0.4,held_out_subject,loso_chb01,chb01,18.552222222222223,lightgbm,LightGBM,Temporal persistence,0.6,raw,2,,0.0,1053,0.0315524525814281,56.75869916751512,907,48.88902197999641,0.13865147198480532,0.11442006269592477,0.702618369285036,511,480,4.0,27.543870156315503,25.872911301431394,7,7,4,1.0,74.0,-74.0
0.6,0.4,held_out_subject,loso_chb01,chb01,18.552222222222223,lightgbm,LightGBM,Full governed policy,0.6,isotonic,2,0.4,0.0,18,0.0005393581637850957,0.9702341738036773,0,0.0,1.0,0.014106583072100314,0.8333333333333333,8,0,6.0,0.4312151883571899,0.0,7,5,0,0.7142857142857143,-32.0,32.0
0.6,0.67,held_out_subject,loso_chb01,chb01,18.552222222222223,lightgbm,LightGBM,Fixed threshold,0.6,raw,1,,0.0,2657,0.07961525784316663,143.2173444331317,2441,131.57453434748757,0.08129469326307866,0.16927899686520376,0.5679414084911073,1412,1356,4.0,76.10948074504401,73.09097442654368,7,7,7,1.0,195.0,-195.0
0.6,0.67,held_out_subject,loso_chb01,chb01,18.552222222222223,lightgbm,LightGBM,Temporal persistence,0.6,raw,2,,0.0,1053,0.0315524525814281,56.75869916751512,907,48.88902197999641,0.13865147198480532,0.11442006269592477,0.702618369285036,511,480,4.0,27.543870156315503,25.872911301431394,7,7,4,1.0,74.0,-74.0
0.6,0.67,held_out_subject,loso_chb01,chb01,18.552222222222223,lightgbm,LightGBM,Full governed policy,0.6,isotonic,2,0.67,0.0,9,0.00026967908189254786,0.48511708690183863,0,0.0,1.0,0.007053291536050157,1.0,5,0,6.0,0.2695094927232437,0.0,7,4,0,0.5714285714285714,-34.5,34.5
0.7,0.0,held_out_subject,loso_chb01,chb01,18.552222222222223,lightgbm,LightGBM,Fixed threshold,0.7,raw,1,,0.0,1311,0.039283252929014474,70.6653889920345,1147,61.8254776307121,0.12509534706331046,0.12852664576802508,0.6090740135362561,729,686,4.0,39.29448403904893,36.97670240162903,7,7,5,1.0,157.0,-157.0
0.7,0.0,held_out_subject,loso_chb01,chb01,18.552222222222223,lightgbm,LightGBM,Temporal persistence,0.7,raw,2,,0.0,515,0.015431636352740238,27.7594777504941,401,21.614661316404142,0.22135922330097088,0.08934169278996865,0.7626521806133455,235,209,4.0,12.666946157992452,11.265496795831586,7,6,2,0.8571428571428571,-7.0,7.0
0.7,0.0,held_out_subject,loso_chb01,chb01,18.552222222222223,lightgbm,LightGBM,Full governed policy,0.7,isotonic,2,0.0,0.0,14,0.00041950079405507447,0.7546265796250823,0,0.0,1.0,0.0109717868338558,0.857142857142857,6,0,6.0,0.3234113912678924,0.0,7,4,0,0.5714285714285714,-33.5,33.5
0.7,0.25,held_out_subject,loso_chb01,chb01,18.552222222222223,lightgbm,LightGBM,Fixed threshold,0.7,raw,1,,0.0,1311,0.039283252929014474,70.6653889920345,1147,61.8254776307121,0.12509534706331046,0.12852664576802508,0.6090740135362561,729,686,4.0,39.29448403904893,36.97670240162903,7,7,5,1.0,157.0,-157.0
0.7,0.25,held_out_subject,loso_chb01,chb01,18.552222222222223,lightgbm,LightGBM,Temporal persistence,0.7,raw,2,,0.0,515,0.015431636352740238,27.7594777504941,401,21.614661316404142,0.22135922330097088,0.08934169278996865,0.7626521806133455,235,209,4.0,12.666946157992452,11.265496795831586,7,6,2,0.8571428571428571,-7.0,7.0
0.7,0.25,held_out_subject,loso_chb01,chb01,18.552222222222223,lightgbm,LightGBM,Full governed policy,0.7,isotonic,2,0.25,0.0,14,0.00041950079405507447,0.7546265796250823,0,0.0,1.0,0.0109717868338558,0.857142857142857,6,0,6.0,0.3234113912678924,0.0,7,4,0,0.5714285714285714,-33.5,33.5
0.7,0.4,held_out_subject,loso_chb01,chb01,18.552222222222223,lightgbm,LightGBM,Fixed threshold,0.7,raw,1,,0.0,1311,0.039283252929014474,70.6653889920345,1147,61.8254776307121,0.12509534706331046,0.12852664576802508,0.6090740135362561,729,686,4.0,39.29448403904893,36.97670240162903,7,7,5,1.0,157.0,-157.0
0.7,0.4,held_out_subject,loso_chb01,chb01,18.552222222222223,lightgbm,LightGBM,Temporal persistence,0.7,raw,2,,0.0,515,0.015431636352740238,27.7594777504941,401,21.614661316404142,0.22135922330097088,0.08934169278996865,0.7626521806133455,235,209,4.0,12.666946157992452,11.265496795831586,7,6,2,0.8571428571428571,-7.0,7.0
0.7,0.4,held_out_subject,loso_chb01,chb01,18.552222222222223,lightgbm,LightGBM,Full governed policy,0.7,isotonic,2,0.4,0.0,14,0.00041950079405507447,0.7546265796250823,0,0.0,1.0,0.0109717868338558,0.857142857142857,6,0,6.0,0.3234113912678924,0.0,7,4,0,0.5714285714285714,-33.5,33.5
0.7,0.67,held_out_subject,loso_chb01,chb01,18.552222222222223,lightgbm,LightGBM,Fixed threshold,0.7,raw,1,,0.0,1311,0.039283252929014474,70.6653889920345,1147,61.8254776307121,0.12509534706331046,0.12852664576802508,0.6090740135362561,729,686,4.0,39.29448403904893,36.97670240162903,7,7,5,1.0,157.0,-157.0
0.7,0.67,held_out_subject,loso_chb01,chb01,18.552222222222223,lightgbm,LightGBM,Temporal persistence,0.7,raw,2,,0.0,515,0.015431636352740238,27.7594777504941,401,21.614661316404142,0.22135922330097088,0.08934169278996865,0.7626521806133455,235,209,4.0,12.666946157992452,11.265496795831586,7,6,2,0.8571428571428571,-7.0,7.0
0.7,0.67,held_out_subject,loso_chb01,chb01,18.552222222222223,lightgbm,LightGBM,Full governed policy,0.7,isotonic,2,0.67,0.0,8,0.00023971473946004254,0.4312151883571899,0,0.0,1.0,0.006269592476489028,1.0,4,0,6.0,0.21560759417859496,0.0,7,4,0,0.5714285714285714,-34.5,34.5
0.8,0.0,held_out_subject,loso_chb01,chb01,18.552222222222223,lightgbm,LightGBM,Fixed threshold,0.8,raw,1,,0.0,630,0.01887753573247835,33.958196083128705,518,27.921183446128044,0.17777777777777778,0.0877742946708464,0.6549193751574705,346,315,4.0,18.65005689644846,16.979098041564352,7,7,2,1.0,-5.0,5.0
0.8,0.0,held_out_subject,loso_chb01,chb01,18.552222222222223,lightgbm,LightGBM,Temporal persistence,0.8,raw,2,,0.0,243,0.007281335211098793,13.098161346349643,171,9.217224651134934,0.2962962962962963,0.05642633228840126,0.8314390227970474,122,96,4.0,6.576031622447146,5.174582260286279,7,6,2,0.8571428571428571,-7.0,7.0
0.8,0.0,held_out_subject,loso_chb01,chb01,18.552222222222223,lightgbm,LightGBM,Full governed policy,0.8,isotonic,2,0.0,0.0,14,0.00041950079405507447,0.7546265796250823,0,0.0,1.0,0.0109717868338558,0.857142857142857,6,0,6.0,0.3234113912678924,0.0,7,4,0,0.5714285714285714,-33.5,33.5
0.8,0.25,held_out_subject,loso_chb01,chb01,18.552222222222223,lightgbm,LightGBM,Fixed threshold,0.8,raw,1,,0.0,630,0.01887753573247835,33.958196083128705,518,27.921183446128044,0.17777777777777778,0.0877742946708464,0.6549193751574705,346,315,4.0,18.65005689644846,16.979098041564352,7,7,2,1.0,-5.0,5.0
0.8,0.25,held_out_subject,loso_chb01,chb01,18.552222222222223,lightgbm,LightGBM,Temporal persistence,0.8,raw,2,,0.0,243,0.007281335211098793,13.098161346349643,171,9.217224651134934,0.2962962962962963,0.05642633228840126,0.8314390227970474,122,96,4.0,6.576031622447146,5.174582260286279,7,6,2,0.8571428571428571,-7.0,7.0
0.8,0.25,held_out_subject,loso_chb01,chb01,18.552222222222223,lightgbm,LightGBM,Full governed policy,0.8,isotonic,2,0.25,0.0,14,0.00041950079405507447,0.7546265796250823,0,0.0,1.0,0.0109717868338558,0.857142857142857,6,0,6.0,0.3234113912678924,0.0,7,4,0,0.5714285714285714,-33.5,33.5
0.8,0.4,held_out_subject,loso_chb01,chb01,18.552222222222223,lightgbm,LightGBM,Fixed threshold,0.8,raw,1,,0.0,630,0.01887753573247835,33.958196083128705,518,27.921183446128044,0.17777777777777778,0.0877742946708464,0.6549193751574705,346,315,4.0,18.65005689644846,16.979098041564352,7,7,2,1.0,-5.0,5.0
0.8,0.4,held_out_subject,loso_chb01,chb01,18.552222222222223,lightgbm,LightGBM,Temporal persistence,0.8,raw,2,,0.0,243,0.007281335211098793,13.098161346349643,171,9.217224651134934,0.2962962962962963,0.05642633228840126,0.8314390227970474,122,96,4.0,6.576031622447146,5.174582260286279,7,6,2,0.8571428571428571,-7.0,7.0
0.8,0.4,held_out_subject,loso_chb01,chb01,18.552222222222223,lightgbm,LightGBM,Full governed policy,0.8,isotonic,2,0.4,0.0,14,0.00041950079405507447,0.7546265796250823,0,0.0,1.0,0.0109717868338558,0.857142857142857,6,0,6.0,0.3234113912678924,0.0,7,4,0,0.5714285714285714,-33.5,33.5
0.8,0.67,held_out_subject,loso_chb01,chb01,18.552222222222223,lightgbm,LightGBM,Fixed threshold,0.8,raw,1,,0.0,630,0.01887753573247835,33.958196083128705,518,27.921183446128044,0.17777777777777778,0.0877742946708464,0.6549193751574705,346,315,4.0,18.65005689644846,16.979098041564352,7,7,2,1.0,-5.0,5.0
0.8,0.67,held_out_subject,loso_chb01,chb01,18.552222222222223,lightgbm,LightGBM,Temporal persistence,0.8,raw,2,,0.0,243,0.007281335211098793,13.098161346349643,171,9.217224651134934,0.2962962962962963,0.05642633228840126,0.8314390227970474,122,96,4.0,6.576031622447146,5.174582260286279,7,6,2,0.8571428571428571,-7.0,7.0
0.8,0.67,held_out_subject,loso_chb01,chb01,18.552222222222223,lightgbm,LightGBM,Full governed policy,0.8,isotonic,2,0.67,0.0,8,0.00023971473946004254,0.4312151883571899,0,0.0,1.0,0.006269592476489028,1.0,4,0,6.0,0.21560759417859496,0.0,7,4,0,0.5714285714285714,-34.5,34.5
0.9,0.0,held_out_subject,loso_chb01,chb01,18.552222222222223,lightgbm,LightGBM,Fixed threshold,0.9,raw,1,,0.0,104,0.0031162916129805532,5.605797448643469,39,2.1021740432413005,0.625,0.050940438871473356,0.7719017094017093,53,31,4.0,2.856800622866383,1.6709588548841108,7,7,1,1.0,-5.0,5.0
0.9,0.0,held_out_subject,loso_chb01,chb01,18.552222222222223,lightgbm,LightGBM,Temporal persistence,0.9,raw,2,,0.0,43,0.0012884667245977287,2.3177816374198956,3,0.1617056956339462,0.9302325581395349,0.03134796238244514,0.8704318936877076,17,3,6.0,0.9163322752590285,0.1617056956339462,7,6,0,0.8571428571428571,-22.0,22.0
0.9,0.0,held_out_subject,loso_chb01,chb01,18.552222222222223,lightgbm,LightGBM,Full governed policy,0.9,isotonic,2,0.0,0.0,8,0.00023971473946004254,0.4312151883571899,0,0.0,1.0,0.006269592476489028,0.9166666666666666,5,0,4.0,0.2695094927232437,0.0,7,4,0,0.5714285714285714,-34.5,34.5
0.9,0.25,held_out_subject,loso_chb01,chb01,18.552222222222223,lightgbm,LightGBM,Fixed threshold,0.9,raw,1,,0.0,104,0.0031162916129805532,5.605797448643469,39,2.1021740432413005,0.625,0.050940438871473356,0.7719017094017093,53,31,4.0,2.856800622866383,1.6709588548841108,7,7,1,1.0,-5.0,5.0
0.9,0.25,held_out_subject,loso_chb01,chb01,18.552222222222223,lightgbm,LightGBM,Temporal persistence,0.9,raw,2,,0.0,43,0.0012884667245977287,2.3177816374198956,3,0.1617056956339462,0.9302325581395349,0.03134796238244514,0.8704318936877076,17,3,6.0,0.9163322752590285,0.1617056956339462,7,6,0,0.8571428571428571,-22.0,22.0
0.9,0.25,held_out_subject,loso_chb01,chb01,18.552222222222223,lightgbm,LightGBM,Full governed policy,0.9,isotonic,2,0.25,0.0,8,0.00023971473946004254,0.4312151883571899,0,0.0,1.0,0.006269592476489028,0.9166666666666666,5,0,4.0,0.2695094927232437,0.0,7,4,0,0.5714285714285714,-34.5,34.5
0.9,0.4,held_out_subject,loso_chb01,chb01,18.552222222222223,lightgbm,LightGBM,Fixed threshold,0.9,raw,1,,0.0,104,0.0031162916129805532,5.605797448643469,39,2.1021740432413005,0.625,0.050940438871473356,0.7719017094017093,53,31,4.0,2.856800622866383,1.6709588548841108,7,7,1,1.0,-5.0,5.0
0.9,0.4,held_out_subject,loso_chb01,chb01,18.552222222222223,lightgbm,LightGBM,Temporal persistence,0.9,raw,2,,0.0,43,0.0012884667245977287,2.3177816374198956,3,0.1617056956339462,0.9302325581395349,0.03134796238244514,0.8704318936877076,17,3,6.0,0.9163322752590285,0.1617056956339462,7,6,0,0.8571428571428571,-22.0,22.0
0.9,0.4,held_out_subject,loso_chb01,chb01,18.552222222222223,lightgbm,LightGBM,Full governed policy,0.9,isotonic,2,0.4,0.0,8,0.00023971473946004254,0.4312151883571899,0,0.0,1.0,0.006269592476489028,0.9166666666666666,5,0,4.0,0.2695094927232437,0.0,7,4,0,0.5714285714285714,-34.5,34.5
0.9,0.67,held_out_subject,loso_chb01,chb01,18.552222222222223,lightgbm,LightGBM,Fixed threshold,0.9,raw,1,,0.0,104,0.0031162916129805532,5.605797448643469,39,2.1021740432413005,0.625,0.050940438871473356,0.7719017094017093,53,31,4.0,2.856800622866383,1.6709588548841108,7,7,1,1.0,-5.0,5.0
0.9,0.67,held_out_subject,loso_chb01,chb01,18.552222222222223,lightgbm,LightGBM,Temporal persistence,0.9,raw,2,,0.0,43,0.0012884667245977287,2.3177816374198956,3,0.1617056956339462,0.9302325581395349,0.03134796238244514,0.8704318936877076,17,3,6.0,0.9163322752590285,0.1617056956339462,7,6,0,0.8571428571428571,-22.0,22.0
0.9,0.67,held_out_subject,loso_chb01,chb01,18.552222222222223,lightgbm,LightGBM,Full governed policy,0.9,isotonic,2,0.67,0.0,6,0.00017978605459503192,0.3234113912678924,0,0.0,1.0,0.004702194357366771,1.0,3,0,6.0,0.1617056956339462,0.0,7,3,0,0.42857142857142855,-29.0,29.0
0.1,0.0,held_out_subject,loso_chb02,chb02,8.266388888888889,lightgbm,LightGBM,Fixed threshold,0.1,raw,1,,0.0,12717,0.8552118359112306,1538.3984676904465,12272,1484.5660136429315,0.034992529684674055,0.9845132743362832,0.5401396585596758,469,465,14.0,56.7357774118754,56.25189018448201,3,3,3,1.0,299.0,-299.0
0.1,0.0,held_out_subject,loso_chb02,chb02,8.266388888888889,lightgbm,LightGBM,Temporal persistence,0.1,raw,2,,0.0,11680,0.7854741089441829,1412.9507039887094,11242,1359.9650525891327,0.0375,0.9690265486725663,0.5470010464231355,865,856,10.0,104.64061292382137,103.55186666218623,3,3,3,1.0,299.0,-299.0
0.1,0.0,held_out_subject,loso_chb02,chb02,8.266388888888889,lightgbm,LightGBM,Full governed policy,0.1,isotonic,2,0.0,0.0,92,0.006186953597848016,11.129406230048053,24,2.9033233643603618,0.7391304347826086,0.1504424778761062,0.8401915113871636,21,17,4.0,2.540407943815316,2.056520716421923,3,3,0,1.0,-10.0,10.0
0.1,0.25,held_out_subject,loso_chb02,chb02,8.266388888888889,lightgbm,LightGBM,Fixed threshold,0.1,raw,1,,0.0,12717,0.8552118359112306,1538.3984676904465,12272,1484.5660136429315,0.034992529684674055,0.9845132743362832,0.5401396585596758,469,465,14.0,56.7357774118754,56.25189018448201,3,3,3,1.0,299.0,-299.0
0.1,0.25,held_out_subject,loso_chb02,chb02,8.266388888888889,lightgbm,LightGBM,Temporal persistence,0.1,raw,2,,0.0,11680,0.7854741089441829,1412.9507039887094,11242,1359.9650525891327,0.0375,0.9690265486725663,0.5470010464231355,865,856,10.0,104.64061292382137,103.55186666218623,3,3,3,1.0,299.0,-299.0
0.1,0.25,held_out_subject,loso_chb02,chb02,8.266388888888889,lightgbm,LightGBM,Full governed policy,0.1,isotonic,2,0.25,0.0,91,0.006119704102219233,11.008434423199704,23,2.7823515575120132,0.7472527472527473,0.1504424778761062,0.8466771323914182,20,16,5.0,2.419436136966968,1.9355489095735745,3,3,0,1.0,-10.0,10.0
0.1,0.4,held_out_subject,loso_chb02,chb02,8.266388888888889,lightgbm,LightGBM,Fixed threshold,0.1,raw,1,,0.0,12717,0.8552118359112306,1538.3984676904465,12272,1484.5660136429315,0.034992529684674055,0.9845132743362832,0.5401396585596758,469,465,14.0,56.7357774118754,56.25189018448201,3,3,3,1.0,299.0,-299.0
0.1,0.4,held_out_subject,loso_chb02,chb02,8.266388888888889,lightgbm,LightGBM,Temporal persistence,0.1,raw,2,,0.0,11680,0.7854741089441829,1412.9507039887094,11242,1359.9650525891327,0.0375,0.9690265486725663,0.5470010464231355,865,856,10.0,104.64061292382137,103.55186666218623,3,3,3,1.0,299.0,-299.0
0.1,0.4,held_out_subject,loso_chb02,chb02,8.266388888888889,lightgbm,LightGBM,Full governed policy,0.1,isotonic,2,0.4,0.0,91,0.006119704102219233,11.008434423199704,23,2.7823515575120132,0.7472527472527473,0.1504424778761062,0.8466771323914182,20,16,5.0,2.419436136966968,1.9355489095735745,3,3,0,1.0,-10.0,10.0
0.1,0.67,held_out_subject,loso_chb02,chb02,8.266388888888889,lightgbm,LightGBM,Fixed threshold,0.1,raw,1,,0.0,12717,0.8552118359112306,1538.3984676904465,12272,1484.5660136429315,0.034992529684674055,0.9845132743362832,0.5401396585596758,469,465,14.0,56.7357774118754,56.25189018448201,3,3,3,1.0,299.0,-299.0
0.1,0.67,held_out_subject,loso_chb02,chb02,8.266388888888889,lightgbm,LightGBM,Temporal persistence,0.1,raw,2,,0.0,11680,0.7854741089441829,1412.9507039887094,11242,1359.9650525891327,0.0375,0.9690265486725663,0.5470010464231355,865,856,10.0,104.64061292382137,103.55186666218623,3,3,3,1.0,299.0,-299.0
0.1,0.67,held_out_subject,loso_chb02,chb02,8.266388888888889,lightgbm,LightGBM,Full governed policy,0.1,isotonic,2,0.67,0.0,52,0.003496973772696705,6.290533956114117,11,1.3306898753318324,0.7884615384615384,0.09070796460176991,1.0,21,9,6.0,2.540407943815316,1.0887462616351355,3,3,0,1.0,-12.0,12.0
0.2,0.0,held_out_subject,loso_chb02,chb02,8.266388888888889,lightgbm,LightGBM,Fixed threshold,0.2,raw,1,,0.0,8931,0.6006052454606591,1080.3992069625995,8567,1036.3654692698008,0.040756914119359534,0.8053097345132744,0.5572909163665466,1030,1006,10.0,124.60096105379886,121.6976376894385,3,3,3,1.0,299.0,-299.0
0.2,0.0,held_out_subject,loso_chb02,chb02,8.266388888888889,lightgbm,LightGBM,Temporal persistence,0.2,raw,2,,0.0,7163,0.4817081371889711,866.5210524547196,6850,828.6568769111865,0.04369677509423426,0.6924778761061947,0.5882262021100497,1225,1180,8.0,148.19046338922678,142.7467320810511,3,3,3,1.0,299.0,-299.0
0.2,0.0,held_out_subject,loso_chb02,chb02,8.266388888888889,lightgbm,LightGBM,Full governed policy,0.2,isotonic,2,0.0,0.0,69,0.004640215198386012,8.34705467253604,11,1.3306898753318324,0.8405797101449275,0.12831858407079647,0.893719806763285,16,9,6.0,1.9355489095735745,1.0887462616351355,3,3,0,1.0,-10.0,10.0
0.2,0.25,held_out_subject,loso_chb02,chb02,8.266388888888889,lightgbm,LightGBM,Fixed threshold,0.2,raw,1,,0.0,8931,0.6006052454606591,1080.3992069625995,8567,1036.3654692698008,0.040756914119359534,0.8053097345132744,0.5572909163665466,1030,1006,10.0,124.60096105379886,121.6976376894385,3,3,3,1.0,299.0,-299.0
0.2,0.25,held_out_subject,loso_chb02,chb02,8.266388888888889,lightgbm,LightGBM,Temporal persistence,0.2,raw,2,,0.0,7163,0.4817081371889711,866.5210524547196,6850,828.6568769111865,0.04369677509423426,0.6924778761061947,0.5882262021100497,1225,1180,8.0,148.19046338922678,142.7467320810511,3,3,3,1.0,299.0,-299.0
0.2,0.25,held_out_subject,loso_chb02,chb02,8.266388888888889,lightgbm,LightGBM,Full governed policy,0.2,isotonic,2,0.25,0.0,69,0.004640215198386012,8.34705467253604,11,1.3306898753318324,0.8405797101449275,0.12831858407079647,0.893719806763285,16,9,6.0,1.9355489095735745,1.0887462616351355,3,3,0,1.0,-10.0,10.0
0.2,0.4,held_out_subject,loso_chb02,chb02,8.266388888888889,lightgbm,LightGBM,Fixed threshold,0.2,raw,1,,0.0,8931,0.6006052454606591,1080.3992069625995,8567,1036.3654692698008,0.040756914119359534,0.8053097345132744,0.5572909163665466,1030,1006,10.0,124.60096105379886,121.6976376894385,3,3,3,1.0,299.0,-299.0
0.2,0.4,held_out_subject,loso_chb02,chb02,8.266388888888889,lightgbm,LightGBM,Temporal persistence,0.2,raw,2,,0.0,7163,0.4817081371889711,866.5210524547196,6850,828.6568769111865,0.04369677509423426,0.6924778761061947,0.5882262021100497,1225,1180,8.0,148.19046338922678,142.7467320810511,3,3,3,1.0,299.0,-299.0
0.2,0.4,held_out_subject,loso_chb02,chb02,8.266388888888889,lightgbm,LightGBM,Full governed policy,0.2,isotonic,2,0.4,0.0,69,0.004640215198386012,8.34705467253604,11,1.3306898753318324,0.8405797101449275,0.12831858407079647,0.893719806763285,16,9,6.0,1.9355489095735745,1.0887462616351355,3,3,0,1.0,-10.0,10.0
0.2,0.67,held_out_subject,loso_chb02,chb02,8.266388888888889,lightgbm,LightGBM,Fixed threshold,0.2,raw,1,,0.0,8931,0.6006052454606591,1080.3992069625995,8567,1036.3654692698008,0.040756914119359534,0.8053097345132744,0.5572909163665466,1030,1006,10.0,124.60096105379886,121.6976376894385,3,3,3,1.0,299.0,-299.0
0.2,0.67,held_out_subject,loso_chb02,chb02,8.266388888888889,lightgbm,LightGBM,Temporal persistence,0.2,raw,2,,0.0,7163,0.4817081371889711,866.5210524547196,6850,828.6568769111865,0.04369677509423426,0.6924778761061947,0.5882262021100497,1225,1180,8.0,148.19046338922678,142.7467320810511,3,3,3,1.0,299.0,-299.0
0.2,0.67,held_out_subject,loso_chb02,chb02,8.266388888888889,lightgbm,LightGBM,Full governed policy,0.2,isotonic,2,0.67,0.0,47,0.003160726294552791,5.6856749218723746,9,1.0887462616351355,0.8085106382978723,0.084070796460177,1.0,17,7,6.0,2.056520716421923,0.8468026479384388,3,3,0,1.0,-12.0,12.0
0.3,0.0,held_out_subject,loso_chb02,chb02,8.266388888888889,lightgbm,LightGBM,Fixed threshold,0.3,raw,1,,0.0,6217,0.41809011432414256,752.081723176182,5963,721.3548842367015,0.040855718192054045,0.5619469026548672,0.5859845842945796,1095,1057,8.0,132.4641284989415,127.86719983870425,3,3,3,1.0,285.0,-285.0
0.3,0.0,held_out_subject,loso_chb02,chb02,8.266388888888889,lightgbm,LightGBM,Temporal persistence,0.3,raw,2,,0.0,4559,0.3065904505716207,551.5104674216203,4366,528.1629086998892,0.04233384514147839,0.4269911504424779,0.6432975763969403,1010,970,6.0,122.18152491683189,117.34265264289795,3,3,3,1.0,278.0,-278.0
0.3,0.0,held_out_subject,loso_chb02,chb02,8.266388888888889,lightgbm,LightGBM,Full governed policy,0.3,isotonic,2,0.0,0.0,69,0.004640215198386012,8.34705467253604,11,1.3306898753318324,0.8405797101449275,0.12831858407079647,0.893719806763285,16,9,6.0,1.9355489095735745,1.0887462616351355,3,3,0,1.0,-10.0,10.0
0.3,0.25,held_out_subject,loso_chb02,chb02,8.266388888888889,lightgbm,LightGBM,Fixed threshold,0.3,raw,1,,0.0,6217,0.41809011432414256,752.081723176182,5963,721.3548842367015,0.040855718192054045,0.5619469026548672,0.5859845842945796,1095,1057,8.0,132.4641284989415,127.86719983870425,3,3,3,1.0,285.0,-285.0
0.3,0.25,held_out_subject,loso_chb02,chb02,8.266388888888889,lightgbm,LightGBM,Temporal persistence,0.3,raw,2,,0.0,4559,0.3065904505716207,551.5104674216203,4366,528.1629086998892,0.04233384514147839,0.4269911504424779,0.6432975763969403,1010,970,6.0,122.18152491683189,117.34265264289795,3,3,3,1.0,278.0,-278.0
0.3,0.25,held_out_subject,loso_chb02,chb02,8.266388888888889,lightgbm,LightGBM,Full governed policy,0.3,isotonic,2,0.25,0.0,69,0.004640215198386012,8.34705467253604,11,1.3306898753318324,0.8405797101449275,0.12831858407079647,0.893719806763285,16,9,6.0,1.9355489095735745,1.0887462616351355,3,3,0,1.0,-10.0,10.0
0.3,0.4,held_out_subject,loso_chb02,chb02,8.266388888888889,lightgbm,LightGBM,Fixed threshold,0.3,raw,1,,0.0,6217,0.41809011432414256,752.081723176182,5963,721.3548842367015,0.040855718192054045,0.5619469026548672,0.5859845842945796,1095,1057,8.0,132.4641284989415,127.86719983870425,3,3,3,1.0,285.0,-285.0
0.3,0.4,held_out_subject,loso_chb02,chb02,8.266388888888889,lightgbm,LightGBM,Temporal persistence,0.3,raw,2,,0.0,4559,0.3065904505716207,551.5104674216203,4366,528.1629086998892,0.04233384514147839,0.4269911504424779,0.6432975763969403,1010,970,6.0,122.18152491683189,117.34265264289795,3,3,3,1.0,278.0,-278.0
0.3,0.4,held_out_subject,loso_chb02,chb02,8.266388888888889,lightgbm,LightGBM,Full governed policy,0.3,isotonic,2,0.4,0.0,69,0.004640215198386012,8.34705467253604,11,1.3306898753318324,0.8405797101449275,0.12831858407079647,0.893719806763285,16,9,6.0,1.9355489095735745,1.0887462616351355,3,3,0,1.0,-10.0,10.0
0.3,0.67,held_out_subject,loso_chb02,chb02,8.266388888888889,lightgbm,LightGBM,Fixed threshold,0.3,raw,1,,0.0,6217,0.41809011432414256,752.081723176182,5963,721.3548842367015,0.040855718192054045,0.5619469026548672,0.5859845842945796,1095,1057,8.0,132.4641284989415,127.86719983870425,3,3,3,1.0,285.0,-285.0
0.3,0.67,held_out_subject,loso_chb02,chb02,8.266388888888889,lightgbm,LightGBM,Temporal persistence,0.3,raw,2,,0.0,4559,0.3065904505716207,551.5104674216203,4366,528.1629086998892,0.04233384514147839,0.4269911504424779,0.6432975763969403,1010,970,6.0,122.18152491683189,117.34265264289795,3,3,3,1.0,278.0,-278.0
0.3,0.67,held_out_subject,loso_chb02,chb02,8.266388888888889,lightgbm,LightGBM,Full governed policy,0.3,isotonic,2,0.67,0.0,47,0.003160726294552791,5.6856749218723746,9,1.0887462616351355,0.8085106382978723,0.084070796460177,1.0,17,7,6.0,2.056520716421923,0.8468026479384388,3,3,0,1.0,-12.0,12.0
0.4,0.0,held_out_subject,loso_chb02,chb02,8.266388888888889,lightgbm,LightGBM,Fixed threshold,0.4,raw,1,,0.0,4331,0.2912575655682582,523.9288954601969,4148,501.79105480694915,0.04225352112676056,0.40486725663716816,0.6200360150221518,996,964,6.0,120.48791962095501,116.61682180180786,3,3,3,1.0,279.0,-279.0
0.4,0.0,held_out_subject,loso_chb02,chb02,8.266388888888889,lightgbm,LightGBM,Temporal persistence,0.4,raw,2,,0.0,2971,0.19979825151311364,359.4072381464431,2830,342.35021338082595,0.04745876809155167,0.31194690265486724,0.6920910067157123,742,710,6.0,89.76108068147451,85.88998286232736,3,3,3,1.0,186.0,-186.0
0.4,0.0,held_out_subject,loso_chb02,chb02,8.266388888888889,lightgbm,LightGBM,Full governed policy,0.4,isotonic,2,0.0,0.0,65,0.004371217215870881,7.863167445142646,9,1.0887462616351355,0.8615384615384616,0.12389380530973451,0.8923076923076924,14,7,6.0,1.6936052958768777,0.8468026479384388,3,3,0,1.0,-10.0,10.0
0.4,0.25,held_out_subject,loso_chb02,chb02,8.266388888888889,lightgbm,LightGBM,Fixed threshold,0.4,raw,1,,0.0,4331,0.2912575655682582,523.9288954601969,4148,501.79105480694915,0.04225352112676056,0.40486725663716816,0.6200360150221518,996,964,6.0,120.48791962095501,116.61682180180786,3,3,3,1.0,279.0,-279.0
0.4,0.25,held_out_subject,loso_chb02,chb02,8.266388888888889,lightgbm,LightGBM,Temporal persistence,0.4,raw,2,,0.0,2971,0.19979825151311364,359.4072381464431,2830,342.35021338082595,0.04745876809155167,0.31194690265486724,0.6920910067157123,742,710,6.0,89.76108068147451,85.88998286232736,3,3,3,1.0,186.0,-186.0
0.4,0.25,held_out_subject,loso_chb02,chb02,8.266388888888889,lightgbm,LightGBM,Full governed policy,0.4,isotonic,2,0.25,0.0,65,0.004371217215870881,7.863167445142646,9,1.0887462616351355,0.8615384615384616,0.12389380530973451,0.8923076923076924,14,7,6.0,1.6936052958768777,0.8468026479384388,3,3,0,1.0,-10.0,10.0
0.4,0.4,held_out_subject,loso_chb02,chb02,8.266388888888889,lightgbm,LightGBM,Fixed threshold,0.4,raw,1,,0.0,4331,0.2912575655682582,523.9288954601969,4148,501.79105480694915,0.04225352112676056,0.40486725663716816,0.6200360150221518,996,964,6.0,120.48791962095501,116.61682180180786,3,3,3,1.0,279.0,-279.0
0.4,0.4,held_out_subject,loso_chb02,chb02,8.266388888888889,lightgbm,LightGBM,Temporal persistence,0.4,raw,2,,0.0,2971,0.19979825151311364,359.4072381464431,2830,342.35021338082595,0.04745876809155167,0.31194690265486724,0.6920910067157123,742,710,6.0,89.76108068147451,85.88998286232736,3,3,3,1.0,186.0,-186.0
0.4,0.4,held_out_subject,loso_chb02,chb02,8.266388888888889,lightgbm,LightGBM,Full governed policy,0.4,isotonic,2,0.4,0.0,65,0.004371217215870881,7.863167445142646,9,1.0887462616351355,0.8615384615384616,0.12389380530973451,0.8923076923076924,14,7,6.0,1.6936052958768777,0.8468026479384388,3,3,0,1.0,-10.0,10.0
0.4,0.67,held_out_subject,loso_chb02,chb02,8.266388888888889,lightgbm,LightGBM,Fixed threshold,0.4,raw,1,,0.0,4331,0.2912575655682582,523.9288954601969,4148,501.79105480694915,0.04225352112676056,0.40486725663716816,0.6200360150221518,996,964,6.0,120.48791962095501,116.61682180180786,3,3,3,1.0,279.0,-279.0
0.4,0.67,held_out_subject,loso_chb02,chb02,8.266388888888889,lightgbm,LightGBM,Temporal persistence,0.4,raw,2,,0.0,2971,0.19979825151311364,359.4072381464431,2830,342.35021338082595,0.04745876809155167,0.31194690265486724,0.6920910067157123,742,710,6.0,89.76108068147451,85.88998286232736,3,3,3,1.0,186.0,-186.0
0.4,0.67,held_out_subject,loso_chb02,chb02,8.266388888888889,lightgbm,LightGBM,Full governed policy,0.4,isotonic,2,0.67,0.0,44,0.0029589778076664426,5.3227595013273294,8,0.9677744547867873,0.8181818181818182,0.07964601769911504,1.0,15,6,6.0,1.814577102725226,0.7258308410900904,3,3,0,1.0,-12.0,12.0
0.5,0.0,held_out_subject,loso_chb02,chb02,8.266388888888889,lightgbm,LightGBM,Fixed threshold,0.5,raw,1,,0.0,2878,0.19354404841963685,348.1568601095467,2734,330.7369199233845,0.05003474635163308,0.3185840707964602,0.6547674258109041,811,784,6.0,98.10813535401056,94.84189656910515,3,3,3,1.0,211.0,-211.0
0.5,0.0,held_out_subject,loso_chb02,chb02,8.266388888888889,lightgbm,LightGBM,Temporal persistence,0.5,raw,2,,0.0,1844,0.12400806993947545,223.07201182835445,1732,209.52316946133942,0.06073752711496746,0.24778761061946902,0.7439228041180318,492,473,6.0,59.51812896938741,57.21966463926879,3,3,3,1.0,186.0,-186.0
0.5,0.0,held_out_subject,loso_chb02,chb02,8.266388888888889,lightgbm,LightGBM,Full governed policy,0.5,isotonic,2,0.0,0.0,65,0.004371217215870881,7.863167445142646,9,1.0887462616351355,0.8615384615384616,0.12389380530973451,0.8923076923076924,14,7,6.0,1.6936052958768777,0.8468026479384388,3,3,0,1.0,-10.0,10.0
0.5,0.25,held_out_subject,loso_chb02,chb02,8.266388888888889,lightgbm,LightGBM,Fixed threshold,0.5,raw,1,,0.0,2878,0.19354404841963685,348.1568601095467,2734,330.7369199233845,0.05003474635163308,0.3185840707964602,0.6547674258109041,811,784,6.0,98.10813535401056,94.84189656910515,3,3,3,1.0,211.0,-211.0
0.5,0.25,held_out_subject,loso_chb02,chb02,8.266388888888889,lightgbm,LightGBM,Temporal persistence,0.5,raw,2,,0.0,1844,0.12400806993947545,223.07201182835445,1732,209.52316946133942,0.06073752711496746,0.24778761061946902,0.7439228041180318,492,473,6.0,59.51812896938741,57.21966463926879,3,3,3,1.0,186.0,-186.0
0.5,0.25,held_out_subject,loso_chb02,chb02,8.266388888888889,lightgbm,LightGBM,Full governed policy,0.5,isotonic,2,0.25,0.0,65,0.004371217215870881,7.863167445142646,9,1.0887462616351355,0.8615384615384616,0.12389380530973451,0.8923076923076924,14,7,6.0,1.6936052958768777,0.8468026479384388,3,3,0,1.0,-10.0,10.0
0.5,0.4,held_out_subject,loso_chb02,chb02,8.266388888888889,lightgbm,LightGBM,Fixed threshold,0.5,raw,1,,0.0,2878,0.19354404841963685,348.1568601095467,2734,330.7369199233845,0.05003474635163308,0.3185840707964602,0.6547674258109041,811,784,6.0,98.10813535401056,94.84189656910515,3,3,3,1.0,211.0,-211.0
0.5,0.4,held_out_subject,loso_chb02,chb02,8.266388888888889,lightgbm,LightGBM,Temporal persistence,0.5,raw,2,,0.0,1844,0.12400806993947545,223.07201182835445,1732,209.52316946133942,0.06073752711496746,0.24778761061946902,0.7439228041180318,492,473,6.0,59.51812896938741,57.21966463926879,3,3,3,1.0,186.0,-186.0
0.5,0.4,held_out_subject,loso_chb02,chb02,8.266388888888889,lightgbm,LightGBM,Full governed policy,0.5,isotonic,2,0.4,0.0,65,0.004371217215870881,7.863167445142646,9,1.0887462616351355,0.8615384615384616,0.12389380530973451,0.8923076923076924,14,7,6.0,1.6936052958768777,0.8468026479384388,3,3,0,1.0,-10.0,10.0
0.5,0.67,held_out_subject,loso_chb02,chb02,8.266388888888889,lightgbm,LightGBM,Fixed threshold,0.5,raw,1,,0.0,2878,0.19354404841963685,348.1568601095467,2734,330.7369199233845,0.05003474635163308,0.3185840707964602,0.6547674258109041,811,784,6.0,98.10813535401056,94.84189656910515,3,3,3,1.0,211.0,-211.0
0.5,0.67,held_out_subject,loso_chb02,chb02,8.266388888888889,lightgbm,LightGBM,Temporal persistence,0.5,raw,2,,0.0,1844,0.12400806993947545,223.07201182835445,1732,209.52316946133942,0.06073752711496746,0.24778761061946902,0.7439228041180318,492,473,6.0,59.51812896938741,57.21966463926879,3,3,3,1.0,186.0,-186.0
0.5,0.67,held_out_subject,loso_chb02,chb02,8.266388888888889,lightgbm,LightGBM,Full governed policy,0.5,isotonic,2,0.67,0.0,44,0.0029589778076664426,5.3227595013273294,8,0.9677744547867873,0.8181818181818182,0.07964601769911504,1.0,15,6,6.0,1.814577102725226,0.7258308410900904,3,3,0,1.0,-12.0,12.0
0.6,0.0,held_out_subject,loso_chb02,chb02,8.266388888888889,lightgbm,LightGBM,Fixed threshold,0.6,raw,1,,0.0,1713,0.11519838601210491,207.22470513122082,1608,194.52266541214422,0.06129597197898424,0.2323008849557522,0.6794341933149647,592,574,4.0,71.61530965422226,69.43781713095198,3,3,3,1.0,184.0,-184.0
0.6,0.0,held_out_subject,loso_chb02,chb02,8.266388888888889,lightgbm,LightGBM,Temporal persistence,0.6,raw,2,,0.0,970,0.0652320107599193,117.34265264289795,885,107.06004906078833,0.08762886597938144,0.18805309734513273,0.7765873015873015,346,337,6.0,41.85624516952855,40.76749890789341,3,3,3,1.0,126.0,-126.0
0.6,0.0,held_out_subject,loso_chb02,chb02,8.266388888888889,lightgbm,LightGBM,Full governed policy,0.6,isotonic,2,0.0,0.0,65,0.004371217215870881,7.863167445142646,9,1.0887462616351355,0.8615384615384616,0.12389380530973451,0.8923076923076924,14,7,6.0,1.6936052958768777,0.8468026479384388,3,3,0,1.0,-10.0,10.0
0.6,0.25,held_out_subject,loso_chb02,chb02,8.266388888888889,lightgbm,LightGBM,Fixed threshold,0.6,raw,1,,0.0,1713,0.11519838601210491,207.22470513122082,1608,194.52266541214422,0.06129597197898424,0.2323008849557522,0.6794341933149647,592,574,4.0,71.61530965422226,69.43781713095198,3,3,3,1.0,184.0,-184.0
0.6,0.25,held_out_subject,loso_chb02,chb02,8.266388888888889,lightgbm,LightGBM,Temporal persistence,0.6,raw,2,,0.0,970,0.0652320107599193,117.34265264289795,885,107.06004906078833,0.08762886597938144,0.18805309734513273,0.7765873015873015,346,337,6.0,41.85624516952855,40.76749890789341,3,3,3,1.0,126.0,-126.0
0.6,0.25,held_out_subject,loso_chb02,chb02,8.266388888888889,lightgbm,LightGBM,Full governed policy,0.6,isotonic,2,0.25,0.0,65,0.004371217215870881,7.863167445142646,9,1.0887462616351355,0.8615384615384616,0.12389380530973451,0.8923076923076924,14,7,6.0,1.6936052958768777,0.8468026479384388,3,3,0,1.0,-10.0,10.0
0.6,0.4,held_out_subject,loso_chb02,chb02,8.266388888888889,lightgbm,LightGBM,Fixed threshold,0.6,raw,1,,0.0,1713,0.11519838601210491,207.22470513122082,1608,194.52266541214422,0.06129597197898424,0.2323008849557522,0.6794341933149647,592,574,4.0,71.61530965422226,69.43781713095198,3,3,3,1.0,184.0,-184.0
0.6,0.4,held_out_subject,loso_chb02,chb02,8.266388888888889,lightgbm,LightGBM,Temporal persistence,0.6,raw,2,,0.0,970,0.0652320107599193,117.34265264289795,885,107.06004906078833,0.08762886597938144,0.18805309734513273,0.7765873015873015,346,337,6.0,41.85624516952855,40.76749890789341,3,3,3,1.0,126.0,-126.0
0.6,0.4,held_out_subject,loso_chb02,chb02,8.266388888888889,lightgbm,LightGBM,Full governed policy,0.6,isotonic,2,0.4,0.0,65,0.004371217215870881,7.863167445142646,9,1.0887462616351355,0.8615384615384616,0.12389380530973451,0.8923076923076924,14,7,6.0,1.6936052958768777,0.8468026479384388,3,3,0,1.0,-10.0,10.0
0.6,0.67,held_out_subject,loso_chb02,chb02,8.266388888888889,lightgbm,LightGBM,Fixed threshold,0.6,raw,1,,0.0,1713,0.11519838601210491,207.22470513122082,1608,194.52266541214422,0.06129597197898424,0.2323008849557522,0.6794341933149647,592,574,4.0,71.61530965422226,69.43781713095198,3,3,3,1.0,184.0,-184.0
0.6,0.67,held_out_subject,loso_chb02,chb02,8.266388888888889,lightgbm,LightGBM,Temporal persistence,0.6,raw,2,,0.0,970,0.0652320107599193,117.34265264289795,885,107.06004906078833,0.08762886597938144,0.18805309734513273,0.7765873015873015,346,337,6.0,41.85624516952855,40.76749890789341,3,3,3,1.0,126.0,-126.0
0.6,0.67,held_out_subject,loso_chb02,chb02,8.266388888888889,lightgbm,LightGBM,Full governed policy,0.6,isotonic,2,0.67,0.0,44,0.0029589778076664426,5.3227595013273294,8,0.9677744547867873,0.8181818181818182,0.07964601769911504,1.0,15,6,6.0,1.814577102725226,0.7258308410900904,3,3,0,1.0,-12.0,12.0
0.7,0.0,held_out_subject,loso_chb02,chb02,8.266388888888889,lightgbm,LightGBM,Fixed threshold,0.7,raw,1,,0.0,789,0.053059852051109614,95.44675560334689,701,84.80123660069223,0.11153358681875793,0.19469026548672566,0.670479006980908,352,340,4.0,42.582076010618636,41.130414328438455,3,3,3,1.0,164.0,-164.0
0.7,0.0,held_out_subject,loso_chb02,chb02,8.266388888888889,lightgbm,LightGBM,Temporal persistence,0.7,raw,2,,0.0,394,0.026496301277740417,47.66289189824927,318,38.46903457777479,0.19289340101522842,0.168141592920354,0.7470993473531545,150,147,4.0,18.14577102725226,17.782855606707216,3,3,0,1.0,-10.0,10.0
0.7,0.0,held_out_subject,loso_chb02,chb02,8.266388888888889,lightgbm,LightGBM,Full governed policy,0.7,isotonic,2,0.0,0.0,34,0.0022864828513786146,4.113041432843846,5,0.604859034241742,0.8529411764705882,0.06415929203539823,0.9313725490196078,12,5,4.0,1.4516616821801809,0.604859034241742,3,2,0,0.6666666666666666,-16.0,16.0
0.7,0.25,held_out_subject,loso_chb02,chb02,8.266388888888889,lightgbm,LightGBM,Fixed threshold,0.7,raw,1,,0.0,789,0.053059852051109614,95.44675560334689,701,84.80123660069223,0.11153358681875793,0.19469026548672566,0.670479006980908,352,340,4.0,42.582076010618636,41.130414328438455,3,3,3,1.0,164.0,-164.0
0.7,0.25,held_out_subject,loso_chb02,chb02,8.266388888888889,lightgbm,LightGBM,Temporal persistence,0.7,raw,2,,0.0,394,0.026496301277740417,47.66289189824927,318,38.46903457777479,0.19289340101522842,0.168141592920354,0.7470993473531545,150,147,4.0,18.14577102725226,17.782855606707216,3,3,0,1.0,-10.0,10.0
0.7,0.25,held_out_subject,loso_chb02,chb02,8.266388888888889,lightgbm,LightGBM,Full governed policy,0.7,isotonic,2,0.25,0.0,34,0.0022864828513786146,4.113041432843846,5,0.604859034241742,0.8529411764705882,0.06415929203539823,0.9313725490196078,12,5,4.0,1.4516616821801809,0.604859034241742,3,2,0,0.6666666666666666,-16.0,16.0
0.7,0.4,held_out_subject,loso_chb02,chb02,8.266388888888889,lightgbm,LightGBM,Fixed threshold,0.7,raw,1,,0.0,789,0.053059852051109614,95.44675560334689,701,84.80123660069223,0.11153358681875793,0.19469026548672566,0.670479006980908,352,340,4.0,42.582076010618636,41.130414328438455,3,3,3,1.0,164.0,-164.0
0.7,0.4,held_out_subject,loso_chb02,chb02,8.266388888888889,lightgbm,LightGBM,Temporal persistence,0.7,raw,2,,0.0,394,0.026496301277740417,47.66289189824927,318,38.46903457777479,0.19289340101522842,0.168141592920354,0.7470993473531545,150,147,4.0,18.14577102725226,17.782855606707216,3,3,0,1.0,-10.0,10.0
0.7,0.4,held_out_subject,loso_chb02,chb02,8.266388888888889,lightgbm,LightGBM,Full governed policy,0.7,isotonic,2,0.4,0.0,34,0.0022864828513786146,4.113041432843846,5,0.604859034241742,0.8529411764705882,0.06415929203539823,0.9313725490196078,12,5,4.0,1.4516616821801809,0.604859034241742,3,2,0,0.6666666666666666,-16.0,16.0
0.7,0.67,held_out_subject,loso_chb02,chb02,8.266388888888889,lightgbm,LightGBM,Fixed threshold,0.7,raw,1,,0.0,789,0.053059852051109614,95.44675560334689,701,84.80123660069223,0.11153358681875793,0.19469026548672566,0.670479006980908,352,340,4.0,42.582076010618636,41.130414328438455,3,3,3,1.0,164.0,-164.0
0.7,0.67,held_out_subject,loso_chb02,chb02,8.266388888888889,lightgbm,LightGBM,Temporal persistence,0.7,raw,2,,0.0,394,0.026496301277740417,47.66289189824927,318,38.46903457777479,0.19289340101522842,0.168141592920354,0.7470993473531545,150,147,4.0,18.14577102725226,17.782855606707216,3,3,0,1.0,-10.0,10.0
0.7,0.67,held_out_subject,loso_chb02,chb02,8.266388888888889,lightgbm,LightGBM,Full governed policy,0.7,isotonic,2,0.67,0.0,27,0.0018157363819771351,3.266238784905407,4,0.4838872273933936,0.8518518518518519,0.05088495575221239,1.0,12,4,4.0,1.4516616821801809,0.4838872273933936,3,2,0,0.6666666666666666,-18.0,18.0
0.8,0.0,held_out_subject,loso_chb02,chb02,8.266388888888889,lightgbm,LightGBM,Fixed threshold,0.8,raw,1,,0.0,367,0.02468056489576328,44.396653113343866,288,34.83988037232434,0.21525885558583105,0.1747787610619469,0.6708619869382813,134,130,4.0,16.210222117678686,15.726334890285292,3,3,1,1.0,-8.0,8.0
0.8,0.0,held_out_subject,loso_chb02,chb02,8.266388888888889,lightgbm,LightGBM,Temporal persistence,0.8,raw,2,,0.0,217,0.014593140551445864,26.250882086091604,142,17.177996572465474,0.3456221198156682,0.16592920353982302,0.7674456879526004,68,65,4.0,8.226082865687692,7.863167445142646,3,3,0,1.0,-10.0,10.0
0.8,0.0,held_out_subject,loso_chb02,chb02,8.266388888888889,lightgbm,LightGBM,Full governed policy,0.8,isotonic,2,0.0,0.0,33,0.002219233355749832,3.992069625995497,4,0.4838872273933936,0.8787878787878788,0.06415929203539823,0.9292929292929292,11,4,4.0,1.3306898753318324,0.4838872273933936,3,2,0,0.6666666666666666,-16.0,16.0
0.8,0.25,held_out_subject,loso_chb02,chb02,8.266388888888889,lightgbm,LightGBM,Fixed threshold,0.8,raw,1,,0.0,367,0.02468056489576328,44.396653113343866,288,34.83988037232434,0.21525885558583105,0.1747787610619469,0.6708619869382813,134,130,4.0,16.210222117678686,15.726334890285292,3,3,1,1.0,-8.0,8.0
0.8,0.25,held_out_subject,loso_chb02,chb02,8.266388888888889,lightgbm,LightGBM,Temporal persistence,0.8,raw,2,,0.0,217,0.014593140551445864,26.250882086091604,142,17.177996572465474,0.3456221198156682,0.16592920353982302,0.7674456879526004,68,65,4.0,8.226082865687692,7.863167445142646,3,3,0,1.0,-10.0,10.0
0.8,0.25,held_out_subject,loso_chb02,chb02,8.266388888888889,lightgbm,LightGBM,Full governed policy,0.8,isotonic,2,0.25,0.0,33,0.002219233355749832,3.992069625995497,4,0.4838872273933936,0.8787878787878788,0.06415929203539823,0.9292929292929292,11,4,4.0,1.3306898753318324,0.4838872273933936,3,2,0,0.6666666666666666,-16.0,16.0
0.8,0.4,held_out_subject,loso_chb02,chb02,8.266388888888889,lightgbm,LightGBM,Fixed threshold,0.8,raw,1,,0.0,367,0.02468056489576328,44.396653113343866,288,34.83988037232434,0.21525885558583105,0.1747787610619469,0.6708619869382813,134,130,4.0,16.210222117678686,15.726334890285292,3,3,1,1.0,-8.0,8.0
0.8,0.4,held_out_subject,loso_chb02,chb02,8.266388888888889,lightgbm,LightGBM,Temporal persistence,0.8,raw,2,,0.0,217,0.014593140551445864,26.250882086091604,142,17.177996572465474,0.3456221198156682,0.16592920353982302,0.7674456879526004,68,65,4.0,8.226082865687692,7.863167445142646,3,3,0,1.0,-10.0,10.0
0.8,0.4,held_out_subject,loso_chb02,chb02,8.266388888888889,lightgbm,LightGBM,Full governed policy,0.8,isotonic,2,0.4,0.0,33,0.002219233355749832,3.992069625995497,4,0.4838872273933936,0.8787878787878788,0.06415929203539823,0.9292929292929292,11,4,4.0,1.3306898753318324,0.4838872273933936,3,2,0,0.6666666666666666,-16.0,16.0
0.8,0.67,held_out_subject,loso_chb02,chb02,8.266388888888889,lightgbm,LightGBM,Fixed threshold,0.8,raw,1,,0.0,367,0.02468056489576328,44.396653113343866,288,34.83988037232434,0.21525885558583105,0.1747787610619469,0.6708619869382813,134,130,4.0,16.210222117678686,15.726334890285292,3,3,1,1.0,-8.0,8.0
0.8,0.67,held_out_subject,loso_chb02,chb02,8.266388888888889,lightgbm,LightGBM,Temporal persistence,0.8,raw,2,,0.0,217,0.014593140551445864,26.250882086091604,142,17.177996572465474,0.3456221198156682,0.16592920353982302,0.7674456879526004,68,65,4.0,8.226082865687692,7.863167445142646,3,3,0,1.0,-10.0,10.0
0.8,0.67,held_out_subject,loso_chb02,chb02,8.266388888888889,lightgbm,LightGBM,Full governed policy,0.8,isotonic,2,0.67,0.0,26,0.0017484868863483524,3.1452669780570583,3,0.3629154205450452,0.8846153846153846,0.05088495575221239,1.0,11,3,4.0,1.3306898753318324,0.3629154205450452,3,2,0,0.6666666666666666,-18.0,18.0
0.9,0.0,held_out_subject,loso_chb02,chb02,8.266388888888889,lightgbm,LightGBM,Fixed threshold,0.9,raw,1,,0.0,180,0.0121049092131809,21.774925232702714,103,12.460096105379884,0.42777777777777776,0.17035398230088494,0.7311948853615522,60,57,4.0,7.258308410900904,6.895392990355859,3,3,0,1.0,-8.0,8.0
0.9,0.0,held_out_subject,loso_chb02,chb02,8.266388888888889,lightgbm,LightGBM,Temporal persistence,0.9,raw,2,,0.0,112,0.007531943510423672,13.548842367015022,39,4.717900467085587,0.6517857142857143,0.16150442477876106,0.8300382653061223,28,25,4.0,3.3872105917537554,3.02429517120871,3,3,0,1.0,-10.0,10.0
0.9,0.0,held_out_subject,loso_chb02,chb02,8.266388888888889,lightgbm,LightGBM,Full governed policy,0.9,isotonic,2,0.0,0.0,27,0.0018157363819771351,3.266238784905407,2,0.2419436136966968,0.9259259259259259,0.05530973451327434,0.9506172839506173,9,2,4.0,1.0887462616351355,0.2419436136966968,3,2,0,0.6666666666666666,-17.0,17.0
0.9,0.25,held_out_subject,loso_chb02,chb02,8.266388888888889,lightgbm,LightGBM,Fixed threshold,0.9,raw,1,,0.0,180,0.0121049092131809,21.774925232702714,103,12.460096105379884,0.42777777777777776,0.17035398230088494,0.7311948853615522,60,57,4.0,7.258308410900904,6.895392990355859,3,3,0,1.0,-8.0,8.0
0.9,0.25,held_out_subject,loso_chb02,chb02,8.266388888888889,lightgbm,LightGBM,Temporal persistence,0.9,raw,2,,0.0,112,0.007531943510423672,13.548842367015022,39,4.717900467085587,0.6517857142857143,0.16150442477876106,0.8300382653061223,28,25,4.0,3.3872105917537554,3.02429517120871,3,3,0,1.0,-10.0,10.0
0.9,0.25,held_out_subject,loso_chb02,chb02,8.266388888888889,lightgbm,LightGBM,Full governed policy,0.9,isotonic,2,0.25,0.0,27,0.0018157363819771351,3.266238784905407,2,0.2419436136966968,0.9259259259259259,0.05530973451327434,0.9506172839506173,9,2,4.0,1.0887462616351355,0.2419436136966968,3,2,0,0.6666666666666666,-17.0,17.0
0.9,0.4,held_out_subject,loso_chb02,chb02,8.266388888888889,lightgbm,LightGBM,Fixed threshold,0.9,raw,1,,0.0,180,0.0121049092131809,21.774925232702714,103,12.460096105379884,0.42777777777777776,0.17035398230088494,0.7311948853615522,60,57,4.0,7.258308410900904,6.895392990355859,3,3,0,1.0,-8.0,8.0
0.9,0.4,held_out_subject,loso_chb02,chb02,8.266388888888889,lightgbm,LightGBM,Temporal persistence,0.9,raw,2,,0.0,112,0.007531943510423672,13.548842367015022,39,4.717900467085587,0.6517857142857143,0.16150442477876106,0.8300382653061223,28,25,4.0,3.3872105917537554,3.02429517120871,3,3,0,1.0,-10.0,10.0
0.9,0.4,held_out_subject,loso_chb02,chb02,8.266388888888889,lightgbm,LightGBM,Full governed policy,0.9,isotonic,2,0.4,0.0,27,0.0018157363819771351,3.266238784905407,2,0.2419436136966968,0.9259259259259259,0.05530973451327434,0.9506172839506173,9,2,4.0,1.0887462616351355,0.2419436136966968,3,2,0,0.6666666666666666,-17.0,17.0
0.9,0.67,held_out_subject,loso_chb02,chb02,8.266388888888889,lightgbm,LightGBM,Fixed threshold,0.9,raw,1,,0.0,180,0.0121049092131809,21.774925232702714,103,12.460096105379884,0.42777777777777776,0.17035398230088494,0.7311948853615522,60,57,4.0,7.258308410900904,6.895392990355859,3,3,0,1.0,-8.0,8.0
0.9,0.67,held_out_subject,loso_chb02,chb02,8.266388888888889,lightgbm,LightGBM,Temporal persistence,0.9,raw,2,,0.0,112,0.007531943510423672,13.548842367015022,39,4.717900467085587,0.6517857142857143,0.16150442477876106,0.8300382653061223,28,25,4.0,3.3872105917537554,3.02429517120871,3,3,0,1.0,-10.0,10.0
0.9,0.67,held_out_subject,loso_chb02,chb02,8.266388888888889,lightgbm,LightGBM,Full governed policy,0.9,isotonic,2,0.67,0.0,23,0.001546738399462004,2.7823515575120132,1,0.1209718068483484,0.9565217391304348,0.048672566371681415,1.0,9,1,4.0,1.0887462616351355,0.1209718068483484,3,2,0,0.6666666666666666,-18.0,18.0
0.1,0.0,held_out_subject,loso_chb03,chb03,13.0,lightgbm,LightGBM,Fixed threshold,0.1,raw,1,,0.0,5474,0.2340616581861718,421.0769230769231,4963,381.7692307692308,0.09335038363171355,0.4068471337579618,0.5233678815093289,1370,1308,6.0,105.38461538461539,100.61538461538461,7,7,6,1.0,292.0,-292.0
0.1,0.0,held_out_subject,loso_chb03,chb03,13.0,lightgbm,LightGBM,Temporal persistence,0.1,raw,2,,0.0,3650,0.1560696113225296,280.7692307692308,3237,249.0,0.11315068493150685,0.3288216560509554,0.5665938247445097,1105,1039,6.0,85.0,79.92307692307692,7,7,6,1.0,290.0,-290.0
0.1,0.0,held_out_subject,loso_chb03,chb03,13.0,lightgbm,LightGBM,Full governed policy,0.1,isotonic,2,0.0,0.0,10,0.0004275879762261085,0.7692307692307693,5,0.38461538461538464,0.5,0.003980891719745223,0.7666666666666667,10,5,4.0,0.7692307692307693,0.38461538461538464,7,4,0,0.5714285714285714,-33.0,33.0
0.1,0.25,held_out_subject,loso_chb03,chb03,13.0,lightgbm,LightGBM,Fixed threshold,0.1,raw,1,,0.0,5474,0.2340616581861718,421.0769230769231,4963,381.7692307692308,0.09335038363171355,0.4068471337579618,0.5233678815093289,1370,1308,6.0,105.38461538461539,100.61538461538461,7,7,6,1.0,292.0,-292.0
0.1,0.25,held_out_subject,loso_chb03,chb03,13.0,lightgbm,LightGBM,Temporal persistence,0.1,raw,2,,0.0,3650,0.1560696113225296,280.7692307692308,3237,249.0,0.11315068493150685,0.3288216560509554,0.5665938247445097,1105,1039,6.0,85.0,79.92307692307692,7,7,6,1.0,290.0,-290.0
0.1,0.25,held_out_subject,loso_chb03,chb03,13.0,lightgbm,LightGBM,Full governed policy,0.1,isotonic,2,0.25,0.0,10,0.0004275879762261085,0.7692307692307693,5,0.38461538461538464,0.5,0.003980891719745223,0.7666666666666667,10,5,4.0,0.7692307692307693,0.38461538461538464,7,4,0,0.5714285714285714,-33.0,33.0
0.1,0.4,held_out_subject,loso_chb03,chb03,13.0,lightgbm,LightGBM,Fixed threshold,0.1,raw,1,,0.0,5474,0.2340616581861718,421.0769230769231,4963,381.7692307692308,0.09335038363171355,0.4068471337579618,0.5233678815093289,1370,1308,6.0,105.38461538461539,100.61538461538461,7,7,6,1.0,292.0,-292.0
0.1,0.4,held_out_subject,loso_chb03,chb03,13.0,lightgbm,LightGBM,Temporal persistence,0.1,raw,2,,0.0,3650,0.1560696113225296,280.7692307692308,3237,249.0,0.11315068493150685,0.3288216560509554,0.5665938247445097,1105,1039,6.0,85.0,79.92307692307692,7,7,6,1.0,290.0,-290.0
0.1,0.4,held_out_subject,loso_chb03,chb03,13.0,lightgbm,LightGBM,Full governed policy,0.1,isotonic,2,0.4,0.0,10,0.0004275879762261085,0.7692307692307693,5,0.38461538461538464,0.5,0.003980891719745223,0.7666666666666667,10,5,4.0,0.7692307692307693,0.38461538461538464,7,4,0,0.5714285714285714,-33.0,33.0
0.1,0.67,held_out_subject,loso_chb03,chb03,13.0,lightgbm,LightGBM,Fixed threshold,0.1,raw,1,,0.0,5474,0.2340616581861718,421.0769230769231,4963,381.7692307692308,0.09335038363171355,0.4068471337579618,0.5233678815093289,1370,1308,6.0,105.38461538461539,100.61538461538461,7,7,6,1.0,292.0,-292.0
0.1,0.67,held_out_subject,loso_chb03,chb03,13.0,lightgbm,LightGBM,Temporal persistence,0.1,raw,2,,0.0,3650,0.1560696113225296,280.7692307692308,3237,249.0,0.11315068493150685,0.3288216560509554,0.5665938247445097,1105,1039,6.0,85.0,79.92307692307692,7,7,6,1.0,290.0,-290.0
0.1,0.67,held_out_subject,loso_chb03,chb03,13.0,lightgbm,LightGBM,Full governed policy,0.1,isotonic,2,0.67,0.0,3,0.00012827639286783256,0.23076923076923078,1,0.07692307692307693,0.6666666666666666,0.0015923566878980893,1.0,3,1,4.0,0.23076923076923078,0.07692307692307693,7,2,0,0.2857142857142857,-33.0,33.0
0.2,0.0,held_out_subject,loso_chb03,chb03,13.0,lightgbm,LightGBM,Fixed threshold,0.2,raw,1,,0.0,3517,0.15038269123872236,270.53846153846155,3130,240.76923076923077,0.11003696332101223,0.30812101910828027,0.5289492930277913,1100,1043,6.0,84.61538461538461,80.23076923076923,7,7,6,1.0,279.0,-279.0
0.2,0.0,held_out_subject,loso_chb03,chb03,13.0,lightgbm,LightGBM,Temporal persistence,0.2,raw,2,,0.0,2131,0.09111899773378372,163.92307692307693,1822,140.15384615384616,0.14500234631628345,0.24601910828025478,0.5912381846215726,779,732,4.0,59.92307692307692,56.30769230769231,7,7,5,1.0,197.0,-197.0
0.2,0.0,held_out_subject,loso_chb03,chb03,13.0,lightgbm,LightGBM,Full governed policy,0.2,isotonic,2,0.0,0.0,5,0.00021379398811305426,0.38461538461538464,3,0.23076923076923078,0.4,0.0015923566878980893,0.7999999999999999,5,3,4.0,0.38461538461538464,0.23076923076923078,7,2,0,0.2857142857142857,-26.0,26.0
0.2,0.25,held_out_subject,loso_chb03,chb03,13.0,lightgbm,LightGBM,Fixed threshold,0.2,raw,1,,0.0,3517,0.15038269123872236,270.53846153846155,3130,240.76923076923077,0.11003696332101223,0.30812101910828027,0.5289492930277913,1100,1043,6.0,84.61538461538461,80.23076923076923,7,7,6,1.0,279.0,-279.0
0.2,0.25,held_out_subject,loso_chb03,chb03,13.0,lightgbm,LightGBM,Temporal persistence,0.2,raw,2,,0.0,2131,0.09111899773378372,163.92307692307693,1822,140.15384615384616,0.14500234631628345,0.24601910828025478,0.5912381846215726,779,732,4.0,59.92307692307692,56.30769230769231,7,7,5,1.0,197.0,-197.0
0.2,0.25,held_out_subject,loso_chb03,chb03,13.0,lightgbm,LightGBM,Full governed policy,0.2,isotonic,2,0.25,0.0,5,0.00021379398811305426,0.38461538461538464,3,0.23076923076923078,0.4,0.0015923566878980893,0.7999999999999999,5,3,4.0,0.38461538461538464,0.23076923076923078,7,2,0,0.2857142857142857,-26.0,26.0
0.2,0.4,held_out_subject,loso_chb03,chb03,13.0,lightgbm,LightGBM,Fixed threshold,0.2,raw,1,,0.0,3517,0.15038269123872236,270.53846153846155,3130,240.76923076923077,0.11003696332101223,0.30812101910828027,0.5289492930277913,1100,1043,6.0,84.61538461538461,80.23076923076923,7,7,6,1.0,279.0,-279.0
0.2,0.4,held_out_subject,loso_chb03,chb03,13.0,lightgbm,LightGBM,Temporal persistence,0.2,raw,2,,0.0,2131,0.09111899773378372,163.92307692307693,1822,140.15384615384616,0.14500234631628345,0.24601910828025478,0.5912381846215726,779,732,4.0,59.92307692307692,56.30769230769231,7,7,5,1.0,197.0,-197.0
0.2,0.4,held_out_subject,loso_chb03,chb03,13.0,lightgbm,LightGBM,Full governed policy,0.2,isotonic,2,0.4,0.0,5,0.00021379398811305426,0.38461538461538464,3,0.23076923076923078,0.4,0.0015923566878980893,0.7999999999999999,5,3,4.0,0.38461538461538464,0.23076923076923078,7,2,0,0.2857142857142857,-26.0,26.0
0.2,0.67,held_out_subject,loso_chb03,chb03,13.0,lightgbm,LightGBM,Fixed threshold,0.2,raw,1,,0.0,3517,0.15038269123872236,270.53846153846155,3130,240.76923076923077,0.11003696332101223,0.30812101910828027,0.5289492930277913,1100,1043,6.0,84.61538461538461,80.23076923076923,7,7,6,1.0,279.0,-279.0
0.2,0.67,held_out_subject,loso_chb03,chb03,13.0,lightgbm,LightGBM,Temporal persistence,0.2,raw,2,,0.0,2131,0.09111899773378372,163.92307692307693,1822,140.15384615384616,0.14500234631628345,0.24601910828025478,0.5912381846215726,779,732,4.0,59.92307692307692,56.30769230769231,7,7,5,1.0,197.0,-197.0
0.2,0.67,held_out_subject,loso_chb03,chb03,13.0,lightgbm,LightGBM,Full governed policy,0.2,isotonic,2,0.67,0.0,2,8.55175952452217e-05,0.15384615384615385,1,0.07692307692307693,0.5,0.0007961783439490446,1.0,2,1,4.0,0.15384615384615385,0.07692307692307693,7,1,0,0.14285714285714285,-26.0,26.0
0.3,0.0,held_out_subject,loso_chb03,chb03,13.0,lightgbm,LightGBM,Fixed threshold,0.3,raw,1,,0.0,2570,0.10989010989010989,197.69230769230768,2260,173.84615384615384,0.12062256809338522,0.24681528662420382,0.5346504230745476,881,839,6.0,67.76923076923077,64.53846153846153,7,7,5,1.0,194.0,-194.0
0.3,0.0,held_out_subject,loso_chb03,chb03,13.0,lightgbm,LightGBM,Temporal persistence,0.3,raw,2,,0.0,1458,0.06234232693376662,112.15384615384616,1212,93.23076923076923,0.16872427983539096,0.19585987261146498,0.6080246913580247,584,546,4.0,44.92307692307692,42.0,7,7,5,1.0,143.0,-143.0
0.3,0.0,held_out_subject,loso_chb03,chb03,13.0,lightgbm,LightGBM,Full governed policy,0.3,isotonic,2,0.0,0.0,5,0.00021379398811305426,0.38461538461538464,3,0.23076923076923078,0.4,0.0015923566878980893,0.7999999999999999,5,3,4.0,0.38461538461538464,0.23076923076923078,7,2,0,0.2857142857142857,-26.0,26.0
0.3,0.25,held_out_subject,loso_chb03,chb03,13.0,lightgbm,LightGBM,Fixed threshold,0.3,raw,1,,0.0,2570,0.10989010989010989,197.69230769230768,2260,173.84615384615384,0.12062256809338522,0.24681528662420382,0.5346504230745476,881,839,6.0,67.76923076923077,64.53846153846153,7,7,5,1.0,194.0,-194.0
0.3,0.25,held_out_subject,loso_chb03,chb03,13.0,lightgbm,LightGBM,Temporal persistence,0.3,raw,2,,0.0,1458,0.06234232693376662,112.15384615384616,1212,93.23076923076923,0.16872427983539096,0.19585987261146498,0.6080246913580247,584,546,4.0,44.92307692307692,42.0,7,7,5,1.0,143.0,-143.0
0.3,0.25,held_out_subject,loso_chb03,chb03,13.0,lightgbm,LightGBM,Full governed policy,0.3,isotonic,2,0.25,0.0,5,0.00021379398811305426,0.38461538461538464,3,0.23076923076923078,0.4,0.0015923566878980893,0.7999999999999999,5,3,4.0,0.38461538461538464,0.23076923076923078,7,2,0,0.2857142857142857,-26.0,26.0
0.3,0.4,held_out_subject,loso_chb03,chb03,13.0,lightgbm,LightGBM,Fixed threshold,0.3,raw,1,,0.0,2570,0.10989010989010989,197.69230769230768,2260,173.84615384615384,0.12062256809338522,0.24681528662420382,0.5346504230745476,881,839,6.0,67.76923076923077,64.53846153846153,7,7,5,1.0,194.0,-194.0
0.3,0.4,held_out_subject,loso_chb03,chb03,13.0,lightgbm,LightGBM,Temporal persistence,0.3,raw,2,,0.0,1458,0.06234232693376662,112.15384615384616,1212,93.23076923076923,0.16872427983539096,0.19585987261146498,0.6080246913580247,584,546,4.0,44.92307692307692,42.0,7,7,5,1.0,143.0,-143.0
0.3,0.4,held_out_subject,loso_chb03,chb03,13.0,lightgbm,LightGBM,Full governed policy,0.3,isotonic,2,0.4,0.0,5,0.00021379398811305426,0.38461538461538464,3,0.23076923076923078,0.4,0.0015923566878980893,0.7999999999999999,5,3,4.0,0.38461538461538464,0.23076923076923078,7,2,0,0.2857142857142857,-26.0,26.0
0.3,0.67,held_out_subject,loso_chb03,chb03,13.0,lightgbm,LightGBM,Fixed threshold,0.3,raw,1,,0.0,2570,0.10989010989010989,197.69230769230768,2260,173.84615384615384,0.12062256809338522,0.24681528662420382,0.5346504230745476,881,839,6.0,67.76923076923077,64.53846153846153,7,7,5,1.0,194.0,-194.0
0.3,0.67,held_out_subject,loso_chb03,chb03,13.0,lightgbm,LightGBM,Temporal persistence,0.3,raw,2,,0.0,1458,0.06234232693376662,112.15384615384616,1212,93.23076923076923,0.16872427983539096,0.19585987261146498,0.6080246913580247,584,546,4.0,44.92307692307692,42.0,7,7,5,1.0,143.0,-143.0
0.3,0.67,held_out_subject,loso_chb03,chb03,13.0,lightgbm,LightGBM,Full governed policy,0.3,isotonic,2,0.67,0.0,2,8.55175952452217e-05,0.15384615384615385,1,0.07692307692307693,0.5,0.0007961783439490446,1.0,2,1,4.0,0.15384615384615385,0.07692307692307693,7,1,0,0.14285714285714285,-26.0,26.0
0.4,0.0,held_out_subject,loso_chb03,chb03,13.0,lightgbm,LightGBM,Fixed threshold,0.4,raw,1,,0.0,1858,0.07944584598281096,142.92307692307693,1609,123.76923076923077,0.1340150699677072,0.1982484076433121,0.538138380576486,749,718,6.0,57.61538461538461,55.23076923076923,7,7,4,1.0,145.0,-145.0
0.4,0.0,held_out_subject,loso_chb03,chb03,13.0,lightgbm,LightGBM,Temporal persistence,0.4,raw,2,,0.0,947,0.04049258134861248,72.84615384615384,754,58.0,0.20380147835269272,0.1536624203821656,0.6203759574931698,417,379,4.0,32.07692307692308,29.153846153846153,7,7,3,1.0,-2.0,2.0
0.4,0.0,held_out_subject,loso_chb03,chb03,13.0,lightgbm,LightGBM,Full governed policy,0.4,isotonic,2,0.0,0.0,5,0.00021379398811305426,0.38461538461538464,3,0.23076923076923078,0.4,0.0015923566878980893,0.7999999999999999,5,3,4.0,0.38461538461538464,0.23076923076923078,7,2,0,0.2857142857142857,-26.0,26.0
0.4,0.25,held_out_subject,loso_chb03,chb03,13.0,lightgbm,LightGBM,Fixed threshold,0.4,raw,1,,0.0,1858,0.07944584598281096,142.92307692307693,1609,123.76923076923077,0.1340150699677072,0.1982484076433121,0.538138380576486,749,718,6.0,57.61538461538461,55.23076923076923,7,7,4,1.0,145.0,-145.0
0.4,0.25,held_out_subject,loso_chb03,chb03,13.0,lightgbm,LightGBM,Temporal persistence,0.4,raw,2,,0.0,947,0.04049258134861248,72.84615384615384,754,58.0,0.20380147835269272,0.1536624203821656,0.6203759574931698,417,379,4.0,32.07692307692308,29.153846153846153,7,7,3,1.0,-2.0,2.0
0.4,0.25,held_out_subject,loso_chb03,chb03,13.0,lightgbm,LightGBM,Full governed policy,0.4,isotonic,2,0.25,0.0,5,0.00021379398811305426,0.38461538461538464,3,0.23076923076923078,0.4,0.0015923566878980893,0.7999999999999999,5,3,4.0,0.38461538461538464,0.23076923076923078,7,2,0,0.2857142857142857,-26.0,26.0
0.4,0.4,held_out_subject,loso_chb03,chb03,13.0,lightgbm,LightGBM,Fixed threshold,0.4,raw,1,,0.0,1858,0.07944584598281096,142.92307692307693,1609,123.76923076923077,0.1340150699677072,0.1982484076433121,0.538138380576486,749,718,6.0,57.61538461538461,55.23076923076923,7,7,4,1.0,145.0,-145.0
0.4,0.4,held_out_subject,loso_chb03,chb03,13.0,lightgbm,LightGBM,Temporal persistence,0.4,raw,2,,0.0,947,0.04049258134861248,72.84615384615384,754,58.0,0.20380147835269272,0.1536624203821656,0.6203759574931698,417,379,4.0,32.07692307692308,29.153846153846153,7,7,3,1.0,-2.0,2.0
0.4,0.4,held_out_subject,loso_chb03,chb03,13.0,lightgbm,LightGBM,Full governed policy,0.4,isotonic,2,0.4,0.0,5,0.00021379398811305426,0.38461538461538464,3,0.23076923076923078,0.4,0.0015923566878980893,0.7999999999999999,5,3,4.0,0.38461538461538464,0.23076923076923078,7,2,0,0.2857142857142857,-26.0,26.0
0.4,0.67,held_out_subject,loso_chb03,chb03,13.0,lightgbm,LightGBM,Fixed threshold,0.4,raw,1,,0.0,1858,0.07944584598281096,142.92307692307693,1609,123.76923076923077,0.1340150699677072,0.1982484076433121,0.538138380576486,749,718,6.0,57.61538461538461,55.23076923076923,7,7,4,1.0,145.0,-145.0
0.4,0.67,held_out_subject,loso_chb03,chb03,13.0,lightgbm,LightGBM,Temporal persistence,0.4,raw,2,,0.0,947,0.04049258134861248,72.84615384615384,754,58.0,0.20380147835269272,0.1536624203821656,0.6203759574931698,417,379,4.0,32.07692307692308,29.153846153846153,7,7,3,1.0,-2.0,2.0
0.4,0.67,held_out_subject,loso_chb03,chb03,13.0,lightgbm,LightGBM,Full governed policy,0.4,isotonic,2,0.67,0.0,2,8.55175952452217e-05,0.15384615384615385,1,0.07692307692307693,0.5,0.0007961783439490446,1.0,2,1,4.0,0.15384615384615385,0.07692307692307693,7,1,0,0.14285714285714285,-26.0,26.0
0.5,0.0,held_out_subject,loso_chb03,chb03,13.0,lightgbm,LightGBM,Fixed threshold,0.5,raw,1,,0.0,1286,0.054987813742677555,98.92307692307692,1083,83.3076923076923,0.1578538102643857,0.16162420382165604,0.540725517786171,604,567,4.0,46.46153846153846,43.61538461538461,7,7,4,1.0,145.0,-145.0
0.5,0.0,held_out_subject,loso_chb03,chb03,13.0,lightgbm,LightGBM,Temporal persistence,0.5,raw,2,,0.0,564,0.02411596185915252,43.38461538461539,419,32.23076923076923,0.2570921985815603,0.11544585987261147,0.6378968253968254,278,244,4.0,21.384615384615383,18.76923076923077,7,7,3,1.0,-2.0,2.0
0.5,0.0,held_out_subject,loso_chb03,chb03,13.0,lightgbm,LightGBM,Full governed policy,0.5,isotonic,2,0.0,0.0,5,0.00021379398811305426,0.38461538461538464,3,0.23076923076923078,0.4,0.0015923566878980893,0.7999999999999999,5,3,4.0,0.38461538461538464,0.23076923076923078,7,2,0,0.2857142857142857,-26.0,26.0
0.5,0.25,held_out_subject,loso_chb03,chb03,13.0,lightgbm,LightGBM,Fixed threshold,0.5,raw,1,,0.0,1286,0.054987813742677555,98.92307692307692,1083,83.3076923076923,0.1578538102643857,0.16162420382165604,0.540725517786171,604,567,4.0,46.46153846153846,43.61538461538461,7,7,4,1.0,145.0,-145.0
0.5,0.25,held_out_subject,loso_chb03,chb03,13.0,lightgbm,LightGBM,Temporal persistence,0.5,raw,2,,0.0,564,0.02411596185915252,43.38461538461539,419,32.23076923076923,0.2570921985815603,0.11544585987261147,0.6378968253968254,278,244,4.0,21.384615384615383,18.76923076923077,7,7,3,1.0,-2.0,2.0
0.5,0.25,held_out_subject,loso_chb03,chb03,13.0,lightgbm,LightGBM,Full governed policy,0.5,isotonic,2,0.25,0.0,5,0.00021379398811305426,0.38461538461538464,3,0.23076923076923078,0.4,0.0015923566878980893,0.7999999999999999,5,3,4.0,0.38461538461538464,0.23076923076923078,7,2,0,0.2857142857142857,-26.0,26.0
0.5,0.4,held_out_subject,loso_chb03,chb03,13.0,lightgbm,LightGBM,Fixed threshold,0.5,raw,1,,0.0,1286,0.054987813742677555,98.92307692307692,1083,83.3076923076923,0.1578538102643857,0.16162420382165604,0.540725517786171,604,567,4.0,46.46153846153846,43.61538461538461,7,7,4,1.0,145.0,-145.0
0.5,0.4,held_out_subject,loso_chb03,chb03,13.0,lightgbm,LightGBM,Temporal persistence,0.5,raw,2,,0.0,564,0.02411596185915252,43.38461538461539,419,32.23076923076923,0.2570921985815603,0.11544585987261147,0.6378968253968254,278,244,4.0,21.384615384615383,18.76923076923077,7,7,3,1.0,-2.0,2.0
0.5,0.4,held_out_subject,loso_chb03,chb03,13.0,lightgbm,LightGBM,Full governed policy,0.5,isotonic,2,0.4,0.0,5,0.00021379398811305426,0.38461538461538464,3,0.23076923076923078,0.4,0.0015923566878980893,0.7999999999999999,5,3,4.0,0.38461538461538464,0.23076923076923078,7,2,0,0.2857142857142857,-26.0,26.0
0.5,0.67,held_out_subject,loso_chb03,chb03,13.0,lightgbm,LightGBM,Fixed threshold,0.5,raw,1,,0.0,1286,0.054987813742677555,98.92307692307692,1083,83.3076923076923,0.1578538102643857,0.16162420382165604,0.540725517786171,604,567,4.0,46.46153846153846,43.61538461538461,7,7,4,1.0,145.0,-145.0
0.5,0.67,held_out_subject,loso_chb03,chb03,13.0,lightgbm,LightGBM,Temporal persistence,0.5,raw,2,,0.0,564,0.02411596185915252,43.38461538461539,419,32.23076923076923,0.2570921985815603,0.11544585987261147,0.6378968253968254,278,244,4.0,21.384615384615383,18.76923076923077,7,7,3,1.0,-2.0,2.0
0.5,0.67,held_out_subject,loso_chb03,chb03,13.0,lightgbm,LightGBM,Full governed policy,0.5,isotonic,2,0.67,0.0,2,8.55175952452217e-05,0.15384615384615385,1,0.07692307692307693,0.5,0.0007961783439490446,1.0,2,1,4.0,0.15384615384615385,0.07692307692307693,7,1,0,0.14285714285714285,-26.0,26.0
0.6,0.0,held_out_subject,loso_chb03,chb03,13.0,lightgbm,LightGBM,Fixed threshold,0.6,raw,1,,0.0,789,0.03373669132423996,60.69230769230769,649,49.92307692307692,0.17743979721166034,0.11146496815286625,0.5416390045667612,429,391,4.0,33.0,30.076923076923077,7,7,3,1.0,-0.0,0.0
0.6,0.0,held_out_subject,loso_chb03,chb03,13.0,lightgbm,LightGBM,Temporal persistence,0.6,raw,2,,0.0,288,0.012314533715311925,22.153846153846153,202,15.538461538461538,0.2986111111111111,0.06847133757961783,0.6677827380952381,156,132,4.0,12.0,10.153846153846153,7,7,2,1.0,-16.0,16.0
0.6,0.0,held_out_subject,loso_chb03,chb03,13.0,lightgbm,LightGBM,Full governed policy,0.6,isotonic,2,0.0,0.0,5,0.00021379398811305426,0.38461538461538464,3,0.23076923076923078,0.4,0.0015923566878980893,0.7999999999999999,5,3,4.0,0.38461538461538464,0.23076923076923078,7,2,0,0.2857142857142857,-26.0,26.0
0.6,0.25,held_out_subject,loso_chb03,chb03,13.0,lightgbm,LightGBM,Fixed threshold,0.6,raw,1,,0.0,789,0.03373669132423996,60.69230769230769,649,49.92307692307692,0.17743979721166034,0.11146496815286625,0.5416390045667612,429,391,4.0,33.0,30.076923076923077,7,7,3,1.0,-0.0,0.0
0.6,0.25,held_out_subject,loso_chb03,chb03,13.0,lightgbm,LightGBM,Temporal persistence,0.6,raw,2,,0.0,288,0.012314533715311925,22.153846153846153,202,15.538461538461538,0.2986111111111111,0.06847133757961783,0.6677827380952381,156,132,4.0,12.0,10.153846153846153,7,7,2,1.0,-16.0,16.0
0.6,0.25,held_out_subject,loso_chb03,chb03,13.0,lightgbm,LightGBM,Full governed policy,0.6,isotonic,2,0.25,0.0,5,0.00021379398811305426,0.38461538461538464,3,0.23076923076923078,0.4,0.0015923566878980893,0.7999999999999999,5,3,4.0,0.38461538461538464,0.23076923076923078,7,2,0,0.2857142857142857,-26.0,26.0
0.6,0.4,held_out_subject,loso_chb03,chb03,13.0,lightgbm,LightGBM,Fixed threshold,0.6,raw,1,,0.0,789,0.03373669132423996,60.69230769230769,649,49.92307692307692,0.17743979721166034,0.11146496815286625,0.5416390045667612,429,391,4.0,33.0,30.076923076923077,7,7,3,1.0,-0.0,0.0
0.6,0.4,held_out_subject,loso_chb03,chb03,13.0,lightgbm,LightGBM,Temporal persistence,0.6,raw,2,,0.0,288,0.012314533715311925,22.153846153846153,202,15.538461538461538,0.2986111111111111,0.06847133757961783,0.6677827380952381,156,132,4.0,12.0,10.153846153846153,7,7,2,1.0,-16.0,16.0
0.6,0.4,held_out_subject,loso_chb03,chb03,13.0,lightgbm,LightGBM,Full governed policy,0.6,isotonic,2,0.4,0.0,5,0.00021379398811305426,0.38461538461538464,3,0.23076923076923078,0.4,0.0015923566878980893,0.7999999999999999,5,3,4.0,0.38461538461538464,0.23076923076923078,7,2,0,0.2857142857142857,-26.0,26.0
0.6,0.67,held_out_subject,loso_chb03,chb03,13.0,lightgbm,LightGBM,Fixed threshold,0.6,raw,1,,0.0,789,0.03373669132423996,60.69230769230769,649,49.92307692307692,0.17743979721166034,0.11146496815286625,0.5416390045667612,429,391,4.0,33.0,30.076923076923077,7,7,3,1.0,-0.0,0.0
0.6,0.67,held_out_subject,loso_chb03,chb03,13.0,lightgbm,LightGBM,Temporal persistence,0.6,raw,2,,0.0,288,0.012314533715311925,22.153846153846153,202,15.538461538461538,0.2986111111111111,0.06847133757961783,0.6677827380952381,156,132,4.0,12.0,10.153846153846153,7,7,2,1.0,-16.0,16.0
0.6,0.67,held_out_subject,loso_chb03,chb03,13.0,lightgbm,LightGBM,Full governed policy,0.6,isotonic,2,0.67,0.0,2,8.55175952452217e-05,0.15384615384615385,1,0.07692307692307693,0.5,0.0007961783439490446,1.0,2,1,4.0,0.15384615384615385,0.07692307692307693,7,1,0,0.14285714285714285,-26.0,26.0
0.7,0.0,held_out_subject,loso_chb03,chb03,13.0,lightgbm,LightGBM,Fixed threshold,0.7,raw,1,,0.0,433,0.0185145593705905,33.30769230769231,331,25.46153846153846,0.23556581986143188,0.08121019108280254,0.5618791011400712,256,228,4.0,19.692307692307693,17.53846153846154,7,7,3,1.0,-0.0,0.0
0.7,0.0,held_out_subject,loso_chb03,chb03,13.0,lightgbm,LightGBM,Temporal persistence,0.7,raw,2,,0.0,154,0.006584854833882071,11.846153846153847,87,6.6923076923076925,0.43506493506493504,0.05334394904458599,0.7094155844155844,72,57,4.0,5.538461538461538,4.384615384615385,7,6,2,0.8571428571428571,-9.0,9.0
0.7,0.0,held_out_subject,loso_chb03,chb03,13.0,lightgbm,LightGBM,Full governed policy,0.7,isotonic,2,0.0,0.0,5,0.00021379398811305426,0.38461538461538464,3,0.23076923076923078,0.4,0.0015923566878980893,0.7999999999999999,5,3,4.0,0.38461538461538464,0.23076923076923078,7,2,0,0.2857142857142857,-26.0,26.0
0.7,0.25,held_out_subject,loso_chb03,chb03,13.0,lightgbm,LightGBM,Fixed threshold,0.7,raw,1,,0.0,433,0.0185145593705905,33.30769230769231,331,25.46153846153846,0.23556581986143188,0.08121019108280254,0.5618791011400712,256,228,4.0,19.692307692307693,17.53846153846154,7,7,3,1.0,-0.0,0.0
0.7,0.25,held_out_subject,loso_chb03,chb03,13.0,lightgbm,LightGBM,Temporal persistence,0.7,raw,2,,0.0,154,0.006584854833882071,11.846153846153847,87,6.6923076923076925,0.43506493506493504,0.05334394904458599,0.7094155844155844,72,57,4.0,5.538461538461538,4.384615384615385,7,6,2,0.8571428571428571,-9.0,9.0
0.7,0.25,held_out_subject,loso_chb03,chb03,13.0,lightgbm,LightGBM,Full governed policy,0.7,isotonic,2,0.25,0.0,5,0.00021379398811305426,0.38461538461538464,3,0.23076923076923078,0.4,0.0015923566878980893,0.7999999999999999,5,3,4.0,0.38461538461538464,0.23076923076923078,7,2,0,0.2857142857142857,-26.0,26.0
0.7,0.4,held_out_subject,loso_chb03,chb03,13.0,lightgbm,LightGBM,Fixed threshold,0.7,raw,1,,0.0,433,0.0185145593705905,33.30769230769231,331,25.46153846153846,0.23556581986143188,0.08121019108280254,0.5618791011400712,256,228,4.0,19.692307692307693,17.53846153846154,7,7,3,1.0,-0.0,0.0
0.7,0.4,held_out_subject,loso_chb03,chb03,13.0,lightgbm,LightGBM,Temporal persistence,0.7,raw,2,,0.0,154,0.006584854833882071,11.846153846153847,87,6.6923076923076925,0.43506493506493504,0.05334394904458599,0.7094155844155844,72,57,4.0,5.538461538461538,4.384615384615385,7,6,2,0.8571428571428571,-9.0,9.0
0.7,0.4,held_out_subject,loso_chb03,chb03,13.0,lightgbm,LightGBM,Full governed policy,0.7,isotonic,2,0.4,0.0,5,0.00021379398811305426,0.38461538461538464,3,0.23076923076923078,0.4,0.0015923566878980893,0.7999999999999999,5,3,4.0,0.38461538461538464,0.23076923076923078,7,2,0,0.2857142857142857,-26.0,26.0
0.7,0.67,held_out_subject,loso_chb03,chb03,13.0,lightgbm,LightGBM,Fixed threshold,0.7,raw,1,,0.0,433,0.0185145593705905,33.30769230769231,331,25.46153846153846,0.23556581986143188,0.08121019108280254,0.5618791011400712,256,228,4.0,19.692307692307693,17.53846153846154,7,7,3,1.0,-0.0,0.0
0.7,0.67,held_out_subject,loso_chb03,chb03,13.0,lightgbm,LightGBM,Temporal persistence,0.7,raw,2,,0.0,154,0.006584854833882071,11.846153846153847,87,6.6923076923076925,0.43506493506493504,0.05334394904458599,0.7094155844155844,72,57,4.0,5.538461538461538,4.384615384615385,7,6,2,0.8571428571428571,-9.0,9.0
0.7,0.67,held_out_subject,loso_chb03,chb03,13.0,lightgbm,LightGBM,Full governed policy,0.7,isotonic,2,0.67,0.0,2,8.55175952452217e-05,0.15384615384615385,1,0.07692307692307693,0.5,0.0007961783439490446,1.0,2,1,4.0,0.15384615384615385,0.07692307692307693,7,1,0,0.14285714285714285,-26.0,26.0
0.8,0.0,held_out_subject,loso_chb03,chb03,13.0,lightgbm,LightGBM,Fixed threshold,0.8,raw,1,,0.0,182,0.007782101167315175,14.0,125,9.615384615384615,0.3131868131868132,0.04538216560509554,0.6034144427001571,107,90,4.0,8.23076923076923,6.923076923076923,7,6,2,0.8571428571428571,-5.0,5.0
0.8,0.0,held_out_subject,loso_chb03,chb03,13.0,lightgbm,LightGBM,Temporal persistence,0.8,raw,2,,0.0,65,0.0027793218454697055,5.0,29,2.230769230769231,0.5538461538461539,0.028662420382165606,0.7146520146520146,33,22,4.0,2.5384615384615383,1.6923076923076923,7,6,1,0.8571428571428571,-27.0,27.0
0.8,0.0,held_out_subject,loso_chb03,chb03,13.0,lightgbm,LightGBM,Full governed policy,0.8,isotonic,2,0.0,0.0,4,0.0001710351904904434,0.3076923076923077,3,0.23076923076923078,0.25,0.0007961783439490446,0.75,4,3,4.0,0.3076923076923077,0.23076923076923078,7,1,0,0.14285714285714285,-26.0,26.0
0.8,0.25,held_out_subject,loso_chb03,chb03,13.0,lightgbm,LightGBM,Fixed threshold,0.8,raw,1,,0.0,182,0.007782101167315175,14.0,125,9.615384615384615,0.3131868131868132,0.04538216560509554,0.6034144427001571,107,90,4.0,8.23076923076923,6.923076923076923,7,6,2,0.8571428571428571,-5.0,5.0
0.8,0.25,held_out_subject,loso_chb03,chb03,13.0,lightgbm,LightGBM,Temporal persistence,0.8,raw,2,,0.0,65,0.0027793218454697055,5.0,29,2.230769230769231,0.5538461538461539,0.028662420382165606,0.7146520146520146,33,22,4.0,2.5384615384615383,1.6923076923076923,7,6,1,0.8571428571428571,-27.0,27.0
0.8,0.25,held_out_subject,loso_chb03,chb03,13.0,lightgbm,LightGBM,Full governed policy,0.8,isotonic,2,0.25,0.0,4,0.0001710351904904434,0.3076923076923077,3,0.23076923076923078,0.25,0.0007961783439490446,0.75,4,3,4.0,0.3076923076923077,0.23076923076923078,7,1,0,0.14285714285714285,-26.0,26.0
0.8,0.4,held_out_subject,loso_chb03,chb03,13.0,lightgbm,LightGBM,Fixed threshold,0.8,raw,1,,0.0,182,0.007782101167315175,14.0,125,9.615384615384615,0.3131868131868132,0.04538216560509554,0.6034144427001571,107,90,4.0,8.23076923076923,6.923076923076923,7,6,2,0.8571428571428571,-5.0,5.0
0.8,0.4,held_out_subject,loso_chb03,chb03,13.0,lightgbm,LightGBM,Temporal persistence,0.8,raw,2,,0.0,65,0.0027793218454697055,5.0,29,2.230769230769231,0.5538461538461539,0.028662420382165606,0.7146520146520146,33,22,4.0,2.5384615384615383,1.6923076923076923,7,6,1,0.8571428571428571,-27.0,27.0
0.8,0.4,held_out_subject,loso_chb03,chb03,13.0,lightgbm,LightGBM,Full governed policy,0.8,isotonic,2,0.4,0.0,4,0.0001710351904904434,0.3076923076923077,3,0.23076923076923078,0.25,0.0007961783439490446,0.75,4,3,4.0,0.3076923076923077,0.23076923076923078,7,1,0,0.14285714285714285,-26.0,26.0
0.8,0.67,held_out_subject,loso_chb03,chb03,13.0,lightgbm,LightGBM,Fixed threshold,0.8,raw,1,,0.0,182,0.007782101167315175,14.0,125,9.615384615384615,0.3131868131868132,0.04538216560509554,0.6034144427001571,107,90,4.0,8.23076923076923,6.923076923076923,7,6,2,0.8571428571428571,-5.0,5.0
0.8,0.67,held_out_subject,loso_chb03,chb03,13.0,lightgbm,LightGBM,Temporal persistence,0.8,raw,2,,0.0,65,0.0027793218454697055,5.0,29,2.230769230769231,0.5538461538461539,0.028662420382165606,0.7146520146520146,33,22,4.0,2.5384615384615383,1.6923076923076923,7,6,1,0.8571428571428571,-27.0,27.0
0.8,0.67,held_out_subject,loso_chb03,chb03,13.0,lightgbm,LightGBM,Full governed policy,0.8,isotonic,2,0.67,0.0,1,4.275879762261085e-05,0.07692307692307693,1,0.07692307692307693,0.0,0.0,1.0,1,1,4.0,0.07692307692307693,0.07692307692307693,7,0,0,0.0,,
0.9,0.0,held_out_subject,loso_chb03,chb03,13.0,lightgbm,LightGBM,Fixed threshold,0.9,raw,1,,0.0,43,0.0018386282977722666,3.3076923076923075,24,1.8461538461538463,0.4418604651162791,0.015127388535031847,0.6199704688076781,25,16,4.0,1.9230769230769231,1.2307692307692308,7,4,0,0.5714285714285714,-24.0,24.0
0.9,0.0,held_out_subject,loso_chb03,chb03,13.0,lightgbm,LightGBM,Temporal persistence,0.9,raw,2,,0.0,12,0.0005131055714713302,0.9230769230769231,5,0.38461538461538464,0.5833333333333334,0.005573248407643312,0.7301587301587302,11,5,4.0,0.8461538461538461,0.38461538461538464,7,4,0,0.5714285714285714,-26.0,26.0
0.9,0.0,held_out_subject,loso_chb03,chb03,13.0,lightgbm,LightGBM,Full governed policy,0.9,isotonic,2,0.0,0.0,4,0.0001710351904904434,0.3076923076923077,3,0.23076923076923078,0.25,0.0007961783439490446,0.75,4,3,4.0,0.3076923076923077,0.23076923076923078,7,1,0,0.14285714285714285,-26.0,26.0
0.9,0.25,held_out_subject,loso_chb03,chb03,13.0,lightgbm,LightGBM,Fixed threshold,0.9,raw,1,,0.0,43,0.0018386282977722666,3.3076923076923075,24,1.8461538461538463,0.4418604651162791,0.015127388535031847,0.6199704688076781,25,16,4.0,1.9230769230769231,1.2307692307692308,7,4,0,0.5714285714285714,-24.0,24.0
0.9,0.25,held_out_subject,loso_chb03,chb03,13.0,lightgbm,LightGBM,Temporal persistence,0.9,raw,2,,0.0,12,0.0005131055714713302,0.9230769230769231,5,0.38461538461538464,0.5833333333333334,0.005573248407643312,0.7301587301587302,11,5,4.0,0.8461538461538461,0.38461538461538464,7,4,0,0.5714285714285714,-26.0,26.0
0.9,0.25,held_out_subject,loso_chb03,chb03,13.0,lightgbm,LightGBM,Full governed policy,0.9,isotonic,2,0.25,0.0,4,0.0001710351904904434,0.3076923076923077,3,0.23076923076923078,0.25,0.0007961783439490446,0.75,4,3,4.0,0.3076923076923077,0.23076923076923078,7,1,0,0.14285714285714285,-26.0,26.0
0.9,0.4,held_out_subject,loso_chb03,chb03,13.0,lightgbm,LightGBM,Fixed threshold,0.9,raw,1,,0.0,43,0.0018386282977722666,3.3076923076923075,24,1.8461538461538463,0.4418604651162791,0.015127388535031847,0.6199704688076781,25,16,4.0,1.9230769230769231,1.2307692307692308,7,4,0,0.5714285714285714,-24.0,24.0
0.9,0.4,held_out_subject,loso_chb03,chb03,13.0,lightgbm,LightGBM,Temporal persistence,0.9,raw,2,,0.0,12,0.0005131055714713302,0.9230769230769231,5,0.38461538461538464,0.5833333333333334,0.005573248407643312,0.7301587301587302,11,5,4.0,0.8461538461538461,0.38461538461538464,7,4,0,0.5714285714285714,-26.0,26.0
0.9,0.4,held_out_subject,loso_chb03,chb03,13.0,lightgbm,LightGBM,Full governed policy,0.9,isotonic,2,0.4,0.0,4,0.0001710351904904434,0.3076923076923077,3,0.23076923076923078,0.25,0.0007961783439490446,0.75,4,3,4.0,0.3076923076923077,0.23076923076923078,7,1,0,0.14285714285714285,-26.0,26.0
0.9,0.67,held_out_subject,loso_chb03,chb03,13.0,lightgbm,LightGBM,Fixed threshold,0.9,raw,1,,0.0,43,0.0018386282977722666,3.3076923076923075,24,1.8461538461538463,0.4418604651162791,0.015127388535031847,0.6199704688076781,25,16,4.0,1.9230769230769231,1.2307692307692308,7,4,0,0.5714285714285714,-24.0,24.0
0.9,0.67,held_out_subject,loso_chb03,chb03,13.0,lightgbm,LightGBM,Temporal persistence,0.9,raw,2,,0.0,12,0.0005131055714713302,0.9230769230769231,5,0.38461538461538464,0.5833333333333334,0.005573248407643312,0.7301587301587302,11,5,4.0,0.8461538461538461,0.38461538461538464,7,4,0,0.5714285714285714,-26.0,26.0
0.9,0.67,held_out_subject,loso_chb03,chb03,13.0,lightgbm,LightGBM,Full governed policy,0.9,isotonic,2,0.67,0.0,1,4.275879762261085e-05,0.07692307692307693,1,0.07692307692307693,0.0,0.0,1.0,1,1,4.0,0.07692307692307693,0.07692307692307693,7,0,0,0.0,,
0.1,0.0,held_out_subject,loso_chb05,chb05,14.002777777777778,lightgbm,LightGBM,Fixed threshold,0.1,raw,1,,0.0,14442,0.5732999880909849,1031.3667923031144,13633,973.5925411624677,0.056017172136823154,0.7846750727449079,0.5684791860488134,1544,1497,8.0,110.26383654036897,106.90735965086292,5,5,5,1.0,299.0,-299.0
0.1,0.0,held_out_subject,loso_chb05,chb05,14.002777777777778,lightgbm,LightGBM,Temporal persistence,0.1,raw,2,,0.0,12048,0.4782660473978802,860.400714144019,11312,807.8397143423923,0.06108897742363878,0.7138700290979632,0.5782531250658741,1635,1571,8.0,116.76254711366792,112.19202539178734,5,5,5,1.0,299.0,-299.0
0.1,0.0,held_out_subject,loso_chb05,chb05,14.002777777777778,lightgbm,LightGBM,Full governed policy,0.1,isotonic,2,0.0,0.0,1504,0.05970386249057203,107.40726046419361,1370,97.83773060900614,0.08909574468085106,0.12997090203685743,0.7026474375211077,440,408,6.0,31.42233683792898,29.13707597698869,5,5,5,1.0,239.0,-239.0
0.1,0.25,held_out_subject,loso_chb05,chb05,14.002777777777778,lightgbm,LightGBM,Fixed threshold,0.1,raw,1,,0.0,14442,0.5732999880909849,1031.3667923031144,13633,973.5925411624677,0.056017172136823154,0.7846750727449079,0.5684791860488134,1544,1497,8.0,110.26383654036897,106.90735965086292,5,5,5,1.0,299.0,-299.0
0.1,0.25,held_out_subject,loso_chb05,chb05,14.002777777777778,lightgbm,LightGBM,Temporal persistence,0.1,raw,2,,0.0,12048,0.4782660473978802,860.400714144019,11312,807.8397143423923,0.06108897742363878,0.7138700290979632,0.5782531250658741,1635,1571,8.0,116.76254711366792,112.19202539178734,5,5,5,1.0,299.0,-299.0
0.1,0.25,held_out_subject,loso_chb05,chb05,14.002777777777778,lightgbm,LightGBM,Full governed policy,0.1,isotonic,2,0.25,0.0,1455,0.05775872335357866,103.90795477087879,1324,94.55266812140448,0.09003436426116838,0.1270611057225994,0.7180821469481263,437,406,6.0,31.208093632215828,28.994247173179925,5,5,5,1.0,239.0,-239.0
0.1,0.4,held_out_subject,loso_chb05,chb05,14.002777777777778,lightgbm,LightGBM,Fixed threshold,0.1,raw,1,,0.0,14442,0.5732999880909849,1031.3667923031144,13633,973.5925411624677,0.056017172136823154,0.7846750727449079,0.5684791860488134,1544,1497,8.0,110.26383654036897,106.90735965086292,5,5,5,1.0,299.0,-299.0
0.1,0.4,held_out_subject,loso_chb05,chb05,14.002777777777778,lightgbm,LightGBM,Temporal persistence,0.1,raw,2,,0.0,12048,0.4782660473978802,860.400714144019,11312,807.8397143423923,0.06108897742363878,0.7138700290979632,0.5782531250658741,1635,1571,8.0,116.76254711366792,112.19202539178734,5,5,5,1.0,299.0,-299.0
0.1,0.4,held_out_subject,loso_chb05,chb05,14.002777777777778,lightgbm,LightGBM,Full governed policy,0.1,isotonic,2,0.4,0.0,1455,0.05775872335357866,103.90795477087879,1324,94.55266812140448,0.09003436426116838,0.1270611057225994,0.7180821469481263,437,406,6.0,31.208093632215828,28.994247173179925,5,5,5,1.0,239.0,-239.0
0.1,0.67,held_out_subject,loso_chb05,chb05,14.002777777777778,lightgbm,LightGBM,Fixed threshold,0.1,raw,1,,0.0,14442,0.5732999880909849,1031.3667923031144,13633,973.5925411624677,0.056017172136823154,0.7846750727449079,0.5684791860488134,1544,1497,8.0,110.26383654036897,106.90735965086292,5,5,5,1.0,299.0,-299.0
0.1,0.67,held_out_subject,loso_chb05,chb05,14.002777777777778,lightgbm,LightGBM,Temporal persistence,0.1,raw,2,,0.0,12048,0.4782660473978802,860.400714144019,11312,807.8397143423923,0.06108897742363878,0.7138700290979632,0.5782531250658741,1635,1571,8.0,116.76254711366792,112.19202539178734,5,5,5,1.0,299.0,-299.0
0.1,0.67,held_out_subject,loso_chb05,chb05,14.002777777777778,lightgbm,LightGBM,Full governed policy,0.1,isotonic,2,0.67,0.0,408,0.01619626056925092,29.13707597698869,345,24.637968657012497,0.15441176470588236,0.061105722599418044,1.0,240,212,4.0,17.139456457052173,15.139853203729418,5,5,3,1.0,203.0,-203.0
0.2,0.0,held_out_subject,loso_chb05,chb05,14.002777777777778,lightgbm,LightGBM,Fixed threshold,0.2,raw,1,,0.0,10398,0.41276646421340957,742.5669510017854,9698,692.5768696687165,0.06732063858434315,0.6789524733268671,0.5669241391741632,1551,1485,8.0,110.76373735369965,106.05038682801032,5,5,5,1.0,299.0,-299.0
0.2,0.0,held_out_subject,loso_chb05,chb05,14.002777777777778,lightgbm,LightGBM,Temporal persistence,0.2,raw,2,,0.0,8189,0.32507641618038186,584.812537195001,7580,541.3211664352311,0.07436805470753449,0.5906886517943744,0.5881951592050505,1466,1396,6.0,104.69351319182701,99.69450505852014,5,5,5,1.0,299.0,-299.0
0.2,0.0,held_out_subject,loso_chb05,chb05,14.002777777777778,lightgbm,LightGBM,Full governed policy,0.2,isotonic,2,0.0,0.0,568,0.0225477353022905,40.56338028169014,491,35.064471335052566,0.13556338028169015,0.07468477206595538,0.7234238765928908,200,191,4.0,14.28288038087681,13.640150763737353,5,4,2,0.8,88.5,-88.5
0.2,0.25,held_out_subject,loso_chb05,chb05,14.002777777777778,lightgbm,LightGBM,Fixed threshold,0.2,raw,1,,0.0,10398,0.41276646421340957,742.5669510017854,9698,692.5768696687165,0.06732063858434315,0.6789524733268671,0.5669241391741632,1551,1485,8.0,110.76373735369965,106.05038682801032,5,5,5,1.0,299.0,-299.0
0.2,0.25,held_out_subject,loso_chb05,chb05,14.002777777777778,lightgbm,LightGBM,Temporal persistence,0.2,raw,2,,0.0,8189,0.32507641618038186,584.812537195001,7580,541.3211664352311,0.07436805470753449,0.5906886517943744,0.5881951592050505,1466,1396,6.0,104.69351319182701,99.69450505852014,5,5,5,1.0,299.0,-299.0
0.2,0.25,held_out_subject,loso_chb05,chb05,14.002777777777778,lightgbm,LightGBM,Full governed policy,0.2,isotonic,2,0.25,0.0,548,0.021753800960660555,39.13509224360246,471,33.63618329696489,0.14051094890510948,0.07468477206595538,0.7407021202641642,198,189,4.0,14.140051577068041,13.497321959928586,5,4,2,0.8,88.5,-88.5
0.2,0.4,held_out_subject,loso_chb05,chb05,14.002777777777778,lightgbm,LightGBM,Fixed threshold,0.2,raw,1,,0.0,10398,0.41276646421340957,742.5669510017854,9698,692.5768696687165,0.06732063858434315,0.6789524733268671,0.5669241391741632,1551,1485,8.0,110.76373735369965,106.05038682801032,5,5,5,1.0,299.0,-299.0
0.2,0.4,held_out_subject,loso_chb05,chb05,14.002777777777778,lightgbm,LightGBM,Temporal persistence,0.2,raw,2,,0.0,8189,0.32507641618038186,584.812537195001,7580,541.3211664352311,0.07436805470753449,0.5906886517943744,0.5881951592050505,1466,1396,6.0,104.69351319182701,99.69450505852014,5,5,5,1.0,299.0,-299.0
0.2,0.4,held_out_subject,loso_chb05,chb05,14.002777777777778,lightgbm,LightGBM,Full governed policy,0.2,isotonic,2,0.4,0.0,548,0.021753800960660555,39.13509224360246,471,33.63618329696489,0.14051094890510948,0.07468477206595538,0.7407021202641642,198,189,4.0,14.140051577068041,13.497321959928586,5,4,2,0.8,88.5,-88.5
0.2,0.67,held_out_subject,loso_chb05,chb05,14.002777777777778,lightgbm,LightGBM,Fixed threshold,0.2,raw,1,,0.0,10398,0.41276646421340957,742.5669510017854,9698,692.5768696687165,0.06732063858434315,0.6789524733268671,0.5669241391741632,1551,1485,8.0,110.76373735369965,106.05038682801032,5,5,5,1.0,299.0,-299.0
0.2,0.67,held_out_subject,loso_chb05,chb05,14.002777777777778,lightgbm,LightGBM,Temporal persistence,0.2,raw,2,,0.0,8189,0.32507641618038186,584.812537195001,7580,541.3211664352311,0.07436805470753449,0.5906886517943744,0.5881951592050505,1466,1396,6.0,104.69351319182701,99.69450505852014,5,5,5,1.0,299.0,-299.0
0.2,0.67,held_out_subject,loso_chb05,chb05,14.002777777777778,lightgbm,LightGBM,Full governed policy,0.2,isotonic,2,0.67,0.0,196,0.007780556547973483,13.997222773259274,149,10.640745883753223,0.23979591836734693,0.04558680892337536,1.0,121,107,4.0,8.641142630430469,7.641341003769093,5,4,1,0.8,-6.0,6.0
0.3,0.0,held_out_subject,loso_chb05,chb05,14.002777777777778,lightgbm,LightGBM,Fixed threshold,0.3,raw,1,,0.0,8172,0.3244015719899964,583.5984923626264,7609,543.3921840904583,0.0688937836514929,0.5460717749757517,0.5694342395297576,1399,1329,6.0,99.90874826423328,94.9097401309264,5,5,5,1.0,299.0,-299.0
0.3,0.0,held_out_subject,loso_chb05,chb05,14.002777777777778,lightgbm,LightGBM,Temporal persistence,0.3,raw,2,,0.0,6214,0.24667539994442458,443.7690934338425,5747,410.41856774449514,0.07515288059221113,0.45295829291949563,0.6008469099473284,1205,1137,6.0,86.05435429478278,81.19817496528466,5,5,5,1.0,299.0,-299.0
0.3,0.0,held_out_subject,loso_chb05,chb05,14.002777777777778,lightgbm,LightGBM,Full governed policy,0.3,isotonic,2,0.0,0.0,552,0.021912587828986543,39.420749851219995,476,33.99325530648681,0.13768115942028986,0.07371483996120272,0.7202380952380953,197,188,4.0,14.068637175163657,13.425907558024202,5,4,2,0.8,88.5,-88.5
0.3,0.25,held_out_subject,loso_chb05,chb05,14.002777777777778,lightgbm,LightGBM,Fixed threshold,0.3,raw,1,,0.0,8172,0.3244015719899964,583.5984923626264,7609,543.3921840904583,0.0688937836514929,0.5460717749757517,0.5694342395297576,1399,1329,6.0,99.90874826423328,94.9097401309264,5,5,5,1.0,299.0,-299.0
0.3,0.25,held_out_subject,loso_chb05,chb05,14.002777777777778,lightgbm,LightGBM,Temporal persistence,0.3,raw,2,,0.0,6214,0.24667539994442458,443.7690934338425,5747,410.41856774449514,0.07515288059221113,0.45295829291949563,0.6008469099473284,1205,1137,6.0,86.05435429478278,81.19817496528466,5,5,5,1.0,299.0,-299.0
0.3,0.25,held_out_subject,loso_chb05,chb05,14.002777777777778,lightgbm,LightGBM,Full governed policy,0.3,isotonic,2,0.25,0.0,532,0.021118653487356597,37.992461813132316,456,32.56496726839912,0.14285714285714285,0.07371483996120272,0.7379162191192266,195,186,4.0,13.92580837135489,13.283078754215433,5,4,2,0.8,88.5,-88.5
0.3,0.4,held_out_subject,loso_chb05,chb05,14.002777777777778,lightgbm,LightGBM,Fixed threshold,0.3,raw,1,,0.0,8172,0.3244015719899964,583.5984923626264,7609,543.3921840904583,0.0688937836514929,0.5460717749757517,0.5694342395297576,1399,1329,6.0,99.90874826423328,94.9097401309264,5,5,5,1.0,299.0,-299.0
0.3,0.4,held_out_subject,loso_chb05,chb05,14.002777777777778,lightgbm,LightGBM,Temporal persistence,0.3,raw,2,,0.0,6214,0.24667539994442458,443.7690934338425,5747,410.41856774449514,0.07515288059221113,0.45295829291949563,0.6008469099473284,1205,1137,6.0,86.05435429478278,81.19817496528466,5,5,5,1.0,299.0,-299.0
0.3,0.4,held_out_subject,loso_chb05,chb05,14.002777777777778,lightgbm,LightGBM,Full governed policy,0.3,isotonic,2,0.4,0.0,532,0.021118653487356597,37.992461813132316,456,32.56496726839912,0.14285714285714285,0.07371483996120272,0.7379162191192266,195,186,4.0,13.92580837135489,13.283078754215433,5,4,2,0.8,88.5,-88.5
0.3,0.67,held_out_subject,loso_chb05,chb05,14.002777777777778,lightgbm,LightGBM,Fixed threshold,0.3,raw,1,,0.0,8172,0.3244015719899964,583.5984923626264,7609,543.3921840904583,0.0688937836514929,0.5460717749757517,0.5694342395297576,1399,1329,6.0,99.90874826423328,94.9097401309264,5,5,5,1.0,299.0,-299.0
0.3,0.67,held_out_subject,loso_chb05,chb05,14.002777777777778,lightgbm,LightGBM,Temporal persistence,0.3,raw,2,,0.0,6214,0.24667539994442458,443.7690934338425,5747,410.41856774449514,0.07515288059221113,0.45295829291949563,0.6008469099473284,1205,1137,6.0,86.05435429478278,81.19817496528466,5,5,5,1.0,299.0,-299.0
0.3,0.67,held_out_subject,loso_chb05,chb05,14.002777777777778,lightgbm,LightGBM,Full governed policy,0.3,isotonic,2,0.67,0.0,188,0.007462982811321504,13.425907558024202,141,10.069430668518152,0.25,0.04558680892337536,1.0,118,104,4.0,8.426899424717318,7.427097798055941,5,4,1,0.8,-6.0,6.0
0.4,0.0,held_out_subject,loso_chb05,chb05,14.002777777777778,lightgbm,LightGBM,Fixed threshold,0.4,raw,1,,0.0,6732,0.2672382993926402,480.7617536203134,6268,447.6254711366792,0.0689245395127748,0.45004849660523766,0.5757005784874394,1236,1174,6.0,88.26820075381869,83.84050783574688,5,5,5,1.0,299.0,-299.0
0.4,0.0,held_out_subject,loso_chb05,chb05,14.002777777777778,lightgbm,LightGBM,Temporal persistence,0.4,raw,2,,0.0,5101,0.20249295383271804,364.28486411426303,4725,337.43304899821464,0.07371103705155851,0.3646944713870029,0.6133679048303632,979,909,6.0,69.91469946439199,64.9156913310851,5,5,5,1.0,299.0,-299.0
0.4,0.0,held_out_subject,loso_chb05,chb05,14.002777777777778,lightgbm,LightGBM,Full governed policy,0.4,isotonic,2,0.0,0.0,307,0.01218689214401969,21.924221384645904,240,17.139456457052173,0.2182410423452769,0.06498545101842872,0.695478517139755,94,85,4.0,6.712953779012101,6.070224161872644,5,4,2,0.8,88.5,-88.5
0.4,0.25,held_out_subject,loso_chb05,chb05,14.002777777777778,lightgbm,LightGBM,Fixed threshold,0.4,raw,1,,0.0,6732,0.2672382993926402,480.7617536203134,6268,447.6254711366792,0.0689245395127748,0.45004849660523766,0.5757005784874394,1236,1174,6.0,88.26820075381869,83.84050783574688,5,5,5,1.0,299.0,-299.0
0.4,0.25,held_out_subject,loso_chb05,chb05,14.002777777777778,lightgbm,LightGBM,Temporal persistence,0.4,raw,2,,0.0,5101,0.20249295383271804,364.28486411426303,4725,337.43304899821464,0.07371103705155851,0.3646944713870029,0.6133679048303632,979,909,6.0,69.91469946439199,64.9156913310851,5,5,5,1.0,299.0,-299.0
0.4,0.25,held_out_subject,loso_chb05,chb05,14.002777777777778,lightgbm,LightGBM,Full governed policy,0.4,isotonic,2,0.25,0.0,292,0.01159144138779723,20.853005356080143,225,16.068240428486412,0.22945205479452055,0.06498545101842872,0.7183626875407697,93,84,4.0,6.6415393771077165,5.99880975996826,5,4,2,0.8,88.5,-88.5
0.4,0.4,held_out_subject,loso_chb05,chb05,14.002777777777778,lightgbm,LightGBM,Fixed threshold,0.4,raw,1,,0.0,6732,0.2672382993926402,480.7617536203134,6268,447.6254711366792,0.0689245395127748,0.45004849660523766,0.5757005784874394,1236,1174,6.0,88.26820075381869,83.84050783574688,5,5,5,1.0,299.0,-299.0
0.4,0.4,held_out_subject,loso_chb05,chb05,14.002777777777778,lightgbm,LightGBM,Temporal persistence,0.4,raw,2,,0.0,5101,0.20249295383271804,364.28486411426303,4725,337.43304899821464,0.07371103705155851,0.3646944713870029,0.6133679048303632,979,909,6.0,69.91469946439199,64.9156913310851,5,5,5,1.0,299.0,-299.0
0.4,0.4,held_out_subject,loso_chb05,chb05,14.002777777777778,lightgbm,LightGBM,Full governed policy,0.4,isotonic,2,0.4,0.0,292,0.01159144138779723,20.853005356080143,225,16.068240428486412,0.22945205479452055,0.06498545101842872,0.7183626875407697,93,84,4.0,6.6415393771077165,5.99880975996826,5,4,2,0.8,88.5,-88.5
0.4,0.67,held_out_subject,loso_chb05,chb05,14.002777777777778,lightgbm,LightGBM,Fixed threshold,0.4,raw,1,,0.0,6732,0.2672382993926402,480.7617536203134,6268,447.6254711366792,0.0689245395127748,0.45004849660523766,0.5757005784874394,1236,1174,6.0,88.26820075381869,83.84050783574688,5,5,5,1.0,299.0,-299.0
0.4,0.67,held_out_subject,loso_chb05,chb05,14.002777777777778,lightgbm,LightGBM,Temporal persistence,0.4,raw,2,,0.0,5101,0.20249295383271804,364.28486411426303,4725,337.43304899821464,0.07371103705155851,0.3646944713870029,0.6133679048303632,979,909,6.0,69.91469946439199,64.9156913310851,5,5,5,1.0,299.0,-299.0
0.4,0.67,held_out_subject,loso_chb05,chb05,14.002777777777778,lightgbm,LightGBM,Full governed policy,0.4,isotonic,2,0.67,0.0,96,0.0038108848398237466,6.8557825828208685,52,3.7135488990279706,0.4583333333333333,0.04267701260911736,1.0,57,43,4.0,4.07062090854989,3.070819281888514,5,4,1,0.8,-6.0,6.0
0.5,0.0,held_out_subject,loso_chb05,chb05,14.002777777777778,lightgbm,LightGBM,Fixed threshold,0.5,raw,1,,0.0,5615,0.22289706641260768,400.99186669311644,5205,371.711961912319,0.0730186999109528,0.3976721629485936,0.5844542890524,1061,1003,6.0,75.77068042055147,71.6286451100972,5,5,5,1.0,299.0,-299.0
0.5,0.0,held_out_subject,loso_chb05,chb05,14.002777777777778,lightgbm,LightGBM,Temporal persistence,0.5,raw,2,,0.0,4230,0.16791711325473382,302.08292005554455,3902,278.65899623090655,0.07754137115839244,0.3181377303588749,0.6275460617659199,820,754,6.0,58.55980956159492,53.846459035905575,5,5,5,1.0,299.0,-299.0
0.5,0.0,held_out_subject,loso_chb05,chb05,14.002777777777778,lightgbm,LightGBM,Full governed policy,0.5,isotonic,2,0.0,0.0,274,0.010876900480330277,19.56754612180123,208,14.854195596111882,0.24087591240875914,0.06401551891367604,0.6956030587417448,76,68,6.0,5.427494544733188,4.856179329498115,5,4,1,0.8,-4.0,4.0
0.5,0.25,held_out_subject,loso_chb05,chb05,14.002777777777778,lightgbm,LightGBM,Fixed threshold,0.5,raw,1,,0.0,5615,0.22289706641260768,400.99186669311644,5205,371.711961912319,0.0730186999109528,0.3976721629485936,0.5844542890524,1061,1003,6.0,75.77068042055147,71.6286451100972,5,5,5,1.0,299.0,-299.0
0.5,0.25,held_out_subject,loso_chb05,chb05,14.002777777777778,lightgbm,LightGBM,Temporal persistence,0.5,raw,2,,0.0,4230,0.16791711325473382,302.08292005554455,3902,278.65899623090655,0.07754137115839244,0.3181377303588749,0.6275460617659199,820,754,6.0,58.55980956159492,53.846459035905575,5,5,5,1.0,299.0,-299.0
0.5,0.25,held_out_subject,loso_chb05,chb05,14.002777777777778,lightgbm,LightGBM,Full governed policy,0.5,isotonic,2,0.25,0.0,260,0.010321146441189314,18.567744495139852,194,13.854393969450506,0.25384615384615383,0.06401551891367604,0.7195970695970695,75,67,6.0,5.356080142828803,4.784764927593732,5,4,1,0.8,-4.0,4.0
0.5,0.4,held_out_subject,loso_chb05,chb05,14.002777777777778,lightgbm,LightGBM,Fixed threshold,0.5,raw,1,,0.0,5615,0.22289706641260768,400.99186669311644,5205,371.711961912319,0.0730186999109528,0.3976721629485936,0.5844542890524,1061,1003,6.0,75.77068042055147,71.6286451100972,5,5,5,1.0,299.0,-299.0
0.5,0.4,held_out_subject,loso_chb05,chb05,14.002777777777778,lightgbm,LightGBM,Temporal persistence,0.5,raw,2,,0.0,4230,0.16791711325473382,302.08292005554455,3902,278.65899623090655,0.07754137115839244,0.3181377303588749,0.6275460617659199,820,754,6.0,58.55980956159492,53.846459035905575,5,5,5,1.0,299.0,-299.0
0.5,0.4,held_out_subject,loso_chb05,chb05,14.002777777777778,lightgbm,LightGBM,Full governed policy,0.5,isotonic,2,0.4,0.0,260,0.010321146441189314,18.567744495139852,194,13.854393969450506,0.25384615384615383,0.06401551891367604,0.7195970695970695,75,67,6.0,5.356080142828803,4.784764927593732,5,4,1,0.8,-4.0,4.0
0.5,0.67,held_out_subject,loso_chb05,chb05,14.002777777777778,lightgbm,LightGBM,Fixed threshold,0.5,raw,1,,0.0,5615,0.22289706641260768,400.99186669311644,5205,371.711961912319,0.0730186999109528,0.3976721629485936,0.5844542890524,1061,1003,6.0,75.77068042055147,71.6286451100972,5,5,5,1.0,299.0,-299.0
0.5,0.67,held_out_subject,loso_chb05,chb05,14.002777777777778,lightgbm,LightGBM,Temporal persistence,0.5,raw,2,,0.0,4230,0.16791711325473382,302.08292005554455,3902,278.65899623090655,0.07754137115839244,0.3181377303588749,0.6275460617659199,820,754,6.0,58.55980956159492,53.846459035905575,5,5,5,1.0,299.0,-299.0
0.5,0.67,held_out_subject,loso_chb05,chb05,14.002777777777778,lightgbm,LightGBM,Full governed policy,0.5,isotonic,2,0.67,0.0,87,0.0034536143860902702,6.213052965681412,43,3.070819281888514,0.5057471264367817,0.04267701260911736,1.0,50,36,4.0,3.5707200952192024,2.5709184685578257,5,4,1,0.8,-6.0,6.0
0.6,0.0,held_out_subject,loso_chb05,chb05,14.002777777777778,lightgbm,LightGBM,Fixed threshold,0.6,raw,1,,0.0,4710,0.18697153745385256,336.36183296964884,4355,311.0097202935925,0.07537154989384288,0.3443258971871969,0.5973811378527758,912,851,6.0,65.12993453679825,60.773656020630824,5,5,5,1.0,299.0,-299.0
0.6,0.0,held_out_subject,loso_chb05,chb05,14.002777777777778,lightgbm,LightGBM,Temporal persistence,0.6,raw,2,,0.0,3533,0.14024850144893017,252.30708192818884,3260,232.81095020829198,0.07727144070195302,0.26479146459747815,0.6430626878546494,703,643,6.0,50.20432453878199,45.919460424518945,5,5,5,1.0,299.0,-299.0
0.6,0.0,held_out_subject,loso_chb05,chb05,14.002777777777778,lightgbm,LightGBM,Full governed policy,0.6,isotonic,2,0.0,0.0,145,0.0057560239768171175,10.355088276135687,116,8.28407062090855,0.2,0.028128031037827354,0.6834154351395731,47,39,6.0,3.3564768895060504,2.7851616742709777,5,4,0,0.8,-14.0,14.0
0.6,0.25,held_out_subject,loso_chb05,chb05,14.002777777777778,lightgbm,LightGBM,Fixed threshold,0.6,raw,1,,0.0,4710,0.18697153745385256,336.36183296964884,4355,311.0097202935925,0.07537154989384288,0.3443258971871969,0.5973811378527758,912,851,6.0,65.12993453679825,60.773656020630824,5,5,5,1.0,299.0,-299.0
0.6,0.25,held_out_subject,loso_chb05,chb05,14.002777777777778,lightgbm,LightGBM,Temporal persistence,0.6,raw,2,,0.0,3533,0.14024850144893017,252.30708192818884,3260,232.81095020829198,0.07727144070195302,0.26479146459747815,0.6430626878546494,703,643,6.0,50.20432453878199,45.919460424518945,5,5,5,1.0,299.0,-299.0
0.6,0.25,held_out_subject,loso_chb05,chb05,14.002777777777778,lightgbm,LightGBM,Full governed policy,0.6,isotonic,2,0.25,0.0,137,0.005438450240165139,9.783773060900614,108,7.7127554056734775,0.2116788321167883,0.028128031037827354,0.7087243656586721,46,38,6.0,3.285062487601666,2.713747272366594,5,4,0,0.8,-14.0,14.0
0.6,0.4,held_out_subject,loso_chb05,chb05,14.002777777777778,lightgbm,LightGBM,Fixed threshold,0.6,raw,1,,0.0,4710,0.18697153745385256,336.36183296964884,4355,311.0097202935925,0.07537154989384288,0.3443258971871969,0.5973811378527758,912,851,6.0,65.12993453679825,60.773656020630824,5,5,5,1.0,299.0,-299.0
0.6,0.4,held_out_subject,loso_chb05,chb05,14.002777777777778,lightgbm,LightGBM,Temporal persistence,0.6,raw,2,,0.0,3533,0.14024850144893017,252.30708192818884,3260,232.81095020829198,0.07727144070195302,0.26479146459747815,0.6430626878546494,703,643,6.0,50.20432453878199,45.919460424518945,5,5,5,1.0,299.0,-299.0
0.6,0.4,held_out_subject,loso_chb05,chb05,14.002777777777778,lightgbm,LightGBM,Full governed policy,0.6,isotonic,2,0.4,0.0,137,0.005438450240165139,9.783773060900614,108,7.7127554056734775,0.2116788321167883,0.028128031037827354,0.7087243656586721,46,38,6.0,3.285062487601666,2.713747272366594,5,4,0,0.8,-14.0,14.0
0.6,0.67,held_out_subject,loso_chb05,chb05,14.002777777777778,lightgbm,LightGBM,Fixed threshold,0.6,raw,1,,0.0,4710,0.18697153745385256,336.36183296964884,4355,311.0097202935925,0.07537154989384288,0.3443258971871969,0.5973811378527758,912,851,6.0,65.12993453679825,60.773656020630824,5,5,5,1.0,299.0,-299.0
0.6,0.67,held_out_subject,loso_chb05,chb05,14.002777777777778,lightgbm,LightGBM,Temporal persistence,0.6,raw,2,,0.0,3533,0.14024850144893017,252.30708192818884,3260,232.81095020829198,0.07727144070195302,0.26479146459747815,0.6430626878546494,703,643,6.0,50.20432453878199,45.919460424518945,5,5,5,1.0,299.0,-299.0
0.6,0.67,held_out_subject,loso_chb05,chb05,14.002777777777778,lightgbm,LightGBM,Full governed policy,0.6,isotonic,2,0.67,0.0,38,0.0015084752490968996,2.713747272366594,24,1.7139456457052171,0.3684210526315789,0.013579049466537343,1.0,30,21,4.0,2.1424320571315216,1.499702439992065,5,4,0,0.8,-16.0,16.0
0.7,0.0,held_out_subject,loso_chb05,chb05,14.002777777777778,lightgbm,LightGBM,Fixed threshold,0.7,raw,1,,0.0,3854,0.15299114763209082,275.2311049394961,3558,254.09244197579844,0.07680332122470161,0.2870999030067895,0.6126110534210223,768,706,6.0,54.84626066256695,50.418567744495135,5,5,5,1.0,295.0,-295.0
0.7,0.0,held_out_subject,loso_chb05,chb05,14.002777777777778,lightgbm,LightGBM,Temporal persistence,0.7,raw,2,,0.0,2846,0.11297685681394148,203.245387819877,2623,187.31997619519936,0.07835558678847505,0.2162948593598448,0.6620849089225759,605,560,6.0,43.20571315215235,39.99206506645507,5,5,5,1.0,293.0,-293.0
0.7,0.0,held_out_subject,loso_chb05,chb05,14.002777777777778,lightgbm,LightGBM,Full governed policy,0.7,isotonic,2,0.0,0.0,141,0.005597237108491128,10.069430668518152,112,7.998413013291014,0.20567375886524822,0.028128031037827354,0.6808510638297872,46,38,6.0,3.285062487601666,2.713747272366594,5,4,0,0.8,-14.0,14.0
0.7,0.25,held_out_subject,loso_chb05,chb05,14.002777777777778,lightgbm,LightGBM,Fixed threshold,0.7,raw,1,,0.0,3854,0.15299114763209082,275.2311049394961,3558,254.09244197579844,0.07680332122470161,0.2870999030067895,0.6126110534210223,768,706,6.0,54.84626066256695,50.418567744495135,5,5,5,1.0,295.0,-295.0
0.7,0.25,held_out_subject,loso_chb05,chb05,14.002777777777778,lightgbm,LightGBM,Temporal persistence,0.7,raw,2,,0.0,2846,0.11297685681394148,203.245387819877,2623,187.31997619519936,0.07835558678847505,0.2162948593598448,0.6620849089225759,605,560,6.0,43.20571315215235,39.99206506645507,5,5,5,1.0,293.0,-293.0
0.7,0.25,held_out_subject,loso_chb05,chb05,14.002777777777778,lightgbm,LightGBM,Full governed policy,0.7,isotonic,2,0.25,0.0,133,0.005279663371839149,9.498115453283079,104,7.427097798055941,0.21804511278195488,0.028128031037827354,0.706766917293233,45,37,6.0,3.213648085697282,2.64233287046221,5,4,0,0.8,-14.0,14.0
0.7,0.4,held_out_subject,loso_chb05,chb05,14.002777777777778,lightgbm,LightGBM,Fixed threshold,0.7,raw,1,,0.0,3854,0.15299114763209082,275.2311049394961,3558,254.09244197579844,0.07680332122470161,0.2870999030067895,0.6126110534210223,768,706,6.0,54.84626066256695,50.418567744495135,5,5,5,1.0,295.0,-295.0
0.7,0.4,held_out_subject,loso_chb05,chb05,14.002777777777778,lightgbm,LightGBM,Temporal persistence,0.7,raw,2,,0.0,2846,0.11297685681394148,203.245387819877,2623,187.31997619519936,0.07835558678847505,0.2162948593598448,0.6620849089225759,605,560,6.0,43.20571315215235,39.99206506645507,5,5,5,1.0,293.0,-293.0
0.7,0.4,held_out_subject,loso_chb05,chb05,14.002777777777778,lightgbm,LightGBM,Full governed policy,0.7,isotonic,2,0.4,0.0,133,0.005279663371839149,9.498115453283079,104,7.427097798055941,0.21804511278195488,0.028128031037827354,0.706766917293233,45,37,6.0,3.213648085697282,2.64233287046221,5,4,0,0.8,-14.0,14.0
0.7,0.67,held_out_subject,loso_chb05,chb05,14.002777777777778,lightgbm,LightGBM,Fixed threshold,0.7,raw,1,,0.0,3854,0.15299114763209082,275.2311049394961,3558,254.09244197579844,0.07680332122470161,0.2870999030067895,0.6126110534210223,768,706,6.0,54.84626066256695,50.418567744495135,5,5,5,1.0,295.0,-295.0
0.7,0.67,held_out_subject,loso_chb05,chb05,14.002777777777778,lightgbm,LightGBM,Temporal persistence,0.7,raw,2,,0.0,2846,0.11297685681394148,203.245387819877,2623,187.31997619519936,0.07835558678847505,0.2162948593598448,0.6620849089225759,605,560,6.0,43.20571315215235,39.99206506645507,5,5,5,1.0,293.0,-293.0
0.7,0.67,held_out_subject,loso_chb05,chb05,14.002777777777778,lightgbm,LightGBM,Full governed policy,0.7,isotonic,2,0.67,0.0,36,0.0014290818149339049,2.5709184685578257,22,1.5711168418964492,0.3888888888888889,0.013579049466537343,1.0,28,19,4.0,1.9996032533227535,1.356873636183297,5,4,0,0.8,-16.0,16.0
0.8,0.0,held_out_subject,loso_chb05,chb05,14.002777777777778,lightgbm,LightGBM,Fixed threshold,0.8,raw,1,,0.0,2843,0.11285776666269699,203.03114461416385,2612,186.53441777425112,0.08125219838199085,0.22405431619786614,0.6352988962028708,639,593,6.0,45.63380281690141,42.348740329299744,5,5,5,1.0,293.0,-293.0
0.8,0.0,held_out_subject,loso_chb05,chb05,14.002777777777778,lightgbm,LightGBM,Temporal persistence,0.8,raw,2,,0.0,1989,0.07895677027509825,142.04324538781987,1814,129.54572505455266,0.08798391151332328,0.1697381183317168,0.6867712897124661,516,481,6.0,36.84983138266217,34.35032731600873,5,5,5,1.0,291.0,-291.0
0.8,0.0,held_out_subject,loso_chb05,chb05,14.002777777777778,lightgbm,LightGBM,Full governed policy,0.8,isotonic,2,0.0,0.0,75,0.002977253781112302,5.356080142828803,64,4.570521721880579,0.14666666666666667,0.01066925315227934,0.6647619047619047,26,23,6.0,1.8567744495139853,1.642531243800833,5,2,0,0.4,-29.0,29.0
0.8,0.25,held_out_subject,loso_chb05,chb05,14.002777777777778,lightgbm,LightGBM,Fixed threshold,0.8,raw,1,,0.0,2843,0.11285776666269699,203.03114461416385,2612,186.53441777425112,0.08125219838199085,0.22405431619786614,0.6352988962028708,639,593,6.0,45.63380281690141,42.348740329299744,5,5,5,1.0,293.0,-293.0
0.8,0.25,held_out_subject,loso_chb05,chb05,14.002777777777778,lightgbm,LightGBM,Temporal persistence,0.8,raw,2,,0.0,1989,0.07895677027509825,142.04324538781987,1814,129.54572505455266,0.08798391151332328,0.1697381183317168,0.6867712897124661,516,481,6.0,36.84983138266217,34.35032731600873,5,5,5,1.0,291.0,-291.0
0.8,0.25,held_out_subject,loso_chb05,chb05,14.002777777777778,lightgbm,LightGBM,Full governed policy,0.8,isotonic,2,0.25,0.0,71,0.0028184669127863126,5.070422535211267,60,4.284864114263043,0.15492957746478872,0.01066925315227934,0.6881287726358147,25,22,6.0,1.7853600476096012,1.5711168418964492,5,2,0,0.4,-29.0,29.0
0.8,0.4,held_out_subject,loso_chb05,chb05,14.002777777777778,lightgbm,LightGBM,Fixed threshold,0.8,raw,1,,0.0,2843,0.11285776666269699,203.03114461416385,2612,186.53441777425112,0.08125219838199085,0.22405431619786614,0.6352988962028708,639,593,6.0,45.63380281690141,42.348740329299744,5,5,5,1.0,293.0,-293.0
0.8,0.4,held_out_subject,loso_chb05,chb05,14.002777777777778,lightgbm,LightGBM,Temporal persistence,0.8,raw,2,,0.0,1989,0.07895677027509825,142.04324538781987,1814,129.54572505455266,0.08798391151332328,0.1697381183317168,0.6867712897124661,516,481,6.0,36.84983138266217,34.35032731600873,5,5,5,1.0,291.0,-291.0
0.8,0.4,held_out_subject,loso_chb05,chb05,14.002777777777778,lightgbm,LightGBM,Full governed policy,0.8,isotonic,2,0.4,0.0,71,0.0028184669127863126,5.070422535211267,60,4.284864114263043,0.15492957746478872,0.01066925315227934,0.6881287726358147,25,22,6.0,1.7853600476096012,1.5711168418964492,5,2,0,0.4,-29.0,29.0
0.8,0.67,held_out_subject,loso_chb05,chb05,14.002777777777778,lightgbm,LightGBM,Fixed threshold,0.8,raw,1,,0.0,2843,0.11285776666269699,203.03114461416385,2612,186.53441777425112,0.08125219838199085,0.22405431619786614,0.6352988962028708,639,593,6.0,45.63380281690141,42.348740329299744,5,5,5,1.0,293.0,-293.0
0.8,0.67,held_out_subject,loso_chb05,chb05,14.002777777777778,lightgbm,LightGBM,Temporal persistence,0.8,raw,2,,0.0,1989,0.07895677027509825,142.04324538781987,1814,129.54572505455266,0.08798391151332328,0.1697381183317168,0.6867712897124661,516,481,6.0,36.84983138266217,34.35032731600873,5,5,5,1.0,291.0,-291.0
0.8,0.67,held_out_subject,loso_chb05,chb05,14.002777777777778,lightgbm,LightGBM,Full governed policy,0.8,isotonic,2,0.67,0.0,16,0.0006351474733039577,1.1426304304701447,10,0.7141440190438405,0.375,0.005819592628516004,1.0,12,8,4.0,0.8569728228526086,0.5713152152350723,5,2,0,0.4,-31.0,31.0
0.9,0.0,held_out_subject,loso_chb05,chb05,14.002777777777778,lightgbm,LightGBM,Fixed threshold,0.9,raw,1,,0.0,1376,0.05462268270414037,98.26621702043245,1247,89.05375917476691,0.09375,0.1251212415130941,0.6594395994832042,489,455,6.0,34.9216425312438,32.493552866494746,5,5,4,1.0,239.0,-239.0
0.9,0.0,held_out_subject,loso_chb05,chb05,14.002777777777778,lightgbm,LightGBM,Temporal persistence,0.9,raw,2,,0.0,773,0.03068556230399746,55.20333267208887,683,48.7760365006943,0.11642949547218628,0.08729388942774007,0.7165342204152036,279,262,6.0,19.92461813132315,18.71057329894862,5,4,3,0.8,213.0,-213.0
0.9,0.0,held_out_subject,loso_chb05,chb05,14.002777777777778,lightgbm,LightGBM,Full governed policy,0.9,isotonic,2,0.0,0.0,24,0.0009527212099559367,1.7139456457052171,24,1.7139456457052171,0.0,0.0,0.6552579365079364,8,8,7.0,0.5713152152350723,0.5713152152350723,5,0,0,0.0,,
0.9,0.25,held_out_subject,loso_chb05,chb05,14.002777777777778,lightgbm,LightGBM,Fixed threshold,0.9,raw,1,,0.0,1376,0.05462268270414037,98.26621702043245,1247,89.05375917476691,0.09375,0.1251212415130941,0.6594395994832042,489,455,6.0,34.9216425312438,32.493552866494746,5,5,4,1.0,239.0,-239.0
0.9,0.25,held_out_subject,loso_chb05,chb05,14.002777777777778,lightgbm,LightGBM,Temporal persistence,0.9,raw,2,,0.0,773,0.03068556230399746,55.20333267208887,683,48.7760365006943,0.11642949547218628,0.08729388942774007,0.7165342204152036,279,262,6.0,19.92461813132315,18.71057329894862,5,4,3,0.8,213.0,-213.0
0.9,0.25,held_out_subject,loso_chb05,chb05,14.002777777777778,lightgbm,LightGBM,Full governed policy,0.9,isotonic,2,0.25,0.0,23,0.0009130244928744393,1.642531243800833,23,1.642531243800833,0.0,0.0,0.6728778467908902,8,8,7.0,0.5713152152350723,0.5713152152350723,5,0,0,0.0,,
0.9,0.4,held_out_subject,loso_chb05,chb05,14.002777777777778,lightgbm,LightGBM,Fixed threshold,0.9,raw,1,,0.0,1376,0.05462268270414037,98.26621702043245,1247,89.05375917476691,0.09375,0.1251212415130941,0.6594395994832042,489,455,6.0,34.9216425312438,32.493552866494746,5,5,4,1.0,239.0,-239.0
0.9,0.4,held_out_subject,loso_chb05,chb05,14.002777777777778,lightgbm,LightGBM,Temporal persistence,0.9,raw,2,,0.0,773,0.03068556230399746,55.20333267208887,683,48.7760365006943,0.11642949547218628,0.08729388942774007,0.7165342204152036,279,262,6.0,19.92461813132315,18.71057329894862,5,4,3,0.8,213.0,-213.0
0.9,0.4,held_out_subject,loso_chb05,chb05,14.002777777777778,lightgbm,LightGBM,Full governed policy,0.9,isotonic,2,0.4,0.0,23,0.0009130244928744393,1.642531243800833,23,1.642531243800833,0.0,0.0,0.6728778467908902,8,8,7.0,0.5713152152350723,0.5713152152350723,5,0,0,0.0,,
0.9,0.67,held_out_subject,loso_chb05,chb05,14.002777777777778,lightgbm,LightGBM,Fixed threshold,0.9,raw,1,,0.0,1376,0.05462268270414037,98.26621702043245,1247,89.05375917476691,0.09375,0.1251212415130941,0.6594395994832042,489,455,6.0,34.9216425312438,32.493552866494746,5,5,4,1.0,239.0,-239.0
0.9,0.67,held_out_subject,loso_chb05,chb05,14.002777777777778,lightgbm,LightGBM,Temporal persistence,0.9,raw,2,,0.0,773,0.03068556230399746,55.20333267208887,683,48.7760365006943,0.11642949547218628,0.08729388942774007,0.7165342204152036,279,262,6.0,19.92461813132315,18.71057329894862,5,4,3,0.8,213.0,-213.0
0.9,0.67,held_out_subject,loso_chb05,chb05,14.002777777777778,lightgbm,LightGBM,Full governed policy,0.9,isotonic,2,0.67,0.0,4,0.00015878686832598943,0.28565760761753617,4,0.28565760761753617,0.0,0.0,1.0,3,3,4.0,0.21424320571315214,0.21424320571315214,5,0,0,0.0,,
0.1,0.0,held_out_subject,loso_chb08,chb08,14.0,lightgbm,LightGBM,Fixed threshold,0.1,raw,1,,0.0,18989,0.7539506074803463,1356.357142857143,18027,1287.642857142857,0.05066090894728527,0.7937293729372937,0.5273526823874595,1203,1153,16.0,85.92857142857143,82.35714285714286,5,5,5,1.0,299.0,-299.0
0.1,0.0,held_out_subject,loso_chb08,chb08,14.0,lightgbm,LightGBM,Temporal persistence,0.1,raw,2,,0.0,16450,0.6531406336853808,1175.0,15580,1112.857142857143,0.05288753799392097,0.7178217821782178,0.5368077869445652,2036,1958,10.0,145.42857142857142,139.85714285714286,5,5,5,1.0,299.0,-299.0
0.1,0.0,held_out_subject,loso_chb08,chb08,14.0,lightgbm,LightGBM,Full governed policy,0.1,isotonic,2,0.0,0.0,57,0.0022631620741681885,4.071428571428571,0,0.0,1.0,0.04702970297029703,0.8654970760233919,16,0,6.0,1.1428571428571428,0.0,5,5,0,1.0,-13.0,13.0
0.1,0.25,held_out_subject,loso_chb08,chb08,14.0,lightgbm,LightGBM,Fixed threshold,0.1,raw,1,,0.0,18989,0.7539506074803463,1356.357142857143,18027,1287.642857142857,0.05066090894728527,0.7937293729372937,0.5273526823874595,1203,1153,16.0,85.92857142857143,82.35714285714286,5,5,5,1.0,299.0,-299.0
0.1,0.25,held_out_subject,loso_chb08,chb08,14.0,lightgbm,LightGBM,Temporal persistence,0.1,raw,2,,0.0,16450,0.6531406336853808,1175.0,15580,1112.857142857143,0.05288753799392097,0.7178217821782178,0.5368077869445652,2036,1958,10.0,145.42857142857142,139.85714285714286,5,5,5,1.0,299.0,-299.0
0.1,0.25,held_out_subject,loso_chb08,chb08,14.0,lightgbm,LightGBM,Full governed policy,0.1,isotonic,2,0.25,0.0,57,0.0022631620741681885,4.071428571428571,0,0.0,1.0,0.04702970297029703,0.8654970760233919,16,0,6.0,1.1428571428571428,0.0,5,5,0,1.0,-13.0,13.0
0.1,0.4,held_out_subject,loso_chb08,chb08,14.0,lightgbm,LightGBM,Fixed threshold,0.1,raw,1,,0.0,18989,0.7539506074803463,1356.357142857143,18027,1287.642857142857,0.05066090894728527,0.7937293729372937,0.5273526823874595,1203,1153,16.0,85.92857142857143,82.35714285714286,5,5,5,1.0,299.0,-299.0
0.1,0.4,held_out_subject,loso_chb08,chb08,14.0,lightgbm,LightGBM,Temporal persistence,0.1,raw,2,,0.0,16450,0.6531406336853808,1175.0,15580,1112.857142857143,0.05288753799392097,0.7178217821782178,0.5368077869445652,2036,1958,10.0,145.42857142857142,139.85714285714286,5,5,5,1.0,299.0,-299.0
0.1,0.4,held_out_subject,loso_chb08,chb08,14.0,lightgbm,LightGBM,Full governed policy,0.1,isotonic,2,0.4,0.0,57,0.0022631620741681885,4.071428571428571,0,0.0,1.0,0.04702970297029703,0.8654970760233919,16,0,6.0,1.1428571428571428,0.0,5,5,0,1.0,-13.0,13.0
0.1,0.67,held_out_subject,loso_chb08,chb08,14.0,lightgbm,LightGBM,Fixed threshold,0.1,raw,1,,0.0,18989,0.7539506074803463,1356.357142857143,18027,1287.642857142857,0.05066090894728527,0.7937293729372937,0.5273526823874595,1203,1153,16.0,85.92857142857143,82.35714285714286,5,5,5,1.0,299.0,-299.0
0.1,0.67,held_out_subject,loso_chb08,chb08,14.0,lightgbm,LightGBM,Temporal persistence,0.1,raw,2,,0.0,16450,0.6531406336853808,1175.0,15580,1112.857142857143,0.05288753799392097,0.7178217821782178,0.5368077869445652,2036,1958,10.0,145.42857142857142,139.85714285714286,5,5,5,1.0,299.0,-299.0
0.1,0.67,held_out_subject,loso_chb08,chb08,14.0,lightgbm,LightGBM,Full governed policy,0.1,isotonic,2,0.67,0.0,34,0.0013499563249424282,2.4285714285714284,0,0.0,1.0,0.028052805280528052,1.0,16,0,4.0,1.1428571428571428,0.0,5,5,0,1.0,-16.0,16.0
0.2,0.0,held_out_subject,loso_chb08,chb08,14.0,lightgbm,LightGBM,Fixed threshold,0.2,raw,1,,0.0,12340,0.48995473675851664,881.4285714285714,11587,827.6428571428571,0.061021069692058345,0.6212871287128713,0.5356377132767598,2296,2216,8.0,164.0,158.28571428571428,5,5,5,1.0,299.0,-299.0
0.2,0.0,held_out_subject,loso_chb08,chb08,14.0,lightgbm,LightGBM,Temporal persistence,0.2,raw,2,,0.0,8802,0.34947986976891926,628.7142857142857,8171,583.6428571428571,0.07168825266984777,0.5206270627062707,0.5653468006910406,2293,2205,6.0,163.78571428571428,157.5,5,5,5,1.0,293.0,-293.0
0.2,0.0,held_out_subject,loso_chb08,chb08,14.0,lightgbm,LightGBM,Full governed policy,0.2,isotonic,2,0.0,0.0,18,0.0007146827602636385,1.2857142857142858,0,0.0,1.0,0.01485148514851485,0.9074074074074073,12,0,4.0,0.8571428571428571,0.0,5,5,0,1.0,-16.0,16.0
0.2,0.25,held_out_subject,loso_chb08,chb08,14.0,lightgbm,LightGBM,Fixed threshold,0.2,raw,1,,0.0,12340,0.48995473675851664,881.4285714285714,11587,827.6428571428571,0.061021069692058345,0.6212871287128713,0.5356377132767598,2296,2216,8.0,164.0,158.28571428571428,5,5,5,1.0,299.0,-299.0
0.2,0.25,held_out_subject,loso_chb08,chb08,14.0,lightgbm,LightGBM,Temporal persistence,0.2,raw,2,,0.0,8802,0.34947986976891926,628.7142857142857,8171,583.6428571428571,0.07168825266984777,0.5206270627062707,0.5653468006910406,2293,2205,6.0,163.78571428571428,157.5,5,5,5,1.0,293.0,-293.0
0.2,0.25,held_out_subject,loso_chb08,chb08,14.0,lightgbm,LightGBM,Full governed policy,0.2,isotonic,2,0.25,0.0,18,0.0007146827602636385,1.2857142857142858,0,0.0,1.0,0.01485148514851485,0.9074074074074073,12,0,4.0,0.8571428571428571,0.0,5,5,0,1.0,-16.0,16.0
0.2,0.4,held_out_subject,loso_chb08,chb08,14.0,lightgbm,LightGBM,Fixed threshold,0.2,raw,1,,0.0,12340,0.48995473675851664,881.4285714285714,11587,827.6428571428571,0.061021069692058345,0.6212871287128713,0.5356377132767598,2296,2216,8.0,164.0,158.28571428571428,5,5,5,1.0,299.0,-299.0
0.2,0.4,held_out_subject,loso_chb08,chb08,14.0,lightgbm,LightGBM,Temporal persistence,0.2,raw,2,,0.0,8802,0.34947986976891926,628.7142857142857,8171,583.6428571428571,0.07168825266984777,0.5206270627062707,0.5653468006910406,2293,2205,6.0,163.78571428571428,157.5,5,5,5,1.0,293.0,-293.0
0.2,0.4,held_out_subject,loso_chb08,chb08,14.0,lightgbm,LightGBM,Full governed policy,0.2,isotonic,2,0.4,0.0,18,0.0007146827602636385,1.2857142857142858,0,0.0,1.0,0.01485148514851485,0.9074074074074073,12,0,4.0,0.8571428571428571,0.0,5,5,0,1.0,-16.0,16.0
0.2,0.67,held_out_subject,loso_chb08,chb08,14.0,lightgbm,LightGBM,Fixed threshold,0.2,raw,1,,0.0,12340,0.48995473675851664,881.4285714285714,11587,827.6428571428571,0.061021069692058345,0.6212871287128713,0.5356377132767598,2296,2216,8.0,164.0,158.28571428571428,5,5,5,1.0,299.0,-299.0
0.2,0.67,held_out_subject,loso_chb08,chb08,14.0,lightgbm,LightGBM,Temporal persistence,0.2,raw,2,,0.0,8802,0.34947986976891926,628.7142857142857,8171,583.6428571428571,0.07168825266984777,0.5206270627062707,0.5653468006910406,2293,2205,6.0,163.78571428571428,157.5,5,5,5,1.0,293.0,-293.0
0.2,0.67,held_out_subject,loso_chb08,chb08,14.0,lightgbm,LightGBM,Full governed policy,0.2,isotonic,2,0.67,0.0,13,0.0005161597713015167,0.9285714285714286,0,0.0,1.0,0.010726072607260726,1.0,9,0,4.0,0.6428571428571429,0.0,5,5,0,1.0,-17.0,17.0
0.3,0.0,held_out_subject,loso_chb08,chb08,14.0,lightgbm,LightGBM,Fixed threshold,0.3,raw,1,,0.0,7994,0.31739855475264034,571.0,7385,527.5,0.07618213660245184,0.5024752475247525,0.5428725390865566,2259,2172,6.0,161.35714285714286,155.14285714285714,5,5,5,1.0,295.0,-295.0
0.3,0.0,held_out_subject,loso_chb08,chb08,14.0,lightgbm,LightGBM,Temporal persistence,0.3,raw,2,,0.0,4910,0.19494957516080363,350.7142857142857,4433,316.64285714285717,0.09714867617107943,0.3935643564356436,0.5931828467979181,1683,1594,6.0,120.21428571428571,113.85714285714286,5,5,5,1.0,288.0,-288.0
0.3,0.0,held_out_subject,loso_chb08,chb08,14.0,lightgbm,LightGBM,Full governed policy,0.3,isotonic,2,0.0,0.0,15,0.0005955689668863654,1.0714285714285714,0,0.0,1.0,0.012376237623762377,0.9333333333333333,9,0,4.0,0.6428571428571429,0.0,5,5,0,1.0,-17.0,17.0
0.3,0.25,held_out_subject,loso_chb08,chb08,14.0,lightgbm,LightGBM,Fixed threshold,0.3,raw,1,,0.0,7994,0.31739855475264034,571.0,7385,527.5,0.07618213660245184,0.5024752475247525,0.5428725390865566,2259,2172,6.0,161.35714285714286,155.14285714285714,5,5,5,1.0,295.0,-295.0
0.3,0.25,held_out_subject,loso_chb08,chb08,14.0,lightgbm,LightGBM,Temporal persistence,0.3,raw,2,,0.0,4910,0.19494957516080363,350.7142857142857,4433,316.64285714285717,0.09714867617107943,0.3935643564356436,0.5931828467979181,1683,1594,6.0,120.21428571428571,113.85714285714286,5,5,5,1.0,288.0,-288.0
0.3,0.25,held_out_subject,loso_chb08,chb08,14.0,lightgbm,LightGBM,Full governed policy,0.3,isotonic,2,0.25,0.0,15,0.0005955689668863654,1.0714285714285714,0,0.0,1.0,0.012376237623762377,0.9333333333333333,9,0,4.0,0.6428571428571429,0.0,5,5,0,1.0,-17.0,17.0
0.3,0.4,held_out_subject,loso_chb08,chb08,14.0,lightgbm,LightGBM,Fixed threshold,0.3,raw,1,,0.0,7994,0.31739855475264034,571.0,7385,527.5,0.07618213660245184,0.5024752475247525,0.5428725390865566,2259,2172,6.0,161.35714285714286,155.14285714285714,5,5,5,1.0,295.0,-295.0
0.3,0.4,held_out_subject,loso_chb08,chb08,14.0,lightgbm,LightGBM,Temporal persistence,0.3,raw,2,,0.0,4910,0.19494957516080363,350.7142857142857,4433,316.64285714285717,0.09714867617107943,0.3935643564356436,0.5931828467979181,1683,1594,6.0,120.21428571428571,113.85714285714286,5,5,5,1.0,288.0,-288.0
0.3,0.4,held_out_subject,loso_chb08,chb08,14.0,lightgbm,LightGBM,Full governed policy,0.3,isotonic,2,0.4,0.0,15,0.0005955689668863654,1.0714285714285714,0,0.0,1.0,0.012376237623762377,0.9333333333333333,9,0,4.0,0.6428571428571429,0.0,5,5,0,1.0,-17.0,17.0
0.3,0.67,held_out_subject,loso_chb08,chb08,14.0,lightgbm,LightGBM,Fixed threshold,0.3,raw,1,,0.0,7994,0.31739855475264034,571.0,7385,527.5,0.07618213660245184,0.5024752475247525,0.5428725390865566,2259,2172,6.0,161.35714285714286,155.14285714285714,5,5,5,1.0,295.0,-295.0
0.3,0.67,held_out_subject,loso_chb08,chb08,14.0,lightgbm,LightGBM,Temporal persistence,0.3,raw,2,,0.0,4910,0.19494957516080363,350.7142857142857,4433,316.64285714285717,0.09714867617107943,0.3935643564356436,0.5931828467979181,1683,1594,6.0,120.21428571428571,113.85714285714286,5,5,5,1.0,288.0,-288.0
0.3,0.67,held_out_subject,loso_chb08,chb08,14.0,lightgbm,LightGBM,Full governed policy,0.3,isotonic,2,0.67,0.0,12,0.0004764551735090924,0.8571428571428571,0,0.0,1.0,0.009900990099009901,1.0,8,0,4.0,0.5714285714285714,0.0,5,5,0,1.0,-17.0,17.0
0.4,0.0,held_out_subject,loso_chb08,chb08,14.0,lightgbm,LightGBM,Fixed threshold,0.4,raw,1,,0.0,5009,0.19888033034225364,357.7857142857143,4512,322.2857142857143,0.09922140147734079,0.41006600660066006,0.552759470075228,1836,1752,6.0,131.14285714285714,125.14285714285714,5,5,5,1.0,287.0,-287.0
0.4,0.0,held_out_subject,loso_chb08,chb08,14.0,lightgbm,LightGBM,Temporal persistence,0.4,raw,2,,0.0,2700,0.10720241403954578,192.85714285714286,2326,166.14285714285714,0.1385185185185185,0.3085808580858086,0.6208788947677837,1067,994,4.0,76.21428571428571,71.0,5,5,5,1.0,276.0,-276.0
0.4,0.0,held_out_subject,loso_chb08,chb08,14.0,lightgbm,LightGBM,Full governed policy,0.4,isotonic,2,0.0,0.0,15,0.0005955689668863654,1.0714285714285714,0,0.0,1.0,0.012376237623762377,0.9333333333333333,9,0,4.0,0.6428571428571429,0.0,5,5,0,1.0,-17.0,17.0
0.4,0.25,held_out_subject,loso_chb08,chb08,14.0,lightgbm,LightGBM,Fixed threshold,0.4,raw,1,,0.0,5009,0.19888033034225364,357.7857142857143,4512,322.2857142857143,0.09922140147734079,0.41006600660066006,0.552759470075228,1836,1752,6.0,131.14285714285714,125.14285714285714,5,5,5,1.0,287.0,-287.0
0.4,0.25,held_out_subject,loso_chb08,chb08,14.0,lightgbm,LightGBM,Temporal persistence,0.4,raw,2,,0.0,2700,0.10720241403954578,192.85714285714286,2326,166.14285714285714,0.1385185185185185,0.3085808580858086,0.6208788947677837,1067,994,4.0,76.21428571428571,71.0,5,5,5,1.0,276.0,-276.0
0.4,0.25,held_out_subject,loso_chb08,chb08,14.0,lightgbm,LightGBM,Full governed policy,0.4,isotonic,2,0.25,0.0,15,0.0005955689668863654,1.0714285714285714,0,0.0,1.0,0.012376237623762377,0.9333333333333333,9,0,4.0,0.6428571428571429,0.0,5,5,0,1.0,-17.0,17.0
0.4,0.4,held_out_subject,loso_chb08,chb08,14.0,lightgbm,LightGBM,Fixed threshold,0.4,raw,1,,0.0,5009,0.19888033034225364,357.7857142857143,4512,322.2857142857143,0.09922140147734079,0.41006600660066006,0.552759470075228,1836,1752,6.0,131.14285714285714,125.14285714285714,5,5,5,1.0,287.0,-287.0
0.4,0.4,held_out_subject,loso_chb08,chb08,14.0,lightgbm,LightGBM,Temporal persistence,0.4,raw,2,,0.0,2700,0.10720241403954578,192.85714285714286,2326,166.14285714285714,0.1385185185185185,0.3085808580858086,0.6208788947677837,1067,994,4.0,76.21428571428571,71.0,5,5,5,1.0,276.0,-276.0
0.4,0.4,held_out_subject,loso_chb08,chb08,14.0,lightgbm,LightGBM,Full governed policy,0.4,isotonic,2,0.4,0.0,15,0.0005955689668863654,1.0714285714285714,0,0.0,1.0,0.012376237623762377,0.9333333333333333,9,0,4.0,0.6428571428571429,0.0,5,5,0,1.0,-17.0,17.0
0.4,0.67,held_out_subject,loso_chb08,chb08,14.0,lightgbm,LightGBM,Fixed threshold,0.4,raw,1,,0.0,5009,0.19888033034225364,357.7857142857143,4512,322.2857142857143,0.09922140147734079,0.41006600660066006,0.552759470075228,1836,1752,6.0,131.14285714285714,125.14285714285714,5,5,5,1.0,287.0,-287.0
0.4,0.67,held_out_subject,loso_chb08,chb08,14.0,lightgbm,LightGBM,Temporal persistence,0.4,raw,2,,0.0,2700,0.10720241403954578,192.85714285714286,2326,166.14285714285714,0.1385185185185185,0.3085808580858086,0.6208788947677837,1067,994,4.0,76.21428571428571,71.0,5,5,5,1.0,276.0,-276.0
0.4,0.67,held_out_subject,loso_chb08,chb08,14.0,lightgbm,LightGBM,Full governed policy,0.4,isotonic,2,0.67,0.0,12,0.0004764551735090924,0.8571428571428571,0,0.0,1.0,0.009900990099009901,1.0,8,0,4.0,0.5714285714285714,0.0,5,5,0,1.0,-17.0,17.0
0.5,0.0,held_out_subject,loso_chb08,chb08,14.0,lightgbm,LightGBM,Fixed threshold,0.5,raw,1,,0.0,3025,0.12010640832208369,216.07142857142858,2639,188.5,0.12760330578512397,0.3184818481848185,0.5699147317329136,1309,1238,4.0,93.5,88.42857142857143,5,5,5,1.0,278.0,-278.0
0.5,0.0,held_out_subject,loso_chb08,chb08,14.0,lightgbm,LightGBM,Temporal persistence,0.5,raw,2,,0.0,1507,0.05983482887318351,107.64285714285714,1212,86.57142857142857,0.1957531519575315,0.2433993399339934,0.6467911650393403,632,580,4.0,45.142857142857146,41.42857142857143,5,5,5,1.0,244.0,-244.0
0.5,0.0,held_out_subject,loso_chb08,chb08,14.0,lightgbm,LightGBM,Full governed policy,0.5,isotonic,2,0.0,0.0,15,0.0005955689668863654,1.0714285714285714,0,0.0,1.0,0.012376237623762377,0.9333333333333333,9,0,4.0,0.6428571428571429,0.0,5,5,0,1.0,-17.0,17.0
0.5,0.25,held_out_subject,loso_chb08,chb08,14.0,lightgbm,LightGBM,Fixed threshold,0.5,raw,1,,0.0,3025,0.12010640832208369,216.07142857142858,2639,188.5,0.12760330578512397,0.3184818481848185,0.5699147317329136,1309,1238,4.0,93.5,88.42857142857143,5,5,5,1.0,278.0,-278.0
0.5,0.25,held_out_subject,loso_chb08,chb08,14.0,lightgbm,LightGBM,Temporal persistence,0.5,raw,2,,0.0,1507,0.05983482887318351,107.64285714285714,1212,86.57142857142857,0.1957531519575315,0.2433993399339934,0.6467911650393403,632,580,4.0,45.142857142857146,41.42857142857143,5,5,5,1.0,244.0,-244.0
0.5,0.25,held_out_subject,loso_chb08,chb08,14.0,lightgbm,LightGBM,Full governed policy,0.5,isotonic,2,0.25,0.0,15,0.0005955689668863654,1.0714285714285714,0,0.0,1.0,0.012376237623762377,0.9333333333333333,9,0,4.0,0.6428571428571429,0.0,5,5,0,1.0,-17.0,17.0
0.5,0.4,held_out_subject,loso_chb08,chb08,14.0,lightgbm,LightGBM,Fixed threshold,0.5,raw,1,,0.0,3025,0.12010640832208369,216.07142857142858,2639,188.5,0.12760330578512397,0.3184818481848185,0.5699147317329136,1309,1238,4.0,93.5,88.42857142857143,5,5,5,1.0,278.0,-278.0
0.5,0.4,held_out_subject,loso_chb08,chb08,14.0,lightgbm,LightGBM,Temporal persistence,0.5,raw,2,,0.0,1507,0.05983482887318351,107.64285714285714,1212,86.57142857142857,0.1957531519575315,0.2433993399339934,0.6467911650393403,632,580,4.0,45.142857142857146,41.42857142857143,5,5,5,1.0,244.0,-244.0
0.5,0.4,held_out_subject,loso_chb08,chb08,14.0,lightgbm,LightGBM,Full governed policy,0.5,isotonic,2,0.4,0.0,15,0.0005955689668863654,1.0714285714285714,0,0.0,1.0,0.012376237623762377,0.9333333333333333,9,0,4.0,0.6428571428571429,0.0,5,5,0,1.0,-17.0,17.0
0.5,0.67,held_out_subject,loso_chb08,chb08,14.0,lightgbm,LightGBM,Fixed threshold,0.5,raw,1,,0.0,3025,0.12010640832208369,216.07142857142858,2639,188.5,0.12760330578512397,0.3184818481848185,0.5699147317329136,1309,1238,4.0,93.5,88.42857142857143,5,5,5,1.0,278.0,-278.0
0.5,0.67,held_out_subject,loso_chb08,chb08,14.0,lightgbm,LightGBM,Temporal persistence,0.5,raw,2,,0.0,1507,0.05983482887318351,107.64285714285714,1212,86.57142857142857,0.1957531519575315,0.2433993399339934,0.6467911650393403,632,580,4.0,45.142857142857146,41.42857142857143,5,5,5,1.0,244.0,-244.0
0.5,0.67,held_out_subject,loso_chb08,chb08,14.0,lightgbm,LightGBM,Full governed policy,0.5,isotonic,2,0.67,0.0,12,0.0004764551735090924,0.8571428571428571,0,0.0,1.0,0.009900990099009901,1.0,8,0,4.0,0.5714285714285714,0.0,5,5,0,1.0,-17.0,17.0
0.6,0.0,held_out_subject,loso_chb08,chb08,14.0,lightgbm,LightGBM,Fixed threshold,0.6,raw,1,,0.0,1667,0.06618756451997142,119.07142857142857,1353,96.64285714285714,0.1883623275344931,0.2590759075907591,0.5928790432389712,776,714,4.0,55.42857142857143,51.0,5,5,5,1.0,246.0,-246.0
0.6,0.0,held_out_subject,loso_chb08,chb08,14.0,lightgbm,LightGBM,Temporal persistence,0.6,raw,2,,0.0,799,0.03172397363614707,57.07142857142857,568,40.57142857142857,0.28911138923654567,0.1905940594059406,0.6869251246597932,349,300,4.0,24.928571428571427,21.428571428571427,5,5,4,1.0,206.0,-206.0
0.6,0.0,held_out_subject,loso_chb08,chb08,14.0,lightgbm,LightGBM,Full governed policy,0.6,isotonic,2,0.0,0.0,15,0.0005955689668863654,1.0714285714285714,0,0.0,1.0,0.012376237623762377,0.9333333333333333,9,0,4.0,0.6428571428571429,0.0,5,5,0,1.0,-17.0,17.0
0.6,0.25,held_out_subject,loso_chb08,chb08,14.0,lightgbm,LightGBM,Fixed threshold,0.6,raw,1,,0.0,1667,0.06618756451997142,119.07142857142857,1353,96.64285714285714,0.1883623275344931,0.2590759075907591,0.5928790432389712,776,714,4.0,55.42857142857143,51.0,5,5,5,1.0,246.0,-246.0
0.6,0.25,held_out_subject,loso_chb08,chb08,14.0,lightgbm,LightGBM,Temporal persistence,0.6,raw,2,,0.0,799,0.03172397363614707,57.07142857142857,568,40.57142857142857,0.28911138923654567,0.1905940594059406,0.6869251246597932,349,300,4.0,24.928571428571427,21.428571428571427,5,5,4,1.0,206.0,-206.0
0.6,0.25,held_out_subject,loso_chb08,chb08,14.0,lightgbm,LightGBM,Full governed policy,0.6,isotonic,2,0.25,0.0,15,0.0005955689668863654,1.0714285714285714,0,0.0,1.0,0.012376237623762377,0.9333333333333333,9,0,4.0,0.6428571428571429,0.0,5,5,0,1.0,-17.0,17.0
0.6,0.4,held_out_subject,loso_chb08,chb08,14.0,lightgbm,LightGBM,Fixed threshold,0.6,raw,1,,0.0,1667,0.06618756451997142,119.07142857142857,1353,96.64285714285714,0.1883623275344931,0.2590759075907591,0.5928790432389712,776,714,4.0,55.42857142857143,51.0,5,5,5,1.0,246.0,-246.0
0.6,0.4,held_out_subject,loso_chb08,chb08,14.0,lightgbm,LightGBM,Temporal persistence,0.6,raw,2,,0.0,799,0.03172397363614707,57.07142857142857,568,40.57142857142857,0.28911138923654567,0.1905940594059406,0.6869251246597932,349,300,4.0,24.928571428571427,21.428571428571427,5,5,4,1.0,206.0,-206.0
0.6,0.4,held_out_subject,loso_chb08,chb08,14.0,lightgbm,LightGBM,Full governed policy,0.6,isotonic,2,0.4,0.0,15,0.0005955689668863654,1.0714285714285714,0,0.0,1.0,0.012376237623762377,0.9333333333333333,9,0,4.0,0.6428571428571429,0.0,5,5,0,1.0,-17.0,17.0
0.6,0.67,held_out_subject,loso_chb08,chb08,14.0,lightgbm,LightGBM,Fixed threshold,0.6,raw,1,,0.0,1667,0.06618756451997142,119.07142857142857,1353,96.64285714285714,0.1883623275344931,0.2590759075907591,0.5928790432389712,776,714,4.0,55.42857142857143,51.0,5,5,5,1.0,246.0,-246.0
0.6,0.67,held_out_subject,loso_chb08,chb08,14.0,lightgbm,LightGBM,Temporal persistence,0.6,raw,2,,0.0,799,0.03172397363614707,57.07142857142857,568,40.57142857142857,0.28911138923654567,0.1905940594059406,0.6869251246597932,349,300,4.0,24.928571428571427,21.428571428571427,5,5,4,1.0,206.0,-206.0
0.6,0.67,held_out_subject,loso_chb08,chb08,14.0,lightgbm,LightGBM,Full governed policy,0.6,isotonic,2,0.67,0.0,12,0.0004764551735090924,0.8571428571428571,0,0.0,1.0,0.009900990099009901,1.0,8,0,4.0,0.5714285714285714,0.0,5,5,0,1.0,-17.0,17.0
0.7,0.0,held_out_subject,loso_chb08,chb08,14.0,lightgbm,LightGBM,Fixed threshold,0.7,raw,1,,0.0,854,0.0339077265147304,61.0,608,43.42857142857143,0.28805620608899296,0.20297029702970298,0.6207436526523178,379,330,4.0,27.071428571428573,23.571428571428573,5,5,3,1.0,206.0,-206.0
0.7,0.0,held_out_subject,loso_chb08,chb08,14.0,lightgbm,LightGBM,Temporal persistence,0.7,raw,2,,0.0,434,0.017231795441912175,31.0,252,18.0,0.41935483870967744,0.15016501650165018,0.7205672591617293,167,134,4.0,11.928571428571429,9.571428571428571,5,5,1,1.0,-6.0,6.0
0.7,0.0,held_out_subject,loso_chb08,chb08,14.0,lightgbm,LightGBM,Full governed policy,0.7,isotonic,2,0.0,0.0,8,0.0003176367823393949,0.5714285714285714,0,0.0,1.0,0.006600660066006601,0.9583333333333333,4,0,6.0,0.2857142857142857,0.0,5,4,0,0.8,-22.5,22.5
0.7,0.25,held_out_subject,loso_chb08,chb08,14.0,lightgbm,LightGBM,Fixed threshold,0.7,raw,1,,0.0,854,0.0339077265147304,61.0,608,43.42857142857143,0.28805620608899296,0.20297029702970298,0.6207436526523178,379,330,4.0,27.071428571428573,23.571428571428573,5,5,3,1.0,206.0,-206.0
0.7,0.25,held_out_subject,loso_chb08,chb08,14.0,lightgbm,LightGBM,Temporal persistence,0.7,raw,2,,0.0,434,0.017231795441912175,31.0,252,18.0,0.41935483870967744,0.15016501650165018,0.7205672591617293,167,134,4.0,11.928571428571429,9.571428571428571,5,5,1,1.0,-6.0,6.0
0.7,0.25,held_out_subject,loso_chb08,chb08,14.0,lightgbm,LightGBM,Full governed policy,0.7,isotonic,2,0.25,0.0,8,0.0003176367823393949,0.5714285714285714,0,0.0,1.0,0.006600660066006601,0.9583333333333333,4,0,6.0,0.2857142857142857,0.0,5,4,0,0.8,-22.5,22.5
0.7,0.4,held_out_subject,loso_chb08,chb08,14.0,lightgbm,LightGBM,Fixed threshold,0.7,raw,1,,0.0,854,0.0339077265147304,61.0,608,43.42857142857143,0.28805620608899296,0.20297029702970298,0.6207436526523178,379,330,4.0,27.071428571428573,23.571428571428573,5,5,3,1.0,206.0,-206.0
0.7,0.4,held_out_subject,loso_chb08,chb08,14.0,lightgbm,LightGBM,Temporal persistence,0.7,raw,2,,0.0,434,0.017231795441912175,31.0,252,18.0,0.41935483870967744,0.15016501650165018,0.7205672591617293,167,134,4.0,11.928571428571429,9.571428571428571,5,5,1,1.0,-6.0,6.0
0.7,0.4,held_out_subject,loso_chb08,chb08,14.0,lightgbm,LightGBM,Full governed policy,0.7,isotonic,2,0.4,0.0,8,0.0003176367823393949,0.5714285714285714,0,0.0,1.0,0.006600660066006601,0.9583333333333333,4,0,6.0,0.2857142857142857,0.0,5,4,0,0.8,-22.5,22.5
0.7,0.67,held_out_subject,loso_chb08,chb08,14.0,lightgbm,LightGBM,Fixed threshold,0.7,raw,1,,0.0,854,0.0339077265147304,61.0,608,43.42857142857143,0.28805620608899296,0.20297029702970298,0.6207436526523178,379,330,4.0,27.071428571428573,23.571428571428573,5,5,3,1.0,206.0,-206.0
0.7,0.67,held_out_subject,loso_chb08,chb08,14.0,lightgbm,LightGBM,Temporal persistence,0.7,raw,2,,0.0,434,0.017231795441912175,31.0,252,18.0,0.41935483870967744,0.15016501650165018,0.7205672591617293,167,134,4.0,11.928571428571429,9.571428571428571,5,5,1,1.0,-6.0,6.0
0.7,0.67,held_out_subject,loso_chb08,chb08,14.0,lightgbm,LightGBM,Full governed policy,0.7,isotonic,2,0.67,0.0,7,0.00027793218454697053,0.5,0,0.0,1.0,0.005775577557755775,1.0,4,0,5.0,0.2857142857142857,0.0,5,4,0,0.8,-22.5,22.5
0.8,0.0,held_out_subject,loso_chb08,chb08,14.0,lightgbm,LightGBM,Fixed threshold,0.8,raw,1,,0.0,436,0.01731120463749702,31.142857142857142,253,18.071428571428573,0.4197247706422018,0.15099009900990099,0.6629714576962283,188,153,4.0,13.428571428571429,10.928571428571429,5,5,1,1.0,-5.0,5.0
0.8,0.0,held_out_subject,loso_chb08,chb08,14.0,lightgbm,LightGBM,Temporal persistence,0.8,raw,2,,0.0,229,0.009092352894465179,16.357142857142858,90,6.428571428571429,0.6069868995633187,0.11468646864686469,0.7844146392181326,70,46,4.0,5.0,3.2857142857142856,5,5,0,1.0,-8.0,8.0
0.8,0.0,held_out_subject,loso_chb08,chb08,14.0,lightgbm,LightGBM,Full governed policy,0.8,isotonic,2,0.0,0.0,8,0.0003176367823393949,0.5714285714285714,0,0.0,1.0,0.006600660066006601,0.9583333333333333,4,0,6.0,0.2857142857142857,0.0,5,4,0,0.8,-22.5,22.5
0.8,0.25,held_out_subject,loso_chb08,chb08,14.0,lightgbm,LightGBM,Fixed threshold,0.8,raw,1,,0.0,436,0.01731120463749702,31.142857142857142,253,18.071428571428573,0.4197247706422018,0.15099009900990099,0.6629714576962283,188,153,4.0,13.428571428571429,10.928571428571429,5,5,1,1.0,-5.0,5.0
0.8,0.25,held_out_subject,loso_chb08,chb08,14.0,lightgbm,LightGBM,Temporal persistence,0.8,raw,2,,0.0,229,0.009092352894465179,16.357142857142858,90,6.428571428571429,0.6069868995633187,0.11468646864686469,0.7844146392181326,70,46,4.0,5.0,3.2857142857142856,5,5,0,1.0,-8.0,8.0
0.8,0.25,held_out_subject,loso_chb08,chb08,14.0,lightgbm,LightGBM,Full governed policy,0.8,isotonic,2,0.25,0.0,8,0.0003176367823393949,0.5714285714285714,0,0.0,1.0,0.006600660066006601,0.9583333333333333,4,0,6.0,0.2857142857142857,0.0,5,4,0,0.8,-22.5,22.5
0.8,0.4,held_out_subject,loso_chb08,chb08,14.0,lightgbm,LightGBM,Fixed threshold,0.8,raw,1,,0.0,436,0.01731120463749702,31.142857142857142,253,18.071428571428573,0.4197247706422018,0.15099009900990099,0.6629714576962283,188,153,4.0,13.428571428571429,10.928571428571429,5,5,1,1.0,-5.0,5.0
0.8,0.4,held_out_subject,loso_chb08,chb08,14.0,lightgbm,LightGBM,Temporal persistence,0.8,raw,2,,0.0,229,0.009092352894465179,16.357142857142858,90,6.428571428571429,0.6069868995633187,0.11468646864686469,0.7844146392181326,70,46,4.0,5.0,3.2857142857142856,5,5,0,1.0,-8.0,8.0
0.8,0.4,held_out_subject,loso_chb08,chb08,14.0,lightgbm,LightGBM,Full governed policy,0.8,isotonic,2,0.4,0.0,8,0.0003176367823393949,0.5714285714285714,0,0.0,1.0,0.006600660066006601,0.9583333333333333,4,0,6.0,0.2857142857142857,0.0,5,4,0,0.8,-22.5,22.5
0.8,0.67,held_out_subject,loso_chb08,chb08,14.0,lightgbm,LightGBM,Fixed threshold,0.8,raw,1,,0.0,436,0.01731120463749702,31.142857142857142,253,18.071428571428573,0.4197247706422018,0.15099009900990099,0.6629714576962283,188,153,4.0,13.428571428571429,10.928571428571429,5,5,1,1.0,-5.0,5.0
0.8,0.67,held_out_subject,loso_chb08,chb08,14.0,lightgbm,LightGBM,Temporal persistence,0.8,raw,2,,0.0,229,0.009092352894465179,16.357142857142858,90,6.428571428571429,0.6069868995633187,0.11468646864686469,0.7844146392181326,70,46,4.0,5.0,3.2857142857142856,5,5,0,1.0,-8.0,8.0
0.8,0.67,held_out_subject,loso_chb08,chb08,14.0,lightgbm,LightGBM,Full governed policy,0.8,isotonic,2,0.67,0.0,7,0.00027793218454697053,0.5,0,0.0,1.0,0.005775577557755775,1.0,4,0,5.0,0.2857142857142857,0.0,5,4,0,0.8,-22.5,22.5
0.9,0.0,held_out_subject,loso_chb08,chb08,14.0,lightgbm,LightGBM,Fixed threshold,0.9,raw,1,,0.0,147,0.005836575875486381,10.5,38,2.7142857142857144,0.7414965986394558,0.08993399339933994,0.7592592592592593,51,29,4.0,3.642857142857143,2.0714285714285716,5,5,0,1.0,-9.0,9.0
0.9,0.0,held_out_subject,loso_chb08,chb08,14.0,lightgbm,LightGBM,Temporal persistence,0.9,raw,2,,0.0,85,0.003374890812356071,6.071428571428571,6,0.42857142857142855,0.9294117647058824,0.06518151815181518,0.8481792717086836,25,6,6.0,1.7857142857142858,0.42857142857142855,5,5,0,1.0,-11.0,11.0
0.9,0.0,held_out_subject,loso_chb08,chb08,14.0,lightgbm,LightGBM,Full governed policy,0.9,isotonic,2,0.0,0.0,8,0.0003176367823393949,0.5714285714285714,0,0.0,1.0,0.006600660066006601,0.9583333333333333,4,0,6.0,0.2857142857142857,0.0,5,4,0,0.8,-22.5,22.5
0.9,0.25,held_out_subject,loso_chb08,chb08,14.0,lightgbm,LightGBM,Fixed threshold,0.9,raw,1,,0.0,147,0.005836575875486381,10.5,38,2.7142857142857144,0.7414965986394558,0.08993399339933994,0.7592592592592593,51,29,4.0,3.642857142857143,2.0714285714285716,5,5,0,1.0,-9.0,9.0
0.9,0.25,held_out_subject,loso_chb08,chb08,14.0,lightgbm,LightGBM,Temporal persistence,0.9,raw,2,,0.0,85,0.003374890812356071,6.071428571428571,6,0.42857142857142855,0.9294117647058824,0.06518151815181518,0.8481792717086836,25,6,6.0,1.7857142857142858,0.42857142857142855,5,5,0,1.0,-11.0,11.0
0.9,0.25,held_out_subject,loso_chb08,chb08,14.0,lightgbm,LightGBM,Full governed policy,0.9,isotonic,2,0.25,0.0,8,0.0003176367823393949,0.5714285714285714,0,0.0,1.0,0.006600660066006601,0.9583333333333333,4,0,6.0,0.2857142857142857,0.0,5,4,0,0.8,-22.5,22.5
0.9,0.4,held_out_subject,loso_chb08,chb08,14.0,lightgbm,LightGBM,Fixed threshold,0.9,raw,1,,0.0,147,0.005836575875486381,10.5,38,2.7142857142857144,0.7414965986394558,0.08993399339933994,0.7592592592592593,51,29,4.0,3.642857142857143,2.0714285714285716,5,5,0,1.0,-9.0,9.0
0.9,0.4,held_out_subject,loso_chb08,chb08,14.0,lightgbm,LightGBM,Temporal persistence,0.9,raw,2,,0.0,85,0.003374890812356071,6.071428571428571,6,0.42857142857142855,0.9294117647058824,0.06518151815181518,0.8481792717086836,25,6,6.0,1.7857142857142858,0.42857142857142855,5,5,0,1.0,-11.0,11.0
0.9,0.4,held_out_subject,loso_chb08,chb08,14.0,lightgbm,LightGBM,Full governed policy,0.9,isotonic,2,0.4,0.0,8,0.0003176367823393949,0.5714285714285714,0,0.0,1.0,0.006600660066006601,0.9583333333333333,4,0,6.0,0.2857142857142857,0.0,5,4,0,0.8,-22.5,22.5
0.9,0.67,held_out_subject,loso_chb08,chb08,14.0,lightgbm,LightGBM,Fixed threshold,0.9,raw,1,,0.0,147,0.005836575875486381,10.5,38,2.7142857142857144,0.7414965986394558,0.08993399339933994,0.7592592592592593,51,29,4.0,3.642857142857143,2.0714285714285716,5,5,0,1.0,-9.0,9.0
0.9,0.67,held_out_subject,loso_chb08,chb08,14.0,lightgbm,LightGBM,Temporal persistence,0.9,raw,2,,0.0,85,0.003374890812356071,6.071428571428571,6,0.42857142857142855,0.9294117647058824,0.06518151815181518,0.8481792717086836,25,6,6.0,1.7857142857142858,0.42857142857142855,5,5,0,1.0,-11.0,11.0
0.9,0.67,held_out_subject,loso_chb08,chb08,14.0,lightgbm,LightGBM,Full governed policy,0.9,isotonic,2,0.67,0.0,7,0.00027793218454697053,0.5,0,0.0,1.0,0.005775577557755775,1.0,4,0,5.0,0.2857142857142857,0.0,5,4,0,0.8,-22.5,22.5
