tree
version=v4
num_class=1
num_tree_per_iteration=1
label_index=0
max_feature_idx=19
objective=binary sigmoid:1
feature_names=bp_delta rel_bp_delta bp_theta rel_bp_theta bp_alpha rel_bp_alpha bp_beta rel_bp_beta bp_gamma rel_bp_gamma spectral_entropy hjorth_activity hjorth_mobility hjorth_complexity line_length rms_amplitude variance zero_crossing_rate skewness kurtosis
feature_infos=[1.6304531455426513e-11:2.095934633123358e-07] [0.012868393086247465:0.87996460213622418] [5.4511067598912403e-12:1.1465412729328893e-07] [0.0052087267016526695:0.50672826371444879] [2.0981635008511697e-12:7.3211835079205076e-08] [0.00199914514433193:0.29435287117329484] [3.0755425917673132e-12:7.1752170175107016e-08] [0.0015627471140435925:0.38308891399712669] [8.6026170835788429e-13:2.7822206871697119e-08] [0.00039139302895779777:0.49530154950508537] [0.36721134185791016:5.8551225662231445] [5.3122121285165136e-11:5.5732346027070889e-07] [0.061995521187782288:1.2306011915206909] [0.89050710201263428:5.6886491775512695] [0.0020153357181698084:0.29283860325813293] [7.2376856223854702e-06:0.00071873120032250881] [5.3122121285165136e-11:5.5732346027070889e-07] [0.012073863636363636:0.46799538352272729] [-2.0532801266420972:2.5196367901834575] [-0.51731336116790771:93.068817138671875]
tree_sizes=3488 3475 3499 3503 3495 3502 3496 3514 3496 3514 3504 3515 3532 3516 3510 3516 3505 3514 3505 3512 3497 3511 3512 3510 3512 3478 3523 3515 3507 3531 3511 3511 3493 3498 3506 3480 3496 3463 3483 3470 3471 3482 3482 3442 3484 3482 3478 3475 3512 3437 3498 3458 3501 3518 3458 3493 3420 3454 3473 3458 3453 3521 3468 3487 3476 3468 3469 3408 3505 3481 3481 3467 3479 3437 3490 3436 3470 3458 3496 3486 3451 3415 3445 3458 3471 3451 3500 3447 3462 3442 3435 3436 3487 3472 3449 3463 3474 3443 3449 3496

Tree=0
num_leaves=31
num_cat=0
split_feature=2 9 8 8 5 17 19 10 17 2 8 5 3 3 4 17 13 9 3 17 19 6 8 4 1 3 4 5 7 1
split_gain=5259.6 2982.25 2319.68 1426.54 805.675 727.417 705.146 558.632 490.16 585.152 462.625 416.834 366.306 335.377 509.45 415.267 796.242 676.606 304.42 275.777 281.987 256.836 246.871 243.706 241.561 213.181 440.702 190.27 200.653 180.469
threshold=8.2601421349758139e-10 0.0045920517691099717 1.182368357894641e-12 1.8019718519989846e-11 0.025077524371496789 0.21939364346590912 2.0947473049163823 1.5838689804077151 0.15418590198863638 5.1605375518539906e-10 3.8005584581019264e-12 0.0064456391697475012 0.11544047242310089 0.051581156138126957 9.9812443116699853e-11 0.11130593039772728 1.6349822878837588 0.011711347663434383 0.071728705891871664 0.1319025213068182 1.3786016106605532 4.4947265230484238e-11 2.0870703045347137e-11 5.5262306778628359e-11 0.54862147871064793 0.017759196568617321 1.090746191457062e-11 0.028625409799784441 0.054895823409583357 0.65157915280062084
decision_type=2 2 2 2 2 2 2 2 2 2 2 2 2 2 2 2 2 2 2 2 2 2 2 2 2 2 2 2 2 2
left_child=1 2 -1 -2 25 8 -5 -6 9 13 -9 21 -8 15 19 16 -3 -17 -12 24 -21 -10 -13 -19 -15 26 -4 -16 -29 -11
right_child=3 5 4 6 7 -7 12 10 11 29 18 22 -14 14 27 17 -18 23 -20 20 -22 -23 -24 -25 -26 -27 -28 28 -30 -31
leaf_value=0.14025632706683439 -0.15314833735870034 0.15485506949282618 -0.1887052046085412 0.1591486820494209 -0.19102030377039761 -0.16675105872171186 -0.080018721663038264 0.09217633184260926 0.012433950818989277 0.039617330944570851 0.1238885982654305 -0.20000000668278958 0.11265193324662423 -0.08208218144547727 -0.034574028024007282 -0.15552228154601352 -0.070070122941917418 0.051271655867037948 -0.11901372486956249 -0.075743577588107569 0.056652875478762459 -0.20000000668278958 0.078384839252590169 -0.1079642065719322 0.083010401245110679 -0.18579291158123318 0.062919559061709415 -0.097195232657139891 0.069261568275384086 0.16465958980553702
leaf_weight=332.22192201018333 178.72103330492973 451.28526943922043 185.33699613809586 2354.766370177269 233.11959302425385 251.83890821039677 200.64349129796028 261.51016031205654 147.81144547462463 1341.0065100193024 61.400043830275536 32.55517590045929 194.16798110306263 2139.1849319338799 404.93657992780209 282.39007484912872 241.67011792957783 620.65963867306709 323.10174043476582 286.39853858947754 367.03468975424767 92.545963749289513 1481.3626159578562 113.72447927296162 92.458820849657059 1768.1402201801538 111.46688742935658 81.449318215250969 653.04882010817528 126.29198186099529
leaf_count=486 1210 541 1374 2640 1738 1767 1093 610 558 4403 108 248 381 11733 1873 1924 1273 1907 1988 1538 1092 705 3825 677 231 13015 319 469 1794 129
internal_value=-7.35107e-09 -0.0282928 -0.110229 0.120618 -0.138495 0.000862239 0.138413 -0.0583215 0.00557555 -0.005971 -0.0104359 0.0529757 0.0147366 -0.0203903 -0.0361532 0.0167138 0.0764118 -0.0239718 -0.0802253 -0.0585125 -0.00137624 -0.0693605 0.0723985 0.0266129 -0.0752423 -0.172629 -0.0942057 0.0204614 0.050803 0.0503799
internal_weight=15412.3 12484 3276.3 2928.3 2944.08 9207.65 2749.58 879.132 8955.81 7201.54 646.012 1754.28 394.811 5734.24 4024.51 1709.73 692.955 1016.77 384.502 2885.08 653.433 240.357 1513.92 734.384 2231.64 2064.94 296.804 1139.43 734.498 1467.3
internal_count=61649 56325 19638 5324 19152 36687 4114 4444 34920 29584 2706 5336 1474 25052 18730 6322 1814 4508 2096 14594 2630 1263 4073 2584 11964 14708 1693 4136 2263 4532
is_linear=0
shrinkage=1


Tree=1
num_leaves=31
num_cat=0
split_feature=14 2 8 7 8 14 19 17 6 2 14 2 12 3 5 4 5 6 17 9 9 5 9 8 3 14 5 1 15 1
split_gain=4351 2622.37 1730.11 1011.95 791.537 619.037 577.47 386.057 334.156 516.269 335.08 322.1 367.207 313.16 311.119 285.101 252.328 239.381 218.647 206.703 198.34 514.375 183.429 373.303 234.912 198.161 177.317 214.982 173.93 168.743
threshold=0.0055850283242762097 8.2601421349758139e-10 1.182368357894641e-12 0.015705234138148946 1.8019718519989846e-11 0.052759584039449699 2.0947473049163823 0.14513050426136367 2.8166837191318211e-11 4.6869770234976549e-10 0.0068015456199646005 2.2988036002259874e-10 0.17217821627855304 0.093871043270792695 0.0064456391697475012 9.9812443116699853e-11 0.012616985966824599 4.2300109202890211e-11 0.1066006747159091 0.0052726307470765529 0.085070703976173209 0.027583023116073972 0.0086210242190053812 3.850766126207638e-12 0.069352395960382937 0.0039142011664807805 0.033790188756382671 0.32033889661897802 0.00011213191828574055 0.63354285820768486
decision_type=2 2 2 2 2 2 2 2 2 2 2 2 2 2 2 2 2 2 2 2 2 2 2 2 2 2 2 2 2 2
left_child=2 5 -1 19 -3 7 28 8 11 15 -11 12 -2 -8 17 16 18 -9 -10 -4 21 -16 23 24 -5 -25 27 -22 -6 -12
right_child=1 4 3 22 6 -7 13 14 9 10 29 -13 -14 -15 20 -17 -18 -19 -20 -21 26 -23 -24 25 -26 -27 -28 -29 -30 -31
leaf_value=0.12687558204122923 0.14787524444871059 -0.12341443665874624 -0.15108651159351155 -0.18604095815611052 0.11760990164165415 -0.18518234372218662 -0.12206090873785974 0.059129436473885036 -0.073883440215476312 -0.11304739670587682 0.033819605273748464 -0.1380963867201189 -0.089824091696161262 0.072036269359596269 0.1008464434956625 0.014836381803118451 -0.061227307633544892 -0.17470618722278158 0.071075022166674703 -0.066100182212117942 -0.058320257714291668 -0.10347050107195975 0.048841587659184046 0.11810968834956317 0.11540475860788757 -0.1459261877832769 0.091779055144269275 0.065806145133302504 0.17215587106051611 0.14443322580633791
leaf_weight=330.59340620040894 351.48921900987625 134.21928317844868 2418.3664982765913 31.256888821721077 1200.2652885317802 170.79615399241447 119.19569134712219 72.296449199318886 161.03956496715546 148.23738126456738 1531.3147844076157 63.027866631746292 79.734405472874641 274.68022285401821 1120.6622083932161 931.28917321562767 2480.0143204331398 110.98821958899498 294.04752685129642 324.59881752729416 381.4278676211834 138.43839046359062 301.93457280099392 31.748283952474594 149.48950147628784 271.50209657847881 221.30734330415726 220.01820081472397 1139.6532891392708 151.56397365033627
leaf_count=486 419 877 17028 240 1931 1310 758 210 869 926 5121 426 458 716 2321 3448 12941 834 784 1725 1908 811 925 54 271 1871 496 599 709 177
internal_value=-3.16618e-06 0.0308403 -0.0918723 -0.112365 0.113679 0.003303 0.12532 0.00710966 -0.00581326 -0.0126555 0.0310857 0.0730611 0.103924 0.0132981 0.0424345 -0.0333713 -0.0486673 -0.08247 0.0197792 -0.141029 0.053431 0.0783818 -0.012324 -0.0504812 0.0632751 -0.118283 0.0152475 -0.0129129 0.144176 0.0437817
internal_weight=15355.2 11495.7 3859.49 3528.9 2868.01 8627.69 2733.79 8456.9 6191.76 5697.51 1831.12 494.251 431.224 393.876 2265.14 3866.39 2935.1 183.285 455.087 2742.97 2081.85 1259.1 785.931 483.997 180.746 303.25 822.753 601.446 2339.92 1682.88
internal_count=61649 39049 22600 22114 4991 34058 4114 32748 25569 24266 6224 1303 877 1474 7179 18042 14594 1044 1653 18753 6135 3132 3361 2436 511 1925 3003 2507 2640 5298
is_linear=0
shrinkage=0.1


Tree=2
num_leaves=31
num_cat=0
split_feature=14 2 8 7 14 17 19 17 1 6 4 12 2 12 5 2 3 8 17 19 8 6 5 6 5 19 8 3 6 9
split_gain=3573.2 2163.72 1456.22 799.717 686.52 523.754 489.547 375.647 286.407 314.271 299.643 283.925 264.087 317.452 227.885 224.681 224.146 209.098 206.906 300.834 205.978 185.552 241.916 316.222 193.49 159.477 326.353 180.761 149.19 148.8
threshold=0.005546755390241743 8.2601421349758139e-10 1.0595489358153367e-12 0.015705234138148946 0.0085272947326302546 0.21939364346590912 2.0421931743621831 0.14513050426136367 0.63354285820768486 2.8166837191318211e-11 9.8812634016664989e-11 0.61200964450836193 2.7721583393712886e-10 0.17217821627855304 0.0064456391697475012 5.0470117561020647e-10 0.078025684948271681 3.3987768345430741e-11 0.1212491122159091 1.5332801938056948 1.9875001817340452e-11 5.8907411176065571e-10 0.027101294588983964 1.7729465850896281e-10 0.027928000985466658 1.1334132552146914 3.850766126207638e-12 0.069352395960382937 2.1959080075855945e-10 0.007038130753600636
decision_type=2 2 2 2 2 2 2 2 2 2 2 2 2 2 2 2 2 2 2 2 2 2 2 2 2 2 2 2 2 2
left_child=2 5 -1 29 -3 7 -6 8 9 12 15 -8 13 -2 17 18 -12 -9 28 -20 -17 22 -16 -24 -23 26 27 -5 -11 -4
right_child=1 4 3 25 6 -7 11 14 -10 10 16 -13 -14 -15 21 20 -18 -19 19 -21 -22 24 23 -25 -26 -27 -28 -29 -30 -31
leaf_value=0.14558100071312893 0.13154432765336951 -0.087540622154701694 -0.13251903817021937 -0.17460344742360293 0.13452903906199734 -0.14098071217390104 0.052988422484727273 0.063938421104390936 0.11493944836815549 -0.050647885887970978 -0.038073349437705149 -0.16987650911319929 -0.13873016046695241 -0.085295833752254663 0.085859313601174922 -0.16107220185065751 0.037919630389704473 -0.15503465938169092 -0.065598526642513019 0.036715241561904442 0.040707918922842048 -0.088506084036774665 -0.16840661480044949 0.054659129016547084 0.052833067876386433 0.046220055461561181 -0.11036000826880839 0.11030058640689085 -0.12111610140148438 -0.03330423750980209
leaf_weight=255.96297547221184 366.92789216339588 176.15684132277966 2578.2932083010674 26.504401654005051 2248.637465134263 245.91705843806267 334.9209788441658 74.045195013284683 191.44731459021568 1479.5633766651154 545.21693362295628 68.928295895457268 55.950510188937187 82.738615959882736 1314.8409453779459 55.673571214079857 1347.194350540638 106.08776251971722 538.98175328969955 615.63434237241745 554.02832907438278 172.61137376725674 91.714498147368431 206.96061761677265 220.69843167066574 298.17811970412731 296.7471841275692 139.36725340783596 376.98545733094215 160.57877403497696
leaf_count=243 474 1046 18064 208 2479 1767 980 206 310 7613 2530 511 397 484 2904 412 4376 794 2912 2070 1746 958 665 598 629 928 1899 239 2431 776
internal_value=-5.32147e-06 0.0277112 -0.0846676 -0.101508 0.103627 0.00286646 0.116323 0.00707906 -0.00547207 -0.00930208 -0.016222 0.0149502 0.0661528 0.0916457 0.0427207 -0.0330758 0.0160255 -0.0650239 -0.0442849 -0.0110454 0.0222828 0.0523918 0.0674045 -0.0138379 -0.00919627 -0.010808 -0.0475651 0.0647762 -0.064957 -0.126702
internal_weight=15227.5 11471.9 3755.63 3499.67 2828.64 8643.22 2652.49 8397.3 6210.34 6018.9 5513.28 403.849 505.617 449.667 2186.96 3620.87 1892.41 180.133 3011.16 1154.62 609.702 2006.83 1613.52 298.675 393.31 760.797 462.619 165.872 1856.55 2738.87
internal_count=61649 39292 22357 22114 5016 34276 3970 32509 25755 25445 24090 1491 1355 958 6754 17184 6906 1000 15026 4982 2158 5754 4167 1263 1587 3274 2346 447 10044 18840
is_linear=0
shrinkage=0.1


Tree=3
num_leaves=31
num_cat=0
split_feature=14 2 8 7 8 14 19 17 2 8 14 3 4 2 8 9 8 14 3 7 17 2 3 5 14 9 2 7 6 3
split_gain=2954.45 1805.13 1218.19 751.909 554.811 447.795 412.189 260.493 246.122 490.476 281.607 230.224 217.725 206.43 210.45 205.64 288.035 279.731 254.094 187.331 186.329 231.27 193.411 187.216 344.401 182.545 174.449 158.721 158.455 157.423
threshold=0.0055850283242762097 8.2601421349758139e-10 1.182368357894641e-12 0.013230298441330796 1.8019718519989846e-11 0.052759584039449699 2.1226826906204228 0.14078036221590912 5.1605375518539906e-10 1.1076757933919106e-11 0.0067405835725367078 0.12284967230406475 9.5196015746807487e-12 3.0230029185585863e-10 5.6683421845633752e-12 0.0086210242190053812 3.850766126207638e-12 0.0040626840200275191 0.069352395960382937 0.11395655821049851 0.1066006747159091 1.5496342156325e-10 0.052245725843514619 0.027260534928847831 0.010019305162131788 0.015260983345131452 2.7239184855181597e-10 0.046433702728495944 4.1006923626400507e-11 0.025390368657402639
decision_type=2 2 2 2 2 2 2 2 2 2 2 2 2 2 2 2 2 2 2 2 2 2 2 2 2 2 2 2 2 2
left_child=2 5 29 -4 -3 7 -6 8 9 13 -10 -8 28 14 -2 16 18 -18 -5 25 26 22 -22 24 -23 -14 -11 -25 -9 -1
right_child=1 4 3 15 6 -7 11 12 10 20 -12 -13 19 -15 -16 -17 17 -19 -20 -21 21 23 -24 27 -26 -27 -28 -29 -30 -31
leaf_value=-0.13983263532180323 -0.16279688323259456 -0.10548900496938514 -0.12901179888951769 -0.16347276763995028 0.121914190469765 -0.16187056210498815 -0.05754251575903474 0.044517097510912609 -0.10752461901536717 -0.10308948806773353 0.042803841704477652 0.099252056378348441 -0.17852996929270729 -0.12647378424187866 0.12767041167262155 0.032733776782782803 0.078799951556907569 -0.12442673039896207 0.081756909250085663 -0.0093515265965930638 -0.0078664492138751218 0.090662221112465385 -0.11398088687683271 -0.089176716940571804 -0.051510433830559754 0.060857717790945856 -0.031727928010130538 0.063151437158251611 -0.14975906506550757 0.12879246433898656
leaf_weight=23.541887372732162 26.822347700595856 130.6509406119585 2221.6782720014453 53.402536787092686 2253.8214898705482 162.15190601348877 218.58202674984932 68.598192363977432 137.09079261124134 522.4053158313036 1369.0216214433312 163.83781667053699 32.441008940339088 41.898603074252605 356.0548208206892 358.69839733839035 78.343298397958279 499.93447460979223 202.35780721157789 568.47790932655334 346.22232134640217 218.78390742838383 340.87493935227394 76.535426661372185 770.21817067265511 1760.7750712707639 995.07228089123964 643.72564478218555 108.20342125743628 297.56918415427208
leaf_count=145 188 877 16267 430 2658 1310 1156 204 901 3243 4121 300 255 289 460 1198 212 3531 476 2336 1459 520 2184 455 3996 4687 4800 1816 834 341
internal_value=-6.98354e-06 0.0254556 -0.0771152 -0.0946278 0.0956575 0.00272507 0.105626 0.00590875 -0.00570838 -0.0177989 0.0291205 0.00963203 0.0326565 0.0842609 0.107322 -0.0305817 -0.0578121 -0.0968942 0.0305532 0.0406695 -0.0288757 -0.0115127 -0.0605107 0.00818375 -0.0200594 0.056527 -0.0562948 0.0469649 -0.0743808 0.109099
internal_weight=15047.8 11312.3 3735.53 3414.41 2766.89 8545.37 2636.24 8383.22 5844.73 4338.61 1506.11 382.42 2538.5 424.776 382.877 1192.74 834.038 578.278 255.76 2361.69 3913.84 2396.36 687.097 1709.26 989.002 1793.22 1517.48 720.261 176.802 321.111
internal_count=61649 39049 22600 22114 4991 34058 4114 32748 24432 19410 5022 1456 8316 937 648 5847 4649 3743 906 7278 18473 10430 3643 6787 4516 4942 8043 2271 1038 486
is_linear=0
shrinkage=0.1


Tree=4
num_leaves=31
num_cat=0
split_feature=8 2 8 5 17 19 1 5 17 9 8 17 10 3 12 2 15 5 7 6 14 5 8 8 17 10 6 4 10 11
split_gain=2466.13 1810.51 922.831 829.31 454.444 430.086 382.813 646.115 368.188 347.789 350.323 343.8 300.059 252.344 248.167 236.669 205.856 173.73 246.372 199.861 167.25 156.65 166.181 155.149 197.438 150.133 156.643 137.719 136.013 342.995
threshold=1.9875001817340452e-11 7.0925945279867112e-10 1.0595489358153367e-12 0.022331659698233513 0.11365855823863637 2.0421931743621831 0.22598872165621675 0.01082938774982351 0.23741566051136367 0.0043023134718996508 3.5848542211642884e-12 0.13518732244318185 1.5390765666961672 0.057541207980158222 0.61200964450836193 4.6869770234976549e-10 0.00012506738858064639 0.006728835179634839 0.10868854745406258 4.4947265230484238e-11 0.0057789583224803218 0.033482339950182856 2.9443162294880801e-10 3.2316901868424734e-12 0.11459073153409093 1.6251772046089175 6.0214237835773929e-10 1.636281362104262e-11 1.7008562684059145 8.8356114091858739e-10
decision_type=2 2 2 2 2 2 2 2 2 2 2 2 2 2 2 2 2 2 2 2 2 2 2 2 2 2 2 2 2 2
left_child=2 8 -1 6 9 16 7 -4 11 10 12 15 -5 -11 -7 25 -3 19 28 -13 -15 22 -20 -9 -25 27 -27 -2 -19 -30
right_child=1 5 3 4 -6 14 -8 23 -10 13 -12 17 -14 20 -16 -17 -18 18 21 -21 -22 -23 -24 24 -26 26 -28 -29 29 -31
leaf_value=0.12623161394740356 -0.081813373120875763 0.087043965712305785 -0.15085408223449792 -0.15064130836881068 -0.13590164347247477 0.036731097441590886 -0.14476248491278859 -0.086793487025860386 -0.13567828695398557 0.11067349881355593 -0.08012593693789484 0.021204806274996251 0.085856737377702191 -0.14608324923139551 -0.15941939228773649 0.024098727919930008 0.14664292559378853 0.10420752884430612 0.077381394601349907 -0.15828517217821719 0.0472974207483981 0.070545510805054917 -0.064723879238759566 0.12319443403155333 -0.054739034329205044 -0.042475585713520621 0.027608397671913316 0.11200136641451625 -0.10865100062180832 0.057206552921037913
leaf_weight=242.84492570161819 50.466645255684853 1621.7842260599136 370.00933540612459 65.732514567673206 310.75151938199997 429.2505035623908 1491.5494682043791 81.562590375542641 195.42095804959536 355.65917210280895 672.54534429311752 162.01627773046494 291.80744360387325 76.916509807109833 75.907007724046707 1167.6012954711914 901.80376583337784 455.32639003545046 100.96105203032494 100.52973526716232 106.85733537375927 173.85087649524212 445.05398428440094 204.95551739633083 89.634393662214279 2625.6615638285875 363.00458104908466 134.03242717683315 137.60269988328218 1328.2638363093138
leaf_count=243 274 2914 2953 524 2338 1335 11904 526 1549 580 4309 563 747 568 581 3935 525 780 246 843 356 428 2328 427 526 13430 1287 253 819 3558
internal_value=-1.70589e-05 0.0263031 -0.0632008 -0.074372 -0.0254157 0.0914819 -0.115508 -0.05703 -0.000231275 -0.00354046 -0.0376054 0.00342248 0.0423774 0.0615089 0.00725673 -0.0143947 0.108342 0.0300584 0.0377706 -0.0475225 -0.0336399 -0.0121255 -0.0384479 0.0352617 0.0690549 -0.0285587 -0.0339632 0.0589866 0.0564666 0.0416373
internal_weight=14829.4 10468.5 4360.83 4117.98 1880.27 3028.75 2237.71 746.162 7439.79 1569.52 1030.09 7244.37 357.54 539.433 505.158 4340.77 2523.59 2903.6 2641.06 262.546 183.774 719.866 546.015 376.153 294.59 3173.17 2988.67 184.499 1921.19 1465.87
internal_count=61649 35648 26001 25758 9422 5355 16336 4432 30293 7084 5580 28744 1271 1504 1916 19179 3439 9565 8159 1406 924 3002 2574 1479 953 15244 14717 527 5157 4377
is_linear=0
shrinkage=0.1


Tree=5
num_leaves=31
num_cat=0
split_feature=14 2 8 7 12 19 1 14 17 3 10 4 8 10 3 7 1 6 3 5 14 9 0 6 4 3 4 15 14 2
split_gain=2079.38 1322.2 876.381 562.775 332.615 322.688 256.886 254.901 218.095 196.75 176.789 362.095 202.212 177.107 267.462 207.349 175.633 173.959 163.586 349.457 211.961 196.034 163.522 148.336 128.08 121.298 118.641 110.41 106.146 123.767
threshold=0.005546755390241743 1.0616522948401032e-09 1.182368357894641e-12 0.01368350437146388 0.90575459599494945 2.0174368619918828 0.63354285820768486 0.0084301647730171698 0.14513050426136367 0.12139522595305503 1.7846078872680666 7.1169065373447549e-11 2.0414590784350893e-10 2.5320848226547246 0.071728705891871664 0.056738335144496901 0.11975117292635258 2.9607539934192364e-11 0.017157991379236046 0.0085848284571136066 0.0034794892417266969 0.00287087233989728 2.4261197730410499e-10 2.0444135020947045e-11 3.481710343937868e-11 0.025390368657402639 1.636281362104262e-11 4.6929706513765275e-05 0.0059911557473242292 2.6724168003612358e-10
decision_type=2 2 2 2 2 2 2 2 2 2 2 2 2 2 2 2 2 2 2 2 2 2 2 2 2 2 2 2 2 2
left_child=2 4 25 18 6 7 8 -3 10 -7 16 12 28 15 -15 17 -2 -13 19 -4 21 -21 24 -5 -10 -1 -18 -28 -12 -30
right_child=1 5 3 23 -6 9 -8 -9 22 -11 11 13 -14 14 -16 -17 26 -19 -20 20 -22 -23 -24 -25 -26 -27 27 -29 29 -31
leaf_value=-0.1232609959790833 -0.08539573627482544 -0.084036707561359503 -0.14289588532134012 -0.10875396808413135 -0.14566852025919019 -0.094970619366282025 0.10100399027147014 0.1196691637849044 0.0085879287213011211 0.080636385938736288 -0.12951791923257394 0.09298510915363134 -0.12144520530112167 -0.042050584971043165 0.033422153164043865 0.13789536958189419 -0.058170366085841876 -0.082383876282013879 -0.12378303023419124 -0.15985291244703856 -0.11328608864081145 0.21060086667195654 0.043582519689058477 -0.0061840486795146964 -0.11560909281573528 0.11289660236863218 0.090940951371825382 -0.11918070039985618 -0.052218035607120843 0.00059426854326130119
leaf_weight=23.572843015193939 91.495072975754738 63.844763688743114 171.41586174070835 168.03578145802021 143.75361437350512 129.84474759548903 285.43418490886688 1622.5110619589686 300.12974098324776 125.43805987387896 103.27573197335005 64.411555722355843 284.36628114432096 582.69740763306618 2418.114764533937 58.171423062682152 70.425411909818649 464.26947467029095 1822.3364422023296 17.206267759203911 44.915080428123474 84.11910106241703 1881.4221557229757 876.18568604439497 114.79423317313194 281.19927237927914 489.32300352305174 26.35427675396204 868.40442487597466 907.44510837644339
leaf_count=145 541 430 1467 1218 1274 816 461 1608 1188 256 763 136 1908 2898 7838 87 354 2789 14659 141 332 73 5511 3981 733 341 987 166 4706 3842
internal_value=-3.15151e-05 0.0211415 -0.0673675 -0.0828729 0.00524365 0.0960955 0.0076513 0.111957 0.00459734 -0.00868278 -0.00485181 -0.0105439 -0.0428558 0.0089413 0.0187669 -0.0413007 0.0434603 -0.0610179 -0.11224 -0.0460176 0.0675383 0.147693 0.0310508 -0.0226896 -0.0257728 0.0946308 0.0635757 0.0802024 -0.0309629 -0.0252314
internal_weight=14584.9 11095.9 3488.99 3184.21 9154.29 1941.64 9010.53 1686.36 8725.1 255.283 6428.75 5751.16 2163.49 3587.66 3000.81 586.852 677.598 528.681 2139.99 317.656 146.24 101.325 2296.35 1044.22 414.924 304.772 586.103 515.677 1879.13 1775.85
internal_count=61649 39292 22357 21871 36182 3110 34908 2038 34447 1072 27015 24967 11219 13748 10736 3012 2048 2925 16672 2013 546 214 7432 5199 1921 486 1507 1153 9311 8548
is_linear=0
shrinkage=0.1


Tree=6
num_leaves=31
num_cat=0
split_feature=9 2 8 5 15 10 19 17 17 4 14 3 8 5 1 10 5 7 1 8 3 8 1 4 18 2 5 6 10 10
split_gain=1754.01 1353.74 806.091 453.818 329.785 317.368 312.362 270.989 207.399 209.921 217.579 196.214 191.976 182.8 169.857 217.762 229.36 422.394 199.56 196.271 168.382 164.83 153.824 155.631 140.762 137.547 136.499 198.227 134.971 148.919
threshold=0.0043023134718996508 7.0925945279867112e-10 1.182368357894641e-12 0.028270482571229407 0.00011705873839673588 1.5838689804077151 2.0421931743621831 0.21939364346590912 0.15418590198863638 1.1780478483940426e-11 0.0041573003400117168 0.091597216121477212 2.1891360590405731e-11 0.053219124587237425 0.088390780551218448 1.8001942038536074 0.028625409799784441 0.046433702728495944 0.54862147871064793 1.8896091783809597e-11 0.052858528728971232 3.4082013909035711e-12 0.65157915280062084 1.1452682604012085e-09 0.35232735090804373 2.2051414705048916e-10 0.0070124625761408908 3.921615014948067e-11 1.7008562684059145 2.5519493818283085
decision_type=2 2 2 2 2 2 2 2 2 2 2 2 2 2 2 2 2 2 2 2 2 2 2 2 2 2 2 2 2 2
left_child=2 7 -1 4 -4 -5 13 8 9 -2 -11 -8 -10 22 -12 20 18 19 24 -18 -16 -7 23 -3 -17 -22 27 -14 -28 -30
right_child=1 6 3 5 -6 21 11 -9 12 10 14 -13 26 -15 15 16 17 -19 -20 -21 25 -23 -24 -25 -26 -27 28 -29 29 -31
leaf_value=0.088103020882506267 -0.13589915395873212 0.060391541452933267 -0.11603602496660709 -0.14580111624133657 0.15291321785071732 0.10611823719686318 -0.092990775174423307 -0.11254305592583998 -0.15225359480110109 0.11168693842143773 -0.1081913583511383 0.045756540795769102 0.062982972448898708 0.13691572538376287 0.053506353935974763 -0.042248999383604546 0.045420943215083186 0.049943799732080962 0.058194157130904624 -0.10200808079084045 -0.14926013534253699 -0.015722728903697344 0.12624331063568039 -0.31777794886913618 0.012888796707751055 0.11399873626675616 0.10938248101485369 -0.1233073057637403 -0.034337852912447453 0.054218117839603168
leaf_weight=295.22266182303429 124.05293388664722 1207.9155745357275 1955.240845605731 143.29240556061268 46.68072772026062 161.60733864456415 143.15735713392496 216.29804185032845 54.433933354914188 157.07289055734873 163.08016135543585 353.87756068259478 111.02306876331568 676.30197474360466 857.97782200574875 2829.9368335679173 123.02797071635723 1181.3471855223179 256.89351532608271 339.45211543142796 76.980575017631054 354.79536364227533 435.17209706455469 10.981294721364973 553.57437665015459 26.740696139633656 304.08181275427341 117.64544895291328 246.35769827663898 828.55313646793365
leaf_count=486 914 2625 16218 1280 22 315 916 1766 427 341 1189 999 287 401 2501 14547 428 3491 695 2208 575 1848 339 97 2146 58 427 906 1034 2163
internal_value=-4.24055e-05 0.0177645 -0.0686717 -0.086061 -0.109765 -0.0141293 0.0777646 -0.00203412 0.000827733 -0.00702665 -0.00459186 0.00579416 0.0324426 0.0931149 -0.00744164 -0.00481108 -0.0127767 0.0182271 -0.0267765 -0.0627893 0.0389577 0.0224072 0.075206 0.0569845 -0.0332279 -0.0813886 0.0386962 -0.0328597 0.0505619 0.0339221
internal_weight=14352.8 11395.9 2956.84 2661.62 2001.92 659.695 2827.41 8568.53 8352.23 6690.14 6566.08 497.035 1662.1 2330.37 6409.01 6245.93 5284.23 1643.83 3640.4 462.48 961.699 516.403 1654.07 1218.9 3383.51 103.721 1607.66 228.669 1378.99 1074.91
internal_count=61649 41480 20169 19683 16240 3443 5377 36103 34337 29093 28179 1915 5244 3462 27838 26649 23515 6127 17388 2636 3134 2163 3061 2722 16693 633 4817 1193 3624 3197
is_linear=0
shrinkage=0.1


Tree=7
num_leaves=31
num_cat=0
split_feature=14 2 8 9 12 19 5 8 4 2 14 1 3 4 14 8 17 14 6 2 5 17 3 11 5 0 12 8 12 2
split_gain=1492.9 967.808 643.609 420.43 255.537 253.515 207.325 411.965 287.159 276.783 196.975 184.924 157.495 156.721 231.591 157.462 145.913 137.33 132.681 208.891 180.981 193.75 141.447 126.248 222.216 125.153 124.05 117.434 116.774 143.727
threshold=0.005546755390241743 1.0616522948401032e-09 1.0595489358153367e-12 0.007038130753600636 0.90575459599494945 1.9917264580726626 0.019343626496296656 3.5848542211642884e-12 2.8364060418527845e-11 5.7856897649596218e-11 0.010676675010472538 0.68088242779772379 0.12139522595305503 1.636281362104262e-11 0.0047856057062745103 1.5700580801067005e-11 0.14513050426136367 0.0050647223833948382 2.8166837191318211e-11 1.6838446113985326e-10 0.016491656685052519 0.11086203835227275 0.051581156138126957 6.0647195598839697e-10 0.011865907586488429 2.4261197730410499e-10 0.13662208616733554 5.3259392856235333e-12 0.49368225038051611 5.3941324695488533e-10
decision_type=2 2 2 2 2 2 2 2 2 2 2 2 2 2 2 2 2 2 2 2 2 2 2 2 2 2 2 2 2 2
left_child=2 4 -1 6 11 10 23 9 -9 -8 -3 16 -7 17 -15 -16 18 -5 20 22 -2 -22 -20 24 -4 -18 27 -21 29 -28
right_child=1 5 3 13 -6 12 7 8 -10 -11 -12 -13 -14 14 15 -17 25 -19 19 26 21 -23 -24 -25 -26 -27 28 -29 -30 -31
leaf_value=0.10679149806605331 -0.079262034544642868 -0.026337036218114868 -0.12353158010880794 -0.17144299041265676 -0.13536004646976496 -0.086159256683492766 -0.15124000917907032 0.097071660788571656 -0.11575691520436858 0.063081261902353677 0.11015216461245088 0.10429069906745388 0.071117509563334028 0.14301788183993897 -0.14752550477497756 0.048031842147443181 -0.024016505721550729 0.019415936883287695 -0.0051646012891294292 0.11249707894623551 0.10613078623563706 -0.099530345260562758 -0.079515709624172093 -0.13400624189249916 0.031491124663476276 0.037252116618704006 -0.0051803772228561666 -0.084643691567111545 -0.12088968817163037 0.032593164688868866
leaf_weight=218.26884393393993 90.915485307574272 114.17003158479929 253.24683681130409 70.488669015467167 128.74550384283066 127.48979905247688 73.422730050981045 69.176185391843319 758.72080954164267 336.05068754404783 1430.9613734781742 189.40910413116217 127.1924839168787 154.05704271048307 65.642417252063751 110.46130694448948 406.36046283692122 81.047213114798069 445.346525169909 34.197497233748436 330.74884664267302 53.171676844358444 601.39265331625938 946.10454190522432 145.64502162486315 1856.8748054504395 3042.036602601409 259.55415518581867 72.158906057476997 1505.9809994623065
leaf_count=243 585 567 2331 569 1274 823 679 200 6319 1117 1456 245 264 199 519 354 1921 287 1906 108 507 347 3794 8883 657 5511 13365 1718 451 4450
internal_value=-4.7172e-05 0.0178781 -0.0591186 -0.0709372 0.00451418 0.0848298 -0.0869355 -0.0573944 -0.0979737 0.0246513 0.100067 0.00654027 -0.00761268 0.0148298 0.0534729 -0.0248619 0.00441182 -0.0693643 -0.00326872 -0.00732136 0.0476044 0.0776474 -0.0478822 -0.114113 -0.0669291 0.0262514 0.0013187 -0.0616933 0.00532502 0.00732754
internal_weight=14099 10816.7 3282.33 3064.06 9016.89 1799.81 2582.37 1237.37 827.897 409.473 1545.13 8888.15 254.682 481.697 330.161 176.104 8698.74 151.536 6435.5 5960.67 474.836 383.921 1046.74 1345 398.892 2263.24 4913.93 293.752 4620.18 4548.02
internal_count=61649 39292 22357 22114 36182 3110 20186 8315 6519 1796 2023 34908 1087 1928 1072 873 34663 856 27231 25792 1439 854 5700 11871 2988 7432 20092 1826 18266 17815
is_linear=0
shrinkage=0.1


Tree=8
num_leaves=31
num_cat=0
split_feature=14 2 8 9 19 17 5 8 10 1 5 14 1 17 5 4 9 14 6 2 12 2 17 3 4 9 1 7 11 8
split_gain=1258.3 827.536 541.462 374.857 224.023 222.614 199.179 381.368 250.3 193.969 268.22 175.963 152.612 151.762 138.923 182.064 130.246 125.829 124.255 164.042 146.718 145.124 158.118 130.32 124.089 122.328 120.535 118.552 142.783 118.016
threshold=0.0055850283242762097 1.0250075759756581e-09 1.0595489358153367e-12 0.007038130753600636 2.0947473049163823 0.21939364346590912 0.022331659698233513 3.850766126207638e-12 1.5390765666961672 0.15455561062865317 0.011865907586488429 0.011357957497239115 0.63354285820768486 0.15418590198863638 0.038124066425925925 1.636281362104262e-11 0.015260983345131452 0.0036000888794660573 2.8166837191318211e-11 1.6838446113985326e-10 0.13902569562196734 2.7721583393712886e-10 0.10056374289772728 0.051581156138126957 9.5196015746807487e-12 0.015260983345131452 0.30885972719155436 0.07262730850817882 1.3104026752586153e-09 3.5399259517214919e-11
decision_type=2 2 2 2 2 2 2 2 2 2 2 2 2 2 2 2 2 2 2 2 2 2 2 2 2 2 2 2 2 2
left_child=2 5 -1 6 11 12 9 8 -8 10 -4 -3 13 18 15 16 -5 -9 21 23 -21 22 -2 -20 29 -24 -17 -25 -29 -15
right_child=1 4 3 14 -6 -7 7 17 -10 -11 -12 -13 -14 24 -16 26 -18 -19 19 20 -22 -23 25 27 -26 -27 -28 28 -30 -31
leaf_value=0.10077750726508834 0.11019329819570133 -0.0066971412193316537 -0.1183064345176558 -0.15153704357612816 -0.010823363579994881 -0.099888832570802499 -0.13243996797163998 0.12664192046119452 0.066985348140965156 -0.12638169910968453 0.037837641629033927 0.10354464561535184 0.083552477186994545 0.045278437272889362 -0.1633076273362204 0.092396786041697737 0.028937338648792266 -0.10944052112832635 -0.0031999731968776913 -0.070989286620591383 0.0056684491637231616 -0.10990627222568511 -0.084985239688642425 -0.10200410868568584 0.040597842667335876 0.12322933665543541 -0.17419869106412106 0.093601293417725343 -0.066333924974723943 -0.13264194659235126
leaf_weight=208.66851165145636 278.43509624153376 161.50270406156778 244.63122473657131 75.782194033265114 244.44292971491814 202.01108300685883 78.068924367427826 23.575348913669586 324.68659412115812 1097.9516130983829 199.91453155875206 1398.8906797021627 248.41178271919489 66.457157872617245 40.748118504881859 276.81783767044544 84.663113631308079 532.75468952953815 554.04558347910643 263.30654675513506 4822.2081222310662 52.076853074133396 93.386479452252388 412.31770186126232 1456.2454631775618 40.433415807783604 18.066071525216103 81.810714684426785 175.70133863389492 84.918582387268543
leaf_count=243 348 706 2386 612 1097 1771 748 63 932 10807 849 1524 434 200 340 633 278 4565 2297 1734 18957 422 566 2864 4043 67 144 225 1065 729
internal_value=-6.4711e-05 0.0164885 -0.0549778 -0.06582 0.0781901 0.00387927 -0.0815674 -0.0457827 0.0283293 -0.103817 -0.0480876 0.0921345 0.00630834 0.00401893 0.0135899 0.0294207 -0.0563051 -0.0994362 -0.00253652 -0.00621073 0.00169943 0.047389 0.0672588 -0.0390795 0.0316404 -0.0220736 0.0760638 -0.068757 -0.015523 -0.0545311
internal_weight=13842.9 10636.6 3206.33 2997.66 1804.84 8831.77 2501.58 959.086 402.756 1542.5 444.546 1560.39 8629.75 8381.34 496.077 455.329 160.445 556.33 6773.72 6309.39 5085.51 464.332 412.255 1223.88 1607.62 133.82 294.884 669.83 257.512 151.376
internal_count=61649 39049 22600 22357 3327 35722 20350 6308 1680 14042 3235 2230 33951 33517 2007 1667 890 4628 28545 27142 20691 1403 981 6451 4972 633 777 4154 1290 929
is_linear=0
shrinkage=0.1


Tree=9
num_leaves=31
num_cat=0
split_feature=9 2 9 5 10 15 19 5 5 12 4 10 5 17 6 14 0 5 17 6 7 8 1 17 11 11 3 7 12 14
split_gain=1072.47 856.508 513.205 318.492 246.662 228.975 211.528 199.783 168.414 146.3 144.923 244.891 316.14 222.688 135.826 133.8 153.762 166.345 175.908 325.28 164.225 252.15 128.492 120.424 119.855 119.747 106.742 103.449 95.5917 94.9199
threshold=0.0042012196120652153 7.0925945279867112e-10 0.00085035038406275538 0.028270482571229407 1.8001942038536074 0.00011705873839673588 2.3313250541687016 0.052048611294734558 0.055940785432178224 0.61200964450836193 9.5196015746807487e-12 1.7350254058837893 0.032172569237801409 0.10007546164772728 9.1633902473595781e-10 0.0057789583224803218 2.5182831423857651e-10 0.028810730970049752 0.14437588778409094 5.4887022324101434e-10 0.046433702728495944 1.8896091783809597e-11 0.54862147871064793 0.037841796875000007 5.9882412362100021e-09 4.1572443265636147e-09 0.023946138974878076 0.01045109991393694 0.09690947458148004 0.0032281761523336176
decision_type=2 2 2 2 2 2 2 2 2 2 2 2 2 2 2 2 2 2 2 2 2 2 2 2 2 2 2 2 2 2
left_child=2 7 23 5 -5 -4 8 10 14 -8 -2 12 25 -14 24 -13 -17 18 22 26 21 -19 -18 -1 -3 27 -20 29 -6 -12
right_child=1 6 3 4 28 -7 9 -9 -10 -11 11 15 13 -15 -16 16 17 20 19 -21 -22 -23 -24 -25 -26 -27 -28 -29 -30 -31
leaf_value=-0.081820640878981277 -0.067262437641203515 0.018883558202738834 -0.10151371616348254 -0.12966995664543654 -0.14629402566073579 0.14434801802103542 0.024044571349606983 -0.093119884542929826 0.1228225293230987 -0.13746801853763693 0.16161571066279978 -0.095832948066627816 0.082386196485090546 -0.12219605327516317 -0.023130610162735724 -0.084020035514764349 -0.027455580551427508 0.10203109790038319 -0.22966205970882916 -0.094017925766039193 0.043988103420726912 -0.080574056794464555 0.04764208858721234 0.094391136009608523 0.085815436692221414 -0.18099659853638758 0.053630458897011971 0.072673689602002323 0.036544336704260286 -0.13337977818570868
leaf_weight=46.019949048757553 302.6031107828021 353.07320902496576 1663.0586576461792 134.73029053211212 30.649342246353626 38.762536615133286 324.18832897394896 233.71638290584087 566.48649646341801 67.814498409628868 14.362588226795195 158.64794017374516 75.877075605094433 178.07336165010929 177.15138827264309 224.93539972603321 3012.3378727883101 104.01983961462975 13.501039206981657 191.38747274875641 1292.7836540788412 276.96251717954874 246.47819353640079 246.63282980769873 1104.3916760981083 19.985623590648174 895.32267770916224 1121.2715305015445 426.55292657762766 45.342462785542011
leaf_count=355 2002 1041 15833 1337 278 21 1072 1964 394 573 17 1237 153 1448 636 1382 14941 201 108 1092 3828 1803 685 374 1669 159 2226 2711 1728 381
internal_value=-8.45137e-05 0.0135383 -0.0580263 -0.0739374 -0.0107549 -0.0959137 0.063782 -0.00195801 0.0758351 -0.00389629 0.000648586 0.00325935 0.040301 -0.0610695 0.0595513 -0.00513984 -0.00284056 0.000186258 -0.0101033 0.0244699 0.0269837 -0.0307173 -0.0217756 0.0666817 0.0696011 0.0617364 0.049422 0.0658441 0.0242875 -0.062416
internal_weight=13587.1 11000.7 2586.41 2293.75 591.933 1701.82 2593.11 8407.61 2201.1 392.003 8173.89 7871.29 1454.91 253.95 1634.62 6416.38 6257.73 6032.79 4359.03 1100.21 1673.77 380.982 3258.82 292.653 1457.46 1200.96 908.824 1180.98 457.202 59.7051
internal_count=61649 41723 19926 19197 3343 15854 5385 36338 3740 1645 34374 32372 4869 1601 3346 27503 26266 24884 19052 3426 5832 2004 15626 729 2710 3268 2334 3109 2006 398
is_linear=0
shrinkage=0.1


Tree=10
num_leaves=31
num_cat=0
split_feature=8 2 5 1 5 17 3 8 19 3 14 17 2 1 15 7 0 4 17 2 3 12 5 4 11 9 14 5 14 12
split_gain=914.224 708.244 485.389 399.942 389.227 311.824 219.321 249.35 205.141 205.72 181.078 161.411 148.054 157.282 145.683 133.203 158.843 130.403 129.305 127.888 247.906 127.852 127.614 122.725 122.427 121.226 108.734 134.411 105.392 102.978
threshold=1.8019718519989846e-11 7.0925945279867112e-10 0.022331659698233513 0.22598872165621675 0.0098739677037613365 0.11130593039772728 0.070134166014925642 4.2273751839845714e-12 1.3135313987731936 0.12139522595305503 0.052759584039449699 0.1212491122159091 4.0095629243396127e-10 0.33860415978428632 0.00011705873839673588 0.10737196197883531 3.3305381209358582e-10 1.454915593334506e-10 0.11459073153409093 2.1830775736700087e-10 0.051581156138126957 0.14011995494365695 0.034986851369573101 2.0457446257369566e-11 1.1914280673153145e-08 0.096873329053159263 0.0056988350115716466 0.033790188756382671 0.0033178820740431552 0.28252601623535162
decision_type=2 2 2 2 2 2 2 2 2 2 2 2 2 2 2 2 2 2 2 2 2 2 2 2 2 2 2 2 2 2
left_child=2 10 3 4 -1 6 26 -8 14 24 11 12 13 19 22 16 -13 25 -6 20 23 -9 29 -2 -10 -17 27 -4 -20 -3
right_child=1 8 5 -5 18 -7 7 21 9 -11 -12 15 -14 -15 -16 17 -18 -19 28 -21 -22 -23 -24 -25 -26 -27 -28 -29 -30 -31
leaf_value=-0.11674320914403423 -0.09382278543427186 0.050757242403581516 0.065755791370251199 -0.1179557495712855 0.066636775209645088 -0.1030733454888059 0.046302459811270763 -0.092786376458520642 0.020585830238157354 0.06784731726704972 -0.12707169121860476 -0.013780155146621557 0.010452917383219677 -0.066941938042974783 0.11737825245472891 0.005046313781467077 0.040630549603265641 0.03106929038544089 0.17296538852533674 0.037555934289075173 -0.080961390955998025 0.0252258811315344 0.10858253664541165 0.079454711828019914 -0.087104118548625153 -0.076198367632022757 0.11228092674505384 -0.063342282870233788 -0.12410955774846309 -0.050791003641006027
leaf_weight=259.09625364094973 51.324751622974873 532.08492925018072 255.7089469358325 1097.6161882653832 337.16059917211533 278.55892737209797 336.02209447324276 386.73387774825096 234.21298641711473 472.56072364002466 111.0488790795207 720.35631514340639 1319.1054977104068 796.80015572160482 677.6644224524498 340.42095351219177 2102.5980254411697 418.54827093333006 14.450668185949324 388.21162689477205 425.71135998517275 120.37677069753408 322.02456235140562 200.73831526935101 192.19539337605238 398.81906863301992 231.3499778136611 117.80200289934874 68.789005383849144 122.93360707163811
leaf_count=2759 309 1173 741 11749 1073 2493 1229 3254 775 910 1295 3308 4928 4703 512 1411 6383 1315 17 1459 2891 545 319 508 1191 2242 274 822 559 502
internal_value=-8.43115e-05 0.0155521 -0.0439426 -0.0806299 -0.0203361 -0.00618092 0.0124588 -0.0205049 0.0608593 0.0224061 -0.000354535 0.00161008 -0.0151807 -0.0333327 0.0817501 0.0150313 0.0267461 -0.0135323 0.0390803 -0.00821058 -0.0344244 -0.0647729 0.0570389 0.0441722 -0.0279533 -0.0387851 0.0584079 0.0250394 -0.0725364 0.0316987
internal_weight=13331 9827.36 3503.67 1777.11 679.497 1726.55 1447.99 843.133 2553.68 898.969 7273.68 7162.63 3181.89 1862.79 1654.71 3980.74 2822.95 1157.79 420.4 1065.99 677.774 507.111 977.043 252.063 426.408 739.24 604.861 373.511 83.2397 655.019
internal_count=61649 36134 25515 16157 4408 9358 6865 5028 5382 2876 30752 29457 14798 9870 2506 14659 9691 4968 1649 5167 3708 3799 1994 817 1966 3653 1837 1563 576 1675
is_linear=0
shrinkage=0.1


Tree=11
num_leaves=31
num_cat=0
split_feature=15 9 9 5 2 10 12 11 11 3 9 8 17 5 4 0 10 7 2 14 1 5 5 6 15 3 5 11 17 17
split_gain=775.225 688.984 413.373 268.104 243.808 219.505 199.553 178.703 177.866 176.499 289.482 130.548 126.123 140.757 185.065 173.641 168.905 125.376 124.27 119.562 118.415 115.918 108.793 144.582 99.6565 98.9832 107.863 98.011 97.2751 92.7072
threshold=0.00011705873839673588 0.0045920517691099717 0.00085035038406275538 0.025488762329976787 5.867822555284454e-10 1.7350254058837893 0.61200964450836193 6.748158476455047e-09 1.6034914729345932e-08 0.017759196568617321 0.00287087233989728 3.6395220605602831e-12 0.068825461647727279 0.0064456391697475012 3.6713546768285411e-11 1.6951042675045373e-10 1.9219123721122744 0.013230298441330796 3.594822093192362e-10 0.0032281761523336176 0.63354285820768486 0.0059353784416678133 0.04473457087017297 7.016309468556623e-10 3.0418471396842509e-05 0.068205502732790871 0.054604748510376007 5.9055684786812898e-09 0.033891157670454551 0.075350674715909102
decision_type=2 2 2 2 2 2 2 2 2 2 2 2 2 2 2 2 2 2 2 2 2 2 2 2 2 2 2 2 2 2
left_child=1 2 28 9 7 -5 -2 12 22 10 -4 -7 20 -14 16 -16 17 -15 -9 21 -3 -12 23 27 -18 -13 -27 -6 -1 -17
right_child=6 4 3 5 8 11 -8 18 -10 -11 19 25 13 14 15 29 24 -19 -20 -21 -22 -23 -24 -25 -26 26 -28 -29 -30 -31
leaf_value=-0.15745546276093297 0.10489340577046136 -0.073813189667323253 -0.12738317075337 -0.1188960074919852 0.0098426339091716511 0.074806810539803828 -0.11459520703375206 -0.12008824929190504 -0.17176496783587938 -0.10787862499079728 -0.12305800581790093 0.11664391403783791 -0.061102106479842759 -0.040205352503067025 -0.087630995888865443 0.072242994448955308 -0.11823215172340891 0.067004743577985096 -0.023131193585163322 -0.10236666417031136 0.16341037136308076 0.20045727292499194 0.088814853269769081 -0.02895765047306317 0.0058664317965492555 -0.059679565505516376 0.14053743871369681 0.062035202842585929 0.077850075381057371 -0.0011442053575628148
leaf_weight=18.853220194578171 787.62534330785275 317.06833205372095 108.42948298156261 172.85403427481651 586.12488203495741 200.47481206059456 43.721631154417992 199.93809582293034 41.148555211722851 1228.4292017444968 12.946120344102381 44.027947477996349 312.18521993607283 121.40713109821081 228.09232512116432 179.49199781566858 78.584853120148182 1074.2472795471549 390.14440935105085 22.890958577394485 22.537934094667435 76.648851312696934 354.95347726345062 355.61624976992607 366.50986113399267 315.17644874751568 29.418861463665962 931.77238630503416 257.83956891298294 4200.5569434538484
leaf_count=204 832 2081 1290 1829 1916 459 378 1915 290 13632 162 60 2063 759 1755 565 548 2543 1694 202 11 64 563 1477 1481 2360 75 1951 525 17965
internal_value=-9.61871e-05 -0.00643878 -0.0534146 -0.0678332 0.00553569 -0.0198101 0.0933502 -0.00316399 0.0342486 -0.0930799 -0.01079 0.00926388 0.00135262 0.00442838 0.00770218 -0.00256659 0.0365426 0.0561186 -0.0559832 0.101599 -0.0580699 0.153711 0.0380526 0.0284353 -0.0160441 -0.024547 -0.0425866 0.0418814 0.0618169 0.00186316
internal_weight=13079.7 12248.4 2487.99 2211.3 9760.38 761.952 831.347 7490.76 2269.62 1449.34 220.915 589.098 6900.68 6561.08 6248.89 4608.14 1640.75 1195.65 590.083 112.486 339.606 89.595 2228.47 1873.51 445.095 388.623 344.595 1517.9 276.693 4380.05
internal_count=61649 60439 20862 20133 39577 4783 1210 33380 6197 15350 1718 2954 29771 27679 25616 20285 5331 3302 3609 428 2092 226 5907 5344 2029 2495 2435 3867 729 18530
is_linear=0
shrinkage=0.1


Tree=12
num_leaves=31
num_cat=0
split_feature=15 9 8 5 3 11 14 2 12 3 9 10 8 12 5 1 17 5 4 7 8 5 10 10 17 6 17 5 4 7
split_gain=668.099 589.106 362.046 295.837 211.527 189.192 177.238 169.061 167.832 161.493 241.458 161.323 179.471 133.671 125.665 104.911 218.882 108.929 163.138 212.194 209.281 195.638 185.573 184.561 137.571 132.373 119.952 112.046 110.691 108.044
threshold=0.00011705873839673588 0.0045920517691099717 1.0595489358153367e-12 0.022768488869658109 0.12905559244859208 5.7269913256163826e-09 0.10536703467369081 1.6229688273742789e-09 0.25776834785938268 0.017759196568617321 0.00287087233989728 1.5838689804077151 3.5848542211642884e-12 0.90575459599494945 0.013564820025842417 0.58616547523311158 0.069757634943181837 0.006728835179634839 3.6713546768285411e-11 0.066503399592840906 1.9394244736392103e-10 0.028810730970049752 2.8315247297286992 1.9219123721122744 0.086803089488636367 4.9086746599243254e-10 0.11228249289772728 0.036646230248873625 1.6226259184245432e-10 0.01045109991393694
decision_type=2 2 2 2 2 2 2 2 2 2 2 2 2 2 2 2 2 2 2 2 2 2 2 2 2 2 2 2 2 2
left_child=1 2 -1 9 7 8 -2 13 -6 10 -4 -5 -13 15 -7 16 -3 -18 23 24 26 22 -22 29 28 -24 -21 -26 -20 -19
right_child=6 4 3 11 5 14 -8 -9 -10 -11 -12 12 -14 -15 -16 -17 17 18 19 20 21 -23 25 -25 27 -27 -28 -29 -30 -31
leaf_value=0.085701820935271622 0.097558225969081244 -0.093762788251954735 -0.12392163357464121 -0.10556038376059262 0.030851991010868385 -0.24782342288675069 -0.18460761688688132 -0.21708417754102577 -0.064654903776306893 -0.11001875301792574 0.095243233406051953 0.066495061141558093 -0.03475872145414665 -0.12019729408446403 0.080886252194788025 0.063389327894717906 -0.053594865006449832 -0.11776472345444514 0.030279186040673246 -0.048424008493808852 -0.12674138506163199 0.031428501321124305 0.020885732052787907 -0.025678499042315658 -0.027906000783732201 -0.03685322427445218 0.083967068854309726 -0.088862359481897135 -0.19620277831369257 0.058667424350678746
leaf_weight=180.28318409621716 761.67810759693384 249.60178916156292 98.519226267933846 179.61064931005239 805.3701366558671 11.822987906634806 22.931375399231911 36.36268163472414 238.47771885246038 1034.428972043097 102.64094959944487 264.72780444473028 516.78349708020687 92.917975820600986 713.31581369787455 256.18575979024172 342.34015879780054 35.8265186175704 410.71658025681973 79.401355884969234 152.56205013394356 1168.7973762378097 711.31433229148388 400.36266931146383 1026.8555999845266 898.77161654084921 495.60059325397015 426.92231278121471 22.7764662951231 1113.0012247189879
leaf_count=243 974 1725 1269 1961 2764 90 236 285 1166 12584 396 690 3719 1273 1103 534 2226 327 1561 445 1108 3595 2644 1900 5127 4431 1180 3093 167 2833
internal_value=-0.000104213 -0.00591846 -0.0505294 -0.0617099 0.00502557 0.0362897 0.0893115 -0.0019572 0.00903246 -0.0940761 -0.0120939 -0.0201009 -0.000460188 -0.000964981 0.0755268 0.000457015 -0.00168269 0.00147209 0.00418732 -0.00402781 0.0105236 -0.000296334 -0.0213328 0.0327895 -0.0310636 -0.0113449 0.0656853 -0.0458067 0.0183794 0.0531653
internal_weight=12850.9 12066.3 2376.99 2196.71 9689.3 1768.99 784.609 7920.32 1043.85 1235.59 201.16 961.122 781.511 7883.95 725.139 7791.04 7534.85 7285.25 6942.91 5393.72 3506.45 2931.45 1762.65 1549.19 1887.27 1610.09 575.002 1453.78 433.493 1148.83
internal_count=61649 60439 20862 20619 39577 5123 1210 34454 3930 14249 1665 6370 4409 34169 1193 32896 32362 30637 28411 23351 13403 11778 8183 5060 9948 7075 1625 8220 1728 3160
is_linear=0
shrinkage=0.1


Tree=13
num_leaves=31
num_cat=0
split_feature=15 9 9 5 2 13 12 5 11 10 8 5 3 3 3 9 19 3 11 5 17 5 5 6 14 8 13 5 6 4
split_gain=574.301 502.374 318.623 231.361 176.408 161.462 161.437 136.849 129.64 123.477 153.921 120.578 126.063 116.427 113.879 189.569 109.335 117.073 213.131 181.661 143.984 212.081 123.744 108.598 119.965 101.674 95.5395 91.9298 94.7175 90.7574
threshold=0.00011705873839673588 0.0043023134718996508 0.00085035038406275538 0.022768488869658109 5.867822555284454e-10 2.3778469562530522 0.61200964450836193 0.052048611294734558 1.6034914729345932e-08 1.7180729508399966 3.850766126207638e-12 0.049782540795203313 0.06778957204924882 0.06189813021496051 0.017759196568617321 0.00287087233989728 2.0174368619918828 0.052245725843514619 9.0347579417837675e-10 0.0083306025836938375 0.1061123934659091 0.03077088182143865 0.024565765663928402 2.2594274714701304e-10 0.0060849101282656201 2.9443162294880801e-10 1.3273874521255495 0.055940785432178224 7.016309468556623e-10 7.0620276859210224e-11
decision_type=2 2 2 2 2 2 2 2 2 2 2 2 2 2 2 2 2 2 2 2 2 2 2 2 2 2 2 2 2 2
left_child=1 2 -1 14 5 7 -2 16 27 -5 -11 12 -12 -7 15 -4 17 19 -19 -3 -21 25 23 24 -20 -22 -17 28 -6 -25
right_child=6 4 3 9 8 13 -8 -9 -10 10 11 -13 -14 -15 -16 26 -18 18 22 20 21 -23 -24 29 -26 -27 -28 -29 -30 -31
leaf_value=0.055481941139136529 0.096531396790273255 -0.063673124011976251 -0.12155182072674937 -0.10567448909596495 0.037337432123106133 -0.11377844437355931 -0.10726567518063053 -0.083651073340999485 -0.14546487964019714 0.054113677571591468 0.12272208774894795 0.11615592087659005 -0.079457111428663074 -0.021357167292696638 -0.10775421223098798 0.15345234985052592 0.021070869348999374 -0.11827388725529282 -0.11581506668374653 0.090878386393345778 0.048089178396562592 -0.098645654747616496 0.013283070230332324 -0.11155049698027329 0.0042201522335219245 -0.070452801573529955 -0.072163214934315364 0.097730772025835119 -0.016175981150015253 -0.03060897817384748
leaf_weight=257.99753754585981 701.0220053717494 228.44406947493553 91.278449267148972 149.34256551414728 1556.6232106015086 204.62946305423975 41.151011623442173 184.32352097332478 41.743606388568878 266.30350805819035 33.897220104932785 42.674916177988052 341.95297971367836 408.22693987190723 905.3904210627079 61.027321361005306 2349.2009731680155 194.41164200007915 92.669450618326664 321.17074916511774 635.91873793303967 143.30564620345831 1249.5332514569163 233.20718590170145 819.98844977468252 81.643596239387989 27.105589315295219 196.22236251831055 419.99527087807655 341.21617855876684
leaf_count=729 832 1547 1271 1740 4044 1349 378 1901 290 783 46 133 3125 1876 11962 97 8552 1564 905 572 1938 1294 4992 1634 3715 488 255 251 1653 1733
internal_value=-0.000109472 -0.00544118 -0.0488553 -0.062883 0.00429975 -0.0030333 0.0852315 0.00135098 0.029094 -0.0232863 -0.00531966 -0.0431365 -0.061223 -0.0522161 -0.0933313 -0.0205466 0.00369271 -0.00571065 -0.0171022 0.0179613 0.0337381 0.0124204 -0.00991483 -0.0294071 -0.00796798 0.0346016 0.0840635 0.0324476 0.0259668 -0.06347
internal_weight=12621.6 11879.4 2176.97 1918.97 9702.47 7487.89 742.173 6875.03 2214.58 834.171 684.829 418.525 375.85 612.856 1084.8 179.411 6690.71 4341.51 2931.03 1410.48 1182.04 860.868 2736.61 1487.08 912.658 717.562 88.1329 2172.84 1976.62 574.423
internal_count=61649 60439 20141 19412 40298 34060 1210 30835 6238 5827 4087 3304 3171 3225 13585 1623 28934 20382 14543 5839 4292 3720 12979 7987 4620 2426 352 5948 5697 3367
is_linear=0
shrinkage=0.1


Tree=14
num_leaves=31
num_cat=0
split_feature=2 9 8 5 1 3 10 1 12 3 17 4 5 17 11 2 1 3 2 5 7 17 9 13 8 8 14 5 8 8
split_gain=495.574 404.249 277.127 229.314 171.996 163.784 145.998 139.03 130.466 103.379 101.615 99.1744 94.581 115.23 127.101 113.638 133.978 116.285 248.164 186.851 198.439 182.022 183.571 123.068 112.306 109.76 103.283 101.671 92.6883 83.445
threshold=2.0369917381743842e-09 0.0043023134718996508 1.182368357894641e-12 0.025077524371496789 0.65157915280062084 0.11620613648389951 1.5838689804077151 0.7367376416538407 0.90575459599494945 0.084731779467238269 0.037841796875000007 3.4409880763191474e-11 0.0070124625761408908 0.15418590198863638 1.1914280673153145e-08 4.0821370162579803e-10 0.34018981333515402 0.051581156138126957 2.1619830705725984e-10 0.021615402927162367 0.0449255024410335 0.11130593039772728 0.011711347663434383 1.5314924120903017 2.0984485030564628e-10 1.0206438333133091e-11 0.0043240939266979703 0.032950256321697104 4.5167546098321248e-12 3.2316901868424734e-12
decision_type=2 2 2 2 2 2 2 2 2 2 2 2 2 2 2 2 2 2 2 2 2 2 2 2 2 2 2 2 2 2
left_child=1 2 10 9 8 7 -5 -2 12 11 -1 29 -3 14 15 16 17 21 19 -19 25 23 26 -14 27 -21 -23 -24 -8 -4
right_child=5 4 3 6 -6 -7 28 -9 -10 -11 -12 -13 13 -15 -16 -17 -18 18 -20 20 -22 22 24 -25 -26 -27 -28 -29 -30 -31
leaf_value=-0.29313237181005847 -0.19897405662288484 -0.046423075644473587 -0.11369562645388663 -0.12080568706825737 0.079189674798299844 0.10062775822878499 0.045067007648241515 0.1082028158004875 -0.1175467533921447 -0.10696705216649614 0.071259901191580405 0.08711259156072744 0.10795742303125538 0.029529323167049856 -0.080413908178378388 0.017607389490893636 -0.037528132179627617 -0.12579433822393601 0.026643187559708955 0.056971092633431024 0.010822156786377478 0.033595009811402197 0.053200704720630022 0.0017256196912412134 -0.10457173707700383 -0.11305100690101716 -0.12615835129486128 -0.13030142961027485 -0.034642952471585921 -0.019939109900780575
leaf_weight=7.9250872135162345 35.587880931794643 377.37174224853516 174.72182981669903 104.11331510543823 293.43540745973587 593.08024994283915 311.23810571432114 25.145005561411381 91.254788920283318 742.21092686802149 222.75812304764986 49.915304593741894 332.68837778270245 1543.5491748303175 193.89946093410254 2745.8701456412673 1157.2660260498524 224.81858652457595 883.27729350328445 44.359384782612324 578.12818403542042 54.784103661775589 460.07750359922647 162.23109962046146 59.244759380817413 263.57852467894554 154.8834571018815 32.314332000911236 274.58124329149723 207.86370670050383
leaf_count=70 300 2452 2523 1483 441 645 1084 23 1403 10314 416 271 446 4647 1096 9136 6470 1796 3316 161 2603 282 1201 647 397 2190 1603 252 2048 1933
internal_value=-0.000124459 -0.00484013 -0.0446547 -0.0574462 0.00380218 0.0846114 -0.011687 -0.0717948 0.00143869 -0.0843216 0.0587413 -0.04546 0.0026102 0.00469139 -0.000526575 0.00163881 -0.00830927 0.0020938 -0.0129185 -0.0443745 -0.0237161 0.0259247 -0.00476663 0.0731354 0.0255069 -0.0885588 -0.0844163 0.041158 0.0077059 -0.0627565
internal_weight=12402.2 11748.4 2095.33 1864.64 9653.03 653.813 689.933 60.7329 9359.6 1174.71 230.683 432.501 9268.34 8890.97 7347.42 7153.52 4407.65 3250.39 1994.16 1110.88 886.066 1256.22 761.304 494.919 551.637 307.938 209.668 492.392 585.819 382.586
internal_count=61649 60681 20142 19656 40539 968 4615 323 40098 15041 486 4727 38695 36243 31596 30500 21364 14894 10066 6750 4954 4828 3735 1093 1850 2351 1885 1453 3132 4456
is_linear=0
shrinkage=0.1


Tree=15
num_leaves=31
num_cat=0
split_feature=15 9 5 14 3 14 5 8 14 12 17 3 11 8 3 14 8 5 12 18 12 3 1 2 5 6 8 5 17 14
split_gain=437.795 371.696 255.487 210.982 140.49 138.061 137.399 133.769 111.286 104.778 97.9209 93.2808 86.9385 83.1267 92.6616 79.2113 219.556 199.487 115.084 113.951 109.751 95.2724 179.473 162.742 151.804 130.102 179.804 127.878 121.092 113.599
threshold=0.00011705873839673588 0.0049804148192406717 0.022331659698233513 0.0032281761523336176 0.22428686286923047 0.10536703467369081 0.012616985966824599 3.5848542211642884e-12 0.0052019979339092979 0.90575459599494945 0.04307972301136364 0.027426870024624694 1.6034914729345932e-08 7.880342538465595e-12 0.078835658027190655 0.014375703874975445 2.6812874432354951e-10 0.03077088182143865 0.4699868112802506 0.33820297916165815 0.36537706851959234 0.051581156138126957 0.32535881353698065 2.4087379971770884e-10 0.0077812295559625535 4.4947265230484238e-11 2.1891360590405731e-11 0.037383498508293221 0.10007546164772728 0.010455339681357147
decision_type=2 2 2 2 2 2 2 2 2 2 2 2 2 2 2 2 2 2 2 2 2 2 2 2 2 2 2 2 2 2
left_child=1 2 3 6 9 -2 -1 11 -9 12 -8 -4 15 -10 -15 20 18 19 -17 -18 21 22 24 -23 25 26 -3 29 -29 -26
right_child=5 4 7 -5 -6 -7 10 8 13 -11 -12 -13 -14 14 -16 16 17 -19 -20 -21 -22 23 -24 -25 27 -27 -28 28 -30 -31
leaf_value=-0.077974163004706568 0.086915708669769512 -0.13859083937113806 -0.1428808435868972 -0.10555930843020828 0.077740868432120525 -0.18489609076088942 -0.11959716940176146 -0.077801046053064232 0.042198242681182802 -0.11593136516749991 0.076471232191118899 0.051412197304139873 -0.14484427855729187 0.12591972587261169 -0.086472725112601623 0.06846825893261238 -0.028901228493575539 0.038765479256041784 -0.16787557854401314 0.031101350186144957 -0.12266711238285946 -0.04406996043684186 -0.10073414084010007 0.0032286178323179338 0.058535329806988792 -0.11724811253915196 0.044943291575339099 0.096400015943425343 -0.11350019626186499 -0.045129079805811795
leaf_weight=170.18251975625753 641.85810194164515 68.166663318872452 26.451371639966965 750.70202110335231 251.81093069165945 19.247096873819828 30.249145470559597 314.84605517238379 220.89735529571772 74.695925254374743 161.28367130458355 375.41187384352088 39.60092206299305 24.352885618805885 131.22945103049278 757.5739943087101 1527.6575509607792 989.69096652418375 21.178829334676266 399.21250825375319 77.104996368288994 1108.4926828444004 125.46260093152523 2116.2248669266701 1140.9652585312724 120.0759055018425 246.04581617563963 38.466083534061909 96.272802904248238 116.50337994843721
leaf_count=2339 974 703 382 11133 392 236 403 3393 1138 1276 539 1113 295 21 1124 1707 7084 2722 152 1333 488 6934 838 8587 2958 1052 766 52 977 538
internal_value=-0.000135444 -0.00467665 -0.0415901 -0.0753293 0.00406352 0.0790023 -0.01259 -0.00725746 -0.0339278 0.00201652 0.0455058 0.0386235 0.00299667 0.00276302 -0.0532275 0.00365088 0.0148689 0.00227347 0.0620407 -0.0164698 -0.00423942 -0.00247547 0.0149614 -0.0130302 0.0229086 -0.0287087 0.00512657 0.0390102 -0.0535766 0.0489309
internal_weight=12181.9 11520.8 2205.61 1112.42 9315.2 661.105 361.715 1093.19 691.326 9063.39 191.533 401.863 8988.7 376.48 155.582 8949.09 3695.31 2916.56 778.753 1926.87 5253.78 5176.68 1951.96 3224.72 1826.5 434.288 314.212 1392.21 134.739 1257.47
internal_count=61649 60439 21585 14414 38854 1210 3281 7171 5676 38462 942 1495 37186 2283 1145 36891 12998 11139 1859 8417 23893 23405 7884 15521 7046 2521 1469 4525 1029 3496
is_linear=0
shrinkage=0.1


Tree=16
num_leaves=31
num_cat=0
split_feature=2 9 8 5 3 1 1 1 12 8 13 5 2 10 4 3 6 5 6 8 17 12 4 4 19 6 14 3 5 17
split_gain=380.983 296.121 220.879 195.468 141.223 151.622 137.137 106.594 102.012 101.893 85.9837 82.1052 84.129 82.6472 89.0042 81.7338 74.8367 73.1407 75.5548 105.307 73.1565 119.4 111.176 107.206 101.562 127.631 118.558 105.407 102.052 115.016
threshold=2.0369917381743842e-09 0.0042012196120652153 1.0595489358153367e-12 0.022768488869658109 0.1417038479422319 0.65157915280062084 0.68088242779772379 0.18729630981001091 0.90575459599494945 4.5167546098321248e-12 3.1983981132507329 0.050842682010803462 2.8003319997062242e-10 2.5723774433135991 1.866909620158935e-10 0.084731779467238269 2.7914154181883427e-10 0.0064456391697475012 4.4947265230484238e-11 2.1891360590405731e-11 0.15418590198863638 0.38618640601634985 8.5616786821474634e-11 9.8812634016664989e-11 2.1811155080795293 2.4479363310068108e-10 0.017144447192549709 0.087251577684291357 0.037383498508293221 0.092529296875000014
decision_type=2 2 2 2 2 2 2 2 2 2 2 2 2 2 2 2 2 2 2 2 2 2 2 2 2 2 2 2 2 2
left_child=1 2 -1 15 5 -2 8 -5 10 -9 17 12 -11 -14 -15 -4 -12 18 19 -3 21 23 -23 24 25 28 -27 -28 -19 -30
right_child=4 6 3 7 -6 -7 -8 9 -10 11 16 -13 13 14 -16 -17 -18 20 -20 -21 -22 22 -24 -25 -26 26 27 -29 29 -31
leaf_value=0.073718176807007749 -0.14538907633250367 -0.13067708054101382 -0.046864077478200011 -0.10422437348987366 0.10182070491751796 0.094177885912995765 0.080415727064481496 0.034663133481747578 -0.11383026992863737 0.033775527500145772 -0.035355209837875358 0.11468526577952354 -0.11670979162234488 0.20112971393040999 -0.14280800394982088 -0.10686879832765617 -0.23759715211111937 0.0034195844042403979 -0.13192647678346392 0.02507228369572171 0.024487022560840552 -0.16980092744061798 -0.027192940121072703 0.023638677712083472 0.022634498916797204 -0.076924595249351788 0.062663460761504128 -0.11054048868833025 0.050112177436674538 -0.096992144169684935
leaf_weight=156.18345819413662 52.980744507163763 59.105144992470741 391.37000647187233 113.96877519413829 477.6816656626761 52.694015666842461 223.63187921792269 383.74756624549627 76.501402050256729 73.014261301606894 59.680371411144733 30.189352005720139 180.23125310242176 18.316469572484497 12.769493490457533 540.50870835408568 26.386071935296059 2534.765058491379 75.711683861911297 163.49426054954529 1543.3326279856265 60.277327515184879 587.30261408537626 2032.8610484525561 1094.0579221583903 491.522277161479 134.75162650644779 47.52917892485857 71.024362154304981 211.20373268425465
leaf_count=243 386 684 4639 1606 518 64 329 1521 1403 399 255 79 2068 57 120 9168 215 11591 860 610 4752 461 2613 6485 4228 3191 499 306 233 2066
internal_value=-0.000142545 -0.00417827 -0.0402113 -0.0504136 0.0786786 -0.0259306 0.00303468 -0.0145554 0.00116782 8.00703e-05 0.0021248 -0.0421148 -0.0587633 -0.0907373 0.059847 -0.081668 -0.0973581 0.00306498 -0.0456332 -0.0162827 0.00471418 0.000513929 -0.040467 0.00452414 -0.00395098 -0.0122832 -0.0513801 0.017501 -0.00293152 -0.0599725
internal_weight=11976.8 11393.4 1900.3 1744.12 583.356 105.675 9493.14 812.237 9269.51 698.268 9193.01 314.521 284.331 211.317 31.086 931.879 86.0664 9106.94 298.311 222.599 8808.63 7265.3 647.58 6617.72 4584.85 3490.8 673.803 182.281 2816.99 282.228
internal_count=61649 60681 19900 19657 968 450 40781 5850 40452 4244 39049 2723 2644 2245 177 13807 470 38579 2154 1294 36425 31673 3074 28599 22114 17886 3996 805 13890 2299
is_linear=0
shrinkage=0.1


Tree=17
num_leaves=31
num_cat=0
split_feature=15 9 5 14 9 9 14 3 5 17 1 13 2 8 17 4 12 3 5 1 17 3 14 8 13 17 1 17 3 18
split_gain=338.614 272.122 187.263 184.748 140.547 145.42 122.752 120.54 154.17 217.322 130.839 126.371 119.347 103.609 95.5536 78.3468 76.9491 74.1583 73.7701 72.5954 202.634 76.376 67.6264 73.6638 65.2125 165.105 107.313 113.983 101.952 97.4957
threshold=0.00012506738858064639 0.0047214458447103628 0.022331659698233513 0.0032281761523336176 0.00287087233989728 0.0010665791029975231 0.10536703467369081 0.12905559244859208 0.033206494945457819 0.10056374289772728 0.57859362044613627 1.676246762275696 1.7894803021807502e-09 3.5848542211642884e-12 0.04307972301136364 3.5583969685176557e-11 0.90575459599494945 0.027426870024624694 0.0059353784416678133 0.55975127349554066 0.069757634943181837 0.065888731750995258 0.0051450324244797238 9.7085308413678611e-12 1.6053253412246706 0.11907404119318184 0.11390363585132747 0.12409002130681819 0.089368232849606877 0.084952568974007284
decision_type=2 2 2 2 2 2 2 2 2 2 2 2 2 2 2 2 2 2 2 2 2 2 2 2 2 2 2 2 2 2
left_child=1 2 3 4 5 14 -2 12 9 10 11 -9 16 17 -1 -11 19 -4 -6 20 -3 -21 -15 -24 26 28 27 -22 -26 -27
right_child=6 7 13 -5 18 -7 -8 8 -10 15 -12 -13 -14 22 -16 -17 -18 -19 -20 21 24 -23 23 -25 25 29 -28 -29 -30 -31
leaf_value=-0.23456069160033244 0.088785194291832556 -0.10228461062412619 -0.14099348565857758 -0.10046914687216933 -0.11794217676942623 -0.10881579425492781 -0.18482343251839406 -0.084975690644793905 0.081644160256853601 0.16741533718221027 -0.19410293288368924 0.043856869661273376 -0.19947510117821252 -0.070110932934127707 0.077427578125410818 -0.098700499650783924 -0.11179008689119252 0.044522775082273564 0.14243861075704636 -0.085844325992262382 0.05219981725880856 0.061899050914988811 0.022680600481513113 -0.087137625953724693 -0.047676765664719817 -0.015879113996690741 0.03208370534129229 -0.046064056509997973 -0.0018648958257909171 0.021591085130732747
leaf_weight=10.968958389014004 491.69819967448711 197.54950491338968 22.905844513326883 635.57713086530566 12.833993893116711 151.02621388807893 16.96284843981266 82.527242369949818 401.34879932180047 11.731921121478079 25.781557571142912 983.25327422097325 30.474801078438759 269.35317954793572 93.460771016776562 194.08139119297266 62.381909821182489 363.34533877670765 71.49719013273716 39.575579531490803 162.60258962213993 301.95987854897976 260.68372053280473 79.772343162447214 1133.0703946240246 1049.7379905693233 1316.4676696881652 430.79079249873757 850.35418327152729 2051.4464234746993
leaf_count=98 732 1545 382 10939 191 2597 236 514 625 14 170 2730 262 3111 244 1076 1273 1113 134 225 691 645 1563 735 6551 4510 5224 2957 3604 6958
internal_value=-0.000152244 -0.00374607 -0.0375017 -0.0686473 -0.00912392 -0.0460764 0.0796609 0.00339021 0.0274802 0.0107243 0.0284962 0.0338809 -0.00197565 -0.00700333 0.0446573 -0.0835312 -0.00118328 0.0335211 0.102812 -0.000267401 -0.00240658 0.0447792 -0.0326714 -0.00305093 0.000414343 -0.00550345 0.0161692 -0.0191376 -0.0280358 0.00890758
internal_weight=11805.2 11296.6 1971.42 975.364 339.787 255.456 508.661 9325.14 1698.72 1297.38 1091.56 1065.78 7626.41 996.06 104.43 205.813 7595.94 386.251 84.3312 7533.56 7192.02 341.535 609.809 340.456 6994.47 5084.61 1909.86 593.393 1983.42 3101.18
internal_count=61649 60681 21107 14203 3264 2939 968 39574 5129 4504 3414 3244 34445 6904 342 1090 34183 1495 325 32910 32040 870 5409 2298 30495 21623 8872 3648 10155 11468
is_linear=0
shrinkage=0.1


Tree=18
num_leaves=31
num_cat=0
split_feature=15 9 5 14 3 14 9 9 9 17 12 13 8 14 8 5 1 10 4 12 12 13 18 3 17 3 11 1 4 5
split_gain=300.327 237.038 172.271 150.699 118.304 113.477 103.733 126.061 103.373 76.258 74.7253 69.2772 70.6672 63.4421 194.478 131.697 102.283 94.3863 92.0663 88.2317 87.6826 85.1679 84.8094 82.4454 61.1325 59.9347 153.14 142.123 115.345 119.49
threshold=0.00013604532432509589 0.0042012196120652153 0.022647431917840199 0.0031336663523688917 0.22428686286923047 0.10536703467369081 0.00287087233989728 0.0010665791029975231 0.0024268664609542975 0.042280717329545463 0.90575459599494945 1.1377611160278323 6.7372185301685728e-12 0.014496694318950178 2.5033867124125343e-10 0.028810730970049752 0.22833100825272371 3.3235858678817753 2.2055362921388486e-10 0.7797905206680299 0.34795010089874273 2.0163666009902959 0.035220192967575385 0.039164948973192774 0.066384055397727279 0.051581156138126957 6.9148395342999446e-10 0.33534878116618044 1.1780478483940426e-11 0.029945863853992973
decision_type=2 2 2 2 2 2 2 2 2 2 2 2 2 2 2 2 2 2 2 2 2 2 2 2 2 2 2 2 2 2
left_child=1 2 3 6 10 -2 7 9 11 -1 13 -4 -13 18 23 16 19 -18 20 -16 25 -20 -19 -15 -11 27 -27 28 -3 -30
right_child=5 4 8 -5 -6 -7 -8 -9 -10 24 -12 12 -14 14 15 -17 17 22 21 -21 -22 -23 -24 -25 -26 26 -28 -29 29 -31
leaf_value=-0.2130159660099066 0.096763709701479989 -0.031243177794542359 -0.09043001218092056 -0.098417292909986354 0.071182591784203525 -0.1775174036696926 0.10308975022373852 -0.1063263761186555 -0.060560549121146195 0.094758091076523027 -0.11238866109411752 0.037146074474875751 -0.092243205912215909 -0.13052801307194761 -0.11414526624732885 0.025731453975430779 0.0073820961693493838 -0.10985373276509598 0.01669930643755865 0.21583465728407078 -0.079911014124672691 -0.18401506232524412 -0.019028009320818665 0.069621251490471603 -0.19614638069494023 -0.12736958948247198 -0.0055199983273138305 -0.10089869655805994 0.044851401533631013 -0.025876201715483368
leaf_weight=10.598777979612349 377.14462454617023 370.2536982037127 55.508783891797066 574.25490251556039 248.23260090500116 15.712375190109013 63.064343683421612 131.54164236038923 244.68280559405684 85.162958104163408 57.527584087103605 519.77131592854857 45.941489648073912 21.305280514061451 140.70866509526968 1318.922475643456 1133.7017528899014 142.63680645078421 34.622258648276329 8.5982233360409719 145.21359838545322 54.291757524013519 368.17911291122437 605.07500779256225 7.8934507705271235 106.66111894324422 3127.1461108662188 104.69605818018317 1220.5103567913175 296.98809726163745
leaf_count=95 492 2468 563 10821 420 234 256 2442 2695 175 1278 2317 461 142 951 3991 4532 894 108 18 819 395 1609 1258 78 1016 14871 756 3403 2091
internal_value=-0.00015157 -0.00315452 -0.037106 -0.0684661 0.00305488 0.0857938 -0.0107998 -0.0413375 -0.00550651 0.0411354 0.001228 0.0161778 0.0266384 0.00193848 0.0119738 0.00174333 -0.0158941 -0.00869909 -0.00493347 -0.0951425 -0.00326285 -0.105859 -0.0443896 0.0628135 0.0700823 -0.00113315 -0.00953898 0.0125098 0.0187995 0.0310094
internal_weight=11636.5 11243.7 1738.42 872.516 9505.27 392.857 298.261 235.197 865.904 103.655 9257.04 621.222 565.713 9199.51 3739.13 3112.75 1793.82 1644.52 5460.38 149.307 5371.47 88.914 510.816 626.38 93.0564 5226.26 3233.81 1992.45 1887.75 1517.5
internal_count=61649 60923 19903 13867 41020 726 3046 2790 6036 348 40600 3341 2778 39322 13395 11995 8004 7035 25927 969 25424 503 2503 1400 253 24605 15887 8718 7962 5494
is_linear=0
shrinkage=0.1


Tree=19
num_leaves=31
num_cat=0
split_feature=15 14 1 5 4 5 7 14 3 17 17 5 1 12 19 11 9 18 13 8 8 2 17 10 10 4 5 8 2 17
split_gain=262.481 209.613 153.21 151.026 107.282 131.068 116.935 99.1508 96.7073 89.6231 76.3624 97.7513 79.7658 67.8621 65.4973 60.0168 58.7246 58.1165 57.0519 74.2178 85.2848 78.8921 105.551 81.7737 74.6232 83.0772 68.6423 104.697 66.1516 119.767
threshold=0.00013604532432509589 0.005546755390241743 0.28945421122319082 0.028625409799784441 8.8600771927984331e-12 0.031467816840655374 0.02525942040582467 0.10536703467369081 0.22428686286923047 0.066384055397727279 0.12409002130681819 0.014098491128116801 0.20277575977336357 0.90575459599494945 1.9917264580726626 1.3324442105222547e-09 0.015260983345131452 -0.19463562884960658 1.3462792038917544 1.0206438333133091e-11 2.5500898239054778e-11 3.0230029185585863e-10 0.10899769176136366 2.5424698591232304 1.5609737038612368 1.424878422531573e-11 0.0070124625761408908 3.5399259517214919e-11 4.0821370162579803e-10 0.11503462357954546
decision_type=2 2 2 2 2 2 2 2 2 2 2 2 2 2 2 2 2 2 2 2 2 2 2 2 2 2 2 2 2 2
left_child=1 2 4 14 16 10 9 -2 13 -7 11 -6 -12 18 17 -16 -1 -4 -3 21 -21 22 -20 -23 26 -26 27 -22 29 -27
right_child=7 8 3 -5 5 6 -8 -9 -10 -11 12 -13 -14 -15 15 -17 -18 -19 19 20 24 23 -24 -25 25 28 -28 -29 -30 -31
leaf_value=-0.11281284192105112 0.09380151633682747 -0.081258009673556397 0.016662978221220946 0.014038247031192603 -0.029959488351028504 0.010601915472202982 0.084697235462277254 -0.17104661545522298 0.065143897523530669 -0.11733122790531814 -0.10408266948111439 0.057617732678535788 0.095762757356422257 -0.11132442243052616 0.30960229458658106 -0.020767574663517259 0.018227658087963602 -0.10481277343632314 0.097194969119902885 -0.041029337367814604 0.069603714237362835 -0.074073106730585564 -0.14448179504149852 0.097991668935483459 -0.14496069521835159 -0.031915509274556192 0.077071491274993992 -0.097696352154881844 0.013169064910185456 0.0051646562801062655
leaf_weight=138.76304161548615 351.48287347331643 80.221780136227608 42.394635990262032 185.84212619438767 169.38226294517517 77.641977909952402 51.825627125799656 14.727496601641176 249.45646013692021 185.79466447979212 80.909011289477348 514.82694206386805 26.518326576799154 52.525218524038792 6.9234981909394255 26.723349820822477 45.383625201880932 554.59970853477716 235.23773757740855 446.57770222425461 80.614339530467987 84.958733610808849 19.575153924524784 40.925347566604614 38.469783902168274 1244.4224898442626 256.34999581426382 69.789399683475494 3204.3847834467888 2903.36668086797
leaf_count=2420 492 720 498 984 1640 314 147 234 501 2532 724 2139 60 1278 16 300 188 10395 347 3016 218 988 202 166 295 7226 438 681 10742 11748
internal_value=-0.000149501 -0.00289416 -0.0312842 -0.0651884 -0.00984248 0.00191519 -0.0526129 0.0831504 0.00374885 -0.0796258 0.0236305 0.0359372 -0.054751 0.00200001 -0.0885355 0.0472125 -0.0805174 -0.0961864 0.0026838 0.00346458 0.00147114 0.0466325 0.078629 -0.0181343 0.00390525 0.00161023 0.0456054 -0.00802581 0.00237716 -0.00596016
internal_weight=11480.6 11114.4 2107.53 816.483 1291.05 1106.9 315.262 366.21 9006.88 263.437 791.637 684.209 107.427 8757.42 630.641 33.6468 184.147 596.994 8704.89 8624.67 8243.98 380.697 254.813 125.884 7797.4 7390.64 406.754 150.404 7352.17 4147.79
internal_count=61649 60923 22357 12193 10164 7556 2993 726 38566 2846 4563 3779 784 38065 11209 316 2608 10893 36787 36067 34364 1703 549 1154 31348 30011 1337 899 29716 18974
is_linear=0
shrinkage=0.1


Tree=20
num_leaves=31
num_cat=0
split_feature=15 9 8 5 3 9 3 5 17 2 5 13 14 1 17 3 12 18 5 10 2 17 13 4 9 12 8 13 5 18
split_gain=229.349 177.458 136.973 129.752 105.987 126.188 94.1374 145.495 169.678 127.482 114.632 94.6666 86.5958 74.9521 157.17 70.3315 69.5778 92.8372 95.4114 79.9524 65.348 65.2602 64.7171 64.7101 61.5821 59.5467 58.322 58.0473 56.8622 56.148
threshold=0.00013604532432509589 0.0045920517691099717 1.0595489358153367e-12 0.022331659698233513 0.017157991379236046 0.00287087233989728 0.12905559244859208 0.033206494945457819 0.10056374289772728 1.7894803021807502e-09 0.012170389956367496 1.676246762275696 0.10536703467369081 0.55975127349554066 0.069757634943181837 0.065888731750995258 0.50836229324340831 0.088992662153693614 0.034392502188829548 3.8381906747817998 3.3725856779213151e-10 0.10105202414772728 2.8798598051071171 3.5583969685176557e-11 0.15962560401983883 0.54773110151290905 1.0206438333133091e-11 1.1480767130851748 0.0059353784416678133 0.22593598361973738
decision_type=2 2 2 2 2 2 2 2 2 2 2 2 2 2 2 2 2 2 2 2 2 2 2 2 2 2 2 2 2 2
left_child=1 2 -1 4 5 -4 9 8 10 13 -8 20 -2 14 -3 29 22 25 19 -19 -12 26 -16 -10 -25 -18 27 -5 -7 -15
right_child=12 6 3 21 -6 28 7 -9 23 -11 11 -13 -14 15 16 -17 17 18 -20 -21 -22 -23 -24 24 -26 -27 -28 -29 -30 -31
leaf_value=0.064052421693586936 0.090876051064452873 -0.092025071212526025 -0.11238995138476965 -0.094558636699449847 -0.088942508361265438 -0.11610901039993263 -0.17626261856959644 0.076080891984707077 0.15271700530099952 -0.19373803589779409 0.10931505400511794 0.037431991663321867 -0.16479155227209988 -0.15324842845970083 0.0028240991210852686 0.059022788193107113 0.0026206366908641142 -0.18659481252918447 0.065766590657581725 0.0082082097361663824 -0.12154048907869615 -0.10327645990380339 -0.083438014413438844 -0.1046647532415062 0.10809135044010616 -0.11933067273627494 -0.10265851380335311 0.011172656642626674 0.11449681389524478 0.099821648651627626
leaf_weight=136.51756423711777 327.75255497917533 194.32499257847667 54.440856285393238 56.368809461593628 604.82329102605581 12.473380412906407 27.961078468710184 408.99136181920767 11.765928164124487 34.499113451689482 15.211457312107084 970.88235204294324 13.805891450494526 29.646930579096079 6463.9500496834517 322.54740630090237 54.083543822169304 35.926675692200661 117.87287798523903 50.944972179830074 63.232749171555042 73.881550557911396 88.158087655901909 181.59235800430179 14.706542998552321 154.18711691722274 56.548510458320379 658.62968949228525 74.895319145172834 12.448127910494803
leaf_count=243 492 1599 1224 668 12388 204 223 683 14 306 49 2753 234 207 28476 690 208 271 270 216 442 1378 523 1060 19 2016 630 3968 163 32
internal_value=-0.00015657 -0.00266654 -0.0320776 -0.0403207 -0.0706989 0.00711093 0.00282787 0.0241319 0.00760201 -0.00194766 0.0235694 0.0288943 0.0805419 -0.00106827 -0.00332074 0.0431571 -0.000845913 -0.0406546 0.00716275 -0.0723546 -0.0767743 -0.0134925 0.00166345 -0.0750719 -0.0887253 -0.0876625 -0.00489497 0.00283705 0.0815739 -0.0784119
internal_weight=11323.1 10981.5 1728.58 1592.06 746.633 141.81 9252.93 1694.34 1285.35 7558.59 1077.29 1049.33 341.558 7524.09 7159.45 364.642 6965.12 413.015 204.745 86.8716 78.4442 845.429 6552.11 208.065 196.299 208.271 771.547 714.998 87.3687 42.0951
internal_count=61649 60923 20866 20623 13979 1591 40057 5243 4560 34814 3467 3244 726 34508 33579 929 31980 2981 757 487 491 6644 28999 1093 1079 2224 5266 4636 367 239
is_linear=0
shrinkage=0.1


Tree=21
num_leaves=31
num_cat=0
split_feature=15 14 1 5 17 5 9 5 13 14 3 7 17 19 18 12 8 11 5 14 8 9 17 8 17 12 2 5 7 12
split_gain=200.184 155.821 122.294 127.551 89.3378 131.626 96.8493 81.063 83.414 75.6014 74.6086 60.3748 72.6519 59.6065 54.8145 54.231 52.7807 52.2922 49.2549 48.9587 47.9313 70.9442 81.3198 68.3241 58.0876 93.1549 100.479 90.8014 110.489 79.4235
threshold=0.00013604532432509589 0.005546755390241743 0.28945421122319082 0.028625409799784441 0.11183860085227275 0.0085848284571136066 0.0086210242190053812 0.03468215617067099 1.1377611160278323 0.10536703467369081 0.22428686286923047 0.028045270186760483 0.062211470170454551 1.9917264580726626 -0.19463562884960658 0.90575459599494945 3.5848542211642884e-12 2.0043801285396515e-08 0.041284518559443019 0.0033178820740431552 1.0206438333133091e-11 0.0036988788613905041 0.10899769176136366 2.5500898239054778e-11 0.13518732244318185 0.3949724286794663 1.5496342156325e-10 0.04473457087017297 0.11395655821049851 0.50836229324340831
decision_type=2 2 2 2 2 2 2 2 2 2 2 2 2 2 2 2 2 2 2 2 2 2 2 2 2 2 2 2 2 2
left_child=1 2 4 13 5 -1 19 8 -7 -2 15 12 -9 14 16 17 -4 20 -12 -6 21 -3 -23 -22 25 26 -25 28 29 -26
right_child=9 10 3 -5 6 7 -8 11 -10 -11 18 -13 -14 -15 -16 -17 -18 -19 -20 -21 23 22 -24 24 27 -27 -28 -29 -30 -31
leaf_value=-0.10161250415072563 0.087968419437200795 -0.014256332513975848 0.11398955567657737 0.01225525693762994 0.033650224563755479 -0.11113254577720398 0.0064037563175128407 0.029376498606518933 0.049527828456780644 -0.15883600713749649 0.018125177541660025 0.088475838954986952 -0.12167306249523482 0.046134957662769607 -0.10100702815330931 -0.10979696195715444 -0.11515321477858714 -0.11837026650926069 0.11080179596274176 -0.11470858736015786 -0.03710994383821864 0.093397669879098366 -0.096949428227209894 -0.041213093160506073 0.026625879070788824 -0.064582537096667336 0.0050725316772752792 0.083144835004401174 -0.024430816082187543 -0.066793002870031495
leaf_weight=95.262916646897793 305.86710253357887 159.29019241407514 24.210051752626896 185.15994598343968 25.438252560794353 34.284524649381638 169.29519344121218 50.107562221586704 562.91421478614211 12.936421025544403 129.66807970032096 30.708651464432478 87.355695683509111 33.392949365079403 487.3710334636271 43.399292375892401 17.189491219818592 35.780880767852068 102.81948149204254 177.11404569447041 441.75384889915586 204.96398248896003 25.204115677624941 528.90644401311874 1874.2629647962749 235.85429097339511 4141.7804718650877 181.46354787051678 689.13890333473682 95.652585633099079
leaf_count=1975 492 1314 155 984 212 578 823 174 2569 234 384 77 1050 316 10395 1278 343 252 117 2706 3070 343 260 3371 6194 1277 16684 369 3181 472
internal_value=-0.000150945 -0.00244171 -0.027813 -0.0597303 -0.00845965 0.00923739 -0.0494191 0.0230345 0.0403045 0.0779536 0.00320851 -0.0382934 -0.0666131 -0.0834402 -0.0916232 0.00170728 0.0188473 0.00226906 0.0591122 -0.0960764 0.00277226 0.0370482 0.0725541 0.0011421 0.00332331 -0.00326516 -0.000168831 0.0147038 0.0100332 0.0220898
internal_weight=11188.5 10869.7 1979.8 747.323 1232.48 860.634 371.847 765.371 597.199 318.804 8889.94 168.172 137.463 562.164 528.771 8657.45 41.3995 8614.05 232.488 202.552 8578.27 389.458 230.168 8188.81 7747.06 4906.54 4670.69 2840.52 2659.05 1969.92
internal_count=61649 60923 22357 12193 10164 6423 3741 4448 3147 726 38566 1301 1224 11209 10893 38065 498 36787 501 2918 36535 1917 603 34618 31548 21332 20055 10216 9847 6666
is_linear=0
shrinkage=0.1


Tree=22
num_leaves=31
num_cat=0
split_feature=2 14 3 1 5 1 4 5 7 17 19 13 8 5 8 10 4 0 19 8 4 17 5 8 12 12 18 5 17 3
split_gain=177.418 130.092 129.971 106.407 120.802 85.0199 80.8057 92.9499 87.9586 73.5369 60.9152 55.5055 59.2834 67.2092 53.9968 66.891 69.9272 69.5253 72.985 61.7235 56.6052 53.9144 71.083 66.4483 53.7785 61.9127 63.3323 54.4402 50.7294 131.258
threshold=2.4782089780705312e-09 0.005546755390241743 0.11620613648389951 0.28766695885077459 0.025077524371496789 0.7367376416538407 8.8600771927984331e-12 0.031467816840655374 0.02525942040582467 0.070689808238636367 2.2404168844223027 1.3462792038917544 1.0206438333133091e-11 0.017794829627246361 1.8019718519989846e-11 1.5609737038612368 9.5196015746807487e-12 2.5182831423857651e-10 1.3940584659576418 3.5399259517214919e-11 1.424878422531573e-11 0.12409002130681819 0.014098491128116801 2.0870703045347137e-11 0.17217821627855304 0.14011995494365695 0.33820297916165815 0.028810730970049752 0.12169300426136366 0.078835658027190655
decision_type=2 2 2 2 2 2 2 2 2 2 2 2 2 2 2 2 2 2 2 2 2 2 2 2 2 2 2 2 2 2
left_child=1 3 -2 6 10 11 -1 21 9 -9 -5 -3 13 -13 24 16 19 18 -17 -16 -19 22 -8 -23 25 26 -14 -27 29 -22
right_child=2 5 -4 4 -6 -7 7 8 -10 -11 -12 12 14 -15 15 17 -18 20 -20 -21 28 23 -24 -25 -26 27 -28 -29 -30 -31
leaf_value=-0.073759769023520314 -0.15415296633263215 -0.079001312864569864 0.086914007763376669 -0.096732671989652338 -0.0030555959729986742 0.084163536132093611 -0.026430210751698564 0.0023534112417606199 0.073968996064501136 -0.11402424371859309 0.064720743261960104 -0.11423491675349202 -0.094343800738434611 0.053565556634049466 0.039208239002221146 -0.096007149215838541 0.062894173413624424 -0.14003141335722552 0.016044400021037072 -0.10574944660399864 -0.037191303294242382 -0.10352214539008286 0.050416616752074851 0.070088631700099255 -0.14825645730037501 -0.063320936114054052 0.54906928535201383 0.093761553960012317 0.011032125678483188 0.0049237906880665698
leaf_weight=160.62357026711106 24.028966389596462 84.763543222099543 322.98035538196564 427.76698772236705 266.61454476416111 126.30530252680182 159.62958788871765 85.201414998620749 50.242789346724749 149.68382970243692 24.718890234827995 25.6760538443923 88.306540504097939 339.23814423754811 64.717740774154663 150.36588966101408 332.05641804635525 28.167727068066597 94.764600537717342 53.787646614015102 990.49869382381439 67.923069199547172 489.4045772254467 32.640185073018074 43.00921893492341 35.921006459742785 1.5568078160285939 57.18870385736227 3352.5120152141899 2926.5729523636401
leaf_count=2608 198 963 528 10338 1716 210 1615 379 146 2454 203 392 1103 1364 209 1118 713 216 416 601 5856 715 2114 69 434 240 9 118 13282 11322
internal_value=-0.000151533 -0.00243167 0.0702211 -0.0260549 -0.0564509 0.00271028 -0.00776926 0.00247465 -0.046122 -0.0718098 -0.0879126 0.00152354 0.00231866 0.0417588 0.000567649 0.00193045 0.0393595 -0.000305307 -0.0526893 -0.0265857 0.00145426 0.0209596 0.0315162 -0.0471727 -0.0476375 -0.0239862 -0.0831972 0.0331603 0.00200248 -0.00572573
internal_weight=11056.9 10709.9 347.009 1914.45 719.1 8795.41 1195.35 1034.73 285.128 234.885 452.486 8669.1 8584.34 364.914 8219.43 7993.44 450.562 7542.88 245.13 118.505 7297.75 749.597 649.034 100.563 225.982 182.973 89.8633 93.1097 7269.58 3917.07
internal_count=61649 60923 726 22357 12257 38566 10100 7492 2979 2833 10541 38356 37393 1756 35637 33733 1523 32210 1534 810 30676 4513 3729 784 1904 1470 1112 358 30460 17178
is_linear=0
shrinkage=0.1


Tree=23
num_leaves=31
num_cat=0
split_feature=2 3 14 17 9 7 1 13 19 5 5 14 9 8 14 13 19 14 3 12 19 4 8 5 10 7 18 18 17 15
split_gain=153.971 109.929 109.593 94.8256 102.566 92.6932 76.2637 75.3551 59.516 56.196 64.594 115.65 87.0173 74.4817 72.916 68.9066 66.6435 70.6519 61.1477 53.8887 49.8804 46.9335 48.9248 46.4874 97.2495 87.4051 196.374 86.0661 82.4395 83.7564
threshold=2.4782089780705312e-09 0.11620613648389951 0.005546755390241743 0.039040305397727279 0.00078507995432971448 0.022369320718866298 0.68088242779772379 3.1983981132507329 0.37875594198703771 0.037007459085033861 0.016381931002934797 0.004348140675574542 0.0017081399877460872 1.2277991394002638e-11 0.0050647223833948382 1.1588990092277529 0.83223062753677379 0.0048526050522923478 0.1481829702075628 0.90575459599494945 2.4698671102523808 8.5616786821474634e-11 1.2982392094116427e-12 0.028625409799784441 3.3235858678817753 0.046433702728495944 0.090939195149324178 0.035220192967575385 0.13949307528409094 6.5969965362455709e-05
decision_type=2 2 2 2 2 2 2 2 2 2 2 2 2 2 2 2 2 2 2 2 2 2 2 2 2 2 2 2 2 2
left_child=2 -2 3 -1 -5 8 7 19 21 10 14 15 16 -14 -10 -12 17 -13 -11 23 -16 22 -6 24 28 26 -25 -26 29 -4
right_child=1 -3 6 4 5 -7 -8 -9 9 18 11 12 13 -15 20 -17 -18 -19 -20 -21 -22 -23 -24 25 27 -27 -28 -29 -30 -31
leaf_value=-0.091936755298855435 -0.13713131228693198 0.083973713696479421 -0.015938803558570604 0.077113020826970483 0.019996113135886423 0.048001917594372445 0.064343872664215526 -0.090487519472544506 -0.074072934380665575 -0.11169175469891246 -0.10794949234028516 -0.021575673066216522 -0.10816613534044404 0.027066234853067958 -0.059218472291772163 0.081349545217293082 -0.081264656918351538 0.1795052752085973 0.10232548329346657 -0.10837230535848752 0.09117385037508019 0.06161858233032598 -0.085253039428792837 0.023052077906659023 -0.10643889973805139 0.025143366154111443 -0.084294116675985478 -0.017813206582642439 0.021263488483732607 0.016980111507569295
leaf_weight=186.46360868774354 24.295347979292274 301.95747705549002 2634.8431226238608 108.83312246948481 50.649157607927918 163.31078732386231 194.62835720926523 89.018872514367104 233.10423476994038 100.68810002319515 21.115982193499804 29.540737498551607 137.99175143614411 57.781448557972908 36.72500410489738 215.22025213763118 29.3672497831285 42.775807768106461 15.390647552907465 44.005433624610305 55.203604277223349 28.256871338933706 345.06516285426915 475.43369099125266 152.45958568900824 1874.1655643358827 265.62854082137346 389.55579591169953 1533.2685848735273 1093.7477030456066
leaf_count=4130 198 528 13765 180 246 652 410 500 3898 1521 332 289 2038 254 386 1061 337 154 36 1444 139 146 6558 2274 999 5965 2071 1750 5241 4147
internal_value=-0.000156125 0.0675085 -0.00223791 -0.0242982 -0.0167507 -0.0232899 0.00244687 0.00103823 -0.0316128 -0.0180104 -0.0091838 0.0122165 -0.0292732 -0.068253 -0.044329 0.0644362 0.0457753 0.0973653 -0.0833156 0.00200094 0.0310929 -0.0628909 -0.0717818 0.00257784 -0.0024102 0.0136476 -0.0154254 -0.0427421 0.00174432 -0.00628234
internal_weight=10930.5 326.253 10604.2 1857.48 1671.02 1562.19 8746.76 8552.13 1398.88 974.905 858.826 533.793 297.457 195.773 325.033 236.336 101.684 72.3165 116.079 8463.11 91.9286 423.971 395.714 8419.1 5803.87 2615.23 741.062 542.015 5261.86 3728.59
internal_count=61649 726 60923 22357 18227 18047 38566 38156 17395 10445 8888 4465 3072 2292 4423 1393 780 443 1557 37656 525 6950 6804 36212 25902 10310 4345 2749 23153 17912
is_linear=0
shrinkage=0.1


Tree=24
num_leaves=31
num_cat=0
split_feature=15 9 5 14 9 9 14 9 3 11 12 5 2 8 7 0 1 17 13 11 13 3 13 17 9 17 3 0 6 5
split_gain=136.696 103.452 92.7851 104.911 79.0591 81.4074 65.927 64.0064 62.7632 109.01 110.387 106.693 96.0801 61.1501 58.8602 59.1345 56.6253 122.708 55.2359 76.1366 98.3589 55.0205 53.6157 96.4814 161.054 92.0646 89.0545 93.427 89.1002 110.317
threshold=0.00013604532432509589 0.0042012196120652153 0.022647431917840199 0.0032281761523336176 0.00287087233989728 0.0012050513388475205 0.10536703467369081 0.0024268664609542975 0.12905559244859208 5.7269913256163826e-09 0.2437616363167763 0.013163063913428721 1.7894803021807502e-09 1.5740952175839056e-12 0.021266751440883958 2.4547478038581972e-09 0.55975127349554066 0.069757634943181837 1.5632222890853884 2.2295058021981622e-09 1.7816715240478518 0.065888731750995258 1.6053253412246706 0.1260431463068182 0.015260983345131452 0.11907404119318184 0.11772234980537986 6.4981644434045852e-10 5.0125707643521976e-10 0.024819012691895542
decision_type=2 2 2 2 2 2 2 2 2 2 2 2 2 2 2 2 2 2 2 2 2 2 2 2 2 2 2 2 2 2
left_child=1 2 3 4 5 13 -2 -4 12 10 14 -11 16 -1 15 -10 17 -3 -16 -20 -21 -18 23 -19 -25 -24 27 -27 -29 -30
right_child=6 8 7 -5 -6 -7 -8 -9 9 11 -12 -13 -14 -15 18 -17 21 22 19 20 -22 -23 25 24 -26 26 -28 28 29 -31
leaf_value=0.0072940773045245492 0.081101679120026568 -0.079868152817189883 0.012846227731088783 -0.088500515413714939 0.094437065235461748 -0.10965319948254018 -0.16500051078845135 -0.051530896141429007 -0.0090957036331034049 -0.27159601482009244 -0.05382852077977629 0.057399451055035772 -0.17606181672172078 0.41304580040473771 -0.12984804936883163 -0.20561964432657054 -0.070016673023677964 0.040162749348420207 0.1268371129324736 -0.10585419546462529 0.044203281902450701 0.052649931124714812 -0.023253201188844476 -0.11615692556781435 0.0075682445581260653 -0.02977520187088626 -0.12627472417377708 0.031905147535754096 -0.057079108470619769 0.014336989974486555
leaf_weight=100.08071085624397 254.98979810997844 202.37463785335422 582.50980136357248 382.39548854157329 60.42912645637989 84.858752371743321 11.370487771928309 210.1593955680728 196.72751569747925 10.015632372349499 282.12343822419643 623.21804982423782 31.549480147659779 3.8574586287140837 18.884386975318193 16.603474371135235 41.486818701028824 789.31374521926045 91.4559071585536 49.760912403464317 357.54681283980608 308.24874963983893 1951.4159506224096 117.74929985404015 987.94988928735256 565.97606902197003 51.14002938196063 1388.9125590771437 307.42705710604787 729.66507861018181
leaf_count=547 492 1821 3341 10626 290 2392 234 2695 1057 84 1383 1238 306 12 132 130 239 3679 179 280 937 697 10259 1583 5486 2690 310 4240 1710 2580
internal_value=-0.000153957 -0.00194125 -0.0270056 -0.0555985 -0.00511576 -0.0369801 0.070596 -0.004222 0.0019733 0.0196483 -0.000695309 0.0521958 -0.00192049 0.0223527 0.0198116 -0.0243911 -0.0011822 -0.00311933 0.0380282 0.0443844 0.0258707 0.0380988 -0.000864897 0.0134567 -0.00560763 -0.00629877 0.00457335 0.00680985 0.015345 -0.00683301
internal_weight=10810.2 10543.8 1424.29 631.622 249.226 188.797 266.36 792.669 9119.55 1646.34 1013.1 633.234 7473.21 103.938 730.979 213.331 7441.66 7091.92 517.648 498.764 407.308 349.736 6889.55 1895.01 1105.7 4994.54 3043.12 2991.98 2426 1037.09
internal_count=61649 60923 19903 13867 3241 2951 726 6036 41020 5420 4098 1322 35600 559 2715 1187 35294 34358 1528 1396 1217 936 32537 10748 7069 21789 11530 11220 8530 4290
is_linear=0
shrinkage=0.1


Tree=25
num_leaves=31
num_cat=0
split_feature=2 3 1 9 9 5 12 9 1 13 7 14 18 8 8 6 6 12 2 3 4 1 17 15 18 3 8 7 0 9
split_gain=119.637 98.4557 82.3521 80.8139 84.7921 73.4563 69.419 76.4562 59.1158 62.2857 60.2713 64.2768 56.7794 54.1914 54.0522 79.24 48.4042 48.0399 45.1241 110.975 54.7433 44.8069 49.089 64.8648 53.5922 44.7462 44.4976 51.2832 43.8182 41.646
threshold=2.4782089780705312e-09 0.15300768118672489 0.68088242779772379 0.0036247364978153327 0.00085035038406275538 0.022768488869658109 0.09690947458148004 0.0024268664609542975 0.68088242779772379 3.0887608528137211 0.008312995121897088 0.0032281761523336176 0.26726171983913949 6.0860965108725764e-12 1.0206438333133091e-11 2.7440998621248182e-11 2.5712462007364309e-11 0.90575459599494945 1.2890443721264767e-10 0.078421789156014068 3.4409880763191474e-11 0.53868430283911828 0.058660333806818191 6.4621723140589906e-05 0.67571289813283586 0.025870244739802362 2.8794051418456779e-12 0.0071098188172276462 6.8933332943292456e-09 0.00287087233989728
decision_type=2 2 2 2 2 2 2 2 2 2 2 2 2 2 2 2 2 2 2 2 2 2 2 2 2 2 2 2 2 2
left_child=3 2 -2 4 25 14 -7 26 9 10 -5 -12 -11 -13 18 16 -16 21 19 20 29 22 23 24 -15 -1 27 -8 -24 -6
right_child=1 -3 -4 8 5 6 7 -9 -10 12 11 13 -14 17 15 -17 -18 -19 -20 -21 -22 -23 28 -25 -26 -27 -28 -29 -30 -31
leaf_value=-0.15876437056181134 -0.16006331872746432 0.092311964108901079 0.079874556809960348 -0.12817579626762152 -0.090361463478701776 -0.1007640133838425 0.1811752409596977 -0.0651870472623262 0.06008814865641509 -0.10338631531158536 0.1209323271324267 -0.08479660714712077 0.054539790623824629 -0.089017622049784528 0.16096371801771825 -0.027794731295448724 0.73417314986155546 -0.1078077582280192 -0.099320641634899218 0.56215092553467572 0.28520882567502681 0.037409472068522479 0.0026591244694120419 0.054288087058281587 0.4639203193099749 0.048271689692770466 0.032286039243181332 -0.15042904506234808 -0.09862236990715964 0.010918244378764238
leaf_weight=11.087638385593889 32.183259645476937 232.08681997098029 25.749732490628958 35.813997870311141 114.13958207145333 78.707806535065174 5.6785656362772015 134.24907367862761 168.3214979544282 101.92723096162081 45.068236589431763 72.66670380346477 29.312958493828773 142.49841246195138 3.6539664603769806 16.911626938730478 2.4683548845350742 39.716413747519255 269.58431990817189 3.0586771890521041 4.8790685124695292 351.22310901246965 8057.7090252265334 45.881758946925402 1.774695724248885 178.47919200919569 359.71828085929155 26.096685824915767 42.944033242762089 63.015179164707661
leaf_count=74 274 402 50 648 2618 1121 9 1779 353 610 85 1214 83 1667 39 253 9 1444 8984 3 16 1003 35109 142 2 655 1709 272 344 678
internal_value=-0.000148594 0.0632018 -0.0534171 -0.0019141 -0.0255321 -0.0363393 -0.0131776 -6.52529e-05 0.00137393 0.000271732 0.00128752 0.00181444 -0.068113 0.00120121 -0.065646 0.0838025 0.392066 0.00192102 -0.0732171 -0.0351976 -0.0452347 0.0024253 0.000943272 -0.0492794 -0.082216 0.0361623 0.022266 -0.0911679 0.0021222 -0.0543356
internal_weight=10696.6 290.02 57.933 10406.6 1271.73 1082.16 604.45 525.743 9134.86 8966.54 8835.3 8799.48 131.24 8754.41 477.711 23.0339 6.12232 8681.75 454.677 185.093 182.034 8642.03 8290.81 190.155 144.273 189.567 391.494 31.7753 8100.65 177.155
internal_count=61649 726 324 60923 18219 17490 4890 3769 42704 42351 41658 41010 693 40925 12600 301 48 39711 12299 3315 3312 38267 37264 1811 1669 729 1990 281 35453 3296
is_linear=0
shrinkage=0.1


Tree=26
num_leaves=31
num_cat=0
split_feature=15 17 3 5 3 5 17 2 3 9 5 8 6 4 14 7 8 17 18 0 10 13 17 5 12 14 0 1 3 3
split_gain=106.472 76.5966 77.0286 76.2657 70.2529 101.485 128.281 71.8296 67.275 58.1555 57.777 86.061 122.19 73.5128 114.124 87.2907 163.013 107.415 105.183 87.34 80.0482 83.0984 77.6547 76.0169 82.2631 72.1175 77.2199 70.7065 103.174 103.235
threshold=0.00013604532432509589 0.053511186079545463 0.091597216121477212 0.03407903044900102 0.12905559244859208 0.030577647395951753 0.1070889559659091 1.7894803021807502e-09 0.029149588524959014 0.014760128744030781 0.0080470098097425238 2.1891360590405731e-11 3.8587049761580125e-11 2.8834426217321021e-11 0.011001621372997763 0.066503399592840906 1.9394244736392103e-10 0.12706409801136367 0.24307171243444003 5.7598411055872361e-10 2.8315247297286992 1.5868216156959536 0.11228249289772728 0.026318074734418103 0.39975889027118688 0.016966341063380245 2.5962335270114027e-09 0.57859362044613627 0.066301275446036603 0.079761113486218976
decision_type=2 2 2 2 2 2 2 2 2 2 2 2 2 2 2 2 2 2 2 2 2 2 2 2 2 2 2 2 2 2
left_child=1 2 8 -4 7 6 -6 10 -1 -10 11 -3 -13 14 -12 17 22 27 19 -18 -21 -22 -17 24 25 26 -19 28 -15 -30
right_child=-2 4 3 -5 5 -7 -8 -9 9 -11 13 12 -14 15 -16 16 18 23 -20 20 21 -23 -24 -25 -26 -27 -28 -29 29 -31
leaf_value=-0.14734093670905446 0.066211067899075868 -0.10865025008757888 -0.060400937887442122 0.030641337629908862 0.016353557274055696 0.060859223506083387 -0.090123094957456351 -0.16343997792421963 0.040740736064860693 -0.16515283400078951 0.032891588093723056 0.043173965596301878 -0.067025554757083813 0.016426220193329271 -0.12843364273274435 -0.040101640221823526 -0.070503500101069302 -0.0171747002444291 0.024967836259941728 -0.10694023757009659 0.089792662153708985 -0.0087811597207989329 0.067233151149896239 -0.1016435579578716 -0.22813116907988223 0.12128148679512492 -0.23669211391882172 0.05629261893605858 -0.087588464908989971 -0.015765997585773132
leaf_weight=23.403057441115379 236.35156376101077 120.02888445742428 588.41295786015689 109.06681269779801 1022.1527914889157 443.96584348380566 127.23411574214697 27.733492834493518 251.46177515387535 14.510057799518107 944.87341144494712 200.34603937715292 202.13561499118805 762.82178150117397 45.984515517950058 77.223256498575211 256.73802468180656 255.20451718010008 907.35901276767254 78.303074479103088 90.342360351234674 1602.2421037629247 530.10847344994545 224.36676542647183 18.97035663574934 35.130215667188168 17.098381631076336 161.44723181426525 251.01327205821872 987.19766313582659
leaf_count=192 726 2817 11030 518 3756 997 746 295 2168 109 4320 613 1527 4663 315 460 2521 1039 3052 608 357 6832 1333 2268 155 46 138 369 1989 5690
internal_value=-0.000155314 -0.00166692 -0.0281689 -0.0461644 0.00111833 0.020252 0.00456687 -0.00279188 0.0152056 0.0295082 -0.0022184 -0.0343336 -0.0121708 9.72991e-05 0.0254047 -0.00391129 0.00642708 -0.0174087 -0.00333131 -0.0159951 -0.00809267 -0.00351974 0.0535854 -0.0568343 -0.0260328 -0.0135622 -0.0309586 -0.00736722 -0.0125034 -0.030326
internal_weight=10613.2 10376.9 986.855 697.48 9390.02 1593.35 1149.39 7796.67 289.375 265.972 7768.93 522.511 402.482 7246.42 990.858 6255.57 3542.32 2713.25 2934.98 2027.63 1770.89 1692.58 607.332 550.77 326.403 307.433 272.303 2162.48 2001.03 1238.21
internal_count=61649 60923 14017 11548 46906 5499 4502 41407 2469 2277 41112 4957 2140 36155 4635 31520 15163 16357 13370 10318 7797 7189 1793 3646 1378 1223 1177 12711 12342 7679
is_linear=0
shrinkage=0.1


Tree=27
num_leaves=31
num_cat=0
split_feature=3 1 17 13 5 14 8 17 9 5 8 14 6 14 10 3 10 4 17 0 19 5 3 7 19 14 9 6 14 12
split_gain=95.551 80.2293 105.108 63.4544 53.6574 51.9345 50.1253 51.3762 80.1908 86.3891 65.4016 88.4627 80.3214 88.175 60.4702 59.9338 56.644 102.451 79.425 75.8135 82.3657 63.7465 77.8178 105.59 136.468 80.6395 106.474 61.994 97.734 83.1305
threshold=0.26397318873688141 0.61843722171060012 0.039040305397727279 3.1983981132507329 0.0064456391697475012 0.099771883338689818 1.0595489358153367e-12 0.055686257102272735 0.0015416312175471761 0.050842682010803462 2.8794051418456779e-12 0.0033178820740431552 1.6412564997514467e-11 0.0043240939266979703 1.1781480908393862 0.037333513845826748 1.664594888687134 4.3376755965615037e-11 0.1061123934659091 2.1562588297508787e-10 1.6121063232421877 0.028625409799784441 0.13996212548203799 0.046433702728495944 1.363236725330353 0.0097073768265545386 0.0434817790515876 4.7037371547973509e-10 0.014496694318950178 0.46129193902015692
decision_type=2 2 2 2 2 2 2 2 2 2 2 2 2 2 2 2 2 2 2 2 2 2 2 2 2 2 2 2 2 2
left_child=1 2 -1 4 -4 6 -6 8 15 -10 -9 -12 -13 -14 -15 -8 17 -16 -19 20 -18 27 23 24 -23 -25 -27 28 -21 -30
right_child=-2 -3 3 -5 5 -7 7 10 9 -11 11 12 13 14 16 -17 19 18 -20 21 -22 22 -24 25 -26 26 -28 -29 29 -31
leaf_value=-0.074514955342397368 0.087394752362147332 0.044831732744678165 -0.041914168212798926 -0.096780060672167351 0.069339262834396051 -0.11684900098658846 -0.16867055625621249 -0.088392899247800416 -0.062128195990070682 0.11346389587377169 0.10889741427972291 -0.07013337767164339 0.078304782309600307 -0.086719711631325191 0.046621993534195522 0.039154317504052433 -0.110608482785781 0.020367228614037385 -0.12935422891061907 -0.0092800438384694518 0.041024366961771648 0.012132597429806236 0.059449543054794496 0.11150730828613283 -0.094807778150067024 -0.1642306851932312 0.018586480022907029 -0.026354764954266738 0.033665042028881063 -0.082091120565214948
leaf_weight=200.63412019796669 123.2197824716568 365.54269244894385 306.31499329395592 69.258927430957556 106.36501152068377 37.492154899984598 14.937462328001855 78.697392877191305 419.93396007828414 30.021891769021749 78.438435394316912 150.74773824587464 154.72532819397748 75.933757159858942 616.55884071439505 195.3471766486764 120.37479838728905 78.379911897704005 64.661552578210831 2610.9897999018431 51.000210791826248 283.47010343149304 338.5236904323101 91.149300925433636 206.08235511742532 32.555286053568125 1486.1070888955146 1051.9684275500476 1008.8252110518515 66.105354607105255
leaf_count=4520 242 1210 3748 431 186 1430 153 1190 7340 55 162 2327 676 921 1645 2033 1050 374 971 12747 207 1460 759 221 1684 239 4892 5247 3142 387
internal_value=-0.000147462 -0.00118555 -0.00286338 -0.0014002 -0.000723066 0.0006122 0.00108011 0.000299883 -0.0265875 -0.0504124 0.00235327 0.00318692 0.00221005 0.00351809 0.00210395 0.0243916 0.00293594 0.0289328 -0.047314 0.000248206 -0.0654834 0.00181804 0.0149576 0.00778319 -0.0328851 0.0201506 0.0146675 -0.00494292 0.00116806 0.0265463
internal_weight=10514.4 10391.1 10025.6 9824.97 9755.71 9449.39 9411.9 9305.54 660.24 449.956 8645.29 8566.6 8488.16 8337.41 8182.69 210.285 8106.75 759.6 143.041 7347.15 171.375 7175.78 2437.89 2099.36 489.552 1609.81 1518.66 4737.89 3685.92 1074.93
internal_count=61649 61407 60197 55677 55246 51498 50068 49882 9581 7395 40301 39111 38949 36622 35946 2186 35025 2990 1345 32035 1257 30778 9255 8496 3144 5352 5131 21523 16276 3529
is_linear=0
shrinkage=0.1


Tree=28
num_leaves=31
num_cat=0
split_feature=15 14 7 14 7 13 5 8 14 7 14 17 4 9 6 12 9 8 13 2 2 13 19 5 17 6 5 17 10 3
split_gain=83.771 62.6826 67.9149 69.7729 70.998 66.1436 76.9119 54.9004 54.2709 53.5855 50.1268 55.1479 47.8265 98.2521 44.4273 54.2952 91.3534 61.9397 56.775 54.4618 45.9063 94.5083 58.3724 58.0485 84.9097 78.0991 109.559 224.965 87.8238 86.7095
threshold=0.00013604532432509589 0.005546755390241743 0.022369320718866298 0.0034794892417266969 0.013518945532137516 1.1377611160278323 0.0059353784416678133 3.5268764601889389e-12 0.10536703467369081 0.0077637777538817855 0.0048526050522923478 0.050181995738636374 3.481710343937868e-11 0.0024268664609542975 2.8166837191318211e-11 0.17217821627855304 0.015260983345131452 5.2620090772774613e-12 1.3170112967491152 2.7721583393712886e-10 3.9736483694907492e-10 2.1633106470108037 2.6995813846588139 0.013969592569529661 0.21053799715909091 1.2123199895099245e-10 0.021405385258885742 0.1602228338068182 3.3235858678817753 0.10447596823480948
decision_type=2 2 2 2 2 2 2 2 2 2 2 2 2 2 2 2 2 2 2 2 2 2 2 2 2 2 2 2 2 2
left_child=1 2 3 5 7 -1 -7 9 -2 -5 11 -11 -6 -14 15 17 18 -3 -17 -19 21 23 -23 24 -16 29 27 -27 -29 -25
right_child=8 14 -4 4 12 6 -8 -9 -10 10 -12 -13 13 -15 20 16 -18 19 -20 -21 -22 22 -24 25 -26 26 -28 28 -30 -31
leaf_value=-0.094430027451937293 0.072631000876213034 -0.15933094386284086 0.043306747465709873 -0.11065660295086568 0.023422491968731907 -0.10828501002880209 0.04266160259256583 -0.083034140067010612 -0.16413175422575998 -0.1402137443303188 0.12257580443747636 0.039003543499752907 0.018921672030848165 -0.093760962944074863 0.030636911350391871 0.20503400533366337 0.073639207471773355 0.086036391938930534 -0.14573399285656069 -0.057657347987155251 0.0089055584020266542 -0.024175880441786146 -0.093192292080449254 -0.04868393777338216 -0.13840485190279994 -0.076778202541115614 0.015635504990341737 0.078743600911924116 -0.17418248922137491 0.03295275079198353
leaf_weight=52.63332361727953 205.79175793007016 12.388674080371855 156.35535529628396 40.813910963013768 215.88867865689099 37.954208228737116 305.14856264926493 407.38066362962127 10.159384502097963 26.041764859110117 34.908482473343611 50.399715634062886 153.45237725973129 156.08944246545434 754.87980889156461 5.079586971551179 49.131215423345566 229.79171014949679 50.389215126633644 29.796637346968055 3589.4442322924733 493.41788218170404 163.04027038067579 666.66531083732843 30.932160768657923 396.90286686271429 1729.8537607174367 165.81402309983969 14.96782562881708 161.65382072329521
leaf_count=1346 492 166 654 1396 1106 1409 1821 9980 234 606 141 561 772 2565 2695 15 105 403 596 459 13699 2682 1057 4593 340 2683 7848 305 122 798
internal_value=-0.000140194 -0.00144747 -0.0193731 -0.0259918 -0.0391017 0.0099513 0.0259638 -0.0638904 0.0614925 -0.0126379 0.0232895 -0.0220515 -0.0127036 -0.0378996 0.0019871 0.0355694 -0.0256592 0.0591173 -0.113612 0.0695426 0.000438744 -0.00619959 -0.041317 -0.000321195 0.0239829 -0.00641153 0.00304364 -0.0346622 0.0578026 -0.0327518
internal_weight=10397.2 10181.2 1637.07 1480.71 1084.98 395.736 343.103 559.545 215.951 152.164 111.35 76.4415 525.43 309.542 8544.15 376.577 104.6 271.977 55.4688 259.588 8167.57 4578.13 656.458 3921.67 785.812 3135.86 2307.54 577.685 180.782 828.319
internal_count=61649 60923 22357 21703 17127 4576 3230 12684 726 2704 1308 1167 4443 3337 38566 1744 716 1028 611 862 36822 23123 3739 19384 3035 16349 10958 3110 427 5391
is_linear=0
shrinkage=0.1


Tree=29
num_leaves=31
num_cat=0
split_feature=3 1 17 14 0 14 5 4 4 5 8 6 10 5 17 4 8 14 7 17 3 6 7 7 12 17 8 18 6 3
split_gain=79.8567 63.3993 76.9672 54.3613 65.3089 50.7074 47.8278 51.8503 45.8194 45.7908 52.1699 84.8298 48.5727 108.136 77.8825 77.8222 97.5057 112.996 90.5845 84.2865 73.0428 70.0238 82.6959 69.3795 89.0814 70.3389 67.047 65.7506 62.595 56.8049
threshold=0.26397318873688141 0.68088242779772379 0.039040305397727279 0.0060849101282656201 4.5491570119490544e-09 0.099771883338689818 0.05868520958534125 1.1171258626589097e-10 1.1452682604012085e-09 0.0070124625761408908 2.1891360590405731e-11 4.4947265230484238e-11 1.8001942038536074 0.028440004714322602 0.1066006747159091 7.1169065373447549e-11 2.0984485030564628e-10 0.014746329281479122 0.054895823409583357 0.15773703835227273 0.071728705891871664 3.5359605495926067e-11 0.058613757098263261 0.094151478998840521 0.31037242710590368 0.059947620738636374 1.6865323579509608e-10 0.035220192967575385 2.1959080075855945e-10 0.057968710290038625
decision_type=2 2 2 2 2 2 2 2 2 2 2 2 2 2 2 2 2 2 2 2 2 2 2 2 2 2 2 2 2 2
left_child=1 2 3 -1 -5 6 8 -8 9 10 -4 -12 13 -11 29 16 17 23 -19 -18 21 -17 -23 24 25 -14 -24 -28 -27 -15
right_child=-2 -3 5 4 -6 -7 7 -9 -10 12 11 -13 15 14 -16 20 19 18 -20 -21 -22 22 26 -25 -26 28 27 -29 -30 -31
leaf_value=-0.089246093966630691 0.08379132930197232 0.056452770251426768 -0.10274578581495396 0.099598822342747875 -0.15518354899437983 -0.11911802649424415 -0.12521839829626266 0.060344309730251268 -0.16900122336823964 0.030614482733720468 0.022215137402464384 -0.098714963256167909 -0.050205638813048771 0.026897456978442626 -0.088714074835536949 0.11043069412198435 -0.089566730818900986 -0.21094146648727446 0.079924572130126714 0.00072028824721182341 0.01182994431351423 -0.11314155531449002 0.11095289494531997 0.073074593728847503 -0.078654147308744746 0.0015326177177785421 -0.063627016148484622 -0.0022520191637896646 -0.098207000791422139 -0.14973868738468307
leaf_weight=164.31504704244435 112.11219540610909 188.06589785218239 88.560743849724531 36.541705993935466 13.883204516023396 36.119397273287177 16.294755831360817 198.41102942638099 16.296301094815135 1192.3794764690101 191.1884795576334 83.271700069308281 375.56098864227533 172.31464543566108 145.39086283370852 40.36345973610878 297.16141714900732 11.340996034443377 191.52764317393303 158.57166297733784 3583.5972921699286 93.972624247893691 40.66952595859766 87.888926357030869 215.4510165899992 1618.4038193523884 248.60875743627548 585.93509718589485 65.467609509825706 20.357441369444132
leaf_count=4515 242 484 2496 181 181 1447 325 525 167 5718 710 982 7718 851 2552 48 2171 94 322 599 13992 757 85 227 1243 8229 1488 2553 498 249
internal_value=-0.000145066 -0.00106965 -0.00215255 -0.0613738 0.029451 -0.000851571 -0.000412951 0.0462613 -0.00146513 -0.00117798 -0.0360093 -0.0144753 0.000204695 0.0164609 -0.0334603 -0.00306263 -0.0155274 -0.00795608 0.0636642 -0.0581515 0.00513668 -0.0186224 -0.023997 -0.0141054 -0.0174736 -0.0110731 -0.0144255 -0.0205355 -0.00234518 0.00823435
internal_weight=10290 10177.9 9989.85 214.74 50.4249 9775.11 9738.99 214.706 9524.28 9507.98 363.021 274.46 9144.96 1530.44 338.063 7614.52 3021.37 2565.64 202.869 455.733 4593.15 1009.55 969.186 2362.77 2274.88 2059.43 875.213 834.544 1683.87 192.672
internal_count=61649 61407 60923 4877 362 56046 54599 850 53749 53582 4188 1692 49394 9370 3652 40024 21101 18331 416 2770 18923 4931 4883 17915 17688 16445 4126 4041 8727 1100
is_linear=0
shrinkage=0.1


Tree=30
num_leaves=31
num_cat=0
split_feature=5 1 17 14 0 5 5 8 8 18 13 13 14 9 3 1 12 17 0 0 13 9 10 19 13 3 11 4 8 2
split_gain=69.9026 53.8019 67.3855 45.1819 57.251 43.5679 41.2751 71.4814 92.2383 51.5261 49.1585 41.352 43.2141 42.5582 41.2579 41.1202 54.0267 77.1053 52.7801 52.489 48.4814 65.0063 44.1004 43.8433 43.3935 43.6382 123.304 111.854 74.0182 74.3042
threshold=0.078547348102501288 0.68088242779772379 0.039040305397727279 0.0060849101282656201 4.5491570119490544e-09 0.029001520422894597 0.0080470098097425238 2.1891360590405731e-11 3.5399259517214919e-11 0.62209848953749658 1.9387633800506594 3.0887608528137211 0.012091074138879778 0.037060425219045699 0.01082285525887816 0.47354277301017583 0.41014090180397039 0.12218128551136366 4.3936909931814984e-09 4.5491570119490544e-09 2.2276215553283696 0.12668342637562627 2.7805467844009404 3.4283958673477177 2.7754991054534917 0.052245725843514619 3.0668300121661222e-09 7.0089330875318299e-11 2.0984485030564628e-10 9.5844752194792806e-11
decision_type=2 2 2 2 2 2 2 2 2 2 2 2 2 2 2 2 2 2 2 2 2 2 2 2 2 2 2 2 2 2
left_child=1 2 3 5 -5 -1 7 -4 10 11 14 15 -13 -14 -9 18 17 19 24 23 -20 -22 -21 -17 25 26 -8 28 29 -27
right_child=-2 -3 6 4 -6 -7 9 8 -10 -11 -12 12 13 -15 -16 16 -18 -19 20 22 21 -23 -24 -25 -26 27 -28 -29 -30 -31
leaf_value=-0.11424048087283184 0.074011524132457082 0.053012474862834641 -0.10480432174063846 0.085310359057811369 -0.1622806094031003 0.011952824051146413 0.02187492391392826 -0.090084070189104276 -0.060441254242067977 0.035253951432173393 -0.1105063823041226 -0.18315819826655588 0.026790526800817085 -0.086675067314884405 0.068059828546076048 0.0045243925777385492 -0.11741829306035655 0.13432010404440084 -0.14735754644281893 -0.027262552667855211 -0.07812129246141733 0.062233897478110561 0.074548068575433113 -0.19026957989173149 -0.12287069552724189 -0.11041503048029329 -0.059947346192267541 0.005930430215249808 -0.072810363606905223 -0.011971022482321805
leaf_weight=119.73022333532572 125.54879357665777 180.64101443812251 99.387014275416732 37.628294061869383 12.422539120540021 35.461693678051233 1621.838742589578 18.298080962151289 188.83100712671876 411.26694979891181 20.547572113573551 21.691191736608744 65.041636623442173 67.219472313299775 167.59073936194181 685.51585735008121 28.430697537958622 57.990311279892921 43.689212458208203 53.464628420770168 90.490425940603018 51.939388569444418 208.32628921605647 11.752618763595818 29.237783879041672 80.161294583231211 207.77063041459769 3419.7049984848127 264.69537977874279 1761.2159460727125
leaf_count=4228 484 484 2892 185 180 289 8566 116 1481 1377 140 199 198 397 422 3742 186 73 421 217 522 164 390 101 214 835 1235 15154 1811 14946
internal_value=-0.000144732 -0.00107002 -0.0020587 -0.0587598 0.0238587 -0.085405 -0.000855998 -0.0289943 -0.00993249 0.000659968 0.0362688 -0.000962275 -0.0523323 -0.0308764 0.0524928 -4.44108e-05 0.0185456 0.0223464 -0.0026116 0.0155758 -0.0552054 -0.0269385 0.0537556 0.0012411 -0.00128605 -0.000802747 0.0125832 -0.00523489 -0.0233644 -0.0162566
internal_weight=10187.5 10062 9881.34 205.243 50.0508 155.192 9676.1 494.654 395.267 9181.44 206.436 8770.18 153.952 132.261 185.889 8616.22 1045.48 1017.05 7570.74 959.059 186.119 142.43 261.791 697.268 7384.62 7355.39 1829.61 5525.78 2106.07 1841.38
internal_count=61649 61165 60681 4882 365 4517 55799 5051 2159 50748 678 49371 794 595 538 48577 4709 4523 43868 4450 1107 686 607 3843 42761 42547 9801 32746 17592 15781
is_linear=0
shrinkage=0.1


Tree=31
num_leaves=31
num_cat=0
split_feature=3 1 17 5 8 13 18 14 5 6 9 3 2 15 17 8 7 8 14 10 5 19 10 4 0 5 8 3 7 8
split_gain=66.0042 49.3892 63.4842 56.1178 49.815 45.9952 42.6011 39.8084 36.2326 45.6941 62.4259 37.3289 39.8876 54.6159 48.2833 34.9266 37.447 53.9685 55.2793 61.1845 50.0556 42.009 40.5503 80.3335 55.4029 53.2402 66.8073 65.2574 85.8941 126.833
threshold=0.26397318873688141 0.61843722171060012 0.038640802556818191 0.029001520422894597 4.5167546098321248e-12 3.1983981132507329 0.53023810276698169 0.099771883338689818 0.0064456391697475012 4.4947265230484238e-11 0.014250295285631433 0.01082285525887816 2.508770861680502e-11 2.0981216948712248e-05 0.12755237926136367 1.0595489358153367e-12 0.01267212342563317 2.7304952670690135e-12 0.0043240939266979703 1.1781480908393862 0.013434275040172951 0.2910765409469605 1.644960403442383 4.3376755965615037e-11 1.5573290627002683e-10 0.028625409799784441 2.3089180560997901e-11 0.13734494157594487 0.044176799700708917 4.5019951045678737e-11
decision_type=2 2 2 2 2 2 2 2 2 2 2 2 2 2 2 2 2 2 2 2 2 2 2 2 2 2 2 2 2 2
left_child=1 2 3 -1 -5 7 -7 8 9 10 -4 -12 -13 -14 -15 -10 21 -18 20 -20 -19 -17 23 -21 -24 26 -26 28 29 -27
right_child=-2 -3 5 4 -6 6 -8 -9 15 -11 11 12 13 14 -16 16 17 18 19 22 -22 -23 24 -25 25 27 -28 -29 -30 -31
leaf_value=-0.10629812043604135 0.079893159523438478 0.037093486544573097 -0.092532694255826942 0.11339582847971351 -0.086689242248795539 -0.112275811597996 0.13637597487747638 -0.1136475607161759 0.061010020539871326 -0.11940042596371724 -0.11352119012756996 0.1118140843403711 -0.10904358262533112 -0.16072166191684625 0.096456948358549552 -0.060572670100667816 -0.1368630403733547 -0.16382755109398334 -0.086398347519140606 0.042116735532281901 0.07526836641691742 -0.0068347611803511975 -0.091552966418669654 -0.051609940523380096 -0.067313422990495822 -0.0014038220735644619 -0.0029786396539061588 0.048133325801717877 0.016414508923944193 -0.11794041804110143
leaf_weight=106.81180830486119 102.01513789594173 329.97339092940092 72.569440253078938 27.223587185144424 22.918693069368601 59.601198960095644 7.7909775376319876 31.059845827519894 95.434286698698997 52.936600584536791 18.39157047867775 47.715341947972775 30.768637590110302 8.6306657940149289 47.350596226751804 199.76728276815265 27.851064065471292 9.3043587636202556 78.540841912850738 539.89330638758838 148.58393699303269 535.2362638534978 65.24269711971283 110.09506421349943 167.26465107314289 364.03038295730948 4611.9689406491816 430.77155933342874 1643.6638267710805 125.61837177537382
leaf_count=3923 242 1210 2292 76 287 423 8 1430 188 856 139 103 190 77 92 4094 411 113 1110 1446 729 7406 607 1259 2176 2250 20456 1267 5651 1138
internal_value=-0.000136928 -0.00095197 -0.00224793 -0.065329 0.0219423 -0.00120902 -0.08353 -0.000622744 -0.000250535 -0.0357923 -0.0161587 0.0201002 0.0383763 -0.00201687 0.0568076 0.000830337 0.000196277 0.00210704 0.00257364 0.0014365 0.0611784 -0.0214402 0.00229256 0.0262413 0.000191424 0.00100654 -0.00523024 0.0126314 0.00546259 -0.031301
internal_weight=10119 10017 9687.04 156.954 50.1423 9530.08 67.3922 9462.69 9431.63 278.363 225.426 152.857 134.465 86.7499 55.9813 9153.27 9057.83 8322.83 8294.98 8137.09 157.888 735.004 8058.55 649.988 7408.56 7343.32 4779.23 2564.08 2133.31 489.649
internal_count=61649 61407 60197 4286 363 55911 431 55480 54050 3749 2893 601 462 359 169 50301 50113 38613 38202 37360 842 11500 36250 2705 33545 32938 22632 10306 9039 3388
is_linear=0
shrinkage=0.1


Tree=32
num_leaves=31
num_cat=0
split_feature=3 13 1 14 5 5 4 13 7 17 9 14 5 3 12 5 8 13 2 5 14 12 14 10 8 12 8 8 13 17
split_gain=57.2962 45.9746 42.7046 41.3791 38.5597 33.8736 45.1759 33.1369 49.7828 29.422 80.5098 51.6255 50.2538 55.8321 49.2297 53.6569 47.9541 40.7132 50.8668 39.6533 64.539 72.0128 42.4659 93.423 45.1635 60.2903 51.667 71.9299 54.2602 46.9994
threshold=0.26397318873688141 1.1377611160278323 0.7367376416538407 0.099771883338689818 0.042267427294741235 0.05868520958534125 1.1485170915098598e-10 3.8114799261093144 0.031207551726702591 0.053511186079545463 0.0017787784719106958 0.0060849101282656201 0.017888629990961333 0.030998873034973715 0.12742483615875247 0.018085271090065108 6.7372185301685728e-12 1.4763269424438479 6.5622826692059545e-10 0.0085848284571136066 0.0050647223833948382 0.20918424427509311 0.0043240939266979703 1.144640386104584 8.9791431024711688e-12 0.12250169366598131 2.8794051418456779e-12 1.2982392094116427e-12 1.283184349536896 0.066384055397727279
decision_type=2 2 2 2 2 2 2 2 2 2 2 2 2 2 2 2 2 2 2 2 2 2 2 2 2 2 2 2 2 2
left_child=1 4 3 5 -1 7 -7 9 -9 10 12 -12 -3 -14 15 -13 17 18 -15 20 -11 -22 24 -24 25 26 27 29 -28 -21
right_child=-2 2 -4 -5 -6 6 -8 8 -10 19 11 14 13 16 -16 -17 -18 -19 -20 22 21 -23 23 -25 -26 -27 28 -29 -30 -31
leaf_value=-0.11453569563524452 0.076830937370338345 -0.057981442533309925 0.065793074277872551 -0.11736474944341937 0.054019041642738658 -0.12326075113572724 0.054628522104699408 -0.47875364963844041 -0.048190583343556317 -0.10530127725493349 -0.092176118195951923 0.085540681742554386 -0.17683340436681674 0.043629094915987307 -0.069528558081303801 -0.06465002128023789 -0.12616854226617025 0.11409114833719287 -0.10745664789480047 0.09230571875969687 0.016353573809359832 -0.070651414396964415 -0.11524389530541007 0.0016754471827474565 0.1085006741940816 -0.064854561552202372 0.12419330868845727 -0.1330325991284321 -0.0064637789613377948 -0.1935674167737742
leaf_weight=61.085943856276572 95.798986073583364 83.015058520250022 96.887510217726231 30.4248699368909 17.449151258915663 15.500888489186762 180.66489917226136 3.5289305038750163 11.234105620533226 86.023181868717074 177.90705754421651 64.649291658774018 12.610229611396788 194.32106494344771 95.617327965795994 37.63395251519978 16.838732546195388 69.573700957931578 25.170100057497621 44.774604789912701 306.2895218655467 137.98909489810467 68.946732873097062 7777.8702690741047 68.925879746675491 66.914864575490355 94.033557211980224 33.338074402883649 48.013697974383831 6.5985715128481379
leaf_count=2102 242 2656 242 1447 85 330 506 46 56 2809 5484 239 119 1434 600 429 260 424 445 102 1396 1115 1246 35284 101 1076 173 567 554 80
internal_value=-0.000134985 -0.000877222 -0.00026993 -0.000925845 -0.0770857 -0.000561675 0.0405718 -0.00140821 -0.151112 -0.00117598 -0.0198196 -0.0530852 0.0113151 0.029376 -0.0179435 0.0302797 0.0378766 0.0474326 0.0263034 0.000482231 -0.0260202 -0.0106694 0.0021942 0.000648125 0.035652 0.0185542 0.0431676 -0.0186441 0.0800296 0.0555871
internal_weight=10029.6 9933.83 9855.3 9758.41 78.5351 9727.98 196.166 9531.82 14.763 9517.05 777.337 375.808 401.529 318.514 197.901 102.283 305.904 289.065 219.491 8739.72 530.302 444.279 8209.42 7846.82 362.599 293.673 226.759 84.7113 142.047 51.3732
internal_count=61649 61407 59220 58978 2187 57531 836 56695 102 56593 12090 6752 5338 2682 1268 668 2563 2303 1879 44503 5320 2511 39183 36530 2653 2552 1476 749 727 182
is_linear=0
shrinkage=0.1


Tree=33
num_leaves=31
num_cat=0
split_feature=15 13 12 11 14 5 2 3 5 14 6 12 11 9 17 3 17 2 18 2 4 11 5 14 10 6 4 6 2 13
split_gain=51.477 39.8372 37.2627 35.8238 35.4965 34.426 32.135 48.6675 29.4547 31.6025 88.0308 40.9878 34.1481 31.3534 82.6501 41.3048 32.57 30.2696 29.3921 84.9228 77.0015 58.0266 54.1958 52.7903 46.0661 78.9768 75.1744 58.4008 43.6446 55.9834
threshold=0.00013604532432509589 1.1377611160278323 0.57742688059806835 2.0043801285396515e-08 0.035945191979408271 0.042267427294741235 2.4782089780705312e-09 0.14369442337954005 0.0038253693775393634 0.0034794892417266969 1.6412564997514467e-11 0.088890966027975096 1.6034914729345932e-08 0.00287087233989728 0.066384055397727279 0.022947004069368431 0.036199396306818191 2.508770861680502e-11 0.35232735090804373 2.1830775736700087e-10 3.6713546768285411e-11 1.9571000375862017e-09 0.0085848284571136066 0.011001621372997763 2.9513376951217656 9.2004142447738292e-11 5.4459934770225873e-11 4.598504241127912e-10 3.7617176967282895e-10 2.2097864151000981
decision_type=2 2 2 2 2 2 2 2 2 2 2 2 2 2 2 2 2 2 2 2 2 2 2 2 2 2 2 2 2 2
left_child=1 5 -2 6 -5 -1 8 -8 -3 13 12 -12 -11 14 15 -10 -17 -15 -13 20 22 -21 -20 -24 25 28 -27 -26 29 -23
right_child=2 3 -4 4 -6 -7 7 -9 9 10 11 18 -14 17 -16 16 -18 -19 19 21 -22 24 23 -25 27 26 -28 -29 -30 -31
leaf_value=-0.11223146105022175 0.064364179256462081 -0.1031125765517263 -0.14617212557370382 -0.2154612967772056 0.011050917629522365 0.049158619546983806 -0.18923048225836422 0.090425406563754043 -0.18184700919057728 -0.07709493107201805 -0.10819022869587253 -0.0022985315690315466 0.31276998485401647 0.10547785571972533 -0.12417316158568317 -0.1570791794233741 0.060740155349372354 -0.077439500483888021 -0.031069089465206118 0.12074321075545232 -0.060156655805093134 0.049334374852611246 0.050861323107194434 -0.11066037992458942 0.086929167762510418 -0.20256388882365084 -0.018547963762805247 0.016048502765167168 0.1227249821212177 -0.17464447464642743
leaf_weight=56.351098962128162 165.75051186978817 28.012801885604858 8.8557418026030046 15.381057665683331 12.574166085571049 17.266926085576415 6.846905179321765 68.277783097699285 7.9772595465183249 171.32917354349047 34.946403250098228 7496.4354171315208 2.2765173912048331 74.357953106984496 37.144291806034744 7.1798112774267784 156.44182808790356 10.299980433657764 190.12066320236772 69.95630264095962 233.57361431233585 57.891778176650405 257.20918118953705 21.962254643440247 200.16420832276344 25.335652984678745 179.39301054179668 277.25138038396835 58.178266301751137 13.824357274919747
leaf_count=2102 485 971 241 175 78 85 86 142 100 4271 1557 42300 1 228 1146 194 639 170 1207 137 1794 203 647 133 360 208 780 966 120 123
internal_value=-0.000133068 -0.00109314 0.0536861 -0.00053777 -0.113577 -0.0743778 -0.000211536 0.0649374 -0.000720761 -0.000421459 -0.001442 -9.86582e-05 -0.0719826 0.0318916 0.0110736 0.0403491 0.0511821 0.0832231 0.000317297 0.0126902 -0.0132404 0.0333545 0.0101105 0.0381545 0.025826 -0.00262334 -0.0413204 0.0457664 0.0583677 0.0061591
internal_weight=9962.57 9787.96 174.606 9714.34 27.9552 73.618 9686.39 75.1247 9611.26 9583.25 9289.85 9116.24 173.606 293.401 208.743 171.599 163.622 84.6579 9081.3 1584.86 702.866 881.995 469.292 279.171 812.039 334.623 204.729 477.416 129.894 71.7161
internal_count=61649 60923 726 58736 253 2187 58483 228 58255 57284 54807 50535 4272 2477 2079 933 833 398 48978 6678 3781 2897 1987 780 2760 1434 988 1326 446 326
is_linear=0
shrinkage=0.1


Tree=34
num_leaves=31
num_cat=0
split_feature=5 14 5 9 8 14 3 6 14 3 1 17 12 17 19 1 4 5 7 7 13 14 8 4 13 1 10 5 14 4
split_gain=45.9528 35.3377 71.7776 83.3293 78.1762 99.5509 62.3987 44.9679 53.619 37.6567 35.0045 50.2749 34.9692 90.6398 61.6181 55.5627 58.4412 52.3083 51.2025 52.7589 51.1462 44.5673 141.357 89.9538 114.008 86.0775 60.5884 69.6264 54.2292 88.0841
threshold=0.078547348102501288 0.0052019979339092979 0.016491656685052519 0.0086210242190053812 3.2855180667382263e-12 0.0036971028894186024 0.030998873034973715 4.1006923626400507e-11 0.0049935043789446363 0.062831742219611783 0.22598872165621675 0.061412464488636374 0.3949724286794663 0.14845969460227273 1.6121063232421877 0.48295506417299083 1.0219904564747675e-10 0.050842682010803462 0.18542098776118426 0.068520547141159668 2.7754991054534917 0.014375703874975445 2.6812874432354951e-10 1.9209771680251886e-10 1.6101001501083376 0.22598872165621675 2.9392997026443486 0.015287354986240896 0.0098135280422866362 7.0089330875318299e-11
decision_type=2 2 2 2 2 2 2 2 2 2 2 2 2 2 2 2 2 2 2 2 2 2 2 2 2 2 2 2 2 2
left_child=1 2 10 4 6 9 -4 -7 -9 -6 11 -1 21 14 15 16 -14 20 19 -15 -16 23 -23 28 -25 -24 27 -27 -3 -30
right_child=-2 12 3 -5 5 7 -8 8 -10 -11 -12 -13 13 18 17 -17 -18 -19 -20 -21 -22 22 25 24 -26 26 -28 -29 29 -31
leaf_value=0.091562997017531442 0.066683263509369539 0.0094084316737544412 -0.093676530444154166 0.08614146888805739 0.10509105816864035 -0.076885481835222647 0.04230837060908061 0.061449967544981367 -0.14143012911996258 -0.10826113788298863 -0.094503167038362271 -0.049879295811880602 -0.1575519898704755 -0.091291833120870136 -0.10857392703333857 -0.20024808481007961 0.034659797855228186 0.053016338544189662 -0.081093112997432673 0.019622799703353577 0.060396334108540367 0.055930248535160688 -0.094702264507847772 0.073418042396067709 -0.12831014064280002 0.051126042902332559 0.012139691903978261 -0.088604396165586921 -0.033797386753386609 0.010059909692137228
leaf_weight=29.435524456202984 101.90469164215028 2910.5623442865908 38.487331537529826 96.333732580766082 55.946370974183083 300.82261429075152 273.78762310836464 53.271442767232656 17.243542291224003 9.7082751933485252 138.56046322640032 171.80676506459713 17.837347745895386 45.647799003869295 223.05407240241766 13.258469760417936 139.74588384851813 26.481032196432352 62.75963255437091 708.89384361822158 19.478364538401365 628.76039284653962 89.403996899724007 37.353761471807957 112.06628693267703 49.491477141156793 1572.6814157832414 127.60924457199872 945.16461298242211 888.37620162218809
leaf_count=132 484 16468 552 217 148 6643 1438 362 308 506 5843 3524 157 267 1535 98 438 66 1457 2459 67 1557 616 115 871 161 5778 864 5169 3349
internal_value=-0.000122427 -0.000816817 -0.0170052 -0.00140635 -0.0126624 -0.039968 0.0255485 -0.0600373 0.0118382 0.0735429 -0.055823 -0.0291907 0.00140973 -0.0140041 -0.0506058 -0.00363921 0.0129027 -0.0804328 0.00569415 0.0129128 -0.0950035 0.00404203 0.0149985 -0.00148361 -0.0778798 0.00100516 0.00589527 -0.0495562 0.000922559 -0.0125479
internal_weight=9905.93 9804.03 1185.4 845.601 749.267 436.992 312.275 371.338 70.515 65.6546 339.803 201.242 8618.63 1257.16 439.855 170.842 157.583 269.013 817.301 754.542 242.532 7361.47 2467.95 4893.52 149.42 1839.19 1749.78 177.101 4744.1 1833.54
internal_count=61649 61165 19673 10174 9957 7967 1990 7313 670 654 9499 3656 41492 6544 2361 693 595 1668 4183 2726 1602 34948 8976 25972 986 7419 6803 1025 24986 8518
is_linear=0
shrinkage=0.1


Tree=35
num_leaves=31
num_cat=0
split_feature=3 14 15 13 19 17 12 4 8 12 5 11 5 7 18 9 5 10 18 19 0 12 17 10 6 4 5 13 18 11
split_gain=42.0815 35.9396 36.7718 32.9515 30.3706 29.8284 69.8831 68.3989 50.4372 43.5993 77.0163 52.5925 41.6075 45.3272 62.5213 41.1306 53.6921 70.228 48.3332 39.9769 59.0806 66.1499 57.8667 68.1665 93.1069 50.305 43.2347 41.081 37.5121 34.7748
threshold=0.26397318873688141 0.099771883338689818 0.00013604532432509589 1.1377611160278323 0.26266634464263922 0.15418590198863638 0.61200964450836193 1.636281362104262e-11 2.0870703045347137e-11 0.38618640601634985 0.021725568704096174 2.0043801285396515e-08 0.04473457087017297 0.15966069999754595 0.21291815887459301 0.12668342637562627 0.042267427294741235 3.7285410165786748 0.018516599073667424 0.49564807116985327 2.1562588297508787e-10 0.30838498473167425 0.1856134588068182 3.8381906747817998 7.5246174293082059e-11 3.932714338497576e-10 0.006728835179634839 1.8795645236968996 0.31771795587106189 2.567112078466494e-09
decision_type=2 2 2 2 2 2 2 2 2 2 2 2 2 2 2 2 2 2 2 2 2 2 2 2 2 2 2 2 2 2
left_child=1 2 3 4 -1 6 7 28 -7 11 -11 -9 13 19 -15 16 17 -12 -17 20 21 -10 25 24 26 -21 -24 29 -5 -26
right_child=-2 -3 -4 5 -6 8 -8 9 12 10 15 -13 -14 14 -16 18 -18 -19 -20 22 -22 -23 23 -25 27 -27 -28 -29 -30 -31
leaf_value=0.005693286591611349 0.070696344499612776 -0.11778541429963063 0.052763127829935856 -0.03397297636728485 -0.13068378753124199 -0.12839391111394882 -0.13196132164614133 0.0017699518790362852 0.039347583393392511 -0.11535935661218683 -0.040010266895982784 -0.1983813960474749 0.080953126240071629 -0.11737272340953264 0.056694116255174065 -0.086813196776621041 0.042264449582441521 -0.21557936783123971 0.04243197295881871 0.021398112718002696 0.086264759735157237 -0.15493455507007814 -0.09359643799259483 0.073494710987685202 -0.12932960177848743 -0.22296818906371399 0.04639407639527688 -0.22240494785082268 -0.12918065063730391 0.028067549137354753
leaf_weight=28.922872844152153 83.21352575160563 26.154431071132421 128.3656840454787 196.237275371328 37.503208363428712 25.205204446800053 41.875696245580912 7067.5999830104411 61.298273917287588 84.497625727206469 192.58201411738992 13.152678654529153 88.099740033969283 60.363472061231732 31.351927313953638 34.588275581598282 65.798150949180126 25.840146709233522 177.01637760922313 860.26839192956686 163.38935381732881 24.54172845557332 31.166250988841057 47.094410195946693 50.161971624940634 8.5075043365359289 75.518289167433977 31.83606019616127 52.443029535003006 19.49108312278986
leaf_count=716 242 1447 407 3436 1471 403 395 43795 314 645 952 158 196 412 88 202 171 208 552 2707 267 233 378 131 449 77 182 264 681 70
internal_value=-0.000115101 -0.000719402 -0.000404556 -0.00111575 -0.0713032 -0.000626529 -0.00311903 -0.00243692 0.011931 -0.000761516 -0.0271127 0.00139817 0.0142083 0.0101945 -0.0578698 -0.0120738 -0.0369254 -0.0607807 0.0213059 0.0147403 0.0509744 -0.0161978 0.00670623 -0.0351517 -0.0597305 0.0190052 0.005498 -0.128298 -0.0540509 -0.085285
internal_weight=9834.08 9750.87 9724.72 9596.35 66.4261 9529.92 7951.63 7909.76 1578.29 7661.08 580.323 7080.75 1553.09 1464.99 91.7154 495.825 284.22 218.422 211.605 1373.27 249.229 85.84 1124.04 255.268 208.174 868.776 106.685 101.489 248.68 69.6531
internal_count=61649 61407 59960 59553 2187 57366 51195 50800 6171 46683 2730 43953 5768 5572 500 2085 1331 1160 754 5072 814 547 4258 1474 1343 2784 560 783 4117 519
is_linear=0
shrinkage=0.1


Tree=36
num_leaves=31
num_cat=0
split_feature=5 3 1 17 13 9 4 7 5 19 9 7 8 14 5 17 9 13 18 14 14 9 12 3 9 14 9 7 8 8
split_gain=36.7477 34.2843 31.4216 31.1937 35.7218 32.7864 37.1294 31.7834 29.6501 27.45 25.2003 30.2564 63.6809 41.5916 43.3407 47.0751 41.0262 51.1643 46.3521 45.2389 54.4447 50.9668 43.4541 36.617 34.1559 32.962 68.8408 69.6018 46.1236 37.9303
threshold=0.078547348102501288 0.15707690904460689 0.7367376416538407 0.039040305397727279 1.5314924120903017 0.0010665791029975231 5.9518439165603874e-11 0.0084124322524444153 0.037383498508293221 2.2404168844223027 0.00078507995432971448 0.010347586811473601 2.8794051418456779e-12 0.0043240939266979703 0.010452858178631813 0.054576526988636374 0.0013577577828160644 1.4267553091049197 0.22593598361973738 0.0061335114296525725 0.0032281761523336176 0.00287087233989728 0.085972908884286894 0.0234635288242734 0.005136681067170328 0.0051450324244797238 0.0017081399877460872 0.024377862135576085 1.2277991394002638e-11 1.0206438333133091e-11
decision_type=2 2 2 2 2 2 2 2 2 2 2 2 2 2 2 2 2 2 2 2 2 2 2 2 2 2 2 2 2 2
left_child=2 -2 3 4 8 7 9 -6 -1 -7 -5 16 -13 14 -14 -16 17 18 22 20 21 -18 23 -12 -21 26 -15 28 -28 -27
right_child=1 -3 -4 10 5 6 -8 -9 -10 -11 11 12 13 25 15 -17 19 -19 -20 24 -22 -23 -24 -25 -26 29 27 -29 -30 -31
leaf_value=-0.10205123527811513 -0.11245767375831242 0.083671908709222531 0.059464110211551013 0.055236134622917765 -0.1092538130519044 0.0085804744502127831 -0.093945367528235846 0.15636027503741953 0.11435924280107912 0.27644128471922419 -0.14174564656308311 -0.1145526695013184 -0.121552868237171 0.052723534806364471 -0.11551038226362953 0.069136617000811626 -0.10541618591729246 0.14459882020121029 0.51336318066513176 0.091739952757241103 -0.098725017913998001 0.075673373284870893 -0.12330885551252475 0.062232847615961401 -0.077022324763515726 0.03358720152259214 -0.10214437489192994 0.054682053175837214 -0.0097718290962822488 -0.0002843887969065394
leaf_weight=85.307023166678846 9.9886119142174703 82.743001855909824 86.021199755370617 80.559754896908998 5.7950531812384751 17.857544704340402 40.207364066503942 20.237772398628294 6.8384664040058842 4.8689348008483639 10.731235630810259 48.042096401564777 14.781325220130382 81.353035430423915 14.887240232899783 190.32541935145855 24.698105479590595 26.370027898810804 1.6384261669591058 35.328975534066558 163.35344030056149 41.921995412558317 29.222668858245015 48.918449672870338 18.155682850629091 344.95065508037806 170.309720531106 51.676988001912832 79.189275961369276 7952.0030195820145
leaf_count=3614 231 253 242 186 229 266 780 34 32 5 311 743 360 397 520 1179 1525 308 24 196 5584 309 790 207 122 2097 3436 175 613 36881
internal_value=-0.000106135 0.0625458 -0.000705359 -0.00124398 -0.0423521 0.00284553 -0.0361982 0.0972331 -0.0859906 0.0659671 -0.000454321 -0.000934261 0.000269153 0.000888996 0.043829 0.0557413 -0.0278304 0.0220224 -0.0136898 -0.0483866 -0.0676524 0.00853794 -0.0234064 0.0255362 0.0344526 -0.00019938 -0.0288997 -0.0509476 -0.072826 0.00112384
internal_weight=9788.28 92.7316 9695.55 9609.53 181.112 88.9667 62.9338 26.0328 92.1455 22.7265 9428.42 9347.86 8947.52 8899.48 219.994 205.213 400.339 116.881 90.5108 283.458 229.974 66.6201 88.8724 59.6497 53.4847 8679.48 382.529 301.176 249.499 8296.95
internal_count=61649 484 61165 60923 4960 1314 1051 263 3646 271 55963 55777 46401 45658 2059 1699 9376 1640 1332 7736 7418 1834 1308 518 318 43599 4621 4224 4049 38978
is_linear=0
shrinkage=0.1


Tree=37
num_leaves=31
num_cat=0
split_feature=14 5 3 1 13 17 18 19 14 13 17 3 8 17 12 4 18 1 3 4 19 3 13 12 7 5 13 19 9 18
split_gain=36.2682 47.3387 29.1751 28.1502 44.9788 44.3122 37.6232 30.4864 28.1988 78.65 66.3597 37.5189 24.1456 23.5525 65.4535 53.4713 42.3204 37.8303 58.2359 80.3197 54.4319 70.0926 123.435 54.1529 50.5509 42.7037 39.2254 61.8412 37.2439 35.0235
threshold=0.099771883338689818 0.078547348102501288 0.15707690904460689 0.61843722171060012 3.1983981132507329 0.034867720170454551 0.53023810276698169 5.7109663486480722 0.011472643353044988 2.5890580415725712 0.030650745738636367 0.10784310238416178 6.3940780719574531e-12 0.15662730823863638 0.57742688059806835 1.424878422531573e-11 0.16632116379068151 0.20823358525095212 0.060498719975230132 1.1812381551515698e-10 1.0664930343627932 0.050911068032394209 1.9252986907958987 0.44347323477268225 0.1341577352472916 0.027745038454158249 1.7412427067756655 4.7955050468444833 0.014760128744030781 -0.06382896518334745
decision_type=2 2 2 2 2 2 2 2 2 2 2 2 2 2 2 2 2 2 2 2 2 2 2 2 2 2 2 2 2 2
left_child=1 3 -3 4 5 -1 7 -6 9 11 -11 -5 -13 14 15 -7 -16 18 25 -20 24 22 23 -22 -19 26 28 -28 -15 -23
right_child=-2 2 -4 8 6 13 -8 -9 -10 10 -12 12 -14 17 16 -17 -18 20 19 -21 21 29 -24 -25 -26 -27 27 -29 -30 -31
leaf_value=-0.10065419293359348 -0.12206394587579937 -0.099298188887894337 0.096635320728896176 0.10809517123367281 -0.14787211593360158 -0.054799996691386181 0.1202509075940737 0.09479399006348968 0.05112894098012391 0.12558986135163488 -0.20381689560720193 0.062753807966170513 -0.15846177662330641 -0.13597920480105566 -0.16019772855490569 -0.00039126155423444258 0.0029805711061528651 0.091645693270699935 -0.14595209670735082 0.048692700998809867 0.064140624601624174 -0.063744964918751784 -0.1502029906692682 -0.21560810816426532 -0.072470161012967424 -0.076731025751707788 -0.18058781121710457 0.041145299241824702 0.028039590584040916 0.040932790681564163
leaf_weight=44.288044434040785 24.325700174551457 8.4853789173066598 72.806404167786241 41.698483625426888 44.900779880583286 185.06224957946688 7.4863513857126227 5.8518395572900763 201.4179999306798 7.8188991323113433 28.073421595618129 8.98608864285052 10.942315296269951 14.25835640542209 43.106872763484716 7537.1567484522238 25.176336199045181 168.12748112902045 61.394406735897064 32.381712142378092 69.686862632632256 34.909495528787374 65.473173320293427 7.6825224831700316 21.126872800290585 56.467300161719322 25.091722637414932 25.221228636801243 476.61782556399703 378.72664246335626
leaf_count=2063 1452 60 217 101 387 3668 9 11 543 16 208 123 211 218 458 46296 112 237 425 113 152 171 439 64 125 433 186 70 2076 1005
internal_value=-0.000112531 0.000192971 0.0761834 -0.000448561 -0.00141638 -0.000866101 -0.0890231 -0.119892 0.0297581 -0.0143816 -0.132058 0.0541546 -0.0587115 -0.000387169 -0.00255709 -0.00169516 -0.100033 0.0113754 -0.00547397 -0.0787395 0.0269979 0.0112423 -0.0491515 0.0363625 0.0733251 0.00602187 0.0146563 -0.0694359 0.0232754 0.0320983
internal_weight=9734.75 9710.42 81.2918 9629.13 9330.19 9271.96 58.239 50.7526 298.937 97.5192 35.8923 61.6269 19.9284 9227.67 7790.5 7722.22 68.2832 1437.17 691.433 93.7761 745.733 556.479 142.843 77.3694 189.254 597.656 541.189 50.313 490.876 413.636
internal_count=61649 60197 277 59920 58718 58311 407 398 1202 659 224 435 334 56248 50534 49964 570 5714 3521 538 2193 1831 655 216 362 2983 2550 256 2294 1176
is_linear=0
shrinkage=0.1


Tree=38
num_leaves=31
num_cat=0
split_feature=14 5 3 18 9 17 4 3 9 8 12 14 7 18 11 13 6 8 3 14 6 13 18 13 0 3 0 3 5 15
split_gain=32.529 42.3734 43.9941 47.5884 84.8179 33.8175 27.1849 31.9592 27.0047 41.3686 44.314 42.6115 68.3132 42.8871 44.451 36.2118 35.8617 42.4573 48.3211 31.1807 30.5254 38.8625 45.6705 30.4025 82.4115 65.1551 78.1891 63.6873 130.075 106.518
threshold=0.099771883338689818 0.05868520958534125 0.17936942439294851 0.0012626774947751653 0.095440198024819248 0.046098188920454551 1.1452682604012085e-09 0.16735080613605341 0.0042012196120652153 4.2273751839845714e-12 0.12996831536293033 0.0060849101282656201 0.022369320718866298 0.0037706522218121049 1.2890561396083913e-09 1.1156944036483767 2.8880585978508901e-11 6.6262975472846116e-12 0.10852431399911165 0.0036000888794660573 4.041888444980226e-11 1.283184349536896 -0.19463562884960658 1.6053253412246706 6.5803030929797252e-10 0.10046052494998996 7.1444208866506219e-10 0.052245725843514619 0.021615402927162367 2.5389916118001569e-05
decision_type=2 2 2 2 2 2 2 2 2 2 2 2 2 2 2 2 2 2 2 2 2 2 2 2 2 2 2 2 2 2
left_child=1 6 3 -3 5 -5 8 -8 9 10 15 12 19 -14 -15 -1 -13 -18 -19 -11 21 -17 -23 25 -25 26 27 -10 -29 -30
right_child=-2 2 -4 4 -6 -7 7 -9 23 11 -12 16 13 14 -16 20 17 18 -20 -21 -22 22 -24 24 -26 -27 -28 28 29 -31
leaf_value=-0.10739181665443683 -0.12103411952449519 0.064340820297266663 0.095145025892500526 0.13442721720314335 0.078914310520884906 -0.19942509194907909 -0.20464301488577186 0.10643683031320268 0.028994931680856817 0.026885427001263635 -0.13051413649673646 0.11341021030866694 -0.068763658724519491 -0.13697863496750456 0.21220485373596309 0.025553370094841141 0.084933777410497291 0.09768602930854979 -0.11864082675084725 -0.088385281533610305 0.062237117356004706 0.073481871711232896 -0.052658089611054927 -0.03285772433606101 0.0022184314001091059 -0.05646279021698513 0.1027994637746462 -0.12749470694852999 -0.11371407199883835 0.024468777141654453
leaf_weight=26.990035807713866 22.188718506600708 62.889477936550975 94.525618812069297 3.3769216388463965 24.758167607709765 29.889129654504359 12.99799471627921 4.4275338947772971 925.86720125749707 25.981157344765961 24.814745474606752 26.942958846688271 14.908048421144484 4.4807854332029846 19.559990400448442 273.6896764356643 26.724475584924221 13.507532298564909 43.833204900845885 242.44818655494601 97.167914270423353 34.391266676597297 173.5463764956221 755.58279095031321 5901.8802055893466 124.86958405375481 103.03455124050379 85.0912019694224 64.164265487343073 427.16642831452191
leaf_count=1231 1452 163 280 5 71 472 174 9 5160 632 797 116 164 52 47 2253 89 38 710 8258 296 349 4729 4323 24815 998 331 826 849 1960
internal_value=-9.37403e-05 0.000183783 0.044036 0.00408094 -0.0612316 -0.165535 -0.000815521 -0.125603 -0.000585091 -0.0157119 0.000463803 -0.0400922 -0.0592707 0.0644903 0.147123 0.00582904 0.0130126 -0.0191649 -0.0676816 -0.0772283 0.0111087 0.000793575 -0.0317955 0.00130671 -0.00176251 0.0131165 0.0185287 0.012749 -0.0133458 0.00642309
internal_weight=9691.7 9669.51 215.439 120.914 58.0242 33.2661 9454.07 17.4255 9436.64 1048.99 630.6 418.386 307.378 38.9488 24.0408 605.785 111.008 84.0652 57.3407 268.429 578.795 481.627 207.938 8387.66 6657.46 1730.19 1605.32 1502.29 576.422 491.331
internal_count=61649 60197 991 711 548 477 59206 183 59023 19761 9655 10106 9153 263 99 8858 953 837 748 8890 7627 7331 5078 39262 29138 10124 9126 8795 3635 2809
is_linear=0
shrinkage=0.1


Tree=39
num_leaves=31
num_cat=0
split_feature=14 5 3 1 17 5 9 6 8 5 14 1 4 3 11 7 13 6 12 19 6 13 19 19 14 19 8 17 1 14
split_gain=29.1565 36.7593 23.9536 23.7076 22.7532 52.4974 60.7855 50.3617 81.4476 55.7019 47.3315 46.6698 44.3801 43.9172 40.1201 49.8241 58.5522 37.2443 79.8988 33.2384 31.1035 28.1844 28.1769 27.6373 25.5946 26.414 25.4676 46.4706 46.3574 38.381
threshold=0.099771883338689818 0.078547348102501288 0.15707690904460689 0.7367376416538407 0.055686257102272735 0.03407903044900102 0.0013577577828160644 3.9872201084105428e-11 5.5849822585657973e-12 0.020128747494545182 0.0087160924449563044 0.48884530417869482 8.1197815011613009e-11 0.030998873034973715 1.3512806429361037e-09 0.0077637777538817855 1.3494005203247073 2.3616130752049459e-11 0.10261698812246324 2.2404168844223027 4.2974256272065892e-12 2.6732060909271245 0.86545467376708995 -0.023808723315596577 0.0048526050522923478 1.4109347462654116 2.8794051418456779e-12 0.063054865056818191 0.14104533217796206 0.0037851303350180392
decision_type=2 2 2 2 2 2 2 2 2 2 2 2 2 2 2 2 2 2 2 2 2 2 2 2 2 2 2 2 2 2
left_child=1 3 -3 4 5 6 13 19 -9 10 11 -10 -12 20 -15 -16 -17 18 -18 -8 -1 -13 -7 -11 -19 -26 27 28 -6 -28
right_child=-2 2 -4 -5 26 22 7 8 9 23 12 21 -14 14 15 16 17 24 -20 -21 -22 -23 -24 -25 25 -27 29 -29 -30 -31
leaf_value=0.12572646327208761 -0.11998536588787356 -0.085227316451107482 0.094389237841247614 0.054200472235674028 0.11337298550292117 0.060058449044772547 -0.091268625319180133 0.13334075084984054 -0.12222680286334781 0.078332159047776143 -0.27304336944298097 0.080758296415830266 -0.027712759705403763 0.086535687563202596 -0.11487055974746377 -0.15021928788023206 -0.12134493087303602 -0.14090979710640045 0.7326157301215237 0.12063766943697618 -0.16981323438879092 -0.14232705139218602 -0.032338453536154714 -0.1198067911665307 0.089733633047170441 -0.16317591509569995 0.059279479631428204 -0.11273328408380759 -0.10849771146341008 0.00050642480487686026
leaf_weight=4.3835982214659479 20.243880358524621 8.451158279553054 61.128583228215575 78.935020752251148 25.03114066272974 118.80752379633486 210.77457591425627 31.065055934712291 15.834072076715527 7.7282139509916297 10.340773951262234 78.943426293320954 25.698575481772423 77.565134248230606 31.013372564688325 14.518094294704495 1.9817313747480501 6.2692591650411478 2.4503448428586125 7.671471841633319 18.977720423601568 6.1009324230253688 45.700661711394787 79.019430705346167 56.564365783706307 4.4547891020774832 112.60053914599121 53.024030412081629 15.096809490583835 8403.8680613436736
leaf_count=4 1452 60 217 242 70 434 9072 154 259 24 94 285 95 206 1449 360 82 133 10 90 204 48 296 1361 268 55 1099 2024 184 41318
internal_value=-0.000100495 0.000151943 0.072573 -0.000376014 -0.000831141 -0.0163815 -0.0284627 -0.0485973 -0.0183859 -0.0394594 0.000262951 0.0354056 -0.0981055 0.0152045 0.0307408 -0.00616895 0.0329226 0.0699953 0.350781 -0.0838268 -0.114357 0.0647545 0.0343904 -0.102155 0.0515009 0.0712696 0.000714682 -0.0512892 0.0299015 0.00128349
internal_weight=9634.24 9614 69.5797 9544.42 9465.48 855.863 691.355 473.177 254.73 223.665 136.918 100.878 36.0393 218.178 194.817 117.252 86.2386 71.7205 4.43208 218.446 23.3613 85.0444 164.508 86.7476 67.2884 61.0192 8609.62 93.152 40.128 8516.47
internal_count=61649 60197 277 59920 59678 14983 14253 11482 2320 2166 781 592 189 2771 2563 2357 908 548 92 9162 208 333 730 1385 456 323 44695 2278 254 42417
is_linear=0
shrinkage=0.1


Tree=40
num_leaves=31
num_cat=0
split_feature=3 14 5 1 13 10 7 17 3 9 1 19 12 17 2 18 11 13 2 7 5 10 7 8 8 11 19 0 18 6
split_gain=26.1496 23.2933 22.9174 23.4384 34.4019 60.7319 42.3902 34.3234 28.7353 25.7019 22.6378 43.4734 34.2351 43.8721 33.1078 81.9101 47.5526 80.7406 38.0474 67.5796 44.8304 41.19 36.9329 55.5339 36.3025 37.9454 50.5178 33.9373 36.6124 26.2003
threshold=0.26397318873688141 0.099771883338689818 0.0038253693775393634 0.61843722171060012 2.8798598051071171 2.7911819219589238 0.084688420817204652 0.034867720170454551 0.11272966928294811 0.062839533717481147 0.47354277301017583 3.7503032684326176 0.43533264100551611 0.12218128551136366 5.802242754875689e-10 0.12983956776390024 5.9882412362100021e-09 2.4659948348999028 3.437753543575111e-10 0.026609430554424437 0.027260534928847831 2.3141596317291264 0.019281469515628806 2.0870703045347137e-11 6.8595587706670821e-11 4.9759991682662993e-09 1.4109347462654116 1.8657235007448372e-09 -0.1689437275159765 1.0039998023022723e-10
decision_type=2 2 2 2 2 2 2 2 2 2 2 2 2 2 2 2 2 2 2 2 2 2 2 2 2 2 2 2 2 2
left_child=1 2 -1 4 7 8 -7 -4 -6 -8 -9 12 13 14 15 18 17 22 19 21 24 -12 23 27 -20 -26 -27 -16 -29 -24
right_child=-2 -3 3 -5 5 6 9 10 -10 -11 11 -13 -14 -15 16 -17 -18 -19 20 -21 -22 -23 29 -25 25 26 -28 28 -30 -31
leaf_value=-0.099282894595716265 0.061861871724411037 -0.1146977881874995 -0.096572257971193745 0.028239610339096662 -0.14924105387214523 0.014521833783512062 0.0079004757202826639 -0.0012653308075718263 0.0056678070460745612 -0.23539886713123945 0.020080736787903966 -0.17051810915469581 -0.16555891016417734 0.10992562917158602 0.24575114614854499 -0.11067344591508239 0.051310771214447798 -0.26498568859662525 -0.10248773459187738 -0.14461441742885697 0.093465883092669774 0.2080642938833957 0.13923006204364283 -0.22774030844035079 0.079704924773426028 -0.18155994284668536 0.042913778635540079 0.076518705832836112 -0.077740223453419813 0.0173220105767646
leaf_weight=23.348028324078768 67.61866495013237 17.84215433918871 36.641734242904931 283.36467756703496 55.824834466911852 138.22642775066197 6.8650234043598202 8042.1903979275376 15.244712624698876 11.813952945172785 19.175237121991813 12.385360980406402 10.028534825891255 51.352902874350548 4.9799690870568147 65.81220977474004 345.99384496640414 11.764199469238518 49.89393188804388 10.559035286307333 33.884851932525635 29.725153267383575 24.559270191937685 13.393527597188948 37.205592676997185 18.5583551004529 21.805532887578011 23.456406951881945 44.719440105371177 62.480325911194086
leaf_count=972 242 1447 2061 1194 534 495 28 49404 51 110 264 121 76 77 28 535 915 99 1097 99 117 32 31 109 107 150 78 137 848 191
internal_value=-0.000105486 -0.000545485 -0.000331211 -8.75548e-05 -0.000960184 -0.0393219 -0.00458527 1.47272e-05 -0.116012 -0.14598 0.000410871 0.0155279 0.0181483 0.0202675 0.0146387 -0.0127539 0.0294148 -0.0114577 0.0164312 0.0848109 -0.00876778 0.134351 0.00572395 -0.0405325 -0.0359456 0.00685544 -0.0602939 -0.00625804 -0.0246663 0.0517198
internal_weight=9590.71 9523.1 9505.25 9481.91 9198.54 227.975 156.905 8970.57 71.0695 18.679 8933.92 891.734 879.348 869.32 817.967 286.62 531.347 185.353 220.808 59.4594 161.348 48.9004 173.589 86.5493 127.463 77.5695 40.3639 73.1558 68.1758 87.0396
internal_count=61649 61407 59960 58988 57794 1218 633 56576 585 138 54515 5111 4990 4914 4837 2479 2358 1443 1944 395 1549 296 1344 1122 1432 335 228 1013 985 222
is_linear=0
shrinkage=0.1


Tree=41
num_leaves=31
num_cat=0
split_feature=14 5 18 7 5 3 18 5 1 17 12 4 9 6 12 8 10 4 6 8 7 5 2 10 1 0 13 8 5 17
split_gain=23.7966 30.7385 22.0207 26.3224 35.5408 21.2243 20.7082 19.4609 21.4836 22.1305 54.8843 71.4841 44.481 92.144 53.9194 43.7578 38.2205 124.292 109.755 59.7339 51.6703 53.9759 39.2107 37.4827 52.4339 45.339 91.599 42.9688 59.3048 46.4513
threshold=0.099771883338689818 0.078547348102501288 0.99670859174379578 0.05958032420896462 0.012909164623583663 0.15707690904460689 -0.027123756293969393 0.0038253693775393634 0.7367376416538407 0.15662730823863638 0.38618640601634985 8.5616786821474634e-11 0.10333338337596243 4.7037371547973509e-10 0.61200964450836193 5.2777314702868804e-10 2.9513376951217656 6.6737062594349023e-11 3.0944567041010746e-10 2.7495789857774586e-10 0.093074480163133286 0.021300280261953883 1.2837378569806577e-09 2.8315247297286992 0.19026402583726071 7.1444208866506219e-10 1.6101001501083376 3.1515296701349566e-10 0.018668867185732522 0.1319025213068182
decision_type=2 2 2 2 2 2 2 2 2 2 2 2 2 2 2 2 2 2 2 2 2 2 2 2 2 2 2 2 2 2
left_child=1 2 7 4 -4 6 -3 -1 9 10 16 -12 13 -13 15 -14 18 -18 20 -19 22 -22 -9 24 -20 -25 -27 29 -29 -28
right_child=-2 5 3 -5 -6 -7 -8 8 -10 -11 11 12 14 -15 -16 -17 17 19 23 -21 21 -23 -24 25 -26 26 27 28 -30 -31
leaf_value=-0.094684274854751616 -0.11866435639061211 0.067781066739602436 0.036914586727250981 0.12108921488130829 -0.22587539472299248 0.092847067488595114 -0.2431153188148763 -0.0010616730787712852 0.053564995249348574 0.010672346841637571 -0.13975276976219059 0.0030220159347782547 -0.2123523699002462 -0.15899571838513432 -0.11007766261843598 0.010565688217568293 -0.12886272248174477 0.052580908949240092 0.02593767360920592 0.0073544928032767964 -0.17066088737333399 0.10199896164325335 -0.089440162192592529 -0.11984415395118352 -0.11435254415298957 0.19178167675895058 -0.02405842396073489 0.0094853941711317072 -0.18462260390287488 0.14095151651428289
leaf_weight=22.0257852608338 16.898090780945495 4.6304281204938889 41.48632799834013 32.583315759897232 5.8753263279795638 54.369853792712092 3.9873624518513662 4842.7480178033002 72.72175229806453 1382.9536396414042 55.121900800615549 78.246254950761795 9.0020362958312017 63.663543235510588 44.563800878822803 403.80848393216729 60.757250130176544 366.64041959494352 32.633749142289162 1435.2040587868541 8.0111407563090307 77.469820715487003 50.726745765656233 44.490575015544891 145.086577297654 20.54869095236063 98.465659748762846 28.61792285554111 34.977812492288649 20.63515967130661
leaf_count=968 1452 8 134 49 59 217 52 39557 233 5515 491 300 73 453 437 1567 503 915 118 5369 72 165 400 357 1216 42 480 122 304 21
internal_value=-9.99346e-05 0.000110032 -0.000352631 0.0519088 0.00431486 0.0697367 -0.0760675 -0.000797145 -0.000576614 -0.000999778 -0.00303755 -0.0307757 -0.020752 -0.0696623 -0.00557654 0.00570458 -0.000539684 0.0118137 -0.0047972 0.0165572 -0.000631412 0.0764457 -0.00197782 -0.0535479 -0.0885919 -0.028408 -0.00839258 -0.0309071 -0.0972745 0.00453085
internal_weight=9558.95 9542.05 9479.07 79.945 47.3617 62.9876 8.61779 9399.12 9377.1 9304.37 7921.42 654.406 599.284 141.91 457.374 412.811 7267.01 1862.6 5404.41 1801.84 4978.96 85.481 4893.47 425.456 177.72 247.736 203.245 182.697 63.5957 119.101
internal_count=61649 60197 59920 242 193 277 60 59678 58710 58477 52962 3321 2830 753 2077 1640 49641 6787 42854 6284 40194 237 39957 2660 1334 1326 969 927 426 501
is_linear=0
shrinkage=0.1


Tree=42
num_leaves=31
num_cat=0
split_feature=14 15 19 5 11 13 19 5 1 5 18 9 3 4 17 3 5 13 8 1 19 12 5 19 18 3 19 6 9 14
split_gain=21.3368 27.76 22.113 32.4847 20.6002 19.1191 28.6405 26.0778 18.6797 18.2626 33.6208 33.7234 48.8715 26.1234 63.1757 73.8034 42.8959 44.5047 29.309 35.2325 36.577 30.4348 59.5283 70.3443 64.211 43.4645 40.6113 55.4855 61.7218 56.2037
threshold=0.099771883338689818 0.00013604532432509589 0.65722170472145092 0.038557719717737554 2.405268517691184e-08 1.1377611160278323 0.26266634464263922 0.042267427294741235 0.7367376416538407 0.05868520958534125 0.0012626774947751653 0.10333338337596243 0.16932911339342652 2.8258524009774731e-10 0.13829456676136367 0.13829323837362906 0.044054841605949364 1.9116407036781313 2.0078011039917424e-09 0.32033889661897802 2.9771721363067631 0.39975889027118688 0.033790188756382671 2.5417730808258061 0.16306629931469535 0.11470539323803906 2.0174368619918828 7.7211094818028364e-10 0.094008257377907536 0.017144447192549709
decision_type=2 2 2 2 2 2 2 2 2 2 2 2 2 2 2 2 2 2 2 2 2 2 2 2 2 2 2 2 2 2
left_child=1 4 -3 8 5 6 7 -1 -4 13 -11 12 -12 18 15 -15 17 -16 21 20 -20 26 23 25 -24 -23 27 28 29 -7
right_child=-2 2 3 -5 -6 9 -8 -9 -10 10 11 -13 -14 14 16 -17 -18 -19 19 -21 -22 22 24 -25 -26 -27 -28 -29 -30 -31
leaf_value=-0.082564237735466603 -0.11764360416851381 0.087359540095866051 -0.22329550382024849 0.045943962454876738 -0.18577687163474818 -0.0054395732334422756 -0.13069645402527419 0.11916624862154764 0.025038336907529352 0.076164642983625741 -0.15548405015770173 0.078053800252420036 0.074719187267773199 -0.10877198849851209 -0.12581393202314731 0.018630728028541897 0.080018763404425125 0.018324854158440821 -0.18272841686198923 0.12914805011874445 0.088165081907885745 -0.00054848753686753487 -0.034120710516820842 -0.087071918049053107 0.07898977540165586 -0.093053473847207399 0.013336526433263725 0.043518497969608411 -0.053093171639032592 0.032594270982188436
leaf_weight=13.113596113398673 15.41602199943736 65.04699838347733 8.5513562224805337 39.000951629132032 5.9976116330362848 4757.1846830137074 27.6560587012209 12.531944983638821 4.6903690518811336 84.332595115527511 26.329708891920745 22.394547978416085 14.19357264228165 131.33941744361073 29.706678852438927 69.546052418649197 67.496215019375086 76.803811971098185 9.1433105561882275 37.343258515000343 10.958023011684416 392.58667754009366 90.186576515436172 175.92802300304174 113.16351907327771 58.341289687901735 2240.6147246216424 249.82288494706154 251.16504373401403 423.08420386724174
leaf_count=692 1452 244 81 146 96 37729 1471 24 21 224 434 65 44 998 215 230 117 276 78 56 20 1699 382 1154 204 347 9624 828 1388 1310
internal_value=-9.26194e-05 9.79696e-05 0.0484467 -3.48562e-06 -0.000505888 -0.000387487 -0.0601085 0.0160133 -0.135333 -4.63667e-05 0.0348917 -0.0204288 -0.0748537 -0.000606517 -0.0264596 -0.0646655 0.017648 -0.0218767 0.000493669 0.0716896 -0.0350538 2.63713e-05 -0.0181895 -0.0334408 0.0288248 -0.0125168 0.00193538 -0.00256108 -0.00468055 -0.00233326
internal_weight=9523.67 9508.25 117.29 52.2427 9390.96 9384.97 53.3016 25.6455 13.2417 9331.66 147.25 62.9178 40.5233 9184.41 374.892 200.885 174.007 106.51 8809.52 57.4446 20.1013 8752.08 830.206 626.856 203.35 450.928 7921.87 5681.26 5431.43 5180.27
internal_count=61649 60197 492 248 59705 59609 2187 716 102 57422 767 543 478 56655 1836 1228 608 491 54819 154 98 54665 3786 3200 586 2046 50879 41255 40427 39039
is_linear=0
shrinkage=0.1


Tree=43
num_leaves=31
num_cat=0
split_feature=3 18 7 10 1 17 13 10 6 18 5 8 13 3 1 9 14 15 17 3 5 12 3 1 19 10 7 14 7 12
split_gain=19.4283 17.4052 22.0664 29.4714 17.7911 29.1301 28.854 48.0959 40.9832 31.262 29.7329 28.113 27.5777 25.5942 24.4629 29.5076 22.7084 40.5471 33.9225 26.0195 29.8867 22.0846 32.1636 20.1855 35.8288 28.1134 51.0568 54.1669 46.7 35.5441
threshold=0.26397318873688141 0.99670859174379578 0.05958032420896462 1.8898922204971316 0.61843722171060012 0.033891157670454551 2.8798598051071171 2.7911819219589238 4.4880864815790151e-10 0.058064158243889163 0.035336025028155936 1.4309670908821345e-09 3.0887608528137211 0.11272966928294811 0.56585661271664212 0.067519839049860045 0.012091074138879778 9.5934821729315458e-05 0.030650745738636367 0.10917394117030305 0.018668867185732522 0.46129193902015692 0.11620613648389951 0.47354277301017583 3.7503032684326176 2.7087012529373173 0.027585380063269296 0.011107007972896101 0.027585380063269296 0.41014090180397039
decision_type=2 2 2 2 2 2 2 2 2 2 2 2 2 2 2 2 2 2 2 2 2 2 2 2 2 2 2 2 2 2
left_child=1 4 3 -3 5 -1 23 13 9 12 14 21 -9 -8 15 -10 17 19 -19 -6 -21 22 -12 -7 25 26 27 -25 -27 -30
right_child=-2 2 -4 -5 16 6 7 8 10 -11 11 -13 -14 -15 -16 -17 -18 18 -20 20 -22 -23 -24 24 -26 28 -28 -29 29 -31
leaf_value=-0.11263087800812577 0.05642128959402426 0.031434887120455772 0.11099371533647931 -0.21824328639466348 0.070901477156870549 -0.0019980161126077083 -0.14025121129714455 0.010010124635654701 0.016472754811804682 0.084684000443058169 -0.19491603254452894 -0.23514454692057676 -0.24750960848950676 0.0070770260206662553 -0.28118016827406928 -0.19439944503394402 0.046970365937893416 0.072441368665960598 -0.1521657705550461 -0.20398761835977261 0.044683529825983385 0.16724206199147804 0.045205219166464146 0.002065621363252234 -0.16038838057924804 -0.20839977188188655 -0.075769337194116021 0.14522770129618931 0.04356054079275231 -0.10185183796870423
leaf_weight=23.565435702446848 60.472058121114969 41.046577157452703 31.633955620229244 5.3429633025079957 50.09242907166481 7949.1038068379276 52.502104163169861 16.010674390941862 14.381537407636644 55.973522707819939 7.4334120675921467 4.6173208355903617 5.6175862047821274 15.206855811178682 7.8962679505348197 12.32082688435912 169.10124270059168 8.8904117345809919 27.597102225758135 8.646508610807361 10.958657252602277 8.5946745201945287 22.352381197735667 309.60697985859588 11.630034424364565 7.8382898643612853 77.338802294805646 28.895401626825333 426.76740243472159 17.499147971626371
leaf_count=1603 242 146 49 47 151 51775 532 54 49 114 75 49 53 51 74 112 507 63 193 182 114 8 67 3385 123 64 472 43 1131 121
internal_value=-7.90934e-05 -0.000441474 0.0465936 0.00267795 -0.000833953 -0.00159367 -0.00130459 -0.0368372 -0.00615601 0.0452299 -0.0575455 -0.00201856 -0.0568764 -0.107163 -0.126552 -0.0808265 0.024211 -0.0120335 -0.0974388 0.0326771 -0.0649884 0.0260274 -0.01472 -0.000407459 0.0139671 0.0163034 -0.0024624 0.0142863 0.0335639 0.0378329
internal_weight=9488.93 9428.46 78.0235 46.3895 9350.44 9075.15 9051.59 222.907 155.198 77.6018 77.5964 42.9978 21.6283 67.709 34.5986 26.7024 275.286 106.185 36.4875 69.6976 19.6052 38.3805 29.7858 8828.68 879.576 867.946 415.841 338.502 452.105 444.267
internal_count=61649 61407 242 193 61165 59955 58352 1238 655 221 434 199 107 583 235 161 1210 703 256 447 296 150 142 57114 5339 5216 3900 3428 1316 1252
is_linear=0
shrinkage=0.1


Tree=44
num_leaves=31
num_cat=0
split_feature=14 5 3 4 8 9 18 19 3 17 5 6 10 5 17 14 13 6 12 3 5 3 11 3 14 6 17 7 1 8
split_gain=18.3902 23.6438 17.9527 17.1294 43.4605 50.5826 28.5184 30.9098 26.5942 32.542 25.7362 23.7009 22.956 58.0084 75.3818 57.1742 55.0051 52.544 43.8322 42.7216 41.4638 46.9231 42.4732 57.5021 46.8839 41.6304 75.6923 72.4103 82.5815 130.538
threshold=0.099771883338689818 0.078547348102501288 0.15707690904460689 8.8600771927984331e-12 3.2822211226988874e-11 0.014760128744030781 -0.2314925441486676 0.38486656546592718 0.01082285525887816 0.2043900923295455 0.0054711791436932332 3.4857096601888809e-11 1.9219123721122744 0.028440004714322602 0.10802112926136366 0.010238942690193655 1.6349822878837588 2.3089760488804497e-11 0.15646409988403323 0.065888731750995258 0.028625409799784441 0.046950509582860074 8.6237775254183201e-10 0.044214198767767436 0.010563916061073543 4.9086746599243254e-10 0.1265314275568182 0.063406715097956048 0.30885972719155436 2.1481737870395121e-10
decision_type=2 2 2 2 2 2 2 2 2 2 2 2 2 2 2 2 2 2 2 2 2 2 2 2 2 2 2 2 2 2
left_child=1 3 -3 4 5 6 7 -1 9 -7 -10 -6 13 15 16 -5 18 -14 -15 -20 22 -22 23 24 -19 26 -24 -28 29 -29
right_child=-2 2 -4 12 11 8 -8 -9 10 -11 -12 -13 17 14 -16 -17 -18 20 19 -21 21 -23 25 -25 -26 -27 27 28 -30 -31
leaf_value=0.48729315070639273 -0.11553783922356727 -0.072485199476922432 0.090372782495080739 0.022480179918614694 0.072834121969014884 -0.16448363023980384 -0.1134646163065753 -0.10702775138021291 0.076544975444515814 0.11889443803550198 -0.099624529121188965 -0.12897156142339727 -0.074031520315102892 -0.016964959600856071 -0.077652187499530123 -0.19830548920689781 -0.16228258308136784 0.14262702929116064 0.089179678252073569 -0.12855419090767292 -0.097049360172613119 0.011188337409037042 -0.0095453594472345634 -0.15313290091974935 -0.14168211686846408 -0.023683106994035443 -0.019856087315546441 0.056656428824170005 0.079027206899047492 -0.048590848330664058
leaf_weight=1.7131042485125356 13.772651836043222 7.9443601518869391 45.743043115362525 1344.0677831629291 6.6128028109669676 12.573914293199779 41.494868397247046 1.7889079898595808 80.403582938015461 5.9794994816184035 9.2460314072668535 48.521858684718609 100.09723896859214 124.19919611513615 154.00846351590008 11.832186184823511 17.042606687173247 15.632524259388449 100.44630249310285 9.8995918836444599 40.71980800293386 2444.1060265074484 2703.7309580747969 44.003431789577007 9.221769377589224 983.47357069700956 302.16004350036383 278.96450740471482 299.56196305155754 204.04294879361987
leaf_count=4 1452 60 217 8182 16 118 2330 90 197 11 60 819 5104 1051 2985 109 178 26 219 132 301 10283 18288 426 99 5068 1300 696 638 1190
internal_value=-6.805e-05 0.000100252 0.066274 -0.000277873 -0.0286323 -0.00123233 -0.0903369 0.1837 0.0358223 -0.0731549 0.0583757 -0.104767 0.000365108 0.0106283 -0.0225513 0.0205535 0.0111785 -0.00206949 0.0237826 0.0696459 -0.0010862 0.0094146 -0.00647637 -0.084454 0.0371389 -0.00535117 -0.000592257 0.0217237 0.0377782 0.0121955
internal_weight=9463.01 9449.23 53.6874 9395.55 208.335 153.2 44.9969 3.50201 108.203 18.5534 89.6496 55.1347 9187.21 1761.5 405.596 1355.9 251.588 7425.71 234.545 110.346 7325.62 2484.83 4840.79 68.8577 24.8543 4771.93 3788.46 1084.73 782.569 483.007
internal_count=61649 60197 277 59920 3645 2810 2424 94 386 129 257 835 56275 12856 4565 8291 1580 43419 1402 351 38315 10584 27731 551 125 27180 22112 3824 2524 1886
is_linear=0
shrinkage=0.1


Tree=45
num_leaves=31
num_cat=0
split_feature=14 8 4 13 18 13 3 0 1 13 5 7 12 10 4 12 7 2 4 6 5 10 19 19 3 1 0 7 0 18
split_gain=16.8906 95.3183 62.0103 76.1207 53.4351 54.3533 71.5638 61.9 59.2161 59.0868 55.5229 53.2751 43.5237 42.6857 42.5842 39.9618 39.8625 37.0902 36.1175 44.7891 58.9481 57.6735 51.7293 42.251 40.3338 40.3575 35.9284 35.6746 35.4415 33.5658
threshold=0.014496694318950178 2.3808037907454811e-10 1.9209771680251886e-10 1.6101001501083376 0.19658406059765685 2.2097864151000981 0.099224778748542117 3.7142653381611553e-09 0.22833100825272371 1.6053253412246706 0.032950256321697104 0.15966069999754595 0.49368225038051611 2.9392997026443486 3.5726176785320419e-10 0.34795010089874273 0.10868854745406258 5.3337218637973168e-10 6.2327007343237022e-11 4.7037371547973509e-10 0.023656308253485126 3.055905938148499 1.69466769695282 1.7146599292755129 0.10575860077768263 0.38885372872267476 5.3382724661165227e-09 0.094151478998840521 6.5803030929797252e-10 -0.20193306986369527
decision_type=2 2 2 2 2 2 2 2 2 2 2 2 2 2 2 2 2 2 2 2 2 2 2 2 2 2 2 2 2 2
left_child=2 12 15 -4 5 6 7 8 -3 -10 16 13 -2 -11 -13 29 17 -8 -6 -20 22 -22 -21 -24 25 -25 -23 -12 -15 -1
right_child=1 4 3 -5 18 -7 10 -9 9 11 27 14 -14 28 -16 -17 -18 -19 19 20 21 26 23 24 -26 -27 -28 -29 -30 -31
leaf_value=0.028486962973725938 0.049570222508945411 -0.057090331264981732 0.060277763966316469 -0.10874656375667809 -0.074397571501301593 0.008312450214873349 -0.14801482953851705 -0.15609023978288222 0.092115409331816167 -0.11206082533979067 -0.20891677582337562 -0.16880889952723144 -0.1793523340687932 -0.16860832945991452 0.039268580398781117 -0.055818032777137053 -0.17121556040542957 -0.017756798629400387 0.049804183899812664 -0.13961585939695742 -0.14201815580394694 0.036236485538198623 0.1548880275540328 -0.025882095953397313 0.083885852152320306 -0.18173895791057837 -0.098393621915763285 0.014702046280557164 0.014939631222126649 -0.0024962106567553285
leaf_weight=374.68876285664737 494.3006793577224 188.99819690710865 35.145409598946571 110.15327056730166 41.618088692426682 834.40995252551511 35.478628613054752 29.016520756762475 71.611965947318822 29.669265724718571 7.9080267902463666 32.785575186833739 8.4470895454287511 10.738216817378996 14.050704769790171 133.34031257405877 62.37446066737175 56.948727235198021 346.3381828032434 43.147982724010944 20.264451637864113 448.60053051076829 13.405506484210489 71.020149037241936 23.681220717728138 21.687282495200634 20.738625589758158 72.901312888134271 517.48133456707001 5234.4041793653741
leaf_count=2207 1282 2529 121 898 260 3329 287 364 220 248 59 253 76 95 42 816 516 232 909 315 156 1318 14 338 47 180 177 247 1995 42119
internal_value=-6.96218e-05 0.00541295 -0.00334518 -0.0678623 -0.00130914 -0.0110448 -0.0253389 -0.012422 -0.00760455 0.00622395 -0.0743699 -0.00394738 0.0457239 0.00465266 -0.106386 -0.00171273 -0.109444 -0.0677569 0.0168959 0.0206619 0.00542814 0.023156 -0.0447597 -0.0132263 -0.0325896 -0.0623421 0.0302876 -0.00718136 0.0112083 -0.000426527
internal_weight=9405.35 3517.62 5887.73 145.299 3014.87 1964.37 1129.96 894.352 865.335 676.337 235.611 604.725 502.748 557.889 46.8363 5742.43 154.802 92.4274 1050.5 1008.88 662.546 489.604 172.942 129.794 116.389 92.7074 469.339 80.8093 528.22 5609.09
internal_count=61649 15488 46161 1019 14130 10416 7087 5746 5382 2853 1341 2633 1358 2338 295 45142 1035 519 3714 3454 2545 1651 894 579 565 518 1495 306 2090 44326
is_linear=0
shrinkage=0.1


Tree=46
num_leaves=31
num_cat=0
split_feature=13 19 5 14 6 14 19 5 13 1 0 19 7 4 9 9 17 11 3 17 11 9 3 4 9 12 3 2 4 17
split_gain=16.1381 26.6553 22.2471 17.0814 63.1185 40.5007 35.8301 28.8279 28.6606 22.2137 21.9919 21.5759 34.8503 33.2262 34.0003 21.548 46.0073 26.0825 66.1443 27.317 29.1369 21.8508 25.1174 23.0467 26.3115 19.6964 17.8933 32.3258 34.3863 27.3919
threshold=1.1377611160278323 0.26266634464263922 0.042267427294741235 0.0037851303350180392 1.7797834871326324e-11 0.0054122053552418956 0.71847838163375866 0.0059353784416678133 1.5632222890853884 0.093587025280207931 5.6348348355541649e-09 0.011933060828596355 0.10601821681298337 2.6889706552981483e-11 0.0034285785670673716 0.0023859009987931604 0.066384055397727279 3.3280633804366749e-10 0.029149588524959014 0.057328657670454551 1.3512806429361037e-09 0.0024268664609542975 0.017759196568617321 9.9812443116699853e-11 0.006027461314722129 0.090904079377651228 0.01082285525887816 2.508770861680502e-11 6.7207327574660621e-12 0.17385031960227273
decision_type=2 2 2 2 2 2 2 2 2 2 2 2 2 2 2 2 2 2 2 2 2 2 2 2 2 2 2 2 2 2
left_child=1 2 -1 7 5 10 8 -2 9 -7 -5 12 13 -6 -15 16 17 -9 -19 20 -20 -17 -23 24 -24 -13 -27 29 -29 -28
right_child=3 -3 -4 4 11 6 -8 15 -10 -11 -12 25 -14 14 -16 21 -18 18 19 -21 -22 22 23 -25 -26 26 27 28 -30 -31
leaf_value=-0.076487378611701309 -0.1045026581390308 -0.12993949230822285 0.11379553767771196 -0.096167927099009412 -0.15216118081119689 -0.12406725130206737 -0.17642384869891417 0.1259065743074661 -0.12786065203960462 0.11720687896407699 0.19682949082631393 -0.094005590131736996 -0.11681472274853517 -0.12088854327497245 0.059685863007251143 0.27037399933491896 -0.12697986057358501 -0.16520320314349202 0.067166644278418466 -0.14774542184763806 -0.13337003032484662 0.086439052338052103 -0.13641160485967388 0.26808271622830393 0.071833467444904944 -0.058129418772793456 -0.014703917307956976 -0.10530418594180979 2.9995107855614508e-05 0.07817933855184056
leaf_weight=12.527015204075726 16.591808397788554 24.902929299976677 12.059144923463462 123.4934663856402 8.4874363103881461 4.3386319288983932 8.2174397744238359 23.423065385781229 7.4064090405590823 31.673127609305084 2.616001844406127 22.30528360279277 14.856890477240084 11.030241139698772 190.74521876312792 5.0051100309938183 21.636514355894178 18.274485410191119 98.995092131197453 7.2774330079555503 7.8174477522261432 75.118493620306253 15.194572828244423 2.4479141235351554 10.100556785240768 52.474413610063493 47.409537322819233 31.107003996148705 8368.7119483107235 96.125795444473624
leaf_count=692 1516 1471 24 4549 126 77 95 44 201 61 1 1424 1251 351 671 23 622 225 414 121 539 277 476 1 33 497 331 378 44858 300
internal_value=-6.39596e-05 -0.0570177 0.0168436 0.000238371 -0.00054466 -0.0595455 0.0150533 0.0236373 0.0512928 0.0881386 -0.09009 0.000641228 0.0312029 0.0416617 0.0498146 0.0310896 0.00966081 0.0286381 0.0114256 0.0397173 0.0524897 0.0663366 0.0564084 -0.0249041 -0.0532576 -0.000157094 8.64327e-05 0.000444002 -0.000360088 0.0475001
internal_weight=9372.37 49.4891 24.5862 9322.88 9021 177.745 51.6356 301.882 43.4182 36.0118 126.109 8843.25 225.12 210.263 201.775 285.291 177.424 155.788 132.364 114.09 106.813 107.867 102.862 27.743 25.2951 8618.13 8595.83 8543.35 8399.82 143.535
internal_count=61649 2187 716 59462 55171 4984 434 4291 339 138 4550 50187 2399 1148 1022 2775 1965 1343 1299 1074 953 810 787 510 509 47788 46364 45867 45236 631
is_linear=0
shrinkage=0.1


Tree=47
num_leaves=31
num_cat=0
split_feature=14 5 3 17 12 4 8 4 12 9 6 13 10 3 11 13 11 5 3 19 17 4 1 13 5 5 6 19 11 6
split_gain=15.3573 20.86 15.4223 15.3815 47.1774 66.7453 39.5744 38.449 33.4504 38.2057 81.9488 39.4013 68.7791 33.5653 27.8711 26.346 29.2667 26.1079 28.5567 28.1192 29.9336 34.573 25.9039 83.3974 71.3241 59.7986 48.9126 36.2154 36.0419 32.8625
threshold=0.099771883338689818 0.078547348102501288 0.17646024685891695 0.15773703835227273 0.37480331957340246 8.5616786821474634e-11 2.1891360590405731e-11 1.1780478483940426e-11 0.61200964450836193 0.10333338337596243 4.8046326524911866e-10 2.0163666009902959 3.4639382362365727 0.065888731750995258 3.0099289727303362e-09 1.3273874521255495 1.9549140778396537e-10 0.04473457087017297 0.065888731750995258 0.20221047103405002 0.19236061789772732 4.4138498771541186e-10 0.293209091104841 1.9939214587211611 0.015855997690489048 0.021112540477171714 1.6378876665762922e-10 2.0690206289291386 2.5420708871237711e-09 6.0214237835773929e-10
decision_type=2 2 2 2 2 2 2 2 2 2 2 2 2 2 2 2 2 2 2 2 2 2 2 2 2 2 2 2 2 2
left_child=1 3 -3 4 7 -6 -5 15 9 10 13 12 14 -7 -11 16 -1 19 -19 -8 21 22 23 25 28 -21 -27 -25 -24 -28
right_child=-2 2 -4 6 5 8 17 -9 -10 11 -12 -13 -14 -15 -16 -17 -18 18 -20 20 -22 -23 24 27 -26 26 29 -29 -30 -31
leaf_value=-0.11307926231032867 -0.11596773736466737 -0.039574359519761307 0.094273369818477226 -0.13370860220024852 -0.11016868137264353 -0.18417307124463148 0.065210511292303028 0.0015173737600916921 -0.10229426044144987 -0.1790058758612536 -0.1289154091470309 0.022141360954727508 -0.11110702025946273 0.026301802630128358 0.053131662587644152 -0.084230883761810593 0.13153615639939994 -0.21865076387799923 0.084249078330263572 0.036692113601162195 -0.028142197101353319 -0.21212532097027009 0.097216387488019765 -0.045971139764486156 0.05743443479390762 -0.12689681301321543 0.022100053196075598 -0.24893349968267509 -0.22417484988230379 -0.062551331198357582
leaf_weight=7.7660272768698659 11.418461561668662 11.062745825387536 38.803658192977309 18.95710140094161 82.677119731903076 8.2509711384773237 81.351665477268398 7062.5441967388615 41.493819085881114 5.6719670221209517 74.936264542862773 353.80229282192886 68.884247750043869 92.742801859974861 58.682097613811493 84.460607935674489 13.212254202459006 3.2607704326510421 68.449732940644026 386.83726113289595 227.10422954335809 6.8072972483932963 4.6266644895076778 17.837242975831032 226.28624162822962 40.463701639324427 135.37826885282993 17.335850510746241 14.194288551807402 69.353464968502522
leaf_count=639 1452 72 205 342 693 71 228 47329 451 48 510 1287 444 299 178 2336 143 32 144 1248 1477 67 6 79 529 292 418 144 118 368
internal_value=-6.66461e-05 7.53017e-05 0.0645796 -0.000271562 -0.00192945 -0.0251683 0.00973319 0.000622496 -0.0151926 -0.00974107 -0.0496831 0.00468688 -0.0416619 0.00910646 0.0326718 -0.0593185 0.0409811 0.0118261 0.0704758 0.00839995 0.00436791 0.0124008 0.0140761 0.00386298 0.0418772 0.0122033 -0.026432 -0.146006 -0.145169 -0.00657585
internal_weight=9334.65 9323.23 49.8664 9273.37 7955.12 787.142 1318.24 7167.98 704.464 662.971 175.93 487.041 133.238 100.994 64.3541 105.439 20.9783 1299.29 71.7105 1227.58 1146.22 919.12 912.313 667.206 245.107 632.033 245.195 35.1731 18.821 204.732
internal_count=61649 60197 277 59920 54428 3981 5492 50447 3288 2837 880 1957 670 370 226 3118 782 5150 176 4974 4746 3269 3202 2549 653 2326 1078 223 124 786
is_linear=0
shrinkage=0.1


Tree=48
num_leaves=31
num_cat=0
split_feature=13 19 1 14 6 5 3 8 12 6 8 1 19 2 3 11 15 3 3 12 9 19 12 14 14 9 13 17 13 4
split_gain=14.1805 24.2404 19.0342 14.4701 54.2597 23.3954 21.826 36.9221 19.0057 20.1831 18.579 18.9263 16.8586 30.5595 33.9624 34.2069 29.6373 24.7056 24.3699 21.9517 23.9068 41.5351 34.3552 42.5254 33.3983 37.8908 52.9705 41.5894 35.8102 34.6719
threshold=1.1377611160278323 0.26266634464263922 0.19026402583726071 0.0037851303350180392 1.6412564997514467e-11 0.0059353784416678133 0.028603550492038183 6.9739567456684332e-12 0.073723245412111296 1.8612400750944901e-11 2.7304952670690135e-12 0.55386926630434208 0.011933060828596355 5.5823885770044112e-10 0.091597216121477212 5.811349179651871e-09 5.6688370023039176e-05 0.056996504982435449 0.15562013665044691 0.092344954609870925 0.0015416312175471761 0.88746494054794323 0.11392852663993837 0.0043240939266979703 0.0051450324244797238 0.0093691457767812476 1.2378354668617251 0.053511186079545463 1.3095148801803591 2.2745035949819113e-11
decision_type=2 2 2 2 2 2 2 2 2 2 2 2 2 2 2 2 2 2 2 2 2 2 2 2 2 2 2 2 2 2
left_child=1 2 -1 5 6 -2 -5 -8 -7 -10 11 -6 13 14 15 16 17 -12 -16 -14 21 -21 -22 -24 25 26 -25 28 -28 -27
right_child=3 -3 -4 4 10 8 7 -9 9 -11 12 -13 19 -15 18 -17 -18 -19 -20 20 22 -23 23 24 -26 29 27 -29 -30 -31
leaf_value=0.075541867458840853 -0.10408460397813657 -0.12902885393861405 -0.11903524966286844 -0.11828740346777078 -0.15831633177081803 -0.11432857578094252 -0.093977028126245199 0.066409795105302899 0.041322707809530471 -0.065575860433276262 0.057495014350374962 0.13772017976131221 -0.095782787407909228 0.067795834504254318 -0.14701298117465539 -0.14374139610383782 0.20618298293429543 -0.090053124615216279 0.053091578007729748 0.066919733049987648 -0.051168579731999279 -0.0523609181665044 0.060460281324151655 0.0368807601544415 0.00051102511188731866 -0.059070282340983153 0.17181473503109901 -0.11727210047458454 -0.089189475180011968 0.074404398488862933
leaf_weight=16.34579522442073 13.932822180446236 22.704298286233097 7.2606734563596538 50.838804453145713 12.938028486911206 8.9775659595616144 35.477752582170069 24.105569558683783 245.19390000682324 19.033234056085348 50.342085015028715 2.5923106241971245 23.924736117012799 102.54235151363537 23.537220255006108 10.452657260932027 10.382585065439342 14.650869862642137 8.2086380077525956 122.02392764762044 132.18423770740628 38.373101867735386 115.54130756761879 41.020852929912508 7938.6038554830011 32.700320037081838 10.092077611945571 112.21816507168114 10.971370705403386 48.071484547108412
leaf_count=95 1516 1471 621 1656 340 157 1869 205 2177 441 179 10 1598 400 484 1208 9 165 49 1187 3670 399 621 170 37803 340 17 2293 384 115
internal_value=-5.93022e-05 -0.055257 0.0156955 0.000216782 -0.000490448 0.0223146 -0.0701566 -0.0290895 0.0287607 0.0336224 0.000377666 -0.108902 0.000569525 0.0278978 -0.00689925 0.0257875 0.0492968 0.0242344 -0.0952712 -0.000127855 0.000138196 0.0383832 -0.000588507 0.000216128 -0.000633391 -0.0362507 -0.0624876 -0.0930708 0.0358648 0.0203674
internal_weight=9305.24 46.3108 23.6065 9258.93 8971.79 287.138 110.422 59.5833 273.205 264.227 8861.37 15.5303 8845.84 220.116 117.574 85.8282 75.3755 64.993 31.7459 8625.73 8601.8 160.397 8441.4 8309.22 8193.68 255.074 174.302 133.282 21.0634 80.7718
internal_count=61649 2187 716 59462 55171 4291 3730 2074 2775 2618 51441 350 51091 2494 2094 1561 353 344 533 48597 46999 1586 45413 41743 41122 3319 2864 2694 401 455
is_linear=0
shrinkage=0.1


Tree=49
num_leaves=31
num_cat=0
split_feature=9 13 12 18 9 13 18 3 3 17 17 15 19 5 13 1 18 3 6 3 5 19 1 17 4 3 0 13 1 19
split_gain=13.8376 19.3732 13.9623 85.6957 33.8213 28.7853 27.3121 25.4069 41.9765 24.6614 20.8859 19.2169 17.7751 17.7296 17.1675 39.7224 27.4001 34.2575 30.1618 26.643 51.8746 26.0046 32.9483 21.9006 19.424 25.4241 18.4472 51.9708 39.8849 53.3356
threshold=0.27010787789082197 1.6713767647743227 0.57742688059806835 0.20871219479224901 0.14666086201991738 2.5437837839126591 0.048426100989507344 0.028603550492038183 0.054812887409966697 0.23741566051136367 0.1660822088068182 0.00013604532432509589 0.62485855817794811 0.038557719717737554 3.0050077438354497 0.52984313142176431 0.22593598361973738 0.06667612254497797 3.0492487926393738e-11 0.11924881784275478 0.025355587029508176 1.282169044017792 0.5432725766913028 0.062211470170454551 7.1169065373447549e-11 0.07458937396785241 3.8123839279608955e-09 2.4659948348999028 0.56585661271664212 0.78101634979248058
decision_type=2 2 2 2 2 2 2 2 2 2 2 2 2 2 2 2 2 2 2 2 2 2 2 2 2 2 2 2 2 2
left_child=2 -2 9 4 -4 6 -6 -5 -9 11 -8 14 -13 -14 26 -16 17 18 -17 21 -21 24 -23 -18 25 -19 27 -1 29 -29
right_child=1 -3 3 7 5 -7 10 8 -10 -11 -12 12 13 -15 15 16 23 19 -20 20 -22 22 -24 -25 -26 -27 -28 28 -30 -31
leaf_value=0.0012883857992267581 -0.14272709390510394 0.10974819767830546 -0.17577661865080096 0.2301422273490463 -0.11947364909043429 0.18156399281957952 -0.12070643355009286 -0.18449616320391785 0.069453465229842054 -0.13604284702591204 0.026602655957785794 0.084753964451781919 -0.1120460987590539 0.032963799916398397 -0.14119881164608536 0.17430624976191408 -0.12604614481028537 0.049493065318602772 -0.19123319893623522 -0.2828906873680303 0.0072471487933392824 0.1084315866071953 -0.16101402351186064 0.088144796516466228 0.056770283930969639 -0.30558972575673304 0.016445795904826623 -0.12821837951317497 0.063779132915949208 -0.027731669624915106
leaf_weight=7593.4901256989688 3.5386000692378756 21.536728704813868 26.82447101525031 7.8993881419301024 43.832211268832907 5.1255415529012671 12.977565694600342 7.3643203824758521 56.039384624920785 13.245691105723379 37.255290963221341 51.817840121686459 10.857620300725101 37.733031643554568 27.040656819473952 2.5598242282867458 5.4982543215155593 4.6003776118159276 19.099795583635569 9.8442323915660399 16.476197183132172 6.3697504177689579 15.783898860216139 36.223861056379974 68.717921750620008 3.5900343284010887 686.11947264801711 62.725531083531678 37.891229565255344 334.48465314041823
leaf_count=52008 209 33 308 7 1486 3 119 66 138 163 298 235 71 172 274 1 36 11 203 87 54 27 143 77 161 34 2946 452 94 1733
internal_value=-6.61717e-05 0.0741192 -0.000267462 -0.0265827 -0.076155 -0.049214 -0.0617889 0.0610271 0.0399573 0.000306663 -0.0114544 0.000506647 0.0440106 0.000561221 1.75191e-05 -0.0278444 -0.0116063 -0.0319008 -0.148032 -0.0118393 -0.101269 0.0119218 -0.0835414 0.0599181 0.0394202 -0.106147 0.000707472 -0.000637518 -0.0342488 -0.0436
internal_weight=9266.56 25.0753 9241.49 197.318 126.015 99.1906 94.0651 71.3031 63.4037 9044.17 50.2329 9030.92 100.408 48.5907 8930.52 215.805 188.764 147.042 21.6596 125.382 26.3204 99.062 22.1536 41.7221 76.9083 8.19041 8714.71 8028.59 435.101 397.21
internal_count=61649 242 61407 2425 2214 1906 1903 211 204 58982 417 58819 478 243 58341 1108 834 721 204 517 141 376 170 113 206 45 57233 54287 2279 2185
is_linear=0
shrinkage=0.1


Tree=50
num_leaves=31
num_cat=0
split_feature=9 12 8 14 0 18 6 17 9 7 3 14 0 19 18 5 0 13 13 0 5 3 0 17 18 9 3 5 17 8
split_gain=13.3367 37.3459 24.0988 36.4815 42.5743 33.1419 30.3399 34.9721 29.4409 22.3571 21.653 32.0357 44.6292 38.9788 33.0308 29.1678 25.7897 22.6744 21.5868 63.3038 57.5087 96.4664 53.327 91.2818 55.8539 91.2648 54.791 48.5561 52.5253 55.0611
threshold=0.0036247364978153327 0.14548538625240329 4.5167546098321248e-12 0.0060355111490935096 2.5962335270114027e-09 -0.013883144600020551 3.8003126750213395e-11 0.044233842329545463 0.0024268664609542975 0.0077637777538817855 0.19476828786825143 0.0048526050522923478 1.2064335943603509e-09 0.83223062753677379 -0.20193306986369527 0.021211511625697586 1.1946054868170669e-09 1.283184349536896 1.6053253412246706 6.5803030929797252e-10 0.021513798585651455 0.052245725843514619 2.0767950403906908e-10 0.12262517755681819 0.097229972285938202 0.1113045957872109 0.096148542714024773 0.0090267195306387629 0.1602228338068182 2.0870703045347137e-11
decision_type=2 2 2 2 2 2 2 2 2 2 2 2 2 2 2 2 2 2 2 2 2 2 2 2 2 2 2 2 2 2
left_child=1 2 10 5 9 -4 -7 -8 -9 -5 11 12 16 15 -15 -13 17 -1 20 -20 21 27 23 -22 25 26 -24 -2 29 -29
right_child=18 -3 3 4 -6 6 7 8 -10 -11 -12 13 -14 14 -16 -17 -18 -19 19 -21 22 -23 24 -25 -26 -27 -28 28 -30 -31
leaf_value=0.014740341781987265 -0.027335971776130858 -0.14619335994132296 -0.11428021160686611 0.28660932667042816 -0.058895330563464257 -0.07904375241408193 -0.11176562095628283 0.17152268982977681 -0.018257041676470392 0.058977907813234122 -0.1582306571014962 -0.10500710688361337 -0.12222529352958822 0.045946106649606959 -0.18210481817107649 0.10015978473558831 0.33585923823665453 -0.034618687622468433 -0.029004574957368121 0.0020202288695666619 0.041894758003922082 -0.077308279027964485 0.079151664914525188 -0.07194774210860215 0.0011701266621013096 -0.1274682026245357 -0.033668555034198654 0.035865349183729828 0.076143315207052531 -0.091080663413758964
leaf_weight=300.50386615493335 208.79464871855453 20.223191543482244 70.433763340348378 4.8098146151751271 39.218928917311132 47.462142771808431 11.873663908801971 18.620333037339151 14.57096621301025 41.915297223255038 8.2860265574417991 7.5676397620700291 31.39018836338073 14.078189685009422 11.571542750112711 82.148829237092286 2.2908584331162265 134.82451825868338 740.03213872853667 5909.6452619549818 150.76736903889105 167.85217293445021 439.46608739811927 132.18461991101503 254.00380279542878 25.090734430123121 47.720529617741704 102.90423031337559 155.18195282109082 51.150206159800291
leaf_count=3584 2022 455 3093 18 595 2749 432 80 209 208 213 479 1792 70 154 249 39 3806 4426 26014 1149 1825 1303 2014 1465 1579 444 532 336 315
internal_value=-5.81667e-05 -0.0119044 -0.00867737 -0.0347894 0.017928 -0.062592 -0.0232458 0.0355203 0.0882095 0.08241 0.00228911 0.00456516 -0.00704717 0.0517739 -0.0569361 0.0828538 0.0012145 -0.000546526 0.00115939 -0.00143247 0.0110925 -0.0114247 0.0258119 -0.0112882 0.0395113 0.058522 0.0681008 0.00992289 0.0350799 -0.00628413
internal_weight=9246.58 861.79 841.567 248.905 85.944 162.961 92.5271 45.065 33.1913 46.7251 592.662 584.376 469.009 115.366 25.6497 89.7165 437.619 435.328 8384.79 6649.68 1735.12 685.883 1049.23 282.952 766.281 512.277 487.187 518.031 309.236 154.054
internal_count=61649 18225 17770 7384 821 6563 3470 721 289 226 10386 10173 9221 952 224 728 7429 7390 43424 30440 12984 5030 7954 3163 4791 3326 1747 3205 1183 847
is_linear=0
shrinkage=0.1


Tree=51
num_leaves=31
num_cat=0
split_feature=18 7 5 1 19 1 14 10 5 4 3 17 15 11 15 14 7 12 17 12 5 0 13 19 12 1 7 4 3 13
split_gain=13.7525 18.0203 25.7637 16.0134 14.39 30.348 22.1948 17.1318 13.7747 17.9228 45.1506 19.3008 15.7734 14.4245 39.9875 35.807 39.7782 24.2307 30.4277 34.7708 24.0128 23.3566 58.1057 44.7853 43.5821 37.1527 45.9719 41.7057 36.17 24.787
threshold=0.99670859174379578 0.05958032420896462 0.012909164623583663 0.25646926528513364 9.7348341941833514 0.31059299979221905 0.018811535090208057 2.1342291831970219 0.078547348102501288 1.1452682604012085e-09 0.14933803553793154 0.17598100142045456 0.00013604532432509589 1.1914280673153145e-08 9.4455946964444606e-05 0.013584770262241365 0.013518945532137516 0.7797905206680299 0.15209960937500003 0.21735840290784839 0.017981537961291226 3.8123839279608955e-09 2.6386820077896123 0.60894379019737255 0.46129193902015692 0.4539528407199972 0.10122878469650504 4.6154317807954946e-11 0.12367252268274664 2.3905783891677861
decision_type=2 2 2 2 2 2 2 2 2 2 2 2 2 2 2 2 2 2 2 2 2 2 2 2 2 2 2 2 2 2
left_child=4 2 3 -2 8 6 7 -6 9 12 11 -11 13 21 -15 16 -16 18 19 -17 -21 22 -1 -24 29 28 27 -27 -25 -23
right_child=1 -3 -4 -5 5 -7 -8 -9 -10 10 -12 -13 -14 14 15 17 -18 -19 -20 20 -22 24 23 25 -26 26 -28 -29 -30 -31
leaf_value=1.8359767354961621e-05 0.063071390015851533 0.10211118706547724 -0.20028006670624676 -0.094510705514242815 0.0075935939848651331 -0.20428309527771549 0.093373235665928367 -0.2063396491084232 0.053244536935626224 -0.21881688694252546 0.052579057893133212 0.082522160247876675 0.050678695030174276 -0.18295290034154307 0.016659586384816918 0.06708586241330651 -0.20094031995846448 -0.14710389163891291 0.078556575614469951 0.042103385542145322 -0.057612161857935107 -0.018792930053746281 -0.22113667185548747 -0.16483009464280823 -0.11338310490692256 0.13286725418597012 0.21595902679570661 -0.056134662201934728 0.060254326196554679 0.033979128680225242
leaf_weight=7872.2068951097317 31.316224705893546 30.301547653973103 5.5070801964029661 8.1209308318793756 8.4578174687922019 10.728776622097937 12.372581927105783 6.715254195034503 48.045797811588272 15.988941158633681 15.551952023059128 2.451396597782149 60.5985533867497 14.731250196695326 14.52177508920431 42.904757730662823 19.931355221197009 10.735454028705133 46.82305508852005 30.940616346895695 110.03726746886969 109.01927079400048 15.578938907012342 35.601981874555349 23.919517118483782 13.551707673817871 8.2415968477725965 84.314184371381998 8.9301135912537557 484.83041863888502
leaf_count=54862 88 49 59 46 37 105 18 57 473 224 61 14 266 147 74 102 204 152 111 89 794 924 152 340 176 52 10 513 19 1431
internal_value=-6.47737e-05 0.0425115 0.00232921 0.030622 -0.000415757 -0.0616035 -0.00603108 -0.0870884 -0.000158105 -0.000441885 -0.072918 -0.178758 -0.000168374 -0.000512771 -0.0224263 -0.0138551 -0.109223 -0.000246212 0.00658753 -0.0117383 -0.0357274 0.00022296 -0.00121706 -0.0597274 0.0189606 -0.0430347 -0.0108618 -0.0299631 -0.119693 0.0242912
internal_weight=9202.98 75.2458 44.9442 39.4372 9127.73 38.2744 27.5457 15.1731 9089.46 9041.41 33.9923 18.4403 9007.42 8946.82 290.626 275.894 34.4531 241.441 230.706 183.883 140.978 8656.19 8038.43 166.219 617.769 150.64 106.107 97.8659 44.5321 593.85
internal_count=61649 242 193 134 61407 217 112 94 61190 60717 299 238 60418 60152 1673 1526 278 1248 1096 985 883 58479 55948 1086 2531 934 575 565 359 2355
is_linear=0
shrinkage=0.1


Tree=52
num_leaves=31
num_cat=0
split_feature=13 12 19 3 4 4 13 15 1 17 3 8 3 14 3 1 1 8 10 17 14 12 12 7 8 13 3 2 17 8
split_gain=12.516 22.0664 16.102 12.0936 12.9595 58.701 52.3272 59.3506 44.4303 43.804 41.1259 40.8413 53.6283 47.3648 47.1781 38.6226 45.2184 38.4495 63.8652 51.3775 44.1883 48.4288 44.1788 42.163 49.2779 50.3719 120.634 60.5349 71.6406 48.2387
threshold=1.1377611160278323 0.14011995494365695 0.20221047103405002 0.26397318873688141 5.1940735761410294e-11 7.1169065373447549e-11 2.130720973014832 6.1222879594424753e-05 0.11390363585132747 0.069757634943181837 0.059523767026921671 2.2628964812849357e-10 0.077153991175185496 0.017144447192549709 0.076702499353759654 0.23072085997057415 0.12251555590821707 1.5180517851511415e-10 2.4887112379074101 0.15418590198863638 0.014885096810758116 0.30838498473167425 0.48166911303997045 0.075686456524626244 1.1981638644795167e-10 1.6713767647743227 0.052245725843514619 1.6838446113985326e-10 0.068825461647727279 3.5848542211642884e-12
decision_type=2 2 2 2 2 2 2 2 2 2 2 2 2 2 2 2 2 2 2 2 2 2 2 2 2 2 2 2 2 2
left_child=1 2 -1 4 17 6 8 -8 -6 -9 -7 -10 13 14 -13 16 -15 20 -19 -20 21 23 -21 24 25 26 -2 -27 -29 -28
right_child=3 -3 -4 -5 5 10 7 9 11 -11 -12 12 -14 15 -16 -17 -18 18 19 22 -22 -23 -24 -25 -26 27 29 28 -30 -31
leaf_value=0.0001811073250872462 0.013859207528203826 0.14243437599488917 -0.13337086445970417 0.0482202130235257 -0.10506232935548286 -0.029966521287895894 -0.12849671040413488 -0.12352052010184036 0.0018352889424305342 0.0040393134619070032 0.0052885495889709042 -0.086009822297148486 -0.12555887531388885 0.1638400883636911 0.23624746488907589 0.091843263228304772 -0.16867280282236408 -0.17444058855612127 -0.067234860259990259 0.048890994815001872 0.086341914966136121 -0.049240032238873174 -0.15301081774550734 0.092312789370280868 -0.089779737418103148 -0.00074607480433786736 0.017815092634129278 -0.015821379086233888 0.061452149357308951 -0.07833107980625019
leaf_weight=14.977480524685232 912.16685588401742 5.0419037332758299 22.72583476244472 52.133604453876615 49.031644430011511 358.34644648851827 88.338014103472233 34.993603826500475 873.38127973955125 116.69233539700508 4317.1441675296519 76.583702232688665 61.71314425393939 5.7495708465576199 4.8293960988521567 50.314687103033066 14.166930455714462 28.043382536619902 100.8123128041625 110.67028801515698 71.301556151360273 146.95071870088577 12.014109678566454 60.451727729290724 50.708510238677263 545.04247406101786 66.135720342863351 155.17349849361926 528.95096591487527 247.3543744161725
leaf_count=554 8222 12 1621 242 1089 2612 692 251 6714 554 20943 676 562 8 4 123 128 262 773 281 107 872 126 165 366 2861 1939 1630 1752 5508
internal_value=-5.83917e-05 -0.0540437 -0.0803179 0.000194105 -8.1427e-05 -0.00275624 -0.0209129 -0.0633362 -0.0119475 -0.0253885 0.00258647 -0.00774634 -0.0469688 -0.0149859 -0.0668936 0.0451865 -0.0726817 0.00525034 -0.0321917 -0.014343 0.00863303 0.00659068 0.0291194 0.00978803 0.00779693 0.00981254 -0.0045326 0.0241167 0.0439249 -0.0580475
internal_weight=9181.94 42.7452 37.7033 9139.2 9087.06 6051.28 1375.79 240.024 1135.77 151.686 4675.49 1086.74 213.357 151.644 81.4131 70.2312 19.9165 3035.78 251.54 223.497 2784.24 2712.93 122.684 2565.98 2505.53 2454.82 1225.66 1229.17 684.124 313.49
internal_count=61649 2187 2175 59462 59220 34356 10801 1497 9304 805 23555 8215 1501 939 680 259 136 24864 1442 1180 23422 23315 407 22443 22278 21912 15669 6243 3382 7447
is_linear=0
shrinkage=0.1


Tree=53
num_leaves=31
num_cat=0
split_feature=0 15 3 11 11 4 3 14 5 8 14 6 10 4 5 18 13 14 9 4 13 11 7 14 17 10 5 14 15 7
split_gain=12.2053 18.5657 17.7616 49.656 27.9781 24.3518 21.453 18.9764 20.6588 18.2229 35.7312 17.7703 17.5806 40.4888 37.6076 61.2406 47.6121 40.0881 38.6057 40.7503 47.2062 48.3214 44.5071 42.4671 38.4923 38.057 36.4346 57.183 55.4497 36.8166
threshold=3.3925252334717199e-11 1.0231357009615751e-05 0.015211693215074878 2.3897576972853335e-10 1.826701956364474e-09 8.8600771927984331e-12 0.01082285525887816 0.0072145366575568923 0.014225858480013778 3.2822211226988874e-11 0.005855459952726961 8.1847731056315396e-11 1.9219123721122744 1.9306412089439071e-11 0.028440004714322602 0.20871219479224901 1.6967840194702151 0.0089142145588994044 0.028359542925640489 2.0457446257369566e-11 1.9387633800506594 1.2496211287960082e-09 0.018723222385667131 0.0052019979339092979 0.1602228338068182 1.9120792150497439 0.028625409799784441 0.0060849101282656201 3.2523514164495289e-05 0.011005972767845382
decision_type=2 2 2 2 2 2 2 2 2 2 2 2 2 2 2 2 2 2 2 2 2 2 2 2 2 2 2 2 2 2
left_child=1 -1 4 -4 6 9 7 8 -2 10 -5 -8 14 -14 17 16 25 18 19 20 21 22 -7 -23 -21 -16 27 28 -15 -29
right_child=2 -3 3 5 -6 12 11 -9 -10 -11 -12 -13 13 26 15 -17 -18 -19 -20 24 -22 23 -24 -25 -26 -27 -28 29 -30 -31
leaf_value=0.054493238593665672 -0.15025845254476689 -0.088642959979329056 -0.1122585312369092 -0.078800805952688138 -0.20405487410786682 -0.0048770753780624501 0.057489487433478328 0.055940696569267478 0.070213624052420154 -0.12984039890127372 0.088855003726296247 -0.1524933046516293 -0.17382218615044087 0.11640174523611183 0.0057579905868009058 -0.097987810617176346 -0.14646390069021156 -0.071017361748722627 0.058938491939107544 0.032107422190674285 -0.10139405016884817 -0.13614078578201683 -0.14020691832585772 0.077294683207159931 -0.17014166763307031 0.17607892898093497 0.0086310165255730469 0.053996359530896244 -0.064347752195549029 -0.0050673475243858393
leaf_weight=12.293042163830249 16.103508856846023 34.474562341347337 39.552288909442723 39.385339809115976 4.9852269156835964 102.26938873063773 152.39990771608427 14.339710576459764 5.7739534471184006 22.998930493369699 18.770046483725309 4.1396894082427016 13.607884674333034 18.244935913011432 248.11235667765141 75.385996290948242 19.693271939642727 47.178312294185162 236.16596627235413 562.95133480709046 54.288229696918279 10.412383695365859 31.876857383176684 89.038526633754373 9.5702092610299569 13.851329978555439 2492.3102890830487 108.13071805797517 243.35471210675314 4398.8920528357849
leaf_count=166 725 563 1441 811 62 1395 1209 57 18 422 43 63 199 80 2060 1571 213 251 518 3762 443 330 207 171 67 23 12389 662 10847 20881
internal_value=-6.40481e-05 -0.0510191 0.000198004 -0.000460896 0.0298407 3.83824e-05 0.0358899 -0.0334677 -0.0920709 -0.0544885 -0.0246888 0.0519365 0.000542647 -0.00149038 0.010397 -0.0179354 0.00349078 0.0192414 0.0231247 0.0132945 -0.0173957 0.00212555 -0.0370352 0.0549483 0.0287266 0.0147637 -0.00116741 -0.00628853 -0.0517416 -0.00365031
internal_weight=9140.55 46.7676 9093.78 8896.04 197.742 8856.49 192.757 36.2172 21.8775 81.1543 58.1554 156.54 8775.33 7274.54 1500.79 357.043 281.657 1143.75 1096.57 860.407 287.885 233.597 134.146 99.4509 572.522 261.964 7260.93 4768.62 261.6 4507.02
internal_count=61649 729 60920 58786 2134 57345 2072 800 743 1276 854 1272 56069 45058 11011 3867 2296 7144 6893 6375 2546 2103 1602 501 3829 2083 44859 32470 10927 21543
is_linear=0
shrinkage=0.1


Tree=54
num_leaves=31
num_cat=0
split_feature=14 5 3 18 4 3 9 5 19 13 17 9 17 3 12 4 15 2 4 13 1 1 3 13 7 5 10 12 19 10
split_gain=12.035 14.089 14.8667 13.3497 12.9959 44.3734 71.9724 46.1672 31.868 26.4709 40.6826 39.5628 26.8482 25.9044 91.2224 43.0519 63.7269 36.2356 40.1554 37.549 51.7969 41.9419 37.2914 34.8033 33.9956 53.3886 36.3857 31.251 30.6137 30.3209
threshold=0.099771883338689818 0.078547348102501288 0.17646024685891695 -0.027123756293969393 2.8258524009774731e-10 0.12905559244859208 0.096873329053159263 0.049782540795203313 0.15808697789907458 2.6386820077896123 0.13829456676136367 0.16364413744775588 0.2043900923295455 0.18990966968878434 0.25962536036968237 1.4239137988278016e-10 6.9599442213075249e-05 7.3357544042960216e-10 6.5426165328847271e-11 2.6386820077896123 0.45183906309685568 0.54862147871064793 0.093871043270792695 2.0018919706344609 0.10122878469650504 0.016901219545165404 2.3267925977706914 0.32597352564334875 0.043499648571014411 2.5814063549041752
decision_type=2 2 2 2 2 2 2 2 2 2 2 2 2 2 2 2 2 2 2 2 2 2 2 2 2 2 2 2 2 2
left_child=1 4 3 -3 13 6 8 9 -6 10 -8 -12 -13 17 29 16 -16 19 28 21 -21 -1 -23 -20 25 26 -22 -27 -19 -15
right_child=-2 2 -4 -5 5 -7 7 -9 -10 -11 11 12 -14 14 15 -17 -18 18 23 20 24 22 -24 -25 -26 27 -28 -29 -30 -31
leaf_value=4.4402323943863148e-05 -0.11836375252842701 0.056327294575531997 0.092068033896470461 -0.16837918875658325 0.07861713472809434 0.024810047641100844 -0.14520378708672607 0.081019429029929868 -0.12551728758952732 0.077777497543678284 0.040053820250401356 -0.1248000210054756 0.067919438880922695 -0.074968282723496815 -0.26554542049647789 -0.44201193431407176 0.047311022744167791 0.011315023244746092 -0.045493016227027429 -0.13623567415995982 -0.11118889107245407 0.11419342905168511 -0.0013126992826177214 0.034204884986341853 0.11966322835396413 -0.12223324919502021 0.039836486697094137 0.0045744976470137545 -0.22251238211559984 0.010139691761949276
leaf_weight=7198.8485544831492 8.5916120938491058 5.9019251987338066 31.630455134436488 4.7893666573800129 8.3407667018473131 167.36842436995357 32.301737894304097 47.750141829252243 92.01382691739127 19.297869715839624 55.75353853777051 35.919959215447307 9.0500340498983842 53.649204671848565 15.60863481462002 5.5087483897805205 11.170121282339094 10.914531869813802 59.94944964745082 43.92100497148931 18.964358642697334 61.30492207640782 51.37454750132747 637.05628971150145 16.70373997092247 66.174024110659957 100.44939219206572 27.515410672873259 11.497404552996157 190.49860803037882
leaf_count=50298 1452 15 205 57 38 573 390 84 768 58 163 296 23 720 134 61 24 112 875 412 167 152 798 1929 41 561 352 117 160 614
internal_value=-6.49245e-05 4.68732e-05 0.0576102 -0.0443342 -0.000222351 -0.0164535 -0.0394414 -0.00477676 -0.108551 -0.0316721 -0.0475498 -0.0162325 -0.086016 0.000662485 -0.0294523 -0.187418 -0.135045 0.00166491 0.0231136 -0.000369379 -0.0367323 0.000991971 0.0615301 0.0273501 -0.0177151 -0.0284833 0.0158518 -0.0849914 -0.108639 -0.00856199
internal_weight=9099.82 9091.23 42.3217 10.6913 9048.91 467.796 300.428 200.073 100.355 152.323 133.025 100.724 44.97 8581.11 276.435 32.2875 26.7788 8304.67 719.418 7585.26 273.728 7311.53 112.679 697.006 229.807 213.103 119.414 93.6894 22.4119 244.148
internal_count=61649 60197 277 72 59920 2393 1820 1014 806 930 872 482 319 57527 1553 219 158 55974 3076 52898 1650 51248 950 2804 1238 1197 519 678 272 1334
is_linear=0
shrinkage=0.1


Tree=55
num_leaves=31
num_cat=0
split_feature=13 1 8 3 9 9 9 17 17 3 8 11 3 6 13 5 10 3 10 1 9 0 5 11 3 9 17 18 3 3
split_gain=11.566 48.4249 47.7413 28.9418 35.4478 49.8149 39.5767 25.6875 25.151 34.153 25.0377 24.6932 45.9154 22.6779 27.1208 60.2077 69.6188 50.352 87.5205 51.6924 45.6643 42.2468 40.6308 39.9159 73.9499 58.2794 50.7641 43.427 37.0177 41.8847
threshold=1.3462792038917544 0.38756381553206204 2.9201145388680682e-11 0.015211693215074878 0.0024268664609542975 0.0023859009987931604 0.005136681067170328 0.066384055397727279 0.12169300426136366 0.039164948973192774 3.2316901868424734e-12 3.573290413561026e-10 0.029149588524959014 1.0725094141849343e-11 1.5005865693092348 0.020524212749115929 2.1094814538955693 0.070134166014925642 2.1515300273895268 0.11390363585132747 0.077289311338923222 2.2665382645418188e-09 0.0092514575966583402 1.2496211287960082e-09 0.054812887409966697 0.014760128744030781 0.097856001420454572 0.046720157271589756 0.040198507852105825 0.11544047242310089
decision_type=2 2 2 2 2 2 2 2 2 2 2 2 2 2 2 2 2 2 2 2 2 2 2 2 2 2 2 2 2 2
left_child=1 2 3 10 5 7 -6 11 9 -8 -1 -5 -13 -2 15 16 22 19 -19 -17 21 -20 -15 24 25 26 -16 -26 -24 -30
right_child=13 -3 -4 4 6 -7 8 -9 -10 -11 -12 12 -14 14 23 17 -18 18 20 -21 -22 -23 28 -25 27 -27 -28 -29 29 -31
leaf_value=-0.11214916716998735 -0.089413401964621497 -0.12815964776296351 -0.13585623384575637 0.1006853495278744 -0.098734799249451929 0.18967973372166538 0.11070821120016024 -0.080238913221823027 -0.1210225413583584 -0.12651799896516963 0.077264873108209772 -0.1622219860393106 0.010540584543760658 -0.041680418387463447 0.036039961085302191 -0.0057829777263227883 -0.11891866991024354 -0.11548261470220661 0.051195299473778391 0.07286025499643338 -0.16388789220600905 -0.14546433190845323 0.074656149177211903 0.0013594389258166212 -0.026113048779471123 0.016569311909775744 -0.11878953910503023 -0.12134597526387819 -0.099845537137890794 0.11767441222389784
leaf_weight=7.7851441046223036 27.712360658915713 34.673649992095307 27.142784525407478 26.759361548349261 77.524665127042681 14.343872879631816 27.570853497833014 36.141274073859677 10.016055777668951 7.7816933784633866 67.36454216344282 16.391551936976612 250.1799672441557 113.24929258576594 30.789925196673721 111.58759773988277 58.078228786354885 54.102756849024445 180.47070038272068 333.00434432923794 11.737415033625437 11.627327915746717 93.562950790859759 6788.5680305494461 90.253332819789648 350.70692060515285 67.821781610604376 101.99789143633097 30.768630414269865 12.427924101240931
leaf_count=650 1666 2531 660 75 2389 66 77 876 301 141 277 211 2681 1232 169 1236 1844 803 1271 1656 714 184 287 33821 713 1355 993 981 1267 522
internal_value=-5.3101e-05 -0.0134264 -0.00643478 4.81939e-05 -0.00922566 0.00725113 -0.0553224 -0.000691069 0.0188595 0.0584907 0.0576425 0.00911001 -8.26308e-05 0.000900213 0.00119673 0.0165665 -0.0202913 0.03273 -0.00241786 0.0531217 0.0275922 0.0392919 0.00262035 -0.0008938 -0.0247357 -0.002528 -0.0704465 -0.0766384 0.0393054 -0.0372637
internal_weight=9072.14 603.675 569.002 541.859 466.709 343.816 122.893 329.472 45.3686 35.3525 75.1497 293.331 266.572 8468.47 8440.76 1010.62 308.087 702.53 257.938 444.592 203.835 192.098 250.009 7430.14 641.57 449.319 98.6117 192.251 136.76 43.1966
internal_count=61649 10935 8404 7744 6817 3909 2908 3843 519 218 927 2967 2892 50714 49048 11016 5152 5864 2972 2892 2169 1455 3308 38032 4211 2517 1162 1694 2076 1789
is_linear=0
shrinkage=0.1


Tree=56
num_leaves=31
num_cat=0
split_feature=18 5 12 19 14 19 1 14 10 18 7 12 19 12 6 17 11 2 11 13 5 9 1 2 3 13 17 0 17 19
split_gain=10.9769 17.3167 12.4777 27.3476 12.6842 12.1801 25.1109 17.5768 14.3511 12.1859 51.242 31.3044 26.783 45.5796 45.8365 38.0508 25.7989 25.706 24.6143 28.2669 22.0108 29.7349 21.0385 51.8024 19.8333 19.3488 29.5001 19.1466 18.4647 34.7838
threshold=0.99670859174379578 0.022121075160418686 0.23048654943704608 4.9993860721588144 0.00562206655740738 9.7348341941833514 0.31059299979221905 0.018811535090208057 2.1342291831970219 -0.20193306986369527 0.11395655821049851 0.29172775149345404 0.73569518327713024 0.20748698711395266 6.0323503599134302e-11 0.15209960937500003 7.1556143232953681e-09 8.666364605114386e-10 1.268332217030377e-09 2.1066689491271977 0.021014328652695969 0.047522016405053692 0.1934735970105021 2.0884951759539766e-10 0.085194652563884102 2.1066689491271977 0.14295543323863638 5.3382724661165227e-09 0.083296342329545456 0.68373322486877453
decision_type=2 2 2 2 2 2 2 2 2 2 2 2 2 2 2 2 2 2 2 2 2 2 2 2 2 2 2 2 2 2
left_child=5 2 4 -4 -2 9 7 8 -7 10 12 -12 28 14 18 16 20 -18 -14 -20 21 25 -22 24 -24 26 -15 -16 -1 -30
right_child=1 -3 3 -5 -6 6 -8 -9 -10 -11 11 -13 13 15 27 -17 17 -19 19 -21 22 -23 23 -25 -26 -27 -28 -29 29 -31
leaf_value=0.093660622874642177 -0.10076579091873049 0.1071657641769628 0.04123289309879391 -0.24648135035841318 0.062973897898990744 0.00881760274135494 -0.19115531127450722 0.086882875678329641 -0.18913293101076467 -0.0010423624143708491 0.086382973194362389 -0.17405279161347142 -0.074902765809746794 -0.19293332637904387 -0.18547943132716638 -0.068361902085217835 -0.17398287919118524 0.037359269488025149 0.043138874335747708 -0.17266841893473472 0.2058912325540935 -0.12500019194920195 -0.15499795757710949 0.098242115243765082 0.12593761733205061 0.11440531366157561 0.10836914116558345 0.0094948611432092347 -0.14807086856211585 0.15564845337910116
leaf_weight=72.632880568038672 5.6664898600429288 24.468004053458571 8.0319346114993078 5.6119642555713645 28.657185815274715 8.3484374871477502 10.206479665124787 11.431025099009274 6.5249301046133033 8417.3708275406389 5.8798425123095539 21.461147899972275 34.649013946997002 6.4296169579029065 23.325680721551183 29.248682282865047 9.2932193502783793 15.117177270352839 75.052971677156165 6.6034083869308224 13.339758761227129 12.490303058177231 12.291049379855393 107.72040566429496 3.158746011555194 21.123899430036545 6.5699625834822655 6.4236242529004803 9.3803518093191069 6.305536836385726
leaf_count=389 62 50 21 50 59 37 105 18 57 58291 15 209 420 57 221 155 88 64 532 68 24 100 117 233 6 44 8 32 100 17
internal_value=-6.50075e-05 0.0387066 0.00378593 -0.0771088 0.0359421 -0.000378717 -0.0580191 -0.00636037 -0.0780231 -0.000142677 0.015049 -0.118045 0.0227723 0.0113207 -0.0326128 0.0384202 0.0534694 -0.0431003 -0.00428017 0.0256869 0.0663422 0.00701273 0.0866013 0.0736818 -0.09756 0.0553338 -0.0406556 -0.14338 0.0724119 -0.0259794
internal_weight=9024.81 72.4356 47.9676 13.6439 34.3237 8952.38 36.5109 26.3044 14.8734 8915.87 498.497 27.341 471.156 382.838 146.055 236.783 207.534 24.4104 116.305 81.6564 183.124 46.6138 136.51 123.17 15.4498 34.1235 12.9996 29.7493 88.3188 15.6859
internal_count=61649 242 192 71 121 61407 217 112 94 61190 2899 224 2675 2169 1273 896 741 152 1020 600 589 209 380 356 123 109 65 253 506 117
is_linear=0
shrinkage=0.1


Tree=57
num_leaves=31
num_cat=0
split_feature=9 3 7 5 3 5 14 17 18 3 1 8 6 17 13 15 0 18 7 18 6 17 9 7 5 13 3 8 12 12
split_gain=11.0411 15.8644 12.1543 61.8836 39.844 82.8487 65.0032 58.3206 38.6755 33.4943 39.4782 55.1397 44.2452 61.316 42.8428 33.4865 37.2074 31.9076 30.6519 32.7699 29.6267 28.4337 71.8787 47.759 95.8655 69.0107 50.2175 43.3829 41.9832 40.9049
threshold=0.27010787789082197 0.065426938380121549 0.11395655821049851 0.021513798585651455 0.095572018004744672 0.04545250993610523 0.040988460183143623 0.12706409801136367 -0.18763717208904296 0.028603550492038183 0.23744103121984081 2.5033867124125343e-10 7.5616048698461752e-10 0.1660822088068182 1.6053253412246706 6.274136467254722e-05 1.4371218762054326e-09 0.097229972285938202 0.11669240865959037 0.11712702810340986 7.7211094818028364e-10 0.13461026278409094 0.014250295285631433 0.067394787441560286 0.026793536102931604 2.1715686321258549 0.039164948973192774 9.9200466972279338e-11 0.48166911303997045 0.30466529726982122
decision_type=2 2 2 2 2 2 2 2 2 2 2 2 2 2 2 2 2 2 2 2 2 2 2 2 2 2 2 2 2 2
left_child=2 -2 21 15 8 6 7 18 -5 -10 11 -11 -13 17 -12 16 -4 -14 -6 -20 -21 -1 -23 24 25 -24 -25 -28 -26 -27
right_child=1 -3 3 4 5 -7 -8 -9 9 10 14 12 13 -15 -16 -17 -18 -19 19 20 -22 22 23 26 28 29 27 -29 -30 -31
leaf_value=-0.0022717655978819139 -0.15296389335302227 0.10274798885279102 -0.063564217770663275 -0.12997793301157515 0.068054730121094822 0.04502200207737999 0.058325816573180991 -0.19334092510157772 0.1765486033274124 0.079668828467956365 0.10494281992560942 -0.11146039049839929 0.1077301227912876 -0.14212559190166729 0.012097588112352592 -0.12930744975124417 0.097738925283270287 -0.10443242884429033 -0.21760335522423313 -0.24011486846595523 0.02809715875292338 -0.09405746860486193 0.019879020364391729 -0.08869335671373782 -0.11579522362727612 -0.16145610606906236 -0.17280648383995154 0.038869432465104332 0.088163595637599956 -0.021878741511138437
leaf_weight=5769.8306408079807 2.7751977791776907 19.291520594386384 73.125190299004316 19.949489829363301 16.165938328951597 73.135478886077181 25.046816683840007 54.760068812407553 12.02829399704933 34.71193490922451 53.814351243665442 78.347632325952873 35.894908718764782 20.758553995285183 650.09740100149065 57.924747651442885 17.7766168192029 8.8328613191843015 14.099445104598997 5.1874894797801998 19.983036793768406 62.230052799917758 798.81744860671461 33.282784456387162 88.937695696949959 32.718408245593309 9.7929148599505407 856.72566260444 11.384124256670473 58.605350548401475
leaf_count=45403 193 49 606 166 37 314 72 456 28 71 119 735 95 1244 2545 457 44 55 118 42 62 1337 3160 297 823 232 91 2498 31 269
internal_value=-6.03374e-05 0.0705887 -0.000233675 -0.0092927 -0.00126129 -0.0407232 -0.0870917 -0.120144 0.00773114 0.0108024 0.00854324 -0.0334536 -0.0607538 -8.85072e-05 0.0191956 -0.0698852 -0.03202 0.0658322 -0.0478398 -0.0955492 -0.0271797 0.00125808 0.0116892 0.0151705 2.02079e-05 0.0104645 0.0318473 0.0364772 -0.0926508 -0.0718849
internal_weight=9016.03 22.0667 8993.97 1271.64 1122.81 208.378 135.243 110.196 914.435 894.486 882.458 178.546 143.834 65.4863 703.912 148.827 90.9018 44.7278 55.4359 39.27 25.1705 7722.33 1952.49 1890.26 990.463 890.141 899.801 866.519 100.322 91.3238
internal_count=61649 242 61407 7266 6159 1101 787 715 5058 4892 4864 2200 2129 1394 2664 1107 650 150 259 222 104 54141 8738 7401 4515 3661 2886 2589 854 501
is_linear=0
shrinkage=0.1


Tree=58
num_leaves=31
num_cat=0
split_feature=8 14 10 3 14 0 0 18 5 18 4 13 3 4 6 0 4 12 18 3 13 10 11 10 6 14 19 6 10 6
split_gain=10.7314 71.1062 61.0185 55.4153 49.7521 45.0698 71.2785 63.4219 42.6466 39.0397 38.4835 44.6089 37.8046 36.4465 36.3556 34.2195 33.7581 33.411 33.2191 32.5444 59.4068 31.625 35.1962 31.0468 29.9716 29.6614 27.9418 27.6664 27.5657 29.5011
threshold=2.2628964812849357e-10 0.014234832953661682 2.9180358648300175 0.091023309433968316 0.017912426963448528 8.2026212652993907e-10 7.1444208866506219e-10 -0.1689437275159765 0.026187506974649746 0.022596419153904378 1.9209771680251886e-10 1.6101001501083376 0.10046052494998996 8.8949327192570419e-11 3.3268513734484534e-10 4.1255598367779715e-09 4.8942847712986355e-11 0.32597352564334875 0.45744304081679071 0.090440918267217243 1.9447269439697268 3.0317220687866215 5.7269913256163826e-09 3.055905938148499 1.1503629523122933e-10 0.01599227357655764 0.4102140218019486 3.0114981494443589e-10 2.9629156589508061 3.2499779199973353e-10
decision_type=2 2 2 2 2 2 2 2 2 2 2 2 2 2 2 2 2 2 2 2 2 2 2 2 2 2 2 2 2 2
left_child=1 10 3 4 5 6 7 -2 -8 17 23 -12 -5 -9 21 16 -14 19 -7 -4 -21 24 -23 28 -3 -19 -13 -20 29 -1
right_child=2 14 9 12 -6 18 8 13 -10 -11 11 26 15 -15 -16 -17 -18 25 27 20 -22 22 -24 -25 -26 -27 -28 -29 -30 -31
leaf_value=0.00044372969319405903 0.13731892730243767 -0.1096001702286644 0.041426678102012102 0.07682339426781834 0.025302054128256469 -0.1422773087373202 0.14641505797782042 -0.13872225963891593 -0.1982784816356524 0.0083911104755474454 0.047064643953070445 0.0061219952318598662 0.14424718717105031 0.012239870451228145 0.098142643658508152 0.030387818730112804 -0.19156025583058378 -0.16948626275767689 -0.19522545095688121 -0.15965197945411383 0.0034935937095368209 -0.18196770275421326 0.05628118141020081 -0.24600377523552625 0.040778164438196374 -0.028553177667896942 -0.13320911860150783 0.04330779326491347 0.06579104140895474 -0.11338833141354417
leaf_weight=5052.2734800782055 12.287534333765505 13.815015813335775 153.91073898412287 58.669254056643695 56.469980719964951 110.44359851069748 25.952489562332634 70.845462072640657 4.1654732525348654 1989.98244031379 28.417852513492107 19.030801455490291 3.5865522772073772 20.655369952321053 88.259182944893837 28.691687490791082 18.108136275783181 15.380531784147022 6.4875266887247589 26.494193073362112 141.65066243708134 14.634121246635916 10.759519465267656 5.1038878187537184 326.25169323384762 513.95789777569007 59.063876925036311 19.411458717659116 64.356890689581633 22.870207550004125
leaf_count=42907 31 102 533 188 263 995 89 730 36 8309 116 99 13 76 197 101 160 147 56 207 527 109 21 45 913 3691 591 62 150 185
internal_value=-5.92162e-05 0.00256059 -0.00461975 -0.0394628 -0.0600653 -0.0779033 -0.0366958 -0.075998 0.0987421 0.000724041 -0.000721124 -0.060217 0.0222602 -0.104644 0.0405414 -0.0412725 -0.136045 -0.0171964 -0.118374 0.00820054 -0.0222129 0.0266306 -0.0810195 0.000510663 0.0346691 -0.0326481 -0.0992557 -0.0164432 0.00075547 -6.92337e-05
internal_weight=8981.99 5704.84 3277.15 435.775 326.719 270.249 133.906 103.788 30.118 2841.38 5251.12 106.513 109.056 91.5008 453.72 50.3864 21.6947 851.394 136.343 322.056 168.145 365.46 25.3936 5144.6 340.067 529.338 78.0947 25.899 5139.5 5075.14
internal_count=61649 45435 16214 2800 2338 2075 962 837 125 13414 44093 806 462 806 1342 274 173 5105 1113 1267 734 1145 130 43287 1015 3838 690 118 43242 43092
is_linear=0
shrinkage=0.1


Tree=59
num_leaves=31
num_cat=0
split_feature=14 15 11 8 13 0 3 8 10 3 3 13 0 3 18 17 9 17 19 6 19 6 18 12 18 19 18 3 17 10
split_gain=10.091 11.9091 28.3757 11.1123 31.6906 39.7425 22.2126 19.2464 22.0372 23.3428 34.9093 39.7286 19.0727 21.6281 18.4553 17.2028 22.4293 25.0195 21.0441 18.5656 16.6683 35.7161 12.7231 37.7615 30.5313 29.8139 41.8008 29.8128 35.255 51.5872
threshold=0.099771883338689818 0.00015875379904173317 3.1098640107529725e-08 2.0078011039917424e-09 2.2097864151000981 3.7142653381611553e-09 0.062831742219611783 1.3252927223776486e-09 3.4134298563003544 0.083691061467616568 0.15046382975527639 2.7754991054534917 5.3382724661165227e-09 0.10917394117030305 -0.060290128500624131 0.13088156960227273 0.16364413744775588 0.15773703835227273 2.2108259201049809 1.7060555050144824e-09 2.0421931743621831 2.1907667451907418e-09 -0.012520402661969207 0.57742688059806835 0.018516599073667424 2.3031069040298466 0.0076899255668236464 0.12139522595305503 0.057950106534090919 2.2740625143051152
decision_type=2 2 2 2 2 2 2 2 2 2 2 2 2 2 2 2 2 2 2 2 2 2 2 2 2 2 2 2 2 2
left_child=1 2 3 7 5 6 -5 22 -9 15 11 -11 -6 -14 -8 -10 20 -18 19 -19 -17 -22 23 -1 25 27 -27 -24 -29 -30
right_child=-2 -3 -4 4 12 -7 14 8 9 10 -12 -13 13 -15 -16 16 17 18 -20 -21 21 -23 24 -25 -26 26 -28 28 29 -31
leaf_value=0.0066054540466128665 -0.11908202328467575 0.053327597631558615 -0.2816432322601693 -0.16671515703753639 0.12921783619055877 -0.1416680726968913 -0.17527183860951556 -0.19067823474878259 -0.1677376147162328 -0.16024248146841835 0.04621695205552695 0.090484011824810778 -0.19919096597784694 0.07431458984273534 0.053283747074209964 0.097422466541094599 -0.18313245146941604 -0.17962166965148701 0.052837885580324852 0.091713339904609767 -0.1895615700893718 0.11919860002256631 -0.051434094248431539 -0.15994942073989815 -0.00013917478325049953 0.081226671199167114 -0.12864599576740907 -0.094686390345483928 0.14252301061835387 -0.0079539535599593113
leaf_weight=2710.1484799657483 7.1173081578453994 41.739934697747231 3.5811942303553215 5.5845328802242866 36.536280166357756 17.750161920674145 3.7381425127387038 8.4721697280183417 5.5197244295850387 38.38489368930459 17.732160240411758 7.5653719231486312 4.1684951083734623 9.4360556136816722 64.363276006653905 35.481034271419048 9.2674609981477243 9.1824593320488912 25.285927038639784 3.476443648338317 7.1717747580260021 7.844193484634161 315.02758434577845 13.681117372587321 5294.3863971943501 49.770037913694978 11.726060662418602 33.416479466715828 27.615795421414077 130.17285236530006
leaf_count=19876 1452 256 50 56 47 268 33 80 68 326 50 13 55 25 179 75 84 85 68 9 63 12 3194 158 33305 148 96 915 74 529
internal_value=-5.73008e-05 3.737e-05 -0.000212373 -9.91672e-05 0.0276932 -0.00734209 0.0250156 -0.000548272 -0.0333419 -0.0253557 -0.0729686 -0.118962 0.091583 -0.00948873 0.0407381 0.00401688 0.0137195 -0.0358307 0.00014554 -0.105106 0.0600466 -0.0282683 0.000121597 0.00576889 -0.00250242 -0.0245409 0.0412082 -0.032528 -0.00137856 0.0183822
internal_weight=8955.34 8948.23 8906.49 8902.91 141.577 91.4361 73.686 8761.33 175.384 166.911 63.6824 45.9503 50.1408 13.6046 68.1014 103.229 97.7093 47.2123 37.9448 12.6589 50.497 15.016 8585.94 2723.83 5862.12 567.729 61.4961 506.233 191.205 157.789
internal_count=61649 60197 59941 59891 663 536 268 59228 933 853 389 339 127 80 212 464 396 246 162 94 150 75 58295 20034 38261 4956 244 4712 1518 603
is_linear=0
shrinkage=0.1


Tree=60
num_leaves=31
num_cat=0
split_feature=5 1 13 18 17 19 9 10 14 15 3 12 14 12 3 5 4 0 6 6 12 2 13 0 13 14 5 8 3 9
split_gain=9.96813 9.74288 20.7897 24.1382 18.5298 16.1716 15.3879 38.0611 16.7437 31.1352 15.3717 15.2437 28.176 13.6473 11.281 45.3171 67.2889 81.7437 51.4395 43.7133 58.9349 54.7666 57.5809 53.3453 37.4954 36.7911 36.0155 44.5003 40.9872 44.415
threshold=0.0038253693775393634 0.61843722171060012 3.1983981132507329 0.29408382582054898 0.033891157670454551 5.7109663486480722 0.0079367675239480264 2.2912921905517583 0.011472643353044988 8.240571332862602e-05 0.093249882327465075 0.25275571644306188 0.021418279968202118 0.24914054572582248 0.12905559244859208 0.012170389956367496 4.1184385199792111e-11 1.6758432260271063e-09 1.869372278704546e-10 1.1503629523122933e-10 0.20268480479717257 7.9120432558567484e-10 1.6914443373680117 1.5268707619276406e-09 1.8301350474357607 0.0098135280422866362 0.028625409799784441 3.3987768345430741e-11 0.13908387671159647 0.01792246526528055
decision_type=2 2 2 2 2 2 2 2 2 2 2 2 2 2 2 2 2 2 2 2 2 2 2 2 2 2 2 2 2 2
left_child=-1 2 4 5 -2 13 -3 -8 9 -9 -11 -10 -13 -4 -6 -16 25 18 19 20 26 22 -21 -24 -20 -17 27 -18 -29 -30
right_child=1 6 3 -5 14 -7 7 8 11 10 -12 12 -14 -15 15 16 17 -19 24 21 -22 -23 23 -25 -26 -27 -28 28 29 -31
leaf_value=-0.079620448536188604 -0.11149091538840186 0.061360932292812947 -0.064390758267898654 0.066721971566861479 -0.001688402265565113 0.066541678179372482 -0.22564143422027649 0.073552685239405016 0.042303121957898385 -0.066357534794639766 -0.25321198494899649 -0.29917568512548504 0.0059306443811325688 -0.18964762651457071 -0.12182752687759989 0.10326103531939564 -0.099089752998484631 0.020750053017131231 -0.16607128010588396 -0.10363277595311318 -0.18333015087856883 -0.23208092656655072 0.1063615738783264 -0.13201291971936963 -0.045936859024170461 -0.1684134021161886 0.020539332824388162 0.15581912706481016 0.050697003784708733 -0.1692998024869713
leaf_weight=15.717878435039891 14.905597492004743 65.272195774596184 18.086863080505282 11.038917383179067 6921.6090159857413 5.068569302558898 6.9020051658153525 12.315451696515082 119.26043458841741 13.122022327035667 6.6256699413061133 3.7587993443012264 15.54122371226549 16.757722563110292 26.702425099210814 94.826625152956694 84.889434805838391 1036.7196680218913 39.056653629988432 19.83315085619688 23.890814527869225 7.1557605415582648 93.192803364247084 10.439768075942991 77.597862493246794 5.2613444849848738 121.42017203941941 15.277154453098772 22.754056483507156 15.379665993154047
leaf_count=972 1601 533 188 44 46469 16 64 20 360 61 60 36 63 194 676 696 2385 5005 351 130 182 52 174 64 410 44 607 24 60 108
internal_value=-5.44038e-05 8.57258e-05 -0.000466814 -0.064156 -9.08291e-05 -0.100353 0.0198432 0.00457809 0.0138909 -0.0512305 -0.12905 0.02896 -0.0534907 -0.12463 0.000101892 0.00741524 0.00948462 0.00440904 -0.0275018 -0.0109831 -0.0330291 0.0368842 0.0524727 0.0823481 -0.0861586 0.0889799 -0.0192034 -0.0540954 0.0174171 -0.0380296
internal_weight=8940.38 8924.66 8681.86 50.9521 8630.91 39.9132 242.798 177.526 170.624 32.0631 19.7477 138.56 19.3 34.8446 8616.01 1694.4 1667.69 1567.61 530.887 414.233 283.611 130.621 123.466 103.633 116.655 100.088 259.72 138.3 53.4109 38.1337
internal_count=61649 60677 59480 442 59038 398 1197 664 600 141 121 459 99 382 57437 10968 10292 9552 4547 3786 3366 420 368 238 761 740 3184 2577 192 168
is_linear=0
shrinkage=0.1


Tree=61
num_leaves=31
num_cat=0
split_feature=0 15 3 11 1 17 8 4 8 14 10 4 14 9 19 14 17 5 14 15 13 9 11 19 7 5 14 13 3 11
split_gain=9.7295 15.0836 13.9745 39.6911 23.6521 20.8612 18.6581 18.6089 17.6198 27.8093 15.4947 34.6218 30.9566 37.2932 36.3453 32.6405 42.0995 29.5519 42.7743 43.6733 32.8722 43.9719 33.8584 60.4937 33.8063 57.0324 55.9485 48.1039 57.587 60.5882
threshold=3.3925252334717199e-11 1.0231357009615751e-05 0.015211693215074878 2.3897576972853335e-10 0.18729630981001091 0.21053799715909091 3.2316901868424734e-12 8.8600771927984331e-12 3.2822211226988874e-11 0.005855459952726961 1.9219123721122744 1.9306412089439071e-11 0.0089142145588994044 0.027232256025870562 0.56282272934913646 0.0076325456611812123 0.11086203835227275 0.028625409799784441 0.0060849101282656201 3.2523514164495289e-05 1.4201397895812991 0.05061682747779208 1.0315536203009403e-09 2.6995813846588139 0.028045270186760483 0.021405385258885742 0.0083396695554256457 2.1223747730255131 0.095572018004744672 4.6531258846016507e-09
decision_type=2 2 2 2 2 2 2 2 2 2 2 2 2 2 2 2 2 2 2 2 2 2 2 2 2 2 2 2 2 2
left_child=1 -1 4 -4 5 6 -2 8 9 -5 12 -12 13 15 -15 -9 -17 18 19 -13 21 -20 23 -22 25 27 -26 -24 -29 -30
right_child=2 -3 3 7 -6 -7 -8 10 -10 -11 11 17 -14 14 -16 16 -18 -19 20 -21 22 -23 24 -25 26 -27 -28 28 29 -31
leaf_value=0.048688431355696032 -0.10950405674612523 -0.083061303739962553 -0.10846388475090987 -0.069093262607108338 -0.11363252118496832 -0.15841980548016077 0.049194000293434986 0.0074949770597067455 -0.12729827180870493 0.080978961807909533 -0.16610501905506839 0.10133990096368564 -0.067414432179641062 -0.15661638287448615 0.053214217050777737 0.087726664318859213 -0.17776436080994695 0.0077646274272948849 -0.14053979988067999 -0.05897051285531614 -0.10268772293787641 0.099857404705788133 0.061615014616529254 0.10027054919668582 -0.10663093644211347 -0.045376539047368339 -0.0057257405688955192 0.046085759308307925 -0.12124225479454008 0.0061235615106514868
leaf_weight=11.95444790064357 7.7579103664029381 31.819279659539461 33.858835043385625 37.512958767358214 11.231974677881224 5.3525519687682381 164.43347527598962 1111.6820511117112 20.907627154141665 18.406532559543848 12.749591554049401 18.392823130823672 50.058023784309626 8.5299934763461334 255.94202639535069 8.4384640604257601 20.441099084913731 2434.57560034981 8.8070196779444796 223.43178215587977 76.575539667159319 55.92550902441144 260.11545697180554 18.170553594827652 55.825028801336884 123.09980751853436 3502.5546628665179 164.32483300287277 56.753286730498075 109.24015276972204
leaf_count=166 959 563 1441 811 127 86 962 9750 422 43 199 80 293 133 614 36 185 12389 110 10847 678 113 1043 56 453 911 16634 631 464 450
internal_value=-5.14569e-05 -0.0470809 0.000180502 -0.000404473 0.0270975 0.0360005 0.042044 1.83857e-05 -0.0489782 -0.0196953 0.000457335 -0.00146419 0.00986041 0.0126135 0.0464466 0.00476836 -0.100189 -0.00116887 -0.0058229 -0.0467775 -0.00358797 0.0671508 -0.00463662 -0.0637641 -0.00332524 0.0165406 -0.00730877 0.0294497 0.0041205 -0.0374229
internal_weight=8918.87 43.7737 8875.1 8686.32 188.776 177.544 172.191 8652.46 76.8271 55.9195 8575.63 7120.54 1455.09 1405.03 264.472 1140.56 28.8796 7107.79 4673.22 241.825 4431.39 64.7325 4366.66 94.7461 4271.91 713.534 3558.38 590.434 330.318 165.993
internal_count=61649 729 60920 58786 2134 2007 1921 57345 1276 854 56069 45058 11011 10718 747 9971 221 44859 32470 10927 21543 223 21320 734 20586 3499 17087 2588 1545 914
is_linear=0
shrinkage=0.1


Tree=62
num_leaves=31
num_cat=0
split_feature=17 9 4 6 5 6 6 5 1 7 5 0 4 2 0 19 12 5 12 6 13 12 13 9 17 8 5 13 1 0
split_gain=9.20855 50.5263 33.2461 32.8842 38.5442 48.0511 39.1396 51.6074 55.1644 61.2861 52.0597 38.443 34.3576 63.8469 32.1542 31.7552 34.2884 30.0819 55.8211 69.7135 35.6478 28.4049 38.1657 42.548 37.9401 29.4806 28.5572 27.3794 53.0221 47.0175
threshold=0.13518732244318185 0.014250295285631433 1.636281362104262e-11 2.8515214478573465e-11 0.0085848284571136066 4.4947265230484238e-11 5.0125707643521976e-10 0.033482339950182856 0.28766695885077459 0.10235801263285062 0.029191177940498015 1.1485266201832832e-09 1.454915593334506e-10 3.1706523931773002e-10 3.1428420533665987e-09 2.4319622516632085 0.49368225038051611 0.027101294588983964 0.35889396071434027 7.016309468556623e-10 1.6555497646331789 0.37480331957340246 2.0163666009902959 0.10333338337596243 0.1279962713068182 6.3927557925215516e-10 0.057343842241884865 2.3778469562530522 0.44393693219691072 1.8451481013862718e-09
decision_type=2 2 2 2 2 2 2 2 2 2 2 2 2 2 2 2 2 2 2 2 2 2 2 2 2 2 2 2 2 2
left_child=2 -2 -1 -3 5 -5 27 8 10 -10 11 17 13 -11 -9 -14 -17 18 19 -8 -19 -4 -23 25 -25 -24 -27 -6 29 -29
right_child=1 3 21 4 6 -7 7 14 9 12 -12 -13 15 -15 -16 16 -18 20 -20 -21 -22 22 23 24 -26 26 -28 28 -30 -31
leaf_value=-0.049800621348019186 -0.088118563942110706 0.075675934132378123 0.00058642324912306775 0.0032676345669990225 0.022123850045583121 -0.088084284421840964 -0.14208718425535136 0.043009037824495853 -0.1516183103928502 0.030860535845532128 -0.20072132920002558 -0.16819416214753588 0.052799986605648809 -0.13357229483739175 -0.04697331544666792 -0.18806595619575175 0.018710956929002813 -0.15668270472294285 -0.11387801312672619 0.17896153988712316 0.10137213648590518 -0.12811576673192568 -0.032552251378362242 0.045299908573070355 -0.063787662380353799 -0.19597230271377533 0.019325770890485545 0.029616282415214485 0.061430675995510421 -0.1824251113844112
leaf_weight=142.8881322958041 57.006316386628896 68.010549182072282 5838.9098604926839 145.86301967129111 1380.8844926524907 95.133527722209692 10.958988565951588 215.64979431009851 25.703691190108657 55.327156234532595 27.234127528034151 23.178362492471933 158.96187356859446 41.196181081235409 48.675796882598661 12.141879290342329 23.619715826585889 6.6328021362423888 59.529821585863829 17.667217202484608 27.746592156589031 35.248236721381545 91.688362404704094 118.45643115136772 43.623268782161176 24.889218723401427 8.1873944681137782 16.156331166625023 31.181085161864758 29.645378775894642
leaf_count=3719 1297 187 42589 554 4928 1132 118 1955 193 232 233 204 456 313 332 98 124 61 539 32 78 305 518 535 267 226 59 58 70 237
internal_value=-5.5154e-05 0.00497979 -0.0021143 0.0070849 0.00518325 -0.0327936 0.00932064 -0.00917271 -0.0283869 -0.00359909 -0.0738139 -0.0500948 0.00946419 -0.0393194 0.0264387 0.033646 -0.0514945 -0.0277555 -0.0586973 0.0560543 0.0515857 -0.00100834 -0.0299182 -0.0178514 0.0159393 -0.0617484 -0.14268 0.0188881 -0.0391529 -0.107629
internal_weight=8882 2578.1 6303.89 2521.1 2453.09 240.997 2212.09 754.224 489.898 316.95 172.948 145.714 291.247 96.5233 264.326 194.723 35.7616 122.535 88.156 28.6262 34.3794 6161 322.093 286.845 162.08 124.765 33.0766 1457.87 76.9828 45.8017
internal_count=61649 13431 48218 12134 11947 1686 10261 4968 2681 1416 1265 1032 1223 545 2287 678 222 828 689 150 139 44499 1910 1605 802 803 285 5293 365 295
is_linear=0
shrinkage=0.1


Tree=63
num_leaves=31
num_cat=0
split_feature=10 8 13 7 8 14 8 11 14 6 18 10 10 1 17 13 5 7 17 19 15 18 4 6 17 7 7 12 10 0
split_gain=9.29573 62.4774 64.9341 68.0772 52.7759 59.8601 62.8767 57.5289 51.0846 59.0665 49.5488 51.7836 44.4037 41.9697 40.4884 40.3873 39.0864 43.8527 96.4052 47.278 36.5984 36.5089 35.2841 36.43 42.4075 34.5405 33.1848 52.4773 34.6536 33.3408
threshold=2.6981446743011479 1.2279327849767346e-10 1.5868216156959536 0.028045270186760483 2.0414590784350893e-10 0.011239826679229738 9.3900811188841201e-11 2.0930255306694794e-09 0.010676675010472538 2.0277647810447203e-10 -0.022688380950553848 2.8315247297286992 2.8003537654876713 0.20277575977336357 0.081787109375000014 2.1905802488327031 0.035336025028155936 0.045729190892222105 0.090709339488636367 1.1334132552146914 2.9183004699007146e-05 -0.41917508197101677 5.4844529350554315e-11 3.0114981494443589e-10 0.1602228338068182 0.038401508076787959 0.016294771247415549 0.17217821627855304 2.675118207931519 1.2900964425531893e-09
decision_type=2 2 2 2 2 2 2 2 2 2 2 2 2 2 2 2 2 2 2 2 2 2 2 2 2 2 2 2 2 2
left_child=1 15 8 -4 5 10 -7 22 -3 -10 11 -2 14 20 -9 16 26 18 -18 -19 -11 -5 -6 24 -24 -12 27 -1 29 -28
right_child=4 2 3 21 7 6 -8 12 9 13 25 -13 -14 -15 -16 -17 17 19 -20 -21 -22 -23 23 -25 -26 -27 28 -29 -30 -31
leaf_value=-0.001173160139610096 0.044690533124882068 0.10862598367531447 0.0468729260793041 0.098293395019135019 -0.0031467330066616943 -0.2173650310097715 0.04103817310118596 0.013539946010005834 -0.1556000788754841 -0.15201896018045868 0.00031890506626055918 -0.25924221833831601 0.0024910492967602452 -0.1440921424660507 -0.13002084621337573 -0.024851771204418949 0.0067540831471575736 -0.10772254589569233 -0.085206266067404529 0.088161241463654089 0.065455372372221002 -0.082899608211140563 0.044004555991494575 -0.14160701710731258 -0.22980522492437372 -0.13372978781386613 0.010955538542495528 -0.12107360463562603 -0.14197970511750721 0.042241080203558379
leaf_weight=947.95133323897608 81.909824389964342 44.133678145706654 52.32902730954811 11.542222379706798 65.457674855366349 9.5432633683085424 709.48712649568915 32.887898541986942 24.539865665137768 8.6004290506243688 30.545312315225601 6.0176380127668372 3073.5011932444759 13.825149059295653 48.789047387428582 525.04657521424815 275.8157673580572 15.333533335477112 194.309142784914 62.724466066807508 77.197419602423906 304.19321990362369 26.784959204494953 65.039916280657053 7.1707898154854766 51.854103684425354 1602.7139165021945 37.965060330927372 13.698705419898031 432.57218870986253
leaf_count=20027 238 93 217 41 372 81 2229 140 222 87 104 53 14532 150 468 3143 1477 170 3610 165 206 2177 100 646 61 343 8399 410 94 1594
internal_value=-5.61643e-05 -0.00314081 -0.0352394 -0.0587673 0.00334764 0.0249816 0.0376085 -0.00244827 0.0162161 -0.0166309 -0.0283228 0.0238898 0.000557164 0.017601 -0.0722149 0.00105001 0.00484553 -0.0197295 -0.0312544 0.0496823 0.0436556 -0.0762758 -0.0601101 -0.0977753 -0.0138187 -0.0840382 0.00928442 -0.00579021 0.0165379 0.0176049
internal_weight=8853.48 4644.49 536.361 368.064 4208.99 889.357 719.03 3319.63 168.297 124.163 170.327 87.9275 3155.18 99.623 81.6769 4108.13 3583.08 548.183 470.125 78.058 85.7978 315.735 164.453 98.9957 33.9557 82.3994 3034.9 985.916 2048.98 2035.29
internal_count=61649 42282 3193 2435 19367 3048 2310 16319 758 665 738 291 15140 443 608 39089 35946 5422 5087 335 293 2218 1179 807 161 447 30524 20437 10087 9993
is_linear=0
shrinkage=0.1


Tree=64
num_leaves=31
num_cat=0
split_feature=13 19 5 13 12 8 17 19 0 5 1 17 9 18 17 3 6 10 3 3 7 2 10 5 13 1 6 3 17 13
split_gain=9.01553 20.0498 15.9969 11.1295 49.0999 79.7763 44.9498 59.9229 39.9109 40.8307 38.9144 50.0564 34.9821 40.9346 34.6407 33.6136 32.4071 84.9657 67.5383 62.8554 48.8613 49.4321 51.0047 44.4268 43.9542 73.5927 47.279 65.6376 40.7891 38.3545
threshold=1.1377611160278323 0.26266634464263922 0.042267427294741235 1.6053253412246706 0.22714751213788989 3.2822211226988874e-11 0.1260431463068182 0.32062321901321417 6.5803030929797252e-10 0.040312265954459504 0.20529696190315092 0.1660822088068182 0.0058163335705975145 0.54716369856826297 0.10260564630681819 0.051581156138126957 7.7418916106196662e-11 2.4228965044021611 0.039164948973192774 0.16188576851537276 0.01955070389010451 2.3225754461641976e-10 2.5519493818283085 0.019728531309903253 1.7240983843803408 0.29850502129760342 1.869372278704546e-10 0.090440918267217243 0.064697265625000014 2.3778469562530522
decision_type=2 2 2 2 2 2 2 2 2 2 2 2 2 2 2 2 2 2 2 2 2 2 2 2 2 2 2 2 2 2
left_child=1 2 -1 4 5 -2 7 15 9 10 -5 12 -12 -14 -9 -6 19 -18 -19 20 -10 23 -23 29 25 26 -20 -28 -21 -22
right_child=3 -3 -4 8 6 -7 -8 14 16 -11 11 -13 13 -15 -16 -17 17 18 24 28 21 22 -24 -25 -26 -27 27 -29 -30 -31
leaf_value=-0.072642603306976167 0.0028868287702637613 -0.12900952015226352 0.099570786040663981 0.0031445939073221881 0.072394456104508439 -0.074833384383712731 0.010614217192307486 -0.10986695495780548 0.00071963846090778924 -0.12187115519701995 0.068973158986468677 0.05164825764344802 -0.087675737267515833 0.044716467853129938 0.096855185271822089 -0.092668876318314719 -0.062466445106777568 -0.16095426059368112 0.093521232717918401 -0.028424415183249108 0.04032271590474746 0.085966365522240559 -0.16477365112558129 -0.075735587947246524 0.003756115656077065 -0.11159357440625205 -0.00094571825916600356 -0.18116055792042243 -0.1888397410899971 -0.14982632248801428
leaf_weight=10.493368247989567 1246.634358698735 17.125689530861564 11.09916315320879 373.54788644704968 19.43417264521122 147.72025379352272 611.05080257484224 8.484233193099497 523.27153214416467 40.420511881820858 18.758143585873768 45.283040072768927 209.49290985334665 26.284408256411552 181.8811697922647 33.783344730734825 228.0633309551049 25.876612190157175 40.614876225590706 76.866313798818737 254.58663335256279 233.46573887113482 8.4047012478113157 44.33409396931529 4096.1925081278896 90.010176754090935 139.48366747796535 23.634767238050699 19.968620801344514 11.069067054428158
leaf_count=692 19454 1471 24 1927 55 1452 4605 65 4800 444 189 105 1774 96 554 304 1595 254 82 774 785 681 72 393 17179 674 670 217 148 114
internal_value=-5.8584e-05 -0.048207 0.0158799 0.000153775 0.0062208 -0.00534698 0.0250939 0.0614175 -0.00193588 -0.0242523 -0.0183924 -0.0452257 -0.06246 -0.0729167 0.087642 -0.0323904 0.000803044 -0.00294695 0.000127047 0.0156623 0.0226125 0.0433712 0.0772535 0.0169345 0.00107655 -0.0362895 -0.00301986 -0.0270576 -0.0615041 0.0323998
internal_weight=8817.34 38.7182 21.5925 8778.62 2248.99 1394.35 854.634 243.583 6529.63 713.787 673.366 299.819 254.535 235.777 190.365 53.2175 5815.84 4643.88 4415.81 1171.97 1075.13 551.86 241.87 309.99 4389.94 293.743 203.733 163.118 96.8349 265.656
internal_count=61649 2187 716 59462 26489 20906 5583 978 32973 4535 4091 2164 2059 1870 619 359 28438 20671 19076 7767 6845 2045 753 1292 18822 1643 969 887 922 899
is_linear=0
shrinkage=0.1


Tree=65
num_leaves=31
num_cat=0
split_feature=4 3 12 19 8 12 17 2 9 6 9 13 11 15 1 5 3 3 12 2 7 12 17 10 18 4 15 4 10 13
split_gain=8.89187 52.9807 53.2658 51.6587 24.1106 33.1621 26.761 25.4807 27.7187 29.8699 21.0925 24.8076 22.8833 20.9903 22.3035 30.4462 22.8522 20.3756 62.0777 26.5571 28.9214 26.2574 28.7334 25.6545 26.4288 31.0915 25.1232 25.5054 25.6213 25.0529
threshold=2.8258524009774731e-10 0.15562013665044691 0.36537706851959234 0.12379317730665208 1.0286045043356965e-09 0.42811724543571478 0.2043900923295455 6.5622826692059545e-10 0.094008257377907536 4.8046326524911866e-10 0.1113045957872109 2.2191900014877324 1.1914280673153145e-08 4.1792680349317386e-05 0.47114094709981619 0.027928000985466658 0.10117356016313273 0.18990966968878434 0.25962536036968237 7.3357544042960216e-10 0.024008390356626424 0.36537706851959234 0.1041592684659091 2.4466572999954228 -0.13044636851091951 9.4586044947499368e-11 6.6836830228567137e-05 7.0089330875318299e-11 2.6221501827239995 2.6386820077896123
decision_type=2 2 2 2 2 2 2 2 2 2 2 2 2 2 2 2 2 2 2 2 2 2 2 2 2 2 2 2 2 2
left_child=17 2 3 -2 7 -6 10 -4 9 -9 -7 12 -12 -5 -15 -16 -17 19 23 29 26 -20 -23 -19 25 -25 -21 -28 -29 -1
right_child=1 -3 4 13 5 6 -8 8 -10 -11 11 -13 -14 14 15 16 -18 18 21 20 -22 22 -24 24 -26 -27 27 28 -30 -31
leaf_value=0.00097019922595995272 0.08670828125167386 0.042437864620217446 -0.12911544042509998 0.090794439835452614 -0.19740644416368486 -0.24066155716278584 0.092457115028583919 0.080374902529498526 0.092575726571793499 -0.21598926985355171 -0.02483882847125447 0.033496808791164401 -0.14835223137549822 -0.16975241917867476 -0.23240677462551834 -0.17661166630900707 -0.00010310713356692368 -0.15004855381106125 -0.22094195335542197 -0.12355616703341539 0.030382691034554966 0.085700501803724197 -0.22756256042479836 -0.27951389444085928 0.010196614889372098 -0.02067598422444733 -0.13199177562724326 0.029819159734450835 -0.15097370353433395 -0.030504350142007409
leaf_weight=7087.1822794505861 15.035611062310634 125.58144078962505 7.8845025910995892 4.9024012684822074 10.713123230263589 4.6767662558704606 19.949365432490595 6.8407474458217603 54.610639643622562 6.7629403136670589 52.327982354909182 45.892674443311989 21.02763217035681 48.837967878207564 10.064541704952715 9.4113607984036189 33.245580495335162 12.116555715212597 21.242283806204796 20.389093963080086 557.23174694459885 7.4602734930813295 4.8195391185581684 7.0158729422837522 204.97803418617696 13.70808503590524 13.511791775003074 91.697021995903924 8.5713128941133601 262.25221257004887
leaf_count=52466 60 605 70 8 107 44 216 12 104 78 222 192 340 467 107 129 143 438 166 403 1571 12 41 65 753 78 184 852 66 1650
internal_value=-6.2247e-05 -0.0133287 -0.0332139 -0.0868017 -0.00499028 -0.027673 -0.0150344 0.0410875 0.0607603 -0.0669596 -0.0323383 -0.0241681 -0.0602444 -0.111307 -0.121062 -0.0759586 -0.039046 0.000700277 -0.0262517 0.00160978 0.0203469 -0.153651 -0.0372479 -0.00829394 -0.000683999 -0.108303 -0.0213339 -0.00301599 0.0143643 -0.000152917
internal_weight=8789.94 477.765 352.184 121.497 230.686 154.588 143.874 76.0988 68.2143 13.6037 123.925 119.248 73.3556 106.462 101.559 52.7215 42.6569 8312.18 271.341 8040.84 691.401 33.5221 12.2798 237.819 225.702 20.724 134.169 113.78 100.268 7349.43
internal_count=61649 2904 2299 914 1385 1121 1014 264 194 90 798 754 562 854 846 379 272 58745 1553 57192 3076 219 53 1334 896 143 1505 1102 918 54116
is_linear=0
shrinkage=0.1


Tree=66
num_leaves=31
num_cat=0
split_feature=14 5 3 4 3 10 15 11 15 14 7 12 17 1 13 17 17 8 19 0 1 13 19 13 2 5 19 6 18 9
split_gain=8.94909 9.47011 12.5207 12.2867 27.7761 17.8547 11.2373 11.9358 27.5138 21.5379 31.9843 18.1636 22.2162 40.914 32.9136 20.0025 19.6714 17.6231 16.3835 16.3023 46.7063 37.3872 31.3882 41.3366 29.5934 26.7125 39.2898 26.9579 29.8966 24.4896
threshold=0.099771883338689818 0.078547348102501288 0.17646024685891695 1.1452682604012085e-09 0.14933803553793154 4.3589043617248544 0.00013604532432509589 1.1914280673153145e-08 9.4455946964444606e-05 0.013852707576006653 0.015328375878975167 0.21735840290784839 0.13949307528409094 0.46239230064931036 2.2276215553283696 0.10509144176136366 0.2043900923295455 2.7495789857774586e-10 0.043499648571014411 4.5491570119490544e-09 0.43872660443699407 2.7754991054534917 0.39100702106952673 2.3650943040847783 7.9120432558567484e-10 0.018466758513881441 0.70974487066268932 2.7914154181883427e-10 -0.015525198467499151 0.022009040072999909
decision_type=2 2 2 2 2 2 2 2 2 2 2 2 2 2 2 2 2 2 2 2 2 2 2 2 2 2 2 2 2 2
left_child=1 3 -3 6 5 -5 7 19 -9 10 -10 -11 13 -13 16 18 -14 -12 -15 21 -21 -1 24 -24 -22 27 -27 28 -23 -26
right_child=-2 2 -4 4 -6 -7 -8 8 9 11 17 12 14 15 -16 -17 -18 -19 -20 20 22 25 23 -25 29 26 -28 -29 -30 -31
leaf_value=0.00037318481479745551 -0.11601207410189332 -0.044025733483647363 0.089176660380849801 -0.19243697357539477 0.048076096511646571 0.086572051037915751 0.04633447674214905 -0.16320390355950176 0.012226693921350337 0.064514914998128711 -0.22228194424070954 -0.16879680761102933 -0.12253090197560473 0.089257437435528816 0.080344773523169211 0.043934807185417243 0.067776966435448435 0.034201635014968076 -0.074305713071414897 -0.10602275805767281 0.015328404048342514 0.02117636991551624 -0.14512121919277535 0.055656563851054365 -0.11025717398686136 -0.32894145668922764 -0.074750665403914021 0.092576313025793056 -0.16254378651146539 -0.46616915085040084
leaf_weight=7963.8727480067173 6.6502013608114785 9.7963275043293816 25.233816515654325 14.306562741752719 12.609039861708878 2.7314897179603568 52.133328811265528 12.970079915598033 17.238379640504718 34.570125963538885 15.22560248989612 20.845593196339905 17.196097411215309 7.0690364092588416 45.165282247588038 36.332326360978186 7.9391958620399228 3.2509511075913897 45.809961611405015 25.690230846405029 20.804375639185309 20.77824080735445 10.716664924519135 237.64308343082666 9.6677799047902209 6.9074521809816352 50.810443758964539 18.005888722836971 15.438747003674505 2.4165281020104876
leaf_count=55688 1452 72 205 226 55 5 259 150 90 92 188 318 195 22 105 155 22 20 292 179 83 102 258 587 114 74 389 47 176 29
internal_value=-5.23151e-05 3.56845e-05 0.051926 -0.000172576 -0.0644396 -0.147707 4.64655e-05 -0.000232628 -0.0211843 -0.0138352 -0.0857462 -0.00188561 -0.014613 -0.0426633 0.0293004 -0.0131903 -0.0624205 -0.177154 -0.0524401 0.00042624 0.0230466 -0.000433493 0.0348362 0.046993 -0.0569666 -0.0578235 -0.105171 -0.00742391 -0.0571407 -0.18143
internal_weight=8769.83 8763.18 35.0301 8728.15 29.6471 17.0381 8698.5 8646.36 263.613 250.643 35.7149 214.928 180.357 110.057 70.3006 89.2113 25.1353 18.4766 52.879 8382.75 306.939 8075.81 281.248 248.36 32.8887 111.941 57.7179 54.2229 36.217 12.0843
internal_count=61649 60197 277 59920 286 231 59634 59375 1649 1499 298 1201 1109 787 322 469 217 208 314 57726 1250 56476 1071 845 226 788 463 325 278 143
is_linear=0
shrinkage=0.1


Tree=67
num_leaves=31
num_cat=0
split_feature=18 7 12 19 6 7 9 15 4 11 13 17 7 19 9 4 6 8 7 13 13 1 3 13 3 10 19 2 13 10
split_gain=8.43127 34.8884 25.6748 23.618 26.3254 29.5677 29.3417 30.3493 35.9119 25.9002 21.1279 23.333 19.6084 33.2264 21.8901 19.0997 20.6525 22.2486 22.4646 25.3749 19.5889 16.9015 16.8516 14.5137 18.3074 14.5363 14.3276 47.0243 26.6513 17.316
threshold=-0.20193306986369527 0.11395655821049851 0.29172775149345404 3.7503032684326176 5.7549260018344855e-10 0.084688420817204652 0.070373973623525474 5.6954257161123685e-05 8.8052775404337272e-11 6.748158476455047e-09 2.130720973014832 0.14513050426136367 0.01045109991393694 2.6574908494949345 0.0036988788613905041 7.8681967925930027e-11 3.921615014948067e-11 7.4606296378836115e-11 0.033491642285736666 1.479933559894562 2.0763999223709111 0.59523464606824139 0.17936942439294851 1.7293891906738283 0.027990233340051341 1.8678435683250429 1.0937539339065554 6.0975630652121643e-10 2.3262469768524174 3.1742954254150395
decision_type=2 2 2 2 2 2 2 2 2 2 2 2 2 2 2 2 2 2 2 2 2 2 2 2 2 2 2 2 2 2
left_child=1 3 -3 4 5 6 7 8 12 26 -5 22 -1 14 -14 16 -16 -18 -19 -20 -21 -6 -12 25 -25 -15 -9 28 -28 -29
right_child=-2 2 -4 10 21 -7 -8 9 -10 -11 11 -13 13 23 15 -17 17 18 19 20 -22 -23 -24 24 -26 -27 27 29 -30 -31
leaf_value=0.067302383281705333 -0.00079598806918711261 0.085700320148895559 -0.15568793904998646 -0.14296410652523828 -0.1994872110106819 0.091801483700534037 -0.19352510049353064 0.11208538841069003 -0.16059213397466388 -0.042854091954715734 -0.15692717152334612 0.10914105383161524 -0.16075604805258137 0.035000800032522206 0.022082641966854638 0.09687764498019126 -0.17493867622096007 0.15756252214947508 0.14019568754646861 -0.17371174605580827 0.040482011510855023 0.06741498319122409 0.12807385838511501 0.096547517910656064 -0.10298641263521564 0.21392797194838337 0.12869955087744797 -0.19755593267680155 -0.067936313462152773 0.096403943766633957
leaf_weight=44.268123197369277 8266.7336392905563 5.6814788579940823 19.632176672108471 16.12695038318634 8.2456728823017311 65.484706588089466 6.4069229625165454 59.109234373085201 13.354716432280837 21.042279309593141 9.1139756054617482 11.269512064754961 12.657962745521216 8.0849540764465946 33.588802585378289 12.049296114593743 16.332217664457858 5.2572618052363422 4.7523817121982601 15.616149889305236 5.8763749562203875 3.3310365863144389 2.6861179172992697 10.668119374662639 8.081717658787964 10.356788000091909 34.708004207815975 9.3672648379579169 8.6008253805339319 2.5492158606648436
leaf_count=521 58721 15 217 150 83 159 60 131 122 144 108 19 256 29 189 29 172 5 5 139 19 10 3 17 55 16 80 109 63 3
internal_value=-4.46987e-05 0.0127794 -0.10151 0.0190826 0.0260141 0.0302313 0.0184671 0.0225056 -0.00215087 0.0591041 -0.0551533 0.00623147 0.00912871 -0.00883949 -0.0373423 -0.0206297 -0.0380189 -0.0802215 -0.0311156 -0.0689108 -0.115148 -0.12269 -0.0920509 0.0724965 0.0105427 0.135485 0.0778686 0.0412454 0.0896491 -0.134671
internal_weight=8751.03 484.3 25.3137 458.987 419.79 408.213 342.729 336.322 200.945 135.377 39.1966 23.0696 187.59 143.322 106.13 93.4725 81.4232 47.8344 31.5022 26.2449 21.4925 11.5767 11.8001 37.1916 18.7498 18.4417 114.335 55.2253 43.3088 11.9165
internal_count=61649 2928 232 2696 2416 2323 2164 2104 1574 530 280 130 1452 931 814 558 529 340 168 163 158 93 111 117 72 45 386 255 143 112
is_linear=0
shrinkage=0.1


Tree=68
num_leaves=31
num_cat=0
split_feature=12 5 8 12 3 14 12 13 7 8 7 17 14 6 8 9 11 0 18 17 3 18 5 8 9 6 14 8 5 13
split_gain=8.30369 11.3404 10.0212 18.3731 14.9747 23.0079 10.4228 26.6395 19.5671 14.232 33.2148 24.8907 23.823 19.1547 17.1264 21.2952 32.9143 33.7941 24.7397 25.3961 28.6505 28.837 24.117 22.853 22.3046 22.6404 22.0085 37.9387 24.7676 24.6194
threshold=0.073723245412111296 0.0083306025836938375 1.0595489358153367e-12 0.080769132822752013 0.027426870024624694 0.0023223176831379537 0.083267416805028929 1.2219523787498476 0.0061821938298242838 2.7304952670690135e-12 0.01003039217304961 0.05675159801136364 0.0026652902597561483 9.6615946793273721e-12 3.2855180667382263e-12 0.0036247364978153327 2.9517068789175487e-09 1.8852996821522813e-09 0.092982961341146059 0.063853870738636367 0.10575860077768263 0.09507076370275834 0.049782540795203313 4.1709909740064773e-12 0.0012050513388475205 2.8880585978508901e-11 0.0036971028894186024 6.3940780719574531e-12 0.011865907586488429 1.6053253412246706
decision_type=2 2 2 2 2 2 2 2 2 2 2 2 2 2 2 2 2 2 2 2 2 2 2 2 2 2 2 2 2 2
left_child=1 -1 4 -4 5 -2 7 -5 -8 10 11 -10 -11 -14 -15 16 18 -18 22 20 -20 -22 -16 -24 -19 -26 28 -28 -17 -29
right_child=2 -3 3 6 -6 -7 8 -9 9 12 -12 -13 13 14 15 26 17 24 19 -21 21 -23 23 -25 25 -27 27 29 -30 -31
leaf_value=0.077246682253682475 0.07560601366948333 -0.1654269903087745 -0.088358848098264969 -0.12798207690926663 0.056798388871665051 -0.26313308479890563 -0.081037252143539101 0.1099859014835871 0.051956089944770412 0.13650340322651272 -0.13124850619808995 -0.12422362279499198 -0.12914764323932493 0.035895550526237691 -0.074239346993769217 -0.12958758981527621 0.083672006374154048 0.042948130319172974 0.12641055704093981 -0.08467713539361893 0.23845836608466114 -0.12646068627472226 -0.1390299708739631 0.098692019588846269 0.085509328711819127 -0.072982272304640924 -0.084787472512954279 0.012714094291104736 0.093721012095554349 -0.0015616155275181055
leaf_weight=2.7216610487084818 4.1266499571502191 6.5843089204281569 23.595436624833383 5.9433920388110009 57.636484520509839 3.9003118053078651 29.836859547998756 22.563075576908886 33.216738656628877 12.851843436015768 27.218133189715445 10.571143897948785 11.424353399779646 133.97691717243288 173.01835106068756 5.6133410283364347 47.580525065888651 40.168962250696495 23.936650304938667 17.766752929193899 2.6944783059880129 11.030339439166708 5.4184826333075788 15.941256084945051 10.546533895540049 61.98760567069985 51.706191060133278 1491.6635123547167 43.119825345464051 6353.5095236446941
leaf_count=47 10 196 1612 512 148 33 2135 432 468 74 678 428 437 1265 5744 211 583 327 311 640 15 582 43 53 288 1570 1397 11069 80 30261
internal_value=-4.24971e-05 -0.0944537 5.81134e-05 -0.000236749 0.0389769 -0.0889878 3.81642e-06 0.0603713 -0.00019594 8.50221e-05 -0.0444992 0.00942329 0.000456853 0.00025118 0.000425308 -0.000143428 -0.0223649 0.013003 -0.0450581 0.0138742 0.0603657 -0.0548192 -0.0618631 0.0383873 -0.0168317 -0.0499374 0.00100347 0.000590027 0.0679992 0.00115274
internal_weight=8741.87 9.30597 8732.56 8666.9 65.6634 8.02696 8643.3 28.5065 8614.8 8584.96 71.006 43.7879 8513.96 8501.1 8489.68 8355.7 410.09 160.284 249.806 55.4282 37.6615 13.7248 194.378 21.3597 112.703 72.5341 7945.61 7896.88 48.7332 7845.17
internal_count=61649 243 61406 61215 191 43 59603 944 58659 56524 1574 896 54950 54876 54439 53174 10156 2768 7388 1548 908 597 5840 96 2185 1858 43018 42727 291 41330
is_linear=0
shrinkage=0.1


Tree=69
num_leaves=31
num_cat=0
split_feature=3 5 19 3 11 11 5 6 17 18 18 18 6 5 3 0 10 4 4 17 17 5 2 17 3 9 17 4 19 17
split_gain=9.13705 28.5157 19.5852 18.3055 36.112 22.7291 16.7602 14.2653 17.3626 26.247 16.8021 23.0524 14.7262 36.179 13.091 12.7841 11.2827 47.1903 36.2789 21.5525 21.3903 23.5238 40.4049 35.3906 28.2061 26.7594 43.1214 38.3745 23.8201 20.9343
threshold=0.01082285525887816 0.0094735133321348277 0.16537377238273623 0.015211693215074878 2.3897576972853335e-10 1.826701956364474e-09 0.0040844430815187025 8.1847731056315396e-11 0.17598100142045456 0.28802747656829364 0.10341141178188 -0.058477133639495478 3.921615014948067e-11 0.0080470098097425238 0.012133652042759239 6.0549610385571031e-11 1.5609737038612368 1.424878422531573e-11 4.3376755965615037e-11 0.1061123934659091 0.04307972301136364 0.0088001487681923073 8.8767588445304499e-11 0.1168545809659091 0.030350079932317735 0.007038130753600636 0.10992986505681819 4.3013288182084942e-11 1.6748809218406679 0.13243519176136367
decision_type=2 2 2 2 2 2 2 2 2 2 2 2 2 2 2 2 2 2 2 2 2 2 2 2 2 2 2 2 2 2
left_child=1 2 -1 5 -5 7 -6 8 9 10 11 14 -10 -14 -2 -8 18 -18 20 -20 -17 22 24 -24 29 26 28 -28 -23 -22
right_child=3 -3 -4 4 6 -7 15 -9 12 -11 -12 -13 13 -15 -16 16 17 -19 19 -21 21 25 23 -25 -26 -27 27 -29 -30 -31
leaf_value=0.065154544415846088 -0.1890096313528796 0.044229071737616893 -0.12728955834400218 -0.10587224296219021 -0.14052568325510728 -0.18919151205513826 -0.13906907496321338 -0.14299729233930791 0.11951933629266574 -0.14137263019571431 0.084240522624224434 -0.11930908418811093 -0.15339667663102707 0.095201440956979688 0.079506253474182997 -0.12783102906380672 -0.13299101204748934 -0.00043118475370924929 -0.0085851950487720301 -0.10835540407754601 -0.11806322508163247 0.038000114905177157 -0.14648397442503749 0.079162448302919575 -0.19798343018899153 0.054797758645225604 -0.12378146977415967 0.28267122624339147 -0.12862500279984398 -0.0070641600410668408
leaf_weight=6.3928971195127806 2.0227420555893323 24.988971567247063 30.607688003219664 32.3355026030913 8.4778515666257572 4.4273547334596506 6.5909012209158382 4.1142354141920796 41.746820468455553 9.6605404841247928 33.993888068944216 13.035954883322121 8.0595070905983466 21.393593654036522 17.733941914280877 9.6693821176886541 26.949696853291243 7660.0953498000745 55.651690097525716 35.440336674917489 20.38771459646523 147.47413698444143 7.8059961679391554 63.440513789188117 10.284473394975064 269.50934814475477 32.38703249534592 2.502329086419194 9.1094868839718384 101.98395724082366
leaf_count=239 85 103 873 1620 229 59 222 75 47 179 214 484 128 29 158 156 303 50255 547 1277 638 921 131 146 238 740 712 13 138 690
internal_value=-4.56584e-05 -0.0383012 -0.0940394 0.000228298 -0.000395061 0.0341528 7.72035e-06 0.0406684 0.0457863 0.0126919 0.0349771 -0.016091 0.0813196 0.0271754 0.0520149 0.000148562 0.000257116 -0.000895921 0.0118335 -0.0474019 0.0198327 0.0219802 -0.00630189 0.0544399 -0.0389249 0.0344899 0.00590552 -0.0946299 0.0283064 -0.0255571
internal_weight=8718.27 61.9896 37.0006 8656.28 8500.1 156.189 8467.76 151.761 147.647 76.4471 66.7865 32.7926 71.1999 29.4531 19.7567 8459.28 8452.69 7687.05 765.646 91.092 674.554 664.885 203.903 71.2465 132.656 460.982 191.473 34.8894 156.584 122.372
internal_count=61649 1215 1112 60434 58976 1458 57356 1399 1324 1120 941 727 204 157 243 57127 56905 50558 6347 1824 4523 4367 1843 277 1566 2524 1784 725 1059 1328
is_linear=0
shrinkage=0.1


Tree=70
num_leaves=31
num_cat=0
split_feature=2 11 17 1 6 17 18 19 7 2 12 6 17 11 7 3 5 17 2 5 5 5 11 0 5 0 0 15 7 14
split_gain=8.33561 50.9292 47.0814 74.0536 47.2741 49.4696 44.0992 40.251 31.0769 30.7955 36.0583 30.4169 52.8414 29.919 29.5175 28.9684 37.6737 38.4985 35.6577 36.2473 34.0367 30.175 57.9948 28.8446 28.6452 28.305 42.4463 41.9693 39.2847 32.1864
threshold=4.0821370162579803e-10 3.5168732370749471e-09 0.11503462357954546 0.49771223355790967 5.6237696647611849e-10 0.10992986505681819 -0.22044815061698581 1.4283420443534853 0.14138211254941094 2.0391958525019116e-10 0.30655229091644293 7.7211094818028364e-10 0.14761629971590912 8.9604625941319699e-09 0.062450451423812468 0.061447588351836759 0.022020145831386898 0.17385031960227273 3.5016604988088762e-10 0.026945860897838309 0.019827270484273355 0.027928000985466658 5.1129549483164291e-09 1.905075855275622e-09 0.024685965353278435 1.749805272455715e-09 1.8657235007448372e-09 4.4340044041746303e-05 0.12681074877428947 0.0065564212854951629
decision_type=2 2 2 2 2 2 2 2 2 2 2 2 2 2 2 2 2 2 2 2 2 2 2 2 2 2 2 2 2 2
left_child=1 11 3 4 6 24 14 13 15 10 -8 23 -13 -5 -3 16 17 -4 20 -20 -17 -21 -23 -1 -6 27 28 -2 -27 -28
right_child=25 2 8 7 5 -7 9 -9 -10 -11 -12 12 -14 -15 -16 18 -18 -19 19 21 -22 22 -24 -25 -26 26 29 -29 -30 -31
leaf_value=0.00043138296293732499 0.050628742635148084 -0.13943297364653945 0.012418130416589058 0.082429442220072868 -0.1524080153502623 -0.18445583057944553 -0.074420416488226407 -0.098740256786914865 -0.053704636690507804 -0.13004896125110429 0.17486910795892691 0.10920047272352054 -0.14366370461588879 -0.14763118970421979 0.086018402485260131 -0.075229292193858474 -0.094170285425285757 -0.16659022188606695 -0.085821402134974467 0.14624613984481372 0.055635531730024002 -0.26646649563751301 0.048948821792219072 0.077877709207966661 0.10219009390382978 0.064615919752351966 -0.048250629029511181 -0.024513422408353285 -0.19876632653124973 0.007585386959335659
leaf_weight=4221.6487761957105 85.498603110667318 8.0877340510487574 161.5128809697926 65.53828424657695 5.1136843785643569 9.8154204525053483 38.721261791419238 19.716968319145963 115.77626582409721 163.40443518687971 6.8249675035476676 54.321552880108356 9.747044909745453 6.1863769842311731 20.595946427434683 21.927101701498032 57.59829056635499 12.979791872203348 52.088865805417299 16.069151267409325 212.33977903053164 7.4579244703054419 26.695913538336754 48.645045433426276 32.538703575730324 170.79730863298755 107.97355828550644 569.0217353454791 5.8572614388540378 2354.3435697146924
leaf_count=35164 647 92 731 373 45 84 351 216 1925 1549 42 122 97 73 59 144 394 123 328 18 615 62 66 268 70 745 3194 4373 51 9628
internal_value=-4.72571e-05 -0.00246721 -0.0221045 -0.0505053 -0.0756205 0.0154896 -0.0938199 0.0278005 -0.00647992 -0.109781 -0.0370651 0.00233971 0.0707311 0.0625863 0.0224495 0.00313463 -0.0240452 -0.000897564 0.0218767 -0.0273755 0.0433867 0.0332417 -0.0199261 0.00131361 0.0676124 0.00391707 0.00853394 -0.0146978 0.0558831 0.00513696
internal_weight=8688.84 5395.35 1060.99 376.544 285.102 47.4678 237.634 91.4416 684.446 208.951 45.5462 4334.36 64.0686 71.7247 28.6837 568.67 232.091 174.493 336.579 102.312 234.267 50.223 34.1538 4270.29 37.6524 3293.49 2638.97 654.52 176.655 2462.32
internal_count=61649 43011 7360 2954 2292 199 2093 662 4406 1942 393 35651 219 446 151 2481 1248 854 1233 474 759 146 128 35432 115 18638 13618 5020 796 12822
is_linear=0
shrinkage=0.1


Tree=71
num_leaves=31
num_cat=0
split_feature=14 3 4 3 12 19 5 2 0 3 14 6 18 14 2 4 11 13 9 9 0 5 12 13 6 2 7 11 0 13
split_gain=7.90716 8.82204 10.8358 30.1833 43.4804 40.8734 21.7591 28.672 35.4953 19.7064 46.7877 22.1183 26.8116 23.4597 21.4038 23.4248 23.9938 22.9982 20.7129 19.6711 22.4504 19.548 19.1444 18.624 18.2007 22.6128 32.1982 28.0574 18.4369 18.0338
threshold=0.099771883338689818 0.26397318873688141 2.8258524009774731e-10 0.15562013665044691 0.36537706851959234 0.12379317730665208 0.03468215617067099 8.666364605114386e-10 3.2635307338491075e-09 0.18990966968878434 0.014885096810758116 7.163403619732301e-11 -0.10686316328461874 0.0072963833808898934 7.3357544042960216e-10 6.5426165328847271e-11 3.3430975765469388e-09 2.0018919706344609 0.057470623666281549 0.0012050513388475205 1.8273192647311452e-09 0.017981537961291226 0.25962536036968237 1.5314924120903017 1.7060555050144824e-09 8.2601421349758139e-10 0.14733363106109074 5.7269913256163826e-09 2.6363477463282503e-09 2.6386820077896123
decision_type=2 2 2 2 2 2 2 2 2 2 2 2 2 2 2 2 2 2 2 2 2 2 2 2 2 2 2 2 2 2
left_child=1 2 9 4 5 -4 7 8 -6 14 11 13 21 -11 29 16 -16 19 -12 23 -21 -13 -14 -17 25 26 27 -8 -26 -1
right_child=-2 -3 3 -5 6 -7 24 -9 -10 10 18 12 22 -15 15 17 -18 -19 -20 20 -22 -23 -24 -25 28 -27 -28 -29 -30 -31
leaf_value=0.00084412924872150465 -0.11523658126391817 0.044509553497835877 0.08403849852375643 0.033638436617943704 -0.18863681967326537 -0.10028091661324863 0.031966331775269335 -0.12802001244458758 0.060518496710984505 -0.037443869485165794 -0.32990744835214836 -0.26973734675622729 0.024902055612065835 -0.21643976805849818 0.10895325640344858 -0.12814275415806184 -0.14025326555833253 0.027592328331487781 -0.10911942222010895 0.03912436017948661 -0.13560486841537259 -0.049577568845300395 -0.13857763904431961 0.099131465972279009 0.043055151483057802 0.067463124640629105 0.055846062234083865 -0.20283503840523323 -0.10435299977406497 -0.026197825360541566
leaf_weight=7005.9943975312635 5.9555597652215502 44.359871962107718 13.610933477990327 96.972932329401374 7.2480960860848418 103.63873149384744 8.3541137576103228 28.313871951773763 27.082282497547567 30.479639468947425 5.657674144953492 5.1301392242312458 147.33291858993471 9.6372748427093011 5.0098258107900646 4.8266901427414295 16.884663755539805 598.24257313273847 17.065793670713902 10.410046339966355 25.044413523864932 18.857470594346523 7.529392682015895 14.251325800083576 13.90709902346134 77.022682727314532 25.158749625086784 13.021716568619011 21.762092324439436 255.60714965034276
leaf_count=51274 1452 237 60 411 62 854 23 355 87 616 54 44 415 85 8 187 264 1929 103 37 580 95 50 71 42 209 59 110 226 1650
internal_value=-5.06273e-05 2.86016e-05 -0.000200462 -0.0155593 -0.0296276 -0.0788842 -0.00359755 -0.0535248 0.00791489 0.000618556 -0.0275108 -0.0133371 0.00171535 -0.080444 0.0014752 0.0185128 -0.0832306 0.0219253 -0.164091 -0.0402441 -0.0843013 -0.0966623 0.0169537 0.0416317 0.0160453 0.0342108 -0.0208274 -0.11107 -0.0468799 -0.000107743
internal_weight=8664.37 8658.41 8614.05 436.093 339.12 117.25 221.871 62.6443 34.3304 8177.96 241.69 218.967 178.85 40.1169 7936.27 674.67 21.8945 652.775 22.7235 54.5325 35.4545 23.9876 154.862 19.078 159.226 123.557 46.5346 21.3758 35.6692 7261.6
internal_count=61649 60197 59960 2498 2087 914 1173 504 149 57462 1462 1305 604 701 56000 3076 272 2804 157 875 617 139 465 258 669 401 192 133 268 52924
is_linear=0
shrinkage=0.1


Tree=72
num_leaves=31
num_cat=0
split_feature=18 12 18 18 10 8 5 7 7 5 0 14 3 19 10 4 2 5 3 8 19 12 9 14 14 14 10 1 4 10
split_gain=8.07652 31.7727 27.7991 28.0228 31.415 46.9191 33.0827 81.1504 35.824 76.681 74.308 51.1439 50.4729 37.7664 42.1992 36.5202 36.7794 34.2686 35.85 33.3147 32.7566 29.9738 37.4686 37.6273 75.531 36.5884 33.0389 31.679 29.7575 30.7565
threshold=-0.012520402661969207 0.57742688059806835 0.018516599073667424 0.024041725616288288 2.9180358648300175 2.0984485030564628e-10 0.037007459085033861 0.054895823409583357 0.048827337907635111 0.020232881634312565 1.1255060840864334e-09 0.014885096810758116 0.10649914550633506 0.62485855817794811 2.7385846376419072 9.0681276876510346e-11 6.1808134725986694e-10 0.015518527125236553 0.14933803553793154 4.5019951045678737e-11 0.53940111398696911 0.34312398731708532 0.039112370763785494 0.01012117648497224 0.011715635657310488 0.014622737653553488 2.5625175237655644 0.23949290202301973 7.9374065169555166e-11 2.8528798818588261
decision_type=2 2 2 2 2 2 2 2 2 2 2 2 2 2 2 2 2 2 2 2 2 2 2 2 2 2 2 2 2 2
left_child=1 -1 -2 -4 5 6 8 19 13 10 11 17 21 -5 15 -15 -17 -10 -19 -8 28 22 -11 -24 27 -23 -26 -25 29 -7
right_child=2 -3 3 4 -6 20 7 -9 9 12 -12 -13 -14 14 -16 16 -18 18 -20 -21 -22 25 23 24 26 -27 -28 -29 -30 -31
leaf_value=0.0056983908574221465 -0.023194563454176892 -0.093014417468120641 0.044188100244502378 -0.019917427845301119 0.0085185688991809231 -0.1388644201533224 -0.04180696868227203 0.064221300670553011 -0.0037253849447935368 -0.097263407888736747 -0.16839202536421402 0.08149771445457539 -0.14860159091332428 0.013187132721689605 0.077749168925793699 -0.13887871324303649 -0.0060659040383422951 -0.15941695411138934 0.079831071398823075 -0.13132354107424357 -0.063738597853878406 -0.17335844028345354 0.10588650042966166 -0.01865153482997341 -0.1350435803978649 0.0061508398475564503 0.071310763571887564 -0.16360876117433393 0.071156000268608008 0.050719545928220693
leaf_weight=2668.4008981606457 565.41549770429265 33.010134844633285 140.49831546656787 434.86718409729656 2068.7196022826247 19.406601212918758 168.22768578259274 63.443675309419632 44.183437006548047 22.544649019837379 58.417441587895155 30.228295044973493 20.30134891346097 1422.4889120759908 95.547479413449764 31.751690783770755 60.733980797929689 42.882173638790846 7.3343526422977439 55.221932949498296 227.02253847674001 17.669133331626654 60.930744126439095 40.124822210520506 8.266327463090418 31.771569967269897 126.38690810278058 24.15018006041646 40.154629522934556 15.306644354015587
leaf_count=20178 5589 757 972 6609 8694 237 2852 160 313 167 511 59 151 9182 191 398 598 401 22 608 1573 162 151 186 55 99 350 217 137 70
internal_value=-4.16484e-05 0.00449216 -0.00210216 0.000115147 -0.001067 -0.00732373 -0.00337585 -0.0355902 0.000205547 -0.0228281 -0.0753294 -0.0317079 0.00446222 0.00623246 0.0132934 0.00922821 -0.0516625 -0.067958 -0.124474 -0.0639295 -0.0448222 0.0138263 0.0264013 0.0371302 0.0160704 -0.0580022 0.0586427 -0.0731166 0.0125381 -0.0552683
internal_weight=8645.41 2701.41 5944 5378.58 5238.08 3169.36 2867.47 286.893 2580.58 535.191 183.046 124.628 352.146 2045.39 1610.52 1514.97 92.4857 94.4 50.2165 223.45 301.89 331.844 282.404 259.859 198.928 49.4407 134.653 64.275 74.8679 34.7132
internal_count=61649 20935 40714 35125 34153 25459 23442 3620 19822 2844 1306 795 1538 16978 10369 10178 996 736 423 3460 2017 1387 1126 959 808 261 405 403 444 307
is_linear=0
shrinkage=0.1


Tree=73
num_leaves=31
num_cat=0
split_feature=1 17 13 18 12 19 19 9 10 3 4 4 1 4 19 14 4 9 5 12 10 3 1 0 7 17 18 14 15 2
split_gain=8.30861 14.3138 14.1949 21.3553 20.5418 14.5802 16.293 14.1278 27.8621 15.9775 42.345 21.8162 14.7987 13.4705 11.385 17.211 11.189 15.2992 10.6566 37.8915 33.1621 29.8011 30.2199 41.1496 25.4977 24.298 25.8045 29.3341 25.3612 50.6427
threshold=0.61843722171060012 0.033891157670454551 3.0887608528137211 0.29408382582054898 0.46129193902015692 0.51640990376472484 5.2019832134246835 0.0079367675239480264 2.320590734481812 0.11689410841785214 3.017518274934299e-10 3.2712328794504966e-10 0.7367376416538407 6.5426165328847271e-11 1.363236725330353 0.011715635657310488 5.4113119201045161e-11 0.014760128744030781 0.0085848284571136066 0.25084516406059271 1.2905178666114809 0.037333513845826748 0.26054268398606389 9.3706956844485195e-10 0.013372813211864187 0.15418590198863638 -0.14541934850752689 0.0081499828957021254 2.0257842152204834e-05 4.0485878814532968e-11
decision_type=2 2 2 2 2 2 2 2 2 2 2 2 2 2 2 2 2 2 2 2 2 2 2 2 2 2 2 2 2 2
left_child=1 -1 18 4 5 -4 -7 -2 13 11 14 16 -13 -9 15 -11 17 -10 19 21 -21 22 23 25 -23 26 -3 -28 29 -27
right_child=7 2 3 -5 -6 6 -8 8 9 10 -12 12 -14 -15 -16 -17 -18 -19 -20 20 -22 24 -24 -25 -26 28 27 -29 -30 -31
leaf_value=-0.11036405263802417 0.06024636505305863 0.050956870993423414 0.011879121807082036 0.057970878655566715 0.12676927704697674 -0.13760485363546299 0.046108463939166559 -0.078757848639983252 0.04456086387914978 -0.11966069611994486 0.05482493706209917 -0.2706856983113663 0.022681410723842391 -0.32221304391647393 -0.0061703576287609014 -0.38736455685245458 0.047545281810556013 -0.22454072144065049 0.00084046203624061483 0.069911878480400008 -0.16056289284364669 -0.12998706387494116 -0.092625621051543608 0.10303055034813927 0.060484908137861608 -0.0011423643454522565 -0.13513540958175516 0.12407384252730402 0.052990805952021748 -0.18518495734658821
leaf_weight=11.854939644341355 60.404642224078998 12.723787510069085 11.54662021435797 16.380080914124846 4.8388530388474456 38.279935335507616 5.5241102008149019 7.7173504978418332 4.9387410730123502 5.2038003765046614 15.661937376484273 3.9335474073886862 3.05488520860672 3.2214150633662939 2.5638731867074958 4.459804467856884 113.73581946082413 3.6920964419841766 7856.7176092913141 7.9283510185778132 29.369586568325758 7.6798789130989453 49.383661292493343 29.92096333252266 82.815084581263363 99.220750806387514 43.47569357091561 4.8532506600022307 55.970394511707127 17.604057734366506
leaf_count=1604 538 239 48 66 9 483 27 52 11 37 69 39 14 38 9 46 326 31 52687 47 371 343 475 56 235 800 2464 5 220 260
internal_value=-4.67373e-05 -0.000559471 -0.000404026 -0.0432632 -0.0708132 -0.0880863 -0.114437 0.0187637 0.00386474 0.0146 -0.0540497 0.0294011 -0.142445 -0.150454 -0.193505 -0.243207 0.0392153 -0.0705553 -8.52825e-06 -0.0151357 -0.111571 -0.00622488 -0.0208315 -0.00738997 0.0443205 -0.0215183 -0.0757473 -0.109105 -0.00235792 -0.0288753
internal_weight=8614.68 8386.09 8374.23 76.5696 60.1895 55.3507 43.804 228.588 168.183 157.245 27.8894 129.355 6.98843 10.9388 12.2275 9.6636 122.367 8.63084 8297.66 440.945 37.2979 403.648 313.153 263.769 90.495 233.848 61.0527 48.3289 172.795 116.825
internal_count=61649 60439 58835 633 567 558 510 1210 672 582 161 421 53 90 92 83 368 42 58202 5515 418 5097 4519 4044 578 3988 2708 2469 1280 1060
is_linear=0
shrinkage=0.1


Tree=74
num_leaves=31
num_cat=0
split_feature=6 5 14 8 8 0 2 7 11 17 5 4 17 14 12 17 2 11 3 10 8 1 4 11 19 15 1 10 13 7
split_gain=8.32128 44.5529 34.9127 41.5924 34.6593 35.5775 32.9028 31.1759 28.9655 68.3951 38.2527 37.8725 34.0038 33.8655 62.0904 31.1839 45.9121 28.1431 39.3397 32.6011 27.7867 27.9415 26.8328 38.2611 39.6783 26.0818 30.6314 33.4449 25.363 28.8409
threshold=4.8046326524911866e-10 0.022232425631106056 0.014496694318950178 2.7495789857774586e-10 2.6232031955754012e-10 4.5282308529426783e-10 7.9120432558567484e-10 0.090703560078436066 5.3333626404139531e-09 0.14149058948863638 0.014578146049727203 7.0620276859210224e-11 0.17385031960227273 0.015017683617770674 0.34532774984836584 0.12036132812500001 4.1985020270235684e-10 4.8395687457514222e-09 0.10852431399911165 3.5202938318252568 1.0867988993085211e-09 0.44205673709095833 1.9209771680251886e-10 2.8151987407909478e-09 0.4102140218019486 5.3360747187980457e-05 0.28064858064258824 3.1328947544097905 1.8371340632438662 0.096544415741996611
decision_type=2 2 2 2 2 2 2 2 2 2 2 2 2 2 2 2 2 2 2 2 2 2 2 2 2 2 2 2 2 2
left_child=2 6 3 22 -3 -6 -2 17 9 11 -11 -4 15 28 25 16 -10 -7 19 -19 21 -20 -1 -24 -25 -15 -27 -28 -13 -30
right_child=1 4 8 -5 5 7 -8 -9 12 10 -12 13 -14 14 -16 -17 -18 18 20 -21 -22 -23 23 24 -26 26 27 -29 29 -31
leaf_value=0.00014025418016726493 -0.054740079686630166 0.082333778618725831 -0.098757480844508971 -0.06990135577156753 -0.14599556681138504 0.082822751180919627 0.030066000636193829 0.0047012436497842168 -0.098202968676033592 -0.14164298426226293 0.03377557554238423 -0.0770922797860501 -0.20166269133944412 -0.19363732101746337 0.020213193155660211 0.070230442454570788 0.030358698753026603 -0.18131758244484619 -0.12090865656663147 0.010925486618309881 -0.21462255666452143 0.022385605838160131 0.089879464869011397 0.024503470325139633 -0.12235181383320803 0.16314532729141604 -0.046444483769057604 -0.20342744618288033 0.014105896717376887 0.14998540064523616
leaf_weight=5126.5069047424477 263.19559860602021 50.670051071792841 64.30622298642993 88.777017897926271 16.90358359075617 16.155131638050079 55.373853237368166 1377.3582806914346 30.418257789686322 12.77879158221185 456.95614683628082 14.73092685267329 6.0561159141361705 19.645208191126585 101.43651079386473 181.90653122216463 320.05248471628875 34.455037435982376 16.793522796127945 11.856910943984984 6.7957093650475136 71.737410671077669 16.164634546265006 26.444530981592834 60.465536350617185 5.4716125801205626 60.581852540373802 17.489314924925566 39.242537245154381 25.950370870530605
leaf_count=44410 1821 177 621 654 451 35 204 7034 266 133 1392 93 54 166 385 415 983 410 118 74 73 251 29 124 674 7 297 134 137 27
internal_value=-4.37139e-05 -0.00584295 0.00162541 -0.00202766 0.000946167 -0.0017109 -0.0399991 -0.000122178 0.0159423 0.00409335 0.0290034 -0.0294482 0.0339565 -0.0137848 -0.0353453 0.0366368 0.0192005 -0.0422251 -0.0564879 -0.132099 -0.0197543 -0.00479603 -0.000875443 -0.051392 -0.0776675 -0.0899608 -0.0655811 -0.0816114 0.0414155 0.0681934
internal_weight=8596.68 1921.3 6675.38 5318.36 1602.73 1552.06 318.569 1535.15 1357.02 818.589 469.735 348.855 538.433 284.548 204.624 532.377 350.471 157.794 141.639 46.3119 95.3266 88.5309 5229.58 103.075 86.9101 103.188 83.5428 78.0712 79.9238 65.1929
internal_count=61649 10648 51001 45891 8623 8446 2025 7995 5110 3392 1525 1867 1718 1246 989 1664 1249 961 926 484 442 369 45237 827 798 604 438 431 257 164
is_linear=0
shrinkage=0.1


Tree=75
num_leaves=31
num_cat=0
split_feature=9 5 12 5 18 5 17 4 17 17 1 3 1 3 2 7 7 12 3 3 3 4 17 19 17 12 0 3 2 13
split_gain=8.00722 10.7486 9.44319 45.3034 42.0343 24.6936 23.6261 26.1019 22.5507 25.9504 30.9162 23.0564 43.5804 28.8837 19.489 20.2543 21.8213 25.3547 18.7978 18.316 26.7424 19.1773 17.8273 15.517 14.9217 14.8647 23.2082 14.5972 59.5019 40.6677
threshold=0.27010787789082197 0.037383498508293221 0.49368225038051611 0.020818536798550568 0.20871219479224901 0.021112540477171714 0.14845969460227273 1.4239137988278016e-10 0.089510830965909102 0.14513050426136367 0.27224247099678084 0.10711497506239932 0.36275436072207506 0.13071874773820405 4.594421709203038e-10 0.13210962083023328 0.12681074877428947 0.52641302347183239 0.13224975650398088 0.056996504982435449 0.056487121629982935 5.6778521207091603e-11 0.12315784801136366 2.5417730808258061 0.23741566051136367 0.61200964450836193 3.0920583662546897e-09 0.052245725843514619 9.5844752194792806e-11 1.9517165422439577
decision_type=2 2 2 2 2 2 2 2 2 2 2 2 2 2 2 2 2 2 2 2 2 2 2 2 2 2 2 2 2 2
left_child=2 -2 24 -4 5 -5 7 -6 -7 22 18 14 13 -13 15 16 17 -12 19 20 21 -11 23 -10 27 -16 -27 29 -29 -1
right_child=1 -3 3 4 6 8 -8 -9 9 10 11 12 -14 -15 25 -17 -18 -19 -20 -21 -22 -23 -24 -25 -26 26 -28 28 -30 -31
leaf_value=0.015866127695740972 -0.1361500530194123 0.096188375772515988 -0.14562032647914258 0.14805200655314169 0.099232374848520696 0.26447322980510257 0.062064875009188836 -0.16449077066645124 0.099473363935193085 0.1013278382679222 0.064306329725930464 -0.2100423552711512 -0.2703262969660814 0.069048414974290137 0.087625963311343369 -0.1865017421439461 0.1506759554431385 -0.19355353875792217 0.084093812709140486 -0.16071687693190539 0.1565750843801515 -0.15483346727918512 -0.16636678699391616 -0.099368091739475611 -0.13265253477499259 0.065429196883911203 -0.15737838246976635 -0.095931696438468272 -0.00068182030585323366 -0.019179244782624554
leaf_weight=1520.0151379129384 2.2809470295906094 15.673292964056598 25.054725867696106 7.4842528142034999 5.906174652278426 2.4611752033233634 97.492304999846965 10.294317934662102 5.810387127101424 3.7286184486001792 7.8415808901190811 4.8593429252505365 8.1572894118726236 15.653288420289753 47.2585678845644 7.1873705601319662 7.1433603651821604 7.4227731823921204 5.8466428667306891 27.203970778209623 5.3435267838067366 13.518729359260758 24.277354727033526 12.092244034167377 8.4039504583924991 13.001903041265907 7.2996898245764887 66.290814742445946 6155.9801778405672 423.34437428903766
leaf_count=12668 36 206 301 14 17 1 237 97 13 15 16 43 91 40 88 64 6 63 16 1429 12 168 315 198 138 34 110 908 41844 2461
internal_value=-4.00791e-05 0.0666716 -0.000180227 -0.0157548 -0.00638574 -0.0306572 0.0434822 -0.0683459 -0.0365726 -0.0398855 -0.0234627 0.00398521 -0.0748158 0.00293316 0.0272389 -0.0404312 0.00642153 -0.0610862 -0.0855323 -0.105449 -0.0388952 -0.0994552 -0.110539 -0.0348331 0.00052922 0.0568822 -0.014684 0.000666289 -0.00169659 0.00823179
internal_weight=8564.33 17.9542 8546.37 372.34 347.285 233.592 113.693 16.2005 226.108 223.647 181.467 125.825 28.6699 20.5126 97.1552 29.5951 22.4077 15.2644 55.6415 49.7948 22.5909 17.2473 42.18 17.9026 8174.03 67.5602 20.3016 8165.63 6222.27 1943.36
internal_count=61649 242 61407 3388 3087 2736 351 114 2722 2721 2195 555 174 83 381 149 85 79 1640 1624 195 183 526 211 58019 232 144 57881 42752 15129
is_linear=0
shrinkage=0.1


Tree=76
num_leaves=31
num_cat=0
split_feature=3 5 19 3 1 19 11 13 4 9 14 8 9 11 4 13 9 1 3 13 3 10 11 10 12 19 17 3 13 19
split_gain=7.81554 24.2583 17.4201 14.5479 32.1146 22.4818 18.298 17.3973 14.0857 18.4884 17.8316 16.2909 18.8033 15.5917 17.7015 16.7464 48.4006 42.0034 37.9283 31.5296 53.5684 45.6 33.5593 37.098 47.5962 46.6285 38.1437 33.485 43.6787 32.3834
threshold=0.01082285525887816 0.0094735133321348277 0.16537377238273623 0.015211693215074878 0.074227643689395981 1.1909136772155764 1.826701956364474e-09 1.6608381271362307 8.8600771927984331e-12 0.020490942474360004 0.005737782223150135 2.5500898239054778e-11 0.015260983345131452 3.573290413561026e-10 4.3376755965615037e-11 1.3462792038917544 0.002711690020381631 0.38756381553206204 0.029149588524959014 1.4916511178016665 0.064999905034390917 1.985092341899872 1.1441007030654762e-09 2.1515300273895268 0.21396552026271823 0.23263590782880786 0.19595614346590912 0.10447596823480948 1.7638916373252871 1.6748809218406679
decision_type=2 2 2 2 2 2 2 2 2 2 2 2 2 2 2 2 2 2 2 2 2 2 2 2 2 2 2 2 2 2
left_child=1 2 -1 6 5 7 -2 -5 9 10 11 12 -6 14 -10 16 17 18 -15 20 -17 -22 23 24 -21 -25 27 28 29 -26
right_child=3 -3 -4 4 8 -7 -8 -9 13 -11 -12 -13 -14 15 -16 19 -18 -19 -20 22 21 -23 -24 25 26 -27 -28 -29 -30 -31
leaf_value=0.060835913901822525 0.037247676458146584 0.0407523582348122 -0.12290801303651096 -0.11425111233956303 -0.11768662014572018 0.0091141434428282844 -0.175956150102141 0.10339654106745073 0.055054933796788823 -0.13629898608041721 0.059980197344843535 -0.18096310002355145 0.077204438779110998 -0.14376504633557752 -0.11646529533415112 0.044825676793126344 -0.10827529956795748 -0.13012696340773938 0.013409212703844868 -0.05147002590238195 -0.10986537325400808 0.0045073610315028382 0.00094649082999125945 0.047153106429501677 -0.016815673222990303 -0.1232799006155352 -0.21491623624164979 0.29328498459512364 -0.12527146959303068 0.076568950035265038
leaf_weight=6.2981807021424165 143.90836665197276 24.12853874778375 28.543696881039068 51.748439712799154 9.4234580553602481 29.541027845873032 4.1412819798570117 3.9531532437540582 81.834656790131703 16.851543345488608 19.208926795050502 8.4682398065924627 10.429573491215704 16.244961006566882 6.4945082738995543 410.94258588098455 53.742729744175449 25.030135555192828 279.70936728827655 167.2126977480948 39.908199819736183 275.54344226396643 6554.2478428779868 20.803516108542681 60.535872277803719 70.291056282818317 6.5507387435063711 4.7303416877984992 17.697747316211462 96.05777994543314
leaf_count=239 1399 103 873 2278 661 548 59 28 679 388 72 73 29 247 381 2181 1402 2388 3167 1588 1270 5407 34612 70 396 640 73 5 147 246
internal_value=-4.06151e-05 -0.0363199 -0.0896936 0.000211517 -0.000340257 -0.0614051 0.0312839 -0.0988046 0.000290542 -0.046301 -0.0143927 -0.0648362 -0.0153027 0.000656907 0.0424437 0.000201187 -0.0204439 -0.00573819 0.0047819 0.00120271 0.021033 -0.00996208 -0.000855641 -0.0274656 -0.0127752 -0.0843576 0.0220914 0.0307639 0.023639 0.0404684
internal_weight=8544.22 58.9704 34.8419 8485.25 8337.2 85.2426 148.05 55.7016 8251.96 64.3817 47.5302 28.3213 19.853 8187.58 88.3292 8099.25 374.727 320.984 295.954 7724.52 726.394 315.452 6998.13 443.88 352.785 91.0946 185.572 179.022 174.291 156.594
internal_count=61649 1215 1112 60434 58976 2854 1458 2306 56122 1223 835 763 690 54899 1060 53839 7204 5802 3414 46635 8858 6677 37777 3165 2455 710 867 794 789 642
is_linear=0
shrinkage=0.1


Tree=77
num_leaves=31
num_cat=0
split_feature=5 0 10 19 3 19 17 9 5 13 15 15 7 17 18 7 0 6 11 0 3 10 1 0 2 12 7 19 14 18
split_gain=7.92038 39.7335 29.4849 34.73 45.2605 40.7029 45.2284 41.537 39.1606 38.2371 35.7717 72.8552 29.7823 27.3789 41.3458 51.4542 44.5932 38.8 32.7325 33.2122 31.6788 30.3881 26.2195 36.9392 26.0977 25.8257 25.5831 79.7051 35.8517 28.2976
threshold=0.031015653683127819 1.3226451196856337e-10 3.1876409053802495 1.2207278013229372 0.092686557067459638 1.8502490520477297 0.093150745738636367 0.087614512213401607 0.022647431917840199 1.6713767647743227 5.8198576880386106e-05 8.1522346590645625e-05 0.089576560488035181 0.1602228338068182 0.11463587317319419 0.11395655821049851 1.2664019033247818e-09 8.0618467406135788e-10 5.7269913256163826e-09 3.0920583662546897e-09 0.096148542714024773 3.4372872114181523 0.3000079034402135 9.9633880194478426e-10 6.2604397626732876e-10 0.49368225038051611 0.0449255024410335 1.2064331173896792 0.0079500144347548502 0.086918196820823315
decision_type=2 2 2 2 2 2 2 2 2 2 2 2 2 2 2 2 2 2 2 2 2 2 2 2 2 2 2 2 2 2
left_child=2 -2 25 4 9 -5 -7 -8 12 -4 -11 24 -6 14 -9 18 17 -17 21 -20 -21 -16 23 -15 -12 -1 27 -3 -28 -30
right_child=1 26 3 5 8 6 7 13 -10 10 11 -13 -14 22 15 16 -18 -19 19 20 -22 -23 -24 -25 -26 -27 28 -29 29 -31
leaf_value=0.0013068143233656378 -0.091690673573124895 0.015559290467427898 -0.14479612631141017 0.021919027125878655 0.022674585522579904 0.1167542851688852 -0.15981191417433438 -0.12484776203870747 -0.15498760981410475 0.070672910281052562 -0.16916743520724453 0.040425700747100751 -0.13289858339700542 0.038280698531032553 -0.21353423629673984 -0.18586918143346723 -0.10738628655154983 0.11494044560426245 0.13159548137649651 -0.16624180272934494 0.067885766691011887 0.070183058831334286 0.069485944487067339 -0.16714870407518545 0.14946672101931976 -0.14328001296189727 0.1271646994956985 -0.055039805750718387 -0.0033307599062139068 0.02650233290563361
leaf_weight=5503.108853673155 41.379442969569936 482.58967984397896 19.726564925163984 291.34830195643008 32.892629947513342 20.264747925102711 25.486135732382536 50.620947640854865 57.424498897045851 50.978331115096807 33.076015811413527 52.612504323944449 19.660069119185209 22.25409640185535 8.7755908705294114 5.5289584100246456 76.071470210328698 19.103545658290386 36.955047652125359 9.1159120202064532 15.788394077681003 6.6251998245716086 48.576395843178034 14.428024081513284 2.7870985046029082 12.381443316116927 28.185712171718478 239.16648919996805 575.42523976234952 710.55926768435165
leaf_count=42698 1992 3217 211 1112 119 29 187 567 434 165 294 200 187 103 74 48 515 39 54 93 39 21 131 137 3 153 76 2358 4031 2362
internal_value=-4.93894e-05 0.00531942 -0.00178236 -0.0183546 -0.0485682 -0.00586156 -0.0283698 -0.0370366 -0.0979026 -0.0144833 0.00395025 -0.0344943 -0.0355256 -0.0270664 -0.0451047 -0.0224223 -0.0695199 0.0474214 0.0389666 0.071444 -0.0178137 -0.0914831 0.0212959 -0.04252 -0.144405 0.000982239 0.00729112 -0.00783495 0.0155985 0.0131532
internal_weight=8512.9 2077.31 6435.59 920.1 269.158 650.943 359.594 339.33 109.977 159.181 139.454 88.4756 52.5527 313.844 228.585 177.964 100.704 24.6325 77.2601 61.8594 24.9043 15.4008 85.2585 36.6821 35.8631 5515.49 2035.93 721.756 1314.17 1285.98
internal_count=61649 14036 47613 4762 1613 3149 2037 2008 740 873 662 497 306 1821 1450 883 602 87 281 186 132 95 371 240 297 42851 12044 5575 6469 6393
is_linear=0
shrinkage=0.1


Tree=78
num_leaves=31
num_cat=0
split_feature=19 1 14 7 4 13 10 11 18 14 14 2 17 6 5 8 7 13 13 6 3 2 0 4 8 17 14 13 8 17
split_gain=7.84578 23.399 8.96255 13.713 7.72651 30.9099 29.2303 27.7125 25.5751 21.8138 35.297 22.5616 20.7461 26.6317 31.7003 27.4929 34.2907 39.7335 22.6216 21.7705 14.992 49.7548 34.2114 30.6298 29.3775 50.5683 42.4972 33.8355 63.9711 37.7204
threshold=9.7348341941833514 0.31059299979221905 0.022188079543411735 0.082339178801177582 1.6966673995511993e-11 1.9387633800506594 1.7846078872680666 2.7636568589173298e-09 0.1271821322893216 0.0050647223833948382 0.0033178820740431552 8.8767588445304499e-11 0.13243519176136367 2.8515214478573465e-11 0.0092514575966583402 3.1576037372537231e-11 0.023576575584179426 1.4683169126510622 1.479933559894562 3.921615014948067e-11 0.052245725843514619 9.5844752194792806e-11 1.8657235007448372e-09 2.2163094022693119e-11 6.3940780719574531e-12 0.093772194602272749 0.0036000888794660573 1.4916511178016665 1.5700580801067005e-11 0.12409002130681819
decision_type=2 2 2 2 2 2 2 2 2 2 2 2 2 2 2 2 2 2 2 2 2 2 2 2 2 2 2 2 2 2
left_child=4 2 3 -2 5 6 9 -7 -9 10 -1 12 18 -14 15 19 -17 -18 -11 -15 22 -22 24 -23 26 -26 -6 29 -29 -27
right_child=1 -3 -4 -5 20 7 -8 8 -10 11 -12 -13 13 14 -16 16 17 -19 -20 -21 21 23 -24 -25 25 27 -28 28 -30 -31
leaf_value=0.010790972805450012 0.006194878856574426 -0.18351706538878199 0.098930464914163865 -0.19388976169211528 0.010293196342831622 -0.17708682528303143 -0.17987515175203364 0.084855432996447155 -0.12092101030056668 0.068348438647983387 -0.11622383551904701 0.061834724140341614 0.07877035910952622 0.034639222889147593 0.061121661986155845 -0.24036070709241264 -0.12982038531369527 0.0050676978610081557 -0.16978662909168771 -0.16486333640565562 -0.090726016114075977 -0.13174232608146641 -0.03639876684253824 7.0440814629892063e-05 0.081619022976957389 0.078311450033997865 -0.089583868356752361 -0.10837245056383581 0.011083903772987819 -0.0029598131395257511
leaf_weight=49.882254049764015 17.991814031265683 9.2711854231310991 6.8505369238555422 4.2308175899088374 140.06626401271205 20.426199506502599 9.2741216989234072 11.983848473755645 12.177097116131334 5.5955951167270568 38.97334079281427 68.968060921877623 41.858789968537167 68.590163024142385 51.678961124271154 9.6442490182816965 33.74174083955586 61.899793608114123 13.894683932419865 5.9438095763325682 61.420225307811052 17.677735161269084 143.04184303199872 6401.9981585808564 124.04028741735965 146.42140124877915 61.22328025707975 47.862331311218441 707.51063915202394 93.625557507621124
leaf_count=2105 83 110 10 38 1134 252 161 53 135 66 1479 155 153 221 101 94 712 339 221 57 845 889 1062 43644 310 468 2124 640 2986 1002
internal_value=-5.19736e-05 -0.0451839 -0.00107069 -0.0318979 0.00015284 -0.0118471 -0.00414058 -0.0913443 -0.0188557 -0.000524237 -0.0449195 0.0103785 -0.0017399 0.00536716 -0.00790534 -0.0277432 -0.0606423 -0.04252 -0.101419 0.0187296 0.000914882 -0.00114955 0.0100554 -0.000292529 0.0150865 0.0214107 -0.0200849 0.0139081 0.00351485 0.0466132
internal_weight=8487.76 38.3444 29.0732 22.2226 8449.42 504.533 459.946 44.5871 24.1609 450.671 88.8556 361.816 292.848 273.358 231.499 179.82 105.286 95.6415 19.4903 74.534 7944.89 6481.1 1463.79 6419.68 1320.75 1119.46 201.29 995.42 755.373 240.047
internal_count=61649 241 131 121 61408 6304 5864 440 188 5703 3584 2119 1964 1677 1524 1423 1145 1051 287 278 55104 45378 9726 44533 8664 5406 3258 5096 3626 1470
is_linear=0
shrinkage=0.1


Tree=79
num_leaves=31
num_cat=0
split_feature=7 7 10 11 3 6 17 14 8 14 17 10 14 6 5 8 11 3 1 12 7 10 17 19 5 10 8 3 10 5
split_gain=7.16687 45.0739 35.2555 84.8253 70.9282 62.9292 58.217 54.1376 65.5745 75.1627 58.9267 52.929 52.6818 49.2263 47.1364 45.1358 49.1432 44.5259 54.0085 41.7851 36.2792 32.2905 33.0627 32.049 34.9832 31.6001 30.6899 32.1502 31.6842 34.5566
threshold=0.028045270186760483 0.025697847973549192 2.6981446743011479 3.3430975765469388e-09 0.14933803553793154 1.1503629523122933e-10 0.1056241122159091 0.010455339681357147 4.3824637362067745e-11 0.0056597089860588321 0.13034889914772732 2.4228965044021611 0.011001621372997763 6.7000869477877949e-11 0.0085848284571136066 2.0414590784350893e-10 2.0930255306694794e-09 0.081135556937549327 0.43872660443699407 0.31037242710590368 0.032933720829345696 2.8003537654876713 0.081787109375000014 0.24481549859046939 0.010452858178631813 1.9219123721122744 1.4029567582217448e-10 0.17646024685891695 2.7087012529373173 0.026187506974649746
decision_type=2 2 2 2 2 2 2 2 2 2 2 2 2 2 2 2 2 2 2 2 2 2 2 2 2 2 2 2 2 2
left_child=1 -1 3 4 6 20 25 8 9 -8 -9 12 -12 -5 -10 17 -17 -4 26 -16 -6 22 -18 -13 -25 -2 27 -19 -28 -30
right_child=2 -3 15 13 5 -7 7 10 14 -11 11 23 -14 -15 19 16 21 18 -20 -21 -22 -23 -24 24 -26 -27 28 -29 29 -31
leaf_value=-0.00029331703148567938 0.060212180829856334 0.041657013217982437 0.063151053614754774 0.085881658598773336 0.030708094094857211 0.10805558638340609 0.071314638153060592 -0.11524369312317667 -0.055982829942985993 -0.11942289161525654 0.005516915421691089 0.079344565709703774 -0.13536607188423974 -0.070270574942987649 0.043395669430111028 -0.05669177598357953 0.017587739761004851 -0.10863778209920782 0.044820179105984181 -0.14056294437459993 -0.18987052185796888 0.0022531545327636442 -0.11972691251494137 0.19425404329259807 -0.016914977526610683 -0.064529068223356759 0.19198918812264218 -0.0068546807037370488 -0.038868079016445102 0.041847582691225772
leaf_weight=2359.5029005017132 22.276154595427215 287.31492425315082 215.42296475730836 21.626310618594289 19.172191847115759 95.997261844575405 30.100588561035693 66.488725461065769 58.012416679412127 65.872683358378708 49.269576682709157 57.660765323787928 57.541507357731462 303.62601127603557 514.89298151619732 157.27551649697125 29.154340048320591 59.293501272797585 258.17506352812052 12.65093010291457 12.202037200331686 2966.6212522933492 43.997106023714878 8.239756412804125 163.79960613511503 229.86178664583713 8.8587774187326414 65.113038491457701 113.12443612143397 99.86670009419322
leaf_count=30618 79 1215 611 58 62 175 85 616 670 958 212 121 557 2265 2059 1179 127 395 710 115 103 14526 468 8 782 1727 17 240 607 284
internal_value=-5.22006e-05 0.00426044 -0.00201816 -0.0136936 -0.00343103 0.0678721 -0.0102255 -0.0001629 0.0170177 -0.0596009 -0.0292177 -0.0122205 -0.0703799 -0.0598879 0.0295756 0.00318255 -0.00218541 0.0241151 0.0102024 0.0389842 -0.0550791 0.000634711 -0.0650005 0.0148237 -0.00680112 -0.0535083 -0.0156093 -0.0553656 0.00668488 -0.00102234
internal_weight=8453.01 2646.82 5806.19 1789.29 1464.04 127.371 1336.67 1084.53 681.53 95.9733 403 336.511 106.811 325.252 585.556 4016.9 3197.05 819.854 604.432 527.544 31.3742 3039.77 73.1514 229.7 172.039 252.138 346.256 124.407 221.85 212.991
internal_count=61649 31833 29816 10652 8329 340 7989 6183 3887 1043 2296 1680 769 2323 2844 19164 16300 2864 2253 2174 165 15121 595 911 790 1806 1543 635 908 891
is_linear=0
shrinkage=0.1


Tree=80
num_leaves=31
num_cat=0
split_feature=18 2 11 5 2 5 6 18 12 13 5 3 19 4 1 9 10 3 14 17 19 2 17 9 7 6 2 14 7 4
split_gain=7.25784 55.1999 45.9595 33.1066 25.0001 23.8837 27.093 38.2643 33.3848 36.8018 30.3489 26.6045 21.6464 23.4818 39.5405 32.3822 26.9515 20.887 33.0454 35.675 41.0119 44.5961 32.1894 25.3937 41.9455 41.8118 29.0048 23.7865 39.0643 22.852
threshold=0.35232735090804373 2.1830775736700087e-10 1.9571000375862017e-09 0.018563843872005242 1.9929092460295388e-10 0.022438804787707333 1.0632404227366349e-10 0.44686128815704834 0.25608085095882421 1.676246762275696 0.033482339950182856 0.059020513283668946 3.7503032684326176 2.0457446257369566e-11 0.26054268398606389 0.014760128744030781 2.1916201114654545 0.063284306914978619 0.0060355111490935096 0.10899769176136366 1.363236725330353 4.9386674695727709e-10 0.074374112215909102 0.036503396941818297 0.019281469515628806 3.1716838686022202e-10 2.8496062314181295e-10 0.014622737653553488 0.034670375275209768 1.1027487616434234e-10
decision_type=2 2 2 2 2 2 2 2 2 2 2 2 2 2 2 2 2 2 2 2 2 2 2 2 2 2 2 2 2 2
left_child=-1 3 -3 12 5 -5 7 10 -8 11 -7 -10 13 14 15 -2 -15 23 -19 20 -20 22 -22 24 -4 -25 -27 28 -23 -21
right_child=1 2 17 4 -6 6 8 -9 9 -11 -12 -13 -14 16 -16 -17 -18 18 19 29 21 27 -24 25 -26 26 -28 -29 -30 -31
leaf_value=-0.001367176855517348 -0.13316652472530974 0.10535658996400069 -0.14839645142773189 -0.13215154319042202 -0.16845013571796336 0.065001618965583277 0.13094192530394116 -0.13037488120540028 0.022789578688495248 0.038211720808890043 -0.11745346873415574 -0.2059170327499186 -0.039115436641297498 0.070732963618641523 -0.16090908762004619 0.019950202432091224 -0.056349189535306543 0.19312908422493186 0.1009208565657024 0.056317511306265382 0.051936706505011379 0.054423146714790496 -0.14428536330284636 -0.17601139488792089 0.062675038032047714 0.056312044848162102 -0.1174027051696174 0.059334434447813292 -0.14564251705017775 0.0101266634143342
leaf_weight=7009.9455572745064 15.214084439910947 63.541806627064943 11.486791973933576 23.908080773428082 16.128303371369839 27.420843603555113 19.304663445800543 43.31792804505676 7.9643755331635502 39.245203271508217 13.657099513569845 14.074742633849381 102.77960100397468 97.247169060865417 15.560551657108588 149.89221061300486 20.145445294678211 11.393803601502439 24.280816250480711 244.8423270508647 10.219781409949062 18.892361115780659 45.945867273956537 22.061262561008334 52.204394713044167 26.853676658123732 14.969667714089153 42.214268634095788 20.189345649443567 190.39235969865695
leaf_count=54147 469 138 98 211 162 149 33 804 29 124 423 114 602 257 187 808 134 77 60 664 42 53 400 212 138 84 112 104 151 663
internal_value=-5.22432e-05 0.00650671 0.0237594 -0.0162598 -0.0489454 -0.0387417 -0.0252057 -0.0648046 0.0162639 -0.0198599 0.00434115 -0.123268 0.000458216 0.0141044 -0.00852099 0.00584092 0.0489247 0.0167143 0.0244289 0.0212091 -0.0188916 -0.040055 -0.108581 -0.0200745 0.024608 -0.0646216 -0.005865 0.00728836 -0.0489294 0.0361114
internal_weight=8415.29 1405.35 799.489 605.86 205.021 188.893 164.985 84.3959 80.589 61.2843 41.0779 22.0391 400.839 298.059 180.667 165.106 117.393 735.947 608.371 596.977 161.742 137.462 56.1656 127.576 63.6912 63.8846 41.8233 81.296 39.0817 435.235
internal_count=61649 7502 2996 4506 2049 1887 1676 1376 300 267 572 143 2457 1855 1464 1277 391 2858 2214 2137 810 750 442 644 236 408 196 308 204 1327
is_linear=0
shrinkage=0.1


Tree=81
num_leaves=31
num_cat=0
split_feature=18 7 12 19 12 6 17 11 13 11 0 5 17 13 11 13 2 17 6 1 17 17 5 5 9 5 17 1 4 0
split_gain=7.16679 27.4275 22.0095 18.8736 32.2377 31.1934 30.8505 19.5928 20.7235 16.3568 22.0448 23.4446 39.4233 21.2516 24.2843 18.0028 17.7551 16.2282 16.0662 17.4456 14.614 13.341 25.1773 12.7082 22.5966 13.0819 14.5659 12.6889 14.195 12.5325
threshold=-0.20193306986369527 0.11395655821049851 0.29172775149345404 0.73569518327713024 0.20748698711395266 6.0323503599134302e-11 0.15209960937500003 1.268332217030377e-09 2.1066689491271977 6.3963736529615298e-09 2.9398586993226051e-09 0.023098262832264963 0.12706409801136367 1.6713767647743227 2.8940967400359345e-09 2.5890580415725712 5.93802738238061e-10 0.14761629971590912 4.1892129106083835e-10 0.33704826900856372 0.16159889914772732 0.083296342329545456 0.026945860897838309 0.022880791911700959 0.0016389424426947392 0.018466758513881441 0.12036132812500001 0.25851514542464338 1.424878422531573e-11 5.3382724661165227e-09
decision_type=2 2 2 2 2 2 2 2 2 2 2 2 2 2 2 2 2 2 2 2 2 2 2 2 2 2 2 2 2 2
left_child=1 3 -3 21 5 7 9 -5 23 10 11 12 15 -13 17 -6 -11 -15 -16 -20 -8 -1 -23 25 -25 26 -9 28 -22 -7
right_child=-2 2 -4 4 6 29 20 8 -10 16 -12 13 -14 14 18 -17 -18 -19 19 -21 27 22 -24 24 -26 -27 -28 -29 -30 -31
leaf_value=0.07991725349854456 -0.00075567646678564014 0.08034312293634048 -0.14721258407129886 -0.074410351265493918 -0.15743051524835794 -0.16474281989584871 -0.25632827328044455 -0.13728042728082601 -0.15894859784026155 -0.15155621613272552 0.14826839443120376 0.15425217111224576 0.068836700162351175 -0.15896854881737449 0.089763128785750657 0.10801306354173001 0.023351781836931543 0.1274323275408967 0.051915335566158974 -0.22777350807491945 0.025732419481968166 -0.16435428389085838 0.097268864358784929 0.051506047594745891 -0.11808756380200572 0.14950105886729362 0.06766193071044932 0.032735423311971226 -0.20156837544575082 0.0075033822095660271
leaf_weight=67.162487629335374 7935.006586295669 5.5730395764112499 17.910212475224398 31.007006985135376 17.604623485356573 20.632337543182079 3.6054921373724964 4.322565734852108 5.9808661378920069 7.9149251505732563 22.954620704054832 23.021299835294485 24.481018522754312 8.4985206387937051 53.229455478489399 2.9887948371469966 21.757565086241812 2.5787572152912608 6.0723803937435132 3.524633564054966 4.4583080681040901 6.9075562974903715 7.8684305977076292 22.100524384062737 12.189619872719048 14.555051722563801 17.541059786453843 11.847050450742243 7.1597277764230967 5.3116238615475586
leaf_count=389 58721 15 217 423 175 221 33 159 69 89 26 43 64 83 113 7 103 4 16 29 24 91 26 82 150 103 40 37 65 32
internal_value=-5.16389e-05 0.012073 -0.0932091 0.017727 0.00775064 -0.031044 0.0311363 -0.00733143 0.0197898 0.0450486 0.0573441 0.0426459 -0.0169383 0.0703552 0.0442209 -0.118906 -0.0233037 -0.0922953 0.0682909 -0.0508042 -0.0688874 0.060991 -0.0250361 0.0349083 -0.00878188 0.0760449 0.0271436 -0.0400865 -0.114344 -0.129478
internal_weight=8395.77 460.76 23.4833 437.276 355.338 133.641 221.697 107.697 76.6897 194.627 164.954 141.999 45.0744 96.925 73.9037 20.5934 29.6725 11.0773 62.8265 9.59701 27.0706 81.9385 14.776 70.7088 34.2901 36.4187 21.8636 23.4651 11.618 25.944
internal_count=61649 2928 232 2696 2190 1279 911 1026 603 752 560 534 246 288 245 182 192 87 158 45 159 506 117 534 232 302 199 126 89 253
is_linear=0
shrinkage=0.1


Tree=82
num_leaves=31
num_cat=0
split_feature=1 17 13 0 8 17 3 3 11 4 6 18 15 19 15 14 7 9 5 2 3 19 18 1 4 7 15 14 8 15
split_gain=7.0048 12.2682 12.1724 23.3012 25.4775 23.0734 26.5233 17.2804 26.3421 21.2419 16.5036 17.5618 14.3335 13.0582 11.8889 18.9577 32.8921 14.2481 11.6954 27.9833 11.8747 15.7577 11.1569 18.2556 10.8003 11.6099 11.2622 19.3805 14.1664 10.7914
threshold=0.61843722171060012 0.033891157670454551 2.8798598051071171 4.5491570119490544e-09 1.7635169325123594e-09 0.099498401988636367 0.095049186676507261 0.09441449671700354 7.9439814726356433e-09 1.1027487616434234e-10 4.4880864815790151e-10 0.068148070777004424 9.0642872237367569e-05 2.0174368619918828 8.1522346590645625e-05 0.011472643353044988 0.010780334037550186 0.011711347663434383 0.026793536102931604 1.0616522948401032e-09 0.14933803553793154 5.7109663486480722 0.23417056770995262 0.46667011680726328 7.1169065373447549e-11 0.021266751440883958 0.00010194650531047957 0.014496694318950178 2.6812874432354951e-10 9.1573812824208303e-05
decision_type=2 2 2 2 2 2 2 2 2 2 2 2 2 2 2 2 2 2 2 2 2 2 2 2 2 2 2 2 2 2
left_child=1 -1 29 7 5 6 -5 -4 -9 -10 -7 13 -8 -12 -2 16 -16 -17 19 -14 21 -20 23 -11 25 -19 -26 28 -28 -3
right_child=14 2 3 4 -6 10 12 8 9 22 11 -13 18 -15 15 17 -18 24 20 -21 -22 -23 -24 -25 26 -27 27 -29 -30 -31
leaf_value=-0.11027634647250384 0.075796198405864934 -0.00054701511674645927 -0.13761574270385446 -0.15051700746196214 -0.25411095122555305 0.094891893667596122 0.09382533895005371 -0.23606155087435821 0.12939719415903439 0.038818825037272603 -0.072866893032530966 -0.16959579791776361 0.02888495614841138 0.11837034774792649 0.033672342427822174 0.093192134018836331 -0.12265003115657334 0.012394711946997513 -0.17061292599280287 -0.27571599236964123 0.05937218425825426 0.099577693077867444 0.066936028636681494 -0.24907586760491643 0.064536389690252535 -0.24499541956851953 -0.22954928833200794 0.016978396027619452 0.040502346732113309 0.018460147930409544
leaf_weight=10.1721796519123 30.230668099597096 7664.1143782043946 26.889105377718806 15.094438038649967 3.8903526449576011 35.129631483927369 12.421456474810837 4.9162568375468281 9.9426761493086833 3.8207485564053041 6.1102048438042429 5.5719700679182997 6.5728152990341169 8.5906041949056071 27.836208241060376 27.001567933708429 26.062716476852074 3.7550406120717517 6.4416742031462508 5.5735480608418584 16.518711779266596 3.2462819032371044 4.4097718410193911 5.2005647215992212 36.834164094179869 3.2859800737351179 5.9946882287040335 56.437923930585384 2.8737252056598663 310.8195653820294
leaf_count=1604 195 54560 400 237 57 80 18 43 16 13 38 63 18 24 263 118 208 14 72 50 65 5 10 52 78 32 50 243 9 3014
internal_value=-4.9342e-05 -0.000524083 -0.000387187 -0.0260784 -0.00221164 0.00586923 -0.0341346 -0.080215 -0.0256568 0.0185982 0.0534304 -0.0184159 0.000464069 0.038885 0.017546 0.00828184 -0.041917 0.0281497 -0.029773 -0.110886 0.00782154 -0.0800763 -0.0634234 -0.127145 0.0120641 -0.107727 0.0203219 -0.00461607 -0.142042 0.000193781
internal_weight=8385.76 8165.45 8155.27 180.341 125.162 121.271 65.8689 55.1791 28.29 23.3738 55.4024 20.2728 50.7745 14.7008 220.313 190.082 53.8989 136.183 38.353 12.1464 26.2067 9.68796 13.4311 9.02131 109.182 7.04102 102.141 65.3063 8.86841 7974.93
internal_count=61649 60439 58835 1261 727 670 465 534 134 91 205 125 228 62 1210 1015 471 544 210 68 142 77 75 65 426 46 380 302 59 57574
is_linear=0
shrinkage=0.1


Tree=83
num_leaves=31
num_cat=0
split_feature=13 19 1 14 6 3 8 19 18 12 17 18 5 9 1 15 14 18 8 8 1 5 3 3 8 2 5 13 7 8
split_gain=6.93472 16.7437 12.8904 9.174 27.0224 17.3799 24.9053 15.196 13.8468 13.5038 20.0997 17.1316 16.829 17.9679 16.6152 15.5671 15.5011 15.4967 14.877 13.2507 14.2022 12.0736 12.0389 11.7904 11.5217 18.474 17.071 15.5089 36.8364 33.1855
threshold=1.1377611160278323 0.26266634464263922 0.19026402583726071 0.0037851303350180392 1.6412564997514467e-11 0.028603550492038183 6.9739567456684332e-12 2.9771721363067631 0.20075711785730993 0.080769132822752013 0.042280717329545463 -0.11513970669528299 0.014098491128116801 0.00287087233989728 0.31551758213920089 2.8515624762803785e-05 0.0026652902597561483 0.12983956776390024 1.0595489358153367e-12 2.7304952670690135e-12 0.55386926630434208 0.011865907586488429 0.04608766575870684 0.078421789156014068 3.2855180667382263e-12 5.3337218637973168e-10 0.04545250993610523 1.3462792038917544 0.015705234138148946 2.9201145388680682e-11
decision_type=2 2 2 2 2 2 2 2 2 2 2 2 2 2 2 2 2 2 2 2 2 2 2 2 2 2 2 2 2 2
left_child=1 2 -1 7 5 -5 8 9 -7 10 11 -2 13 -11 15 23 -15 -18 -12 20 -6 -19 -8 -14 25 26 -21 28 -26 -30
right_child=3 -3 -4 4 19 6 22 -9 -10 12 18 -13 14 16 -16 -17 17 21 -20 24 -22 -23 -24 -25 27 -27 -28 -29 29 -31
leaf_value=0.06393632592614247 0.011313755100812228 -0.12901492335300976 -0.12184867177404302 -0.11613540082743684 -0.14991427630445942 -0.11849147750965361 0.093689827979504814 -0.18639966064537555 0.085346307326742948 -0.11487355618653206 0.058712707796499147 -0.19929960038338604 0.03716937097677929 0.11316944776812383 0.13208717086407137 -0.14492601466224506 -0.14881740894864409 -0.12538678356002497 -0.092010099760379938 0.04704695557161432 0.12449040869059452 0.099689766952190895 -0.11823207645861389 0.18541679001053238 -0.10950918422975336 -0.14834744392448218 -0.19016528563573698 0.00055285726437175433 0.012275920948173241 -0.1288396330213582
leaf_weight=14.14344774791971 6.419853909872475 13.961198305943979 5.0745617002248755 31.675364098628052 10.607680690707637 21.285650844220076 17.566486780066047 3.5316354809328905 3.9512088086921713 13.470739128184503 25.500194307416677 9.69381984870415 107.59180137515068 11.876592819113286 21.942119635059498 4.508182323537766 7.1451987000182298 3.2941782821435472 8.8116568699479085 107.77721747756004 2.2940230043604961 8.618934400379656 3.1633297218941143 5.6463688528165212 43.143049766193144 5.4418126589152953 3.1216547372750929 7695.7083478505374 135.90304640843533 18.993776262621395
leaf_count=95 64 1471 621 1656 340 1746 77 140 123 1361 70 391 738 81 271 78 302 179 582 758 10 22 128 12 2286 182 27 45915 1264 659
internal_value=-4.19889e-05 -0.0456687 0.0148793 0.000139557 -0.000429042 -0.0591404 -0.0198655 0.0194884 -0.0865776 0.0225889 -0.0232604 -0.115389 0.0351475 -0.0184779 0.0521945 0.0373064 0.0234981 -0.0323826 0.0200055 0.000139134 -0.101123 0.0374523 0.061351 0.0445614 0.000302235 0.0315425 0.0403697 -0.000158195 -0.0277892 -0.00502797
internal_weight=8371.86 33.1792 19.218 8338.68 8100.63 77.642 45.9667 238.051 25.2369 234.52 50.4255 16.1137 184.094 44.4056 139.688 117.746 30.9349 19.0583 34.3119 8022.99 12.9017 11.9131 20.7298 113.238 8010.09 116.341 110.899 7893.75 198.04 154.897
internal_count=61649 2187 716 59462 55171 3730 2074 4291 1869 4151 1107 455 3044 1945 1099 828 584 503 652 51441 350 201 205 750 51091 967 785 50124 4209 1923
is_linear=0
shrinkage=0.1


Tree=84
num_leaves=31
num_cat=0
split_feature=8 14 12 4 13 10 6 15 14 11 13 0 5 6 18 8 5 5 11 12 17 2 5 5 10 8 8 19 5 11
split_gain=6.76681 40.5527 33.0086 27.5746 33.0757 27.3385 37.0747 35.1124 25.9261 25.6108 59.9776 78.0157 32.2973 25.4586 29.7541 27.6424 35.7083 23.253 23.9352 32.542 46.4912 29.2936 27.0506 29.74 26.4212 30.8531 22.9245 22.3463 21.7592 21.3614
threshold=2.7495789857774586e-10 0.014375703874975445 0.49368225038051611 1.9209771680251886e-10 2.1715686321258549 2.9513376951217656 2.6368562205563892e-10 4.236066524754279e-05 0.013462671078741552 8.120720984550191e-09 1.6502056717872622 7.4297144866716172e-10 0.019343626496296656 4.1892129106083835e-10 0.33820297916165815 4.1204378935332186e-10 0.020232881634312565 0.022232425631106056 7.1556143232953681e-09 0.36537706851959234 0.12755237926136367 6.7448098282339599e-10 0.019148935704166269 0.020232881634312565 3.689713835716248 6.8959734300140957e-10 6.5507279271922682e-10 3.1579501628875737 0.01618199334428819 8.3154483299097154e-09
decision_type=2 2 2 2 2 2 2 2 2 2 2 2 2 2 2 2 2 2 2 2 2 2 2 2 2 2 2 2 2 2
left_child=1 3 28 -1 -5 6 -2 -7 -9 10 11 -8 -11 14 15 -10 -17 18 19 20 21 26 -20 -24 -21 -26 -15 -18 29 -3
right_child=5 2 -4 4 -6 7 9 8 13 12 -12 -13 -14 17 -16 16 27 -19 22 24 -22 -23 23 -25 25 -27 -28 -29 -30 -31
leaf_value=4.6174635284479382e-06 0.042973605525477236 -0.074888421404159439 -0.153941474212035 -0.010470198149424613 -0.12945292841855266 -0.12366043073008143 -0.07645606384902473 -0.20310815794483658 -0.016315946406836392 0.045791481227002828 -0.13166323501343505 0.13745419253666721 -0.10041880132715396 -0.15744410319336294 0.066248574646293509 -0.11264626009671522 0.083733533318820524 0.0012846562140467858 0.045042539629466749 -0.1366980510883232 0.037944143433796915 0.034352571362046905 -0.18538320980606091 -0.011988269490879623 0.19273522358129841 -0.136331104842458 0.004827810727476305 -0.079032663705790596 0.03533617164516694 0.043570656942039883
leaf_weight=4943.4411942533334 51.909934910014272 37.405654924921691 10.030312391929327 66.235448646359146 36.096106305485591 23.002007694914937 55.134960859082639 6.2381566595286122 189.19824117608368 48.245863784104586 83.15257190912962 24.682517897337675 21.996187310083769 37.625762775540352 117.04836711660028 12.386996103450654 86.210936119779944 1610.7256337338476 75.225639593787491 54.260740732774138 65.818851720541716 16.448817256838083 11.882446151226757 59.040196352638304 5.788941875100134 5.6108891144394875 11.326659411191939 9.3496202491223794 549.1213068747893 25.669093063101172
leaf_count=44295 226 270 114 472 405 229 518 59 859 176 812 61 270 346 258 99 174 8436 282 538 279 48 114 307 10 65 56 56 1719 96
internal_value=-4.69575e-05 0.00191135 0.0259985 -0.00105899 -0.0524398 -0.00418506 -0.0334581 -0.000703314 0.00048794 -0.0504708 -0.0722269 -0.0103071 5.96227e-06 0.0010243 0.0235441 0.00672237 0.0471013 -0.00374987 -0.02739 -0.0501487 -0.0213898 -0.0811026 0.003269 -0.041039 -0.107622 0.0307719 -0.119897 0.0678085 0.0289466 -0.02668
internal_weight=8350.31 5668 622.226 5045.77 102.332 2682.31 285.122 2397.19 2374.19 233.212 162.97 79.8175 70.2421 2367.95 414.194 297.146 107.948 1953.75 343.029 196.881 131.22 65.4012 146.148 70.9226 65.6606 11.3998 48.9524 95.5606 612.196 63.0747
internal_count=61649 47371 2199 45172 877 14278 2063 12215 11986 1837 1391 579 446 11927 1446 1188 329 10481 2045 1342 729 450 703 421 613 75 402 230 2085 366
is_linear=0
shrinkage=0.1


Tree=85
num_leaves=31
num_cat=0
split_feature=18 8 13 14 3 9 4 10 4 19 3 2 4 13 1 12 17 17 10 11 13 13 14 12 7 14 0 10 19 18
split_gain=6.61152 23.1922 26.4007 22.3104 38.9123 52.1173 30.964 29.473 30.9926 25.2991 30.2554 25.6613 54.799 24.6903 24.4648 24.1767 33.4006 33.3371 32.4146 24.9871 42.4447 24.5447 23.8126 23.0123 32.5782 25.572 21.8982 32.512 21.1107 30.9118
threshold=-0.012520402661969207 3.555634694674648e-10 1.5679111480712893 0.0069395401515066632 0.059020513283668946 0.0015416312175471761 5.9518439165603874e-11 1.7180729508399966 3.4409880763191474e-11 4.4760563373565683 0.13224975650398088 8.0886289435621661e-10 6.7656542463013504e-11 1.2296410799026491 0.28594692370323077 0.16659004241228106 0.070689808238636367 0.076238458806818191 2.3029476404190068 3.2121356685621553e-09 2.0163666009902959 2.5437837839126591 0.01733717788010836 0.2745667845010758 0.070583505524114229 0.012869371101260187 1.5745617693208541e-09 2.2912921905517583 0.67561039328575145 -0.13044636851091951
decision_type=2 2 2 2 2 2 2 2 2 2 2 2 2 2 2 2 2 2 2 2 2 2 2 2 2 2 2 2 2 2
left_child=1 3 -3 4 7 6 -6 14 -9 11 -11 15 -13 -7 -1 18 19 26 -5 -17 -21 22 -19 25 -25 -14 27 -18 -8 -30
right_child=-2 2 -4 9 5 13 28 8 -10 10 -12 12 23 -15 -16 16 17 21 -20 20 -22 -23 -24 24 -26 -27 -28 -29 29 -31
leaf_value=0.014053015531306967 -0.0019544427241158851 -0.15311349286180975 -0.012058220742809954 -0.089417943477429179 -0.098983407376226976 0.018357629976331762 0.082956872885361091 -0.15562518979445664 0.11514324159199657 -0.14348541942292015 0.098467347988818843 -0.22628272062260721 -0.033172386287740066 -0.06018399892748403 -0.14444235508437833 -0.17385139091695709 0.13996428214929058 0.016968594039774038 0.087895817878276744 0.12035256464805898 -0.080478116321531026 -0.057561343106903529 0.084347258757110688 -0.27661738655994589 0.034530341590191117 0.047247531055209506 0.10837520245960275 -0.16565126211765535 0.03378747504970455 -0.17430653579113509
leaf_weight=243.78973038797267 5711.4526476829196 13.675006803707218 446.86587822739966 11.570839259773491 16.800774519680999 47.515048447006848 66.290197843802162 4.64672325272113 46.83251952752471 19.815989611204717 6.9917446747422209 11.727356035262344 77.549025624990463 253.88880608615 10.14410534466151 13.292394336313007 6.3019517734646779 855.44159125443548 94.611313370987773 15.109591774642466 34.672091150656343 41.472741989418864 55.878246244043112 7.0563488295301777 6.4327344223856926 80.673181916121393 66.884579254314303 7.776018388569355 39.088152031414211 8.7334022377035563
leaf_count=2610 40714 481 2520 109 1168 1113 475 69 95 195 10 105 400 5422 150 116 12 3991 214 14 228 303 123 66 18 272 136 67 248 205
internal_value=-4.8608e-05 0.00411948 -0.0162466 0.00848 -0.00561602 -0.0249196 0.0277638 0.0217084 0.0907026 0.0158382 -0.0803815 0.0176987 -0.0171412 -0.0478022 0.00772147 0.0230112 0.0186003 0.0229108 0.0685737 -0.0520462 -0.0195226 0.017676 0.0211 -0.00285748 -0.128236 0.00783153 0.0845153 -0.0288436 0.0464249 -0.00421565
internal_weight=8322.98 2611.53 460.541 2150.99 737.729 432.316 130.913 305.413 51.4792 1413.26 26.8077 1386.45 183.439 301.404 253.934 1203.01 1096.83 1033.76 106.182 63.0741 49.7817 952.793 911.32 171.711 13.4891 158.222 80.9625 14.078 114.112 47.8216
internal_count=61649 20935 3001 17934 11555 8631 2096 2924 164 6379 205 6174 861 6535 2760 5313 4990 4632 323 358 242 4417 4114 756 84 672 215 79 928 453
is_linear=0
shrinkage=0.1


Tree=86
num_leaves=31
num_cat=0
split_feature=7 7 10 11 3 6 17 14 8 14 17 11 19 6 5 8 14 18 12 6 10 17 12 11 15 11 1 10 10 11
split_gain=6.88147 34.367 27.6657 64.9508 57.4249 51.5029 47.6333 43.4509 51.7726 63.0237 50.9932 46.993 39.9924 39.6098 37.662 33.755 50.4234 42.1454 33.5336 33.1924 33.1261 32.3172 49.5189 31.8351 31.722 31.0141 30.7419 30.4008 29.8942 29.6638
threshold=0.028045270186760483 0.025697847973549192 2.6981446743011479 3.3430975765469388e-09 0.14933803553793154 1.1503629523122933e-10 0.1056241122159091 0.010455339681357147 4.3824637362067745e-11 0.0056597089860588321 0.13034889914772732 8.8356114091858739e-10 0.4492259174585343 6.7000869477877949e-11 0.0085848284571136066 1.9394244736392103e-10 0.011239826679229738 -0.022688380950553848 0.31037242710590368 1.1503629523122933e-10 2.8003537654876713 0.14845969460227273 0.3179584294557572 2.0930255306694794e-09 5.1892204282921746e-05 5.0402824136597255e-09 0.40756381978287787 2.8206746578216557 2.5320848226547246 1.4495709632633693e-09
decision_type=2 2 2 2 2 2 2 2 2 2 2 2 2 2 2 2 2 2 2 2 2 2 2 2 2 2 2 2 2 2
left_child=1 -1 3 4 6 24 -2 8 9 -8 26 -12 -13 -5 -10 16 17 27 -16 -18 -21 -14 -23 29 -6 -19 -9 -4 -15 -17
right_child=2 -3 15 13 5 -7 7 10 14 -11 11 12 21 28 18 23 19 25 -20 20 -22 22 -24 -25 -26 -27 -28 -29 -30 -31
leaf_value=0.00019680370203972809 -0.049241262589256686 0.037086674654585684 0.047840598943305147 0.07838662397646376 -0.13193722852893416 0.09817471500145282 0.065603012777374223 -0.12452585573782 -0.050492608399825029 -0.11204601043628799 -0.11816085760662076 0.061462037465397003 0.026223406440460909 -0.10308807506067258 0.038627939670821385 0.031124865310642059 -0.16085530221452549 -0.11947014295087084 -0.12837111517011451 0.064231286915448271 0.015658819623774089 -0.21104298102576724 -0.028137192133224645 0.00061398431700336424 0.076469995874632629 0.035367264094574156 0.19982388678934074 -0.16337833971639126 -0.037703863185799227 -0.067873565827327995
leaf_weight=2312.6656911332975 245.99464230937883 283.49592460412532 62.243175683543086 21.244748767465353 18.791977191343907 93.986478336155415 29.461787896230817 60.427255181595683 57.686285726726055 61.985396803356707 36.400761015713215 82.250792603008449 86.598856555297971 114.02897822670639 507.64713224116713 39.747158270329237 8.4736656248569471 56.298104461282492 12.315782539546488 265.50184117816389 298.00189536251128 17.16044439189136 107.6945323869586 3076.0118895010091 11.946669012308119 16.795472219586372 3.0706527307629576 7.6519840396940699 180.79760923911817 126.90111541375518
leaf_count=30618 1806 1215 174 58 140 175 85 606 670 958 428 220 348 1114 2059 155 81 374 115 733 1047 146 538 15417 25 49 10 55 1151 1079
internal_value=-4.32244e-05 0.00422511 -0.00198488 -0.0124568 -0.00340897 0.0614254 -0.00958802 -0.000409052 0.0150998 -0.0548123 -0.0267729 -0.0109866 0.0022962 -0.0534895 0.0261675 0.00264427 0.0223122 -0.0308021 0.0346724 0.0355903 0.0385443 -0.020718 -0.0532763 -0.00169228 -0.0509391 -0.0838915 -0.108841 0.0247168 -0.0629923 -0.0442615
internal_weight=8303.28 2596.16 5707.12 1749.49 1433.42 124.725 1308.69 1062.7 669.096 91.4472 393.603 330.105 293.705 316.071 577.649 3957.63 714.966 142.989 519.963 571.977 563.504 211.454 124.855 3242.66 30.7386 73.0936 63.4979 69.8952 294.827 166.648
internal_count=61649 31833 29816 10652 8329 340 7989 6183 3887 1043 2296 1680 1252 2323 2844 19164 2513 652 2174 1861 1780 1032 684 16651 165 423 616 229 2265 1234
is_linear=0
shrinkage=0.1


Tree=87
num_leaves=31
num_cat=0
split_feature=9 13 4 3 19 9 1 8 12 2 3 15 3 8 1 18 14 6 3 9 4 10 10 3 13 5 17 6 19 6
split_gain=6.64915 9.9034 9.39628 35.2364 21.9685 21.9018 37.0522 29.7789 22.7419 21.8912 22.8428 20.1531 17.9718 17.3286 18.2212 19.5134 16.1509 34.4595 13.8966 13.7639 12.6643 22.0982 18.0047 27.2 40.2469 37.0027 38.1145 30.4152 57.1356 42.9471
threshold=0.27010787789082197 1.6713767647743227 2.8258524009774731e-10 0.17646024685891695 3.2809463739395146 0.10149776852029835 0.47114094709981619 1.0286045043356965e-09 0.42811724543571478 8.4734804322484389e-10 0.10382122319905553 4.1792680349317386e-05 0.0998274552998515 2.0078011039917424e-09 0.32033889661897802 0.2476645006919915 0.018811535090208057 8.9088132768071518e-10 0.055315668232544621 0.1113045957872109 2.4231398724463047e-10 2.7805467844009404 3.4639382362365727 0.027990233340051341 1.9864826798439028 0.027260534928847831 0.14761629971590912 1.0792022405576508e-09 2.4698671102523808 8.2487776047575334e-10
decision_type=2 2 2 2 2 2 2 2 2 2 2 2 2 2 2 2 2 2 2 2 2 2 2 2 2 2 2 2 2 2
left_child=2 -2 13 5 -5 6 11 9 -9 10 -7 -4 18 20 15 -15 -13 -18 -8 -10 22 -22 -1 -24 25 -25 -27 29 -29 -26
right_child=1 -3 3 4 -6 7 12 8 19 -11 -12 16 -14 14 -16 -17 17 -19 -20 -21 21 -23 23 24 27 26 -28 28 -30 -31
leaf_value=0.00087085354172107261 -0.13308571192467697 0.093794078133088266 0.089693769803838863 0.06254037573334971 -0.20737520640277368 -0.21957103756462973 0.13900249804862849 -0.18656602854778581 -0.22431949246136212 0.094108225013436686 0.063692832559899923 -0.17384852569538556 0.010221814211165811 -0.15535862358876371 0.10328204491940314 0.080351596152206578 0.013039277339230404 -0.19226599191095056 -0.13408235776485572 -0.013250504102447977 -0.093834430191107987 0.040017971793635324 0.12455290063346319 -0.14296640118005574 0.00060849154417303613 -0.16474897288224966 -0.002255882096983916 0.066930145896755139 -0.16705998246905129 -0.1092785566943973
leaf_weight=7195.8332440896775 2.2226785043603767 14.314830392831935 4.7496356442570677 65.923554031178355 3.1599383591674259 5.1191363580292073 2.1127979755401638 8.6630242839455587 3.1731789959594598 40.53168078372255 6.4136303337290883 32.440893175662495 71.288247823482379 6.7774275084957463 32.095202354714274 7.2899147346615791 19.112289390526712 14.286577340215443 15.788475048961116 117.21455139690079 13.502160139381884 142.56824323837645 12.675333717837928 44.958589296787977 142.21340988576412 17.773879438638687 76.845164860656951 92.159691262990236 11.767988702282308 47.4278195053339
leaf_count=54511 209 33 8 407 42 63 1 94 31 75 13 360 342 70 56 15 63 193 230 760 157 768 42 483 603 137 1186 261 111 325
internal_value=-4.42253e-05 0.0633009 -0.000171144 -0.0149294 0.0501942 -0.0281269 -0.0551135 -0.00431952 -0.0300749 0.0595196 -0.0620416 -0.109243 -0.0122725 0.000600228 0.0616882 -0.0332099 -0.123594 -0.0747814 -0.101852 -0.0188139 0.000238587 0.028438 -0.000337347 -0.0198384 -0.0240638 -0.0682713 -0.0327797 -0.0030453 0.0404349 -0.0268734
internal_weight=8270.4 16.5375 8253.87 409.978 69.0835 340.894 159.779 181.115 129.051 52.0644 11.5328 70.5894 89.1895 7843.89 46.1625 14.0673 65.8398 33.3989 17.9013 120.388 7797.73 156.07 7641.66 445.822 433.147 139.578 94.619 293.569 103.928 189.641
internal_count=61649 242 61407 2682 449 2233 1197 1036 885 151 76 624 573 58725 141 85 616 256 231 791 58584 925 57659 3148 3106 1806 1323 1300 372 928
is_linear=0
shrinkage=0.1


Tree=88
num_leaves=31
num_cat=0
split_feature=1 13 7 7 3 0 5 0 3 17 5 8 19 19 13 8 18 5 13 8 3 10 1 5 18 10 6 13 14 18
split_gain=6.66024 13.4926 12.5292 10.8569 7.65824 20.8323 7.05493 29.2206 26.7496 70.0268 66.056 40.5745 42.1975 73.8186 44.5475 37.8345 59.1514 35.017 88.853 39.0101 38.2507 44.8746 37.9974 36.4019 41.9863 40.3682 54.3235 52.1452 33.4637 35.1554
threshold=0.7367376416538407 3.8114799261093144 0.031207551726702591 0.053133703246329822 0.06189813021496051 1.2030123035371029e-08 0.028625409799784441 1.3226451196856337e-10 0.092686557067459638 0.10850941051136366 0.011865907586488429 2.0078011039917424e-09 2.0690206289291386 1.282169044017792 1.8862388730049136 1.8019718519989846e-11 0.20075711785730993 0.02181978588528485 1.9053999781608584 4.64212007553903e-11 0.10575860077768263 2.229597926139832 0.48587180356653098 0.013564820025842417 -0.033428515984930775 2.505761027336121 7.163403619732301e-11 1.6914443373680117 0.011357957497239115 -0.01112371127502146
decision_type=2 2 2 2 2 2 2 2 2 2 2 2 2 2 2 2 2 2 2 2 2 2 2 2 2 2 2 2 2 2
left_child=1 6 -3 -4 5 -2 8 -8 -1 10 -10 12 13 28 -15 16 -12 20 -19 -20 22 -22 -17 24 -23 -25 -27 -28 29 -11
right_child=4 2 3 -5 -6 -7 7 -9 9 11 15 -13 -14 14 -16 17 -18 18 19 -21 21 23 -24 25 -26 26 27 -29 -30 -31
leaf_value=0.0030418854585140508 -0.21751144161145405 -0.26830094592148912 0.02490583352988052 -0.2315391128507186 0.052218043159749698 0.1034789089971086 -0.074090764312983046 0.0056832388729794658 -0.097292350612504755 0.12337059110069629 -0.050867226225315178 0.09087801022512855 -0.14290290185008417 -0.15504123634621647 0.040551731141025414 -0.10466482938101496 0.12285106997771332 -0.15360283124618868 -0.14179025652479937 0.009973008310450452 0.14104278691973901 0.027290597810701964 0.016819819613987493 0.065787859401400459 -0.13324974526349811 -0.15054659247284918 -0.093144023121528863 0.024850787752004236 -0.11187318909740905 -0.14607110808192447
leaf_weight=3615.8626351297135 3.9615360964089614 3.4134797917213282 6.3481060306075943 2.2311085481196642 43.750389840919524 4.1294403672218323 46.767924640909769 2521.5360933803604 71.330982621060684 13.257403552532198 220.29542250541272 18.301574297249317 53.719307764898986 13.255148876458405 95.822756942361593 49.619313871487975 21.515129277308006 44.011829215567559 18.167601497843862 250.10914778104052 30.890446148812771 32.356916002929211 53.512044906616211 181.96775507368147 32.808885794132948 19.785050012171268 39.889084275811911 613.31256974861026 123.94273959100246 7.628983497619628
leaf_count=24966 41 46 46 30 186 15 2193 14688 1746 31 9696 35 436 126 325 436 463 367 139 864 70 114 201 610 243 141 283 1968 1070 74
internal_value=-4.09923e-05 -0.000266839 -0.106258 -0.0417852 0.0356895 -0.0536857 -0.000111628 0.00423058 -0.00209551 -0.0113581 -0.00312653 -0.053777 -0.0623829 -0.0453473 0.0167833 0.00105004 -0.0354106 0.00750231 -0.0219092 -0.000304343 0.0162154 0.0224884 -0.0416298 0.0185083 -0.0535363 0.0239996 0.0127005 0.0176452 -0.0921408 0.024954
internal_weight=8253.5 8201.66 11.9927 8.57921 51.8414 8.09098 8189.67 2568.3 5621.36 2005.5 1679.57 325.928 307.626 253.907 109.078 1608.24 241.811 1366.43 312.289 268.277 1054.14 951.011 103.131 920.12 65.1658 854.954 672.987 653.202 144.829 20.8864
internal_count=61649 61407 122 76 242 56 61285 16881 44404 19438 17341 2097 2062 1626 451 15595 10159 5436 1370 1003 4066 3429 637 3359 357 3002 2392 2251 1175 105
is_linear=0
shrinkage=0.1


Tree=89
num_leaves=31
num_cat=0
split_feature=3 4 19 5 2 17 1 7 5 7 19 3 14 3 18 4 19 2 5 14 4 10 1 2 17 1 0 2 4 10
split_gain=6.56436 9.24421 21.1121 24.452 18.6589 19.1507 31.8119 19.9301 27.5808 25.4763 15.7041 15.2597 33.4859 17.4734 25.2391 23.5283 23.3433 23.3206 27.0069 36.0817 18.3807 17.5213 16.9281 36.2321 15.7337 15.1098 15.0843 14.4052 14.3509 20.2168
threshold=0.26397318873688141 2.8258524009774731e-10 0.011933060828596355 0.024456310913301419 4.9947707934020759e-10 0.13829456676136367 0.46239230064931036 0.10357959356332497 0.048866010631292554 0.10994117352249201 0.80123776197433483 0.18990966968878434 0.014885096810758116 0.20605414247094711 0.018516599073667424 8.2647303044074775e-11 0.011933060828596355 7.5987162253720154e-10 0.020725837381783501 0.011357957497239115 1.345160196338652e-10 2.5814063549041752 0.38885372872267476 7.7573270073141864e-10 0.075350674715909102 0.17467088635693953 5.9542946375213861e-09 1.2127577570067252e-09 1.3976368972894916e-10 3.3065004348754887
decision_type=2 2 2 2 2 2 2 2 2 2 2 2 2 2 2 2 2 2 2 2 2 2 2 2 2 2 2 2 2 2
left_child=1 11 -3 -4 -5 6 7 10 9 -9 -6 -1 13 15 17 16 -13 -15 19 -19 21 -17 23 -16 27 -12 -7 -20 29 -14
right_child=-2 2 3 4 5 26 -8 8 -10 -11 25 12 28 14 22 20 -18 18 24 -21 -22 -23 -24 -25 -26 -27 -28 -29 -30 -31
leaf_value=0.0012914352608653645 0.039395329672690112 0.087345284159022429 -0.16904968368651596 -0.18530620743295539 0.016339111911986164 0.023292297281299865 0.005945055830130639 0.045040968465099973 0.026160311569976082 -0.17505736985182549 0.11558502932056264 0.072336118128608157 -0.22343632592038307 0.057608864769660553 0.077667992134146005 -0.1590770578733072 -0.16487529995818295 -0.26579570857944751 0.051143524192187408 0.0090552713763387919 -0.14714366061721099 0.062769957169409266 0.081437727156546583 -0.19370175206534437 -0.16674927327431924 -0.16128783331557217 -0.095942664036647612 -0.12683815561479292 -0.25500245423556112 0.011463751092439148
leaf_weight=7546.9032532076235 41.978772616945207 19.159319114231039 10.730323194060473 6.3908569362247354 7.0172338404227039 139.80243582831463 107.33891761605628 7.39343985449523 33.695086064748466 18.216598408063874 2.0837580636143676 5.0329399881884482 6.2114567011594799 20.462594837415963 12.898554985178636 4.1330184731632498 23.606968078529462 12.355234365444632 23.124276774004105 7.7863693311810485 7.087768194731324 25.680799465626478 49.914589195861481 7.954097378300502 5.6224790476262561 36.442489049572032 11.48143526073545 5.6606437326408914 7.3719439543783656 8.9334496371448022
leaf_count=57192 242 114 126 64 45 690 655 47 152 264 2 22 59 95 45 96 313 192 90 22 87 57 134 64 36 435 159 52 63 35
internal_value=-4.76497e-05 -0.000250054 -0.0150807 -0.0202369 -0.0159196 -0.0129413 -0.0323231 -0.0715002 -0.0332934 -0.111517 -0.121252 0.000511902 -0.0246469 -0.0122943 0.00698665 -0.0551795 -0.12319 -0.0334283 -0.0675784 -0.159543 -0.00239572 0.0320158 0.0498255 -0.0258441 -0.0137433 -0.146313 0.0142432 0.0161429 -0.140576 -0.084877
internal_weight=8222.47 8180.49 399.752 380.593 369.862 363.471 212.188 104.849 59.3051 25.61 45.5435 7780.74 233.837 211.32 145.779 65.5415 28.6399 75.0116 54.549 20.1416 36.9016 29.8138 70.7672 20.8527 34.4074 38.5262 151.284 28.7849 22.5169 15.1449
internal_count=61649 61407 2753 2639 2513 2449 1600 945 463 311 482 58654 1462 1305 730 575 335 487 392 214 240 153 243 109 178 437 849 142 157 94
is_linear=0
shrinkage=0.1


Tree=90
num_leaves=31
num_cat=0
split_feature=1 9 10 3 4 13 0 14 17 3 3 11 4 15 18 1 18 15 2 4 19 12 17 1 18 14 3 19 8 2
split_gain=6.5206 10.6634 18.9057 15.4747 26.4375 10.6574 20.0731 20.7235 26.1083 20.5629 14.5535 19.5196 16.8319 12.6062 12.2122 10.9064 12.8428 10.5546 16.0484 10.9339 10.1978 13.3035 9.89089 9.74873 9.69764 9.50254 9.16738 8.48996 8.38997 11.06
threshold=0.61843722171060012 0.0079367675239480264 2.2912921905517583 0.11689410841785214 3.017518274934299e-10 2.8798598051071171 4.5491570119490544e-09 0.035945191979408271 0.099498401988636367 0.095049186676507261 0.09441449671700354 7.9439814726356433e-09 1.4239137988278016e-10 9.0642872237367569e-05 -0.060290128500624131 0.52984313142176431 0.2476645006919915 9.5131785201374455e-05 5.3337218637973168e-10 3.017518274934299e-10 3.853574395179749 0.29746229946613317 0.033891157670454551 0.7367376416538407 0.23417056770995262 0.011472643353044988 0.19956677445462126 0.043499648571014411 3.0443587546502078e-11 3.9736483694907492e-10
decision_type=2 2 2 2 2 2 2 2 2 2 2 2 2 2 2 2 2 2 2 2 2 2 2 2 2 2 2 2 2 2
left_child=5 28 -3 17 -5 22 10 8 9 -8 -7 -12 -13 -11 -10 16 -16 -4 -19 25 21 27 -1 -21 -14 -20 -9 -15 29 -2
right_child=1 2 3 4 -6 6 7 26 14 13 11 12 24 20 15 -17 -18 18 19 23 -22 -23 -24 -25 -26 -27 -28 -29 -30 -31
leaf_value=-0.10882203373147691 0.13133898523622137 -0.15945285768366424 0.067937132538753359 -0.16518050369280168 0.041990963920853996 -0.13399132825356813 -0.14538616919815986 -0.29914810376077383 -0.10779132497057956 0.087075442528804975 -0.20892230181725321 0.079043731752243357 -0.18062061683921493 0.10328043395136247 0.051286264068207334 0.10587063494440552 -0.18144274268282057 -0.17033503281586276 -0.071355169164197665 -0.20038200547239909 0.089486937969494806 -0.22583410020069544 0.00015292736455607721 0.02453414981635664 0.052730526135675582 0.042150018091069406 -0.059476067939126388 -0.056056141830434107 0.086192367446325177 -0.036867443535985679
leaf_weight=8.3376637347391789 5.2215022188611355 6.7675556065514675 40.227211881428957 12.240791480988266 12.399069542065261 24.194032110739499 13.580935684731228 3.1513200169429174 3.9827033691108218 11.171882864087818 4.8380740210413959 14.004280762746932 5.3347064135596138 3.956683859229094 10.753638100810347 32.9587317192927 3.0418704487383357 4.8817740529775611 8.3586116619408113 4.1633072417462236 5.5549568496644488 4.0802895710803559 7825.6986111836741 3.5878556799143553 2.673415657132864 62.728680941741914 3.2334041651338339 21.598173222038895 33.741574469022453 15.551700453739612
leaf_count=1602 9 72 84 92 69 401 241 35 44 18 43 32 51 14 48 58 38 49 41 43 16 38 57574 16 8 206 44 134 123 406
internal_value=-4.13066e-05 0.0173586 0.00400596 0.0114509 -0.0609294 -0.000497649 -0.0254103 -0.0025925 0.00751294 -0.0371707 -0.0777402 -0.0270542 0.0129183 -0.00547082 0.0603042 0.0746232 -2.98208e-05 0.0258395 0.0056118 0.0165066 -0.0348517 -0.0581583 3.69467e-05 -0.0962729 -0.102719 0.0288038 -0.177771 -0.0313859 0.0554107 0.00541252
internal_weight=8212.02 209.87 155.355 148.587 24.6399 8002.15 168.109 117.065 110.68 59.9429 51.0445 26.8505 22.0124 46.362 50.7369 46.7542 13.7955 123.947 83.7202 78.8385 35.1901 29.6351 7834.04 7.75116 8.00812 71.0873 6.38472 25.5549 54.5148 20.7732
internal_count=61649 1210 672 600 161 60439 1263 728 649 461 535 134 91 220 188 144 86 439 355 306 202 186 59176 59 59 247 79 148 538 415
is_linear=0
shrinkage=0.1


Tree=91
num_leaves=31
num_cat=0
split_feature=3 19 4 18 1 1 3 10 9 2 18 4 18 0 19 10 14 13 8 12 5 5 5 4 17 15 13 5 3 15
split_gain=6.25148 22.3081 23.1824 17.8384 19.3246 19.0924 16.0701 26.6876 21.6822 21.3655 17.94 16.4032 14.4666 24.7055 14.378 18.4533 14.3638 13.174 31.443 17.2403 11.0002 19.7119 10.466 9.96973 17.2352 28.9825 18.1528 18.0214 17.6537 21.4973
threshold=0.22428686286923047 0.10185297206044198 6.0697003028563868e-11 0.11463587317319419 0.27655214990071103 0.35276790022494581 0.18990966968878434 2.5814063549041752 0.041898615188546512 1.0616522948401032e-09 -0.13044636851091951 2.3919365302950226e-09 0.12460872334089469 3.3937153287241788e-09 1.1080114245414736 3.0075258016586308 0.013220530003309252 2.0163666009902959 1.4781292209373044e-10 0.19102031737565997 0.021014328652695969 0.018466758513881441 0.037717978207315046 2.8258524009774731e-10 0.13829456676136367 7.5405401730677126e-05 1.5868216156959536 0.044054841605949364 0.0998274552998515 7.8244127507787211e-05
decision_type=2 2 2 2 2 2 2 2 2 2 2 2 2 2 2 2 2 2 2 2 2 2 2 2 2 2 2 2 2 2
left_child=6 -2 -3 4 -4 22 11 -8 10 -10 16 23 17 -14 20 -16 -9 -12 19 -19 21 -7 -6 -1 25 26 -25 -26 29 -27
right_child=1 2 3 -5 5 14 7 8 9 -11 12 -13 13 -15 15 -17 -18 18 -20 -21 -22 -23 -24 24 27 28 -28 -29 -30 -31
leaf_value=0.001160421756675087 0.10005138664224039 -0.20300525477784365 0.10703238413447286 0.077410492993585711 -0.25447734431136082 -0.0024309727573160128 -0.12625417550351076 -0.18478165704871061 -0.18352302663527542 -0.020042614840763123 0.064533578553113036 -0.13924381561636481 -0.26675694097075237 0.044668941600500216 -0.33882100943827098 -0.032745359270843447 0.051706548481224385 -0.042232131302680831 0.065237725119429379 -0.28326915585137052 0.037262748843957132 -0.26851402558026288 0.011607144660078544 0.063008834981660516 -0.020727726214328827 0.11253515867662284 -0.15522303150500766 0.04893554202527324 0.001689652207601777 -0.09573502716402095
leaf_weight=7535.8530368239153 28.393606731435284 5.314493727637454 11.269904702901838 29.346207233611494 5.5734622762538484 12.070695312693713 25.062804332876112 8.0073417536914331 13.216909676790236 20.231346352724358 55.074512159451842 8.4210903215571289 4.4804916977882367 5.9039244428277016 2.9109201952815038 6.0924268811941147 3.7810852639377108 7.2137536145746726 18.458198605105281 5.0410627201199532 34.339866635622457 3.6188681512139729 2.0118126403540373 4.4448428247123983 86.586281211930327 5.6300078667700282 26.754544332623482 65.020255042531062 117.62247642583679 41.396372257499024
leaf_count=57192 109 100 59 89 51 50 533 79 122 110 141 305 42 34 36 40 11 39 53 46 132 37 23 11 504 19 261 188 611 622
internal_value=-3.56081e-05 0.0208432 0.000860679 0.0109642 -0.0140711 -0.0345584 -0.00040079 -0.0311481 -0.0142918 -0.0846411 0.0075038 0.000247807 0.0217758 -0.0896998 -0.0153684 -0.131704 -0.108929 0.0352697 -0.0172063 -0.141384 0.00556747 -0.0638042 -0.183905 0.000396814 -0.0161649 -0.0357605 -0.124132 0.00914911 -0.0190148 -0.0708009
internal_weight=8199.14 140.942 112.549 107.234 77.888 66.6181 8058.2 166.471 141.409 33.4483 107.96 7891.73 96.1719 10.3844 59.0328 9.00335 11.7884 85.7875 30.713 12.2548 50.0294 15.6896 7.58527 7883.31 347.455 195.848 31.1994 151.607 164.649 47.0264
internal_count=61649 726 617 517 428 369 60923 1210 677 232 445 59713 355 76 295 76 90 279 138 85 219 87 74 59408 2216 1524 272 692 1252 641
is_linear=0
shrinkage=0.1


Tree=92
num_leaves=31
num_cat=0
split_feature=3 5 19 3 11 17 14 11 6 5 8 17 18 5 2 4 4 12 5 5 10 4 4 7 9 17 15 13 7 2
split_gain=6.11152 17.704 14.3984 11.4625 26.4826 14.2052 24.8953 21.8697 14.6378 24.3698 14.1583 12.194 12.2264 11.7507 10.9472 10.0267 10.9696 18.0402 13.8715 13.7691 10.0567 31.4303 29.307 18.4608 17.2079 31.4414 21.6116 20.2415 23.7869 20.1554
threshold=0.01082285525887816 0.0094735133321348277 0.16537377238273623 0.015211693215074878 2.3897576972853335e-10 0.17598100142045456 0.0036971028894186024 6.2867053229886959e-10 3.921615014948067e-11 0.0080470098097425238 3.2316901868424734e-12 0.12892844460227273 0.15721798667536035 0.0040844430815187025 3.6814324355712661e-11 5.3616838357771965e-12 8.8600771927984331e-12 0.18933143466711047 0.0044839174761436328 0.0054711791436932332 1.5609737038612368 1.424878422531573e-11 4.3376755965615037e-11 0.014147029038215657 0.005136681067170328 0.091375177556818191 2.5389916118001569e-05 1.4916511178016665 0.013518945532137516 5.7856897649596218e-11
decision_type=2 2 2 2 2 2 2 2 2 2 2 2 2 2 2 2 2 2 2 2 2 2 2 2 2 2 2 2 2 2
left_child=1 2 -1 5 -5 6 10 -8 -7 -10 -2 -9 -13 -6 -14 -15 17 18 -17 -20 22 -22 24 -24 25 26 -18 29 -29 -26
right_child=3 -3 -4 4 13 8 7 11 9 -11 -12 12 14 15 -16 16 20 -19 19 -21 21 -23 23 -25 27 -27 -28 28 -30 -31
leaf_value=0.055632103413935957 -0.11300310039951167 0.03402907551396149 -0.11722633205395733 -0.10222096285239811 -0.13345939826855729 0.10320397093307909 -0.17687014281644728 -0.15945564757904326 -0.14404190609288389 0.06446882287797058 0.077487337212383198 0.081642844845383741 -0.20451959434153133 0.13676711844154263 0.050311547150945837 -0.1570612098361559 0.035057464740180982 -0.14541118772315254 0.040196926902992709 -0.14266605283957282 -0.11736166104386692 -0.00034921788393612999 0.0095378199690288219 -0.087210614870405795 0.073748151502669931 -0.092563712587790462 -0.11207036316587654 -0.065767022051133092 0.02552213486085407 -0.081204311347420927
leaf_weight=5.9945409379433867 4.4232033276930443 22.190664364490658 24.567159153404646 25.414889004081488 6.5898213537875554 37.603772900998592 11.27130242064595 4.3682823411654708 7.6816763812676099 20.736610571853817 33.099326090770774 13.057047420646997 3.564877920318394 5.3670173045247784 3.1980848461389542 5.5649228794500223 86.226804252248257 13.456578202545641 28.284754327032715 4.8192789239110416 23.028405630029738 7241.2884400637995 35.422416865592822 44.49845988675952 121.18502535577863 34.915173516841605 11.291186135262249 31.947290701325983 267.85621801763773 9.0192481167614442
leaf_count=239 557 103 873 1620 229 47 239 74 155 81 218 36 43 32 8 114 648 335 298 289 272 50261 626 1298 393 892 276 403 929 61
internal_value=-2.94203e-05 -0.0339568 -0.0833209 0.000190581 -0.000304333 0.0286603 -0.00174472 -0.0618246 0.0622707 0.00810681 0.0550321 -0.00821553 0.0251174 2.063e-05 -0.0840145 0.000131076 3.89354e-05 -0.0456851 -0.0109809 0.0135758 0.000340375 -0.000720156 0.0123337 -0.0443299 0.0203854 -0.0111331 0.0180222 0.0300924 0.0157943 0.0630146
internal_weight=8187.93 52.7524 30.5617 8135.18 7996.18 139.004 72.9821 35.4596 66.0221 28.4183 37.5225 24.1883 19.82 7970.76 6.76296 7964.17 7958.8 52.1255 38.669 33.104 7906.68 7264.32 642.362 79.9209 562.441 132.433 97.518 430.008 299.804 130.204
internal_count=61649 1215 1112 60434 58976 1458 1175 400 283 236 775 161 87 57356 51 57127 57095 1036 701 587 56059 50533 5526 1924 3602 1816 924 1786 1332 454
is_linear=0
shrinkage=0.1


Tree=93
num_leaves=31
num_cat=0
split_feature=5 10 18 2 17 14 8 13 13 6 6 0 12 8 7 13 7 3 17 5 13 1 19 19 8 18 8 8 3 10
split_gain=6.36183 24.0879 60.9031 43.7591 52.4564 39.9421 42.3996 46.403 38.7598 27.9538 22.3912 25.6717 30.7493 33.2723 22.3535 22.2122 22.0575 21.3589 59.545 53.8492 47.3469 33.1477 30.7506 34.1974 27.5379 47.133 32.8827 45.6616 28.8619 52.0412
threshold=0.028625409799784441 2.1460412740707402 0.22165980791165071 1.8482572748163513e-10 0.1314142400568182 0.0057789583224803218 6.3940780719574531e-12 1.8431069254875185 1.479933559894562 5.4205889440740582e-11 3.2850841795955342e-11 5.5097718671684827e-10 0.13662208616733554 6.7372185301685728e-12 0.022763673404996469 1.2521023750305178 0.0098283459099186826 0.092686557067459638 0.11641068892045457 0.011865907586488429 2.279909729957581 0.39316901767720774 1.0530713796615603 1.6121063232421877 1.8019718519989846e-11 0.20075711785730993 3.5848542211642884e-12 3.1165047736467643e-12 0.1112660348775933 2.229597926139832
decision_type=2 2 2 2 2 2 2 2 2 2 2 2 2 2 2 2 2 2 2 2 2 2 2 2 2 2 2 2 2 2
left_child=17 2 3 4 5 8 -7 -8 -2 10 15 -12 13 -13 -14 -3 -5 -1 19 -19 -20 -22 -23 -24 25 26 27 -21 -26 -30
right_child=1 9 -4 16 -6 6 7 -9 -10 -11 11 12 14 -15 -16 -17 -18 18 20 24 21 22 23 -25 28 -27 -28 -29 29 -31
leaf_value=0.0026407055307814242 0.0093707657408943143 0.12038016179241989 -0.090083391454705425 0.10628813735773446 -0.12141650531882955 -0.13016703099364979 0.090646485687080558 -0.13922934970393397 -0.14221956837156707 0.0049214964539411226 -0.15266352114777143 0.049936382801030049 0.075287293182637424 -0.12099974470351234 0.19318804212362728 -0.079403189559518472 -0.093614462873692059 -0.08968749983819764 -0.08992544774113316 -0.11441840236244621 0.096278897456826593 -0.17500441158838775 0.085783345331091401 -0.14833474480173311 -0.025651597657040944 0.10602486713417275 -0.074290601032536374 0.062102823776074935 0.13431308778706139 0.007644484745708769
leaf_weight=3633.097901299654 135.38442958716769 7.1965573169291046 90.076278513297439 6.0970811992883673 25.930671668727882 10.702717214822767 137.68371023982763 9.3795256875455362 19.267469450831413 1847.8973190641555 5.6565188169479361 86.184939398663118 51.243107207119465 13.120731737464665 23.435442298650742 24.548339090310037 58.292439004871994 70.566989995888434 153.49017753265798 20.893062136485241 27.005773223936558 12.794108156114815 19.621132422238592 9.1479962524026615 258.80640531191602 22.304109866265208 142.80093127844157 49.072844154317863 33.368340883404016 1159.1766031607985
leaf_count=25205 1494 58 2227 9 710 101 625 110 291 9721 63 406 162 241 43 197 482 1760 1254 974 58 113 36 70 1480 464 7852 872 69 4502
internal_value=-3.00539e-05 0.00410946 -0.01575 0.000875416 0.0152551 0.0265988 0.0620001 0.0759853 -0.00951528 0.00886209 0.0433101 0.0569916 0.0638079 0.0273515 0.112287 -0.0341124 -0.0746856 -0.00191248 -0.0102711 -0.00410454 -0.0590627 0.0100229 -0.046022 0.0113386 -0.000523386 -0.0322752 -0.0467731 0.00939045 0.00461936 0.0111888
internal_weight=8164.24 2552.1 492.814 402.738 338.349 312.418 157.766 147.063 154.652 2059.28 211.386 179.641 173.984 99.3057 74.6785 31.7449 64.3895 5612.15 1979.05 1756.99 222.059 68.569 41.5632 28.7691 1686.42 235.071 212.767 69.9659 1451.35 1192.54
internal_count=61649 16940 6049 3822 3331 2621 836 735 1785 10891 1170 915 852 647 205 255 491 44709 19504 17973 1531 277 219 106 16213 10162 9698 1846 6051 4571
is_linear=0
shrinkage=0.1


Tree=94
num_leaves=31
num_cat=0
split_feature=1 9 12 3 5 19 13 17 13 0 8 17 3 3 1 12 18 1 17 15 2 19 19 15 11 13 17 3 18 2
split_gain=6.77263 9.56702 16.3775 11.8274 21.2182 11.2167 10.9333 8.60777 8.66662 17.3193 16.5307 16.6778 19.1182 13.7895 17.5748 14.1145 12.4237 11.0384 11.7604 9.79363 9.52184 8.14738 12.4198 7.94336 26.6396 13.9654 30.6621 20.1464 16.0483 15.2259
threshold=0.61843722171060012 0.0079367675239480264 0.12250169366598131 0.11689410841785214 0.018365889073057164 1.0664930343627932 3.0050077438354497 0.033891157670454551 2.8798598051071171 4.5491570119490544e-09 1.7635169325123594e-09 0.099498401988636367 0.095049186676507261 0.09441449671700354 0.56585661271664212 0.25084516406059271 -0.060290128500624131 0.52984313142176431 0.12457830255681819 9.0642872237367569e-05 1.1020822715203889e-09 1.9645778536796572 0.96476939320564281 9.1573812824208303e-05 1.1272796918149199e-08 2.3650943040847783 0.1602228338068182 0.059523767026921671 0.2476645006919915 2.0369917381743842e-09
decision_type=2 2 2 2 2 2 2 2 2 2 2 2 2 2 2 2 2 2 2 2 2 2 2 2 2 2 2 2 2 2
left_child=7 -2 -3 6 5 -5 -4 -1 23 13 11 12 -11 -10 15 -15 -13 18 -18 -14 -17 22 -21 24 -9 26 29 -27 -28 -25
right_child=1 2 3 4 -6 -7 -8 8 9 10 -12 16 19 14 -16 20 17 -19 -20 21 -22 -23 -24 25 -26 27 28 -29 -30 -31
leaf_value=-0.10822435053059672 0.055001952618150954 -0.18911520030089601 0.065954631742310879 -0.22977749647606902 0.02435197726168516 0.016905472255804972 0.0026223687958376253 -0.0003240732079507891 -0.13092599045652262 -0.14129540911529778 -0.20838327125857772 -0.11038897459085584 0.083120072142803481 0.077203149277737693 -0.22282513082519029 -0.18935147107132455 0.036152247312377546 0.094827691719755677 -0.18872047618847088 -0.013593628696958611 0.011708330564083456 0.044269381871960306 -0.17046427236504053 -0.098739080484687214 -0.15006593648499708 -0.16186716542104621 0.050340658453134048 0.038178708958697509 -0.21075660833905815 0.024941748046483813
leaf_weight=7.4111714016762553 51.936693906085566 4.2131030755117527 40.426500484347343 7.2683699429035205 14.230911262333391 2.4695434272289276 83.684062653686851 7451.0713621624163 22.365712143946439 12.406284894794224 3.7479252279736093 4.5505338110961011 10.554581765085457 13.00132488366217 3.804358731955289 4.4698178544640523 10.875730576924978 32.285287891514599 2.9582604211755088 17.605005476623777 4.9793852716684341 11.201098216697572 7.0752923786640158 39.183682131348178 11.89963768632151 5.1771430266089729 53.806921516050352 182.43794911471196 2.4618045445531598 13.343019847525282
leaf_count=1604 538 39 82 73 78 8 392 54383 400 237 57 51 18 37 35 42 54 64 36 89 20 55 66 512 177 52 1538 766 25 121
internal_value=-4.05928e-05 0.0179397 0.0053003 0.0108317 -0.0534781 -0.167218 0.0232516 -0.000503735 -0.000402951 -0.0233034 -0.00187255 0.00519504 -0.0310183 -0.0732258 -0.0240728 0.00960676 0.0472492 0.0628032 -0.0119345 -0.00155563 -0.0834003 -0.0264632 -0.058565 7.48107e-05 -0.000562835 0.0161293 -0.0123749 0.0326585 0.0389174 -0.0673212
internal_weight=8132.9 204.229 152.292 148.079 23.9688 9.73791 124.111 7928.67 7921.26 161.881 113.26 109.512 58.8423 48.6206 26.2549 22.4505 50.6698 46.1193 13.834 46.436 9.4492 35.8814 24.6803 7759.38 7462.97 296.411 108.795 187.615 56.2687 52.5267
internal_count=61649 1210 672 633 159 81 474 60439 58835 1261 727 670 465 534 134 99 205 154 90 228 62 210 155 57574 54560 3014 2196 818 1563 633
is_linear=0
shrinkage=0.1


Tree=95
num_leaves=31
num_cat=0
split_feature=13 19 5 7 14 2 3 10 1 3 14 10 19 6 3 13 14 0 14 3 8 2 4 10 5 5 1 5 12 12
split_gain=5.91679 15.0316 11.3073 7.12125 25.3498 59.3745 27.7702 25.3438 53.7983 58.8274 37.2489 66.6339 46.831 78.1985 39.0286 69.5987 37.9913 37.1454 38.7185 37.0759 45.2729 37.832 36.3675 35.7447 39.0053 41.5133 33.685 30.5699 29.6229 27.9094
threshold=1.1377611160278323 0.26266634464263922 0.042267427294741235 0.028045270186760483 0.010778341442346575 3.284552673345241e-10 0.11689410841785214 2.6981446743011479 0.34658263256788691 0.12677908119744213 0.011001621372997763 2.4228965044021611 1.6748809218406679 1.2474347354665392e-10 0.14933803553793154 1.5134828686714175 0.0098135280422866362 9.0735761549478406e-10 0.0085272947326302546 0.055924516635474951 6.6535708897234695e-11 2.4500706361338956e-10 6.1114237496814272e-11 1.7512170672416689 0.030152665541704222 0.039867333774807494 0.40459548888392943 0.015518527125236553 0.30655229091644293 0.18151237815618518
decision_type=2 2 2 2 2 2 2 2 2 2 2 2 2 2 2 2 2 2 2 2 2 2 2 2 2 2 2 2 2 2
left_child=1 2 -1 4 -2 -6 -7 8 10 26 12 22 13 16 15 -15 17 23 -19 -13 -21 -22 -12 -5 -25 -26 -10 -17 -28 -11
right_child=3 -3 -4 7 5 6 -8 -9 9 29 11 19 -14 14 -16 27 -18 18 -20 20 21 -23 -24 24 25 -27 28 -29 -30 -31
leaf_value=-0.071363631118463666 0.0021220102582608742 -0.12840150697857708 0.087743395489104259 0.00035306052653145758 0.15710505498703964 0.046783906993520613 -0.061073388448927873 0.0026060935709485743 -0.12402491403917762 -0.1019347342521798 -0.15324237955735631 0.030688099017032979 0.029212223214713524 0.067363054235246286 0.11633903660446206 0.070356957183660349 -0.15707376101051121 -0.15915597044363736 0.09470874646452776 0.26115787866738682 -0.086986436351606258 0.034578819096887488 0.040155922151509982 -0.12722481288658113 0.04402142427742927 -0.11806629287537269 -0.055732090508013858 -0.10519379070043033 0.15108153651764553 0.030151358392008568
leaf_weight=8.2787899170653017 2361.0989119358128 12.469974508509038 9.700127315707503 86.542416321113706 35.765460362657905 65.690073287929408 37.498234942555428 3883.6336658210785 84.855065257521346 18.763460859656334 56.179148758761585 125.26597354002297 490.67705685971305 88.777041393332183 45.231862522661686 12.369592577219008 28.030316936783493 7.2480858610942951 35.108266670256853 4.6802642717957488 98.188541440293193 34.628480465617031 11.758238014299421 80.712493945844471 38.108233742415905 26.993702165782452 165.18012324383017 50.079391068778932 7.2288910783827296 108.49486661702394
leaf_count=692 29089 1471 24 716 64 280 235 19164 859 119 625 498 2215 282 65 50 294 72 90 5 747 132 62 875 252 421 1414 437 46 354
internal_value=-3.70779e-05 -0.044036 0.014479 0.000128549 0.00456483 0.0460731 0.00758898 -0.00185597 -0.012019 -0.0449368 -0.00243409 -0.0314909 0.00727327 -0.0142911 0.0348409 0.0104647 -0.046174 -0.0348584 0.051267 -0.00866634 -0.0445199 -0.0552916 -0.11977 -0.0505582 -0.0807746 -0.0231862 -0.0724463 -0.0704215 -0.0470607 0.0106761
internal_weight=8119.24 30.4489 17.9789 8088.79 2500.05 138.954 103.188 5588.74 1705.1 384.522 1320.58 330.701 989.878 499.201 196.458 151.226 302.744 274.713 42.3564 262.763 137.497 132.817 67.9374 232.357 145.814 65.1019 257.264 62.449 172.409 127.258
internal_count=61649 2187 716 59462 29668 579 515 29794 10630 2792 7838 2069 5769 3554 834 769 2720 2426 162 1382 884 879 687 2264 1548 673 2319 487 1460 473
is_linear=0
shrinkage=0.1


Tree=96
num_leaves=31
num_cat=0
split_feature=4 13 11 10 18 2 17 18 11 13 19 6 10 2 17 17 6 5 3 6 11 3 19 0 11 17 2 17 8 0
split_gain=6.171 24.4567 23.014 21.7544 18.9256 17.3767 21.0594 18.278 17.4733 36.8614 22.2867 19.8843 24.3201 32.3216 16.7467 16.5934 13.2689 21.3544 23.0206 24.4675 23.5767 20.1918 21.7077 12.2399 12.2086 12.0588 12.0028 31.7056 53.4928 30.1751
threshold=1.6966673995511993e-11 1.9387633800506594 2.7636568589173298e-09 1.7846078872680666 0.1271821322893216 1.0488411301725183e-10 0.17163085937500003 0.64855298069729062 1.2496211287960082e-09 1.6862414479255678 2.1811155080795293 1.9816618407242967e-11 1.3933207392692568 6.3524614649382643e-11 0.1207608309659091 0.15662730823863638 2.8515214478573465e-11 0.0092514575966583402 0.021464325967864035 6.0323503599134302e-11 6.0647195598839697e-10 0.01082285525887816 0.16537377238273623 8.1110093269948679e-10 1.9549140778396537e-10 0.15542879971590912 6.9859347934285803e-11 0.11459073153409093 6.9739567456684332e-12 1.5573290627002683e-10
decision_type=2 2 2 2 2 2 2 2 2 2 2 2 2 2 2 2 2 2 2 2 2 2 2 2 2 2 2 2 2 2
left_child=1 3 -3 5 -4 6 8 14 9 11 15 24 13 -13 -7 -10 -8 18 19 21 -20 22 -18 -9 -1 -14 27 28 -2 -28
right_child=26 2 4 -5 -6 7 16 23 10 -11 -12 12 25 -15 -16 -17 17 -19 20 -21 -22 -23 -24 -25 -26 -27 29 -29 -30 -31
leaf_value=-0.083467908429848234 -0.0082581043426132525 -0.16727197250630202 0.073627975781460409 -0.16899866116421111 -0.10860219596398522 -0.14489276407568771 0.088151316892086468 -0.0012618441894031716 -0.1853171178582792 -0.20868267442375521 0.06010294412860389 -0.18381450395012067 -0.11137165002144761 0.026660365986727459 0.096944653700673775 0.076411623424941344 0.1239174608727546 0.07126241600994325 -0.18347903291868994 -0.15078678193890682 0.00047417285295104917 0.048877098672126543 -0.14237695796667782 -0.28291335927243527 0.021119915334440121 0.067740379739958043 -0.11992539191771803 -0.013431732961110252 0.071617290976786874 -0.00013778715893399688
leaf_weight=13.779196063173002 157.46909961348865 18.565175669733435 11.421747697517278 7.85052327485755 11.374836034141479 3.0882573307026169 22.23918156279251 4.5848838789388529 7.6096897447714564 13.195740789640693 35.297586343483999 26.426008847425692 5.2978393789380815 10.078872680896891 39.327177100814879 3.5534735694527626 4.095572397112849 37.902599893510342 14.395693436264994 8.6962145031429809 13.502385547384618 69.055114070884883 12.120611367281525 2.3255761018954217 58.74015332525596 12.939512297511099 21.092424558009952 237.64556193200406 179.32260359544307 7026.21525502656
leaf_count=1267 1927 252 54 161 136 182 82 19 162 208 126 413 43 65 62 11 10 73 242 294 91 295 212 33 1799 26 496 3282 468 49158
internal_value=-4.73496e-05 -0.0112 -0.0846145 -0.00407364 -0.0172996 -0.000978021 -0.00843105 0.0547658 -0.0320072 -0.0495918 0.0211535 -0.0330957 -0.0785916 -0.125703 0.0793365 -0.102003 0.0157812 0.00570753 -0.0146813 0.00900052 -0.0944476 0.0252961 -0.0751214 -0.096046 0.00124748 0.0157094 0.000636675 0.0145363 0.034271 -0.000496309
internal_weight=8089.21 467.464 41.3618 426.102 22.7966 418.251 368.925 49.3259 186.918 140.457 46.4607 127.262 54.7422 36.5049 42.4154 11.1632 182.007 159.768 121.866 93.9675 27.8981 85.2713 16.2162 6.91046 72.5193 18.2374 7621.74 574.437 336.792 7047.31
internal_count=61649 6318 442 5876 190 5715 5419 296 4120 3821 299 3613 547 478 244 173 1299 1217 1144 811 333 517 222 52 3066 69 55331 5677 2395 49654
is_linear=0
shrinkage=0.1


Tree=97
num_leaves=31
num_cat=0
split_feature=1 3 12 5 11 17 9 14 1 2 4 19 2 9 9 6 8 17 13 0 14 8 5 17 1 19 1 12 3 0
split_gain=5.67626 24.8732 39.4248 24.2564 19.114 21.5344 32.0721 19.177 19.0125 18.6993 16.7577 23.7207 20.3366 18.4813 17.9241 16.9472 14.5265 14.2971 12.3217 11.959 11.403 16.3796 28.0847 17.84 11.7148 21.7724 10.9384 20.0369 11.0812 10.0103
threshold=0.53868430283911828 0.13145891242862692 0.29746229946613317 0.013564820025842417 5.9882412362100021e-09 0.1066006747159091 0.0434817790515876 0.011596891563385727 0.60633939634964962 5.93802738238061e-10 4.4138498771541186e-10 0.2688130140304566 1.6229688273742789e-09 0.025659710288944249 0.015753076255061602 1.5967666769063001e-10 9.9200466972279338e-11 0.035799893465909095 3.0050077438354497 3.629604619384805e-09 0.0060849101282656201 6.6262975472846116e-12 0.019728531309903253 0.068026455965909102 0.57859362044613627 1.2495083808898928 0.57859362044613627 0.15412807464599612 0.10784310238416178 7.5221929714138074e-09
decision_type=2 2 2 2 2 2 2 2 2 2 2 2 2 2 2 2 2 2 2 2 2 2 2 2 2 2 2 2 2 2
left_child=17 4 3 -3 9 6 7 16 -8 -2 11 13 20 15 -14 -5 19 -1 -19 -6 -13 -22 24 -24 -23 -26 -21 28 29 -28
right_child=1 2 -4 10 5 -7 8 -9 -10 -11 -12 12 14 -15 -16 -17 -18 18 -20 26 21 22 23 -25 25 -27 27 -29 -30 -31
leaf_value=-0.11959142107716375 0.081621673060182171 -0.15457738467474424 -0.2738664840954646 -0.17273944837762678 -0.1544453939757692 0.085153300108497476 -0.15953865269502945 0.040181031333958325 -0.014584964684108538 -0.17833196071481336 0.074175381852741445 -0.11986411316850031 -0.045521847347197136 -0.42120450997856712 -0.41430052075738139 0.061890311327613162 -0.11184263778721625 -0.00032630294914393944 -0.0666889038732177 0.082148197568319051 0.11693418078661261 0.073173453306481465 -0.17529729172037112 0.015373826368709652 -0.28119029809567725 0.068824801139642344 0.045859395753821926 -0.23877881041838417 -0.15003817815154447 -0.078344476540420357
leaf_weight=10.106536545907145 67.535494685987942 11.260872983490115 6.0877893161959937 8.8932432468282041 4.7619935384718692 36.163865439593792 17.465365720097907 136.34596617892385 18.776306141167879 2.8853823742247178 23.820246111601591 5.9320410745567633 3.5504655037075272 1.9432739615440358 2.0960407331585884 4.7082468066364518 14.463683608453719 7520.8707584260846 28.082914574421011 15.754956220742313 15.221006315201519 33.968020269647241 11.751016602851452 8.425475135445593 2.8729127997066817 4.6596589460968971 32.129817615146749 3.6593008283525696 4.1934760556323445 8.1311459382995945
leaf_count=1700 579 325 69 194 78 85 189 515 92 98 126 387 46 21 23 17 145 55705 372 68 39 74 236 25 40 14 148 41 138 60
internal_value=-4.49955e-05 0.0101932 -0.0247781 -0.0138768 0.0242091 0.0129258 0.00270987 0.0171031 -0.0844402 0.0709705 -0.00148327 -0.0188086 0.0012075 -0.132735 -0.182416 -0.0915208 -0.0207644 -0.000732307 -0.000573179 -0.00156997 0.0137251 0.0240304 0.00110305 -0.0956752 0.0481541 -0.0646705 0.00982829 -0.013853 0.0046619 0.0207751
internal_weight=8066.52 507.457 145.19 139.103 362.267 291.846 255.682 219.44 36.2417 70.4209 127.842 104.021 88.4766 15.5448 5.64651 13.6015 83.0944 7559.06 7548.95 68.6307 82.8301 76.8981 61.6771 20.1765 41.5006 7.53257 63.8687 48.1137 44.4544 40.261
internal_count=61649 3872 1636 1567 2236 1559 1474 1193 281 677 1242 1116 884 232 69 211 678 57777 56077 533 815 428 389 261 128 54 455 387 346 208
is_linear=0
shrinkage=0.1


Tree=98
num_leaves=31
num_cat=0
split_feature=18 2 11 1 5 9 19 3 6 12 4 9 3 18 4 3 7 8 7 17 7 17 7 19 2 18 4 3 11 9
split_gain=5.59329 43.56 35.06 26.4781 27.4648 20.7368 28.1001 25.5987 20.5636 19.3258 22.605 17.6494 16.4527 17.9207 17.4649 37.6469 27.2197 23.5699 50.5745 39.3979 22.5914 19.0571 33.1732 33.9444 44.3739 22.7726 21.9181 18.9072 18.4912 17.9492
threshold=0.35232735090804373 2.1830775736700087e-10 1.9571000375862017e-09 0.33048290756930981 0.037007459085033861 0.0076229798811459039 1.7146599292755129 0.063677291500112601 2.2084174553534611e-11 0.38618640601634985 1.1171258626589097e-10 0.0079367675239480264 0.046950509582860074 0.74338190549645922 1.5850489686065235e-10 0.091597216121477212 0.12083089377392044 7.8649395422651549e-10 0.13210962083023328 0.17385031960227273 0.14407278190874784 0.10944158380681819 0.031207551726702591 1.3786016106605532 6.9665720266823153e-10 0.67571289813283586 4.8599600994848139e-11 0.092686557067459638 2.4546419341575647e-09 0.11563488795976072
decision_type=2 2 2 2 2 2 2 2 2 2 2 2 2 2 2 2 2 2 2 2 2 2 2 2 2 2 2 2 2 2
left_child=-1 3 -3 4 5 -2 7 -7 -5 11 -11 -8 13 -4 17 16 -16 18 19 21 -18 22 26 -24 25 -25 -14 -28 -23 -17
right_child=1 2 12 8 -6 6 9 -9 -10 10 -12 -13 14 -15 15 29 20 -19 -20 -21 -22 28 23 24 -26 -27 27 -29 -30 -31
leaf_value=-0.0012187192997768661 -0.097688506535129588 0.093550304007680926 -0.15884572839935704 0.13964115198450552 -0.094423224200122308 0.072233934648272477 0.24885064346614519 -0.16581313759653601 -0.13592015977752661 -0.16210585023418428 0.096185862906694869 -0.0068239832942842988 0.12479964163286301 0.025884673043023106 -0.19929606612005882 -0.01516778757500422 0.013442396066517932 0.080330682168298029 -0.1952216637312503 -0.19000993485317946 -0.21062600405320075 -0.075154184028259172 0.099577548009657277 -0.13509759061504722 0.072332116473833655 0.017891450284165177 -0.10651475521732796 0.055162919149864223 0.044174386280631292 0.086891559159669993
leaf_weight=6708.9647441320994 22.598472413548734 61.893169331364334 11.164250379428269 3.0186697778990519 36.015623426763341 69.689569858135656 2.718875784892588 4.8305755853652945 26.320714653469622 15.599435277748855 4.3284985125064841 387.84664505813271 25.852222231216729 9.9154449570924026 15.260448572982567 42.236761523410678 21.825996048748497 67.540635701268911 10.941231071949003 8.6018280424177629 5.6682654581964007 13.536111295223234 14.783903405070303 50.153265677392483 18.138452023267746 12.071313478052614 10.82384153222665 21.803620604448952 319.5452351346612 29.107958506792784
leaf_count=54147 701 138 125 30 894 257 16 51 289 174 6 2088 68 36 157 215 72 175 89 73 50 73 35 440 31 51 95 110 907 56
internal_value=-3.92008e-05 0.00584945 0.0213715 -0.0150337 -0.0100396 -0.00405254 0.000310289 0.0568031 -0.107568 -0.00994531 -0.106003 -0.00504413 0.0150702 -0.0719524 0.017737 -0.0179952 -0.0921966 0.0248423 0.0174395 0.0221371 -0.0327519 0.0258865 -0.00324992 -0.0396805 -0.0652989 -0.105418 0.0560229 0.00152793 0.039325 0.0264714
internal_weight=8052.8 1343.83 770.864 572.967 543.628 507.612 485.014 74.5201 29.3394 410.493 19.9279 390.566 708.971 21.0797 687.891 114.099 42.7547 573.792 506.251 495.31 27.4943 486.708 153.627 95.1469 80.363 62.2246 58.4797 32.6275 333.081 71.3447
internal_count=61649 7502 2996 4506 4187 3293 2592 308 319 2284 180 2104 2858 161 2697 550 279 2147 1972 1883 122 1810 830 557 522 491 273 205 980 271
is_linear=0
shrinkage=0.1


Tree=99
num_leaves=31
num_cat=0
split_feature=13 5 3 7 17 17 4 12 3 3 11 8 10 3 0 1 17 18 9 14 14 17 4 13 19 11 2 14 7 4
split_gain=5.81991 36.8283 50.2024 32.025 40.7319 40.0272 53.4258 36.8417 43.5054 34.3111 33.1873 58.678 32.5208 33.0539 29.0341 30.9577 36.1096 31.081 33.7932 28.1548 45.1232 24.9775 24.4928 37.9933 48.9415 58.9926 43.6656 41.9716 40.5184 30.8479
threshold=1.6053253412246706 0.021615402927162367 0.052245725843514619 0.0449255024410335 0.14513050426136367 0.1061123934659091 4.3376755965615037e-11 0.15297989547252658 0.08831903962109057 0.044214198767767436 1.0088566093635622e-09 2.0984485030564628e-10 2.1157279014587407 0.070134166014925642 6.5803030929797252e-10 0.20529696190315092 0.1660822088068182 0.54716369856826297 0.0058163335705975145 0.014622737653553488 0.010238942690193655 0.14681729403409094 5.1559709051414207e-11 1.966363310813904 0.72690892219543468 4.0087857477999486e-09 1.3302550827172459e-10 0.0058193183504045018 0.048060261811553581 7.0620276859210224e-11
decision_type=2 2 2 2 2 2 2 2 2 2 2 2 2 2 2 2 2 2 2 2 2 2 2 2 2 2 2 2 2 2
left_child=1 2 19 5 -5 7 -7 -3 12 -6 21 -12 13 -9 15 -2 17 18 -17 20 -1 -11 23 -16 25 -25 27 -26 -28 -24
right_child=14 3 -4 4 9 6 -8 8 -10 10 11 -13 -14 -15 22 16 -18 -19 -20 -21 -22 -23 29 24 26 -27 28 -29 -30 -31
leaf_value=0.0024353879288225174 -0.0020382401748245296 -0.00032062948958434909 -0.054509463009140904 0.052403827810677962 0.10218210370843153 0.0071579156861428933 -0.11295788201141672 0.075050056803963441 -0.1380877940096224 0.084616582223719872 0.073317212822539543 -0.076753023141444832 0.27973352941981972 -0.1252968607525142 0.03298647484784966 0.057528613068934545 0.041735221609818525 0.041555082193836558 -0.084117284902409467 0.076932409182066203 -0.15961451429267462 -0.1529693881923512 -0.021927705715581225 -0.14724337648653016 0.064976514785025835 0.0078886707405090035 0.036170741732263645 -0.088262256705373285 -0.087933915088342918 0.0011426116272930697
leaf_weight=426.1374668237986 362.09929366398137 485.42807463323697 211.82848404953256 361.14251639414579 24.029638002626598 86.16344027291052 64.937337975250557 117.28712601214647 10.560198621824382 5.2686644084751597 53.52789219841361 50.764163320796797 7.1831839829683295 8.8567247241735441 541.77577057282906 18.360107200220227 40.442823547869921 26.816890890244395 203.84419632283971 47.462478855624795 17.905104260891676 27.631604934111238 690.72009257401805 48.220702317543328 23.780529647134244 49.858148443279788 321.37285547098145 71.961049473378807 28.652799635194242 3602.2767756190733
leaf_count=5629 2181 4974 9852 1322 87 1212 2411 328 130 19 91 1784 5 143 3173 196 109 110 1939 152 218 319 4631 656 112 313 1393 530 240 17390
internal_value=-3.87125e-05 0.004627 -0.0138133 0.0145824 0.0337463 0.00175516 -0.0444633 0.0128524 0.0572937 -0.00804705 -0.027354 0.000270518 0.0727689 0.0609834 -0.0015909 -0.0215272 -0.0459066 -0.0601403 -0.0724135 0.0037259 -0.00409894 -0.114922 0.000824185 0.0142433 -0.00442844 -0.0683824 0.00964286 -0.0502004 0.0260116 -0.00256928
internal_weight=8036.3 2006.11 703.334 1302.78 522.364 780.416 151.101 629.315 143.887 161.222 137.192 104.292 133.327 126.144 6030.18 651.563 289.464 249.021 222.204 491.505 444.043 32.9003 5378.62 1085.62 543.846 98.0789 445.767 95.7416 350.026 4293
internal_count=61649 28676 15851 12825 3622 9203 3623 5580 606 2300 2213 1875 476 471 32973 4535 2354 2245 2135 5999 5847 338 28438 6417 3244 969 2275 642 1633 22021
is_linear=0
shrinkage=0.1


end of trees

feature_importances:
rel_bp_alpha=286
rel_bp_theta=272
zero_crossing_rate=242
line_length=206
bp_gamma=198
hjorth_complexity=175
bp_alpha=152
rel_bp_gamma=151
rel_bp_delta=150
kurtosis=146
hjorth_mobility=144
rel_bp_beta=130
bp_beta=127
bp_theta=126
spectral_entropy=126
skewness=118
hjorth_activity=99
bp_delta=86
rms_amplitude=66

parameters:
[boosting: gbdt]
[objective: binary]
[metric: binary_logloss]
[tree_learner: serial]
[device_type: cpu]
[data_sample_strategy: bagging]
[data: ]
[valid: ]
[num_iterations: 100]
[learning_rate: 0.1]
[num_leaves: 31]
[num_threads: 2]
[seed: 42]
[deterministic: 0]
[force_col_wise: 0]
[force_row_wise: 0]
[histogram_pool_size: -1]
[max_depth: -1]
[min_data_in_leaf: 20]
[min_sum_hessian_in_leaf: 0.001]
[bagging_fraction: 1]
[pos_bagging_fraction: 1]
[neg_bagging_fraction: 1]
[bagging_freq: 0]
[bagging_seed: 400]
[bagging_by_query: 0]
[feature_fraction: 1]
[feature_fraction_bynode: 1]
[feature_fraction_seed: 30056]
[extra_trees: 0]
[extra_seed: 12879]
[early_stopping_round: 0]
[early_stopping_min_delta: 0]
[first_metric_only: 0]
[max_delta_step: 0]
[lambda_l1: 0]
[lambda_l2: 0]
[linear_lambda: 0]
[min_gain_to_split: 0]
[drop_rate: 0.1]
[max_drop: 50]
[skip_drop: 0.5]
[xgboost_dart_mode: 0]
[uniform_drop: 0]
[drop_seed: 17869]
[top_rate: 0.2]
[other_rate: 0.1]
[min_data_per_group: 100]
[max_cat_threshold: 32]
[cat_l2: 10]
[cat_smooth: 10]
[max_cat_to_onehot: 4]
[top_k: 20]
[monotone_constraints: ]
[monotone_constraints_method: basic]
[monotone_penalty: 0]
[feature_contri: ]
[forcedsplits_filename: ]
[refit_decay_rate: 0.9]
[cegb_tradeoff: 1]
[cegb_penalty_split: 0]
[cegb_penalty_feature_lazy: ]
[cegb_penalty_feature_coupled: ]
[path_smooth: 0]
[interaction_constraints: ]
[verbosity: -1]
[saved_feature_importance_type: 0]
[use_quantized_grad: 0]
[num_grad_quant_bins: 4]
[quant_train_renew_leaf: 0]
[stochastic_rounding: 1]
[linear_tree: 0]
[max_bin: 255]
[max_bin_by_feature: ]
[min_data_in_bin: 3]
[bin_construct_sample_cnt: 200000]
[data_random_seed: 175]
[is_enable_sparse: 1]
[enable_bundle: 1]
[use_missing: 1]
[zero_as_missing: 0]
[feature_pre_filter: 1]
[pre_partition: 0]
[two_round: 0]
[header: 0]
[label_column: ]
[weight_column: ]
[group_column: ]
[ignore_column: ]
[categorical_feature: ]
[forcedbins_filename: ]
[precise_float_parser: 0]
[parser_config_file: ]
[objective_seed: 16083]
[num_class: 1]
[is_unbalance: 0]
[scale_pos_weight: 1]
[sigmoid: 1]
[boost_from_average: 1]
[reg_sqrt: 0]
[alpha: 0.9]
[fair_c: 1]
[poisson_max_delta_step: 0.7]
[tweedie_variance_power: 1.5]
[lambdarank_truncation_level: 30]
[lambdarank_norm: 1]
[label_gain: ]
[lambdarank_position_bias_regularization: 0]
[eval_at: ]
[multi_error_top_k: 1]
[auc_mu_weights: ]
[num_machines: 1]
[local_listen_port: 12400]
[time_out: 120]
[machine_list_filename: ]
[machines: ]
[gpu_platform_id: -1]
[gpu_device_id: -1]
[gpu_use_dp: 0]
[num_gpu: 1]

end of parameters

pandas_categorical:[]
