tree
version=v4
num_class=1
num_tree_per_iteration=1
label_index=0
max_feature_idx=19
objective=binary sigmoid:1
feature_names=bp_delta rel_bp_delta bp_theta rel_bp_theta bp_alpha rel_bp_alpha bp_beta rel_bp_beta bp_gamma rel_bp_gamma spectral_entropy hjorth_activity hjorth_mobility hjorth_complexity line_length rms_amplitude variance zero_crossing_rate skewness kurtosis
feature_infos=[1.6304531455426513e-11:4.4178908571849848e-08] [0.012868393086247465:0.87996460213622418] [5.4511067598912403e-12:4.8998662173126532e-08] [0.0052087267016526695:0.50672826371444879] [2.0981635008511697e-12:2.9454812619259228e-08] [0.00199914514433193:0.29435287117329484] [3.0755425917673132e-12:2.3034634434088656e-08] [0.0015627471140435925:0.38308891399712669] [8.6026170835788429e-13:2.3234303583122159e-08] [0.00039139302895779777:0.49530154950508537] [0.36721134185791016:5.8551225662231445] [5.3122121285165136e-11:1.289652971081523e-07] [0.061995521187782288:1.2306011915206909] [0.89050710201263428:5.6886491775512695] [0.0020153357181698084:0.29283860325813293] [7.2376856223854702e-06:0.00034491036785766482] [5.3122121285165136e-11:1.289652971081523e-07] [0.01416015625:0.40709339488636365] [-2.0532801266420972:2.5196367901834575] [-0.51731336116790771:93.068817138671875]
tree_sizes=3480 3503 3499 3496 3502 3504 3511 3517 3526 3529 3525 3510 3502 3517 3548 3527 3509 3511 3515 3520 3495 3510 3519 3523 3503 3515 3519 3538 3512 3531 3503 3511 3509 3510 3522 3510 3499 3524 3515 3496 3491 3489 3507 3492 3492 3507 3501 3474 3498 3469 3491 3485 3471 3474 3515 3505 3468 3524 3507 3490 3511 3444 3478 3434 3504 3470 3474 3494 3414 3486 3434 3501 3485 3484 3448 3488 3486 3457 3479 3481 3453 3441 3463 3488 3457 3493 3442 3436 3434 3465 3473 3428 3450 3464 3510 3500 3514 3421 3459 3502

Tree=0
num_leaves=31
num_cat=0
split_feature=2 5 13 3 14 1 4 8 1 3 17 2 19 1 3 3 3 10 14 17 17 5 12 7 12 6 12 6 12 14
split_gain=6251.31 2262.79 1843.15 1862.52 1338.02 1241.12 876.898 744.992 649.404 561.407 550.763 578.178 494.34 458.853 557.735 444.183 365.866 308.409 302.367 278.991 342.07 278.555 254.554 246.018 244.843 240.928 693.691 277.497 239.388 524.159
threshold=8.4323212387313025e-10 0.024547856653838861 1.6738144755363467 0.055506210296983098 0.007463789079338313 0.10461415916324614 9.6428518998037467e-12 1.0214393456172646e-11 0.60059714714698165 0.095064708127083883 0.1445978338068182 5.1409875218563413e-10 2.3405376672744755 0.120776030122058 0.033229632379967726 0.029305635046125818 0.10888602392244383 1.7939264178276064 0.0067946272902190694 0.15600585937500003 0.097722833806818191 0.02049986870505607 0.39771589636802679 0.013450891552914705 0.0983904004096985 1.5792457564236346e-10 0.18212591111660006 3.7168321755546855e-11 0.11186454817652704 0.0042942301370203504
decision_type=2 2 2 2 2 2 2 2 2 2 2 2 2 2 2 2 2 2 2 2 2 2 2 2 2 2 2 2 2 2
left_child=1 2 3 6 -2 -3 -1 9 10 15 11 17 -6 14 -8 -7 -14 23 -13 20 -15 -22 -12 -4 -11 26 27 -9 -5 -30
right_child=4 5 8 28 12 7 13 25 -10 24 22 18 16 19 -16 -17 -18 -19 -20 -21 21 -23 -24 -25 -26 -27 -28 -29 29 -31
leaf_value=-0.13935188274559515 -0.13042195769307016 -0.13466263413614185 -0.1272645082546339 -0.19052332534767494 0.16579965349855716 -0.18085635388118829 0.020234429195051123 0.07168134464957808 0.10635224549284424 -0.169897382009948 0.080592590265223946 -0.15029257568149945 -0.12867854177298496 0.085465144806135443 -0.15219680218576728 0.11028706437963809 0.12005583829637764 -0.078226066032134764 0.050262170659960977 0.13787572286530994 -0.12853961733086081 0.068227807453058842 -0.048914527216915665 0.05054151844764878 0.024923964134996607 0.024906657897671027 -0.11439847155387685 -0.045609072104009447 0.018268359362661111 -0.15213026878456953
leaf_weight=561.90183217823505 178.10366868972778 474.15841311216354 99.383773609995842 1089.7030452936888 2484.2950099855661 53.943521723151207 445.4533024430275 524.54536785185337 431.47206987440586 68.61034719645977 647.73931407928467 83.100296884775162 101.3541764318943 347.28172631561756 324.03965109586716 1833.7989283055067 141.96807992458344 2204.8691194504499 788.13742217421532 268.96109840273857 202.31427229940891 111.64980947971344 198.21617345511913 358.59426230192184 1078.9365952461958 1634.5999317020178 591.12370552122593 327.74652832746506 208.1736147403717 1359.0749478936195
leaf_count=3662 1132 3050 626 8109 2497 392 1619 1419 897 485 1648 558 641 853 2187 3682 260 11935 2437 406 1279 309 968 1107 3830 5803 3586 1581 764 9171
internal_value=8.64617e-09 -0.0240642 -0.0547047 -0.0977519 0.135136 0.0211936 -0.0310534 0.0332821 -0.0106999 0.068436 -0.0222306 -0.0395798 0.152476 0.00474884 -0.0523777 0.101967 0.0164473 -0.0627157 0.0311329 0.0520055 0.0170779 -0.0585665 0.0502477 0.0119566 0.0132758 -0.00138379 -0.0311565 0.0265776 -0.154526 -0.129497
internal_weight=19223.3 16317.5 9730.07 4918.55 2905.72 6587.46 2261.6 6113.3 4811.51 3035.29 4380.04 3534.08 2727.62 1699.7 769.493 1887.74 243.322 2662.85 871.238 930.207 661.246 313.964 845.955 457.978 1147.55 3078.02 1443.42 852.292 2656.95 1567.25
internal_count=76893 72363 48535 28359 4530 23828 10315 20778 20176 8389 19279 16663 3398 6653 3806 4074 901 13668 2995 2847 2441 1588 2616 1733 4315 12389 6586 3000 18044 9935
is_linear=0
shrinkage=1


Tree=1
num_leaves=31
num_cat=0
split_feature=2 5 13 3 14 1 8 3 4 19 1 17 2 0 3 5 3 3 19 17 14 14 6 12 9 7 8 6 17 11
split_gain=5111.1 1970.19 1610.33 1363.6 1274.49 844.134 683.619 772.657 644.507 443.994 428.153 471.716 391.783 370.502 420.796 351.212 335.103 298.697 265.203 234.075 269.792 233.298 232.357 563.581 305.484 286.293 231.044 282.775 211.312 211.024
threshold=7.9356707145998149e-10 0.022175968771666828 1.6738144755363467 0.051952156087069774 0.0072954590432345876 0.10461415916324614 1.0214393456172646e-11 0.10697014390633715 9.6428518998037467e-12 2.0849463939666752 0.58542142751086901 0.13487659801136367 4.8250218139893471e-10 1.5201212284276689e-10 0.033229632379967726 0.028007717366880226 0.095064708127083883 0.029305635046125818 1.1895124912261965 0.15600585937500003 0.0041433144360780725 0.0067946272902190694 1.5792457564236346e-10 0.18485964089632037 0.0053107711934874966 0.013708611439279287 2.2024839854036334e-11 4.118749621412602e-11 0.11951793323863637 1.2842951702118912e-09
decision_type=2 2 2 2 2 2 2 2 2 2 2 2 2 2 2 2 2 2 2 2 2 2 2 2 2 2 2 2 2 2
left_child=1 2 3 8 -2 18 7 17 26 -6 11 12 -4 14 -10 -9 -11 -7 -3 20 -15 -14 23 24 -8 -26 -1 -28 -20 -24
right_child=4 5 10 -5 9 6 22 15 13 16 -12 -13 21 19 -16 -17 -18 -19 28 -21 -22 -23 29 -25 25 -27 27 -29 -30 -31
leaf_value=-0.18063511310105473 -0.12636258163893749 -0.14592171232500209 -0.067651443821300936 -0.14981185328350854 0.1487260077292126 -0.11721123922096724 -0.090129015189885808 -0.11592968822722988 0.0094498166013925397 -0.13571870526420715 0.083937058100095288 0.037095410045538506 -0.15663374773790692 0.086968315292465306 -0.16717388315313114 0.017954045022425001 0.089048050489094158 0.089913370494795558 0.13593284825229518 0.11935789500567612 -0.063854662699944525 0.038635796938896801 0.16497788271344377 -0.10257705377001035 0.11954003464722929 -0.0053434633578670881 0.059239652761714813 -0.16048218663066072 -0.12980072054697242 0.0087407615182355913
leaf_weight=324.89060166478157 199.82547023892403 413.35022178292274 1928.6104785948992 2375.2587278336287 2562.3339665979147 71.689110934734344 216.99573986232281 283.40491637587547 346.67645746469498 93.067975059151649 423.35200943052769 973.28662872314453 67.747412830591202 217.5613751411438 220.7982804775238 634.84002846479416 230.8863403648138 2418.5811076909304 69.674510017037392 284.01396921277046 260.74855181574821 631.58854161202908 90.229845732450485 703.99245657026768 304.55997402966022 462.08618424832821 117.42960554361343 116.86257202923298 52.453006789088249 2063.4045840352774
leaf_count=2448 1304 2843 10302 16635 2697 456 1225 1775 1315 618 993 3185 481 503 1616 2317 515 5403 122 474 1376 2051 91 4257 531 1899 376 838 345 7902
internal_value=-1.7701e-06 -0.0226326 -0.0565623 -0.0993827 0.117871 0.0134918 0.0224409 0.0550395 -0.0359717 0.13478 -0.0111921 -0.0223752 -0.0444008 0.00190598 -0.0592726 -0.0233675 0.0244754 0.0839507 -0.107669 0.0474473 0.00474783 0.0197193 -0.00648522 -0.0342687 0.0146195 0.0442681 -0.126049 -0.0503554 0.0218019 0.0152866
internal_weight=19160.2 16074.1 8288.83 4264.24 3086.11 7785.26 7249.78 3408.52 1888.98 2886.29 4024.59 3601.23 2627.95 1329.8 567.475 918.245 323.954 2490.27 535.478 762.324 478.31 699.336 3841.27 1687.63 983.642 766.646 559.183 234.292 122.128 2153.63
internal_count=76893 71759 42593 25581 5134 29166 25856 9951 8946 3830 17012 16019 12834 5284 2931 4092 1133 5859 3310 2353 1879 2532 15905 7912 3655 2430 3662 1214 467 7993
is_linear=0
shrinkage=0.1


Tree=2
num_leaves=31
num_cat=0
split_feature=15 5 7 8 1 2 5 2 5 3 17 14 14 13 17 19 5 17 14 14 1 14 1 13 3 1 17 6 5 12
split_gain=4228.79 1801.15 1235.33 720.553 659.544 544.904 631.828 511.589 506.92 613.585 511.012 525.248 479.677 463.118 411.743 379.744 336.255 301.877 302.603 292.341 337.752 278.717 300.883 265.204 254.423 253.041 251.865 214.488 211.184 199.162
threshold=7.7911325206514461e-05 0.021064257204701977 0.015469244484323413 1.0895439178844109e-12 0.11395973213842424 1.2353395980114451e-10 0.028877808390474932 6.2897340861112595e-10 0.012765023828175659 0.12611171673584434 0.15853604403409094 0.0041433144360780725 0.0072432549204677352 1.6487744450569155 0.10100763494318184 2.0849463939666752 0.0064995551709462283 0.1163662997159091 0.010993930511176588 0.0052523922640830287 0.29813846991921039 0.005699598230421544 0.33323362725359024 1.7633930444717409 0.034018592918227973 0.13657673302724824 0.11374733664772728 4.5249867796630609e-11 0.031703879771174205 0.27798129618167883
decision_type=2 2 2 2 2 2 2 2 2 2 2 2 2 2 2 2 2 2 2 2 2 2 2 2 2 2 2 2 2 2
left_child=1 2 3 -1 26 14 21 -2 16 10 11 -10 -9 -5 -6 -14 27 -18 -19 -8 -21 -7 29 24 -13 -12 28 -4 -3 -23
right_child=7 4 8 13 5 6 19 12 9 -11 25 23 15 -15 -16 -17 17 18 -20 20 -22 22 -24 -25 -26 -27 -28 -29 -30 -31
leaf_value=0.14115133655080306 0.0067884986637718626 0.07756018063127236 0.0026642957375510147 -0.14080129157462351 0.10087353640759129 -0.097654062937833574 0.083535177251947479 -0.15091938699224272 0.10129402704974477 0.038847422124114794 -0.11418755141325253 0.063604942338555834 0.14196008973092886 -0.052158244277380396 0.0018105562016641108 0.031510371873297381 -0.041174696177324353 0.10625606755844051 -0.13120504748469444 -0.04060033452998911 0.04082399357421361 -0.14554412264041425 0.013560800880128952 -0.068304041432910481 -0.15853001499448477 0.071650115982075629 -0.13532606920958146 -0.17185994338609328 -0.095712712920929852 -0.034079849433325739
leaf_weight=113.26663774251938 458.96949630975723 136.49465511739254 185.0127677321434 2099.5316392481327 1196.4217129647732 524.22156170010567 858.0568183362484 63.464332401752472 132.91775117814541 674.66598330438137 94.182365417480469 55.035813614726067 2333.157705783844 819.42158564925194 646.17301224172115 359.21366330981255 237.44143602252007 699.68882736563683 58.122532919049263 740.34917788207531 1633.348358348012 218.13732498884201 1307.154556915164 959.31015238165855 816.70980839431286 329.97670535743237 397.75664930045605 113.69256764650345 145.12772606313229 604.58509074151516
leaf_count=141 1752 376 764 14935 2324 3184 1979 453 310 2202 596 159 2321 4219 2593 1212 1165 1399 369 3505 5185 1508 4878 5169 6029 836 2763 863 878 2826
internal_value=-6.77068e-06 -0.0212828 -0.0573026 -0.106314 0.0103721 0.0186761 0.00381937 0.104539 -0.0231913 -0.0453624 -0.0691524 -0.0906496 0.120819 -0.115917 0.0661335 0.127224 0.0292879 0.0572152 0.0880433 0.033511 0.015428 -0.0323345 -0.0162576 -0.104583 -0.144506 0.0303858 -0.0840928 -0.0637627 -0.0117321 -0.0636336
internal_weight=19011.6 15796.8 7388.98 3032.22 8407.83 7728.45 5885.85 3214.81 4356.76 3062.8 2388.13 1963.97 2755.84 2918.95 1842.59 2692.37 1293.96 995.253 757.811 3231.75 2373.7 2654.1 2129.88 1831.06 871.746 424.159 679.379 298.705 281.622 822.722
internal_count=76893 71155 39156 19295 31999 27982 23065 5738 19861 15301 13099 11667 3986 19154 4917 3533 4560 2933 1768 10669 8690 12396 9212 11357 6188 1432 4017 1627 1254 4334
is_linear=0
shrinkage=0.1


Tree=3
num_leaves=31
num_cat=0
split_feature=2 4 3 1 14 1 5 12 3 14 4 17 2 12 19 19 14 13 3 5 2 7 1 7 1 17 14 17 17 17
split_gain=3551.88 1252.34 1055.32 893.809 794.225 495.216 448.377 407.534 406.615 376.649 351.373 321.661 583.303 352.476 308.466 290.932 272.3 269.1 258.042 245.355 225.421 207.412 206.089 202.975 207.892 198.755 193.383 164.098 159.635 220.826
threshold=8.4323212387313025e-10 7.0787688610299354e-11 0.066984254723346057 0.11395973213842424 0.007463789079338313 0.54719319253958643 0.021444586744629807 0.11372553929686548 0.052473304543227718 0.0044685448519885549 3.7674793785993233e-11 0.083207563920454572 2.2945615902314541e-10 0.099878184497356429 2.4520994424819951 1.1895124912261965 0.0054415895137935886 1.7300584316253664 0.10888602392244383 0.0068563185123467164 4.1391884685790383e-10 0.010880799768742986 0.33323362725359024 0.0049994107918605564 0.55176322553406532 0.066206498579545456 0.0054911044426262387 0.14734996448863638 0.15232155539772732 0.095769708806818191
decision_type=2 2 2 2 2 2 2 2 2 2 2 2 2 2 2 2 2 2 2 2 2 2 2 2 2 2 2 2 2 2
left_child=1 2 3 15 -2 7 8 26 19 21 -11 12 -3 -14 -6 25 -7 -8 -16 -5 -13 -9 -21 -15 -25 -1 -4 -10 29 -12
right_child=4 11 5 6 14 16 17 9 27 10 28 20 13 23 18 -17 -18 -19 -20 22 -22 -23 -24 24 -26 -27 -28 -29 -30 -31
leaf_value=0.12721488435737324 -0.1029501354071178 0.10068719551573531 -0.15136518343969924 -0.066220191798580227 0.12863816601231814 -0.17451150777647204 0.082376377536038076 -0.17545207688782621 -0.091207187650281171 -0.1413967939539911 -0.039261947703040735 -0.027070718901063481 -0.11113294227664716 -0.16809365386224329 -0.11865169444434571 -0.0016873239224505774 0.081292765573371437 -0.05694574244207852 0.097781094779973945 0.045787131150590556 0.026709550293428919 0.061966135944039859 -0.08355428181498796 0.010155401190777964 0.090097344950758634 -0.10725249139031548 0.066865021477967773 0.027623213116556602 0.059721861651696406 -0.11243937805357596
leaf_weight=37.341054558753967 173.41193507611752 1029.2930745184422 974.80494168400764 292.85848788917065 2383.5020491927862 49.207171335816383 1076.059491828084 42.173094749450684 633.00449708104134 712.85145770013332 1124.1552955806255 1977.7957885712385 219.18624425679445 54.126712970435619 95.386682316660881 407.01595278829336 269.64510728418827 159.13812564313412 130.38364155590534 1346.0048190578818 1286.2359897792339 288.62638463079929 135.60205847024918 1427.7862884104252 421.28838802874088 1136.9460152611136 42.370885476469994 142.34404514729977 106.89738747477531 651.29581858217716
leaf_count=63 1132 1891 7563 1621 2534 389 2474 330 3959 5222 5572 9004 1414 377 622 1778 674 828 242 4176 4416 847 779 5344 912 7549 143 499 317 4222
internal_value=-1.23834e-05 -0.0181015 -0.0409075 -0.0114032 0.104283 -0.0780564 0.0149758 -0.0877494 -0.00897953 -0.0687946 -0.081604 0.0161246 0.0389114 0.00895196 0.118056 -0.074544 0.0418155 0.0644266 0.00633947 0.0174173 -0.00587787 0.0316981 0.0339493 0.0227818 0.0283692 -0.0997967 -0.142275 -0.0693915 -0.0589602 -0.0661059
internal_weight=18826.7 16044.1 9628.34 5366.31 2782.68 4262.03 3785.01 3943.18 2549.81 2926 2595.2 6415.71 3151.68 2122.39 2609.27 1581.3 318.852 1235.2 225.77 1774.47 3264.03 330.799 1481.61 1903.2 1849.07 1174.29 1017.18 775.349 1882.35 1775.45
internal_count=76893 72363 49005 23726 4530 25279 14336 24216 11034 16510 15333 23358 9938 8047 3398 9390 1063 3302 864 6576 13420 1177 4955 6633 6256 7612 7706 4458 10111 9794
is_linear=0
shrinkage=0.1


Tree=4
num_leaves=31
num_cat=0
split_feature=2 5 14 13 10 17 1 1 8 3 5 14 17 3 19 5 14 3 6 14 15 13 4 5 10 3 8 14 9 7
split_gain=2977.16 1179.59 1097.85 875.281 636.867 519.993 517.918 398.979 395.171 508.301 360.073 418.801 544.068 314.337 303.737 255.2 229.19 204.861 197.468 534.742 195.951 190.534 184.177 209.959 182.62 239.732 219.844 196.399 181.208 179.184
threshold=7.0602741109290518e-10 0.021444586744629807 0.007032230496406556 1.5227535367012026 1.5480636358261111 0.14548561789772732 0.086539347512852319 0.54719319253958643 1.0214393456172646e-11 0.10697014390633715 0.0087794455911373009 0.0041433144360780725 0.16151012073863638 0.030020781320413425 2.2392854690551762 0.027242891799395413 0.0052279545925557622 0.10888602392244383 1.3162521009942124e-10 0.0075197953265160331 0.00010580760863376783 2.1183768510818486 5.4266554319585681e-11 0.028656930268828196 1.730814576148987 0.12611171673584434 9.3424571200484428e-12 0.0061662164516747007 0.12424858721770486 0.0048196255551848661
decision_type=2 2 2 2 2 2 2 2 2 2 2 2 2 2 2 2 2 2 2 2 2 2 2 2 2 2 2 2 2 2
left_child=1 3 -2 4 10 7 -3 16 9 13 -1 -12 -13 -8 20 -11 -5 -16 19 -10 -4 -21 -20 -24 -18 26 -26 -27 -7 -9
right_child=2 6 14 5 -6 28 8 29 18 15 11 12 -14 -15 17 -17 24 -19 22 21 -22 -23 23 -25 25 27 -28 -29 -30 -31
leaf_value=-0.10916516934755693 -0.11394728626686478 -0.11139409075488499 0.088991966646417578 -0.1288348613279181 -0.13250739106825069 0.056409648350192125 -0.090990551637886025 -0.079239025862528081 0.005515763774179918 -0.10853548122385048 0.064676530189767753 -0.13262664147797948 0.15233892361873635 0.06874329500754621 -0.078659043092604936 0.0080283264778007995 0.026054690470631976 0.079044871698544031 0.10652583109817547 -0.14412296359371138 0.1425949105119933 -0.0029035665879898059 -0.02317891028659522 0.040666711403930321 0.069393860117610853 -0.15347959805467848 -0.079902166724286267 0.026888459652586114 -0.12770433450104149 0.07196561413088369
leaf_weight=475.0849007293582 255.99142446368933 346.71538604050875 1562.2263465449214 340.84709729254246 1597.9165850356221 906.05807117372751 129.69004666060209 96.420381128787994 1154.351181358099 266.54940288513899 459.50636868178844 326.99470643699169 84.2641257122159 2460.9006496667862 143.5614228323102 635.94674544036388 345.6866120994091 193.25427186489105 186.84120792150497 439.74225932359695 1210.3450227826834 122.05829028785229 1257.2408277913928 872.55154760181904 105.12955234199762 68.821619942784309 1595.8546532317996 491.58990312367678 56.808541417121887 418.73046186566353
leaf_count=3312 1774 2418 2819 2454 12305 2516 788 541 4556 1815 1339 2418 90 5881 833 2382 1241 409 377 3142 809 528 5635 2794 352 527 9589 1819 360 1070
internal_value=-1.58805e-05 -0.0188111 0.0851103 -0.0475634 -0.0898205 -0.0194576 0.00810468 -0.0375313 0.01361 0.0382313 -0.0391388 -0.000932773 -0.0742391 0.0607467 0.101498 -0.0263984 -0.0517203 0.0118265 -0.00771638 -0.0334261 0.112392 -0.113441 0.0113293 0.00297791 -0.0416384 -0.0519863 -0.0706749 0.00473827 0.045547 0.0436648
internal_weight=18607.7 15242.3 3365.38 7369.71 2943.77 4425.95 7872.59 3463.08 7525.87 3493.09 1345.85 870.765 411.259 2590.59 3109.39 902.496 2947.93 336.816 4032.79 1716.15 2772.57 561.801 2316.63 2129.79 2607.08 2261.4 1700.98 560.412 962.867 515.151
internal_count=76893 70249 6644 39933 19464 20469 30316 17593 27898 10866 7159 3847 2508 6669 4870 4197 15982 1242 17032 8226 3628 3670 8806 8429 13528 12287 9941 2346 2876 1611
is_linear=0
shrinkage=0.1


Tree=5
num_leaves=31
num_cat=0
split_feature=15 5 7 2 8 1 14 5 8 3 5 17 17 17 19 14 12 5 17 14 14 8 3 9 6 3 3 2 3 10
split_gain=2521 987.775 835.954 533.367 509.946 389.259 386.133 374.175 347.089 550.368 349.23 323.585 355.768 313.322 289.842 232.377 281.572 214.388 274.452 239.655 203.459 192.359 186.101 185.558 180.671 178.549 174.933 222.126 174.437 210.678
threshold=7.036234092083761e-05 0.021064257204701977 0.015469244484323413 7.0602741109290518e-10 1.0895439178844109e-12 0.086539347512852319 0.0072954590432345876 0.012765023828175659 1.0393800542714115e-11 0.094044630321489728 0.027242891799395413 0.089288884943181837 0.15027965198863638 0.10877574573863637 3.173859834671021 0.0054415895137935886 0.17104279994964602 0.0068563185123467164 0.1046475497159091 0.010993930511176588 0.01464963471516967 3.4967909572748404e-11 0.038594131682106313 0.11078089201267856 7.1257802270331018e-11 0.061904346323371613 0.036338378656291331 2.6367988204416026e-10 0.028647362798774782 2.5433540344238286
decision_type=2 2 2 2 2 2 2 2 2 2 2 2 2 2 2 2 2 2 2 2 2 2 2 2 2 2 2 2 2 2
left_child=1 2 4 25 -1 -3 -5 17 9 13 -11 -9 26 -7 -8 -6 -17 21 -19 -20 24 -4 -15 -22 -14 -2 -13 -28 -10 -30
right_child=3 5 7 6 15 8 14 11 28 10 -12 12 20 22 -16 16 -18 18 19 -21 23 -23 -24 -25 -26 -27 27 -29 29 -31
leaf_value=0.12182567973409329 -0.077723371192181492 -0.097535217000548735 0.029695008412705892 -0.080167950055160198 -0.11764155433884305 0.073741165488348151 0.11199080967727509 0.015824811364602225 0.10344336035530383 -0.094534032133311352 0.014811931923266056 0.039717702356589141 0.040354380338689322 -0.17803715072759088 -0.023520204245218369 -0.015942992656060157 -0.14995926918616981 -0.07405253617107023 0.092389444634877638 -0.1184260196628842 0.1066193922716253 -0.12473206566889672 0.036378649630676281 -0.10154826885894544 -0.13025784616182404 0.031130853328908123 -0.12892710582886652 -0.046608282267900598 -0.043129610633802946 0.0060695315300781823
leaf_weight=109.54813820123672 177.78830119222403 351.42461697012186 173.48041770607233 119.98106552660465 1857.6712196990848 2057.9472347423434 2456.0309273824096 788.41392002999783 127.24173088371754 407.89337488263845 1028.7325634285808 103.67949765175581 110.47619273513556 80.887161649763584 168.67826495319605 570.20522368699312 216.22278765588999 144.10465797781944 708.93778886646032 58.363325349986553 230.7673711553216 150.75714989006519 81.030600987374783 52.576496906578541 141.65147136151791 988.40549992024899 796.72743044048548 556.93014741688967 1563.1755804568529 1963.8130191639066
leaf_count=141 976 2466 675 790 14233 4537 2940 3121 294 2720 3645 356 367 646 773 2785 1757 844 1481 376 398 1085 259 312 984 3279 6067 2996 7937 7653
internal_value=-2.57449e-05 -0.0193236 -0.047154 0.0711907 -0.0895935 0.00526828 0.0952628 -0.0180609 0.01021 0.0319924 -0.0162341 -0.0384042 -0.0598588 0.0632031 0.103282 -0.0983529 -0.0527898 0.0277285 0.052573 0.0763542 0.00984592 -0.0421072 -0.0707343 0.0679924 -0.0554997 0.0145358 -0.0854706 -0.095059 -0.0115859 -0.0157357
internal_weight=18343.5 14432.7 6770.51 3910.88 2753.65 7662.15 2744.69 4016.87 7310.72 3656.49 1436.63 2781.22 1992.81 2219.86 2624.71 2644.1 786.428 1235.64 911.406 767.301 535.472 324.238 161.918 283.344 252.128 1166.19 1457.34 1353.66 3654.23 3526.99
internal_count=76893 68135 37978 8758 18916 30157 4503 19062 27691 11807 6365 14601 11480 5442 3713 18775 4542 4461 2701 1857 2061 1760 905 710 1351 4255 9419 9063 15884 15590
is_linear=0
shrinkage=0.1


Tree=6
num_leaves=31
num_cat=0
split_feature=15 4 3 1 12 14 13 8 9 5 1 8 17 19 3 19 10 3 14 17 14 7 19 14 17 17 15 10 4 3
split_gain=2133.89 892.179 785.678 567.248 345.583 348.983 310.72 288.151 348.139 276.965 262.223 249.817 339.633 247.327 234.312 230.942 203.684 196.841 195.726 194.068 192.692 182.612 169.294 184.269 153.92 152.516 152.256 143.367 142.654 136.482
threshold=8.8471810158807798e-05 7.0787688610299354e-11 0.066984254723346057 0.11626893067365504 0.0983904004096985 0.0051843801047652968 1.6738144755363467 1.0895439178844109e-12 0.0041626576777449376 0.022954551653251689 0.32223998750355004 1.0393800542714115e-11 0.14641779119318185 1.1008090376853945 0.051385466286151142 0.81264972686767589 1.5240558385849001 0.12856355507537762 0.0047298304270952949 0.043701171875000007 0.005699598230421544 0.0048196255551848661 0.99340543150901806 0.0095151425339281576 0.11285955255681819 0.066206498579545456 4.1651575884316123e-05 1.6854478716850283 1.4260686769251987e-11 0.038594131682106313
decision_type=2 2 2 2 2 2 2 2 2 2 2 2 2 2 2 2 2 2 2 2 2 2 2 2 2 2 2 2 2 2
left_child=1 2 3 15 -3 16 9 -5 27 -4 -7 24 14 -2 28 25 -6 -15 -11 -18 -12 -22 -14 -24 -10 -1 -8 -9 -13 -17
right_child=13 4 6 7 5 10 26 8 11 18 20 12 22 17 -16 29 19 -19 -20 -21 21 -23 23 -25 -26 -27 -28 -29 -30 -31
leaf_value=0.10560689450962223 0.11790555926888553 -0.10623420353916634 -0.11139636321436447 0.12466421901209764 -0.17157140702278667 -0.023233043140422245 -0.096325870022349463 -0.15526043611140308 0.089260107463739718 0.022391738121064139 -0.074067701292686652 -0.11107843755548596 0.11225471708029844 0.0035296796502412215 -0.074354093295583415 0.011683413558724702 -0.11154177239124514 0.11474766345970772 -0.085775065270828163 0.095606155887753702 -0.16900071800630831 0.031557372173753907 0.062930018471494639 -0.039896465068708593 -0.092226153301278466 -0.09467413446728358 -0.019580899646363465 0.0076233149092661615 0.019880790004557902 -0.14272230213794221
leaf_weight=39.614105433225632 1433.9415467306972 226.87687328457832 1660.011071279645 224.40625311434269 32.129313595592976 1676.8567874506116 316.14872317016125 175.36306607723236 560.27524225413799 313.58735099434853 190.41153970360756 93.091799512505531 288.812161013484 429.27785250544548 622.16950225830078 494.73118171840906 47.751511693000793 252.87676304578781 358.56671593338251 855.29823895543814 45.968184143304825 3668.5228820890188 434.98065140843391 290.78218220174313 50.983765840530396 946.06245288997889 1417.8859778121114 78.10468327999115 781.10548097640276 64.737522810697556
leaf_count=70 1441 1589 13438 239 263 7445 2132 1309 1215 1117 1044 600 485 1601 3966 2194 307 280 2181 1520 337 11860 1173 1341 316 6825 6699 333 3047 526
internal_value=-3.15432e-05 -0.0125458 -0.032779 -0.00681623 0.0150908 0.0193145 -0.0656314 0.0149365 0.00764204 -0.0894677 0.0098425 0.0167922 0.00283572 0.0943255 -0.027448 -0.0574985 0.0758497 0.0447585 -0.0353108 0.0846526 0.0240459 0.0290754 0.0475004 0.0217318 0.0741227 -0.0866249 -0.033573 -0.105069 0.00593516 -0.00618326
internal_weight=18071.3 15955.2 9211.42 5145.22 6743.82 6516.94 4066.2 3600.07 3375.67 2332.17 5581.76 3122.2 2510.94 2116.1 1496.37 1545.15 935.179 682.155 672.154 903.05 3904.9 3714.49 1014.57 725.763 611.259 985.677 1734.03 253.468 874.197 559.469
internal_count=76893 73571 49206 23639 24365 22776 25567 14024 13785 16736 20686 12143 10612 3322 7613 9615 2090 1881 3298 1827 13241 12197 2999 2514 1531 6895 8831 1642 3647 2720
is_linear=0
shrinkage=0.1


Tree=7
num_leaves=31
num_cat=0
split_feature=2 4 3 8 8 13 17 3 17 12 14 1 13 1 17 6 5 1 10 3 8 8 9 14 6 4 5 12 14 5
split_gain=1830.81 715.902 637.636 418.11 645.407 309.078 309.025 382.551 386.983 217.946 304.909 241.196 213.941 206.66 192.915 183.816 175.07 167.687 167.538 161.282 159.272 150.94 239.885 154.418 187.423 181.097 144.969 164.242 144.353 140.292
threshold=1.0498662927810071e-09 7.0787688610299354e-11 0.081324552520397234 1.0895439178844109e-12 5.4167243186939999e-12 1.6738144755363467 0.080899325284090925 0.054601463913369772 0.14734996448863638 0.099878184497356429 0.0051843801047652968 0.65351319501645333 1.4069362282752993 0.11626893067365504 0.11143909801136366 3.0257497246493965e-11 0.01652904075048825 0.30755491718819677 2.5561480522155766 0.025930562606753079 1.8855888443125609e-11 1.3093966225241811e-11 0.027281279855188089 0.0060906829312443742 3.8107386488854767e-11 1.7347156667396095e-10 0.023542322460459602 0.13062056154012683 0.0059947695117443809 0.02842807755518351
decision_type=2 2 2 2 2 2 2 2 2 2 2 2 2 2 2 2 2 2 2 2 2 2 2 2 2 2 2 2 2 2
left_child=1 2 3 -1 -5 26 16 13 -9 28 15 17 -2 14 -8 -11 -6 21 -10 -16 -14 23 -23 25 -25 -12 -4 -28 -3 -17
right_child=12 9 5 4 6 -7 7 8 18 10 11 -13 20 -15 19 29 -18 -19 -20 -21 -22 22 -24 24 -26 -27 27 -29 -30 -31
leaf_value=0.11525821224356164 -0.15993342325354379 -0.11853830278056232 -0.11311521658494966 -0.10212156803030491 -0.00068207334154253866 -0.030722785035591796 0.065892810046289815 -0.083563301633236858 -0.060677156326243577 -0.025292866039892555 -0.085061997147842586 0.12221364496813775 -0.037888228944192782 0.023999056097820892 -0.014745641865863666 -0.16632663864055985 0.097687297653102745 0.015257093238958323 0.095356498072900531 -0.10850345291248918 0.10571143652935466 -0.15629188055731522 -0.024626623393338962 0.097114716528042558 -0.20287605874931358 0.064431930764818457 0.0077001221694254609 -0.12083925678981121 0.055239848210476554 0.099192967985262448
leaf_weight=251.58222779631615 32.419953428208828 196.73334137350321 1245.2281851246953 764.47398961335421 313.54190466552973 1282.6253718137741 162.16041739284992 1120.5749476179481 103.6370310485363 163.13078733533621 220.12738534808159 180.52071540057659 80.873195976018906 2084.0413142219186 434.1710154786706 20.461205899715424 427.73722694069147 4046.7098460644484 204.79918689280748 317.74578369408846 1718.3684118315578 173.46400976926088 684.08181881159544 241.92992953211069 22.787711411714554 128.2417494431138 243.99621506035328 167.747828386724 63.142533197999001 724.73175193369389
leaf_count=297 265 1499 10766 5707 1409 6514 573 7752 594 731 1177 166 413 7445 2247 166 914 14359 432 2489 2040 1344 3142 483 177 317 994 1147 197 1137
internal_value=-3.06389e-05 -0.0108785 -0.0292337 -0.011008 -0.0163623 -0.0675779 -0.00367738 -0.0136831 -0.0562616 0.0135132 0.0170469 0.0084691 0.0946692 0.00661134 -0.0330316 0.0708547 0.0560796 0.00474751 0.0429279 -0.0543659 0.0992568 -0.0241715 -0.0512598 0.0137179 0.0712906 -0.0300302 -0.0961066 -0.0446679 -0.0763151 0.0919024
internal_weight=17821.8 15990.1 9124.06 6184.47 5932.88 2939.6 5168.41 4427.13 1429.01 6866.06 6606.19 5697.86 1831.66 2998.12 914.077 908.324 741.279 5517.34 308.436 751.917 1799.24 1470.63 857.546 613.087 264.718 348.369 1656.97 411.744 259.876 745.193
internal_count=76893 74175 49280 29859 29562 19421 23855 21532 8778 24895 23199 21165 2718 12754 5309 2034 2323 20999 1026 4736 2453 6640 4486 2154 660 1494 12907 2141 1696 1303
is_linear=0
shrinkage=0.1


Tree=8
num_leaves=31
num_cat=0
split_feature=2 8 8 5 1 3 10 14 5 6 11 4 17 2 10 14 9 19 6 14 12 14 6 3 8 8 14 3 14 6
split_gain=1548.58 597.487 745.384 327.142 420.37 352.395 488.397 334.972 295.41 319.607 280.345 268.037 258.295 257.703 242.845 240.334 235.532 215.806 201.774 186.514 184.456 163.605 207.356 153.325 158.878 153.249 168.741 152.573 151.881 223.959
threshold=1.0498662927810071e-09 5.8678776749616986e-12 1.0895439178844109e-12 0.028877808390474932 0.60059714714698165 0.043074100358781169 2.4236050844192509 0.0041433144360780725 0.0064995551709462283 8.011709359504734e-11 1.8261103740258024e-09 6.7900864076340952e-11 0.15343128551136367 4.6661038763889451e-10 1.3943486213684084 0.0051619401201605805 0.10793943817081293 2.0849463939666752 3.0257497246493965e-11 0.0077512264251708993 0.1399791017174721 0.0053452057763934144 7.6840061508207289e-11 0.1169585187085653 2.2024839854036334e-11 3.5857700179883934e-12 0.0055687071289867171 0.12146177773727578 0.005874534137547017 1.8961493235551367e-11
decision_type=2 2 2 2 2 2 2 2 2 2 2 2 2 2 2 2 2 2 2 2 2 2 2 2 2 2 2 2 2 2
left_child=1 2 -1 4 5 8 7 -7 -3 -10 -9 -4 13 -8 -5 18 -14 19 20 -2 -16 -12 23 28 -25 -13 -27 -19 -23 -30
right_child=17 3 11 14 -6 6 12 10 9 -11 21 25 16 -15 15 -17 -18 27 -20 -21 -22 22 -24 24 -26 26 -28 -29 29 -31
leaf_value=0.10750877878473775 -0.05520255631720359 -0.06278446403999112 -0.096923900570545576 -0.096967767748462275 0.072518659178385056 0.062680386820503073 -0.041023190622813656 -0.096684093167389837 0.060262082277616071 -0.06447697581864216 -0.11640242409849061 0.061411715726817355 0.10018857311881191 0.017189394148332052 0.03427250510970551 0.013886783464260928 -0.040669571795371229 -0.1088313199145009 0.098739392917795737 0.10847923747405729 -0.22040855163738737 0.091061924481074974 -0.11602155608638882 -0.12093981921380403 0.041618156274320584 -0.094442643115298958 0.081549566895897416 0.07482241678857314 -0.1359659500511031 0.017132022268055245
leaf_weight=245.91637826710939 72.997058145701885 342.96608003228903 1565.2745550498366 166.90827338397503 548.82588151842356 220.80614487081766 1665.0224514603615 1449.2746740654111 1265.7206443473697 245.19665502011776 217.54983655363321 179.35398312658072 403.73220116645098 1399.8262639343739 114.60025572031736 3226.7911016270518 168.15098812431097 87.944867037236691 659.19729048758745 1503.1776887103915 37.824057646095753 197.32840244472027 204.11438106000423 195.38536485284567 86.849336616694927 240.87929674237967 70.40269473940134 93.146549880504608 114.76379728317261 570.71408974379301
leaf_count=303 449 2112 12655 1224 1174 777 8875 11135 3724 1375 1827 545 736 4838 316 11764 802 573 997 1519 303 545 1422 1414 328 1612 182 177 782 2408
internal_value=-3.35611e-05 -0.00993595 -0.0570277 -0.00190746 -0.0123769 -0.0177034 -0.0281121 -0.0562393 0.0210005 0.040019 -0.0648883 -0.0767086 -0.00292341 -0.0144354 0.0212361 0.0261215 0.058772 0.0890202 0.0747635 0.100899 -0.0289265 -0.0358464 -0.0230466 -0.00675748 -0.0709174 -0.0122158 -0.0546385 -0.0143668 0.0137546 -0.00849988
internal_weight=17560.6 15803.4 2301.83 13501.5 9296.23 8747.4 6893.52 3256.79 1853.88 1510.92 3035.98 2055.91 3636.73 3064.85 4205.32 4038.41 571.883 1757.27 811.622 1576.17 152.424 1586.71 1369.16 1165.04 282.235 490.636 311.282 181.091 882.806 685.478
internal_count=76893 74175 15297 58878 44274 43100 35889 20638 7211 5099 19861 14994 15251 13713 14604 13380 1538 2718 1616 1968 619 8726 6899 5477 1742 2339 1794 750 3735 3190
is_linear=0
shrinkage=0.1


Tree=9
num_leaves=31
num_cat=0
split_feature=15 5 8 8 1 13 14 17 19 17 2 17 14 4 14 6 14 9 7 1 10 6 14 9 17 4 15 5 14 14
split_gain=1327.41 563.096 585.957 314.536 234.806 224.651 361.579 332.08 210.592 182.102 267.148 178.462 208.365 189.196 226.46 214.002 527.475 208.053 236.426 174.456 190.333 174.449 185.433 176.663 295.178 165.273 159.128 155.572 153.444 150.295
threshold=8.8471810158807798e-05 0.021064257204701977 7.6085575589197853e-12 1.0895439178844109e-12 0.086539347512852319 1.5227535367012026 0.0041433144360780725 0.17180841619318185 0.58380785584449779 0.14925870028409094 4.8250218139893471e-10 0.040371981534090919 0.0047298304270952949 1.316549087236481e-10 0.0052523922640830287 2.895037888788931e-11 0.0055926295462995776 0.009707987797235312 0.0055882674773248212 0.54719319253958643 1.7939264178276064 1.2071635116078222e-10 0.0051619401201605805 0.096421494343720118 0.13935990767045456 1.601904533820897e-11 3.7154715755605146e-05 0.030824118919790474 0.0061149434186518201 0.005699598230421544
decision_type=2 2 2 2 2 2 2 2 2 2 2 2 2 2 2 2 2 2 2 2 2 2 2 2 2 2 2 2 2 2
left_child=1 2 3 -1 27 6 -4 -8 -2 10 19 29 -13 15 -15 16 -14 18 -18 20 25 22 -17 24 -23 -7 -16 -3 -12 -6
right_child=8 4 5 -5 11 9 7 -9 -10 -11 28 12 13 14 26 21 17 -19 -20 -21 -22 23 -24 -25 -26 -27 -28 -29 -30 -31
leaf_value=0.090034644039338807 0.11250228971457812 0.0072406686666573218 0.071415515553278061 -0.097038174869544039 -0.11329272935701717 -0.08289498193014827 -0.11021476576244926 0.013502569815735169 0.04590123028458451 0.03823991040741806 -0.15508160122791415 0.055229400985816204 -0.10968545886125843 0.12130029152269323 -0.055038515571944127 0.015457656966619427 -0.10487326212373321 -0.10569349117556255 0.077362418891257639 0.05665789577035138 -0.059237937470153934 -0.0093344465524140673 -0.067851014604987353 -0.06737944789728717 0.096380362590703414 0.04204185910845197 0.031077438422785559 -0.13496911302515194 0.037936904886971066 0.0098767436708444532
leaf_weight=95.850059948861599 939.43700060248375 130.19924851506948 199.58553250879049 1442.2545245215297 207.91858792304993 143.50983262062073 766.72109010070562 302.58426897972822 959.84586039185524 817.37825535982847 43.092181675136089 1064.0998733788729 234.16338682174683 249.96561790257692 245.68678632378578 364.29381746798754 76.341101683676243 76.148786894977093 1055.4175634533167 198.20533102750778 1563.0552872791886 1053.5870693251491 1002.2612098455429 299.84736220538616 352.49416364729404 403.82105325907469 1694.4489127323031 188.00435217469931 931.23665265738964 189.23593927174807
leaf_count=141 873 727 591 12724 1589 859 6732 1394 2449 2432 376 2926 1532 261 1237 1257 467 533 2410 583 9990 4556 5913 1616 736 1402 5264 1740 2850 733
internal_value=-3.12054e-05 -0.00976431 -0.0309626 -0.0853804 0.00749418 -0.0153737 -0.0521438 -0.0752061 0.0788439 -0.00399464 -0.0145102 0.0107782 0.0141207 0.0075963 0.0317144 -0.00410389 0.027676 0.0543047 0.06507 -0.0330423 -0.0414668 -0.0190198 -0.0456427 0.00230685 0.0171675 0.00928349 0.0201722 -0.0767812 0.0294002 -0.054605
internal_weight=17290.7 15391.4 6907.29 1538.1 8484.11 5369.19 1268.89 1069.31 1899.28 4100.3 3282.92 8165.91 7768.76 6704.66 2190.1 4514.55 1442.07 1207.91 1131.76 2308.59 2110.39 3072.48 1366.56 1705.93 1406.08 547.331 1940.14 318.204 974.329 397.155
internal_count=76893 73571 40074 12865 33497 27209 8717 8126 3322 18492 16060 31030 28708 25782 6762 19020 4942 3410 2877 12834 12251 14078 7170 6908 5292 2261 6501 2467 3226 2322
is_linear=0
shrinkage=0.1


Tree=10
num_leaves=31
num_cat=0
split_feature=2 8 8 1 5 17 14 13 7 6 17 12 13 1 5 19 7 14 8 8 7 14 10 15 12 3 14 9 7 8
split_gain=1149.72 440.371 561.505 249.973 282.714 254.233 244.888 329.114 246.322 232.203 199.385 211.235 267.584 200.854 198.247 189.614 175.907 433.158 187.659 164.28 160.606 158.881 162.1 210.997 174.663 173.003 150.296 137.164 133.841 128.398
threshold=1.0498662927810071e-09 5.8678776749616986e-12 1.0895439178844109e-12 0.68039045059227432 0.028007717366880226 0.15462979403409094 0.0041433144360780725 1.4099707603454592 0.011495793833509281 4.0199007731300062e-11 0.040771484375000007 0.14535690099000934 1.2740364670753481 0.3057339376337973 0.022285910541176866 2.0849463939666752 0.016688373095256951 0.0056461757048964509 1.3093966225241811e-11 1.8855888443125609e-11 0.029823284174864136 0.0051619401201605805 1.6137818694114687 4.1864203012664809e-05 0.39771589636802679 0.051385466286151142 0.0055149653926491746 0.026293183026761275 0.013450891552914705 2.1307900758330904e-11
decision_type=2 2 2 2 2 2 2 2 2 2 2 2 2 2 2 2 2 2 2 2 2 2 2 2 2 2 2 2 2 2
left_child=1 2 -1 4 5 6 8 14 -3 -4 -6 12 -12 16 -8 19 17 -13 -19 -2 -18 28 -23 25 -25 -24 -22 -28 -9 -7
right_child=15 3 9 -5 10 29 7 21 -10 -11 11 13 -14 -15 -16 -17 20 18 -20 -21 26 22 23 24 -26 -27 27 -29 -30 -31
leaf_value=0.097149909501638307 -0.043115596190565958 -0.1036707992327548 -0.079721546735324375 0.099091182017915364 -0.12743407333049162 -0.16761244520612514 -0.12030761883297569 -0.13367588605179789 0.095853518580964511 0.032326872913065456 0.10854092707839853 -0.15216706581506645 0.017974912977536808 0.03759656380045194 -0.010663193936122726 -0.017583666733134686 -0.083992383474011917 0.081552036768451686 -0.16134218984701929 0.10052900364467619 0.081292728009159113 0.048666376219679341 0.0069807018791463674 -0.003855075343174533 -0.098172103850575981 -0.082415242058092683 -0.13561638657004657 -0.0071053207517726208 -0.0067552144490344058 0.029285688767092383
leaf_weight=231.05530255287886 84.57713820040226 77.400126710534096 1732.8961023166776 241.95676156133413 93.287692487239838 33.927470155060291 544.84546503424644 211.06165212392807 308.46346215158701 207.0487375035882 527.29585348814726 111.47495178878307 855.5704954713583 1145.3708259984851 236.47741586714983 176.93259681761265 475.23488216102123 477.52564850449562 34.077912271022797 1357.5825903266668 147.28845705091953 383.5100511610508 298.23149014264345 3991.9702665060759 206.50180820375681 789.72978021204472 104.38279914110899 406.45565897971392 137.02574823051691 1389.5709910467267
leaf_count=303 474 609 14256 320 606 282 5322 2001 707 738 670 906 2789 3448 1173 750 3007 1004 283 1494 298 1231 1213 17562 1205 6104 775 1770 709 4884
internal_value=-4.0777e-05 -0.00846856 -0.0502114 -0.00161799 -0.00349431 -0.0140161 -0.0216652 -0.0260631 0.0558311 -0.0677627 0.0171955 0.0203445 0.0525083 0.0050167 -0.0871223 0.0801182 -0.0162285 0.0264528 0.0653729 0.0921048 -0.0396931 -0.0181357 -0.0141098 -0.018664 -0.00849406 -0.0579101 -0.00770449 -0.0333648 -0.0837131 0.0245928
internal_weight=17018.7 15399.6 2171 13228.6 12986.7 8608.72 7185.22 6799.35 385.864 1939.94 4377.97 4284.68 1382.87 2901.81 781.323 1619.09 1756.44 623.079 511.604 1442.16 1133.36 6018.03 5669.94 5286.43 4198.47 1087.96 658.127 510.838 348.087 1423.5
internal_count=76893 74175 15297 58878 58558 43002 37836 36520 1316 14994 15556 14950 3459 11491 6495 2718 8043 2193 1287 1968 5850 30025 27315 26084 18767 7317 2843 2545 2710 5166
is_linear=0
shrinkage=0.1


Tree=11
num_leaves=31
num_cat=0
split_feature=2 8 8 1 5 5 17 14 13 5 3 7 3 8 13 2 19 14 17 12 13 1 2 6 17 1 6 10 13 8
split_gain=977.649 369.499 475.881 211.935 232.534 209.211 208.73 202.187 285.835 273.5 323.786 214.753 185.323 220.087 225.782 205.354 167.588 153.701 152.161 177.602 239.219 168.194 140.345 186.332 145.281 205.309 164.216 140.531 140.068 135.398
threshold=1.0498662927810071e-09 5.7817323598141361e-12 1.0895439178844109e-12 0.68039045059227432 0.028007717366880226 0.016695337202353704 0.15462979403409094 0.0041433144360780725 1.774289131164551 0.021444586744629807 0.054088833153325418 0.011495793833509281 0.015376825076985066 3.5857700179883934e-12 1.6738144755363467 5.8605476616077197e-11 2.0849463939666752 0.010622692294418814 0.040771484375000007 0.14535690099000934 1.3087356686592104 0.32223998750355004 5.4126081640080427e-10 6.992582690518711e-11 0.12231445312500001 0.5426870208700123 5.0260602439198881e-10 3.3595175743103032 1.4189494252204897 1.9594932358697117e-10
decision_type=2 2 2 2 2 2 2 2 2 2 2 2 2 2 2 2 2 2 2 2 2 2 2 2 2 2 2 2 2 2
left_child=1 2 -1 4 6 -4 7 11 9 28 29 -3 -7 15 -15 -14 17 -2 -6 20 -20 -21 24 -24 25 -10 -26 -25 -9 -11
right_child=16 3 5 -5 18 12 -8 8 22 10 -12 -13 13 14 -16 -17 -18 -19 19 21 -22 -23 23 27 26 -27 -28 -29 -30 -31
leaf_value=0.091287181118048399 -0.0079593378722863303 -0.098070144804738801 -0.10774947781576179 0.093104120255814299 -0.10837161109079291 0.14798714726552878 0.022180691257786697 -0.11806563430216221 -0.050683426133329212 0.10490236973463239 -0.042143403546922614 0.087793075469680876 -0.13307063629020724 -0.099500258053476773 0.13543917549678439 0.039073001878807107 -0.015791602495053708 0.099283776019771619 0.094993371264437118 -0.013540921252362845 0.010976951291606519 0.037081821726224727 -0.078467928253376784 0.051303131753579839 0.036950827423127726 0.033061735404932013 -0.065019785278626133 -0.059812699899533806 -0.054965925968812938 -0.12312195386113478
leaf_weight=221.79360088706017 150.08355141431093 77.791417449712753 681.22480577230453 232.27510933578014 96.883445888757706 51.247426189482212 1419.3861775696278 507.72149858623743 1537.1802340000868 256.17674954235554 811.77076319605112 309.49283665418625 85.262364625930786 609.30803862214088 43.848888479173183 370.10605803132057 177.290078766644 1219.7662305608392 604.97670525312424 1867.6330568268895 770.53703435510397 1011.9464823156595 160.31957966089249 907.61582995206118 700.54083041101694 361.61006619781256 203.89695312827826 130.14127247780561 1145.4444931894541 28.987134717404842
leaf_count=303 640 641 7078 320 620 157 5167 5334 8828 486 4702 712 714 5060 70 1617 750 1328 890 8565 2611 2977 949 2342 2577 1189 1129 613 8339 185
internal_value=-3.92645e-05 -0.00774519 -0.047093 -0.00156925 -0.00327259 -0.0637643 -0.0128431 -0.0198069 -0.0238376 -0.0486568 -0.00994242 0.0504599 -0.0379283 -0.0465233 -0.0837279 0.00684114 0.0756937 0.087534 0.0155476 0.0183691 0.0479289 0.004249 -0.00677939 0.021868 -0.019023 -0.0347348 0.0139625 0.0373685 -0.0743452 0.0817235
internal_weight=16752.3 15205.1 2062.79 13142.3 12910.1 1841 8558.08 7138.69 6751.41 2750.1 1096.93 387.284 1159.77 1108.53 653.157 455.368 1547.14 1369.85 4351.98 4255.09 1375.51 2879.58 4001.3 1198.08 2803.23 1898.79 904.438 1037.76 1653.17 285.164
internal_count=76893 74175 14999 59176 58856 14696 43193 38026 36673 19046 5373 1353 7618 7461 5130 2331 2718 1968 15663 15043 3501 11542 17627 3904 13723 10017 3706 2955 13673 671
is_linear=0
shrinkage=0.1


Tree=12
num_leaves=31
num_cat=0
split_feature=2 8 8 6 1 5 17 1 3 4 10 14 1 7 1 7 15 3 14 19 3 14 17 6 17 3 9 5 14 3
split_gain=831.41 316.165 420.654 231.153 178.838 189.494 171.825 160.778 230.21 266.829 198.565 215.618 222.145 196.444 188.031 174.057 170.316 160.304 149.031 148.174 139.324 138.658 138.568 229.97 150.041 130.255 325.783 141.42 131.591 126.198
threshold=1.0498662927810071e-09 5.5089662968493765e-12 1.251449712762284e-12 4.0199007731300062e-11 0.68039045059227432 0.028007717366880226 0.15462979403409094 0.48310752121923189 0.043074100358781169 1.601904533820897e-11 2.4236050844192509 0.0044685448519885549 0.25974216466280375 0.039459585439106319 0.32578722259332143 0.0048196255551848661 3.0280719329311981e-05 0.065737799691883189 0.0052523922640830287 2.0849463939666752 0.027207850478984909 0.010622692294418814 0.12710848721590912 2.0837897739960491e-10 0.040771484375000007 0.015376825076985066 0.0028277550715849254 0.0058799123619429549 0.0036208678502589469 0.12146177773727578
decision_type=2 2 2 2 2 2 2 2 2 2 2 2 2 2 2 2 2 2 2 2 2 2 2 2 2 2 2 2 2 2
left_child=1 2 20 25 5 6 7 8 9 -3 11 12 -10 14 -11 -9 -13 -18 -17 21 -1 -2 24 -24 -7 26 -4 -28 -29 -21
right_child=19 4 3 -5 -6 22 -8 15 10 13 -12 16 -14 -15 -16 18 17 -19 -20 29 -22 -23 23 -25 -26 -27 27 28 -30 -31
leaf_value=-0.11109289537345512 -0.0071540797492971129 -0.073545979544480555 -0.1299009882603761 0.040674799809087489 0.087120431816759658 -0.10066269371542046 0.01997439997901768 -0.1031364217218092 0.05669657715480006 0.077894021256115095 -0.01469867734775991 -0.11236396864440737 -0.12505652701501035 -0.11076586573680852 -0.11223754739522036 -0.13638431824375022 0.0038690091518104432 -0.071655367232825215 0.031167847839282226 -0.10021544514903494 0.096345042108367501 0.09498249102393963 -0.12465453492057686 0.0095755738270646949 0.024196622729908079 -0.091395036070430119 -0.12675761116243575 0.24583963607635023 -0.14580328593066014 0.068413346688810328
leaf_weight=37.463807001709938 150.2688305079937 243.70840933918953 96.428806014358997 181.11095451563597 223.16178485751152 98.837220758199692 1417.3587692305446 118.45822698622942 286.0178719162941 645.55373962968588 2428.3526631891727 617.1479819715023 87.917611941695213 72.092083834111691 56.572145186364651 55.560172252357006 402.86159680783749 929.41062235832214 1191.9126990363002 86.991732008755207 238.50580789148808 1151.0935528576374 181.89671270549297 427.86523145437241 3666.7373417466879 1211.2903158664703 16.943790428340435 64.176218874752522 9.9029905870556814 90.602682366967201
leaf_count=252 640 1544 1081 625 323 645 5169 775 1006 1684 11598 6237 968 554 370 591 2018 7276 4041 573 354 1328 1559 1524 12186 11426 195 84 90 177
internal_value=-3.94299e-05 -0.00708919 -0.0457281 -0.0656264 -0.00163679 -0.00316888 -0.011828 -0.018145 -0.0254487 0.0177087 -0.034694 -0.055593 0.0139638 0.0464338 0.0625746 0.0127052 -0.0689353 -0.0488178 0.0237054 0.0714958 0.0681846 0.0831887 0.0137581 -0.0304663 0.0209194 -0.0793904 -0.00181797 0.133872 0.193484 -0.0141867
internal_weight=16486.2 15007.2 1855.82 1579.85 13151.4 12928.3 8552.92 7135.57 5769.63 1017.93 4751.71 2323.36 373.935 774.218 702.126 1365.93 1949.42 1332.27 1247.47 1478.96 275.97 1301.36 4375.34 609.762 3765.57 1398.74 187.452 91.023 74.0792 177.594
internal_count=76893 74175 14107 13501 60068 59745 43831 38662 33255 4152 29103 17505 1974 2608 2054 5407 15531 9294 4632 2718 606 1968 15914 3083 12831 12876 1450 369 174 750
is_linear=0
shrinkage=0.1


Tree=13
num_leaves=31
num_cat=0
split_feature=2 8 8 6 17 3 8 3 5 2 3 12 8 14 5 5 3 13 4 1 17 9 4 13 12 5 6 6 9 14
split_gain=708.963 267.702 354.932 184.904 157.415 410.917 289.551 211.286 198.307 184.895 223.539 264.051 207.054 280.193 215.384 170.572 146.076 144.031 141.456 139.579 164.34 338.814 225.479 157.25 154.364 145.181 175.275 136.17 163.482 169.114
threshold=1.0498662927810071e-09 5.5089662968493765e-12 1.0895439178844109e-12 4.0199007731300062e-11 0.082053444602272749 0.087693682580305451 1.4559603332614985e-11 0.12461047867163839 0.040821970898790319 4.1391884685790383e-10 0.052473304543227718 0.26911841332912451 1.2733452973022864e-11 0.005874534137547017 0.013768608397251273 0.01747881553533006 0.10759731496861158 1.5844638347625735 2.3749530648846908e-11 0.33144950704705917 0.11143909801136366 0.011745113491392766 2.0655882820158625e-11 1.3287435173988345 0.2803905457258225 0.0064995551709462283 4.5249867796630609e-11 1.5211209857336414e-11 0.015423852160027273 0.011122362222522499
decision_type=2 2 2 2 2 2 2 2 2 2 2 2 2 2 2 2 2 2 2 2 2 2 2 2 2 2 2 2 2 2
left_child=1 2 -1 -4 5 27 7 15 -9 10 19 12 13 -12 18 -7 -16 -18 -14 20 22 -22 -6 -23 25 26 -25 -3 -29 -30
right_child=-2 4 3 -5 9 6 -8 8 -10 -11 11 -13 14 -15 16 -17 17 -19 -20 -21 21 23 -24 24 -26 -27 -28 28 29 -31
leaf_value=0.081349663493484881 0.067696554764284739 -0.047721926193454556 -0.070859304721517025 0.036534394849962661 -0.073317914991426453 -0.10799912123844119 0.029987864461469862 -0.11598084449692934 0.016196853265188296 0.01835339177265647 -0.084848017297132067 -0.0063925811988889735 -0.13376479478893302 0.051413520534015579 -0.11531708877322099 0.0042742862172037771 -0.14741252276838965 0.056031063843597954 0.083587492386346274 -0.088746114612518717 -0.09793384490401541 -0.1090307046061231 0.074600224432867082 0.03012494536435802 -0.024138724319064577 0.059948188813416931 -0.15690271745249029 0.070152844504823522 -0.15208097976579654 0.047182085462980958
leaf_weight=204.37109276652336 1410.362230271101 128.78012070804834 1409.6416913121939 180.89360945671797 124.59379215538502 155.56441480666399 1123.6965526640415 453.22809042036533 151.43133629113436 1828.5609570965171 285.98081260919571 1726.6147851869464 40.676173366606236 319.50435668975115 922.52486691623926 1039.6787665784359 51.932837083935738 105.47674275189638 113.47498831152916 157.90932423621416 338.43262437731028 101.97619320452213 596.08973158895969 157.27800255268812 550.72042810171843 851.9601112678647 73.536475196480751 1456.0358359068632 70.244227707386017 108.19391667842865
leaf_count=303 2718 761 13178 626 831 1542 3966 3915 530 6287 2050 8007 472 1048 8323 4241 487 484 439 995 2714 989 1457 614 2536 2486 619 3449 544 282
internal_value=-5.47707e-05 -0.00649849 -0.0427052 -0.0586453 -0.00151251 0.0131535 -0.00984155 -0.0347074 -0.0828782 -0.00974728 -0.0176298 -0.0344794 -0.0608416 -0.0129451 -0.0843413 -0.0103384 -0.100125 -0.0110894 0.0262343 0.00272203 0.00789048 -0.00640476 0.0490277 0.0114442 0.0189653 0.0408888 -0.0294612 0.051281 0.0590814 -0.0312601
internal_weight=16239.4 14829 1794.91 1590.54 13034.1 4686.85 2923.6 1799.9 604.659 8347.24 6518.68 3566.19 1839.57 605.485 1234.09 1195.24 1079.93 157.41 154.151 2952.5 2794.59 2073.9 720.684 1735.47 1633.5 1082.77 230.814 1763.25 1634.47 178.438
internal_count=76893 74175 14107 13804 60068 19230 14194 10228 4445 40838 34551 21310 13303 3098 10205 5783 9294 971 911 13241 12246 9958 2288 7244 6255 3719 1233 5036 4275 826
is_linear=0
shrinkage=0.1


Tree=14
num_leaves=31
num_cat=0
split_feature=15 5 8 11 5 19 12 8 17 13 14 2 10 17 2 1 17 8 11 3 14 14 8 9 7 14 14 8 3 3
split_gain=606.752 288.132 326.752 186.848 251.408 177.255 159.972 162.375 148.981 140.26 200.247 203.819 144.307 137.946 175.699 134.327 129.356 124.858 136.416 121.902 116.235 113.901 113.376 167.89 170.021 140.785 221.273 207.813 165.049 137.845
threshold=8.8471810158807798e-05 0.021064257204701977 7.6085575589197853e-12 6.618939563107774e-10 0.010820446841444457 0.54168489575386058 0.12223802134394647 3.2139221211751642e-12 0.066206498579545456 1.4785813093185427 0.0042235811706632384 2.5544002770593868e-11 3.3595175743103032 0.14548561789772732 4.8250218139893471e-10 0.074704460807128892 0.033979936079545463 1.1395224415956523e-10 1.2663056159212262e-09 0.14863818524844924 0.0061149434186518201 0.0054911044426262387 9.6580495629758374e-12 0.0053107711934874966 0.013093302172981987 0.012655255850404503 0.0052757372613996276 2.396375428788596e-10 0.071740279120714581 0.030020781320413425
decision_type=2 2 2 2 2 2 2 2 2 2 2 2 2 2 2 2 2 2 2 2 2 2 2 2 2 2 2 2 2 2
left_child=1 2 3 4 -1 -2 7 8 -6 10 -4 -12 13 14 17 -3 -17 18 -11 -7 -16 -5 29 -24 -25 26 -26 -27 -29 -18
right_child=5 15 9 21 6 19 -8 -9 -10 12 11 -13 -14 -15 20 16 22 -19 -20 -21 -22 -23 23 24 25 27 -28 28 -30 -31
leaf_value=-0.10423437434366233 0.09608238756261589 -0.076391244533778047 0.042867183969343678 -0.11272717762392181 0.10160900546704495 0.0048578391828468931 -0.065654335288797966 0.22195752391532714 -0.14573406491939567 -0.085238992001178307 0.029889624421681783 -0.097370299539188201 -0.15418243818966787 0.032705403676737618 -0.14121191022814097 -0.1439183795985409 -0.072998628832167248 -0.069956019554884688 -0.0020042401691000938 0.086551006764549521 0.032848043810402058 -0.0026486994010055131 -0.060834260799750767 0.074737780091703995 0.047556620249733644 0.067953320310090798 -0.039298597628345998 -0.047808413132622178 0.018457031751626191 0.029533878830773342
leaf_weight=195.46256913244724 703.44999227672815 193.37451092153788 199.92037489265203 684.86705309897661 79.756810680031776 623.73278618603945 88.470367014408112 67.036657884716988 35.054889135062695 228.00917115807533 160.53503455966711 582.53561434149742 62.354784466326237 938.92169627547264 40.092774502933025 55.677358478307724 137.62168991565704 508.34226359426975 1443.3773353546858 258.30217489600182 890.40457491576672 108.95235779881477 417.84803365916014 328.14092980325222 370.05084809660912 579.53732041269541 1414.5208784788847 529.69293630123138 1294.3145462349057 2775.2475625500083
leaf_count=2269 825 1841 657 8679 144 2138 750 86 335 1891 686 6228 454 2890 401 576 1038 3550 7697 359 2755 602 2207 822 1005 1447 8012 2698 4423 9428
internal_value=-7.45614e-05 -0.00653486 -0.0225467 -0.0681164 -0.0178362 0.0586417 0.0446367 0.098294 0.026089 -0.0111906 -0.0459743 -0.0698767 -0.00321281 -0.000887956 -0.0110292 0.00595282 0.00796774 -0.0265582 -0.0133591 0.0287815 0.0253482 -0.0976188 0.00904543 -0.000190178 0.00542066 -1.03646e-05 -0.0212882 0.0157879 -0.000786496 0.0246896
internal_weight=15995.6 14410.1 6314.09 1259.6 465.781 1585.48 270.319 181.848 114.812 5054.49 942.991 743.071 4111.5 4049.15 3110.23 8096.03 7902.65 2179.73 1671.39 882.035 930.497 793.819 7846.97 4934.11 4516.26 4188.12 1784.57 2403.54 1824.01 2912.87
internal_count=76893 73571 40074 12865 3584 3322 1315 565 479 27209 7571 6914 19638 19184 16294 33497 31656 13138 9588 2497 3156 9281 31080 20614 18407 17585 9017 8568 7121 10466
is_linear=0
shrinkage=0.1


Tree=15
num_leaves=31
num_cat=0
split_feature=0 4 3 4 12 17 3 0 3 4 19 19 13 3 6 1 14 13 3 17 17 6 14 14 7 13 5 4 8 17
split_gain=527.324 269.485 274.984 217.881 181.145 160.036 132.01 236.684 152.012 150.564 150.349 141.674 139.048 131.745 126.342 117.77 124.325 140.808 143.733 149.414 129.263 113.95 220.835 138.365 153.087 105.007 98.2706 99.1912 97.1796 91.8725
threshold=9.5201558080188711e-09 7.0787688610299354e-11 0.081324552520397234 8.8272940038424595e-12 0.099878184497356429 0.033979936079545463 0.015376825076985066 1.3106284135235016e-10 0.054601463913369772 2.8443230757284492e-11 1.1751949787139895 1.3892729282379153 1.9379520416259768 0.25533906576791982 2.9118222315059052e-10 0.088948407725990941 0.0050252594519406566 2.2163103818893437 0.077547723016118522 0.1246670809659091 0.043701171875000007 3.3320648141499319e-11 0.0056732066441327342 0.0075197953265160331 0.0055882674773248212 1.1727873086929324 0.01355911989302242 3.9134430007463679e-11 1.0694232528795892e-11 0.098211115056818191
decision_type=2 2 2 2 2 2 2 2 2 2 2 2 2 2 2 2 2 2 2 2 2 2 2 2 2 2 2 2 2 2
left_child=1 2 3 -1 -4 -3 -5 11 12 -10 14 -8 -9 15 -11 -7 20 21 19 -19 -17 22 -18 24 -24 -26 -12 -28 -22 -6
right_child=-2 5 4 6 29 13 7 8 9 10 26 -13 -14 -15 -16 16 17 18 -20 -21 28 -23 23 -25 25 -27 27 -29 -30 -31
leaf_value=-0.07410020007037392 0.099219947842181244 -0.10851398552174657 -0.12026559024496648 0.078342168087040823 -0.024716489446226824 -0.13946575340876985 -0.090309199850355834 0.034072957996496851 -0.074435536376228698 0.035834240577687013 0.062284783346176799 0.04160988972612388 -0.024517109446099611 0.10153066921583664 -0.11648869912513693 -0.072427595747564036 -0.1174281092723934 -0.075928709987008181 0.042294602060818844 0.042071880403592291 0.075533190471516742 -0.013761316045695325 -0.053778245428274113 -0.15993452925279006 -0.13968993359541776 0.061345346094347643 -0.12731999641891598 -0.029180451187957281 -0.19205915713307242 -0.077815794734962571
leaf_weight=406.03195708245039 517.15147589892149 111.38402481749654 274.86238934099674 216.99716611206532 1823.3504647053778 52.169452168047428 422.53800962120295 2003.7177175059915 352.53218996524811 794.79136464744806 81.405224584043026 100.83761046826839 507.68707886338234 161.66178783029318 58.457311287522316 72.779755178838968 103.82604144513607 237.26363211870193 1618.3465919494629 195.90769129246473 559.70068749040365 3023.3733804412186 147.27831340581179 35.317554421722889 26.728181600570679 930.89873869717121 141.46300359815359 378.65665946900845 13.908753931522368 396.74256904423237
leaf_count=3636 604 1032 3790 686 12476 519 4223 7135 3622 3249 292 443 2364 182 498 602 710 1278 4119 643 1051 13257 766 275 172 2218 1449 2244 99 3259
internal_value=-8.90455e-05 -0.00345663 -0.0161783 -0.00362016 -0.0436866 0.0104334 0.00203642 -0.0013832 0.00631338 -0.0158025 -0.00159407 -0.0648926 0.0222288 0.0122788 0.0253984 0.0102227 0.0113439 0.00707088 0.0286005 -0.0225613 0.0531157 -0.00327924 0.022195 0.0349088 0.0411368 0.0557343 -0.0398822 -0.0558726 0.0690447 -0.0342056
internal_weight=15767.8 15250.6 7960.07 5465.12 2494.96 7290.54 5059.08 4842.09 4318.71 1807.31 1454.77 523.376 2511.4 7179.16 853.249 7017.5 6965.33 6318.94 2051.52 433.171 646.389 4267.42 1244.05 1140.22 1104.91 957.627 601.525 520.12 573.609 2220.09
internal_count=76893 76289 49366 29841 19525 26923 26205 25519 20853 11354 7732 4666 9499 25891 3747 25709 25190 23438 6040 1921 1752 17398 4141 3431 3156 2390 3985 3693 1150 15735
is_linear=0
shrinkage=0.1


Tree=16
num_leaves=31
num_cat=0
split_feature=15 9 5 17 3 12 12 5 14 3 8 3 5 4 6 12 11 14 13 13 14 5 5 17 13 8 14 6 8 14
split_gain=463.156 214.125 315.665 294.993 235.985 283.497 178.598 173.748 168.304 269.227 264.726 195.176 217.319 232.365 191.41 171.743 154.616 152.152 154.164 151.136 145.609 162.293 176.018 168.384 139.805 139.346 138.689 131.181 200.796 128.457
threshold=0.0001197679011966102 0.0053107711934874966 0.016619010387610707 0.082053444602272749 0.11287738656415956 0.1364303454756737 0.58640196919441234 0.028656930268828196 0.014293617103248836 0.043074100358781169 2.3108285809648126e-10 0.14479615871653109 0.01197240513473561 3.9134430007463679e-11 2.4537644586761634e-11 0.23289396613836291 2.3390134273881817e-09 0.0056732066441327342 1.2057722806930544 1.1382422447204592 0.010993930511176588 0.0081939935404432614 0.033594898728403773 0.10646750710227275 1.3362860083580019 9.801252443555546e-12 0.0070869398768991241 4.5249867796630609e-11 2.2024839854036334e-11 0.0056461757048964509
decision_type=2 2 2 2 2 2 2 2 2 2 2 2 2 2 2 2 2 2 2 2 2 2 2 2 2 2 2 2 2 2
left_child=1 2 26 -3 5 19 -2 -6 9 20 -10 12 -11 -14 29 25 -12 18 -7 -4 21 27 -23 -24 -19 -16 -1 28 -5 -15
right_child=6 3 4 8 7 17 -8 -9 10 11 16 -13 13 14 15 -17 -18 24 -20 -21 -22 22 23 -25 -26 -27 -28 -29 -30 -31
leaf_value=-0.0808252416269718 0.10209509866378003 0.034499866981998015 -0.10585778615174107 -0.14467048711822439 -0.08282924737624825 0.031521380794579841 -0.10911708695693433 -0.0071925869657275283 0.07844482400184799 0.052924052308712347 -0.094681663583585929 0.0502456425249585 -0.09781231262841493 -0.161995310056953 0.022756211764654689 -0.017374733374995035 0.0062725504064648331 -0.096097505460118374 -0.13553396702478751 0.039333924506236108 -0.12083006591102759 0.053994735285255849 0.075877985971693818 -0.12544488642462681 0.055932463541887759 -0.10398296333392149 0.10222314039884893 -0.10802876125693786 0.045234479415135698 0.071639180985188081
leaf_weight=920.98886205628514 548.59258164092898 2464.8565293774009 75.124749276787043 70.582914397120476 580.76775799691677 72.043066680431366 43.186488218605518 636.6272416934371 515.46571258455515 221.37992741540074 161.38406067341566 248.4943530485034 737.29080311581492 26.16826918721199 103.03485431522131 955.0403816178441 2529.9492124132812 90.230437356978655 236.86128524690866 1570.0836296007037 76.891658566892147 1077.4887371659279 64.998148553073406 115.13407702744007 183.49893403053284 548.90489250421524 43.33914290368557 147.71432080864906 263.66466864943504 233.72225322201848
leaf_count=10373 595 7874 702 668 5639 216 311 2644 1104 885 1056 836 7762 198 326 5291 9559 516 2201 5628 530 3408 133 1101 455 4262 59 1112 872 577
internal_value=-8.79424e-05 -0.00351762 -0.0220264 0.00420953 -0.00787109 0.0114756 0.0866814 -0.0432756 -0.00501098 -0.0166854 0.012793 -0.0347215 -0.042194 -0.05028 -0.0315079 -0.0443849 0.000218896 -0.0484682 -0.0965731 0.0327041 0.0138372 0.0197897 0.0386982 -0.0528004 0.00581826 -0.0839527 -0.0725986 -0.0295499 0.00513233 0.0481146
internal_weight=15563.5 14971.7 4409.57 10562.2 3445.24 2227.84 591.779 1217.39 8097.31 4890.51 3206.8 3074.04 2825.54 2604.16 1866.87 1606.98 2691.33 582.634 308.904 1645.21 1816.47 1739.58 1257.62 180.132 273.729 651.94 964.328 481.962 334.248 259.891
internal_count=76893 75987 28433 47554 18001 9718 906 8283 39680 27961 11719 20137 19301 18416 10654 9879 10615 3388 2417 6330 7824 7294 4642 1234 971 4588 10432 2652 1540 775
is_linear=0
shrinkage=0.1


Tree=17
num_leaves=31
num_cat=0
split_feature=2 1 5 8 3 5 12 1 10 13 10 3 5 1 15 17 1 17 17 3 8 14 8 14 8 14 10 13 13 17
split_gain=410.626 270.46 181.105 385.019 154.746 174.75 198.397 138.296 172.56 124.173 146.915 144.356 142.946 133.134 124.58 120.259 115.862 132.815 111.188 255.678 138.138 128.864 271.884 139.982 194.943 206.507 188.256 145.244 166.163 162.662
threshold=2.0759086103357013e-09 0.68039045059227432 0.018504851280554065 1.8288452734838166e-11 0.091070427285125294 0.010417073131473343 0.13448093086481097 0.22555949305416556 2.0134735107421879 1.4471710324287417 1.6457170844078066 0.12386205991358729 0.01197240513473561 0.04395278073857891 3.8479271097457974e-05 0.033979936079545463 0.55688546116235738 0.10420365767045457 0.08263050426136366 0.084518568025530885 1.9460593620208229e-11 0.014293617103248836 2.396375428788596e-10 0.0065475858282297858 7.0422397576896086e-12 0.0034719324903562669 2.2975182533264165 1.6177445054054262 1.2594954967498782 0.1241787997159091
decision_type=2 2 2 2 2 2 2 2 2 2 2 2 2 2 2 2 2 2 2 2 2 2 2 2 2 2 2 2 2 2
left_child=1 2 3 4 5 -1 7 -7 -9 13 -11 16 -13 -5 -14 -4 17 -12 19 20 -17 23 -23 24 25 -20 -25 28 -26 -30
right_child=-2 -3 15 9 -6 6 -8 8 -10 10 11 12 14 -15 -16 18 -18 -19 21 -21 -22 22 -24 26 27 -27 -28 -29 29 -31
leaf_value=-0.10351124544558354 0.092836562688000501 0.083320996724601318 -0.11755502063655039 0.030487247027716838 -0.10560723711361569 0.068138319019363167 -0.086779007775419803 -0.11842193304999943 0.053087808094668426 0.050935020380099387 -0.079558467150479234 -0.19680509498566023 0.26458719133617653 -0.10524136773015975 0.03763735270673603 0.061337342924953658 0.053631332148829682 -0.011752876251019565 0.12488008837977382 -0.0004835732158086561 -0.090655604216208607 0.084305309689995944 -0.0032253303265334927 -0.08677780726748148 -0.023295262935558766 -0.094969902687090879 -0.01397822779468795 -0.11676873123053542 0.08160991858980661 -0.075430878562390627
leaf_weight=304.47840101271868 461.10709917545319 354.46935775130987 82.511636346578598 109.10259822010994 524.19630832970142 284.72485930845141 252.45868914201856 121.35843090340495 113.55224249139428 578.50669109076262 396.86238472908735 24.912240266799927 25.356501735746861 214.05485234409571 524.59978513047099 1195.8851864263415 185.86230496317148 1061.6859874352813 50.064259760081768 2813.2030487880111 62.942386254668236 419.13994609564543 2314.1148269474506 564.74566162750125 333.67262683063745 291.44304880872369 957.4012935757637 68.302653957158327 573.71501896157861 74.524826318025589
leaf_count=3689 604 524 943 480 7087 998 2647 1522 478 1693 2870 205 50 2478 1703 2748 435 5584 140 12752 382 801 9294 4913 1555 2654 4945 479 1523 717
internal_value=-0.00010167 -0.00298209 -0.00508848 -0.0211776 -0.0610498 -0.0393542 -0.0140536 0.0212792 -0.0355167 -0.000726647 0.00605242 -0.00564728 0.037488 -0.0594174 0.0481012 0.00266205 -0.0207269 -0.0302024 0.00368264 0.0162784 0.0537376 -0.00539987 0.0101973 -0.0200303 0.00289172 -0.0627404 -0.0409883 0.0242339 0.0340421 0.0635557
internal_weight=15339 14877.8 14523.4 4721.71 1600.77 1076.57 772.094 519.636 234.911 3120.94 2797.79 2219.28 574.869 323.157 549.956 9801.67 1644.41 1458.55 9719.15 4072.03 1258.83 5647.12 2733.25 2913.87 1391.72 341.507 1522.15 1050.22 981.912 648.24
internal_count=76893 76289 75765 31919 16421 9334 5645 2998 2000 15498 12540 10847 1958 2958 1753 43846 8889 8454 42903 15882 3130 27021 10095 16926 7068 2794 9858 4274 3795 2240
is_linear=0
shrinkage=0.1


Tree=18
num_leaves=31
num_cat=0
split_feature=2 1 12 9 7 1 5 7 14 14 12 10 3 17 15 0 17 10 13 12 2 1 14 14 7 12 17 12 15 9
split_gain=356.685 231.371 159.36 335.765 122.394 112.911 121.953 144.399 134.358 131.951 129.85 113.406 211.429 134.195 165.304 113.311 109.269 97.9524 95.0963 177.901 115.374 92.5103 114.327 92.7347 84.6471 90.0927 82.7128 75.1311 76.2227 72.3799
threshold=2.0759086103357013e-09 0.68039045059227432 0.099878184497356429 0.00089339301789660567 0.0048196255551848661 0.53839109780951033 0.021064257204701977 0.013326213808212363 0.0032531734323129062 0.0053452057763934144 0.17104279994964602 1.7043598890304568 0.12611171673584434 0.10189541903409093 3.0058635275054261e-05 6.2435338049394882e-09 0.11285955255681819 3.3595175743103032 1.4622766375541689 0.13448093086481097 3.3652808372499644e-11 0.074704460807128892 0.0046209080610424289 0.0033731070579960947 0.015895558583790458 0.13548947870731357 0.03770862926136364 0.13913846015930179 4.4360800529830165e-05 0.0028277550715849254
decision_type=2 2 2 2 2 2 2 2 2 2 2 2 2 2 2 2 2 2 2 2 2 2 2 2 2 2 2 2 2 2
left_child=1 2 3 26 -4 6 7 8 -6 -10 -11 18 13 -13 -15 21 27 -16 19 -9 -21 23 24 -8 25 -23 -1 -14 -29 -5
right_child=-2 -3 4 29 5 -7 15 11 9 10 -12 12 16 14 17 -17 -18 -19 -20 20 -22 22 -24 -25 -26 -27 -28 28 -30 -31
leaf_value=-0.087213359540602109 0.089400282665456798 0.079221817425991548 -0.10115235985813982 -0.094917331916064746 0.11649194993354949 0.032979723740357243 0.1541096047370642 0.075162417941470716 -0.096303771638607261 0.016252820166526714 -0.12592411378262985 -0.080176838617557256 -0.13603155824976595 -0.10229356362664795 -0.0016419320179060029 -0.14765210619780922 -0.16189400631960066 -0.12133916227777841 0.041882562351982407 0.012091225248800592 -0.097852438085315532 0.031334392541953061 0.0033201503920651087 -0.091161546971838064 0.077220091281823458 -0.11750272297455784 0.07460867948211794 0.12059335290660245 0.027799685793447215 0.0018121678310835752
leaf_weight=36.784414995461702 432.44444177299738 336.4785464219749 123.08488096296787 581.90781064331532 44.7293133251369 912.26725145056844 17.114206932485104 159.50422771647573 471.93785332143307 281.34293239936233 83.242659941315651 498.78236339613795 24.402098689228296 214.74230011552572 1299.6139522120357 48.571334354579449 29.008044295012951 72.163233950734138 697.88450503349304 168.31970250979066 220.46561610326171 227.9414132013917 6577.2316771559417 155.27911936491728 385.32737527787685 49.501403123140335 223.51508153229952 105.39890317618847 552.80767921358347 89.217393666505814
leaf_count=371 604 524 1007 7675 173 2656 30 374 6272 1787 1179 4016 283 2199 6756 342 218 498 2187 822 2641 886 27007 1858 755 460 448 343 1761 761
internal_value=-0.000110785 -0.00274607 -0.00466777 -0.0446664 -0.00189178 -0.000973001 -0.00347386 -0.0156881 -0.0523669 -0.0613958 -0.0162092 -0.00769338 -0.0188726 -0.0349339 -0.02071 0.00458769 0.028193 -0.00793868 0.0173973 -0.0137686 -0.0502537 0.00558527 0.00730915 -0.0668125 0.0468954 0.00477884 0.0517407 0.0362709 0.0426588 -0.0820584
internal_weight=15121 14688.6 14352.1 931.425 13420.7 13297.6 12385.3 4924.35 881.253 836.523 364.586 4043.09 2796.92 2085.3 1586.52 7460.97 711.617 1371.78 1246.17 548.29 388.785 7412.4 7240 172.393 662.77 277.443 260.299 682.609 658.207 671.125
internal_count=76893 76289 75765 9255 66510 65503 62847 31509 9411 9238 2966 22098 16074 13469 9453 31338 2605 7254 6024 3837 3463 30996 29108 1888 2101 1346 819 2387 2104 8436
is_linear=0
shrinkage=0.1


Tree=19
num_leaves=31
num_cat=0
split_feature=0 4 3 12 4 15 8 13 14 13 3 5 10 12 8 5 13 2 0 13 14 17 12 14 8 14 9 6 5 2
split_gain=316.39 157.817 149.479 204.683 153.595 151.508 143.55 127.343 124.4 165.566 129.538 123.411 112.21 100.846 211.628 138.029 106.1 98.8858 89.6577 83.9138 82.8092 81.3227 148.012 241.84 220.387 212.929 133.931 113.21 114.732 159.965
threshold=9.5201558080188711e-09 9.9495588333679403e-11 0.081786993235468161 0.099878184497356429 8.8272940038424595e-12 6.4933214162010713e-05 3.5857700179883934e-12 1.5086572766304018 0.0052523922640830287 1.5227535367012026 0.071740279120714581 0.022721148204193145 3.0634322166442876 0.13548947870731357 6.1355268812044156e-12 0.014088554711439036 1.1382422447204592 5.3414029703766974e-10 2.4360113685540572e-10 2.1279853582382207 0.005750960437580944 0.1445978338068182 0.18302789330482486 0.0056185144931077966 1.2733452973022864e-11 0.0046209080610424289 0.015423852160027273 7.5811104191991697e-10 0.01355911989302242 8.2375652030364755e-11
decision_type=2 2 2 2 2 2 2 2 2 2 2 2 2 2 2 2 2 2 2 2 2 2 2 2 2 2 2 2 2 2
left_child=1 2 4 -4 -1 6 11 -8 17 -10 -11 -5 19 15 -15 18 -17 -3 -6 -9 -12 22 23 25 -25 -16 -23 28 29 -24
right_child=-2 8 3 5 13 -7 7 12 9 10 20 -13 -14 14 21 16 -18 -19 -20 -21 -22 26 27 24 -26 -27 -28 -29 -30 -31
leaf_value=-0.063304181311783378 0.087424378643118694 0.072033427534159519 -0.10639005405763531 -0.072142870328363751 0.040526201959516693 0.033670017214950117 -0.06804007667285604 -0.0055834064638761293 -0.036827446236991322 -0.030830354644279967 -0.10778286145361332 0.087403820974902902 -0.11561024511348908 -0.1147388712730926 0.045730178640368185 -0.083338346428273438 0.057308910600430286 -0.13590565632192733 -0.07182672035346567 -0.067753653745982259 0.026298611296320884 -0.13586896488860306 -0.14139658946184322 0.099804414370947989 -0.0098410694833112999 -0.078970124964632293 0.027000240690305041 0.14507718127928498 -0.045229772485332886 0.053028750947007465
leaf_weight=361.73847885429859 401.71137282252312 446.92546633630991 288.25799664482474 65.78106589242816 114.2543419636786 476.58602657541633 773.82656444609165 1586.172110080719 709.48726682364941 500.66388689726591 46.802998770028353 184.35333003103733 115.7381549179554 163.34804517403245 220.20345305651426 57.1837208122015 864.44251324608922 24.103167254477739 187.72662067785859 251.53207483142614 2908.6660055033863 52.43684371933341 50.356055051088333 438.73305853828788 314.89040463417768 362.09177850186825 1359.8063137754798 36.87993448972702 1301.4090990461409 265.0891693495214
leaf_count=3636 604 852 4653 989 538 1448 6969 9031 3608 2376 355 443 787 1952 876 448 2644 304 1723 1518 8855 536 479 773 1729 2864 4901 96 9895 1011
internal_value=-0.000120714 -0.00254116 -0.00967616 -0.0254349 -8.79397e-05 -0.0186787 -0.027058 -0.0337078 0.0126822 0.00717422 0.016207 0.0454458 -0.0201076 0.00386237 -0.00297081 0.0293568 0.0485822 0.0613929 -0.029318 -0.0140928 0.0241753 0.00117674 -0.00816505 0.0165909 0.0539907 -0.0318129 0.0209529 -0.0281634 -0.032115 0.0219917
internal_weight=14931.2 14529.5 9892.84 3742.25 6150.59 3453.99 2977.4 2727.27 4636.65 4165.62 3456.13 250.134 1953.44 5788.85 4565.24 1223.61 921.626 471.029 301.981 1837.7 2955.47 4401.9 2989.65 1335.92 753.623 582.295 1412.24 1653.73 1616.85 315.445
internal_count=76893 76289 59939 25838 34101 21185 19737 18305 16350 15194 11586 1432 11336 30465 25112 5353 3092 1156 2261 10549 9210 23160 17723 6242 2502 3740 5437 11481 11385 1490
is_linear=0
shrinkage=0.1


Tree=20
num_leaves=31
num_cat=0
split_feature=2 1 12 8 7 3 6 14 9 1 5 10 17 1 3 4 1 7 9 14 9 19 17 10 10 13 3 19 6 5
split_gain=281.059 181.601 124.791 276.606 113.12 98.4464 85.385 88.6861 102.419 99.5588 105.422 142.998 166.746 157.924 118.048 107.479 110.041 95.921 175.561 163.314 108.101 94.5494 105.524 94.2007 90.2308 129.249 95.5028 86.8543 85.4929 110.225
threshold=2.0759086103357013e-09 0.68039045059227432 0.0983904004096985 1.251449712762284e-12 0.0044422096480909974 0.027207850478984909 9.8702332294987093e-12 0.0032531734323129062 0.0032081890694795009 0.11626893067365504 0.028877808390474932 3.3595175743103032 0.13487659801136367 0.4803620495539353 0.045842180089968244 1.4260686769251987e-11 0.32578722259332143 0.06656769642156897 0.077031621384241189 0.0095151425339281576 0.014243142903699497 1.3538191914558413 0.11858575994318184 1.3800868988037112 2.4328646659851079 1.2452864646911623 0.059301738896715563 -0.17949859797954557 1.1865267217108178e-11 0.016619010387610707
decision_type=2 2 2 2 2 2 2 2 2 2 2 2 2 2 2 2 2 2 2 2 2 2 2 2 2 2 2 2 2 2
left_child=1 2 3 5 -4 -1 -6 8 -8 21 11 12 13 14 15 -11 -17 19 -19 20 -14 -9 -23 -12 25 -16 -26 -27 29 -29
right_child=-2 -3 4 -5 6 -7 7 9 -10 10 23 -13 17 -15 24 16 -18 18 -20 -21 -22 22 -24 -25 26 27 -28 28 -30 -31
leaf_value=-0.10484356104899353 0.083879768040709221 0.073446136279998575 -0.12628060907561667 -0.079989491611884095 -0.12430908228659854 0.077875696465269068 -0.15966404262007697 -0.052442038466604717 0.15786363873425246 -0.089316299876449373 -0.16260363668027461 -0.058798848865341674 -0.13429920140840529 0.019503868653994103 0.041667362269649892 0.055049191560449295 -0.077292205062459984 0.10884935093849205 0.0090231735270766937 -0.051763637059108025 0.04682515329823745 0.1121831771310951 -0.019827429947192363 0.015539704954655171 -0.10111556393102759 0.13246982956061101 -0.0042949977583352306 -0.12436728549686485 -0.054663930934899241 0.25546435735579853
leaf_weight=34.755567613989115 387.87920646741986 309.00240392610431 72.537118796259165 566.91256352886558 55.969987668097019 194.52085613459349 12.082952894270418 683.43909735605121 63.769838389009237 76.751038838177919 29.898663364350796 471.93699504062533 35.015354454517365 1380.7923183627427 172.8426066711545 465.33358453214169 72.636774569749832 319.0797232799232 393.35703827440739 327.96833862736821 559.04861848428845 80.799405373632908 241.654675219208 4124.4209629558027 108.24337540566921 26.008706886321306 1732.4675065353513 12.40512442961335 1714.1263863965869 19.89009740576148
leaf_count=251 604 524 658 8065 813 342 121 6427 88 606 271 2440 322 5067 688 1374 499 543 1591 1744 1844 163 1501 14159 812 57 8172 179 16933 35
internal_value=-0.000116869 -0.00238608 -0.00405402 -0.0425056 -0.0017439 0.0501776 -0.0010585 -0.000532875 0.107283 -0.00115964 0.00136493 -0.00542525 -0.00202866 -0.0100015 -0.0192593 0.0213867 0.0371805 0.0261731 0.0537324 0.00487854 0.0361493 -0.0313831 0.0132513 0.0142576 -0.0258589 -0.0408761 -0.00998855 -0.0489255 -0.051627 0.109565
internal_weight=14745.5 14357.7 14048.7 796.189 13252.5 229.276 13179.9 13124 75.8528 13048.1 12042.2 7887.9 7415.97 5781.5 4400.71 614.721 537.97 1634.47 712.437 922.032 594.064 1005.89 322.454 4154.32 3785.98 1945.27 1840.71 1772.43 1746.42 32.2952
internal_count=76893 76289 75765 8658 67107 593 66449 65636 209 65427 57336 42906 40466 34422 29355 2479 1873 6044 2134 3910 2166 8091 1664 14430 26876 17892 8984 17204 17147 214
is_linear=0
shrinkage=0.1


Tree=21
num_leaves=31
num_cat=0
split_feature=2 1 17 3 17 5 9 14 8 5 9 14 14 6 9 5 13 8 12 13 14 13 7 13 12 8 8 8 19 17
split_gain=243.529 158.002 114.281 169.467 146.869 143.533 140.059 199.837 231.724 120.347 145.12 110.199 182.443 188.664 160.14 107.314 97.5529 220.757 139.919 106.858 98.0323 99.2737 95.5583 91.4766 111.299 94.3833 93.9026 132.543 86.119 85.8681
threshold=2.0759086103357013e-09 0.63602091636986247 0.053067294034090919 0.10759731496861158 0.080277876420454572 0.013985075124830828 0.0027773752758685302 0.0032531734323129062 6.9556147045549318e-12 0.025434137692614937 0.0015478737077074555 0.0052992694545537242 0.0060906829312443742 2.1855647375379293e-11 0.00081701011096960174 0.0058799123619429549 1.3234511613845827 1.4559603332614985e-11 0.17003463208675387 1.1727873086929324 0.0047065820544958123 1.0716129541397097 0.0095644939511783465 1.2562000155448916 0.1504357308149338 1.0694232528795892e-11 2.9129547024232146e-12 1.251449712762284e-12 0.87679108977317821 0.038108132102272735
decision_type=2 2 2 2 2 2 2 2 2 2 2 2 2 2 2 2 2 2 2 2 2 2 2 2 2 2 2 2 2 2
left_child=1 2 3 11 5 -4 -6 15 -9 -5 28 14 -13 -14 29 -8 17 18 20 -20 -10 -22 -12 24 25 26 27 -7 -11 -1
right_child=-2 -3 4 9 6 23 7 8 16 10 22 12 13 -15 -16 -17 -18 -19 19 -21 21 -23 -24 -25 -26 -27 -28 -29 -30 -31
leaf_value=-0.22514370983897158 0.080587503805962288 0.05519214916352394 -0.045843560384660198 -0.085539791467221349 -0.11804122241912351 0.064107328144264744 -0.11565073969467488 -0.090045603022238518 0.012597350222319554 0.11216005674515553 0.001961535830969243 0.074278683007763038 -0.14052225532263837 0.036929268743785132 -0.077254228030704086 0.1782499441614212 5.1761086995960343e-05 -0.12029542307874717 -0.1263686463580069 0.059941335813348401 0.11160167055242134 -0.12239633004874594 -0.099307904317244233 0.014025878947421936 -0.089291273315031866 -0.1587391693272214 0.083600084522821527 -0.17065301562825166 -0.077066652880763808 0.083089086041292129
leaf_weight=9.8170387744903547 364.57397082448006 464.2515176050365 310.97072600573301 558.92896005138755 112.02738623693585 68.597389467060566 14.549026817083357 324.27604086697102 137.98511581867933 106.47414945811033 179.04104262590408 371.86814481019974 102.31333021074533 144.57945588976145 290.09561713784933 85.053264141082764 7153.1155407838523 226.52328495308757 34.389155972748995 293.70367689430714 20.259364791214466 172.53883294016123 194.2923339381814 1938.4669108912349 50.818677894771099 18.632854640483856 637.48191794008017 37.033074229955673 31.069129195064306 113.89791747555137
leaf_count=81 604 1088 2453 7483 1765 161 248 3567 652 308 719 1016 697 400 3833 117 34706 2873 245 1019 24 1444 1326 7798 274 121 1109 352 232 178
internal_value=-0.000113475 -0.00218496 -0.00412381 -0.0255807 -0.00024714 0.0185528 -0.00696075 -0.00549024 -0.00716731 -0.0534737 -0.0183916 0.00331803 0.0300339 -0.0366073 -0.0366295 0.13532 -0.00382397 -0.0351359 -0.00585788 0.0404132 -0.0517526 -0.0978077 -0.0507417 0.025832 0.0539969 0.0635561 0.06913 -0.0181975 0.0694164 0.0586302
internal_weight=14567.6 14203.1 13738.8 2102.38 11636.4 3062 8574.42 8462.39 8362.79 1069.81 510.877 1032.57 618.761 246.893 413.811 99.6023 8038.51 885.399 658.876 328.093 330.783 192.798 373.333 2751.03 812.564 761.745 743.112 105.63 137.543 123.715
internal_count=76893 76289 75201 16273 58928 12268 46660 44895 44530 10068 2585 6205 2113 1097 4092 365 40963 6257 3384 1264 2120 1468 2045 9815 2017 1743 1622 513 540 259
is_linear=0
shrinkage=0.1


Tree=22
num_leaves=31
num_cat=0
split_feature=0 9 5 8 2 14 8 12 3 5 13 14 13 13 6 19 17 3 7 5 5 12 2 14 7 12 6 17 4 5
split_gain=216.523 121.279 161.887 167.276 150.978 147.948 311.101 145.839 156.58 166.866 112.622 108.103 98.0265 112.711 93.1291 90.7824 86.3628 123.668 119.368 126.087 125.934 86.9167 82.2198 124.448 120.259 126.674 86.0907 81.7752 79.1735 96.0707
threshold=9.5201558080188711e-09 0.0047296655680760359 0.016211295244612314 1.0123541857680093e-11 5.9084594063143038e-10 0.0075732006225734958 3.8482252198329367e-11 0.1364303454756737 0.1169585187085653 0.025434137692614937 1.1382422447204592 0.0063778799958527097 1.3978312015533449 1.2057722806930544 2.4978805977870592e-11 3.3198271989822392 0.083207563920454572 0.047765437751815874 0.015018122487499471 0.012883253753984905 0.025743164637302061 0.16397939622402194 8.9017874264639177e-11 0.0066211565863341102 0.026264334095880675 0.15526804327964785 6.4098442757043344e-11 0.069580078125000014 1.1517222652171904e-11 0.036034640251961646
decision_type=2 2 2 2 2 2 2 2 2 2 2 2 2 2 2 2 2 2 2 2 2 2 2 2 2 2 2 2 2 2
left_child=1 2 -1 7 5 16 -7 8 10 -10 -4 -12 13 -9 -13 -6 22 28 20 -20 -19 -22 -3 24 -24 -26 -25 -8 -18 -30
right_child=-2 4 3 -5 15 6 27 12 9 -11 11 14 -14 -15 -16 -17 17 18 19 -21 21 -23 23 26 25 -27 -28 -29 29 -31
leaf_value=-0.062811849905652348 0.078983814126002083 0.088193420094098057 -0.097337269863365106 -0.082846158756758825 0.034019058196339484 -0.11365363578353326 -0.093095524704135027 0.018733428409308608 -0.092780497452072938 0.007757750324762884 0.042214609891909234 -0.16743821198922809 0.0058652839162400584 -0.135790868930493 0.016779126237044382 -0.043008488749194038 -0.025626086666463266 -0.060910634316850211 0.07483327933884322 -0.07482771734992047 -0.18678956464074259 0.076093689940270909 -0.023152681887927965 0.094227626231491057 0.077518127040001647 -0.14611751729455555 -0.093923136417105674 -0.0055088988948846871 0.044050579886434245 -0.032825607295346303
leaf_weight=656.91723415255547 337.98522048071027 219.2900222837925 68.183453489094973 269.46275014057755 1880.5698855780065 295.57518361881375 109.30579473078251 63.98134071752429 258.59105106070638 456.53770828619599 1323.4907305575907 46.909250549972057 157.84129107370973 180.00326912477612 66.128696925938129 166.55778960138559 316.00454723462462 134.10062648355961 63.643454935401678 487.40858398005366 13.347961239516733 217.75267249718308 592.60462542250752 271.27394627407193 259.32041814923286 28.069843020290136 26.713720329105854 4301.7501163631678 950.70134400576353 196.08561620861292
leaf_count=9413 604 383 811 1797 4956 3130 651 224 3813 2084 5083 327 671 1891 201 843 2011 1771 220 4553 107 471 3202 626 471 224 191 21207 3561 1396
internal_value=-0.000111664 -0.00201058 -0.0180003 -0.00781834 0.00337708 -0.00250513 -0.0143345 -0.000106761 0.00992798 -0.0285969 0.0282373 0.0341976 -0.0555425 -0.0952692 -0.0596686 0.027752 0.0122384 0.0006488 -0.0281591 -0.0575427 0.0161779 0.06091 0.0319713 0.0215051 0.0025911 0.0556753 0.0773605 -0.00767929 0.0186933 0.0309058
internal_weight=14416.1 14078.1 3548.05 2891.13 10530.1 8482.95 4706.63 2621.67 2219.84 715.129 1504.71 1436.53 401.826 243.985 113.038 2047.13 3776.32 2379.04 916.253 551.052 365.201 231.101 1397.27 1177.98 879.995 287.39 297.988 4411.06 1462.79 1146.79
internal_count=76893 76289 26315 16902 49974 44175 24988 15105 12319 5897 6422 5611 2786 2115 528 5799 19187 14090 7122 4773 2349 578 5097 4714 3897 695 817 21858 6968 4957
is_linear=0
shrinkage=0.1


Tree=23
num_leaves=31
num_cat=0
split_feature=2 1 5 17 3 1 19 17 12 5 3 0 6 17 18 12 14 6 7 10 14 5 13 15 18 19 7 6 8 8
split_gain=191.948 161.579 96.6605 88.2934 82.6213 158.371 92.0803 91.3768 141.149 107.537 150.085 164.943 117.494 130.445 115.584 104.92 127.451 93.3509 93.21 91.6085 279.477 91.8576 86.3207 85.046 84.2055 82.4981 77.5198 77.2352 74.9905 193.603
threshold=3.346556749599106e-09 0.68039045059227432 0.0064995551709462283 0.033979936079545463 0.015376825076985066 0.086539347512852319 1.1895124912261965 0.15853604403409094 0.54636150598526012 0.028877808390474932 0.043074100358781169 1.6907800643305793e-09 4.888399689213993e-10 0.12084960937500001 0.73269458273849042 0.36092199385166174 0.01724303234368563 2.4246173192622066e-10 0.039459585439106319 2.9513493776321416 0.0075197953265160331 0.031703879771174205 2.4072611331939702 1.9831862118735447e-05 0.21811405272985049 -0.17949859797954557 0.087663405651913523 8.7975819898727548e-11 2.2024839854036334e-11 3.4967909572748404e-11
decision_type=2 2 2 2 2 2 2 2 2 2 2 2 2 2 2 2 2 2 2 2 2 2 2 2 2 2 2 2 2 2
left_child=1 2 28 -4 -5 6 -6 8 9 10 18 14 13 26 15 16 25 27 22 20 24 -22 -7 -8 -11 -12 -13 -15 -1 -30
right_child=-2 -3 3 4 5 7 23 -9 -10 19 11 12 -14 17 -16 -17 -18 -19 -20 -21 21 -23 -24 -25 -26 -27 -28 -29 29 -31
leaf_value=-0.11261240782522799 0.095466179223487879 0.069403485097156492 -0.083965404476391156 0.059402813942711664 -0.10115744268668302 0.042251320076674898 0.058123721677341561 0.028871672304840904 -0.14578751451409117 0.018972735322816237 0.10945096112033598 0.0058740043696840641 -0.040177516633662508 0.093767261123340107 0.079456838782147252 -0.11026616542949122 0.063766897722302707 0.11453323574019425 -0.089881682093833279 0.039053179425954515 0.008972653909179144 -0.095063638692214208 -0.13208697729513039 -0.13974301971767583 -0.061026641401013583 -0.034115914535856898 -0.18531878041000147 -0.089147935355851415 0.059341856874903023 -0.11746642573731743
leaf_weight=134.93894673883915 207.0837403871119 314.06679153069854 129.24486108869314 223.29569759219885 248.94791643694043 856.69862460717559 84.710610464215279 1003.8791114203632 68.414171166718006 2672.6592260599136 40.548699788749218 2062.7819780483842 511.68300363048911 41.937904223799706 95.760758500546217 162.86711155623198 144.56586696207523 196.81524230539799 62.501476716250181 914.92390328273177 112.72671741992235 343.41221747547388 29.374519281089306 29.213737335056067 138.3858551941812 3101.38207115978 21.426799021661282 51.348381228744984 137.7889491841197 112.49122080206871
leaf_count=2360 302 581 1990 803 3703 2909 409 3130 490 8934 117 9397 2400 111 390 1124 521 381 459 2497 488 2519 230 309 930 27427 172 320 484 1006
internal_value=-0.00010828 -0.00151708 -0.00313879 -0.00171372 -0.000909609 -0.00194581 -0.0670805 -7.50355e-05 -0.00257361 -0.00172618 -0.00898632 -0.0144633 0.0032864 0.0126532 -0.0289129 -0.0319214 -0.0280389 0.0754794 0.0281464 0.011085 0.00325292 -0.0693529 0.0364718 0.00738455 0.0150344 -0.0322631 0.00390844 -0.00691634 -0.0525236 -0.0201266
internal_weight=14255.9 14048.8 13734.7 13349.5 13220.3 12997 362.872 12634.1 11630.2 11561.8 7379.69 6431.12 2885.99 2374.31 3545.12 3449.36 3286.5 290.102 948.575 4182.11 3267.18 456.139 886.073 113.924 2811.05 3141.93 2084.21 93.2863 385.219 250.28
internal_count=76893 76591 76010 72160 70170 69367 4421 64946 61816 61326 45958 42360 12781 10381 29579 29189 28065 812 3598 15368 12871 3007 3139 718 9864 27544 9569 431 3850 1490
is_linear=0
shrinkage=0.1


Tree=24
num_leaves=31
num_cat=0
split_feature=15 12 9 17 18 3 17 5 8 8 14 3 9 14 13 3 5 14 5 8 12 12 7 13 17 9 5 13 11 14
split_gain=172.472 115.033 95.7802 139.3 131.169 150.835 132.948 103.483 109.947 93.6952 89.8485 134.368 142.116 103.968 99.8886 83.7862 82.8383 118.919 79.0181 73.605 102.752 72.3647 70.552 70.0644 69.2814 125.636 91.089 146.702 144.02 124.78
threshold=0.00013616442447528246 0.47985675930976873 0.0053107711934874966 0.082053444602272749 -0.18757663353938944 0.10697014390633715 0.071799538352272749 0.025743164637302061 3.2838095879332202e-12 1.8288452734838166e-11 0.0056732066441327342 0.017733105991424181 0.0028277550715849254 0.0036208678502589469 1.3465641736984255 0.13550612261172282 0.016619010387610707 0.0065117634367197761 0.0087794455911373009 8.6046895047875847e-12 0.11186454817652704 0.17104279994964602 0.0055882674773248212 1.2286655306816103 0.1445978338068182 0.014657762780046556 0.020140084477096889 1.7633930444717409 1.2545383398787637e-08 0.0045542991720139989
decision_type=2 2 2 2 2 2 2 2 2 2 2 2 2 2 2 2 2 2 2 2 2 2 2 2 2 2 2 2 2 2
left_child=2 -2 4 -4 -1 6 16 9 -9 -7 11 12 -8 18 21 24 -6 19 -14 -18 -21 -12 -22 -23 26 -26 27 -5 29 -28
right_child=1 -3 3 15 5 7 10 8 -10 -11 14 -13 13 -15 -16 -17 17 -19 -20 20 22 23 -24 -25 25 -27 28 -29 -30 -31
leaf_value=0.038281389375193403 0.09792329121994392 -0.13754961260047277 0.024982967986291502 -0.070998705674619675 -0.035349182816085692 -0.090164282351876887 -0.1161708755441407 0.087346350090398706 -0.037241476698210492 0.098586441808064681 -0.20360522694529806 -0.097409063110524108 -0.11321946285348135 -0.12202126940583612 0.081343891994789821 0.029030960220039405 0.046985135841289744 -0.12050913377463333 0.16281704099044575 -0.11096587012788109 -0.13011354989174581 -0.19475653215725219 0.042242804951928163 0.097883375907499778 -0.12904202055997852 0.013664351330528896 0.10173808461746524 -0.0094769674496301068 -0.14351184989118515 -0.0037114865820489745
leaf_weight=411.73089527711272 251.23166920989752 22.613610465079546 2318.2784445770085 607.00045338459313 296.39949895441532 531.95740736089647 57.219740722328424 79.479956287890673 651.01471869274974 27.666854798793793 26.417758326977491 350.40459882840514 11.989859931170939 20.974027022719383 105.90489959344268 738.31624701991677 799.59684484824538 54.389670424163342 76.776139602065086 76.527070116251707 26.821164958178997 11.656654596328734 207.37757449969649 27.442543745040894 63.698541773483157 1958.3971546627581 116.52221274375916 1072.3092902861536 71.324737004935741 3036.6261532306671
leaf_count=1930 377 227 7971 7364 3557 8274 1202 170 3378 59 228 4139 244 329 235 2320 2791 326 98 524 211 99 579 68 718 7922 234 5835 492 14992
internal_value=-0.000108628 0.0784784 -0.00166424 0.00350433 -0.0150595 -0.0214438 -0.00522281 -0.0484749 -0.023686 -0.0808328 -0.0414414 -0.0622311 0.0115982 0.0782185 0.0213035 -0.00299257 0.0118511 0.0238627 0.125532 0.0309349 -0.0103676 -0.0757489 0.022504 0.0106386 -0.00640636 0.00916892 -0.0128289 -0.0317145 -0.00299323 0.000185323
internal_weight=14108.1 273.845 13834.2 9982.47 3851.75 3440.02 2149.9 1290.12 730.495 559.624 688.786 517.364 166.96 109.74 171.422 7664.19 1461.11 1164.71 88.766 1110.32 310.726 65.517 234.199 39.0992 6925.88 2022.1 4903.78 1679.31 3224.47 3153.15
internal_count=76893 604 76289 47848 28441 26511 14630 11881 3548 8333 6642 6012 1873 671 630 39877 7988 4431 342 4105 1314 395 790 167 37557 8640 28917 13199 15718 15226
is_linear=0
shrinkage=0.1


Tree=25
num_leaves=31
num_cat=0
split_feature=1 3 12 9 6 9 6 14 5 1 5 17 9 7 1 12 8 10 9 9 11 3 5 6 6 19 10 14 13 7
split_gain=155.56 138.653 76.7568 188.616 84.034 111.946 69.9262 71.7135 85.0159 81.7773 89.889 99.6885 135.468 157.045 113.702 106.836 90.441 81.5851 89.9013 79.9894 76.7803 157.704 86.8676 77.0373 73.5525 69.9283 99.6582 142.375 113.982 122.518
threshold=0.63602091636986247 0.22903543623351552 0.0983904004096985 0.00081701011096960174 1.3199982933197204e-11 0.0028277550715849254 9.8702332294987093e-12 0.0041433144360780725 0.01022658998288121 0.14295732971069483 0.028877808390474932 0.1445978338068182 0.08752447295387096 0.06656769642156897 0.29439197442254478 0.39771589636802679 1.3857594319151037e-10 1.7586458921432497 0.0048090676207715672 0.003605137891119345 2.0622387131297164e-09 0.052473304543227718 0.020413732956450641 2.1612289722199244e-10 1.1865267217108178e-11 2.2064317464828496 2.9513493776321416 0.0075197953265160331 1.8879007101058962 0.044326988555581051
decision_type=2 2 2 2 2 2 2 2 2 2 2 2 2 2 2 2 2 2 2 2 2 2 2 2 2 2 2 2 2 2
left_child=1 2 3 -1 5 -5 -4 8 -8 17 11 15 13 16 -14 20 -13 18 -9 -10 21 22 -11 -24 -23 26 27 -12 29 -29
right_child=-2 -3 6 4 -6 -7 7 9 19 10 25 12 14 -15 -16 -17 -18 -19 -20 -21 -22 24 23 -25 -26 -27 -28 28 -30 -31
leaf_value=0.054070743892711451 0.055149348290465285 0.070157298632684842 -0.12132671826490876 -0.052088840450052735 -0.10135572841004921 0.15607204056533486 -0.10962813908489627 -0.11408930503282247 -0.031994286454354044 -0.016434057912856858 0.017392984717822319 0.023849086668373588 -0.088687231409745604 0.09681492928880088 0.020068651137068256 -0.093496406875034119 -0.097935812687826321 -0.078008144007412822 -0.0059410333693802921 0.070009297492458697 -0.0031120935044770914 0.1526165387093267 0.095245155061062042 -0.16773008220034893 -0.054608115404277624 -0.023674434655166769 0.047987247635315228 -0.13812821446616674 0.024406900259168404 0.018941013865234273
leaf_weight=166.96470154821873 491.51915479451418 260.25697218626738 48.778337359428406 140.29750271886587 301.53929635882378 31.666421994566917 37.016084250062704 83.385868087410927 98.056120723485947 241.11912137642503 2181.5003297477961 478.91047219932079 179.76821452379227 316.25927168130875 206.62095504626632 158.27991642430425 69.875919081270695 248.66014554351568 982.85932073369622 355.94857732951641 4045.2483524344862 17.42519847676158 158.74224856495857 11.980357661843298 1005.3331481982023 474.22070346027613 806.60182740166783 166.35653761774302 133.03572949394584 70.795278705656528
leaf_count=493 1208 603 921 2144 5611 162 503 1333 1077 1334 7043 1618 1074 493 739 1012 410 2063 6984 963 20636 123 304 97 11524 2043 2014 1565 481 318
internal_value=-0.000109286 -0.00212455 -0.00354783 -0.0373173 -0.0695421 -0.0137569 -0.00182813 -0.00136286 0.0360972 -0.00289095 -4.49376e-06 -0.00683354 0.0186988 0.0406878 -0.0305302 -0.0125007 0.00834245 -0.0264279 -0.0143988 0.0479785 -0.0101612 -0.030038 0.022211 0.076791 -0.0510775 0.0122718 0.0173478 0.00766246 -0.0496792 -0.0912394
internal_weight=13969 13477.5 13217.2 640.468 473.503 171.964 12576.8 12528 491.021 12037 10722.1 6889.56 1251.43 865.046 386.389 5638.13 548.786 1314.91 1066.25 454.005 5479.85 1434.6 411.842 170.723 1022.76 3832.51 3358.29 2551.69 370.188 237.152
internal_count=76893 75685 75082 8410 7917 2306 66672 65751 2543 63208 52828 39364 4334 2521 1813 35030 2028 10380 8317 2040 34018 13382 1735 401 11647 13464 11421 9407 2364 1883
is_linear=0
shrinkage=0.1


Tree=26
num_leaves=31
num_cat=0
split_feature=2 1 5 17 3 4 17 13 8 12 3 13 9 3 14 7 7 13 5 17 12 19 10 4 3 3 5 4 11 10
split_gain=141.815 110.462 68.9084 76.9514 150.869 125.423 101.541 88.0046 175.157 115.861 140.228 87.0701 85.8338 76.2318 79.9101 133.168 81.7685 80.1948 76.2622 74.3263 114.843 117.198 87.8438 113.763 108.747 125.831 126.364 107.653 97.619 94.4431
threshold=3.346556749599106e-09 0.63602091636986247 0.0064995551709462283 0.057683771306818191 0.097209272895590712 5.0164234673839195e-11 0.080277876420454572 1.3260585069656374 1.4559603332614985e-11 0.17003463208675387 0.017733105991424181 1.1727873086929324 0.0059531202638978134 0.029305635046125818 0.0062154291663318881 0.0072741444203704526 0.0087214491938394385 2.4072611331939702 0.010997522705804995 0.15853604403409094 0.37426924705505377 1.8679670691490176 2.9513493776321416 6.6860230358092606e-11 0.051385466286151142 0.11152369314323569 0.010997522705804995 4.3772978186722764e-11 1.4855434105065515e-09 2.4002609252929692
decision_type=2 2 2 2 2 2 2 2 2 2 2 2 2 2 2 2 2 2 2 2 2 2 2 2 2 2 2 2 2 2
left_child=1 2 -1 4 13 -6 -5 8 9 10 -8 -11 -12 -4 16 -16 18 -17 -15 20 22 -22 24 -24 -9 26 -26 -28 29 -29
right_child=-2 -3 3 6 5 -7 7 19 -10 11 12 -13 -14 14 15 17 -18 -19 -20 -21 21 -23 23 -25 25 -27 27 28 -30 -31
leaf_value=-0.046266111412453341 0.090369676302481147 0.047761170590588903 -0.13957900194002776 0.019411600018858333 -0.10459138491536053 -0.024977413912133831 0.069123001115436386 0.014341392032587547 -0.12190709286689277 -0.11420063447494949 -0.11594967422258036 0.052041996048523026 -0.026749875699958001 -0.12291888927674546 -0.18121564129797807 0.081992295377534843 -0.018912838979370499 -0.21783556126112141 0.061257593765128106 0.023940342127478684 -0.005753632218466637 -0.087425914078348252 -0.12109729992318274 0.025854390094755094 0.10707381996030874 0.022363123547213662 -0.083156163621557477 -0.011483352077785334 -0.039694340608335141 0.12305274145890432
leaf_weight=356.42991956695914 171.08926247060299 444.99250072613358 31.130859058350325 2535.054170280695 235.91671570017934 1227.2604339532554 95.224271632730961 1365.0777839738876 175.03700668551028 35.265976656228304 187.6850468814373 295.44569535367191 253.69705375283957 23.528400935232639 49.766315698623657 56.512021973729134 224.87212985754013 10.592927619814871 505.6644894760102 1132.347238752991 399.80033162608743 313.45100884512067 54.56627755984664 1524.6126505658031 60.015299513936043 493.2224034294486 433.36093413457274 159.58458174020052 890.86285404860973 77.527330629527569
leaf_count=3815 302 1159 226 9700 4777 8857 500 6827 2809 263 2340 1130 1549 469 378 114 1762 87 1983 3817 1626 1902 468 5075 200 2212 5681 1010 5629 226
internal_value=-0.000108669 -0.00124285 -0.00289441 -0.00169111 -0.0179836 -0.037814 0.00198531 -0.00357374 -0.0306578 -0.0122423 -0.0409354 0.0343144 -0.0646795 0.014182 0.0196781 -0.057263 0.031603 0.0346626 0.0530689 0.000515112 -0.00408037 -0.041646 0.00121606 0.0207767 -0.00766119 -0.0218651 -0.0353196 -0.0407929 -0.0245172 0.0325053
internal_weight=13819.6 13648.5 13203.5 12847.1 2365.24 1463.18 10481.8 7946.78 1042.36 867.318 536.606 330.712 441.382 902.067 870.936 116.871 754.065 67.1049 529.193 6904.43 5772.08 713.251 5058.83 1579.18 3479.65 2114.57 1621.35 1561.34 1127.97 237.112
internal_count=76893 76591 75432 71617 18653 13634 52964 43264 8591 5782 4389 1393 3889 5019 4793 579 4214 201 2452 34673 30856 3528 27328 5543 21785 14958 12746 12546 6865 1236
is_linear=0
shrinkage=0.1


Tree=27
num_leaves=31
num_cat=0
split_feature=15 12 15 9 3 6 3 17 5 9 14 9 5 12 0 1 15 9 0 17 12 17 10 14 8 5 13 3 13 15
split_gain=129.74 88.7364 73.2021 129.193 124.336 105.419 90.1976 111.088 119.264 96.9712 121.683 143.558 96.7729 93.1581 90.5283 94.322 81.8879 80.0708 80.9981 80.0182 78.0527 73.8185 91.546 164.906 89.5483 85.5924 147.202 121.039 120.112 136.413
threshold=0.00013616442447528246 0.47985675930976873 6.5988584537990405e-05 0.11346691551416709 0.061904346323371613 7.5811104191991697e-10 0.093006161874463658 0.080277876420454572 0.016211295244612314 0.0028277550715849254 0.0032531734323129062 0.0041626576777449376 0.01197240513473561 0.0983904004096985 2.7029985194548805e-10 0.48614011832623211 6.2007129599805935e-05 0.069209151063649346 2.9378080082268198e-10 0.057683771306818191 0.09247355163097383 0.15462979403409094 2.5561480522155766 0.010511897504329683 2.1307900758330904e-11 0.021344876751573573 1.7633930444717409 0.035550225215774008 1.5989217758178713 4.3950492909061729e-05
decision_type=2 2 2 2 2 2 2 2 2 2 2 2 2 2 2 2 2 2 2 2 2 2 2 2 2 2 2 2 2 2
left_child=2 -2 3 5 -4 6 7 8 14 -9 -11 -12 -8 -14 -1 -16 -7 18 -15 -20 -6 25 23 24 -23 26 27 -13 -27 -30
right_child=1 -3 4 -5 20 16 12 9 -10 10 11 21 13 17 15 -17 -18 -19 19 -21 -22 22 -24 -25 -26 28 -28 -29 29 -31
leaf_value=0.048000912017501431 0.09371890421231395 -0.12943673598018532 -0.059959895665424569 -0.083838066795923746 -0.088287341633911803 0.11884381828444035 -0.11863003944658977 -0.11050503900999803 0.036067865384805185 0.1115170381373235 -0.11481515992697361 0.0023099584072617265 -0.098299877689713266 -0.12763560546557404 -0.10923175877182774 0.027916117853561268 -0.19939069260192896 -0.080419490141312069 -0.027956133159933491 0.0063020540689694322 0.021314783186056539 -0.1381596084508557 0.062634464270436049 -0.099134508494018087 0.030003398485541424 0.021418024454925567 0.0008084496227714049 -0.087366903215908495 -0.093722779401723813 -0.0013329239222434619
leaf_weight=101.9031154923141 208.66532911173999 19.482861094176769 217.87687212228775 205.11248661205173 66.631026921793818 101.59066107869148 92.997158542275429 86.648559328168631 1429.3292096368968 89.854142971336842 118.13532128371298 213.53785149008036 129.63303076475859 55.699772197753191 156.24977047741413 73.845270687714219 8.7850608602166158 161.53689873218536 1059.98708550632 1910.994115402922 2615.1691649779677 33.369863077998161 338.49977300316095 137.30651253834367 620.26231161132455 1318.6250883042812 830.23537603020668 509.92872343584895 225.28654767200351 549.87529686838388
leaf_count=510 377 227 1297 1310 832 215 1572 1821 4443 350 1894 1288 3154 662 2475 409 69 979 8330 9012 8441 405 718 900 2533 6459 4495 7528 1752 2436
internal_value=-0.000116348 0.0746624 -0.00138396 -0.00524866 0.0126894 -0.00369182 -0.00473922 0.00189053 0.0235268 -0.00562361 -0.00380055 -0.00591733 -0.0180205 -0.0152005 -0.0304656 -0.0652164 0.0935148 -0.0118216 -0.0081605 -0.00592059 0.0185916 -0.00322424 0.0191153 0.000490299 0.0214182 -0.0101416 -0.0279245 -0.0608979 0.00305424 -0.0281843
internal_weight=13687.1 228.148 13458.9 10559.2 2899.68 10354.1 10243.7 6832.89 1761.33 5071.57 4984.92 4895.06 3410.85 3317.85 331.998 230.095 110.376 3188.22 3026.68 2970.98 2681.8 4776.93 1129.44 790.939 653.632 3647.49 1553.7 723.467 2093.79 775.162
internal_count=76893 604 76289 65719 10570 64409 64125 40416 7837 32579 30758 30408 23709 22137 3394 2884 284 18983 18004 17342 9273 28514 4556 3838 2938 23958 13311 8816 10647 4188
is_linear=0
shrinkage=0.1


Tree=28
num_leaves=31
num_cat=0
split_feature=15 12 5 8 8 9 19 8 13 12 10 17 0 18 3 12 13 8 8 8 5 8 4 14 3 13 3 5 13 19
split_gain=114.448 78.6303 65.8831 63.8924 162.437 57.1466 111.808 92.1973 102.286 154.484 107.519 94.4148 93.7097 91.396 118.32 102.686 85.3508 82.7411 79.6317 84.4761 88.9514 87.4839 79.0341 76.8021 92.1768 91.5355 73.9638 68.9413 76.2883 68.935
threshold=0.00013616442447528246 0.54636150598526012 0.0068563185123467164 2.2024839854036334e-11 3.4967909572748404e-11 0.0053107711934874966 0.010402012616395952 9.8824737009831677e-12 1.3388599157333376 0.18485964089632037 1.6137818694114687 0.12373490767045457 2.6470148256062129e-10 -0.18757663353938944 0.1169585187085653 0.1364303454756737 1.1382422447204592 4.5235802561625124e-11 1.7246211670669606e-11 1.1601382057782293e-11 0.025434137692614937 3.787935726086709e-12 1.7347156667396095e-10 0.0056732066441327342 0.074150453124084609 1.2057722806930544 0.10099271927785282 0.023542322460459602 1.2105476260185244 0.48789004981517797
decision_type=2 2 2 2 2 2 2 2 2 2 2 2 2 2 2 2 2 2 2 2 2 2 2 2 2 2 2 2 2 2
left_child=2 -2 3 -1 -5 13 -7 11 9 27 17 26 -12 -4 15 16 -15 -10 19 20 -16 -22 -23 25 -25 -17 -8 -9 -29 -14
right_child=1 -3 5 4 -6 6 7 8 10 -11 12 -13 29 14 18 23 -18 -19 -20 -21 21 22 -24 24 -26 -27 -28 28 -30 -31
leaf_value=-0.10179144378277526 0.090481016050661833 -0.1389216187943689 0.034511190344293702 0.053902429769540953 -0.093802287014554106 0.062141714266311904 0.048180542934951248 -0.1037197078078618 0.019714769783795216 -0.1175832993484584 -0.066801007444369162 -0.095456352620924903 0.020993069599771 -0.092738404831260252 -0.085101871643725832 0.025691043735054254 0.011983524710706307 0.099955655374018293 0.080358925777438875 -0.15153831291630662 0.07120720514903954 -0.068155927387612586 0.027690479389569752 0.053555559926235813 -0.074778655404499669 -0.1167822762859498 -0.12260013268396303 -0.047702140485104239 0.046618651957177321 -0.0046897065074645826
leaf_weight=120.420828262344 195.04144343174994 16.181038063019514 395.6324568670243 158.42090426385403 140.47815407812595 320.38300273567438 755.47201948240399 63.34026787430048 517.36535558663309 182.72812098450959 214.88740254938602 53.012951083481312 1296.3697952143848 81.611880291253328 313.04853455722332 58.952005729079247 1678.314122537151 170.97670026868582 46.931487992405891 79.652256205677986 91.739120781421661 266.63144712895155 127.01615761220455 126.97493563406169 100.0809949785471 191.83676094003022 26.240393567830324 141.554578371346 217.52563947811723 5391.8170629907399
leaf_count=2533 385 219 1837 538 1152 1045 2399 843 2397 3037 2042 641 5651 1548 6082 205 9731 238 112 761 247 1774 486 387 554 2780 225 702 601 25741
internal_value=-0.000126028 0.0729073 -0.00128334 -0.0402931 -0.0155166 -1.63005e-05 0.00408777 0.00202832 -0.00119602 -0.0407621 0.00195798 0.0336896 -0.00180006 -0.010802 -0.0164702 -0.0040347 0.00712732 0.0396457 -0.0465535 -0.0533367 -0.04354 -0.0167349 -0.0372297 -0.045145 -0.00301119 -0.0832916 0.0424478 -0.00753121 0.00943604 0.00028838
internal_weight=13540.6 211.222 13329.4 419.32 298.899 12910.1 9351.67 9031.29 8196.56 605.149 7591.42 834.725 6903.07 3558.42 3162.79 2237.77 1759.93 688.342 925.019 878.088 798.435 485.387 393.648 477.845 227.056 250.789 781.712 422.42 359.08 6688.19
internal_count=76893 604 76289 4223 1690 72066 45562 44517 41252 5183 36069 3265 33434 26504 24667 15205 11279 2635 9462 9350 8589 2507 2260 3926 941 2985 2624 2146 1303 31392
is_linear=0
shrinkage=0.1


Tree=29
num_leaves=31
num_cat=0
split_feature=2 1 17 5 8 8 18 3 1 2 17 9 13 4 3 17 6 7 19 12 13 8 12 13 19 13 5 6 15 17
split_gain=102.397 82.1292 56.1158 58.4547 99.5681 159.118 69.1195 59.1582 105.993 57.4688 103.687 87.0312 85.9882 80.3972 84.5338 74.892 119.548 94.2538 74.5638 93.1572 73.3814 69.0689 81.721 67.8315 77.1053 107.703 78.1423 77.9902 71.6294 109.018
threshold=3.346556749599106e-09 0.68039045059227432 0.033979936079545463 0.0081939935404432614 2.2024839854036334e-11 3.4967909572748404e-11 0.63317547681402764 0.015376825076985066 0.070019342326124084 1.0078465083684488e-10 0.11143909801136366 0.0150616699226345 1.3856807947158816 7.0787688610299354e-11 0.052961047307804328 0.14925870028409094 2.242955764455826e-10 0.074860427671268284 1.1751949787139895 0.39771589636802679 1.3038593530654909 6.7798483955035782e-12 0.14971018582582477 1.6279016733169558 0.94445630908012401 2.0183454751968388 0.015099102431652307 1.270061330219665e-11 6.0131564168841585e-05 0.068914240056818191
decision_type=2 2 2 2 2 2 2 2 2 2 2 2 2 2 2 2 2 2 2 2 2 2 2 2 2 2 2 2 2 2
left_child=1 2 -1 4 -4 -6 7 -5 -9 10 -10 20 -13 15 -15 16 17 23 -17 -20 -12 22 -16 -11 25 27 -26 -25 -27 -30
right_child=-2 -3 3 6 5 -7 -8 8 9 13 11 12 -14 14 21 18 -18 -19 19 -21 -22 -23 -24 24 26 28 -28 -29 29 -31
leaf_value=-0.073840540177749617 0.084875673239961355 0.055468850303612517 -0.10691819241063978 0.057818085548014889 0.053235139358546985 -0.068241241129977454 0.041160090251699234 -0.087494877209188054 0.032032133287539823 -0.037586831103904851 0.009749198477862665 -0.10609277621196252 0.020218696900516898 -0.079615700321204921 0.040921471523967294 0.073560330557597642 -0.089723449565998661 0.11392460619826671 0.015954284904661026 -0.14449779382671069 -0.10327352670908561 0.00045051796470975858 -0.18639118168062366 -0.12124659857913699 0.0076106769239719929 -0.094286468359803546 -0.058116532408592672 0.041305744642199299 -0.094152905021099492 0.092462863568905831
leaf_weight=108.19200739637017 140.22883787937462 252.42454878427088 137.62057094089687 166.16147023811936 209.67082636803389 221.99581111595035 393.51852161996067 144.14217037707567 1252.757882528007 1136.5472779013216 89.475150311365724 59.929777504876256 535.27255942858756 122.7222937643528 626.44706788100302 172.47809036076069 239.62393760681152 54.605306785553694 210.54589333385229 43.694079332053661 160.47308299317956 5248.2332017458975 16.225268177688122 30.920180501416326 315.34979561157525 129.87986658513546 424.20031566545367 649.8066895455122 55.420590113848448 71.938068702816963
leaf_count=2032 302 581 3000 562 658 1540 1559 2456 5147 14708 726 1251 2395 792 2337 412 2090 188 755 293 1876 20697 130 284 1676 993 3610 3343 327 173
internal_value=-0.000129327 -0.00102691 -0.00212156 -0.00152097 -0.0328508 -0.00923725 -7.68268e-05 -0.001434 -0.00226901 -0.00121423 0.0137721 -0.0132946 0.00750064 -0.00450683 0.00252837 -0.0164749 -0.0218679 -0.0161998 0.0228089 -0.0116213 -0.0628142 0.00423964 0.0351826 -0.0187248 -0.00594544 0.0130916 -0.03009 0.0339222 -0.0420323 0.0112563
internal_weight=13420.5 13280.3 13027.8 12919.7 569.287 431.667 12350.4 11956.9 11790.7 11646.5 2097.91 845.151 595.202 9548.64 6013.63 3535.01 3108.29 2868.67 426.718 254.24 249.948 5890.91 642.672 2814.06 1677.52 937.965 739.55 680.727 257.239 127.359
internal_count=76893 76591 76010 73978 5198 2198 68780 67221 66659 64203 11395 6248 3646 52808 23956 28852 27392 25302 1460 1048 2602 23164 2467 25114 10406 5120 5286 3627 1493 500
is_linear=0
shrinkage=0.1


Tree=30
num_leaves=31
num_cat=0
split_feature=15 12 15 9 6 3 3 12 17 5 9 14 9 8 8 19 1 10 5 12 6 5 10 13 19 5 19 14 13 14
split_gain=90.7248 66.7876 58.3614 110.251 99.0156 90.0385 76.9168 112.646 97.3247 88.0706 80.2493 96.4011 111.348 73.298 74.2771 69.3711 66.864 72.4508 66.6661 62.3338 71.0879 129.553 93.3978 79.7387 72.3641 87.3706 85.4097 71.4929 59.2255 57.0355
threshold=0.00013616442447528246 0.47985675930976873 6.4512005337746827e-05 0.11346691551416709 7.5811104191991697e-10 0.061904346323371613 0.081324552520397234 0.0983904004096985 0.080277876420454572 0.01652904075048825 0.0028277550715849254 0.0032531734323129062 0.0039677604564988169 3.5857700179883934e-12 5.4167243186939999e-12 0.87679108977317821 0.22555949305416556 2.030920267105103 0.019777174132283852 0.09247355163097383 4.1833636725555745e-10 0.030824118919790474 3.0138767957687382 1.9845585227012636 1.0582389235496523 0.022836160339829593 3.5946277379989628 0.014293617103248836 1.425918757915497 0.005874534137547017
decision_type=2 2 2 2 2 2 2 2 2 2 2 2 2 2 2 2 2 2 2 2 2 2 2 2 2 2 2 2 2 2
left_child=2 -2 3 4 6 15 8 -8 9 16 -10 -12 -13 18 -15 -4 -1 -18 -9 -7 27 23 -23 -22 25 -25 -26 -21 -20 -19
right_child=1 -3 5 -5 -6 19 7 13 10 -11 11 12 -14 14 -16 -17 17 29 28 20 21 22 -24 24 26 -27 -28 -29 -30 -31
leaf_value=0.031300225343958342 0.088290236557603333 -0.12377753698943512 -0.19428377468852345 -0.082023025071084513 0.09217285091343469 -0.081778130904170382 -0.10412663770053279 -0.083311626595042709 -0.10746947310904653 0.043013548703079149 0.10344351662725022 -0.12008484192209035 -0.0016919096352208862 -0.074382725175425227 -0.011765426193731903 -0.028240193499562163 -0.12339679179014634 0.12196756153925326 0.047465048994244967 0.016525189527854641 -0.15295523899218327 -0.28132783273569723 0.043266267237306463 -0.022923431816485748 0.0078537758169150134 -0.20075012863352082 -0.15075505567403658 0.061539174322930525 0.24086150678567139 -0.10116376013668611
leaf_weight=120.51778483577073 168.00177236273885 16.290727477520704 28.664802066981792 181.46162853389978 107.30503422766924 63.787209242582321 136.18171771988273 36.281672110781074 73.129564378410578 929.36786220222712 85.266529990360141 80.980515399947762 4172.5967578999698 199.94315470382571 3605.416480448097 205.86777172237635 90.025521270930767 27.65886664390564 188.6565373018384 997.4237202797085 47.800012499094009 9.0202830769121629 513.35732562094927 73.291109383106232 488.05204880237579 44.347602557390928 36.48933033645153 545.96214609965682 17.285633739084005 19.555096946656704
leaf_count=695 377 227 235 1206 260 909 3940 959 1816 2580 350 1563 25423 2407 21155 1174 1502 67 684 3580 334 79 1310 296 1755 312 295 1197 48 158
internal_value=-0.000131452 0.0695443 -0.00110974 -0.00478164 -0.00336444 0.0109994 -0.00441236 -0.0146701 0.00325247 0.0286693 -0.0035864 -0.00183549 -0.0039459 -0.0116603 -0.0150555 -0.0485342 -0.0230504 -0.0707788 0.0416778 0.0159515 0.0182136 9.18589e-05 0.0376613 -0.0283516 -0.0190768 -0.0899608 -0.00317973 0.0324486 0.0636977 0.0295509
internal_weight=13310 184.292 13125.7 10071.6 9890.17 3054.06 9782.86 4183.77 5599.1 1187.13 4411.97 4338.84 4253.58 4047.58 3805.36 234.533 257.757 137.239 242.224 2819.53 2755.74 1212.36 522.378 689.98 642.18 117.639 524.541 1543.39 205.942 47.214
internal_count=76893 604 76289 64813 63607 11476 63347 29193 34154 5002 29152 27336 26986 25253 23562 1409 2422 1727 1691 10067 9158 4381 1389 2992 2658 608 2050 4777 732 225
is_linear=0
shrinkage=0.1


Tree=31
num_leaves=31
num_cat=0
split_feature=2 1 13 17 14 10 19 8 7 8 7 17 3 14 9 15 14 17 5 19 1 3 12 17 9 9 6 13 5 14
split_gain=81.0452 65.2859 72.5828 66.5073 93.878 71.6424 64.7542 54.6773 89.5397 74.1347 71.2925 61.9114 50.947 48.7951 73.9111 81.5128 45.9266 107.726 74.5752 61.4794 58.8168 58.7151 97.6918 87.982 83.3749 73.3003 68.739 60.087 58.6824 55.863
threshold=3.346556749599106e-09 0.60059714714698165 3.1778599023818974 0.038907137784090919 0.0055926295462995776 2.2124382257461552 3.4977042675018315 1.0895439178844109e-12 0.0048196255551848661 2.7269864832091503e-12 0.010104649662959195 0.059725674715909095 0.15742989782987102 0.011534075252711775 0.0083487548639352357 9.2476493591675548e-05 0.0041433144360780725 0.055952592329545463 0.0087794455911373009 0.2979480922222138 0.14295732971069483 0.04022435824634004 0.15931604057550433 0.11143909801136366 0.011745113491392766 0.0071141200838602736 8.011709359504734e-11 1.3413887023925783 0.036034640251961646 0.0054911044426262387
decision_type=2 2 2 2 2 2 2 2 2 2 2 2 2 2 2 2 2 2 2 2 2 2 2 2 2 2 2 2 2 2
left_child=1 2 3 4 -1 -6 -4 -5 -9 10 11 -10 -2 14 -3 -16 17 -11 -19 -20 21 22 -18 27 -25 -23 -26 -24 29 -22
right_child=12 13 6 7 5 -7 -8 8 9 16 -12 -13 -14 -15 15 -17 20 18 19 -21 28 25 23 24 26 -27 -28 -29 -30 -31
leaf_value=-0.094729966930303472 -0.14585984639510413 0.022866213963571278 -0.21827300390784152 0.064446101590386259 0.10412981106399102 -0.054376496615656827 0.038441802865679636 -0.1037292575127105 0.03716718326403174 -0.11507874698810255 -0.16063218030603996 -0.11924536225683882 0.099170608556949938 0.062302892037985384 -0.0064342290110537097 -0.29897270080680671 -0.099666371926506903 -0.089948697287023413 -0.0083716609580128717 0.078942369534089077 -0.026094313984431128 0.00061585826542672557 -0.17462609699947174 -0.088354705572416287 0.02945034946698516 -0.079033261347255829 -0.077925580924111115 0.12312546718046934 0.015620163757770249 0.00030521264920263123
leaf_weight=177.29646968096495 9.1721038371324521 286.8351978417486 28.890589827671647 126.91885700821877 54.703305039554834 59.56442829221487 14.889809682965277 85.129125406965613 68.345811488106847 46.713831199333072 54.84476681984961 40.185691457241774 113.35708544962108 275.27240424603224 23.991513561457396 15.796110136434434 93.399887027218938 37.949159609153867 108.6856955755502 312.53545097075403 906.94070189259946 186.64016189239919 7.3584288377314797 99.3901088796556 383.58209769427776 303.31666646338999 70.591557065024972 85.855941981077194 2233.5252272933722 6897.9086914528161
leaf_count=4057 57 1241 224 240 115 463 44 1338 626 1334 671 985 245 599 75 134 1744 774 632 1012 9412 955 90 1374 1796 4045 623 141 7832 34015
internal_value=-0.000122136 -0.000880047 -0.00243083 -0.00197853 -0.049176 0.0215051 -0.130964 -0.000845918 -0.00153517 -0.000806415 -0.0677061 -0.0207473 0.0808285 0.0312881 0.00514925 -0.122575 0.000121855 0.029598 0.0443167 0.0564131 -0.00120144 -0.0218397 -0.00406469 0.00974095 -0.00539386 -0.0486924 0.0127611 0.0996207 0.00132764 -0.00276247
internal_weight=13209.6 13087.1 12485.2 12441.4 291.564 114.268 43.7804 12149.8 12022.9 11937.8 163.376 108.532 122.529 601.895 326.623 39.7876 11774.4 505.884 459.17 421.221 11268.5 1230.13 740.178 646.778 553.564 489.957 454.174 93.2144 10038.4 7804.85
internal_count=76893 76591 74542 74274 4635 578 268 69639 69399 68061 2282 1611 302 2049 1450 209 65779 3752 2418 1644 62027 10768 5768 4024 3793 5000 2419 231 51259 43427
is_linear=0
shrinkage=0.1


Tree=32
num_leaves=31
num_cat=0
split_feature=2 1 3 5 6 17 14 17 12 14 11 10 19 5 1 5 10 8 14 6 7 18 4 10 9 17 4 12 3 8
split_gain=71.4484 57.685 54.9566 46.0936 62.9364 114.616 66.2757 50.437 74.6832 100.328 75.5406 91.8212 75.4763 79.6415 67.7273 68.4631 67.3163 103.854 73.0042 71.1658 79.2232 71.1351 69.8957 60.4147 59.8485 71.021 84.9875 58.6493 70.792 90.3369
threshold=3.346556749599106e-09 0.68039045059227432 0.15577845997922959 0.0068563185123467164 4.5249867796630609e-11 0.12613192471590912 0.0050915395841002473 0.16506125710227273 0.39168252050876623 0.019620095379650596 1.1723743309488556e-08 2.6769194602966313 2.5754891633987431 0.034774641524911214 0.50192234204282105 0.023302327801827474 2.9513493776321416 2.7212019336000042e-10 0.014293617103248836 3.0145549761914804e-10 0.09298801478658765 -0.18757663353938944 6.5298168202750769e-11 2.4883092641830449 0.096421494343720118 0.14002574573863638 7.7408797695170268e-11 0.31042423844337469 0.066158274824134 1.4313648483568503e-10
decision_type=2 2 2 2 2 2 2 2 2 2 2 2 2 2 2 2 2 2 2 2 2 2 2 2 2 2 2 2 2 2
left_child=1 3 -2 4 5 -1 -7 8 10 -10 16 -12 14 -14 -11 -16 17 18 19 20 21 -5 -18 -21 25 26 -24 28 29 -23
right_child=2 -3 -4 7 -6 6 -8 -9 9 12 11 -13 13 -15 15 -17 22 -19 -20 23 -22 27 24 -25 -26 -27 -28 -29 -30 -31
leaf_value=-0.11144832508956569 -0.17232506139980283 0.048993545055495705 0.097950784176777772 0.025646196312804726 -0.10922133414025535 -0.12486739291903388 0.051934228268872555 0.022834639383185862 -0.1483581872498545 0.0067161049851860236 -0.24859247208745283 -0.03573197508331754 -0.14741201321625491 0.0046056271304955433 -0.056099030987648173 -0.52361675581061318 -0.094908224745118772 -0.070831591703234886 0.051342499970129185 0.13279511617375042 0.10295245228631343 0.010983490738124128 -0.091019048589566526 -0.10779428083609827 -0.01140784449783879 0.11513145790372521 0.032129749717580168 -0.075606597543011952 -0.011696986967958111 -0.14660651914184308
leaf_weight=82.512360537424684 8.099043741822241 228.51849388517439 105.82084740884602 800.38114340417087 90.183059271425009 24.279461525380611 167.28815189562738 850.56673836521804 70.288949184119701 411.26285814121366 24.780171800404787 111.22706231474876 83.613890051841736 58.626994550228119 9.0273855216801149 4.7965739257633677 52.660318527370691 220.08022698760033 255.93242651969194 11.665150150656698 71.567000262439251 2559.7681671269238 58.99174415320158 99.162077452987432 404.82435480505228 96.655784428119659 1119.8126738779247 118.13935002312064 4875.1251334659755 36.899778731167316
leaf_count=2205 54 581 248 3720 943 419 578 3114 561 1591 218 435 683 234 39 60 453 1464 743 19 151 15966 406 759 1819 145 3328 848 34743 366
internal_value=-0.00011427 -0.000805311 0.0787357 -0.00169645 -0.0367578 -0.0129145 0.0295262 -0.000666972 -0.00239689 -0.0356633 -0.000454054 -0.0745146 -0.021701 -0.0847554 -0.000602017 -0.218316 0.000480196 -0.00297773 -0.00128627 -0.00285747 -0.00181475 -0.00270839 0.0185361 -0.082471 0.0220914 0.0327239 0.0259669 -0.00569846 -0.00459312 0.00874407
internal_weight=13112.6 12998.6 113.92 12770.1 364.263 274.08 191.568 12405.9 11555.3 637.617 10917.7 136.007 567.328 142.241 425.087 13.824 10781.7 9048.72 8828.64 8572.71 8461.88 8390.31 1732.94 110.827 1680.28 1275.46 1178.8 7589.93 7471.79 2596.67
internal_count=76893 76591 302 76010 4145 3202 997 71865 68751 3168 65583 653 2607 917 1690 99 64930 58779 57315 56572 55794 55643 6151 778 5698 3879 3734 51923 51075 16332
is_linear=0
shrinkage=0.1


Tree=33
num_leaves=31
num_cat=0
split_feature=0 3 12 9 7 7 1 3 17 3 3 12 5 14 9 18 6 14 5 5 13 1 3 5 8 7 17 19 12 19
split_gain=65.6152 48.5181 39.954 97.272 61.8306 60.8748 67.7571 85.5174 60.2797 60.2562 47.7496 101.937 101.271 45.6961 45.2014 42.4264 40.2607 51.8886 55.4557 47.7632 47.0216 48.9055 64.6566 84.4624 58.9961 60.2969 55.8715 65.7704 65.3844 79.863
threshold=1.3281965507226026e-08 0.25533906576791982 0.099878184497356429 0.00089339301789660567 0.0068870139717096502 0.0049994107918605564 0.53839109780951033 0.066158274824134 0.086669921875000014 0.025350461678273532 0.12002962271417812 0.29634658992290502 0.011185352318608349 0.0058500431478023538 0.0029180077437226961 -0.18757663353938944 1.0520311585580575e-11 0.0041433144360780725 0.01445965004724825 0.033236687701219285 1.0716129541397097 0.14295732971069483 0.04022435824634004 0.037365701314320841 9.801252443555546e-12 0.015018122487499471 0.15720436789772732 1.0582389235496523 0.36967462301254278 1.8679670691490176
decision_type=2 2 2 2 2 2 2 2 2 2 2 2 2 2 2 2 2 2 2 2 2 2 2 2 2 2 2 2 2 2
left_child=1 2 3 9 15 13 16 -8 -6 -1 -9 12 -12 -4 -10 -5 -7 18 -18 -20 -19 22 23 -22 -24 -26 28 -28 -23 -30
right_child=-2 -3 5 4 8 6 7 10 14 -11 11 -13 -14 -15 -16 -17 17 20 19 -21 21 26 24 -25 25 -27 27 -29 29 -31
leaf_value=-0.18693875690273121 0.078416172324567948 0.06936511869032766 0.016939099452589056 0.14823048327001367 -0.10133480038684879 -0.10108771722351893 -0.10576221651121245 0.048491737306468365 -0.11687378706422605 0.045865494175468986 -0.35050357656343412 -0.36527494121525866 0.018655880771510425 -0.1073529751597842 0.12080149370752868 -0.021300225396959856 -0.03322544719713031 0.10220515764569925 0.064854089465947645 -0.076136031521318204 0.010182935997089845 -0.00039364272698456763 -0.0052399180103760278 -0.091821355552845041 0.021724575784748137 -0.099935889888494084 0.064002767359117932 0.0053682866261474697 -0.0026822794144525791 -0.070078817623339923
leaf_weight=11.824864741414784 105.56538797728717 97.961821667850018 43.864891926757991 16.454192835837603 229.50533251743764 40.45579232275486 47.065138773992658 622.81126231886446 12.214069402776657 185.94258424825966 7.6166268885135642 7.4231797605752936 305.18053817376494 90.828225165605545 23.201807072386146 143.52055841125548 96.052620815113187 42.715230073779821 295.11393901146948 26.15762553550303 615.68553550168872 7800.7775489352643 172.9751244969666 93.503945577889681 49.133038209751248 238.41357972659171 273.83272420614958 634.75413352251053 404.46647263690829 311.02114480733871
leaf_count=89 302 251 464 136 5461 826 265 1552 326 743 80 71 1019 734 68 2556 929 65 1017 342 3837 42768 945 1536 538 3462 611 2298 1690 1912
internal_value=-0.000103264 -0.000743807 -0.00127859 -0.025988 -0.0529531 -1.95252e-05 0.000725605 0.0257912 -0.0825965 0.0319457 0.0323568 0.000975126 0.00966683 -0.0668753 0.0388331 -0.00386316 -0.00151119 -0.00114677 0.0334426 0.0533748 -0.00250379 -0.00292596 -0.0222117 -0.00326594 -0.0513875 -0.0791478 -0.000532423 0.0230397 -0.0030473 -0.0319794
internal_weight=13046 12940.5 12842.5 622.663 424.896 12219.8 12085.2 990.097 264.921 197.767 943.032 320.22 312.797 134.693 35.4159 159.975 11095.1 11054.6 417.324 321.272 10637.3 10594.6 1169.71 709.189 460.522 287.547 9424.85 908.587 8516.27 715.488
internal_count=76893 76591 76340 9379 8547 66961 65763 2987 5855 832 2722 1170 1099 1198 394 2692 62776 61950 2288 1359 59662 59597 10318 5373 4945 4000 49279 2909 46370 3602
is_linear=0
shrinkage=0.1


Tree=34
num_leaves=31
num_cat=0
split_feature=15 9 6 5 6 17 3 10 2 13 4 3 12 17 9 14 9 8 13 12 5 18 19 3 3 8 8 18 18 5
split_gain=60.9132 90.9064 76.8712 75.6024 71.1768 75.0669 106.819 70.6272 65.8525 56.0774 65.4802 61.5549 87.1924 81.6062 85.7925 65.3297 107.756 61.6896 73.459 113.395 117.97 97.9188 58.0673 57.7494 57.7262 56.9904 55.3924 54.8845 53.5777 53.4047
threshold=6.4512005337746827e-05 0.11346691551416709 7.5811104191991697e-10 0.056694632950472973 5.5197876126886647e-10 0.12231445312500001 0.070155813592690922 2.6925313472747807 5.7402207442817313e-10 2.2271782159805302 1.2998961795398082e-10 0.081324552520397234 0.0983904004096985 0.075883345170454572 0.0028277550715849254 0.0032531734323129062 0.0039677604564988169 3.3598184656339673e-12 1.4742005467414858 0.14461385458707812 0.047037682528179643 0.46940981566678441 0.70316410064697277 0.10638244354520325 0.025350461678273532 2.7269864832091503e-12 1.0694232528795892e-11 -0.14103649827567014 -0.22362229236486281 0.028656930268828196
decision_type=2 2 2 2 2 2 2 2 2 2 2 2 2 2 2 2 2 2 2 2 2 2 2 2 2 2 2 2 2 2
left_child=1 2 9 4 5 6 8 -7 -2 11 22 13 -13 24 -15 -16 -17 25 19 20 21 23 -11 -19 -1 -14 -22 -6 -25 -29
right_child=3 -3 -4 -5 27 7 -8 -9 -10 10 -12 12 17 14 15 16 -18 18 -20 -21 26 -23 -24 28 -26 -27 -28 29 -30 -31
leaf_value=-0.096512146827150161 -0.10589783523167501 -0.074939240278033864 0.081741251341942892 0.074303370926895332 -0.11685671540636378 -0.1833248374529447 0.019853905509402865 0.082687517281064105 0.034657730744936548 -0.12772200143775875 0.085675550397465883 -0.099861285166198493 -0.14783402785104494 -0.10913680735541485 0.091377010681096008 -0.11791499017423529 0.0017218734311348774 -0.0053502405045066309 -0.0021067433074360852 -0.077931203017321107 0.054491552210234884 0.50771475839320057 -0.031704111866430844 0.044615315096840406 0.03683890794768243 0.062080900199122969 -0.15114763512277118 -0.031321470466342947 -0.090171578144702225 0.016725421758442754
leaf_weight=33.678819745779037 115.5796273201704 177.17334726825356 106.73149967193604 183.72445202060044 49.154440784826875 10.429483465850351 1559.341804583557 232.03809678554535 46.842525113373995 77.944378338754177 38.902794487774372 108.29439258016646 13.958549935370682 71.647261271253228 78.863611923530698 76.714258497580886 4043.123211633414 227.04408456943929 2473.9909817259759 373.91194749996066 248.36676552146673 3.2540183048695317 328.13834735006094 33.628440037369728 898.76746508479118 176.11393041536212 13.828329928219317 485.44080771319568 239.69459165260196 441.95434869267046
leaf_count=352 830 1206 260 577 326 88 5801 527 150 597 75 3940 253 2050 359 1595 24649 1498 13863 3463 567 6 1851 176 3681 1042 91 2368 3239 1413
internal_value=-9.50424e-05 -0.00395626 -0.00265526 0.0120697 0.00818172 0.0191513 0.0118151 0.0712453 -0.0653616 -0.0035975 -0.0382609 -0.00190525 -0.0113822 0.00522068 -0.000631575 0.00121997 -0.000505849 -0.00886323 -0.0117839 -0.0327899 -0.0107495 -0.0390689 -0.050134 -0.0426248 0.0320224 0.0466652 0.043646 -0.0138824 -0.073588 -0.00842451
internal_weight=12968.3 9843.77 9666.6 3124.51 2940.78 1964.23 1721.76 242.468 162.422 9559.87 444.986 9114.88 3912.09 5202.79 4270.35 4198.7 4119.84 3803.79 3613.72 1139.73 765.816 503.621 406.083 500.367 932.446 190.072 262.195 976.55 273.323 927.395
internal_count=76893 64813 63607 12080 11503 7396 6781 615 980 63347 2523 60824 28138 32686 28653 26603 26244 24198 22903 9040 5577 4919 2448 4913 4033 1295 658 4107 3415 3781
is_linear=0
shrinkage=0.1


Tree=35
num_leaves=31
num_cat=0
split_feature=0 9 19 8 5 8 12 9 3 8 13 12 8 8 13 12 17 6 14 19 6 3 10 11 3 3 4 14 8 9
split_gain=53.6986 39.4747 72.6601 72.1096 91.9744 76.4385 73.5449 88.0167 65.1234 71.1405 97.0059 97.713 112.508 60.8398 79.1489 104.453 66.5665 57.609 57.3366 63.6289 59.2472 52.0229 56.0812 69.2974 51.8993 50.8006 50.4789 50.3607 55.8318 50.1584
threshold=1.3281965507226026e-08 0.0053107711934874966 0.010402012616395952 9.6580495629758374e-12 0.016211295244612314 1.7246211670669606e-11 0.1364303454756737 0.0030127546940969621 0.03076190800345294 3.5857700179883934e-12 1.4704048633575442 0.11248955875635148 8.3866845852187156e-12 9.8824737009831677e-12 1.3287435173988345 0.19246391952037814 0.12373490767045457 4.118749621412602e-11 0.0062673678621649751 0.89910036325454723 3.9207160217657025e-11 0.099358948781524806 2.0083249807357793 4.8333068103367804e-10 0.10099271927785282 0.024673423953305077 1.8647714875764126e-10 0.0060906829312443742 1.382223756125775e-11 0.0028724677313915329
decision_type=2 2 2 2 2 2 2 2 2 2 2 2 2 2 2 2 2 2 2 2 2 2 2 2 2 2 2 2 2 2
left_child=1 3 -3 4 21 -5 7 8 -6 -10 17 12 -12 16 15 25 24 -11 19 -8 -20 22 23 -1 -4 -15 -13 -27 -29 -14
right_child=-2 2 13 5 6 -7 18 -9 9 10 11 26 29 14 -16 -17 -18 -19 20 -21 -22 -23 -24 -25 -26 27 -28 28 -30 -31
leaf_value=0.0017992913149228425 0.07472986501633927 0.050558502971274691 0.039746925797405561 -0.054914573996500161 -0.10775226452572984 0.063928444917902907 -0.026083534787884378 0.046032021991058547 0.039281104371793357 -0.10002247715503612 0.063415440875652707 -0.067845306812740105 -0.14143629619278428 0.1516317218230441 0.0011474294371359068 -0.11201643484989179 -0.086092474090003049 -0.0056312210896926496 0.056366913896816473 -0.12280156305833737 -0.18546716947670738 -0.10592611941882868 0.052544689475174627 -0.10522133718006184 -0.10688014215454078 -0.038317781208161386 0.064938899463635347 0.087241554730830909 -0.12898305490547637 0.069769565850563695
leaf_weight=128.67849632352591 95.199734520167112 306.57345016114414 722.1974811181426 510.58861767314374 54.705208469182253 60.537645611912012 308.44797763973475 575.0025639384985 387.40168263576925 160.90158581919968 323.31757177226245 169.59755309484899 43.622066735289991 18.022493563592434 7753.1706048622727 141.71286819688976 48.464287735521793 108.09807127155364 103.86632652580738 87.264501597732306 11.225410126149653 108.77470848336816 70.941680428571999 114.199588063173 24.974569400772452 313.96825614571571 34.444231688976288 68.225535750389099 14.475572708994148 15.14925207570195
leaf_count=2460 302 1100 2458 3491 622 157 2418 2182 2022 3338 1370 1060 392 48 38491 2765 705 713 252 933 91 3440 512 2865 225 1951 76 195 212 47
internal_value=-9.62498e-05 -0.000653266 0.00267458 -0.00992871 -0.00333551 -0.0423176 0.00428903 0.0134651 -0.00097024 0.00373107 -0.0123742 0.0104429 0.04028 0.00106232 -0.00146707 -0.0378986 0.0274792 -0.0620912 -0.0293438 -0.0474123 0.0327798 -0.0463309 -0.0256743 -0.0485211 0.0348458 -0.0125703 -0.04543 -0.0200307 0.0493947 -0.0869946
internal_weight=12883.7 12788.5 9411.79 3376.76 2805.64 571.126 2383.04 1872.24 1297.24 1242.53 855.13 586.131 382.089 9105.21 8309.58 556.405 795.636 269 510.804 395.712 115.092 422.594 313.82 242.878 747.172 414.692 204.042 396.669 82.7011 58.7713
internal_count=76893 76591 48150 28441 24793 3648 15516 11822 9640 9018 6996 2945 1809 47050 43662 5171 3388 4051 3694 3351 343 9277 5837 5325 2683 2406 1136 2358 407 439
is_linear=0
shrinkage=0.1


Tree=36
num_leaves=31
num_cat=0
split_feature=3 1 13 6 3 15 18 7 9 5 3 5 18 8 8 12 14 7 13 12 8 5 13 10 14 8 13 10 6 5
split_gain=51.0708 50.5824 46.7186 45.8967 48.5786 48.8641 39.11 72.8483 50.3825 90.1367 90.3958 78.8766 62.0001 62.9744 59.2886 56.748 68.5145 88.1266 56.6547 57.5661 57.4177 56.133 55.56 58.0936 54.9116 215.28 63.3499 56.245 129.532 86.8211
threshold=0.25533906576791982 0.63602091636986247 3.3759047985076909 2.4978805977870592e-11 0.057863182592836217 0.00013616442447528246 -0.20664534806697202 0.1088363459172854 0.0055912916068604429 0.011835233404447903 0.10697014390633715 0.024165174654139629 0.1485758121813309 2.8232923681860859e-12 3.8526836085924345e-12 0.13548947870731357 0.0062154291663318881 0.0071767725976783691 1.1382422447204592 0.074398074299097075 9.8824737009831677e-12 0.062137342034950575 1.4742005467414858 2.3028242588043217 0.0075732006225734958 4.2776818389728257e-11 2.4072611331939702 2.4071637392044072 8.011709359504734e-11 0.016363588097376577
decision_type=2 2 2 2 2 2 2 2 2 2 2 2 2 2 2 2 2 2 2 2 2 2 2 2 2 2 2 2 2 2
left_child=1 2 6 -3 5 -5 7 -1 9 -8 15 12 -12 -14 -13 16 18 -18 -11 -20 -21 22 -16 -24 26 -26 -10 28 29 -27
right_child=-2 3 -4 4 -6 -7 8 -9 24 10 11 14 13 -15 21 -17 17 -19 19 20 -22 -23 23 -25 25 27 -28 -29 -30 -31
leaf_value=0.025575255907979506 0.069554370873279633 -0.083396679842719812 -0.12920226260873649 -0.29976323726201953 0.053120145484181196 0.088076724848062865 -0.086611057521951168 -0.12323286257165743 0.014051385587371956 -0.081506517720634164 -0.091689557520943987 0.045759549626149379 0.77582305526858353 0.02711543142655708 -0.086735508423622293 -0.023963361506271416 -0.1218993973020244 0.046854851458925484 -0.23718142822750013 0.036509515433287419 -0.04469719339911412 0.044931523226226781 0.041892379707778003 -0.043285317984908811 -0.094520207758576308 0.036037878227956323 -0.14343617113674681 0.004040177874479722 -0.068227826739295547 -0.059196113755774674
leaf_weight=798.51157656684518 104.40669682249427 29.9480244461447 28.705359208397567 7.9278723746538144 334.08167386427522 5.5036959871649742 161.83724667876959 34.311318226158619 2729.0802974905819 49.831232114695013 270.90416796319187 129.97092735767365 1.1645624004304398 31.793141927570105 174.73408901691437 523.5844698837027 77.028271041810513 51.726008415222168 8.1568646132945997 1003.0439085857943 95.345046551898122 90.608676299452782 112.11322939768434 280.16504077613354 254.49966184981167 352.90826092101634 25.783209640532732 4532.8638262301683 372.54470223002136 131.36089713312685
leaf_count=3632 302 214 184 69 913 12 4608 254 15465 1094 6258 445 8 569 1540 3996 534 129 102 5033 575 270 455 1588 3224 1351 210 19292 3350 1217
internal_value=-9.93695e-05 -0.000671991 -0.00177653 0.0353868 0.0456234 -0.140843 -0.001479 0.0194445 -0.00299942 -0.0139804 -0.00992737 -0.0326545 -0.0759342 0.0535711 -0.0159567 0.00378713 0.0150931 -0.0541037 0.0227977 0.0274949 0.0294604 -0.0281542 -0.0398333 -0.0189415 0.00100386 -0.00464509 0.0125774 -0.000401198 -0.0238977 0.0102051
internal_weight=12804.4 12700 12322.6 377.461 347.513 13.4316 12293.9 832.823 11461 3062.01 2900.17 1091.45 303.862 32.9577 787.592 1808.72 1285.13 128.754 1156.38 1106.55 1098.39 657.621 567.012 392.278 8399.04 5644.18 2754.86 5389.68 856.814 484.269
internal_count=76893 76591 75383 1208 994 81 75199 3886 71313 27204 22596 11133 6835 577 4298 11463 7467 663 6804 5710 5608 3853 3583 2043 44109 28434 15675 25210 5918 2568
is_linear=0
shrinkage=0.1


Tree=37
num_leaves=31
num_cat=0
split_feature=1 13 17 13 18 12 8 8 7 9 3 7 14 0 14 10 8 8 15 8 8 13 5 12 14 6 6 13 12 17
split_gain=45.778 53.8388 51.8098 74.7615 68.6144 57.8776 47.4181 78.6483 48.6006 54.0786 46.9124 43.5043 43.2564 41.9086 39.5587 43.2156 41.4249 85.8017 66.2515 55.4633 52.3507 120.395 67.5128 84.7759 73.8941 243.186 108.618 86.6502 137.331 93.9825
threshold=0.58542142751086901 3.1778599023818974 0.042236328125000007 1.6738144755363467 -0.22362229236486281 0.11064909026026727 1.0895439178844109e-12 2.7269864832091503e-12 0.0075458601796460816 0.0010833725161705748 0.25533906576791982 0.0049994107918605564 0.0052992694545537242 3.0186119295460105e-09 0.0032531734323129062 0.85472464561462413 3.2838095879332202e-12 5.4167243186939999e-12 5.0089125579688705e-05 4.0562929176474847e-12 9.9597483529950567e-12 1.7140186429023745 0.015355402418217035 0.13825964182615283 0.0056461757048964509 4.6516747372267168e-11 3.9207160217657025e-11 1.2797905802726748 0.17912915349006656 0.074507279829545456
decision_type=2 2 2 2 2 2 2 2 2 2 2 2 2 2 2 2 2 2 2 2 2 2 2 2 2 2 2 2 2 2
left_child=1 2 3 4 -1 12 -4 8 9 -8 11 -9 -5 -14 -13 -16 -17 18 -18 -20 21 22 -19 -24 25 -25 27 28 -26 -29
right_child=-2 -3 6 5 -6 -7 7 10 -10 -11 -12 14 13 -15 15 16 17 20 19 -21 -22 -23 23 24 26 -27 -28 29 -30 -31
leaf_value=0.080171771756753413 0.024773432457993818 -0.11777172744338155 0.066712432795882057 -0.13024678778840523 -0.086770961754277717 -0.08345849208714276 0.085123155403969419 -0.085944356749620809 -0.12939515890307679 -0.10841477250771075 0.06993120240053978 0.068616029899968733 0.073448677992767983 -0.13455497317222639 -0.10450761137950014 0.051669840981937658 -0.072672801542235974 -0.04664173587073555 0.14569263690460485 -0.089696151726783996 -0.0027153569495082987 -0.0658408738684646 0.047469687892667936 -0.088374593942196392 -0.13794533483623761 0.063418994533547393 -0.12480834301590937 -0.043061025718772204 0.059387216375882228 0.095154130883103372
leaf_weight=27.511530976742506 699.06863929145038 39.726685656234622 106.05776407569647 13.366768861189483 234.20761464908719 48.624599635601044 30.105986038222909 58.803499701432884 75.811626384034753 27.740839381702244 96.319265088066459 84.1099105887115 130.33842114172876 10.464032383635638 39.596279092133045 153.8881695671007 256.4248915091157 136.40310940146446 27.783723335713148 15.647526514716445 8331.0455045858398 171.7621679212898 944.87325712665915 253.78467856906354 59.442660506814718 180.68702630326152 41.561963777989149 59.558459084481001 86.714389372617006 282.77781631797552
leaf_count=167 2718 257 208 244 5604 326 171 753 1139 1248 276 644 413 142 691 1002 4031 2111 92 178 44985 1278 3548 2503 392 376 289 268 252 587
internal_value=-0.00010359 -0.00154979 -0.00116456 -0.033908 -0.0692222 0.0116674 0.000155625 -0.000462768 -0.0767214 -0.00768928 0.000440736 -0.000157686 0.0416699 0.0579904 0.000295714 -0.000224702 0.0001506 -0.000580213 -0.0533281 0.0608861 0.000919205 0.0145737 0.0213252 0.0261805 0.00532521 -0.025247 0.0303844 0.0435886 -0.0208687 0.0711079
internal_weight=12724.2 12025.1 11985.4 464.513 261.719 202.794 11520.9 11414.8 133.658 57.8468 11281.2 11184.9 154.169 140.802 11126.1 11042 11002.4 10848.5 299.856 43.4312 10548.6 2217.57 2045.8 1909.4 964.527 434.472 530.055 488.493 146.157 342.336
internal_count=76893 74175 73918 6896 5771 1125 67022 66814 2558 1419 64256 63980 799 555 63227 62583 61892 60890 4301 270 56589 11604 10326 8215 4667 2879 1788 1499 644 855
is_linear=0
shrinkage=0.1


Tree=38
num_leaves=31
num_cat=0
split_feature=0 5 7 8 2 3 18 6 18 12 17 15 9 8 13 6 17 17 15 12 3 17 9 19 17 18 14 9 7 8
split_gain=42.0239 35.357 50.8314 59.6941 56.733 47.8341 38.3466 44.2325 40.5751 71.5943 48.5443 52.111 52.5128 62.9786 61.6469 55.205 45.2699 44.6423 43.0866 98.5206 57.1714 53.3147 69.2216 51.5846 49.8023 49.0336 49.0241 95.5374 53.4205 55.869
threshold=1.3281965507226026e-08 0.0068563185123467164 0.032268409214424636 2.2024839854036334e-11 2.5544002770593868e-11 0.010816762876726256 0.63317547681402764 2.1135092790265763e-11 -0.045950760818827381 0.58640196919441234 0.15853604403409094 9.0396675659576444e-05 0.085810461757890019 4.4399901673536833e-11 1.8663555979728701 2.4246173192622066e-10 0.033979936079545463 0.18281693892045456 6.8571149313356741e-05 0.36967462301254278 0.053541496314565347 0.12613192471590912 0.015423852160027273 3.4076209068298344 0.090354225852272749 0.46940981566678441 0.01724303234368563 0.082689256430374822 0.10335939364086894 2.3108285809648126e-10
decision_type=2 2 2 2 2 2 2 2 2 2 2 2 2 2 2 2 2 2 2 2 2 2 2 2 2 2 2 2 2 2
left_child=1 2 3 -1 5 -5 8 -8 9 -3 16 12 13 -12 -15 -14 -10 -16 19 20 21 -18 -23 -20 -21 -25 27 28 29 -22
right_child=-2 6 -4 4 -6 -7 7 -9 10 -11 11 -13 15 14 17 -17 18 -19 23 24 26 22 -24 25 -26 -27 -28 -29 -30 -31
leaf_value=-0.089883831676634329 0.070264505914247571 0.0090188139315233989 -0.11842292205566751 -0.090265613594305905 -0.019967169924714562 0.13276253139133531 -0.14343705217637095 0.036568723463554609 -0.089349810293213594 -0.14447754076168659 -0.094629907008156475 0.097722497615377685 -0.1441367620489073 0.059956833614093132 -0.0067871143547496519 -0.0076423962242204982 0.021658583122948282 -0.21856237315688634 0.012630927074231911 0.21601130428760831 -0.014249801525070783 -0.097935899691880351 0.0020042698530608658 -0.10394236847645011 -0.09456393606371577 0.0606025063032406 0.027378697035949834 -0.12301398844501187 0.04354011511520911 -0.069035139639964924
leaf_weight=79.755506427958608 84.323003554716706 3784.737425737083 56.457406993955374 11.824913084506987 167.94181200675666 51.492278389632702 14.137354109436272 396.91473080404103 66.658720643259585 30.632549978792667 36.916576094925404 75.824406065046787 34.429183930158615 341.03939513117075 66.272695094347 212.62504982575774 982.39592910371721 11.713259875774382 1482.4108480457217 5.3272668644785872 3322.2278750026599 92.221718567423522 278.88966260384768 72.425543606281281 167.61406764015555 24.14877051115036 263.64677931368351 83.479154858738184 150.39167894795537 197.18955903500319
leaf_count=2529 302 20975 679 76 857 87 173 1523 1571 371 319 142 257 988 242 914 5700 94 5127 6 25491 1568 1653 512 1188 74 963 662 639 1211
internal_value=-9.49481e-05 -0.000567249 -0.031129 -0.0152829 0.0104452 0.0911105 0.000353724 0.0303778 -0.000693651 0.00778643 -0.0047543 0.0189602 0.010465 0.0305836 0.0416151 -0.0266641 -0.00732341 -0.0385951 -0.00655572 -0.0107068 -0.00831447 0.00946021 -0.022831 0.00801757 -0.084997 -0.0627973 -0.0143036 -0.0172316 -0.0148253 -0.0173194
internal_weight=12646.1 12561.7 367.472 311.015 231.259 63.3172 12194.3 411.052 11783.2 3815.37 7967.85 778.821 702.996 455.942 419.025 247.054 7189.03 77.986 7122.37 5543.38 5370.44 1353.51 371.111 1578.99 172.941 96.5743 4016.94 3753.29 3669.81 3519.42
internal_count=76893 76591 4228 3549 1020 163 72363 1696 70667 21346 49321 2956 2814 1643 1324 1171 46365 336 44794 39081 37887 8921 3221 5713 1194 586 28966 28003 27341 26702
is_linear=0
shrinkage=0.1


Tree=39
num_leaves=31
num_cat=0
split_feature=4 14 3 9 1 13 14 7 12 4 1 14 5 8 12 2 3 12 13 5 6 12 7 14 13 3 13 8 1 0
split_gain=39.1471 76.6384 76.479 67.5103 60.2872 60.2372 59.0363 114.703 106.15 136.069 109.491 98.4393 92.4048 81.8322 79.1429 76.1217 99.0646 68.4239 60.9868 66.3536 57.2468 117.906 117.602 158.613 114.894 107.879 97.8065 122.13 78.8373 77.5227
threshold=1.316549087236481e-10 0.0052523922640830287 0.1528161921588424 0.096421494343720118 0.14718221755561853 2.3100248575210576 0.0054911044426262387 0.02100108271245282 0.13548947870731357 3.6329690882002138e-11 0.287105220485804 0.0047298304270952949 0.019254768411609929 8.159344116778144e-12 0.1857922896742821 2.4859648007867567e-10 0.032373903625249369 0.14535690099000934 1.3771610856056216 0.032606970447635615 3.0605633597229453e-11 0.18212591111660006 0.0062255932308995657 0.005923196906223894 1.3601595163345339 0.11351264515920566 1.2687113881111147 1.1205349130192318e-11 0.57922636271612138 1.823994036124633e-09
decision_type=2 2 2 2 2 2 2 2 2 2 2 2 2 2 2 2 2 2 2 2 2 2 2 2 2 2 2 2 2 2
left_child=3 -2 4 6 -3 -5 7 8 10 15 -1 -9 -12 18 17 16 -10 -13 19 -14 21 22 23 -8 -22 26 27 -24 -25 -27
right_child=1 2 -4 5 -6 -7 20 11 9 -11 12 14 13 -15 -16 -17 -18 -19 -20 -21 24 -23 25 28 -26 29 -28 -29 -30 -31
leaf_value=0.013675255919515969 0.072959426515892697 -0.15010961102367637 0.040958695831117685 -0.053209280424010102 -0.0006365652522864971 0.0511510014015856 0.070943057318771985 0.066733553749576097 0.010575505747745038 -0.13649746590195444 -0.093790101041061891 0.0051294183973966427 -0.085232046535769948 -0.10624010136804905 0.12238313020951848 0.29368232525506882 -0.10638898969521066 -0.10651656188600392 0.04595101383101912 0.037316480610963459 -0.080770499304784152 -0.04337522335205421 -0.1109325492970013 -0.12552562749770582 0.0011779314351534778 -0.11531090334481774 0.067350395789677941 0.13099062135722112 -0.0096433761822547273 0.065314196894014007
leaf_weight=765.74432227946818 183.53417156357318 27.354499191045761 501.90348265599459 419.66380846127868 1990.0055299829692 63.704639181494713 127.25632108189166 284.72865461185575 189.19127935543656 175.87179938796908 225.63998415507376 137.5438356269151 109.46389202866703 80.942138507962227 34.825815072283149 7.2484436575323334 117.31283436436206 91.352050173096359 181.75608728267252 74.084764512255788 177.10078529734164 254.15608614869416 68.781436142511666 117.62425399944186 5038.6093286275864 66.211432302370667 892.85647463239729 29.955512274056673 117.20868719741702 37.061903078109026
leaf_count=5910 388 373 1584 2630 7923 224 494 712 1718 2565 7581 522 2009 828 77 36 1929 702 1373 237 2511 3151 456 923 26035 584 2625 38 567 188
internal_value=-9.26519e-05 0.0105723 0.00602731 -0.00300846 -0.00266335 -0.0394553 -0.00113478 -0.014389 -0.0258715 -0.066086 -0.0121754 0.0259605 -0.0416372 -0.0152666 -0.0180603 -0.0266173 -0.034192 -0.0394283 0.00489079 -0.0357684 0.00360239 0.0194742 0.0304378 -0.0189655 -0.00160465 0.0467763 0.0569064 -0.0375362 -0.067687 -0.0504896
internal_weight=12588.7 2702.8 2519.26 9885.9 2017.36 483.368 9402.53 2475.71 1927.26 489.624 1437.63 548.45 671.887 446.247 263.722 313.753 306.504 228.896 365.305 183.549 6926.82 1711.11 1456.96 362.089 5215.71 1094.87 991.593 98.7369 234.833 103.273
internal_count=76893 10268 9880 66625 8296 2854 63771 26199 24186 6248 17938 2013 12028 4447 1301 3683 3647 1224 3619 2246 37572 9026 5875 1984 28546 3891 3119 494 1490 772
is_linear=0
shrinkage=0.1


Tree=40
num_leaves=31
num_cat=0
split_feature=14 8 8 12 7 12 7 5 18 13 17 14 6 7 10 1 4 3 17 4 19 7 17 0 5 13 17 17 17 14
split_gain=39.7599 143.682 101.914 87.5083 66.1974 63.7981 97.6107 63.4238 95.4992 60.998 69.386 56.6078 75.6546 59.6712 58.8796 95.4707 56.1387 54.6513 54.4147 53.2266 51.141 50.5009 67.4794 55.7961 50.4943 50.2294 50.8654 58.8034 50.0038 47.2021
threshold=0.014293617103248836 2.7212019336000042e-10 1.9594932358697117e-10 0.46475759148597723 0.09298801478658765 0.29634658992290502 0.053026927872093392 0.030824118919790474 0.33915068590166902 1.7526268362998965 0.11858575994318184 0.012319628149271013 2.1612289722199244e-10 0.074860427671268284 2.7349702119827275 0.5426870208700123 7.0178545663416433e-11 0.092539444252074374 0.1743829900568182 1.6567341147364622e-10 1.7922554016113283 0.10335939364086894 0.098211115056818191 7.2983967061781304e-10 0.015965407964915575 2.1385283470153813 0.12999378551136367 0.11902965198863637 0.13367808948863638 0.011261129286140205
decision_type=2 2 2 2 2 2 2 2 2 2 2 2 2 2 2 2 2 2 2 2 2 2 2 2 2 2 2 2 2 2
left_child=2 3 4 -2 5 11 -7 8 -3 10 -9 12 13 25 15 -13 -4 -16 -10 21 -11 22 -18 -23 -19 -1 27 29 -24 -27
right_child=1 7 16 -5 -6 6 -8 9 18 20 -12 14 -14 -15 17 -17 19 24 -20 -21 -22 23 28 -25 -26 26 -28 -29 -30 -31
leaf_value=0.0011171265620354843 0.052894322072742354 -0.023646116510518428 -0.11435913063040865 -0.15362312473269116 0.096988342075606762 -0.0054892487701270129 -0.12426371179970763 0.078595619234844386 0.042678578494128733 0.054481403506061316 -0.14662412787573251 -0.14414304402425987 -0.091843268003640233 0.11450114079307357 0.18258849199742205 0.057596374793892804 0.0020265904737259196 -0.22808275780205609 -0.19214978065521926 -0.20652842282867914 -0.0017821754382056501 -0.094626974502579314 -0.14777287094767586 0.15837092917793266 0.062551597833823511 -0.039668278152213354 -0.14347784509250505 0.074687949752789848 0.087121259397982445 0.028950754442416873
leaf_weight=7246.2595965126529 746.69160715956241 1438.4695559917018 109.45439275912941 21.097781509160995 68.053317233920097 197.95079918205738 106.37240689434111 20.406810715794563 325.82166695222259 393.71245679631829 41.492453813552856 37.099140260368586 92.467365693300962 44.579441297799349 39.653863251209259 63.796676391735673 144.19858492910862 6.2699383012950411 10.175861962139605 16.047393292188644 273.97244488634169 12.46344333142042 64.62926346808672 28.999918453395367 128.33921181038022 587.68082676455379 34.802381165325642 60.576276771724224 10.540834225714205 120.86440180800855
leaf_count=53524 1996 7111 1066 157 143 1118 970 46 1147 980 426 318 626 148 66 159 543 58 83 124 1039 82 491 48 309 3246 241 200 27 401
internal_value=-9.60648e-05 0.00937471 -0.0034565 0.0472195 -0.00125808 -0.00202074 -0.0470054 -0.00222922 -0.0124341 0.0225907 -0.0723742 -0.000403003 -0.00190239 -0.00087499 0.0442107 -0.0165827 -0.0537304 0.0794093 0.0355667 -0.029763 0.0313947 -0.0188877 -0.0380177 0.0823225 0.0490142 -0.00151391 -0.025229 -0.0198783 -0.114835 -0.0279632
internal_weight=12492.9 3271.84 9221.1 767.789 8834.77 8766.71 304.323 2504.05 1774.47 729.584 61.8993 8462.39 8187.23 8094.76 275.159 100.896 386.334 174.263 335.998 276.879 667.685 260.832 219.369 41.4634 134.609 8050.18 803.924 769.122 75.1701 708.545
internal_count=76893 12985 63908 2153 61527 61384 2088 10832 8341 2491 472 59296 58386 57760 910 477 2381 433 1230 1315 2019 1191 1061 130 367 57612 4088 3847 518 3647
is_linear=0
shrinkage=0.1


Tree=41
num_leaves=31
num_cat=0
split_feature=15 12 11 10 8 8 10 7 17 11 13 18 11 6 5 18 1 4 10 4 17 12 5 13 10 19 9 12 0 2
split_gain=35.9876 38.8048 31.2539 29.9122 165.454 91.1746 128.323 86.2737 78.6211 67.3885 58.1665 61.5633 64.0916 84.4703 83.1071 78.4416 59.7346 57.005 55.6989 85.5722 83.7662 65.298 58.3287 52.6851 51.2663 49.8262 48.1256 54.8312 47.7882 46.8141
threshold=0.00013616442447528246 0.54636150598526012 2.2482413264413029e-08 2.5561480522155766 1.2570840282934273e-10 1.9594932358697117e-10 2.7913501262664799 0.0364242696427226 0.14002574573863638 2.1481834089343015e-09 1.6078299283981325 0.69502781924198986 5.3683348877342504e-09 4.7484625931197728e-10 0.034399094229321497 0.016630067934536124 0.22962595497987362 5.5104099838685096e-11 3.4224857091903691 9.842714700611946e-11 0.14149058948863638 0.33993013203144079 0.022175968771666828 1.9379520416259768 3.2097022533416752 0.19521722197532657 0.11078089201267856 0.35669131577014929 8.1926179910487868e-10 7.5428468703509743e-11
decision_type=2 2 2 2 2 2 2 2 2 2 2 2 2 2 2 2 2 2 2 2 2 2 2 2 2 2 2 2 2 2
left_child=2 -2 3 4 -1 8 7 -7 -5 17 16 12 18 -14 15 -15 29 -8 19 20 -12 -22 -23 -17 -16 -6 27 -25 -20 -11
right_child=1 -3 -4 5 25 6 9 -9 -10 10 11 -13 13 14 24 23 -18 -19 28 -21 21 22 -24 26 -26 -27 -28 -29 -30 -31
leaf_value=-0.002009210926075694 0.073163758386508279 -0.13899543823631233 -0.25301646350575185 0.015783980295538371 0.041132604652069929 0.063214123707061282 0.0042118212581060532 -0.11596076276353631 0.076521593896490145 0.25801320956912566 -0.070423781005102368 0.085852390067344367 0.045550422747429736 -0.081636438608339842 -0.15134975613982898 -0.15460322292823855 0.11635711639027649 -0.12778965172008114 0.014944505871455769 0.017863294058405029 0.13703398106200471 0.019707249873078037 -0.17349866143945858 -0.0050076944634813783 0.04981478844400105 -0.1175189493588019 0.029859399234746637 -0.11721099157516766 -0.11353879429758117 -0.067733690798359988
leaf_weight=7579.9466780377552 104.99744613096118 9.3922610171139223 4.90359710343182 1153.2021621931344 22.566735573112965 32.628802835941315 59.546638756990433 152.35527699440718 261.43449468538165 5.0133270025253287 316.53860097751021 84.0247712880373 505.39116242527962 171.25295378267765 13.271282386034725 22.395897194743156 88.751675585284829 72.606494624167681 40.176529102027416 495.34209420531988 36.941459149122238 77.729010507464409 19.557359829545021 195.14843685925007 278.96927171200514 161.20755766704679 287.61065486073494 56.065346676856279 103.58595162257552 36.769915007054806
leaf_count=55956 385 219 49 4539 99 73 324 1251 516 7 2163 202 1310 990 83 164 253 625 208 1723 38 305 165 729 702 1431 1052 345 732 255
internal_value=-8.75284e-05 0.0557439 -0.000605289 -0.000504906 -0.00428228 0.00591745 -0.00354941 -0.0843566 0.0270087 0.00148922 0.0047435 0.00159607 -0.0011061 0.0120941 -0.0044067 -0.0223951 0.0699417 -0.0683113 -0.0196382 -0.0108259 -0.0423522 0.0238467 -0.0191327 -0.00431794 0.0406795 -0.0980372 0.00192857 -0.030049 -0.0776323 -0.0286492
internal_weight=12449.3 114.39 12334.9 12330 7763.72 4566.31 3151.67 184.984 1414.64 2966.69 2834.54 2704 2619.98 1530.11 1024.71 732.473 130.535 132.153 1089.87 946.109 450.766 134.228 97.2864 561.22 292.241 183.774 538.824 251.214 143.762 41.7832
internal_count=76893 604 76289 76240 57486 18754 13699 1324 5055 12375 11426 10911 10709 5375 4065 3280 515 949 5334 4394 2671 508 470 2290 785 1530 2126 1074 940 262
is_linear=0
shrinkage=0.1


Tree=42
num_leaves=31
num_cat=0
split_feature=5 12 3 7 14 13 14 7 14 12 7 19 14 5 8 19 4 9 12 7 5 7 14 6 4 10 3 7 13 10
split_gain=34.4405 66.1579 93.3354 50.2418 79.7298 75.3554 40.9336 104.716 94.3254 67.0525 77.3233 72.3313 66.8689 73.6794 67.0462 64.6279 61.7625 87.8302 70.8072 59.092 74.9842 58.8551 98.3847 83.0782 60.3487 87.4823 84.0841 89.7017 87.8547 69.9734
threshold=0.069678888656431501 0.15207795053720477 0.14039449567348197 0.018116886981484819 0.0062154291663318881 1.0716129541397097 0.0054911044426262387 0.015895558583790458 0.0037927136290818457 0.1399791017174721 0.013450891552914705 0.48789004981517797 0.0047298304270952949 0.018346216749090104 2.8232923681860859e-12 0.48789004981517797 1.2069870248024102e-10 0.014243142903699497 0.14535690099000934 0.0063394419542660615 0.019254768411609929 0.0062255932308995657 0.005923196906223894 2.3255544807693987e-11 2.6521572870904752e-11 1.3635332584381106 0.091070427285125294 0.017210483834343485 1.4913222193717959 2.2975182533264165
decision_type=2 2 2 2 2 2 2 2 2 2 2 2 2 2 2 2 2 2 2 2 2 2 2 2 2 2 2 2 2 2
left_child=6 -2 3 4 -3 -5 7 8 -1 10 11 19 13 -9 -15 21 17 18 -14 20 -10 22 -8 -24 25 -23 27 -26 -28 -29
right_child=1 2 -4 5 -6 -7 15 12 9 -11 -12 -13 16 14 -16 -17 -18 -19 -20 -21 -22 24 23 -25 26 -27 28 29 -30 -31
leaf_value=0.0095207194435406525 0.063857569997638891 -0.1372803258526315 0.085776932286006774 0.09252482391027278 0.070165287879061608 -0.10762624638955785 0.056138455994166309 -0.045070313374232923 -0.088581705429361876 -0.097315285899961454 0.015902976425882617 -0.021466777651267463 -0.019095390740653639 -0.14641764850287953 0.058946110006162233 -0.0036439924826563138 0.058896810728030435 0.053696574075742624 -0.11475172343081086 -0.115290851300551 0.18046305854684416 0.047119300775269359 -0.0951466433463279 0.034825204738442632 0.076254972094779022 -0.099246510241758068 -0.087374716203354894 -0.049744728766278966 0.013912408198249987 0.035775490862018706
leaf_weight=418.50703782401979 239.92826854251325 24.813467491418123 83.007114855572581 22.37872763723135 73.132892750203609 117.9702387675643 107.05946859717369 95.111461067572236 27.748205705545843 209.48400692362338 225.12216673605144 317.19218978378922 202.25222331285477 16.487161824479699 444.42929252889007 6530.6484029497951 92.849813148379326 94.590305486693978 125.3403835343197 209.43006461579353 16.530192589387298 70.272785287350416 176.00582709349692 68.250851918011904 488.07982044573873 97.484325795434415 92.699919115751982 120.36464525386691 1123.8078908305615 466.40802114456892
leaf_count=5777 529 185 262 43 209 1188 440 696 998 3775 1286 4890 1079 198 1215 33566 206 390 1371 4550 41 474 1279 212 1199 1916 854 1272 4778 2015
internal_value=-7.90323e-05 0.0241259 -0.00554313 -0.0373533 0.0176116 -0.075712 -0.00122675 -0.0126054 -0.0303724 -0.0469766 -0.0337292 -0.0533006 0.0110165 0.0350642 0.0516002 0.00181258 -0.0149454 -0.0311854 -0.0556945 -0.0931 0.0118592 0.0144921 -0.0237944 -0.0588296 0.0199618 -0.0379345 0.0242006 0.0445801 0.00619416 0.0182327
internal_weight=12397.4 561.231 321.302 238.295 97.9464 140.349 11836.2 2495.07 1424.01 1005.51 796.023 570.901 1071.06 556.028 460.916 9341.08 515.033 422.183 327.593 253.708 44.2784 2810.43 351.316 244.257 2459.12 167.757 2291.36 1074.85 1216.51 586.773
internal_count=76893 2416 1887 1625 394 1231 74477 26472 21317 15540 11765 10479 5155 2109 1413 48005 3046 2840 2450 5589 1039 14439 1931 1491 12508 2390 10118 4486 5632 3287
is_linear=0
shrinkage=0.1


Tree=43
num_leaves=31
num_cat=0
split_feature=1 13 19 17 13 8 3 4 10 3 7 17 19 3 3 9 8 7 5 7 14 19 8 8 3 10 14 5 17 10
split_gain=29.7658 46.3293 38.5936 37.1366 64.5975 33.5528 32.2536 91.6314 43.2199 41.1756 42.6218 35.5156 34.8998 35.29 29.9722 31.1924 53.9739 63.7544 51.8202 51.3833 32.6178 27.972 27.686 47.9285 58.9204 84.1323 36.0481 104.843 37.9868 42.3217
threshold=0.58542142751086901 3.1778599023818974 5.5509445667266855 0.038907137784090919 1.7687439918518069 9.2587107632207674e-12 0.11483154083096662 1.0174555485487496e-10 2.6346942186355595 0.063257088393886315 0.0039940766716883873 0.059725674715909095 0.42207053303718572 0.16525345946771711 0.22903543623351552 0.00081701011096960174 2.7269864832091503e-12 0.0074526960971129852 0.012883253753984905 0.0048196255551848661 0.0025023509515449409 0.10698496177792551 3.4406824973788658e-12 5.4167243186939999e-12 0.017733105991424181 2.2975182533264165 0.0045116392429918059 0.016619010387610707 0.090842507102272749 1.635176479816437
decision_type=2 2 2 2 2 2 2 2 2 2 2 2 2 2 2 2 2 2 2 2 2 2 2 2 2 2 2 2 2 2
left_child=1 3 -3 4 -1 -6 9 8 11 -2 -11 -8 -9 -14 15 -5 17 18 -17 -18 -21 -20 -22 24 -24 -26 27 28 29 -25
right_child=6 2 -4 14 5 -7 7 12 -10 10 -12 -13 13 -15 -16 16 19 -19 21 20 22 -23 23 26 25 -27 -28 -29 -30 -31
leaf_value=-0.076969590921442704 -0.065818300805984539 -0.15463374552929976 0.11205833609665694 0.05319810101636762 0.082356513303864065 -0.14884227630895006 -0.19117736220310128 0.057623063841455151 -0.56482363527047841 -0.087401869240443936 0.050521018940343401 0.069750506097888285 -0.095014866877514564 0.054567369421888258 0.04301768125671232 -0.11161456891344951 -0.099617015293299416 -0.12573289093312998 -0.14838352595877752 0.24989111454191426 0.035741487429858998 0.10235742189318915 0.053581200842429247 0.020751792360754393 -0.085976140870640913 0.045632747775464701 -0.0010450305193415623 0.052425250691740859 -0.1120210495267 -0.12234817922784119
leaf_weight=149.71976232063025 37.731251116842031 32.476949758827686 6.5146524310111991 106.19403681438416 46.289117773994803 7.2618325334042302 23.540479591116313 90.947184080258012 2.5146522223949423 23.687766338698566 413.97982907295227 6.7015241533517829 41.101211901754141 25.593320581130683 158.72768186032772 23.315090811811388 52.019745138473809 75.11880736425519 5.0333427032455793 5.2211288269609204 211.19375892821699 38.330485926009715 58.44371772557497 96.427935441955924 218.84306876640767 62.42892322037369 9807.2697165338323 406.50179768074304 51.825029973872006 26.305266821756959
leaf_count=4075 203 247 10 251 194 93 372 289 33 178 1171 13 350 109 568 1211 782 1246 74 47 1987 216 473 445 4475 389 54389 1500 759 744
internal_value=-7.82142e-05 -0.00125392 -0.110075 -0.000888341 -0.0432553 0.0510046 0.0204861 -0.0142928 -0.166479 0.0344151 0.0430563 -0.133357 0.0173304 -0.0376143 -0.000133119 -0.000742238 -0.00125651 -0.0625586 0.00861203 -0.000466034 5.23711e-06 0.0732533 -0.00011403 -0.000819886 -0.0377816 -0.0567653 0.000388823 0.0245897 -0.0402321 -0.00991866
internal_weight=12311.3 11645.5 38.9916 11606.5 203.271 53.551 665.797 190.398 32.7567 475.399 437.668 30.242 157.642 66.6945 11403.2 11244.5 11138.3 141.798 66.6789 10996.5 10944.5 43.3638 10939.2 10728 339.716 281.272 10388.3 581.06 174.558 122.733
internal_count=76893 74175 257 73918 4362 287 2718 1166 418 1552 1349 385 748 459 69556 68988 68737 2747 1501 65990 65208 290 65161 63174 5337 4864 57837 3448 1948 1189
is_linear=0
shrinkage=0.1


Tree=44
num_leaves=31
num_cat=0
split_feature=5 14 3 6 14 5 17 7 14 7 12 1 18 6 13 13 14 14 8 19 13 19 8 12 9 13 14 19 8 3
split_gain=28.5468 59.067 94.5539 65.8426 87.3125 41.368 37.4539 34.7624 34.0855 82.9293 78.8358 73.5032 78.9675 60.6759 130.822 83.1451 101.583 78.3809 58.3175 76.9946 56.9315 53.8476 52.7292 52.5205 115.475 99.3246 82.637 133.541 108.871 101.35
threshold=0.069678888656431501 0.0054673058912158021 0.13024838331541755 3.8107386488854767e-11 0.0062154291663318881 0.091430276967434485 0.064830433238636367 0.026674926770617242 0.0054911044426262387 0.015895558583790458 0.1399791017174721 0.287105220485804 -0.20664534806697202 3.5886323405825531e-11 1.3601595163345339 1.9379520416259768 0.0076317095663398513 0.0065854676067829141 6.3042191840954909e-12 0.14739797264337542 1.9157925844192507 0.010402012616395952 5.2397215580047006e-12 0.18212591111660006 0.005686629135952549 1.3362860083580019 0.0058500431478023538 0.31364086270332342 1.0214393456172646e-11 0.11626564453875567
decision_type=2 2 2 2 2 2 2 2 2 2 2 2 2 2 2 2 2 2 2 2 2 2 2 2 2 2 2 2 2 2
left_child=8 -2 3 4 -3 -6 7 -5 9 10 11 -1 -13 15 -15 16 22 18 -16 -20 -18 -19 -10 24 25 -24 29 -28 -29 -27
right_child=1 2 -4 6 5 -7 -8 -9 13 -11 -12 12 -14 14 17 -17 20 21 19 -21 -22 -23 23 -25 -26 26 27 28 -30 -31
leaf_value=0.0065869767739966563 0.063819320398867882 -0.13404396971900731 0.075704256384991897 -0.15179725508517453 0.091402534288047912 -0.1146382810900471 -0.12336106952141 0.098504142601057929 -0.14586841551171981 0.0095149139236377061 -0.085355802643473963 0.053183845039768252 -0.057928084154957198 -0.097591192419736114 0.054423157034556163 -0.037894217715820605 -0.11076179060323797 0.0517085564277781 0.060022747524503234 -0.072338978386703598 0.24733893609920221 0.00023411594048670023 -0.10864887191967997 -0.01039580958676813 0.073645434052388312 0.089595723332443172 -0.036034888468759928 0.070130768467168605 -0.17160140180123562 -0.1338143219555786
leaf_weight=598.92708920780569 210.35384812019765 29.748281436040998 103.23561917617917 8.3208945170044917 75.028190534561872 11.198940690606831 89.654544686898589 16.653769068419933 17.24809380620718 1046.0560693247244 203.20033371727914 73.43500982504338 495.88106830138713 142.70916392281651 55.476251618936658 250.14672831073403 72.591061295010149 209.96013886481524 50.49863144941628 338.77289947029203 4.7287870980799189 6337.9049995979294 59.55606846511364 275.64193574991077 551.82559431064874 247.20174766145647 356.05500950478017 283.54457672312856 19.941641569137573 22.123041376471519
leaf_count=5776 481 231 340 53 180 78 1027 26 272 5155 3783 534 11224 2295 223 1467 1431 689 209 2834 8 30424 478 2382 1698 602 1814 685 187 307
internal_value=-7.39835e-05 0.0223153 -0.00383647 -0.0394448 0.0136784 0.0646425 -0.0931918 0.0151104 -0.00111417 -0.0116922 -0.0278678 -0.0178685 -0.043596 0.00163676 -0.00280896 0.0163186 0.023417 -0.000874592 -0.0414982 -0.0551682 -0.0888608 0.00188467 0.0281528 0.0298057 0.0370001 0.0165414 0.0245683 0.00550805 0.0542469 0.0712442
internal_weight=12257.6 544.194 333.84 230.605 115.975 86.2271 114.629 24.9747 11713.4 2417.5 1371.44 1168.24 569.316 9295.93 7135.32 2160.6 1910.46 6992.61 444.748 389.272 77.3198 6547.87 1833.14 1815.89 1540.25 988.422 928.866 659.541 303.486 269.325
internal_count=76893 2416 1935 1595 489 258 1106 79 74477 26472 21317 17534 11758 48005 36674 11331 9864 34379 3266 3043 1439 31113 8425 8153 5771 4073 3595 2686 872 909
is_linear=0
shrinkage=0.1


Tree=45
num_leaves=31
num_cat=0
split_feature=5 1 8 17 12 8 6 5 10 11 19 6 1 5 4 14 2 10 2 4 12 18 11 3 4 10 3 1 2 17
split_gain=26.971 27.2705 37.9568 28.3635 54.2354 39.2917 40.4162 131.027 84.1693 81.012 48.2774 62.2421 62.053 69.6458 46.2711 66.0877 60.3361 49.7639 45.3413 32.8111 41.4693 37.0982 53.0615 36.3543 78.0754 63.4967 48.3728 46.6245 67.5224 100.537
threshold=0.0040817798227160895 0.68039045059227432 7.923567121967128e-12 0.15720436789772732 0.54636150598526012 2.1307900758330904e-11 3.760217113265956e-11 0.0081939935404432614 1.6949546337127688 9.439025672186576e-10 0.50718021392822277 6.9735762875664192e-10 0.3057339376337973 0.015879780960391495 2.4202008059608543e-10 0.010993930511176588 1.5907328576410696e-10 2.3625884056091313 4.2229152514594001e-10 1.601904533820897e-11 0.074398074299097075 0.73269458273849042 1.7121592477131744e-09 0.051385466286151142 2.6521572870904752e-11 1.635176479816437 0.077547723016118522 0.32578722259332143 1.3367543346114871e-10 0.11374733664772728
decision_type=2 2 2 2 2 2 2 2 2 2 2 2 2 2 2 2 2 2 2 2 2 2 2 2 2 2 2 2 2 2
left_child=-1 3 -3 4 19 -5 -7 -8 -9 -10 11 -11 14 -14 15 -12 17 -17 -18 -2 -21 23 -23 27 25 26 -25 28 29 -22
right_child=1 2 -4 5 -6 6 7 8 9 10 12 -13 13 -15 -16 16 18 -19 -20 20 21 22 -24 24 -26 -27 -28 -29 -30 -31
leaf_value=-0.077201345817070069 -0.034649083007075053 -0.24245394487257227 0.045756318164273002 -0.13025990647743643 -0.10189683344419925 0.069655183553005498 -0.090595856760156676 0.089784582983254146 -0.087847535707797644 0.095043769687042354 0.049052935359938266 -0.10738564481398349 -0.15548764520799627 0.063624047804134096 0.074446316758634862 -0.17436909496818442 -0.14736519369717976 0.0059191650280495086 0.0079979643392992517 -0.19619370948096529 0.031886516588504242 -0.11014459834523527 0.063003471500459388 -0.041886641275901498 -0.0021732819509103374 -0.11125482322149625 0.11310433278681009 -0.043160182917509678 0.078388471713794386 -0.025473261836942481
leaf_weight=45.170610899105668 291.03183848131448 4.6889857798814765 179.36034630797803 18.635447476059198 54.118750117719173 126.20650462806225 116.07704251632094 153.45434655994177 77.96740703471005 128.04975343123078 80.271528452634811 17.233507104218006 15.578170150518416 210.88094340264797 48.160909863188863 17.256427958607674 83.038008242845535 135.74666829779744 24.275987900793552 10.828693334944544 809.30818666517735 19.852078782394528 163.1738069690764 92.281113562174141 8312.2250200742856 120.5189712382853 25.757194166071713 136.98877832666039 163.6362167969346 490.93010781053454
leaf_count=1212 3606 42 549 304 478 336 1034 273 785 190 208 113 110 481 251 142 619 574 89 218 3634 239 509 1529 49360 3376 232 983 406 5011
internal_value=-7.32066e-05 0.000214067 0.0384136 -0.000374589 -0.00204283 0.0138608 0.0160369 0.0099295 0.0216933 0.00923129 0.019184 0.0710316 0.0069401 0.0485513 -0.0172998 -0.0302731 -0.0547341 -0.0144146 -0.11222 -0.00153477 -0.000603225 -0.000398285 0.0442228 -0.00120277 -0.00379208 -0.0601969 -0.00806599 0.0126277 0.0178483 0.0102292
internal_weight=12172.7 12127.5 184.049 11943.5 10690.7 1252.83 1234.2 1107.99 991.914 838.459 760.492 145.283 615.209 226.459 388.75 340.589 260.317 153.003 107.314 10636.5 10345.5 10334.7 183.026 10151.6 8550.78 238.557 118.038 1600.86 1463.87 1300.24
internal_count=76893 75681 591 75090 69581 5509 5205 4869 3835 3562 2777 303 2474 591 1883 1632 1424 716 708 69103 65497 65279 748 64531 54497 5137 1761 10034 9051 8645
is_linear=0
shrinkage=0.1


Tree=46
num_leaves=31
num_cat=0
split_feature=5 12 13 10 13 12 17 1 5 14 7 3 14 13 12 19 13 9 1 14 8 8 11 7 12 4 18 18 7 17
split_gain=23.7782 50.7417 62.1205 40.7989 35.9645 48.3959 44.9843 33.9068 33.5537 29.2147 27.7423 31.6471 28.6427 27.545 26.0687 46.8738 63.3861 55.7173 44.8927 42.8425 107.753 73.7141 65.2389 49.5286 55.8004 45.1101 42.2676 41.8736 41.7456 49.8077
threshold=0.069678888656431501 0.14821227639913562 1.7140186429023745 2.0415329933166508 1.1898980140686037 0.14891760051250461 0.049516157670454551 0.11395973213842424 0.014550570855190728 0.0061149434186518201 0.017210483834343485 0.18626606941021603 0.0064441249705851087 1.0548713207244875 0.42021736502647405 1.7922554016113283 2.7762614488601689 0.12424858721770486 0.48614011832623211 0.014293617103248836 2.7212019336000042e-10 1.9594932358697117e-10 2.3390134273881817e-09 0.09298801478658765 0.34936237335205084 7.0178545663416433e-11 -0.020928624371828675 0.38150226414753979 0.10335939364086894 0.098211115056818191
decision_type=2 2 2 2 2 2 2 2 2 2 2 2 2 2 2 2 2 2 2 2 2 2 2 2 2 2 2 2 2 2
left_child=4 -2 3 -3 5 6 -1 9 -8 -7 12 13 -5 -12 19 18 17 -17 -16 21 -21 23 -22 24 26 -23 -6 -24 29 -27
right_child=1 2 -4 10 14 7 8 -9 -10 -11 11 -13 -14 -15 15 16 -18 -19 -20 20 22 25 27 -25 -26 28 -28 -29 -30 -31
leaf_value=-0.099918690375560892 0.063090919671988058 0.0083813165751944422 0.075768286724012354 -0.2051563965258438 0.0090041970384942549 -0.086753525775845622 -0.18573658822794625 -0.18852393418364247 0.0083187068685568223 0.16766203864972407 0.1109447014352951 0.16299738381432849 0.042642570274531444 -0.13616308793032764 0.012989876356165348 -0.10698847439410469 0.13114760754258739 -0.021854639579086423 -0.18892818228279853 0.047913710768272944 -0.082332325689888311 -0.10347605551110424 -0.0022112239252050059 0.087791243561936946 -0.095475931708519507 -0.0087094927002462214 -0.0062187466846254169 0.040824387143262225 0.067166513538960262 -0.10799238208234839
leaf_weight=52.91139616491273 183.89725617226213 152.84283644706011 79.119498147629201 5.5505933761596671 3040.9393366281874 22.916818780824546 9.2427589036524278 30.31359395198524 247.66852706484497 5.6204667557030907 4.8306027352809897 4.1835401505231848 29.222851324826479 68.175633955746889 345.63319377601147 128.16590032353997 19.198178797960281 192.09652888402343 11.373301964253185 645.03055909648538 90.876812238246202 99.412898940965533 1418.7564437491819 63.490984015166759 61.876100923866034 152.95106162875891 4557.5031083966605 268.95140780881047 41.817774243652821 75.458791773766279
leaf_count=2604 392 696 267 46 19766 237 156 274 1138 11 10 7 101 897 1325 913 36 1062 78 1784 740 1058 5856 135 489 618 34625 889 136 547
internal_value=-6.7935e-05 0.0206892 -0.00198298 -0.0252137 -0.00101388 -0.0317459 -0.0159552 -0.114877 0.00133728 -0.0366459 -0.0710749 -0.104485 0.0030885 -0.119813 -3.48287e-06 -0.0187398 -0.0453445 -0.0559244 0.00655729 0.00123729 0.0129007 -0.00225536 0.000202683 -0.000167594 -0.000896623 -0.0458803 -0.000126439 0.00464689 -0.0246916 -0.0415092
internal_weight=12110 527.823 343.926 264.806 11582.2 368.674 309.823 58.8509 256.911 28.5373 111.963 77.1898 34.7734 73.0062 11213.5 696.467 339.461 320.262 357.006 10517.1 2423.62 8093.45 1778.58 7723.81 7660.32 369.641 7598.44 1687.71 270.228 228.41
internal_count=76893 2416 2024 1757 74477 4420 3898 522 1294 248 1061 914 147 907 70057 3414 2011 1975 1403 66643 9269 57374 7485 55015 54880 2359 54391 6745 1301 1165
is_linear=0
shrinkage=0.1


Tree=47
num_leaves=31
num_cat=0
split_feature=19 7 17 4 12 8 6 5 10 0 19 6 4 6 9 0 1 14 2 12 5 3 4 13 1 12 18 15 18 19
split_gain=23.232 23.8507 22.641 44.9471 43.1564 36.2594 30.3644 111.686 70.7418 68.0129 44.8683 58.1423 48.3848 48.078 73.299 33.5092 32.2318 47.0148 33.754 31.2563 53.4669 32.7182 47.8052 47.8877 30.3502 30.1975 28.53 27.6487 29.1914 37.8687
threshold=-0.17949859797954557 0.0044422096480909974 0.15720436789772732 9.6428518998037467e-12 0.54636150598526012 2.1307900758330904e-11 3.8107386488854767e-11 0.0081939935404432614 1.6949546337127688 2.4831789748942632e-10 1.0866827368736269 5.0260602439198881e-10 1.6939010257980611e-10 2.9118222315059052e-10 0.08121768528059406 1.8428494107923397e-09 0.29621200487909632 0.010993930511176588 5.9993117370529792e-11 0.42021736502647405 0.02086751265378102 0.027930392123708698 2.2089502726382694e-10 2.0348111391067509 0.35995777602783569 0.4403017014265061 -0.23269979112823916 0.00013616442447528246 -0.12854129355400798 0.8328554928302766
decision_type=2 2 2 2 2 2 2 2 2 2 2 2 2 2 2 2 2 2 2 2 2 2 2 2 2 2 2 2 2 2
left_child=1 -1 3 26 27 -4 -7 -8 -9 -10 11 -11 -13 14 15 16 17 18 -12 -15 -21 -22 23 -23 -16 -19 -2 28 29 -5
right_child=2 -3 5 4 -6 6 7 8 9 10 13 12 -14 19 24 -17 -18 25 -20 20 21 22 -24 -25 -26 -27 -28 -29 -30 -31
leaf_value=-0.12840707222838507 0.095637074510839803 0.050514148035258701 -0.12606464918848043 0.026478492568851514 -0.092700210889655466 0.05845557654615488 -0.080324362307447758 0.084488336328129313 -0.086064604761472319 0.082663567506228941 -0.27956977137057498 -0.12612963241941785 0.043229477289512208 0.092644236671164254 -0.17059669196298122 -0.14061765504713403 0.087741066457249772 -0.12651778018834484 0.04356460466258763 -0.1607100043111061 0.19067800695612014 -0.11833814521944626 0.06324343953437879 0.04809101410623276 0.081004346136129057 0.055110457049659778 -0.099382526424857121 0.060251174052591394 -0.003709106896540209 -0.0041472481693281852
leaf_weight=7.8954906444996587 8.4208337385207397 132.15386862214655 18.672956208698452 794.10933923814446 51.604081261903048 138.40043005160987 124.68387527391315 145.56505851633847 69.152949504554272 178.27064826339483 3.3619292154908171 28.189081512391567 42.007542993873358 61.950624909251928 42.487642165273428 16.532479725778103 39.691961698234081 42.517673034220934 84.063859082758427 16.580132387578487 11.441877309232948 39.92659018561244 91.846214681863785 30.492582507431507 5.4042686223983756 11.6653536260128 68.706340224482119 73.119886085391045 8860.5431653964333 821.33156171161681
leaf_count=106 106 516 343 4189 478 397 1151 268 787 311 29 221 106 107 331 111 67 297 237 144 17 298 354 95 10 38 2489 336 58532 4422
internal_value=-6.45285e-05 0.0404272 -0.000540241 -0.00202711 -0.0014737 0.0122335 0.0143429 0.00872033 0.0202716 0.00881016 0.0175998 0.0523086 -0.0247806 0.000281289 -0.0312002 -0.00432782 0.00810019 -0.0142226 0.0311386 0.0309499 0.0108645 0.027241 0.0157165 -0.0462718 -0.142205 -0.0874141 -0.0780901 -0.00102744 -0.00145515 0.0109076
internal_weight=12060.8 140.049 11920.7 10677.8 10600.7 1242.91 1224.23 1085.83 961.148 815.583 746.43 248.467 70.1966 497.963 245.725 197.833 181.301 141.609 87.4258 252.238 190.287 173.707 162.265 70.4192 47.8919 54.183 77.1272 10549.1 10476 1615.44
internal_count=76893 622 76271 70552 67957 5719 5376 4979 3828 3560 2773 638 327 2135 1120 779 668 601 266 1015 908 764 747 393 341 335 2595 67479 67143 8611
is_linear=0
shrinkage=0.1


Tree=48
num_leaves=31
num_cat=0
split_feature=9 12 3 5 13 13 19 8 1 14 14 6 9 3 5 4 0 10 4 6 13 3 12 1 14 8 17 7 14 9
split_gain=21.1386 57.4936 58.7857 59.7952 70.5677 49.6172 42.6922 50.4886 80.8435 68.3053 86.2144 60.5379 52.3187 41.2815 83.3201 108.648 93.7175 57.2409 68.6792 59.0309 55.3797 56.0986 45.7509 115.323 55.1922 43.8167 54.8095 138.232 102.53 94.7227
threshold=0.0047296655680760359 0.1364303454756737 0.12146177773727578 0.02125163173835988 1.8598834872245791 1.1382422447204592 0.10698496177792551 8.706678278996797e-12 0.50830983157824416 0.0058990248944610366 0.0052279545925557622 3.458350375313473e-11 0.0018678243119545676 0.12939517684008259 0.012243078264154952 4.123817893166047e-11 1.7459797781723863e-09 2.8317151069641118 8.7495562955856045e-11 1.1387588466237461e-10 1.6932330727577212 0.25533906576791982 0.29634658992290502 0.52236085246980613 0.016765563748776916 9.9597483529950567e-12 0.10646750710227275 0.015018122487499471 0.010866386350244285 0.0085696411444276099
decision_type=2 2 2 2 2 2 2 2 2 2 2 2 2 2 2 2 2 2 2 2 2 2 2 2 2 2 2 2 2 2
left_child=1 2 5 -4 -5 -1 7 9 -9 10 -7 -10 -11 25 -15 -16 17 19 -19 -17 21 -21 -18 24 -24 -2 27 -27 -29 -28
right_child=13 -3 3 4 -6 6 -8 8 11 12 -12 -13 -14 14 15 16 22 18 -20 20 -22 -23 23 -25 -26 26 29 28 -30 -31
leaf_value=-0.086981603727757539 0.018729006973144401 -0.045107660816148025 -0.087719350174899235 0.0013636677961885776 -0.10745144659982027 -0.023437265414160552 0.020662280913555778 -0.18551572646515274 -0.063605202426518348 0.04908333700705575 0.11284666715131941 0.10818546039762265 -0.094978611561221504 -0.16324337766845928 0.12303275682146403 -0.035245924756258137 0.043605146299317554 -0.16330785623520847 -0.020267601473152101 -0.1634294693194665 0.078111969193297839 0.15013956115262972 -0.22290342468129684 -0.39304447428311418 0.016330330852507551 0.025894140016685652 -0.13303411405671059 -0.052594888832868218 -0.003971816453575131 0.0044799378200847803
leaf_weight=53.584203137550503 1000.4750996883959 358.67691295966506 131.48861739318818 468.55221967771649 68.282642457634211 91.649694867897779 1198.249867472332 39.753705620765686 77.573605512268841 36.157431278377771 94.055289732292295 27.887227244675159 83.25480193272233 25.240368947386742 95.858889920637012 206.04610522463918 728.81378118786961 55.081802699714899 85.935762781649828 20.711200080811981 117.78057458251715 7.8746557161211959 10.103164948523043 7.5080160358920685 211.93743151240051 586.97404471412301 50.677235830575228 941.71152707003057 803.8727840539068 4330.3644145615399
leaf_count=1737 5116 3727 4399 3432 567 1356 9415 364 526 90 175 59 514 232 322 1175 1944 454 354 181 301 9 74 76 668 2988 643 7231 3620 25144
internal_value=-5.73997e-05 -0.0077945 -0.00214867 -0.0272805 -0.0124771 0.00771888 0.010797 -0.0154529 -0.0639883 0.0076466 0.0455874 -0.0181782 -0.0513574 0.00221631 0.0169813 0.0199206 0.0131123 -0.0222964 -0.0761395 -0.00075121 0.0478084 -0.0770494 0.0313431 -0.00758883 0.00544485 -0.000794262 -0.00370366 -0.0160866 -0.0302031 0.00288926
internal_weight=12016.1 2729.17 2370.49 668.323 536.835 1702.17 1648.58 450.332 145.215 305.117 185.705 105.461 119.412 9286.97 1572.89 1547.65 1451.79 493.43 141.018 352.413 146.366 28.5859 958.362 229.549 222.041 7714.08 6713.6 2332.56 1745.58 4381.04
internal_count=76893 26361 22634 8398 3999 14236 12499 3084 949 2135 1531 585 604 50532 5790 5558 5236 2474 808 1666 491 190 2762 818 742 44742 39626 13839 10851 25787
is_linear=0
shrinkage=0.1


Tree=49
num_leaves=31
num_cat=0
split_feature=5 12 14 13 4 13 3 6 13 12 1 5 1 7 12 5 14 9 8 8 8 14 5 12 6 14 14 7 19 0
split_gain=21.0096 47.0538 63.1146 76.8945 29.514 46.0345 30.0514 54.9069 27.6243 40.2597 38.4842 30.8676 28.9569 25.7808 49.9938 28.6193 24.8549 24.4794 21.3959 65.0956 21.5922 21.2593 45.3538 38.5807 34.7624 97.3449 102.893 40.143 39.2855 27.8566
threshold=0.069678888656431501 0.15207795053720477 0.0062154291663318881 1.0716129541397097 1.2228324421299268e-10 1.1898980140686037 0.14039449567348197 3.8107386488854767e-11 1.1898980140686037 0.14891760051250461 0.25375012352266946 0.014550570855190728 0.11395973213842424 0.028632907633968068 0.14535690099000934 0.10038163809560012 0.0061149434186518201 0.12424858721770486 2.9932646082267623e-12 1.0895439178844109e-12 1.0214393456172646e-11 0.0037927136290818457 0.0087794455911373009 0.074398074299097075 1.5211209857336414e-11 0.005322215612977744 0.005923196906223894 0.0044422096480909974 0.80320480465888988 5.7103508537876225e-09
decision_type=2 2 2 2 2 2 2 2 2 2 2 2 2 2 2 2 2 2 2 2 2 2 2 2 2 2 2 2 2 2
left_child=8 13 3 -3 -4 -6 7 -7 9 10 11 -1 16 14 -2 -16 -11 -9 19 -13 -20 22 -10 -24 25 29 27 -27 -29 -23
right_child=1 2 4 -5 5 6 -8 17 21 12 -12 18 -14 -15 15 -17 -18 -19 20 -21 -22 24 23 -25 -26 26 -28 28 -30 -31
leaf_value=-0.16623947758618118 0.0548258200183422 0.092550318283575073 0.14522618651623997 -0.13002228604819749 -0.16206605716506542 0.059713608382439269 0.07917405044806583 -0.12640885115105988 -0.07088040298993388 -0.080514124171284576 -0.10042149527642473 0.050036228345761283 -0.17507049955264023 0.095173528233059801 -0.18227983624020297 0.055616440826553974 0.15371121559192058 0.041512244496524693 0.037887621026311491 -0.13661077470111924 -0.093361668577255114 -0.1228732093687247 -0.13302912403363062 0.04971006115237199 0.00024167288465580734 -0.098717191034341331 -0.092329274524830807 0.077750169365621458 -0.11668329968820144 0.21026244632074348
leaf_weight=10.586314685642717 106.93846619129181 20.243009231984615 18.226230729371309 66.559011115692556 14.060963209718464 56.195046905428171 65.673364980146289 36.252004558220506 41.739949015434831 21.988919503986839 43.771802964154631 40.348587043583393 29.130355220288038 91.375258203595877 15.923623208887877 7.4101569056510916 5.7061451990157357 11.415033999830483 158.86919789109379 34.803440923802555 13.608011804521082 98.744336089584976 12.109874498564748 251.38551261788234 10444.58210875839 17.069851204752922 78.426032140851021 138.36712209973484 11.235612434335051 2.5755381584167472
leaf_count=255 239 37 30 539 165 168 254 514 1907 237 2477 96 274 135 138 17 11 180 458 503 109 3008 136 1440 61725 196 939 579 126 1
internal_value=-5.44942e-05 0.0197993 -0.00681166 -0.0781164 0.0238558 0.011807 0.0262277 -0.00725098 -0.000938896 -0.0282476 -0.0137172 0.000980622 -0.105467 0.0544516 0.0258886 -0.106731 -0.0322556 -0.0861961 0.00812939 -0.0364013 0.0275324 -5.58289e-05 0.0259697 0.0413116 -0.00079199 -0.0319571 0.00212548 0.0465702 0.0631476 -0.114405
internal_weight=11965.3 510.272 288.625 86.802 201.823 183.596 169.535 103.862 11455 358.813 301.987 258.216 56.8254 221.648 130.272 23.3338 27.6951 47.667 247.629 75.152 172.477 11096.2 305.235 263.495 10791 346.418 245.099 166.673 149.603 101.32
internal_count=76893 2416 1887 576 1311 1281 1116 862 74477 4420 3898 1421 522 529 394 155 248 694 1166 599 567 70057 3483 1576 66574 4849 1840 901 705 3009
is_linear=0
shrinkage=0.1


Tree=50
num_leaves=31
num_cat=0
split_feature=1 13 19 11 3 4 3 7 19 3 6 5 9 8 7 7 19 13 8 5 12 9 3 8 13 5 12 8 19 8
split_gain=20.3204 40.4007 29.2795 27.7589 26.8808 68.0907 35.1603 33.5533 27.3325 27.3233 26.9099 26.6341 25.9366 51.682 51.2426 52.6133 45.7981 40.807 37.6903 36.8917 37.3611 64.5272 49.4045 43.8061 64.2556 71.4905 53.2223 58.8317 52.1068 51.8084
threshold=0.58542142751086901 3.1778599023818974 5.5509445667266855 1.1723743309488556e-08 0.1169585187085653 1.0655959369307049e-10 0.066158274824134 0.0042320313055891042 0.42207053303718572 0.15930668819558622 1.2071635116078222e-10 0.0095432518446056883 0.0055912916068604429 9.6580495629758374e-12 0.034701209055584818 0.012047930790278751 0.010402012616395952 1.9232044219970705 1.7246211670669606e-11 0.011835233404447903 0.1364303454756737 0.0030127546940969621 0.027207850478984909 3.8526836085924345e-12 1.4704048633575442 0.047037682528179643 0.11248955875635148 8.4952245407002532e-12 1.7417500615119936 8.8045019157443576e-12
decision_type=2 2 2 2 2 2 2 2 2 2 2 2 2 2 2 2 2 2 2 2 2 2 2 2 2 2 2 2 2 2
left_child=1 12 3 -3 6 10 -2 11 -7 -10 -6 -8 13 17 15 18 -14 19 -15 -1 21 22 -21 -24 25 28 27 -26 -25 -28
right_child=4 2 -4 -5 5 8 7 -9 9 -11 -12 -13 16 14 -16 -17 -18 -19 -20 20 -22 -23 23 24 26 -27 29 -29 -30 -31
leaf_value=-0.059107531218358184 -0.050620767645871638 -0.035697503147418569 0.099903209540108229 -0.22270048701477985 -0.11644072379164146 0.052654625506501997 0.066019782349659314 0.047261016055157146 -0.098051538511810893 0.036971846614685715 -0.40199703059726577 -0.1324706385822414 0.04645392373124544 -0.030457943142723733 0.088136397435731165 -0.089374467811794311 0.00089725618639792729 -0.10688701385572047 0.10685907367539223 -0.1050865019690058 -0.021128507976929011 0.03537703477129165 0.022579136999674902 -0.11588659300099365 0.053519528254866125 0.069114438882328946 -0.061436381159749878 -0.11403293683092064 0.050576354773320578 0.075262818770483741
leaf_weight=105.09937264816836 48.552972270175815 14.065216634422539 5.9657937139272681 18.221343828365207 26.964107371401045 77.275257389992476 10.397941562812777 383.80217180866748 33.192903375253081 27.324319142848253 3.7603354770690194 19.322952532209456 226.81411062180996 255.45903256442398 29.919300071895123 178.09393402375281 8146.5529021592811 37.107959269545972 21.68531746044755 47.637472690083086 550.66468945750967 595.38064328487962 451.7118580234237 139.26991474302486 203.23411208437756 32.533789020031691 149.93584452942014 23.365334527101368 21.739700505509973 34.014450578019023
leaf_count=4337 252 73 10 174 382 262 56 1122 304 133 39 168 918 1861 67 1465 45279 450 53 661 4484 2878 4152 4233 1398 75 1057 229 227 94
internal_value=-5.60621e-05 -0.00103196 -0.103627 -0.141235 0.0174138 -0.0167749 0.0298822 0.0393343 0.013241 -0.0370867 -0.15139 -0.0630282 -0.000683116 -0.00887468 -0.038634 -0.0469656 0.00213128 -0.00283799 -0.0197135 -0.00119819 0.00150742 0.00884474 -0.0054712 -0.0009766 -0.0185904 -0.0660908 0.00380242 0.0362427 -0.0934106 -0.0361592
internal_weight=11919.1 11288.5 38.2524 32.2866 630.593 168.517 462.076 413.523 137.792 60.5172 30.7244 29.7209 11250.2 2876.85 485.158 455.238 8373.37 2391.7 277.144 2354.59 2249.49 1698.82 1103.44 1055.81 604.093 193.543 410.55 226.599 161.01 183.95
internal_count=76893 74175 257 247 2718 1120 1598 1346 699 437 421 224 73918 27721 3446 3379 46197 24275 1914 23825 19488 15004 12126 11465 7313 4535 2778 1627 4460 1151
is_linear=0
shrinkage=0.1


Tree=51
num_leaves=31
num_cat=0
split_feature=5 1 2 8 1 4 19 17 12 19 3 4 19 2 6 6 12 7 13 19 17 0 6 5 1 7 1 12 7 5
split_gain=19.3786 19.3728 36.5235 53.4193 49.3525 38.3361 33.4955 28.5062 26.843 36.1663 24.8291 27.0812 24.559 22.7366 22.2636 21.8237 34.4888 23.7162 30.1843 28.4096 27.7656 31.2833 23.0915 41.463 31.31 29.0988 27.8514 38.9291 55.8391 42.8742
threshold=0.0040817798227160895 0.027601409799454805 2.5544002770593868e-11 3.2139221211751642e-12 0.086539347512852319 3.3690263460999677e-11 1.3892729282379153 0.11858575994318184 0.08762825652956964 0.1639533266425133 0.010816762876726256 1.0541681234887216e-11 -0.033531980589032166 6.655948888241953e-11 8.011709359504734e-11 5.8654004035946489e-12 0.077628627419471755 0.0044422096480909974 2.6387974023818974 -0.17949859797954557 0.035045276988636374 3.0186119295460105e-09 1.1865267217108178e-11 0.012883253753984905 0.33870404065807075 0.0048196255551848661 0.53839109780951033 0.10658941045403482 0.010007545302845058 0.017942576770882134
decision_type=2 2 2 2 2 2 2 2 2 2 2 2 2 2 2 2 2 2 2 2 2 2 2 2 2 2 2 2 2 2
left_child=-1 -2 3 -3 6 8 12 -8 -5 -10 11 -11 13 -4 -12 -6 -17 18 20 -19 21 -18 23 -21 -25 -24 27 28 29 -27
right_child=1 2 4 5 15 -7 7 -9 9 10 14 -13 -14 -15 -16 16 17 19 -20 22 -22 -23 25 24 -26 26 -28 -29 -30 -31
leaf_value=-0.069391974695102429 -0.069959766830559961 -0.11799090954669958 -0.1271143130261021 0.29338684458854114 0.10150555755354088 -0.11730698950763969 0.094670403113570292 -0.054243482760399121 -0.13404870494107896 -0.11198239099306712 0.074512595809335572 0.062264924737268516 -0.10038779077266846 0.37734075984829496 -0.14449778466969052 -0.10316923892343366 0.14869803013115923 0.048609293143955817 0.11900553575868125 -0.1193654218400758 -0.12025713958267409 -0.080382978159177443 -0.10618700324451236 0.040377700642899882 0.18380268382000908 -0.075223295469460619 0.015932004390072696 -0.00048416673169978042 -0.092719993747863258 0.028724883306121038
leaf_weight=40.170150283258408 39.246442779898643 21.385526695754379 1.5506714731454843 4.6082832319661966 21.253442782908678 13.707280038855968 21.963302677497268 30.997421904467046 10.270312937907873 16.888475379906595 216.52640159847215 18.902414038777351 96.769276890903711 2.1081594284623861 4.7432648576796046 32.261419469490647 9.86274631181732 122.73891295259818 9.0132805705070478 13.592264402192084 47.120564917102456 15.069398680236189 25.86051347060129 83.356041251681745 18.620755683630705 57.477728901896626 998.9078365159221 9642.4720381731167 112.61602387623861 128.13794611487538
leaf_count=1212 547 835 39 14 99 462 82 425 220 199 1020 39 2778 7 53 696 92 471 15 443 668 195 308 359 40 3259 4165 54091 2239 1821
internal_value=-5.34924e-05 0.000181795 0.000415108 0.0344535 -0.000494317 0.0458666 -0.0568373 0.00751248 0.0540915 0.0499665 0.0573184 -0.0199563 -0.0907721 0.163545 0.0698178 0.000267908 7.77848e-05 0.00037295 -0.0535207 0.000762902 -0.0751025 0.0102377 0.000232933 0.044699 0.0665668 -0.000235711 1.47506e-05 -0.00158472 -0.037168 -0.0034637
internal_weight=11878.2 11838 11798.8 307.032 11491.7 285.646 153.389 52.9607 271.939 267.331 257.061 35.7909 100.428 3.65883 221.27 11338.4 11317.1 11284.8 81.066 11203.8 72.0527 24.9321 11081 115.569 101.977 10965.5 10939.6 9940.7 298.232 185.616
internal_count=76893 75681 75134 2842 72292 2007 3331 507 1545 1531 1311 238 2824 46 1073 68961 68862 68166 970 67196 955 287 66725 842 399 65883 65575 61410 7319 5080
is_linear=0
shrinkage=0.1


Tree=52
num_leaves=31
num_cat=0
split_feature=5 14 3 4 14 12 15 6 18 14 13 12 17 5 1 12 19 4 7 18 6 5 13 3 19 9 3 18 4 5
split_gain=19.3783 42.7993 61.5947 49.2544 45.8421 36.6179 35.8926 29.7141 23.1441 22.5146 21.4017 34.3987 31.8829 25.4375 25.2599 20.871 64.7458 76.0924 49.4916 36.2433 43.2662 65.9414 62.7697 51.9141 50.9981 37.9318 36.7455 35.0481 33.7699 33.203
threshold=0.069678888656431501 0.0054673058912158021 0.13024838331541755 1.499320425645274e-10 0.0061149434186518201 0.19122375547885898 3.153007855871693e-05 3.760217113265956e-11 0.038730141960761771 0.0048726294189691552 1.1898980140686037 0.14891760051250461 0.049516157670454551 0.014550570855190728 0.11395973213842424 0.39771589636802679 2.5754891633987431 2.9848063534577946e-10 0.063962639468701912 0.14559880035548389 5.0260602439198881e-10 0.02842807755518351 2.204458594322205 0.087693682580305451 1.2203203439712527 0.13454384325770155 0.040950339526303267 -0.050666774698501359 2.7495560706251371e-11 0.034774641524911214
decision_type=2 2 2 2 2 2 2 2 2 2 2 2 2 2 2 2 2 2 2 2 2 2 2 2 2 2 2 2 2 2
left_child=10 7 3 4 -3 -6 -5 9 -8 -2 11 12 -1 -14 -13 -12 18 28 -17 20 24 22 -22 -23 26 -24 -20 -25 -18 -19
right_child=1 2 -4 6 5 -7 8 -9 -10 -11 15 14 13 -15 -16 16 17 29 19 -21 21 23 25 27 -26 -27 -28 -29 -30 -31
leaf_value=-0.093976615551966167 0.032142097274531239 -0.11115709395808411 0.066388277986142774 -0.15821250861762448 0.10657135790457135 -0.13327020188773442 -0.019110256870861129 0.069936081482394621 -0.14659190184522261 -0.17864979660636832 0.0011325790600685748 -0.029135215994570703 -0.17690059073844897 0.0078354778080591304 -0.16493632649603648 -0.12492110294614889 0.05368464472686435 -0.093193249399565303 -0.14864726544893675 0.043407535385234758 -0.15939612215504173 0.061611211729989769 -0.089942506649410045 -0.27183497231375114 -0.081854362186253096 0.089472469583931874 0.080153838516310291 -0.03270065377703292 -0.10905014160476234 0.063445509058663668
leaf_weight=40.357546325773001 12.024350463412704 17.038185833021998 87.635973693802953 33.621972292661667 49.633731286972761 7.3022043071687213 88.677027247846127 171.26606265828013 16.965810926631093 8.7574676210060698 10142.156313417014 26.933376804925501 7.6971190101467064 235.67750621167943 27.870542023330927 29.254433739930391 13.890233393758534 17.816892988979816 7.513793244957923 196.74691873788834 61.478394757956266 83.376698736101389 25.247330568730831 6.915444239974021 29.778276076540351 22.097464136779308 106.63605825603008 53.884358428418636 155.57543703168631 56.276057332754135
leaf_count=2604 63 149 340 380 75 129 703 335 159 83 65753 248 156 1138 274 211 60 193 89 665 569 228 139 57 203 60 213 205 1244 168
internal_value=-5.84957e-05 0.0193519 -0.00418996 -0.0331959 0.0327473 0.075811 -0.0682233 0.0562341 -0.0395833 -0.0566857 -0.000901685 -0.025667 -0.0116576 0.0019929 -0.0981969 -0.000140105 -0.0150368 -0.0587529 0.0020558 0.00831283 -0.00908272 -0.0339846 -0.0927478 0.0103694 0.0346903 -0.00620329 0.0650932 -0.0599001 -0.0957116 0.0257791
internal_weight=11840.1 492.923 300.875 213.239 73.9741 56.9359 139.265 192.048 105.643 20.7818 11347.2 338.536 283.732 243.375 54.8039 11008.6 866.488 243.559 622.929 593.675 396.928 253 108.823 144.177 143.928 47.3448 114.15 60.7998 169.466 74.093
internal_count=76893 2416 1935 1595 353 204 1242 481 862 146 74477 4420 3898 1294 522 70057 4304 1665 2639 2428 1763 1258 768 490 505 199 302 262 1304 361
is_linear=0
shrinkage=0.1


Tree=53
num_leaves=31
num_cat=0
split_feature=17 12 4 9 19 12 17 5 19 18 3 18 2 18 19 7 7 0 12 17 2 2 10 5 19 17 5 15 15 3
split_gain=17.9187 36.3881 32.8519 26.8664 25.3765 41.7132 24.7864 43.7071 41.7129 28.6388 26.1632 24.6312 35.1326 24.7046 40.012 39.6432 50.6289 38.6423 41.0031 41.1463 35.2865 29.4936 38.778 29.1282 29.0721 28.0852 25.6507 25.6417 25.1836 27.9067
threshold=0.16506125710227273 0.58640196919441234 6.3019466529892751e-12 0.0150616699226345 8.6699943542480487 0.21138330549001697 0.20521129261363638 0.023191899082245181 0.56295824050903331 -0.015532431086863982 0.019801653713940253 0.98280322766037331 1.0381150344733471e-10 -0.20664534806697202 0.8328554928302766 0.1088363459172854 0.053026927872093392 2.2846849929602061e-09 0.1364303454756737 0.14149058948863638 7.5428468703509743e-11 2.0867933369705561e-10 2.593824148178101 0.0072048861998972756 0.27337734401226049 0.10056374289772728 0.01941960801377347 0.00013616442447528246 4.8883352064876824e-05 0.095064708127083883
decision_type=2 2 2 2 2 2 2 2 2 2 2 2 2 2 2 2 2 2 2 2 2 2 2 2 2 2 2 2 2 2
left_child=1 2 -1 -2 11 -6 -5 8 10 -9 -8 13 -13 14 24 16 17 18 20 23 -16 -18 -23 -20 -4 26 -25 -15 29 -26
right_child=3 -3 4 6 5 -7 7 9 -10 -11 -12 12 -14 27 15 -17 21 -19 19 -21 -22 22 -24 25 28 -27 -28 -29 -30 -31
leaf_value=-0.11317263160278468 -0.14196558557057345 -0.099388990197515334 -0.03649768152473036 0.022459738456246426 0.063203140256508417 -0.18070674185953531 -0.074040686719268084 -0.13716219270230565 -0.13051656305146939 0.072726172495695754 0.099962963159028417 -0.20416979681263425 0.087775582058418247 -0.0024152440513177131 -0.12127251886081801 -0.12830860230102126 -0.08819679254628611 -0.10512497187795576 0.11905547792347021 0.07184308651416968 0.059065355740545111 0.26948555823730502 0.06012532147964076 -0.16268235783487395 0.057463796987964645 -0.12169969473902641 -0.011808636939261232 0.058053656795964782 0.099760934648232838 -0.060331773888598887
leaf_weight=25.972052309662104 10.988416702486573 37.596912935376167 34.026483462192118 757.77280214428902 11.021315857768061 19.272120563313365 17.133008835837245 7.5076289884746066 47.742399405688047 48.484190374612808 17.434477712959051 4.4702589064836493 52.9083491563797 9916.0278021777049 11.935112968087195 22.773900054395199 11.735599871724842 39.63975213188678 9.5698578506708127 33.256811857223511 119.35306215658784 9.701455317437647 100.45222316123545 12.88403759896755 90.731735419947654 50.664324039593339 89.877576872706413 70.626027395948768 99.962937314994633 25.839447990059853
leaf_count=1587 176 392 208 3096 32 186 203 201 465 175 32 53 143 66110 136 178 92 281 28 93 481 13 294 139 358 507 404 373 240 217
internal_value=-5.57724e-05 -0.00117954 -0.000839626 0.0134487 -0.000570401 -0.0919678 0.0153545 -0.023576 -0.0699419 0.0445834 0.0137199 -0.000314188 0.0650307 -0.000663 0.0166879 0.000659464 0.00666496 -0.0118728 -0.000587176 -0.029526 0.0426712 0.0625082 0.0785641 -0.0502088 0.0494306 -0.0607666 -0.0307249 -0.00198761 0.0629335 0.0313529
internal_weight=11807.4 10900.3 10862.7 907.063 10836.7 30.2934 896.075 138.302 82.3099 55.9918 34.5675 10806.4 57.3786 10749.1 762.404 511.844 489.07 367.181 327.541 196.253 131.288 121.889 110.154 162.996 250.561 153.426 102.762 9986.65 216.534 116.571
internal_count=76893 72545 72153 4348 70566 218 4172 1076 700 376 235 70348 196 70152 3669 2646 2468 2069 1788 1171 617 399 307 1078 1023 1050 543 66483 815 575
is_linear=0
shrinkage=0.1


Tree=54
num_leaves=31
num_cat=0
split_feature=5 12 3 13 14 6 7 12 7 5 5 1 9 13 14 7 14 11 19 8 14 15 7 2 6 14 14 7 8 19
split_gain=16.9206 62.4427 47.0064 30.8356 48.4761 52.8993 52.1474 70.5548 42.8011 32.5266 28.8314 25.4467 50.5816 38.8737 24.2136 64.3004 65.0928 72.3455 71.2744 80.1736 69.5215 61.2332 54.4835 62.6187 51.6535 96.798 96.5024 80.1583 54.8238 67.8967
threshold=0.062137342034950575 0.14535690099000934 0.18244155628886841 1.0716129541397097 0.0062154291663318881 3.3320648141499319e-11 0.029058595098877999 0.15364536643028262 0.12011545091239993 0.079545746570816159 0.072608048963322971 0.31500361636675794 0.0033540740940204779 1.683481812477112 0.0055417737457901248 0.024518988991790364 0.0043621000368148097 1.0101262049033723e-09 2.0849463939666752 3.8526836085924345e-12 0.0048084182199090728 3.5675835533766083e-05 0.0065668765058187863 2.6616987775575178e-10 4.2262784927078442e-11 0.0065854676067829141 0.0076317095663398513 0.0049994107918605564 5.1539659648626284e-12 0.14739797264337542
decision_type=2 2 2 2 2 2 2 2 2 2 2 2 2 2 2 2 2 2 2 2 2 2 2 2 2 2 2 2 2 2
left_child=14 11 3 -3 6 9 -5 -8 10 -6 -7 -2 -13 -14 15 16 21 -18 19 20 -19 -1 23 -21 26 28 27 -16 -26 -30
right_child=1 2 -4 4 5 8 7 -9 -10 -11 -12 12 13 -15 24 -17 17 18 -20 22 -22 -23 -24 -25 25 -27 -28 -29 29 -31
leaf_value=0.013049421101575257 0.075415998735323009 0.086538465568800946 0.091855712052870686 -0.11606144341171276 0.09447697788779999 -0.14925288127979494 0.063821155324148462 -0.15976427631771137 0.064444384804359087 -0.048226027109868078 -0.031305008842358144 0.08363046810297517 -0.19697153902919518 0.12797121573268641 -0.058703885511539017 0.032414501634290688 -0.06943830470049922 -0.031314164690872948 0.055168176194682998 0.12420781929832524 0.098049736098770962 -0.080401268433394679 -0.059935976131763768 -0.11450046754998443 0.063702878308673855 -0.00061962812214640974 -0.06165212974195166 0.024101849602035038 0.048958322343098333 -0.097628537660104306
leaf_weight=757.85535406088457 178.89190449286252 26.885030996054411 44.020385911688209 90.654342452064157 72.955086236819625 30.836369391530752 48.982622619718313 19.826358497142792 31.660029295831919 20.449682518839836 63.200712843798101 27.135954476892948 16.206775248050693 4.7638400122523299 123.86734687723219 306.77580927778035 359.81250043911859 85.177655724808574 121.43292179889977 34.993503738194704 81.092719190288335 77.265393670648336 439.31057365983725 16.020211385097355 31.610667122527957 6183.5304531818256 157.19581650849432 2079.4027648447081 37.059850456193089 214.39555920194834
leaf_count=7470 347 52 210 778 149 353 110 183 223 113 630 48 120 6 1096 1076 5203 1163 614 127 597 3883 5989 596 110 31134 2082 9746 232 2453
internal_value=-5.3271e-05 0.0153016 -0.00628965 -0.0169454 -0.0242947 0.00623347 -0.0662402 -0.000601902 -0.0361234 0.0632341 -0.0699821 0.0580535 -0.00651151 -0.123155 -0.000988472 -0.0101761 -0.0167985 -0.0323596 -0.0152119 -0.0282282 0.0317787 0.00440336 -0.0485768 0.0492445 0.00138438 -0.00323733 0.0140457 0.0194465 -0.0604207 -0.0760244
internal_weight=11783.3 676.469 449.471 405.45 378.565 219.102 159.463 68.809 125.697 93.4048 94.0371 226.998 48.1066 20.9706 11106.8 2279.74 1972.96 1137.84 778.028 656.595 166.27 835.121 490.324 51.0137 8827.06 6466.6 2360.47 2203.27 283.066 251.455
internal_count=76893 3322 2801 2591 2539 1468 1071 293 1206 262 983 521 174 126 73571 26718 25642 14289 9086 8472 1760 11353 6712 723 46853 33929 12924 10842 2795 2685
is_linear=0
shrinkage=0.1


Tree=55
num_leaves=31
num_cat=0
split_feature=5 2 8 1 5 3 4 19 19 15 15 3 19 3 4 2 1 14 2 3 3 1 2 17 8 2 10 10 17 11
split_gain=16.1211 18.1743 45.6059 42.6607 30.8385 36.2308 40.6198 31.5175 28.6983 26.2483 26.809 25.2441 23.8682 23.7062 57.0966 100.359 76.1039 70.6478 73.82 91.2724 61.3377 52.1027 51.7924 42.783 52.0601 41.2781 37.8351 34.9221 33.476 31.7992
threshold=0.0034346893506613089 2.5544002770593868e-11 3.2139221211751642e-12 0.086539347512852319 0.028877808390474932 0.010816762876726256 1.0541681234887216e-11 0.24765235185623172 1.3892729282379153 1.8950280718854632e-05 1.5381887351395566e-05 0.018494865360717518 0.13060279190540316 0.054601463913369772 3.8774647542930367e-11 3.0038331574419504e-10 0.33684654422725024 0.0042942301370203504 1.6503313964582339e-10 0.065737799691883189 0.099358948781524806 0.25974216466280375 1.4236523005616776e-10 0.10646750710227275 2.4269807267957604e-11 8.0502969120817039e-11 1.6137818694114687 1.8111126422882082 0.19067382812500003 4.0391503475234466e-09
decision_type=2 2 2 2 2 2 2 2 2 2 2 2 2 2 2 2 2 2 2 2 2 2 2 2 2 2 2 2 2 2
left_child=-1 2 -2 8 5 6 12 -7 -3 10 -10 -5 -4 21 15 17 -17 22 -19 -20 -18 29 -15 24 27 -25 -16 -23 -27 -13
right_child=1 3 4 11 -6 7 -8 -9 9 -11 -12 13 -14 14 26 16 20 18 19 -21 -22 23 -24 25 -26 28 -28 -29 -30 -31
leaf_value=-0.12709016441981383 -0.11535624383809068 -0.087886849698707192 0.15521082025748717 -0.0638945460358923 -0.11509738059206689 -0.060411719021847554 0.056655924298174336 0.067669644513290092 -0.1511962797685851 -0.12782496079010827 0.076297586971090084 0.019019535345663929 -0.12256259352332932 0.032388628613722818 -0.10234393066611365 0.11186898065012721 0.06881350396236767 -0.10906884499664726 0.069632990993600388 -0.070486074088708425 -0.085793441832773057 -0.047700114786432372 -0.094233691552822713 -0.18472176691916081 -0.11972893319388339 0.01054461438191772 0.0010548568391350066 0.089458525492363647 -0.16230768260215084 -0.15142041143978799
leaf_weight=9.9808792723342759 22.439250457333401 92.827559426892549 3.4075894411653271 61.377360813319683 13.650704932864754 21.029205457307398 32.224637016654015 222.37182595161721 6.0874806996434918 11.642129629850386 34.753882178105414 1750.4408261771314 33.551954414695501 148.01175381429493 35.546703075990081 78.998363650403917 45.570306562818587 220.77973171090707 67.449066692963243 149.5948547674343 58.734091906342655 63.429596737027168 41.321480379905552 11.702870054170488 76.824693232774734 401.89502557180822 7957.4936839444563 26.24369852989912 11.525567233562468 11.015330720692871
leaf_count=606 1137 2869 25 492 535 356 83 1073 116 304 154 9025 487 1016 271 401 163 5000 336 2707 1317 482 2115 105 687 1873 42904 51 100 103
internal_value=-5.36408e-05 5.46193e-05 0.0225429 -0.00063542 0.0320279 0.0384529 -0.0254047 0.0566038 -0.054471 0.00463152 0.0423892 6.19365e-05 -0.0969525 0.00041379 -0.00196939 -0.0272605 0.0378299 -0.0462848 -0.068356 -0.0269424 -0.0182461 0.0093299 0.00475364 -0.016346 -0.0593161 0.000483072 0.000595021 -0.0075594 0.00572574 0.0179537
internal_weight=11721.9 11711.9 348.675 11363.3 326.236 312.585 69.1842 243.401 145.311 52.4835 40.8414 11218 36.9595 11156.6 8803.5 810.46 183.303 627.157 437.824 217.044 104.304 2353.08 189.333 591.621 166.498 425.123 7993.04 89.6733 413.421 1761.46
internal_count=76893 76287 3696 72591 2559 2024 595 1429 3443 574 270 69148 512 68656 56230 13055 1881 11174 8043 3043 1480 12426 3131 3298 1220 2078 43175 533 1973 9128
is_linear=0
shrinkage=0.1


Tree=56
num_leaves=31
num_cat=0
split_feature=1 13 18 3 5 14 9 18 3 19 12 19 9 14 17 7 14 6 2 4 14 10 19 17 17 19 12 6 19 17
split_gain=15.0479 34.7837 25.527 27.9511 45.2242 32.4991 27.5363 26.3806 26.0846 23.5524 23.4856 23.2395 27.2158 22.7706 21.7823 21.236 21.0914 53.3974 19.4913 19.1288 48.6705 61.1958 43.072 41.2426 42.7412 41.8168 40.7315 35.604 48.2745 33.5139
threshold=0.58542142751086901 3.1778599023818974 -0.12854129355400798 0.11856109958506021 0.012495775867662347 0.0079699764028191584 0.015787972314343899 -0.0987315609447912 0.068956693423785673 1.2053984999656679 0.19993166625499728 3.6847465038299565 0.035805052431656083 0.005699598230421544 0.034556995738636374 0.0039940766716883873 0.006293484242632986 2.4085675167131063e-11 2.0759086103357013e-09 1.7753486531800968e-10 0.0054673058912158021 2.3692722320556645 1.7922554016113283 0.14734996448863638 0.12613192471590912 2.6187397241592412 0.42021736502647405 5.5197876126886647e-10 2.7116774320602421 0.089821555397727279
decision_type=2 2 2 2 2 2 2 2 2 2 2 2 2 2 2 2 2 2 2 2 2 2 2 2 2 2 2 2 2 2
left_child=1 14 9 8 -5 7 -7 -6 -4 -2 -8 12 -3 -10 -1 -15 -17 -18 -14 26 -21 -22 -23 24 -24 -26 -16 28 -28 -30
right_child=2 11 3 4 5 6 10 -9 13 -11 -12 -13 18 15 19 16 17 -19 -20 20 21 22 23 -25 25 -27 27 -29 29 -31
leaf_value=-0.084608218346963637 0.074185138881307802 -0.051081592776225218 -0.047638642285056182 -0.21709169943075546 0.088401908241184018 0.064146372202334143 -0.26062875478103092 -0.13787862715453128 -0.12947641942631383 -0.074379854459839703 -0.016195280218899665 0.027603498416320222 -0.18987043661588066 -0.084169468045385901 -0.00059102982447624105 0.088547810249749115 -0.17501435725177261 0.036656602839514718 -0.4955436527222003 0.086976527143449098 -0.068066284863274693 0.029525429967438926 -0.01148865793565202 0.037479674222840584 -0.21968000128205789 -0.049861434197950742 0.018435276280630335 -0.082450649109465479 0.28472799271413746 -0.097055112056225357
leaf_weight=30.766658574109897 100.11832016799599 13.976805809885265 50.8303053509444 12.414774629753081 6.316248193383216 49.875579264014959 4.9219992840662625 27.955658034887165 8.7775128129869682 11.94393816590309 19.519113250076771 10.634481146931646 10.017698664218186 14.554236020892857 9488.8870418348815 67.932828783988953 12.597160771489142 221.00541808642447 2.6346917413175097 80.069831226021051 100.71222651097924 630.59483887255192 186.27920369058847 109.55314608290792 21.491804467514157 44.574735788628459 151.1221232842654 111.08790584281087 2.3839771673083296 64.715180253610015
leaf_count=1646 269 88 262 222 24 167 42 413 178 77 76 41 95 117 65523 131 119 621 33 131 759 2021 836 496 171 287 657 855 2 534
internal_value=-6.75472e-05 -0.00091009 0.0152391 0.00551253 -0.0362871 -0.0156159 0.0215349 -0.0961755 0.0189752 0.0583506 -0.0654198 -0.0973623 -0.147268 0.0293979 -0.000584007 0.0338097 0.0395042 0.0252421 -0.253523 -0.000348811 0.0117191 0.00620699 0.0137438 -0.0137551 -0.0359981 -0.105104 -0.00179093 -0.0363654 -0.0129051 -0.0834907
internal_weight=11668.3 11059.5 608.763 496.701 121.003 108.589 74.3167 34.2719 375.697 112.062 24.4411 37.2637 26.6292 324.867 11022.2 316.09 301.535 233.603 12.6524 10991.5 1173.28 1093.21 992.494 361.899 252.346 66.0665 9818.2 329.309 218.221 67.0992
internal_count=76893 74175 2718 2372 944 722 285 437 1428 346 118 257 216 1166 73918 988 871 740 128 72272 4701 4570 3811 1790 1294 458 67571 2048 1193 536
is_linear=0
shrinkage=0.1


Tree=57
num_leaves=31
num_cat=0
split_feature=14 8 11 8 9 7 17 4 4 11 1 12 7 14 10 8 3 4 6 12 18 7 10 10 13 2 6 0 13 7
split_gain=14.848 75.2443 64.4247 63.4076 46.0536 39.6238 55.5121 38.3617 37.997 37.3134 41.7085 36.0865 79.7943 47.7192 56.7081 50.6837 38.7763 50.3714 50.8452 72.965 76.9394 55.6861 47.7048 43.1106 36.3273 50.6456 48.3632 48.5398 46.7169 46.1021
threshold=0.014293617103248836 2.3108285809648126e-10 2.2329267324039397e-09 1.9594932358697117e-10 0.085810461757890019 0.089360762092650925 0.13101473721590912 7.0178545663416433e-11 1.6567341147364622e-10 6.7541729986686513e-09 0.43331310568616216 0.29634658992290502 0.053026927872093392 0.012151706498116257 2.8476595878601079 8.9664630488661239e-11 0.065737799691883189 3.7352356665291184e-11 1.2427194544647842e-10 0.14232450723648074 0.50975212810391735 0.011177115560119487 2.508655428886414 1.6457170844078066 2.374470710754395 1.3529876146213161e-10 7.6840061508207289e-11 3.0186119295460105e-09 1.9527562856674197 0.016352943578123755
decision_type=2 2 2 2 2 2 2 2 2 2 2 2 2 2 2 2 2 2 2 2 2 2 2 2 2 2 2 2 2 2
left_child=3 4 -3 5 -2 9 -7 -5 -9 11 -11 13 -13 14 16 -15 24 18 19 20 21 -18 -20 -19 25 28 29 -28 -1 -27
right_child=1 2 -4 7 -6 6 -8 8 -10 10 -12 12 -14 15 -16 -17 17 23 22 -21 -22 -23 -24 -25 -26 26 27 -29 -30 -31
leaf_value=0.0091018304643833113 0.048562052700535485 -0.076414299452751897 0.0025191922403270312 -0.097832419055977948 -0.12323860054496932 -0.16943382219752776 0.10334404724366096 -0.014400878557649982 -0.17491323661783159 -0.16567173847850108 -0.024298089268065617 0.0015485815667442603 -0.11332776908176267 -0.18047581214384856 -0.15044940857921066 0.058700919258949671 -0.081728975384272276 -0.15639535336338975 0.18861292715591357 -0.088797044127368691 0.26561893999563874 0.020937236745567411 -0.13784449994360656 -0.00073830224142599956 -0.069012224035904277 -0.0087214548012603324 -0.062429425933324748 0.19576976482106345 -0.052689307564231153 0.076970331905554731
leaf_weight=2254.0441827448085 455.12293798755854 107.88070331327617 2490.7998980451375 94.679994188249111 16.157146368175745 8.4157034754753095 65.731657467782497 252.30664910003543 15.663539499044417 22.36200238391757 312.42198390653357 190.197912578471 88.648116836324334 9.2624791637063009 24.86787348613143 203.86206470057368 85.808799262158573 17.873787033371627 17.706504276022319 199.23164601717144 9.9548583892174047 137.46988162351772 5.9906197637319556 3931.7163351764902 57.238527841866016 80.899025012739003 62.785418778657913 8.2360470965504629 129.37779721338302 280.36592967621982
leaf_count=18217 1249 874 10739 1066 123 76 128 1191 124 216 1635 1105 933 92 159 647 3908 214 71 4042 25 1135 67 25771 443 466 511 9 753 904
internal_value=-5.76787e-05 0.00590942 -0.000757625 -0.00219594 0.0426721 -0.00038722 0.0723838 -0.0431158 -0.0237832 -0.00105088 -0.0337412 0.000353023 -0.0349718 0.00166347 0.000302389 0.0483062 0.000817437 -0.00507656 -0.0365394 -0.0443546 -0.00639113 -0.0185187 0.106085 -0.00144272 0.00985607 0.0114593 0.0429507 -0.0324872 0.00574766 0.0577811
internal_weight=11637.1 3069.96 2598.68 8567.12 471.28 8204.47 74.1474 362.65 267.97 8130.32 334.784 7795.54 278.846 7516.69 7303.57 213.125 7278.7 4405.75 456.162 432.465 233.234 223.279 23.6971 3949.59 2872.95 2815.71 432.286 71.0215 2383.42 361.265
internal_count=76893 12985 11613 63908 1372 61527 204 2381 1315 61323 1851 59472 2038 57434 56695 739 56536 35233 9248 9110 5068 5043 138 25985 21303 20860 1890 520 18970 1370
is_linear=0
shrinkage=0.1


Tree=58
num_leaves=31
num_cat=0
split_feature=17 12 4 2 13 11 3 19 18 0 17 6 2 14 4 17 9 9 18 11 13 17 18 5 18 19 3 9 7 6
split_gain=14.4511 30.3944 29.8081 65.6392 52.2815 32.5419 25.3289 42.6906 39.4112 24.8081 57.4914 31.3763 31.3568 28.9688 33.45 23.4649 23.2558 22.8516 21.961 42.4908 37.0821 26.7515 24.802 29.7154 30.3503 28.3933 40.9839 57.1542 51.8681 49.9549
threshold=0.16506125710227273 0.58640196919441234 1.254156501613133e-11 1.0381150344733471e-10 1.3260585069656374 1.9118663596717769e-10 0.020386881555250275 0.29307128489017492 0.38150226414753979 1.3106284135235016e-10 0.12231445312500001 2.0614176328068679e-11 5.2397938684835793e-11 0.0054415895137935886 3.0106574971316143e-11 0.066872336647727279 0.0029180077437226961 0.0150616699226345 0.63317547681402764 1.7121592477131744e-09 1.9306212663650515 0.098655007102272749 -0.045950760818827381 0.10038163809560012 -0.041402128461579021 0.8328554928302766 0.091583067270048127 0.0015478737077074555 0.032268409214424636 2.3458903096619671e-11
decision_type=2 2 2 2 2 2 2 2 2 2 2 2 2 2 2 2 2 2 2 2 2 2 2 2 2 2 2 2 2 2
left_child=1 2 3 4 5 -1 7 -4 16 10 11 13 -13 15 -15 -8 -9 -2 22 -20 -21 -22 25 24 -24 26 -11 29 -29 -28
right_child=17 -3 6 -5 -6 -7 9 8 -10 18 -12 12 -14 14 -16 -17 -18 -19 19 20 21 -23 23 -25 -26 -27 27 28 -30 -31
leaf_value=-0.11709887129437327 -0.13774731390446832 -0.093272988099331322 -0.094728582282765414 0.10501142240411521 -0.10308248845719846 0.10812879980463158 0.057328502621946026 -0.11638119878935221 -0.094895390638449734 0.027856379703616874 -0.11529451651659813 0.088491597146468925 -0.082603840043499965 0.20472717175540014 -0.14093338641784717 -0.12266322204908493 0.078666788939801113 0.01397931994837954 -0.062406375606536002 0.084569226984933743 -0.16387673289249854 0.019052744829004223 -0.062722945971374081 0.075041773491920261 -0.0042277035161242685 -0.0054311858131373186 -0.11670595489651003 -0.024684976710426007 0.028529300874775926 0.094825768642667216
leaf_weight=8.9911910993978399 10.040864691138266 35.637069340795279 21.86205309163779 25.33877672161907 107.6967158652842 22.389628447126597 9.0299635343253595 6.3895081789232782 16.02447539428249 1006.1610951162875 62.281330858822912 49.651096507441252 13.658223095349966 8.1100561479106528 4.2755205975845447 36.5983418924734 141.21898058475927 870.82238288223743 45.665166302584112 114.66444936394691 8.5052350275218469 133.07405812293291 89.940458818804473 46.673439335078001 6429.1077035798226 1280.7281139623374 12.709341234993188 624.74356129136868 259.14230162743479 91.828330191317946
leaf_count=639 176 392 441 76 2561 179 23 166 202 4983 1992 299 258 30 59 1008 613 4172 445 337 81 501 765 220 41819 7297 593 5096 998 472
internal_value=-6.2422e-05 -0.00107487 -0.000767116 -0.0430169 -0.0699864 0.0435969 -0.000106297 0.0365186 0.0540538 -0.000764187 -0.0371942 0.00289864 0.0515798 -0.0502261 0.0854046 -0.0870424 0.0702238 0.0122498 -0.000104742 0.0264613 0.0422984 0.00806344 -0.000919751 -0.0044655 -0.00503474 0.00618809 0.0136489 -0.000813614 -0.00908334 0.0691084
internal_weight=11593 10712.1 10676.5 164.416 139.078 31.3808 10512 185.495 163.633 10326.5 183.605 121.323 63.3093 58.0139 12.3856 45.6283 147.608 880.863 10142.9 301.909 256.244 141.579 9841.03 6565.72 6519.05 3275.31 1994.58 988.424 883.886 104.538
internal_count=76893 72545 72153 3455 3379 818 68698 1422 981 67276 3669 1677 557 1120 89 1031 779 4348 63607 1364 919 582 62243 42804 42584 19439 12142 7159 6094 1065
is_linear=0
shrinkage=0.1


Tree=59
num_leaves=31
num_cat=0
split_feature=15 9 6 2 3 13 4 3 17 19 19 6 9 6 17 10 5 13 9 13 2 10 18 2 1 11 8 4 2 17
split_gain=14.4953 41.2159 58.5174 52.7866 37.4229 34.585 48.3168 43.3015 31.866 39.8251 38.3592 36.0939 32.6137 31.6693 71.411 72.5493 47.6896 63.3067 59.8107 48.9478 42.1381 34.6129 34.9349 46.614 131.28 56.7211 55.5764 46.6652 36.9284 31.5719
threshold=6.4512005337746827e-05 0.11346691551416709 7.2821782653477451e-10 3.5551288545086805e-10 0.039398108707934545 2.1922446489334111 1.1924290925279649e-10 0.15134671321191559 0.066872336647727279 2.4142585992813115 0.44627380371093756 6.0106392921085475e-11 0.063020307000081696 4.7484625931197728e-10 0.1109952059659091 2.6925313472747807 0.030824118919790474 1.9845585227012636 0.12892353446954838 2.0530698299407963 3.7571323860420628e-10 3.330228447914124 -0.11013741025685289 5.9084594063143038e-10 0.53839109780951033 6.1933995709750897e-09 1.7761206669807175e-11 5.6472206315611978e-11 1.5343374861165519e-10 0.1109952059659091
decision_type=2 2 2 2 2 2 2 2 2 2 2 2 2 2 2 2 2 2 2 2 2 2 2 2 2 2 2 2 2 2
left_child=1 2 5 -4 -2 -1 7 8 -7 10 -10 -11 -12 14 21 -16 17 -15 19 -19 -21 22 -6 24 28 -26 -25 -28 -24 -22
right_child=4 -3 3 -5 13 6 -8 -9 9 11 12 -13 -14 16 15 -17 -18 18 -20 20 29 -23 23 26 25 -27 27 -29 -30 -31
leaf_value=-0.00054119270018608285 -0.15445178098064305 -0.05308599388308452 0.090045438826928073 -0.11018369942254898 0.039563983555595192 -0.12494981822847039 0.067808707356942763 -0.14030780876333554 -0.12110417016275994 -0.16526467710855119 0.023121277962003237 -0.037416098628000626 -0.11362557371564677 -0.12886066180217084 -0.16433172912422997 0.075267027072859233 0.018903000588372403 0.066873665957824721 0.034670961548367789 -0.13745954245691111 -0.0022535892199885047 -0.25562032935434797 0.25633454200828953 -0.045771587782224059 0.044510600581280341 -0.061430778058316454 -0.17516879695746121 0.031368865477215187 -0.11866527017315048 -0.06088259763162937
leaf_weight=7956.2804237932432 14.428669244050978 155.55107783712447 111.46200144663453 14.93008693307638 275.10603398596868 31.555982107296586 48.176643863320351 37.585199907422066 23.506920695304871 29.068039797246456 226.86689511872828 91.88374450430274 18.893228385597467 51.65764750353992 13.30106323584914 253.35018267482519 470.77962924912572 44.19532535970211 182.14393511973321 43.075106248259544 175.55668703932315 5.0095336884260169 2.6820098012685767 125.62417053151876 174.84900399856269 71.082969585433602 11.149807244539259 579.74325539544225 125.7886135331355 192.63166142627597
leaf_count=60262 150 1206 253 88 970 317 115 250 196 274 1144 567 141 414 125 589 1825 128 757 355 663 41 12 1357 659 376 78 1604 951 1026
internal_value=-6.27378e-05 -0.00207088 -0.0011471 0.0663933 0.00618256 -0.0021557 -0.0274651 -0.0374572 -0.028292 -0.0204755 0.000935549 -0.0681416 0.0126086 0.00701099 0.0159654 0.0633154 -0.00563042 -0.0223873 -0.013761 -0.0331295 -0.0438761 0.00675637 0.00771857 -0.000312144 -0.0289082 0.0138898 0.0146302 0.0274716 -0.110837 -0.0329276
internal_weight=11557.9 8745.76 8590.21 126.392 2812.16 8463.82 507.537 459.36 421.775 390.219 269.267 120.952 245.76 2797.73 1637.69 266.651 1160.04 689.26 637.603 455.459 411.263 1371.04 1366.03 1090.92 374.403 245.932 716.517 590.893 128.471 368.188
internal_count=76893 64813 63607 341 12080 63266 3004 2889 2639 2322 1481 841 1285 11930 6762 714 5168 3343 2929 2172 2044 6048 6007 5037 1998 1035 3039 1682 963 1689
is_linear=0
shrinkage=0.1


Tree=60
num_leaves=31
num_cat=0
split_feature=9 14 8 10 5 14 17 13 9 5 13 9 15 4 7 6 2 10 6 3 5 15 9 3 18 4 17 8 14 4
split_gain=13.5646 33.4821 150.104 56.7393 118.233 77.662 76.5204 67.2343 62.5425 59.5752 57.79 56.3034 49.578 74.8423 83.0726 48.1151 66.4428 47.67 75.4914 56.5382 61.807 56.0484 51.9674 51.6666 66.4063 57.2738 52.9855 51.6235 60.9174 49.3364
threshold=0.0055912916068604429 0.0075732006225734958 2.8039278504028762e-11 2.2975182533264165 0.01355911989302242 0.010993930511176588 0.1046475497159091 1.5942393541336062 0.084172660615814368 0.021855977156627862 1.7865688204765322 0.031186617337902057 3.6096254916628829e-05 5.5536793004428356e-11 0.10335939364086894 6.992582690518711e-11 2.4147600660686215e-10 2.1288574934005742 4.0695522601460257e-11 0.12611171673584434 0.0085003946167996735 5.3394014685181908e-05 0.013107324536121267 0.066158274824134 0.067814912498843957 2.1298681471083965e-11 0.12084960937500001 1.0580618723641042e-11 0.0051619401201605805 4.7137151958686925e-11
decision_type=2 2 2 2 2 2 2 2 2 2 2 2 2 2 2 2 2 2 2 2 2 2 2 2 2 2 2 2 2 2
left_child=-1 17 -3 4 5 6 -4 8 9 -5 12 -6 -9 -14 -15 16 -13 21 -19 20 -20 23 -21 25 27 26 -2 -25 -29 -30
right_child=1 2 3 7 11 -7 -8 10 -10 -11 -12 15 13 14 -16 -17 -18 18 19 22 -22 -23 -24 24 -26 -27 -28 28 29 -31
leaf_value=-0.0057942008731194615 -0.054699671411324639 -0.11579422682761592 -0.13938359315746857 0.0027115016293055658 -0.1143380268564507 -0.14583094598861682 0.039629340634970672 -0.13933782962751226 -0.018457995575298706 0.094459578877465145 0.0047859231906035018 -0.0069952782411863484 0.031763062549798542 -0.10720036902614363 -0.012289998517467995 -0.069475774938597995 0.2674608597917143 0.081301857141195574 0.11730622536554028 -0.017213704271495014 -0.10010709418578767 -0.14351253261399349 0.12667468940190904 0.02697570408246296 -0.078601678838587166 0.030756024347735708 0.010232558878241621 -0.18979616870623542 -0.097158221968803526 0.028037227351707734
leaf_weight=3036.2040616611484 172.96043831948191 114.17210646066815 25.780605027452111 105.36248425021768 146.13425596617162 28.293559015728533 323.65565782226622 37.479067450389266 127.45950816851109 215.58640928380191 3872.2022430570796 69.594004180282354 186.4891857393086 139.89301240071654 270.62261436134577 140.54986851289868 10.100918605923651 226.78052644059062 15.879893399775026 56.094397757202387 74.046747168526053 24.960111055523157 45.427675694227219 273.88534223008901 139.90170248784125 1023.2334415987134 459.64356870157644 24.460443800315261 49.963863850571215 85.070480125024915
leaf_count=29391 1597 1966 256 780 2204 277 1195 381 961 625 16525 446 961 1086 1451 1825 23 619 15 284 664 258 106 1163 1939 5385 2706 313 1078 413
internal_value=-5.80673e-05 0.00199434 -0.00226451 9.83243e-06 -0.0257381 0.0135197 0.0264222 0.00387641 0.0408049 0.0643401 0.000202087 -0.0662121 -0.0277727 -0.0207688 -0.044633 -0.0342802 0.0277906 0.0112591 0.0422659 -0.00397417 -0.0617147 0.00550599 0.0471715 0.00717459 -0.0186994 0.0161326 -0.00752058 0.000637989 -0.0445893 -0.0182862
internal_weight=11521.9 8485.68 5813.38 5699.2 744.109 377.73 349.436 4955.09 448.408 320.949 4506.69 366.379 634.484 597.005 410.516 220.245 79.6949 2672.31 418.229 191.449 89.9266 2254.08 101.522 2229.12 573.282 1655.84 632.604 433.38 159.495 135.034
internal_count=76893 47502 30962 28996 6226 1728 1451 22770 2366 1405 20404 4498 3879 3498 2537 2294 469 16540 1688 1069 679 14852 390 14594 4906 9688 4303 2967 1804 1491
is_linear=0
shrinkage=0.1


Tree=61
num_leaves=31
num_cat=0
split_feature=4 8 9 3 9 5 17 12 9 13 3 0 6 8 1 13 3 6 13 1 2 18 17 13 3 7 9 9 18 8
split_gain=13.2213 56.5223 52.2877 20.9048 25.8766 21.148 18.619 32.4414 64.7052 44.5624 38.1908 30.2394 31.2326 31.0021 39.4812 38.7315 29.7287 44.9339 30.9689 28.9278 34.6616 27.8268 27.5281 27.3279 26.4285 25.9322 31.4 25.275 40.1925 25.0899
threshold=8.8272940038424595e-12 3.2825539319350021e-11 0.014657762780046556 0.010816762876726256 0.024356744380460243 0.0055749295405267251 0.15853604403409094 0.37426924705505377 0.10284423108803172 2.0183454751968388 0.082648556131809894 2.4914924083763675e-09 1.1489619355258618e-09 9.3440817549972413e-10 0.39094653389496842 2.4680274724960332 0.066545051527314061 4.4429743440340964e-10 2.1385283470153813 0.45048836532871467 5.3414029703766974e-10 0.69502781924198986 0.1387384588068182 2.1084867715835576 0.078393186347278446 0.15477942927435742 0.10284423108803172 0.078418016411390387 -0.19312183548357673 2.3457130613088679e-11
decision_type=2 2 2 2 2 2 2 2 2 2 2 2 2 2 2 2 2 2 2 2 2 2 2 2 2 2 2 2 2 2
left_child=1 2 -1 4 -4 -5 7 25 16 10 24 12 22 19 23 -16 -9 18 -18 20 -13 -12 -11 -15 -10 -2 -27 28 -20 -8
right_child=6 -3 3 5 -6 -7 29 8 9 11 21 13 -14 14 15 -17 17 -19 27 -21 -22 -23 -24 -25 -26 26 -28 -29 -30 -31
leaf_value=-0.089125519153196692 0.00028606187388761646 -0.10878499863271551 -0.15872479907020837 0.080629014423065873 0.086669462854188736 -0.086900766475819624 -0.13907404390604858 -0.15006111953033385 -0.041642359961939594 0.056622469482351959 -0.16138057955011129 -0.16137664143976668 0.11722625005660546 -0.12665583510156658 -0.16328687619713103 -0.0063754010148212416 -0.11820747584813235 -0.10386032252693994 0.11570808113491678 0.15382806864075593 0.060208209314446252 0.18078566285960448 -0.072794141006206167 0.038875493322087992 0.10940733020605996 0.13282538807419508 -0.07762130490575242 0.08646009974986138 -0.11225700291688186 0.01555866759044823
leaf_weight=40.210259630111977 9622.6875223040115 58.024737963452935 10.130224185064437 79.644697664305568 7.4627286642789832 8.3224215842783433 10.612097082193939 36.731487652286887 65.523601625114679 52.119299998506904 34.519603781402111 9.4289031103253347 50.518397770822048 11.632686004042624 33.696388322860003 29.505265202373266 18.08028968796134 82.888063231483102 11.832342959940432 19.838203243911266 28.09142005443573 2.5525255203247061 24.006611492484808 69.923289489001036 14.070771366357802 29.47073308378458 9.3360222838819009 36.400774464011192 22.329484850168228 934.34937515482306
leaf_count=2413 65328 833 103 206 26 55 200 385 478 166 344 91 94 86 373 120 153 529 12 23 80 1 164 210 49 65 58 81 144 4023
internal_value=-6.97698e-05 -0.025313 0.00791355 0.044878 -0.0546314 0.0647793 0.000387102 -0.000843663 -0.0224036 -0.000890628 -0.0539868 0.0179515 0.0562652 -0.00605557 -0.0307088 -0.0900338 -0.0684151 -0.0509315 -0.00143897 0.0561626 0.00452367 -0.137821 0.0158104 0.015265 -0.0149396 0.000615068 0.0821967 0.0284807 -0.0332987 0.0138221
internal_weight=11463.9 203.795 145.77 105.56 17.593 87.9671 11260.1 10315.2 653.689 445.427 116.667 328.76 126.644 202.116 144.758 63.2017 208.262 171.531 88.6429 57.3585 37.5203 37.0721 76.1259 81.556 79.5944 9661.49 38.8068 70.5626 34.1618 944.961
internal_count=76893 3636 2803 390 129 261 73257 69034 3583 2279 872 1407 424 983 789 493 1304 919 390 194 171 345 330 296 527 65451 123 237 156 4223
is_linear=0
shrinkage=0.1


Tree=62
num_leaves=31
num_cat=0
split_feature=1 17 12 13 14 18 5 5 6 8 8 4 13 14 6 19 19 2 17 12 18 3 5 17 0 8 9 8 9 5
split_gain=13.1662 15.1584 34.9347 22.5009 21.9264 24.7115 20.0832 16.0147 42.2106 42.8401 50.3921 64.7827 39.8418 35.6955 36.317 30.0461 34.3359 28.4656 28.7012 36.4904 24.3905 24.3166 79.0513 70.3255 33.7574 29.1547 34.839 34.5561 59.5893 37.6029
threshold=0.73036913384035951 0.033979936079545463 0.09247355163097383 3.3759047985076909 0.0061662164516747007 -0.092514751352031105 0.019864955669631059 0.0081939935404432614 8.3790206460813393e-11 2.2024839854036334e-11 3.4967909572748404e-11 2.0655882820158625e-11 1.9379520416259768 0.0067080564331263312 4.405583437998749e-11 2.9837988615036015 3.4977042675018315 8.0502969120817039e-11 0.16936700994318185 0.16795203834772113 -0.30724862404167647 0.029305635046125818 0.02842807755518351 0.052579012784090919 1.3478991524176376e-10 3.4406824973788658e-12 0.0023758952033888516 5.2397215580047006e-12 0.0015478737077074555 0.022954551653251689
decision_type=2 2 2 2 2 2 2 2 2 2 2 2 2 2 2 2 2 2 2 2 2 2 2 2 2 2 2 2 2 2
left_child=1 2 3 -1 6 -6 -4 8 9 -3 12 13 17 -12 -15 20 -17 18 19 -11 -16 22 23 -9 -23 26 -26 28 29 -27
right_child=-2 7 4 -5 5 -7 -8 21 -10 10 11 -13 -14 14 15 16 -18 -19 -20 -21 -22 24 -24 -25 25 27 -28 -29 -30 -31
leaf_value=-0.12220319110026279 0.040905260492642918 -0.08847612426421711 0.13778401191326292 0.18342730454802059 0.088539799670580399 -0.1998961711019116 -0.11642340074112378 -0.18354653189188008 -0.17078575013827768 0.026605533917488142 -0.15472660914601666 0.082371111744365094 -0.094958276869463176 0.04495680722289784 0.10989528297896478 0.062628043309647066 -0.15405872305605944 0.11501871620878312 0.052728960476942283 -0.19967960593817563 -0.16300248287286589 -0.048861382901682453 -0.064603689730334882 0.040033781826604692 0.025195829993601062 -0.1101206053325903 0.31099886608772126 0.00014776706455983779 -0.073667683940363951 0.066109906159943263
leaf_weight=40.63663823180832 77.891928842291236 63.22595018427819 17.603038478177044 2.5606133937835684 5.2224987260997295 6.8876856565475446 3.77415453409776 14.448707314208148 17.48369936645031 18.820195298641924 35.635930890217423 35.825494818389416 20.8986243493855 34.690306436270475 3.6029270738363257 22.118341602385044 10.924776293337343 49.864150241017342 94.873595543205738 11.469214044511316 35.991636110469699 142.12613013153896 95.102247109171003 534.54197169700637 341.00413829996251 14.941707985475658 4.3191429805010548 9462.2665802638512 159.07462656055577 63.833175399340689
leaf_count=1867 302 3000 71 1 17 77 87 132 247 75 473 105 138 101 11 75 90 60 294 94 460 2839 2067 2651 3203 639 10 53786 3649 272
internal_value=-6.79756e-05 -0.000348823 -0.0446588 -0.104086 0.0319999 -0.0755086 0.0929036 -4.778e-05 -0.0184177 -0.0123348 0.000512568 -0.0378763 0.0355438 -0.0680093 -0.0392167 -0.0794162 -0.00901333 0.0511261 0.0256716 -0.0590783 -0.13817 0.000724597 0.0195682 0.0341494 -0.000466763 0.00021794 0.0287705 -0.00079853 -0.0384447 0.0326832
internal_weight=11441.7 11363.8 76.6846 43.1973 33.4874 12.1102 21.3772 11287.1 455.425 437.941 374.715 178.789 195.926 142.964 107.328 72.6377 33.0431 175.027 125.163 30.2894 39.5946 10831.7 644.093 548.991 10187.6 10045.4 345.323 9700.12 237.85 78.7749
internal_count=76893 76591 2120 1868 252 94 158 74471 5223 4976 1976 1315 661 1210 737 636 165 523 463 169 471 69248 4850 2783 64398 61559 3213 58346 4560 911
is_linear=0
shrinkage=0.1


Tree=63
num_leaves=31
num_cat=0
split_feature=1 13 14 9 15 5 19 6 14 9 4 12 19 17 3 9 6 10 18 8 14 17 8 7 13 1 2 12 5 19
split_gain=12.2372 37.1113 20.4773 38.23 46.7093 28.164 21.0206 19.8583 26.5997 18.3262 17.4466 15.5233 14.1525 18.158 16.7351 14.1087 17.0709 15.5814 12.8918 18.7985 33.537 17.8041 12.6536 21.419 23.5931 46.0807 29.0544 19.19 39.7254 65.4029
threshold=0.63602091636986247 3.3759047985076909 0.011534075252711775 0.0083487548639352357 9.0396675659576444e-05 0.026532492262482554 1.267105281352997 2.4978805977870592e-11 0.0060906829312443742 0.015787972314343899 6.6860230358092606e-11 0.11678483709692956 0.52018240094184887 0.066206498579545456 0.092050931553799245 0.039506220242027552 8.2872253446840155e-10 2.6925313472747807 -0.080861758398400096 1.0694232528795892e-11 0.0065117634367197761 0.033979936079545463 2.0579723667029268e-09 0.10700815914021596 2.204458594322205 0.32770492885586977 5.5624340682362079e-10 0.39771589636802679 0.046181140637518221 2.7116774320602421
decision_type=2 2 2 2 2 2 2 2 2 2 2 2 2 2 2 2 2 2 2 2 2 2 2 2 2 2 2 2 2 2
left_child=1 22 3 5 -5 7 -6 8 -2 -4 -11 -10 -12 14 -14 17 -17 -3 -9 20 21 -20 27 -24 25 26 -25 -1 29 -29
right_child=2 15 9 4 6 -7 -8 18 11 10 12 -13 13 -15 -16 16 -18 -19 19 -21 -22 -23 23 24 -26 -27 -28 28 -30 -31
leaf_value=0.00046972375075140095 0.081575590999298175 -0.18255811251370616 0.094233780946036905 0.030644430257406298 -0.31515513655411664 -0.21661435392602857 -0.074663784451809018 0.097469233915996614 -0.1682155691674812 -0.16508115886798463 0.06466537348148009 0.11298419686506865 -0.031926953907275318 0.030901274669179243 -0.29824191356425933 -0.14135221815761045 -0.45616211604222978 0.018536404414587673 -0.13662987929227863 0.057912127236208671 -0.25760235110605378 0.11975822022078715 -0.20337920349544836 -0.1838521552372164 0.093659760742359904 -0.18695521224449493 0.076157595368927897 -0.0067641608714763034 0.054215058551602448 -0.081161066291000977
leaf_weight=10243.634771758458 9.6749566197395342 6.6516936086118248 53.206674267537892 13.021515142172577 9.8014807328581792 4.8796443715691558 5.7765320427715769 35.264393800869584 13.806914145126941 4.843309622257947 47.639105001464486 2.2885580882430068 6.2273274222388881 20.871236554346979 3.7991307247430086 6.6279432550072652 2.3273449335247278 9.1578849647194129 4.1167281046509761 42.064556628465652 5.9853261653333893 7.9175775721669197 3.6510810144245616 4.8825077265501013 48.038143752142787 10.841513035818933 35.878393662162125 516.26096080243587 72.335440687835217 153.23872113786638
leaf_count=70926 76 69 187 32 92 51 27 61 133 30 150 3 28 59 33 54 29 38 71 108 59 8 54 43 136 141 229 2480 179 1307
internal_value=-7.03317e-05 -0.000600553 0.0201664 -0.0047597 -0.109136 0.018932 -0.225978 0.0284217 -0.0494647 0.0483795 0.0191188 -0.128233 0.0304783 -0.0222325 -0.132837 -0.122879 -0.223167 -0.0660717 0.0494725 0.0213025 -0.0641582 0.0320523 -0.000327465 0.0345097 0.0432265 -0.00372317 0.0450126 -0.000655024 -0.0161861 -0.0237925
internal_weight=11404.7 11113.5 291.185 154.598 28.5995 125.999 15.578 121.119 25.7704 136.587 83.3801 16.0955 78.5368 30.8977 10.0265 24.7649 8.95529 15.8096 95.3486 60.0842 18.0196 12.0343 11088.8 103.292 99.6406 51.6024 40.7609 10985.5 741.835 669.5
internal_count=76893 75685 1208 721 151 570 119 519 212 487 300 136 270 120 61 190 83 107 307 246 138 79 75495 603 549 413 272 74892 3966 3787
is_linear=0
shrinkage=0.1


Tree=64
num_leaves=31
num_cat=0
split_feature=15 11 3 6 10 7 10 17 2 5 19 15 18 4 18 18 2 18 6 17 9 7 17 17 6 17 17 11 8 6
split_gain=12.1382 58.2269 49.8229 42.0798 71.6404 53.2434 76.5688 50.6268 73.8836 49.6649 60.7166 63.4465 51.1703 49.0099 39.9517 42.2658 37.9085 37.9271 35.4377 54.7148 43.4756 47.7234 47.6593 59.1503 46.5573 62.5372 50.0288 48.3142 45.3265 42.0651
threshold=5.8740926760947339e-05 3.4931646464286818e-09 0.039398108707934545 4.1833636725555745e-10 2.7638162374496464 0.027464367157092145 2.5433540344238286 0.12231445312500001 4.1799991999121933e-10 0.030824118919790474 1.1598680019378664 8.8471810158807798e-05 -0.027912018312649289 1.6939010257980611e-10 -0.22362229236486281 0.69502781924198986 1.4982815271562572e-10 -0.4202377443752166 6.7402583392529847e-10 0.14925870028409094 0.077031621384241189 0.10335939364086894 0.11592240767045457 0.14228959517045456 2.0837897739960491e-10 0.15991210937500003 0.12662020596590912 2.9902289533367825e-09 1.9594932358697117e-10 4.6024165947485586e-10
decision_type=2 2 2 2 2 2 2 2 2 2 2 2 2 2 2 2 2 2 2 2 2 2 2 2 2 2 2 2 2 2
left_child=1 18 -2 4 5 -4 -7 8 14 10 11 -5 -12 16 -6 -16 -8 -18 20 -20 21 -1 -23 -24 -22 26 29 28 -28 -26
right_child=2 -3 3 9 7 6 13 -9 -10 -11 12 -13 -14 -15 15 -17 17 -19 19 -21 24 22 23 -25 25 -27 27 -29 -30 -31
leaf_value=-4.6449485142762554e-05 -0.14144455849009815 -0.033600107731606745 0.010834737665221389 -0.11471272534424373 0.071097040400164388 -0.13957314436581625 0.27268743300675163 0.082189062544906821 0.034574739197258259 0.016650638202292758 -0.078428836557313225 -0.0057525195141054962 0.0033210208228128392 -0.25103510346492897 -0.1488965360279603 0.27544127140244601 0.16552132001800732 -0.019131292743970581 0.076968942189500955 -0.14170699963561814 -0.12065405974445882 0.13001428588020358 -0.05839193730370118 0.10871090570392734 -0.083614531586452323 0.04091231944979834 0.10168339990205362 0.0067231677209881133 -0.13731784354281629 0.044666596105671565
leaf_weight=6530.6885772412643 23.162784852087498 551.45259119779803 1002.4867806562688 124.21806887164712 13.198976520448921 58.798144541680813 4.8638705164194098 193.19746082648635 591.76200715452433 531.69649637304246 87.893001405522227 93.791115960106254 594.20968480966985 8.2882380997762066 43.781118212267756 2.4802619814872733 11.736099213361738 213.077122900635 108.03986370936036 12.79732597991824 51.428175864741206 56.272668987512589 50.361732300370932 36.561543956398964 37.773975048214197 119.18604667857289 8.606875002384184 42.603570349514484 101.66460565291345 79.068945825099945
leaf_count=52869 262 3626 5740 876 34 566 6 424 1598 2058 645 360 2577 76 381 5 18 984 315 128 502 116 365 45 308 440 10 212 1040 307
internal_value=-5.77824e-05 -0.00227754 0.00474519 0.00569224 0.0145584 -0.000179449 -0.0373861 0.0372344 0.0238977 -0.00758188 -0.021896 -0.0678363 -0.00721294 -0.012137 -0.0823621 -0.126146 -0.00351602 -0.00949173 0.000109848 0.05381 -0.000802265 0.00120572 0.0583129 0.0118946 -0.0312362 -0.0194117 -0.0460684 -0.0837204 -0.118663 0.00319478
internal_weight=11385.1 7786.51 3598.64 3575.48 2143.67 1299.25 296.763 844.42 651.222 1431.81 900.112 218.009 682.103 237.965 59.4604 46.2614 229.677 224.813 7235.05 120.837 7114.22 6673.88 143.196 86.9233 440.332 388.904 269.718 152.875 110.271 116.843
internal_count=76893 60283 16610 16348 9832 7390 1650 2442 2018 6516 4458 1236 3222 1084 420 386 1008 1002 56657 443 56214 53395 526 410 2819 2317 1877 1262 1050 615
is_linear=0
shrinkage=0.1


Tree=65
num_leaves=31
num_cat=0
split_feature=17 9 4 12 2 17 6 1 5 14 19 10 8 2 12 5 6 13 2 6 8 14 5 6 14 13 18 18 5 3
split_gain=11.9995 52.8495 29.0866 42.3401 40.9931 29.7303 27.8841 34.7545 39.3243 32.7731 60.1068 68.6882 48.7356 44.1406 44.0307 41.5515 51.2287 37.9079 38.2478 40.9549 37.353 45.2617 34.2087 32.9604 32.618 30.9188 29.9585 29.7767 29.5984 29.3176
threshold=0.1445978338068182 0.014657762780046556 1.601904533820897e-11 0.11874287948012353 8.0502969120817039e-11 0.12710848721590912 2.8111084391751493e-11 0.29439197442254478 0.0095432518446056883 0.0095151425339281576 1.0582389235496523 2.3625884056091313 2.0234373636454636e-10 4.2229152514594001e-10 0.37986579537391668 0.0081939935404432614 4.5249867796630609e-11 1.8734910488128664 1.2709960356909798e-10 2.9118222315059052e-10 4.3628713747673475e-11 0.0069414228200912484 0.013985075124830828 8.011709359504734e-11 0.010866386350244285 1.612803637981415 0.69502781924198986 -0.060078056486831462 0.01022658998288121 0.08222681448614412
decision_type=2 2 2 2 2 2 2 2 2 2 2 2 2 2 2 2 2 2 2 2 2 2 2 2 2 2 2 2 2 2
left_child=2 -2 3 -1 -5 -6 -3 9 -9 15 11 -11 -13 17 -14 16 -8 18 19 22 21 25 28 -22 27 -17 -20 -19 -12 -10
right_child=1 6 -4 4 5 -7 7 8 29 10 13 12 14 -15 -16 20 -18 24 26 -21 23 -23 -24 -25 -26 -27 -28 -29 -30 -31
leaf_value=0.019795923005838493 -0.10947471949912591 0.082292784013255238 -0.00059642402577033673 -0.11240848184502972 -0.07578725187569875 0.086539926381308044 0.018297718724262408 -0.1969073138266616 0.050335604830829953 -0.12203062397737646 -0.17159614323300712 0.078893497107503097 -0.14442401357098428 0.036570282460282315 0.018549521434993266 -0.14485281715539591 -0.088366006608453423 0.10874941999819841 -0.11073832771255779 0.094122243584408918 0.069598671416553251 -0.17621390441439308 -0.085789808526450392 -0.047023179182384411 -0.15725804551134237 0.076924481985880144 0.072281506686667593 -0.11356476501460666 0.086946061684965811 -0.0027283939596666829
leaf_weight=79.267051249509677 37.624012620653957 52.224057017825544 9444.2961439508945 87.69945878139697 22.70387967582792 22.428962896578014 132.00003207102418 7.5093048065900794 332.1386586651206 30.738332068547606 5.299286449328064 126.79453042149544 20.532922467216849 55.655284645967185 86.057913899421692 8.1526848273351771 68.339613977819681 10.347507610917093 74.480393555015326 32.87827792018652 221.13104559388012 16.026927993632853 53.915028278715909 27.217270537279546 59.504506537690759 27.457660024985671 10.164404999464749 14.421822339296339 26.930773518979549 151.66136653907597
leaf_count=2253 832 171 63558 1636 295 73 491 67 1028 479 58 245 199 321 448 75 880 17 649 105 629 176 455 420 554 44 33 85 71 546
internal_value=-5.87033e-05 0.00771692 -0.0014189 -0.0380419 -0.0725563 0.00488195 0.0103866 0.00803865 0.0301764 -0.00177728 -0.0173819 0.018488 0.0369952 -0.0449552 -0.0128446 0.0171769 -0.0180873 -0.060713 -0.0373732 -0.000828368 0.0407274 -0.0366584 -0.0370674 0.0568177 -0.117119 0.0261505 -0.0887607 -0.0206919 0.0444364 0.0337011
internal_weight=11345.6 1689.2 9656.4 212.099 132.832 45.1328 1651.58 1599.36 491.309 1108.05 607.721 264.124 233.385 343.597 106.591 500.325 200.34 287.942 203.668 119.023 299.986 51.6373 86.1451 248.348 84.2738 35.6103 84.6448 24.7693 32.2301 483.8
internal_count=76893 9078 67815 4257 2004 368 8246 8075 1641 6434 3719 1371 892 2348 647 2715 1371 2027 1371 689 1344 295 584 1049 656 119 682 102 129 1574
is_linear=0
shrinkage=0.1


Tree=66
num_leaves=31
num_cat=0
split_feature=19 9 5 2 4 14 4 15 3 0 13 4 18 3 1 2 17 9 9 7 5 7 13 13 5 17 7 13 13 1
split_gain=11.8568 17.6141 28.9409 23.188 17.8641 16.0316 32.9866 24.3934 13.9938 45.8893 53.1535 49.9558 43.4666 39.8987 28.1216 42.9679 35.7731 120.059 43.8569 48.5549 44.5975 56.1201 44.2384 49.4964 47.634 41.7724 36.1603 34.7833 31.8956 29.3774
threshold=-0.17949859797954557 0.0065586353237154036 0.030065136059966042 5.0754401374662283e-10 4.4165007662504211e-11 0.005827976157888771 9.0177364990826557e-11 5.0572820327943198e-05 0.054601463913369772 2.9966654436058972e-10 1.2908640503883364 2.7149063108310865e-11 0.60649261199234228 0.090537920995449037 0.25974216466280375 5.8605476616077197e-11 0.11237127130681819 0.0150616699226345 0.0039677604564988169 0.013093302172981987 0.017167668663700435 0.014729966729849244 1.3413887023925783 1.518560588359833 0.030065136059966042 0.073086825284090925 0.019138304885170234 1.3260585069656374 1.4742005467414858 0.21125088266883682
decision_type=2 2 2 2 2 2 2 2 2 2 2 2 2 2 2 2 2 2 2 2 2 2 2 2 2 2 2 2 2 2
left_child=1 2 4 -4 -1 -6 7 -7 14 10 13 12 -11 -10 16 -16 18 28 19 27 21 -20 -22 -24 -25 -23 -19 -2 -18 -28
right_child=8 -3 3 -5 5 6 -8 -9 9 11 -12 -13 -14 -15 15 -17 17 26 20 -21 22 25 23 24 -26 -27 29 -29 -30 -31
leaf_value=-0.093846076543379883 0.025551439433182905 0.083812490216458424 -0.20509582206954835 0.11784149564791196 0.10744989004094058 0.09084973073482315 0.10170784773740829 -0.17741964205360927 -0.001887052459894572 -0.089543539896980717 -0.084794585553657376 0.00039693973006468814 0.10196317746984476 -0.12095650858070589 -0.17538922263174453 -0.009305600669262639 -0.034366355618635172 0.081866603665260468 0.053912082563948797 -0.125975171050662 0.016787010252301147 0.098933251341701653 0.10003202346739155 0.055533462590003017 -0.12783635765625023 -0.10568570147643425 -0.00052686046782796613 -0.094715757020470887 -0.10800225578554479 0.038061388474119731
leaf_weight=10.072899118764324 161.20012189727277 41.515763148665428 10.045223789289592 2.8554910942912093 26.874303340911865 4.8138635456562069 16.810410611331463 11.454792657867072 336.88873847806826 99.213488265872002 137.08795879967511 7828.6300479162019 13.459776752628384 30.70733957272023 16.02939487202093 552.21683576749638 162.28269537631422 76.092995085287839 70.824526724405587 31.77210331032984 193.52265285234898 11.97438983991742 234.2465122686699 50.862019300460815 19.635492319241166 59.810786767862737 703.28491830360144 28.264328715857118 92.269054260337725 274.21284091845155
leaf_count=171 1530 121 87 4 69 9 46 115 2204 3313 2789 47246 68 430 175 3197 3414 336 478 652 772 17 426 147 152 564 4857 1310 1212 982
internal_value=-5.70867e-05 0.03064 0.00402022 -0.133616 0.0293764 0.0500793 0.00346998 -0.0980393 -0.000398634 -0.00241278 -0.0316521 -0.000554573 -0.0666664 -0.0118336 0.00581333 -0.0139906 0.0109987 0.000576033 0.0268136 -0.0115744 0.0400655 -0.00924328 0.0541783 0.077923 0.00445993 -0.0715535 0.015467 0.00760997 -0.0610576 0.0102981
internal_weight=11308.9 124.443 82.927 12.9007 70.0263 59.9534 33.0791 16.2687 11184.5 8445.99 504.684 7941.3 112.673 367.596 2738.5 568.246 2170.26 1308.14 862.113 221.237 640.876 142.61 498.267 304.744 70.4975 71.7852 1053.59 189.464 254.552 977.498
internal_count=76893 622 501 91 410 239 170 124 76271 56050 5423 50627 3381 2634 20221 3372 16849 10801 6048 3492 2556 1059 1497 725 299 581 6175 2840 4626 5839
is_linear=0
shrinkage=0.1


Tree=67
num_leaves=31
num_cat=0
split_feature=5 2 8 15 14 7 3 12 4 6 5 5 6 12 3 12 2 7 17 14 5 19 0 8 7 1 13 18 19 3
split_gain=11.0326 12.2475 34.0575 30.0665 25.0335 42.3623 34.0725 25.0166 24.3173 22.5313 23.6088 22.5754 18.4427 23.8106 18.3854 17.0415 16.0748 15.2917 24.4891 24.6836 21.2993 16.9566 16.3968 15.9859 15.2187 15.9415 33.8676 31.2547 30.6743 21.1272
threshold=0.0034346893506613089 2.5544002770593868e-11 3.2139221211751642e-12 1.5381887351395566e-05 0.0032531734323129062 0.013207209121397886 0.010816762876726256 0.2035820931196213 6.7132201681469795e-12 3.9207160217657025e-11 0.0092999114112595586 0.028877808390474932 6.4599150901694397e-12 0.077628627419471755 0.035550225215774008 0.28951109945774084 1.3603729229544781e-11 0.0044422096480909974 0.035045276988636374 0.0060906829312443742 0.011185352318608349 -0.17949859797954557 9.5201558080188711e-09 6.4594672401044276e-12 0.0048196255551848661 0.61029364688058074 3.1778599023818974 0.29382302596985199 5.5509445667266855 0.10335253339023989
decision_type=2 2 2 2 2 2 2 2 2 2 2 2 2 2 2 2 2 2 2 2 2 2 2 2 2 2 2 2 2 2
left_child=-1 2 -2 -3 -4 16 7 -7 -5 11 -11 -8 -10 14 -14 -12 -6 18 19 23 -20 -19 -21 -15 -23 26 -26 28 -28 -27
right_child=1 3 4 8 5 6 9 -9 12 10 15 -13 13 17 -16 -17 -18 21 20 22 -22 24 -24 -25 25 29 27 -29 -30 -31
leaf_value=-0.12350170962136311 -0.11372157248587522 -0.092405841505386332 0.089909415980980095 -0.10792901555524199 0.11040911118599253 -0.16183427067552825 0.089311902605915261 0.0014928279117011377 0.086850194481497611 -0.088934886537718472 0.1060254120195233 -0.11393845072824518 -0.18629803621307237 -0.11500610710566628 -0.021496535977102427 -0.054188467662350831 -0.1082761371714953 0.039107371285402912 0.024977274097802728 -0.1615628479108199 -0.13065327223251208 -0.074404997357032987 0.10948754605910514 0.15495105625381952 -0.00020227714135423984 0.040955003450309779 -0.16490474449616649 0.06998188425999112 0.097938531333565823 -0.010999375256175226
leaf_weight=7.2349359444342545 18.088212087051943 35.506409033667296 52.984085558913648 20.926528865471482 3.7489666119217864 12.892119717784224 104.63974183937535 34.405366165563464 24.379822743590921 19.28739813901484 20.027145038358871 5.7659171782433978 11.965743557084354 2.6308425806928453 15.588159967912359 9.931380379945038 32.50434151943773 111.55017016618513 11.879099043086169 7.892977695912121 33.8576117772609 27.481476459419355 3.1116767078638077 13.197017449419944 10241.407859376166 209.92903359420598 31.692569557577372 10.164490234106777 5.1633369773626319 124.80171429365873
leaf_count=606 1137 1058 225 388 42 170 345 323 157 180 24 269 126 177 561 77 904 475 159 92 512 334 6 24 66916 617 276 34 9 670
internal_value=-5.43864e-05 2.49511e-05 0.0194884 -0.000534018 0.0276236 0.014054 0.0315222 -0.0430261 -0.000234957 0.0536074 -0.00264189 0.0786972 -2.79467e-05 -0.00022294 -0.0930643 0.0529138 -0.0856618 1.31656e-05 -0.0457369 0.0301055 -0.0902317 0.000321658 -0.0849206 0.11008 -8.45671e-05 0.000107695 -0.000591037 -0.0852659 -0.128082 0.0215842
internal_weight=11264.6 11257.4 314.275 10943.1 296.186 243.202 206.949 47.2975 10907.6 159.652 49.2459 110.406 10886.7 10862.3 27.5539 29.9585 36.2533 10834.8 72.5692 26.8325 45.7367 10762.2 11.0047 15.8279 10650.6 10623.2 10288.4 47.0204 36.8559 334.731
internal_count=76893 76287 3696 72591 2559 2334 1388 493 71533 895 281 614 71145 70988 687 101 946 70301 970 299 671 69331 98 201 68856 68522 67235 319 285 1287
is_linear=0
shrinkage=0.1


Tree=68
num_leaves=31
num_cat=0
split_feature=3 19 5 6 8 6 3 5 5 17 13 9 4 17 4 5 9 8 17 3 9 10 2 1 13 19 13 14 5 3
split_gain=10.6055 25.149 24.9461 19.1026 15.378 19.3914 47.996 56.7236 47.2086 40.007 36.3182 35.7533 33.6431 32.9632 30.3399 30.0868 38.2497 20.4904 20.2925 20.2484 49.2181 18.806 23.7331 17.202 50.0182 21.1928 18.2021 16.7745 44.4807 53.4865
threshold=0.25533906576791982 0.96901610493659984 0.075847862402502131 3.4735525449794387e-09 2.0579723667029268e-09 9.2953711178996045e-10 0.095584223620634942 0.051185583789264542 0.024829483955645108 0.12710848721590912 2.3579754829406743 0.096421494343720118 1.4491882776907842e-10 0.18281693892045456 1.589113021254045e-10 0.02842807755518351 0.12424858721770486 4.9166275811044271e-10 0.12662020596590912 0.15577845997922959 0.11078089201267856 3.6836934089660649 5.5624340682362079e-10 0.29813846991921039 2.267000794410706 1.503162741661072 1.9607058763504031 0.017487897537648681 0.033980060521674009 0.097209272895590712
decision_type=2 2 2 2 2 2 2 2 2 2 2 2 2 2 2 2 2 2 2 2 2 2 2 2 2 2 2 2 2 2
left_child=3 -2 -3 4 5 27 8 9 12 10 18 17 -7 -11 -14 -12 -17 -10 -8 20 -9 -6 -23 -24 25 -25 -27 -1 29 -29
right_child=1 2 -4 -5 21 6 7 19 11 13 15 -13 14 -15 -16 16 -18 -19 -20 -21 -22 22 23 24 -26 26 -28 28 -30 -31
leaf_value=-0.0011815547369601242 0.060136577394708381 -0.31869310715113719 0.10208060231828305 -0.1469839788372943 0.16788704581122402 -0.14724097721402793 -0.25529274530685475 -0.29036528841017001 0.0759698212798183 -0.24171926424285634 0.092232561091574405 0.035199750869033278 0.071246946457824797 0.040003233131988752 -0.079888548093581938 -0.26903262037692294 0.16809842932150676 -0.25027316146812256 0.039997374634683801 0.089551762798073808 0.072054976305435656 -0.17341043064125905 0.10729369790559336 -0.4240477760413055 0.086929506463925971 0.061392775153188521 -0.16501844748989866 0.016382090016988805 0.049565738950632092 -0.032507118340394776
leaf_weight=9351.7814246204216 58.76501724217087 3.6395610943436614 2.2989831939339638 8.8693616557866317 10.401925556361673 30.453978449106216 10.596880614757536 5.8890129551291492 2.6457496732473356 30.99232055619359 16.586734462529424 192.77368962205946 23.013407159596682 4.7959224581718436 31.413161454722285 6.4021236505359393 2.9123049564659595 7.0686389803886414 2.9821446388959876 20.685834564268589 10.30262555927038 5.6104425005614749 24.853071570396423 2.1167889609932926 28.215020641684532 5.417407162487506 10.305342482402919 770.49214710108936 242.33583613298833 315.37402898538858
leaf_count=68545 252 34 16 218 12 311 100 53 6 288 27 715 75 13 216 58 5 66 9 73 19 52 36 23 53 22 152 3350 633 1461
internal_value=-5.12271e-05 0.0403178 -0.155799 -0.000284959 -0.000168438 -0.000497132 -0.0221275 -0.0776111 -0.000474993 -0.127392 -0.0579789 0.0257669 -0.0630768 -0.203966 -0.0159833 0.0114671 -0.132357 -0.16142 -0.190443 0.0239941 -0.0597598 0.0417296 0.0245796 0.0402452 0.00406292 -0.126999 -0.0870065 0.000312012 0.0108281 0.00218293
internal_weight=11240 64.7036 5.93854 11175.3 11166.4 11079.5 399.515 112.146 287.369 75.2684 39.4802 202.488 84.8805 35.7882 54.4266 25.9012 9.31443 9.71439 13.579 36.8775 16.1916 86.92 76.5181 70.9076 46.0546 17.8395 15.7227 10680 1328.2 1085.87
internal_count=76893 302 50 76591 76373 76023 2034 645 1389 500 199 787 602 301 291 90 63 72 109 145 72 350 338 286 250 197 174 73989 5444 4811
is_linear=0
shrinkage=0.1


Tree=69
num_leaves=31
num_cat=0
split_feature=5 12 14 7 12 13 6 8 5 6 4 13 14 7 6 6 1 9 13 19 14 14 3 1 15 5 6 14 7 19
split_gain=10.0951 56.5744 37.3444 75.2875 32.9164 48.9216 24.723 51.1616 25.4095 24.4389 23.8015 22.3926 34.6373 32.4455 38.6912 28.634 21.5846 41.8389 34.6312 21.1282 19.9825 18.0724 28.3856 66.6639 25.4457 21.6716 21.0756 18.888 119.454 65.5817
threshold=0.062137342034950575 0.14535690099000934 0.0062154291663318881 0.029058595098877999 0.15364536643028262 1.0548713207244875 3.3320648141499319e-11 4.5235802561625124e-11 0.079545746570816159 3.9207160217657025e-11 1.0174555485487496e-10 1.184343218803406 0.0047497302293777474 0.021274305634097931 1.5582045862968104e-11 3.0945334334214735e-11 0.31500361636675794 0.003449653641575534 1.683481812477112 1.3007957935333254 0.0059947695117443809 0.0037927136290818457 0.037099963833138343 0.1792828771141404 1.9604074623202908e-05 0.0058799123619429549 1.0520311585580575e-11 0.0054415895137935886 0.013450891552914705 0.45171976089477545
decision_type=2 2 2 2 2 2 2 2 2 2 2 2 2 2 2 2 2 2 2 2 2 2 2 2 2 2 2 2 2 2
left_child=11 16 3 10 -5 -6 8 9 -4 -8 20 12 13 14 -1 -16 -2 -18 -19 -9 -3 22 23 25 -24 -13 -23 28 29 -28
right_child=1 2 6 4 5 -7 7 19 -10 -11 -12 21 -14 -15 15 -17 17 18 -20 -21 -22 26 24 -25 -26 -27 27 -29 -30 -31
leaf_value=0.018743564984131517 0.070459675372485195 -0.134067611767554 0.08610826224960566 0.06687949404553338 0.10468375623597555 -0.15482597512122154 0.011770691227038086 0.099361260043453761 -0.040508960448462999 -0.10872525727727356 -0.13476295567610566 -0.10337769505365789 -0.11437928708383222 0.031690537622413022 -0.1320095953574992 0.020669140458524693 0.069288320923120969 -0.20135641402587981 0.1208292484795986 -0.0049797225153873376 0.089376619282959008 -0.11896269104517024 -0.13068337277000613 -0.13716956001107591 0.083410410268736773 0.040675819867074081 -0.096288410415796458 0.0012476692905033432 0.0093916944644592271 -0.022329215319739248
leaf_weight=50.249628696823493 168.95023968815804 6.7583313426002887 70.192489336244762 56.387899424880743 11.390711862593891 20.052573375403881 25.593251213431358 39.744352066889405 20.471843279898167 49.169629782438278 71.418727139011025 11.333939230069516 41.014671843498945 89.394082937156782 52.99311922932975 15.98997557745315 28.653662145137787 13.932524040341379 4.3866293951869002 37.925364345312119 9.8145676981657726 15.056939959991722 5.9254563064314416 28.846369034377858 87.950793395051733 132.91960209724493 192.3512770854868 8563.9699035738595 986.79874380817637 318.28274462395348
leaf_count=746 347 155 151 121 19 196 149 194 113 759 598 1388 429 345 2239 257 57 111 6 318 28 885 96 364 728 996 5510 47725 6233 5630
internal_value=-4.08365e-05 0.0122077 -0.0092242 -0.0443317 0.0211651 -0.0608154 0.0161677 -0.00842693 0.0575183 -0.0674764 -0.109709 -0.000774891 -0.0303697 -0.0138539 -0.0480006 -0.0966193 0.0537885 -0.00617391 -0.124207 0.0484126 -0.00174263 -6.06139e-05 0.0256193 0.00160655 0.0698968 0.0293576 -0.000741005 -0.000564085 -0.0109257 -0.050189
internal_weight=11227.9 634.843 418.92 175.823 87.8312 31.4433 243.097 152.433 90.6643 74.7629 87.9916 10593.1 249.641 208.627 119.233 68.9831 215.923 46.9728 18.3192 77.6697 16.5729 10343.4 266.976 173.1 93.8762 144.254 10076.5 10061.4 1497.43 510.634
internal_count=76893 3322 2801 1117 336 215 1684 1420 264 908 781 73571 4016 3587 3242 2496 521 174 117 512 183 69555 3572 2748 824 2384 65983 65098 17373 11140
is_linear=0
shrinkage=0.1


Tree=70
num_leaves=31
num_cat=0
split_feature=12 5 19 13 3 17 4 18 3 4 3 2 1 3 2 13 14 0 7 5 19 18 19 13 18 5 17 9 14 8
split_gain=10.2915 31.2139 54.8862 51.8364 38.5249 27.8824 28.5356 24.5029 34.4768 47.6389 28.2382 37.0703 36.6799 64.3177 42.304 22.7173 26.7033 25.6634 22.9805 26.2429 25.0358 22.479 35.8069 40.3425 21.7275 32.1791 20.1942 27.3367 19.0986 67.7294
threshold=0.39771589636802679 0.046181140637518221 2.8151365518569951 2.6387974023818974 0.18244155628886841 0.089288884943181837 2.3466401726989787e-11 0.14559880035548389 0.027930392123708698 9.1081308291641243e-11 0.040950339526303267 1.6303938865509196e-10 0.33493337967139264 0.11420979461967319 5.9906544204063486e-10 1.9845585227012636 0.020868641324341301 2.3497453594609956e-09 0.11435531100284367 0.031703879771174205 2.0557950735092168 -0.073577277240639713 1.2846296429634096 2.4072611331939702 -0.027912018312649289 0.021157380612176004 0.14548561789772732 0.15479554683471439 0.014293617103248836 2.7212019336000042e-10
decision_type=2 2 2 2 2 2 2 2 2 2 2 2 2 2 2 2 2 2 2 2 2 2 2 2 2 2 2 2 2 2
left_child=28 2 4 5 7 -4 -7 10 -9 -10 -2 -12 14 24 -13 16 -11 -17 26 20 -20 -15 -23 -24 25 -14 27 -19 -1 -30
right_child=1 -3 3 -5 -6 6 -8 8 9 15 11 12 13 21 -16 17 -18 18 19 -21 -22 22 23 -25 -26 -27 -28 -29 29 -31
leaf_value=-0.0013921568562590037 -0.14039222480444855 0.045385324672845562 0.23304688654841998 0.095409238059039239 -0.25437881034950205 0.080867216659192581 -0.11029581465404746 0.16496220716994517 -0.12100479449707746 0.21511247356083338 0.05468192017001039 -0.11716283402239805 0.10616964922423607 0.011732652783052293 0.025309872110976284 0.096567451535174209 -0.11313490848642505 -0.19864113854249379 0.026397166252911809 -0.26738817278658511 -0.18207443281545702 -0.2440314671286323 -0.21102362160028543 0.076957856628206589 0.058199456775960084 -0.14221967732524396 0.11139978989939253 0.12316784992719863 0.039111391592681649 -0.0013047670586255576
leaf_weight=8213.1416224697605 17.468089386820793 87.912998178042471 2.5905196964740744 16.604587744921446 6.0593939274549475 8.3347883336245996 123.71298406738788 16.644954405725002 22.691906211897731 2.8956749774515655 70.452498024329543 70.39090577699244 8.2741665691137332 14.398618303239344 29.606805935502052 61.285041887313128 17.196136146783829 5.7393649220466596 30.603213094174862 4.5378377027809611 7.0964014753699294 16.644648347049952 8.4528857022523898 11.458666279911993 104.06870320439339 14.109762150794266 27.846593901515007 4.8876024335622787 559.85218965448439 1598.5468799164519
leaf_count=63687 226 397 2 49 49 37 1317 20 194 9 234 639 30 44 92 136 142 49 98 39 58 143 74 24 288 103 31 6 1712 6964
internal_value=-4.11063e-05 -0.010883 -0.017715 -0.0712964 -0.00356748 -0.0918557 -0.0982297 -0.000885941 0.0271165 0.0146994 -0.0163253 -0.0100951 -0.0265465 0.000753708 -0.0749803 0.0336976 -0.0658272 0.04778 0.0107349 -0.0401918 -0.0128446 -0.0940992 -0.135784 -0.0452965 0.0389752 -0.0504031 0.0666438 -0.0506333 0.00080768 0.0091785
internal_weight=11183.5 811.966 724.053 151.243 572.81 134.638 132.048 566.75 201.425 184.78 365.326 347.858 277.405 177.407 99.9977 162.088 20.0918 141.996 80.711 42.2375 37.6996 50.9548 36.5562 19.9116 126.453 22.3839 38.4736 10.627 10371.5 2158.4
internal_count=76893 4530 4133 1405 2728 1356 1354 2679 782 762 1897 1671 1437 706 731 568 151 417 281 195 156 285 241 98 421 133 86 55 72363 8676
is_linear=0
shrinkage=0.1


Tree=71
num_leaves=31
num_cat=0
split_feature=17 9 3 7 10 14 10 13 15 8 9 8 12 7 14 7 5 3 2 11 13 17 18 14 8 7 6 13 2 14
split_gain=9.7452 37.1416 60.0669 28.2163 62.7605 33.5028 97.8235 54.4429 45.3339 42.8171 42.0059 50.0633 53.7597 48.2792 44.5433 49.7737 44.8268 40.3299 36.2999 36.1147 34.8088 32.7847 31.9593 31.1366 100.731 66.5728 44.6032 128.853 89.2756 84.1839
threshold=0.089288884943181837 0.0047296655680760359 0.017005707260386322 0.06656769642156897 3.0974377393722539 0.011261129286140205 2.8181251287460332 2.1385283470153813 4.9354328439221724e-05 2.7212019336000042e-10 0.005686629135952549 9.6580495629758374e-12 0.1504357308149338 0.034701209055584818 0.005699598230421544 0.0055882674773248212 0.072608048963322971 0.099358948781524806 5.9906544204063486e-10 2.5927121560798132e-09 1.4826680421829226 0.07970081676136366 0.4331688298155893 0.0060652594547718772 1.0694232528795892e-11 0.016688373095256951 3.630419398226679e-11 1.6487744450569155 2.6086333078859927e-10 0.007463789079338313
decision_type=2 2 2 2 2 2 2 2 2 2 2 2 2 2 2 2 2 2 2 2 2 2 2 2 2 2 2 2 2 2
left_child=3 2 -2 5 22 6 7 10 19 -7 11 -1 13 14 16 -16 -13 -17 -11 -9 -19 -10 -5 24 -12 -26 29 -28 -29 -25
right_child=1 -3 -4 4 -6 9 -8 8 21 18 23 12 -14 -15 15 17 -18 20 -20 -21 -22 -23 -24 26 25 -27 27 28 -30 -31
leaf_value=0.0050537750296409285 0.026050323299130873 -0.0015611775764285568 -0.10972487072897497 -0.1762099408236576 0.018719322919767946 0.040049529918986269 -0.28134609346389106 -0.075047841504797458 -0.032673628539518842 -0.17287443722971535 0.027790088766701818 -0.11169632708843513 -0.16539963888563869 0.1143477494362611 -0.1132600994273638 0.057526493213258457 0.057503367158686897 -0.16178152977995647 -0.0062499097601941148 0.15951329246866974 -0.0094828502706483069 -0.14588301953542343 0.080626223619836512 0.088505023629541171 -0.0083606489043041351 -0.13818579316756061 -0.10684512600018191 -0.13696401013532009 0.047895181002423015 -0.16496190131676841
leaf_weight=2123.7043490365613 54.862882967339829 5942.2682430259883 80.235150579130277 36.556482825428247 57.091837123036385 459.75637525739148 12.207540072500704 9.5578002594411391 376.52865794068202 15.642869289964436 439.10767726693302 94.881441584788263 27.791572045534849 24.520194232463837 41.662583496421576 93.730058150365949 18.752832747995853 16.402306200936437 79.634108318015933 20.956352088600397 176.42741770017892 27.444865550845861 5.5851086303591719 201.28586898930371 90.977103463374078 69.804582372307777 71.543963180854917 27.744209714233875 447.54065655916929 14.015887916088102
leaf_count=20134 1279 38127 2722 298 224 1410 107 81 2062 125 1521 1284 260 33 443 240 44 155 322 62 1124 288 12 457 697 737 686 306 1515 138
internal_value=-3.77808e-05 -0.00273993 -0.054587 0.00319434 -0.0496062 0.00424612 0.00134223 0.00212397 -0.0314871 0.0274057 0.00579332 -0.001617 -0.0302849 -0.0222333 -0.0298127 -0.0111308 -0.0837736 0.00371768 -0.0336068 0.0860428 -0.0224375 -0.0403648 -0.142171 0.0200363 0.00299424 -0.0647252 0.0334505 0.0182707 0.0371042 0.0720046
internal_weight=11158.2 6077.37 135.098 5080.85 99.2334 4981.62 4426.59 4414.38 434.488 555.033 3979.89 2617.87 494.168 466.377 441.857 328.222 113.634 286.56 95.277 30.5142 192.83 403.974 42.1416 1362.02 599.889 160.782 762.131 546.829 475.285 215.302
internal_count=76893 42128 4001 34765 534 34231 32374 32267 2493 1857 29774 23717 3583 3323 3290 1962 1328 1519 447 143 1279 2350 310 6057 2955 1434 3102 2507 1821 595
is_linear=0
shrinkage=0.1


Tree=72
num_leaves=31
num_cat=0
split_feature=3 1 13 2 4 1 12 12 6 13 8 14 4 12 8 14 7 8 13 4 17 6 14 6 13 15 1 2 2 17
split_gain=10.3748 38.1794 62.4099 60.9087 34.8123 46.0791 30.4093 69.7609 50.7191 47.9213 40.3667 29.5837 26.2531 60.3022 74.9846 40.5089 30.9176 58.1223 41.2673 54.9845 28.1345 27.9799 27.0293 24.4658 23.9663 31.6154 23.9479 33.4776 29.2594 52.8313
threshold=0.054601463913369772 0.22357576389074599 1.2415720820426943 5.7402207442817313e-10 2.5970224395171956e-11 0.22555949305416556 0.1504357308149338 0.17407035827636722 3.0257497246493965e-11 1.0716129541397097 1.0694232528795892e-11 0.0063778799958527097 4.4165007662504211e-11 0.16598714888095858 2.3108285809648126e-10 0.0040485914796590814 0.059277352534616481 1.2733452973022864e-11 1.7354152798652651 4.7506713158018162e-11 0.069580078125000014 8.2872253446840155e-10 0.0054911044426262387 4.2262784927078442e-11 1.5043284296989443 4.4148859160486616e-05 0.25974216466280375 5.8605476616077197e-11 7.709079180731101e-11 0.11237127130681819
decision_type=2 2 2 2 2 2 2 2 2 2 2 2 2 2 2 2 2 2 2 2 2 2 2 2 2 2 2 2 2 2
left_child=26 2 6 12 5 -3 10 9 -9 -8 23 -11 15 20 16 -4 17 -15 22 -20 -14 -16 -19 -2 -18 -26 28 -28 29 -1
right_child=1 4 3 -5 -6 -7 7 8 -10 11 -12 -13 13 14 21 -17 24 18 19 -21 -22 -23 -24 -25 25 -27 27 -29 -30 -31
leaf_value=0.022571487155096631 0.0083395287257622078 0.39215521617710469 0.033207301857834957 0.090874471514611296 0.0014920786404382027 -0.093576284599972637 0.077966952090783359 0.077480680532246701 -0.086056179524852575 -0.13295814553670476 -0.15231365595287305 0.092936362823501803 0.0010143150353453287 0.06163686166235291 -0.1438156437758355 -0.088052095208329378 0.10917770298529778 0.17312577182541034 0.2648106730461452 -0.13347202772831415 -0.14815276942303904 0.0021087126240674106 -0.12288378164875316 0.066414400674320931 -0.093027758226967405 0.15766563764035366 -0.15780867109693608 -0.0088257438658044269 0.02849492715021994 -0.01510043526128739
leaf_weight=704.90671465836931 160.97221366781741 2.0241032708436242 31.623551396187395 33.658890296705067 7251.5300065935589 55.628179423278198 15.274242594838141 73.582896802108735 25.549201420042664 74.033604446798563 12.040524773299692 6.2900737859308711 16.584438793361187 63.421391010284424 46.615864273160696 213.86804698687047 52.165718875825405 3.2672653682529917 7.6698015555739385 6.3244609460234642 53.22045130468905 18.297446005046368 55.227729852776974 132.04707410745323 15.77137213945389 7.3865923434495917 15.508788728388025 549.07349057984538 621.59566723788157 788.88606248272117
leaf_count=5592 621 19 123 210 43845 2307 32 225 429 810 126 17 58 154 515 4979 102 13 20 74 459 121 939 264 120 10 182 3209 2686 8632
internal_value=-4.04847e-05 -0.00176275 -0.0189132 -0.0399747 0.000876724 -0.0765228 0.00742913 -0.0234444 0.0353325 -0.0843942 0.0271367 -0.115269 -0.0474212 -0.0296735 -0.0086826 -0.0724318 0.0202042 -0.00827707 -0.0694453 0.0848138 -0.112713 -0.102683 -0.10635 0.0345106 0.0715946 -0.0130652 0.00537961 -0.0129182 0.0102632 0.00267659
internal_weight=11114 8434.08 1124.89 625.103 7309.18 57.6523 499.79 194.73 99.1321 95.5979 305.06 80.3237 591.444 345.953 276.148 245.492 211.234 135.911 72.4893 13.9943 69.8049 64.9133 58.495 293.019 75.3237 23.158 2679.97 564.582 2115.39 1493.79
internal_count=76893 56592 10421 7897 46171 2326 2524 1513 654 859 1011 827 7687 2585 2068 5102 1432 1200 1046 94 517 636 952 885 232 130 20301 3391 16910 14224
is_linear=0
shrinkage=0.1


Tree=73
num_leaves=31
num_cat=0
split_feature=17 9 4 12 8 12 5 3 1 11 13 11 3 8 13 13 5 4 14 14 9 17 15 4 2 14 1 14 1 1
split_gain=9.85817 39.2721 24.6728 37.5049 31.1531 24.7659 24.1447 34.1891 32.7766 30.5554 25.952 28.2521 22.8618 35.5741 37.8259 68.6437 60.7346 44.0503 40.367 43.9828 37.3559 35.3628 30.0646 28.9877 60.3722 68.2138 72.6429 65.7814 61.2174 48.9642
threshold=0.1445978338068182 0.014657762780046556 1.601904533820897e-11 0.16795203834772113 6.2754419307104543e-11 0.42021736502647405 0.056694632950472973 0.14863818524844924 0.33684654422725024 7.4960349039088231e-09 2.6387974023818974 1.5065131364622178e-08 0.051385466286151142 6.3042191840954909e-12 1.4913222193717959 1.3771610856056216 0.033236687701219285 2.5352862098066891e-11 0.0047065820544958123 0.0058017093688249597 0.092657924792830873 0.12613192471590912 1.4720226772624302e-05 3.8774647542930367e-11 2.4859648007867567e-10 0.0042942301370203504 0.42487748427048672 0.010866386350244285 0.33684654422725024 0.55688546116235738
decision_type=2 2 2 2 2 2 2 2 2 2 2 2 2 2 2 2 2 2 2 2 2 2 2 2 2 2 2 2 2 2
left_child=2 -2 3 -1 -5 12 7 8 -7 -10 -11 -12 13 -4 15 17 20 -15 -19 -20 -16 -17 -23 24 25 -14 -27 -28 -26 -30
right_child=1 -3 5 4 -6 6 -8 -9 9 10 11 -13 23 14 16 21 -18 18 19 -21 -22 22 -24 -25 28 26 27 -29 29 -31
leaf_value=-0.012533330965628154 -0.10146577593109007 0.0093944266797372153 -0.022338426969558685 -0.15400845801162388 0.06829514182253793 -0.15393607825001199 0.086494844596695333 -0.2067176197418526 0.043208505050361695 -0.08998972931659055 -0.11036074688131708 0.11577524068741266 0.0082540759307224345 -0.078931205337548618 0.017172791825297341 0.093749623578750912 -0.098517739586864217 0.082521294759759167 -0.078275353614843626 0.040209660164402861 -0.14059204819767995 0.33108075726478114 -0.053858870895037318 2.036809668715093e-05 0.078989596289002484 -0.085491303470777727 -0.061380663178318709 0.26074898314670264 -0.070103232707773119 0.063149517458176527
leaf_weight=151.3031833267305 32.611318012932315 1586.6427618176676 245.41862035659142 37.398742090445012 7.5818761233240357 20.141086604446173 14.558780167251824 12.520445846021174 51.70075923204422 59.487141975201666 8.6872556153684872 15.176064684987066 173.66733475169167 50.652564067393541 555.51068496331573 207.35557581204921 53.49915574863553 76.884736115112901 53.598483789246529 75.406941399909556 15.425322109833358 2.1964490897953537 26.604918700642884 7008.5091826452408 101.20968517940491 274.37260853941552 13.384634391870351 12.043359026312826 82.902698283782229 41.319797459756956
leaf_count=3673 832 8246 3173 550 34 228 33 98 224 587 55 23 2612 832 2571 550 467 222 501 374 158 4 365 40142 845 6989 182 8 2096 219
internal_value=-4.7554e-05 0.00716173 -0.00128306 -0.036367 -0.116537 -0.00053876 -0.0370349 -0.0477583 -0.0349339 -0.0171864 -0.0546482 0.0334522 0.000194674 0.0121354 0.0197088 0.0404242 0.00336364 0.00461213 0.0251652 -0.00901786 0.0129104 0.0793277 -0.0245026 -0.00191626 -0.0213366 -0.0416169 -0.070506 0.0911883 0.0212573 -0.0257797
internal_weight=11067.8 1619.25 9448.52 196.284 44.9806 9252.23 182.272 167.713 155.192 135.051 83.3505 23.8633 9069.96 1362.55 1117.13 492.7 624.435 256.543 205.89 129.005 570.936 236.157 28.8014 7707.41 698.9 473.468 299.801 25.428 225.432 124.222
internal_count=76893 9078 67815 4257 584 63558 1248 1215 1117 889 665 78 62310 9217 6044 2848 3196 1929 1097 875 2729 919 369 53093 12951 9791 7179 190 3160 2315
is_linear=0
shrinkage=0.1


Tree=74
num_leaves=31
num_cat=0
split_feature=18 7 12 1 2 11 19 2 19 15 15 11 11 9 12 5 12 17 19 14 10 19 8 6 4 19 2 11 9 7
split_gain=9.70551 33.6473 29.9776 26.9904 27.9464 21.177 27.3316 21.3113 20.3574 32.6948 26.5394 22.7637 19.8528 20.3658 22.7234 24.954 26.029 20.7909 17.1827 17.1209 20.6397 17.0218 22.3083 55.1595 24.1332 20.0491 22.0805 16.0929 15.9358 14.7449
threshold=-0.20664534806697202 0.1088363459172854 0.28951109945774084 0.32770492885586977 3.0038331574419504e-10 6.7541729986686513e-09 0.27337734401226049 5.9084594063143038e-10 0.69475924968719494 3.2941146855591803e-05 3.524457861203701e-05 2.9902289533367825e-09 1.5041731193932153e-09 0.0036663206547146239 0.1364303454756737 0.014735746623803742 0.17614759504795077 0.13607510653409094 0.087697442620992674 0.012980629224330189 2.4328646659851079 0.66014301776885997 1.2146611121887789e-10 6.4098442757043344e-11 6.9603411635162985e-11 0.71133190393447887 3.1443230303238289e-10 2.083717420831022e-09 0.00072012478318179496 0.02783831153570893
decision_type=2 2 2 2 2 2 2 2 2 2 2 2 2 2 2 2 2 2 2 2 2 2 2 2 2 2 2 2 2 2
left_child=1 3 -3 4 8 6 18 -7 9 -1 12 -12 13 28 -15 17 29 -16 -5 20 -9 27 23 -23 -24 -25 -27 -8 -10 -17
right_child=-2 2 -4 5 -6 7 21 19 10 -11 11 -13 -14 14 15 16 -18 -19 -20 -21 -22 22 24 25 -26 26 -28 -29 -30 -31
leaf_value=0.064567172622154265 -0.00085359657297293275 0.096507720560241511 -0.14986681412744735 0.001488603047013079 -0.16094917716124965 -0.16797156177907036 -0.071809864563888035 0.065347651473088395 0.044021762340306032 -0.19433482998025106 0.042719944522323736 -0.15721363997522486 -0.19357657777095222 0.066299079814192849 -0.15126635732125521 -0.063348207038743068 -0.16217062361321591 0.078561332204592826 -0.19092124199357863 0.038759218038366947 -0.25922957334835717 0.040879888811160156 -0.09745999337575699 0.13456262570299726 0.087026050028197882 -0.0062633611460362858 -0.19595433434862042 0.10035097211998356 -0.16892840418541188 0.065833858595076275
leaf_weight=66.933208148460835 10276.98004400963 6.3422383069992092 22.315137062221766 11.73576356098056 11.294660538434981 9.1501284744590503 5.8593691596761337 3.3249730858951789 4.4758966006338623 5.2609966662712386 81.612091808114201 6.1218766942620269 8.0158089837059361 26.211945080198348 4.7290573362261084 33.139973570592701 21.692329371813685 23.474929898045957 7.6776369479484847 28.720080630853772 4.7693855855613947 126.6388591863215 7.6991176065057507 3.0754027515649822 89.727118443697691 9.0827529132366198 18.917074248194695 74.018888438120484 16.354182680370286 12.047755658626555
leaf_count=260 72928 17 240 52 110 92 65 11 11 61 334 63 89 76 76 223 303 71 92 98 50 631 66 6 196 51 158 178 256 29
internal_value=-5.1934e-05 0.0109268 -0.095341 0.0151462 -0.00643891 0.0324707 0.0407526 -0.0313911 -0.000810692 0.0457002 -0.0149265 0.028769 -0.0404596 -0.031824 -0.0161371 -0.0388624 -0.0721301 0.0400254 -0.0746059 0.00255555 -0.125901 0.0474373 0.0348251 0.0115845 0.072447 -0.107801 -0.134421 0.0877223 -0.12317 -0.0289062
internal_weight=11027.4 750.419 28.6574 721.761 321.365 400.397 354.432 45.9646 310.07 72.1942 237.876 87.734 150.142 142.126 121.296 95.084 66.8801 28.204 19.4134 36.8144 8.09436 335.019 255.14 157.714 97.4262 31.0752 27.9998 79.8783 20.8301 45.1877
internal_count=76893 3965 257 3708 1962 1746 1495 251 1852 321 1531 397 1134 1045 778 702 555 147 144 159 61 1351 1108 846 262 215 209 243 267 252
is_linear=0
shrinkage=0.1


Tree=75
num_leaves=31
num_cat=0
split_feature=5 2 8 1 4 3 4 0 4 19 19 18 4 15 19 12 18 6 12 11 6 5 17 18 0 14 11 2 8 12
split_gain=9.40477 10.4725 30.0358 26.9184 19.2538 21.9996 25.589 18.868 42.1051 18.526 18.2499 17.9516 17.5006 18.9382 16.1457 15.5133 15.4058 14.8816 16.8611 14.7972 14.7681 22.6267 15.0208 31.2688 20.9443 22.6005 14.7608 25.0373 13.9018 16.3176
threshold=0.0034346893506613089 2.5544002770593868e-11 3.2139221211751642e-12 0.074704460807128892 3.3690263460999677e-11 0.010816762876726256 1.0541681234887216e-11 9.4877559476437569e-11 2.6521572870904752e-11 0.13060279190540316 0.24765235185623172 0.10728494693863801 6.7132201681469795e-12 1.3974356988910587e-05 1.4266028404235842 0.23470686376094821 0.73269458273849042 5.8654004035946489e-12 0.077628627419471755 1.5065131364622178e-08 3.9207160217657025e-11 0.0092999114112595586 0.1743829900568182 0.38150226414753979 6.9986775282571516e-11 0.0033731070579960947 2.7988895923147799e-10 1.9488767415088189e-11 1.0895439178844109e-12 0.0983904004096985
decision_type=2 2 2 2 2 2 2 2 2 2 2 2 2 2 2 2 2 2 2 2 2 2 2 2 2 2 2 2 2 2
left_child=-1 2 -2 14 5 6 9 8 -5 -4 11 -7 13 -9 -3 -16 -15 -14 19 -19 22 -22 23 24 25 -12 -26 -28 -20 -30
right_child=1 3 4 7 -6 10 -8 12 -10 -11 20 -13 17 16 15 -17 -18 18 28 -21 21 -23 -24 -25 26 -27 27 -29 29 -31
leaf_value=-0.12272254035883511 -0.11363145874593579 -0.10550277111438799 0.1324524541117866 -0.1405352165141821 -0.11451202023815699 -0.13928195727090864 0.045643743324789224 0.1545578167277562 0.36593729730891739 -0.1137433923825833 0.073037653972902614 0.065743584987816281 0.094306265623838426 -0.14706770700359004 0.054655856796978632 -0.12220049282714128 0.066211906427545444 -0.10561319205244057 0.046816571740299934 0.11068574777755708 -0.079521659729110489 0.063295055197418126 0.11745963887571097 -0.16075739541298018 0.13842790910684141 -0.13187340396460179 -0.17334289024304841 0.075256761546243167 -0.027515314924987322 0.00033120983807588317
leaf_weight=6.2459350954741231 16.269332490861416 38.912066842080094 3.4414341738447574 2.7154742263955987 9.4133514033164811 10.041707095922904 28.223648626357317 3.0354934418574002 4.1499867681413889 27.324369196780026 11.37319401651621 7.4307951426599166 16.701547493925318 19.812840872677047 16.017362571787093 7.1844695815816513 4.0850720286834976 24.415029647061605 63.163534255698323 3.6334891915321341 18.767397394403815 27.129653701558709 45.80735388956964 6.6665821312926701 32.702434702077881 10.218669459223745 4.5159524471964678 39.367048176005483 214.82596536143683 10290.046743607847
leaf_count=606 1137 1802 25 80 518 291 83 20 20 487 50 72 96 400 134 238 39 691 159 5 173 78 61 125 111 237 86 162 6108 62799
internal_value=-4.86493e-05 2.09596e-05 0.0184898 -0.000494183 0.0261008 0.0309491 -0.0231212 -0.000111231 0.165614 -0.0862042 0.0458522 -0.0520876 -0.000218168 -0.0807246 -0.0661339 -0.000107882 -0.11061 -1.38562e-05 -0.000162524 -0.0775932 0.0545588 0.00489701 0.0696886 0.0488169 0.0630478 -0.0239395 0.0875722 0.0496736 4.29844e-05 -0.000238255
internal_weight=11013.6 11007.4 298.693 10708.7 282.424 273.01 58.9895 10646.6 6.86546 30.7658 214.021 17.4725 10639.7 26.9334 62.1139 23.2018 23.8979 10612.8 10596.1 28.0485 196.548 45.8971 150.651 104.844 98.1773 21.5919 76.5854 43.883 10568 10504.9
internal_count=76893 76287 3696 72591 2559 2041 595 70417 100 512 1446 363 70317 459 2174 372 439 69858 69762 696 1083 251 832 771 646 287 359 248 69066 68907
is_linear=0
shrinkage=0.1


Tree=76
num_leaves=31
num_cat=0
split_feature=14 8 1 10 5 9 14 13 8 10 2 17 13 3 13 13 9 5 14 13 12 14 8 1 3 6 17 13 14 13
split_gain=8.48997 83.0101 76.2916 38.0392 93.3661 50.3733 49.9483 48.1177 48.3161 70.6603 48.3183 47.661 45.8047 45.3694 49.673 42.5736 41.4393 46.744 38.9761 48.4548 38.5021 38.1286 56.7305 82.6677 43.7435 41.8956 38.6776 35.8298 36.9738 76.1482
threshold=0.0075732006225734958 2.8039278504028762e-11 0.53415649838198476 2.2975182533264165 0.01355911989302242 0.031186617337902057 0.010993930511176588 1.5942393541336062 8.0091913469848647e-11 2.4785987138748173 3.7903538239927181e-10 0.1046475497159091 1.774289131164551 0.10759731496861158 1.9232044219970705 1.7246133685112002 0.084172660615814368 0.021855977156627862 0.0086608417332172411 1.6177445054054262 0.23792611807584765 0.015001939609646799 1.0347447593069934e-10 0.30940102530944796 0.10455161661389691 3.9288398385483339e-10 0.11419122869318184 2.2807000875473027 0.0069414228200912484 1.3657999038696291
decision_type=2 2 2 2 2 2 2 2 2 2 2 2 2 2 2 2 2 2 2 2 2 2 2 2 2 2 2 2 2 2
left_child=27 2 -2 4 6 13 11 16 10 -10 -9 -3 21 -6 -15 -12 17 -5 19 -7 -17 22 23 -11 -23 -24 -27 28 -1 -30
right_child=1 3 -4 7 5 18 -8 8 9 12 15 -13 -14 14 -16 20 -18 -19 -20 -21 -22 24 25 -25 -26 26 -28 -29 29 -31
leaf_value=0.00081029756826871016 -0.1109753552203985 -0.10715051964765882 0.025600301463975985 -0.0014486865638237457 -0.12481823705470962 -0.057059820498402053 -0.11798974628519371 0.082440214659738498 -0.074984612769160103 0.13945598290192079 -0.19347290025806241 0.034672870128930028 0.0027425975156447078 -0.11501198451735591 0.35731780848094313 0.022896517892086424 -0.01520025386529808 0.081794062314440544 -0.062011680724598096 0.10409155398920572 -0.17543487938794877 0.0039677365787846993 -0.12480774375209445 -0.17685924135519657 -0.14642745647271807 0.047400111233517832 -0.15038358278026093 -0.065388591216380798 -0.12712098995057916 0.03563062386303225
leaf_weight=4631.2017635316588 129.5084092291072 25.676156184636056 59.78008408844471 100.63697954080999 121.32378917140886 35.262094503734261 26.87587053515017 128.61308827996254 135.33037658967078 27.254535056650639 9.9782428815960866 307.19075723178685 3314.0716179939918 4.7005339199677092 4.2303594276309013 298.66228122077882 119.09104217495769 204.60969343967736 132.78651637583971 39.624609244987369 10.119819134473799 265.74062899686396 110.01103079691529 11.856493532657622 20.85743392072618 32.897878006100655 14.135758649557827 75.886780822649598 30.294626040384173 563.1417428101413
leaf_count=41454 2188 263 182 780 2077 623 289 647 1222 67 85 1195 14320 118 9 1020 961 625 1488 183 87 1338 1081 109 201 130 147 600 681 2723
internal_value=-4.89929e-05 -0.00273124 -0.0678428 -0.000490986 -0.0223104 -0.0600549 0.0131452 0.00267788 -0.000437419 -0.00398026 0.0307022 0.0237331 -0.00144945 -0.108806 0.10872 0.00982694 0.0348304 0.0543497 -0.0294779 0.0282098 0.0163965 -0.0302276 -0.0641979 0.0435651 -0.00697741 -0.0910356 -0.0120429 0.00283076 0.00382164 0.0273222
internal_weight=10991.4 5690.83 189.288 5501.54 697.671 337.928 359.743 4803.87 4379.53 3932.16 447.373 332.867 3796.83 130.255 8.93089 318.76 424.338 305.247 207.673 74.8867 308.782 482.754 196.156 39.111 286.598 157.045 47.0336 5300.52 5224.64 593.436
internal_count=76893 31435 2370 29065 6245 4498 1747 22820 20454 18615 1839 1458 17393 2204 127 1192 2366 1405 2294 806 1107 3073 1534 176 1539 1358 277 45458 44858 3404
is_linear=0
shrinkage=0.1


Tree=77
num_leaves=31
num_cat=0
split_feature=1 11 14 19 12 4 3 9 8 19 5 13 9 0 13 0 1 4 14 10 12 17 3 18 14 6 19 15 17 18
split_gain=9.28622 17.1766 45.8961 31.2256 41.3684 52.5944 80.3619 31.1397 25.4898 23.7977 24.1474 21.2616 23.7246 22.4129 20.6094 20.2009 18.4759 15.5409 32.4918 42.3166 24.6635 38.981 36.2556 30.8766 22.8346 46.8351 32.0435 37.1964 25.3691 25.2031
threshold=0.73036913384035951 1.1723743309488556e-08 0.01411708351224661 0.51359567046165477 0.4403017014265061 1.9197896799241242e-10 0.14863818524844924 0.0083487548639352357 3.1648120025703577e-10 6.8524770736694345 0.016450386243063161 2.2271782159805302 0.11078089201267856 3.7580926771729255e-09 3.1778599023818974 6.9336475025036379e-09 0.61029364688058074 1.7753486531800968e-10 0.0054673058912158021 2.1340094804763798 0.47985675930976873 0.12324662642045457 0.027930392123708698 0.13986201173710555 0.01411708351224661 3.9737494857213328e-11 0.99340543150901806 5.8113459090236581e-05 0.062566583806818191 -0.19949895062282763
decision_type=2 2 2 2 2 2 2 2 2 2 2 2 2 2 2 2 2 2 2 2 2 2 2 2 2 2 2 2 2 2
left_child=1 17 7 -4 5 -5 8 14 -7 10 -10 13 -13 -6 -3 -8 -12 20 -19 -20 -1 -22 23 -23 25 -21 29 28 -28 -27
right_child=-2 2 3 4 11 6 15 -9 9 -11 16 12 -14 -15 -16 -17 -18 18 19 24 21 22 -24 -25 -26 26 27 -29 -30 -31
leaf_value=-0.00026721943646359039 0.036398630986070643 -0.15696136918516068 0.05895884835338322 0.009493459417784355 0.025678396046591025 -0.050826656815667184 -0.18009854357799085 -0.20418416029308006 0.060432654947201993 0.033705637305779579 -0.28524922583493323 -0.094720774318583778 0.072643106922934311 -0.14084949314201187 0.10127729099741228 0.060974382915127114 -0.60182857039999016 0.077409236512172117 -0.149241706225933 0.047190107638824058 0.15004681055994126 -0.12968924836764228 -0.087793839531660034 0.13638588277568883 0.022419314309641801 0.093124580695040093 0.089840898637044198 -0.15649291450278563 -0.086985242294212839 -0.025961215712163799
leaf_weight=9483.1422391162487 69.406143235508353 5.3350489959120733 52.933998231776059 47.297208148986101 18.227178922854364 7.303520690649747 4.2595344632864025 21.962559081614017 1.8969398699700892 2.5621111914515486 24.826894218102101 9.8411784619092924 60.783353669568896 14.520730214193462 7.3455195687711239 18.895125387236476 1.9913555439561594 71.279159924015403 16.94884926173836 96.862696029245853 9.4536128491163236 6.1917148176580694 93.745978896506131 14.753470823168753 563.23814327828586 20.534142717719078 13.963944911956785 39.326619258150458 19.365926530212164 132.11566316150129
leaf_count=69920 302 55 251 160 207 34 34 217 4 8 234 80 193 227 16 108 28 139 202 296 31 87 830 29 1768 48 27 331 173 854
internal_value=-6.33073e-05 -0.000295887 -0.0238925 -0.00975908 -0.0268844 -0.0698555 -0.130647 -0.132144 -0.219034 -0.258312 -0.284368 0.0184395 0.0493218 -0.0481616 -0.00737051 0.0166266 -0.308756 0.000373107 0.0124118 0.0072775 -0.000846935 -0.0451301 -0.0612179 0.05773 0.0102737 -0.0109602 -0.03596 -0.0906231 -0.0129018 -0.00994204
internal_weight=10950.3 10880.9 299.982 265.339 212.405 109.033 61.7355 34.6431 38.5808 31.2773 28.7152 103.372 70.6245 32.7479 12.6806 23.1547 26.8182 10580.9 973.635 902.356 9607.29 124.145 114.691 20.9452 885.407 322.169 225.306 72.6565 33.3299 152.65
internal_count=76893 76591 1856 1568 1317 610 450 288 308 274 266 707 273 434 71 142 262 74735 3838 3699 70897 977 946 116 3497 1729 1433 531 200 902
is_linear=0
shrinkage=0.1


Tree=78
num_leaves=31
num_cat=0
split_feature=17 9 12 4 14 19 18 6 12 12 8 1 5 3 15 3 15 12 13 11 0 3 1 7 4 9 2 7 5 3
split_gain=8.51122 32.3885 20.9416 22.0745 25.0944 61.2916 33.1244 29.0028 33.3151 28.5565 24.4208 24.6148 23.9301 90.9685 37.2507 37.3941 22.7102 22.2415 21.9566 24.6514 27.275 21.369 20.623 41.5307 36.7112 30.2683 42.413 36.2579 59.482 32.7776
threshold=0.1445978338068182 0.014657762780046556 0.42021736502647405 2.0318205037484699e-11 0.0038429835112765436 1.9451786279678347 0.33153365985278721 1.4268740122577304e-11 0.16198966652154925 0.22831585258245471 2.9025180879030738e-11 0.25974216466280375 0.010624785904674661 0.099919397522543099 4.6805691454210325e-05 0.037099963833138343 5.1318711484782405e-05 0.17104279994964602 1.2196987867355349 1.9118663596717769e-10 2.5906957211993168e-10 0.065737799691883189 0.32952231974868668 0.047501791843793648 1.0174555485487496e-10 0.08121768528059406 5.5624340682362079e-10 0.09298801478658765 0.026361341235050458 0.061035208033999241
decision_type=2 2 2 2 2 2 2 2 2 2 2 2 2 2 2 2 2 2 2 2 2 2 2 2 2 2 2 2 2 2
left_child=2 -2 3 4 18 7 9 8 -6 -7 -8 -12 13 14 -5 -16 -17 -10 -1 -20 -21 -4 25 -24 -25 27 29 28 -3 -27
right_child=1 22 21 12 5 6 10 -9 17 -11 11 -13 -14 -15 15 16 -18 -19 19 20 -22 -23 23 24 -26 26 -28 -29 -30 -31
leaf_value=-0.079922431896539289 -0.09653182960247611 0.012841761598589683 -0.13594774966287668 0.10729116266369841 -0.11385234411507604 0.075031952850235353 -0.15704181921764532 -0.10160666289777671 0.13595047344085698 -0.17764161671139794 0.050934822901262888 -0.11198835710947859 -0.00041180141868933282 -0.12007735592211409 -0.15222338203742181 -0.16797345148976084 0.044770530263509689 -0.10975963167886021 -0.076234618872844093 0.075600483146075592 -0.096221284388762401 -0.02327231260279829 -0.16499811398753081 0.076883563254520004 0.0071226970498807531 -0.012873800788243886 0.047690911954966275 0.08999618380204441 -0.12758145061921464 -0.082800793171411841
leaf_weight=20.560110479826108 29.813685711473227 795.77650214359164 18.829650071449578 80.469537968048826 15.07824965182226 66.72609802428633 14.383957731537519 128.51212013699114 16.38661528239027 4.7942250818014136 26.737699370831251 14.197055801749228 8475.7664561329875 35.299372522626072 11.230852525681255 5.2038600591476998 140.27458883542567 4.7524147527292362 17.194345805095509 76.373565873596817 10.51002856553532 158.62508370261639 10.400681018829344 136.04934016615152 169.31579945422709 181.79478510282934 70.885039022192359 56.972016097977757 31.353836574591696 106.18704787548631
leaf_count=573 832 4285 272 258 893 259 205 2407 119 46 79 98 57680 766 120 71 557 164 1040 826 404 978 96 307 636 1196 341 97 405 883
internal_value=-5.26929e-05 0.00671428 -0.00120339 -0.000544549 -0.0230454 -0.0390996 0.0131507 -0.0793315 -0.000291277 0.0580945 -0.044956 -0.00557045 0.00052595 0.0296959 0.0519866 0.023588 0.0371605 0.0807106 0.0145106 0.0331654 0.0548158 -0.0352283 0.00868905 0.0315102 0.0382033 0.00289153 -0.0216019 0.0128337 0.00751877 -0.0386579
internal_weight=10930.5 1588.55 9341.91 9164.45 416.206 291.568 126.839 164.729 36.2173 71.5203 55.3187 40.9348 8748.24 272.478 237.179 156.709 145.478 21.139 124.638 104.078 86.8836 177.455 1558.74 315.766 305.365 1242.97 358.867 884.102 827.13 287.982
internal_count=76893 9078 67815 66565 7113 4270 687 3583 1176 305 382 177 59452 1772 1006 748 628 283 2843 2270 1230 1250 8246 1039 943 7207 2420 4787 4690 2079
is_linear=0
shrinkage=0.1


Tree=79
num_leaves=31
num_cat=0
split_feature=18 12 18 5 9 0 2 3 19 4 6 8 7 10 12 17 4 17 12 13 18 12 5 17 1 14 13 0 5 13
split_gain=8.55143 29.2348 22.8872 30.7398 36.0159 19.4654 31.4941 24.6202 48.8619 49.3548 35.1991 37.6351 51.8633 34.2374 33.1024 32.7089 32.5942 28.4426 29.6942 28.2318 28.7397 31.7099 27.9427 26.5891 28.181 41.242 36.3453 27.2446 28.4258 27.9867
threshold=-0.045950760818827381 0.58640196919441234 -0.041402128461579021 0.033594898728403773 0.0048913638973525873 1.5201212284276689e-10 4.0509237016446848e-11 0.092539444252074374 1.503162741661072 8.662187104311323e-11 1.9388086155759039e-10 8.2311593099355345e-11 0.048375553377852265 2.1435456275939946 0.33100707828998571 0.12045010653409093 3.5051931399629101e-11 0.14548561789772732 0.12727679312229159 1.2452864646911623 -0.14103649827567014 0.13448093086481097 0.011185352318608349 0.10189541903409093 0.24394380789014522 0.017487897537648681 2.0439218282699589 1.9027400793985342e-09 0.040821970898790319 2.68140721321106
decision_type=2 2 2 2 2 2 2 2 2 2 2 2 2 2 2 2 2 2 2 2 2 2 2 2 2 2 2 2 2 2
left_child=1 5 3 -2 -5 6 -1 8 -7 10 11 12 15 19 -12 16 -10 18 -11 -9 21 -21 -15 -24 -25 -26 -27 -28 29 -29
right_child=2 -3 -4 4 -6 7 -8 13 9 17 14 -13 -14 22 -16 -17 -18 -19 -20 20 -22 -23 23 24 25 26 27 28 -30 -31
leaf_value=0.0069652925677902034 -0.098207930220522419 -0.1303994744813872 -0.0012826223196080327 -0.19501751776716381 0.056077496372858131 0.024007389687334946 -0.097263519832835099 0.0070949370853691622 -0.14374699960098089 0.091187523504766443 0.10728318985130472 -0.11570319401511804 0.25361050749195863 -0.11453333632298131 -0.037543016237302787 0.035431345584979367 -0.012104118724038999 0.025200548796371482 -0.11680041975320982 0.02505554995499272 -0.12656293623580092 -0.1572258819776351 0.0096426088757807452 0.070527602929477823 -0.12515111173417023 -0.17785646517065362 0.086307766103562181 -0.15135006252923913 0.068568202224048053 0.024396039461643589
leaf_weight=72.759960779803805 56.218176928930916 16.067375706508756 7463.224857484689 6.8283645394258192 34.95292726252228 1295.7459853587206 48.191839039791375 63.854787003947422 26.580617846688256 7.5097122862935057 53.275388903915882 31.594579765573144 7.8684548866003743 20.141126675764099 22.425261000171304 86.013454620726407 64.320532220415771 23.405821083113551 79.867319950833917 36.968926704954356 55.630893059773371 12.864522898569701 1141.790324941976 22.849497064482421 47.791877428069711 11.663032047450541 30.517434611916542 22.670269917696714 19.10948983207345 15.093985144048927
leaf_count=1136 725 377 53739 68 119 6764 1019 618 419 12 143 316 24 251 147 377 390 105 638 428 1346 184 6606 142 394 113 61 155 37 40
internal_value=-5.22504e-05 0.00416467 -0.00191307 -0.0499253 0.0150407 0.00481581 -0.0345635 0.00630445 0.0145503 -0.015867 0.00568928 -0.0148441 0.00240102 -0.00302733 0.0643804 -0.00877177 -0.0505981 -0.0726999 -0.0989247 -0.0453825 -0.0771556 -0.0220005 0.00235821 0.00415337 -0.0327808 -0.0488557 -0.0120446 0.0100843 -0.0308158 -0.0811061
internal_weight=10897.8 3336.57 7561.22 97.9995 41.7813 3320.51 120.952 3199.55 1698.61 402.861 292.078 216.378 184.783 1500.95 75.7006 176.915 90.9012 110.783 87.377 169.319 105.464 49.8334 1331.63 1311.49 169.696 146.846 99.0542 87.3912 56.8737 37.7643
internal_count=76893 22242 54651 912 187 21865 2155 19710 9335 2571 1816 1526 1210 10375 290 1186 809 755 650 2576 1958 612 7799 7548 942 800 406 293 232 195
is_linear=0
shrinkage=0.1


Tree=80
num_leaves=31
num_cat=0
split_feature=10 6 10 5 8 3 19 12 4 17 4 1 2 9 19 1 19 14 12 3 11 4 14 18 5 12 6 2 1 4
split_gain=8.12912 61.1184 65.1787 43.7057 46.5091 44.9078 42.7709 37.5451 43.6935 42.1495 40.0162 45.0525 40.0444 33.3397 38.1417 42.3769 33.1162 30.6953 32.1516 45.4839 36.7282 31.8106 30.555 29.5817 28.2262 27.8488 25.5602 24.6306 24.5298 24.5009
threshold=2.9513493776321416 3.0145549761914804e-10 2.8317151069641118 0.026885604821736738 3.2760708464261192e-10 0.10099271927785282 1.0000000180025095e-35 0.3281510621309281 6.9026522224454e-11 0.12764115767045456 9.842714700611946e-11 0.27969182532731413 5.013204702216718e-10 0.077031621384241189 1.0582389235496523 0.43331310568616216 1.0322247147560122 0.01533345738425851 0.312611073255539 0.13550612261172282 5.5510305241313071e-09 3.3408115615330921e-10 0.01464963471516967 0.22746228634125812 0.023778295163915487 0.32065314054489141 1.1387588466237461e-10 8.961897266450573e-10 0.63602091636986247 1.4025452193761344e-10
decision_type=2 2 2 2 2 2 2 2 2 2 2 2 2 2 2 2 2 2 2 2 2 2 2 2 2 2 2 2 2 2
left_child=1 13 6 4 5 -4 -3 8 -2 10 11 -10 -13 22 -15 -16 -14 -12 19 21 -21 -19 -1 -6 -11 -26 -24 -7 -8 -9
right_child=7 2 3 -5 23 27 28 29 9 24 17 12 16 14 15 -17 -18 18 -20 20 -22 -23 26 -25 25 -27 -28 -29 -30 -31
leaf_value=-9.8754978108907233e-05 -0.11761744332057059 0.062613840978421598 0.067624821479869063 -0.099018205519336266 -0.12275818614247132 -0.19419922769028961 -0.13478018672900638 -0.018607825665744468 0.09669566999014137 0.12943268475417471 0.058412072882414991 -0.11525852969961202 -0.10853782839832803 0.0050780829201668648 -0.13925066691222224 0.29688910496345899 0.047658940620526023 -0.025990060721736742 0.047967438673252302 -0.13725765134889098 0.058886479144519881 -0.22398501658240969 -0.12903670270272602 0.02316583342491052 0.072826827710548922 -0.13244374598189909 0.041444634452818166 0.036329565188545472 -0.010621250385638903 0.0072109819463069746
leaf_weight=7704.8475291314535 22.449245639145374 15.133808590471743 114.35643702745438 44.019206862896681 34.249891119077802 11.12272319942713 103.13842888176441 699.4655495621264 23.155763298273087 58.822749003767967 211.18331892415881 58.379491530358791 19.635479524731636 49.360798810608685 47.638024696148932 2.3371040970087043 43.967682056128979 197.52290138602257 172.56157079897821 10.419353613629935 113.97203630302101 8.4621657170355302 9.1246557123959047 23.37212210893631 22.519776456058029 9.3547473326325399 243.04191262368113 7.9455513767898074 18.81537052616477 774.53562206868082
leaf_count=61936 255 74 444 300 316 106 1064 4077 76 80 489 436 110 292 497 4 114 808 473 60 360 65 71 106 53 65 701 20 90 3351
internal_value=-5.36994e-05 -0.00152668 -0.0411471 -0.00918787 0.01151 0.0439346 -0.0959479 0.00502111 0.0202735 0.0235321 0.0166886 -0.03118 -0.0554544 0.000303533 -0.0572714 -0.118854 -0.000561909 0.0264174 0.0129829 -0.00529019 0.0424569 -0.034124 0.0010223 -0.0635698 0.0883671 0.0125827 0.0352758 -0.0981403 -0.115625 -0.00504095
internal_weight=10874.9 8428.5 372.154 235.066 191.047 133.425 137.088 2446.41 972.406 949.957 859.26 145.138 121.983 8056.35 99.3359 49.9751 63.6032 714.121 502.938 330.376 124.391 205.985 7957.01 57.622 90.6973 31.8745 252.167 19.0683 121.954 1474
internal_count=76893 66021 2520 1292 992 570 1228 10872 3444 3189 2991 736 660 63501 793 501 224 2255 1766 1293 420 873 62708 422 198 118 772 126 1154 7428
is_linear=0
shrinkage=0.1


Tree=81
num_leaves=31
num_cat=0
split_feature=17 12 9 19 18 5 0 12 17 18 3 8 13 0 9 19 4 17 6 1 7 19 6 11 12 4 2 17 1 15
split_gain=8.22788 16.8938 59.6533 28.7509 25.697 33.4806 32.1422 29.8026 23.889 22.2676 42.9275 21.5999 21.2553 21.2101 19.4485 20.6995 18.93 19.7692 17.8818 17.7239 17.2685 16.6704 22.0538 25.7038 24.5498 18.1024 24.8794 45.6083 44.7693 38.6358
threshold=0.16506125710227273 0.39168252050876623 0.089232932205584106 1.5432212948799136 0.30719963892955676 0.028656930268828196 1.9465088892837616e-09 0.58640196919441234 0.089288884943181837 0.42105738759379502 0.10455161661389691 1.6526732103834665e-09 1.6687417030334475 4.3222494276077732e-09 0.11078089201267856 2.0557950735092168 1.4025452193761344e-10 0.11192737926136366 1.9828831449617561e-09 0.35154095687747683 0.074860427671268284 0.48789004981517797 8.7365633629515047e-10 1.0451943199818461e-09 0.282787635922432 2.4202008059608543e-10 1.5723033385638951e-10 0.1743829900568182 0.30940102530944796 9.2476493591675548e-05
decision_type=2 2 2 2 2 2 2 2 2 2 2 2 2 2 2 2 2 2 2 2 2 2 2 2 2 2 2 2 2 2
left_child=1 -1 16 12 5 8 19 11 -5 -6 -11 14 -4 -14 15 -8 -3 -18 -13 -7 -19 22 23 24 -2 26 -23 28 -28 -29
right_child=21 2 3 4 9 6 7 -9 -10 10 -12 18 13 -15 -16 -17 17 20 -20 -21 -22 25 -24 -25 -26 -27 27 29 -30 -31
leaf_value=0.00015161612878329309 0.040296404659739334 -0.15141164414684119 -0.13572243536250966 0.18538377365762893 0.066806071920192667 -0.1542434047064824 0.046869058460104945 -0.13832505567047723 -0.11877737905809282 -0.15769773896628844 0.10345210927477988 0.013388758831584073 0.039960214334336636 -0.073289660743899712 0.079306403693840122 -0.19152284909909684 -0.24469488912800116 0.023662644501951519 -0.25034313229063582 0.10252478435081583 -0.13068311453057685 0.0097177338633227042 -0.15230811771936703 0.085808752067802932 -0.09848199557838172 0.054288097099909921 -0.082395666909932871 -0.11810663560570892 0.075101111720372857 0.12311303900069455
leaf_weight=9532.3873071444687 43.487860210705549 37.122837969101965 8.0978001710027439 2.6969010084867469 44.502773743122816 20.321435270830992 9.1195994243025762 11.718676123768089 60.716373688541353 15.225933212786915 10.730363130569456 5.8752686977386457 180.15430085919797 18.208936024457216 55.792409989982843 6.064403921365737 4.6433958895504466 23.176672749221325 4.5711500067263842 3.0981481447815886 10.547723108902572 423.03562951320782 5.7145551592111579 79.072858989238739 18.032474683597684 61.715146889910102 28.842720847576857 66.205871825106442 48.225378006696701 7.3801128193736067
leaf_count=69344 321 431 106 2 151 197 22 196 723 151 14 19 680 93 119 52 41 70 41 6 87 2330 60 139 328 300 204 549 106 11
internal_value=-4.9027e-05 -0.000816602 -0.0181526 -0.00454623 -0.0273229 -0.0473657 -0.0155527 0.010779 -0.105842 0.0238726 -0.0497381 0.0322386 0.0230815 0.0295643 0.0519983 -0.0483433 -0.100503 -0.0512462 -0.102015 -0.120276 -0.0246109 0.00983372 0.0402665 0.0480939 -0.000381495 0.0028263 -0.00270974 -0.037606 0.016158 -0.0939141
internal_weight=10846.5 10064.8 532.385 456.894 250.433 179.974 116.561 93.1415 63.4133 70.4591 25.9563 81.4228 206.461 198.363 70.9764 15.184 75.4906 38.3678 10.4464 23.4196 33.7244 781.713 146.308 140.593 61.5203 635.405 573.69 150.654 77.0681 73.586
internal_count=76893 72545 3201 2572 1693 1377 652 449 725 316 165 253 879 773 193 74 629 198 60 203 157 4348 848 788 649 3500 3200 870 310 560
is_linear=0
shrinkage=0.1


Tree=82
num_leaves=31
num_cat=0
split_feature=5 3 1 13 6 8 11 4 12 5 17 17 17 13 14 19 17 11 18 2 3 6 14 8 12 1 3 13 14 13
split_gain=8.15422 8.39062 29.5253 43.5088 38.5874 46.9775 40.3042 29.4623 24.7185 27.4983 44.0784 32.2834 28.761 26.6194 33.3237 24.9015 26.0082 24.1941 22.8492 27.6671 21.6482 20.8039 40.4399 36.2562 31.0851 37.8996 30.4384 27.3506 25.3589 25.7068
threshold=0.0034346893506613089 0.054601463913369772 0.21346798549359539 1.2415720820426943 1.5341164505927571e-10 1.640453114326491e-10 2.5673017045591e-09 2.2212801793292818e-11 0.12074419111013414 0.026532492262482554 0.092840021306818191 0.11951793323863637 0.069580078125000014 1.6786203384399416 0.0066211565863341102 4.0555276870727548 0.15232155539772732 1.1574166070005278e-09 0.69502781924198986 5.013204702216718e-10 0.14039449567348197 2.1481153127314021e-11 0.0038901631487533454 1.0580618723641042e-11 0.1504357308149338 0.17719562312612022 0.099919397522543099 1.1600819826126101 0.0063778799958527097 1.0716129541397097
decision_type=2 2 2 2 2 2 2 2 2 2 2 2 2 2 2 2 2 2 2 2 2 2 2 2 2 2 2 2 2 2
left_child=-1 -2 3 21 8 -6 17 -4 -5 15 12 13 -11 14 -12 -10 -17 -7 -9 -20 -21 27 -23 24 26 28 -24 -3 29 -26
right_child=1 2 7 4 5 6 -8 18 9 10 11 -13 -14 -15 -16 16 -18 -19 19 20 -22 22 23 -25 25 -27 -28 -29 -30 -31
leaf_value=-0.12042107005573395 0.0050026159707826801 -0.18566150140941531 -0.1135585150798336 0.046177014353711528 0.08814352298664381 0.05270180756832224 0.034782058282536395 0.00016690592009381688 -0.10623428728316364 0.039316126551603221 0.04314457448626427 -0.11813061550413072 -0.13208607844850911 0.19109692056816835 -0.12149598346433937 -0.11594066067642793 0.16123544520390556 -0.14500258718542125 0.055928499804918499 -0.1941820962293152 0.12398530480437933 -0.27813428439518267 0.044008539904344723 -0.089481691256374257 0.085891723074742188 -0.16491277282345387 -0.085997600432950461 0.063636124261419166 0.096348718522860449 -0.068565782911089293
leaf_weight=5.6245609369361764 2572.0587450208841 4.6656392039731136 22.548471373738721 21.883008397184312 46.198035165201873 7.6125589702278367 38.361443639732897 7179.6260079052299 142.58300235751085 12.0093976855278 62.282280966639519 17.817264466080815 52.967515489086509 9.1375614106655103 15.316981479525564 6.2108094939030689 7.441360741853714 33.118644808419049 121.07257710769773 8.0690863803029043 2.9096312597393981 5.3900695629417887 189.56684673577547 41.899603857658803 13.623100519180296 18.553646829910576 19.899697862565517 77.526536559220403 18.512157320976257 51.546031912323087
leaf_count=606 19696 64 1273 74 120 25 336 45521 4320 33 237 401 480 32 294 151 11 400 441 70 4 56 487 665 25 199 118 300 46 408
internal_value=-4.67134e-05 1.58585e-05 -0.00153915 -0.018486 -0.0395574 0.00802337 -0.0387748 0.000573072 -0.0567052 -0.0636162 -0.0357252 0.00447219 -0.100407 0.029657 0.0106469 -0.0938808 0.0351392 -0.108052 0.000925042 0.0421449 -0.10986 0.00410212 -0.00628837 -0.00214453 0.00959553 -0.0356071 0.0316577 0.0494847 -0.00693775 -0.0362776
internal_weight=10826 10820.4 8248.35 914.123 472.94 125.291 79.0926 7334.23 347.649 325.766 169.531 104.554 64.9769 86.7368 77.5993 156.235 13.6522 40.7312 7311.68 132.051 10.9787 441.183 358.991 353.601 311.701 102.235 209.467 82.1922 83.6813 65.1691
internal_count=76893 76287 56591 9282 6914 881 761 47309 6033 5959 1477 964 513 563 531 4482 162 425 46036 515 74 2368 2004 1948 1283 678 605 364 479 433
is_linear=0
shrinkage=0.1


Tree=83
num_leaves=31
num_cat=0
split_feature=1 13 3 11 13 6 19 3 5 15 15 9 11 18 17 7 8 5 14 6 3 14 18 19 8 14 15 4 14 8
split_gain=7.90344 22.1063 14.3584 23.2608 17.0241 14.5805 16.054 35.4949 18.073 19.8224 16.6272 15.5178 13.8955 10.9215 10.6804 63.7604 62.9732 55.747 40.1961 97.8143 48.19 59.9674 47.1763 45.711 45.6511 44.8277 77.8552 45.0328 42.4765 51.1714
threshold=0.63602091636986247 3.3759047985076909 0.066545051527314061 1.5065131364622178e-08 2.9279603958129887 2.4978805977870592e-11 0.46925133466720587 0.099358948781524806 0.018504851280554065 0.00010580760863376783 9.8058430012315525e-05 0.0019612561400730974 5.8528257795842373e-09 -0.082734305538575734 0.057683771306818191 0.010104649662959195 6.7017867843252643e-12 0.023900508396388128 0.0063778799958527097 2.5679626653422264e-11 0.13752775556359334 0.0061662164516747007 0.060898128283125443 0.10698496177792551 8.6046895047875847e-12 0.0058990248944610366 5.9776702983072034e-05 5.3468206353419381e-11 0.0048527116887271413 2.8232923681860859e-12
decision_type=2 2 2 2 2 2 2 2 2 2 2 2 2 2 2 2 2 2 2 2 2 2 2 2 2 2 2 2 2 2
left_child=1 14 3 4 -2 12 13 -8 9 10 -9 -10 -4 -7 15 18 17 -17 20 -20 23 -22 -23 24 25 27 -27 -1 29 -25
right_child=2 -3 5 -5 -6 6 7 8 11 -11 -12 -13 -14 -15 -16 16 -18 -19 19 -21 21 22 -24 28 -26 26 -28 -29 -30 -31
leaf_value=-0.012097663991975097 -0.013826641674265783 -0.099579322118219529 0.023918209734270328 0.051728505027234174 -0.21723384097819226 0.093972072214814989 0.047623802767258173 -0.26721185701357003 -0.17022831714132969 -0.38425914634996655 0.0391977162492897 0.024660712973546727 -0.14751720543514449 0.033568747981362522 0.0011731469336957157 -0.094657946978430843 -0.055477406415477097 0.025338937319894807 -0.11070055256447937 0.019733334629657828 -0.085820856278780153 -0.026706004560930433 0.33218540880104375 0.045563255938148389 -0.063625257346748842 -0.14069921956989248 0.059360034348890749 0.1096995645515277 0.06748096744660613 -0.079832037216228252
leaf_weight=51.827895334223285 7.4069801941514077 22.462741126306355 9.7766177728772181 12.979498770087956 9.2569799050688726 45.306649746373296 53.343005854636431 3.1701470958068985 5.7213564682751921 3.5732816224917769 4.0125899631530046 14.290006386116145 9.1555018834769708 88.220820694230497 8719.2786899879575 46.31307825865224 418.09282823768444 235.98885254561901 90.01990812830627 159.12146267015487 76.546565795550123 8.1798021011054498 6.6325138118118039 92.769089388428256 89.328843008261174 37.670780155807734 40.221853787079453 73.275722079910338 309.78093435475603 50.128866212209687
leaf_count=1128 38 190 64 42 81 103 149 37 85 38 14 74 127 356 56810 1787 3662 1228 689 563 2713 78 16 742 716 282 115 172 1346 3448
internal_value=-5.14952e-05 -0.000481793 0.016965 -0.0486425 -0.126821 0.025186 0.0325081 -0.00171229 -0.0872488 -0.191789 -0.0960381 -0.0310591 -0.0589873 0.0540639 -0.000269897 -0.00731526 -0.0308382 0.00565283 0.00786232 -0.0273951 0.018365 -0.0501814 0.133995 0.0267708 -0.00405347 0.0221612 -0.0373935 0.0592414 0.0466761 0.00157436
internal_weight=10793.9 10527.6 266.213 29.6435 16.664 236.57 217.638 84.1104 30.7674 10.756 7.18274 20.0114 18.9321 133.527 10505.2 1785.9 700.395 282.302 1085.5 249.141 836.363 91.3589 14.8123 745.004 292.325 202.996 77.8926 125.104 452.679 142.898
internal_count=76893 75685 1208 161 119 1047 856 397 248 89 51 159 191 459 75495 18685 6677 3015 12008 1252 10756 2807 94 7949 2413 1697 397 1300 5536 4190
is_linear=0
shrinkage=0.1


Tree=84
num_leaves=31
num_cat=0
split_feature=9 12 19 18 9 13 13 8 7 5 3 7 3 9 14 2 5 14 18 6 18 12 19 6 8 8 17 3 3 17
split_gain=7.87284 45.6467 41.7203 55.174 50.4229 40.728 35.482 37.068 51.697 39.6456 42.0793 41.5467 45.6447 34.4268 32.6508 36.5279 30.2814 43.5994 46.0647 34.1225 29.0901 27.54 26.6107 32.5313 26.5136 26.0486 23.4754 23.3775 29.0101 27.7959
threshold=0.0030127546940969621 0.12005241587758066 2.9251120090484624 -0.14408205707282332 0.0024612840896971527 1.683481812477112 1.1665939688682558 6.6193038919306343e-12 0.0087214491938394385 0.024547856653838861 0.037099963833138343 0.0068870139717096502 0.11078773647801289 0.0024196678894002634 0.0079699764028191584 2.3922237601703238e-10 0.038995573863268934 0.0064137196168303498 -0.060078056486831462 2.5904642164653387e-11 0.37280787770975049 0.11064909026026727 0.3454789817333222 2.6683610417556093e-11 1.0895439178844109e-12 8.6046895047875847e-12 0.031139026988636367 0.20529838521083135 0.10276791978012594 0.057106711647727279
decision_type=2 2 2 2 2 2 2 2 2 2 2 2 2 2 2 2 2 2 2 2 2 2 2 2 2 2 2 2 2 2
left_child=1 6 3 -3 5 22 24 9 16 11 -11 12 -8 -12 15 -10 17 20 19 -19 21 25 23 -5 -1 -9 -27 28 29 -6
right_child=-2 2 -4 4 27 -7 7 8 14 10 13 -13 -14 -15 -16 -17 -18 18 -20 -21 -22 -23 -24 -25 -26 26 -28 -29 -30 -31
leaf_value=0.021926706737915053 0.00097653355493488659 -0.2195834282838722 0.12335304060802062 -0.19084298103995245 0.023017414032493213 -0.19704251335205925 0.053468656304837263 0.054819467654610557 0.16509474646439201 -0.12971498435710216 0.037877751424236078 -0.043171875097189276 -0.10898033633518563 0.1503185490515824 0.081651351969721536 -0.12812163886125785 0.088915329341709509 -0.17748148783745571 -0.13518732161222466 0.066757502684820599 0.20515691773528633 -0.064546263212737806 -0.033996125422444325 0.10005127384878874 -0.12502753474270653 0.094112725531798849 -0.08598786313087077 0.1667424720642654 -0.17274095307376924 -0.13607172561048755
leaf_weight=18.254199154675007 9413.7795318868011 19.640132659231313 13.177231303416191 4.2038360137958071 22.673632999882102 9.040231657214461 124.34368218411691 101.32846540189348 4.5180019652470937 13.99412904307246 336.71604717010632 159.43008938152343 20.091146593214944 29.625894632190466 9.9950798973441106 71.258521843003109 33.777730453759432 7.224199289456009 48.209908491931856 27.47572335973382 7.7168687176890662 41.58472178503871 40.89155679079704 44.965920066926628 37.496635901392438 9.6146262353286129 29.271708337590098 3.1784881912171832 38.71915174042806 21.299138381960802
leaf_count=58 59319 204 25 83 85 86 1976 532 14 118 1328 5331 1373 59 17 1166 70 71 418 62 10 336 228 94 2625 47 276 9 426 447
internal_value=-4.75332e-05 -0.00719002 -0.0491151 -0.0602223 -0.0433015 0.00529922 0.000876608 0.00490636 -0.0196136 0.0189537 0.0404698 -0.00797705 0.0308717 0.0469708 -0.0882314 -0.110639 -0.000392912 -0.0114661 -0.0719495 0.0159092 0.0149942 0.00692236 0.02561 0.0751809 -0.0769111 0.0281184 -0.0414581 -0.0993907 -0.10962 -0.0540408
internal_weight=10763.5 1349.72 217.789 204.612 184.972 99.1015 1131.93 1076.18 391.976 684.201 380.336 303.865 144.435 366.342 85.7716 75.7765 306.204 272.426 82.9098 34.6999 189.516 181.8 90.0613 49.1698 55.7508 140.215 38.8863 85.8704 82.6919 43.9728
internal_count=76893 17574 1687 1662 1458 491 15887 13204 3019 10185 1505 8680 3349 1387 1197 1180 1822 1752 551 133 1201 1191 405 177 2683 855 323 967 958 532
is_linear=0
shrinkage=0.1


Tree=85
num_leaves=31
num_cat=0
split_feature=17 9 13 14 14 2 5 13 8 9 19 12 5 14 10 12 3 17 11 6 3 5 10 19 13 10 3 14 13 18
split_gain=8.33122 30.1324 68.1978 81.7309 55.609 80.1083 54.82 43.8361 50.1392 42.4358 42.0814 38.5234 37.4007 34.5927 65.3945 56.7383 48.3256 116.985 41.4034 42.8357 47.3124 42.149 38.2907 37.5402 37.9972 33.8372 36.4653 33.6876 33.6011 32.6924
threshold=0.089288884943181837 0.015423852160027273 1.4956414699554446 0.0068418870214372882 0.0056461757048964509 5.2397938684835793e-11 0.036034640251961646 1.3087356686592104 3.1837566840371191e-11 0.011745113491392766 0.8328554928302766 0.14535690099000934 0.0061767937113619076 0.0098418374545872229 1.9914709925651553 0.24816165864467624 0.11152369314323569 0.10553533380681819 2.9600237816396206e-09 1.3162521009942124e-10 0.065737799691883189 0.018585536810229727 2.4002609252929692 2.1135460138320927 2.1385283470153813 1.6137818694114687 0.10455161661389691 0.0092118987813591974 1.9016885757446291 0.27503336639016535
decision_type=2 2 2 2 2 2 2 2 2 2 2 2 2 2 2 2 2 2 2 2 2 2 2 2 2 2 2 2 2 2
left_child=-1 2 3 4 5 6 -2 -3 -9 11 -6 -4 -10 16 -15 -16 17 -14 19 20 23 -20 -22 29 -25 -11 -27 28 -18 -19
right_child=1 7 9 -5 10 -7 -8 8 12 25 -12 -13 13 14 15 -17 27 18 21 -21 22 -23 -24 24 -26 26 -28 -29 -30 -31
leaf_value=0.0029943960748069912 0.025943188996737816 -0.11130659904137741 -0.024179621227747986 -0.1182929085721946 0.04930129158034896 -0.10201302085301395 -0.11755991642324004 0.045102112701373868 -0.076329080906209171 0.026150545069438865 -0.037918948496449771 -0.13183403230614057 -0.10172216722188086 -0.15099149040997217 -0.05883700030451558 -0.00019210261264081743 -0.13681132678683539 -0.042023738863309915 0.082431523244570926 0.11309413368492532 -0.093828400180641008 -0.13824350195130294 0.15311062787690308 0.040114566054199746 -0.22087374643276286 -0.11737062929687947 0.11797538627993252 0.14081075817088398 0.1631557123242113 0.046152441688220885
leaf_weight=4894.7886530546239 207.8944246704923 34.673995338380337 49.499768157606013 56.555883883032948 302.07469755643979 92.631396998651326 30.529789642198011 250.35682100662962 64.744689642451704 72.915399003773928 67.717106982134283 101.19276735419407 83.627558154519647 30.17248640069738 173.68185072764754 3290.4939617961645 10.110400221310558 153.3739618207328 144.52846269309521 39.160182691179216 66.087549258489162 9.2066335417330247 6.9386072270572177 335.77797254920006 5.6726319082081309 42.202287720516324 7.8005301300436249 49.403257813304663 5.9212992787361136 57.929335093125701
leaf_count=34765 3373 1485 686 1610 1576 1722 1432 1276 902 377 596 1451 1165 372 1238 16750 122 1557 406 160 1347 101 33 1335 50 610 33 126 14 223
internal_value=-4.89108e-05 -0.0025984 -0.0181125 -0.00265445 0.00667716 -0.0230935 0.00756788 0.000725741 0.0015389 -0.0609033 0.0333293 -0.0964715 -0.000870369 0.000224534 -0.00440907 -0.00313236 0.0169557 0.0109379 0.0224461 0.0116329 0.0052836 0.0692161 -0.0703654 0.0152778 0.0357787 -0.0172982 -0.0806562 0.0999372 -0.0260187 -0.01785
internal_weight=10737.7 5842.88 1031.01 757.403 700.847 331.056 238.424 4811.86 4777.19 273.611 369.792 150.693 4526.83 4462.09 3494.35 3464.18 967.738 902.303 818.675 664.94 625.78 153.735 73.0262 552.754 341.451 122.918 50.0028 65.435 16.0317 211.303
internal_count=76893 42128 13466 10309 8699 6527 4805 28662 27177 3157 2172 2137 25901 24999 18360 17988 6639 6377 5212 4705 4545 507 1380 3165 1385 1020 643 262 136 1780
is_linear=0
shrinkage=0.1


Tree=86
num_leaves=31
num_cat=0
split_feature=5 7 14 8 14 12 3 11 10 13 12 1 17 13 13 12 13 4 6 18 3 9 3 5 18 5 14 10 10 15
split_gain=7.84666 31.3191 21.0703 29.2302 37.0154 26.9538 24.1114 24.2527 37.2407 23.4105 23.1528 21.8412 20.5137 20.2319 19.272 18.9596 18.5878 24.1025 17.9427 17.1378 17.1367 70.4697 49.5891 31.7354 35.6126 35.2043 24.4601 21.2415 25.0353 20.253
threshold=0.0081939935404432614 0.041425904676966441 0.0050682381261140117 3.4967909572748404e-11 0.0067080564331263312 0.20480744540691379 0.091583067270048127 2.7694601056893479e-09 1.559705436229706 2.5438483953475957 0.08762825652956964 0.56201616897641571 0.14078036221590912 2.0261931419372563 3.6787968873977666 0.29402168095111852 1.9379520416259768 2.2212801793292818e-11 8.011709359504734e-11 0.49606861927631235 0.027930392123708698 0.0072553144446581156 0.017005707260386322 0.015879780960391495 0.46940981566678441 0.036034640251961646 0.0037396028637886052 1.0604046583175661 1.6457170844078066 1.9604074623202908e-05
decision_type=2 2 2 2 2 2 2 2 2 2 2 2 2 2 2 2 2 2 2 2 2 2 2 2 2 2 2 2 2 2
left_child=1 2 10 5 11 16 7 8 -6 12 -1 -5 -9 -14 -11 -7 19 -18 -10 -4 21 22 26 27 25 -25 -2 -23 -29 -24
right_child=20 -3 3 4 6 15 -8 9 18 14 -12 -13 13 -15 -16 -17 17 -19 -20 -21 -22 23 29 24 -26 -27 -28 28 -30 -31
leaf_value=0.03829654822621386 0.055119098240068991 -0.13295314024813418 0.072387315801127589 -0.15379418280308865 0.0093635541436587807 -0.18322703536620752 -0.27594732350181206 0.11399096007124537 -0.18004310902980317 -0.13132720710226881 -0.11667791696340779 0.12697599749058827 0.092283703075643764 -0.21392714697392995 0.058441132087351022 0.1143649580438811 -0.14790396220479804 0.030752547613961113 0.077299097973533043 -0.0024107968696232217 -0.00043747539263056748 -0.18307949659084366 -0.04534479922311295 0.093574215454399812 -0.17305772893347501 -0.12812279620378797 -0.11924680672095139 0.044018549373841968 -0.042859050215865419 -0.13896010634357428
leaf_weight=13.69133026152849 58.338756713084877 20.794223321601748 109.21424823801499 28.743744238279763 46.620921852067113 9.5298060066997987 3.2633593641221514 37.473473826423287 20.166833724826578 11.66653176676482 32.579812992014922 3.0661545991897574 4.4268549457192403 4.2094841822981834 9.8866148516535759 2.7611407451331607 11.540900487452744 21.84432755690068 3.1298378054052582 42.572380680590868 9742.20477858698 5.2938827453181139 62.497729325667024 156.85135390795767 5.5968542424961916 7.5054276338778427 9.3321133696008456 121.87387722544372 45.572415174916387 36.668650819221511
leaf_count=1137 345 437 447 431 273 93 32 98 176 107 1701 2 7 38 42 5 139 95 10 184 67054 60 1876 455 70 176 266 313 302 522
internal_value=-6.19631e-05 -0.0131822 -0.00720093 0.000752825 -0.0293011 0.0270308 -0.00729638 -0.00092408 -0.0422273 0.0417554 -0.070822 -0.126731 0.0819704 -0.0569682 -0.0442788 -0.116373 0.0365494 -0.031007 -0.14547 0.0514083 0.000497547 0.0183751 -0.0349243 0.0443234 0.0750031 0.0834503 0.0310733 0.0141387 0.0203738 -0.0799608
internal_weight=10688.9 437.182 416.388 370.117 172.654 197.463 140.844 137.581 69.9176 67.663 46.2711 31.8099 46.1098 8.63634 21.5531 12.2909 185.172 33.3852 23.2967 151.787 10251.7 509.531 166.837 342.694 169.954 164.357 67.6709 172.74 167.446 99.1664
internal_count=76893 5454 5017 2179 1216 963 783 751 459 292 2838 433 143 45 149 98 865 234 186 631 71439 4385 3009 1376 701 631 611 675 615 2398
is_linear=0
shrinkage=0.1


Tree=87
num_leaves=31
num_cat=0
split_feature=5 6 11 8 1 13 1 6 3 5 5 5 9 1 7 17 8 0 0 3 7 17 13 15 18 19 2 5 2 3
split_gain=7.85175 17.1115 11.3381 10.7042 12.9837 15.2171 30.0915 12.5575 37.2287 45.0816 38.3217 30.9629 29.6576 21.2979 20.8217 22.9335 19.9594 20.3427 27.9164 24.1341 23.2767 19.3106 18.7932 33.8593 31.2277 28.5617 20.9511 20.322 18.4928 15.797
threshold=0.1146381981514759 3.4735525449794387e-09 8.8252399832455818e-10 2.0579723667029268e-09 0.43131903076286021 2.204458594322205 0.32770492885586977 9.2953711178996045e-10 0.098244094843265586 0.051185583789264542 0.021444586744629807 0.01908915341575446 0.096421494343720118 0.46270764710911377 0.1088363459172854 0.080277876420454572 7.1168999127732269e-10 2.9580052179380149e-09 3.2854540480232634e-09 0.064926357878617474 0.14467696364160695 0.18281693892045456 1.9845585227012636 6.1614773585461094e-05 -0.047384313900362351 2.3781840801239018 1.1051419534079754e-09 0.040821970898790319 6.5374501783443701e-10 0.15577845997922959
decision_type=2 2 2 2 2 2 2 2 2 2 2 2 2 2 2 2 2 2 2 2 2 2 2 2 2 2 2 2 2 2
left_child=1 3 -2 7 5 6 -5 -1 10 11 -9 -10 -12 21 15 -15 -14 22 -19 -20 28 -13 23 -18 -25 -24 -26 -27 -21 -11
right_child=2 -3 -4 4 -6 -7 -8 8 9 29 12 13 16 14 -16 -17 17 18 19 20 -22 -23 25 24 26 27 -28 -29 -30 -31
leaf_value=0.00027670367977902034 -0.15453369912838233 -0.16659525255024346 0.061936512356903312 0.048693219294780758 -0.11674602284998997 0.098789376449017086 -0.17847018706181031 -0.11267731832608351 0.070619460824955169 -0.050807899606696516 -0.14228280894917117 -0.19984559868640503 -0.16535930107581176 0.021317192187409403 0.10129795780674976 -0.29074430559785369 0.10116299169447358 -0.19747850308242854 0.088594789326450762 -0.18927998923446224 -0.22647531864817447 0.030360790917038812 0.089878705614830398 0.062097087746360004 -0.15582471816139459 -0.16599824859783735 0.15647209461943598 0.094372266451599754 0.016834597182863013 0.085686056897359364
leaf_weight=10168.735064600827 2.6069149505347005 6.1780147012323132 33.673141979146749 30.668275192379951 5.0946004269644609 32.483745295554399 7.2004287960007778 26.980910043232143 7.6904299240559331 15.650554139167069 11.76731959544122 39.487249014899135 5.6531735695898524 4.6847660355269891 6.1248484253883353 4.7354805879294872 21.131585616618395 7.8574574999511233 21.482464193366468 5.0549854412674895 5.8639155514538279 4.0142859667539588 90.557022608816624 14.060568720102305 21.893297012895353 8.0836827866733056 2.3819019794464102 4.7644491568207732 31.343838406726718 18.504190216772258
leaf_count=74031 30 165 272 98 87 55 109 272 26 70 95 352 55 18 9 43 79 67 73 45 54 13 180 54 222 72 1 7 155 84
internal_value=-5.98737e-05 -0.000218377 0.046382 -0.000121626 0.037411 0.0485743 0.00549993 -0.000390074 -0.0182438 -0.0702982 0.000588395 -0.118119 0.0127205 -0.142701 -0.0422328 -0.135554 0.0203163 0.0247929 -0.0196309 0.00229124 -0.0415775 -0.178602 0.0443227 -0.000470188 -0.0564928 0.0700826 -0.125182 -0.0694455 -0.0117901 0.0231411
internal_weight=10666.4 10630.1 36.2801 10624 75.447 70.3524 37.8687 10548.5 379.768 100.892 278.877 66.7371 251.896 59.0466 15.5451 9.42025 240.128 234.475 71.6027 63.7452 42.2627 43.5015 162.873 59.4674 38.3358 103.405 24.2752 12.8481 36.3988 34.1547
internal_count=76893 76591 302 76426 349 262 207 76077 2046 615 1431 461 1159 435 70 61 1064 1009 394 327 254 365 615 356 277 259 223 79 200 154
is_linear=0
shrinkage=0.1


Tree=88
num_leaves=31
num_cat=0
split_feature=18 7 12 1 19 7 12 17 8 17 19 11 2 10 12 6 5 2 14 2 13 19 7 0 7 1 4 19 13 12
split_gain=7.62216 25.8261 22.9521 21.0492 24.4831 17.0398 18.8738 25.0741 23.8561 19.3628 15.4431 20.6726 15.3264 15.173 14.2825 14.2762 14.4206 13.5711 19.5777 12.9948 15.5166 12.1744 20.9572 26.7572 22.0748 22.0307 21.408 27.2913 32.6143 20.5084
threshold=-0.20664534806697202 0.1088363459172854 0.28951109945774084 0.287105220485804 0.69475924968719494 0.01216860379893255 0.17104279994964602 0.14317737926136367 5.6100156028207302e-12 0.14734996448863638 0.27337734401226049 6.7541729986686513e-09 2.711861714808507e-10 3.2549966573715214 0.2035820931196213 2.9118222315059052e-10 0.010820446841444457 2.9501433968165028e-10 0.011839253827929498 1.5343374861165519e-10 1.1727873086929324 0.66014301776885997 0.053026927872093392 2.2846849929602061e-09 0.0097278015529653223 0.59243488890440366 1.0416429141071316e-10 2.3781840801239018 2.3247948884963994 0.26284496486186987
decision_type=2 2 2 2 2 2 2 2 2 2 2 2 2 2 2 2 2 2 2 2 2 2 2 2 2 2 2 2 2 2
left_child=1 3 -3 4 19 -6 8 -8 -7 -9 12 21 -5 -13 -11 16 -16 -14 -19 -1 -21 -12 23 24 -23 -25 27 28 -26 -24
right_child=-2 2 -4 10 5 6 7 9 -10 14 11 13 17 -15 15 -17 -18 18 -20 20 -22 22 29 25 26 -27 -28 -29 -30 -31
leaf_value=0.060076817230722071 -0.00077016845294818027 0.08308498237625507 -0.13915362112379512 -0.19525140688684242 -0.11087542892633573 -0.17390415903944845 -0.11249837149443319 0.13820656945865295 0.031598611991903176 0.071055591203748741 0.073178519005107981 -0.078120461822187182 0.097616953100697457 0.053524775462278032 -0.0090258779045280287 0.13768131091698635 -0.18741866023739551 -0.18571576607390147 0.10556272253213253 0.051195473802686908 -0.22456426316456901 0.084664291302442657 0.11710005378832276 -0.14786907955548981 -0.11567413569994907 0.059496786897756719 0.050171794299699257 0.049528557597219303 0.084364859512403828 0.024026273985007195
leaf_weight=56.127926263958216 9943.1868617067812 6.0480976179242161 20.061962680891156 5.705653179902586 22.284125588834286 6.1098002395592621 36.777810257161036 8.3038681582547706 74.884526657871902 9.0244143530726451 79.029773008078337 27.882755119353533 7.2855404727160957 12.762491209432481 7.9743286389857593 2.6529306694865218 10.495148118585346 6.4580697892233712 3.5903892666101456 4.4764065258204919 3.7497456194832921 45.518894606269896 44.789435047656298 17.361525853164498 39.539586424361914 7.268173571676015 57.856829972937703 27.598673482425511 10.266690179705618 50.217699017375708
leaf_count=234 72928 17 240 70 318 84 445 26 308 20 268 200 12 47 41 3 111 74 10 15 44 230 99 161 377 21 160 122 30 178
internal_value=-5.44122e-05 0.00993978 -0.0876746 0.0136552 -0.0100065 -0.0290706 -0.0174017 -0.0534673 0.0160965 0.00299556 0.0266231 0.0309949 -0.053091 -0.0367842 -0.034248 -0.0792383 -0.110396 -0.00629756 -0.0816398 0.0428737 -0.0745047 0.0382552 0.0290681 0.0111054 0.0244272 -0.0866758 0.00415597 -0.0302389 -0.0744396 0.0679043
internal_weight=10655.3 712.103 26.1101 685.993 242.861 178.507 156.223 75.2285 80.9943 38.4507 443.132 420.093 23.0397 40.6452 30.1468 21.1224 18.4695 17.334 10.0485 64.3541 8.22615 379.447 300.418 205.41 180.781 24.6297 135.262 77.405 49.8063 95.0071
internal_count=76893 3965 257 3708 1649 1356 1038 646 392 201 2059 1893 166 247 175 155 152 96 84 293 59 1646 1378 1101 919 182 689 529 407 277
is_linear=0
shrinkage=0.1


Tree=89
num_leaves=31
num_cat=0
split_feature=19 7 6 8 2 4 6 10 19 12 6 3 2 11 9 4 3 3 11 15 19 14 7 13 19 9 2 1 7 1
split_gain=7.51977 13.1408 31.3682 19.5371 15.5459 13.8025 13.0202 18.0208 9.64113 34.0424 57.6476 26.317 22.9114 21.6221 19.9165 17.9736 23.7038 16.6029 14.3806 22.9293 20.2255 32.4729 32.7088 25.8549 22.6344 21.0508 30.6072 26.4748 18.7345 24.1817
threshold=-0.17949859797954557 0.0081037895903392568 1.6097358901291399e-11 8.6046895047875847e-12 2.4389358476660191e-10 1.9197896799241242e-10 3.0257497246493965e-11 2.0730161666870122 -0.047940844669938081 0.10826731473207475 6.992582690518711e-11 0.095064708127083883 5.5624340682362079e-10 1.6196767815834791e-09 0.0030127546940969621 1.0051204958399716e-10 0.09351727563562727 0.049044201130652935 1.1723743309488556e-08 9.0396675659576444e-05 0.27337734401226049 0.01411708351224661 0.01515590977043312 3.1778599023818974 0.62911751866340648 0.019559477083117741 8.961897266450573e-10 0.2712828807211623 0.0048196255551848661 0.54719319253958643
decision_type=2 2 2 2 2 2 2 2 2 2 2 2 2 2 2 2 2 2 2 2 2 2 2 2 2 2 2 2 2 2
left_child=1 2 3 4 -1 6 7 -4 9 -2 11 14 13 -12 -11 16 17 -16 28 -20 -21 22 23 -22 -24 -23 -27 -28 -10 -30
right_child=8 -3 5 -5 -6 -7 -8 -9 18 10 12 -13 -14 -15 15 -17 -18 -19 19 20 21 25 24 -25 -26 26 27 -29 29 -31
leaf_value=-0.0023090064375271848 0.037674725047744148 0.062131038160482259 0.020449659570698359 -0.11145992440484342 0.15130606392202739 0.12526895216104914 0.078135542931878244 -0.19440232665991108 -0.048622586930349335 -0.17329343993684782 0.055838455020524341 -0.1483662419035221 0.091089881926904717 -0.17452976334577372 -0.00060493925983689015 0.057695892886462735 0.1116573930694132 -0.16092230666777949 -0.19320143492505984 0.049821819097342818 -0.26275926052960136 0.10004597578151464 -0.58753679700750838 0.03904361174179613 -0.1845520209537804 0.023631724894265918 0.063074761836447918 -0.071449124797113003 -0.00012150105604773996 0.020223029734830516
leaf_weight=10.680707403225826 68.907661362318322 52.622802851721644 5.2140598534606495 5.6520305685698977 17.19217840465717 2.7398192286491385 3.138238586485385 15.535765260457991 76.184316831640899 10.435418942128306 8.5536945750936884 43.130939708091319 32.766454188153148 7.7801160700619212 10.033953418373132 18.391804477199912 6.2354379352182141 18.13545807916671 7.5557422861456862 39.550550555810332 3.5932466275990036 15.224473942071198 1.546208519488572 13.514726545661686 14.137317286804317 87.789469566196203 16.905940751545131 108.65438176831231 9298.8946713509504 623.40705021540634
leaf_count=80 693 226 25 62 69 5 7 148 1623 104 31 477 91 75 105 47 12 231 82 195 50 87 23 48 147 326 223 799 67992 2810
internal_value=-5.00303e-05 0.0256351 -0.00629226 0.0580656 0.0924418 -0.0873198 -0.111702 -0.140414 -0.000325082 -0.0208322 -0.0467648 -0.0881384 0.0428604 -0.0538905 -0.0470567 -0.0221057 -0.0647652 -0.103817 0.000121335 -0.0211445 -0.0168243 -0.0269093 -0.119971 -0.0243451 -0.224282 -0.0135586 -0.0216654 -0.0533363 0.000777425 0.00115672
internal_weight=10644.1 112.776 60.1528 33.5249 27.8729 26.6279 23.8881 20.7498 10531.3 224.371 155.463 106.363 49.1003 16.3338 63.2321 52.7967 34.4048 28.1694 10307 308.472 300.916 261.366 32.7915 17.108 15.6835 228.574 213.35 125.56 9998.49 9922.3
internal_count=76893 622 396 211 149 185 180 173 76271 1866 1173 976 197 106 499 395 348 336 74405 1980 1898 1703 268 98 170 1435 1348 1022 72425 70802
is_linear=0
shrinkage=0.1


Tree=90
num_leaves=31
num_cat=0
split_feature=9 12 19 18 9 13 13 8 7 13 5 1 14 2 8 9 9 5 14 2 18 8 8 18 7 10 18 18 3 6
split_gain=7.1949 36.3268 33.4006 44.3743 42.2294 33.3962 30.0519 31.1366 44.8872 32.4277 42.8951 41.9519 27.5916 31.5127 25.6426 25.88 25.0109 24.773 36.2171 39.0784 30.258 24.134 23.7768 23.42 23.2679 27.1465 33.092 37.5285 31.5708 32.5694
threshold=0.0030127546940969621 0.12005241587758066 2.9251120090484624 -0.14408205707282332 0.0024612840896971527 1.683481812477112 1.1665939688682558 6.6193038919306343e-12 0.0087214491938394385 1.4330561161041262 0.018426309918045471 0.44841224083551195 0.0079699764028191584 2.3922237601703238e-10 3.5158278696708755e-12 0.002641287644309894 0.002095550509303335 0.038995573863268934 0.0064137196168303498 5.0754401374662283e-10 -0.033888732210140333 1.0895439178844109e-12 3.3598184656339673e-12 0.37280787770975049 0.015895558583790458 1.9535955190658572 -0.19312183548357673 0.22267587882974613 0.037099963833138343 9.8702332294987093e-12
decision_type=2 2 2 2 2 2 2 2 2 2 2 2 2 2 2 2 2 2 2 2 2 2 2 2 2 2 2 2 2 2
left_child=1 6 3 -3 5 16 21 9 17 11 -11 24 13 -10 -12 -16 22 18 23 -20 -21 -1 -5 -9 25 28 -27 -28 29 -8
right_child=-2 2 -4 4 -6 -7 7 8 12 10 14 -13 -14 -15 15 -17 -18 -19 19 20 -22 -23 -24 -25 -26 26 27 -29 -30 -31
leaf_value=0.020109068256744137 0.00093603080595324394 -0.19957112367638785 0.1124639538586199 0.019557075485201383 -0.091896735473446678 -0.18150028486455758 0.017239945596753251 0.0056230723639613877 0.15318779527158832 -0.047519416275137505 0.15626395243877492 -0.11189786012756908 0.0757943327368093 -0.12347388709829279 0.040617843417284347 0.19364277814738967 0.061955407394374919 0.080804235609864855 -0.15293173350674757 0.054684396131781249 -0.10740356605289665 -0.12312543024427967 -0.1609657484460513 0.18335097708676495 0.05640013366528715 0.057968312070494549 -0.084992973866351545 0.19179114297414548 0.059587696338664592 -0.11349889776720404
leaf_weight=17.941459707915783 9312.6499200803228 19.140932804672047 12.699587387964128 19.116364871035334 83.06903498491738 8.7391722020693106 62.172305509448051 178.5406560190022 4.3875735588371745 41.928257136838511 25.957764491438866 31.152287982869893 9.4092274308204633 66.778763931710273 176.0128150107339 11.792410205118356 58.202967662014998 32.907808020710945 32.048822589218616 28.725400660187006 19.224939090199769 34.161734382039867 11.799537461251019 7.7356225233525029 80.948374137980863 26.158284928649664 87.182983853155747 5.1903195730410507 96.521225433098152 27.475323303136975
leaf_count=58 59319 204 25 71 967 86 1412 1191 14 2083 113 1414 17 1166 957 26 246 70 288 85 178 2625 88 10 283 167 2309 49 1003 369
internal_value=-4.23927e-05 -0.00696029 -0.044796 -0.0547783 -0.0394601 0.00505186 0.000329231 0.00399998 -0.0188911 0.0169266 0.0449629 -0.000272556 -0.0851393 -0.106417 0.0631028 0.0502264 0.0233455 -0.00104921 -0.0111651 -0.0674417 -0.0103022 -0.0738034 -0.0493423 0.0130037 0.00874441 -0.00391606 -0.0413234 -0.0694409 0.0199008 -0.0228291
internal_weight=10629.8 1317.12 212.768 200.068 180.927 97.858 1104.35 1052.25 379.759 672.492 255.691 416.801 80.5756 71.1663 213.763 187.805 89.1189 299.183 266.275 79.9992 47.9503 52.1032 30.9159 186.276 385.649 304.7 118.532 92.3733 186.169 89.6476
internal_count=76893 17574 1687 1662 1458 491 15887 13204 3019 10185 3179 7006 1197 1180 1096 983 405 1822 1752 551 263 2683 159 1201 5592 5309 2525 2358 2784 1781
is_linear=0
shrinkage=0.1


Tree=91
num_leaves=31
num_cat=0
split_feature=1 13 14 8 18 12 5 18 5 19 7 9 4 6 2 12 3 18 8 13 1 2 19 17 19 3 2 11 19 3
split_gain=7.24736 20.585 13.081 23.0578 28.0476 23.9392 24.4365 15.3382 17.7869 23.1296 26.126 14.6025 14.1525 22.96 12.508 12.2087 18.7607 18.6516 13.0385 11.6384 42.1393 23.7442 43.4061 22.9571 18.8396 21.7004 45.3499 15.5982 27.6264 28.8643
threshold=0.62244506757633966 3.3759047985076909 0.011398653965443374 4.5235802561625124e-11 0.4331688298155893 0.11874287948012353 0.027067762094389391 -0.0987315609447912 0.0081939935404432614 0.31870031356811529 0.0051509106851702234 0.012738696238875679 6.6860230358092606e-11 1.0245451639819503e-10 8.961897266450573e-10 0.14891760051250461 0.075869664766273492 -0.0069112829481706604 9.2048150955881838e-11 2.8460657596588139 0.46270764710911377 6.905877165002324e-10 0.54168489575386058 0.13154740767045456 0.65250736474990856 0.11221163657870155 1.1051419534079754e-09 1.2545383398787637e-08 2.0281724929809575 0.069356421370741564
decision_type=2 2 2 2 2 2 2 2 2 2 2 2 2 2 2 2 2 2 2 2 2 2 2 2 2 2 2 2 2 2
left_child=1 19 3 5 14 6 7 -2 -9 10 -10 -4 13 -13 15 17 -17 -5 -19 -1 -21 22 -22 -24 25 -23 -27 -26 29 -29
right_child=2 -3 11 4 -6 -7 -8 8 9 -11 -12 12 -14 -15 -16 16 -18 18 -20 20 21 24 23 -25 27 26 -28 28 -30 -31
leaf_value=0.00015414857469851499 0.060175123760558807 -0.11187020012267992 0.093195004793647354 0.052333560436500254 0.12904359926428147 0.098823540326022474 -0.20631790580473972 0.054163984945521437 -0.13783635381686909 -0.1632020734068472 0.053906770063373854 0.061134025425884211 0.02924861084917095 -0.27806620641084812 -0.2523586138386455 -0.038093455742314132 -0.39523721181376792 -0.29685447412008875 -0.0031174586028740649 -0.17986111565442084 0.060830218207575441 0.081236455623152348 -0.15658254273044858 0.075620333551796037 0.058968177480797572 -0.41539946166978131 -0.039194371414447794 0.072698594822334289 0.052425489061954413 -0.27237468772200696
leaf_weight=10085.956131388899 33.168226839974523 16.56859761942178 35.177475694566965 9.0938136801123637 5.3593409061431876 26.781831085681915 5.8135589240118852 20.650925994617864 10.671115200500937 14.291842534672467 21.270978448912501 3.9749359637498847 99.280095085501671 4.0073402300477028 5.7427428774535647 3.0879887640476218 2.8085795678198338 3.5746067967265871 2.6178406476974487 16.012385848909616 18.465248955413699 7.9525370672345188 32.726052071899176 4.8945541083812705 70.647088039666414 3.9975871704518822 16.14610218256712 3.6822746917605418 16.093659568578005 7.0939482524991035
leaf_count=74272 114 165 165 24 3 39 72 103 146 234 59 8 363 36 51 17 29 37 10 185 47 12 290 12 149 43 78 7 56 67
internal_value=-4.47673e-05 -0.000496301 0.0150864 -0.0040848 -0.0798737 0.0143612 -0.00700578 0.0045752 -0.0229968 -0.0574616 -0.0101502 0.037285 0.0189489 -0.109155 -0.121457 -0.0859694 -0.208204 -0.0388183 -0.172678 -0.000316861 -0.0243447 -0.0106397 -0.0647392 -0.126372 0.0135156 -0.0586341 -0.113854 0.0343031 -0.0305471 -0.154462
internal_weight=10607.6 10300.2 307.373 164.933 32.2849 132.648 105.867 100.053 66.8849 46.2339 31.9421 142.44 107.262 7.98228 26.9256 21.1828 5.89657 15.2863 6.19245 10283.7 197.711 181.699 56.0859 37.6206 125.613 28.0962 20.1437 97.517 26.8699 10.7762
internal_count=76893 75383 1510 938 171 767 728 656 542 439 205 572 407 44 168 117 46 71 47 75218 946 761 349 302 412 133 121 279 130 74
is_linear=0
shrinkage=0.1


Tree=92
num_leaves=31
num_cat=0
split_feature=10 6 10 4 5 7 0 13 19 9 17 10 11 13 14 4 17 13 9 18 14 13 8 17 17 13 8 18 14 12
split_gain=7.02558 52.0291 55.343 36.9148 40.1995 38.0198 47.4484 37.9535 34.0736 32.9467 30.9131 30.8267 35.5178 33.2603 48.8726 32.0292 31.1963 29.209 27.6717 32.7042 31.9389 31.8011 27.6369 27.3813 25.6935 30.1773 27.7948 23.1621 23.1474 22.2994
threshold=2.9513493776321416 3.0145549761914804e-10 2.8317151069641118 8.1691120901456693e-11 0.019254768411609929 0.089360762092650925 7.1062944703667466e-10 1.5942393541336062 1.0000000180025095e-35 0.092657924792830873 0.16710316051136367 2.9989833831787114 2.4055651914878244e-09 1.6032711863517763 0.019255137071013454 7.3318932101132177e-11 0.14149058948863638 1.6279016733169558 0.077031621384241189 0.18422216024588459 0.017000209540128711 1.4471710324287417 3.1648120025703577e-10 0.17180841619318185 0.1109952059659091 1.9766702651977541 2.7212019336000042e-10 -0.24341561226174233 0.01464963471516967 0.26696293056011206
decision_type=2 2 2 2 2 2 2 2 2 2 2 2 2 2 2 2 2 2 2 2 2 2 2 2 2 2 2 2 2 2
left_child=1 18 8 5 -5 -4 10 -8 -3 27 -7 15 23 14 -14 16 -2 -15 28 20 21 -20 -9 -13 25 -17 -27 -6 -1 -19
right_child=11 2 3 4 9 6 7 22 -10 -11 -12 12 13 17 -16 24 -18 29 19 -21 -22 -23 -24 -25 -26 26 -28 -29 -30 -31
leaf_value=-4.0349017360940393e-05 -0.1422543889512998 0.056860546899368661 -0.1027214677590423 0.040241413953397233 0.054742530193358133 -0.10235068285122367 0.25533349776413983 0.097783938088926256 -0.10865417605164676 0.14600120747884857 0.12350512276014776 -0.11015770706622999 0.11035185820860759 -0.16460364680593792 -0.082741093257341025 -0.1381768664512707 0.036006784709443518 0.041269944363182653 0.049809691258013926 -0.15373102466836511 0.071604965138780896 -0.12765669531621815 -0.13527834324134788 0.025674856551334863 0.086164983646714224 0.076463622127550923 -0.037635608918880355 -0.11848078588962691 0.031439563091779026 -0.0012396794692767915
leaf_weight=7499.465137581341 18.010575618594885 13.936154078692196 17.101269878447056 37.560025479644537 8.638472877442835 22.309520748443905 14.129315115511416 39.032976143062115 115.68535600695759 5.8334100842475882 8.320176422595976 49.062025934457779 59.646785706281662 10.631644630804656 16.799791350960732 11.176875717937945 21.580271871760488 132.20581544283777 15.09543838445097 24.199976477771997 25.078044699504972 30.496877528727055 5.8506216071546069 21.276058503426611 111.35919809341431 59.806524749845266 33.202913731336594 72.52640138939023 241.08852650970221 1852.872606950812
leaf_count=61936 208 74 152 111 33 253 18 111 1154 10 10 487 115 105 322 74 83 416 94 271 80 348 66 109 275 115 151 528 772 8412
internal_value=-3.49411e-05 -0.00142775 -0.0385502 -0.00923638 -0.0462188 0.0339181 0.059985 0.1124 -0.090859 -0.0835466 -0.0409998 0.00472641 0.000813515 0.00318569 0.067918 0.0375848 -0.0450874 0.00070609 0.00028222 -0.0533972 -0.0190394 -0.0688983 0.067404 -0.0690707 0.0527698 0.0170754 0.035732 -0.100044 0.000940129 0.00159145
internal_weight=10594 8196.35 360.924 231.302 124.558 106.744 89.6426 59.0129 129.622 86.9983 30.6297 2397.63 2142.49 2072.16 76.4466 255.136 39.5908 1995.71 7835.42 94.8703 70.6704 45.5923 44.8836 70.3381 215.546 104.186 93.0094 81.1649 7740.55 1985.08
internal_count=76893 66021 2520 1292 682 610 458 195 1228 571 263 10872 9966 9370 437 906 291 8933 63501 793 522 442 177 596 615 340 266 561 62708 8828
is_linear=0
shrinkage=0.1


Tree=93
num_leaves=31
num_cat=0
split_feature=5 7 8 8 14 12 12 9 18 3 11 10 13 17 13 15 12 3 9 4 15 17 14 8 4 10 17 18 2 0
split_gain=6.96529 27.814 19.5042 26.1902 33.8094 24.0173 21.6821 18.2178 17.0018 16.6261 20.1534 34.6877 19.0599 19.4407 17.2617 16.859 16.2381 15.2592 51.8569 48.021 40.1453 39.8781 32.0128 40.574 26.4162 23.955 37.6893 32.9907 23.2457 34.0687
threshold=0.0081939935404432614 0.041425904676966441 2.2024839854036334e-11 3.4967909572748404e-11 0.0067080564331263312 0.093365423381328597 0.20480744540691379 0.013107324536121267 0.49606861927631235 0.091583067270048127 2.9048196070746717e-09 1.559705436229706 2.5438483953475957 0.13736239346590912 1.4826680421829226 4.1035582398762933e-05 0.29402168095111852 0.029305635046125818 0.0072553144446581156 3.0425275919011327e-11 1.9604074623202908e-05 0.11192737926136366 0.0047884294763207444 1.624389553425079e-11 2.1298681471083965e-11 1.7226678729057314 0.17180841619318185 0.086348126388408927 3.7616634002777463e-11 1.5201212284276689e-10
decision_type=2 2 2 2 2 2 2 2 2 2 2 2 2 2 2 2 2 2 2 2 2 2 2 2 2 2 2 2 2 2
left_child=1 2 5 6 7 -1 8 -5 -4 10 11 14 13 -12 -6 -15 -8 18 19 20 21 -2 24 -24 -20 -25 -27 -28 -19 -30
right_child=17 -3 3 4 9 -7 16 -9 -10 -11 12 -13 -14 15 -16 -17 -18 28 22 -21 -22 -23 23 25 -26 26 27 -29 29 -31
leaf_value=0.021051380083972678 0.070340264524969998 -0.13034787369680537 0.056446141349960545 0.12249154700097493 -0.13548251857525478 -0.11625193822215428 -0.17662336865073641 -0.14909513831036908 -0.013023829279716365 -0.22679209497854391 0.11323525915031088 -0.13514482962899951 -0.038297205329867808 0.078567230551070497 0.036167382818671774 -0.20397732910937463 0.10559723761308289 0.11937038934033457 -0.042191964181691501 -0.10912540111066778 -0.12941605744668544 -0.058735648002002566 -0.10766889027997738 0.051928183716992919 0.12562916432632315 -0.12422281728575919 -0.1044032831675019 0.073330764267472689 -0.043895659202485837 0.00017749010356043191
leaf_weight=20.776581511017866 73.81642650347203 19.15303788986057 122.49870898760855 2.7204802632331875 6.8195359427481881 32.934753786248621 8.3748644441366178 26.815092931501567 49.450329020619392 3.3350692223757497 33.696880454197526 23.957468805834651 20.526957170572132 4.424841493368147 41.57851236127317 4.0399404689669609 2.6947106160223475 16.165900910506025 11.162311373278497 51.49685841682367 18.884695661254227 35.421179818222299 21.800072886515409 204.73946590535343 58.723841013386846 21.9603425366804 13.802845958620308 42.912020639516413 178.7274255391676 9395.8735684652347
leaf_count=1488 492 437 363 2 128 1639 82 431 224 32 82 198 149 9 147 38 5 155 72 1859 286 638 394 544 61 188 183 143 3531 62893
internal_value=-3.4901e-05 -0.0125953 -0.00702174 0.00156737 -0.0269533 -0.0631404 0.0277344 -0.12408 0.0364675 -0.00622273 -0.000775515 -0.0367335 0.0407273 0.0792015 0.011981 -0.0562813 -0.107921 0.000489773 0.0166155 -0.0275684 0.00521219 0.0284864 0.0377732 0.023794 0.0988245 0.0339061 -0.0129935 0.0300752 -0.000442921 -0.000645216
internal_weight=10569.3 423.798 404.645 350.933 167.915 53.7113 183.019 29.5356 171.949 138.379 135.044 72.3555 62.6886 42.1617 48.398 8.46478 11.0696 10145.5 554.72 179.619 128.122 109.238 375.101 305.215 69.8862 283.415 78.6752 56.7149 9590.77 9574.6
internal_count=76893 5454 5017 1890 1216 3127 674 433 587 783 751 473 278 129 275 47 87 71439 4860 3275 1416 1130 1585 1452 133 1058 514 326 66579 66424
is_linear=0
shrinkage=0.1


Tree=94
num_leaves=31
num_cat=0
split_feature=8 7 9 10 11 14 12 2 14 6 5 13 19 14 0 9 7 8 19 1 3 13 13 8 8 12 8 14 5 1
split_gain=7.4953 36.6961 36.0519 27.4303 49.1171 32.1991 111.569 40.1043 44.1519 40.0317 34.9466 31.5939 38.2653 71.5539 37.6875 33.4428 30.5518 29.8619 29.4404 29.4169 28.6965 27.8953 26.9173 46.8188 41.9105 33.6824 66.8021 37.4891 32.3801 30.8161
threshold=9.5862189727692427e-12 0.028632907633968068 0.0043021305324377141 2.3194706439971928 2.6676819642190712e-09 0.0056461757048964509 0.14461385458707812 5.2397938684835793e-11 0.0054415895137935886 3.9207160217657025e-11 0.053769417869815449 1.2153813242912295 0.10698496177792551 0.0061395228840410718 1.9935683984299724e-09 0.00615021947323668 0.0048196255551848661 5.2397215580047006e-12 2.9837988615036015 0.39757827861314704 0.13458678749875555 1.8228395581245425 1.3287435173988345 1.4559603332614985e-11 1.1601382057782293e-11 0.14389450103044513 1.0694232528795892e-11 0.0061149434186518201 0.091430276967434485 0.093357145894084226
decision_type=2 2 2 2 2 2 2 2 2 2 2 2 2 2 2 2 2 2 2 2 2 2 2 2 2 2 2 2 2 2
left_child=1 3 -2 5 -5 6 10 8 -8 11 18 15 13 -13 -15 -7 -14 -18 21 -6 -19 -1 23 24 25 26 -4 28 29 -27
right_child=2 -3 22 4 19 9 7 -9 -10 -11 -12 12 16 14 -16 -17 17 20 -20 -21 -22 -23 -24 -25 -26 27 -28 -29 -30 -31
leaf_value=0.0037769388569543548 -0.035084077197950474 0.051357813470687366 0.032316991436839075 -0.12723536311405415 0.1143084374775663 -0.13190343096562981 -0.094263950921422868 -0.13306475902303305 0.080187442495015304 -0.12705061586858876 0.058446597722453988 0.031076219808113089 -0.085330762709128302 -0.18725584504142842 -0.033740337051517078 0.046457126454049674 -0.15666181372531723 0.052706469215834245 -0.17548221963411759 -0.019761095241950202 -0.14642526361530814 -0.12968312301864524 0.0014216426697797688 -0.092563572560085322 0.060199096543191936 0.043974134040456671 -0.15014988628409776 0.031976298795336117 0.02587414068809793 -0.11084097252210817
leaf_weight=1074.9893071069382 308.60603467794135 157.64220653567463 155.97383029479533 41.975334986345842 17.594641029834747 25.677341125905514 37.094707944081165 82.313043810077943 23.826213313266635 17.910026213154197 114.12261738325469 157.06147454679012 17.981303314678371 25.68681045807898 42.368872482795268 17.799831088632345 7.0904467850923529 519.91265629511327 9.4449013525154424 234.31979732052423 7.3389835953712454 15.892889720853416 7050.6914987065829 79.707013601670042 72.553110425360501 14.446294857189057 23.026268571615219 43.081438673660159 27.302935771644115 116.89374103955925
leaf_count=16556 2560 464 481 428 46 217 1813 1450 186 165 325 578 210 242 252 71 96 1532 223 2176 99 444 40829 3093 507 172 203 203 127 1145
internal_value=-3.5131e-05 0.00456856 -0.00157978 0.00160681 -0.0270848 0.0054457 -0.00407113 -0.0875428 -0.0260359 0.0208491 0.00577364 0.0240759 0.0287151 -0.00603538 -0.0916829 -0.0588815 0.0428788 0.0471933 0.00031056 -0.0103972 0.0499347 0.00183258 -0.000216371 -0.0218851 -0.00945664 -0.0227306 0.00884476 -0.0507491 -0.0732142 -0.0938126
internal_weight=10540.3 2648.04 7892.28 2490.4 293.89 2196.51 1357.68 143.234 60.9209 838.828 1214.45 820.918 777.441 225.117 68.0557 43.4772 552.323 534.342 1100.33 251.914 527.252 1090.88 7583.68 532.985 453.278 380.725 179 201.724 158.643 131.34
internal_count=76893 27573 49320 27109 2650 24459 20997 3449 1999 3462 17548 3297 3009 1072 494 288 1937 1727 17223 2222 1631 17000 46760 5931 2838 2331 684 1647 1444 1317
is_linear=0
shrinkage=0.1


Tree=95
num_leaves=31
num_cat=0
split_feature=5 14 3 1 12 14 12 4 6 4 13 14 14 5 19 17 18 2 8 8 6 2 14 15 5 1 14 6 19 8
split_gain=7.36939 21.625 30.2741 40.1351 24.4662 27.3238 30.0201 27.5701 22.4135 20.0951 14.1466 17.4334 21.301 16.6768 16.4213 15.8392 14.596 13.4226 14.0605 13.917 13.9402 25.0535 13.3933 35.773 28.9185 22.1804 21.1181 82.9034 51.3533 48.215
threshold=0.069678888656431501 0.0053951113950461158 0.11626564453875567 0.29072611473378551 0.14158441871404651 0.0062154291663318881 0.19122375547885898 2.0510140525071795e-10 4.2262784927078442e-11 3.3408115615330921e-10 1.1898980140686037 0.0050682381261140117 0.0061149434186518201 0.014550570855190728 0.76401609182357799 0.071799538352272749 0.043024599430447619 2.0442947017073755e-10 3.1378042147698755e-12 1.0694232528795892e-11 4.118749621412602e-11 1.4982815271562572e-10 0.0043873104732483634 3.5675835533766083e-05 0.037815795800777964 0.064557560856037199 0.0054415895137935886 2.5904642164653387e-11 0.15808697789907458 1.6736376222651404e-11
decision_type=2 2 2 2 2 2 2 2 2 2 2 2 2 2 2 2 2 2 2 2 2 2 2 2 2 2 2 2 2 2
left_child=10 8 3 4 -3 9 7 -7 -2 -6 11 13 -13 -1 17 16 -16 19 -19 20 21 -15 23 25 -25 -12 27 29 -29 -24
right_child=1 2 -4 -5 5 6 -8 -9 -10 -11 22 12 -14 14 15 -17 -18 18 -20 -21 -22 -23 26 24 -26 -27 -28 28 -30 -31
leaf_value=-0.13604496793342308 -0.039792581364358807 0.11123393127183367 0.044532956117148324 -0.17617007916174532 -0.092076327213364409 0.067585732346210875 -0.10333656172862865 -0.15269365624865888 0.065081008550818678 0.12942618427678146 -0.04184087539452179 -0.13629056769362147 0.056529739710660866 0.0057043911646405378 -0.21889954482819249 -0.011662492578570173 -0.034372803334266185 0.065136857149118849 -0.14016844890922212 -0.13933286871115599 0.052505617761295642 -0.21207696146396679 -0.072502453019050464 -0.088730115793031195 0.19997651534096547 0.028199502369336833 0.0008301890314066318 -0.093255782148408919 0.011773105348650247 0.041203478929871681
leaf_weight=10.663985762977971 24.9869526240509 14.559127748012541 86.787525209132582 16.510082118213177 55.836687146220356 56.496771773323417 17.299689650069922 6.3171790596097699 110.50004417821765 4.4199603646993628 49.702235620236024 24.850414568558335 7.445811145938932 101.30416961060837 9.8014536118134874 22.893739305902272 7.6185812220210201 4.6377217546105411 11.882871365523895 5.9045565170235923 67.087140724994242 5.5729350887704632 273.20543934887974 45.77880866988562 3.7539606131613246 500.69355516752694 8189.1736792984884 50.039665696909651 668.18380795279518 43.186914036050439
leaf_count=1024 172 15 456 181 510 149 613 71 245 4 2071 314 55 700 342 187 289 42 992 108 172 195 7630 2405 3 3861 48338 615 4841 293
internal_value=-3.72043e-05 0.013385 -0.00359101 -0.0279527 -0.0121579 -0.024956 0.0133072 0.0454323 0.0457399 -0.0758286 -0.000560248 -0.0227378 -0.0918363 -0.0137163 -0.00820513 -0.0663397 -0.138198 0.00372843 -0.0825344 0.0116515 0.0167761 -0.00565147 7.11063e-05 0.0145492 -0.0668498 0.0218747 -0.000870569 -0.0143324 0.00445559 -0.0569818
internal_weight=10497.1 393.714 258.227 171.439 154.929 140.37 80.1136 62.814 135.487 60.2566 10103.4 279.663 32.2962 247.367 236.703 40.3138 17.42 196.389 16.5206 179.869 173.964 106.877 9823.72 599.929 49.5328 550.396 9223.79 1034.62 718.223 316.392
internal_count=76893 2416 1999 1543 1362 1347 833 220 417 514 74477 4420 369 4051 3027 818 631 2209 1034 1175 1067 895 70057 8340 2408 5932 61717 13379 5456 7923
is_linear=0
shrinkage=0.1


Tree=96
num_leaves=31
num_cat=0
split_feature=14 8 1 9 13 14 6 13 8 4 2 13 15 10 10 5 1 10 12 8 14 6 12 7 5 14 3 6 8 14
split_gain=7.19196 60.4704 63.2718 31.3583 28.4176 29.2167 62.5981 58.9607 55.4056 55.0279 45.7954 44.9545 41.0739 36.133 35.5002 36.7872 35.2651 34.4361 33.4532 38.5328 36.7796 58.0231 42.2462 64.654 39.5572 100.226 65.3452 44.3841 40.8959 38.4821
threshold=0.0075732006225734958 2.8039278504028762e-11 0.53415649838198476 0.008171757673086465 2.2807000875473027 0.0069414228200912484 6.3058362563275589e-11 1.4785813093185427 1.3093966225241811e-11 1.7753486531800968e-10 1.2709960356909798e-10 1.9379520416259768 2.5702611310407523e-05 2.3194706439971928 2.3371069431304936 0.028656930268828196 0.072402266345744287 2.4494854211807255 0.23630949854850772 3.4967909572748404e-11 0.0055926295462995776 4.2262784927078442e-11 0.10490789636969568 0.0055882674773248212 0.031408024248539862 0.0047497302293777474 0.13752775556359334 2.4978805977870592e-11 2.9932646082267623e-12 0.0055149653926491746
decision_type=2 2 2 2 2 2 2 2 2 2 2 2 2 2 2 2 2 2 2 2 2 2 2 2 2 2 2 2 2 2
left_child=4 2 -2 -3 5 11 7 16 9 -9 12 13 -10 18 -15 -16 -7 -8 19 20 21 24 -22 -24 -1 27 -27 -26 -29 -23
right_child=1 3 -4 -5 -6 6 17 8 10 -11 -12 -13 -14 14 15 -17 -18 -19 -20 -21 22 29 23 -25 25 26 -28 28 -30 -31
leaf_value=-0.00042142282782450455 -0.10351607160759374 0.071967917744349783 0.025554536326630763 -0.001467399316159625 -0.060973214334421405 0.072836944339743956 -0.11123062672473988 -0.12655334647822777 0.060536085221017388 0.053737977281579509 0.085399851367040369 -0.040712565731582641 -0.073517529297899842 -0.11850997612182518 -0.067018314593734363 0.0061382051304844382 -0.1183354989877302 0.026215585765213125 0.1105590768864303 -0.043588346105824571 0.089621422894879732 0.033069176200950449 -0.059556911788941402 0.021521477588134615 -0.051031134090508294 -0.11019749151185515 0.086708072062480129 -0.19794287140916816 0.04500638208000815 -0.16335630507778168
leaf_weight=1134.4720832549501 115.12257570051588 58.802305083256215 56.678954638540745 5234.3493696691003 69.11888618208468 13.265761896036564 47.683655419852585 32.744259105995297 54.822900079190731 35.050462380051613 277.50260732509196 245.87817044858821 39.199068067595363 37.846862363163382 98.883902755333111 225.4626366966404 35.394884910434484 29.50902839191258 30.475582669954747 154.16959459381178 81.124299890361726 479.10449632070959 106.36520835477859 1305.5659154409077 93.259986712131649 171.05538858659565 18.695880498737097 7.2347177397459737 163.77255678549409 10.185901660472153
leaf_count=20037 2188 205 182 28860 600 80 804 263 199 84 868 1991 286 542 1672 1179 698 122 104 2039 202 1767 929 6706 1668 1913 50 89 446 120
internal_value=-3.94564e-05 -0.00254671 -0.0609345 -0.000651597 0.00270213 0.00359509 0.0249884 0.038225 0.0497936 -0.0333412 0.0649637 0.000824204 0.00464727 0.00330448 -0.0268595 -0.0161651 -0.0662185 -0.058688 0.00621362 0.00535993 0.00747325 -0.00112988 0.0194456 0.0154136 -0.0104044 -0.0353492 -0.0907967 0.00446361 0.0347281 0.02898
internal_weight=10462.8 5464.95 171.802 5293.15 4997.84 4928.73 565.173 487.98 439.319 67.7947 371.525 4363.55 94.022 4117.68 362.193 324.347 48.6606 77.1927 3755.48 3725.01 3570.84 2077.78 1493.06 1411.93 1588.49 454.019 189.751 264.267 171.007 489.29
internal_count=76893 31435 2370 29065 45458 44858 3404 2478 1700 347 1353 41454 485 39463 3393 2851 778 926 36070 35966 33927 26090 7837 7635 24203 4166 1963 2203 535 1887
is_linear=0
shrinkage=0.1


Tree=97
num_leaves=31
num_cat=0
split_feature=1 13 1 17 3 6 6 12 9 15 19 19 2 9 7 12 0 17 9 18 13 13 5 6 13 2 19 7 7 4
split_gain=6.85444 17.6791 31.6811 22.8357 55.3711 21.6628 23.7094 19.7381 22.5168 17.9684 16.4447 25.9055 21.7007 14.1116 15.1315 13.3353 14.7667 10.4048 16.9381 23.9959 21.2923 15.4317 20.1263 16.7856 19.0889 14.5689 14.3333 14.2054 14.0719 17.1104
threshold=0.62244506757633966 2.8460657596588139 0.46270764710911377 0.099631569602272749 0.090537920995449037 2.242955764455826e-10 4.7484625931197728e-10 0.46475759148597723 0.063020307000081696 9.495086123934017e-05 0.046220339834690101 1.9710530638694765 8.961897266450573e-10 0.034456402276510888 0.042904698073426922 0.26487036049366003 4.5117034140397406e-09 0.048672762784090919 0.010227178932564557 0.24663976475130769 3.6787968873977666 3.1778599023818974 0.024295599049120514 2.4978805977870592e-11 2.68140721321106 9.608100432691802e-10 0.57023662328720104 0.0051509106851702234 0.018934697179059792 6.7384232858702105e-11
decision_type=2 2 2 2 2 2 2 2 2 2 2 2 2 2 2 2 2 2 2 2 2 2 2 2 2 2 2 2 2 2
left_child=1 -1 -3 4 -4 -5 -7 8 -8 15 -11 12 -12 14 -14 -6 -17 18 21 20 25 22 23 -2 26 -20 -25 -28 -19 -30
right_child=17 2 3 5 9 6 7 -9 -10 10 11 -13 13 -15 -16 16 -18 28 19 -21 -22 -23 -24 24 -26 -27 27 -29 29 -31
leaf_value=0.00013077729831457804 -0.071699563053302759 -0.16566946509334882 -0.16368360794849973 -0.17158185602711346 0.049745554247093843 0.087359584543380331 0.032158509088992697 0.08568126737921912 -0.20424206728885622 0.10364828558880944 0.029948263515292964 0.027340588339539357 -0.24541544417928757 -0.30255962167156242 0.089900461623311598 -0.21589710096473633 0.045880449126185413 0.088996008650318204 -0.14402850604380157 0.10379233783352748 0.042314070694067674 0.077020016413344661 -0.12253874936654006 0.069401077181077672 -0.13046802900902058 -0.39489501325269449 0.10259910478935413 -0.11955306334572464 -0.14046068281924584 0.027125092217378344
leaf_weight=9910.5405637632357 19.819891683058813 15.743486103136091 29.564542884938419 5.1387441568076602 47.437886666506529 42.054667145013809 7.1899473927915158 8.762239493429659 9.1649919096380454 5.1154994368553153 4.4287336170673433 11.556505404412745 3.0517629086971274 8.7210472431033832 2.4074053838849068 4.3248345367610437 4.2947028875350952 36.080898695625365 10.638637002557521 5.5189489126205435 5.0231382884085169 28.475935980677605 12.978434924967585 55.769402048084885 6.6210579397156826 2.958779474720358 4.2769307103008023 8.8027142425999028 6.5305654425173989 90.79141019564122
leaf_count=74272 278 193 318 56 111 73 25 17 81 18 11 46 24 80 17 31 10 86 73 7 30 140 135 153 42 36 11 142 44 333
internal_value=-3.86318e-05 -0.000476142 -0.0292615 -0.0181466 -0.0447337 0.0263069 0.0414456 -0.0354299 -0.100316 -0.00623182 -0.0621398 -0.0902544 -0.163283 -0.223633 -0.0975465 0.0289551 -0.0854659 0.0150058 -0.00211633 -0.079343 -0.133622 0.0115165 -0.00571174 0.0102 0.0317084 -0.198617 0.0473046 -0.0469112 0.0356551 0.0158796
internal_weight=10413.8 10119.5 208.957 193.214 120.903 72.3106 67.1718 25.1172 16.3549 91.3384 35.281 30.1655 18.6089 14.1802 5.45917 56.0574 8.61954 294.287 160.884 24.1395 18.6206 136.744 108.268 95.29 75.4701 13.5974 68.849 13.0796 133.403 97.322
internal_count=76893 75383 1111 918 666 252 196 123 106 348 196 178 132 121 41 152 41 1510 1047 146 139 901 761 626 348 109 306 153 463 377
is_linear=0
shrinkage=0.1


Tree=98
num_leaves=31
num_cat=0
split_feature=5 19 9 5 11 4 14 4 14 9 2 14 19 12 6 3 2 11 9 2 11 14 11 15 1 5 8 7 14 10
split_gain=6.65298 6.70671 10.6408 19.9314 12.3896 10.7844 10.6175 17.1892 16.0179 8.58995 24.4907 7.4623 7.32747 26.4583 44.1955 21.6233 19.5902 17.4376 16.6128 15.1247 22.3475 10.6309 9.58924 18.6886 15.3549 21.4293 18.4602 45.1702 15.8771 15.751
threshold=0.0034346893506613089 -0.17949859797954557 0.0065586353237154036 0.030065136059966042 4.0931535938426586e-09 4.4165007662504211e-11 0.005750960437580944 9.0177364990826557e-11 0.0059722235891968021 0.012738696238875679 1.0498662927810071e-09 0.0025023509515449409 -0.047940844669938081 0.10826731473207475 7.1257802270331018e-11 0.096670616538670137 5.5624340682362079e-10 1.6196767815834791e-09 0.0030127546940969621 2.9501433968165028e-10 2.5192214980762632e-09 0.0056732066441327342 1.1723743309488556e-08 9.0396675659576444e-05 0.39094653389496842 0.01579201362467287 2.8984326820069599e-10 0.01515590977043312 0.013957002665847542 3.5827149152755742
decision_type=2 2 2 2 2 2 2 2 2 2 2 2 2 2 2 2 2 2 2 2 2 2 2 2 2 2 2 2 2 2
left_child=-1 2 3 5 -5 11 -7 8 -8 -4 -11 -2 13 -3 15 18 17 -16 -15 20 21 -20 -14 -24 29 26 27 -26 -29 -25
right_child=1 12 9 4 -6 6 7 -9 -10 10 -12 -13 22 14 16 -17 -18 -19 19 -21 -22 -23 23 24 25 -27 -28 28 -30 -31
leaf_value=-0.11918661511282758 0.04854843314170864 0.034426429861640288 0.10153772549585405 -0.1718742519679336 0.071378235668353648 0.1067922575694019 0.025226046281719823 0.093763330013994006 -0.15733587466988114 -0.27362103873994276 0.096806060474737124 -0.14710471187872382 0.00069080316005390072 -0.15604094235912369 0.050382358598107573 -0.13821971340119185 0.088948441618415808 -0.16208935957822293 -0.08744531858723785 0.089017532308533959 -0.19554258145036885 0.030708919097216639 -0.18051081560950363 -0.20054790223648042 0.055804642253321095 -0.046456358596803665 0.069687003907275474 -0.27139462790242019 -0.061251230026274243 0.042226513938007075
leaf_weight=4.6835966875078148 3.0215185349807125 64.846566686057486 24.826439000666142 9.0412231534719449 2.7248789966106406 17.648379995021969 11.821940855123104 14.629081569612024 8.0982455918565375 2.5575648173689824 5.9072722494602203 5.493854740052484 9781.9369521831395 10.742817271966485 8.1543795382603985 38.266939419787377 29.084354501217604 7.3390555493533602 11.669286101008764 10.308147955685852 8.0834946539252979 21.918049842119217 6.872296914458274 2.8015148914419106 23.321045321412385 156.33792838780209 36.356736650690436 7.4128386136144382 6.9814177956432104 57.984224923420697
leaf_count=606 16 665 51 83 8 55 44 47 93 26 41 153 71857 112 31 457 88 75 169 29 93 115 82 27 97 1126 101 74 42 430
internal_value=-2.93146e-05 2.4367e-05 0.0250769 0.00358061 -0.11554 0.026666 0.0436889 0.0114546 -0.0489917 0.071877 -0.0151147 -0.0776809 -0.000233136 -0.0187026 -0.0423704 -0.0789788 0.0405642 -0.050263 -0.0428356 -0.0194387 -0.0462677 -0.0103415 0.000152401 -0.0175168 -0.0136701 -0.0254646 0.018841 -0.0301735 -0.169472 0.0310374
internal_weight=10400.9 10396.2 105.77 72.4791 11.7661 60.713 52.1976 34.5493 19.9202 33.2913 8.46484 8.51537 10290.4 210.413 145.567 100.989 44.5778 15.4934 62.7218 51.979 41.6708 33.5873 10080 298.068 291.196 230.41 74.072 37.7153 14.3943 60.7857
internal_count=76893 76287 617 499 91 408 239 184 137 118 67 169 75670 1834 1169 975 194 106 518 406 377 284 73836 1979 1897 1440 314 213 116 457
is_linear=0
shrinkage=0.1


Tree=99
num_leaves=31
num_cat=0
split_feature=1 13 14 8 5 7 14 0 2 14 14 7 6 1 11 14 2 13 17 18 7 13 11 11 7 19 3 17 5 13
split_gain=6.52207 27.9158 24.2433 24.4491 46.1085 34.4867 43.1723 57.2034 30.0453 45.4393 25.4279 41.0843 32.9532 25.3818 25.1478 29.0992 33.1945 24.4437 23.7446 43.8095 29.0686 37.3748 30.9976 23.5027 22.8157 22.4642 47.8089 54.3034 26.5183 23.9833
threshold=0.47527924799528692 2.8460657596588139 0.0051619401201605805 6.5427527737104708e-12 0.037815795800777964 0.0063394419542660615 0.005750960437580944 1.8428494107923397e-09 2.3674948272735008e-10 0.0055926295462995776 0.0062406398355960855 0.0093853655871271122 2.6156368442365933e-11 0.52634238575438319 3.60843721569637e-09 0.0060906829312443742 4.8250218139893471e-10 1.4330561161041262 0.046675248579545463 -0.19312183548357673 0.0065668765058187863 1.5559720993041994 1.9118663596717769e-10 4.7511454770443615e-09 0.0055882674773248212 1.6526200175285342 0.09351727563562727 0.1046475497159091 0.013001322737890234 2.0808813571929936
decision_type=2 2 2 2 2 2 2 2 2 2 2 2 2 2 2 2 2 2 2 2 2 2 2 2 2 2 2 2 2 2
left_child=1 18 -2 4 17 6 -5 -8 -7 -10 11 -11 23 -9 -15 -16 24 -4 19 -1 21 22 -20 -12 -17 29 27 28 -27 -14
right_child=2 -3 3 5 -6 8 7 13 9 10 12 -13 25 14 15 16 -18 -19 20 -21 -22 -23 -24 -25 -26 26 -28 -29 -30 -31
leaf_value=0.060414367835204499 -0.069916861651616133 -0.11124120870391528 -0.13440927348989826 0.072209505195771392 -0.21834510985958869 0.087382627104822697 -0.15008815128889522 0.084210621087683721 -0.13605847486605382 0.077531084055268956 -0.13250819589718618 -0.048953511689268536 0.029490196720651819 -0.16984850276281938 0.048605800059400024 -0.070613228012313345 0.0048519684654888236 0.061366056467144242 -0.1280370790751347 -0.057187559743294071 -0.00083448319155308601 -0.067407794231754553 0.085417429365342717 0.12058322072155914 -0.22534683621418156 0.039682021655936622 0.059057139836818456 0.048805200399454449 -0.13854612640221242 -0.0099714963351461849
leaf_weight=39.206676112022251 41.922299759928137 22.994488276075572 6.6470474805682889 35.499353584367782 6.4898167178034774 47.793026620522141 43.046079125721008 20.074008777737617 21.931598554365337 112.0835599754937 26.644070314243439 33.31289917556569 199.00202564708889 12.742994253523646 40.640174886211753 41.048017868772149 53.559637586120516 157.27405383205041 7.2913477647816753 164.93196134502068 8136.0073042662116 23.713437386322767 101.63101439923048 4.255098193883895 12.410527946427463 10.639695554971693 198.03789172694087 48.490860309451818 38.761974096298218 681.25282421987504
leaf_count=285 2017 243 157 175 54 125 458 71 402 392 198 328 753 158 158 408 290 811 837 5679 57293 359 1023 4 108 39 512 176 369 3011
internal_value=-2.49868e-05 -0.00120786 0.00528216 0.00698472 0.0430773 0.00332633 -0.030234 -0.0465039 0.00943855 0.00672816 0.00904357 0.0485512 0.00428477 -0.0217976 -0.0350643 -0.0234324 -0.0507889 0.0534273 -0.000909234 -0.034601 -7.74413e-05 0.0463602 0.0711286 -0.0976552 -0.106535 0.0069628 0.0307979 -0.0263709 -0.100161 -0.00105027
internal_weight=10389.3 8495.78 1893.56 1851.64 170.411 1681.23 259.021 223.521 1422.21 1374.41 1352.48 145.396 1207.08 180.475 160.401 147.658 107.018 163.921 8472.78 204.139 8268.64 132.636 108.922 30.8992 53.4585 1176.19 295.93 97.8925 49.4017 880.255
internal_count=76893 65719 11174 9157 1022 8135 1826 1651 6309 6184 5782 720 5062 1193 1122 964 806 968 65476 5964 59512 2219 1860 202 516 4860 1096 584 408 3764
is_linear=0
shrinkage=0.1


end of trees

feature_importances:
line_length=271
rel_bp_alpha=241
rel_bp_theta=234
bp_gamma=223
hjorth_complexity=220
zero_crossing_rate=217
hjorth_mobility=195
bp_beta=160
rel_bp_delta=156
kurtosis=156
rel_bp_gamma=152
rel_bp_beta=146
bp_theta=128
bp_alpha=126
spectral_entropy=101
skewness=96
rms_amplitude=70
hjorth_activity=60
bp_delta=48

parameters:
[boosting: gbdt]
[objective: binary]
[metric: binary_logloss]
[tree_learner: serial]
[device_type: cpu]
[data_sample_strategy: bagging]
[data: ]
[valid: ]
[num_iterations: 100]
[learning_rate: 0.1]
[num_leaves: 31]
[num_threads: 2]
[seed: 42]
[deterministic: 0]
[force_col_wise: 0]
[force_row_wise: 0]
[histogram_pool_size: -1]
[max_depth: -1]
[min_data_in_leaf: 20]
[min_sum_hessian_in_leaf: 0.001]
[bagging_fraction: 1]
[pos_bagging_fraction: 1]
[neg_bagging_fraction: 1]
[bagging_freq: 0]
[bagging_seed: 400]
[bagging_by_query: 0]
[feature_fraction: 1]
[feature_fraction_bynode: 1]
[feature_fraction_seed: 30056]
[extra_trees: 0]
[extra_seed: 12879]
[early_stopping_round: 0]
[early_stopping_min_delta: 0]
[first_metric_only: 0]
[max_delta_step: 0]
[lambda_l1: 0]
[lambda_l2: 0]
[linear_lambda: 0]
[min_gain_to_split: 0]
[drop_rate: 0.1]
[max_drop: 50]
[skip_drop: 0.5]
[xgboost_dart_mode: 0]
[uniform_drop: 0]
[drop_seed: 17869]
[top_rate: 0.2]
[other_rate: 0.1]
[min_data_per_group: 100]
[max_cat_threshold: 32]
[cat_l2: 10]
[cat_smooth: 10]
[max_cat_to_onehot: 4]
[top_k: 20]
[monotone_constraints: ]
[monotone_constraints_method: basic]
[monotone_penalty: 0]
[feature_contri: ]
[forcedsplits_filename: ]
[refit_decay_rate: 0.9]
[cegb_tradeoff: 1]
[cegb_penalty_split: 0]
[cegb_penalty_feature_lazy: ]
[cegb_penalty_feature_coupled: ]
[path_smooth: 0]
[interaction_constraints: ]
[verbosity: -1]
[saved_feature_importance_type: 0]
[use_quantized_grad: 0]
[num_grad_quant_bins: 4]
[quant_train_renew_leaf: 0]
[stochastic_rounding: 1]
[linear_tree: 0]
[max_bin: 255]
[max_bin_by_feature: ]
[min_data_in_bin: 3]
[bin_construct_sample_cnt: 200000]
[data_random_seed: 175]
[is_enable_sparse: 1]
[enable_bundle: 1]
[use_missing: 1]
[zero_as_missing: 0]
[feature_pre_filter: 1]
[pre_partition: 0]
[two_round: 0]
[header: 0]
[label_column: ]
[weight_column: ]
[group_column: ]
[ignore_column: ]
[categorical_feature: ]
[forcedbins_filename: ]
[precise_float_parser: 0]
[parser_config_file: ]
[objective_seed: 16083]
[num_class: 1]
[is_unbalance: 0]
[scale_pos_weight: 1]
[sigmoid: 1]
[boost_from_average: 1]
[reg_sqrt: 0]
[alpha: 0.9]
[fair_c: 1]
[poisson_max_delta_step: 0.7]
[tweedie_variance_power: 1.5]
[lambdarank_truncation_level: 30]
[lambdarank_norm: 1]
[label_gain: ]
[lambdarank_position_bias_regularization: 0]
[eval_at: ]
[multi_error_top_k: 1]
[auc_mu_weights: ]
[num_machines: 1]
[local_listen_port: 12400]
[time_out: 120]
[machine_list_filename: ]
[machines: ]
[gpu_platform_id: -1]
[gpu_device_id: -1]
[gpu_use_dp: 0]
[num_gpu: 1]

end of parameters

pandas_categorical:[]
