tree
version=v4
num_class=1
num_tree_per_iteration=1
label_index=0
max_feature_idx=19
objective=binary sigmoid:1
feature_names=bp_delta rel_bp_delta bp_theta rel_bp_theta bp_alpha rel_bp_alpha bp_beta rel_bp_beta bp_gamma rel_bp_gamma spectral_entropy hjorth_activity hjorth_mobility hjorth_complexity line_length rms_amplitude variance zero_crossing_rate skewness kurtosis
feature_infos=[1.6304531455426513e-11:2.095934633123358e-07] [0.012868393086247465:0.81899835290497913] [5.4511067598912403e-12:1.1465412729328893e-07] [0.0052087267016526695:0.50672826371444879] [2.0981635008511697e-12:7.3211835079205076e-08] [0.00199914514433193:0.29435287117329484] [3.0755425917673132e-12:7.1752170175107016e-08] [0.0015627471140435925:0.29666471378965165] [8.6026170835788429e-13:2.7822206871697119e-08] [0.00039139302895779777:0.37966770232996938] [0.36721134185791016:5.4492945671081543] [5.3122121285165136e-11:5.5732346027070889e-07] [0.065248623490333557:1.1833459138870239] [0.97679179906845093:5.0775184631347656] [0.0020153357181698084:0.17519731819629669] [7.2376856223854702e-06:0.00071873120032250881] [5.3122121285165136e-11:5.5732346027070889e-07] [0.012073863636363636:0.46799538352272729] [-2.0532801266420972:2.5196367901834575] [-0.48209330439567566:93.068817138671875]
tree_sizes=3496 3518 3507 3510 3500 3506 3505 3515 3505 3489 3512 3513 3501 3513 3516 3503 3516 3512 3520 3514 3510 3496 3520 3506 3534 3526 3497 3519 3479 3546 3512 3481 3497 3477 3487 3483 3472 3512 3480 3511 3451 3466 3514 3492 3476 3465 3517 3477 3472 3491 3494 3509 3509 3469 3510 3471 3465 3494 3517 3502 3443 3514 3453 3487 3461 3497 3510 3446 3449 3451 3449 3424 3491 3485 3486 3441 3519 3447 3413 3466 3446 3474 3451 3475 3456 3460 3500 3476 3497 3463 3522 3460 3450 3462 3445 3470 3467 3447 3472 3471

Tree=0
num_leaves=31
num_cat=0
split_feature=4 2 8 8 3 17 8 14 1 3 13 10 5 13 4 5 10 14 14 4 6 4 19 7 14 2 1 17 7 3
split_gain=6057.46 2084.01 1401.63 957.752 1174.16 1075.82 917.227 625.75 551.174 540.356 534.018 498.624 470.952 459.595 600.024 381.477 361.72 325.207 322.558 320.276 509.507 289.827 283.755 242.621 236.323 229.464 227.025 215.338 215.285 210.407
threshold=7.6698050791820622e-11 7.9500814684991844e-10 1.0727520272100642e-12 5.959778258961405e-12 0.04792012849394444 0.089155717329545456 1.0213224529645114e-11 0.081261787563562407 0.11811535926395129 0.099782448556272815 1.2669672369956972 2.1158432960510258 0.0066493820459931048 1.2542281746864321 4.2643727859971836e-11 0.011041347663911636 1.5996568799018862 0.0065542638767510661 0.0052409276831895122 3.9196407483369206e-11 1.9988271824123237e-11 2.104890839682966e-10 1.3514842987060549 0.015721525906585817 0.0041477724444121131 2.2720644549806271e-10 0.32804832494588049 0.11707652698863637 0.044491495271877755 0.015309400620977031
decision_type=2 2 2 2 2 2 2 2 2 2 2 2 2 2 2 2 2 2 2 2 2 2 2 2 2 2 2 2 2 2
left_child=2 6 -1 10 8 13 18 -8 22 21 16 12 -10 -6 24 -7 29 -11 23 25 -21 -3 -5 -2 -15 -17 -14 -24 -22 -4
right_child=1 9 3 4 5 15 7 -9 11 17 -12 -13 26 14 -16 19 -18 -19 -20 20 28 -23 27 -25 -26 -27 -28 -29 -30 -31
leaf_value=0.16777839494539451 0.027481508305342562 0.14269059291933048 0.036102840795959969 -0.091735913596687577 0.089776611939217724 0.053787235439513956 0.0014547844206945794 -0.20000007576631054 -0.075804766544315436 -0.12061680085621027 -0.1579381097360377 -0.13710844300868313 0.090313910841624337 0.05241883457510272 -0.0022384128228805159 -0.18619576615116004 0.09234370257321825 0.16079253129078994 0.044032099489491085 0.10728328438217578 -0.1514467648774451 -0.074594273583196966 0.1630842980562526 0.15013534524411551 -0.13602401639398878 -0.04742630117359066 -0.092222437594738943 -0.022874984853898807 -0.072367695530165671 -0.15149630422623081
leaf_weight=282.78525152802467 209.14015047252178 96.857706278562546 84.350246787071228 613.17118179798126 313.08741642534733 126.42800872027874 2389.0581019818783 164.82359971106052 222.71528302133083 41.812626361846924 1288.9073970019817 140.73830673098564 1314.8201158940792 74.514748185873032 1393.0684167742729 881.64388182759285 155.16908724606037 2299.9523467719555 1260.4131023585796 115.21954065561295 683.62448459863663 167.62977989017963 82.275666683912277 704.66713936626911 622.58724512159824 137.78086747229099 71.859564706683159 256.10554108023643 693.49657864868641 205.29681143164635
leaf_count=268 732 136 282 3476 741 382 9493 1259 1198 259 8859 914 3099 227 5629 6513 360 2472 4032 236 4618 898 85 894 4031 670 408 1131 3687 1387
internal_value=-8.33429e-08 0.0686687 -0.0516046 -0.0581508 -0.0431081 -0.0716147 0.0290925 -0.0115468 0.0100862 0.140465 -0.125334 0.0433911 0.0591754 -0.0232148 -0.0401398 -0.115705 -0.0308611 0.155768 0.0768283 -0.124236 -0.0947226 0.00497741 -0.0511694 0.122064 -0.115881 -0.16744 0.0808546 0.0223401 -0.111624 -0.0968642
internal_weight=17094 7334.35 9759.65 9476.86 7743.14 5041.45 4728.1 2553.88 2701.69 2606.25 1733.72 1750.13 1609.39 2403.26 2090.17 2638.19 444.816 2341.76 2174.22 2511.77 1492.34 264.487 951.552 913.807 697.102 1019.42 1386.68 338.381 1377.12 289.647
internal_count=68376 20175 48201 47933 37045 26734 16410 10752 10311 3765 10888 5619 4705 10628 9887 16106 2029 2731 5658 15724 8541 1034 4692 1626 4258 7183 3507 1216 8305 1669
is_linear=0
shrinkage=1


Tree=1
num_leaves=31
num_cat=0
split_feature=4 2 8 8 3 17 12 1 14 19 13 14 5 4 14 2 0 5 4 6 19 3 14 9 14 5 6 3 4 14
split_gain=4924.39 1706.27 1141.87 788.072 915.657 867.004 763.359 529.229 501.46 475.801 438.552 401.331 410.79 386.794 444.761 384.542 293.581 269.389 267.944 383.435 256.975 254.547 477.32 265.854 253.599 226.947 274.561 225.38 217.713 214.833
threshold=7.6698050791820622e-11 7.9500814684991844e-10 1.0727520272100642e-12 5.4266540930959403e-12 0.049193447569833647 0.089155717329545456 0.15473445504903796 0.11473706593739001 0.081261787563562407 2.0995022058486943 1.2669672369956972 0.0097956699319183844 0.0069724736553478063 4.2643727859971836e-11 0.0042529203929007062 2.3633102095209677e-10 2.9873079519067809e-10 0.011566386504290144 3.8867753894847631e-11 1.9988271824123237e-11 0.87902182340621959 0.094837878570086173 0.006493959343060852 0.0082905965310962858 0.007292698835954071 0.056183021811666817 3.8010666406085293e-11 0.12318998028535351 1.9017138329180617e-11 0.0059490196872502574
decision_type=2 2 2 2 2 2 2 2 2 2 2 2 2 2 2 2 2 2 2 2 2 2 2 2 2 2 2 2 2 2
left_child=2 6 -1 10 7 13 15 20 25 24 16 12 -9 14 -6 -2 -4 28 -19 -20 -5 23 -23 -15 -3 -8 29 -11 -7 -27
right_child=1 9 3 4 5 17 8 11 -10 27 -12 -13 -14 21 -16 -17 -18 18 19 -21 -22 22 -24 -25 -26 26 -28 -29 -30 -31
leaf_value=0.15210530327152036 0.11397427777550173 -0.037657601546264061 -0.095289708383020366 -0.098401636802995421 0.044028652576019518 -0.19822098457402668 0.015800674816453059 -0.062791081292624493 -0.18187307298644151 -0.054806756676735582 -0.15137138572638936 -0.093762976514805099 0.073814741727006777 0.07895047019743151 -0.11661915502217533 0.03119218582681843 0.078044589831977998 -0.15616457329660699 0.092416784751465725 -0.10216429414520752 0.0052432081822068773 -0.11045816833185057 0.035346547819066168 -0.094219582896294507 0.15071768417597703 -0.18258411573732658 -0.14838507550748387 0.10328251293359836 0.097941851615844816 0.046667073629055547
leaf_weight=280.8044798374176 1009.3943872153759 73.917059272527695 264.66698354482651 563.11050806939602 231.20547185838223 32.360368460416794 1806.621209025383 260.63933628797531 163.18629042804241 188.61059348285198 1105.7940800487995 210.95765373110771 1416.3847665935755 576.37491841614246 676.84127573668957 1263.5914711654186 154.90511064231396 935.04309630393982 109.3684229105711 1368.0753663629293 415.89983524382114 399.32488623261452 512.92443743348122 104.7686984539032 2155.2458811402321 50.107701629400253 207.06135445833206 172.80086848139763 106.54077613353729 221.89476826786995
leaf_count=268 1778 346 1567 3366 723 248 6695 1370 1259 942 7815 1235 3597 1467 4308 4245 381 6714 234 8313 1633 2408 1724 599 2155 363 1381 322 231 689
internal_value=-1.28076e-06 0.0619996 -0.0466163 -0.0525242 -0.0398475 -0.0654602 0.02622 0.00529262 -0.0125167 0.127215 -0.118343 0.0362314 0.0525838 -0.0236255 -0.0757153 0.0679543 -0.0312951 -0.106476 -0.114273 -0.0877603 -0.0543716 0.00605954 -0.0284775 0.0523147 0.144471 -0.000425549 -0.0616171 0.0207801 0.0289436 0.00443492
internal_weight=17038.4 7312.43 9725.99 9445.19 7919.82 5052.83 4721.86 2866.99 2448.87 2590.57 1525.37 1887.98 1677.02 2501.44 908.047 2272.99 419.572 2551.39 2412.49 1477.44 979.01 1593.39 912.249 681.144 2229.16 2285.69 479.064 361.411 138.901 272.002
internal_count=68376 20175 48201 47933 38170 26969 16410 11201 10387 3765 9763 6202 4967 11229 5031 6023 1948 15740 15261 8547 4999 6198 4132 2066 2501 9128 2433 1264 479 1052
is_linear=0
shrinkage=0.1


Tree=2
num_leaves=31
num_cat=0
split_feature=4 2 8 17 8 3 17 5 5 2 3 5 13 2 8 4 13 4 6 14 5 8 12 14 14 14 4 0 18 7
split_gain=4034.31 1510.73 959.806 790.168 678.515 947.022 602.389 415.997 410.81 379.12 375.66 370.23 351.854 336.007 329.011 315.297 304.454 302.799 302.998 295.253 318.269 290.53 286.495 280.306 246.369 242.055 239.114 224.741 203.81 323.682
threshold=7.1120782046142779e-11 8.2625471626009399e-10 1.0727520272100642e-12 0.089643998579545456 5.959778258961405e-12 0.043360272424080928 0.089643998579545456 0.0066493820459931048 0.012315692841311938 1.0451534616849865e-10 0.095360183175097937 0.051766205683399076 1.2542281746864321 1.7142120658756327e-10 1.3213213555395805e-11 3.7125844441452047e-11 1.5836893916130068 3.9196407483369206e-11 1.9988271824123237e-11 0.011037664022296669 0.042486756400537944 2.9042048292226266e-12 0.12496520206332208 0.0058817898388952026 0.0070790541358292111 0.0041477724444121131 2.104890839682966e-10 1.5325605679561178e-10 0.19883390900213274 0.056363934956203114
decision_type=2 2 2 2 2 2 2 2 2 2 2 2 2 2 2 2 2 2 2 2 2 2 2 2 2 2 2 2 2 2
left_child=2 3 -1 13 12 7 9 -6 16 -7 26 28 21 -2 23 25 -8 -10 -19 20 27 -4 -23 -13 -12 -11 -3 -9 -5 -30
right_child=1 10 4 11 5 6 8 19 17 15 24 14 -14 -15 -16 -17 -18 18 -20 -21 -22 22 -24 -25 -26 -27 -28 -29 29 -31
leaf_value=0.13959678935282546 0.10861807050481154 0.12227924997366002 -0.1200522260026135 -0.027685710878737585 -0.080008518279107835 0.077016379318463751 -0.18071690981622029 -0.0040078253274480778 -0.14885411553404751 0.051295136080564956 -0.055310294628837457 -0.16902043364875829 -0.13418200285179813 0.034609361165817989 -0.16314232432406206 -0.016623221581374161 0.076792511037867273 0.082526220097816558 -0.09097681122278832 -0.10938603877077123 -0.16279642746065648 0.14319320512709541 -0.11741838918468461 0.05746246758769611 0.13466382001002355 -0.1384411348023683 -0.097432560309978766 0.075625858618436903 -0.090883123085802667 0.092584242014924489
leaf_weight=272.72112369537354 819.96234783530235 81.312380403280258 163.95813092589378 935.85867984592915 386.03602683544159 316.85473920404911 58.442403271794319 496.64893147349358 1031.6996197998524 79.775332078337669 70.438862964510918 78.276952013373375 1262.1663782149553 2435.7989262938499 313.75082029402256 1399.9094458520412 214.15760444104671 109.42233344912529 1255.9063315540552 134.2977069914341 71.275156691670418 133.08195941150188 61.757112756371498 181.01890730857849 2211.848647326231 427.82713456451893 126.73975928127766 1237.3024733811617 125.5556573420763 410.74774688482285
leaf_count=265 1422 110 1065 4224 2197 784 455 2128 7569 229 360 562 8906 7942 2343 6123 540 240 7632 855 508 177 397 520 2427 2994 750 2985 721 946
internal_value=-4.46894e-06 0.0528296 -0.0451746 0.0226482 -0.0508746 -0.0377474 -0.0627139 0.0147929 -0.0947385 -0.0242787 0.117074 -0.0260642 -0.109341 0.0532484 -0.0942587 -0.0411047 0.0215854 -0.107967 -0.0770717 0.0336618 0.0443037 -0.0219582 0.0605885 -0.0109088 0.128801 -0.108622 -0.0115633 0.0528167 0.000480902 0.0496321
internal_weight=16904.5 7791.31 9113.24 5300.97 8840.52 7219.56 4893.99 2325.56 2669.63 2224.37 2490.34 2045.21 1620.96 3255.76 573.047 1907.51 272.6 2397.03 1365.33 1939.52 1805.23 358.797 194.839 259.296 2282.29 507.602 208.052 1733.95 1472.16 536.303
internal_count=68376 22327 46049 18680 45784 35239 26566 8673 16436 10130 3647 9316 10545 9364 3425 9346 995 15441 7872 6476 5621 1639 574 1082 2787 3223 860 5113 5891 1667
is_linear=0
shrinkage=0.1


Tree=3
num_leaves=31
num_cat=0
split_feature=4 2 8 14 8 3 17 14 19 1 13 14 13 1 6 10 12 5 15 17 17 7 6 14 7 0 17 14 4 3
split_gain=3320.65 1200.42 778.653 568.865 561.403 628.74 608.727 419.857 374.153 351.105 338.688 426.169 331.449 304.241 287.467 344.072 262.048 269.915 243.34 239.589 234.615 254.958 234.37 231.492 248.588 228.705 225.713 223.647 216.486 208.177
threshold=7.6698050791820622e-11 7.9500814684991844e-10 1.0727520272100642e-12 0.0052409276831895122 5.4266540930959403e-12 0.04792012849394444 0.088711825284090925 0.081261787563562407 2.0995022058486943 0.11811535926395129 1.2542281746864321 0.0055972654372453698 1.2839471697807314 0.3324321189992292 3.3381492489223269e-11 2.4959255456924443 0.27805848419666296 0.0069724736553478063 3.3638159948168329e-05 0.11161665482954546 0.077081853693181837 0.056363934956203114 3.0346163072923983e-11 0.0055972654372453698 0.0050217596958375332 2.9873079519067809e-10 0.17575905539772732 0.0075215629767626533 3.7125844441452047e-11 0.094837878570086173
decision_type=2 2 2 2 2 2 2 2 2 2 2 2 2 2 2 2 2 2 2 2 2 2 2 2 2 2 2 2 2 2
left_child=2 3 -1 22 12 9 10 14 -3 19 -7 29 25 16 23 20 17 -11 -8 -6 -16 -22 -2 -5 -25 -4 -21 -26 -13 -12
right_child=1 8 4 7 5 6 18 -9 -10 13 11 28 -14 -15 15 -17 -18 -19 -20 26 21 -23 -24 24 27 -27 -28 -29 -30 -31
leaf_value=0.12923272387994286 -0.022304636270877917 0.12311159156693439 -0.085513491271191067 -0.18025933359130006 0.064853212934166418 0.077939737787588809 -0.11560167122344077 -0.15844452477120588 0.01220542119720852 -0.041510719442181071 -0.036451587737315369 -0.10985497656962831 -0.13331938986673358 -0.12386876467131852 -0.010799757123908788 0.020965718306792794 -0.075365385464799262 0.075758257149637936 -0.053870369919942297 -0.10500290231655618 -0.13914670571112481 0.10977381796990285 0.11038027894401981 -0.12861936527366466 0.078340642737812674 0.056514660038872691 0.0034641591298433592 -0.17222684877618091 0.01695698063873954 -0.13717553639550883
leaf_weight=268.3890942633152 158.67405319213867 2141.9077683389187 302.83737426996231 42.073332384228706 173.70297852158546 318.47511886060238 1416.1622739359736 153.42777614295483 354.53477607667446 233.29839754104614 392.36054204404354 152.00243875384331 989.545843064785 116.04236835241318 495.42976540327072 1418.3778584599495 166.09477539360523 1236.7286800146103 1162.9469689801335 513.01664158701897 378.55181597173214 46.166028827428818 826.77500338852406 66.910203695297241 1060.1563302129507 181.22485046088696 306.45155937969685 36.860194116830826 1177.2039891332388 430.15663509070873
leaf_count=268 662 2501 1873 304 516 744 9806 1259 1264 1198 1912 1044 7364 754 1989 5073 949 2828 6458 3223 2529 92 1290 412 2538 526 1292 262 4414 3032
internal_value=-1.05813e-05 0.0513558 -0.0386828 0.0215027 -0.0435453 -0.0328441 -0.0537861 0.00351155 0.107361 0.00567317 -0.0183077 -0.0325532 -0.100149 0.0325975 0.010522 -0.00992917 0.0436949 0.0571473 -0.0877664 -0.0418271 -0.0575527 -0.11209 0.0890158 0.0501782 0.058508 -0.0323405 -0.0644401 0.0699215 0.0024553 -0.0891278
internal_weight=16716.5 7179.84 9536.64 4683.4 9268.25 7794.64 5049.31 3697.95 2496.44 2745.34 2470.2 2151.72 1473.61 1752.16 3544.53 2338.53 1636.12 1470.03 2579.11 993.171 920.148 424.718 985.449 1206 1163.93 484.062 819.468 1097.02 1329.21 822.517
internal_count=68376 20175 48201 16410 47933 38170 27410 14458 3765 10760 11146 10402 9763 5729 13199 9683 4975 4026 16264 5031 4610 2621 1952 3516 3212 2399 4515 2800 5458 4944
is_linear=0
shrinkage=0.1


Tree=4
num_leaves=31
num_cat=0
split_feature=4 2 3 1 17 13 13 5 3 14 10 5 12 5 19 14 5 3 19 8 14 8 8 8 18 7 6 17 3 5
split_gain=2768.78 1146 751.266 718.384 590.766 383.605 417.475 385.968 331.417 292.914 289.548 320.158 278.756 272.682 267.058 262.915 239.214 223.231 221.782 216.673 248.463 175.575 173.83 156.142 154.375 268.11 153.324 139.913 168.496 393.067
threshold=6.7528777772614089e-11 7.9500814684991844e-10 0.054852517489368188 0.11473706593739001 0.089643998579545456 1.2468338012695315 1.6744551658630373 0.024244763550480778 0.095360183175097937 0.0050953933969140061 1.9225199222564699 0.0063541557198596886 0.14173804968595508 0.051766205683399076 1.1340097188949587 0.0065542638767510661 0.027133036935285845 0.13136529638582589 0.84351560473442089 1.225737575074826e-11 0.0058817898388952026 1.8679648619815727e-11 1.2851721531156814e-11 1.0668130349981356e-11 0.23224664324979216 0.054536057670283175 7.6800113651025408e-11 0.066561612215909102 0.015309400620977031 0.0078476661092900402
decision_type=2 2 2 2 2 2 2 2 2 2 2 2 2 2 2 2 2 2 2 2 2 2 2 2 2 2 2 2 2 2
left_child=2 4 3 14 9 12 7 -7 18 16 11 -5 -4 24 27 -10 -2 26 -3 20 -15 -19 -9 -18 -6 -26 -8 -1 29 -29
right_child=1 8 5 10 13 6 17 22 15 -11 -12 -13 -14 19 -16 -17 23 21 -20 -21 -22 -23 -24 -25 25 -27 -28 28 -30 -31
leaf_value=0.10312190388215325 -0.10791576351494847 0.11325113994112937 0.078703794044035949 -0.072719729479605047 -0.024492446833710706 -0.12986376963307181 -0.035171246843883626 0.014307613141606904 -0.12060158721217187 0.024659540120748565 -0.056091611402593972 0.052971089973379584 -0.12941273703213926 -0.15455528051789619 0.0054484803170634592 0.11476086799388784 0.11014087859577999 -0.12783219697284426 -0.096702329480323423 -0.14091764601263213 0.052995276676496929 0.050778824590702126 -0.089280245960023596 -0.1720266482949214 -0.083245798210051847 0.0848004667594527 -0.10607032395869308 -0.12695911656610701 -0.11964140107397797 0.088234970710841534
leaf_weight=37.53959447145462 56.939021088182926 79.456212371587753 278.34857495874166 227.18226070702076 1067.7582715973258 1681.1423224434257 868.50025586783886 314.48931074142456 48.494744636118412 2435.3303277492523 373.95575021207333 1877.0763231962919 83.715993337333202 86.777759298682213 433.57716902345419 2227.3809776976705 851.53239566832781 65.046484716236591 137.17442236095667 305.97625064104795 172.0047403126955 357.61033667623997 334.09024446457624 20.073534250259399 126.76580220460892 378.17595219612122 470.13178234547377 199.76216547936201 757.18446065485477 147.59368443489075
leaf_count=67 370 102 620 1356 4866 12606 4549 1297 313 8190 2081 5285 589 641 1819 2690 1301 450 819 2393 481 1196 2178 136 767 872 3086 1468 5360 428
internal_value=-1.26302e-05 0.0422446 -0.0397211 -0.00857488 0.0167588 -0.0680751 -0.0768066 -0.104582 0.0984957 0.0428806 0.0249915 0.0394011 0.0305834 -0.024351 -0.0613686 0.109746 0.0906695 -0.0400668 -0.0196952 -0.0839544 -0.0166028 0.0232908 -0.0390516 0.103642 -0.00294731 0.0426124 -0.0600712 -0.0867349 -0.0931875 -0.0355218
internal_weight=16500.8 7993.84 8506.95 4053.87 5501.33 4453.08 4091.01 2329.72 2492.51 3363.88 2478.21 2104.26 362.065 2137.46 1575.66 2275.88 928.545 1761.29 216.631 564.759 258.782 422.657 648.58 871.606 1572.7 504.942 1338.63 1142.08 1104.54 347.356
internal_count=68376 23941 44435 17864 20017 26571 25362 16081 3924 9997 8722 6641 1209 10020 9142 3003 1807 9281 921 3515 1122 1646 3475 1437 6505 1639 7635 7323 7256 1896
is_linear=0
shrinkage=0.1


Tree=5
num_leaves=31
num_cat=0
split_feature=4 2 3 1 17 2 19 15 4 14 19 8 8 14 5 7 14 17 5 14 5 13 13 17 12 3 1 13 14 14
split_gain=2282.15 976.777 636.259 588.631 488.736 352.887 302.338 295.402 293.023 231.331 231.09 215.578 345.468 309.082 215.404 240.699 215.393 214.991 416.662 231.513 291.407 222.562 218.593 195.678 231.302 224.349 180.737 175.848 169.353 173.69
threshold=6.7528777772614089e-11 7.9500814684991844e-10 0.060538065955411086 0.11473706593739001 0.083651455965909102 2.0856931315797492e-10 2.0995022058486943 4.6867249693605124e-05 3.7125844441452047e-11 0.081261787563562407 0.82147011160850536 1.0429070703916824e-10 1.3213213555395805e-11 0.0059490196872502574 0.033794113034275056 0.11411300857432792 0.007292698835954071 0.097500887784090925 0.016518433041829077 0.0052001953590661296 0.012730803135899018 1.319177031517029 1.4726017117500307 0.097989169034090925 0.1141180992126465 0.090227333948653801 0.30947225768573033 1.2156510949134829 0.0044489821884781131 0.0056979546789079913
decision_type=2 2 2 2 2 2 2 2 2 2 2 2 2 2 2 2 2 2 2 2 2 2 2 2 2 2 2 2 2 2
left_child=2 4 3 10 5 -2 16 17 27 11 -1 12 13 -6 15 -13 -3 18 21 -19 22 -5 -21 24 25 -10 -16 -4 -26 -30
right_child=1 6 8 7 9 -7 -8 -9 23 -11 -12 14 -14 -15 26 -17 -18 19 -20 20 -22 -23 -24 -25 28 -27 -28 -29 29 -31
leaf_value=-0.087358497032113902 0.09055242008711778 -0.054543636909764243 0.038815759420370598 0.068115489587051464 -0.087159763652347844 0.018098600982996323 0.0053800907989757854 -0.092551660896164345 0.030736019722946314 -0.14369358238538307 -0.0079493331956316284 0.0080672371413845201 -0.11047077201725988 0.075007302239570431 0.100320422731523 -0.13705305273200566 0.11253238427421852 -0.10014471043108392 0.10533139269163255 -0.13262650370801307 -0.026313076508031826 -0.12488313825989079 0.076356391689696101 -0.088942789569695105 0.085194689131596169 -0.1233520477473284 -0.042170575541090577 -0.11482822885802974 -0.083972542102347725 0.001751884978605441
leaf_weight=1026.4814990386367 996.29597125947475 80.275806196033955 79.47719956189394 100.89582490175962 194.80620563030243 2066.5989429429173 348.56286180019379 227.20878413319588 124.31019350141287 139.28131708502769 569.95402150601149 679.83708280324936 452.0424886494875 296.28151361644268 381.88457508385181 137.39014987647533 1989.2525515183806 186.02130075544119 681.42663858085871 53.857060693204403 746.56356816738844 146.51917117089033 708.30300003290176 780.55257780104876 170.78148517757654 393.89413826912642 116.07373625040054 1187.4015556424856 322.81439355015755 882.49170594662428
leaf_count=6912 1805 407 247 252 1147 7174 1271 1407 464 1259 2616 2650 3030 704 807 892 2246 1113 1191 390 3689 996 1731 5241 380 3065 549 9051 1967 3723
internal_value=-2.11547e-05 0.0386281 -0.0363191 -0.0103915 0.015197 0.0416663 0.09154 0.0168336 -0.0655717 -0.0186173 -0.0590081 -0.0109032 -0.0473884 0.0106784 0.0152607 -0.01633 0.106052 0.0263066 0.0649738 0.00511413 0.0180922 -0.0461783 0.0615889 -0.0468077 -0.0294457 -0.0863884 0.0671059 -0.105189 -0.00800229 -0.0212075
internal_weight=16267.5 7878.58 8388.95 4447.23 5460.49 3062.89 2418.09 2850.8 3941.72 2397.6 1596.44 2258.32 943.13 491.088 1315.19 817.227 2069.53 2623.59 928.842 1694.74 1508.72 247.415 762.16 2674.84 1894.29 518.204 497.958 1266.88 1376.09 1205.31
internal_count=68376 23941 44435 20297 20017 8979 3924 10769 24138 11038 9528 9779 4881 1851 4898 3542 2653 9362 2439 6923 5810 1248 2121 14840 9599 3529 1356 9298 6070 5690
is_linear=0
shrinkage=0.1


Tree=6
num_leaves=31
num_cat=0
split_feature=2 5 17 13 10 14 2 3 4 3 12 8 7 14 4 7 18 8 7 10 8 14 19 17 7 8 8 3 8 3
split_gain=1900.19 822.67 766.212 484.733 707.677 438.523 402.309 339.263 309.372 502.137 424.128 263.986 298.972 343.945 267.05 401.064 418.502 288.771 262.556 208.186 195.786 192.162 182.144 177.09 173.781 167.232 340.719 166.293 165.995 157.463
threshold=7.0970812932705121e-10 0.022217844611487372 0.082053444602272749 1.6744551658630373 1.6973536014556887 0.0070353201590478429 1.6754306127833451e-10 0.093281328414706252 9.2334639388169184e-12 0.040007287892738518 0.13386483490467074 5.4266540930959403e-12 0.013841971863515158 0.005574514390900732 3.5518626838335355e-11 0.045814295184116602 0.087078177660342523 1.029683871185181e-11 0.059580618595914479 1.3793878555297854 1.2851721531156814e-11 0.0052409276831895122 0.85534363985061657 0.16368519176136367 0.11042672088491835 2.180320396222112e-11 3.3757399046470735e-11 0.045351840080909443 1.0883554996243184e-11 0.027651628546136797
decision_type=2 2 2 2 2 2 2 2 2 2 2 2 2 2 2 2 2 2 2 2 2 2 2 2 2 2 2 2 2 2
left_child=1 3 6 4 8 -2 28 22 25 23 -11 -4 13 -13 27 17 24 19 21 -16 -15 -5 -7 -10 -17 -1 -27 -14 29 -3
right_child=5 2 11 18 -6 7 -8 -9 9 10 -12 12 14 20 15 16 -18 -19 -20 -21 -22 -23 -24 -25 -26 26 -28 -29 -30 -31
leaf_value=-0.14939937061019545 -0.090561733786025375 -0.18857461915291468 -0.14036589551596931 -0.11165693143284142 -0.12340227355045985 0.095742612189678833 0.016966449328234847 0.097052291647281574 0.020351232389637267 0.038623441707911071 -0.12485750447396776 -0.11074181347410993 0.1222834987844444 0.12185081876557169 -0.1300905989541857 -0.017772658732330218 0.052599349792723155 -0.10347652359403114 -0.10169596477131843 0.026677624614805641 -0.14425479835143643 0.0049841642076598044 -0.091728230402525077 0.12926242025061083 -0.12469437434121161 0.081689576468669062 -0.16559410070988123 -0.12435048416430977 -0.076053850857610225 0.10316405751133804
leaf_weight=278.14087736606598 149.46490573883057 18.818531349301338 183.45020536333323 149.98155716061592 1366.4669302329421 77.665753699839115 2166.3396850526333 2347.0008936747909 572.63519402593374 243.08283048868179 457.12457397580147 97.168578304350376 169.42867206037045 343.68608559668064 109.78924342989922 418.67889654636383 753.20426873862743 998.38200734555721 293.13932460546494 370.83337428420782 30.06742050498724 2423.9855003431439 155.77076493948698 201.94731263816357 238.65995530039072 119.82369717210531 104.15029740333557 32.597858123481274 57.460294619202614 1095.8530700281262
leaf_count=2361 933 152 1485 1012 10926 118 7594 3400 2248 823 3585 634 287 539 812 2023 2415 6764 1892 1236 221 10291 929 310 1927 375 798 264 305 1717
internal_value=-2.15981e-05 -0.0156255 0.0076651 -0.0421936 -0.0680649 0.075971 0.0425012 0.0856169 -0.0298148 -0.00673229 -0.0681037 -0.0233816 -0.0173575 0.0568681 -0.0286639 -0.0364352 0.00171385 -0.0728184 -0.0120247 -0.00913314 0.100443 -0.00181235 -0.0293555 0.0487463 -0.0565927 -0.0976119 -0.0333 0.082488 0.0896946 0.0982388
internal_weight=16024.8 13294.9 7084.42 6210.48 3343.37 2729.9 3338.47 2580.44 1976.9 1474.79 700.207 3745.95 3562.5 470.922 3091.57 2889.55 1410.54 1479 2867.11 480.623 373.754 2573.97 233.437 774.583 657.339 502.115 223.974 202.027 1172.13 1114.67
internal_count=68376 62996 28375 34621 21426 5380 9768 4447 10500 6966 4408 18607 17122 1394 15728 15177 6365 8812 13195 2048 760 11303 1047 2558 3950 3534 1173 551 2174 1869
is_linear=0
shrinkage=0.1


Tree=7
num_leaves=31
num_cat=0
split_feature=4 2 8 8 3 17 3 12 5 5 4 5 14 5 2 5 17 6 7 13 0 6 7 14 14 13 19 8 8 8
split_gain=1611.68 629.817 452.333 387.98 355.714 407.693 336.046 317.545 274.062 294.158 266.849 255.581 251.026 231.57 223.642 221.861 234.322 217.977 226.81 210.348 206.604 205.528 225.738 203.354 315.383 185.375 184.444 183.951 168.065 162.84
threshold=8.0515530820248634e-11 1.0726036173712113e-09 1.0727520272100642e-12 5.4266540930959403e-12 0.043360272424080928 0.089155717329545456 0.12848533534264964 0.86008363962173473 0.012315692841311938 0.0249051038525584 3.1237245359953168e-10 0.01411364247218186 0.0052409276831895122 0.0063541557198596886 4.7017249637305673e-10 0.03734018257527786 0.10628995028409093 1.9988271824123237e-11 0.045814295184116602 1.4726017117500307 4.465335077706957e-10 7.8037659859674576e-11 0.010739436939919118 0.0045120122376829394 0.0055972654372453698 1.2839471697807314 1.7665033936500552 1.3556350867466675e-11 6.8164743581317646e-11 2.8109120252558877e-12
decision_type=2 2 2 2 2 2 2 2 2 2 2 2 2 2 2 2 2 2 2 2 2 2 2 2 2 2 2 2 2 2
left_child=2 7 -1 25 13 11 10 12 20 14 -3 -6 -2 -5 -10 21 -17 -11 -19 27 -7 22 -15 -13 -25 29 -20 -14 -29 -4
right_child=1 6 3 4 5 8 -8 -9 9 17 -12 23 19 15 -16 16 -18 18 26 -21 -22 -23 -24 24 -26 -27 -28 28 -30 -31
leaf_value=0.10828430186044036 0.074121234704689939 0.096320246079946714 -0.095887087087620504 -0.064570143161683011 -0.068406329577410815 -0.14798728471222031 0.11382657828734505 -0.13044185946395401 -0.11063142083450524 0.08682777041222034 -0.10020145753182459 0.071704872618091595 -0.0063280830126919612 -0.12383641972126934 0.021943904122512951 0.085027759271219305 -0.15111998825057421 -0.095450719720788446 -0.06506497304264712 0.02634700227230008 0.075628068020587622 -0.052713571516537952 0.056354126956697885 -0.070202994309650449 0.022419470437395988 -0.1055901141889477 0.084520350700706279 -0.16051808783213187 0.12895488937767058 0.022587977067460772
leaf_weight=242.80967281758785 847.63428980112076 131.12615828961134 203.38647740334272 344.60329915583134 546.4676666110754 50.939418822526932 1327.2205076441169 135.40610785782337 1436.8407041952014 140.90743689239025 146.05688256025314 408.31887421011925 653.96554379910231 72.893095552921295 139.60434274375439 61.202296853065491 134.05704209208488 440.265963986516 155.70737116038799 2975.7453410699964 218.74500577896833 232.33888303488493 1504.6422754526138 537.78752475231886 1161.8613490462303 901.19067091494799 175.15739748626947 150.84043890237808 23.132710918784142 270.052111774683
leaf_count=268 1677 181 1354 2087 3429 461 1280 1330 11361 319 832 1053 2506 478 617 127 1074 3214 980 9723 556 1346 4204 3285 4221 7476 542 1262 39 1094
internal_value=-3.82526e-05 0.0386891 -0.026426 -0.0300059 -0.0213343 -0.0354389 0.0929118 0.0205149 -0.0623628 -0.0727399 -0.00723352 -0.00746274 0.0249094 0.0111556 -0.098891 0.0241698 -0.0771016 -0.0275381 -0.0484359 0.0139428 0.0333904 0.0350956 0.0480281 0.00833622 -0.00688729 -0.0789733 0.0141244 -0.0306398 -0.122028 -0.0283082
internal_weight=15770.9 6391.13 9379.78 9136.97 7762.34 5412.6 1604.4 4786.72 2758.17 2488.48 277.183 2654.44 4651.32 2349.74 1576.45 2005.13 195.259 912.038 771.131 3803.68 269.684 1809.87 1577.54 2107.97 1699.65 1374.63 330.865 827.939 173.973 473.439
internal_count=68376 18830 49546 49278 39354 30038 2293 16537 18050 17033 1013 11988 15207 9316 11978 7229 1201 5055 4736 13530 1017 6028 4682 8559 7506 9924 1522 3807 1301 2448
is_linear=0
shrinkage=0.1


Tree=8
num_leaves=31
num_cat=0
split_feature=2 5 17 13 10 14 3 8 3 17 14 5 8 8 14 7 14 18 13 14 5 6 7 7 12 7 5 17 3 14
split_gain=1359.83 594.745 564.955 379.162 573.434 362.322 317.08 255.877 254.189 249.889 406.92 542.79 239.626 276.686 405.372 385.617 380.083 311.563 282.097 272.369 236.168 225.444 205.077 204.15 200.602 158.591 156.68 152.612 194.042 181.418
threshold=7.0970812932705121e-10 0.022217844611487372 0.080455433238636367 1.6744551658630373 1.6973536014556887 0.0060765545349568137 0.081463782882451999 1.9213600404267533e-11 0.091779786788155723 0.15591708096590912 0.0041477724444121131 0.0087737340523152685 6.1651381053954247e-12 1.2851721531156814e-11 0.0056737666018307218 0.045814295184116602 0.005219953367486597 0.087078177660342523 1.1928146481513979 0.0043906760402023801 0.0081864026916272595 4.2966839419415699e-11 0.059580618595914479 0.027961129287134245 0.19345698505640033 0.0052998256049412058 0.056183021811666817 0.14659534801136367 0.1257907666143904 0.0061683468520641336
decision_type=2 2 2 2 2 2 2 2 2 2 2 2 2 2 2 2 2 2 2 2 2 2 2 2 2 2 2 2 2 2
left_child=1 3 6 4 9 -2 7 -3 -7 10 11 -1 -4 14 19 16 -15 -17 -16 -14 21 -11 27 -21 -20 -8 -10 28 -5 -30
right_child=5 2 12 22 -6 8 25 -9 26 20 -12 -13 13 15 18 17 -18 -19 24 23 -22 -23 -24 -25 -26 -27 -28 -29 29 -31
leaf_value=-0.13504795648436971 -0.15121737279615546 0.089759988779624766 -0.11295161927561859 -0.026802394252384079 -0.11202992111551116 -0.032056658357756576 -0.15311299564827238 -0.20633734952915922 0.065047411165966185 0.055788623803658559 -0.10346444265684547 0.055711692175890476 0.12169763544734079 0.115544554030545 -0.11787947734936957 -0.049943726376803034 -0.10096894502635766 0.045005740649931139 0.10945859907768002 -0.12518956722628774 0.11443686021806804 -0.12914567613909297 -0.090174229293483038 0.042815162813889945 -0.17809433817418552 0.019475555847481254 0.12176844232018269 0.058026284067092371 -0.13915123777605506 0.065909578296618684
leaf_weight=204.83805499970913 74.379994213581085 1056.1430478096008 256.04653358459473 1691.721413128078 1271.4125799611211 211.83113982528448 54.674597591161728 30.014610350131989 1588.2747977524996 148.85841304808855 664.9483522772789 548.78713881224394 80.310751289129257 89.36191913485527 67.36207240074873 639.27925534546375 874.73947328329086 752.24934914708138 591.00463654100895 276.54559993743896 216.42769392579794 118.30678436905146 284.81857517361641 97.944581024348736 25.298998117446899 2032.0736003741622 702.34738086163998 376.99752523750067 47.952526673674583 430.1979281231761
leaf_count=1878 611 1881 2013 8493 10926 994 360 231 3227 534 5165 1704 127 172 410 3976 6425 2429 981 1942 357 862 1892 290 206 6932 548 1144 382 1284
internal_value=-5.08405e-05 -0.0132722 0.00670397 -0.0363013 -0.0600366 0.0662824 0.0377605 0.0815777 0.0727471 -0.0252841 -0.0464464 0.00386253 -0.0195722 -0.0127294 0.0277486 -0.0322923 -0.0809005 0.0013852 0.0764179 -0.0454121 0.0367936 -0.0261045 -0.00970029 -0.0812494 0.0976547 0.0149536 0.0824391 -0.000700824 -0.0109042 0.0453445
internal_weight=15505.1 12928.3 6923.05 6005.27 3173.58 2576.83 3172.91 1086.16 2502.45 1902.17 1418.57 753.625 3750.14 3494.1 1138.47 2355.63 964.101 1391.53 683.666 454.801 483.593 267.165 2831.69 374.49 616.304 2086.75 2290.62 2546.87 2169.87 478.15
internal_count=68376 62996 28375 34621 21426 5380 9404 2112 4769 10500 8747 3582 18971 16958 3956 13002 6597 6405 1597 2359 1753 1396 13195 2232 1187 7292 3775 11303 10159 1666
is_linear=0
shrinkage=0.1


Tree=9
num_leaves=31
num_cat=0
split_feature=4 2 3 1 7 3 14 2 4 0 14 5 17 13 9 10 19 17 10 12 3 17 9 7 5 7 2 13 3 5
split_gain=1150.52 546.49 408.68 346.851 278.032 262.37 238.691 223.005 187.134 176.06 205.55 173.581 280.755 232.706 174.42 160.86 156.67 153.379 144.806 199.573 168.344 138.312 135.334 163.927 135.06 129.948 137.373 128.315 126.927 245.07
threshold=6.7528777772614089e-11 1.0115077860001367e-09 0.065888016657415865 0.11473706593739001 0.11411300857432792 0.12848533534264964 0.0097956699319183844 1.6718132605874677e-09 3.7125844441452047e-11 1.5325605679561178e-10 0.004994551884010435 0.020548809367469063 0.13474343039772732 1.8223089575767519 0.014322312444358217 4.0180885791778573 1.1340097188949587 0.16541637073863638 2.7098959684371953 0.18682612478733066 0.064715489429428882 0.11254882812500001 0.0012063760482532184 0.013345571777504428 0.027133036935285845 0.068546386564172432 6.1599157859043964e-10 1.4726017117500307 0.015309400620977031 0.0078476661092900402
decision_type=2 2 2 2 2 2 2 2 2 2 2 2 2 2 2 2 2 2 2 2 2 2 2 2 2 2 2 2 2 2
left_child=2 4 3 16 9 7 11 -3 -4 -2 24 12 22 21 -14 -6 28 -17 19 -12 -20 -13 -5 -24 -11 26 -21 -16 29 -1
right_child=1 5 8 6 15 -7 -8 -9 -10 10 18 13 14 -15 27 17 -18 -19 20 25 -22 -23 23 -25 -26 -27 -28 -29 -30 -31
leaf_value=-0.095961233323082318 -0.12102425551094192 0.040932998427616003 -0.091563050579460181 0.077383428304667531 -0.1097794972514322 0.099935648735080096 -0.062643585284802183 -0.16822237125909098 -0.038601999233424431 -0.11358832929585927 0.015084985930437396 0.086112705486073624 -0.15011025542393139 -0.14032848442181173 -0.10204331308993547 -0.1707804094790428 0.004224338244586073 0.074928323983716932 -0.09123776251269522 -0.085027657314639238 0.050963410121523202 -0.01489558504691361 -0.10523014911552393 -0.014086469714729597 0.082260331157667496 0.096568188677186723 0.049429296899265368 0.080903355996999382 -0.088937548710714326 0.081141730119262914
leaf_weight=167.76235856115818 86.982323989272118 244.12842458486557 937.81353941559792 109.18608012795448 273.06869501620531 1286.4225716143847 378.39706701785326 64.431501373648643 2311.8939102217555 37.13059525936842 2589.4768609330058 754.851850874722 38.849099040031433 56.951734088361263 41.132888942956924 32.703461833298206 431.40682975947857 113.84264923632145 89.016772374510765 465.0166754424572 1285.3663914725184 165.24071544408798 275.96392588317394 692.5444176197052 681.29353070259094 56.151740662753582 90.827659197151661 564.19030493497849 768.28275582939386 146.2461858317256
leaf_count=1470 673 682 7972 249 2219 1465 2455 434 13759 268 8860 1581 302 396 318 238 1920 288 511 3131 3574 854 2064 3350 1224 114 260 1322 5995 428
internal_value=-6.14908e-05 0.028232 -0.0267497 -0.00754171 0.0139783 0.0800721 0.0117358 -0.00274148 -0.0538857 0.0200917 0.0224102 0.0221641 0.00306055 0.0558307 0.0552894 -0.064422 -0.0467324 0.0200956 0.0146027 0.00294707 0.0417532 0.0679725 -0.0281583 -0.0400567 0.0721382 -0.0484109 -0.0630567 0.0684718 -0.0670441 -0.0134774
internal_weight=15236.6 7395.86 7840.71 4591.01 5800.88 1594.98 3077.31 308.56 3249.71 5381.26 5294.28 2698.91 1721.87 977.044 644.172 419.615 1513.7 146.546 4575.86 3201.47 1374.38 920.093 1077.69 968.508 718.424 611.996 555.844 605.323 1082.29 314.009
internal_count=68376 23941 44435 22704 21360 2581 12891 1116 21731 18615 17942 10436 7605 2831 1942 2745 9813 526 16450 12365 4085 2435 5663 5414 1492 3505 3391 1640 7893 1898
is_linear=0
shrinkage=0.1


Tree=10
num_leaves=31
num_cat=0
split_feature=2 5 17 13 10 2 5 6 14 8 8 19 7 14 17 4 3 17 14 13 14 7 6 2 6 5 9 8 13 2
split_gain=958.207 403.07 403.27 344.835 491.562 258.088 256.025 231.318 238.43 200.588 255.393 320.241 271.772 296.936 254.5 192.878 298.252 303.765 179.07 212.794 186.789 149.448 145.33 143.973 137.952 137.342 136.803 258.202 132.615 177.665
threshold=7.4846745832779645e-10 0.022217844611487372 0.080455433238636367 1.6744551658630373 1.6973536014556887 1.775436421539005e-10 0.056183021811666817 8.874428434985322e-10 0.0071651374455541381 6.9977404660953081e-12 1.2851721531156814e-11 0.72990506887435924 0.045814295184116602 0.0049131314735859641 0.12240323153409093 9.2334639388169184e-12 0.040007287892738518 0.082586115056818191 0.0056737666018307218 1.1928146481513979 0.0045967011246830234 0.056363934956203114 5.7952531718158723e-11 5.4987267615634236e-10 1.5315761277009369e-11 0.033794113034275056 0.014959773081243686 3.3757399046470735e-11 2.142716765403748 5.316854896398308e-10
decision_type=2 2 2 2 2 2 2 2 2 2 2 2 2 2 2 2 2 2 2 2 2 2 2 2 2 2 2 2 2 2
left_child=1 3 5 4 15 -3 7 8 -2 -4 14 23 13 -13 18 26 -17 -18 20 -20 -11 24 -22 -12 -5 -14 -1 -28 -26 -30
right_child=6 2 9 21 -6 -7 -8 -9 -10 10 11 12 25 -15 -16 16 17 -19 19 -21 22 -23 -24 -25 28 -27 27 -29 29 -31
leaf_value=-0.13136429856201257 -0.079614159322804079 0.071364892431860158 -0.088282285544617575 -0.096461871511129504 -0.10339383044226487 0.01119703202729468 0.11355550407687168 -0.061137768723537461 0.065503396090004398 0.10777658612839065 -0.10625218460948371 0.15876421292771825 -0.0088399980060189873 -0.080099618346539003 -0.13671267740154044 0.040325731887394252 0.035305219723349865 -0.1070765718313953 -0.094292833215934638 0.10172650800971557 -0.10699853566901932 -0.067224971354740565 0.072107464223624393 0.082449001169903682 0.023648921322369221 0.061024782981193126 0.077007968251000786 -0.14334396425225857 -0.061299886742996225 0.050312575398086701
leaf_weight=231.60774507373571 123.93277373164892 1092.7694733291864 353.27206423133612 131.40221209079027 1193.4277118369937 2050.9328598976135 636.66694150865078 202.83026267588139 1309.7212947681546 93.984820447862148 531.48214060813189 57.219634726643562 610.82593580335379 575.25993846356869 80.875753283500671 748.26465179771185 242.03832737356424 393.36006754636765 61.862968593835831 528.55029941350222 170.2421647682786 340.92437401413918 61.731302380561829 43.761830493807793 1712.7419299259782 521.69467242062092 119.97375786304474 95.512118630111217 483.63980235904455 202.26329074054956
leaf_count=2356 795 2207 2629 916 11017 7284 555 1001 2491 162 4675 39 2778 4133 669 2558 870 3538 365 861 1143 2178 140 118 6903 1434 380 798 2761 622
internal_value=-5.4991e-05 -0.0107345 0.0057919 -0.0298941 -0.0534591 0.0321117 0.05975 0.0388172 0.0529587 -0.0166267 -0.00904197 -0.0270998 -0.00598134 -0.0584899 0.0333343 -0.0209079 -0.00245733 -0.05284 0.0483421 0.0811878 -0.0111518 -0.00507149 -0.059336 -0.0918967 0.0033037 0.0233432 -0.0780086 -0.020661 0.00876904 -0.0283869
internal_weight=15002.8 12729.6 6834.47 5895.16 3024.18 3143.7 2273.15 1636.48 1433.65 3690.76 3337.49 2340.24 1765 632.48 997.247 1830.76 1383.66 635.398 916.372 590.413 325.958 2870.97 231.973 575.244 2530.05 1132.52 447.094 215.486 2398.65 685.903
internal_count=68376 63534 28637 34897 21517 9491 4842 4287 3286 19146 16517 13177 8384 4172 3340 10500 6966 4408 2671 1226 1445 13380 1283 4793 11202 4212 3534 1178 10286 3383
is_linear=0
shrinkage=0.1


Tree=11
num_leaves=31
num_cat=0
split_feature=4 3 14 8 8 14 5 13 14 6 8 3 14 5 2 17 5 6 19 17 6 13 14 2 5 3 3 7 7 12
split_gain=810.496 373.873 319.888 251.883 310.821 223.637 227.335 219.499 201.02 482.402 477.05 351.314 339.83 307.087 400.797 201.3 201.233 274.968 190.659 181.287 169.575 164.093 143.367 141.771 140.765 215.361 196.124 146.066 229.491 137.271
threshold=9.9902265402987991e-11 0.13539469837279947 0.0051789006683975467 1.0727520272100642e-12 5.4266540930959403e-12 0.0041477724444121131 0.010017175846159302 1.8990235924720766 0.005480110878124834 2.7349904796358687e-11 9.9731684422761565e-12 0.11655445591029244 0.0047382928896695384 0.012857084312672523 4.8355844147360542e-10 0.11618874289772728 0.0081864026916272595 4.5015124131713041e-11 2.0995022058486943 0.26276189630681823 4.0378490446968538e-11 3.1636465787887578 0.011037664022296669 2.0395618722755869e-09 0.023719156971885428 0.12762775003346799 0.035789294240633075 0.013579345760448424 0.065667464811962215 0.24999680370092395
decision_type=2 2 2 2 2 2 2 2 2 2 2 2 2 2 2 2 2 2 2 2 2 2 2 2 2 2 2 2 2 2
left_child=3 2 -2 -1 20 6 -6 -3 9 -7 11 -10 -11 15 24 21 17 -17 -14 23 -5 -12 -18 -4 25 26 -15 -26 -29 -27
right_child=1 7 19 4 5 8 -8 -9 10 12 13 -13 18 14 -16 16 22 -19 -20 -21 -22 -23 -24 -25 27 29 -28 28 -30 -31
leaf_value=0.091571994681296204 0.093123369836654923 -0.0023351531135462253 0.0097863567922807614 -0.07362497705905624 -0.13924533335215175 -0.096965569753730704 0.084798377527124685 0.092613654326705194 0.06952012612350926 0.086231405174658493 -0.069922330278079023 -0.1478858766616683 -0.087124049372639456 0.020781477510167016 0.032925144706307481 0.063900440912453907 0.097409613951835852 -0.11161075028800869 0.068037174303295991 -0.12732061349118515 0.052771639649402229 0.10387919081290409 -0.078756329966556238 -0.16044409426802203 0.054713865744181946 0.063116602968545585 -0.090041829682892899 -0.064757199800514795 0.031641288800694799 -0.15615802618943109
leaf_weight=213.27924567461014 440.4998741671443 301.55022718757391 2469.6597789525986 1237.6051303371787 51.317560538649559 874.24302509427071 385.58436727523804 1264.2028760910034 1004.9063023924828 340.27000890672207 311.22827780991793 80.264699228107929 315.27992348372936 178.9325055629015 751.21101860702038 206.5786943808198 544.72883593291044 157.18223188072443 105.75860989093781 105.61139278113842 116.09984973073006 65.809470795094967 50.476846769452095 49.911839693784714 201.22369692474604 180.32189606130123 1484.6196067258716 866.61556363850832 345.38266018033028 33.920058913528919
leaf_count=270 620 1114 8959 10077 438 6770 832 1648 2722 740 1987 593 2063 703 2443 595 1036 1137 341 1312 337 128 337 335 554 665 11971 5971 1385 293
internal_value=-6.87266e-05 0.034571 0.0142661 -0.0159486 -0.0182674 -0.0112074 0.0584827 0.0743274 -0.0149669 -0.0462856 -0.00704171 0.0534397 0.0119124 -0.0192451 -0.0329825 0.0223189 0.0466582 -0.0119385 -0.0481499 0.00103399 -0.0627846 -0.0395864 0.0824697 0.00641415 -0.0480267 -0.0659683 -0.0781216 -0.0241869 -0.0372866 0.0283997
internal_weight=14734.3 4631.44 3065.68 10102.8 9889.56 8535.86 436.902 1565.75 8098.95 1635.55 6463.4 1085.17 761.309 5378.23 4042.23 1336 958.967 363.761 421.039 2625.18 1353.7 377.038 595.206 2519.57 3291.02 1877.79 1663.55 1413.22 1212 214.242
internal_count=68376 13988 11226 54388 54118 43704 1270 2762 42434 9914 32520 3315 3144 29205 23985 5220 3105 1732 2404 10606 10414 2115 1373 9294 21542 13632 12674 7910 7356 958
is_linear=0
shrinkage=0.1


Tree=12
num_leaves=31
num_cat=0
split_feature=2 4 3 1 19 7 4 1 4 9 14 6 18 14 17 5 3 10 7 14 7 14 4 3 3 6 17 13 7 1
split_gain=701.742 321.516 284.178 271.2 211.685 188.129 173.887 151.716 153.092 150.116 286.234 197.562 148.627 129.461 126.72 125.949 124.798 123.628 155.795 296.299 171.43 136.396 178.848 129.311 125.753 120.606 119.265 113.157 112.447 107.862
threshold=1.0726036173712113e-09 6.7528777772614089e-11 0.052637730626510719 0.09879129344546346 2.0119552612304692 0.11042672088491835 3.4255290513479521e-11 0.3324321189992292 1.2558327928138549e-11 0.0028576276840439588 0.0034895768621936445 1.9295752886377358e-11 0.089154385133455943 0.004994551884010435 0.14841530539772732 0.0057922288412758068 0.025903109774704548 2.7437914609909062 0.013579345760448424 0.0056979546789079913 0.0050217596958375332 0.0052409276831895122 1.1490318645903984e-10 0.10919990523695873 0.053795618536896621 3.0346163072923983e-11 0.15471857244318185 1.2156510949134829 0.052703529037987119 0.11644471879606076
decision_type=2 2 2 2 2 2 2 2 2 2 2 2 2 2 2 2 2 2 2 2 2 2 2 2 2 2 2 2 2 2
left_child=1 2 3 9 -2 13 27 8 26 -1 15 -12 -7 25 -14 -11 -13 18 19 -15 -21 22 -20 -22 -19 -3 -5 -4 -10 -8
right_child=4 5 6 7 -6 12 29 -9 28 10 11 16 14 17 -16 -17 -18 24 21 20 23 -23 -24 -25 -26 -27 -28 -29 -30 -31
leaf_value=-0.12419681344380834 0.085182713972498214 -0.011602320538057619 0.036126994602608063 -0.10275389432008031 -0.027231198619106944 -0.10317027775893246 -0.14128540952492014 -0.083636009004447232 0.041437381537184813 -0.12663233290133352 -0.12363284150419634 0.029071442229420482 -0.11086043398767875 -0.095171986111787232 0.064321224514173089 0.17182167971996645 -0.067936270648104938 -0.18824682191793438 -0.070300341064377117 -0.085192987410281751 0.075106867628979959 -0.031920102546773882 0.10027038236326986 0.0056644992747154985 0.040493849610206127 0.080880239407617113 0.017276106301798967 -0.083475264290681223 -0.062044778344699084 -0.02320114524264957
leaf_weight=183.9366233125329 1147.308705933392 193.83799806982279 86.075748719274998 153.13993442803621 196.15307447314262 248.25167330354452 79.55138923227787 136.96844708174467 1828.1567228585482 16.679011411964893 231.51230988651514 304.36640395969152 58.480227708816528 183.64347039163113 140.49086260050535 92.872936867177486 235.01365876197815 24.502461865544319 91.594103157520294 99.91922352463007 778.59429275244474 1526.9766942411661 186.92000537365675 409.03098693490028 1258.0784407779574 517.39611969143152 180.18016270548105 976.7420724183321 111.40537756681442 2800.8198689445853
leaf_count=1868 1592 868 292 1224 829 2246 775 939 5756 197 2201 1307 358 1092 346 129 1808 193 469 540 1627 7645 240 1435 3638 898 774 9239 818 17033
internal_value=-6.86409e-05 -0.00710942 -0.0208457 7.0611e-06 0.0687696 0.0107102 -0.0392185 0.0185752 0.0247347 -0.0420329 -0.0248677 -0.046362 -0.05156 0.0159941 0.012833 0.126383 -0.0131959 0.00980394 -0.000498433 0.0236575 0.0406062 -0.0201817 0.0441753 0.0511902 0.036124 0.0556753 -0.0378702 -0.0737889 0.0354935 -0.0264624
internal_weight=14478.6 13135.1 7417.42 3474.23 1343.46 5717.72 3943.19 2409.85 2272.88 1064.38 880.444 770.892 447.223 5270.49 198.971 109.552 539.38 4559.26 3276.68 1471.19 1287.54 1805.49 278.514 1187.63 1282.58 711.234 333.32 1062.82 1939.56 2880.37
internal_count=68376 65955 44360 17021 2421 21595 27339 9511 8572 7510 5642 5316 2950 18645 704 326 3115 16879 13048 4694 3602 8354 709 3062 3831 1766 1998 9531 6574 17808
is_linear=0
shrinkage=0.1


Tree=13
num_leaves=31
num_cat=0
split_feature=2 5 14 17 3 13 5 8 10 14 6 5 6 8 7 2 12 7 14 19 13 7 4 3 7 8 14 17 6 14
split_gain=595.562 290.414 280.652 271.653 243.887 366.354 290.031 249.2 210.971 210.112 195.632 191.375 213.469 190.736 157.457 131.341 129.28 128.662 180.909 149.692 193.195 159.572 145.652 145.995 128.246 127.069 121.725 118.423 116.361 244.757
threshold=6.4267284742853473e-10 0.02326843364254419 0.0060543455183506021 0.080455433238636367 0.043360272424080928 1.669955909252167 0.0087737340523152685 2.1235516768273077e-11 2.3167583942413335 0.0041477724444121131 4.5015124131713041e-11 0.056183021811666817 8.874428434985322e-10 5.4266540930959403e-12 0.011174491522093754 1.5416790776439702e-10 0.084103971719741835 0.013841971863515158 0.0055488951038569221 2.2256921529769902 2.3259471654891972 0.045814295184116602 4.0560967453674719e-11 0.054352368406753247 0.060727662995266364 1.9727576435022652e-11 0.0047568168956786403 0.11618874289772728 2.2958130865455821e-11 0.0061448775231838235
decision_type=2 2 2 2 2 2 2 2 2 2 2 2 2 2 2 2 2 2 2 2 2 2 2 2 2 2 2 2 2 2
left_child=1 4 -2 8 6 9 7 -1 25 14 27 12 -4 -5 16 -7 -6 18 -15 22 21 26 23 -19 -17 28 -21 -9 29 -3
right_child=2 3 11 13 5 15 -8 10 -10 -11 -12 -13 -14 17 -16 24 -18 19 -20 20 -22 -23 -24 -25 -26 -27 -28 -29 -30 -31
leaf_value=-0.12708017789308851 -0.11685819619490712 0.035257877239518724 0.048336573015627243 -0.12879833395279924 0.19614162360581197 -0.10092799256489181 0.030405291766724154 -0.18075562095094874 -0.033027610546499934 -0.094712593374090243 -0.084425103594453946 0.10238174160945626 -0.054960446508647093 -0.090668129578354795 0.065713316196945953 0.0034054298599955277 -0.12491725132790094 0.084292592408928696 0.073746791421954089 0.11798818262100325 -0.18457601972532975 0.056092787122532621 -0.043203400719445603 -0.13796126979703 -0.075898483662986335 -0.15490164505020138 -0.080058003525648652 0.060651709981117408 0.056694384518809919 -0.13024617461020457
leaf_weight=258.54287606477737 103.79929602891207 503.78991569578648 1620.7875100150704 138.63265146315098 14.255743771791456 158.9068611189723 1301.53687351197 21.877524174749851 466.82173389196396 1291.4753969982266 195.75388397276402 558.4940642863512 228.23052065819502 82.978320747613907 160.11247924715281 1668.0241714790463 104.31846395134926 171.10165379196405 345.88943191617727 37.711740516126156 44.672150358557701 585.31632097810507 1622.9342801719904 35.726821072399616 232.31880584359169 32.798779249191284 175.27903682738543 285.53512275964022 1711.9887874647975 108.6202303096652
leaf_count=2910 885 1485 3840 1463 18 1295 4786 179 2018 13291 1309 588 1143 605 431 7984 1075 468 758 45 361 1697 10567 372 1599 234 1328 827 4170 645
internal_value=-6.52832e-05 -0.00950767 0.0441401 0.00571989 -0.0257293 -0.0413353 0.00172306 -0.0472864 0.028391 -0.0777197 -0.00628586 0.0510815 0.0355863 -0.014039 0.001028 -0.0135925 -0.0863175 -0.00890963 0.0419354 -0.0170682 0.0177984 0.029123 -0.0331314 0.0459012 -0.00628955 0.0405544 -0.0449923 0.0434716 0.0433124 0.00590322
internal_weight=14268.2 11756.9 2511.31 6064.26 5692.66 3629.41 2063.25 761.709 2824.02 1570.16 503.167 2407.51 1849.02 3240.24 278.687 2059.25 118.574 3101.61 428.868 2672.74 842.979 798.307 1829.76 206.828 1900.34 2357.2 212.991 307.413 2324.4 612.41
internal_count=68376 61920 6456 26216 35704 25693 10011 5225 8552 14815 2315 5571 4983 17664 1524 10878 1093 16201 1363 14838 3431 3070 11407 840 9583 6534 1373 1006 6300 2130
is_linear=0
shrinkage=0.1


Tree=14
num_leaves=31
num_cat=0
split_feature=2 4 3 1 3 4 15 10 17 3 9 7 14 13 18 4 18 10 14 5 9 17 5 14 17 3 9 8 5 14
split_gain=512.717 225.646 231.428 203.839 189.246 161.393 160.051 152.161 189.898 238.698 174.991 149.156 131.076 136.986 121.799 133.267 121.261 112.825 133.796 104.079 122.455 238.144 131.449 125.05 124.371 107.849 128.385 103.788 102.019 101.43
threshold=1.0726036173712113e-09 6.7528777772614089e-11 0.065888016657415865 0.11473706593739001 0.12848533534264964 2.8705096386587558e-10 4.9065942221204757e-05 2.4340246915817265 0.084805575284090925 0.094837878570086173 0.0056718397353600894 0.11042672088491835 0.012390453368425371 2.1074773073196416 0.17869060705892151 3.0756212977761615e-11 0.089154385133455943 1.5290503501892092 0.004994551884010435 0.031767230145594953 0.0028576276840439588 0.11388050426136366 0.01738984652810556 0.0031933756545186047 0.066561612215909102 0.037848161229083799 0.0092079480636060775 1.0557508901876223e-11 0.025527560108237184 0.0079799317754805105
decision_type=2 2 2 2 2 2 2 2 2 2 2 2 2 2 2 2 2 2 2 2 2 2 2 2 2 2 2 2 2 2
left_child=1 2 3 19 5 -2 -5 8 9 14 28 17 13 -9 15 -4 -13 -3 27 20 24 22 23 -22 -1 26 -23 -19 -11 -6
right_child=4 11 7 6 29 -7 -8 12 -10 10 -12 16 -14 -15 -16 -17 -18 18 -20 -21 21 25 -24 -25 -26 -27 -28 -29 -30 -31
leaf_value=0.094963882905113151 0.079402362327791215 -0.1141893650671799 -0.056099589990743874 0.018737390157313221 -0.078409289561472792 -0.081919026148533677 -0.074297061610720014 0.051512337058757254 -0.094615361656492869 -0.10716853360181454 0.0085772196857090057 -0.095643591038147624 -0.07749253665748107 -0.086425077262747285 -0.14445402682806002 0.052276025910221235 0.010692332926463127 0.064909297470716942 0.0092460023381538761 -0.098523934964843463 0.11027533193778311 -0.099327714193129968 0.1309855129783388 -0.1113037911682675 -0.1333759905330654 -0.10739654492504734 0.013243187409524208 -0.17105646521516898 -0.0029408664941752466 0.087484255709319336
leaf_weight=28.2384143024683 105.49451101571321 68.067457921802998 150.47187418490648 2674.5669460445642 38.343614116311073 150.47012466937304 198.64900118112564 417.98758912086487 704.8694811090827 580.50462730973959 241.32351139932871 236.42853476107121 154.55395321547985 86.978416673839092 45.219666451215744 461.33886846899986 196.26268098503351 627.89164842665195 4459.8795981183648 215.2842967286706 45.322087496519089 137.34505041688681 156.70631793141365 58.147109523415565 153.62379474192858 172.82553972303867 386.17105308920145 19.21051000803709 112.03563811630011 949.96968268603086
leaf_count=56 162 592 1186 11501 210 856 1390 1717 6946 6200 1252 2246 1213 533 377 1716 704 1310 16604 2097 191 1210 320 548 1835 1826 1730 139 516 1193
internal_value=-7.92303e-05 -0.00604093 -0.0177777 -0.00276803 0.061201 -0.0154312 0.0123052 -0.0392456 -0.0514075 -0.0322636 -0.064754 0.00899097 0.00308956 0.0277532 0.0139162 0.0256216 -0.0474111 0.0137068 0.0154114 -0.0347616 -0.0227032 -0.00840207 0.0732282 -0.0142466 -0.0979208 -0.0389017 -0.0162899 0.0579042 -0.0903071 0.0810481
internal_weight=14034.2 12789.9 7182.16 4226.88 1244.28 255.965 2873.22 2955.28 2295.76 1590.89 933.864 5607.74 659.52 504.966 657.03 611.811 432.691 5175.05 5106.98 1353.66 1138.38 956.517 260.176 103.469 181.862 696.342 523.516 647.102 692.54 988.313
internal_count=68376 65955 44360 22704 2421 1018 12891 21656 18193 11247 7968 21595 3463 2250 3279 2902 2950 18645 18053 9813 7716 5825 1059 739 1891 4766 2940 1449 6716 1403
is_linear=0
shrinkage=0.1


Tree=15
num_leaves=31
num_cat=0
split_feature=2 17 5 3 8 8 19 2 19 9 5 5 8 13 12 13 19 1 13 8 6 3 5 9 14 8 3 7 18 11
split_gain=436.852 179.484 240.237 263.026 343.504 229.9 177.379 180.432 169.781 157.123 175.244 146.734 116.854 194.34 133.649 172.826 158.816 114.895 113.785 112.531 111.044 108.599 154.505 110.747 99.4521 121.486 124.372 96.0961 102.711 120.971
threshold=1.0115077860001367e-09 0.089643998579545456 0.016614681819845517 0.082786851508746609 1.9213600404267533e-11 7.7517103708237106e-12 2.0119552612304692 4.7017249637305673e-10 2.0119552612304692 0.01526120536453165 0.013454435645326137 0.023719156971885428 1.4222411703317214e-11 1.53893119096756 0.14500473439693454 1.2756394147872927 0.54779970645904552 0.10053756876600893 1.3301738500595095 1.0727520272100642e-12 5.9436881069121203e-10 0.11210853621056922 0.025527560108237184 0.0015300640143899658 0.006493959343060852 1.9727576435022652e-11 0.096426158389516681 0.045814295184116602 -0.056821006604216309 1.515403802443416e-09
decision_type=2 2 2 2 2 2 2 2 2 2 2 2 2 2 2 2 2 2 2 2 2 2 2 2 2 2 2 2 2 2
left_child=1 2 5 4 17 19 7 20 -2 -8 -11 -12 14 -14 15 -5 -16 -4 -18 -1 -3 -17 -23 -24 -15 -26 -27 -13 29 -29
right_child=8 6 3 12 -6 -7 9 -9 -10 10 11 27 13 24 16 21 18 -19 -20 -21 -22 22 23 -25 25 26 -28 28 -30 -31
leaf_value=0.068622839144799316 0.071660225332187105 -0.035464169705281406 -0.15015705286775535 0.056102873574935389 -0.1142617317269959 -0.00081430508751045903 -0.063062098039289249 0.02682625958105583 -0.026778047347182473 0.05411006406711142 -0.0488545752279963 -0.05967532849107994 -0.13531555857163929 -0.10646022522431181 -0.16421161093758033 0.0073980978383820133 -0.11797001938699817 0.063628951308912371 0.057834987995585951 -0.10303743008402738 -0.13317678915644945 -0.10130281630058438 0.079495670746194569 -0.035356423146388732 0.12638764791685853 -0.12856856583758478 0.042671511265083201 0.16733721987166006 0.044671840984927332 -0.13757766642570354
leaf_weight=41.934672720730305 1070.6892495155334 3296.1479734256864 25.545717090368271 388.55820924043655 121.37121076881886 866.86946814879775 308.60382713750005 475.64456634223461 209.49370642751455 703.01685663312674 525.61679176986217 135.38858687877655 66.343195766210556 42.647290699183941 120.40122529864311 812.96661443263292 60.514622882008553 1577.548547282815 94.002984143793583 427.48726082593203 120.55814640969038 299.14750846475363 107.67325664311647 381.16026377677917 166.35623906552792 45.656848944723606 597.23464090377092 16.355850130319595 669.15358018875122 63.630722247064114
leaf_count=73 1775 23359 250 908 847 4400 2162 1645 915 2065 3753 1019 527 282 891 3313 381 3631 266 4913 1630 2765 265 1684 224 306 1657 31 1993 446
internal_value=-9.67677e-05 -0.00576985 0.00625296 0.0164893 0.0479417 -0.031337 -0.017658 -0.0308788 0.0555514 0.00359078 0.0133247 -0.00700853 -0.000552539 0.0295378 -0.0127544 -0.00372341 -0.0781086 0.0602222 -0.0110165 -0.0877026 -0.038912 -0.0182436 -0.0446983 -0.0100584 0.0423761 0.0502198 0.0305104 0.0178578 0.03187 -0.0752279
internal_weight=13837.7 12557.5 6243.42 4907.13 1724.47 1336.29 6314.12 3892.35 1280.18 2421.77 2113.16 1410.15 3182.66 918.238 2264.42 1989.51 274.919 1603.09 154.518 469.422 3416.71 1600.95 787.981 488.834 851.895 809.248 642.891 884.529 749.14 79.9866
internal_count=68376 65686 27583 18197 4728 9386 38103 26634 2690 11469 9307 7242 13469 2996 10473 8935 1538 3881 647 4986 24989 8027 4714 1949 2469 2187 1963 3489 2470 477
is_linear=0
shrinkage=0.1


Tree=16
num_leaves=31
num_cat=0
split_feature=4 3 14 8 8 14 14 8 6 3 14 5 3 5 11 14 5 3 19 7 7 17 5 6 13 9 13 7 14 6
split_gain=370.857 214.719 196.835 157.829 205.22 180.108 180.557 349.411 328.66 237.621 232.552 186.928 257.372 160.24 147.835 145.588 140.478 152.693 133.149 129.607 185.164 127.416 163.614 193.83 127.411 125.187 120.937 113.52 189.161 115.863
threshold=9.9902265402987991e-11 0.13539469837279947 0.0051599689759314069 1.0727520272100642e-12 5.05944974326618e-12 0.0041477724444121131 0.005480110878124834 9.9731684422761565e-12 2.7349904796358687e-11 0.11655445591029244 0.0047568168956786403 0.012857084312672523 0.10526709550747836 0.010017175846159302 7.2084935798244495e-09 0.0060987016186118135 0.023719156971885428 0.045989374796981397 2.0995022058486943 0.065667464811962215 0.014185622087124043 0.11618874289772728 0.0081864026916272595 4.5015124131713041e-11 1.4799531698226931 0.0653033455244698 3.1636465787887578 0.013579345760448424 0.0056979546789079913 2.3170463978140488e-11
decision_type=2 2 2 2 2 2 2 2 2 2 2 2 2 2 2 2 2 2 2 2 2 2 2 2 2 2 2 2 2 2
left_child=3 2 -2 -1 -5 13 8 9 -7 -8 -10 21 16 -6 -3 -14 17 24 -12 20 -18 26 23 -23 -13 -17 -9 28 -4 -30
right_child=1 14 27 4 5 6 7 11 10 -11 18 12 15 -15 -16 25 19 -19 -20 -21 -22 22 -24 -25 -26 -27 -28 -29 29 -31
leaf_value=0.079433132559979788 0.077473436235580506 0.020035392276255459 -0.18563621919803716 -0.053779090611073832 -0.1211808127444205 -0.08476707127620986 0.062179234425076384 -0.058396246049842816 0.068648748489297196 -0.11729202536051093 -0.077795471115623627 -0.10634530933884259 -0.15032273975411339 0.076593251676344953 0.087269957942521195 0.028320318741501389 0.052901181598608175 -0.085617076064083114 0.056750272963890652 0.036162118448884603 -0.061960256807229712 0.048820430947453461 0.071511444316649839 -0.10050755783610839 0.023134825666835324 -0.10175345341916109 0.094214088010534214 -0.013361476217723413 -0.019094575183751586 0.074688980291594903
leaf_weight=188.47264581173658 369.34024100750685 582.42506874352694 36.888257369399071 1088.7551095187664 45.864281438291073 824.71106085926294 984.76451910287142 297.53532010316849 335.00114518404007 79.746684029698372 297.92691356688738 103.90713799744844 52.728732168674469 383.6462475284934 745.8050524070859 1095.0372646898031 176.70455937832594 1001.3436109088361 97.663850121200085 320.8312408849597 682.14879093319178 203.55666768550873 570.18688163161278 151.7054962143302 282.93669913709164 79.352846555411816 62.905300877988338 1865.9241124391556 186.13287180662155 450.72611472755671
leaf_count=270 581 1813 268 9662 464 7244 2774 1987 846 612 2088 922 427 882 949 4282 480 9592 341 1290 5241 595 1373 1137 1170 581 128 8743 721 913
internal_value=-9.13662e-05 0.0244736 0.00926256 -0.0111558 -0.0130078 -0.00754787 -0.011063 -0.00335972 -0.0415005 0.0487343 0.00733993 -0.0142741 -0.0254392 0.0554744 0.0577878 0.0122328 -0.0434417 -0.0650031 -0.0445787 -0.0180695 -0.0383281 0.0186771 0.038322 -0.0149462 -0.0116438 0.0195313 -0.0317622 -0.000657231 0.0345268 0.0472791
internal_weight=13644.7 4237.24 2909.01 9407.43 9218.96 8130.21 7700.69 6145.39 1555.3 1064.51 730.592 5080.88 3794.99 429.511 1328.23 1227.12 2567.87 1388.19 395.591 1179.68 858.853 1285.89 925.449 355.262 386.844 1174.39 360.441 2539.67 673.747 636.859
internal_count=68376 13988 11226 54388 54118 44456 43110 32591 10519 3386 3275 29205 23985 1346 2762 5290 18695 11684 2429 7011 5721 5220 3105 1732 2092 4863 2115 10645 1902 1634
is_linear=0
shrinkage=0.1


Tree=17
num_leaves=31
num_cat=0
split_feature=2 5 5 14 7 17 3 13 10 5 14 8 2 14 6 13 3 19 17 8 14 19 4 17 7 8 17 13 17 1
split_gain=317.091 190.644 174.096 207.783 356.522 255.816 176.199 155.246 268.58 177.985 161.529 159.82 160.964 149.426 154.565 144.189 249.203 142.015 128.553 124.497 281.928 117.361 132.111 114.618 107.547 105.345 160.422 110.887 102.075 225.65
threshold=6.4267284742853473e-10 0.056183021811666817 0.022217844611487372 0.007292698835954071 0.046436008290935839 0.11481267755681819 0.071507721434337312 1.5603104233741762 1.5401674509048464 0.0087737340523152685 0.0052409276831895122 1.172136296912503e-10 4.7017249637305673e-10 0.0060543455183506021 6.9573106614997774e-10 1.8990235924720766 0.10273197348742046 0.25947105884552008 0.13607510653409094 4.4185919625373605e-11 0.0041477724444121131 0.46163345873355871 3.1080989013313026e-11 0.1448197798295455 0.0048613274781067663 5.6637252594885499e-12 0.063365589488636367 1.9383831024169924 0.072199041193181837 0.29920977699438228
decision_type=2 2 2 2 2 2 2 2 2 2 2 2 2 2 2 2 2 2 2 2 2 2 2 2 2 2 2 2 2 2
left_child=2 13 7 5 15 6 25 8 9 -1 -9 18 -13 -2 -15 -5 -17 -6 21 20 -11 22 -12 -16 -8 26 -4 -27 -26 -30
right_child=1 -3 3 4 17 -7 24 10 -10 19 11 12 -14 14 23 16 -18 -19 -20 -21 -22 -23 -24 -25 28 27 -28 -29 29 -31
leaf_value=-0.068320633960712404 -0.10389584898678988 0.091580338907631925 0.057714385613102215 -0.12586103777957666 -0.11032636116997008 -0.065301584628856768 -0.18913642896881949 -0.088660068228036473 -0.082878423178693275 0.05128520000343724 -0.11377742786009726 -0.08528708256861324 0.026143664299525485 0.039954422793984333 -0.090118123397038494 -0.12090488734345398 0.085029389766148322 0.017130941230510583 0.05337731363957491 0.12281899654554605 -0.07924880587177939 -0.023528993012879473 0.04633937428751278 0.033435322903513504 0.021297460669001761 0.067699174590280256 -0.098851844657819238 -0.15091757604933759 -0.056524771040411127 0.09471991138880563
leaf_weight=361.40304484218359 93.271940637379885 457.72310867533088 162.24631069600582 368.43288649991155 94.809366397559643 352.56362631171942 27.595420509576797 219.86569361761212 900.77040567621589 434.9397631585598 56.633929409086704 373.54191445559263 198.53257612138987 1422.1765044331551 178.56968638300896 127.23878482729197 109.18680150061846 1121.4495753310621 574.21456348150969 96.406124610453844 267.05014293640852 972.99568815529346 571.84375854954123 129.55833575129509 1815.8534114062786 1188.4814161360264 109.68705237284303 23.663344144821167 487.82310188561678 123.64860951900482
leaf_count=3497 883 590 356 3522 1489 3084 214 2049 10420 1372 540 3067 767 3542 1022 1086 334 4575 1783 124 2470 5767 2176 419 5946 2903 1052 181 2841 305
internal_value=-8.67468e-05 0.0338796 -0.00704199 0.00429572 -0.024007 0.0163059 0.0236103 -0.020825 -0.041912 -0.010095 -0.00618325 0.000416233 -0.0466162 0.0193966 0.0260426 -0.0867493 -0.0257997 0.00719544 0.0127829 0.0162614 0.00162761 -0.00177236 0.0319108 -0.0381677 0.00716588 0.0508121 -0.00543818 0.0634314 0.00939757 -0.0259409
internal_weight=13422.2 2281.3 11140.9 6112.68 1821.12 4291.56 3939 5028.2 2060.57 1159.8 2967.63 2747.76 572.074 1823.58 1730.3 604.858 236.426 1216.26 2175.69 798.396 701.99 1601.47 628.478 308.128 2454.92 1484.08 271.933 1212.14 2427.33 611.472
internal_count=68376 6456 61920 27888 11006 16882 13798 34032 17883 7463 16149 14100 3834 5866 4983 4942 1420 6064 10266 3966 3842 8483 2716 1441 9306 4492 1408 3084 9092 3146
is_linear=0
shrinkage=0.1


Tree=18
num_leaves=31
num_cat=0
split_feature=2 19 5 8 8 8 3 17 3 13 8 2 13 5 5 17 10 3 6 19 5 9 3 4 8 3 5 3 12 14
split_gain=271.929 135.641 121.276 104.103 137.086 161.446 238.732 226.436 220.658 242.248 263.129 130.058 164.036 138.537 204.734 150.211 134.836 123.319 132.539 123.107 122.735 122.62 116.067 178.195 114.241 115.012 154.948 113.27 111.491 122.702
threshold=1.0726036173712113e-09 1.3118976950645449 0.0066493820459931048 1.0727520272100642e-12 5.4266540930959403e-12 9.8973383886889249e-12 0.12318998028535351 0.12391246448863637 0.028943620736356607 1.4147065877914431 1.3556350867466675e-11 4.8355844147360542e-10 2.2910538911819462 0.012730803135899018 0.027566423964561038 0.10673384232954546 2.1873309612274174 0.015309400620977031 4.0378490446968538e-11 2.0703185796737675 0.016614681819845517 0.0028576276840439588 0.1257907666143904 3.2020358297317123e-11 3.550334068166561e-12 0.037183486613497761 0.019326903222708889 0.082324633439419301 0.14173804968595508 0.0063540106639266023
decision_type=2 2 2 2 2 2 2 2 2 2 2 2 2 2 2 2 2 2 2 2 2 2 2 2 2 2 2 2 2 2
left_child=2 -2 -1 -4 17 6 7 20 -7 10 -10 12 13 15 22 -11 -16 21 24 -8 -6 -5 -15 -24 25 -19 -27 -22 -29 -30
right_child=1 -3 3 4 5 8 19 -9 9 11 -12 -13 -14 14 16 -17 -18 18 -20 -21 27 -23 23 -25 -26 26 -28 28 29 -31
leaf_value=-0.055496804631714483 0.071297010918406498 -0.0069928706001185087 0.074459754505092138 -0.14668985035101806 -0.023599629033158626 0.048993830047312392 -0.076625130359365454 -0.12133081126207329 -0.0091052297881658497 -0.060082288180253456 -0.10363199299965252 0.018307586599003913 -0.081481447068275245 -0.051539836822638463 -0.043455909338220217 0.068674757165678238 0.031417645675079396 -0.12232383155895668 0.033941646131278931 0.13021396346121902 0.061219086644820467 0.13147875898503522 0.34579946976758591 0.00081975489919293833 -0.10596428150014532 -0.088347452054158435 0.042971691066851621 0.033195515015752443 -0.10115518934628198 0.07335924752552829
leaf_weight=446.61082625389099 753.52729655429721 313.31345565989614 173.6056395471096 20.126983992755413 322.27380078658462 617.96905325353146 323.45844918489456 96.884311247617006 612.1576509103179 117.3160239122808 567.46505679562688 1704.2904481887817 337.71102511137724 1387.9211434200406 319.80490087717772 397.97677585482597 970.14408730715513 109.27823937311769 168.87076354771852 31.584953259676695 1344.9977042935789 74.520769942551851 16.064687110483646 220.33238416910172 358.82276919111609 143.37646934762597 240.6903278529644 817.74550424516201 139.49914457648993 56.650756850838661
leaf_count=4043 1250 1171 261 200 2328 1884 2443 970 2959 925 6930 5743 2424 10946 2261 900 3659 1068 547 56 3420 150 32 1112 4140 1949 972 2580 932 121
internal_value=-9.98472e-05 0.0483046 -0.00435419 -0.00240056 -0.00355905 1.38101e-05 0.0189898 0.0288581 -0.00816509 -0.0134758 -0.0545779 -0.00461452 -0.0149843 -0.00843632 -0.0168877 0.0393608 0.012855 -0.0368711 -0.0469934 -0.0582246 0.0342852 0.0723258 -0.0405077 0.0242633 -0.063032 -0.0318062 -0.00605123 0.0421934 0.0169547 -0.050753
internal_weight=13205 1066.84 12138.2 11691.5 11517.9 10402.2 3133.09 2778.05 7269.15 6651.18 1179.62 5471.56 3767.27 3429.56 2914.27 515.293 1289.95 1115.69 1021.04 355.043 2681.17 94.6478 1624.32 236.397 852.168 493.345 384.067 2358.89 1013.9 196.15
internal_count=68376 2421 65955 61912 61651 52625 12850 10351 39775 37891 9889 28002 22259 19835 18010 1825 5920 9026 8676 2499 9381 350 12090 1144 8129 3989 2921 7053 3633 1053
is_linear=0
shrinkage=0.1


Tree=19
num_leaves=31
num_cat=0
split_feature=2 3 2 17 5 4 3 5 8 8 10 17 3 18 12 13 12 14 17 1 3 3 14 14 9 8 13 17 17 9
split_gain=228.677 131.25 113.039 111.185 99.6747 90.5982 162.171 107.6 99.4089 162.852 98.334 141.517 150.335 132.309 140.143 106.337 98.1122 96.2786 102.453 139.535 142.001 92.6386 92.0018 158.877 213.151 142.948 209.98 130.749 123.113 151.525
threshold=1.0726036173712113e-09 0.12848533534264964 1.6718132605874677e-09 0.20669833096590912 0.014402928534572961 6.7528777772614089e-11 0.065888016657415865 0.0063541557198596886 2.180320396222112e-11 3.4598895694459455e-11 2.4340246915817265 0.083651455965909102 0.094837878570086173 0.16066788248082794 0.13958324491977694 2.0009982585906987 0.25919850170612341 0.011037664022296669 0.17575905539772732 0.07312049810432332 0.015309400620977031 0.035789294240633075 0.0043202575761824855 0.0054342811927199372 0.0096075925309973675 1.2576143817815456e-11 1.417396128177643 0.080988103693181837 0.10628995028409093 0.01526120536453165
decision_type=2 2 2 2 2 2 2 2 2 2 2 2 2 2 2 2 2 2 2 2 2 2 2 2 2 2 2 2 2 2
left_child=3 2 -2 5 -3 6 7 8 -1 -10 11 12 -8 14 -14 16 -12 18 19 20 -9 -7 -21 24 27 -25 -27 -24 -28 -30
right_child=1 4 -4 -5 -6 21 10 17 9 -11 15 -13 13 -15 -16 -17 -18 -19 -20 22 -22 -23 23 25 -26 26 28 -29 29 -31
leaf_value=-0.11285121179697488 0.021648651772894489 -0.15969685427619307 -0.13356119472839789 -0.080359523593156873 0.070254270035806296 -0.14156534940257087 0.014566697146281147 0.041813696565649539 0.061466275734138237 -0.11285117570274439 0.063076972470102743 -0.080048525317593294 -0.090209574002874604 0.073446989728571832 0.0086760802790026171 -0.058747101866845855 -0.036663070023935304 -0.054954565778995913 0.078123613822950841 0.047610460027449002 -0.10533392804733893 0.0081508543107264003 0.015757784696790979 0.069717928322453923 0.038746781499686578 -0.10585161449527739 -0.063848600771739317 -0.15088393529769117 -0.11740500862651289 0.04216700594609623
leaf_weight=146.13109213113785 175.77308601886034 19.321007546037436 64.011847101151943 187.73645390570164 773.41182647272944 41.658682391047478 612.6393527649343 97.368305176496506 136.638811647892 88.179892718791962 306.46072196960449 620.83935990929604 542.09084061905742 77.308884505182505 194.8283686414361 186.63445253670216 145.42427583411336 226.76739685982466 221.2892113737762 648.75515928864479 200.89135265722871 5221.8891094364226 62.911135505884886 406.97841359302402 160.34329049289227 159.07432943210006 159.95521370694041 187.15145711228251 63.918192740529776 862.35704051703215
leaf_count=2244 584 134 434 2141 1269 444 3191 411 464 776 1083 7065 6463 402 1069 1194 1174 1823 518 2142 2372 19694 271 1187 657 2023 1149 1995 518 3485
internal_value=-0.000112262 0.0450411 -0.0197854 -0.00400837 0.0646497 -0.00279141 -0.0106746 0.00254074 -0.0486416 -0.00690568 -0.0295105 -0.0401945 -0.0228537 -0.0510095 -0.064066 0.00475268 0.0309789 0.00803161 0.0124523 0.00762379 -0.0572969 0.00696592 0.0147651 0.00443459 -0.0512518 0.0182664 0.00145146 -0.10896 0.0171656 0.0311556
internal_weight=12998.7 1032.52 239.785 11966.2 792.733 11778.5 6514.94 3828.71 370.95 224.819 2686.23 2047.71 1426.87 814.228 736.919 638.519 451.885 3457.76 3230.99 3009.7 298.26 5263.55 2711.44 2062.69 410.406 1652.28 1245.3 250.063 1086.23 926.275
internal_count=68376 2421 1018 65955 1403 63814 43676 22035 3484 1240 21641 18190 11125 7934 7532 3451 2257 18551 16728 16210 2783 20138 13427 11285 2923 8362 7175 2266 5152 4003
is_linear=0
shrinkage=0.1


Tree=20
num_leaves=31
num_cat=0
split_feature=5 1 3 14 3 7 8 11 10 14 7 14 6 13 12 3 2 17 14 5 19 8 9 3 3 10 9 13 18 7
split_gain=203.08 140.587 129.883 202.324 123.495 91.2188 124.497 93.2942 106.272 95.8667 254.6 238.691 183.61 301.362 280.364 182.646 146.475 184.52 143.213 140.981 138.708 121.476 117.034 113.652 105.67 109.685 102.317 102.052 104.244 100.332
threshold=0.068096993061163055 0.63755003077714056 0.1520232345222465 0.0054572536610066899 0.071149955048624439 0.0048613274781067663 1.0727520272100642e-12 1.2050018316500656e-08 3.1462483406066899 0.0055972654372453698 0.015863840676614494 0.0037390968063846235 3.5454654786802323e-11 1.3643588423728945 0.18201600760221484 0.086437245469664914 4.7017249637305673e-10 0.11991743607954546 0.0047177444212138661 0.011892838359338487 1.3514842987060549 2.7092874750214871e-12 0.0033533511384721978 0.03372686506023205 0.11135454035115354 2.7809311151504521 0.0047345156865910999 1.2103217244148257 -0.20466473535634574 0.018439063858500786
decision_type=2 2 2 2 2 2 2 2 2 2 2 2 2 2 2 2 2 2 2 2 2 2 2 2 2 2 2 2 2 2
left_child=1 5 3 -2 -3 6 -1 9 -9 10 11 19 14 -14 15 -11 17 24 21 -7 -19 -12 23 -21 -15 -26 -18 -13 -29 -16
right_child=2 4 -4 -5 -6 7 -8 8 -10 12 18 27 13 16 29 -17 26 20 -20 22 -22 -23 -24 -25 25 -27 -28 28 -30 -31
leaf_value=0.087785872535045106 0.079629493611504829 -0.18555248827985943 0.099681388210135891 -0.036297344420858545 0.074357594424281553 -0.074776959478882563 -0.10468096502183265 -0.18751371601041383 -0.029343102907960484 0.075038514742669343 -0.17753582207422802 0.06111949766856372 -0.11969370136279017 -0.063329185379318892 -0.086409438161763746 0.010745711431672208 -0.066844138503005898 -0.04164195238259269 -0.015943889601350684 -0.05949909667486996 0.018612678879595258 0.055960410759283444 0.14389084705859187 0.068241558674582245 0.01699934711872492 -0.1597781026547129 0.026096939386453629 0.023430081134779939 -0.074670847660613507 0.0089057696070165074
leaf_weight=41.278065800666809 287.72683698683977 19.380032487213612 297.77207085862756 315.77578811720014 322.38348780944943 121.992735799402 180.87530179321766 55.394190862774849 182.18455364182591 954.78617298603058 23.052198767662048 65.751265119761229 225.72436470910907 888.42230949923396 244.71217572316527 822.50628289580345 126.67017172649503 504.48309694603086 705.97907716780901 116.68799363821745 1574.2271093316376 665.79697041586041 96.54394606500864 172.77789291366935 349.01448452100158 39.02311272919178 1825.215034507215 118.34337252378464 1278.7741635963321 201.26970493420959
leaf_count=53 509 165 357 1824 634 1576 1877 421 873 2387 224 229 2752 6997 2624 3115 651 4481 3732 764 7339 1855 120 441 1673 368 5611 671 12817 1236
internal_value=-0.000132403 -0.00359215 0.0456376 0.0189721 0.0596191 -0.00545748 -0.0689189 -0.00421637 -0.0662224 -0.00289182 -0.0169857 -0.0401235 0.00322414 -0.00652919 0.027496 0.0452847 -0.00171598 -0.0143874 0.0157078 0.0189317 0.00398946 0.0481465 0.0485469 0.0167474 -0.044314 -0.000778328 0.0200654 -0.0606313 -0.0663612 -0.0433941
internal_weight=12824.5 11923.2 901.275 603.503 341.764 11581.5 222.153 11359.3 237.579 11121.8 3365.7 1970.87 7756.05 5532.78 2223.27 1777.29 5307.06 3355.17 1394.83 508.003 2078.71 688.849 386.01 289.466 1276.46 388.038 1951.89 1462.87 1397.12 445.982
internal_count=68376 65686 2690 2333 799 64887 1930 62957 1294 61663 22429 16618 39234 29872 9362 5502 27120 20858 5811 2901 11820 2079 1325 1205 9038 2041 6262 13717 13488 3860
is_linear=0
shrinkage=0.1


Tree=21
num_leaves=31
num_cat=0
split_feature=3 1 5 0 3 13 5 8 14 6 6 14 14 17 7 12 3 9 17 5 1 5 14 17 17 5 3 19 3 8
split_gain=181.046 129.44 109.655 187.465 175.985 231.98 180.537 161.956 142.574 126.23 123.3 117.309 106.926 105.388 99.0938 109.665 100.562 167.61 136.987 135.855 99.404 94.1888 91.1211 87.6867 121.049 80.5866 74.4494 71.9606 69.4832 68.7366
threshold=0.23336729074888582 0.58785074741964716 0.028033593155847639 1.3347660717388045e-10 0.045989374796981397 1.669955909252167 0.0087737340523152685 2.1235516768273077e-11 0.0041477724444121131 1.1875511573771503e-11 3.8518931403071144e-11 0.081261787563562407 0.011037664022296669 0.040371981534090919 0.0048613274781067663 0.11064748838543893 0.10526709550747836 0.0049512315542452837 0.10717773437500001 0.012315692841311938 0.33699646086568275 0.014501729180596694 0.0052630745340138682 0.16057794744318185 0.17114257812500003 0.016614681819845517 0.070407287483693029 -0.18245410174131391 0.13975304158126456 9.6892104883849665e-12
decision_type=2 2 2 2 2 2 2 2 2 2 2 2 2 2 2 2 2 2 2 2 2 2 2 2 2 2 2 2 2 2
left_child=1 2 4 -4 6 8 7 -1 21 25 -9 29 13 -8 -7 22 19 -18 -19 20 -17 -6 -16 -21 -25 -10 -3 -11 -20 -5
right_child=-2 26 3 11 5 14 12 10 9 27 -12 -13 -14 -15 15 16 17 18 28 23 -22 -23 -24 24 -26 -27 -28 -29 -30 -31
leaf_value=-0.11396209584377025 0.076339407734030265 -0.085491830361473856 -0.085021491242830996 0.027071777232912195 -0.081137790332806325 -0.12468724430532202 -0.26958430047602261 0.051818859137050213 -0.11674140619994283 0.13143760935808976 -0.049463609488124824 -0.13349685689603408 -0.060818418448990857 0.039161989708236089 -0.14699027394640829 0.093204775170780657 -0.1429128933063257 0.031248744526006879 -0.02205267641104507 -0.054406018701512605 -0.055058865188738516 0.047669157370602545 0.10796656407782977 0.13800129177411799 -0.078169328503859159 0.2322926801915382 0.050497413979239104 -0.075240224832963817 -0.15634733014799765 0.0026098430485728512
leaf_weight=181.19166879728436 302.2437655441463 43.122360154986382 213.45156708359718 1917.8035226948559 79.509920291602612 69.678770270198584 11.14323068410158 221.5262418165803 9.3899251446127909 17.067474111914635 262.77527348697186 55.738406755030155 122.00976780802011 1407.968786355108 15.711881026625631 138.19986958056688 68.136305958032608 1113.2269617766142 130.96097323298454 913.40118169412017 67.213314294815063 198.4982597976923 130.02564926818013 58.395173273980618 46.556621000170708 22.383710671216249 606.06804610416293 1300.6091270186007 54.584716591984034 2864.3470917604864
leaf_count=2929 538 285 2568 5893 831 564 100 691 159 62 1653 1298 948 5281 169 293 596 3640 739 6710 511 756 244 194 352 46 1598 15490 387 12851
internal_value=-0.000125307 -0.00199805 -0.00441138 0.00669228 -0.0128582 -0.0243433 0.0102178 -0.03331 -0.0543795 -0.0678139 -0.0031356 0.0107388 0.0290142 0.0367376 -0.00692314 -0.00392445 -0.00867258 0.00996934 0.0179899 -0.029495 0.0446914 0.0108306 0.0804798 -0.0444593 0.042108 0.129144 0.0414644 -0.0725632 -0.0615601 0.0124199
internal_weight=12642.9 12340.7 11691.5 5051.34 6640.16 4433.55 2206.61 665.493 1627.46 1349.45 484.302 4837.89 1541.12 1419.11 2806.09 2736.41 2590.68 1366.91 1298.77 1223.77 205.413 278.008 145.738 1018.35 104.952 31.7736 649.19 1317.68 185.546 4782.15
internal_count=68376 67838 65955 22610 43345 31743 11602 5273 17344 15757 2344 20042 6329 5381 14399 13835 13422 5362 4766 8060 804 1587 413 7256 546 205 1883 15552 1126 18744
is_linear=0
shrinkage=0.1


Tree=22
num_leaves=31
num_cat=0
split_feature=3 14 4 14 13 11 3 3 5 8 8 14 6 14 14 14 14 6 8 14 3 5 12 13 8 19 3 3 8 7
split_gain=156.517 109.57 124.375 107.631 113.938 105.995 110.135 83.635 82.4232 79.0167 193.025 102.758 136.826 129.157 126.128 214.027 110.921 213.122 199.042 177.196 136.088 132.85 127.596 123.828 99.6063 129.789 91.8189 89.5131 137.067 117.729
threshold=0.25874544584527021 0.081261787563562407 1.0450111011101112e-10 0.0052409276831895122 1.4726017117500307 2.1321738818969042e-09 0.066687813765799978 0.13653111391186548 0.068096993061163055 1.2125704097769121e-12 2.7092874750214871e-12 0.0031933756545186047 1.5315761277009369e-11 0.0041477724444121131 0.0053040648344904193 0.0059263489674776801 0.0055972654372453698 2.4871908174750768e-11 1.0213224529645114e-11 0.0047382928896695384 0.1257907666143904 0.022217844611487372 0.18433702737092975 1.5566556453704836 3.863914374841945e-12 1.6693938970565798 0.027008022230123999 0.040719855055841428 1.2576143817815456e-11 0.044491495271877755
decision_type=2 2 2 2 2 2 2 2 2 2 2 2 2 2 2 2 2 2 2 2 2 2 2 2 2 2 2 2 2 2
left_child=1 2 9 -4 -5 -6 -7 -3 -8 26 -11 -12 14 -14 -13 -16 17 -15 20 21 -18 -19 24 27 -21 -26 -1 -20 -29 -30
right_child=-2 7 3 4 5 6 8 -9 -10 10 11 12 13 16 15 -17 18 19 23 22 -22 -23 -24 -25 25 -27 -28 28 29 -31
leaf_value=-0.10736287640631222 0.090622215345447385 -0.11095846807278201 0.065061347770567476 -0.032277353992039952 0.10114560669553752 -0.075648681823360125 0.012616741730584836 -0.59952913517784823 0.085145219612218132 -0.10664775009434234 0.08975676855335972 -0.10774536599403926 0.05429951087308138 -0.072795844208310145 0.046620707081221791 -0.13194739774980088 0.054315604206253879 -0.074859445495757168 0.0020933683676242925 0.053724632081836234 -0.10722203284735193 0.0643475270827054 0.10158399571414396 0.0005048397983402318 -0.098124657593434306 0.011162301126000791 0.077933740920966652 0.042202396818154048 -0.11770457022540658 -0.024651853171747319
leaf_weight=31.130136519670486 187.15874633565545 48.089089289307594 383.8484630137682 551.55099850147963 144.17082703113556 132.7976485863328 2087.6258107721806 3.7790952771902075 169.40113386139274 196.83652213960886 109.5391478613019 253.0848645567894 358.90007562562823 680.68331293389201 203.85226953029633 100.07136940956116 812.31140196323395 81.675319880247116 350.1669762507081 79.878779076039791 55.730042245239019 426.75538854300976 60.871959917247295 3585.1789320297539 371.2877037897706 153.63263174518943 189.72185739502311 109.42124778032303 336.31695571541786 228.2327028401196
leaf_count=211 269 1266 691 2824 267 774 6835 52 271 2686 577 3485 1236 7416 966 944 2195 904 1934 334 447 1018 171 18901 3159 752 328 422 5036 2005
internal_value=-0.000137891 -0.0015193 -0.000904929 0.0151237 0.00891136 0.0178765 0.0128531 -0.146556 0.0180604 -0.00724201 -0.00876671 -0.00646143 -0.00773927 -0.00427312 -0.055599 -0.0121755 -0.00714018 -0.0282766 1.71803e-05 -0.00246659 0.0439446 0.041985 -0.0364182 -0.00825537 -0.0503078 -0.0661388 0.0518153 -0.038922 -0.0602319 -0.0800858
internal_weight=12483.7 12296.5 12244.7 3469.39 3085.55 2534 2389.82 51.8682 2257.03 8775.28 8554.43 8357.59 8248.05 7691.04 557.009 303.924 7332.14 1854.79 5477.36 1174.1 868.041 508.431 665.671 4609.32 604.799 524.92 220.852 1024.14 673.971 564.55
internal_count=68376 68107 66789 11662 10971 8147 7880 1318 7106 55127 54588 51902 51325 45930 5395 1910 44694 13754 30940 6338 2642 1922 4416 28298 4245 3911 539 9397 7463 7041
is_linear=0
shrinkage=0.1


Tree=23
num_leaves=31
num_cat=0
split_feature=5 3 14 1 3 11 10 9 5 12 3 5 14 7 13 8 8 8 13 17 3 7 8 3 3 17 9 8 1 17
split_gain=138.785 106.589 156.266 99.6937 93.2907 73.1595 85.6759 70.9605 169.346 164.555 213.795 138.565 116.837 176.998 111.048 92.6978 99.8878 92.6409 146.23 141.057 125.685 188.493 135.253 89.8485 83.515 142.769 141.061 137.746 99.3905 109.152
threshold=0.068096993061163055 0.1520232345222465 0.0054572536610066899 0.63755003077714056 0.071149955048624439 1.2050018316500656e-08 3.1462483406066899 0.0054183166946028599 0.011892838359338487 0.13641636073589328 0.11210853621056922 0.025527560108237184 0.0062129516154527673 0.0071085868839895735 1.3687759041786196 9.8973383886889249e-12 5.05944974326618e-12 1.0130447043811611e-11 1.3968535065650942 0.11254882812500001 0.032206907891920149 0.014552260680421739 1.2851721531156814e-11 0.088333791396361425 0.10526709550747836 0.11898526278409093 0.011788134410920258 3.080460814785501e-11 0.60761381522910396 0.10540216619318184
decision_type=2 2 2 2 2 2 2 2 2 2 2 2 2 2 2 2 2 2 2 2 2 2 2 2 2 2 2 2 2 2
left_child=3 2 -2 5 -5 7 -7 8 -1 10 12 -12 15 -14 -11 16 -10 19 20 23 -19 22 -22 -9 25 27 -27 -20 29 -29
right_child=1 -3 -4 4 -6 6 -8 17 9 14 11 -13 13 -15 -16 -17 -18 18 24 -21 21 -23 -24 -25 -26 26 -28 28 -30 -31
leaf_value=-0.093325066242810034 0.071708995494090835 0.093802303513544724 -0.03227993900144293 -0.16732004656180183 0.06525978253599346 -0.16827168689603378 -0.026315134447332186 0.06087985856348558 0.0060405640778982798 -0.10742003506052369 -0.08570288435902107 -0.0048232997564319471 -0.13666628055936667 0.058259609046586093 -0.019313470236255941 -0.058038137191786424 0.060291517801473349 0.036350283209131605 0.0059497065891654412 -0.068327934530653819 0.068553697657472532 -0.097169457212727628 -0.12352779143409803 -0.058985404083557194 0.020101834617607624 -0.13818220007905915 0.013453857739238182 -0.0971529259979549 0.1558680241636726 -0.02192677428708335
leaf_weight=257.33719579130411 268.75495307147503 250.7034083083272 312.57785442471504 18.289795480668545 302.26169593259692 55.484253913164139 181.89500020444393 661.70282462984324 567.43742137774825 249.27795521914959 362.11078617349267 510.38709511235356 106.7531011402607 82.647912316024303 335.69739982113242 107.03080340102315 844.47931870445609 164.36181805282831 593.24728902056813 117.88753776997328 146.39966079965234 450.44924844801426 48.904488034546375 69.0619634129107 2013.5075502805412 62.973938390612602 2376.5304895043373 430.30605474859476 21.228882476687431 349.58283131569624
leaf_count=4276 509 357 1824 165 634 422 873 1851 3304 2452 4621 1980 667 181 1739 594 2504 773 3538 1082 517 5808 832 468 7396 654 12131 3601 34 2589
internal_value=-0.000138419 0.0392996 0.015795 -0.00299497 0.0519894 -0.00457336 -0.0594956 -0.00338047 -0.0153123 -0.00897095 0.0018833 -0.0383906 0.0224522 -0.0516075 -0.0568587 0.0316869 0.0384885 0.00206101 -0.00190544 0.033177 -0.0417226 -0.0615943 0.0204562 0.0495518 0.00361096 -0.00504987 0.00953949 -0.0305746 -0.0576218 -0.063433
internal_weight=12319.3 832.036 581.333 11487.2 320.551 11166.7 237.379 10929.3 3423.16 3165.82 2580.85 872.498 1708.35 189.401 584.975 1518.95 1411.92 7506.14 6657.49 848.652 810.115 645.753 195.304 730.765 5847.38 3833.87 2439.5 1394.37 801.118 779.889
internal_count=68376 2690 2333 65686 799 64887 1295 63592 22318 18042 13851 6601 7250 848 4191 6402 5808 41274 37873 3401 7930 7157 1349 2319 29943 22547 12785 9762 6224 6190
is_linear=0
shrinkage=0.1


Tree=24
num_leaves=31
num_cat=0
split_feature=3 14 4 14 13 11 3 14 8 8 14 6 14 14 14 14 6 8 14 3 5 12 13 12 5 14 17 5 8 19
split_gain=123.911 91.5813 92.3213 81.119 85.5242 88.3837 85.7511 81.2206 66.0684 160.722 87.3406 114.755 108.364 172.439 95.4858 85.1423 174.058 159.399 132 112.852 101.729 100.823 98.2392 138.29 86.3476 84.4687 124.839 84.1689 84.0697 104.764
threshold=0.25874544584527021 0.081261787563562407 1.0450111011101112e-10 0.0052409276831895122 1.4726017117500307 2.1321738818969042e-09 0.066687813765799978 0.0057451350148767242 1.2125704097769121e-12 2.7092874750214871e-12 0.0031933756545186047 1.5315761277009369e-11 0.0053040648344904193 0.0059263489674776801 0.0041477724444121131 0.0055972654372453698 2.5095402388319591e-11 1.0213224529645114e-11 0.0047382928896695384 0.082786851508746609 0.022217844611487372 0.18433702737092975 1.3621271848678591 0.18201600760221484 0.01553348964435333 0.0061448775231838235 0.059370561079545463 0.0057922288412758068 3.863914374841945e-12 1.6693938970565798
decision_type=2 2 2 2 2 2 2 2 2 2 2 2 2 2 2 2 2 2 2 2 2 2 2 2 2 2 2 2 2 2
left_child=1 2 8 -4 -5 -6 -7 -8 -1 -10 27 12 -12 -14 -13 16 -16 19 20 -17 -18 28 23 -19 -24 26 -21 -11 -20 -30
right_child=-2 -3 3 4 5 6 7 -9 9 10 11 14 13 -15 15 17 18 22 21 25 -22 -23 24 -25 -26 -27 -28 -29 29 -31
leaf_value=0.048649645417674983 0.085886305431302545 -0.14089918932952133 0.057975755471336224 -0.027895856972147737 0.092686132407246422 -0.067342213101387993 -0.12249405300068204 0.018410363219537353 -0.10076066330005579 -0.11128917941782597 -0.10300616606693931 0.047419019866645491 0.040235281556833556 -0.12273379218489631 -0.065761127596799862 0.068204375656111135 -0.068144293599403535 0.057030983003473451 0.052786928460250217 0.065319833233428493 0.058230759924769053 0.092238607662489383 0.014673505217930087 -0.10080903816432017 -0.014648400936824077 -0.085537771730701831 -0.12008133232030552 0.1237959762647978 -0.088234955747931693 0.010957710494550108
leaf_weight=213.29273923859 165.17457013949752 46.824237823486328 361.13039311021566 548.65718600526452 140.76442724466324 131.53248561173677 41.692771635949612 2175.5980746001005 181.59762614034116 18.355261173099279 232.26203331723809 348.85321805998683 202.89151548594236 95.482037648558617 661.90545385703444 529.59979894757271 75.531590711325407 73.335085563361645 78.581681128591299 174.86239359155297 406.5479390360415 60.42431902885437 1631.0065043307841 228.34393760934472 2613.7336199469864 96.038279429078102 45.838998101651669 89.45012129470706 353.83451983705163 152.30939111113548
leaf_count=539 269 1318 691 2824 267 774 265 6841 2686 396 3485 1236 966 944 7548 1241 862 264 329 528 996 167 7523 3495 17016 522 351 181 3107 745
internal_value=-0.000137228 -0.00132029 -0.000773986 0.0131692 0.00784347 0.0157197 0.0111072 0.0157609 -0.00630853 -0.00771225 -0.00564382 -0.00683956 -0.0517868 -0.0119162 -0.00367246 -0.00615418 -0.0250575 0.000117287 -0.00115639 0.0399647 0.0384305 -0.0307372 -0.00730051 -0.0624397 -0.0033817 -0.00725304 0.0268126 0.0837697 -0.0434452 -0.0583858
internal_weight=12175.5 12010.3 11963.5 3399.38 3038.24 2489.59 2348.82 2217.29 8564.08 8350.79 8169.19 8061.38 530.636 298.374 7530.75 7181.89 1789.13 5392.76 1127.23 846.339 482.08 645.15 4546.42 301.679 4244.74 316.74 220.701 107.805 584.726 506.144
internal_count=68376 68107 66789 11662 10971 8147 7880 7106 55127 54588 51902 51325 5395 1910 45930 44694 13754 30940 6206 2642 1858 4348 28298 3759 24539 1401 879 577 4181 3852
is_linear=0
shrinkage=0.1


Tree=25
num_leaves=31
num_cat=0
split_feature=5 3 12 1 3 11 10 17 17 4 7 8 5 13 14 1 14 8 14 6 7 6 10 7 14 8 3 9 5 9
split_gain=110.008 92.1288 139.519 79.0733 77.8997 61.6895 69.7925 61.8344 82.9071 117.935 114.691 89.9813 75.6677 152.698 215.92 100.505 91.1011 111.401 83.1213 160.568 141.297 126.996 210.793 156.844 117.431 113.495 94.4862 94.4002 90.3381 78.2244
threshold=0.068096993061163055 0.18171212162545144 0.14500473439693454 0.63755003077714056 0.071149955048624439 1.2050018316500656e-08 3.1462483406066899 0.20669833096590912 0.15698242187500003 1.076214582675008e-11 0.10682283432659266 2.1235516768273077e-11 0.018449390206426736 1.5836893916130068 0.0039471376221627006 0.22604977534848311 0.0045527182519435891 5.5422684792841456e-12 0.005525754066184164 3.4605180742879069e-11 0.0064315920164584013 3.0346163072923983e-11 2.1873309612274174 0.0050217596958375332 0.0073403031565248975 3.6227186294903594e-12 0.063477071348549477 0.011788134410920258 0.023572268519697893 0.012027053855817989
decision_type=2 2 2 2 2 2 2 2 2 2 2 2 2 2 2 2 2 2 2 2 2 2 2 2 2 2 2 2 2 2
left_child=3 2 -2 5 -5 7 -7 8 9 -1 12 -10 13 14 15 -11 17 -14 19 20 -18 23 26 -20 -25 -22 -23 -27 -21 -15
right_child=1 -3 -4 4 -6 6 -8 -9 11 10 -12 -13 16 29 -16 -17 18 -19 21 28 25 22 -24 24 -26 27 -28 -29 -30 -31
leaf_value=-0.089777260149417781 0.085931726526943392 0.096319326002115846 -0.017016430309330241 -0.15818504671983899 0.059683537123468557 -0.15315977059933228 -0.024668278108276976 -0.066063580233817379 -0.14612683257914388 0.045399338382074161 -0.079961802092272299 0.029443052436399143 -0.00058793410661451585 -0.034883034217613865 -0.083614564726314178 -0.15189213304493557 0.15609973149325396 0.069866019849537997 -0.1192174091247753 -0.1234289988606689 0.055908092822927462 -0.01830028144484316 0.0059217950943379408 0.042117334428193598 -0.10799687431928931 -0.10898305234166866 -0.10414796027249396 0.072486072652273609 0.021460723472041622 0.011828691622783334
leaf_weight=161.34453270211816 195.52674463018775 191.43504943698645 402.91018962487578 17.396096784621477 289.94105175510049 55.094426468014717 181.64457642659545 153.06859572604299 30.042221177369356 239.86142752319574 192.34667445346713 1030.5214649364352 462.51091731712222 478.15970925241709 602.66620422713459 28.935840904712677 27.080767646431923 435.98677454143763 67.910087719559669 46.691058736294508 55.559429962188005 237.25822207517922 2336.0086508020759 1359.464415486902 54.189241133630276 399.52031987532973 278.93430465459824 30.88184005022049 549.17140138521791 1432.5796460472047
leaf_count=2879 312 282 2096 165 634 422 873 1932 333 862 1257 4446 3055 3622 9217 452 80 1125 478 583 287 1978 9974 4181 579 3939 3511 128 1835 6859
internal_value=-0.000136943 0.0359359 0.0166197 -0.00267308 0.0473516 -0.00408004 -0.0545711 -0.00296194 -0.00204534 -0.0050126 -0.00354451 0.0244697 -0.00193341 -0.0156823 -0.0503719 0.024161 0.00409895 0.0335991 -0.000771058 -0.0252017 -0.0662107 0.00548016 -0.0068575 0.0292317 0.036363 -0.0785993 -0.0646897 -0.0959624 0.0101073 0.000139151
internal_weight=12024.6 789.872 598.437 11234.8 307.337 10927.4 236.739 10690.7 10537.6 9477.06 9315.72 1060.56 9123.37 2782.2 871.463 268.797 6341.17 898.498 5442.67 1108.9 513.042 4333.76 2852.2 1481.56 1413.65 485.962 516.193 430.402 595.862 1910.74
internal_count=68376 2690 2408 65686 799 64887 1295 63592 61660 56881 54002 4779 52745 21012 10531 1314 31733 4180 27553 6852 4434 20701 15463 5238 4760 4354 5489 4067 2418 10481
is_linear=0
shrinkage=0.1


Tree=26
num_leaves=31
num_cat=0
split_feature=3 14 1 5 3 3 13 5 8 6 12 2 14 5 17 7 13 7 12 3 7 5 12 11 13 1 4 9 14 5
split_gain=98.0504 81.788 75.6694 71.995 132.118 124.576 143.689 131.914 106.756 103.517 98.6057 135.961 88.4608 88.1492 82.9981 65.2441 96.2388 70.8711 72.6871 80.3156 148.27 86.9484 86.489 80.4824 89.0993 75.3247 67.4814 67.4461 66.931 64.1582
threshold=0.25874544584527021 0.081261787563562407 0.58785074741964716 0.028033593155847639 0.03372686506023205 0.045989374796981397 1.669955909252167 0.0087737340523152685 2.1235516768273077e-11 4.6142702092167512e-11 0.14304618537425998 2.7659835460163128e-10 0.011037664022296669 0.016614681819845517 0.038108132102272735 0.087233348956008552 2.3451023101806645 0.0048613274781067663 0.10898151993751527 0.10989336571660969 0.019503209143342127 0.01203656313227682 0.16950041800737384 2.2256911869078526e-09 1.7627727389335635 0.33699646086568275 3.6153732508104863e-11 0.0058270614450777513 0.0052630745340138682 0.011892838359338487
decision_type=2 2 2 2 2 2 2 2 2 2 2 2 2 2 2 2 2 2 2 2 2 2 2 2 2 2 2 2 2 2
left_child=1 2 3 5 -5 7 10 8 -1 -10 11 13 14 -7 -9 17 -17 -8 28 21 22 25 27 -22 -25 -20 -23 -21 -19 -27
right_child=-2 -3 -4 4 -6 6 15 12 9 -11 -12 -13 -14 -15 -16 16 -18 18 19 20 23 26 -24 24 -26 29 -28 -29 -30 -31
leaf_value=-0.10571616918050784 0.081217279496689776 -0.14300927444185768 0.033897280600782717 -0.063305065543963146 0.010623918523323438 -0.052261261622040936 -0.10551470636254189 -0.30363647406006194 0.028395143769282483 -0.068853530646417554 -0.077612193053909859 -0.074159447130456455 -0.055791799178505477 0.034672202920539824 0.03590022388010574 -0.090422130489805394 0.050773614389876265 -0.13723890177595879 0.086399208313328063 -0.098000556140182563 0.11705965811686231 -0.098798181508172045 -0.19768046428040925 -0.14932954344875335 0.028376553547786783 -0.089650466332462209 -0.022923028121658681 0.022183153404190661 0.1078310648524782 0.1869984602230923
leaf_weight=138.35963581874967 146.30611082166433 40.504803329706192 600.93204619735479 255.31542703323066 4543.3896985128522 170.8878612909466 63.598221756517887 7.238282896578311 309.55877659097314 169.33063669130206 566.10531350038946 333.78234075941145 119.23373580724001 367.42268193513155 1339.3057933486998 189.45400093868375 64.779159795492887 12.557069875299929 123.12023590505123 82.896610997617245 100.26578378677368 137.30632741749287 36.868331432342529 29.16832684725523 862.65455580130219 54.478362314403057 801.08436627313495 106.92234625294805 99.04245363920927 9.9074054695665819
leaf_count=2929 269 1318 1872 2727 18646 2179 566 73 1082 1262 8493 4903 948 1840 5308 1327 190 159 263 692 263 1466 293 201 2669 491 5333 412 174 28
internal_value=-0.000141239 -0.00115554 -0.000664234 -0.00253633 0.00669052 -0.00956964 -0.0194619 0.0104345 -0.028345 -0.00599104 -0.0451129 -0.0240165 0.0267648 0.00707498 0.0340751 -0.00616349 -0.0544451 -0.00129229 0.00140626 -0.00234676 0.015442 -0.021603 -0.057525 0.0321146 0.0225644 0.0405648 -0.0340252 -0.0303028 0.080256 -0.0470809
internal_weight=11881.8 11735.5 11695 11094 4798.71 6295.33 4212.3 2083.03 617.249 478.889 1438.2 872.093 1465.78 538.311 1346.54 2774.1 254.233 2519.87 2456.27 2344.67 1218.78 1125.9 226.687 992.089 891.823 187.506 938.391 189.819 111.6 64.3858
internal_count=68376 68107 66789 64917 21373 43544 31942 11602 5273 2344 17415 8922 6329 4019 5381 14527 1517 13010 12444 12111 4530 7581 1397 3133 2870 782 6799 1104 333 519
is_linear=0
shrinkage=0.1


Tree=27
num_leaves=31
num_cat=0
split_feature=3 14 1 14 7 17 12 4 0 3 11 9 18 3 17 5 9 5 13 7 15 17 17 18 5 19 17 8 14 12
split_gain=86.4347 65.6938 63.4454 60.7062 121.749 60.3961 101.08 101.656 89.0347 89.4747 74.762 65.355 60.846 70.0509 119.481 126.138 107.703 94.7941 111.788 84.5334 82.1986 82.0936 79.4372 101.88 84.2585 76.201 75.6358 104.489 71.4305 184.26
threshold=0.23336729074888582 0.081261787563562407 0.58785074741964716 0.012033353094011547 0.011287640275222275 0.15698242187500003 0.50046998262405407 2.0579704320048285e-11 3.5893717578152116e-10 0.044703217676157501 6.0633675857957323e-09 0.0191131321311497 -0.1858631972731514 0.052637730626510719 0.11206054687500001 0.030964691044304948 0.0039584184810613201 0.028033593155847639 1.6744551658630373 0.013120288774512169 4.661103957914748e-05 0.040371981534090919 0.095192649147727279 0.34935867344029253 0.011892838359338487 0.36250266432762152 0.1340775923295455 9.8732659491121681e-11 0.0075659542344510564 0.22336745262145999
decision_type=2 2 2 2 2 2 2 2 2 2 2 2 2 2 2 2 2 2 2 2 2 2 2 2 2 2 2 2 2 2
left_child=1 2 5 4 -4 6 7 -1 9 11 -8 -7 -9 14 16 25 19 18 -15 21 -18 -14 24 -24 -20 -16 28 -28 -19 -30
right_child=-2 -3 3 -5 -6 8 10 12 -10 -11 -12 -13 13 17 15 -17 20 26 22 -21 -22 -23 23 -25 -26 -27 27 -29 29 -31
leaf_value=-0.038836940170641009 0.060761871297753678 -0.13659713990565756 0.026414344352059638 0.070267182258750394 -0.15345177808280111 -0.10308159317837368 0.01334157212631816 0.025462598360486716 0.040731799350984088 -0.11375953464459221 -0.13922435730037283 0.017658775361899717 -0.27120485470970673 -0.047529804279522372 -0.11504505774654701 -0.091096852731211139 0.070116939906548201 0.0086314095734111949 -0.10639052316346853 -0.14794804731291808 -0.062094868461451069 0.026315861038514823 -0.054838478516453543 0.026352469715413038 0.011819174928999478 0.024185733651924876 -0.10312939347415831 0.073984585837179512 -0.10436574107498167 0.0030846864826992769
leaf_weight=772.92193308845162 228.43295301496983 35.806722886860371 315.02579005807638 235.98748284578323 42.738229978829622 50.692728908732533 48.190512329339981 790.24459500238299 723.70919162407517 76.118355160579085 96.311512846499681 387.66476554051042 9.8324471116065961 1024.9565489850938 43.65162212587893 170.15033905394375 605.65509256720543 2133.6021312884986 63.103921018540859 42.513144753873348 50.982883170247078 163.33702446706593 575.78840375691652 211.25734302029014 1356.4093778319657 395.11178660020232 38.121797222644091 263.85724851116538 219.87802826985717 582.08471041545272
leaf_count=7634 538 1309 1104 470 298 455 188 3425 2608 880 728 1902 96 13254 620 2176 1559 8316 684 517 402 706 4314 1185 5562 1986 485 659 1768 2548
internal_value=-0.000150141 -0.00135738 -0.000935926 0.030897 0.00492767 -0.00267056 -0.0053363 -0.00407547 0.0181225 -0.0136819 -0.0883446 0.00369606 -0.00100153 -0.00363202 0.0159846 -0.0180091 0.0397135 -0.00812367 -0.0202401 -0.0215965 0.0598517 0.00942283 -0.00756392 -0.0330454 0.00656421 0.010334 0.0039702 0.0516257 -0.000932083 -0.0263755
internal_weight=11754.1 11525.7 11489.9 593.752 357.764 10896.1 9657.96 9513.46 1238.19 514.476 144.502 438.357 8740.54 7950.29 1481.23 608.914 872.321 6469.06 3231.52 215.683 656.638 173.169 2206.56 787.046 1419.51 438.763 3237.54 301.979 2935.56 801.963
internal_count=68376 67838 66529 1872 1402 64657 58812 57896 5845 3237 916 2357 50262 46837 8062 4782 3280 38775 24999 1319 1961 802 11745 5499 6246 2606 13776 1144 12632 4316
is_linear=0
shrinkage=0.1


Tree=28
num_leaves=31
num_cat=0
split_feature=5 3 12 14 13 6 9 5 6 9 1 3 11 10 13 17 5 3 8 7 17 8 14 17 12 6 3 0 14 8
split_gain=79.0792 79.5331 109.096 66.9776 104.183 85.3276 71.276 52.4823 80.627 111.417 57.118 59.3038 52.4865 58.9901 52.7422 77.5642 51.0336 50.8224 49.5003 77.1412 67.6097 53.2008 101.569 94.1939 69.2425 68.1116 66.3247 87.1624 48.5952 55.4743
threshold=0.068096993061163055 0.1520232345222465 0.15209452807903293 0.0062129516154527673 1.0870699882507326 3.8010666406085293e-11 0.11139508324339516 0.0066493820459931048 4.5015124131713041e-11 0.014322312444358217 0.63755003077714056 0.071149955048624439 1.2050018316500656e-08 3.1462483406066899 2.2741398811340336 0.20132723721590912 0.091560184437819186 0.011154955965416579 1.0727520272100642e-12 0.0048613274781067663 0.042191938920454551 2.7092874750214871e-12 0.0031933756545186047 0.059370561079545463 0.089131485670804991 1.070184318970719e-11 0.037183486613497761 1.4656115899797065e-10 0.0073820839170366534 9.0704763540538291e-12
decision_type=2 2 2 2 2 2 2 2 2 2 2 2 2 2 2 2 2 2 2 2 2 2 2 2 2 2 2 2 2 2
left_child=7 2 -2 4 -4 16 -7 8 9 -1 12 -12 18 -14 15 -15 -5 -11 20 -20 -9 23 -23 24 26 -24 27 -21 29 -13
right_child=1 -3 3 5 -6 6 -8 10 -10 17 11 28 13 14 -16 -17 -18 -19 19 21 -22 22 25 -25 -26 -27 -28 -29 -30 -31
leaf_value=-0.093368507091068212 0.058514530450337866 0.085945873263346975 0.066164141926611228 0.095907547564549125 -0.15927425454625513 -0.11651410610299218 0.093143450833558003 -0.14817783870115173 -0.1235872669660727 -0.11554749285477435 -0.15840443868839904 0.021184820565392504 -0.1408859809290085 -0.16383540643453706 0.019940810116913468 0.073290500936313105 -0.12047942711931975 0.057060505608056311 -0.078472805986021701 0.20153224937662761 0.081438920554387381 0.11106355303745397 -0.12903817001074683 -0.1417438865352002 -0.097312396838681425 -0.0002992589178021972 0.13454784549601154 -0.17586370327594511 0.075408157353154578 -0.23590572139999805
leaf_weight=106.29271328635514 262.71011784300208 196.40835207700729 28.506326287984848 86.614911466836929 72.982583433389664 67.626310408115387 21.329523622989655 14.283434662967919 87.098515376448631 19.256849881261587 13.756412509828804 38.471031978726387 53.901515193283558 46.013686500489712 112.87437785044312 19.700383527204394 12.468097440898417 149.40436347573996 130.07530084624887 8.8628379255533236 125.4469096288085 81.780721586197615 41.275903651490808 73.77214578166604 44.13502799347043 9439.0337837468833 46.309680003672838 19.772907692939043 211.9458103440702 10.735074788331984
leaf_count=2471 556 357 71 200 546 686 193 82 953 148 127 130 421 415 401 57 81 478 1234 11 179 138 644 901 648 55563 74 168 355 88
internal_value=-0.000146138 0.0312923 0.0118543 -0.0304841 -0.0959528 0.00485092 -0.0662431 -0.00230658 -0.0397419 -0.0131818 -0.0010197 0.0439634 -0.00222531 -0.0491977 -0.0215244 -0.0927476 0.0686785 0.037353 -0.00113595 -0.0019714 0.0579672 -0.000951311 9.74657e-05 -0.0529521 0.0020557 -0.00085977 0.0605731 -0.0590587 0.0546233 -0.0349035
internal_weight=11642.8 748.646 552.238 289.528 101.489 188.039 88.9558 10894.2 362.052 274.954 10532.1 274.908 10257.2 232.49 178.588 65.7141 99.083 168.661 10024.7 9885.02 139.73 9754.94 9562.09 192.853 119.08 9480.31 74.9454 28.6357 261.152 49.2061
internal_count=68376 2690 2333 1777 617 1160 879 65686 4050 3097 61636 700 60936 1294 873 472 281 626 59642 59381 261 58147 56345 1802 901 56207 253 179 573 218
is_linear=0
shrinkage=0.1


Tree=29
num_leaves=31
num_cat=0
split_feature=14 2 3 18 19 9 17 3 5 13 14 19 14 6 6 19 19 8 8 13 14 17 10 2 11 17 13 6 18 3
split_gain=70.7724 87.3404 145.673 50.4884 76.008 72.9217 86.6534 151.771 95.8464 89.9042 101.336 142.749 129.654 217.855 154.274 83.1783 83.1224 66.9958 66.6392 91.4977 106.28 70.9098 70.404 124.116 87.0071 109.067 89.2696 89.0124 84.5654 74.6713
threshold=0.10121458768844606 2.868729822741319e-09 0.14333968844558401 -0.19182746396241282 0.77787122130393993 0.0054183166946028599 0.07091175426136366 0.10658620732613648 0.025527560108237184 1.3105515837669375 0.0053477010224014529 0.54779970645904552 0.0059263489674776801 2.0686926875677089e-11 3.0346163072923983e-11 0.082213353365659728 0.055086439475417144 1.8209371953125297e-11 1.0130447043811611e-11 1.3643588423728945 0.0067215450108051309 0.12391246448863637 1.5605634450912478 1.8361929431517983e-10 2.2256911869078526e-09 0.15818093039772732 1.7916468977928164 5.5744188811191386e-10 0.32605140903879976 0.049193447569833647
decision_type=2 2 2 2 2 2 2 2 2 2 2 2 2 2 2 2 2 2 2 2 2 2 2 2 2 2 2 2 2 2
left_child=1 3 -3 4 -1 6 7 9 17 -5 11 -11 14 -14 -12 -7 -10 -9 21 20 -20 -17 -21 29 -25 26 28 -28 -26 -24
right_child=-2 2 -4 5 -6 15 -8 8 16 10 12 -13 13 -15 -16 18 -18 -19 19 22 -22 -23 23 24 25 -27 27 -29 -30 -31
leaf_value=0.059513854228100016 -0.15950446758703807 -0.16662322587212494 0.096477277255522798 0.054217523636081011 -0.00055926779428835743 0.045876011348071698 -0.045577458581743363 -0.086496077807009519 -0.12924734296499257 -0.12604672687386648 0.096074312494419167 0.025328281165966707 -0.10788820565746159 0.041036850389413793 -0.17443112489587337 0.035860145882852738 -0.00066640896375271387 0.076785171776494618 -0.014535500200422574 0.02946474164307197 -0.10940054555517471 -0.087486934754781198 -0.0055748760742767717 0.039750158118213245 -0.10898254019892528 0.050248419770504107 0.0047527782086387964 -0.049119099915167955 0.066623727081793593 -0.053383287581676667
leaf_weight=335.43455785885453 27.797347625717521 23.86186882480979 178.23134545609355 417.38023697398603 566.03071027994156 418.2899062577635 739.83805790916085 356.18968449346721 55.009539939463139 134.63210973516107 243.97608637809753 115.94777931086719 160.37938427552581 253.4679241925478 23.077650368213654 713.97314106486738 584.33054611086845 27.036405060440302 421.67568452097476 726.94700215011835 164.03774935752153 49.861611440777779 633.75976901501417 623.24568589217961 147.55748954042792 357.9053890388459 1997.3332067131996 362.35113245621324 33.682612184435129 674.28436405584216
leaf_count=1169 1072 195 291 1121 2869 1995 7383 5736 337 1804 528 764 1019 621 162 2586 2211 59 3013 3104 2849 661 3143 3577 1106 1115 8533 1888 127 7338
internal_value=-0.000133957 0.000249941 0.0654121 -0.000911573 0.0217939 -0.00287285 -0.0156988 -0.00637728 -0.0354327 0.0156495 -0.00163216 -0.0560028 0.0183769 -0.0166765 0.0726984 0.00257501 -0.0117297 -0.0749767 -4.74619e-05 -0.00351123 -0.0411039 0.0278083 0.000451019 -0.00391563 0.00585328 -0.00143452 -0.00871439 -0.00351974 -0.0763469 -0.0302197
internal_weight=11567.5 11539.7 202.093 11337.6 901.465 10436.2 3111.27 2371.43 1022.57 1348.86 931.481 250.58 680.901 413.847 267.054 7324.9 639.34 383.226 6906.61 6142.78 585.713 763.835 5557.07 4830.12 3522.08 2898.83 2540.92 2359.68 181.24 1308.04
internal_count=68376 67304 486 66818 4038 62780 21745 14362 8343 6019 4898 2568 2330 1640 690 41035 2548 5795 39040 35793 5862 3247 29931 26827 16346 12769 11654 10421 1233 10481
is_linear=0
shrinkage=0.1


Tree=30
num_leaves=31
num_cat=0
split_feature=14 15 3 17 19 11 17 14 18 9 12 3 5 14 5 19 8 14 7 8 17 13 14 9 3 2 5 5 13 9
split_gain=64.0003 78.52 116.381 70.6083 63.8191 63.3822 51.183 50.8895 50.3193 62.0756 102.425 127.107 110.547 91.9562 103.971 79.8762 68.8427 83.0582 105.855 67.5533 84.8675 73.8846 128.52 58.4298 56.9512 56.5775 56.0977 70.7865 67.7064 54.73
threshold=0.10121458768844606 8.1472469901200397e-05 0.079742960551629868 0.16541637073863638 2.771909356117249 8.206916035646829e-09 0.20669833096590912 0.0073403031565248975 -0.20466473535634574 0.0051148289245400366 0.13553291559219363 0.11735860876546077 0.028494984241262417 0.006523743038997055 0.011892838359338487 0.99712380766868602 9.6230874214292205e-12 0.0056979546789079913 0.00557288827513811 9.9731684422761565e-12 0.12391246448863637 1.3494074344635012 0.006493959343060852 0.0049512315542452837 0.077311339965131731 2.5863317751261249e-11 0.020776513005502806 0.01086188258844523 1.1793908476829531 0.0030548188278271024
decision_type=2 2 2 2 2 2 2 2 2 2 2 2 2 2 2 2 2 2 2 2 2 2 2 2 2 2 2 2 2 2
left_child=1 5 3 -3 7 6 8 -4 -1 10 11 13 23 14 -10 24 29 -18 -19 20 -11 22 26 -13 -15 -23 27 -21 -28 -16
right_child=-2 2 4 -5 -6 -7 -8 -9 9 19 -12 12 -14 15 16 -17 17 18 -20 21 -22 25 -24 -25 -26 -27 28 -29 -30 -31
leaf_value=0.024030946784920869 -0.15943690657334997 -0.094957375048543083 -0.14402245857773388 0.040765762152558366 -0.024331074923197235 -0.11371308467879396 -0.071650272213250016 0.053975607242236448 -0.072880239678767056 0.035057380656951971 -0.054137248577440455 -0.096483731509009435 -0.0026442137797497533 0.075261582361673657 0.012506435224063965 0.086830867186033417 -0.13872728812924112 -0.14217958300439565 0.063992681563894052 0.032285440451208285 -0.090531630784116759 0.060266806156003584 -0.11397802777729711 0.12379569512987254 -0.19768362239832371 0.00017234404127769746 -0.076652197147782125 -0.13524274160166055 0.031717406817592934 0.054703430684496679
leaf_weight=733.07244787178934 25.162843139842153 114.89772046729922 13.202304828912018 57.519904555752873 132.61018759012222 50.967726904898882 104.20398815721273 774.20371562801301 129.72419395111501 865.99996154382825 552.63374052941799 295.30239402502775 306.23409484326839 9.0386243686079961 811.79613499715924 17.696865558624268 55.835932400077581 34.222239430993795 91.449113674461842 40.513352580368519 57.371596079319715 161.85556779056787 153.0757674947381 12.553561775013803 49.564199399203062 4886.2638887800276 71.873226895928383 66.821835573762655 291.37133109755814 494.66646834276617
leaf_count=3260 1072 883 95 358 621 370 850 1812 2736 3241 4557 4874 1114 19 4377 30 442 285 211 242 812 558 2871 30 367 27830 454 1112 1175 1718
internal_value=-0.000130227 0.000220282 0.0257174 -0.049679 0.0398473 -0.00247245 -0.00192163 0.0506558 -0.00120851 -0.00316521 -0.0154675 -0.00620861 -0.0451848 0.00792067 0.0129806 -0.09936 0.0204662 -0.0372415 0.00784881 0.00217103 0.0272542 -0.00191254 -0.0343846 -0.0875013 -0.155586 0.00209913 -0.00849351 -0.0720097 0.0102749 0.0284835
internal_weight=11461.7 11436.5 1092.43 172.418 920.016 10344.1 10293.1 787.406 10188.9 9455.86 2860.72 2308.08 614.09 1693.99 1617.69 76.2997 1487.97 181.507 125.671 6595.15 923.372 5671.77 623.656 307.856 58.6028 5048.12 470.58 107.335 363.245 1306.46
internal_count=68376 67304 3769 1241 2528 63535 63165 1907 62315 59055 20760 16203 6018 10185 9769 416 7033 938 496 38295 4053 34242 5854 4904 386 28388 2983 1354 1629 6095
is_linear=0
shrinkage=0.1


Tree=31
num_leaves=31
num_cat=0
split_feature=5 3 12 5 6 9 1 17 7 5 14 8 8 18 19 12 13 5 13 3 5 14 19 13 14 14 5 13 14 3
split_gain=60.3886 62.6591 96.3947 47.1775 69.7616 86.1806 42.8895 49.0202 112.217 88.0466 65.3229 146.863 91.5022 74.5365 66.6917 62.1782 56.6007 48.3414 48.7865 49.6049 46.9784 45.4182 42.8128 45.1628 61.1592 43.834 42.4827 103.938 165.289 73.4674
threshold=0.068096993061163055 0.18171212162545144 0.14500473439693454 0.0066493820459931048 4.5015124131713041e-11 0.014322312444358217 0.58785074741964716 0.15818093039772732 0.11411300857432792 0.046248804381497026 0.010375811718404295 2.6593996580555166e-10 4.1470555323835637e-11 0.04033935544000336 4.9182810783386239 0.44881205260753637 1.3516101241111758 0.021529440291426827 1.7627727389335635 0.028238688958165888 0.011041347663911636 0.015143017284572126 0.41359381377696997 2.6374053955078129 0.0063792292494326839 0.0073820839170366534 0.018449390206426736 1.5836893916130068 0.0039471376221627006 0.12674001096727769
decision_type=2 2 2 2 2 2 2 2 2 2 2 2 2 2 2 2 2 2 2 2 2 2 2 2 2 2 2 2 2 2
left_child=3 2 -2 4 5 -1 7 8 26 -10 12 14 20 15 -12 -13 -14 21 19 -19 -9 -15 23 24 -8 -26 27 28 -5 -29
right_child=1 -3 -4 6 -6 -7 22 10 9 -11 11 13 16 17 -16 -17 -18 18 -20 -21 -22 -23 -24 -25 25 -27 -28 29 -30 -31
leaf_value=-0.089494502901781639 0.074390247766655732 0.088835999670193372 -0.014695600969812492 0.020247039641224915 -0.11942985445330329 0.029729723312507686 0.060286861096131295 0.013150216261649118 -0.12136993259241653 0.065655378775482331 -0.10655825229843591 0.083242308100352908 -0.12573558767466642 0.31718438429626783 0.058232311297888743 -0.076800664928321036 0.082331764028066967 0.17157462028231232 0.091088228071930288 -0.057215506932741703 -0.1684448931468599 -0.13629070355394099 -0.014357319641411967 0.087355841554189975 -0.11311501806542297 0.035260500160245643 0.0014654066445184818 -0.013628898996164571 -0.07622206739036938 0.031045334431327062
leaf_weight=94.975928286090493 177.7739743925631 137.5491378903389 383.43655578605831 267.27624831721187 81.222671288996935 167.65101186558604 123.125523917377 34.016846716403961 134.16850154474378 30.984786357730627 144.90442125871778 33.01376348733902 13.668644763529299 2.4905122146010426 29.570476099848747 91.712143465876579 300.60257030837238 11.849771566689013 216.1463710218668 47.317305494099855 24.510752419009805 19.513809692114592 170.3748887013644 154.37609148770571 47.735566779971123 34.158284965902567 6101.4245160147548 1236.2523224782199 529.41691222414374 524.20136411860585
leaf_count=2471 312 282 2096 1564 953 626 414 111 1168 85 1367 131 210 9 136 1341 692 14 398 462 267 220 678 268 292 86 32319 7809 9440 2155
internal_value=-0.00013068 0.028349 0.013524 -0.00199635 -0.0384355 -0.0133863 -0.000782572 -0.00228178 -0.00462674 -0.0862817 0.0190645 -0.00145777 0.0519023 0.0304452 -0.0786291 -0.0344388 0.0732823 0.0576643 0.0690639 -0.0113942 -0.0628999 -0.0849651 0.0269309 0.046504 0.0157433 -0.0512269 -0.00306926 -0.0138891 -0.0438584 -0.000326479
internal_weight=11365.4 698.76 561.211 10666.7 343.85 262.627 10322.8 9793.04 8823.72 165.153 969.317 596.519 372.799 422.044 174.475 124.726 314.271 297.318 275.313 59.1671 58.5276 22.0043 529.77 359.395 205.019 81.8939 8658.57 2557.15 796.693 1760.45
internal_count=68376 2690 2408 65686 4050 3097 61636 59898 54540 1253 5358 4078 1280 2575 1503 1472 902 1103 874 476 378 229 1738 1060 792 378 53287 20968 11004 9964
is_linear=0
shrinkage=0.1


Tree=32
num_leaves=31
num_cat=0
split_feature=14 4 3 9 5 6 8 3 1 19 9 13 8 3 4 2 14 1 5 17 1 5 0 2 0 6 15 15 3 8
split_gain=58.0348 62.3257 94.1416 140.448 42.6733 56.6917 88.6314 38.8525 119.813 55.0667 50.4114 46.3335 38.2629 38.1264 94.4695 88.3032 143.646 120.299 69.8231 80.5103 72.709 67.8073 57.8779 57.1444 56.5366 61.1214 54.6639 53.6809 49.8021 49.4938
threshold=0.10121458768844606 7.0709664423795274e-10 0.1552780634952334 0.10652718746033991 0.0069724736553478063 4.5015124131713041e-11 2.180320396222112e-11 0.015309400620977031 0.07312049810432332 1.1873915791511538 0.0028576276840439588 1.4011344909667971 2.5251902422080405e-10 0.043360272424080928 3.8867753894847631e-11 2.2241965587610683e-10 0.0042981461156159648 0.33699646086568275 0.03734018257527786 0.1002530184659091 0.3324321189992292 0.015438047344220275 1.5325605679561178e-10 1.4206519251908396e-10 6.8294306005866169e-10 2.817522476505578e-11 1.8679314052860722e-05 5.0504058890510357e-05 0.05872685029338201 3.3843543065985149e-12
decision_type=2 2 2 2 2 2 2 2 2 2 2 2 2 2 2 2 2 2 2 2 2 2 2 2 2 2 2 2 2 2
left_child=1 4 3 12 5 6 -1 10 9 -9 -6 -12 -3 18 15 16 23 21 20 -20 -10 24 -16 26 25 -17 -15 -19 -18 -24
right_child=-2 2 -4 -5 7 -7 -8 8 13 -11 11 -13 -14 14 22 17 28 27 19 -21 -22 -23 29 -25 -26 -27 -28 -29 -30 -31
leaf_value=-0.094922794857689563 -0.16332689322821373 0.057787232505788724 0.096750633743411835 0.087988355934502355 -0.13338336512978147 -0.10357217575255706 0.025674448845347433 -0.11423877805068297 0.027343836516399652 0.014111610733246519 0.09727424556751442 -0.0057493929910226293 -0.20477429196010763 -0.17639754124878973 -0.095442292115864538 -0.11108923041119388 -0.04359342175328252 -0.1036161426854368 0.038135788702736685 -0.10534225274756968 -0.080538439418622598 -0.061259618238841657 0.045128119796212757 -0.1007377859981214 0.072993598509457289 0.33913931107600448 0.043924330928794816 0.020088349550366646 -0.10143148089692909 0.0016143463235737225
leaf_weight=88.8919672742486 21.74695219937712 6.5708927810192099 156.35740103200078 46.359698541462421 14.850391512736676 89.485650390386581 193.81426227092743 133.07499789074063 1341.8248854931444 44.639783373102546 114.81640944629908 70.432465042918921 35.733963966369629 11.848442420363424 59.956740582361817 3.716583680361512 301.57869356684387 85.306640835478902 65.918034562841058 96.163183720782399 65.522939011454582 33.354352228343487 271.31137992441654 36.874854424968362 137.06006853468716 15.97947960346937 227.22126039676368 59.57855387032032 294.01475671119988 7151.8352210763842
leaf_count=2574 1072 17 292 122 194 1027 719 2474 5358 323 230 304 325 132 754 113 3297 1724 224 1129 531 466 1514 709 641 29 887 482 5953 34760
internal_value=-0.000124698 0.000190668 0.0500735 -0.0322403 -0.000919543 -0.0342029 -0.0122452 0.000245063 -0.000591776 -0.0819987 0.0438929 0.0581042 -0.163993 0.000818413 -0.00177236 -0.027739 -0.0445114 0.0158967 0.015163 -0.0469901 0.0223211 0.068211 0.00241436 0.0151328 0.0957596 0.254183 0.033005 -0.0527474 -0.0721452 0.00320475
internal_weight=11275.8 11254.1 245.022 88.6646 11009.1 372.192 282.706 10636.9 10436.8 177.715 200.099 185.249 42.3049 10259.1 8689.64 1206.53 871.538 334.996 1569.43 162.081 1407.35 190.11 7483.1 275.945 156.756 19.6961 239.07 144.885 595.593 7423.15
internal_count=68376 67304 756 464 66548 4320 3293 62228 61500 2797 728 534 342 58703 51461 14433 10978 3455 7242 1353 5889 1249 37028 1728 783 142 1019 2206 9250 36274
is_linear=0
shrinkage=0.1


Tree=33
num_leaves=31
num_cat=0
split_feature=14 2 3 5 8 8 14 13 1 17 12 8 10 8 7 2 11 3 0 3 2 18 19 7 7 17 17 0 18 9
split_gain=52.1463 54.4751 109.814 37.4638 66.6846 88.7479 45.5955 44.7415 41.8755 43.0401 77.4125 53.5 80.2383 89.8656 77.9409 57.186 52.7942 46.6977 45.2858 41.8293 40.379 37.5873 36.8858 49.6382 36.6986 38.5938 59.7528 35.4528 35.088 47.5655
threshold=0.10121458768844606 2.868729822741319e-09 0.14333968844558401 0.0078476661092900402 2.180320396222112e-11 3.4598895694459455e-11 0.0067215450108051309 1.9383831024169924 0.69762056791200922 0.15818093039772732 0.50046998262405407 2.6355567119006627e-11 1.6538193225860598 6.3129820907966745e-10 0.053650306357903778 6.28840235092354e-11 6.0633675857957323e-09 0.068949756161247697 1.8533338978082849e-09 0.055827131251448704 8.1156278499476809e-11 0.089154385133455943 0.2849599570035935 0.011405544608182034 0.041037061950086849 0.10673384232954546 0.11068448153409093 1.7019425982170687e-09 -0.1858631972731514 0.0051885217071775255
decision_type=2 2 2 2 2 2 2 2 2 2 2 2 2 2 2 2 2 2 2 2 2 2 2 2 2 2 2 2 2 2
left_child=1 3 -3 4 -1 7 -7 20 9 10 28 -11 -13 14 15 -14 17 -12 27 -15 -6 -21 -10 -24 25 -8 -27 -17 -5 -30
right_child=-2 2 -4 8 5 6 24 -9 22 11 16 12 13 19 -16 18 -18 -19 -20 21 -22 -23 23 -25 -26 26 -28 -29 29 -31
leaf_value=-0.099456398703849036 -0.16229079552493483 -0.14609359507698161 0.091245235680807057 0.018499368787205869 0.024683581169180589 -0.14484087452141545 -0.16011419743524269 -0.10793631574338854 0.10210184787325965 -0.14983594282769899 -0.16584035903275088 0.0854107824109646 -0.10698602774909878 -0.063252749477060263 -0.062122065961434748 0.054675250299621926 -0.12112031258559859 0.061670273767130461 -0.17206459072768637 0.013687916224807565 0.13165064851580063 0.090533822820194509 0.074543438468652995 -0.25751437601869481 -0.13442255530689512 0.28134941535186087 -0.0062841530535027463 0.27501221142742582 -0.013658606478737099 0.0023236690821081575
leaf_weight=102.46768194343895 19.797385000623763 22.686869263648987 138.55759610049427 850.36407398991287 131.11217335239053 45.537217359989882 14.240008410066364 18.990719873458147 70.342127524316311 17.934216737747192 11.858927488327025 173.72264142334461 26.362599495798349 29.380641978234053 217.78120056539774 126.75682855583727 90.622786723077297 37.709786936640739 8.3922255933284742 100.61111009865999 48.287397772073746 173.26212302595377 11.519907154142858 7.3895802423357955 27.351225256919861 7.8145650252699843 95.304008416831493 7.7489945963025084 2740.8245348092169 5808.5520682577044
leaf_count=2964 1072 195 291 3759 458 490 161 136 87 222 106 297 182 205 1975 535 742 97 75 521 53 294 23 65 379 11 478 8 18691 33804
internal_value=-0.000138435 0.000149127 0.057852 -0.000696544 -0.0276928 -0.00877163 -0.0575703 0.038024 0.000564783 -1.93212e-05 -0.00197327 0.0211162 0.0246646 0.00937701 -0.0225607 0.0283415 -0.0757348 0.00724013 0.0533074 0.050139 0.053475 0.0623034 0.0687704 -0.0552204 -0.0301081 -0.00579684 0.0155134 0.067369 -0.000873162 -0.00280005
internal_weight=11183.3 11163.5 161.244 11002.2 491.105 388.637 190.247 198.39 10511.1 10421.9 9539.93 881.953 864.018 690.296 387.042 169.261 140.192 49.5687 142.898 303.254 179.4 273.873 89.2516 18.9095 144.71 117.359 103.119 134.506 9399.74 8549.38
internal_count=68376 67304 486 66818 5130 2166 1519 647 61688 61513 57199 4314 4092 3795 2775 800 945 203 618 1020 511 815 175 88 1029 650 489 543 56254 52495
is_linear=0
shrinkage=0.1


Tree=34
num_leaves=31
num_cat=0
split_feature=14 5 3 12 7 14 6 12 12 13 5 12 8 8 17 14 6 7 3 7 9 14 3 0 17 7 1 12 8 8
split_gain=46.6957 49.8739 66.5324 80.1022 36.0877 106.699 89.5878 47.9953 43.9934 68.9757 43.4348 42.3292 32.7659 66.894 74.7112 66.3274 71.7317 58.9874 58.0535 43.8732 42.0495 41.0421 51.2577 67.9096 35.6246 34.2352 51.2855 60.6486 51.5087 102.052
threshold=0.10121458768844606 0.068096993061163055 0.18171212162545144 0.14500473439693454 0.031053263265330814 0.0062129516154527673 3.9463283938682033e-11 0.15209452807903293 0.34501171112060552 1.0870699882507326 0.099327022349444447 0.19145236909389499 1.0727520272100642e-12 2.7092874750214871e-12 0.059370561079545463 0.0031933756545186047 1.070184318970719e-11 0.010060415746650482 0.025389444325146487 0.0036453904259672819 0.0028576276840439588 0.0034895768621936445 0.037183486613497761 1.4656115899797065e-10 0.042191938920454551 0.0048613274781067663 0.60761381522910396 0.098354551941156401 3.303510810532147e-12 5.3052520220180702e-12
decision_type=2 2 2 2 2 2 2 2 2 2 2 2 2 2 2 2 2 2 2 2 2 2 2 2 2 2 2 2 2 2
left_child=1 12 3 -3 5 -5 10 -6 9 -9 11 -7 18 14 17 20 -17 21 19 -1 -15 22 23 -14 -20 -18 27 -27 -29 -30
right_child=-2 2 -4 4 7 6 -8 8 -10 -11 -12 -13 13 15 -16 16 25 -19 24 -21 -22 -23 -24 -25 -26 26 -28 28 29 -31
leaf_value=0.11839188431845107 -0.16068771809028345 0.069644661077070208 0.098873504628437608 -0.1242764486663893 0.10359302015874355 0.098601947830588801 -0.14069484273432661 0.072331448232158924 0.080742993453163894 -0.12684458771993892 -0.18916286553848166 -0.13655844759683747 0.17433931390039797 -0.12812152210967812 -0.13078991767646794 -0.12415467245222292 -0.048708693501523542 -0.15530396053246542 -0.094378188698312715 -0.3607560811515596 0.1073911719707305 -0.088585019851426736 0.12688646575258061 -0.16743327090237295 0.0857378260740497 -0.11315342074681788 0.038688534239870648 0.052709464041920097 -0.055488787515562743 -0.00018860494864611109
leaf_weight=2.8606255128979665 18.083643486723304 170.92354321479797 107.31524297967553 88.109007433056831 50.777665138244629 87.922515783458948 27.935851987451315 26.936110608279705 33.912553440779448 49.044358072802424 6.4890927895903578 8.3843301348388177 8.8860489688813704 8.3725624326616508 84.601674805395305 47.679570896551013 149.4486084934324 21.944842599332333 12.246347784996031 5.7566341236233711 80.197377065196633 23.370728682726622 46.233817828819156 16.815232118591666 106.28414980322123 48.674930328503251 323.22959096357226 173.70781410299242 346.63987602293491 8947.1099996976554
leaf_count=4 1072 312 245 606 59 156 355 64 150 463 55 103 10 241 1933 1077 1148 194 59 59 336 601 79 151 148 787 915 1089 4290 51615
internal_value=-0.000125905 0.000135397 0.0268443 0.0128012 -0.0127999 -0.0392222 0.0181016 0.0231886 -0.0139634 -0.056234 0.0612562 0.0781292 -0.00154508 -0.00216629 -0.0591683 -0.0010299 -0.00179023 -0.00749005 0.0489094 -0.201696 0.085128 0.0265452 0.0639494 -0.0492676 0.0671286 -0.00120614 -0.000484636 -0.00181521 -0.00124279 -0.0022512
internal_weight=11129.9 11111.8 657.75 550.435 379.511 218.841 130.732 160.671 109.893 75.9805 102.796 96.3068 10454.1 10326.9 201.852 10125.1 10036.5 117.251 127.148 8.61726 88.5699 95.3058 71.9351 25.7013 118.53 9988.81 9839.36 9516.13 9467.46 9293.75
internal_count=68376 67304 2568 2323 2011 1275 669 736 677 527 314 259 64736 64466 2968 61498 60921 1035 270 63 577 841 240 161 207 59844 58696 57781 56994 55905
is_linear=0
shrinkage=0.1


Tree=35
num_leaves=31
num_cat=0
split_feature=14 5 3 12 7 14 6 14 12 9 13 5 1 13 19 18 13 3 4 18 2 9 8 7 17 8 17 14 12 6
split_gain=41.678 42.2699 60.9801 67.5007 31.7855 112.773 72.1817 51.4792 51.1804 36.8029 38.5857 36.1778 28.5058 39 33.7749 42.2408 48.0548 39.9361 40.7796 37.656 29.1122 31.5788 29.0329 62.6913 49.753 49.6983 85.8893 67.3085 52.6546 48.8642
threshold=0.10121458768844606 0.068096993061163055 0.18171212162545144 0.14500473439693454 0.028951272718857977 0.0062129516154527673 3.9463283938682033e-11 0.0054134395904839048 0.34501171112060552 0.034961722784601211 1.8686084747314455 0.099327022349444447 0.58785074741964716 3.1636465787887578 0.52606973052024852 -0.10025432746095413 3.1636465787887578 0.12494952241300337 1.3638668078726817e-10 0.21267980230252517 1.0726036173712113e-09 0.0013286833110922696 1.0727520272100642e-12 0.0048613274781067663 0.035577947443181823 2.9042048292226266e-12 0.059370561079545463 0.0031933756545186047 0.098354551941156401 1.070184318970719e-11
decision_type=2 2 2 2 2 2 2 2 2 2 2 2 2 2 2 2 2 2 2 2 2 2 2 2 2 2 2 2 2 2
left_child=1 12 3 -3 5 -5 11 -6 9 10 -9 -7 13 22 15 -14 17 -17 -19 -16 21 -20 -1 24 -24 26 -25 -27 -29 -30
right_child=-2 2 -4 4 7 6 -8 8 -10 -11 -12 -13 14 -15 19 16 -18 18 20 -21 -22 -23 23 25 -26 27 -28 28 29 -31
leaf_value=0.046385155211228442 -0.15860130478013684 0.065144852650140597 0.097599195662041671 -0.1360211999751266 0.08405763234874726 0.072090895691139467 -0.13782390118237531 -0.093188235125945415 0.075151436928118931 -0.37551190299785975 0.1208573685689957 -0.17515457339335519 0.087347413332916901 -0.098189747682017284 -0.052618480978377319 0.010969138155652626 0.080214766061465256 -0.22571756259750242 0.073851395175214912 0.067501053298340052 0.062162448969130417 -0.33744980137786279 0.16160653796737523 -0.0016739793768597057 -0.11163856924321272 0.089490529631467072 -0.13401361044112864 -0.12230807503496546 -0.12255643713052092 -0.00085076130086432923
leaf_weight=121.56109607219696 16.567554200999439 164.78503611683846 98.307059992104769 74.755207676440477 72.11600074917078 93.994329579174519 23.60800214484334 52.505111441016197 32.849495902657509 3.8991662561893454 10.030956812202929 6.3158082216978064 115.11431874707341 42.494286645203829 100.3324400857091 148.11861974187195 79.075131174176931 15.945590253919361 3.0850966125726726 35.273086853325367 15.333432897925375 4.7266836352646351 7.2877449691295615 134.40029532648623 77.818689637817442 81.557746314443648 77.216240825131536 36.088090160861611 33.106579662300646 9287.5798460273072
leaf_count=270 1072 312 245 564 113 259 315 497 150 42 16 55 226 299 495 593 163 210 6 85 29 45 73 1242 1474 417 1597 651 770 56091
internal_value=-0.000112429 0.000125213 0.0252119 0.0119071 -0.0117984 -0.0390196 0.0194979 0.0197541 -0.0269532 -0.0774397 -0.0588547 0.0565236 -0.00139973 -0.00259527 0.0214913 0.0367318 0.0148507 -0.0127583 -0.102664 -0.0213735 -0.0178878 -0.175015 -0.00218314 -0.00278961 -0.0882403 -0.00203599 -0.0499631 -0.000961415 -0.00174983 -0.00128305
internal_weight=11065.8 11049.3 633.166 534.859 370.074 198.673 123.918 171.401 99.2847 66.4352 62.5361 100.31 10416.1 9899.11 517.004 381.399 266.285 187.209 39.0908 135.606 23.1452 7.81178 9856.62 9735.06 85.1064 9649.95 211.617 9438.33 9356.77 9320.69
internal_count=68376 67304 2568 2323 2011 1193 629 818 705 555 513 314 64736 62884 1852 1272 1046 883 290 580 80 51 62585 62315 1547 60768 2839 57929 57512 56861
is_linear=0
shrinkage=0.1


Tree=36
num_leaves=31
num_cat=0
split_feature=14 14 5 6 17 8 12 6 1 18 12 1 19 12 3 7 13 3 6 4 5 9 7 14 0 9 8 19 18 6
split_gain=37.0989 38.6922 100.263 139.937 75.076 83.961 74.8203 71.9008 80.8266 68.7166 66.9277 65.3352 58.9831 70.766 84.445 52.9491 51.5141 69.9027 142.755 102.021 68.3265 60.3087 59.8855 91.6029 69.5731 53.7349 51.0818 48.9741 45.6525 45.2512
threshold=0.10121458768844606 0.014577129855751993 0.034430531001416624 5.5744188811191386e-10 0.10282759232954546 6.3129820907966745e-10 0.39409379661083227 3.0955072125965678e-10 0.26081904951879437 -0.0053385130383751594 0.34064307808876043 0.29920977699438228 1.22284871339798 0.36094008386135107 0.15915418803275727 0.10038898505022273 2.142716765403748 0.11135454035115354 1.3030977606077147e-10 7.2451250092286115e-11 0.024422896806423618 0.025506859164835537 0.0095371022121035261 0.0073820839170366534 1.156565578669704e-09 0.014959773081243686 4.2598464894431736e-10 0.43037422001361852 0.19474068658680405 4.6498486155907629e-10
decision_type=2 2 2 2 2 2 2 2 2 2 2 2 2 2 2 2 2 2 2 2 2 2 2 2 2 2 2 2 2 2
left_child=1 7 3 4 -3 6 10 16 15 -5 -6 -11 -4 14 -14 -9 -1 18 20 27 21 22 23 -18 25 -24 -8 -19 -15 -12
right_child=-2 2 12 9 5 -7 26 8 -10 11 29 -13 13 28 -16 -17 17 19 -20 -21 -22 -23 24 -25 -26 -27 -28 -29 -30 -31
leaf_value=0.0011048849248545874 -0.15614041012958624 0.055994615252845742 0.08448974772448764 -0.13697622202196547 -0.060451044185496253 0.080526408982015116 -0.13415817887043255 0.098852865399995798 -0.14201186372641994 -0.13005960872062161 0.064804612995301339 -0.0048948072662385635 -0.16628015594630002 0.0060282781527080734 0.067364393034323983 -0.18951089631211349 -0.15633459514578099 -0.1631201221487335 -0.15449482123559674 0.037123580062328042 -0.1223120159781495 0.035688010294871064 0.13704212513017433 0.11918398281477434 -0.10959539991361758 -0.17929893147803086 -0.018501573934610778 -0.026288218002508263 0.079336228411834908 -0.15353218347131636
leaf_weight=8137.4726982507855 15.215565141290424 317.34029975160956 239.06239756196737 84.595603682100773 87.962959691882133 89.664024166762829 83.185760019347072 29.787745773792267 74.930899403989315 53.427185326814651 137.49714504182339 190.07123971357942 39.158395361155272 183.01313533633947 25.570192277431488 8.0988898165523988 16.796178137883544 39.469752298668027 100.5401683524251 310.47367084771395 59.673828560858965 177.09763083979487 22.447738926857713 42.860129687935114 123.13649697974324 7.0579481683671466 70.596204116940498 77.5526212323457 158.53992545977235 10.196322981268166
leaf_count=53919 1072 767 748 711 590 260 807 49 539 436 497 845 296 754 62 77 190 316 859 792 542 872 61 60 1059 71 373 367 293 92
internal_value=-0.000100392 0.000115501 0.0136592 -0.00437127 0.01827 -0.00671743 -0.0268044 -0.00248228 -0.0818251 -0.0593326 0.00860377 -0.0323578 0.045078 0.0218875 -0.0739819 0.0372104 -0.00150019 -0.0231956 -0.0467849 0.00713191 -0.0226703 -0.00740046 -0.0433445 0.041612 -0.0765476 0.0613713 -0.0810641 -0.0724394 0.0400559 0.0497313
internal_weight=11012.5 10997.3 1769.88 1124.54 796.443 479.102 389.438 9227.4 112.818 328.094 235.656 243.498 645.344 406.282 64.7286 37.8866 9114.58 977.106 549.61 427.496 449.07 389.396 212.298 59.6563 152.642 29.5057 153.782 117.022 341.553 147.693
internal_count=68376 67304 7531 5378 3386 2619 2359 59773 665 1992 1179 1281 2153 1405 358 126 59108 5189 3714 1475 2855 2313 1441 250 1191 132 1180 683 1047 589
is_linear=0
shrinkage=0.1


Tree=37
num_leaves=31
num_cat=0
split_feature=14 5 5 12 14 8 17 3 17 12 8 14 8 15 3 11 7 12 5 7 14 11 8 13 17 12 9 1 3 13
split_gain=32.9551 34.3041 28.8876 54.849 55.5232 45.714 36.3609 33.0426 31.5773 60.8132 49.0666 62.6411 96.6963 40.4941 98.0162 66.4804 64.6806 53.394 47.6811 84.9599 153.955 104.427 93.8751 89.09 74.7295 83.834 79.9571 87.1545 106.548 114.616
threshold=0.10121458768844606 0.11574402064130214 0.0066493820459931048 0.20579180866479876 0.0050953933969140061 3.4598895694459455e-11 0.12746360085227273 0.031499663446195057 0.15818093039772732 0.50046998262405407 2.6355567119006627e-11 0.0095065557397902029 6.3129820907966745e-10 7.3112703830702244e-05 0.078960866633322427 6.6744803017826379e-09 0.11042672088491835 0.46489423513412481 0.02388827792274114 0.060727662995266364 0.0075215629767626533 2.9867608386524584e-09 2.793774079450935e-11 2.063402652740479 0.12289151278409093 0.24999680370092395 0.0055878469288498543 0.30525723103119479 0.078960866633322427 1.4799531698226931
decision_type=2 2 2 2 2 2 2 2 2 2 2 2 2 2 2 2 2 2 2 2 2 2 2 2 2 2 2 2 2 2
left_child=1 2 3 4 -1 6 -6 -7 9 13 -10 -12 -13 15 17 16 18 -15 -4 20 24 -21 23 -22 26 -26 -20 28 29 -28
right_child=-2 -3 8 -5 5 7 -8 -9 10 -11 11 12 -14 14 -16 -17 -18 -19 19 21 22 -23 -24 -25 25 -27 27 -29 -30 -31
leaf_value=-0.094539002563111374 -0.15342076512618708 0.070580620316480769 -0.0093735867504736968 -0.11956239894865378 -0.10137397748091991 -0.13970442969294578 0.059681440595234142 0.044130865354305354 -0.14571750643691894 -0.067362980452591412 0.060911360540902959 -0.034409213133067044 0.044816816873141825 -0.098541215161178905 0.028095703608942521 -0.12041532820197004 -0.095286075352781024 0.12942964340535695 -0.00020735842516901571 0.083126208602197146 -0.14822761712650234 -0.014696050108228038 -0.023699584275702332 0.087073360888721779 -0.094814938438920679 0.15401451880505912 0.051682888140085405 0.086954052020383837 -0.035650293700889603 -0.059634906187165104
leaf_weight=59.759111925959587 13.999514784663914 68.634071752429008 3755.4017716562375 56.534444093704224 15.693695738911627 27.740324404090643 131.27791798487306 15.098976626992224 17.881000088527799 136.72122409567237 278.87421306036413 319.41206042282283 297.57788248732686 93.678042242303491 966.56670908629894 47.557166397571564 73.436948178336024 11.539410062134264 2065.7331291995943 290.20397898554802 122.04852405190468 174.89687692560256 454.42904911935329 18.534553430974483 114.20990352891386 15.36102808266878 713.59585178643465 232.0026773288846 265.34479993768036 106.26875054836273
leaf_count=2314 1072 249 30532 746 191 325 388 86 235 947 797 2469 1030 734 2925 376 683 38 8778 830 1475 653 3238 35 1821 26 2294 535 1764 790
internal_value=-9.08253e-05 0.000105278 -0.000339408 -0.030624 -0.0104771 0.0159886 0.0424839 -0.0749105 0.000537521 -0.00114362 0.0183058 0.0215796 0.00380197 -0.000192691 0.0181182 -0.00251548 -0.0018481 -0.0735392 -0.00102416 0.00583305 0.00124628 0.0463411 -0.0457921 -0.117205 0.00921447 -0.0653154 0.0120691 0.0313217 0.0194283 0.0372542
internal_weight=10960 10946 10877.4 306.104 249.57 189.811 146.972 42.8393 10571.3 9657.53 913.745 895.864 616.99 9520.81 1071.78 8449.03 8401.47 105.217 8328.03 4572.63 4107.53 465.101 595.012 140.583 3512.52 129.571 3382.95 1317.21 1085.21 819.865
internal_count=68376 67304 67055 4050 3304 990 579 411 63005 58474 4531 4296 3499 57527 3697 53830 53454 772 52771 22239 20756 1483 4748 1510 16008 1847 14161 5383 4848 3084
is_linear=0
shrinkage=0.1


Tree=38
num_leaves=31
num_cat=0
split_feature=14 3 18 19 5 14 8 14 3 5 17 4 13 17 18 14 5 7 14 13 17 9 13 6 5 10 2 18 1 17
split_gain=29.2302 31.7936 27.2659 54.2779 33.6632 58.0695 57.5429 43.6968 40.1742 104.162 83.3868 81.578 80.0857 59.7555 47.2434 62.9593 50.6225 46.4576 46.2499 57.0755 69.7969 58.3179 61.3116 78.8703 48.5737 45.6915 45.592 65.2663 63.1538 39.8589
threshold=0.10121458768844606 0.25874544584527021 -0.19182746396241282 0.83213675022125255 0.0078476661092900402 0.0050538084469735631 3.4598895694459455e-11 0.0067215450108051309 0.04270730574512057 0.03734018257527786 0.1002530184659091 2.5931729508738644e-11 2.405558824539185 0.040371981534090919 0.27670631506903615 0.0042981461156159648 0.012459129866070128 0.011174491522093754 0.011037664022296669 1.3450457453727724 0.12391246448863637 0.0042698717956576844 1.4876498579978945 1.9295752886377358e-11 0.028494984241262417 2.3608592748641972 8.9067061851053147e-11 0.11989861827301371 0.39653786872861291 0.082586115056818191
decision_type=2 2 2 2 2 2 2 2 2 2 2 2 2 2 2 2 2 2 2 2 2 2 2 2 2 2 2 2 2 2
left_child=1 2 3 -1 5 -4 -7 -8 9 12 -11 14 13 -6 15 17 -16 -10 19 20 -15 -21 -23 -24 -25 -20 27 -27 -28 -19
right_child=-2 -3 4 -5 8 6 7 -9 11 10 -12 -13 -14 18 16 -17 -18 29 25 21 -22 22 23 24 -26 26 28 -29 -30 -31
leaf_value=0.048019595712653879 -0.15055019883848117 0.061844569683323906 -0.11611944722575632 -0.0033444644926466879 -0.20991957184374579 0.023369802025020096 -0.15205554054405798 -0.029288798583741435 -0.10784458669110433 0.036419343759456019 -0.11293191744230811 -0.0012311977630092398 -0.14729033473386102 0.01709380184701954 0.066446415064463013 -0.10594987725269381 -0.10025714230748171 0.047843151355369429 -0.14478642138713788 -0.088986322025660633 -0.10693085635310876 0.085365340650745469 -0.086333622747862881 0.050126032565628101 -0.068642563720787961 -0.13494612704747538 -0.14769274319001049 0.1475962571772815 0.44530700270570373 -0.14987132186884647
leaf_weight=336.69563767407089 12.896700743585823 82.727399820461869 65.309858711436391 528.92634672205895 10.667204551398752 194.27324289921671 37.28719674423337 130.33420636504889 37.87022699136287 57.134284721687436 108.14128656871617 7502.593930605799 27.232245419174433 288.27563183754683 61.345777228474617 174.0909069608897 25.90963308699429 82.31333901360631 28.822848759591579 31.327569629065692 53.851747399196029 317.04989011771977 52.274931633844972 514.95445380732417 36.902518711984158 11.240209531038998 22.836376998573545 29.986517358571291 1.9492285922169674 11.638084622099994
leaf_count=1271 1072 262 2539 2785 103 879 473 984 729 231 1864 43372 282 1654 185 3999 406 281 290 462 835 924 409 1285 244 124 242 82 6 102
internal_value=-9.08858e-05 8.77257e-05 -0.000386152 0.0166343 -0.00187202 -0.0293318 -0.0136695 -0.0565981 -0.000635674 0.0138525 -0.0613025 -0.00355807 0.0225547 0.0258582 -0.0479605 -0.0664736 0.0169454 -0.014339 0.0276683 0.0326061 -0.002428 0.0451899 0.049753 0.0310635 0.042184 -0.039741 0.00612481 0.0705628 -0.101057 0.0233516
internal_weight=10876.9 10864 10781.2 865.622 9915.61 427.205 361.895 167.621 9488.41 1592.65 165.276 7895.76 1427.37 1400.14 393.168 305.913 87.2554 131.822 1389.47 1294.64 342.127 952.509 921.182 604.132 551.857 94.8352 66.0123 41.2267 24.7856 93.9514
internal_count=68376 67304 67042 4056 62986 4875 2336 1457 58111 9037 2095 49074 6942 6660 5702 5111 591 1112 6557 5813 2489 3324 2862 1938 1529 744 454 206 248 383
is_linear=0
shrinkage=0.1


Tree=39
num_leaves=31
num_cat=0
split_feature=14 17 5 7 13 13 5 6 3 12 2 18 18 9 8 12 17 9 13 14 19 17 1 7 3 5 8 12 14 19
split_gain=26.1795 79.8651 98.3335 65.6538 58.9396 58.1084 58.0235 83.4297 50.3434 48.72 51.8654 43.9697 46.3001 43.4377 121.435 89.7372 89.17 75.4497 117.634 89.6565 95.9197 68.774 67.2742 91.9314 65.1452 74.4484 68.331 71.354 64.4035 86.5265
threshold=0.014282118063420059 0.097056995738636367 0.034430531001416624 0.12289008703022121 2.142716765403748 2.3086743354797368 0.031491743507970328 7.3205279210335002e-11 0.10526709550747836 0.32335476577281957 2.8795945359108571e-10 0.0037021618971431803 -0.016457802002233537 0.0055017836209872275 1.0213224529645114e-11 0.13641636073589328 0.081520774147727279 0.0030051512143376611 1.3321284055709841 0.0053477010224014529 0.39015735685825353 0.066561612215909102 0.47851692290438846 0.0063063559866296482 0.082786851508746609 0.017723233295949981 3.6227186294903594e-12 0.11894540861248971 0.0061448775231838235 0.90344515442848217
decision_type=2 2 2 2 2 2 2 2 2 2 2 2 2 2 2 2 2 2 2 2 2 2 2 2 2 2 2 2 2 2
left_child=4 -2 3 11 9 -5 -6 8 -8 13 -11 12 -3 14 15 17 -15 21 -19 20 -20 24 -16 -24 -1 -26 -27 -28 29 -17
right_child=1 2 -4 5 6 -7 7 -9 -10 10 -12 -13 -14 16 22 28 -18 18 19 -21 -22 -23 23 -25 25 26 27 -29 -30 -31
leaf_value=0.035535959812760379 0.048230631250435071 -0.033890258224724822 0.033205391481359842 -0.12395387495618748 -0.017116400304285826 0.088548731160011662 -0.14778055288178937 -0.156024644488611 0.122296573229221 -0.06979345301788023 0.07255294907040756 0.0043675032934551239 -0.18724498389249322 0.030999433436818536 -0.12400566965956848 -0.030125213523429506 -0.0004203592464342965 0.081973628036837443 -0.15473760773437786 0.035897502688326137 -0.0026975376892053446 -0.077651668322895162 -0.16973665575222896 0.013258768915645466 -0.084967074260759667 0.04492790909222432 -0.0018313746238975501 -0.085261736105815347 0.019909636522753099 -0.13282069171169458
leaf_weight=393.72757798898965 434.96845675073564 188.96036505699158 517.18070871382952 93.759993171319366 861.92850403487682 14.914962057024239 10.042397662997244 71.912410138174891 22.070016022771597 169.40592085011303 30.15275676548481 513.06952778808773 21.97712723352015 1233.7963113151491 125.78928039222956 391.28197021503001 3371.583820419386 303.8835697574541 60.499801632016897 319.95665591582656 132.09083856735379 120.29159346222878 35.065256837755442 126.451740141958 124.26133356429636 226.53904095105827 491.47602146863937 129.5273638535291 168.54510925151408 103.81105117779225
leaf_count=1563 1209 1138 2856 916 4661 46 104 582 28 1510 83 2498 209 4315 1050 3569 24853 829 953 1053 1160 2457 336 503 3382 1164 2862 788 544 1155
internal_value=-9.99853e-05 0.0109661 -0.00104175 -0.0223127 -0.00228869 -0.0947892 -0.0256309 -0.0961799 0.0378363 0.000509409 -0.0482853 -0.0114339 -0.049868 0.00174849 -0.00709735 -0.00108407 0.00799711 0.00825487 0.0326766 0.00344891 -0.0504589 -0.00516438 -0.069173 -0.0264694 0.00122113 -0.0126816 -0.00208353 -0.0192331 -0.0334822 -0.0516584
internal_weight=10808.9 1784.83 1349.86 832.682 9024.09 108.675 965.953 104.025 32.1124 8058.14 199.559 724.007 210.937 7858.58 3253.2 2965.89 4605.38 2302.25 816.431 512.547 192.591 1485.82 287.306 161.517 1365.53 971.804 847.542 621.003 663.638 495.093
internal_count=68376 8872 7663 4807 59504 962 5375 714 132 54129 1593 3845 1347 52536 23368 21479 29168 16211 3995 3166 2113 12216 1889 839 9759 8196 4814 3650 5268 4724
is_linear=0
shrinkage=0.1


Tree=40
num_leaves=31
num_cat=0
split_feature=14 5 3 12 19 13 11 18 3 10 18 14 14 6 6 13 4 1 5 4 1 4 6 8 3 10 7 9 5 12
split_gain=26.6287 27.3449 46.2175 58.039 26.4261 26.4186 36.997 29.519 27.2688 25.2201 51.8661 25.1757 64.844 57.608 55.2588 41.6066 41.565 28.2767 27.4159 27.219 26.6226 26.0713 24.9166 44.4536 46.4046 27.5343 46.4454 37.6675 86.5169 85.5188
threshold=0.10121458768844606 0.068096993061163055 0.18171212162545144 0.14500473439693454 -0.18245410174131391 1.6838613748550417 3.6818859072695891e-09 0.17112071338025009 0.036481860492720071 3.8890515565872197 0.10725274290466175 0.0054134395904839048 0.0062583016697317371 3.9463283938682033e-11 5.2041378337329976e-11 1.564746141433716 3.4515972913033401e-10 0.25078220500773779 0.091560184437819186 2.048864662530295e-10 0.56027650027120723 1.2309666318197158e-10 1.7029136167091162e-09 2.9550970824074696e-09 0.097526201388344377 4.6331567764282235 0.14111240976517583 0.10165623504402015 0.033794113034275056 0.38581334054470068
decision_type=2 2 2 2 2 2 2 2 2 2 2 2 2 2 2 2 2 2 2 2 2 2 2 2 2 2 2 2 2 2
left_child=1 4 3 -3 5 8 7 -7 -1 10 11 14 16 18 19 -15 21 -17 -14 -5 -19 -13 25 -24 -25 26 27 29 -29 -6
right_child=-2 2 -4 9 22 6 -8 -9 -10 -11 -12 12 13 15 -16 17 -18 20 -20 -21 -22 -23 23 24 -26 -27 -28 28 -30 -31
leaf_value=-0.17819923242560767 -0.14836924158612572 0.060791300467080145 0.093994662667514869 -0.1771106334270651 -0.001063781914769493 -0.19877762538275379 0.04070810488982405 0.1630315063665756 0.10029769305172245 0.099257122067854212 -0.19152473289622574 -0.0090969675645883319 0.083070711603078343 -0.12566886375831676 0.077601213767631114 0.18988725771310544 0.17577763710691541 -0.18163138928690761 -0.086950381615966008 0.1195920699381712 0.12793103190275815 -0.14807629343960682 -0.1251731296790716 -0.11102501285353582 0.12052506432050195 0.080958706758390023 -0.088044944263076449 -0.0092342528058740898 0.070816405232747098 -0.062894168090029318
leaf_weight=3.7131397863849989 12.098657453432677 157.34103268757463 75.675520528107882 14.941700603812935 9039.1917684860528 13.063626435585318 46.782542334869504 2.7254254817962638 66.157009249553084 19.197341680526733 16.490595562383533 17.446705292910337 79.195959739387035 38.428289864212275 68.725816294550896 8.5442032665014285 5.1889097839593878 6.5734817162156087 10.77441446483135 3.898697391152381 4.8117079734802246 59.634131215512753 43.693526335060596 14.71107344701886 21.024700783193111 40.540582112967968 61.796612415462732 322.9926478471607 231.97975339367986 229.37205705605447
leaf_count=54 1072 312 245 111 59067 135 166 2 177 27 205 91 190 668 115 8 3 51 74 3 3 462 380 125 24 92 604 1869 537 1504
internal_value=-9.64039e-05 7.08658e-05 0.0210577 0.0102604 -0.00114405 0.043232 -0.00396342 -0.136324 0.0854974 -0.0122083 -0.0186025 -0.00963986 -0.0269742 0.0125184 0.0360085 -0.0648619 -0.0981773 0.0523875 0.0627098 -0.115713 -0.0508014 -0.116619 -0.00173147 -0.0575172 0.0252046 -0.00128505 -0.00162234 -0.00107869 0.0242271 -0.00259392
internal_weight=10736.7 10724.6 586.869 511.193 10137.7 132.442 62.5716 15.7891 69.8701 353.852 334.655 318.164 230.598 148.328 87.5662 58.3577 82.2697 19.9294 89.9704 18.8404 11.3852 77.0808 10005.3 79.4293 35.7358 9925.87 9885.33 9823.54 554.972 9268.56
internal_count=68376 67304 2568 2323 64736 534 303 137 231 2011 1984 1779 1550 994 229 730 556 62 264 114 54 553 64202 529 149 63673 63581 62977 2406 60571
is_linear=0
shrinkage=0.1


Tree=41
num_leaves=31
num_cat=0
split_feature=14 14 17 18 5 7 5 8 6 1 3 7 8 17 3 12 6 9 13 13 3 6 5 14 11 1 19 17 1 10
split_gain=23.5979 25.1387 63.8436 79.9441 82.3599 61.2762 58.4821 49.5797 49.0203 68.8856 43.462 38.6417 36.0732 34.6036 52.7925 49.2041 42.3647 45.3305 38.6841 33.5906 42.0092 117.536 75.7903 61.8997 50.5895 77.2273 42.9307 50.6307 47.4463 69.5186
threshold=0.10121458768844606 0.014282118063420059 0.097056995738636367 0.11181814824654299 0.017814981640191508 0.055422710163140751 0.049529314730320177 1.5233886807252656e-10 3.0955072125965678e-10 0.26081904951879437 0.074563219252477705 0.10038898505022273 2.7935745962438764e-10 0.14086914062500003 0.069658033433896149 0.36094008386135107 4.6498486155907629e-10 0.085231340035557074 2.2254878282547002 2.142716765403748 0.11823134068737608 1.3030977606077147e-10 0.01258423165590151 0.013560163322836162 5.6077340548910123e-09 0.50079611116461364 2.6826206445693974 0.10890891335227275 0.56027650027120723 1.5996568799018862
decision_type=2 2 2 2 2 2 2 2 2 2 2 2 2 2 2 2 2 2 2 2 2 2 2 2 2 2 2 2 2 2
left_child=1 8 10 5 -5 7 -7 -4 19 11 -3 -10 -12 14 -6 -15 -16 -18 -19 -1 21 23 -22 26 25 -24 27 28 29 -21
right_child=-2 2 3 4 13 6 -8 -9 9 -11 12 -13 -14 15 16 -17 17 18 -20 20 22 -23 24 -25 -26 -27 -28 -29 -30 -31
leaf_value=0.00081769584843704307 -0.14544340390479191 -0.15299140801471034 -0.16982364158959587 -0.12580478692635499 -0.16689406878291105 -0.049196731431542455 0.042526637648672455 0.07234758219626912 0.093193317432688855 -0.13229556711238311 0.07845648100624765 -0.17865995621827638 0.018905424000589796 -0.19577387567578586 0.057658138032997103 0.059472345595855715 -0.15609129992466894 -0.07314504031370489 0.060172823846367775 0.091863598805022401 -0.18718612505046625 -0.13371066489736724 0.010186367078140211 0.15958828494697852 0.059675175649203598 -0.16588751853898553 -0.080923115569440124 0.051499594057466895 0.03111907324049832 -0.094194701409888615
leaf_weight=7933.4770012032241 11.156409861752762 10.792008873075245 9.3450518324971181 34.093571670353413 16.578211020678282 494.09187215939164 80.893220759928226 88.655574679374695 28.043095476925373 65.161440657451749 215.32369634881616 6.4269065950065842 192.79883847944438 7.7192646339535704 125.03700690343976 349.3028947096318 21.902662774547935 37.4092404730618 52.044597376137972 23.845438312739134 19.069309903308749 101.96471041254699 161.21986417099833 19.463859029114246 156.67491757683456 29.462771087884903 98.011159803718328 105.91319934651256 78.224098962731659 127.23406216129661
leaf_count=53820 1072 105 85 383 151 3335 465 237 46 479 424 65 672 70 320 1003 168 238 144 78 166 885 577 49 317 198 814 464 328 1218
internal_value=-8.23227e-05 6.9378e-05 0.0110827 0.000267309 0.025451 -0.023835 -0.0362924 0.0492548 -0.00206583 -0.0718184 0.0450865 0.0425065 0.0503243 0.0339049 0.00560992 0.0539536 0.0177076 -0.027151 0.00441982 -0.00128097 -0.0193572 -0.0367154 0.0069177 -0.0148681 0.0175737 -0.0170192 -0.022706 -0.00568438 -0.0320971 -0.0648284
internal_weight=10701.3 10690.2 1735.99 1317.07 644.087 672.986 574.985 98.0006 8954.19 99.6314 418.915 34.47 408.123 609.994 252.972 357.022 236.394 111.357 89.4538 8854.56 921.083 554.657 366.427 452.692 347.358 190.683 433.228 335.217 229.304 151.08
internal_count=68376 67304 7800 6599 2477 4122 3800 322 59504 590 1201 111 1096 2094 1021 1073 870 550 382 58914 5094 3836 1258 2951 1092 775 2902 2088 1624 1296
is_linear=0
shrinkage=0.1


Tree=42
num_leaves=31
num_cat=0
split_feature=18 19 12 0 5 13 8 12 13 8 9 6 5 14 5 14 6 8 12 5 6 13 14 7 14 12 13 3 15 14
split_gain=22.1133 43.8135 35.7409 52.8282 44.1681 33.2654 32.9234 58.2003 65.2801 54.1141 98.8458 49.2946 45.1068 42.0131 95.6387 48.358 194.159 143.662 91.7472 89.3126 75.3673 142.361 87.055 103.371 131.9 74.4997 103.727 77.3353 73.5823 66.5926
threshold=-0.19182746396241282 0.77787122130393993 0.13641636073589328 2.2751515417537087e-09 0.016333888241070609 1.1861231327056887 5.3052520220180702e-12 0.12939856946468356 1.2839471697807314 2.9042048292226266e-12 0.00087947146718233974 4.0849998971750612e-11 0.039216777791669231 0.0044699301943182954 0.017302201976061533 0.005480110878124834 4.2393054592058472e-11 1.4880561071850164e-11 0.13958324491977694 0.029940588443482855 3.5879198276635581e-11 1.3643588423728945 0.0075659542344510564 0.0061886042450018551 0.0059263489674776801 0.18201600760221484 1.1928146481513979 0.10919990523695873 5.8933586842613301e-05 0.0066170361824333676
decision_type=2 2 2 2 2 2 2 2 2 2 2 2 2 2 2 2 2 2 2 2 2 2 2 2 2 2 2 2 2 2
left_child=1 -1 3 4 -3 -6 7 8 9 10 -2 -10 -13 14 -8 16 17 18 -15 -18 22 -22 23 24 -17 26 -25 -28 -26 -23
right_child=6 2 -4 -5 5 -7 13 -9 11 -11 -12 12 -14 15 -16 20 19 -19 -20 -21 21 29 -24 25 28 -27 27 -29 -30 -31
leaf_value=0.045318517631555429 0.045749989344283128 -0.13377948465046055 -0.02001394470728636 -0.15764958469136858 -0.16802016631416178 0.07208277570331599 -0.030136701233382801 -0.097700101137502604 -0.060907106080581731 0.059070988899188798 -0.098210549880820897 0.050489775320127883 -0.26490101821292428 -0.039172116850164335 0.057781806996100249 0.064399567081630929 -0.10991207924453471 0.024620423893451857 -0.12107619766671807 0.049519197107288776 -0.081165976728254527 -0.04160222219722403 -0.06727213563576008 -0.17047493245069015 -0.15280406445615252 -0.01227855501858805 0.058325426638190105 -0.0012831775982832683 -0.032290876696809905 0.0020274297042499156
leaf_weight=310.61278819851577 107.70530075952411 12.280719156377016 361.40399526339024 13.339099731296299 5.9960504285991183 153.25370414182544 189.67197065334767 87.597827482037246 282.62555278558284 172.31081214174628 85.601475673727691 70.395280422642827 4.8468697071075431 296.72990272287279 355.88612033240497 108.90897443145514 38.790361203253269 186.54777684994042 253.70211393851787 373.0835956223309 233.94666618807241 378.9811199977994 114.87115538492799 22.471579115837812 72.04488349147141 302.31572801619768 1066.9503677152097 273.42799288034439 170.72332563996315 4548.7412948515266
leaf_count=1179 255 247 2060 108 49 437 1750 1913 5833 520 1198 264 41 2976 1076 386 456 1179 3576 892 3518 2824 1673 203 598 2562 3220 1299 873 25211
internal_value=-7.3792e-05 0.0153312 -0.00171972 0.0340439 0.048951 0.0630425 -0.00142092 -0.0207165 -0.0113955 0.0183227 -0.0179996 -0.0417573 0.0301733 0.00032037 0.0272155 -0.00141766 -0.0204871 -0.0512198 -0.0769229 0.0345039 0.00158615 -0.0049466 0.0174044 0.0222272 -0.0270358 0.0326314 0.0425936 0.0461657 -0.0680549 -0.00132804
internal_weight=10655.8 856.886 546.274 184.87 171.53 159.25 9798.88 811.083 723.485 365.618 193.307 357.868 75.2422 8987.79 545.558 8442.24 1148.85 736.98 550.432 411.874 7293.38 5161.67 2131.71 2016.84 351.677 1665.17 1362.85 1340.38 242.768 4927.72
internal_count=68376 4080 2901 841 733 486 64296 10024 8111 1973 1453 6138 305 54272 2826 51446 9079 7731 6552 1348 42367 31553 10814 9141 1857 7284 4722 4519 1471 28035
is_linear=0
shrinkage=0.1


Tree=43
num_leaves=31
num_cat=0
split_feature=2 15 9 14 6 3 12 4 19 0 17 4 5 3 4 8 6 7 12 3 4 13 11 2 1 14 11 17 2 9
split_gain=22.1154 81.7187 71.7348 46.215 58.3516 54.3981 44.168 40.3668 39.4815 34.4094 40.282 39.2231 49.8384 37.4207 32.7844 32.3672 29.7053 27.0716 57.9402 26.0764 76.6312 68.4311 60.874 57.8423 126.503 93.4012 42.584 42.4116 45.2655 58.5038
threshold=2.4837892290276324e-11 1.5489404177060354e-05 0.0028576276840439588 0.0034895768621936445 1.9629900204771926e-11 0.011154955965416579 0.23831091821193698 6.7207327574660621e-12 0.13192711770534518 1.3347660717388045e-10 0.12240323153409093 4.3382759823852632e-11 0.020548809367469063 0.03372686506023205 1.3370498706286259e-11 5.959778258961405e-12 3.899616759436571e-11 0.078316505522890531 0.3082288801670075 0.052637730626510719 3.3575364474160789e-11 1.9383831024169924 1.9455339561602618e-09 2.2950835597531944e-10 0.33453737192596905 0.0042981461156159648 3.3786207165320552e-09 0.10242808948863637 1.3251536374882437e-10 0.043258711650315189
decision_type=2 2 2 2 2 2 2 2 2 2 2 2 2 2 2 2 2 2 2 2 2 2 2 2 2 2 2 2 2 2
left_child=2 -2 -1 -4 -5 6 8 -3 -6 10 11 12 13 -9 -12 -14 -7 -16 -19 21 23 26 -23 25 -25 -21 -11 -24 -29 -30
right_child=1 7 3 4 5 16 -8 9 -10 19 14 -13 15 -15 17 -17 -18 18 -20 20 -22 22 27 24 -26 -27 -28 28 29 -31
leaf_value=-0.116433798381709 -0.11831974373123036 -0.12315534589411055 0.10346544974126902 -0.073129932988568597 0.22404390230988425 0.10651891155358124 0.040781202001881706 0.048195628645192501 -0.16929419828309225 0.022424056414514434 0.10060263465913011 -0.085114815469788233 -0.081662697463800102 -0.13719229862113413 -0.10825775026528983 0.12694532218676544 0.011880709537792224 0.31261215420144728 -0.11992227340906061 0.0010322996173924481 0.0011239963036081136 -0.15191221537082658 -0.08634360610574561 0.094035117059372147 -0.10272463373672924 -0.096235390688571565 -0.16320413456789595 -0.052552362245909215 0.060053649045200747 -0.054100320896807046
leaf_weight=33.346733028069139 58.985599726438522 26.663009901531041 80.585496260784566 56.529731951653957 2.8372023720294264 97.282960344105959 32.907062996178865 21.302023748867214 25.376002969220281 1546.9744646316394 9.6640802007168514 37.916620837524533 8.7740837819874269 22.271675065159798 103.3979406831786 48.835592459887266 50.323154738172889 4.9875711984932414 8.1701557449996454 166.66546437423676 7302.1893490192015 34.379599425010383 65.741033198311925 84.880897004157305 53.128092524595559 242.16690230369568 12.457812168635426 104.20250796154141 157.21051228046417 62.841314453631639
leaf_count=1534 1212 445 357 1136 4 251 205 205 320 7161 35 651 131 355 2063 106 243 17 142 1353 40238 280 651 588 1281 5598 134 617 510 553
internal_value=-7.51237e-05 -0.000958053 0.0236376 0.0371436 0.0169948 0.0414034 -0.0379312 -0.000274323 -0.129739 5.01301e-05 -0.0354861 0.0016307 0.034137 -0.0465611 -0.0763906 0.0951738 0.074254 -0.0910658 0.0440343 0.00100901 -0.00157996 0.0112524 -0.0243505 -0.0376869 0.0182903 -0.056583 0.0209411 -0.0131055 0.0017432 0.0274541
internal_weight=10563 10183.8 379.188 345.842 265.256 208.726 61.1203 10124.8 28.2132 10098.2 265.32 139.1 101.183 43.5737 126.22 57.6097 147.606 116.556 13.1577 9832.84 7849.03 1983.81 424.375 546.841 138.009 408.832 1559.43 389.995 324.254 220.052
internal_count=68376 64326 4050 2516 2159 1023 529 63114 324 62669 3705 1448 797 560 2257 237 494 2222 159 58964 49058 9906 2611 8820 1869 6951 7295 2331 1680 1063
is_linear=0
shrinkage=0.1


Tree=44
num_leaves=31
num_cat=0
split_feature=14 5 19 7 12 14 1 5 3 12 4 8 19 6 11 8 6 14 13 19 14 0 1 5 14 0 19 12 8 2
split_gain=20.8646 24.8116 20.1073 21.5613 52.8806 37.0326 30.5625 32.9971 35.1929 71.5016 57.0807 53.9784 44.0047 54.6684 42.1978 32.4931 43.8592 78.3385 36.0026 55.9275 35.845 31.2408 30.9414 27.5617 27.444 28.985 26.742 32.0327 30.4323 25.8584
threshold=0.10121458768844606 0.11574402064130214 -0.18245410174131391 0.0048613274781067663 0.094585373997688307 0.00789786269888282 0.53900930448684103 0.0081864026916272595 0.13760615548032409 0.28963077068328863 1.2567419905501888e-10 3.7581874535691902e-10 0.92838960886001598 1.1552275097127301e-10 1.7753532866038316e-08 6.4196869539434736e-12 2.6031730264539281e-11 0.0062583016697317371 1.7682383060455324 0.32012981176376348 0.0057200044393539437 2.5831635206810285e-09 0.5546921624772615 0.024422896806423618 0.0060320475604385146 2.2363909053234199e-09 -0.13439870625734326 0.076473310589790358 1.6428121287891168e-11 2.4837892290276324e-11
decision_type=2 2 2 2 2 2 2 2 2 2 2 2 2 2 2 2 2 2 2 2 2 2 2 2 2 2 2 2 2 2
left_child=1 2 -1 4 -4 24 26 -8 14 10 12 -11 13 22 15 -9 17 18 19 -17 -18 -19 -10 -23 25 -6 28 -28 -5 -29
right_child=-2 -3 3 6 5 -7 7 8 9 11 -12 -13 -14 -15 -16 16 20 21 -20 -21 -22 23 -24 -25 -26 -27 27 29 -30 -31
leaf_value=0.038937988157285094 -0.14285989503075627 0.065009077503689713 0.035485454674847962 -0.18137107740324096 -0.10717608338998619 0.13773924536561719 -0.16707099193589534 0.093440028349315224 -0.0063129148354681064 -0.10959870298855034 0.028868511181389295 -0.75681693703977604 0.035400820886254403 -0.51734752899967884 -0.10485192950364941 -0.26035619874214194 -0.16664320088377305 -0.22081617533321471 0.068961034302496588 0.079629839173402481 0.046860399910182905 0.055894328376505924 -0.2007872695135885 -0.218729089840874 -0.1507173950421809 0.057274549804469936 -0.17770945065029828 0.024878084278491218 0.041169945422144132 -0.0024459333212072734
leaf_weight=128.89394182525575 10.226065014023332 58.471936797723174 62.281632935162634 17.17022921983153 27.120328541845083 7.1383270025253287 9.5116130225360376 86.101104758679867 14.737693337723611 3.0900025069713584 130.95003518275917 2.2103787064552307 18.035866362974048 3.7451933547854415 21.875351339578629 9.548308130353691 8.0213653892278654 22.217408750206232 59.398245010524988 9.8088695369660837 399.66175874695182 10.658012576401235 18.389570457860827 5.5615011975169173 48.498881906270981 17.720868965610862 10.314470994286237 360.34941237932071 9.569692185148595 8913.966649054084
leaf_count=540 1072 249 873 204 495 6 113 178 77 16 383 37 54 47 163 87 72 184 137 18 1122 28 179 45 499 133 143 3422 39 57761
internal_value=-8.92095e-05 4.99024e-05 -0.000314039 -0.000804873 -0.0369132 -0.0817896 -0.000225567 0.0181195 0.0202572 -0.0173452 -0.00701706 -0.379503 -0.0926 -0.155211 0.0316153 0.0365014 0.0271611 -0.0267545 0.0303634 -0.088075 0.0426596 -0.143786 -0.114269 -0.0382712 -0.0985785 -0.0421866 -0.00186775 -0.00158015 -0.101728 -0.00138427
internal_weight=10505.2 10495 10436.5 10307.7 162.76 100.478 10144.9 833.522 824.011 191.159 185.858 5.30038 54.9083 36.8725 632.852 610.977 524.875 117.192 78.7554 19.3572 407.683 38.4369 33.1273 16.2195 93.3401 44.8412 9311.37 9284.63 26.7399 9274.32
internal_count=68376 67304 67055 66515 2006 1133 64509 2940 2827 793 740 53 357 303 2034 1871 1693 499 242 105 1194 257 256 73 1127 628 61569 61326 243 61183
is_linear=0
shrinkage=0.1


Tree=45
num_leaves=31
num_cat=0
split_feature=4 6 17 2 18 19 2 3 17 17 10 8 9 7 2 5 5 18 12 11 4 14 19 18 11 1 17 7 0 13
split_gain=18.7875 48.2875 59.1794 45.7339 54.1566 46.7855 29.3004 41.4704 24.0887 22.247 50.2307 58.5166 55.0302 51.9195 58.884 50.9337 46.9266 43.0014 42.979 46.6496 39.6374 48.0366 76.0346 39.9138 43.4805 48.8045 36.7579 59.9182 35.1172 45.6903
threshold=9.2334639388169184e-12 3.899616759436571e-11 0.17336203835227273 6.28840235092354e-11 -0.23085786162515762 0.44968418776988989 2.4837892290276324e-11 0.011154955965416579 0.20132723721590912 0.15591708096590912 1.6973536014556887 4.2598464894431736e-10 0.01526120536453165 0.053650306357903778 7.8467134142670149e-11 0.00955704695401117 0.024740474828674901 0.04033935544000336 0.50046998262405407 6.0633675857957323e-09 2.0579704320048285e-11 0.0038225506432354455 1.9524198174476626 0.36621462867002602 1.2974868401904873e-09 0.26081904951879437 0.17114257812500003 0.078316505522890531 2.5791877256780708e-10 1.2204293608665469
decision_type=2 2 2 2 2 2 2 2 2 2 2 2 2 2 2 2 2 2 2 2 2 2 2 2 2 2 2 2 2 2
left_child=1 2 3 4 5 -1 7 8 -4 18 12 13 -11 15 26 -12 -17 -13 20 -20 21 28 -23 -24 -25 -26 27 -15 29 -2
right_child=9 -3 6 -5 -6 -7 -8 -9 -10 10 11 17 -14 14 -16 16 -18 -19 19 -21 -22 22 23 24 25 -27 -28 -29 -30 -31
leaf_value=0.67555054393423819 -0.078357153318860576 -0.1008858068836202 -0.17439288778613132 0.086255021498436474 -0.13276047487049356 0.033929807867414237 -0.053213300143178467 0.13970107576807608 0.086158974256207582 -0.13776045861646224 -0.13459615125840205 -0.022831370390128707 0.062889257482180203 -0.062961379971966769 -0.11956577463549818 0.047728681452853867 -0.13919121223545364 0.051927874543836128 0.023509813664599935 -0.10455844324256097 0.0015192296182583262 -0.079167683790091231 0.046822226985378655 -0.20432017083280085 0.053158283878484237 -0.14341378997327553 -0.060882420725217039 0.22935639633969118 -0.11811477263888739 0.07289936805726413
leaf_weight=1.3984042881056655 25.003851149231195 65.580658994615078 7.720843465998767 16.959046482108533 55.515257106628269 6.0670709563419223 17.102375146001577 47.42385933175683 6.5658886730670929 14.45391489099711 21.632570024579763 111.22084570280276 251.57584812305868 13.430283511057498 96.407487453892827 137.03418446332216 14.890441250056027 249.625306582544 43.981529913842678 80.501909673213959 8614.6611134400591 242.88419896177948 103.89217692054808 14.571952302008865 38.744178716093302 18.739244403317571 38.354203036054969 14.673086939379571 15.298367215320466 99.213755331002176
leaf_count=5 268 909 78 95 2454 95 85 42 17 220 146 1571 617 197 1107 623 186 968 181 725 52476 3455 353 158 90 153 426 40 275 361
internal_value=-7.34259e-05 -0.0287015 0.00111783 -0.0595058 -0.0987554 0.154116 0.0626082 0.0947068 -0.0546486 0.000552474 0.0150185 0.000913584 0.0519876 -0.029089 -0.0696427 0.00896639 0.0294083 0.0288854 -0.000946323 -0.0593104 -0.000154287 -0.0259747 -0.0429035 0.00715683 -0.0500342 -0.010923 0.00277892 0.089661 0.0248461 0.0424528
internal_weight=10485.1 224.333 158.753 79.9398 62.9807 7.46548 78.813 61.7106 14.2867 10260.8 963.298 697.268 266.03 336.422 162.865 173.557 151.925 360.846 9297.49 124.483 9173.01 558.348 418.832 175.948 72.0554 57.4834 66.4576 28.1034 139.516 124.218
internal_count=68376 3780 2871 2649 2554 100 222 137 95 64596 6101 5264 837 2725 1770 955 809 2539 58495 906 57589 5113 4209 754 401 243 663 237 904 629
is_linear=0
shrinkage=0.1


Tree=46
num_leaves=31
num_cat=0
split_feature=8 12 8 9 3 4 13 19 5 3 6 17 19 4 13 3 11 7 12 6 4 9 14 8 3 13 15 12 18 14
split_gain=18.6328 79.6502 46.0385 78.7918 65.0939 68.6057 74.6669 85.5829 65.0223 63.7915 54.5796 54.4627 51.1786 57.089 50.451 50.1308 75.1904 59.9497 100.533 79.6613 71.7682 70.5955 84.4291 68.974 70.1973 70.1644 59.5242 57.5519 55.7066 54.6548
threshold=5.5422684792841456e-12 0.13024693727493289 9.6230874214292205e-12 0.0047345156865910999 0.12940830537411244 4.1234379687656321e-11 1.8223089575767519 0.34706252813339239 0.012176293923308223 0.13234402080804933 3.2273012596801166e-11 0.11112837357954546 1.9249956011772158 1.3098297267527808e-10 2.6374053955078129 0.04270730574512057 6.0864249751269039e-10 0.012434628739798713 0.23401761054992679 5.5203241951488873e-11 5.2326129831188681e-11 0.022382489688651815 0.0075659542344510564 1.0772964599133851e-11 0.10526709550747836 1.8165394067764284 5.3855745136388584e-05 0.21452442556619647 0.67446929936043254 0.0098933237604796904
decision_type=2 2 2 2 2 2 2 2 2 2 2 2 2 2 2 2 2 2 2 2 2 2 2 2 2 2 2 2 2 2
left_child=1 -1 9 14 15 8 7 -7 -6 11 -8 -2 13 -11 -4 26 -17 20 19 21 28 22 27 -21 -25 -26 -5 -19 -18 -20
right_child=2 -3 3 4 5 6 10 -9 -10 12 -12 -13 -14 -15 -16 16 17 18 29 23 -22 -23 -24 24 25 -27 -28 -29 -30 -31
leaf_value=-0.0036366842791322354 0.023014595453347386 -0.099177066297626112 -0.056523472958076228 0.014594027453105321 -0.13805948663628964 0.026130006918795436 -0.2157128309216732 -0.095991098759888094 0.12346433883521046 -0.10942205773716643 0.024903875049796437 -0.041427871530889407 0.095932985106774199 0.007002552215843701 0.096026275750209264 -0.066274931844130011 -0.064271173149147903 -0.010391770558040867 0.044432944406247399 0.027825288166489451 0.064069738509952887 0.082456851928743857 -0.10916396804197089 -0.091639080166255632 -0.15292488836096438 0.0078282849632292425 -0.10789927897948355 0.20019344551760337 0.19101337848126315 -0.0034965135956879279
leaf_weight=847.96339009935036 1956.770459975116 97.268940879497677 353.90034834295511 1348.7984271012247 10.587491748854516 106.86814329773188 9.5060938969254476 123.9381538964808 93.149409325793386 99.133032308891416 1134.604214804247 140.56692276522517 23.990588443353772 73.229970019310713 23.094099953770638 232.3641069419682 86.483268103562295 592.10212011169642 277.57476475834846 85.815299611538649 227.60707506909966 75.636681003496051 90.838891577906907 407.66377572156489 32.552219189703465 163.66070275381207 40.872729590162635 13.268703462556003 9.4853865094482881 1665.1918354015797
leaf_count=9143 8360 2197 2280 6787 130 428 78 884 293 1472 3459 1697 63 252 44 4044 1189 4096 1987 270 527 439 1473 4385 354 655 500 90 25 10775
internal_value=-7.85603e-05 -0.0134682 0.00125379 -0.00267401 -0.000216985 0.0183545 0.0124378 -0.0394465 0.096773 0.0135929 0.0229047 0.0186956 -0.0409112 -0.059958 -0.0471785 -0.00534991 -0.0110841 -0.007644 -0.0115536 -0.0313664 0.0334889 -0.00929751 -0.0192658 -0.0560641 -0.0679854 -0.0188411 0.0109913 -0.0057761 -0.0390393 0.00335146
internal_weight=10444.5 945.232 9499.25 7205.56 6828.57 1478.65 1374.92 230.806 103.737 2293.69 1144.11 2097.34 196.354 172.363 376.994 5349.92 3960.24 3727.88 3404.3 1461.54 323.576 771.846 696.21 689.692 603.877 196.213 1389.67 605.371 95.9687 1942.77
internal_count=68376 11340 57036 45192 42868 5272 4849 1312 423 11844 3537 10057 1787 1724 2324 37596 30309 26265 24524 11762 1741 6098 5659 5664 5394 1009 7287 4186 1214 12762
is_linear=0
shrinkage=0.1


Tree=47
num_leaves=31
num_cat=0
split_feature=14 5 3 12 4 4 10 13 14 7 14 12 6 8 5 13 18 4 9 8 6 17 2 17 12 14 14 19 1 8
split_gain=18.7766 21.0599 37.9873 47.6903 26.9521 27.6726 38.9643 40.3078 33.2136 68.0664 49.539 43.2347 25.8901 70.0887 57.909 49.7231 50.5569 51.2273 49.6941 57.2274 38.4394 41.5283 32.4325 41.6513 31.0385 67.0157 40.2182 58.7195 38.0451 39.7019
threshold=0.10121458768844606 0.068096993061163055 0.18171212162545144 0.14500473439693454 2.7772010748752357e-09 3.4515972913033401e-10 2.1695919036865239 1.8990235924720766 0.0062583016697317371 0.028951272718857977 0.0054572536610066899 0.19145236909389499 5.5744188811191386e-10 6.0189472695502011e-10 0.034718807682698173 1.9907854795455935 -0.028800795659084208 2.8705096386587558e-10 0.10165623504402015 2.5251902422080405e-10 1.7029136167091162e-09 0.19711026278409094 8.2625471626009399e-10 0.14659534801136367 0.39409379661083227 0.014577129855751993 0.022954628802835945 4.5580105781555185 0.18062923113680598 3.3316132397799992e-10
decision_type=2 2 2 2 2 2 2 2 2 2 2 2 2 2 2 2 2 2 2 2 2 2 2 2 2 2 2 2 2 2
left_child=1 12 3 -3 5 6 8 -8 9 -5 -11 -10 13 24 15 -14 -17 -18 19 -16 22 -22 23 -20 25 -1 27 28 29 -26
right_child=-2 2 -4 4 -6 -7 7 -9 11 10 -12 -13 14 -15 18 16 17 -19 20 -21 21 -23 -24 -25 26 -27 -28 -29 -30 -31
leaf_value=-0.002172056455232739 -0.1410947625502815 0.056397374217155953 0.09155511146214057 -0.10340373600211097 -0.29336983109670162 0.070254941637828111 -0.11691376596036446 0.15561225142348678 0.078396143518576433 0.068082267832018289 -0.16224229893881134 -0.12160950226816647 -0.11938688450945885 0.067952152394712403 0.082666736490919768 -0.12348032669699954 0.01806093655302175 -0.11792377622485212 -0.12346264568681919 -0.10560648622298532 -0.14652851531367195 0.087190701988993369 0.10334371463173858 0.046482451071529096 -0.10112807999265726 0.032820079712925915 0.028211334354287777 0.018321083408765208 -0.14394932992909032 0.10342757040701044
leaf_weight=8219.1071787271649 9.4352668838109803 149.75779600441456 63.975452393293381 66.93571063131094 3.3596896752715102 39.119611278176308 55.268492229282856 6.0181190744042388 73.092168644070625 64.932459611445665 10.906835302710531 12.68356549553573 78.981011971831322 150.62944801896811 22.062561988830566 44.818054422736168 159.37213572487235 33.5311598777771 17.370399937033653 60.188074465841055 21.199753146618605 11.853142686188219 77.648402933031321 84.950346831232309 25.163615066558123 586.35859933868051 70.621914021670818 61.295185154303908 76.545433726161718 15.231610395014284
leaf_count=57164 1072 312 245 521 32 98 726 7 153 123 97 254 779 408 50 387 613 273 132 408 195 20 152 343 300 2105 299 315 732 61
internal_value=-9.00464e-05 3.83353e-05 0.0191526 0.00954418 -0.0115701 -0.00869205 -0.0193476 -0.0901527 -0.000360976 -0.0299086 0.0349581 0.0488215 -0.00102486 0.00029928 -0.0209418 -0.0506443 -0.0278051 -0.00557643 0.0109163 -0.0551049 0.0364079 -0.0627142 0.0546126 0.0176319 -0.000826206 0.00015808 -0.0356537 -0.0609588 -0.102514 -0.0239974
internal_weight=10372.4 10363 546.05 482.074 332.317 328.957 289.837 61.2866 228.551 142.775 75.8393 85.7757 9816.93 9204.95 611.975 316.702 237.721 192.903 295.273 82.2506 213.022 33.0529 179.969 102.321 9054.32 8805.47 248.858 178.236 116.941 40.3952
internal_count=68376 67304 2568 2323 2011 1979 1881 733 1148 741 220 407 64736 61384 3352 2052 1273 886 1300 458 842 215 627 475 60976 59269 1707 1408 1093 361
is_linear=0
shrinkage=0.1


Tree=48
num_leaves=31
num_cat=0
split_feature=18 9 18 4 12 7 14 5 10 10 3 8 5 13 7 7 14 14 7 17 19 7 13 3 19 19 4 1 5 3
split_gain=17.8216 38.6759 48.7251 52.7394 35.8566 33.5882 49.7353 35.9982 82.0933 79.3006 49.4401 52.1274 40.0642 39.698 66.3182 53.7236 76.022 51.2311 47.4381 38.524 46.9897 37.8412 42.763 36.1197 36.0022 35.2599 49.2658 32.3955 32.343 57.8529
threshold=-0.020398806650932366 0.1231535946991688 0.11181814824654299 1.5282756962956633e-10 0.58628147840499889 0.0050217596958375332 0.0058591009583324203 0.035353000794504444 1.590197801589966 3.6390752792358403 0.16590698485425723 9.3857486570767847e-12 0.051766205683399076 2.0417624711990361 0.047094399123884627 0.015192773316074701 0.0057936285156756648 0.0074722080025821933 0.0083408817384387681 0.13811700994318185 1.0720158815383913 0.10682283432659266 2.5033035278320317 0.092272142757280518 1.0241163969039919 2.0703185796737675 8.8977566590941426e-11 0.13266131205121054 0.0078476661092900402 0.038565648856355238
decision_type=2 2 2 2 2 2 2 2 2 2 2 2 2 2 2 2 2 2 2 2 2 2 2 2 2 2 2 2 2 2
left_child=4 5 3 -3 -1 6 -2 9 -9 21 11 27 13 14 15 16 -13 18 24 20 -15 28 -23 -14 -18 26 -16 -10 -7 -30
right_child=1 2 -4 -5 -6 7 -8 8 10 -11 -12 12 23 19 25 -17 17 -19 -20 -21 -22 22 -24 -25 -26 -27 -28 -29 29 -31
leaf_value=0.0061042867033541427 0.012659393805153143 -0.14911687771506268 0.049437925550656313 0.0085832906164892957 -0.091835776362449398 -0.028963660640178718 -0.1342331954121378 -0.095393096835498972 -0.20621961469564534 -0.20529899804782539 0.058224601271923852 -0.18186922136247363 -0.030807475205549623 0.017384004595499675 -0.15471008987843504 -0.071609411489212613 -0.22966179309323104 -0.18033521542056796 0.10950553718222655 0.031784616688965241 -0.14924791432561729 -0.12430592645095534 0.11686643805260913 -0.11924376129083421 0.096199861265849632 0.071190132382816157 0.055008427756924827 0.017043242755906931 0.027660810452957249 -0.0018882630985990339
leaf_weight=3936.1252770028077 43.495806593913585 27.0575493555516 282.57419692538679 98.069366070441902 37.739194669760764 319.33631859766319 49.034394796006382 126.71331014949828 6.6127133071422568 18.766541834920645 95.555105855688453 16.143841993063688 98.180733148008585 23.14592294767499 18.98698715120554 165.97983217425644 8.04973456263542 8.5447422526776773 71.223397336900234 27.350339617580175 62.949245531111956 43.667192611843348 8.8406055793166143 87.202075676992536 5.8577329814434043 124.80407769232988 27.317175149917603 378.22494844719768 830.03493019659072 3284.2143680667505
leaf_count=23671 846 310 875 1583 468 3238 486 2252 60 166 317 145 661 79 202 1663 64 78 89 77 519 499 13 700 9 271 74 1174 4041 23746
internal_value=-7.91951e-05 -0.00336267 0.0264333 -0.0255179 0.00517416 -0.00540425 -0.0651832 -0.00445997 -0.0187652 -0.00016401 -0.0108461 -0.0166839 -0.0321091 -0.0187773 -0.00536696 -0.0357091 0.0185501 0.05309 0.0765193 -0.0716058 -0.10445 0.000694125 -0.0837003 -0.072407 -0.092411 0.0435398 -0.0309865 0.0132069 0.00169362 0.00407316
internal_weight=10331.8 6357.93 407.701 125.127 3973.86 5950.23 92.5302 5857.7 1352.84 4504.86 1226.13 1130.57 745.736 560.353 446.908 275.799 109.819 93.6756 85.1309 113.446 86.0952 4486.09 52.5078 185.383 13.9075 171.108 46.3042 384.838 4433.59 4114.25
internal_count=68376 44237 2768 1893 24139 41469 1332 40137 8434 31703 6182 5865 4631 3270 2595 2048 385 240 162 675 598 31537 512 1361 73 547 276 1234 31025 27787
is_linear=0
shrinkage=0.1


Tree=49
num_leaves=31
num_cat=0
split_feature=14 5 3 12 9 18 6 8 5 13 18 4 9 8 6 17 8 12 14 7 14 19 13 4 19 9 7 6 3 11
split_gain=18.1001 18.9439 32.8078 38.4565 27.2926 31.5383 19.5696 56.2264 48.2852 42.6747 41.6004 40.1206 39.2088 43.9378 33.3753 34.2269 28.7739 26.2018 55.2508 35.6557 34.4347 48.2536 33.7455 33.4157 37.8725 32.5874 33.43 30.6305 27.5071 74.8297
threshold=0.081261787563562407 0.068096993061163055 0.18558141465821135 0.14500473439693454 0.1231535946991688 0.10725274290466175 5.5744188811191386e-10 6.0189472695502011e-10 0.034718807682698173 1.9907854795455935 -0.034914808773795478 3.1237245359953168e-10 0.10165623504402015 2.5251902422080405e-10 1.7029136167091162e-09 0.19711026278409094 2.2012708088839099e-09 0.39409379661083227 0.014577129855751993 0.10038898505022273 0.022954628802835945 4.5580105781555185 2.1973011493682866 2.4736043328266746e-10 0.41359381377696997 0.13027915817344285 0.082655927369354468 4.9353461012409882e-10 0.065888016657415865 6.9980826689075581e-10
decision_type=2 2 2 2 2 2 2 2 2 2 2 2 2 2 2 2 2 2 2 2 2 2 2 2 2 2 2 2 2 2
left_child=1 6 3 -3 5 -5 7 17 9 -8 -11 16 13 -10 -14 -16 -12 18 19 23 21 25 -23 28 -25 -19 -27 -26 -1 -30
right_child=-2 2 -4 4 -6 -7 8 -9 12 10 11 -13 14 -15 15 -17 -18 20 -20 -21 -22 22 -24 24 27 26 -28 -29 29 -31
leaf_value=0.0061754468359575205 -0.10035774827881228 0.053065702718270248 0.094708200035690374 -0.0079926274895117441 0.12356046351520403 -0.15535248370262345 -0.11174217421992068 0.061523568669899553 0.079385169622668936 -0.1170475019755676 -0.0021920318281075609 -0.11552037516102998 0.052516299960666958 -0.090192963776054833 -0.13658154322247176 0.08161087148309179 0.12627074498530397 -0.11634897137547735 0.029987480388017185 -0.15790581301313578 0.026025328448479088 0.045157007329173209 -0.16733943621275982 0.03362574901747941 -0.15743688883317822 0.16169757207263488 -0.14823658728491004 0.04687287546505154 -0.060294627520228988 -0.0029736244811390655
leaf_weight=3176.5881083859131 17.967449345858768 145.37053009867668 51.22527527064085 290.74698101729155 14.828636743128298 15.287445534951983 74.525042040273547 147.33867608383298 20.437343019992113 40.522707356140018 146.04552325606346 28.38273449242115 169.97176059707999 60.537201639264822 20.371226970106367 11.110349930822847 19.79972006380558 98.350833170115948 579.4379306267947 14.636428492143748 70.28529217466712 52.278911136090755 8.7198114953935129 24.030444499105215 39.781510759145021 9.0966189317405206 5.6365429684519759 8.9976357743144018 239.37664969917387 4686.432854433544
leaf_count=23431 1340 313 214 1698 14 209 778 408 50 368 637 245 481 407 195 20 23 1005 2105 168 299 225 90 67 304 17 71 27 3227 29940
internal_value=-7.70876e-05 9.83517e-05 0.0187437 0.0103975 -0.00893385 -0.0153537 -0.000890935 0.000247504 -0.0185167 -0.045815 -0.0248855 -0.00565724 0.0113766 -0.0473928 0.0349991 -0.059578 0.0131447 -0.000754125 0.000145901 -0.00196541 -0.0330521 -0.0569044 0.0147805 -0.00168623 -0.0691295 -0.095572 0.0431244 -0.119751 -0.00108017 -0.00575922
internal_weight=10288.1 10270.2 517.459 466.234 320.863 306.034 9752.69 9160.99 591.704 309.276 234.751 194.228 282.428 80.9745 201.453 31.4816 165.845 9013.65 8769.28 8189.84 244.368 174.083 60.9987 8175.21 72.8096 113.084 14.7332 48.7791 8102.4 4925.81
internal_count=68376 67036 2448 2234 1921 1907 64588 61384 3204 2051 1273 905 1153 457 696 215 660 60976 59269 57164 1707 1408 315 56996 398 1093 88 331 56598 33167
is_linear=0
shrinkage=0.1


Tree=50
num_leaves=31
num_cat=0
split_feature=8 3 8 7 5 14 6 6 17 8 8 4 7 14 5 9 1 12 13 8 12 12 5 8 5 13 12 2 7 8
split_gain=16.7457 43.8974 39.073 62.6673 48.6434 32.8642 48.7326 29.5117 27.19 26.3661 124.454 58.6772 54.0041 39.3079 85.6316 45.8949 44.5822 47.8066 36.703 85.1979 87.0702 150.173 91.5674 91.1328 88.1209 99.5411 99.4343 84.739 84.4768 70.0053
threshold=1.0727520272100642e-12 0.025389444325146487 2.7092874750214871e-12 0.0078796332944455309 0.01411364247218186 0.0031933756545186047 1.070184318970719e-11 5.0567602101204801e-12 0.042191938920454551 3.550334068166561e-12 5.05944974326618e-12 1.1680001620684123e-10 0.0077690628148287663 0.0045120122376829394 0.01738984652810556 0.0082905965310962858 0.22420158368083809 0.12228451669216157 1.3991635441780093 1.3556350867466675e-11 0.16950041800737384 0.14304618537425998 0.032597486042341049 1.0772964599133851e-11 0.085376281905845383 1.325633227825165 0.1554367542266846 2.7993914813280834e-11 0.027961129287134245 1.1699242516274491e-11
decision_type=2 2 2 2 2 2 2 2 2 2 2 2 2 2 2 2 2 2 2 2 2 2 2 2 2 2 2 2 2 2
left_child=1 7 3 4 -2 -4 -7 -1 -3 12 11 -11 -8 14 15 16 17 -12 19 20 21 22 -15 -24 25 28 -27 -21 29 -23
right_child=2 8 5 -5 -6 6 9 -9 -10 10 13 -13 -14 18 -16 -17 -18 -19 -20 27 -22 24 23 -25 -26 26 -28 -29 -30 -31
leaf_value=0.099952705518809318 -0.10958537915899765 -0.082286474746157134 0.067211653621027045 -0.1120025751433965 0.057423649854127318 -0.12106995247984148 -0.11425125079239001 -0.30092073495567007 0.076941204514040629 -0.094597478275858904 0.085888422343844362 0.037294734257049787 0.04658254531583092 -0.083395618600707239 0.052093777674042413 -0.15140801589342345 -0.12088363285186772 -0.035333609230776331 0.0025625082723005409 0.031327596323543552 0.038694852872669688 -0.17493786360312144 0.05359484452153962 -0.17450960830730572 0.026739465511104999 -0.14915946818506029 0.058427111661929737 -0.088909397502324627 -0.036897291825653204 0.068265135625245554
leaf_weight=2.6524956524372083 24.228898374829441 12.21139710023999 72.90066780988127 80.437696726527065 62.240561218932271 33.232226013671607 22.952472064644098 5.9692486226558685 88.069342706352472 197.20682470593601 55.613857451826334 40.691174693405628 230.90106244198978 68.643039922229946 404.54499594122171 26.487822717055678 29.464449306949973 78.389293584041297 7189.7902183027472 77.042567757889628 364.69145139399916 156.0656054392457 353.7734007909894 18.427184484899044 96.104792017489672 32.52073060721159 79.442501480691135 245.05595944344532 90.826031779870391 12.806931627914308
leaf_count=5 1470 59 577 1101 399 1077 771 58 148 3478 200 136 1401 862 1389 376 749 574 40303 477 1769 2050 788 130 339 393 427 6369 446 55
internal_value=-6.88154e-05 0.0389356 -0.000487533 -0.0484718 0.0106274 0.000315158 -0.000177216 -0.177591 0.0575517 0.00022977 -0.000609867 -0.072038 0.0320406 0.00120177 0.0260872 -0.0292986 -0.00951234 0.0149758 -0.000482243 -0.0142036 -0.00258091 -0.0191479 0.0227296 0.0423017 -0.058615 -0.0806861 -0.00186828 -0.06015 -0.114667 -0.156494
internal_weight=10253.4 108.902 10144.5 166.907 86.4695 9977.58 9904.67 8.62174 100.281 9871.44 9617.59 237.898 253.854 9379.69 594.5 189.955 163.468 134.003 8785.19 1595.4 1273.3 908.61 440.844 372.201 467.767 371.662 111.963 322.099 259.699 168.873
internal_count=68376 270 68106 2970 1869 65136 64559 63 207 63482 61310 3614 2172 57696 3288 1899 1523 774 54408 14105 7259 5490 1780 918 3710 3371 820 6846 2551 2105
is_linear=0
shrinkage=0.1


Tree=51
num_leaves=31
num_cat=0
split_feature=17 5 3 9 17 3 19 7 9 3 14 3 6 11 7 6 14 3 13 14 14 11 5 12 8 5 8 3 5 2
split_gain=15.9381 52.2536 62.8914 53.5108 84.7379 80.2904 50.6213 50.4866 48.8512 80.267 45.1821 57.8804 47.8103 41.6797 36.0595 48.2348 35.7418 39.2765 34.6167 142.625 78.7868 71.2499 59.872 57.4819 100.584 59.4529 57.4671 102.176 65.6642 67.0235
threshold=0.092440518465909102 0.014010002369822066 0.05872685029338201 0.003663455067890144 0.061945134943181823 0.028943620736356607 0.028608113527297977 0.015983614137194371 0.0047345156865910999 0.016774827519919305 0.012583638541400434 0.093823248945029178 2.9374785242472387e-10 3.0172908616066257e-10 0.0045050290131958557 1.1875511573771503e-11 0.0086503368802368658 0.084133282163207895 1.5167785286903384 0.0052409276831895122 0.0051599689759314069 2.2256911869078526e-09 0.029707239368828263 0.11064748838543893 8.5095971663686506e-12 0.0249051038525584 1.0668130349981356e-11 0.12066766484285969 0.022358839519994868 1.4206519251908396e-10
decision_type=2 2 2 2 2 2 2 2 2 2 2 2 2 2 2 2 2 2 2 2 2 2 2 2 2 2 2 2 2 2
left_child=1 6 3 4 5 13 16 -8 9 -2 12 -12 14 -3 -4 -16 17 -1 19 26 -20 -22 -21 24 -23 -26 28 -28 29 -17
right_child=8 2 10 -5 -6 -7 7 -9 -10 -11 11 -13 -14 -15 15 18 -18 -19 20 22 21 23 -24 -25 25 -27 27 -29 -30 -31
leaf_value=0.033836946273533661 0.027226897367118138 0.16496489311285145 -0.081973891815173172 0.060791826200834599 -0.1366148967290727 0.060233752843787403 -0.018489249649028591 -0.092860649611105767 -0.0024271657307135385 -0.1177133679561176 -0.10454492242051863 0.044650574297287846 -0.14640385846728704 -0.18788137469900779 0.13497962789574292 0.02881726700572565 0.089178817010402339 -0.12779652428657523 -0.088531523540740786 -0.12833852270013638 0.053737253049717437 0.075539412403045181 -0.036859023640544504 -0.0050252068985909247 0.027099035105262893 -0.12578988479107608 -0.16992510895701515 0.18315298791964948 0.028255393207219617 -0.086892789995590539
leaf_weight=46.557393534108996 64.298517080489546 3.960231781005862 52.514145142398775 367.70239409059286 38.632586806081235 131.52878607064486 281.58534574275836 135.05702433269471 4585.5777605456533 94.163739560171962 27.910873979330063 380.36043099872768 22.332125924527645 21.646383032202721 26.86540462821722 90.601088277995586 56.146956445649266 22.203583966940641 79.711954053491354 83.235566682182252 352.11256511881948 244.11849592067301 509.3667186293751 1349.5562049206346 55.893170801922679 46.673174697905779 38.520636843517423 10.411281848326324 849.78607461415231 111.87034301739186
leaf_count=416 1101 2 464 977 566 330 4414 1104 34061 2567 239 1052 186 194 104 456 126 579 1038 1285 1349 597 2645 5631 202 308 399 68 2895 3021
internal_value=-7.78434e-05 0.0036181 0.00687882 0.0383061 -0.00392795 0.0286938 -0.025857 -0.0425972 -0.00431355 -0.0589016 0.00279088 0.034451 -0.000503556 -0.133311 0.000331632 0.00145465 0.0299816 -0.0183561 0.000516053 -0.0101516 0.00900675 0.0128025 -0.049708 0.00430505 0.0406254 -0.0424736 0.0111356 -0.0948004 0.0160618 -0.0351153
internal_weight=10180.9 5436.86 4895.31 563.47 195.768 157.135 541.55 416.642 4744.04 158.462 4331.84 408.271 3923.57 25.6066 3901.24 3848.72 124.908 68.761 3821.86 1693.79 2128.07 2048.35 592.602 1696.24 346.685 102.566 1101.19 48.9319 1052.26 202.471
internal_count=68376 30647 24008 2069 1092 526 6639 5518 37729 3668 21939 1291 20648 196 20462 19998 1121 995 19894 10769 9125 8087 3930 6738 1107 510 6839 467 6372 3477
is_linear=0
shrinkage=0.1


Tree=52
num_leaves=31
num_cat=0
split_feature=14 15 5 11 4 1 0 7 14 8 14 3 3 12 14 8 13 13 19 17 12 13 14 6 7 12 4 14 9 5
split_gain=15.398 17.9846 31.2238 28.935 25.121 25.0422 19.829 17.0858 49.8675 28.27 26.8155 26.487 32.3567 20.9624 18.7209 155.055 85.3397 50.5484 45.4749 56.9109 41.7505 63.5133 41.7268 127.781 104.523 87.1327 129.543 63.2966 62.3984 57.0366
threshold=0.10121458768844606 0.00012739234080072495 0.038419200733253132 1.7753532866038316e-08 2.8705096386587558e-10 0.24327383985655857 8.3055095892648443e-09 0.0048613274781067663 0.0058591009583324203 8.5095971663686506e-12 0.00789786269888282 0.09433992478950308 0.022689954046950057 0.076473310589790358 0.0076153802219778308 4.4185919625373605e-11 1.9140521287918093 2.3451023101806645 0.028608113527297977 0.051291725852272735 0.16866616904735568 2.0307117700576787 0.0055972654372453698 5.3879852164814384e-11 0.026140250831254149 0.14173804968595508 4.2643727859971836e-11 0.0043202575761824855 0.0096075925309973675 0.02020701029768145
decision_type=2 2 2 2 2 2 2 2 2 2 2 2 2 2 2 2 2 2 2 2 2 2 2 2 2 2 2 2 2 2
left_child=1 3 4 6 -3 -5 7 8 9 11 -10 12 -1 -9 17 16 -16 22 -17 -20 -18 -22 24 -24 25 -15 27 -27 -29 -30
right_child=-2 2 -4 5 -6 -7 -8 13 10 -11 -12 -13 -14 14 15 18 20 -19 19 -21 21 -23 23 -25 -26 26 -28 28 29 -31
leaf_value=-0.12637535778183751 -0.1385869095777536 0.03654033150137128 0.078710834178651282 0.11965726475368776 -0.16507838014567128 -0.1439879392175023 0.058315227652515858 -0.12766827556661284 -0.099546047831576903 -0.14338270986305282 0.13789608425855576 -0.10739638314912543 0.10133940831769697 -0.0015524117262985596 -0.11530549128539842 0.064452696373007767 0.041366202916820333 -0.10920628665404848 -0.18325967988040073 -0.00023761457475780765 0.059013827665259283 -0.14825857859634028 0.020782286064219946 -0.039652148326260593 0.04165273896730589 0.079189870674027621 -0.11339169609098042 -0.082065791470503247 -0.024699169583569238 0.10762990362868514
leaf_weight=7.1144905597902826 8.0198206030763668 14.123986197635533 68.376961324363947 4.266676306724551 10.98710425570607 23.152483926154673 57.784785322844982 12.824334953445939 79.88053576182574 8.7150904685258848 5.0574368089437476 9.4285892751067859 50.763159175403416 1678.3455708329566 186.87507955729961 109.01235389523208 71.608733084052801 39.21468615392223 17.070915708318353 3576.6423638286069 23.704814217984676 39.282241191715002 2628.006605620496 403.59151100739837 415.23648159764707 62.733972561080009 193.14949287567288 134.58226403500885 128.60314281284809 43.619626831263304
leaf_count=578 1072 43 275 3 158 276 175 160 797 106 4 394 270 14881 3265 521 214 404 146 19705 120 387 12645 3778 1243 342 2643 2675 974 122
internal_value=-7.82445e-05 3.16963e-05 0.0436887 -0.000376026 -0.0516759 -0.102962 -9.42595e-05 -0.000434326 -0.0327497 0.0260851 -0.0854081 0.0480285 0.073348 9.83866e-05 0.000266418 -0.00496067 -0.071579 0.00393928 0.000823142 -0.00110701 -0.0108684 -0.0702528 0.00471936 0.0127368 -0.00443088 -0.0129696 -0.047024 -0.0123352 -0.0310497 0.0088164
internal_weight=10111.8 10103.8 93.4881 10010.3 25.1111 27.4192 9982.85 9925.06 160.959 76.0213 84.938 67.3062 57.8776 9764.1 9751.28 4024.2 321.471 5727.08 3702.73 3593.71 134.596 62.9871 5687.87 3031.6 2656.27 2241.03 562.688 369.539 306.805 172.223
internal_count=68376 67304 476 66828 201 279 66549 66374 2149 1348 801 1242 848 64225 64065 24358 3986 39707 20372 19851 721 507 39303 16423 22880 21637 6756 4113 3771 1096
is_linear=0
shrinkage=0.1


Tree=53
num_leaves=31
num_cat=0
split_feature=18 19 10 12 10 8 0 12 9 9 12 17 17 5 2 18 7 9 13 17 15 9 3 17 14 6 14 13 3 11
split_gain=15.0864 33.0891 39.5388 45.8741 42.5838 31.6631 29.0333 32.7516 34.8045 33.9095 36.2283 31.1698 41.0627 30.965 30.1153 25.8521 25.1857 31.4848 29.4925 30.6178 25.3293 24.8508 46.1205 57.1971 70.1815 98.6529 58.8225 62.918 61.4748 51.7935
threshold=-0.19182746396241282 0.99712380766868602 2.5419241189956669 0.1101101152598858 2.2619801759719853 5.959778258961405e-12 2.2751515417537087e-09 0.13641636073589328 0.0023887838093476911 0.013718219079845188 0.38581334054470068 0.10371537642045457 0.07530628551136366 0.01738984652810556 1.1397416879043393e-09 -0.2835076111897995 0.084878544481167467 0.016163086703048803 2.1307067871093754 0.12746360085227273 6.84663245920092e-05 0.0055878469288498543 0.10720180271157931 0.07091175426136366 0.0061448775231838235 2.2958130865455821e-11 0.0056737666018307218 1.2813360095024111 0.01809926115060766 3.0843949616610193e-09
decision_type=2 2 2 2 2 2 2 2 2 2 2 2 2 2 2 2 2 2 2 2 2 2 2 2 2 2 2 2 2 2
left_child=1 2 3 -1 5 -5 7 8 -3 11 16 12 -9 -10 -8 -7 17 -11 -19 20 -20 22 23 24 -2 -26 28 -28 -25 -24
right_child=21 6 -4 4 -6 15 14 9 13 10 -12 -13 -14 -15 -16 -17 -18 18 19 -21 -22 -23 29 26 25 -27 27 -29 -30 -31
leaf_value=0.078399616567968414 0.024310633589777194 -0.026070939124661491 0.095057055985651839 -0.20973659166322772 -0.11335587905055958 -0.098384332706378363 -0.13619861345104237 -0.20643550106991604 -0.14270911724224186 0.1200554830996301 -0.15222442867633099 -0.18620915177836844 -0.0055730893139548116 0.095555613386932026 0.018891036892844909 0.033006681247109176 0.16312789291294966 -0.041083693043746747 -0.16283402967615104 0.16052991658951266 0.11039323219725353 0.0021392043548037623 -0.047876339395271368 0.018263218934133275 -0.11364435967084266 0.018722141017088946 -0.07260201911429949 0.051932115732360645 -0.072484566913703516 -0.00072316343515491501
leaf_weight=86.288603364489973 979.40774403326213 47.316352808848023 84.409825606271625 6.2410016017965964 32.59405136294663 16.658225482329726 31.921633152291179 12.117624931037424 5.8355233352631322 22.504773123189807 12.612714409828184 17.385665543377399 63.575294023379683 83.528916362673044 20.600619891658425 148.19255616050214 12.012800186872481 81.685064502060413 7.4839064106345194 17.562523700296879 6.2069170102477074 6488.3556126503972 528.65271429531276 101.49579232605174 97.192098148167133 133.84673194214702 55.804877072572708 148.59827390871942 282.21702718921006 416.44789031427354
leaf_count=405 5075 341 157 81 234 123 302 105 100 75 136 205 323 141 96 584 25 521 81 36 9 42043 6183 1983 730 389 352 449 4576 2516
internal_value=-8.21362e-05 0.0129449 0.0348238 0.0172903 -0.00859784 0.0113592 -0.00557245 0.00383127 0.0432782 -0.0174671 0.010442 -0.0654628 -0.037729 0.0799969 -0.0753683 0.0197296 0.0243557 0.0120477 -0.0094746 0.0731402 -0.0389628 -0.0012346 -0.00921315 0.000185328 0.0126157 -0.036961 -0.0253985 0.0179326 -0.0484809 -0.0270988
internal_weight=10048.8 816.735 374.384 289.974 203.686 171.092 442.35 389.828 136.681 253.147 160.069 93.0786 75.6929 89.3644 52.5223 164.851 147.456 135.443 112.938 31.2533 13.6908 9232.02 2743.66 1798.56 1210.45 231.039 588.116 204.403 383.713 945.101
internal_count=68376 4080 1584 1427 1022 788 2496 2098 582 1516 883 633 428 241 398 707 747 722 647 126 90 64296 22253 13554 6194 1119 7360 801 6559 8699
is_linear=0
shrinkage=0.1


Tree=54
num_leaves=31
num_cat=0
split_feature=4 6 17 2 18 2 3 10 0 12 18 8 2 3 11 8 3 11 3 19 4 17 9 1 3 7 4 17 12 5
split_gain=15.2917 41.5806 46.3455 39.9532 44.7194 23.3616 30.7575 24.2944 22.0773 20.1821 19.0541 75.1802 56.8127 71.2046 43.9836 31.1293 60.9351 66.1973 57.434 100.399 66.3507 62.5108 56.386 78.4141 56.3038 64.7959 93.045 77.4591 61.4802 72.5384
threshold=9.2334639388169184e-12 3.899616759436571e-11 0.17336203835227273 6.28840235092354e-11 -0.23085786162515762 3.3055294272570918e-11 0.011154955965416579 1.0615247488021853 5.4633860121392949e-10 0.20367506891489032 0.35752442199736839 8.1850740041969443e-12 2.1804410583347263e-10 0.060538065955411086 1.9692646402447171e-09 9.9731684422761565e-12 0.028238688958165888 5.1947215973235938e-10 0.087846498387505426 0.10837140679359437 3.9521681713515021e-11 0.11254882812500001 0.0048080745236834975 0.53412702707470117 0.12940830537411244 0.014796653925704463 5.2326129831188681e-11 0.10584605823863637 0.25919850170612341 0.030964691044304948
decision_type=2 2 2 2 2 2 2 2 2 2 2 2 2 2 2 2 2 2 2 2 2 2 2 2 2 2 2 2 2 2
left_child=1 2 3 4 -1 6 9 -7 -3 -4 15 -12 13 -13 -14 18 -17 -18 21 -20 -21 -2 23 -19 25 26 -24 -27 -26 -30
right_child=10 8 5 -5 -6 7 -8 -9 -10 -11 11 12 14 -15 -16 16 17 22 19 20 -22 -23 24 -25 28 27 -28 -29 29 -31
leaf_value=0.12058559904552849 0.024367141946190843 -0.11979857536068839 -0.16843926506733908 0.080950798021544049 -0.13205675663463268 0.12308506222134377 0.11059178005345467 -0.22343025241628756 0.050314718370930336 0.072777293577823698 -0.14415489293802727 0.013033635439732599 0.1071647836194404 -0.073532781919691356 0.028145744498849896 0.034222609822634809 -0.066153579672111759 -0.10434324537699398 -0.070676817649458101 -0.090125282606668591 0.0085307258349049241 -0.044821275520654569 -0.039683523360114693 0.0041857426390640709 0.027363699375734452 -0.037375663165291742 0.054951029289267518 -0.0031663361802400369 -0.054283974243051182 0.030731047011510637
leaf_weight=8.1994584202766401 1625.6323256567121 53.235675318166614 7.4486141633242351 16.66797602083534 48.143938647117466 3.1791100688278657 53.714090831577778 5.5652362369000912 8.9052186794579011 6.4914330840110779 29.783715957775712 470.08763666916639 83.884097350761294 119.09034211933613 439.55817333515733 356.32404783088714 192.01023502275348 135.5013122940436 217.27279530093074 72.297359162475914 1194.3487546229735 141.98912772862241 155.56042040046304 130.87373292353004 949.49058960098773 1094.9974310221151 312.81676883623004 1673.3878274261951 240.85156738385558 172.06276555079967
leaf_count=100 7716 856 78 95 2454 8 73 46 53 17 672 2272 348 1528 1950 1399 3337 1182 2223 2364 7050 2182 2071 639 3218 8216 867 13497 1256 609
internal_value=-7.51789e-05 -0.0266755 0.00191604 -0.0550559 -0.0952906 0.0563622 0.0762426 -0.0974505 -0.0954202 -0.0561124 0.000498579 0.0126379 0.0168351 -0.004464 0.0408089 -0.0011018 -0.00574674 -0.00856274 0.00663211 -0.00787328 0.00289966 0.0188094 -0.00629001 -0.0510215 -0.00369925 -0.0108776 0.0235204 -0.0166974 0.013355 -0.0188579
internal_weight=10019.4 211.551 149.41 73.0114 56.3434 76.3985 67.6541 8.74435 62.1409 13.94 9807.82 1142.4 1112.62 589.178 523.442 8665.42 5413.88 5057.55 3251.54 1483.92 1266.65 1767.62 4865.54 266.375 4599.17 3236.76 468.377 2768.39 1362.4 412.914
internal_count=68376 3780 2871 2649 2554 222 168 54 909 95 64596 6770 6098 3800 2298 57826 36291 34892 21535 11637 9414 9898 31555 1821 29734 24651 2938 21713 5083 1865
is_linear=0
shrinkage=0.1


Tree=55
num_leaves=31
num_cat=0
split_feature=14 5 3 12 14 13 5 7 9 18 7 12 5 9 8 13 12 14 10 14 8 8 5 4 5 19 19 6 3 13
split_gain=14.9909 16.8847 25.5941 33.5007 36.0424 42.9301 35.2925 26.1219 27.6047 29.2002 23.9285 37.2825 29.7025 18.8751 25.19 18.8157 33.3844 40.7996 34.3314 23.2525 29.6437 84.2405 85.2047 61.2831 43.8736 30.2368 44.7966 40.9938 27.2226 26.8445
threshold=0.081261787563562407 0.068096993061163055 0.18558141465821135 0.15209452807903293 0.0062583016697317371 1.0870699882507326 0.099327022349444447 0.017174418231153721 0.1231535946991688 -0.020398806650932366 0.028951272718857977 0.14500473439693454 0.085376281905845383 0.0061652010770725917 9.3857486570767847e-12 1.1641141176223757 0.14876777678728106 0.0041103253606706866 1.5401674509048464 0.0038225506432354455 5.3052520220180702e-12 3.863914374841945e-12 0.019757031679076224 1.1680001620684123e-10 0.043934128593431418 0.39015735685825353 0.89225837588310253 3.4207830544551135e-11 0.099782448556272815 1.6936169862747195
decision_type=2 2 2 2 2 2 2 2 2 2 2 2 2 2 2 2 2 2 2 2 2 2 2 2 2 2 2 2 2 2
left_child=1 15 3 10 5 -5 7 -6 9 -9 11 -3 -13 -7 -15 16 17 18 -1 -17 21 22 -21 29 25 27 -27 -24 -26 -23
right_child=-2 2 -4 4 6 13 -8 8 -10 -11 -12 12 -14 14 -16 19 -18 -19 -20 20 -22 23 24 -25 28 26 -28 -29 -30 -31
leaf_value=-0.053798834517806482 -0.096375592660064957 0.041015051063230168 0.092298591532910229 0.051267506945536424 0.079569787990768692 -0.15879129172640097 -0.13875961287860172 0.0063551853332623493 0.12040619743529801 -0.14896975490566849 0.084200926347328689 -0.19730990158986997 0.012521552979649265 0.097763926415098457 -0.10393681759610551 0.025147736258134365 -0.13717085547055904 0.031070516473951589 -0.31321554104804106 -0.10884577071467985 0.0001226369582193439 -0.11959032215425006 -0.10429836183356445 0.03938388996335121 -0.025595467427922809 0.091208974620179753 -0.02325231056252541 0.059068141678243286 -0.34885398625996511 0.050451542731155485
leaf_weight=50.398660644423217 16.139189750654623 106.33157536387444 42.556155708618462 23.462214402854443 60.91756852529943 33.550690026953816 13.421783019788561 41.423231640830636 13.333982922136782 17.099552827887237 77.655928838998079 13.26340247038752 13.728951320052145 8.3587146839126927 23.883683408610523 346.56322160246782 26.534351190552115 80.416394936852157 5.6760205738246432 52.451759709510952 8456.3376230821013 135.61869126046076 29.827033904381096 35.023487314581871 5.9151841411367041 130.56026069633663 46.324051261879504 31.668204175308347 4.6554547473788261 9.9664797210134548
leaf_count=505 1340 256 214 71 154 339 193 382 14 269 133 137 51 27 208 3536 280 239 56 2277 52901 3186 345 114 92 495 275 91 45 151
internal_value=-7.68405e-05 7.95645e-05 0.0181988 0.0111352 -0.0147958 -0.0648692 0.0157749 0.0313963 -0.00944337 -0.0390286 0.040074 0.0143718 -0.0905846 -0.106284 -0.0516467 -0.000858214 -0.0345367 -0.0145843 -0.0800576 -0.000266883 -0.00125227 -0.0253736 0.00698791 -0.0793788 0.0313931 0.0402333 0.0612328 -0.0201695 -0.167963 -0.10795
internal_weight=9953.06 9936.92 488.987 446.431 235.451 89.2553 146.196 132.774 71.8568 58.5228 210.98 133.324 26.9924 65.7931 32.2424 9447.94 163.025 136.491 56.0747 9284.91 8938.35 482.011 301.402 180.609 248.95 238.38 176.884 61.4952 10.5706 145.585
internal_count=68376 67036 2448 2234 1657 645 1012 819 665 651 577 444 188 574 235 64588 1080 800 561 63508 59972 7071 3620 3451 1343 1206 770 436 137 3337
is_linear=0
shrinkage=0.1


Tree=56
num_leaves=31
num_cat=0
split_feature=5 17 2 18 17 6 13 18 10 2 12 18 8 2 3 13 8 14 4 19 10 8 12 2 6 10 19 10 5 0
split_gain=14.0653 35.359 47.9661 48.7887 37.3904 36.9761 46.1379 30.2133 26.9807 42.7637 25.6462 24.1117 66.9104 35.3948 70.8354 38.8032 30.8229 47.8586 47.5909 34.0199 42.3637 29.1568 30.9619 32.9924 28.027 47.5545 39.6715 34.8953 51.9095 30.2566
threshold=0.0078476661092900402 0.10673384232954546 8.1156278499476809e-11 0.31792849194343126 0.1692338423295455 3.899616759436571e-11 1.4653566479682925 -0.11946141580119728 1.5290503501892092 2.7659835460163128e-10 0.24999680370092395 0.35752442199736839 8.1850740041969443e-12 2.1804410583347263e-10 0.060538065955411086 1.6066070795059206 2.9403324149883973e-11 0.0057451350148767242 2.0579704320048285e-11 1.9524198174476626 1.6973536014556887 7.955616050490938e-11 0.29551902413368231 1.4879561393971242e-10 5.5203241951488873e-11 2.9632209539413457 3.8261083364486699 2.1651138067245488 0.016863514802061382 2.6393709251591045e-09
decision_type=2 2 2 2 2 2 2 2 2 2 2 2 2 2 2 2 2 2 2 2 2 2 2 2 2 2 2 2 2 2
left_child=1 -1 4 -4 7 -6 -7 -3 -5 -10 -8 -2 -13 14 16 -15 17 18 -14 -18 -21 -22 -23 -24 27 -26 -27 28 -17 -28
right_child=11 2 3 8 5 6 10 -9 9 -11 -12 12 13 15 -16 24 19 -19 -20 20 21 22 23 -25 25 26 29 -29 -30 -31
leaf_value=-0.091170882707619028 -0.0010673529381855056 0.028796718687411717 0.11045273988339206 0.039201605615396526 0.040685158765654997 -0.13357962703253687 0.05615692752129673 -0.12342721333156215 -0.20533109012088935 0.093478538631679917 -0.15286486718974968 -0.14268515734870402 -0.17065958749907589 0.13453564354481437 -0.068679920845641063 0.075667093507017363 0.10224784385270475 -0.17240763872739928 0.045903540571720039 0.063446713346470521 -0.078344756265253682 0.071342200020052177 -0.15000513069024174 0.044364346731882998 -0.01492046590021911 0.088323344275628227 0.02286573115198608 0.15373926533204779 -0.14090391504820118 -0.17330286808104842
leaf_weight=57.190234216395766 8461.0826241946779 16.754165223333985 58.812230387702584 29.582417352125049 85.871184888761491 37.932266419753432 33.632611373439431 58.794249208876863 14.630458418279888 7.1204127930104724 7.1111639626324168 26.236499472055584 12.371383391320704 38.231793945655227 114.95957516599447 57.029524311423302 61.003453645855188 18.974224118515849 56.447420541197062 114.51350202597678 51.589617136865854 46.360453683882952 17.556898836046457 17.375537466257811 207.34768497943878 115.73452701792121 33.022200234234333 36.759504247456789 13.732371695339678 10.319594747386871
leaf_count=2164 56984 131 132 124 288 697 152 1197 140 24 81 644 131 113 1528 212 145 226 289 231 403 150 198 91 1271 227 102 66 146 89
internal_value=-7.34192e-05 -0.0182679 -0.00636366 0.048274 -0.0314291 -0.00468946 -0.0542137 -0.0896689 -0.0229637 -0.107512 0.0196756 0.000706021 0.0150021 0.0190449 0.000428469 0.0376241 0.020481 -0.0317959 0.00697253 0.0353629 0.0188702 -0.0195443 0.0177714 -0.053325 0.0298066 0.0166337 0.057763 0.0746985 0.0336383 -0.0238416
internal_weight=9918.08 407.431 350.241 110.146 240.096 164.547 78.676 75.5484 51.3333 21.7509 40.7438 9510.65 1049.57 1023.33 511.152 512.177 396.192 87.793 68.8188 308.399 247.396 132.883 81.2929 34.9324 473.945 366.424 159.076 107.521 70.7619 43.3418
internal_count=68376 5130 2966 420 2546 1218 930 1328 288 164 233 63246 6262 5618 3392 2226 1864 646 420 1218 1073 842 439 289 2113 1689 418 424 358 191
is_linear=0
shrinkage=0.1


Tree=57
num_leaves=31
num_cat=0
split_feature=19 13 11 18 12 5 13 10 4 6 14 14 14 11 19 1 3 9 18 8 8 5 1 2 6 0 18 8 5 5
split_gain=13.9499 20.5396 27.9144 22.3529 19.3283 14.7144 37.7082 113.116 60.6895 58.5375 62.704 67.6321 57.1808 50.8343 43.8275 66.5417 77.3309 49.0259 48.083 90.0382 47.0133 45.5742 37.4043 67.5922 81.0531 68.9394 40.6558 37.1204 55.2338 46.2324
threshold=-0.18245410174131391 1.6838613748550417 3.6818859072695891e-09 0.17112071338025009 0.10534522309899332 0.023719156971885428 1.7735574245452883 1.6973536014556887 2.6731050388036597e-11 1.7037822453915532e-11 0.0057697235606610784 0.0052630745340138682 0.0031933756545186047 1.134610683184434e-09 0.76833215355873119 0.31153382235746768 0.13870396219111519 0.037956897437759339 0.073482060889628817 2.8109120252558877e-12 6.4196869539434736e-12 0.015438047344220275 0.25680721954171876 4.7697121480314724e-10 8.8677589790432114e-11 9.5984023035943464e-10 0.5286849312568932 4.5520626664668878e-11 0.0066493820459931048 0.018538292216565836
decision_type=2 2 2 2 2 2 2 2 2 2 2 2 2 2 2 2 2 2 2 2 2 2 2 2 2 2 2 2 2 2
left_child=1 4 3 -3 -1 6 7 27 -9 10 11 12 -10 -8 15 16 20 -18 -16 -20 -11 -22 -15 24 25 -24 -25 29 -29 -2
right_child=5 2 -4 -5 -6 -7 13 8 9 14 -12 -13 -14 22 18 -17 17 -19 19 -21 21 -23 23 26 -26 -27 -28 28 -30 -31
leaf_value=-0.074692843611026696 -0.014263426643110189 -0.18800861252162285 0.030859246009135356 0.14117340799334108 0.092743888034278327 0.0031483587839511574 -0.17313908462734401 -0.10250022901270206 0.19242700174233018 0.10451032945378658 -0.087756082331723384 0.14550667135978032 -0.1097282933227261 0.03773800744013342 -0.12417032354032989 -0.054103362505284164 0.15664685986330754 -0.088190304982031439 0.83424728185740149 -0.04516235379467759 0.18450083961392255 -0.080443646744192063 -0.099753394075273505 0.020469819886448571 -0.057046973184391864 0.010434580476881101 -0.17166057732123086 -0.11664966664462549 0.064424961887226073 0.035993555800962536
leaf_weight=7.8525856691412619 720.50488032354042 11.859596365131436 41.821251656860113 2.4971783533692351 56.496140526724048 5198.5210894542979 16.140229356475174 134.07970010582358 8.3365091830492002 22.653079265728593 30.995008811354637 55.196052262093872 25.182044028304517 304.10372456070036 106.62283750530332 235.0471452884376 51.57375948317349 9.7197844162583333 1.1718693766742934 178.95352066773921 7.0955498348921529 76.386654113419354 61.86590706044808 1037.5105129433796 346.91364479530603 690.74815359897912 11.131803147494791 18.6693064738065 172.46038147713989 245.38221994135529
leaf_count=88 8843 135 169 2 164 28866 181 3046 6 147 316 211 1121 1301 1937 3865 128 91 9 2452 64 1460 651 3605 3066 3955 98 406 584 1409
internal_value=-7.29997e-05 0.0337397 -0.0104418 -0.130752 0.0723113 -0.000490257 -0.00463071 -0.0144806 -0.0401881 -0.0298599 0.0346871 0.0774662 -0.0345783 0.00374916 -0.041071 -0.019786 0.028391 0.117821 -0.0709463 -0.039441 -0.0232553 -0.0579248 0.0049134 0.000266609 -0.0170565 0.00137698 0.0184303 0.00647207 0.0467378 -0.00149571
internal_weight=9887.49 120.527 56.178 14.3568 64.3487 9766.97 4568.44 2100.03 943.014 808.934 119.71 88.7146 33.5186 2468.41 689.224 402.476 167.429 61.2935 286.748 180.125 106.135 83.4822 2452.27 2148.17 1099.53 752.614 1048.64 1157.02 191.13 965.887
internal_count=68376 558 306 137 252 67818 38952 26095 14853 11807 1654 1338 1127 12857 10153 5755 1890 219 4398 2461 1671 1524 12676 11375 7672 4606 3703 11242 990 10252
is_linear=0
shrinkage=0.1


Tree=58
num_leaves=31
num_cat=0
split_feature=18 9 6 7 14 17 0 12 3 17 9 19 5 14 13 8 13 13 2 12 6 17 6 12 2 17 19 18 18 9
split_gain=12.8525 30.445 32.9327 27.5598 30.6099 28.7862 28.0545 57.0446 67.2507 60.2529 92.4389 55.1371 51.9363 50.0549 49.1424 46.0584 43.2941 42.7339 49.1884 42.9518 80.2054 44.9168 48.4749 35.2795 33.6804 30.5017 49.0406 48.6551 33.2934 34.7263
threshold=-0.020398806650932366 0.0012902833110578166 9.099636682018339e-12 0.0050217596958375332 0.0060987016186118135 0.039351029829545463 6.5295101774937535e-10 0.12496520206332208 0.054852517489368188 0.11206054687500001 0.0092079480636060775 3.6410806179046635 0.01553348964435333 0.0083442251197993773 1.3770450353622439 2.9042048292226266e-12 1.3408281803131106 1.2839471697807314 1.5950337910667622e-10 0.21452442556619647 3.4605180742879069e-11 0.14659534801136367 1.455684391059985e-10 0.31954616308212286 1.6154679988766599e-10 0.13474343039772732 3.4037227630615239 0.74387089541943918 0.38309508243533369 0.022765501371890328
decision_type=2 2 2 2 2 2 2 2 2 2 2 2 2 2 2 2 2 2 2 2 2 2 2 2 2 2 2 2 2 2
left_child=-1 2 -2 4 5 -3 7 14 9 12 -11 17 -9 -13 15 -5 -14 -10 -19 -20 -21 22 24 -15 -22 26 28 -28 -8 -30
right_child=1 3 -4 6 -6 -7 25 8 11 10 -12 13 16 23 -16 -17 -18 18 19 20 21 -23 -24 -25 -26 -27 27 -29 29 -31
leaf_value=0.0044838321996385237 0.033718757275834677 0.087185061542253348 -0.090723480392277289 -0.12850767224309087 -0.14145777529131973 -0.09184574023683803 -0.00050365146899292797 -0.062432105559211665 -0.013897121818299883 -0.09971547842377336 -0.00077866869224136541 -0.09666594717574406 -0.010476524718823458 0.14372436511693304 -0.085622460621294513 0.067968058742067794 0.072211572308610084 -0.088139744781644172 -0.078028398231772447 0.34207644516896535 0.29059912929339343 -0.13232783868384274 0.097978769524185355 -0.02290823347285063 -0.077318734602220385 0.021473153156740501 -0.066181665731564018 0.040761901569437563 -0.0055176942723712107 0.066742873871568353
leaf_weight=3783.8308011655463 29.465389869175851 17.572401721030474 76.425711705815047 12.760306577431036 29.743095757439733 18.369614849798381 2380.8028686237521 48.300420806044713 287.06570413615555 111.30716927885078 623.05345983128063 19.068178225308657 88.077631623018533 39.428998962044716 28.355982494773343 183.66928230784833 225.2698634583503 297.25124956434593 84.554096358828247 7.0737810749560586 2.6654166411608449 22.184323953930289 45.501795966178179 18.74693307466805 37.410945372655988 788.57834056380671 196.21826699096709 54.319088563323021 114.73085124138743 158.2192965503782
leaf_count=24139 243 81 1068 488 347 649 13467 568 1904 2677 4541 324 689 104 660 678 721 5283 1082 36 17 1329 164 102 456 3386 1537 261 789 586
internal_value=-8.69559e-05 -0.00294745 -0.056096 -0.00200003 -0.0664155 -0.00431584 -0.00127979 -0.0102704 -0.0157507 0.000679417 -0.0157745 -0.0366665 0.0340907 0.0439413 0.0374399 0.0552048 0.0489691 -0.0446114 -0.0623647 -0.0239392 0.0158868 -0.00552505 0.0273459 0.0900278 -0.0528491 0.00403189 -0.000703799 -0.0429952 0.00328888 0.0363691
internal_weight=9830.02 6046.19 105.891 5940.3 65.6851 35.942 5874.61 2181.75 1956.96 1096.01 734.361 860.951 361.648 77.2441 224.786 196.43 313.347 783.707 496.642 199.39 114.836 107.762 85.5782 58.1759 40.0764 3692.87 2904.29 250.537 2653.75 272.95
internal_count=68376 44237 1311 42926 1077 730 41849 21823 19997 9196 7218 10801 1978 530 1826 1166 1410 10271 8367 3084 2002 1966 637 206 473 20026 16640 1798 14842 1375
is_linear=0
shrinkage=0.1


Tree=59
num_leaves=31
num_cat=0
split_feature=8 9 14 7 13 14 4 14 7 8 13 6 18 10 14 6 12 6 13 19 19 14 19 13 12 14 11 11 15 4
split_gain=13.5895 45.4562 52.0857 45.0092 36.892 58.5482 39.8623 36.7341 35.7352 44.4156 42.4971 37.9686 35.0741 38.1792 55.714 90.7861 89.5131 64.2367 77.0114 51.3125 45.8571 49.1631 78.9983 41.228 73.9953 39.6753 39.3814 37.1639 46.1225 34.5547
threshold=9.6892104883849665e-12 0.0055017836209872275 0.0055488951038569221 0.028614869806905693 2.063402652740479 0.0064367719460278758 1.3354247522550267e-10 0.0070790541358292111 0.0051619324646613981 1.1699242516274491e-11 1.4838002920150759 9.2265330887690943e-11 -0.093790577978573056 2.2194027900695805 0.0053477010224014529 3.0668311470664512e-11 0.14500473439693454 4.1353569096426832e-11 1.3991635441780093 0.13192711770534518 0.72990506887435924 0.0061448775231838235 0.13192711770534518 1.2756394147872927 0.17864962667226794 0.0063540106639266023 5.6605559128897209e-10 3.1881373097064629e-09 7.6744163379771648e-05 1.076244378349498e-10
decision_type=2 2 2 2 2 2 2 2 2 2 2 2 2 2 2 2 2 2 2 2 2 2 2 2 2 2 2 2 2 2
left_child=3 2 -2 12 5 8 -7 -6 -4 10 11 -10 -1 14 16 20 17 18 -14 -15 21 23 29 24 -16 -22 -20 -21 -29 -23
right_child=1 -3 4 -5 7 6 -8 -9 9 -11 -12 -13 13 19 15 -17 -18 -19 26 27 25 22 -24 -25 -26 -27 -28 28 -30 -31
leaf_value=0.01921176916509203 -0.10509722101902552 -0.00029659761387450375 -0.13552466573629099 0.053311151830234382 -0.073748801792805962 -0.17156216866549914 -0.046193887268722526 0.080513808341688878 -0.098518967923313994 -0.10051140032697958 0.06047471345988558 0.13185933520726975 0.00092957554512471628 -0.10180273826374026 -0.17570314303323745 -0.11770879220140927 -0.10886300762410112 0.067687719913309616 0.038473425424687513 -0.053281304986085 -0.10770637211237154 -0.20263373465740236 0.039620345722099264 0.069693144416502525 0.091760929023024185 0.067506005807682443 -0.1060331810933874 0.026686487942485404 -0.27164101850251143 0.008491090043236298
leaf_weight=862.14134386414662 81.151950714178383 6255.7653780629626 18.486585032194853 184.62171809375286 20.530002444051206 40.116799307987094 68.958185240626335 62.21813415363431 36.194368280470371 30.833513509482145 123.09770325943828 8.9161625839769822 619.71249585971236 84.886388379149139 19.698351860046387 41.962455066852272 89.180807729484513 110.18188912421465 22.606578297447413 133.54868953302503 39.119067613966763 24.825370324775577 85.810052937828004 383.46923249121755 21.780726823955774 19.299937648698688 113.75945355347358 164.06111997552216 5.3513855207711449 11.272265113890169
leaf_count=5095 905 41872 262 494 179 341 347 128 242 268 362 17 5876 774 230 352 2427 281 521 1194 391 244 279 1310 68 45 2978 802 53 39
internal_value=-9.43826e-05 -0.0025951 -0.0319097 0.00546009 -0.0174006 -0.0325114 -0.0923032 0.0422409 -0.00253007 0.00982219 0.030047 -0.0529844 0.00236322 -0.00493427 0.00187871 0.0245319 -0.0134671 -0.00364613 -0.0140415 -0.0330871 0.0343931 0.0433895 -0.0125908 0.059449 -0.0352574 -0.0498213 -0.0820771 -0.0138337 0.0172629 -0.136705
internal_weight=9783.56 6746.27 490.503 3037.29 409.351 326.603 109.075 82.7481 217.528 199.042 168.208 45.1105 2852.67 1990.53 1602.68 647.237 955.441 866.26 756.079 387.848 605.275 546.856 121.908 424.948 41.4791 58.419 136.366 302.961 169.413 36.0976
internal_count=68376 44923 3051 23453 2146 1839 688 307 1151 889 621 259 22959 17864 15041 2958 12083 9656 9375 2823 2606 2170 562 1608 298 436 3499 2049 855 283
is_linear=0
shrinkage=0.1


Tree=60
num_leaves=31
num_cat=0
split_feature=12 9 11 3 13 9 7 19 17 12 5 13 13 0 10 1 5 13 5 17 12 9 14 6 1 1 2 7 11 17
split_gain=13.2816 37.7 39.181 64.0765 39.8367 37.0595 65.3364 41.8471 35.581 30.602 31.2176 43.9304 27.8086 37.2153 31.2022 27.6228 35.6436 33.5248 24.4009 21.7731 21.4426 24.7319 21.1109 36.5659 42.561 35.4134 32.1285 29.5694 66.6661 43.9207
threshold=0.50046998262405407 0.14706966230285876 6.0633675857957323e-09 0.066687813765799978 2.7838071584701543 0.11139508324339516 0.12768132421117392 3.9239616394042973 0.17793412642045456 0.38581334054470068 0.034430531001416624 2.4774838685989384 2.2910538911819462 3.4450411444807787e-09 4.0180885791778573 0.35998264781402117 0.042919621721912549 2.2741398811340336 0.028968153084521022 0.14934747869318185 0.36094008386135107 0.11716869114176424 0.014577129855751993 3.0955072125965678e-10 0.22242897152337116 0.47245408032886371 4.6387779656588982e-10 0.076495462413111628 2.3499590051656587e-09 0.16208718039772732
decision_type=2 2 2 2 2 2 2 2 2 2 2 2 2 2 2 2 2 2 2 2 2 2 2 2 2 2 2 2 2 2
left_child=5 2 3 -2 -4 9 8 -8 20 22 11 18 13 14 -3 16 17 -5 -11 -16 21 -7 23 27 -25 -24 -27 -1 29 -29
right_child=1 12 4 15 -6 6 7 -9 -10 10 -12 -13 -14 -15 19 -17 -18 -19 -20 -21 -22 -23 25 24 -26 26 -28 28 -30 -31
leaf_value=-0.0010290991398154391 -0.14895359465978755 -0.064096369407803222 -0.1615916117219951 -0.18644098101454734 0.089018179073048598 0.054420957610432509 -0.15560289264910054 0.06307745972053426 -0.10536074641298093 -0.017457077462983205 0.014921449304817806 -0.17431460657839587 0.11146235636272923 -0.11172855662830111 -0.1481822337317634 0.13260267624337152 0.090826201494818196 0.19660702197805136 -0.13704456995559505 0.049972005522422661 0.073059625846975229 -0.18992598866460494 -0.0030270161876383857 0.056306482753050502 -0.096113197296122416 -0.14110190942814743 0.046825445664590876 0.09063241784303766 -0.18181864701904016 -0.12072712852432191
leaf_weight=7932.3058049455285 24.878334980458021 38.615058847004548 46.205455668037757 13.153556331992148 7.3521658070385447 10.424201680347325 26.424737201072276 13.083454102277754 13.035947849042712 104.55209569446743 78.580358168110251 28.62539941817522 22.784665573388338 28.013448409736156 5.8434674739837638 21.603085234761238 16.189957447350025 2.7651956081390372 20.389609871432185 108.62432303465903 214.66070092655718 6.8738087117671958 402.74405710026622 23.915606915950775 78.302987183444202 9.3682601414620859 314.4860861254856 104.11273838765919 11.503374118357895 10.856864207424222
leaf_count=57974 295 1470 480 124 16 37 319 34 147 829 308 242 54 354 60 32 22 1 165 320 596 64 2101 74 578 98 855 407 114 206
internal_value=-8.93224e-05 -0.0196243 -0.0612289 -0.0162784 -0.127189 0.000608695 0.0361502 -0.0831851 0.0553944 -0.000500072 -0.0363422 -0.0625738 0.00734214 -0.00575777 0.0136344 0.0451743 -0.0136484 -0.119903 -0.0369729 0.0398564 0.0644288 -0.0426766 0.000436139 -0.0010181 -0.0604523 0.0167699 0.0413892 -0.000264232 0.0477078 0.0706732
internal_weight=9740.27 336.029 132.148 78.5901 53.5576 9404.25 284.503 39.5082 244.995 9119.74 232.147 153.567 203.881 181.096 153.083 53.7118 32.1087 15.9188 124.942 114.468 231.959 17.298 8887.6 8161 102.219 726.598 323.854 8058.78 126.473 114.97
internal_count=68376 3228 970 474 496 65148 1197 353 844 63951 1544 1236 2258 2204 1850 179 147 125 994 380 697 101 62407 59353 652 3054 953 58701 727 613
is_linear=0
shrinkage=0.1


Tree=61
num_leaves=31
num_cat=0
split_feature=14 8 17 19 2 13 5 8 8 9 8 12 13 19 12 18 9 13 14 19 12 12 3 9 4 14 10 6 3 18
split_gain=12.9317 109.51 95.2712 45.5806 53.2949 44.0823 59.1646 36.7251 39.5005 33.8385 48.2196 43.9991 51.0969 68.4124 51.6145 49.3506 47.96 63.6068 58.0479 74.9161 53.0388 51.8873 50.6738 45.8834 45.8313 44.9568 41.6497 65.9499 46.7443 85.9854
threshold=0.0076153802219778308 4.4185919625373605e-11 0.049604936079545463 0.1018630973994732 4.5773526793408358e-10 1.9140521287918093 0.036362734625020925 3.3757399046470735e-11 3.546300067304337e-11 0.0055878469288498543 1.0130447043811611e-11 0.13641636073589328 1.3991635441780093 0.76833215355873119 0.14031840860843661 0.15430773591453381 0.0030051512143376611 1.3321284055709841 0.0053477010224014529 0.39015735685825353 0.12707155197858813 0.12017009779810907 0.027008022230123999 0.0049512315542452837 2.1700426546845955e-10 0.0064647619146853694 2.1294554471969609 4.0378490446968538e-11 0.065888016657415865 0.068009617897173913
decision_type=2 2 2 2 2 2 2 2 2 2 2 2 2 2 2 2 2 2 2 2 2 2 2 2 2 2 2 2 2 2
left_child=9 2 -2 4 -3 -4 7 -7 -9 10 11 16 13 23 -14 -16 21 -18 19 -19 -21 22 -1 -13 -23 -15 28 -28 -11 -30
right_child=1 3 5 -5 -6 6 -8 8 -10 26 -12 12 14 25 15 -17 17 18 -20 20 -22 24 -24 -25 -26 -27 27 -29 29 -31
leaf_value=-0.08294224821131313 0.045349637902653284 -0.068556470429068594 -0.12299258418436812 -0.0021183730943718881 0.074060967657372842 -0.18140646024231721 0.097085095557010809 0.11445033090008778 -0.089352746449452181 0.014460036580087713 -0.043958577129150571 -0.06086360179773978 -0.11400040788835496 -0.1593401073263033 0.052637468950905181 -0.11823549893834087 0.066507040216204585 -0.14859103905443413 0.03155282205909498 0.027430845080360946 -0.16331050200584263 -0.073190540352169722 0.0080513266630742441 0.019940749057091409 0.10411753462672398 0.026207637049231292 0.076717147688076928 -0.0021487949300402895 0.0059573952583620643 -0.075003990308121674
leaf_weight=64.893965934868902 66.317463660612702 31.738128940109164 152.30020292429253 3584.2937264221255 150.225494539598 24.623051779344678 24.65785507671535 13.401834681630133 32.748555244877934 1680.0199194848537 280.16250609233975 150.7359511917457 26.889389493269846 70.339561945525929 160.04340456239879 18.898162759141997 262.99025053344667 47.455264198593795 294.0033365059644 101.63453338202089 17.019435725174844 153.71388367540203 1075.6136282733642 131.64509334880859 16.105701848864555 16.035041265189648 226.01978616788983 199.72992902807891 457.04122414812446 183.98901342600584
leaf_count=1960 173 1526 3200 20462 363 257 64 50 262 10485 2042 1900 297 1067 914 390 842 938 1010 931 239 1123 9145 732 21 54 569 1176 3416 2768
internal_value=-8.29053e-05 -0.00437036 -0.0611036 0.000360337 0.0491856 -0.089601 -0.0363109 -0.0827868 -0.0301694 0.00302165 -0.00453555 -0.000300585 -0.0247351 -0.0470146 0.0151797 0.0345914 0.00660388 0.0272774 0.00485463 -0.0423996 7.13718e-05 -0.00480479 0.00287387 -0.0231929 -0.0563746 -0.124894 0.0109678 0.0397191 0.00569398 -0.0172802
internal_weight=9715.29 4080.31 314.049 3766.26 181.964 247.731 95.4313 70.7734 46.1504 5634.98 2888.18 2608.02 574.587 368.756 205.831 178.942 2033.43 723.103 460.113 166.109 118.654 1310.33 1140.51 282.381 169.82 86.3746 2746.8 425.75 2321.05 641.03
internal_count=68376 26357 4006 22351 1889 3833 633 569 312 42019 23605 21563 5354 3753 1601 1304 16209 3960 3118 2108 1170 12249 11105 2632 1144 1121 18414 1745 16669 6184
is_linear=0
shrinkage=0.1


Tree=62
num_leaves=31
num_cat=0
split_feature=5 6 8 5 7 19 9 8 10 17 7 5 10 13 4 17 8 10 9 17 11 19 5 18 17 12 14 13 8 6
split_gain=13.7456 20.9413 39.1692 30.02 37.2383 40.1753 33.3422 33.9714 29.6762 39.8602 40.4635 28.0937 29.4284 26.771 24.6282 25.506 33.2344 34.0992 31.0871 23.9504 25.1092 21.7088 21.6833 20.4315 18.9828 18.909 44.5249 37.1841 27.2491 21.4954
threshold=0.068096993061163055 5.5744188811191386e-10 6.3129820907966745e-10 0.034718807682698173 0.14111240976517583 1.2745248675346377 0.10165623504402015 3.7581874535691902e-10 3.6118935346603398 0.16541637073863638 0.11042672088491835 0.022795940781242707 4.0180885791778573 1.6553382873535158 2.8705096386587558e-10 0.10717773437500001 7.7712638433411341e-10 3.4001424312591557 0.077324463299655935 0.10802112926136366 9.5159586877002783e-09 0.2073953524231911 0.021671893921341469 -0.072531879329207252 0.20669833096590912 0.15209452807903293 0.0062129516154527673 1.0870699882507326 7.280726505670327e-12 2.6776741083631113e-11
decision_type=2 2 2 2 2 2 2 2 2 2 2 2 2 2 2 2 2 2 2 2 2 2 2 2 2 2 2 2 2 2
left_child=1 2 24 4 5 11 7 -5 -8 10 -10 19 -13 -11 15 -7 18 -18 -17 -3 21 -21 -19 -15 -1 -2 27 -27 -28 -30
right_child=25 3 -4 6 -6 14 8 -9 9 13 -12 12 -14 23 -16 16 17 22 -20 20 -22 -23 -24 -25 -26 26 28 -29 29 -31
leaf_value=-0.00012261445768744741 0.039583210416733669 -0.24887154935739836 0.057220565983520426 0.033167779651440264 -0.14363592755496532 0.074167364761637544 0.097140005906657445 -0.10433894584794419 0.042287486695025245 -0.14292230730784947 -0.13212160752761468 -0.1965655329864115 0.012650266740390964 -0.19355070431803462 -0.084682358916387285 0.089393944645763945 -0.18160456675892375 -0.14871446977882075 -0.17033022758751704 0.14783941918095667 0.1126177537748585 -0.1474630095219486 0.04903292298289641 0.069816159815494827 -0.057140497454801709 0.043976485907096352 -0.19297758065060525 -0.10730377357355177 0.10111660755209727 0.015150383389517123
leaf_weight=8441.5309006383177 203.16171374032274 4.0810065679252174 119.14416356757283 29.149315120652318 31.907399570569396 45.102323221042752 45.577147099771537 46.832531780935824 22.195530999451876 7.0056389904348171 33.199201481416821 30.495107531547546 8.6246998794376832 3.05473146168515 32.810927929356694 5.928300783038142 8.0361182875931245 5.9886913169175378 20.699653156101704 3.2193170040845898 12.800167210400103 10.980289158411322 74.848962273448706 82.469963051378727 58.796511393971741 22.806147873401642 5.556514471769332 56.499607773963362 36.042842660099268 150.70135560096242
leaf_count=60330 579 42 332 111 420 106 249 365 74 949 306 292 27 28 342 14 76 71 213 8 15 158 271 165 722 71 50 546 54 1390
internal_value=-8.37756e-05 -0.000941452 0.000281082 -0.0195918 -0.0416033 -0.0292536 0.00454652 -0.0515865 0.0265881 0.00485036 -0.0622395 -0.0940526 -0.15044 0.0450147 -0.00573454 0.0103943 -0.0145085 0.0148532 -0.112507 -0.0230807 0.0110476 -0.0805124 0.0343832 0.0604093 -0.000517005 0.0165081 -0.00075203 -0.0637997 0.0252492 0.0317424
internal_weight=9659.25 9184.48 8619.47 565.007 295.523 263.616 269.484 75.9818 193.502 147.925 55.3947 70.2006 39.1198 92.5303 193.415 160.604 115.502 88.8738 26.628 31.0808 26.9998 14.1996 80.8377 85.5247 8500.33 474.768 271.606 79.3058 192.301 186.744
internal_count=68376 65686 61384 4302 2055 1635 2247 476 1771 1522 380 542 319 1142 1093 751 645 418 227 223 181 166 342 193 61052 2690 2111 617 1494 1444
is_linear=0
shrinkage=0.1


Tree=63
num_leaves=31
num_cat=0
split_feature=2 15 9 19 3 5 5 3 1 0 19 6 5 19 1 12 8 3 15 13 8 8 6 7 7 8 12 19 7 10
split_gain=12.7652 52.2479 45.1493 30.8101 30.3473 50.5417 30.8804 25.31 18.9805 18.7423 22.3529 17.7723 21.7377 20.6099 16.8998 14.3729 55.0389 42.9975 64.4599 28.7578 24.6788 73.8818 51.2511 52.0808 40.304 32.7806 53.795 47.746 30.7325 29.9299
threshold=2.4837892290276324e-11 1.5489404177060354e-05 0.0028576276840439588 0.28988759219646459 0.011154955965416579 0.0093070995991650831 0.028729716757905987 0.018763392978515803 0.24523555163982466 9.1253831846525488e-11 1.4786562323570254 3.899616759436571e-11 0.0093070995991650831 2.9199494123458867 0.13725774659418613 0.089131485670804991 2.7092874750214871e-12 0.028943620736356607 1.7871378986455969e-05 1.4528068304061892 3.550334068166561e-12 5.3052520220180702e-12 4.0849998971750612e-11 0.022930665707119564 0.0077690628148287663 6.4959049115628547e-12 0.13553291559219363 0.71139284968376171 0.012891774882936698 2.3756426572799687
decision_type=2 2 2 2 2 2 2 2 2 2 2 2 2 2 2 2 2 2 2 2 2 2 2 2 2 2 2 2 2 2
left_child=2 -2 -1 -4 5 -5 11 8 14 10 -9 -6 13 -13 -3 17 19 18 -11 -17 24 22 -22 -24 -18 26 29 28 -28 -23
right_child=1 7 3 4 6 -7 -8 9 -10 15 -12 12 -14 -15 -16 16 20 -19 -20 -21 21 25 23 -25 -26 -27 27 -29 -30 -31
leaf_value=-0.11499184966028329 -0.10912327418760133 -0.16378856420535279 -0.051752900783103899 -0.1164254693331029 0.08691919690406405 0.068989946754590248 -0.12566191596151591 -0.11558808088930526 -0.19199963809601461 0.10266900685619998 0.058589102087063652 -0.18471484911874256 0.067008936781403142 0.04817551332959645 -0.012935066660538473 -0.12958643309866277 -0.11225737509367176 0.054298250845240884 -0.17232489779911964 0.087668370541401086 -0.094028093280053043 0.054267807803822114 0.038287710436219549 -0.16829521016962604 0.044749758533044214 -0.00027527512401942067 -0.16843167159456685 -0.15757771230654657 0.028358387317315988 -0.056683701711327361
leaf_weight=23.104078435804695 44.274317709729075 9.0545471459627134 39.720835085492581 28.277009941637516 145.0523807851132 30.621846504509449 8.4091454711742681 28.057608183706179 9.8268298115581256 13.726608671247957 9.99196929624304 8.5726315621286613 27.402432583272457 6.8252812214195719 41.295535268960521 46.542627951595932 17.702642723219469 138.32844624295831 22.48978521861136 7.010535155190154 140.15865602064878 322.07235976401716 72.634848074987531 14.668055189773439 213.92759988317266 8042.5487084478373 9.1012866206001473 24.974195176269859 61.971294262912124 26.298294080421329
leaf_count=1534 1212 143 758 467 694 60 319 868 122 28 61 120 72 26 315 852 851 510 240 105 3240 1704 282 115 1250 51405 183 321 365 154
internal_value=-7.70244e-05 -0.00074949 0.0196255 0.0301729 0.0429262 -0.020027 0.0618187 -0.000232021 -0.0648744 0.000190243 -0.0698485 0.0702112 0.013587 -0.0814838 -0.0400633 0.000480727 -7.05008e-05 0.0289023 -0.0680977 -0.101146 0.000534561 -0.000321736 -0.0565651 0.00357902 0.0327503 0.00118566 0.0276239 -0.0386365 0.00315819 0.0458921
internal_weight=9634.64 9316.66 317.986 294.882 255.161 58.8989 196.262 9272.38 60.1769 9212.21 38.0496 187.853 42.8003 15.3979 50.3501 9174.16 8999.61 174.545 36.2164 53.5532 8946.06 8714.43 227.462 87.3029 231.63 8486.97 444.417 96.0468 71.0726 348.371
internal_count=68376 64326 4050 2516 1758 527 1231 63114 580 62534 929 912 218 146 458 61605 60827 778 268 957 59870 57769 3637 397 2101 54132 2727 869 548 1858
is_linear=0
shrinkage=0.1


Tree=64
num_leaves=31
num_cat=0
split_feature=5 6 14 14 3 19 9 17 8 6 8 12 19 5 7 18 9 3 18 18 14 7 10 17 13 13 19 1 11 12
split_gain=12.0941 33.3812 25.3294 23.4949 51.4586 17.9899 15.5138 23.5754 25.8798 15.2277 33.0259 30.8954 34.705 28.1183 33.5663 35.8605 33.3602 36.0279 28.3968 28.0683 28.2013 24.5798 24.0881 26.6132 38.4528 27.6368 23.5284 31.4001 25.5 30.0505
threshold=0.080687556980731337 3.7531876239829376e-11 0.0063540106639266023 0.0054572536610066899 0.13539469837279947 3.2664263248443608 0.0047345156865910999 0.064697265625000014 8.985126063751424e-12 5.5744188811191386e-10 4.2598464894431736e-10 0.38581334054470068 4.9182810783386239 0.034718807682698173 0.14111240976517583 -0.0053385130383751594 0.10165623504402015 0.16120966757079652 -0.018900726022283459 0.11181814824654299 0.017085944302380088 0.11042672088491835 3.6118935346603398 0.16541637073863638 2.118930578231812 1.6553382873535158 2.5962502956390385 0.22989259771959694 4.6206576342910929e-09 0.40280652046203619
decision_type=2 2 2 2 2 2 2 2 2 2 2 2 2 2 2 2 2 2 2 2 2 2 2 2 2 2 2 2 2 2
left_child=9 2 -2 -3 6 -6 -5 -8 -9 10 11 -1 -13 14 15 -11 17 18 -15 21 -21 -12 -18 24 -24 -25 -22 -28 -29 -30
right_child=1 3 -4 4 5 -7 7 8 -10 13 19 12 -14 16 -16 -17 22 -19 -20 20 26 -23 23 25 -26 -27 27 28 29 -31
leaf_value=4.5726255509368995e-05 -0.14624040737539487 0.079297339076685069 0.012419550350330009 -0.18855913819059503 0.094722460197860736 -0.10115941087974122 0.09003451443325719 0.10834007972281495 -0.11001987795895192 -0.093050455943248234 0.012197452559456791 -0.073582928354860772 0.026856643861192547 -0.0030185037202628724 -0.13909124143165363 -0.0059058163416923215 0.09068621456140688 0.046641738043940534 -0.14418094636127804 -0.13712364325678877 0.097100069223791621 -0.13987755124117382 -0.14235974996145545 -0.13212162888707377 0.021435711829876834 0.058986448764743897 -0.20456899005534857 0.090060102758798333 0.06185857127506611 -0.20368513074919134
leaf_weight=8295.0593525676522 18.647994972765446 83.680517992004752 21.854439943097532 7.7272155694663516 51.974551289342344 5.1534595675766459 11.408711053431032 6.5200642608106127 32.396013959310949 62.225843667984009 140.4004096314311 115.64537782780826 48.969042966142297 23.254583977162838 29.752787165343761 195.82648290973157 47.122547511477023 28.725183507427573 36.804553597699851 6.9639687649905673 103.35491553135216 11.498704981058834 23.63425825163722 8.2978934299899247 36.417117474600673 85.920752960257232 5.7296474762260905 35.713995583355427 9.4313675239682215 7.7747750952839842
leaf_count=59856 182 152 99 78 249 39 18 18 510 600 558 1174 256 119 420 1035 262 108 331 51 202 141 237 1118 153 197 55 67 20 71
internal_value=-7.84088e-05 0.0221176 -0.0606301 0.038971 0.00967317 0.0770522 -0.0566334 -0.0363766 -0.0734355 -0.000646116 0.000388813 -0.000805596 -0.0437044 -0.0163685 -0.0385157 -0.0269196 0.00559775 -0.0454688 -0.0895236 0.0318794 0.059922 0.000685433 0.0281105 0.00899649 -0.0430288 0.0421554 0.0683923 0.0178023 0.0418784 -0.0581301
internal_weight=9597.89 239.363 40.5024 198.861 115.18 57.128 58.052 50.3248 38.9161 9358.52 8780.54 8459.67 164.614 577.982 287.805 258.052 290.177 88.7843 60.0591 320.868 168.969 151.899 201.393 154.27 60.0514 94.2186 162.005 58.6498 52.9201 17.2061
internal_count=68376 1345 281 1064 912 288 624 546 528 67031 62451 61286 1430 4580 2055 1635 2525 558 450 1165 466 699 1967 1705 390 1315 415 213 158 91
is_linear=0
shrinkage=0.1


Tree=65
num_leaves=31
num_cat=0
split_feature=14 5 6 13 3 14 4 13 12 14 14 2 8 3 9 14 2 5 0 13 17 14 7 12 9 6 13 13 14 12
split_gain=11.9112 13.0094 30.4058 23.1543 17.0106 54.0281 13.7989 13.1606 22.5555 38.5599 26.9842 28.6606 23.7599 18.9036 18.8259 18.5984 28.006 26.7648 40.982 39.2694 41.9991 24.933 98.1966 75.2181 97.7284 52.2418 72.4663 54.1544 59.2674 52.4831
threshold=0.10121458768844606 0.080687556980731337 3.7531876239829376e-11 1.2970942258834841 0.13539469837279947 0.0054572536610066899 3.4515972913033401e-10 1.1641141176223757 0.15345145761966708 0.0063038920052349576 0.0041103253606706866 7.4310784611037543e-11 1.0213224529645114e-11 0.041418224282795395 0.00087947146718233974 0.0041477724444121131 1.902169777139439e-10 0.014501729180596694 2.4563866203081662e-10 1.2052145004272463 0.097989169034090925 0.005480110878124834 0.013466589391660139 0.14031840860843661 0.010040112650826624 3.4605180742879069e-11 1.3643588423728945 1.9383831024169924 0.007706461939960719 0.14876777678728106
decision_type=2 2 2 2 2 2 2 2 2 2 2 2 2 2 2 2 2 2 2 2 2 2 2 2 2 2 2 2 2 2
left_child=1 7 3 -3 5 -4 -7 8 10 -10 11 14 -12 -14 -1 16 17 18 19 -9 -21 22 -17 -24 -25 27 -27 28 -23 -29
right_child=-2 2 4 -5 -6 6 -8 15 9 -11 12 -13 13 -15 -16 21 -18 -19 -20 20 -22 25 23 24 -26 26 -28 29 -30 -31
leaf_value=0.037829341178107656 -0.14019271126970387 -0.097789634871660702 0.074966225352728511 0.081338612869215662 0.090326462086565057 -0.073338415337560983 0.0714637174061349 -0.21161261133347462 -0.15850749153980964 0.12958964015933094 0.035893368664220347 -0.21772686466566726 0.12805641949880883 -0.17249773021321796 -0.094755885632289288 -0.050919934230506052 -0.12859440241974132 0.034791306673160438 -0.10213769885733409 0.064063197729698498 -0.085649113068355473 0.023486371504601759 0.025872058639247481 -0.073946123152526771 0.024227118918075247 -0.071262618151570839 -0.0019802884578009627 0.00084224241473601169 -0.088638108151108203 -0.10658429809638199
leaf_weight=20.010841365903616 6.0627203204785465 30.499721121042967 79.865988539531827 9.4525786414742452 50.430745021440089 47.919395985081792 7.6287618279457083 7.1224988559260956 25.041824882850054 5.7039823252707711 91.734735213220119 10.452637974172829 2.641940187662839 10.065377192571757 23.040002076886594 467.42457608669065 12.808151002507655 395.498335942626 39.515452962135896 84.301479785703123 24.093432078836486 1762.1299151638523 632.09899322595447 222.3446882548742 186.4109029667452 155.76797675620764 4901.3876307285391 143.85745349898934 48.438666195143014 66.500001318752766
leaf_count=55 1072 253 152 28 250 592 32 123 288 10 261 97 4 119 412 9409 490 1850 900 1132 875 8513 2717 3029 1104 2957 29037 774 1306 535
internal_value=-7.04977e-05 1.83255e-05 0.0237365 -0.0554085 0.0407508 0.0222879 -0.0534519 -0.000555167 -0.0266965 -0.10506 -0.0114423 -0.0691917 0.0181415 -0.11001 -0.0331278 -1.60614e-05 0.0175856 0.0209865 -0.0142304 0.0158403 0.030786 -0.00117088 -0.0128443 0.00425456 -0.0291747 0.00131663 -0.00411429 0.0149069 0.0204867 -0.0331184
internal_weight=9570.25 9564.19 225.797 39.9523 185.845 135.414 55.5482 9338.39 188.691 30.7458 157.946 53.5035 104.442 12.7073 43.0508 9149.7 563.339 550.531 155.033 115.517 108.395 8586.36 1508.28 1040.85 408.756 7078.08 5057.16 2020.93 1810.57 210.357
internal_count=68376 67304 1307 281 1026 776 624 65997 1246 298 948 564 384 123 467 64751 5370 4880 3030 2130 2007 59381 16259 6850 4133 43122 31994 11128 9819 1309
is_linear=0
shrinkage=0.1


Tree=66
num_leaves=31
num_cat=0
split_feature=2 15 8 5 3 5 19 4 19 3 12 1 19 14 18 15 6 14 12 5 11 17 14 8 2 12 4 13 3 5
split_gain=10.8872 44.4671 39.2472 27.4016 25.5207 31.6864 25.4975 24.2496 19.9266 18.5657 17.9896 16.1284 31.8486 18.7946 15.2367 13.2986 48.154 65.4661 50.3244 46.8687 44.8672 44.7384 43.9699 44.1835 50.9359 51.0672 48.7418 45.1448 42.5243 57.9731
threshold=2.4837892290276324e-11 1.5489404177060354e-05 3.2258381103445269e-12 0.028729716757905987 0.011154955965416579 0.0081864026916272595 0.2443826571106911 6.7207327574660621e-12 0.12689319998025897 0.013678380105483621 0.36094008386135107 0.074880552881041854 1.4122953414916994 0.007292698835954071 0.10725274290466175 4.6040433517191566e-05 1.2404813313677054e-10 0.010278165806084873 0.3082288801670075 0.031227897211885815 2.2744713890077155e-09 0.16368519176136367 0.0048132489901036033 6.1651381053954247e-12 5.316854896398308e-10 0.11707487329840661 1.2309666318197158e-10 1.4915727376937868 0.065888016657415865 0.024568757199833317
decision_type=2 2 2 2 2 2 2 2 2 2 2 2 2 2 2 2 2 2 2 2 2 2 2 2 2 2 2 2 2 2
left_child=2 -2 -1 4 5 8 14 -3 -4 -9 -8 12 -11 -14 -6 16 18 -18 28 -19 -20 -21 -17 24 25 -24 -26 -25 -13 -30
right_child=1 7 3 -5 6 -7 10 9 -10 11 -12 15 13 -15 -16 22 17 19 20 21 -22 -23 23 27 26 -27 -28 -29 29 -31
leaf_value=-0.11478047272965995 -0.10398881476396615 -0.10823613061672913 0.1321288665383594 -0.12278927783329584 -0.14415912963989089 0.044131622848128688 0.067461917135574492 -0.20935684682755193 -0.12054424031021789 -0.10592983696411436 -0.15082334217975946 0.012228733460034665 0.09639388054140352 -0.14565936965050855 0.043403284598976556 -0.1294595057756511 0.088405884364382598 -0.024722410308965392 -0.096660152534998198 0.066938322267696998 0.063084281271632209 -0.10590174244740738 0.090394451761774575 -0.089149461098463223 -0.091998468233143241 -0.19255053524143451 0.048359288081025076 -0.0041039818388070946 -0.033508224070036917 0.0027010385445925241
leaf_weight=20.607352168066427 41.48154044826515 20.73639059974812 3.5144322970882085 11.544677929952739 9.9853472721297312 37.208375569432974 183.55291040916927 4.2327810185961416 27.891539818607271 38.257425045594573 3.8547682501375666 2182.0873023802415 16.355487484019253 3.9904856374487272 7.6486984798684707 27.637271576095372 150.98267392534763 185.70461592078209 90.195380432531238 144.29103519208729 21.83974514901638 16.710199169814587 135.25191440014169 63.466960445221048 45.837386282626539 6.6945152622647575 53.759246058762074 3774.2132149076788 615.82259275019169 1568.0353876184672
leaf_count=1525 1212 445 38 462 260 109 933 48 608 1247 49 13904 75 56 66 996 564 1745 1014 419 92 151 544 1797 938 67 162 18867 10946 9037
internal_value=-6.96056e-05 -0.000686119 0.018493 0.0281228 0.0344893 -0.0183014 0.052155 -0.000218619 -0.0922693 2.63019e-05 0.062972 0.000123256 -0.0521691 0.0489196 -0.0628047 0.000460663 0.00393705 0.0334459 0.000657397 0.00951208 -0.0655201 0.0489994 -0.00375116 -0.00289947 0.0385843 0.0770501 -0.0162376 -0.00551045 0.00235559 -0.00750955
internal_weight=9513.39 9207.58 305.808 285.201 273.656 68.6143 205.042 9166.1 31.406 9145.37 187.408 9141.13 58.6034 20.346 17.634 9082.53 4975.67 497.689 4477.98 346.706 112.035 161.001 4106.86 4079.22 241.543 141.946 99.5966 3837.68 4365.95 2183.86
internal_count=68376 64326 4050 2525 2063 755 1308 63114 646 62669 982 62621 1378 131 326 61243 37872 2879 34993 2315 1106 570 23371 22375 1711 611 1100 20664 33887 19983
is_linear=0
shrinkage=0.1


Tree=67
num_leaves=31
num_cat=0
split_feature=14 5 3 1 12 7 12 1 7 4 8 8 19 14 19 3 9 6 8 18 15 0 10 13 5 8 17 9 17 1
split_gain=10.4196 11.2835 18.7424 41.6918 24.486 28.629 34.8792 25.846 24.9485 20.2197 18.3364 16.1318 15.5308 14.355 14.2544 22.0711 13.1086 12.7646 28.8799 23.5556 29.0278 33.2069 25.9157 24.5446 24.4309 28.2319 23.6858 22.8994 29.1148 27.7316
threshold=0.10121458768844606 0.068096993061163055 0.11655445591029244 0.31748653008144206 0.15279354900121692 0.017952917901754805 0.16950041800737384 0.17043781252346066 0.017017580210332822 3.4515972913033401e-10 1.0772964599133851e-11 8.295653342723253e-12 0.32566513121128088 0.0066846131812781104 0.51286837458610546 0.078583988489756465 0.0037163074073008335 5.5744188811191386e-10 6.3129820907966745e-10 0.38309508243533369 8.1472469901200397e-05 2.6393709251591045e-09 3.2178977727890019 1.7627727389335635 0.044504299105432486 3.1385350648756766e-10 0.12693093039772732 0.19887704599626008 0.12537730823863638 0.403303090896242
decision_type=2 2 2 2 2 2 2 2 2 2 2 2 2 2 2 2 2 2 2 2 2 2 2 2 2 2 2 2 2 2
left_child=1 17 3 4 8 6 13 9 16 -7 11 14 -12 -6 -10 -16 -3 18 -1 20 24 23 -21 -22 25 -19 -26 28 29 -27
right_child=-2 2 -4 -5 5 7 -8 -9 10 -11 12 -13 -14 -15 15 -17 -18 19 -20 22 21 -23 -24 -25 26 27 -28 -29 -30 -31
leaf_value=-0.00049215798772856464 -0.13780123657788185 0.006463979552967479 0.04973196689715257 -0.17062140978625984 -0.1721461551540982 -0.041215005030372454 0.054728083988357969 -0.13660200125553257 0.052320551065034554 0.14264526551520937 0.012575171665226207 0.077183847589866419 -0.23839997375509145 0.11296720317849912 -0.30773750437056063 -0.0067051764956686652 -0.28373677596679858 0.10835948487202392 0.049974505112743588 -0.14964625715507088 -0.082095144443051882 -0.020529897134918249 0.068459729144287385 0.090169598722668359 -0.13750040871294655 0.0064555263069633181 0.068240094440509699 0.0080372383567053098 -0.14087165765410217 -0.18801047354170453
leaf_weight=8368.2119722187053 5.4898409033194175 2.7996946829371145 117.98168726917356 13.238151445053516 10.715521049220113 46.660378830041736 67.416639288887382 27.727669865824282 16.953337726183239 6.8608138822019091 6.8784199804067594 102.98230658657849 3.8433717638254166 2.114346206188201 3.356774140149354 8.8748043216764909 3.505435599014163 8.1351932473480684 114.95077701099217 6.1003977479413143 9.8812531437724811 245.70970332063735 50.932917952537537 50.75867947191 7.1680741477757683 33.268868084996939 25.507721818983555 22.819667880423367 71.182714430149645 9.4064786508679372
leaf_count=61052 1072 30 569 134 123 517 243 530 42 5 21 206 34 3 32 34 45 12 332 66 197 1485 121 103 58 231 55 123 810 91
internal_value=-7.38342e-05 6.04182e-06 0.0156078 0.003179 0.0105845 -0.0163986 0.0259675 -0.0582421 0.0397923 -0.0176462 0.0483823 0.0585854 -0.0773903 -0.12516 -0.00704146 -0.089319 -0.154878 -0.00075798 0.000191689 -0.0156528 -0.0228178 -0.00417402 0.0451307 0.0620991 -0.0549973 -0.0726209 0.0231069 -0.083393 -0.101718 -0.0364086
internal_weight=9471.43 9465.94 441.909 323.928 310.69 161.495 80.2465 81.2489 149.194 53.5212 142.889 132.167 10.7218 12.8299 29.1849 12.2316 6.30513 9024.03 8483.16 540.872 483.838 306.35 57.0333 60.6399 177.489 144.813 32.6758 136.678 113.858 42.6753
internal_count=68376 67304 2568 1999 1865 1421 369 1052 444 522 369 314 55 126 108 66 75 64736 61384 3352 3165 1785 187 300 1380 1267 113 1255 1132 322
is_linear=0
shrinkage=0.1


Tree=68
num_leaves=31
num_cat=0
split_feature=5 14 2 5 17 18 19 9 18 8 3 7 10 5 10 14 14 5 19 19 10 6 9 17 6 9 12 8 6 7
split_gain=10.3154 31.5941 40.9785 37.3369 32.1648 28.4762 25.8594 21.6791 20.0357 49.046 33.5559 37.2676 47.7973 36.7397 57.0811 52.1271 49.7751 37.2151 33.4454 32.823 31.8357 28.8854 32.4007 32.8535 28.3106 53.516 33.0288 37.8464 34.3638 50.8162
threshold=0.0081864026916272595 0.0096977162174880522 1.1253681759750506e-10 0.0072585819994155218 0.10673384232954546 0.64745975994843663 0.82147011160850536 0.0023350265680105124 0.35752442199736839 8.1850740041969443e-12 0.12411644923655975 0.031053263265330814 2.8647663593292241 0.013791283278104615 2.2619801759719853 0.0043420935980975637 0.011037664022296669 0.016952518334447126 1.6929099559783938 4.1502408981323251 1.3645406961441042 6.4359422440335951e-11 0.022765501371890328 0.073441938920454572 5.9451724197924945e-11 0.034351457612658655 0.2555661946535111 1.2807755518921894e-10 1.1824437894889528e-10 0.058467757529272447
decision_type=2 2 2 2 2 2 2 2 2 2 2 2 2 2 2 2 2 2 2 2 2 2 2 2 2 2 2 2 2 2
left_child=1 2 3 -1 7 -6 -5 -4 -2 -10 13 -12 -13 16 15 -15 20 19 -19 21 -11 22 23 -17 -16 -26 -27 -28 -29 -30
right_child=8 -3 4 6 5 -7 -8 -9 9 10 11 12 -14 14 24 17 -18 18 -20 -21 -22 -23 -24 -25 25 26 27 28 29 -31
leaf_value=-0.015759591900482133 -0.00098885022004066613 -0.15944590617364673 0.068358654281765019 -0.00063010664638389093 0.095432885564930348 -0.047648517711419584 -0.17327198192256121 -0.12834284655728695 -0.141683215393543 -0.10816207541459427 0.1506270644247566 -0.21500580867525187 0.064419227725928577 0.12539875355003624 0.17076884733769582 0.16227002563810872 -0.12147410425193279 0.0071695692518341072 -0.10277319653288022 -0.14927689023285187 0.059268700005733199 -0.083503859178087197 0.12773234587215612 -0.093373413052517243 -0.12371030148351592 0.11972051363202006 -0.10464600430629858 0.1696902282555387 -0.15818675777109376 0.033679254869071563
leaf_weight=248.71457297750749 8060.961189921014 14.694249700754879 8.5534847122617084 12.612168207066132 72.877661777660251 17.190696599893272 27.80090803001076 16.243648106232285 19.77007943415083 11.882420878857372 38.317813970148563 7.4844361990690222 33.621987337246537 18.407468497753143 12.924174059182404 6.9306132458150413 17.657107193022966 35.719109541736543 122.78270307183266 12.174725328572093 256.57457003369927 17.871658248826861 32.637776447460055 18.302603554911911 23.998005294241011 37.143515665084124 22.639394162222743 16.550687793642282 14.865512389689682 193.32161320932209
leaf_count=4024 56777 191 137 207 166 98 269 308 639 86 50 61 83 29 34 23 183 301 1759 173 704 220 79 272 248 122 211 46 150 726
internal_value=-6.5036e-05 -0.0154098 -0.0101708 -0.0302451 0.0403582 0.068124 -0.119394 -0.0604929 0.000646243 0.0142122 0.0174504 0.0796785 0.013543 0.0117849 -0.00255131 -0.0369283 0.041161 -0.0490541 -0.0779971 0.00312562 0.0518579 0.0276225 0.0619404 -0.0231578 0.0257708 0.0196967 0.0317924 0.0185901 0.0310045 0.0199791
internal_weight=9451.23 418.687 403.993 289.128 114.865 90.0684 40.4131 24.7971 9032.54 971.578 951.808 79.4242 41.1064 872.384 586.27 264.827 286.114 246.419 158.502 87.9174 268.457 75.7427 57.871 25.2332 321.443 308.519 284.521 247.377 224.738 208.187
internal_count=68376 5400 5209 4500 709 264 476 445 62976 6199 5560 194 144 5366 4393 2856 973 2827 2060 767 790 594 374 295 1537 1503 1255 1133 922 876
is_linear=0
shrinkage=0.1


Tree=69
num_leaves=31
num_cat=0
split_feature=2 15 9 5 3 5 19 4 19 6 12 3 1 19 14 18 12 13 8 17 17 17 13 18 14 10 11 3 12 5
split_gain=10.2831 37.0294 34.7108 23.835 21.1439 26.2553 22.2149 20.0849 16.7747 15.8476 15.2651 14.8077 14.5661 27.211 15.5863 14.2582 14.1688 13.5326 19.4547 13.3789 13.2566 13.2389 36.004 27.993 34.5819 40.0161 33.6186 26.1565 24.7615 22.9364
threshold=2.4837892290276324e-11 1.5489404177060354e-05 0.0028576276840439588 0.028729716757905987 0.011154955965416579 0.0081864026916272595 0.2443826571106911 6.7207327574660621e-12 0.12689319998025897 8.4715285303810606e-12 0.36094008386135107 0.013678380105483621 0.074880552881041854 1.4122953414916994 0.007292698835954071 0.2372882658277046 0.089131485670804991 1.3849918842315676 5.6009251529099813e-11 0.067138671875000014 0.091597123579545456 0.15698242187500003 1.4799531698226931 0.74387089541943918 0.0095065557397902029 2.0712869167327885 1.0521847837452471e-09 0.02320491981130007 0.27020376920700079 0.0178984753864742
decision_type=2 2 2 2 2 2 2 2 2 2 2 2 2 2 2 2 2 2 2 2 2 2 2 2 2 2 2 2 2 2
left_child=2 19 -1 4 5 8 15 -3 -4 -7 20 -9 13 -13 -15 16 -6 -11 -19 -2 -8 -14 -23 24 25 29 27 -26 -28 -24
right_child=1 7 3 -5 6 9 10 11 -10 17 -12 12 21 14 -16 -17 -18 18 -20 -21 -22 22 23 -25 26 -27 28 -29 -30 -31
leaf_value=-0.11308650518023185 0.097034307884332399 -0.10108171256962949 0.11586097527453819 -0.12163232698764868 0.12922854798951428 -0.31209839088257341 0.14833395016810233 -0.19046499271988288 -0.11393999012779664 0.094137196649660304 -0.14565570864015007 -0.10379087817335118 -0.00078386478066445073 0.087923861909349837 -0.1404004363926683 0.14304811965469383 -0.14508610097448069 -0.24915870299161791 0.046113455930575475 -0.11501862039825095 0.054588806906878645 -0.067636100225687792 0.059272166172889322 -0.072021299558102506 0.067875898907212615 0.28487977422935107 -0.21360830365524022 -0.13724252510602836 0.018836663660863808 -0.093150544591563009
leaf_weight=18.841060026898049 3.2429137080907813 19.708939021220431 3.617384108714762 10.362277889391406 2.2374574132263687 1.2301575914025296 16.612843595445156 4.0809856946580103 26.064367771614343 24.480116192251444 3.5682357586920253 35.19694533245638 8257.5762973099481 15.560640550917016 3.7008350444957605 2.8650438990443936 11.883525673882103 3.1553659774363023 7.6203762926161289 36.056587984436192 163.98080344963819 51.517004133318551 168.88006596267223 32.256172376684844 8.2261543050408346 7.5834383219480506 4.6305385939776889 25.451994770206511 445.1620988631621 10.485444309189914
leaf_count=1534 6 445 41 461 4 11 29 48 603 32 49 1247 55798 75 56 7 319 28 38 1206 894 1918 434 201 32 6 47 435 2277 95
internal_value=-6.54542e-05 -0.000660717 0.0182617 0.0271739 0.0329423 -0.0160937 0.0490727 -0.000241957 -0.0859336 0.0407217 0.0591655 -2.28414e-05 6.28824e-05 -0.0514993 0.0440544 -0.0603527 -0.101621 0.0530324 -0.0403485 -0.0975205 0.0632124 0.000374474 0.013057 0.0189731 0.0233511 0.0598748 0.00922808 -0.0871407 0.0164437 0.0503618
internal_weight=9425.84 9129.32 296.519 277.678 267.316 66.1678 201.148 9090.02 29.6818 36.486 184.162 9070.31 9066.23 54.4584 19.2615 16.986 14.121 35.2559 10.7757 39.2995 180.594 9011.77 754.193 702.676 670.42 186.949 483.471 33.6781 449.793 179.366
internal_count=68376 64326 4050 2516 2055 753 1302 63114 644 109 972 62669 62621 1378 131 330 323 98 66 1212 923 61243 5445 3527 3326 535 2791 467 2324 529
is_linear=0
shrinkage=0.1


Tree=70
num_leaves=31
num_cat=0
split_feature=19 13 1 9 5 14 7 12 1 14 15 12 15 8 13 1 13 5 13 6 14 19 8 19 15 19 9 17 3 19
split_gain=10.3578 17.3904 35.6886 14.7582 14.8914 24.7515 11.5275 35.8265 25.6097 19.27 39.5181 16.2063 15.1291 13.6543 26.5166 13.0741 34.7092 22.5435 17.4727 40.2182 30.0103 43.5578 26.156 30.0228 22.3891 24.3538 41.8155 32.4581 29.7166 16.833
threshold=-0.18245410174131391 1.7246841192245486 0.57332066998907605 0.0023887838093476911 0.030197442889471047 0.0067215450108051309 0.0048613274781067663 0.10477142781019212 0.66039349883395826 0.0060987016186118135 0.00010519588977331297 0.076473310589790358 4.5779363063047647e-05 6.4196869539434736e-12 1.2995185256004336 0.60761381522910396 3.1636465787887578 0.0081864026916272595 3.1636465787887578 3.3381492489223269e-11 0.013794783502817156 0.51286837458610546 3.1542692867100218e-11 0.39015735685825353 9.9027925898553817e-05 0.2023858726024628 0.010504615337027271 0.070245916193181837 0.099782448556272815 -0.050667546689510339
decision_type=2 2 2 2 2 2 2 2 2 2 2 2 2 2 2 2 2 2 2 2 2 2 2 2 2 2 2 2 2 2
left_child=1 3 -3 -1 -5 -6 7 9 12 13 -11 -8 -9 14 -2 16 29 -17 19 -19 21 22 -21 -24 -20 -26 -27 28 -28 -13
right_child=6 2 -4 4 5 -7 11 8 -10 10 -12 15 -14 -15 -16 17 -18 18 24 20 -22 -23 23 -25 25 26 27 -29 -30 -31
leaf_value=-0.071487092110814707 0.080138692614727128 -0.17834981852323362 0.032466974448322972 0.10534744144281279 -0.15295807954798041 0.096284670833456973 -0.12108375602440664 0.072713645365891977 0.12517187010712227 -0.15007399696356072 0.11334432815238044 -0.031466649627482184 -0.13473920415929361 0.10750803062357908 -0.11441811582320045 -0.15571174554989325 -0.086789587378133415 0.057526489587013556 0.11865844832085251 0.01377708695155078 0.047028799233615318 -0.28845086719363294 -0.31039134609719499 0.030749575778647672 0.095260987636658509 0.09437622111666992 -0.14728628417221876 -0.013596888277023267 -0.5481856789935361 0.00055694294738905506
leaf_weight=7.5628546972293398 17.764817884424705 10.711475196760146 32.077981626614928 46.45330114569515 6.722448997199538 9.7821397939114814 11.043319910066201 3.8312016085255882 4.7915869057178488 16.416518969461325 8.7203518375754339 167.30293577350676 42.647480578161776 22.096380370203406 11.566232762997968 6.8786558592692009 46.372202661819756 65.673259120434523 38.406435685232282 22.654585238546133 19.977260680869222 9.6468157321214658 6.5196553040295822 4.2690011709928513 29.297893961891532 18.175591889768839 7.874190244823696 15.93974259123206 2.4163590501993895 8689.2515062483144
leaf_count=98 108 130 134 113 46 37 150 168 5 184 8 2055 624 71 838 98 392 150 58 70 57 92 64 11 57 52 75 73 33 62325
internal_value=-6.49332e-05 0.0299866 -0.0203067 0.0605029 0.0763582 -0.00523386 -0.000431491 -0.0302534 -0.0949465 0.0130676 -0.0586903 -1.53819e-05 -0.117639 0.0481416 0.00341831 0.000130727 -0.000499799 0.0227906 0.0278886 0.00275411 -0.0542815 -0.101251 -0.047252 -0.175404 0.0567516 0.0244924 -0.0221989 -0.102977 -0.241423 -4.79922e-05
internal_weight=9402.84 113.31 42.7895 70.5207 62.9579 16.5046 9289.53 127.835 51.2703 76.5643 25.1369 9161.7 46.4787 51.4274 29.3311 9150.66 8902.93 247.729 240.851 128.741 63.0673 43.0901 33.4432 10.7887 112.11 73.7038 44.4059 26.2303 10.2905 8856.55
internal_count=68376 558 264 294 196 83 67818 2006 797 1209 192 65812 792 1017 946 65662 64772 890 792 444 294 237 145 75 348 290 233 181 108 64380
is_linear=0
shrinkage=0.1


Tree=71
num_leaves=31
num_cat=0
split_feature=12 9 11 3 13 9 5 7 12 1 3 17 10 8 1 1 5 13 2 14 6 12 5 2 18 18 6 19 15 7
split_gain=9.73072 28.2885 29.232 51.1845 32.956 27.279 34.4581 40.0513 27.1283 26.9832 22.9892 23.8446 21.4883 26.0649 20.8013 20.735 26.3218 25.2129 20.3267 32.6807 30.9723 28.7615 26.9577 22.7939 21.6624 25.3193 19.4449 19.164 23.1056 18.7017
threshold=0.50046998262405407 0.14706966230285876 6.0633675857957323e-09 0.066687813765799978 2.7838071584701543 0.10165623504402015 0.033794113034275056 0.12768132421117392 0.38581334054470068 0.50435477775095483 0.10089267603753843 0.14934747869318185 4.0180885791778573 4.5636865905044797e-10 0.63755003077714056 0.35998264781402117 0.042919621721912549 2.2741398811340336 1.0851954979160945e-10 0.019704962149262432 3.6431831676369592e-10 0.48192711174488073 0.027793551620239162 4.2250796646836874e-10 1.0000000180025095e-35 0.21267980230252517 1.7029136167091162e-09 1.3716341257095339 9.5498657174175619e-05 0.068546386564172432
decision_type=2 2 2 2 2 2 2 2 2 2 2 2 2 2 2 2 2 2 2 2 2 2 2 2 2 2 2 2 2 2
left_child=5 2 3 -2 -4 8 7 29 -1 18 11 -3 13 -13 -11 16 17 -5 24 21 23 -20 -22 -21 -10 -26 -14 -24 -29 -7
right_child=1 10 4 15 -6 6 -8 -9 9 14 -12 12 26 -15 -16 -17 -18 -19 19 20 22 -23 27 -25 25 -27 -28 28 -30 -31
leaf_value=0.0002688936450823805 -0.14137589061634431 -0.12468878788468354 -0.14853339847437988 -0.16979640952177852 0.085963512248767956 -0.17076117691788695 0.066546624476092817 -0.13270664481430164 -0.12806336307210184 -0.25064906484409821 0.071443036874475424 0.11608112004204592 0.046241090513061654 -0.11926923457489301 0.06310971563408628 0.11802644463915879 0.083028632854626416 0.1697365855708298 -0.1362434669753281 -0.1429770916939069 -0.16806386360809011 0.065523453757136668 0.063546924808293062 0.094738761500878788 0.12423785292570033 -0.13154028114965652 -0.075806605286691309 -0.20497115223789175 0.028953764295422464 0.021969325535206446
leaf_weight=8552.7919228600804 22.072829718701541 16.669284146279097 41.841621547937393 11.92790463473648 6.9951828606426707 5.1798027185723177 139.1932481918484 19.906865634955466 6.1118119703605762 9.5847110934555513 42.621219947235659 5.8874852759763625 78.626436164602637 23.443754317471758 2.7105432450771323 20.714362874627113 14.386981286108492 2.678088665008544 46.202394168823957 4.6278738789260379 15.280722191557286 8.3403479717671853 17.855251528322697 31.4170788731426 22.521755696274344 4.6731484569609156 15.652903502807019 8.234474219381811 8.6663519404828531 179.81369319092482
leaf_count=62184 295 310 480 124 16 66 326 334 101 94 117 20 250 1431 9 32 22 1 518 61 129 31 57 65 112 67 130 69 35 890
internal_value=-5.43736e-05 -0.0176678 -0.0552616 -0.014655 -0.114945 0.000534189 0.0281521 0.0020698 -0.000553248 -0.0383116 0.00712408 -0.0124179 0.00272215 -0.0720288 -0.18148 0.0416162 -0.0129761 -0.107541 -0.028191 -0.0448282 -0.00645505 -0.10539 -0.0573657 0.064218 0.042053 0.0802852 0.0259779 -0.0086966 -0.0850199 0.0165729
internal_weight=9386.63 303.518 120.617 71.7802 48.8368 9083.11 344.094 204.9 8739.02 186.226 182.901 140.28 123.611 29.3312 12.2953 49.7073 28.993 14.606 173.931 140.624 86.0818 54.5427 50.0368 36.045 33.3067 27.1949 94.2793 34.7561 16.9008 184.993
internal_count=68376 3228 970 474 496 65148 1616 1290 63532 1348 2258 2141 1831 1451 103 179 147 125 1245 965 416 549 290 126 280 179 380 161 104 956
is_linear=0
shrinkage=0.1


Tree=72
num_leaves=31
num_cat=0
split_feature=17 5 3 14 13 6 14 3 6 13 8 15 19 8 3 2 0 13 17 17 19 10 4 3 8 10 2 1 13 12
split_gain=9.3582 40.9146 33.8006 40.7785 44.4185 37.0606 34.0311 44.4063 35.5966 31.9496 42.4341 39.0862 41.5786 34.1061 45.8164 49.8772 55.078 39.382 31.1712 38.9322 31.1315 29.9449 29.7338 29.4144 28.7975 31.5999 28.383 30.8952 77.2532 63.2876
threshold=0.094748757102272749 0.014010002369822066 0.05872685029338201 0.00562206655740738 1.2504246234893801 4.8947946406713534e-11 0.012583638541400434 0.093823248945029178 2.9374785242472387e-10 3.1636465787887578 2.1235516768273077e-11 8.3236704085720717e-05 0.028608113527297977 1.8679648619815727e-11 0.096426158389516681 2.2950835597531944e-10 2.4563866203081662e-10 1.2052145004272463 0.07091175426136366 0.084272904829545456 0.32012981176376348 2.4625426530838017 6.7528777772614089e-11 0.099187184754716842 4.0703430553071345e-11 2.5815370082855229 1.3326994146424017e-09 0.21503917874904202 1.2813360095024111 0.14943784475326541
decision_type=2 2 2 2 2 2 2 2 2 2 2 2 2 2 2 2 2 2 2 2 2 2 2 2 2 2 2 2 2 2
left_child=1 9 3 -3 -5 -6 8 -8 26 10 13 12 21 14 15 16 17 -1 -14 23 -11 -12 -9 -20 -25 -26 27 28 29 -4
right_child=-2 2 6 4 5 -7 7 22 -10 20 11 -13 18 -15 -16 -17 -18 -19 19 -21 -22 -23 -24 24 25 -27 -28 -29 -30 -31
leaf_value=-0.20042356345425905 -0.0035782477200350677 0.010258228158800465 0.019114387724755849 -0.21715788546289111 0.093532360764201794 -0.067318086118568571 -0.09434108761100457 -0.17893064972295941 -0.12833851180503555 0.094463794510594112 -0.14573188987113714 -0.22886886708364079 -0.14537107028784751 0.099205090846208266 -0.1071346357381433 0.078823897328389902 -0.10356918678527437 0.047143478048897479 -0.12732276158839134 -0.14640417809199399 -0.069908795770302609 0.10061542444083738 0.042038539581283278 0.18008439731033227 -0.15810360853918426 0.07247913816361623 -0.10042410941208305 0.0045186361552700212 -0.12045608201571459 -0.072554741935028297
leaf_weight=7.0794383320026091 4176.2371017411351 361.75149184418842 277.64960681274533 5.2470536306500426 151.48960719257593 15.81998232193291 26.916561326012015 6.1886818185448638 21.615837366785854 39.600984504446387 6.2608399577438858 14.699325973168014 49.227244884707034 26.246744891628623 49.059586086077616 57.867224645800889 60.133325267233886 69.570840445696376 12.256904726848004 24.453786708880216 16.25070587079972 23.288863606750965 380.28374074492604 11.859816662967203 9.1133637838065642 17.086491703987122 27.735096577554941 3248.7102338047698 69.412725398316979 103.34653624193743
leaf_count=147 36356 1766 937 50 278 176 260 57 196 88 85 155 531 114 2187 267 1503 1130 179 303 105 38 1116 25 91 40 153 18066 1080 897
internal_value=-5.44675e-05 0.00278089 0.00566069 0.0293383 0.0693382 0.0783231 0.00262091 0.0298506 -0.000382034 -0.0245926 -0.0336713 -0.0730892 -0.0581762 -0.00910472 -0.0207693 0.000998124 -0.0319266 0.0242781 -0.0835791 -0.0428966 0.0466377 0.0484206 0.0385001 0.00740797 0.0507972 -0.00772682 0.000360117 0.00111577 -0.0234284 -0.00575118
internal_weight=9366.46 5190.22 4696.17 534.308 172.557 167.31 4161.86 413.389 3748.47 494.055 438.204 168.247 153.547 269.957 243.71 194.651 136.784 76.6503 123.998 74.7704 55.8517 29.5497 386.472 50.3166 38.0597 26.1999 3726.85 3699.12 450.409 380.996
internal_count=68376 32020 25032 2270 504 454 22762 1433 21329 6988 6795 1447 1292 5348 5234 3047 2780 1277 1169 638 193 123 1173 335 156 131 21133 20980 2914 1834
is_linear=0
shrinkage=0.1


Tree=73
num_leaves=31
num_cat=0
split_feature=9 12 19 10 13 5 3 7 3 3 8 0 3 3 12 7 12 13 13 13 7 7 3 14 6 14 13 13 17 3
split_gain=9.48726 36.5237 37.2151 43.0835 39.7997 38.5848 38.905 37.9723 37.6794 36.9365 35.2894 38.8723 40.6537 35.1711 34.7174 32.527 35.7774 48.4416 32.2814 61.1989 49.491 48.3248 31.6819 36.6895 86.5764 50.2013 60.4759 34.4602 33.2409 31.0757
threshold=0.0055017836209872275 0.13198628276586535 0.29899549484252935 2.3167583942413335 1.1325405240058901 0.019031536198939811 0.10658620732613648 0.0097334576286366766 0.10089267603753843 0.089746111008645282 1.0385750967964274e-11 1.1407229538724414e-10 0.093823248945029178 0.13760615548032409 0.13024693727493289 0.026757122336513516 0.15826665610075 1.2468338012695315 1.4653566479682925 1.2468338012695315 0.0065466801488509177 0.0083408817384387681 0.025389444325146487 0.0058386232703924188 2.1967453616382864e-11 0.0053700346034020194 1.3039345741271975 1.5836893916130068 0.04600941051136364 0.10526709550747836
decision_type=2 2 2 2 2 2 2 2 2 2 2 2 2 2 2 2 2 2 2 2 2 2 2 2 2 2 2 2 2 2
left_child=1 2 9 4 -4 6 -6 8 -7 22 11 -2 -13 -10 -14 16 18 -18 19 -3 -21 -20 -1 25 27 26 -24 -25 -29 -12
right_child=10 15 3 -5 5 7 -8 -9 13 -11 29 12 14 -15 -16 -17 17 -19 21 20 -22 -23 23 24 -26 -27 -28 28 -30 -31
leaf_value=-0.085525087791362878 -0.092612007958454867 0.0043871284726355849 -0.15937398354229249 -0.022759233114098804 0.0075384232667727313 0.031507278534939363 -0.10891053738850216 0.018875796371044834 0.11891205733537467 -0.033771867201241902 -0.0060254238060943391 0.032612641055977741 -0.27470174039565193 -0.12161193341609076 -0.028552283198298459 0.023740253674209871 -0.10934706658068379 0.025810444073999485 -0.13020072921137016 0.086662775730852071 -0.12290578607302888 0.0033176551253475358 0.047991865501702577 0.091678766662926792 0.059111547435991202 0.094928709958709334 -0.097000612529766411 -0.073066482484931083 -0.22797049928774729 0.0093784744702263209
leaf_weight=33.948536837939173 28.420828497037292 69.613661504117772 11.722700373269616 255.10987836215645 161.2104301918298 142.99717084504664 34.901549965376034 440.80132433539256 118.92434843536466 447.27869210625067 3755.0052347828168 694.05342546431348 6.7001497633755198 6.4070493234321466 39.570187164470553 119.41668800357729 31.907131916377693 156.99759835749865 32.574660436948761 12.166848463821223 152.65218316274695 161.50995555962436 87.753483522683382 9.9032665565609914 75.902498703449965 98.846931522712111 42.795884718885645 65.925326889380813 17.538526646792889 2011.085078452772
leaf_count=1048 672 478 236 1523 2820 518 1800 2142 373 4621 31829 2934 67 159 316 475 314 1088 487 218 2578 886 302 13 153 202 671 452 165 8836
internal_value=-5.35371e-05 -0.00493653 0.00192118 0.0135896 0.0237023 0.0260731 -0.0131857 0.0369302 0.0665893 -0.0136219 0.00203033 0.0221562 0.0265621 0.106616 -0.0641958 -0.0240341 -0.0332742 0.00298154 -0.0492569 -0.0742303 -0.107436 -0.0190917 0.00721109 0.0151081 -0.0202078 0.0411674 0.00046133 -0.0846902 -0.105617 -0.000652884
internal_weight=9323.64 2788.81 2051.97 1172.07 916.965 905.242 196.112 709.13 268.329 879.893 6534.83 768.745 740.324 125.331 46.2703 736.839 617.422 188.905 428.517 234.433 164.819 194.085 432.614 398.666 169.27 229.396 130.549 93.3671 83.4639 5766.09
internal_count=68376 23722 17198 9571 8048 7812 4620 3192 1050 7627 44654 3989 3317 532 383 6524 6049 1402 4647 3274 2796 1373 3006 1958 783 1175 973 630 617 40665
is_linear=0
shrinkage=0.1


Tree=74
num_leaves=31
num_cat=0
split_feature=2 15 9 5 3 5 19 4 17 19 3 6 5 19 18 17 0 19 18 18 15 6 10 14 5 6 3 13 12 5
split_gain=10.162 31.5283 29.6377 20.217 17.672 22.3778 17.2381 16.7811 16.3563 13.9496 12.4017 12.2831 19.8943 17.6218 12.5035 23.3019 12.2291 15.7664 12.0068 11.4004 11.3685 37.1773 56.7865 46.207 47.0477 41.7301 34.8025 41.6895 84.6003 63.6074
threshold=2.4837892290276324e-11 1.5489404177060354e-05 0.0028576276840439588 0.028729716757905987 0.011154955965416579 0.0093070995991650831 0.2443826571106911 6.7207327574660621e-12 0.20132723721590912 3.4801499843597417 0.013678380105483621 3.899616759436571e-11 0.0093070995991650831 2.9199494123458867 0.39165686578913178 0.17575905539772732 9.1253831846525488e-11 1.4786562323570254 0.10725274290466175 -0.038232092872600661 4.769920997205191e-05 1.2404813313677054e-10 2.5685323476791386 0.010278165806084873 0.022496927679730556 1.3787267020272544e-10 0.066687813765799978 1.7916468977928164 0.12017009779810907 0.027566423964561038
decision_type=2 2 2 2 2 2 2 2 2 2 2 2 2 2 2 2 2 2 2 2 2 2 2 2 2 2 2 2 2 2
left_child=2 -2 -1 4 5 8 18 9 -4 -3 -9 14 13 -13 -8 -16 17 -12 -6 -10 21 22 -18 -23 -25 -26 -22 28 -28 -30
right_child=1 7 3 -5 6 -7 11 10 19 -11 16 12 -14 -15 15 -17 20 -19 -20 -21 26 23 -24 24 25 -27 27 -29 29 -31
leaf_value=-0.11186183641747345 -0.09369341741682298 -0.13743470277102465 -0.12636916602360113 -0.12077743864965929 -0.1389165697225769 0.049513463358874514 0.078884330572496636 -0.17866158004928265 0.076631243649526781 0.07873585864445512 -0.11227119517601905 -0.18054706316492522 0.06110151409312542 0.037748876233219535 -0.17832746921913872 0.08568255199566574 0.0013164671662606719 0.045921106112248117 0.037592496515404313 -0.12187851803811134 -0.034559555576057513 0.072646893259136466 -0.12756171525996579 -0.05544577401493278 -0.14591434158897626 0.035842719246314214 0.005096730850873317 0.0056704441963240683 -0.11962543099323718 -0.02872892425626038
leaf_weight=16.422281074570492 36.263247019611299 15.078701810445638 20.343636002391577 9.0045410816092026 8.0963367541553435 29.436151027679443 126.87363429414108 3.8863076686393461 9.3796708704903704 3.7220129126217207 20.657039962010462 8.4246338475495559 24.814758997410536 6.5910199955105773 5.6130832084454587 8.2666396796703321 4523.6816757547203 9.0651781125925464 7.354658138472586 4.1833440689370027 337.658971110126 162.35717636719346 34.449372003786266 87.448611004743725 13.211216000840066 288.03590393159539 559.86088536307216 2542.586321570212 111.96516715548933 246.42842424311675
leaf_count=1534 1212 412 460 461 262 85 626 48 62 33 864 122 76 26 108 14 36258 62 68 146 3272 632 341 1171 152 1356 3959 11498 991 2065
internal_value=-4.95915e-05 -0.000638338 0.0185476 0.0265274 0.0316412 -0.014278 0.0464786 -0.000261726 -0.0696587 -0.094639 -6.32801e-05 0.0551526 0.00612547 -0.0847275 0.0690263 -0.0210854 1.43809e-05 -0.0640231 -0.0548984 0.0154034 0.000228054 0.0033084 0.000342434 0.0278419 0.00912701 0.0278717 -0.00391518 -0.000925339 -0.0191886 -0.0571258
internal_weight=9281.16 8996.36 284.804 268.382 259.378 63.3428 196.035 8960.09 33.9067 18.8007 8941.29 180.584 39.8304 15.0157 140.753 13.8797 8937.41 29.7222 15.451 13.563 8907.68 5109.18 4558.13 551.053 388.696 301.247 3798.5 3460.84 918.254 358.394
internal_count=68376 64326 4050 2516 2055 753 1302 63114 668 445 62669 972 224 148 748 122 62621 926 330 208 61695 39910 36599 3311 2679 1508 21785 18513 7015 3056
is_linear=0
shrinkage=0.1


Tree=75
num_leaves=31
num_cat=0
split_feature=17 4 8 6 12 17 12 9 7 14 12 5 14 9 10 8 12 13 7 8 10 5 13 3 7 9 19 18 12 10
split_gain=9.34888 35.7896 29.3592 28.9011 26.9066 38.4691 23.9156 26.5999 27.6199 37.2372 38.9692 19.2651 39.6067 53.3304 38.3234 36.4807 40.9532 34.5031 31.0889 36.5323 32.1012 30.5788 29.0888 46.9811 29.0481 33.3358 28.2664 38.5209 26.6323 29.499
threshold=0.15591708096590912 1.6340772656389654e-11 2.1235516768273077e-11 2.8432613251652697e-11 0.11835527792572977 0.12746360085227273 0.24999680370092395 0.014322312444358217 0.01812555225828277 0.0079799317754805105 0.17119246721267703 0.0081864026916272595 0.010585645679384472 0.068920456955362433 1.5605634450912478 4.0703430553071345e-11 0.19345698505640033 1.500039875507355 0.050927646958368281 2.6593996580555166e-10 2.7265409231185918 0.020909604416083773 1.5603104233741762 0.02157242192384003 0.089686711596682497 0.13825822572441052 4.1502408981323251 0.12493918918136677 0.3082288801670075 2.0664452314376835
decision_type=2 2 2 2 2 2 2 2 2 2 2 2 2 2 2 2 2 2 2 2 2 2 2 2 2 2 2 2 2 2
left_child=1 4 -2 -4 -1 -6 7 -7 -9 10 -10 14 15 26 22 16 -13 -15 -19 -20 -21 -22 23 -5 -23 -26 -14 -28 29 -17
right_child=2 -3 3 11 5 6 -8 8 9 -11 -12 12 13 17 -16 28 -18 18 19 20 21 24 -24 -25 25 -27 27 -29 -30 -31
leaf_value=0.015434623158216402 -0.12773180048456828 2.5188462938215147e-05 0.095524206355872499 -0.0017748262329941823 -0.10726809663520807 -0.12819341749386656 -0.21931876220952315 0.10577312384208806 0.042665718774308872 0.14391584443850999 -0.15515434723966626 0.070067709952948157 -0.12409726609911163 -0.12115228532009813 -0.17097836461127533 0.0529578984151906 -0.23339757931113392 0.15492311312514273 -0.080648278512319066 0.18044595147675638 -0.1232599673592048 0.08304239671457235 0.057004345066992361 -0.1664913031329617 -0.073966118973674777 0.024914216988289443 0.11684735626840592 -0.15176117218223861 -0.054579487132130955 0.16558613974309044
leaf_weight=67.511375850997865 15.374096086714415 8054.5760083846981 39.300123980268836 79.995434059761465 85.553326826426201 14.264926359639501 5.4086449313908807 25.391500945203006 18.127696683630347 10.697593271732329 22.096717504784465 8.3446747735142726 49.322800952941179 18.592244776693406 15.8036592900753 195.6616628812626 9.5208730231970531 15.971144094131885 37.832615463063121 12.479008877649902 14.830248209647833 64.925242668949068 47.933004200458527 22.09986343421042 41.402507321094163 193.17390041425824 13.598518855869772 8.7900654170662147 19.84059214219451 26.39151076041162
leaf_count=2219 375 56325 83 767 1617 425 49 93 58 14 181 14 683 1561 202 684 122 32 521 34 275 164 131 300 289 763 35 93 191 76
internal_value=-5.3535e-05 -0.00112924 0.00933716 0.011589 -0.0384647 -0.0585088 -0.0150496 -0.00285221 0.0205772 -0.0219044 -0.066004 0.00790957 0.0148932 -0.00239838 -0.0228611 0.0462411 -0.0916544 0.0118646 0.0183622 0.0123809 0.0231502 0.0169056 -0.00725879 -0.0374299 0.0238461 0.00746193 -0.0817982 0.011388 0.0564256 0.066344
internal_weight=9254.81 8303.63 951.184 935.81 249.052 181.54 95.9871 90.5784 76.3135 50.922 40.2244 896.51 730.678 470.918 165.832 259.759 17.8655 399.207 380.615 364.644 326.811 314.332 150.028 102.095 299.502 234.576 71.7114 22.3886 241.894 222.053
internal_count=68376 60981 7395 7020 4656 2437 820 771 346 253 239 6937 5537 4450 1400 1087 136 3639 2078 2046 1525 1491 1198 1067 1216 1052 811 128 951 760
is_linear=0
shrinkage=0.1


Tree=76
num_leaves=31
num_cat=0
split_feature=14 8 11 5 19 14 6 13 13 10 8 6 4 5 5 8 19 9 17 8 14 7 12 13 12 2 4 6 7 7
split_gain=9.5794 86.5684 73.0178 38.6661 38.3196 33.8988 63.1965 54.7855 49.4142 38.7779 37.3591 77.111 40.047 45.8529 50.5874 34.1452 45.7789 42.7319 97.4713 45.5883 44.4667 68.5725 68.8413 54.7782 54.3904 95.2959 66.1499 55.3352 48.4821 48.0644
threshold=0.0075659542344510564 4.4185919625373605e-11 4.4612269434196614e-09 0.014501729180596694 0.028608113527297977 0.0069994891528040179 6.264904993724507e-11 1.9383831024169924 1.3643588423728945 2.3167583942413335 1.3213213555395805e-11 2.9669633413262091e-11 9.9902265402987991e-11 0.034718807682698173 0.034101849605100952 3.546300067304337e-11 2.2941851615905766 0.01526120536453165 0.12431196732954546 2.0731793416260736e-11 0.0056979546789079913 0.0061886042450018551 0.10477142781019212 1.5836893916130068 0.14564755558967593 4.8265715995319057e-11 1.745129904768214e-10 1.2170122671050699e-11 0.02474235185705171 0.017174418231153721
decision_type=2 2 2 2 2 2 2 2 2 2 2 2 2 2 2 2 2 2 2 2 2 2 2 2 2 2 2 2 2 2
left_child=5 2 3 -2 -3 7 8 9 -7 15 11 -10 13 14 -12 17 -17 18 19 20 24 22 -22 -24 28 -26 27 -27 -1 -23
right_child=1 4 -4 -5 -6 6 -8 -9 10 -11 12 -13 -14 -15 -16 16 -18 -19 -20 -21 21 29 23 -25 25 26 -28 -29 -30 -31
leaf_value=0.0012759116108278226 0.011434387618335019 0.058846753773546957 0.019581141442099426 -0.10505872930390069 -0.0012884265001606937 -0.12178682465058373 -0.056327834971822234 -0.043925213090920186 -0.15857996562188403 -0.027712854890432154 0.044911180107841148 0.05947093241580953 0.11928415077375298 -0.13558974182968742 0.39516484440374283 -0.083950117347095621 0.013141999770484381 0.043162191217967001 -0.086280309337280092 -0.076407740153484296 0.077072734075389268 0.044052004768219633 0.077246203850518613 -0.077561627789922594 0.045413714565028566 0.094431072581666872 0.053559085544356823 -0.090636552254662703 0.048716919977917897 -0.017302501042569748
leaf_weight=1470.0596949408064 33.813762906938791 109.25967757432954 92.393265484832227 181.05248646019027 3514.3831123634882 18.189090540166944 79.732595690526068 268.14422037475742 25.743730179965496 385.39847272820771 286.17466107849032 43.830799765884876 84.440421890467405 13.958755584433673 4.1838922947645178 97.215310114901513 97.033158206380904 309.46437087096274 114.6639255596092 63.670967600308359 51.166452187113464 873.19626275170594 26.877956369891763 152.7932196566835 117.25249445287045 17.261069972999394 43.913875775411725 252.41288546123542 252.39916679635644 149.5501558734104
leaf_count=15376 531 1551 325 3291 20928 450 984 2029 217 2480 1455 99 79 204 9 1745 702 1601 2708 740 126 3134 56 1138 1189 100 141 3382 647 959
internal_value=-5.61403e-05 -0.00379653 -0.0547594 -0.0867261 0.000524763 0.0027187 0.0260733 -2.06095e-05 0.0398608 0.00261057 0.0462759 -0.0212115 0.0583538 0.0414472 0.0499581 0.00546868 -0.0354496 0.00750949 0.00443206 0.00742912 0.00899594 0.0239691 -0.0252608 -0.0544031 0.000279005 -0.0314989 -0.060257 -0.0787909 0.00822764 0.0350805
internal_weight=9229.63 3930.9 307.26 214.866 3623.64 5298.73 556.254 4742.47 476.521 4474.33 458.332 69.5745 388.758 304.317 290.359 4088.93 194.248 3894.68 3585.22 3470.55 3406.88 1253.58 230.838 179.671 2153.3 430.84 313.588 269.674 1722.46 1022.75
internal_count=68376 26626 4147 3822 22479 41750 3497 38253 2513 36224 2063 316 1747 1668 1464 33744 2447 31297 29696 26988 26248 5413 1320 1194 20835 4812 3623 3482 16023 4093
is_linear=0
shrinkage=0.1


Tree=77
num_leaves=31
num_cat=0
split_feature=5 8 10 12 7 19 12 1 4 18 13 1 12 14 4 15 6 2 19 1 0 13 14 5 14 6 12 3 14 7
split_gain=8.87679 15.9689 32.1061 17.2391 15.6919 16.9753 13.8967 17.3498 18.2765 17.921 13.6168 19.5209 18.2082 22.8345 22.7989 24.558 16.3682 15.5248 16.6373 15.3328 16.9212 12.6979 37.8955 27.8628 20.3204 25.2213 18.6281 18.3561 17.093 32.6969
threshold=0.068096993061163055 5.6637252594885499e-12 1.7915220260620119 0.14237104356288913 0.12289008703022121 1.0107427239418032 0.29260793328285223 0.39653786872861291 1.4939851303774276e-10 -0.51425855357030559 1.7298465371131899 0.23590476967444804 0.15279354900121692 0.0062129516154527673 1.4600339931569156e-10 3.1601099180988974e-05 4.7230421275816097e-11 1.5950337910667622e-10 0.71139284968376171 0.17043781252346066 3.0852140734454169e-10 1.1928146481513979 0.0047382928896695384 0.014593565700948245 0.0060987016186118135 2.2746174334225138e-11 0.1469489932060242 0.10462583095249563 0.0043906760402023801 0.01151230204490695
decision_type=2 2 2 2 2 2 2 2 2 2 2 2 2 2 2 2 2 2 2 2 2 2 2 2 2 2 2 2 2 2
left_child=21 2 -2 -3 5 10 7 8 -7 -10 11 12 16 19 -15 -16 -5 -13 -19 20 -14 22 23 -1 26 -26 27 -24 29 -23
right_child=1 3 -4 4 -6 6 -8 -9 9 -11 -12 17 13 14 15 -17 -18 18 -20 -21 -22 28 24 -25 25 -27 -28 -29 -30 -31
leaf_value=-0.18494981199720495 -0.011990533690955827 0.054614696886572667 -0.60835835701062524 -0.041517308779135537 0.071951931097265928 0.018867799994523701 -0.16902664141136842 0.10627678196080809 0.1236886397595069 -0.16817501306943808 0.082049465254981968 0.029212538119180717 -0.053301267367562459 0.081375433739814748 -0.14992936531071643 0.051651501093183311 0.0837214876160121 -0.16024841434712328 -0.00033691079348827172 -0.14173292898003156 0.11656993274697365 -0.010031006214229744 0.025071331095606744 0.0044778505860273805 0.1880700954385767 -0.16553517554133737 -0.15355212052508893 -0.18782840940551015 -0.0013146396556800422 0.035616372246425103
leaf_weight=8.0453865001909417 3.389530726009979 91.049020744860172 1.2304330244660375 13.098357450217007 32.00307753571542 15.383989243302493 8.7937171496450883 7.5651556979864827 2.4278737604618046 15.760477877222005 23.136003545485437 13.131987799424676 32.589359439443797 38.304807225242257 11.338841903023424 12.941235177684574 51.337206086143851 17.994932700414214 10.19061508681625 14.88323209621012 7.1506103053688994 278.29092524910811 14.664784700609745 222.75920428475365 5.3476855754852277 3.2387458719313145 36.069522147998214 5.5948195420205584 7808.2279084873153 359.79515005031135
leaf_count=171 47 204 18 62 346 98 78 32 3 238 104 52 295 141 209 133 98 270 76 175 11 5351 41 1169 2 53 427 41 56243 2188
internal_value=-5.66505e-05 0.0140792 -0.170821 0.0161175 0.00543217 -0.00175915 -0.0549221 -0.0305307 -0.0613587 -0.129216 0.0090272 0.0014499 0.015562 -0.00791305 0.0333224 -0.0424871 0.0582631 -0.0605911 -0.102432 -0.0551588 -0.0227355 -0.000741772 -0.02111 -0.00212522 -0.0886096 0.0546925 -0.110454 -0.0337223 -2.86452e-05 0.015708
internal_weight=9165.73 423.7 4.61996 419.081 328.031 296.028 49.9312 41.1375 33.5723 18.1884 246.097 222.961 181.644 117.208 62.5849 24.2801 64.4356 41.3175 28.1855 54.6232 39.74 8742.03 295.72 230.805 64.9156 8.58643 56.3291 20.2596 8446.31 638.086
internal_count=68376 2690 65 2625 2421 2075 449 371 339 241 1626 1522 1124 964 483 342 160 398 346 481 306 65686 1904 1340 564 55 509 82 63782 7539
is_linear=0
shrinkage=0.1


Tree=78
num_leaves=31
num_cat=0
split_feature=18 19 19 19 11 11 14 17 17 5 6 17 17 13 2 15 12 9 7 3 13 12 14 17 3 3 6 6 13 2
split_gain=8.47028 23.9077 18.5042 25.5695 22.5045 29.7016 24.526 26.9093 22.9004 23.8098 31.3031 23.7766 32.455 25.9856 22.8276 21.917 18.042 17.6989 21.2174 17.8086 16.5785 14.6648 14.5988 16.1511 24.7744 21.8481 29.4639 34.9169 18.0732 17.7341
threshold=-0.20466473535634574 5.3498435020446786 0.66551098227500927 0.27493295073509222 1.0082324974902692e-09 7.2917005766726117e-10 0.0075659542344510564 0.10584605823863637 0.039351029829545463 0.025305117747694662 8.6982532869531311e-11 0.13607510653409094 0.045299183238636374 1.8913457393646242 9.8492382269303944e-11 6.84663245920092e-05 0.11953386291861536 0.1231535946991688 0.084878544481167467 0.060538065955411086 2.063402652740479 0.12496520206332208 0.0050339882727712401 0.098876953125000014 0.092272142757280518 0.12411644923655975 4.8947946406713534e-11 5.3256171679857172e-11 1.9140521287918093 1.5597825267864e-10
decision_type=2 2 2 2 2 2 2 2 2 2 2 2 2 2 2 2 2 2 2 2 2 2 2 2 2 2 2 2 2 2
left_child=1 2 3 -1 5 6 7 -4 -6 10 11 12 -10 -14 -15 -12 -5 18 19 -11 -16 -18 -21 24 29 -26 -27 -28 -29 -24
right_child=-2 -3 4 16 8 -7 -8 -9 9 17 15 -13 13 14 20 -17 21 -19 -20 22 -22 -23 23 -25 25 26 27 28 -30 -31
leaf_value=-0.037297625698347672 -0.00089502904343973031 -0.1244127285956223 0.0200855546384201 0.10367078914102053 -0.22420617137606524 -0.11954145125689103 0.15495199240468835 -0.14748236413417992 0.10339204602747368 -0.092199924631684416 -0.17681381441793292 0.081441752364964815 -0.1377211565709057 0.096418819155445284 0.02589604851476986 -0.01304844431479321 -0.193747322444078 -0.15195664848383986 0.14113151403213905 0.084044864656013671 -0.1654855768267752 0.038554814683426329 0.0077099347042578203 0.075816551607589322 0.061622579931859073 -0.18894634848373248 0.14830572230640743 -0.19542672198216893 0.030358884060282948 -0.19391336440687701
leaf_weight=33.975059747695923 8490.5360484176781 12.80220146733336 34.00889945263043 55.858182527590543 4.0027066059410563 31.893162390217185 8.7668772432953102 13.343528740573673 16.034036105964333 11.190988548099993 17.8498764783144 32.201512325555086 23.602934801951051 13.995449433103202 8.7082645520567912 15.072951937094329 2.8049876168370238 4.9234652733430257 18.909848768264055 50.259208478033543 9.4253878295421583 87.123671491164714 7.7100537531077888 40.256546699441969 55.825269650667906 9.5485653914511186 11.286261297762396 7.4038213640451414 6.8024615272879601 10.047207364812492
leaf_count=204 64840 137 218 181 56 304 35 170 80 88 208 79 357 34 42 85 29 64 44 90 100 308 35 152 151 82 9 63 19 112
internal_value=-4.93759e-05 0.0109019 0.0135968 0.0408276 0.00302586 -0.0424821 0.00131145 -0.0271337 0.013705 0.0162714 -0.0168595 0.0100501 -0.0219834 -0.0580538 0.000472114 -0.101838 0.0590344 0.0356395 0.0396685 0.0305465 -0.073579 0.031309 0.0374444 0.0217129 0.00166183 0.0227736 -0.039118 0.0170021 -0.0873127 -0.10637
internal_weight=9146.17 655.633 642.831 179.762 463.069 88.0125 56.1193 47.3524 375.057 371.054 136.89 103.968 71.7661 55.732 32.1291 32.9228 145.787 234.164 229.24 210.33 18.1337 89.9287 199.139 148.88 108.624 90.8664 35.0411 25.4925 14.2063 17.7573
internal_count=68376 3536 3399 722 2677 727 423 388 1950 1894 985 692 613 533 176 293 518 909 845 801 142 337 713 623 471 324 173 91 82 147
is_linear=0
shrinkage=0.1


Tree=79
num_leaves=31
num_cat=0
split_feature=9 12 13 19 12 6 13 14 12 8 3 14 17 13 13 17 7 8 14 7 13 14 14 8 13 14 9 13 18 18
split_gain=8.24402 31.1912 29.3399 50.1384 39.1901 69.6064 46.2585 35.1271 33.8951 29.2935 35.731 30.5171 44.3507 36.6215 31.9035 34.7556 28.7172 30.5604 47.3497 34.9345 49.8737 45.3455 41.4454 33.2211 34.8724 34.2117 34.9361 32.6943 33.8763 31.7321
threshold=0.0055878469288498543 0.13641636073589328 1.3991635441780093 0.76833215355873119 0.16775546967983249 3.627894813062253e-11 1.2468338012695315 0.0064647619146853694 0.18944564461708072 1.0213224529645114e-11 0.10851508293484788 0.0059490196872502574 0.082053444602272749 1.3810410499572756 1.4726017117500307 0.097989169034090925 0.026140250831254149 9.6230874214292205e-12 0.0056979546789079913 0.0070024826799938624 1.5566556453704836 0.0058386232703924188 0.0073820839170366534 1.1699242516274491e-11 2.063402652740479 0.0065542638767510661 0.0025476774548210718 1.5255845785140993 0.38309508243533369 -0.23085786162515762
decision_type=2 2 2 2 2 2 2 2 2 2 2 2 2 2 2 2 2 2 2 2 2 2 2 2 2 2 2 2 2 2
left_child=1 16 3 4 5 -3 8 -5 -6 10 11 12 -2 -14 -15 -16 17 -1 29 21 -21 -20 27 25 -25 -22 -27 -23 -29 -19
right_child=9 2 -4 7 6 -7 -8 -9 -10 -11 -12 -13 13 14 15 -17 -18 18 19 20 23 22 -24 24 -26 26 -28 28 -30 -31
leaf_value=0.0041480042713152379 0.038984151310719417 -0.11338645456197759 0.00024171743673973502 -0.14748142705832903 -0.18278117253009485 0.0082255506798768353 0.083424512986610314 0.019870530948796098 0.10920979960022854 -0.00037490711771142194 -0.18413199486603987 0.066897352572980101 -0.050782605289121464 0.083782534750503609 0.064822371263759962 -0.14146305916302432 0.056034684990549824 0.0705687243890223 0.087587550670284245 -0.13835452786310223 0.11462020213731175 0.12010413940346579 0.058650099525805612 -0.095869240147087698 0.061223885579129958 0.070570288545753798 -0.20129085806236816 -0.15858112010968775 0.11223710241991525 -0.11452597543790255
leaf_weight=1713.2796285572695 294.42616599146277 86.667521842056885 268.56908319657668 62.830237210961059 13.470466896891596 102.99778253491968 56.377409955952317 15.670645877718924 5.6401334013789883 5704.3468868957716 8.3153101541101915 134.62984198704362 142.05103114643134 49.449211139930412 15.55833474639803 17.193123828619719 90.991464140359312 10.53613489679992 19.006387710571289 17.282607259228826 66.842794172465801 5.3513447046279898 16.61117172986269 28.572850897908211 27.95718976855278 12.209678612649443 7.7129976451396933 58.643013755790889 5.0138175114989272 76.598250488750637
leaf_count=15354 862 1898 2069 1084 156 435 195 65 13 40857 112 422 1519 291 51 271 249 37 54 139 109 7 38 229 84 23 62 681 7 1003
internal_value=-4.59106e-05 -0.00460107 -0.0245215 -0.0438742 -0.0230909 -0.047345 0.037848 -0.114074 -0.0966055 0.00193532 0.0218536 0.0244753 0.0134641 -0.0200418 0.0330814 -0.0434687 0.00105399 -0.00136794 -0.0281898 -0.007177 0.0221193 -0.0521406 -0.0831585 0.0414738 -0.0181781 0.0803386 -0.0346798 -0.117294 -0.137251 -0.0921447
internal_weight=9134.8 2768.83 612.223 343.654 265.153 189.665 75.488 78.5009 19.1106 6365.97 661.623 653.308 518.678 224.252 82.2007 32.7515 2156.61 2065.62 352.338 265.204 160.578 104.626 85.6193 143.296 56.53 86.7655 19.9227 69.0082 63.6568 87.1344
internal_count=68376 23991 5915 3846 2697 2333 364 1149 169 44385 3528 3416 2994 2132 613 322 18076 17827 2473 1433 646 787 733 507 313 194 85 695 688 1040
is_linear=0
shrinkage=0.1


Tree=80
num_leaves=31
num_cat=0
split_feature=5 6 14 19 3 14 19 11 9 15 3 6 14 7 18 10 8 18 11 0 1 17 7 19 3 5 18 12 1 5
split_gain=8.93434 18.8502 18.1557 14.7178 14.0846 33.5341 17.1752 16.0157 12.0744 11.602 11.233 10.5952 21.6512 22.7611 44.4912 21.0189 47.2509 22.0341 28.2222 31.6945 27.3338 26.1518 20.8081 20.6567 20.2648 27.0233 28.6883 19.7829 19.4321 18.7727
threshold=0.080687556980731337 3.7531876239829376e-11 0.0063540106639266023 1.454697906970978 0.13539469837279947 0.0054572536610066899 0.68364086747169506 1.5342215831104513e-09 0.0047345156865910999 3.7923318814137026e-05 0.078583988489756465 5.5744188811191386e-10 0.022954628802835945 0.10682283432659266 -0.18049043264578687 3.1462483406066899 3.1385350648756766e-10 0.38309508243533369 6.9400185598311745e-09 2.013343999567672e-09 0.35783364007913226 0.15818093039772732 0.12768132421117392 2.5560277700424199 0.11655445591029244 0.030197442889471047 -0.013641361295330253 0.48192711174488073 0.26465264155619167 0.046847278639622285
decision_type=2 2 2 2 2 2 2 2 2 2 2 2 2 2 2 2 2 2 2 2 2 2 2 2 2 2 2 2 2 2
left_child=11 2 -2 4 5 -3 7 -7 -9 10 -8 12 13 -1 -15 16 -13 18 19 20 21 -17 -16 24 -14 26 -26 -23 -24 -29
right_child=1 3 -4 -5 -6 6 9 8 -10 -11 -12 15 23 14 22 17 -18 -19 -20 -21 -22 27 28 -25 25 -27 -28 29 -30 -31
leaf_value=3.9146908545888528e-05 -0.12330294987304689 0.07222976952145875 0.018113079196215756 -0.060375980270964441 0.099627012530556142 -0.1403798910491337 -0.13243666725014255 -0.18970475547985011 0.071167192322874787 -0.15509670539216017 0.10927167847876634 0.056524245696973258 0.079609324026204575 0.17269013921206045 -0.14920334423516532 -0.13415874911094461 -0.1392514969704767 0.05553058903321996 -0.00047346830151251342 -0.16896768330931397 0.10049160193302581 0.072278579158643136 -0.13742337222388942 -0.045864703014546759 -0.0068555348517031628 0.07400331941306619 -0.248289102786589 -0.11677858917563898 0.14836059834647608 0.087982156043946214
leaf_weight=8147.5363567769527 16.17064931569621 68.289369709789753 20.699739810079336 14.689859826117752 35.426982793956995 18.667980405036364 2.2589926659129587 2.2679011672735205 8.1508416254073364 2.6063580857589832 12.915485226083545 18.67600685916841 90.166139993816614 6.5108080524951211 30.71980207785964 26.921469610650092 36.269322685431689 49.845059463754296 332.54233797095367 21.308839963749051 13.073535108938811 17.759282419458032 4.3356282329186779 25.811197857372463 17.382938709110025 24.299408236518502 6.8654380328953257 18.295702678151432 5.2728830855339766 5.928301788866519
leaf_count=61335 182 141 99 132 207 327 48 22 60 50 77 74 271 23 415 409 470 137 3005 210 42 48 72 163 63 42 62 176 5 9
internal_value=-4.46095e-05 0.0207439 -0.0439093 0.0351672 0.0444877 0.0275246 -0.0376141 -0.0849449 0.0143819 0.0398117 0.0732891 -0.000516801 0.00036069 -0.000360457 -0.0698705 -0.0140843 -0.072707 -0.0074522 -0.0146554 -0.0603156 -0.0320733 -0.0572253 -0.109031 0.0362783 0.0515631 -0.000526202 -0.0752126 -0.00789233 0.0194069 -0.0666678
internal_weight=9101.66 202.144 36.8704 165.274 150.584 115.157 46.8676 29.0867 10.4187 17.7808 15.1745 8899.52 8358.9 8194.38 46.8391 540.62 54.9453 485.675 435.829 103.287 81.9783 68.9048 40.3283 164.525 138.714 48.5478 24.2484 41.9833 9.60851 24.224
internal_count=68376 1345 281 1064 932 725 584 409 82 175 125 67031 62451 61850 515 4580 544 4036 3899 894 684 642 492 601 438 167 125 233 77 185
is_linear=0
shrinkage=0.1


Tree=81
num_leaves=31
num_cat=0
split_feature=9 12 19 6 18 9 17 3 11 12 13 19 9 7 0 3 11 14 17 8 8 13 19 3 5 2 3 3 17 9
split_gain=8.60029 56.2892 41.8042 39.2582 37.5956 40.5645 36.0483 31.5896 30.906 29.3388 29.0114 27.2608 24.8664 21.6611 73.8268 27.6334 26.3569 24.1789 71.232 31.4271 29.0257 28.3829 28.4144 28.8805 27.7112 25.975 21.3912 29.1398 28.7729 21.0258
threshold=0.0030548188278271024 0.12017009779810907 2.9199494123458867 9.2265330887690943e-11 -0.14350455677644772 0.0024395914758779569 0.040371981534090919 0.027008022230123999 3.2872356225954752e-10 0.12780410051345828 1.6838613748550417 2.9199494123458867 0.0031072679342210373 0.0061886042450018551 1.4301063408778884e-09 0.076160829135201821 3.9856298261753417e-09 0.0056979546789079913 0.050048828125000007 8.6111981358507009e-12 1.1699242516274491e-11 1.8763646483421328 0.47930301725864416 0.088333791396361425 0.0093070995991650831 6.7329521353760488e-10 0.19800777552348051 0.10273197348742046 0.057461825284090919 0.0046640705116426972
decision_type=2 2 2 2 2 2 2 2 2 2 2 2 2 2 2 2 2 2 2 2 2 2 2 2 2 2 2 2 2 2
left_child=1 3 4 7 -3 10 12 8 -1 13 -6 -9 -2 14 15 -8 -16 18 19 -15 -19 22 23 -20 -24 -22 27 28 -7 -11
right_child=6 2 -4 -5 5 26 9 11 -10 29 -12 -13 -14 17 16 -17 -18 20 21 -21 25 -23 24 -25 -26 -27 -28 -29 -30 -31
leaf_value=-0.0029136356527082949 0.11059067751545507 -0.19275058121037136 0.10836358121462966 -0.28441861232926841 0.013185356033572255 0.014940552814313926 -0.1824479536724023 0.0077414741734802041 -0.15873506000643972 -0.02182292659620004 -0.19314789576449148 -0.19208761950931674 -0.11601154385199626 0.051842515473005481 -0.1665742151805818 0.094255963323321146 0.0080205723969289412 0.079739683614367646 0.021263078943437444 -0.1532817600205606 -0.07374682669791012 -0.13301220232544372 -0.1160913832300198 -0.082459025734142766 0.059928096547062937 0.061016884597378786 0.14757094456308073 -0.17222574406396207 -0.13951080326541745 0.0011546408993305104
leaf_weight=27.95881303853821 5.5221952367573968 20.950362920062616 14.767918672063386 4.7798475101590148 82.880376795423217 26.186149422079325 3.988734833430498 1062.6278430637904 23.367243134067394 424.07498889416456 7.4249237864278248 6.8710102904587975 39.353647720068693 9.5949075520038587 31.289566522464156 37.923679640516639 11.947923900559543 143.95708921551704 120.12314087338746 33.712669303640723 27.809116967953742 10.776479119900612 9.3060919104609621 34.570662662852556 229.90395633131266 29.447534129023552 3.4040267327800384 39.063964252825826 22.361040076939389 6537.0664014400973
leaf_count=1443 19 212 30 43 393 94 99 9375 532 4126 70 106 407 85 387 126 66 282 560 462 250 181 355 611 955 97 9 429 494 46078
internal_value=-4.23957e-05 -0.00743065 -0.0540597 0.00156034 -0.0659183 -0.0512637 0.00123917 0.00277992 -0.0738545 0.0017603 -0.00377941 0.00645767 -0.088127 0.0207707 -0.0266519 0.0679225 -0.118328 0.0269907 0.014057 -0.107836 0.0557867 0.0271016 0.031482 -0.00191653 0.0530803 -0.00443682 -0.0983776 -0.107934 -0.0562004 -0.00024516
internal_weight=9083.01 1342.64 217.039 1125.6 202.271 181.32 7740.37 1120.82 51.3261 7695.49 90.3053 1069.5 44.8758 734.352 85.1499 41.9124 43.2375 649.202 447.988 43.3076 201.214 404.68 393.904 154.694 239.21 57.2567 91.0152 87.6112 48.5472 6961.14
internal_count=68376 13230 1731 11499 1701 1489 55146 11456 1975 54720 463 9481 426 4516 678 225 453 3838 3209 547 629 2662 2481 1171 1310 347 1026 1017 588 50204
is_linear=0
shrinkage=0.1


Tree=82
num_leaves=31
num_cat=0
split_feature=2 1 8 3 19 5 3 5 5 19 18 19 15 1 13 6 18 6 5 12 18 17 14 15 2 19 0 19 4 18
split_gain=8.20713 26.4594 24.8403 17.1264 17.0905 16.4964 15.2336 19.4388 14.8116 13.8678 13.4556 13.2124 13.0108 12.2929 11.6557 11.131 11.1078 10.622 15.7023 15.097 11.7053 19.9135 10.4791 15.4975 18.452 16.8344 14.425 33.64 16.6466 11.6233
threshold=2.4837892290276324e-11 0.074880552881041854 3.2258381103445269e-12 0.018763392978515803 1.4122953414916994 0.028729716757905987 0.011154955965416579 0.0081864026916272595 0.010670944260489467 0.12689319998025897 0.10959673948259893 0.29434263706207281 1.8679314052860722e-05 0.24523555163982466 1.4199284911155703 5.8669932940371105e-11 -0.2835076111897995 3.899616759436571e-11 0.0093070995991650831 0.20367506891489032 0.39165686578913178 0.17575905539772732 0.002397114061750472 1.6503136066603478e-05 4.02743290217473e-11 2.8737168312072758 9.756750986856479e-11 -0.040022747591137879 4.3005349604496088e-11 0.35752442199736839
decision_type=2 2 2 2 2 2 2 2 2 2 2 2 2 2 2 2 2 2 2 2 2 2 2 2 2 2 2 2 2 2
left_child=2 4 -1 10 -2 6 7 9 -6 -4 13 -8 -10 -3 -9 -16 -13 20 19 -19 -18 -22 -5 24 25 -24 27 -25 -29 -28
right_child=1 3 5 22 8 -7 11 14 12 -11 -12 16 -14 -15 15 -17 17 18 -20 -21 21 -23 23 26 -26 -27 29 28 -30 -31
leaf_value=-0.11095087568133266 -0.10524898489370603 0.025950153362470269 0.1069332159484918 0.068426921213741013 -0.19957569973405465 -0.1205695605648936 -0.036784990651615515 0.069915683204200899 0.084737787148733118 -0.10858739518534322 -0.10018444262447726 -0.16196710893121546 -0.12557912113608022 -0.18659837078066849 -0.21919471776318861 0.020305040857743838 0.079153786476216279 0.026010518004470812 0.058285200209721472 -0.1840482444540644 -0.17464277953235552 0.08031780999090829 -0.084296171684235754 0.5300489346287276 -0.14064758322681412 0.078334124463848992 -0.001098083178953817 -0.12802811703174563 0.19784355819885105 0.010347483079333301
leaf_weight=14.296556640649213 39.476460341713391 21.588436831953008 3.4426603456959155 22.481379245407879 2.9845847894903299 7.5957068367861202 18.562485189992003 24.876197509467602 14.167214998509737 22.487087078625336 30.427760695922188 2.3875590544193974 3.7121192319318643 3.1134886378422371 3.0393967814743501 5.3675398305058479 114.18791667022742 6.9853881113231164 23.092240627855062 6.706051217392087 5.1116489456035179 7.6450186744332314 13.268528027110735 1.6954515911638735 17.055779883055948 12.233322573592885 7601.4845259902067 3.272211321280337 3.0091737387701869 1004.5141726174625
leaf_count=1525 2001 127 38 84 59 462 394 46 97 608 415 32 65 44 27 36 543 31 70 112 112 14 377 3 351 49 54037 73 11 6533
internal_value=-4.34789e-05 -0.000566698 0.0172693 -0.000110789 -0.0665587 0.0245584 0.0290782 -0.0150588 0.00664703 -0.079973 -0.0556712 0.0432297 0.0410717 -0.000839961 0.0355136 -0.0662824 0.0521709 0.0552936 0.00797616 -0.076876 0.0690043 -0.0218459 0.000242135 6.50561e-05 -0.0601315 -0.00628188 0.000362459 0.134776 0.0280847 0.000237873
internal_weight=9060.27 8794.48 265.783 8734.14 60.3404 251.487 243.891 59.2129 20.8639 25.9297 55.1297 184.678 17.8793 24.7019 33.2831 8.40694 166.116 163.728 36.7837 13.6914 126.945 12.7567 8679.01 8656.53 42.5576 25.5019 8613.98 7.97684 6.28139 8606
internal_count=68376 64326 4050 62104 2222 2525 2063 755 221 646 586 1308 162 171 109 63 914 882 213 143 669 126 61518 61434 777 426 60657 87 84 60570
is_linear=0
shrinkage=0.1


Tree=83
num_leaves=31
num_cat=0
split_feature=19 13 1 9 4 6 10 18 12 9 12 19 8 19 14 8 2 6 18 14 13 6 19 3 1 5 17 18 4 4
split_gain=8.10715 14.2614 26.9508 11.3034 11.7291 24.8105 16.6725 10.7546 12.9339 8.89739 44.0481 80.7578 53.5972 38.8543 33.9967 54.4957 52.5281 49.9181 45.8136 40.635 38.8712 32.6466 31.7718 24.6597 54.7358 33.1428 24.4461 23.1556 22.8721 22.4207
threshold=-0.18245410174131391 1.7246841192245486 0.57332066998907605 0.0023887838093476911 6.5412085174703963e-11 2.3770525791930287e-11 2.0865216255187993 -0.056821006604216309 0.10633835569024087 0.0030051512143376611 0.11064748838543893 0.046237301081418998 3.303510810532147e-12 1.8747762441635134 0.0048326342366635808 8.4046498594165179e-12 5.4061135480637263e-10 1.8808076993217076e-11 -0.18049043264578687 0.0063792292494326839 1.7298465371131899 2.0686926875677089e-11 0.87902182340621959 0.03372686506023205 0.17886255822461009 0.014501729180596694 0.040371981534090919 0.26459944941399793 1.2567419905501888e-10 1.8506927461485345e-10
decision_type=2 2 2 2 2 2 2 2 2 2 2 2 2 2 2 2 2 2 2 2 2 2 2 2 2 2 2 2 2 2
left_child=1 3 -3 -1 -5 6 -6 -4 -9 10 14 -12 -13 29 17 16 19 23 -18 22 -17 -22 -16 24 -2 -25 -11 -19 -20 -14
right_child=9 2 7 4 5 -7 -8 8 -10 26 11 12 13 -15 15 20 18 27 28 -21 21 -23 -24 25 -26 -27 -28 -29 -30 -31
leaf_value=-0.062245041260090089 0.0079323058403921853 -0.16595040616765624 0.08012925766066463 0.11544818422427422 0.047874345476686883 0.081850270002989819 -0.24574473595729496 -0.20495200053244389 0.019581222117602048 -0.076514267485912973 -0.16222235736138604 0.045319542166360832 -0.057693921666358651 0.058062588559615547 0.093707641718627915 -0.19587869542965108 0.085412294425606716 -0.095079641656935179 -0.10858526002641554 -0.057892300729341907 -0.15719735980239985 0.01695221121531186 -0.091227535925866604 -0.085600552776650685 -0.19394112563689184 0.056084865923589994 0.001309835530362321 0.10394668485766517 0.0016405557032498942 0.01510291030010936
leaf_weight=7.2029097975464529 62.579843914369121 9.5839061303995532 16.659921921789646 29.179930047132075 3.2925502043217447 21.535170619201381 4.6865791324526072 3.5191842848435071 9.4667110890150052 40.576803420670331 42.632788228802383 103.00864148826804 288.32948084373493 39.283066102652811 197.30674205953255 14.253434320911763 32.801895115058869 82.372921887319535 39.564310078974813 22.017475560307503 13.190022420138119 58.536650823429227 9.7487024953588826 19.37266173469834 17.101558957947418 111.71424823300913 7653.658422481356 6.2922071747016153 35.913127366453409 49.5838090069592
leaf_count=98 1801 130 43 75 9 67 45 47 44 384 506 493 2612 143 661 158 128 2015 900 120 171 217 94 1167 242 906 54756 41 139 164
internal_value=-4.52544e-05 0.027563 -0.0201735 0.0559813 0.07049 0.0260411 -0.124584 0.0269533 -0.0412674 -0.00036991 -0.00821069 -0.0303207 -0.0186104 -0.0360691 0.00778336 0.0260235 0.0441368 -0.0180042 -0.0132574 0.0712662 -0.0450459 -0.0150726 0.0850004 0.00847791 -0.0353946 0.0351459 0.000899417 -0.0809555 -0.0561384 -0.0470121
internal_weight=9044.97 105.127 39.2297 65.8971 58.6942 29.5143 7.97913 29.6458 12.9859 8939.84 1245.6 522.838 480.205 377.196 722.766 423.332 337.352 299.433 108.279 229.073 85.9801 71.7267 207.055 210.768 79.6814 131.087 7694.24 88.6651 75.4774 337.913
internal_count=68376 558 264 294 196 121 54 134 91 67818 12678 3918 3412 2919 8760 2588 2042 6172 1167 875 546 388 755 4116 2043 2073 55140 2056 1039 2776
is_linear=0
shrinkage=0.1


Tree=84
num_leaves=31
num_cat=0
split_feature=14 8 13 19 3 1 0 3 17 12 7 9 14 4 8 15 11 18 17 1 2 6 10 17 2 13 13 5 13 14
split_gain=8.04088 73.8443 64.4748 37.4305 36.0548 38.5622 40.992 36.0929 73.1536 53.52 45.6009 52.8939 35.4143 48.5871 49.5422 35.1867 38.6134 34.3376 38.8996 34.5337 32.9695 65.3522 32.2717 40.3588 53.0736 36.4521 31.6408 31.0948 30.6992 30.6557
threshold=0.0075659542344510564 5.2569493094806967e-11 1.9064435362815859 0.49316413700580602 0.14602117619124513 0.46589417697794189 1.5879760791510809e-09 0.099187184754716842 0.11254882812500001 0.18682612478733066 0.009009212286064364 0.029204794969102766 0.0098933237604796904 1.2841519405996929e-10 8.7289955203361148e-11 2.3169553060142792e-05 5.748030940111449e-09 0.25272636936808179 0.065274325284090925 0.44567113967464872 4.6387779656588982e-10 8.8677589790432114e-11 2.1387788057327275 0.097500887784090925 3.6732644672178197e-10 1.6936169862747195 3.1636465787887578 0.014784184023220763 1.6113729476928713 0.0078504518605768698
decision_type=2 2 2 2 2 2 2 2 2 2 2 2 2 2 2 2 2 2 2 2 2 2 2 2 2 2 2 2 2 2
left_child=-1 2 15 12 7 6 -6 10 9 -9 -4 -12 22 14 -14 28 -17 18 27 -20 21 -21 -3 24 -24 29 -7 -5 -2 -26
right_child=1 3 4 17 5 26 -8 8 -10 -11 11 -13 13 -15 -16 16 -18 -19 19 20 -22 -23 23 -25 25 -27 -28 -29 -30 -31
leaf_value=0.0025600836488319581 -0.077454959018613545 -0.044765907737927414 0.1056370839858301 -0.21429984956579051 -0.21211369231680069 -0.2246171478982355 0.06288066952949839 0.064606058649120418 0.28331133611415366 -0.16078685551332383 -0.12403745810256749 0.092913897206958487 -0.146306368747813 0.052928677453275834 -0.0041448400336433003 -0.11759694703075899 0.042417017607130764 0.012817908579236058 -0.01606198433734855 0.1380459363122099 0.023167054470197269 -0.13561866428367697 -0.14800788823475727 0.16766017784732012 0.18175280792633208 0.085128584414497874 0.10996587068574762 -0.050071450847875357 0.11705791009020008 -0.1880208507507567
leaf_weight=5125.0075642878655 17.763474102132022 26.724877644795924 18.927628776058555 14.452373521402476 7.1181977093219784 19.345402944833044 22.730108946561813 58.523358348757029 12.839374028146265 12.847821071743963 46.724448252469301 14.796539478003977 27.346496554091573 146.57958996045636 236.65639341762289 153.427771077957 16.724635452032089 889.24602287402377 1410.9471074405592 11.712529584765432 442.32761197304353 34.223901814781129 12.461423199623821 35.993232313543558 2.972149532288312 117.26370256021619 3.3100540637969962 56.995810958556831 14.936568705830721 9.1265647113323194
leaf_count=41750 661 521 36 151 59 154 47 170 18 129 597 28 293 1738 1586 3109 37 4835 9479 56 1544 406 137 143 4 217 4 334 54 79
internal_value=-4.28098e-05 -0.00346763 -0.0430725 0.00131928 -0.00520565 -0.077364 -0.00269974 0.017803 0.0635638 0.0240321 -0.0300977 -0.071858 0.0236976 0.00676209 -0.0188705 -0.0836108 -0.101869 -0.00349398 -0.0108546 -0.00812954 0.014793 -0.0658417 0.0576927 0.0730917 0.0490913 0.0680778 -0.175733 -0.0832912 0.0113937 -0.0971829
internal_weight=9020.05 3895.05 420.015 3475.03 217.163 52.5038 29.8483 164.659 84.2106 71.3712 80.4486 61.521 615.124 410.582 264.003 202.852 170.152 2859.91 1970.66 1899.21 488.264 45.9364 204.542 177.817 141.824 129.362 22.6555 71.4482 32.7 12.0987
internal_count=68376 26626 5103 21523 1242 264 106 978 317 299 661 625 4718 3617 1879 3861 3146 16805 11970 11485 2006 462 1101 580 437 300 158 485 715 83
is_linear=0
shrinkage=0.1


Tree=85
num_leaves=31
num_cat=0
split_feature=5 12 8 19 14 6 13 4 14 18 13 12 14 14 2 8 3 3 3 17 14 6 19 17 1 1 1 18 8 8
split_gain=8.09803 16.0141 27.6671 16.9676 14.2474 13.2511 13.1456 14.5533 10.66 9.98586 9.56722 15.495 26.9974 19.9349 22.6495 16.6354 15.2773 14.0202 13.0061 22.4066 12.546 18.2081 16.1208 16.4082 21.9562 22.0625 20.6485 19.0127 14.6237 52.2791
threshold=0.080687556980731337 0.15473445504903796 4.5520626664668878e-11 1.8747762441635134 0.0052001953590661296 2.9302794778363777e-09 1.2156510949134829 3.4515972913033401e-10 0.0069575845263898381 0.048021211542866454 1.1641141176223757 0.15345145761966708 0.0063038920052349576 0.0041103253606706866 7.4310784611037543e-11 1.0213224529645114e-11 0.041418224282795395 0.044057298223267122 0.098648325083170021 0.065274325284090925 0.0038225506432354455 1.070184318970719e-11 2.9732285737991337 0.035577947443181823 0.31546278357979746 0.22604977534848311 0.22420158368083809 -0.074461551319638428 5.3052520220180702e-12 3.863914374841945e-12
decision_type=2 2 2 2 2 2 2 2 2 2 2 2 2 2 2 2 2 2 2 2 2 2 2 2 2 2 2 2 2 2
left_child=10 9 4 -4 -3 -5 7 -6 -8 -2 11 13 -13 14 17 18 -17 -1 -15 -20 22 -22 23 -12 25 26 -25 -27 29 -23
right_child=1 2 3 5 6 -7 8 -9 -10 -11 20 12 -14 15 -16 16 -18 -19 19 -21 21 28 -24 24 -26 27 -28 -29 -30 -31
leaf_value=-0.07176295022252914 0.060278207527721429 0.10109953449960148 0.10165274463549166 0.081317657425973383 -0.12336623770847228 -0.1611266984605878 0.029651503205093362 0.10779366357710507 -0.12726111463630524 -0.052291493048060647 -0.17689634283831981 -0.14425914747541627 0.11111809550480496 0.048974760903257392 -0.1965176791250175 0.12120490905798804 -0.15808187511780458 0.059867722830877795 0.05976414338622435 -0.18127570699709361 -0.11878034030398049 0.0077110620808904231 -0.17827298100747635 0.025238000374069591 0.1142403936836445 -0.0051057153159091689 0.32480560443309781 -0.17278717663455501 0.00040180731887180994 -0.066965807749353026
leaf_weight=24.241911021992564 85.120373390614986 5.8804293237626544 27.209652159363031 3.991216976195572 30.634688125457615 5.1805068282410502 18.821234100498263 2.9893165454268447 5.6230556834489098 8.6842691972851735 4.0229321965016416 21.233095144852999 5.1420995360240331 69.001902773976326 10.187607759609817 2.4999964721500865 9.0441499501466733 12.145881368778644 8.2881943173706514 7.2126203794032326 13.046024298877454 261.96595063072164 4.0131901423446825 215.75827881495934 25.850652855820954 19.510226462036375 2.3257029987871638 10.348701163544318 7922.5583452739229 145.99049056274816
leaf_count=422 225 9 200 15 436 56 118 7 225 54 46 288 10 186 97 4 119 45 16 59 932 3323 144 2864 134 125 5 218 54892 3102
internal_value=-4.85928e-05 0.0201535 -0.00761778 0.0620035 -0.0472264 -0.0556233 -0.062247 -0.102815 -0.00644398 0.0498567 -0.000494551 -0.024058 -0.0944709 -0.0110366 -0.0647245 0.014998 -0.0975996 -0.0278259 0.0303803 -0.0523931 -3.28714e-05 -0.000733812 0.0207185 0.023593 0.0265388 0.017395 0.0284327 -0.0632218 -0.000548945 -0.0190127
internal_weight=8988.52 194.135 100.33 36.3814 63.9487 9.17172 58.0683 33.624 24.4443 93.8046 8794.39 168.997 26.3752 142.622 46.5754 96.0469 11.5441 36.3878 84.5027 15.5008 8625.39 8343.56 281.83 277.816 273.794 247.943 218.084 29.8589 8330.51 407.956
internal_count=68376 1345 1066 271 795 71 786 443 343 279 67031 1246 298 948 564 384 123 467 261 75 65785 62249 3536 3392 3346 3212 2869 343 61317 6425
is_linear=0
shrinkage=0.1


Tree=86
num_leaves=31
num_cat=0
split_feature=5 3 13 13 18 3 13 17 4 15 15 3 5 5 13 13 14 19 12 7 5 0 6 11 15 14 3 19 1 5
split_gain=8.12087 29.1656 55.1163 65.2649 36.5918 28.1167 46.2459 61.235 51.2326 36.6837 66.3631 39.6957 65.4498 35.1565 48.5184 36.6503 42.1583 34.6048 33.5671 35.9651 32.0375 39.5012 33.4647 31.8215 52.3263 31.3827 30.8028 30.6197 32.8879 38.0046
threshold=0.028033593155847639 0.037183486613497761 1.5603104233741762 1.2970942258834841 0.21267980230252517 0.04270730574512057 1.669955909252167 0.080988103693181837 7.1771999321185455e-11 3.4470254831830978e-05 4.0241529859486043e-05 0.054852517489368188 0.020776513005502806 0.0087737340523152685 2.405558824539185 1.3471883535385134 0.0041477724444121131 1.982336223125458 0.10844006389379503 0.0061886042450018551 0.01411364247218186 2.4563866203081662e-10 1.1875511573771503e-11 3.1163417402169107e-09 5.2908126235706738e-05 0.0092489644885063189 0.053795618536896621 0.27493295073509222 0.26081904951879437 0.02388827792274114
decision_type=2 2 2 2 2 2 2 2 2 2 2 2 2 2 2 2 2 2 2 2 2 2 2 2 2 2 2 2 2 2
left_child=5 2 3 -2 -5 13 7 8 20 11 17 12 -9 -1 15 16 -15 25 -8 -20 21 -7 -22 27 -25 -11 -14 -24 -29 -30
right_child=1 -3 -4 4 -6 6 18 9 -10 10 -12 -13 26 14 -16 -17 -18 -19 19 -21 22 -23 23 24 -26 -27 -28 28 29 -31
leaf_value=-0.015504643397795137 -0.11731641589466198 0.0054997808050340335 -0.12380151358473507 0.070676583348189881 -0.065787093234654828 0.051551404270813783 0.036674289338334047 -0.082125282089707916 -0.074693368783876543 -0.039113733532864903 -0.10073595631936133 -0.10313049901225751 0.011898354800356548 0.0077245950164691315 -0.13651912630874447 0.033935531383280357 -0.11103723822933471 -0.12488529741118551 -0.060234777073274431 -0.00099895018687849485 0.11326306921933488 -0.11353898884843948 -0.040297081701626644 0.75195119547539324 0.090196188022994103 0.15144538237551081 0.18688118170899104 0.05134822377111397 -0.054071715262496226 0.047095731652789685
leaf_weight=384.84346480935346 36.79298239108175 3602.2959732579475 50.797314854338765 80.166674509295262 26.029387758579105 21.575298124924302 226.719116109889 96.282496898667887 91.435296881012619 11.472952132113276 37.751592076849192 173.36761196341831 40.078631538897753 154.94123290781863 19.302616878412664 727.43897428712808 37.034700382733718 7.6654257718473664 106.95346052572131 2460.1214908133261 32.377929758280516 44.153585399733856 120.68120218999684 1.2821423802524829 17.557187580037862 35.02873108536005 13.431410320103167 156.59483379218727 92.93977591721341 61.839578688144684
leaf_count=5208 1109 19951 553 687 834 78 1139 1915 929 154 488 5733 335 1144 259 3200 786 126 976 14278 114 2510 1751 13 265 142 42 668 2618 371
internal_value=-4.58274e-05 0.00346677 -0.0343249 -0.00253804 0.0372284 -0.00262353 -0.00694664 -0.0247791 -0.00538831 -0.0546976 0.00104383 -0.0705525 -0.0328473 0.00994939 0.0203847 0.0236788 -0.0151861 0.0719789 -0.000209426 -0.00346693 0.00615434 -0.0593486 0.0150633 0.0080117 0.135233 0.10443 0.0558203 0.00246434 0.0190377 -0.0136519
internal_weight=8968.95 3796.08 193.786 142.989 106.196 5172.87 3849.31 1055.52 640.437 415.079 91.9187 323.16 149.793 1323.56 938.718 919.415 191.976 54.1671 2793.79 2567.07 549.002 65.7289 483.273 450.895 18.8393 46.5017 53.51 432.055 311.374 154.779
internal_count=68376 23134 3183 2630 1521 45242 34645 18252 9317 8935 910 8025 2292 10597 5389 5130 1930 422 16393 15254 8388 2588 5800 5686 278 296 377 5408 3657 2989
is_linear=0
shrinkage=0.1


Tree=87
num_leaves=31
num_cat=0
split_feature=14 17 4 10 8 8 2 12 7 6 14 12 17 8 14 13 6 19 11 1 12 17 18 15 3 3 13 15 17 9
split_gain=7.894 8.19223 28.6486 27.8072 27.0392 23.865 21.8357 44.7184 34.9081 25.58 37.0678 46.8304 47.0926 34.4598 34.4059 23.0185 21.4747 20.8309 20.7225 20.0398 17.9783 26.373 27.519 22.2371 19.0232 17.1352 29.7886 34.3998 30.0186 45.124
threshold=0.081261787563562407 0.15591708096590912 2.0579704320048285e-11 1.8440200686454775 7.4219791052980161e-11 2.1235516768273077e-11 1.0577181059082435e-10 0.12089271470904352 0.015983614137194371 3.4605180742879069e-11 0.0052837827242910871 0.17119246721267703 0.1423783735795455 4.8321386029987442e-11 0.0063792292494326839 1.9458126425743105 2.8432613251652697e-11 1.6693938970565798 1.932772622503798e-10 0.16238516971302028 0.50046998262405407 0.10158469460227275 0.12233188729309902 8.3236704085720717e-05 0.068949756161247697 0.052637730626510719 2.6813352108001713 6.84663245920092e-05 0.12484463778409093 0.016464025203762216
decision_type=2 2 2 2 2 2 2 2 2 2 2 2 2 2 2 2 2 2 2 2 2 2 2 2 2 2 2 2 2 2
left_child=1 2 3 4 6 -3 7 17 -8 10 -9 15 -13 -11 -14 -12 -7 18 -1 -20 25 -22 -23 24 -24 26 27 28 -4 -30
right_child=-2 5 20 -5 -6 16 8 9 -10 13 11 12 14 -15 -16 -17 -18 -19 19 -21 21 22 23 -25 -26 -27 -28 -29 29 -31
leaf_value=-0.062636252952787602 -0.094788641354011563 -0.12561380392925311 0.022098889637441343 -0.16380757388020881 0.13079363261004709 0.085164945530810721 -0.094074208379921198 -0.085757076750987538 0.047682088940509251 -0.19374594591048983 0.092694415906577843 -0.13222466835820051 -0.20249162865458104 -0.036585778632187781 0.12105605600206933 -0.16241543796603863 0.0077555790511862613 -0.13604522155549767 0.080701204893418546 -0.072122898498439905 0.14896418354917937 -0.11430330397011326 -0.143271981977725 -0.10651239696562918 0.079728471089754616 -0.0010047158882174774 -0.12213154870886962 0.26196831337334575 -0.093991886192232657 0.0049059894200210218
leaf_weight=17.275757567142136 8.7888789695571159 12.973453610320574 866.20590583106969 13.94534623948857 11.520603160373865 37.403676055837423 22.255861957324669 96.936625030939467 79.157504668924958 28.837220343761146 44.402453293208964 35.345287888776511 4.0914438152685788 27.028271586168557 16.709381064865738 3.8430210147052994 856.01146022602916 7.676532802055589 61.554451323114336 9.9702468521427345 6.651499541476368 43.203183522447944 4.4977032821625498 13.907650301232932 25.589656963944435 6261.0664118900895 16.283503507263958 5.570831384509801 58.097097775200382 224.07559709204361
leaf_count=1138 1340 375 5298 360 30 83 679 1955 248 408 259 879 49 191 78 42 5636 341 693 252 22 622 51 149 56 43792 275 25 1511 1539
internal_value=-6.29703e-05 3.04458e-05 -0.000989716 -0.024662 -0.0205034 0.00904105 -0.0243335 -0.0360632 0.0165727 -0.0578416 -0.0412289 0.000119389 -0.0619674 -0.11771 0.0574154 0.0723735 0.0109964 0.0219948 0.0356569 0.0593982 0.000521978 -0.0429723 -0.0576133 -0.00194358 0.0463925 0.00107127 0.0121783 0.0140736 0.0128711 -0.0154563
internal_weight=8920.88 8912.09 8005.7 480.55 466.605 906.389 455.084 353.671 101.413 257.194 201.328 104.392 56.1461 55.8655 20.8008 48.2455 893.415 96.477 88.8005 71.5247 7525.15 93.8497 87.1982 43.995 30.0874 7431.3 1170.23 1153.95 1148.38 282.173
internal_count=68376 67036 60942 7602 7242 6094 7212 6285 927 3861 3262 1307 1006 599 127 301 5719 2424 2083 945 53340 900 878 256 107 52440 8648 8373 8348 3050
is_linear=0
shrinkage=0.1


Tree=88
num_leaves=31
num_cat=0
split_feature=14 8 13 11 19 12 8 10 14 8 4 13 18 13 8 14 12 9 17 11 8 17 6 5 4 0 13 9 15 13
split_gain=6.9038 59.5768 64.3296 32.6222 30.095 29.4692 35.2138 36.2261 31.5802 46.3009 59.4404 51.5767 39.1936 38.7393 38.6792 41.2285 36.9164 34.1842 60.0103 44.2053 40.8266 32.9265 32.9094 32.7274 37.3849 32.4185 36.3233 29.0313 54.6615 34.9654
threshold=0.0076153802219778308 4.4185919625373605e-11 1.9140521287918093 5.748030940111449e-09 0.028608113527297977 0.23225865513086322 5.3713813516004655e-11 2.5066270828247075 0.00692050182260573 1.3213213555395805e-11 1.745129904768214e-10 1.4034001827239992 0.08312370601660489 1.9383831024169924 3.546300067304337e-11 0.0064099011942744264 0.096671648323535933 0.01526120536453165 0.12431196732954546 1.2300378493534938e-09 2.0731793416260736e-11 0.040860262784090919 5.0792380359431441e-11 0.028033593155847639 5.5948348409378801e-11 1.156565578669704e-09 1.2052145004272463 0.010264746988158857 6.6355481976643218e-05 2.0417624711990361
decision_type=2 2 2 2 2 2 2 2 2 2 2 2 2 2 2 2 2 2 2 2 2 2 2 2 2 2 2 2 2 2
left_child=5 2 3 -2 -3 6 8 -8 13 10 16 -11 23 14 17 -16 -10 18 20 -19 -1 -12 -17 -13 -25 26 -20 28 -15 -29
right_child=1 4 -4 -5 -6 -7 7 -9 9 11 21 12 -14 27 15 22 -18 19 25 -21 -22 -23 -24 24 -26 -27 -28 29 -30 -31
leaf_value=0.0045847268747234663 -0.11539926536448666 0.053268204010769551 0.00072586624749585132 0.041679904037382517 -0.0014658563438374112 0.051701158912077175 -0.10155545676251965 0.11784413689828527 0.082394197301023042 -0.116720210908416 -0.17425800610539843 0.039107351615145114 0.009209608223769556 -0.12337290120730893 -0.12455380957023031 0.035319284561097876 -0.15801045004228398 0.0094260945058306927 0.1853397566859013 0.094235995579552381 -0.071870229504669036 0.071674243628858755 -0.083529526855435854 0.33559075083583167 0.098054661139897983 0.10044751450132766 -0.10831008926203572 -0.11357178622792004 0.0041222913697421468 0.030612806622440356
leaf_weight=3550.7642134679481 118.67577323177829 103.47511069040047 131.01123225176707 14.878968838602303 3443.8351089744538 118.16642819601111 56.048717574682087 8.6929737105965597 7.6488718800246707 20.005915777757764 6.2493637129664412 128.89070012513548 158.21240628603846 79.72595975571312 48.243688781280071 59.091503036208451 38.73466691095382 187.07833318272606 4.4293193970806888 91.526392936706543 71.245808041654527 42.24080727994442 38.464321339502931 7.0789233557879916 103.50503950193524 9.4801372485235316 85.998596580699086 21.220027841627598 58.157605251297355 81.095001135021448
leaf_count=28451 3232 1550 741 33 20801 796 767 11 16 577 42 653 1086 960 1056 294 360 1288 55 210 803 89 741 18 187 22 2605 186 322 424
internal_value=-6.64769e-05 -0.00328344 -0.0490609 -0.0978995 0.000130737 0.00234649 0.00117158 -0.0720963 0.00213981 0.0256272 -0.0374359 0.0399512 0.0478326 -0.000604694 0.00165719 -0.0489355 -0.118367 0.00350104 0.000971945 0.0372876 0.00308084 0.0399787 -0.0115404 0.0733495 0.11326 -0.0754827 -0.0939266 -0.0396494 -0.069597 0.000709076
internal_weight=8893.87 3811.88 264.566 133.555 3547.31 5082 4963.83 64.7417 4899.09 512.567 94.8737 417.693 397.687 4386.52 4146.32 145.8 46.3835 4000.52 3721.92 278.605 3622.01 48.4902 97.5558 239.475 110.584 99.9081 90.4279 240.199 137.884 102.315
internal_count=68376 26357 4006 3265 22351 42019 41223 778 40445 3028 507 2521 1944 37417 35525 2091 376 33434 31936 1498 29254 131 1035 858 205 2682 2660 1892 1282 610
is_linear=0
shrinkage=0.1


Tree=89
num_leaves=31
num_cat=0
split_feature=14 5 3 14 7 9 9 4 4 4 8 8 14 13 19 8 9 5 12 8 8 14 0 3 17 14 12 7 14 6
split_gain=6.75774 8.21799 17.0044 30.5757 12.4224 11.3816 13.9775 10.5887 10.5857 14.101 11.0925 9.94772 9.38313 8.68848 20.2499 25.5168 19.7429 19.5075 18.8597 21.7242 27.9432 24.4932 18.4504 21.5629 14.2217 14.1341 29.225 14.0209 23.8178 12.9007
threshold=0.081261787563562407 0.080687556980731337 0.13539469837279947 0.0054572536610066899 0.010060415746650482 0.0046640705116426972 0.0048080745236834975 1.7979585795845898e-10 3.1237245359953168e-10 1.4600339931569156e-10 1.047740418380754e-11 1.0557508901876223e-11 0.0051789006683975467 1.1928146481513979 0.34706252813339239 1.0213224529645114e-11 0.0060812785127094069 0.014593565700948245 0.13641636073589328 8.7075267761945081e-12 2.9896405408341858e-12 0.0027957286220043902 2.8451775667546027e-10 0.089304781225048799 0.059370561079545463 0.0060107801109552392 0.15209452807903293 0.021777646302879844 0.0064367719460278758 2.5801272212100255e-11
decision_type=2 2 2 2 2 2 2 2 2 2 2 2 2 2 2 2 2 2 2 2 2 2 2 2 2 2 2 2 2 2
left_child=1 13 3 7 -5 -6 -7 12 9 -8 -11 -12 -3 14 17 16 18 -1 19 20 21 24 -20 -24 -16 26 -19 28 29 -18
right_child=-2 2 -4 4 5 6 8 -9 -10 10 11 -13 -14 -15 15 -17 27 25 22 -21 -22 -23 23 -25 -26 -27 -28 -29 -30 -31
leaf_value=-0.19342910496601926 -0.088491388400580906 0.032198872852010854 0.081510160052873953 0.12579479406368108 -0.15730602086007411 0.087930708690966392 0.040715415084846357 0.079657855294331253 0.051906100525668214 -0.14781405383445298 0.099148115706496842 -0.082675218879389348 -0.12267773780379808 0.0002072237408935395 0.058984007476531132 -0.1417526645888055 -0.063688149511081524 0.020906052710154208 -0.24871939664552045 -0.30462074088136948 0.044349658037270208 -0.18351372854906339 0.030200726807785225 -0.22709456272930142 -0.1210351382840642 0.10743372471944213 -0.14553254577516631 0.041805140702441325 0.13760843764900182 -0.28108902510728889
leaf_weight=4.5431608526268965 8.6357590273546503 16.331558530218903 37.060395764186978 4.3152808714658013 8.5260675121098739 8.1535411514341813 8.977866515517233 47.718249762430787 8.2055666493251902 20.502164325676858 4.0342668518424025 11.840193087933583 5.1438739513978353 8329.39365821908 11.602601857855918 21.230798883363605 8.5257192794233578 120.93168492941186 8.6938562158029544 2.7566742263734332 34.694880905561149 14.163860833970828 8.9512103255838138 5.1204438023269168 7.0580822597257784 15.457635298371313 11.558162888977675 51.26078244112432 4.3787882328033438 4.0149436965584746
leaf_count=79 1340 58 240 6 104 22 50 85 50 256 15 354 47 63555 33 284 68 539 124 25 92 188 30 56 242 43 180 165 2 44
internal_value=-7.37902e-05 1.25343e-05 0.0211128 0.00554151 -0.038889 -0.0490066 -0.0340444 0.0534146 -0.0526129 -0.0715226 -0.0992233 -0.0364674 -0.00489774 -0.00042779 -0.0162194 -0.0386981 -0.0251272 0.0106761 -0.0550832 -0.0294582 -0.0182239 -0.0843628 -0.134186 -0.0634248 -0.00910513 0.0169438 0.00638627 0.0157521 -0.0631809 -0.13329
internal_weight=8853.78 8845.15 180.809 143.749 74.5549 70.2397 61.7136 69.1937 53.5601 45.3545 36.3766 15.8745 21.4754 8664.34 334.943 182.453 161.222 152.491 93.0416 70.2761 67.5194 32.8245 22.7655 14.0717 18.6607 147.947 132.49 68.1802 16.9195 12.5407
internal_count=68376 67036 1287 1047 857 851 747 190 725 675 625 369 105 65749 2194 1353 1069 841 790 580 555 463 210 86 275 762 719 279 114 112
is_linear=0
shrinkage=0.1


Tree=90
num_leaves=31
num_cat=0
split_feature=15 6 10 17 11 2 9 17 15 17 14 3 9 8 8 9 0 0 8 15 13 4 2 7 5 3 17 9 18 5
split_gain=6.68662 29.0687 47.5967 39.0599 36.1207 34.7022 31.5848 46.6592 30.0736 50.616 35.8605 44.4975 39.0809 52.9692 35.484 45.7798 34.0644 33.5105 41.0053 38.9213 52.0943 33.1481 30.2497 38.4554 29.0444 50.7983 72.7445 42.8685 43.9105 38.4965
threshold=4.769920997205191e-05 1.2404813313677054e-10 2.5685323476791386 0.14841530539772732 2.3015205297127754e-09 7.8467134142670149e-11 0.088283355956584528 0.17114257812500003 4.0472952605341568e-05 0.04796253551136364 0.0091637428849935549 0.070045321844963301 0.042348429247511477 3.8997349970029433e-11 3.303510810532147e-12 0.0022321646366500743 1.285288369539912e-09 8.5393314600238441e-10 3.546300067304337e-11 2.5943189939425796e-05 1.2156510949134829 2.444079805275356e-11 1.032921000448655e-10 0.048577435364121714 0.020440736262675892 0.037848161229083799 0.068425958806818191 0.0039584184810613201 0.44275696431709965 0.0087737340523152685
decision_type=2 2 2 2 2 2 2 2 2 2 2 2 2 2 2 2 2 2 2 2 2 2 2 2 2 2 2 2 2 2
left_child=1 2 8 4 -3 -5 -7 -8 10 -10 11 22 13 16 -11 -16 17 19 -19 20 21 -13 24 -24 25 29 -27 -26 -29 -1
right_child=-2 3 -4 5 -6 6 7 -9 9 14 -12 12 -14 -15 15 -17 -18 18 -20 -21 -22 -23 23 -25 27 26 -28 28 -30 -31
leaf_value=-0.02624465811473033 -0.0033292281258023265 0.055345551936178621 -0.12169893909486092 0.062189083931749323 -0.021966718100655386 -0.10639930037426337 0.056526799463883261 -0.13702013098521879 -0.082556970644641958 0.12869615797857856 -0.04358731681780157 0.11798096448963727 0.1558446487723443 -0.086158871502040407 -0.13136482745227537 0.023489780057464688 0.17347776678265311 -0.1030225703767518 0.16083600171666546 -0.00091651168573565452 -0.11625259530145322 -0.033560051417926756 0.025312464830712568 0.19117782194629568 -0.041091006950000085 0.063940571765278939 -0.075584028120750241 0.026620799457049739 -0.1280579606142393 0.024022968766189548
leaf_weight=254.80404991784599 3672.9432976707467 318.72275378927588 32.081850416492671 38.71497523970902 74.569535157410428 50.265950799454004 43.233599818311632 17.496260745450854 47.473649547901005 30.962048718240112 208.50455121323466 18.22417264804244 13.163288236595688 102.92604332603514 19.599745639134198 735.30870610428974 9.8853577445261163 65.21267507027369 6.4745100066065779 947.0778502188623 73.386522592976689 69.410973363090307 444.40576209337451 14.43195272516459 120.8505866175401 45.897831274662167 201.06905407761224 763.51773770153522 18.805026183719747 378.89915844402276
leaf_count=4415 21789 1402 343 374 468 653 227 288 1561 107 2484 31 51 1896 354 4180 39 1314 31 7466 1972 481 2811 60 1798 207 3996 5030 374 2174
internal_value=-6.73897e-05 0.00225201 -0.000319162 0.0241394 0.0406869 -0.0193312 -0.0477653 0.000765967 0.000529169 0.0177153 -0.00328296 -0.000914696 -0.0155905 -0.0173363 0.0237726 0.0194693 -0.011382 -0.0129309 -0.0791919 -0.00864427 -0.0540965 -0.00204633 0.00763001 0.0305295 0.00173984 -0.0111822 -0.0496539 0.0143399 0.0229027 0.00381099
internal_weight=8838.32 5165.38 4622.37 543.003 393.292 149.711 110.996 60.7299 4590.29 833.344 3756.95 3548.44 1305.76 1292.6 785.871 754.908 1189.67 1179.79 71.6872 1108.1 161.022 87.6351 2242.68 458.838 1783.84 880.67 246.967 903.173 782.323 633.703
internal_count=68376 46587 43175 3412 1870 1542 1168 515 42832 6202 36630 34146 13281 13230 4641 4534 11334 11295 1345 9950 2484 512 20865 2871 17994 10792 4203 7202 5404 6589
is_linear=0
shrinkage=0.1


Tree=91
num_leaves=31
num_cat=0
split_feature=17 4 8 18 6 17 12 5 10 14 8 12 5 13 3 11 3 8 14 10 14 2 13 4 12 6 5 7 8 5
split_gain=7.55616 25.7501 19.8255 19.0142 18.4249 18.3045 16.1841 14.3851 33.165 29.7417 32.8254 38.5906 25.608 26.0009 39.9008 25.2092 33.9696 42.5624 33.5976 29.9478 29.7254 23.1605 18.1397 17.5945 17.508 16.0783 30.1146 27.9723 36.375 17.1529
threshold=0.15591708096590912 1.6340772656389654e-11 2.1235516768273077e-11 0.31792849194343126 2.8432613251652697e-11 0.15471857244318185 0.68171632289886486 0.0081864026916272595 1.5605634450912478 0.0095065557397902029 4.4185919625373605e-11 0.20579180866479876 0.0075412438950976145 1.5603104233741762 0.02157242192384003 2.2256911869078526e-09 0.05872685029338201 1.0102672437729647e-10 0.010903825517743828 2.4843585491180424 0.015143017284572126 3.4157156334769605e-11 1.3516101241111758 1.0929374660858641e-10 0.27253413200378424 6.526750145128239e-11 0.016425752761795167 0.054536057670283175 3.3316132397799992e-10 0.020909604416083773
decision_type=2 2 2 2 2 2 2 2 2 2 2 2 2 2 2 2 2 2 2 2 2 2 2 2 2 2 2 2 2 2
left_child=1 3 -2 -1 -4 -5 -3 8 12 10 11 -9 13 14 -6 16 17 21 -19 -20 -21 -11 -12 -22 -17 -26 -27 -28 -29 -30
right_child=2 6 4 5 7 -7 -8 9 -10 15 22 -13 -14 -15 -16 24 -18 18 19 20 23 -23 -24 -25 25 26 27 28 29 -31
leaf_value=-0.019720323175100155 -0.12310903333279284 7.7961660845548729e-05 0.080217662086552705 -0.11555350592006684 0.0059774902135050437 0.078186274727126637 -0.12229589884419648 0.055214234404624633 -0.16343923795970616 0.010948357092559428 -0.12065842340141551 -0.19687893788784175 -0.23446767592773554 0.065696344973001308 -0.15618203511815815 -0.2035465614410541 -0.11536483769325663 0.11359504948650384 -0.12158124880518376 0.10552059609402092 -0.12590837341115943 -0.17612160680140224 0.069505869101845835 0.15606808601839797 0.12676983824540514 -0.11533500610927444 0.12951483359770682 -0.14914703109646846 -0.12643444214992891 0.024133601542823332
leaf_weight=175.45537056989269 11.28433299937751 7671.1748649474466 36.13554661301896 40.246693462424446 73.42679338529706 5.5490097580477586 10.822407473810015 13.20533223450184 14.633405614644287 10.172473244369032 5.1797402263618997 11.241923016496001 4.7135679926723233 44.200533576309681 19.126416482031345 3.6104334518313399 37.732671031728387 30.452207370661199 18.373192140832543 22.954272165894508 12.342553647235034 18.941650372929871 158.8527021612972 2.6962370797991744 13.035931974649428 17.195673902984709 21.929011086001992 13.300878250971435 7.7779423873871556 277.77221669448772
leaf_count=3938 375 56082 83 700 746 18 243 26 202 49 202 126 44 115 293 35 652 118 350 123 228 273 383 2 16 229 56 171 137 2361
internal_value=-7.4343e-05 -0.00106315 0.00860594 -0.0346974 0.0102778 -0.0920783 -9.44388e-05 0.00731452 -0.0201238 0.0134617 0.0473899 -0.0607093 -0.00529918 0.0025997 -0.0275333 0.000880627 -0.0329508 -0.00612738 0.0289604 -0.016764 0.033925 -0.110759 0.0635009 -0.0753541 0.0155405 0.017794 0.0135907 0.0205019 0.0125027 0.0200324
internal_weight=8803.54 7903.25 900.288 221.251 889.003 45.7957 7682 852.868 156.101 696.767 188.48 24.4473 141.467 136.754 92.5532 508.287 153.665 115.933 86.8185 56.3663 37.9931 29.1141 164.032 15.0388 354.622 351.012 337.976 320.78 298.851 285.55
internal_count=68376 60981 7395 4656 7020 718 56325 6937 1400 5537 737 152 1198 1154 1039 4800 1795 1143 821 703 353 322 585 230 3005 2970 2954 2725 2669 2498
is_linear=0
shrinkage=0.1


Tree=92
num_leaves=31
num_cat=0
split_feature=19 13 1 11 0 9 5 14 15 7 12 5 8 5 9 12 1 13 5 13 6 15 9 19 17 14 19 9 15 12
split_gain=6.55095 12.4876 22.2851 10.4848 14.9947 9.465 10.2383 17.6884 9.37562 8.40058 24.5536 16.7226 20.368 12.3295 18.8617 9.99535 9.71623 27.4679 16.0857 15.6959 25.8121 19.9179 20.6386 31.025 21.8777 19.1407 26.9605 21.212 16.9677 14.6822
threshold=-0.18245410174131391 1.7246841192245486 0.57332066998907605 4.1749068646623763e-09 6.4031577445581013e-09 0.0023887838093476911 0.030197442889471047 0.0067215450108051309 6.4897660195129006e-05 0.0048613274781067663 0.094585373997688307 0.016777037344851493 7.849568988347551e-12 0.016253751495412121 0.0024960311026130905 0.076473310589790358 0.60761381522910396 3.1636465787887578 0.0081864026916272595 3.1636465787887578 3.3381492489223269e-11 9.9027925898553817e-05 0.010504615337027271 0.2023858726024628 0.070245916193181837 0.014028522185981275 0.51286837458610546 0.001407851944723175 8.3236704085720717e-05 0.44881205260753637
decision_type=2 2 2 2 2 2 2 2 2 2 2 2 2 2 2 2 2 2 2 2 2 2 2 2 2 2 2 2 2 2
left_child=1 5 -3 -4 8 -1 -7 -8 -5 10 -2 12 -12 14 -14 -11 17 -17 -18 20 -20 -21 -23 -24 -25 26 27 -22 -29 -19
right_child=9 2 3 4 -6 6 7 -9 -10 15 11 -13 13 -15 -16 16 18 29 19 21 25 22 23 24 -26 -27 -28 28 -30 -31
leaf_value=-0.058504888928059676 0.034202461557971332 -0.15878828247275306 0.10197684961545557 0.023034532960241064 0.079601140421583574 0.091381170123364192 -0.1277043755098321 0.090293445226367605 -0.17939540967618622 -0.099819920981662827 -0.13059439907826578 -0.12080806650538534 0.079285531341575122 0.12819694618380234 -0.13364299761538956 -4.3263561716362642e-05 -0.14486066900757838 -0.094805896747616289 0.047094968104637751 0.11434839222328852 0.087053033967008142 0.095609843982113182 0.08733944235896253 -0.20221885151035074 -0.01354389281456499 0.043097160682698532 -0.22499099098116604 -0.22564139074406664 -0.036439578078278655 0.13756406766505594
leaf_weight=6.882540824241004 39.436859238077886 8.8970463450532389 10.487103817053141 3.5917210448533314 7.7843756200745693 41.474455303279683 6.5966068916022769 8.5415809596306627 6.3031739452853799 10.024070208484771 11.468102328770327 29.941458905115724 8.9482374610379392 8.5011972878128272 7.7748463370371601 8291.7334585912467 5.7338447286747387 40.958258444443345 59.783655991777778 35.386224303394556 9.6615134552121145 23.747045798227191 16.132313035428524 10.317591346800329 15.199292339384554 17.416730822995305 10.00521502830088 6.5513117089867619 17.143248232081532 2.9124862542375913
leaf_count=98 873 130 26 14 29 113 46 37 65 150 467 472 31 19 144 64380 98 386 150 58 16 71 38 108 73 54 92 58 74 6
internal_value=-7.3693e-05 0.0253033 -0.0208207 0.0227598 -0.0242307 0.0522269 0.0656888 -0.00470114 -0.105916 -0.00036773 -0.0283373 -0.0653512 -0.0200976 0.0301392 -0.0197086 -2.16597e-05 9.51711e-05 -0.000460814 0.0205043 0.024788 0.000440953 0.0539134 0.0212118 -0.0212077 -0.0898334 -0.0454498 -0.081016 -0.0378305 -0.088752 -0.0793793
internal_weight=8779.34 100.559 37.0634 28.1664 17.6793 63.4952 56.6126 15.1382 9.89489 8678.78 106.071 66.6338 36.6924 25.2243 16.7231 8572.71 8562.68 8335.6 227.078 221.344 120.562 100.782 65.3962 41.6492 25.5169 60.778 43.3613 33.3561 23.6946 43.8707
internal_count=68376 558 264 134 108 294 196 83 79 67818 2006 1133 661 194 175 65812 65662 64772 890 792 444 348 290 219 181 294 240 148 132 392
is_linear=0
shrinkage=0.1


Tree=93
num_leaves=31
num_cat=0
split_feature=2 13 6 5 5 5 19 15 14 8 5 6 18 17 1 19 11 6 10 9 13 5 4 5 18 19 13 2 10 19
split_gain=6.61141 42.1075 37.2238 36.7531 42.5881 42.8213 47.547 40.5823 38.3602 33.6991 32.1443 29.0933 27.3877 29.5001 27.137 27.3876 28.0908 37.3742 50.347 44.5893 37.7843 37.4383 28.909 29.1499 27.7368 27.1539 33.1987 30.0437 27.0731 28.3889
threshold=5.7130883265794723e-10 2.2910538911819462 2.5801272212100255e-11 0.0090281187427862664 0.013678537026756192 0.022358839519994868 0.79945236444473278 4.5779363063047647e-05 0.00789786269888282 1.5750888564012853e-10 0.016425752761795167 2.6283305673363441e-11 -0.32681421205713618 0.16368519176136367 0.18237140992612688 0.009968150872737171 4.9971764504164193e-09 2.5362772109357507e-10 2.555321574211121 0.070862374776285986 2.429973959922791 0.043404219817988594 2.8705096386587558e-10 0.046847278639622285 -0.14027858059853313 0.89225837588310253 2.1973011493682866 9.6711167213358043e-10 2.9632209539413457 0.3958068192005158
decision_type=2 2 2 2 2 2 2 2 2 2 2 2 2 2 2 2 2 2 2 2 2 2 2 2 2 2 2 2 2 2
left_child=1 -1 -2 8 -5 6 -6 -7 -3 10 -8 -4 -9 -14 -13 -16 17 18 21 -19 25 24 -18 28 -17 -20 27 -27 29 -24
right_child=2 3 11 4 5 7 9 12 -10 -11 -12 14 13 -15 15 16 22 19 20 -21 -22 -23 23 -25 -26 26 -28 -29 -30 -31
leaf_value=0.00042144067019232278 -0.12539634397727159 -0.12980895141373985 0.18460459480051128 -0.12229839481340675 -0.10731841122756454 0.32159648894807608 0.037202638789356646 0.084840118265644041 0.095094865950434815 0.073094564630091077 -0.11375722363255432 0.11802094046412617 -0.1210294766318161 0.061367442201072292 0.058557895620170733 -0.0020850009881604103 0.021126606440939211 -0.1780631564275123 0.045095686595071967 -0.0099411359089800443 -0.14989220639745521 0.083461354760531584 0.039669812722303265 0.018829381545688792 -0.11257507450989696 0.016714505715647848 -0.207845052135117 -0.190936428857992 -0.023635844001072104 -0.18068264365894637
leaf_weight=6672.6709899585403 21.451376875396818 9.5281144450418633 9.1902658613398653 59.373186225071549 31.470758834853768 2.4846798926591864 32.423592435196042 8.4973690882325155 37.164770505856723 75.842036935500801 24.966424155980349 21.425186227774248 86.856981169432402 9.8754308670759183 89.513057783478871 31.892356246709824 768.06546121567953 30.13184105977416 186.16373623535037 33.110127598047256 13.239615593105553 15.860343143343924 7.7736558672040728 143.81861296622083 78.998292356729507 77.499354038387537 8.6247743852436525 7.6559455916285506 145.69562046369538 23.586916940286756
leaf_count=57130 766 169 27 715 279 12 205 45 184 362 287 68 887 31 288 195 2567 214 461 152 84 36 33 706 837 247 62 54 969 304
internal_value=-6.50281e-05 -0.00141901 0.00550603 -0.0338661 -0.0455562 -0.0288303 0.00323237 -0.0778562 0.0492012 0.0293456 -0.0284695 0.00716539 -0.0872881 -0.102409 0.00619649 0.00475461 0.00169117 -0.0183761 -0.00758308 -0.0900434 0.0151837 -0.0602442 0.0105953 -0.0146131 -0.0807979 0.0229908 -0.0208899 -0.00195449 -0.0417777 -0.126062
internal_weight=8764.85 7051.15 1713.7 378.483 331.79 272.417 164.703 107.714 46.6929 133.232 57.39 1692.25 105.23 96.7324 1683.05 1661.63 1572.12 483.176 419.934 63.242 293.183 126.751 1088.94 320.875 110.891 279.944 93.7801 85.1553 177.056 31.3606
internal_count=68376 60306 8070 3176 2823 2108 1133 975 353 854 492 7304 963 918 7277 7209 6921 2342 1976 366 908 1068 4579 2012 1032 824 363 301 1306 337
is_linear=0
shrinkage=0.1


Tree=94
num_leaves=31
num_cat=0
split_feature=6 5 7 13 0 18 7 9 17 1 3 19 3 2 9 3 9 18 9 5 6 7 7 13 15 9 4 3 14 5
split_gain=6.68779 22.2445 26.787 27.1956 33.8334 27.0034 22.9995 36.2607 30.4066 22.9958 20.2379 19.6844 19.3961 23.2424 19.1223 26.929 18.8694 29.5793 18.2804 45.5263 35.2137 35.1604 28.1805 27.5028 35.2453 23.444 19.2382 27.8598 35.1684 20.0673
threshold=5.5744188811191386e-10 0.048116243643387839 0.073337805108759424 2.3451023101806645 3.7145895356639636e-09 0.043146140820516106 0.11809672705612252 0.030564151182126773 0.12693093039772732 0.29113824041749337 0.18171212162545144 1.2745248675346377 0.08458304233307036 5.4987267615634236e-10 0.10165623504402015 0.11210853621056922 0.19887704599626008 0.39165686578913178 0.077324463299655935 0.02326843364254419 1.7588072888466741e-10 0.087233348956008552 0.10038898505022273 2.405558824539185 6.0212672906345695e-05 0.13027915817344285 5.9100814130769513e-11 0.064715489429428882 0.018535853363573555 0.028262920951073255
decision_type=2 2 2 2 2 2 2 2 2 2 2 2 2 2 2 2 2 2 2 2 2 2 2 2 2 2 2 2 2 2
left_child=18 2 -2 4 5 -4 7 -3 10 16 -9 -5 -11 -14 15 -13 17 -7 22 21 -21 23 -1 24 25 -20 -22 28 -28 -30
right_child=1 6 3 11 -6 9 -8 8 -10 12 -12 14 13 -15 -16 -17 -18 -19 19 20 26 -23 -24 -25 -26 -27 27 -29 29 -31
leaf_value=-0.00029996579032438722 -0.11377636817559825 0.079989904199604694 -0.076343774971558379 -0.051981361426611132 -0.13398874573406133 -0.16829354632078888 0.062795361475948386 -0.20721111366290762 0.021010620649394407 0.086657675797901651 0.023943690180343299 -0.15779332224658577 -0.15053041364949926 0.02379883561113803 0.075604777175173277 0.035797352452701055 0.0074503334981036329 0.031767012300078036 -0.089628589505928447 -0.14342217130324106 0.11427622367686718 -0.13030846174879074 -0.15217866394011711 -0.1687435022250115 0.089866347159295853 0.10953285902032624 -0.15734414110687067 0.047657427624067564 0.075529727172165786 -0.05495176128435101
leaf_weight=7687.8445004280657 29.682888313895091 22.87999464571476 63.035072596045211 28.143481321632862 29.973595088114962 21.172983931843191 72.528152073151432 17.173014413565401 17.26371068879962 39.114221398718655 4.8593002380803219 9.6916824756190163 9.2014153152704221 45.296933557838202 64.292172338813543 27.785804824903607 34.837875126162544 11.353120870888231 29.82028277637437 10.656136725097893 32.633277527987957 29.63369871629402 12.236175030469893 8.9075424782931787 34.795969130471349 7.3715276420116416 15.419597438536583 273.78183000348508 26.02683674544096 21.542509127408266
leaf_count=60614 299 145 724 142 516 266 1521 172 70 109 25 103 117 178 200 73 141 41 519 132 129 553 163 114 121 33 162 769 80 145
internal_value=-6.4595e-05 -0.0107568 -0.0222521 -0.0151754 -0.0342109 -0.0208602 0.024537 -0.0200913 -0.0783634 0.00086597 -0.156229 0.0220396 0.0329279 -0.00563464 0.0425094 -0.0142652 -0.043689 -0.0984631 0.000651145 0.0193675 0.0357955 -0.037121 -0.000541316 -0.00298446 0.017526 -0.0501542 0.0409653 0.0338615 -0.0261027 0.0164392
internal_weight=8738.96 548.285 413.581 383.898 253.985 224.012 134.704 62.176 39.296 160.977 22.0323 129.913 93.6126 54.4983 101.77 37.4775 67.364 32.5261 8190.67 490.589 380.06 110.529 7700.08 80.8953 71.9878 37.1918 369.404 336.771 62.9889 47.5693
internal_count=68376 4842 2909 2610 2092 1576 1933 412 267 852 197 518 404 295 376 176 448 307 63534 2757 1417 1340 60777 787 673 552 1285 1156 387 225
is_linear=0
shrinkage=0.1


Tree=95
num_leaves=31
num_cat=0
split_feature=14 8 3 2 3 8 13 17 11 10 2 3 17 3 4 6 17 4 18 8 17 12 2 10 11 19 15 0 2 13
split_gain=6.73131 7.31586 16.1357 15.0521 30.4236 14.3154 15.1864 26.9258 19.5028 16.7186 14.2971 14.1027 11.1765 24.3237 20.3192 14.0356 12.6407 23.7473 23.1151 21.2825 16.9346 44.7756 19.6361 20.3745 18.3121 16.1992 15.5472 22.21 27.2982 18.6071
threshold=0.081261787563562407 2.2012708088839099e-09 0.06549194229588047 7.0970812932705121e-10 0.097526201388344377 1.254410831038701e-09 2.6813352108001713 0.1672807173295455 4.7108321687971974e-09 3.6118935346603398 1.4673122510858868e-09 0.16842736997491423 0.20669833096590912 0.028943620736356607 5.5100248483981984e-11 5.4542342280403592e-11 0.15471857244318185 1.5826018990462412e-11 0.28277129620321589 2.1235516768273077e-11 0.12746360085227273 0.11835527792572977 6.8535466874662146e-11 1.3013061285018923 1.6893757226466024e-10 9.4737844467163104 9.4545521278632818e-05 1.8322308917074913e-09 8.2625471626009399e-10 2.2741398811340336
decision_type=2 2 2 2 2 2 2 2 2 2 2 2 2 2 2 2 2 2 2 2 2 2 2 2 2 2 2 2 2 2
left_child=1 5 -3 -4 -5 12 7 8 -7 -9 -8 -10 16 14 15 -14 17 18 20 -18 21 24 23 -22 -1 -19 27 29 -29 -21
right_child=-2 2 3 4 -6 6 10 9 11 -11 -12 -13 13 -15 -16 -17 19 25 -20 26 22 -23 -24 -25 -26 -27 -28 28 -30 -31
leaf_value=-0.13001014889206161 -0.08926058241138618 -0.14931788340079336 0.10377589736546705 -0.11524331934486749 0.061535899865094106 0.10726033394527042 0.10743885531660409 -0.17961630067683493 -0.14363172388962783 0.027152515793801027 -0.085294165597595367 0.036310394805256808 0.029313388743782601 -0.1385543021825649 0.098906230304801501 -0.1242012902708424 -0.12241014072293988 0.00044673364957598691 -0.10397551574785456 0.014732781861163342 0.034643235824212304 -0.11258208411654505 0.096335378381188094 -0.13184918635843043 0.046053013732267667 -0.085852646332962704 0.12529924467565981 -0.11026512566606167 0.04563974473325759 0.10419658834423284
leaf_weight=6.8228412395110345 8.4524631584645231 4.6721381163224569 25.728614293038845 13.922076007351277 32.372102588415146 3.991972259245812 12.366620901972057 4.3681897586211553 39.09012693259865 37.320460930466652 5.5881014224141827 4.9016188681125632 11.005237635225059 18.39453236060217 13.695434480905531 12.979983307886867 11.419867317774331 7519.2647134679137 39.114392794203013 638.1175220166333 20.761668128194287 47.51233816210879 23.256558177992702 11.378432666882871 44.031346603413112 21.814038023818284 12.597505845129488 30.247093413025141 17.863849982619286 24.126931199803948
leaf_count=912 1340 79 48 220 127 11 16 49 494 143 50 38 76 339 39 368 403 55369 738 4180 324 1256 67 114 978 181 17 294 45 61
internal_value=-6.41691e-05 2.24026e-05 0.0307712 0.0424536 0.00837298 -0.000250798 -0.0364932 -0.0533015 -0.104378 0.00548702 0.047454 -0.123582 0.000206789 -0.0442907 0.00172592 -0.0537635 0.00050144 -0.000689101 -0.0353374 0.0130395 -0.0178772 -0.0427818 0.0263453 -0.0242994 0.0224315 0.000197096 0.0151791 0.0132262 -0.0523768 0.0179921
internal_weight=8717.18 8708.73 76.6949 72.0228 46.2942 8632.03 107.627 89.6724 47.9837 41.6887 17.9547 43.9917 8524.4 56.0752 37.6807 23.9852 8468.33 7733.96 192.878 734.373 153.763 98.3665 55.3967 32.1401 50.8542 7541.08 722.953 710.355 48.1109 662.244
internal_count=68376 67036 474 395 347 66562 801 735 543 192 66 532 65761 822 483 444 64939 59939 4389 5000 3651 3146 505 438 1890 55550 4597 4580 339 4241
is_linear=0
shrinkage=0.1


Tree=96
num_leaves=31
num_cat=0
split_feature=14 8 13 15 12 13 19 19 13 14 6 18 8 4 10 17 17 3 3 18 19 10 10 18 18 4 8 4 13 0
split_gain=6.93969 49.5006 57.0368 28.6338 25.6887 47.1777 29.7289 48.1024 23.9486 24.8892 39.1526 41.249 35.1106 51.0181 34.4902 66.4992 31.2672 29.7845 38.9595 28.054 23.3315 22.9887 38.0155 39.0944 53.7969 36.2754 48.7135 34.1462 25.0617 32.4306
threshold=0.0076153802219778308 4.4185919625373605e-11 1.9140521287918093 7.4163508543279036e-05 0.16866616904735568 2.1307067871093754 1.1717571616172793 0.87902182340621959 2.2741398811340336 0.0069994891528040179 6.4359422440335951e-11 -0.039872331841086787 1.3213213555395805e-11 1.745129904768214e-10 2.1695919036865239 0.10584605823863637 0.10717773437500001 0.10462583095249563 0.063477071348549477 -0.14684128992005502 1.22284871339798 2.3167583942413335 2.3537158966064458 0.0088730717014352048 -0.10977303199681705 1.2309666318197158e-10 3.6227186294903594e-12 1.745129904768214e-10 1.9383831024169924 9.5984023035943464e-10
decision_type=2 2 2 2 2 2 2 2 2 2 2 2 2 2 2 2 2 2 2 2 2 2 2 2 2 2 2 2 2 2
left_child=8 2 3 -2 -4 6 7 -6 9 21 12 19 13 -11 15 -14 -17 18 -18 -12 -21 28 -23 24 25 26 -24 -26 -1 -30
right_child=1 -3 4 -5 5 -7 -8 -9 -10 10 11 -13 14 -15 -16 16 17 -19 -20 20 -22 22 23 -25 27 -27 -28 -29 29 -31
leaf_value=0.0047161750485669252 -0.11221131518817384 -0.00022177040456041404 0.039456304301727897 0.03807605114384835 -0.081887395745789557 -0.15747025618360086 -0.14419546263000924 0.20369861489582589 -0.062425653678882198 -0.12910882210409005 -0.18510948438562172 -0.11090138534388382 -0.12657242581624914 0.049085765215466502 0.080405669183170297 0.19534654451654482 0.038895980239113039 0.26164169380799657 -0.1132769949685424 -0.01975714038112689 0.1747093780640411 -0.078095669695905631 0.096153111511144654 0.040196776138861606 -0.13614001686981347 0.055933346441718747 -0.13356644702218365 0.010277608457076939 -0.13917511514671785 -0.016491466732452456
leaf_weight=3806.7725821686909 108.96320626977831 3464.5330718715268 73.014182961545885 14.346692554652689 10.211469486355787 23.730764511972666 7.5557256434112778 13.961710155010222 56.384074573870748 30.116182871162891 4.5061123240739134 40.837186189368367 27.137494074646384 34.441728729754686 164.73262718506157 12.200629156548528 164.84566867165267 5.4002967849373809 18.736658895388246 11.337325743865224 13.5349746029824 93.21964698145166 13.489310930483041 117.4667708221823 57.833819838706404 69.81356692686677 29.242556438781321 21.981731089763343 24.804585551843047 164.05216477997601
leaf_count=33744 3232 22351 232 33 82 304 104 19 615 295 56 730 465 84 394 52 803 18 512 103 22 867 58 527 604 196 301 87 277 1209
internal_value=-6.25568e-05 -0.00333306 -0.0461442 -0.0947259 0.000484684 -0.0508225 0.0289417 0.0830586 0.00237664 0.0031183 0.0236371 -0.045892 0.0343056 -0.0340418 0.0455314 0.0203697 0.0401907 0.0301739 0.023365 0.0444738 0.0860674 0.000656116 -0.0221059 -0.00525993 -0.0330184 0.0115164 -0.0610501 -0.0958156 0.00295217 -0.0326048
internal_weight=8699.2 3716.32 251.784 123.31 128.474 55.4597 31.7289 24.1732 4982.89 4926.5 527.827 70.2156 457.611 64.5579 393.053 228.321 201.183 188.983 183.582 29.3784 24.8723 4398.68 403.047 309.828 192.361 112.545 42.7319 79.8156 3995.63 188.857
internal_count=68376 26357 4006 3265 741 509 205 101 42019 41404 3534 911 2623 379 2244 1850 1385 1333 1315 181 125 37870 2640 1773 1246 555 359 691 35230 1486
is_linear=0
shrinkage=0.1


Tree=97
num_leaves=31
num_cat=0
split_feature=18 2 9 9 11 3 19 6 5 19 0 7 3 5 6 3 19 6 6 14 13 15 14 10 6 5 2 9 1 11
split_gain=6.57084 39.2563 39.1345 46.047 35.4028 28.6576 20.3135 19.1719 34.3034 18.257 18.9674 18.0331 35.1972 24.1076 20.6836 26.7849 17.9148 21.0268 27.0293 25.2271 20.461 18.1914 16.6216 14.8931 43.4628 37.265 31.7502 29.468 26.2892 24.5062
threshold=0.35752442199736839 2.1804410583347263e-10 0.0075966784771015717 0.0077284609893438902 1.9692646402447171e-09 0.060538065955411086 2.2941851615905766 5.9451724197924945e-11 0.026074061899169842 1.7391011714935305 3.5893717578152116e-10 0.051797713835601965 0.073389599924759394 0.01203656313227682 1.1266800244600921e-10 0.074965146539377511 4.5580105781555185 6.6115775828042881e-11 1.2404813313677054e-10 0.015143017284572126 2.1973011493682866 5.9363619584473788e-05 0.0048132489901036033 2.9632209539413457 9.2265330887690943e-11 0.024568757199833317 3.6732644672178197e-10 0.022765501371890328 0.51610673223745118 3.0843949616610193e-09
decision_type=2 2 2 2 2 2 2 2 2 2 2 2 2 2 2 2 2 2 2 2 2 2 2 2 2 2 2 2 2 2
left_child=-1 2 -2 -4 6 9 -3 -8 -9 10 22 13 -13 -7 -14 -16 23 -18 21 -20 -21 -19 -5 24 26 28 29 -28 -26 -6
right_child=1 4 3 5 16 11 7 8 -10 -11 -12 12 14 -15 15 -17 17 18 19 20 -22 -23 -24 -25 25 -27 27 -29 -30 -31
leaf_value=-0.0010909408662512384 -0.11072311772686963 -0.056318854911835095 0.29430107284679913 0.076003009371457028 0.038575489177865421 0.17668517641439171 0.16212793305059764 -0.12779445044665366 0.10974334110174722 -0.0045431525454072298 0.08024644470086284 -0.15396581780257726 0.17985687918322521 -0.11452243274875579 0.10315886019066377 -0.16771935242854077 -0.19880823860047106 -6.2310920624603601e-05 -0.17823311747396128 0.038476768394872983 -0.1785473388889188 0.1917755209198114 -0.14163404610632258 0.056762551928379049 -0.13482462871663564 0.03290744961054004 0.03151662798133472 0.16092306643806145 0.061809523348693884 -0.092064010120358031
leaf_weight=7619.8833409505023 36.25584023859119 8.3851093063130957 5.1462665242142966 6.0858357460238031 44.151945674791932 3.0224678963422766 33.901855884119868 7.8303951174020758 27.190019700676203 381.89062386727892 52.163045660592616 10.835968970321117 9.3064571171998995 47.8258503053803 8.7469723010435683 6.2650108048692337 6.6999079473316661 11.545359596610071 12.407010071910916 21.322092181071643 5.4557753410190335 8.6439565382897836 8.2884299899451417 107.26387445069849 40.578942497260869 35.415053598582745 37.166105203330517 33.420728269964457 8.1677905879914743 21.279666125774384
leaf_count=60632 1169 87 20 17 235 4 105 118 44 2459 182 132 18 1184 19 62 77 69 132 67 64 11 160 283 411 138 185 63 26 203
internal_value=-7.04345e-05 0.00735906 -0.0101529 -0.00339525 0.0287766 -0.0062619 0.0906439 0.108523 0.056631 0.00387917 0.0522191 -0.0591386 -0.00406704 -0.0972128 0.0627258 -0.00988783 0.0166227 -0.0308754 -0.0119255 -0.0603562 -0.00574015 0.0820721 -0.04949 0.0262072 0.0113218 -0.0451603 0.0462703 0.0927867 -0.101877 -0.00391108
internal_weight=8666.54 1046.66 575.833 539.577 470.826 534.431 77.3074 68.9223 35.0204 448.428 66.5373 86.0027 35.1544 50.8483 24.3184 15.012 393.518 66.0741 59.3742 39.1849 26.7779 20.1893 14.3743 327.444 220.18 84.1618 136.018 70.5868 48.7467 65.4316
internal_count=68376 7744 5426 4257 2318 4237 354 267 162 2818 359 1419 231 1188 99 81 1964 420 343 263 131 80 177 1544 1261 575 686 248 437 438
is_linear=0
shrinkage=0.1


Tree=98
num_leaves=31
num_cat=0
split_feature=8 17 7 8 8 12 12 12 13 12 14 13 13 14 13 8 14 13 19 17 9 9 12 4 3 5 11 12 17 11
split_gain=6.5697 29.011 21.951 20.7054 35.6941 21.3611 20.3641 53.0615 73.1193 65.8479 43.0022 41.319 51.0927 61.7842 36.45 34.4019 31.6857 30.7507 30.1925 28.62 23.4671 23.0681 42.5787 34.4119 26.7114 26.2047 24.1457 22.7553 22.5373 31.2237
threshold=9.6230874214292205e-12 0.038773970170454551 0.028614869806905693 5.8533860111715444e-12 3.550334068166561e-12 0.15473445504903796 0.16267636418342593 0.13641636073589328 1.4034001827239992 0.14173804968595508 0.0052409276831895122 1.4726017117500307 1.2699653506278994 0.0059490196872502574 1.7092350125312807 6.1651381053954247e-12 0.0040746720042079696 1.1793908476829531 0.75897550582885753 0.061279296875000007 0.0051148289245400366 0.0030548188278271024 0.12017009779810907 2.104890839682966e-10 0.027008022230123999 0.034101849605100952 2.7209690056650975e-10 0.12359393015503885 0.06261097301136366 2.2256911869078526e-09
decision_type=2 2 2 2 2 2 2 2 2 2 2 2 2 2 2 2 2 2 2 2 2 2 2 2 2 2 2 2 2 2
left_child=2 -2 6 4 -4 -5 7 21 9 18 16 12 13 -8 15 -12 -10 -11 -9 -17 -15 22 24 25 26 27 -1 -24 29 -27
right_child=1 -3 3 5 -6 -7 11 8 10 17 14 -13 -14 20 -16 19 -18 -19 -20 -21 -22 -23 23 -25 -26 28 -28 -29 -30 -31
leaf_value=0.0042923249858591705 -0.085798058315070425 -0.0012988978586354657 0.082873160058457282 0.068792709588593098 -0.20783276339642887 -0.070096649262850239 -0.15958792288471491 0.032241349625536798 0.13582081667964341 0.0061165250138410041 -0.15729878537264796 -0.13525602654243349 0.070780797169703022 -0.090823501338278489 -0.15672484580445864 -0.11934327274152071 -0.12930989590763683 -0.1400672285263046 -0.14580807900724921 0.076355044799696015 0.048013274483075935 0.021041765650724201 -0.10648199571951766 0.0800782744311061 0.00833221027433125 -0.013403427904098953 -0.1430997497253815 0.011799305641508429 -0.20518861551577025 -0.18950590605111539
leaf_weight=21.772862000623718 40.906552738510072 6031.2088911797036 8.4645277387462574 116.3170765619725 8.4301838823594135 12.238683951087294 23.934319892665371 55.570301747706253 5.3309083450585595 16.562812995398417 7.5101530824322245 14.880790269235147 164.63690021337243 14.85611369460821 9.1080729831010085 8.0065124426037055 29.18561441404745 109.68425314326305 11.493864859687163 112.14895105315372 67.446628348901868 630.9570706821396 24.450127331074327 17.562005147337914 954.68621059029829 28.336820006370544 22.704906599246897 48.584792110894341 19.480801286641508 15.617109645158051
leaf_count=1323 415 44777 20 253 90 115 336 397 19 92 117 272 925 130 104 60 896 2721 179 288 209 3714 307 32 9087 110 645 376 233 134
internal_value=-7.19734e-05 -0.00186815 0.00415546 0.0418925 -0.0621843 0.0555703 0.00190084 -0.00143442 -0.0361963 -0.0783508 0.0113776 0.0269806 0.0358933 -0.0181724 0.0365481 0.0503368 -0.0883618 -0.120889 0.00172616 0.0633148 0.0229524 0.00566936 -0.00274146 -0.0516808 0.00480305 -0.0686366 -0.070948 -0.0277981 -0.115656 -0.0759738
internal_weight=8652.07 6072.12 2579.96 145.45 16.8947 128.556 2434.51 2148.75 364.601 193.311 171.29 285.755 270.874 106.237 136.774 127.666 34.5165 126.247 67.0642 120.155 82.3027 1784.15 1153.2 154.032 999.164 136.47 44.4778 73.0349 63.4347 43.9539
internal_count=68376 45192 23184 478 110 368 22706 20834 4873 3389 1484 1872 1600 675 569 465 915 2813 576 348 339 15961 12247 1192 11055 1160 1968 683 477 244
is_linear=0
shrinkage=0.1


Tree=99
num_leaves=31
num_cat=0
split_feature=2 5 0 19 1 17 4 5 3 5 9 17 18 17 9 5 14 4 15 9 8 5 17 2 11 7 15 12 8 7
split_gain=6.35575 17.7998 17.1838 20.6881 17.1094 17.1519 16.809 24.6154 24.4967 16.7238 21.5169 16.6468 16.1559 15.304 15.2504 17.8856 28.8022 23.1589 16.4383 14.6368 18.8994 14.6065 13.7996 13.5339 29.0568 28.6703 18.159 14.5801 28.6552 20.6228
threshold=2.9013347891322525e-11 0.032038286379024276 1.3347660717388045e-10 0.19197787344455722 0.09879129344546346 0.14841530539772732 4.3382759823852632e-11 0.021397617063803324 0.03372686506023205 0.01669759936765575 0.0036025654565717559 0.17336203835227273 0.36621462867002602 0.15698242187500003 0.0072329602838350432 0.020548809367469063 0.0049131314735859641 1.3370498706286259e-11 1.8679314052860722e-05 0.0063449570550528555 7.9646491958160457e-12 0.017723233295949981 0.10114080255681819 3.5395285464870826e-11 6.8934943864285014e-10 0.02501740075213181 1.7216098967764996e-05 0.089131485670804991 2.7092874750214871e-12 0.0097334576286366766
decision_type=2 2 2 2 2 2 2 2 2 2 2 2 2 2 2 2 2 2 2 2 2 2 2 2 2 2 2 2 2 2
left_child=1 9 3 6 5 19 7 8 22 11 21 12 -1 -12 -5 17 -17 18 -16 -4 -21 -11 -2 24 25 -6 -25 -28 29 -29
right_child=2 -3 4 14 23 -7 -8 -9 -10 10 13 -13 -14 -15 15 16 -18 -19 -20 20 -22 -23 -24 26 -26 -27 27 28 -30 -31
leaf_value=-0.01818838457666147 0.13547518582694842 -0.11824196523822356 -0.14073461626857592 -0.12032046633683668 -0.065821282317707216 -0.0023706872869891484 -0.12430234090365977 0.13555932772225779 -0.12478287085335311 0.074763427270260238 0.082088668139475199 0.027794112060108268 -0.1755487077771769 -0.13956709325874422 -0.097838400718871191 0.095510118172218716 -0.05887293984069128 -0.1142492854105258 0.17257152657217992 0.41064482881686576 0.09624159457931139 -0.11217966387058897 -0.12910754666585181 -0.12268923852648872 -0.16653443864330938 0.093240466429485538 0.03475878932548223 -0.01128439087014993 0.0001019014678899377 -0.1560700785035542
leaf_weight=80.546265875222161 9.423619992972819 9.8368063860689272 2.3869752627797416 26.831056088500191 31.496060131292325 32.432694394374266 6.6058705607429138 17.947274127276614 11.430179120972751 6.4475219417363432 79.183941288501956 107.41455106646754 7.0994518317165776 3.2424616609932846 3.8035698160529119 21.05637584044598 28.361173130106181 37.603788063628599 5.4971178602427244 2.0381991863250724 30.862967749824747 11.881750495173035 2.4926759582594959 12.042108875000848 15.261586742592042 17.700084372423589 120.25836881774012 19.212617332465015 7839.4244506698451 20.161355312913656
leaf_count=2452 45 762 87 1305 370 374 246 97 458 35 448 784 217 68 48 69 710 1051 4 1 206 364 89 244 237 62 594 583 56103 263
internal_value=-6.84821e-05 0.0140937 -0.000589114 -0.0319567 6.97744e-05 0.0501243 0.023807 0.0475005 -0.0201935 0.0184943 0.0515774 0.00140565 -0.0309348 0.0733692 -0.0536457 -0.035073 0.0069083 -0.0793036 0.0619858 0.0983715 0.115719 -0.0464204 0.0801292 -0.000349978 -0.0459887 -0.00859309 1.72336e-05 0.000201961 -0.000325499 -0.0854216
internal_weight=8619.98 305.653 8314.33 171.053 8143.28 67.7208 47.8996 41.2937 23.3465 295.816 100.756 195.06 87.6457 82.4264 123.153 96.322 49.4175 46.9045 9.30069 35.2881 32.9012 18.3293 11.9163 8075.56 64.4577 49.1961 8011.1 7999.06 7878.8 39.374
internal_count=68376 5130 63246 4122 59124 668 935 689 592 4368 915 3453 2669 516 3187 1882 779 1103 52 294 207 399 134 58456 669 432 57787 57543 56949 846
is_linear=0
shrinkage=0.1


end of trees

feature_importances:
line_length=320
rel_bp_alpha=266
rel_bp_theta=261
bp_gamma=249
hjorth_complexity=224
zero_crossing_rate=205
hjorth_mobility=179
kurtosis=163
bp_beta=162
rel_bp_beta=155
rel_bp_gamma=140
bp_alpha=118
bp_theta=111
skewness=107
rel_bp_delta=95
spectral_entropy=81
hjorth_activity=64
rms_amplitude=52
bp_delta=48

parameters:
[boosting: gbdt]
[objective: binary]
[metric: binary_logloss]
[tree_learner: serial]
[device_type: cpu]
[data_sample_strategy: bagging]
[data: ]
[valid: ]
[num_iterations: 100]
[learning_rate: 0.1]
[num_leaves: 31]
[num_threads: 2]
[seed: 42]
[deterministic: 0]
[force_col_wise: 0]
[force_row_wise: 0]
[histogram_pool_size: -1]
[max_depth: -1]
[min_data_in_leaf: 20]
[min_sum_hessian_in_leaf: 0.001]
[bagging_fraction: 1]
[pos_bagging_fraction: 1]
[neg_bagging_fraction: 1]
[bagging_freq: 0]
[bagging_seed: 400]
[bagging_by_query: 0]
[feature_fraction: 1]
[feature_fraction_bynode: 1]
[feature_fraction_seed: 30056]
[extra_trees: 0]
[extra_seed: 12879]
[early_stopping_round: 0]
[early_stopping_min_delta: 0]
[first_metric_only: 0]
[max_delta_step: 0]
[lambda_l1: 0]
[lambda_l2: 0]
[linear_lambda: 0]
[min_gain_to_split: 0]
[drop_rate: 0.1]
[max_drop: 50]
[skip_drop: 0.5]
[xgboost_dart_mode: 0]
[uniform_drop: 0]
[drop_seed: 17869]
[top_rate: 0.2]
[other_rate: 0.1]
[min_data_per_group: 100]
[max_cat_threshold: 32]
[cat_l2: 10]
[cat_smooth: 10]
[max_cat_to_onehot: 4]
[top_k: 20]
[monotone_constraints: ]
[monotone_constraints_method: basic]
[monotone_penalty: 0]
[feature_contri: ]
[forcedsplits_filename: ]
[refit_decay_rate: 0.9]
[cegb_tradeoff: 1]
[cegb_penalty_split: 0]
[cegb_penalty_feature_lazy: ]
[cegb_penalty_feature_coupled: ]
[path_smooth: 0]
[interaction_constraints: ]
[verbosity: -1]
[saved_feature_importance_type: 0]
[use_quantized_grad: 0]
[num_grad_quant_bins: 4]
[quant_train_renew_leaf: 0]
[stochastic_rounding: 1]
[linear_tree: 0]
[max_bin: 255]
[max_bin_by_feature: ]
[min_data_in_bin: 3]
[bin_construct_sample_cnt: 200000]
[data_random_seed: 175]
[is_enable_sparse: 1]
[enable_bundle: 1]
[use_missing: 1]
[zero_as_missing: 0]
[feature_pre_filter: 1]
[pre_partition: 0]
[two_round: 0]
[header: 0]
[label_column: ]
[weight_column: ]
[group_column: ]
[ignore_column: ]
[categorical_feature: ]
[forcedbins_filename: ]
[precise_float_parser: 0]
[parser_config_file: ]
[objective_seed: 16083]
[num_class: 1]
[is_unbalance: 0]
[scale_pos_weight: 1]
[sigmoid: 1]
[boost_from_average: 1]
[reg_sqrt: 0]
[alpha: 0.9]
[fair_c: 1]
[poisson_max_delta_step: 0.7]
[tweedie_variance_power: 1.5]
[lambdarank_truncation_level: 30]
[lambdarank_norm: 1]
[label_gain: ]
[lambdarank_position_bias_regularization: 0]
[eval_at: ]
[multi_error_top_k: 1]
[auc_mu_weights: ]
[num_machines: 1]
[local_listen_port: 12400]
[time_out: 120]
[machine_list_filename: ]
[machines: ]
[gpu_platform_id: -1]
[gpu_device_id: -1]
[gpu_use_dp: 0]
[num_gpu: 1]

end of parameters

pandas_categorical:[]
