tree
version=v4
num_class=1
num_tree_per_iteration=1
label_index=0
max_feature_idx=19
objective=binary sigmoid:1
feature_names=bp_delta rel_bp_delta bp_theta rel_bp_theta bp_alpha rel_bp_alpha bp_beta rel_bp_beta bp_gamma rel_bp_gamma spectral_entropy hjorth_activity hjorth_mobility hjorth_complexity line_length rms_amplitude variance zero_crossing_rate skewness kurtosis
feature_infos=[5.4795647896016039e-11:2.095934633123358e-07] [0.015714168665644592:0.87996460213622418] [2.9206722701647317e-11:1.1465412729328893e-07] [0.01742340994716059:0.50672826371444879] [9.3134904726451986e-12:7.3211835079205076e-08] [0.002659356333386877:0.29435287117329484] [6.8242994996437679e-12:7.1752170175107016e-08] [0.0015627471140435925:0.38308891399712669] [1.5400098681877185e-12:2.7822206871697119e-08] [0.00039139302895779777:0.49530154950508537] [0.9961438775062561:5.8551225662231445] [1.8027529469222259e-10:5.5732346027070889e-07] [0.061995521187782288:1.2306011915206909] [0.89050710201263428:5.6886491775512695] [0.0024315598420798779:0.29283860325813293] [1.3350264453038108e-05:0.00071873120032250881] [1.8027529469222259e-10:5.5732346027070889e-07] [0.012073863636363636:0.46799538352272729] [-1.6670061247423291:1.7298814589157701] [-0.51731336116790771:68.727546691894531]
tree_sizes=3491 3502 3500 3477 3499 3503 3489 3514 3516 3501 3526 3512 3516 3495 3517 3524 3528 3505 3526 3528 3525 3527 3516 3505 3508 3503 3521 3510 3507 3496 3514 3530 3516 3501 3507 3524 3502 3510 3508 3507 3489 3475 3497 3464 3509 3490 3465 3478 3532 3456 3505 3475 3508 3505 3436 3491 3462 3465 3485 3500 3475 3471 3446 3449 3481 3497 3464 3482 3487 3496 3460 3491 3435 3452 3429 3440 3449 3484 3452 3458 3466 3511 3468 3481 3429 3472 3469 3406 3502 3472 3457 3467 3458 3458 3476 3433 3455 3480 3481 3475

Tree=0
num_leaves=31
num_cat=0
split_feature=4 2 10 5 14 8 1 17 12 14 1 9 14 17 1 14 14 15 1 17 8 12 10 6 3 17 7 8 3 7
split_gain=8291.74 2873.89 1584.62 1247.71 936.891 806.708 686.21 667.404 599.836 727.239 591.458 482.381 478.404 374.051 925.92 487.106 341.251 300.308 297.428 296.121 276.919 264.62 254.834 668.528 288.894 262.66 365.556 244.173 228.758 224.124
threshold=7.1014341387397607e-11 1.0608581230174177e-09 2.3261224031448369 0.024583732990929041 0.053724825382232673 1.3359311842394493e-11 0.60007383106634415 0.1543634588068182 0.09987241774797441 0.0052328382153064021 0.64396526752335337 0.16260940400264426 0.0077312015928328046 0.087957208806818191 0.19211455881493131 0.0052598868496716031 0.0059905159287154683 3.0200927540136039e-05 0.54703880061228638 0.043923117897727279 2.1841495503845725e-10 0.1356511935591698 2.7128410339355473 3.3294097275587586e-11 0.071595723860830435 0.076105291193181837 0.05609547309762207 1.0753631744772436e-11 0.094477730195766621 0.0048399193457203124
decision_type=2 2 2 2 2 2 2 2 2 2 2 2 2 2 2 2 2 2 2 2 2 2 2 2 2 2 2 2 2 2
left_child=2 4 3 6 8 28 13 18 16 19 22 12 -3 14 21 -16 -2 -9 20 -10 -4 -1 23 29 -24 -25 -27 -21 -5 -11
right_child=1 11 7 5 -6 -7 -8 17 9 10 -12 -13 -14 -15 15 -17 -18 -19 -20 27 -22 -23 24 25 -26 26 -28 -29 -30 -31
leaf_value=0.094840609746247029 -0.17774181828204716 -0.091176529735001274 -0.035474199928668605 0.073737323407409516 -0.20000000267552026 -0.13395088212026071 0.066974726776007187 -0.17261153860916512 -0.12873113293982005 -0.17337595509342052 0.17350155697307432 -0.20000000267552026 0.17035778923273712 -0.19174622541938999 -0.18204291563619074 -0.07615069124260819 0.073349962044214789 0.10942800394264288 0.087815989421804908 0.13631922956703871 -0.14278893465657447 -0.17433118299978634 -0.012359988415823215 -0.0093325162303143083 0.054781403901946996 -0.13303485322655992 0.04599157276486604 -0.1346944568029371 -0.047318205947453978 0.061254652177660615
leaf_weight=220.94393700361252 201.84205301105976 72.246507555246353 1310.7160265743732 533.39719943702221 174.25746828317642 425.12277193367481 151.45155794918537 41.008484661579132 47.278401330113411 42.185899987816811 264.62547585368156 37.415642589330673 2192.5939460098743 1360.782310590148 1376.0309194028378 634.81304571032524 73.959655985236168 475.50279669463634 159.99644570052624 991.85033850371838 294.47782941162586 43.755787089467049 843.98563511669636 824.69392202794552 2662.6286897808313 519.94122244417667 146.1070404946804 34.397060573101044 220.68630956113338 1165.0556040555239
leaf_count=502 1461 409 6090 1417 1332 2738 421 293 300 302 222 286 1965 10197 10068 3420 197 954 384 1504 1944 314 3566 3439 7993 3340 462 222 1073 3360
internal_value=-2.94307e-09 0.0576868 -0.0819307 -0.11362 0.0293307 -0.0237929 -0.141585 -0.0129464 0.0344419 0.0397384 0.0270895 0.156132 0.162015 -0.150272 -0.12547 -0.148613 -0.110408 0.0870354 -0.042202 0.115963 -0.0551614 0.0503456 0.020845 -0.00225947 0.0386216 -0.0470551 -0.0937629 0.127236 0.0383098 0.0530557
internal_weight=17543.7 10295.1 7248.69 4966.98 7992.81 1179.21 3787.78 2281.7 7818.55 7542.75 6469.22 2302.26 2264.84 3636.33 2275.54 2010.84 275.802 516.511 1765.19 1073.53 1605.19 264.7 6204.6 2697.98 3506.61 1490.74 666.048 1026.25 754.084 1207.24
internal_count=70175 30360 39815 30150 27700 5228 24922 9665 26368 24710 22684 2660 2374 24501 14304 13488 1658 1247 8418 2026 8034 816 22462 10903 11559 7241 3802 1726 2490 3662
is_linear=0
shrinkage=1


Tree=1
num_leaves=31
num_cat=0
split_feature=4 2 10 14 5 14 8 17 5 14 14 1 3 12 7 7 1 8 10 12 7 15 17 8 6 3 14 14 15 19
split_gain=6753.13 2550.58 1275.18 984.69 917.128 691.389 599.918 563.765 526.609 583.232 578.874 513.881 516.63 474.06 439.595 582.105 350.671 264.82 261.785 602.747 244.811 244.229 228.855 233.55 210.917 197.372 194.946 198.154 173.813 166.429
threshold=6.7528777772614089e-11 8.1764854323365806e-10 2.3261224031448369 0.0074645886197686204 0.024006271398183007 0.053724825382232673 1.3001555823276586e-11 0.1543634588068182 0.028789224937195382 0.0052328382153064021 0.005700441775843502 0.48564511365648727 0.091660168512980492 0.44406966865062719 0.068420112327198898 0.015796595884742339 0.58612565898278579 1.0753631744772436e-11 1.5391892194747927 0.13447323441505435 0.04538433961699629 3.0200927540136039e-05 0.045565518465909095 1.06475024879302e-11 2.4332363161999056e-10 0.075699796258792348 0.0055808813776820907 0.0079366941936314123 4.2399071389809258e-05 0.53380176424980175
decision_type=2 2 2 2 2 2 2 2 2 2 2 2 2 2 2 2 2 2 2 2 2 2 2 2 2 2 2 2 2 2
left_child=2 5 4 -3 11 8 25 24 10 22 -2 18 -13 29 15 26 28 -17 19 -1 -19 -9 -10 -24 -4 -6 -11 -28 -12 -5
right_child=1 3 7 13 6 -7 -8 21 9 14 16 12 -14 -15 -16 17 -18 20 -20 -21 -22 -23 23 -25 -26 -27 27 -29 -30 -31
leaf_value=0.075756851923217586 -0.14695155122690726 -0.10819207790597787 -0.02427323731640784 0.17146252588329766 0.085021602171680866 -0.18187306990045021 -0.12212062185810338 -0.15610619999263226 -0.079373279596936727 -0.10778971232238144 -0.19704592447573049 0.054066390975534631 -0.15680118279329205 -0.041068071402101759 0.071086545285456812 0.012176663237940982 0.098737601194463648 -0.13272406544631438 -0.15745848635292362 -0.16316682006884523 -0.003234592765290591 0.10144463250712443 0.12892646525771267 -0.11182085507678081 -0.1192755070922491 -0.022229415296382088 0.071073933128142586 -0.16855821401113949 -0.0049633804287323021 0.12238614592422559
leaf_weight=166.89120949804783 276.9100486934185 169.53406274318695 1257.7637566626072 1490.1643618196249 337.92327426373959 168.64072331786156 411.64598059654236 40.055264160037041 61.486890658736229 72.871133148670197 48.062726408243179 277.32103246450424 199.9667753726244 138.17860682308674 1240.7467101365328 368.11921614408493 346.81184592843056 475.43320998549461 2696.136574909091 287.45573356747627 210.71166837215424 455.71030569076538 995.8220642209053 41.994786307215691 287.02076359093189 348.58752389252186 908.03279922902584 35.870673403143883 2374.4746968448162 1288.5095957964659
leaf_count=420 1903 1033 5650 909 786 1302 2670 288 350 435 368 855 1413 653 3269 1405 717 3134 19414 2115 856 895 1425 261 1834 1543 2384 254 9632 2002
internal_value=-3.9985e-06 0.0493969 -0.0782132 0.126098 -0.106739 0.0183545 -0.0266707 -0.0121477 0.0228825 0.0449657 -0.00909475 -0.130976 -0.0342797 0.139715 0.0240161 -0.00418347 0.00468969 -0.0562483 -0.145625 -0.0754051 -0.0929585 0.0806359 0.108079 0.119185 -0.0419246 0.0305631 0.049801 0.0619673 -0.00877427 0.148705
internal_weight=17478.9 10712.4 6766.48 3086.39 4725.93 7625.99 1098.16 2040.55 7457.35 4411.09 3046.26 3627.77 477.288 2916.85 3311.79 2071.04 2769.35 1054.26 3150.48 454.347 686.145 495.766 1099.3 1037.82 1544.78 686.511 1016.77 943.903 2422.54 2778.67
internal_count=70175 32292 37883 4597 29216 27695 4999 8667 26393 13773 12620 24217 2268 3564 11737 8468 10717 5395 21949 2535 3990 1183 2036 1686 7484 2329 3073 2638 10000 2911
is_linear=0
shrinkage=0.1


Tree=2
num_leaves=31
num_cat=0
split_feature=4 2 10 5 1 14 8 17 12 14 1 9 14 2 3 17 1 14 3 14 5 1 1 2 14 7 10 5 8 6
split_gain=5539.14 1980.76 1114.37 726.809 767.873 635.695 587.734 501.934 421.337 499.523 416.837 360.206 325.509 312.808 288.196 248.697 585.986 416.124 240.017 236.312 213.728 194.794 189.684 178.031 236.208 182.606 318.776 308.348 221.965 208.66
threshold=7.1014341387397607e-11 1.0608581230174177e-09 2.4286438226699834 0.02270375051138394 0.57481202381445773 0.053724825382232673 1.3001555823276586e-11 0.14486416903409094 0.09987241774797441 0.0051857386715710172 0.64396526752335337 0.16260940400264426 0.007838676683604719 4.8628050444083953e-10 0.094477730195766621 0.085826526988636367 0.17023163282455528 0.0052598868496716031 0.1030792880778507 0.0059905159287154683 0.027168018317039262 0.11415173306242113 0.23585281209780415 7.0261630707055527e-10 0.0070074014365673074 0.013596329573851 2.7128410339355473 0.028789224937195382 1.0753631744772436e-11 4.202927099786901e-10
decision_type=2 2 2 2 2 2 2 2 2 2 2 2 2 2 2 2 2 2 2 2 2 2 2 2 2 2 2 2 2 2
left_child=2 5 3 4 15 8 14 13 19 20 23 12 -3 -4 21 16 -1 22 -6 -2 -10 -5 -18 25 -25 -11 28 29 -27 -28
right_child=1 11 7 6 18 -7 -8 -9 9 10 -12 -13 -14 -15 -16 -17 17 -19 -20 -21 -22 -23 -24 24 -26 26 27 -29 -30 -31
leaf_value=0.078888559079657666 -0.15151466339198155 -0.068315059450823598 -0.068891990111487375 -0.15624625345024826 0.09601585344683812 -0.168495614227824 -0.10968500752738773 0.071656749768709116 -0.15220171954329731 0.045094413590492703 0.14682685331713746 -0.17956641189527309 0.14265539751287426 0.042888158435325396 -0.060200692262613112 -0.16010318784138572 -0.041610538628981453 -0.056635666307537663 -0.14612227688007304 0.058676329396515597 0.1073434623662799 0.074976517004568852 -0.16614801367638499 -0.10166811182634428 0.072355020466484107 0.012429886317461166 0.035579090535347406 0.058140331740261286 -0.070798686607470962 -0.03881137407879004
leaf_weight=159.46582375466824 197.29814998805523 75.730235084891319 905.67649374902248 39.002197608351707 214.32619316875935 168.13907566666603 585.08984062075615 626.39915227890015 32.817683443427086 1161.7479122132063 258.58442582190037 36.910986810922623 2133.3323216885328 345.9906610250473 302.57465705275536 1368.0586415976286 136.50269174575806 676.46860752999783 50.602066904306412 73.382201746106148 955.10743510723114 553.44557727873325 1175.539063885808 85.624675691127777 875.6024459451437 514.94905439019203 625.01883202791214 1190.1925482898951 848.30910773575306 950.40243479609489
leaf_count=390 1461 421 4950 259 457 1332 3808 1585 233 3530 222 286 1953 1135 1611 10450 717 3618 349 197 1613 1370 9116 513 2183 1923 2059 3293 4696 4445
internal_value=-1.11821e-05 0.0473367 -0.0675474 -0.0911526 -0.114408 0.0238758 -0.0317471 -0.00142126 0.0280392 0.0324638 0.0224095 0.130246 0.135423 -0.0379933 0.0192021 -0.126778 -0.105553 -0.120344 0.0497668 -0.0945313 0.0987217 0.0597546 -0.153191 0.0172634 0.0568533 0.0100705 0.000215786 0.0197241 -0.0393604 -0.00929835
internal_weight=17322.3 10183.1 7139.14 5261.08 3780.96 7937.18 1480.11 1878.07 7769.04 7498.36 6510.43 2245.97 2209.06 1251.67 895.022 3516.03 2147.98 1988.51 264.928 270.68 987.925 592.448 1312.04 6251.85 961.227 5290.62 4128.87 2765.61 1363.26 1575.42
internal_count=70175 30360 39815 32145 25097 27700 7048 7670 26368 24710 22864 2660 2374 6085 3240 24291 13841 13451 806 1658 1846 1629 9833 22642 2696 19946 16416 9797 6619 6504
is_linear=0
shrinkage=0.1


Tree=3
num_leaves=31
num_cat=0
split_feature=4 2 10 14 5 17 8 17 1 3 5 14 14 19 7 7 1 12 1 10 12 3 8 12 1 3 13 14 14 13
split_gain=4561.08 1790.15 910.992 695.693 662.798 483.764 411.906 390.36 382.664 396.29 367.012 444.313 409.131 362.155 307.854 429.28 247.312 221.982 200.703 197.173 431.605 196.916 186.484 187.917 173.217 162.138 272.141 155.709 159.087 188.98
threshold=6.7528777772614089e-11 8.1764854323365806e-10 2.3261224031448369 0.0073061157017946252 0.024006271398183007 0.26795543323863641 1.3359311842394493e-11 0.1584916548295455 0.48274039119341167 0.091660168512980492 0.028592356953620734 0.005700441775843502 0.0052328382153064021 2.0516449213027959 0.068420112327198898 0.015796595884742339 0.58612565898278579 0.15098161995410922 0.20792691161598062 1.5391892194747927 0.13447323441505435 0.091660168512980492 1.0994136236849355e-11 0.10690967366099359 0.54703880061228638 0.12601429944499107 1.4559000730514529 0.0055808813776820907 0.0075192095246166 2.0625056028366093
decision_type=2 2 2 2 2 2 2 2 2 2 2 2 2 2 2 2 2 2 2 2 2 2 2 2 2 2 2 2 2 2
left_child=2 5 4 -3 8 10 -6 24 19 -10 11 -2 22 -5 15 27 -13 -17 -9 20 -1 -15 23 -12 25 26 -4 -14 -29 -30
right_child=1 3 7 13 6 -7 -8 18 9 -11 12 16 14 21 -16 17 -18 -19 -20 -21 -22 -23 -24 -25 -26 -27 -28 28 29 -31
leaf_value=0.064989817820148787 -0.13329984763074262 -0.099198252481776147 0.097849896182471044 0.1304055440831122 0.02488381003101502 -0.15852605320544272 -0.10343960265086803 -0.010886000335252799 0.047916975733518247 -0.13627229691446871 -0.090888532120374926 -0.0079022593290241222 -0.098657041341593768 -0.1452362520224432 0.058571956494353011 0.030992217337507594 0.083290110395892292 -0.075493364504423677 0.1292966360941577 -0.13520579716474973 -0.13992043289231582 0.05531789675654513 -0.1844470273293094 0.10641649922675872 0.078291137325054938 0.0047646473020771579 -0.082863528110389828 0.065196772718674176 -0.17712288643430837 0.1775847307883556
leaf_weight=165.13958978652954 260.17709252983332 155.68325961381197 92.044572971761227 2513.1172478422523 689.04420927166939 157.40290927141905 392.70360064506531 166.62252677977085 281.42156767845154 199.70288443565369 50.717504866421223 2381.774029456079 72.971040733158588 61.417270697653294 1262.546534076333 260.50076797604561 339.82173775136471 787.77187134325504 263.88252153992653 2560.8456946611404 272.26440405845642 241.31731624901295 24.098867729306221 1000.8400141596794 130.10394006967545 490.41050367057323 880.39228048175573 869.21689741313457 57.319655925035477 20.35375040769577
leaf_count=420 1880 988 219 2574 2365 1295 2634 667 877 1465 316 9856 439 424 3376 912 711 4511 318 19340 2115 611 186 1551 322 2000 5141 2228 421 13
internal_value=-2.52529e-05 0.0408379 -0.0652929 0.106581 -0.0900674 0.0149472 -0.021701 -0.00944818 -0.111323 -0.0285354 0.018643 -0.00845107 0.0369776 0.117958 0.0196611 -0.00409312 0.00348413 -0.0490312 0.0750404 -0.124607 -0.0625576 0.0146305 0.090597 0.0969003 -0.0322817 -0.042116 -0.0657584 0.0420968 0.0529439 -0.0841743
internal_weight=17101.6 10517 6584.58 2971.54 4561.12 7545.51 1081.75 2023.46 3479.37 481.124 7388.11 2981.77 4406.34 2815.85 3330.68 2068.13 2721.6 1048.27 430.505 2998.25 437.404 302.735 1075.66 1051.56 1592.95 1462.85 972.437 1019.86 946.89 77.6734
internal_count=70175 32292 37883 4597 29216 27695 4999 8667 24217 2342 26400 12447 13953 3609 11900 8524 10567 5423 985 21875 2535 1035 2053 1867 7682 7360 5360 3101 2662 434
is_linear=0
shrinkage=0.1


Tree=4
num_leaves=31
num_cat=0
split_feature=4 2 10 5 1 14 9 17 12 14 5 2 19 6 14 6 17 9 8 14 3 14 9 3 17 7 3 9 14 14
split_gain=3780.52 1446.92 802.249 570.019 599.119 451.712 424.89 357.185 304.552 353.389 309.568 302.23 293.09 239.136 215.686 202.65 198.617 482.794 247.918 224.794 206.142 192.398 181.894 181.704 173.272 167.434 165.124 164.206 156.935 283.168
threshold=7.1014341387397607e-11 1.0608581230174177e-09 2.4286438226699834 0.021094890068458681 0.57481202381445773 0.053724825382232673 0.0096927563560178353 0.14486416903409094 0.098362203687429442 0.0052328382153064021 0.0146072299264888 2.796197003127339e-10 2.0516449213027959 2.5070678363334952e-10 0.007838676683604719 1.2123199895099245e-10 0.085826526988636367 0.0059243110622997771 1.0267133775708664e-11 0.0053621050901710996 0.10161760222233147 0.0060637674760073432 0.0016502981608222721 0.12531282516277159 0.043923117897727279 0.0048399193457203124 0.12112493280053548 0.086843363838875712 0.0044614409562200317 0.005700441775843502
decision_type=2 2 2 2 2 2 2 2 2 2 2 2 2 2 2 2 2 2 2 2 2 2 2 2 2 2 2 2 2 2
left_child=2 5 3 4 16 8 11 13 21 24 -11 28 14 -4 -3 -8 17 19 -19 -1 -21 -2 -6 -20 -10 -12 -14 -9 -5 -30
right_child=1 12 7 6 22 -7 15 27 9 10 25 -13 26 -15 -16 -17 -18 18 23 20 -22 -23 -24 -25 -26 -27 -28 -29 29 -31
leaf_value=-0.14510190707077661 -0.14462816453908586 -0.049314818321830427 -0.008416550484996772 0.080637803237627106 -0.1731603559636391 -0.14972425984938997 -0.12306605368310963 0.095020900208038314 -0.091137588409407277 0.12737717906509391 -0.17612116835495267 -0.11146514591487061 -0.13106638484239161 -0.11454762192048307 0.13010636773692474 0.032520204271254238 -0.14735455359910429 0.089841787828424627 -0.10973949004966761 0.036247294914519355 -0.14274386806228898 0.064002534201821587 0.075587937448549136 0.045038052023276827 0.090565577978017384 0.014765160117520215 0.069152922551324325 -0.017787565125255509 -0.068229153069855747 0.070980401184826
leaf_weight=1111.1797444447875 170.04559732973576 69.475573971867561 969.51151609420776 354.49407263100147 33.771450392901897 154.47719340026379 519.47475963830948 433.35633972287178 55.46183942258358 247.57735096663237 46.299245491623878 185.78302874416113 69.934061631560326 271.83056512475014 1880.2301367670298 99.798150070011616 1150.1032576337457 163.80805133283138 233.64305859804153 147.09779354184866 114.37136302888393 59.727988302707672 226.92672238498926 112.30752632021904 976.5460312217474 6105.3818121254444 100.2186651006341 183.74612128734589 314.8009285479784 272.69163518399
leaf_count=9089 1366 383 4230 901 270 1332 3852 841 360 258 336 1282 463 1855 1599 428 9543 386 1591 550 843 142 536 435 1728 22178 215 744 1679 760
internal_value=-3.53542e-05 0.0394533 -0.0569062 -0.0776134 -0.102107 0.0195784 -0.0314416 -0.000746847 0.0229922 0.0264982 0.0177409 0.00510251 0.112728 -0.0316573 0.123713 -0.0979927 -0.114613 -0.0946092 -0.0115053 -0.125471 -0.0420467 -0.0903961 0.0433645 -0.0594933 0.0808005 0.0133285 -0.0131387 0.0614315 0.0280925 -0.00361339
internal_weight=16834.1 9935.38 6898.7 5040.25 3293.21 7815.52 1747.04 1858.44 7661.04 7431.27 6399.26 1127.77 2119.86 1241.34 1949.71 619.273 3032.51 1882.41 509.759 1372.65 261.469 229.774 260.698 345.951 1032.01 6151.68 170.153 617.102 941.987 587.493
internal_count=70175 30360 39815 32145 23243 27700 8902 7670 26368 24860 22772 4622 2660 6085 1982 4280 22437 12894 2412 10482 1393 1508 806 2026 2088 22514 678 1585 3340 2439
is_linear=0
shrinkage=0.1


Tree=5
num_leaves=31
num_cat=0
split_feature=4 2 10 14 5 14 17 1 12 12 3 5 14 14 17 6 7 8 14 1 14 1 8 7 8 1 15 11 14 6
split_gain=3145.62 1331.11 665.643 577.198 516.185 359.824 347.755 324.841 320.645 296.677 294.479 293.236 310.182 294.247 272.961 267.831 258.087 452.952 263.875 206.642 200.898 163.793 162.627 159.383 158.851 200.936 152.962 178.016 147.047 155.401
threshold=6.7528777772614089e-11 7.9550198566209144e-10 2.3261224031448369 0.0071072664577513942 0.022210899503819551 0.0044614409562200317 0.26795543323863641 0.48274039119341167 0.44406966865062719 0.11413499340415002 0.10161760222233147 0.028592356953620734 0.005700441775843502 0.0052328382153064021 0.1584916548295455 1.9981247604894413e-11 0.057974650795289649 1.9384796728480654e-11 0.0076785432174801835 0.53500423235387895 0.0055808813776820907 0.20792691161598062 1.06475024879302e-11 0.0048399193457203124 1.4457417485978072e-11 0.30827647545611431 0.00011350693603162655 1.6021161286516875e-08 0.0052598868496716031 1.5324140605882237e-11
decision_type=2 2 2 2 2 2 2 2 2 2 2 2 2 2 2 2 2 2 2 2 2 2 2 2 2 2 2 2 2 2
left_child=2 6 4 -3 7 9 11 -1 26 -6 28 12 -2 22 -4 20 17 18 24 -14 -7 -16 -13 -21 -15 -26 27 -5 -9 -30
right_child=1 3 14 8 5 15 -8 10 -10 -11 -12 13 19 16 21 -17 -18 -19 -20 23 -22 -23 -24 -25 25 -27 -28 -29 29 -31
leaf_value=-0.11387449092976326 -0.11843226701226271 -0.10049409520682605 -0.026918701545560916 0.092267829457277226 -0.14161052888377484 -0.14346825608127367 -0.14334461984236921 -0.14317333321719308 -0.046468408233099001 0.1089611567259641 -0.14411760873542223 0.085959262109963061 -0.014306065728961946 0.018069417869816119 -0.013511483076237805 -0.084682795265326502 0.050300984009917997 -0.095448049584699962 -0.13553442458305273 -0.10668193102676737 0.092570377196763851 0.11424063400446481 -0.1133838610183521 0.072883765251842036 -0.1768786526862885 0.15841471534781465 0.13708267152935347 -0.22083195774414263 -0.076112932370426059 0.097508927674041623
leaf_weight=2580.1424036994576 241.78885158896446 148.28410889208317 1575.7080786600709 1429.5156883150339 57.132255002856255 45.810129910707474 142.11471556127071 42.89260295778513 138.01590973883867 273.23441205918789 140.24464010447264 989.26527145504951 2109.0778051689267 1224.4511007070541 165.82726783305407 726.69471615552902 1338.4639510810375 444.27077956497669 102.32090485841036 54.976197525858879 169.39421715587378 254.20948514342308 42.691309474408627 490.00938081741333 20.198925517499447 155.24463953077793 1155.0996040180326 18.392727263271809 67.960115656256676 213.51819404959679
leaf_count=20542 1838 1004 7682 2296 413 318 1295 333 680 491 1180 1779 8986 4288 667 4760 3677 2840 722 327 368 318 271 1134 159 140 722 134 360 451
internal_value=-5.75262e-05 0.0341589 -0.0555829 0.091671 -0.0776615 -0.0241683 0.0115656 -0.100014 0.102067 0.0656283 -0.0230417 0.0146179 -0.0100003 0.0311322 -0.00782441 -0.0556641 0.0164991 -0.00674415 0.0194895 -0.000122018 0.0423253 0.0638051 0.0777126 0.0547698 0.0308205 0.119812 0.109942 0.0882905 0.0293066 0.0555897
internal_weight=16557 10244.2 6312.77 2889.31 4317.02 1272.27 7354.87 3044.76 2741.02 330.367 464.616 7212.76 2895.85 4316.91 1995.74 941.899 3284.95 1946.49 1502.22 2654.06 215.204 420.037 1031.96 544.986 1399.89 175.444 2603.01 1447.91 324.371 281.478
internal_count=70175 32292 37883 4836 29216 6350 27456 22866 3832 904 2324 26161 12285 13876 8667 5446 11826 8149 5309 10447 686 985 2050 1461 4587 299 3152 2430 1144 811
is_linear=0
shrinkage=0.1


Tree=6
num_leaves=31
num_cat=0
split_feature=4 2 10 5 14 9 12 14 1 19 2 1 3 3 14 18 10 14 7 7 9 17 1 14 13 6 2 10 14 7
split_gain=2608.56 1148.69 570.95 451.279 320.671 316.206 258.235 286.789 262.185 250.564 249.483 249.44 236.314 231.029 191.265 170.785 169.933 142.178 538.668 140.88 140.113 161.061 162.254 152.269 152.174 131.115 220.145 230.499 212.764 196.234
threshold=6.7528777772614089e-11 1.0152607360007003e-09 2.3261224031448369 0.021094890068458681 0.053724825382232673 0.0081093883254445311 0.09987241774797441 0.0051111290231347093 0.64396526752335337 2.0516449213027959 2.796197003127339e-10 0.48274039119341167 0.054561390877852965 0.10161760222233147 0.0065799446310848006 0.23932059836277572 2.1666698455810551 0.0041416005697101363 0.011523313384532137 0.015607042858603965 0.035929444040581425 0.1433549360795455 0.22470502285322067 0.0061672457959502944 1.448279142379761 3.3294097275587586e-11 5.2105674306890533e-10 2.5562524795532231 0.0056715016253292569 0.0057892975164966116
decision_type=2 2 2 2 2 2 2 2 2 2 2 2 2 2 2 2 2 2 2 2 2 2 2 2 2 2 2 2 2 2
left_child=2 4 3 11 6 10 -2 19 15 14 -5 17 -4 -13 -3 25 -17 18 -1 -8 23 -22 24 -14 -23 28 -27 -28 -9 -30
right_child=1 9 12 5 -6 -7 7 8 -10 -11 -12 13 20 -15 -16 16 -18 -19 -20 -21 21 22 -24 -25 -26 26 27 -29 29 -31
leaf_value=-0.13765054526240816 -0.081736684792840644 -0.12696905262075769 0.063386004399960894 0.03038825288227533 -0.13741150673602082 -0.087546709449026677 -0.0014636653396914181 -0.12304102150401042 0.11870557287707316 -0.014217464482216398 -0.12655124890949557 0.021703673249062781 -0.17626418517400749 -0.13669027370738865 0.11265406300000075 -0.13509657229917729 0.048425183585558994 -0.12230937932469282 0.070824843598524909 0.094782876251942524 -0.082668066890119907 0.06805931304317607 0.067249859381931648 0.02129215341569872 -0.1446494165753163 -0.025338797882102651 -0.067406525071392942 0.042163152607286293 -0.060979275817770566 0.057811954500227962
leaf_weight=350.0644731298089 257.54853022843599 33.917761832475662 384.01978576928377 776.33643127977848 137.29488486796618 530.85953717678785 195.0564189478755 84.973027102649212 226.87356793880463 182.85974632948637 116.49137862771749 303.86183294653893 41.471385970711708 132.12564636766911 1859.7133223265409 52.519375860691071 1283.5121800526977 1788.0730895847082 191.8722909912467 690.29825743287802 564.66049230843782 50.881238400936127 185.79680950939655 658.67059926688671 99.218623720109463 2539.3822923824191 229.87260913848877 1165.148712977767 162.02992398291826 980.98206885159016
leaf_count=3169 1795 257 1047 2702 1328 3896 760 546 218 739 931 1110 324 1169 1927 384 3832 15624 615 1054 3509 132 443 2552 660 11420 1237 3418 812 2565
internal_value=-5.69812e-05 0.0312912 -0.0512444 -0.072174 0.0141003 -0.0264283 0.016744 0.0200767 0.0130334 0.0975675 0.00991163 -0.0957198 -0.0070627 -0.0262975 0.108362 0.0093442 0.0412109 -0.10871 -0.06384 0.0735784 -0.0239639 -0.0500507 0.00478074 0.00959033 -0.0725449 0.00109705 -0.00780638 0.0241082 0.0296232 0.0409725
internal_weight=16256.4 10082 6174.4 4189.68 8005.49 1423.69 7868.2 7610.65 6725.29 2076.49 892.828 2766 1984.72 435.987 1893.63 6498.42 1336.03 2330.01 541.937 885.355 1600.7 900.557 335.897 700.142 150.1 5162.39 3934.4 1395.02 1227.99 1143.01
internal_count=70175 32292 37883 29216 29369 7529 28041 26246 24432 2923 3633 21687 8667 2279 2184 24214 4216 19408 3784 1814 7620 4744 1235 2876 792 19998 16075 4655 3923 3377
is_linear=0
shrinkage=0.1


Tree=7
num_leaves=31
num_cat=0
split_feature=4 0 10 5 1 17 3 12 8 3 14 17 17 8 14 6 4 7 6 2 13 7 12 18 5 14 8 7 12 19
split_gain=2174.39 953.146 507.832 382.007 428.285 355.066 325.588 293.052 279.11 265.709 234.47 226.055 216.917 424.403 214.373 193.44 166.968 155.766 154.557 147.722 229.273 154.304 241.18 163.259 179.939 161.764 156.985 154.429 146.532 139.671
threshold=7.1014341387397607e-11 6.3023917366466066e-09 2.4286438226699834 0.021094890068458681 0.62966275401144667 0.18743341619318185 0.22021715651182508 0.098362203687429442 1.0356257108196418e-11 0.094877688976430147 0.0052328382153064021 0.14486416903409094 0.085826526988636367 7.5796448256545282e-12 0.0042309956625103959 2.2860208073674279e-10 1.1715764670008476e-10 0.0098011808617794322 1.2123199895099245e-10 5.8994322455876752e-10 2.2429584264755253 0.013596329573851 0.28816884756088262 0.32824125476393179 0.027837422285132241 0.0055227435659617194 2.5960228364882643e-10 0.0048399193457203124 0.14898732304573062 1.2090609669685366
decision_type=2 2 2 2 2 2 2 2 2 2 2 2 2 2 2 2 2 2 2 2 2 2 2 2 2 2 2 2 2 2
left_child=2 5 3 4 12 6 7 -2 9 -5 16 15 13 -1 -15 29 28 -10 -19 21 -21 25 -23 24 26 -12 -24 -27 -9 -4
right_child=1 -3 11 8 -6 -7 -8 10 17 -11 19 -13 -14 14 -16 -17 -18 18 -20 20 -22 22 23 -25 -26 27 -28 -29 -30 -31
leaf_value=-0.11894776363986781 -0.10075419018014697 0.11079788034864105 0.023920063070379728 0.058310932971641007 0.084145700394861869 -0.11772487862578059 0.1083122979485832 0.042244933139956302 0.11542319602676002 -0.055076482425444696 -0.17941571416929325 0.050138257302875404 -0.13017541959378531 0.081073129772003982 -0.045817081737885193 -0.092590214150392147 0.11446041116518822 -0.095040495206421383 0.039701580718774845 -0.0071239298555874049 0.065217536088532535 -0.036433425272933244 0.078601136444906086 0.067527369803930468 0.032907091456022067 -0.14679796484521265 -0.054744075240314709 0.051047351494218067 -0.18786171737677956 -0.0618015957302194
leaf_weight=935.9815990254283 207.65128288418055 1274.7175530716777 640.84789323806763 538.09139247983694 143.90827520191669 188.67979933321476 406.04264523088932 532.73735837638378 44.237107530236244 335.54562270641327 33.661791190505028 599.33121878653765 997.77545694261789 163.71211317181587 712.99898864328861 313.34885029494762 405.94533865898848 658.90092923492193 97.760480411350727 721.36365714669228 1115.7008887827396 1547.1159495487809 102.88078697025776 472.38465265929699 801.79533052444458 41.061839438974857 622.47023358941078 1006.7392031103373 29.190580070018768 270.22223652899265
leaf_count=8501 1615 1284 2439 1441 300 1690 467 1413 83 2016 262 1585 9544 431 4467 2140 460 4934 428 2855 2483 7594 256 1197 2450 304 3149 2677 204 1506
internal_value=-7.11081e-05 0.0303301 -0.0448773 -0.0624863 -0.084114 0.0178749 0.0210544 0.0164173 -0.0243286 0.0147612 0.0196907 -0.0001835 -0.0927296 -0.072118 -0.0221223 -0.0248151 0.0655936 -0.0669686 -0.0776318 0.0128187 0.0368111 0.0032953 -0.00678757 0.0161506 0.000258483 0.036362 -0.0358309 0.0432941 0.0302915 -0.00150487
internal_weight=15962.8 9510.14 6452.66 4628.91 2954.38 8235.42 8046.74 7640.7 1674.54 873.637 7433.05 1823.75 2810.47 1812.69 876.711 1224.42 967.873 800.899 756.661 6465.17 1837.06 4628.11 3546.65 1999.53 1527.15 1081.46 725.351 1047.8 561.928 911.07
internal_count=70175 30360 39815 32145 23243 29076 27386 26919 8902 3457 25304 7670 22943 13399 4898 6085 2077 5445 5362 23227 5338 17889 14646 7052 5855 3243 3405 2981 1617 3945
is_linear=0
shrinkage=0.1


Tree=8
num_leaves=31
num_cat=0
split_feature=4 0 10 5 3 14 12 17 8 14 14 14 3 6 17 0 5 10 3 14 0 18 8 8 13 12 14 9 13 14
split_gain=1815.26 883.675 426.721 363.587 337.863 294.814 273.705 262.676 444.362 207.185 189.912 181.954 179.399 169.712 158.973 150.224 161.831 148.643 141.095 131.396 116.974 116.168 114.045 110.444 108.381 104.217 103.047 113.082 205.949 120.373
threshold=6.7528777772614089e-11 6.9428524984074067e-09 2.3261224031448369 0.024583732990929041 0.22021715651182508 0.053724825382232673 0.098362203687429442 0.087957208806818191 7.5796448256545282e-12 0.0049920568708330402 0.004175078123807908 0.0046578932087868461 0.053631894136308873 1.9981247604894413e-11 0.045565518465909095 2.218608258756033e-09 0.027837422285132241 2.1347355842590336 0.061745659496807513 0.0055808813776820907 1.53465857584254e-10 0.6896758683830162 2.0620649233401584e-10 1.06475024879302e-11 1.3501442074775698 0.11770193651318551 0.015014621894806625 0.035929444040581425 1.5128262639045718 0.0061672457959502944
decision_type=2 2 2 2 2 2 2 2 2 2 2 2 2 2 2 2 2 2 2 2 2 2 2 2 2 2 2 2 2 2
left_child=2 4 3 7 5 6 -2 8 25 23 -10 24 -4 19 -12 16 21 -15 -17 -13 -18 -11 26 -8 -5 -1 27 29 -29 -14
right_child=1 -3 12 11 -6 -7 9 -9 10 15 14 13 22 17 -16 18 20 -19 -20 -21 -22 -23 -24 -25 -26 -27 -28 28 -30 -31
leaf_value=-0.1202797640487743 -0.095469465037959306 0.11044960938685729 0.058759256830394103 0.070885782015691318 0.10319603669880287 -0.13173552172459987 0.075785510747210905 -0.12197189362338223 0.082719446721167156 -0.033983391248562082 0.036613714431399443 -0.15222848511387488 -0.15932209047465168 -0.10518833460428821 -0.061578793661305468 -0.076613096687075166 -0.16418828030178539 0.018032932816517407 0.035724780242409722 0.08519435512956422 0.015195677956588181 0.10947879375225318 -0.076724234157510909 -0.18360144008076273 -0.15308644650206282 -0.034006837194846685 0.087373194294871753 0.067789545304693527 -0.085190940233237089 0.020706043724256547
leaf_weight=829.99588774889708 223.65860805660486 1106.6827381104231 352.08364801853895 284.18125069886446 418.72812470048666 141.97779002040625 665.33321311324835 1004.4619589671493 178.34178256988525 1320.6979680210352 237.05234261602163 27.877222076058388 39.373297363519669 342.37286131083965 541.54399080574512 116.99632253497839 36.774864047765732 137.10050977766514 2519.4012378081679 142.27132293581963 3157.6053697243333 58.963112704455853 290.87208810448647 16.830410197377205 23.383356086909771 168.4347460642457 105.26985357701778 112.90110944956541 399.00768503546715 654.96968294680119
leaf_count=8079 1796 1046 960 679 502 1520 1254 10173 427 6263 878 197 324 2572 3887 639 271 749 7394 282 11368 106 1822 133 163 1130 187 338 2501 2535
internal_value=-8.25682e-05 0.0262969 -0.0440385 -0.0630815 0.0155638 0.0111205 0.0136194 -0.0804072 -0.0590556 0.0167108 -0.0103621 -0.00950657 -0.00587396 -0.0395065 -0.031683 0.0117273 0.000768985 -0.0699545 0.0307395 0.0462949 0.0131305 -0.0278522 -0.0200754 0.0693859 0.0538577 -0.105726 -0.00751171 -0.0157923 -0.0514512 0.0104974
internal_weight=15655.1 9783.65 5871.49 3917.02 8676.97 8258.24 8116.26 2959.83 1955.37 7892.6 956.938 957.187 1954.48 649.622 778.596 7210.44 4574.04 479.473 2636.4 170.149 3194.38 1379.66 1602.39 682.164 307.565 998.431 1311.52 1206.25 511.909 694.343
internal_count=70175 32292 37883 29216 31246 30744 29224 24574 14401 27428 5192 4642 8667 3800 4765 26041 18008 3321 8033 479 11639 6369 7707 1387 842 9209 5885 5698 2839 2859
is_linear=0
shrinkage=0.1


Tree=9
num_leaves=31
num_cat=0
split_feature=4 15 4 12 3 12 1 17 12 13 12 14 7 10 12 14 6 8 2 8 3 9 14 8 3 7 7 10 12 7
split_gain=1511.67 740.37 404.539 302.15 246.17 223.185 221.672 219.791 223.84 190.288 185.388 173.256 309.941 163.578 161.387 188.4 173.093 155.97 153.282 169.617 228.435 174.027 159.822 161.336 150.053 147.012 134.558 171.443 235.113 179.366
threshold=7.1014341387397607e-11 0.00010771776942419821 3.089159149639801e-11 0.098362203687429442 0.052642271403297053 0.61143475770950328 0.60007383106634415 0.19881924715909094 0.092706747353076949 1.2441498041152956 0.14229544252157214 0.0041416005697101363 0.011175849506360571 2.4286438226699834 0.17935726046562198 0.0054677675943821677 2.7743176021978794e-11 2.0620649233401584e-10 7.9550198566209144e-10 9.7837431865336821e-12 0.10721167521275785 0.0046084790766220919 0.0061149434186518201 1.0294622566496847e-09 0.11594485175510068 0.00457060568035428 0.013596329573851 2.4747028350830083 0.14809402078390124 0.057044598967135277
decision_type=2 2 2 2 2 2 2 2 2 2 2 2 2 2 2 2 2 2 2 2 2 2 2 2 2 2 2 2 2 2
left_child=2 7 11 -4 -5 -3 9 8 -2 10 -6 12 -1 14 15 -11 24 -15 19 20 -10 -21 -20 -24 25 -17 -23 28 -28 -30
right_child=1 5 3 4 6 -7 -8 -9 18 13 -12 -13 -14 17 -16 16 -18 -19 22 21 -22 26 23 -25 -26 -27 27 -29 29 -31
leaf_value=-0.12598184242684046 -0.11628676415093329 0.10849543224625301 -0.1212918185473456 0.045212224403112497 0.091068209859474378 -0.16136816899196357 0.088711531795910403 -0.11364394530630235 0.062861911290210223 -0.072264716856762945 -0.10398329733367405 -0.11111537623021546 0.067121375246187609 0.0062295960725645486 -0.096051695931517855 -0.12484277316773801 -0.056622998122897207 -0.070111521132366725 -0.15816642133981398 -0.081106938848078847 -0.010069628808382747 0.072822028843166645 0.064978690351690085 -0.07548540596715024 -0.11135475053039685 0.088220038437157963 0.045220233639969368 0.012223197058512231 -0.092741809846511203 0.10702540504054357
leaf_weight=162.21960365772247 124.08852914720774 1105.9756845384836 308.37341079860926 527.73503144085407 217.07635791599751 31.519640043377876 157.95960915088654 130.9511062502861 1250.3692075833678 748.77554309368134 62.833175867795944 930.9585879817605 170.46084613353014 1097.8509240970016 681.32750868052244 36.084634460508823 312.03094274550676 353.89303690940142 35.951124712824821 237.15075799077749 654.15406008064747 288.73725809901953 1219.2478885799646 87.649853892624378 54.917843125760555 315.82988940924406 230.05176734179258 3279.8393030613661 506.0972868129611 49.326651275157928
leaf_count=1717 1125 1040 3071 1757 446 292 293 1402 2878 5809 410 9434 483 4525 5937 243 2164 2210 304 1313 2700 626 2426 433 445 871 648 11796 3281 96
internal_value=-9.93e-05 0.0254746 -0.0385586 -0.0254881 -0.0190183 0.101018 -0.0274115 0.0148577 0.016971 -0.0321382 0.0472837 -0.0889803 -0.0270384 -0.0383123 -0.0558308 -0.037159 -0.000592423 -0.0123802 0.0190805 0.0127224 0.0378118 0.00231482 0.0498363 0.0555582 0.0423817 0.066373 0.00685852 0.0021735 -0.0397901 -0.0750007
internal_weight=15369.4 9231.11 6138.33 4874.69 4566.31 1137.5 4038.58 8093.61 7962.66 3880.62 279.91 1263.64 332.68 3600.71 2148.97 1467.64 718.863 1451.74 7838.58 6495.73 1904.52 4591.2 1342.85 1306.9 406.832 351.915 4354.05 4065.32 785.476 555.424
internal_count=70175 30360 39815 28181 25110 1332 23353 29028 27626 23060 856 11634 2200 22204 15469 9532 3723 6735 26501 23338 5578 17760 3163 2859 1559 1114 16447 15821 4025 3377
is_linear=0
shrinkage=0.1


Tree=10
num_leaves=31
num_cat=0
split_feature=4 0 4 3 3 12 17 12 17 3 14 7 6 14 7 18 14 17 13 15 3 2 4 14 6 10 3 17 10 6
split_gain=1261.68 688.715 333.904 268.939 265.138 217.287 216.023 204.571 164.975 224.056 305.352 212.585 176.384 153.449 266.645 145.688 129.904 175.53 124.205 108.269 161.693 135.766 135.453 116.151 134.561 175.061 121.086 121.932 158.748 130.853
threshold=6.7528777772614089e-11 6.9428524984074067e-09 3.089159149639801e-11 0.23517923405291891 0.052642271403297053 0.098362203687429442 0.26795543323863641 0.092706747353076949 0.089066938920454572 0.094877688976430147 0.0061672457959502944 0.044700921720286772 1.9981247604894413e-11 0.0041416005697101363 0.011175849506360571 0.15378632142462514 0.0049920568708330402 0.043923117897727279 2.128265500068665 6.6087872255593552e-05 0.12895961270073106 1.5381020155441629e-09 9.9983788693315986e-11 0.0055808813776820907 3.0563744368253537e-11 2.4747028350830083 0.058595791653134936 0.12670898437500003 3.133758664131165 2.2140534443914692e-10
decision_type=2 2 2 2 2 2 2 2 2 2 2 2 2 2 2 2 2 2 2 2 2 2 2 2 2 2 2 2 2 2
left_child=2 3 13 6 -4 -6 7 -2 9 -7 15 12 -10 14 -1 -11 17 -9 -12 22 21 -21 23 -18 -25 -26 -27 29 -29 -28
right_child=1 -3 4 -5 5 8 -8 16 11 10 18 -13 -14 -15 -16 -17 19 -19 -20 20 -22 -23 -24 24 25 26 27 28 -30 -31
leaf_value=-0.12175599007983713 -0.11850248773471067 0.10083380831806461 0.043104830024687485 0.10356334075583612 -0.12022612762460844 0.033665679184543447 -0.12464439335498166 -0.12993072160357275 0.036537528018112213 -0.097059774121400474 0.048681773429274877 -0.021168931093701632 -0.11459387735551017 -0.10618831506096378 0.060794320506085943 0.068667903836459404 -0.093194681516169608 0.069252994045323299 -0.062885391877008798 0.010730212744632464 0.060168570939737445 -0.27666896936629626 0.016041435803301748 0.033960092635909128 -0.090646068542793723 -0.11752912408888827 0.019660278987531296 0.077589104292260472 -0.055567185762453064 -0.075605756429440923
leaf_weight=151.61256594955921 119.56090469658375 993.47281020134687 504.90862585604191 314.72797253727913 271.39043852686882 782.18865571916103 118.54903356730938 47.595193266868591 89.163066118955612 581.81416393071413 397.13636063039303 982.47401141375303 576.69688466191292 879.42841362953186 169.43497057259083 58.364583380520344 189.19210124015808 628.16822368651628 133.27068096399307 1785.6306048184633 890.60494031757116 16.589632101356983 2460.0384837985039 493.8979923799634 328.72668910771608 92.035789042711258 286.68077953159809 327.39031309634447 123.23478128015995 290.0610810443759
leaf_count=1717 1191 1046 1668 333 2917 2979 1470 411 313 5184 1476 5213 5462 9434 483 282 1210 1197 755 6212 2016 143 8698 1504 2203 592 1053 804 623 1586
internal_value=-0.00011021 0.0220436 -0.037866 0.0128483 -0.0250531 -0.0339398 0.00936569 0.011332 -0.027437 -0.0077723 -0.0354613 -0.0507337 -0.0943564 -0.0845865 -0.0254139 -0.0819505 0.0132822 0.0552241 0.0206493 0.00939114 0.0253105 0.00808467 5.42452e-05 -0.0183996 -0.011113 -0.0264856 -0.00764411 0.00219984 0.0411742 -0.0282519
internal_weight=15084 9506.16 5577.88 8512.68 4377.41 3872.5 8197.96 8079.41 3601.11 1952.77 1170.59 1648.33 665.86 1200.48 321.048 640.179 7959.85 675.763 530.407 7284.08 2692.83 1802.22 4591.26 2131.22 1942.03 1448.13 1119.4 1027.37 450.625 576.742
internal_count=70175 32292 37883 31246 26249 24581 30913 29443 21664 10676 7697 10988 5775 11634 2200 5466 28252 1608 2231 26644 8371 6355 18273 9575 8365 6861 4658 4066 1427 2639
is_linear=0
shrinkage=0.1


Tree=11
num_leaves=31
num_cat=0
split_feature=0 4 12 14 13 4 14 17 1 2 17 7 3 8 1 17 3 14 2 19 3 5 3 19 14 6 17 17 9 3
split_gain=1058.23 694.461 350.238 271.957 209.974 206.571 235.602 197.001 182.224 201.834 169.486 462.623 149.935 148.916 145.788 305.643 177.841 134.983 131.685 130.132 139.484 229.294 130.055 126.934 123.458 112.5 109.654 154.651 109.103 360.197
threshold=4.6053059725090226e-09 3.9684343292747515e-11 0.098362203687429442 0.014563179574906828 2.1812243461608891 9.9983788693315986e-11 0.0052598868496716031 0.26795543323863641 0.11415173306242113 1.1952664144507119e-10 0.087957208806818191 0.011523313384532137 0.23517923405291891 2.3826040469082497e-10 0.22834819107407098 0.1409135298295455 0.064347885351937986 0.0042865225113928327 2.8164249969653596e-10 0.68378618359565746 0.11293804229980417 0.022920775627624995 0.13525946553656945 0.16407667845487597 0.0059150275774300107 5.4765710269215025e-10 0.094881924715909102 0.12617631392045456 0.0054075353121698184 0.10721167521275785
decision_type=2 2 2 2 2 2 2 2 2 2 2 2 2 2 2 2 2 2 2 2 2 2 2 2 2 2 2 2 2 2
left_child=1 3 24 10 23 8 -7 12 -4 13 11 -1 -8 -10 -11 16 -16 -13 -19 -6 21 -21 -12 -2 -3 -17 28 -28 29 -18
right_child=4 2 5 -5 19 6 7 -9 9 14 22 17 -14 -15 15 25 26 18 -20 20 -22 -23 -24 -25 -26 -27 27 -29 -30 -31
leaf_value=-0.1119091670677201 0.081823400618085282 -0.12169675562119855 -0.11287917591198038 0.097582432357741014 0.10799864819359284 0.083471066085761131 0.010923363992805055 -0.12140725493096599 0.053938378460875229 -0.058451183620562841 -0.10990092107200866 0.073711287277049051 0.10432766068302168 -0.11345671130133138 -0.10063190876088049 0.086391045050398754 0.031890977820033653 -0.082146279660620797 0.055399992752290218 0.049415118284939927 0.089390750867246072 -0.16328039965290392 0.094396385528939322 -0.1610619368686956 0.048499598620853013 -0.096009765130161115 -0.06127324692634134 0.024002828327097069 0.020558871779154608 -0.068631074554465515
leaf_weight=512.19240786880255 34.205457970499992 302.85608714818954 163.03760684281588 100.57228281348944 930.03771163523197 510.77404653280973 3872.2375444099307 108.60282177478075 723.76918485760689 618.38637422025204 877.37440107017756 254.25496939569712 179.83980822563171 57.355770900845528 230.57370699197054 413.62254156917334 703.04691874980927 171.21002481132746 117.28699111193419 191.57764779776335 356.83214744180441 68.917585641145706 32.307844504714012 58.003268346190453 49.600779995322227 36.824802979826927 765.36503075063229 294.49534498155117 1353.7183954566717 723.09771284461021
leaf_count=5656 59 3444 1206 152 872 825 13682 1461 2277 3708 9887 723 178 360 1580 890 2419 1476 520 452 468 442 91 467 166 225 4787 1218 5265 5219
internal_value=-0.000125603 -0.00955569 0.000345109 -0.0628049 0.0756361 0.00355975 0.0193751 0.0115065 -0.00858509 -0.00571294 -0.0710153 -0.0437408 0.0150688 0.041647 -0.0129114 -0.00668213 -0.015332 0.0205893 -0.0262275 0.084372 0.0487771 -0.0068564 -0.102645 -0.070962 -0.0977453 0.0714795 -0.0102098 -0.0375782 0.000224761 -0.0190767
internal_weight=14812 13172.4 11107.2 2065.2 1639.57 10754.7 4671.45 4160.68 6083.29 5920.26 1964.63 1054.94 4052.08 781.125 5139.13 4520.74 4070.3 542.752 288.497 1547.37 617.327 260.495 909.682 92.2087 352.457 450.447 3839.72 1059.86 2779.86 1426.14
internal_count=70175 67415 48910 18505 2760 45300 16146 15321 29154 27948 18353 8375 13860 2637 25311 21603 20488 2719 1996 2234 1362 894 9978 526 3610 1115 18908 6005 12903 7638
is_linear=0
shrinkage=0.1


Tree=12
num_leaves=31
num_cat=0
split_feature=4 15 10 9 3 14 8 12 14 12 17 9 8 1 8 13 10 10 6 5 3 5 14 6 12 7 14 17 0 17
split_gain=909.017 572.526 288.67 236.836 302.973 175.158 167.643 189.456 202.779 164.957 159.1 226.766 200.639 164.584 136.447 132.753 188.665 132.445 154.824 139.545 131.928 137.811 135.498 235.122 182.345 131.744 154.926 131.148 129.865 119.923
threshold=6.2880817104515078e-11 0.00011350693603162655 2.3261224031448369 0.0096927563560178353 0.088239204950705627 0.10237859934568407 5.4116062220601036e-12 0.1401791796088219 0.0055227435659617194 0.098362203687429442 0.082763671875000014 0.0053043158953999811 1.0090660743976614e-11 0.23403098190524282 1.7149053700039882e-11 1.3472023606300356 2.0117158889770512 2.9140065908432011 4.6866198021921676e-10 0.03092800225871643 0.12180324389191576 0.027168018317039262 0.0060899988748133191 2.277608727211023e-11 0.14898732304573062 0.015796595884742339 0.0057865779381245383 0.16554953835227273 2.8673181533488265e-10 0.12098277698863637
decision_type=2 2 2 2 2 2 2 2 2 2 2 2 2 2 2 2 2 2 2 2 2 2 2 2 2 2 2 2 2 2
left_child=2 9 3 4 6 -3 -1 15 -9 -2 11 12 20 25 -14 -8 -17 29 -19 -20 22 -22 24 -24 -11 26 -12 -4 -29 -15
right_child=1 5 27 -5 -6 -7 7 8 -10 10 13 -13 14 17 -16 16 -18 18 19 -21 21 -23 23 -25 -26 -27 -28 28 -30 -31
leaf_value=-0.10192749697473753 -0.074462563812551341 0.10203232700399199 -0.014549688993410671 -0.094233573974294077 -0.073466673517422768 -0.19001989821502394 0.090612978750921336 -0.12568139255578067 0.024061508424536634 0.067292479866688459 -0.18783032291989538 0.053151561278481585 -0.091916366907693919 -0.041914479367835732 0.077421329683050266 -0.10684751147960557 0.065855065462235615 0.050966862172744133 -0.019311026607339531 0.038044346880000308 -0.10279548106616353 0.0094637319114099852 -0.12551128654349281 0.050134727345858832 -0.2252404940209754 -0.052119936007520379 0.075661445141672543 -0.093066508841070539 0.091035837568157349 0.044016400588539124
leaf_weight=137.98644310981035 226.2812932357192 846.24625001102686 1358.5754378288984 982.06720525026321 1055.5378731563687 21.046346601098776 347.04292272031307 159.59036706387997 208.69195550680161 800.51151572912931 25.816304512321949 1795.1686710119247 293.49277696758509 733.10451021045446 56.790738590061665 105.7757481560111 157.35377466678619 1046.5672842785716 1111.1467832475901 686.1399484500289 151.7086918130517 391.70727264881134 123.29682715982199 199.56229107826948 21.890789926052094 850.04946361482143 164.51533497869968 45.859657466411591 232.90621190518141 208.62343849986792
leaf_count=1559 2073 855 6668 11173 10272 237 756 1614 1095 1752 191 4459 1713 3874 109 933 429 2810 4692 1855 1186 1428 754 496 173 5366 344 270 354 685
internal_value=-0.000128497 0.0173932 -0.0357967 -0.0534818 -0.0350557 0.0949452 0.00125985 0.0158118 -0.0408276 0.00982423 0.0120266 0.0272332 0.00441384 -5.47807e-05 -0.064462 0.0499978 -0.00356985 0.00962646 0.0203902 0.00258521 0.0187008 -0.0218763 0.0379543 -0.0169428 0.0595058 -0.0352814 0.0399218 -0.00172966 0.0607492 -0.022878
internal_weight=14545.1 9753.67 4791.39 3154.05 2171.98 867.293 1116.44 978.455 368.282 8886.37 8660.09 3834.13 2038.96 4825.96 350.284 610.172 263.13 3785.58 2843.85 1797.29 1688.68 543.416 1145.26 322.859 822.402 1040.38 190.332 1637.34 278.766 941.728
internal_count=70175 35052 35123 27831 16658 1092 6386 4827 2709 33960 31887 12070 7611 19817 1822 2118 1362 13916 9357 6547 5789 2614 3175 1250 1925 5901 535 7292 624 4559
is_linear=0
shrinkage=0.1


Tree=13
num_leaves=31
num_cat=0
split_feature=0 4 12 14 19 13 5 0 17 17 7 10 8 7 3 14 6 17 2 18 14 3 5 14 3 3 14 2 14 9
split_gain=780.991 535.386 276.015 214.205 171.06 176.015 154.713 196.605 176.709 137.814 368.745 135.708 223.559 187.084 202.057 193.588 245.13 168.834 277.993 122.239 117.012 113.612 172.773 113.086 124.683 101.286 99.6512 109.048 98.6043 97.3085
threshold=4.6053059725090226e-09 3.9000638237187431e-11 0.098362203687429442 0.014563179574906828 0.68378618359565746 2.2296378612518315 0.028021946924966758 1.53465857584254e-10 0.26795543323863641 0.087957208806818191 0.011406237742152483 2.5562524795532231 2.3826040469082497e-10 0.0090034707604587146 0.11721418078758303 0.0059150275774300107 1.8847657859360016e-11 0.1409135298295455 5.2105674306890533e-10 0.32824125476393179 0.0059150275774300107 0.11293804229980417 0.022920775627624995 0.0046578932087868461 0.22021715651182508 0.13525946553656945 0.0042865225113928327 2.4751625847561535e-10 0.0070540213491767654 0.0049013644996166407
decision_type=2 2 2 2 2 2 2 2 2 2 2 2 2 2 2 2 2 2 2 2 2 2 2 2 2 2 2 2 2 2
left_child=1 3 20 9 28 -6 11 -8 23 10 -1 13 17 14 15 -4 -17 18 -13 -14 -3 22 -7 -9 -25 -11 -12 -28 -2 -15
right_child=4 2 6 -5 5 21 7 8 -10 25 26 12 19 29 -16 16 -18 -19 -20 -21 -22 -23 -24 24 -26 -27 27 -29 -30 -31
leaf_value=-0.10778494774731998 -0.15696779524660492 -0.116048207302752 0.11251822444366842 0.091484022908516371 -0.15823335072462194 0.043138258718666715 -0.11508366473745107 0.068842044345870615 -0.11750474161058913 -0.10384224737181501 0.062989814444862666 -0.04029490334352339 -0.03533610223184859 -0.093579082643918066 -0.078091885617761148 -0.13078147813895918 0.057861882624481276 0.098266191221309751 0.058149141794051819 0.028342346682143402 0.05085975036260032 0.08227983984339958 -0.14321078650268054 0.012748664794347945 0.10586737709394262 0.08940484776957458 -0.087059642731833253 0.0421374389689863 0.10079231197038337 -0.034143140318116286
leaf_weight=436.67867036163807 15.099707953631876 275.31863990426064 229.08926398307085 90.762469917535782 46.962598040699959 184.11696632951498 114.00016865879297 436.35372167825699 95.004689943045378 761.22795692831278 247.26929032057524 512.15536205470562 1328.6090139299631 390.51956047862768 185.08476264029741 107.20274296402931 192.70768163353205 306.44635932892561 652.05514455586672 389.92982915788889 49.563890852034092 323.98433787375689 68.176425039768219 4611.7911981120706 148.41875224560499 28.124121524393559 137.16584049165249 124.74364262074232 866.34047545492649 934.88358317315578
leaf_count=5418 141 3518 559 137 386 447 910 881 1456 9662 720 2781 6515 3357 1701 737 472 498 1610 1283 166 455 423 17002 152 78 1305 634 908 5863
internal_value=-0.000121234 -0.00814134 0.000211616 -0.0582742 0.0680247 0.027927 0.0029855 0.0148483 0.0176475 -0.0661075 -0.0403625 -0.00927858 0.00360473 -0.0294245 0.0118381 0.0433025 -0.00956854 0.0322254 0.014842 -0.0208877 -0.0905848 0.0430977 -0.00721824 0.0201184 0.015652 -0.096957 0.0174599 -0.025525 0.0963767 -0.0516555
internal_weight=14289.8 12785.1 10959.1 1825.97 1504.68 623.24 10634.3 5405.57 5291.57 1735.21 945.857 5228.68 3189.2 2039.49 714.084 529 299.91 1470.66 1164.21 1718.54 324.883 576.278 252.293 5196.56 4760.21 789.352 509.179 261.909 881.44 1325.4
internal_count=70175 67415 49461 17954 2760 1711 45777 20401 19491 17817 8077 25376 12687 12689 3469 1768 1209 4889 4391 7798 3684 1325 870 18035 17154 9740 2659 1939 1049 9220
is_linear=0
shrinkage=0.1


Tree=14
num_leaves=31
num_cat=0
split_feature=0 4 12 14 19 13 4 14 13 8 17 7 12 14 1 2 1 17 17 8 5 11 13 14 11 3 5 14 1 8
split_gain=666.086 459.994 239.416 182.376 156.559 163.756 136.404 180.258 155.191 238.656 125.025 197.821 173.297 218.504 122.315 143 120.089 207.527 141.96 119.289 117.572 120.391 116.478 104.522 102.703 101.406 148.185 99.9361 97.185 95.9478
threshold=4.6053059725090226e-09 3.9000638237187431e-11 0.098362203687429442 0.014563179574906828 0.58368235826492321 2.1688505411148076 9.9983788693315986e-11 0.0052598868496716031 1.4088702797889712 1.3718969462433699e-11 0.1129483309659091 0.011523313384532137 0.1401791796088219 0.0095290401950478571 0.11415173306242113 1.1952664144507119e-10 0.22834819107407098 0.1409135298295455 0.089599609375000014 2.1841495503845725e-10 0.067974104864168175 1.9792469885260293e-09 1.6076839566230776 0.0059150275774300107 2.2083499473524175e-09 0.12322805912714219 0.021738289207248598 0.0057571760844439277 0.33028228353585892 3.5842608356789736e-12
decision_type=2 2 2 2 2 2 2 2 2 2 2 2 2 2 2 2 2 2 2 2 2 2 2 2 2 2 2 2 2 2
left_child=1 3 23 10 -2 -6 14 -8 9 -9 11 -1 -13 -14 -4 19 29 18 -18 -16 21 -10 24 -3 -20 26 -7 -23 -19 -17
right_child=4 2 6 -5 5 25 7 8 20 -11 -12 12 13 -15 15 16 17 28 22 -21 -22 27 -24 -25 -26 -27 -28 -29 -30 -31
leaf_value=-0.095959984611383775 0.094926318801122123 -0.11287793303126251 -0.094810612769879191 0.085386804872992911 -0.17222744074685359 0.049553224434290458 0.073748307929960261 0.0025902313532748826 0.097673938421759712 -0.132588174186691 -0.1093336327869574 0.038174505155511858 -0.093113943884170269 0.10009468003222871 0.047377026228789032 0.10536734751739095 0.0013294611261581665 0.021339361206481597 -0.016190605434058501 -0.091171254708287394 0.096236204499619296 -0.12595480303608803 -0.050126103843595317 0.045731224549015216 0.13660112145385014 0.081111301707706293 -0.097142663558212314 0.011013409539703731 0.11748032254688795 -0.062543915308533787
leaf_weight=487.24892359972 774.63177661597729 255.75541772693396 155.29272785037756 87.682578764855862 38.231792576611042 205.30834586918354 479.30567162483931 451.83292979001999 159.61739739775658 183.70501452684402 425.41871569305658 343.06326459720731 328.65292141586542 71.217744819819927 705.05077616125345 36.174219012260437 2612.8862844035029 260.39969385415316 140.9898004680872 68.15096352994442 178.87479227036238 54.215630054473877 1192.4521003141999 49.607063271105289 63.946465089917183 313.02948305755854 103.61109196394682 3054.1266558170319 176.34925454854965 574.40700723975897
leaf_count=6351 940 3518 1226 137 367 457 825 1736 335 2162 5882 1489 3856 239 2296 56 12535 858 832 414 273 367 7280 166 150 439 557 10448 259 3725
internal_value=-0.000125387 -0.00747884 0.000179933 -0.0551599 0.0644316 0.0286502 0.00270705 0.015734 0.00892264 -0.0364837 -0.0626034 -0.0464433 -0.0139681 -0.0587031 -0.00722009 -0.00488727 -0.0110105 -0.00530073 -0.0124298 0.0351652 0.0172948 0.0129739 -0.0381573 -0.0871114 0.0314851 0.0409983 0.000351655 0.00862441 0.0601589 -0.0525959
internal_weight=14031.2 12596.4 10853.1 1743.28 1434.81 660.181 10547.8 4561.68 4082.37 635.538 1655.6 1230.18 742.934 399.871 5986.1 5830.81 5057.6 4447.02 4010.27 773.202 3446.83 3267.96 1397.39 305.362 204.936 621.949 308.919 3108.34 436.749 610.581
internal_count=70175 67415 49461 17954 2760 1820 45777 16146 15321 3898 17817 11935 5584 4095 29631 28405 25695 21914 20797 2710 11423 11150 8262 3684 982 1453 1014 10815 1117 3781
is_linear=0
shrinkage=0.1


Tree=15
num_leaves=31
num_cat=0
split_feature=15 4 12 1 4 14 14 13 8 5 13 12 10 8 19 2 14 17 6 2 18 3 9 17 13 10 13 8 10 14
split_gain=578.054 434.532 269.344 170.237 147.551 152.416 138.83 122.833 130.156 106.034 105.874 246.405 145.303 148.659 130.127 118.812 118.669 107.716 154.886 126.304 106.313 167.573 151.967 150.606 135.853 128.977 114.765 130.951 103.367 102.935
threshold=0.00011350693603162655 3.089159149639801e-11 0.098362203687429442 0.64396526752335337 9.9983788693315986e-11 0.0052598868496716031 0.10237859934568407 1.4899079799652102 1.3718969462433699e-11 0.066062263193494328 1.2531899213790896 0.14330475032329562 2.5263199806213383 2.0620649233401584e-10 2.3049889802932744 4.6642855782727044e-10 0.0057865779381245383 0.13088156960227273 1.3772102442280527e-10 4.9185756345746347e-10 0.092470392859964209 0.090079782455431606 0.008952317305654189 0.075483842329545456 1.4767406582832339 1.9870563149452212 1.5364285111427309 7.192417203845405e-11 2.3161214590072636 0.010994943324476482
decision_type=2 2 2 2 2 2 2 2 2 2 2 2 2 2 2 2 2 2 2 2 2 2 2 2 2 2 2 2 2 2
left_child=1 -1 -3 4 10 -6 -2 8 -7 -9 11 -4 20 17 15 -15 -13 19 -19 -14 21 22 -12 -22 -23 -24 29 28 -28 -27
right_child=6 2 3 -5 5 7 -8 9 -10 -11 12 16 13 14 -16 -17 -18 18 -20 -21 23 24 25 -25 -26 26 27 -29 -30 -31
leaf_value=-0.071075695441668751 0.092947309616948026 -0.082640769762891239 0.078501606376984501 0.082400940772544659 0.068716476142281033 -0.0017632071467571738 -0.19257055310548055 0.012221043554747934 -0.094134292190482444 0.093746372871910622 0.044838097053375957 -0.13100928568360523 -0.027878384385454757 -0.056242824448169332 0.03411906282204228 0.032138248671834367 0.01883001020221051 -0.12260991772697574 0.089144568638046401 0.044375773588345685 -0.0044262999748506358 -0.080761261466204382 -0.12097775714797726 -0.085894944513231264 -0.014389103083193258 0.10310093219251233 -0.057586591006662691 -0.13397704622733872 0.13425130370586671 -0.11255084579314199
leaf_weight=924.35475807264447 717.41101474687457 381.53746380284429 389.32023736461997 262.22767526656389 463.79194574058056 520.99615633487701 17.444142866879702 3470.0968682467937 215.69738375395536 167.22400128096342 642.27883410826325 105.02457794547081 472.21199794858694 761.42129217088223 332.07237930595875 190.07432413846254 106.40505097806454 37.997310489416122 379.84392400830984 496.10480063408613 368.22304292023182 497.94698461890221 116.69551085680723 591.29118326306343 810.10155418887734 126.98125626891851 65.982194524258375 96.411288619041443 48.905806437134743 26.806564211845398
leaf_count=11633 867 4771 766 389 825 2046 237 11619 2264 241 1995 747 2510 4403 1098 612 419 239 697 1410 1908 4315 1353 5559 4874 559 636 868 118 197
internal_value=-0.000128936 -0.00498177 4.91838e-05 0.00273146 0.000914791 0.0142072 0.0861696 0.00842743 -0.0288086 0.0159691 -0.00873776 0.0313053 -0.0127065 0.00474463 -0.0197775 -0.0385875 -0.0556005 0.0274519 0.0698882 0.00914011 -0.0264432 -0.0153227 0.0129929 -0.0546305 -0.0396556 -0.0294608 -0.000208544 -0.0480405 0.0240754 0.0655109
internal_weight=13802.9 13068 12143.7 11762.1 11499.9 4837.81 734.855 4374.01 736.694 3637.32 6662.1 600.75 6061.35 2669.73 1283.57 951.496 211.43 1386.16 417.841 968.317 3391.62 2432.11 1124.06 959.514 1308.05 481.783 365.087 211.299 114.888 153.788
internal_count=70175 69071 57438 52667 52278 16995 1104 16170 4310 11860 35283 1932 33351 10969 6113 5015 1166 4856 936 3920 22382 14915 5726 7467 9189 3731 2378 1622 754 756
is_linear=0
shrinkage=0.1


Tree=16
num_leaves=31
num_cat=0
split_feature=15 4 12 19 9 4 14 1 14 18 0 13 12 10 8 0 13 3 8 8 14 6 10 7 14 6 3 14 18 8
split_gain=501.014 367.38 199.686 139.36 190.082 184.498 165.547 130.249 120.741 113.129 115.728 118.895 263.653 177.117 175.377 176.261 138.646 134.134 114.56 106.21 104.592 177.326 237.459 193.224 197.636 167.563 129.693 110.124 101.255 99.0532
threshold=0.00011350693603162655 3.9684343292747515e-11 0.098362203687429442 0.96306565403938305 0.0036279508364784091 2.6720299756546572e-11 0.0042865225113928327 0.64396526752335337 0.10237859934568407 -0.20586377822540022 1.53465857584254e-10 1.2531899213790896 0.14898732304573062 2.702591180801392 2.3826040469082497e-10 6.5253736828431581e-10 2.128265500068665 0.10460381809965548 4.1474798348048173e-10 1.6090396255929124e-11 0.0055227435659617194 3.6801455024695042e-11 2.1866345405578618 0.0052736644009904691 0.0075192095246166 4.0262793762693413e-11 0.11348993563010372 0.0061672457959502944 0.1049544023328715 2.3541499109475124e-11
decision_type=2 2 2 2 2 2 2 2 2 2 2 2 2 2 2 2 2 2 2 2 2 2 2 2 2 2 2 2 2 2
left_child=1 3 -3 4 -1 6 -6 9 -2 18 -11 12 -12 16 -15 -16 20 -18 -4 -19 25 23 -23 -22 26 -13 -25 -28 -7 -24
right_child=8 2 7 -5 5 28 -8 -9 -10 10 11 13 -14 14 15 -17 17 19 -20 -21 21 22 29 24 -26 -27 27 -29 -30 -31
leaf_value=-0.10575033663907052 0.089436998638309576 -0.077646157953652414 0.049560851476046601 -0.10210198028883913 0.020216758205529692 0.034985492520559561 -0.11327089776841846 0.077716495490081652 -0.18566054878382504 -0.10543211047348321 0.075994038222371219 -0.070996387714711479 -0.032285977516307199 0.04221798844074616 -0.073294343797270442 0.0063818919799852845 -0.12281853259464955 -0.19158674343100734 -0.11751864268112569 0.00552685322719082 -0.080509775092380734 -0.11386147340167295 -0.05488896945791745 0.067994264376716518 -0.13399432313389656 0.019447609852609498 -0.12166360984299202 0.024864756329250309 -0.087877975104036096 0.007227154252074916
leaf_weight=281.17809729650617 673.31494307518005 306.11456606537104 711.65803682431579 370.96397129818797 144.05863625556231 563.08313472568989 261.6375113800168 236.07486437261105 16.341661132872105 103.46757850795984 586.49678376317024 603.30192936956882 364.70622485131025 1302.1401301622391 307.88058366253972 2827.6967837549746 229.53806901723146 31.034272037446499 43.549408450722694 229.37691335380077 152.84755484759808 247.58562792465091 337.69589098542929 848.55067218840122 62.626981243491173 310.14874813705683 67.580119669437408 212.79226535558701 76.147221859544516 1070.6093191541731
leaf_count=4312 867 3912 2246 5181 632 3325 4335 361 237 923 1072 4715 1723 3773 2682 10308 1674 262 267 886 930 2623 1913 2092 520 1234 559 709 772 5130
internal_value=-0.000122275 -0.00456504 0.00200836 -0.0479216 -0.0327652 -0.0131257 -0.0658708 0.00424796 0.0829185 0.00261961 -0.000227395 0.000884186 0.0344778 -0.00272998 0.0113693 -0.00144147 -0.0169382 -0.0670877 0.0399261 -0.017964 -0.0106602 -0.00164004 -0.0235455 0.0253409 0.038919 -0.0402875 0.0485113 -0.010454 0.0203496 -0.0076676
internal_weight=13580.2 12890.5 11193.5 1697.07 1326.1 1044.93 405.696 10887.4 689.657 10651.3 9896.08 9792.61 951.203 8841.41 4437.72 3135.58 4403.69 489.949 755.207 260.411 3913.74 3000.29 1655.89 1344.4 1191.55 913.451 1128.92 280.372 639.23 1408.31
internal_count=70175 69071 50514 18557 13376 9064 4967 46602 1104 46241 43728 42805 2795 40010 16763 12990 23247 2822 2513 1148 20425 14476 9666 4810 3880 5949 3360 1268 4097 7043
is_linear=0
shrinkage=0.1


Tree=17
num_leaves=31
num_cat=0
split_feature=15 4 12 1 5 10 2 17 6 19 3 17 3 14 6 19 0 14 3 5 14 3 3 14 1 11 3 3 6 10
split_gain=440.534 315.101 202.901 154.736 130.068 158.474 159.275 212.034 276.08 147.577 170.994 126.497 125.396 117.838 135.636 151.824 117.193 111.452 104.629 103.231 100.562 100.509 97.5119 93.1051 151.617 91.3086 82.5828 80.6027 80.4157 82.5508
threshold=0.0001225507148774341 3.089159149639801e-11 0.092706747353076949 0.64396526752335337 0.028021946924966758 2.5562524795532231 5.3945650937149843e-10 0.1409135298295455 5.4765710269215025e-10 1.0245046615600588 0.094877688976430147 0.058837890625000007 0.093209356385649325 0.0059411434922367343 2.1938028134408468e-11 0.44479788839817053 1.53465857584254e-10 0.10670350864529611 0.23517923405291891 0.01349196530502021 0.053724825382232673 0.05934239400411892 0.057805106853653331 0.0041416005697101363 0.22651730122430072 1.6021161286516875e-08 0.10721167521275785 0.10413547300153515 7.747373430796689e-10 3.321117758750916
decision_type=2 2 2 2 2 2 2 2 2 2 2 2 2 2 2 2 2 2 2 2 2 2 2 2 2 2 2 2 2 2
left_child=1 23 -3 4 5 9 7 21 -9 10 13 26 -11 -4 -15 -16 -6 -2 20 -17 25 -7 -5 24 -1 -18 -12 -13 -23 -30
right_child=17 2 3 22 16 6 -8 8 -10 12 11 27 -14 14 15 19 18 -19 -20 -21 -22 28 -24 -25 -26 -27 -28 -29 29 -31
leaf_value=0.044852092079664181 0.096944338666235363 -0.095191493469972799 0.060099472863138596 -0.33507334270942302 -0.093780543978054215 -0.11429435929989851 0.032313086553037149 0.060376575168246974 -0.080188937566466889 -0.10497674272446383 -0.0005318453525688724 -0.12298144056306136 -0.017417010853257399 -0.11880496993450183 0.062830543053257179 0.10231805443655494 0.014014036094608101 -0.17893360803029487 0.10721567886148874 -0.12277696353171777 -0.10880420086991945 -0.03521429523127495 0.078150693718541803 -0.084258165880876673 -0.11638455079574424 -0.17816182802944158 -0.081751467060799915 0.026684152385822675 0.11378563755194022 -0.049310260758632388
leaf_weight=165.15407918021083 516.0314178802073 218.22285054624081 386.41638374328613 5.8162021711468688 103.68152679502964 145.93378961831331 1270.500519130379 621.62367261201143 180.23942710459232 395.73954814299941 159.98681509494781 40.766184449195862 278.77660097926855 98.673195842653513 225.01754911243916 25.798453040421009 5073.4316962212324 15.071439092978833 116.68422313034534 96.899116449058056 68.605838924646378 1117.0275379195809 314.70479446277022 595.97156482934952 90.15761161595583 24.844810985028744 575.57864980772138 306.72582177817822 77.125147834420204 51.929209336638451
leaf_count=564 593 3348 1369 54 930 1072 3571 1490 1067 4423 1011 390 1936 681 898 68 18462 235 110 1048 1341 6020 500 9434 1636 168 5850 1484 166 256
internal_value=-0.000131481 -0.00382531 0.000351763 0.00212432 0.000204667 -0.00985234 0.00413709 -0.01218 0.0287808 -0.0285618 -0.0143993 -0.0405964 -0.0687884 0.0196699 -0.015328 0.0140363 0.0115078 0.0891156 0.0135739 -0.0754484 0.0114592 -0.0357752 0.0706523 -0.0626124 -0.012085 0.0130775 -0.0640861 0.00912606 -0.0265795 0.0481587
internal_weight=13363.1 12832 11980.7 11762.5 11442 6054.76 3464.38 2193.88 801.863 2590.38 1915.86 1083.06 674.516 832.805 446.388 347.715 5387.25 531.103 5283.57 122.698 5166.88 1392.02 320.521 851.283 255.312 5098.28 735.565 347.492 1246.08 129.054
internal_count=70175 69347 57713 54365 53811 32800 13642 10071 2557 19158 12799 8735 6359 4064 2695 2014 21011 828 20081 1116 19971 7514 554 11634 2200 18630 6861 1874 6442 422
is_linear=0
shrinkage=0.1


Tree=18
num_leaves=31
num_cat=0
split_feature=15 4 12 14 14 17 1 1 3 3 14 17 12 13 14 7 6 10 14 6 9 3 3 7 8 18 17 17 3 5
split_gain=385.542 275.879 155.523 120.411 114.826 225.496 115.383 113.335 126.769 108.711 97.4579 92.8546 180.961 232.566 162.424 209.944 179.581 270.247 188.164 131.166 136.836 122.508 117.521 183.112 186.498 152.466 142.443 140.576 127.199 174.801
threshold=0.0001225507148774341 3.7515625662630573e-11 0.092706747353076949 0.014563179574906828 0.0042865225113928327 0.057017933238636374 0.4684720361733089 0.58612565898278579 0.063109964062317378 0.22021715651182508 0.10670350864529611 0.053289240056818191 0.14522339403629306 1.2748063206672671 0.0059411434922367343 0.029086450189282121 3.0212859129481858e-11 2.1347355842590336 0.0073595738504081973 1.9796050052182469e-11 0.0062499000502362458 0.10830586045134828 0.13881915846627113 0.066162253177161609 1.9454076958933962e-10 0.32824125476393179 0.1119717684659091 0.10118519176136366 0.10998386027488562 0.038504936716752959
decision_type=2 2 2 2 2 2 2 2 2 2 2 2 2 2 2 2 2 2 2 2 2 2 2 2 2 2 2 2 2 2
left_child=1 3 -3 4 5 -1 -6 9 -9 11 -2 21 13 -13 15 19 18 -18 -16 20 -14 -4 23 28 26 -26 -25 -24 -19 -30
right_child=10 2 7 -5 6 -7 -8 8 -10 -11 -12 12 14 -15 16 -17 17 22 -20 -21 -22 -23 27 24 25 -27 -28 -29 29 -31
leaf_value=-0.11481553724703771 0.09411313691462346 -0.09139420083962374 0.0090267732635963775 0.080806289419507224 -0.08494447327538944 0.044646031313474673 0.029025296252142285 -0.20792815857676197 0.051597946721519176 0.060447698387479654 -0.17229472913034016 0.078481773950544231 -0.19587345923093619 -0.0049898944810957161 0.080427179152701839 0.03351627616253415 -0.09219295472129567 -0.054765852426174627 -0.1461015038989146 -0.15496847438635819 0.046298279091826669 -0.049927793682363941 0.050354935002507775 -0.062265585040002826 -0.014640539876155628 0.039932100461073816 0.080233189372916056 -0.042623459472618537 0.031851301912388143 -0.13322236427041667
leaf_weight=132.49988943338394 480.25581396371126 176.87176258116961 616.8839787915349 71.275724686682224 806.00819755345583 268.14622259885073 99.8330621086061 19.404867619276047 625.88106931000948 295.06248729676008 14.135828595608471 665.84546684473753 32.418802000582218 669.30568453669548 422.11004659160972 160.86789427697659 328.09307255595922 1013.6027180291712 40.156556095927954 203.30476805567741 83.24175538495183 822.36035789176822 819.5753993652761 81.989487409591675 2363.7087619304657 653.47691654413939 485.73762588948011 202.85846588388085 424.09994557127357 75.581108383834362
leaf_count=2553 593 2841 2607 115 12546 1114 569 144 1518 637 235 1154 251 3042 947 505 3491 6637 359 1695 232 6410 2162 491 11196 1902 1212 903 1565 549
internal_value=-0.000136751 -0.00351983 0.00163868 -0.0457627 -0.0526677 -0.00809039 -0.0723838 0.00312036 0.0437935 0.000611269 0.0864959 -0.00112558 0.00275595 0.0366378 -0.00336479 -0.0596252 0.000541394 -0.00377449 0.0607489 -0.1066 -0.0215807 -0.0246589 0.000965138 -0.00524026 0.00707294 -0.00282093 0.0596539 0.0319073 -0.0344098 0.00688247
internal_weight=13154.6 12660.2 11282.4 1377.76 1306.49 400.646 905.841 11105.6 645.286 10460.3 494.392 10165.2 8725.97 1335.15 7390.82 479.833 6910.99 6448.72 462.267 318.965 115.661 1439.24 6120.63 5098.2 3584.91 3017.19 567.727 1022.43 1513.28 499.681
internal_count=70175 69347 52450 16897 16782 3667 13115 49609 1662 47947 828 47310 38293 4196 34097 2683 31414 30108 1306 2178 483 9017 26617 23552 14801 13098 1703 3065 8751 2114
is_linear=0
shrinkage=0.1


Tree=19
num_leaves=31
num_cat=0
split_feature=15 4 12 1 5 8 2 8 19 15 17 6 3 14 10 12 7 17 3 14 8 7 12 10 9 8 14 18 12 14
split_gain=337.288 251.989 168.95 118.362 115.704 160.913 123.924 168.507 144.945 141.469 152.463 238.401 111.413 123.506 113.365 107.192 119.28 105.511 98.801 97.6385 92.455 151.59 225.44 155.784 139.666 139.37 131.819 121.965 123.118 116.797
threshold=0.0001225507148774341 2.6720299756546572e-11 0.092706747353076949 0.64396526752335337 0.024836818726990072 5.4116062220601036e-12 5.8994322455876752e-10 1.8206088669076569e-11 0.83969396352767955 4.6364921217900708e-05 0.12670898437500003 4.9374286643594515e-10 0.094877688976430147 0.0058152866549789914 2.0723743438720708 0.28625990450382238 0.022545560969949429 0.038374467329545463 0.23517923405291891 0.0042865225113928327 9.6454342494676782e-12 0.046101549170296456 0.18517253547906878 2.8281219005584721 0.0053043158953999811 1.9384796728480654e-11 0.0060899988748133191 0.23444503295997329 0.49806588888168341 0.0076785432174801835
decision_type=2 2 2 2 2 2 2 2 2 2 2 2 2 2 2 2 2 2 2 2 2 2 2 2 2 2 2 2 2 2
left_child=1 19 -3 4 5 -4 8 -8 12 -10 -11 -12 13 -7 -15 16 17 -14 20 -1 -6 22 24 -24 -22 26 -26 28 -23 -28
right_child=-2 2 3 -5 18 6 7 -9 9 10 11 -13 15 14 -16 -17 -18 -19 -20 -21 21 27 23 -25 25 -27 29 -29 -30 -31
leaf_value=-0.020006896552895264 0.083930511897522708 -0.089436045211720508 -0.089486868432940403 0.063299650251259929 0.024957495351880923 0.082166223390646248 -0.11577805286553802 0.033083805797184174 -0.082014344875520118 -0.048738355333246941 0.078477347787012347 -0.062789520725617484 0.10382581378457766 -0.095373396948301603 0.01772261593504296 -0.15330079869069638 0.02966751964176001 -0.070515208129666981 0.097760981806069625 -0.1073157800154019 -0.05541656336751221 0.0098252635994751005 -0.1015209635028505 0.059145361387619624 0.0049889320956415725 -0.065792620482556893 0.1110544798251451 0.048126070027267903 -0.067749783391675145 -0.12506112085738949
leaf_weight=219.68320789188147 460.3375570513308 208.68900000303984 253.19768236204982 300.39404330775142 1943.4899458810687 267.39500734582543 82.237780414521694 1009.2142401374876 505.3937226459384 714.23624930158257 305.27311753109097 196.26443532854319 38.579695090651512 100.78180471435189 735.11904029175639 61.45698431879282 318.66847072541714 346.41190112754703 121.58961290121078 307.20061732456088 341.79284827783704 1710.1531920954585 444.52048217132688 69.82989202067256 463.04237522929907 157.50262591615319 257.69030033051968 745.46356912329793 232.38779135793447 22.803795993328094
leaf_count=2083 828 3657 3689 561 6212 1004 757 2782 5877 4392 714 1068 131 1217 3384 498 1367 3416 142 6227 1779 6323 4128 141 1859 1139 406 2089 2135 170
internal_value=-0.000130929 -0.00323151 -0.000248297 0.00133643 -0.00028997 -0.0118395 -0.00763958 0.0218675 -0.0166115 -0.0375481 -0.0190636 0.023196 0.00267507 0.0230103 0.004087 -0.0266483 -0.0155866 -0.0530446 0.00846362 -0.0709125 0.00676411 -0.00119026 -0.0240303 -0.0797084 -0.000987756 0.0196588 0.0377599 0.0137406 0.000544896 0.0918586
internal_weight=12940.8 12480.5 11953.6 11744.9 11444.5 4934.23 4681.03 1091.45 3589.58 1721.17 1215.77 501.538 1868.41 1103.3 835.901 765.117 703.66 384.992 6510.27 526.884 6388.68 4445.19 1757.18 514.35 1242.83 901.039 743.536 2688 1942.54 280.494
internal_count=70175 69347 61037 57380 56819 30296 26607 3539 23068 12051 6174 1782 11017 5605 4601 5412 4914 3547 26523 8310 26381 20169 9622 4269 5353 3574 2435 10547 8458 576
is_linear=0
shrinkage=0.1


Tree=20
num_leaves=31
num_cat=0
split_feature=15 4 12 14 1 7 11 3 5 12 2 14 17 1 18 14 8 17 13 6 8 12 5 1 10 9 3 12 14 6
split_gain=292.359 216.344 146.341 110.146 105.654 103.17 97.5078 96.3169 94.7904 141.02 199.723 94.1453 91.5682 87.3264 75.6087 82.0975 221.149 125.104 126.45 172.507 181.145 214.509 137.144 124.758 98.875 92.3449 249.914 161.596 123.744 130.631
threshold=0.0001225507148774341 2.6720299756546572e-11 0.09987241774797441 0.0048490706831216821 0.64396526752335337 0.0048399193457203124 1.6021161286516875e-08 0.066463717581390622 0.067974104864168175 0.15378815680742267 7.9550198566209144e-10 0.0042865225113928327 0.1409135298295455 0.22651730122430072 -0.20586377822540022 0.014413780532777311 2.7365694462404212e-10 0.089066938920454572 1.6076839566230776 1.2729333139257002e-10 1.3001555823276586e-11 0.17057642340660098 0.021449198900301801 0.23013539679879425 2.9388306140899663 0.0056194864581713723 0.11293804229980417 0.13676776736974719 0.0062160238157957801 2.6837669775738828e-11
decision_type=2 2 2 2 2 2 2 2 2 2 2 2 2 2 2 2 2 2 2 2 2 2 2 2 2 2 2 2 2 2
left_child=1 11 3 -3 5 -4 8 -6 14 -10 -11 13 -2 -1 -7 17 -17 25 19 20 21 -19 -21 -18 -25 26 27 28 -16 -30
right_child=12 2 4 -5 7 6 -8 -9 9 10 -12 -13 -14 -15 15 16 23 18 -20 22 -22 -23 -24 24 -26 -27 -28 -29 29 -31
leaf_value=0.023672281337830656 0.089668926962637174 -0.11380698058481542 -0.098265611047036322 -0.0065994113908365215 -0.20950667529972239 0.031967245807281129 -0.15657281910624626 0.078095241194771597 0.083345576367831894 -0.05147931926405136 0.10782222775000246 -0.10542167712731593 -0.15458306357902585 -0.11362213372329118 0.042953264636915248 0.060275535392504576 -0.066951594843377607 -0.10841227363534747 -0.05280800056781039 -0.065419397293510012 -0.082584057129306443 0.072993386828449885 0.074965573358839091 -0.083199394170417926 0.0088293541536235455 0.016674111693090944 -0.053168046412692682 -0.077127521144114336 -0.14278888756006211 0.053982674812410786
leaf_weight=152.3733197748661 416.57467480003834 194.61007447168231 105.14638290181756 188.81240816414356 12.215513296425341 665.10361557081342 39.003920778632164 249.08601535856724 342.70220071822405 270.06949735805392 111.07018100470304 282.70708496496081 15.935745069757102 66.566507082432508 934.83112307265401 688.40287257358432 276.17346649989486 91.975119724869728 1100.155176345259 88.033594686537981 375.97153542935848 223.78297019004822 332.12101001664996 123.12722656130791 2252.3789581097662 1925.1899850293994 912.66218513250351 162.39124799147248 78.810765936970711 58.992144137620926
leaf_count=680 581 4038 817 1621 87 2560 262 376 604 1637 111 6227 247 1403 3369 1600 2403 737 8568 693 4886 621 999 747 8006 7784 6945 929 494 143
internal_value=-0.000139227 -0.00297971 -0.000246032 -0.0610137 0.00179433 0.000322363 0.00126023 0.0646502 0.00181917 0.0367975 -0.00505631 -0.0672981 0.0806695 -0.0180707 -0.000641331 -0.00289464 0.00977417 -0.0096274 -0.0287718 -0.00498907 -0.0356871 0.0201529 0.0455512 -0.00333649 0.00405932 0.000770176 -0.0134861 0.0158381 0.0299126 -0.0585528
internal_weight=12737 12304.5 11802.8 383.422 11419.4 11158.1 11052.9 261.302 11013.9 723.842 381.14 501.647 432.51 218.94 10290.1 9625 3340.08 6284.92 2212.04 1111.88 691.73 315.758 420.155 2651.68 2375.51 4072.88 2147.69 1235.03 1072.63 137.803
internal_count=70175 69347 61037 5659 55378 54915 54098 463 53836 2352 1748 8310 828 2083 51484 48924 12756 36168 16504 7936 6244 1358 1692 11156 8753 19664 11880 4935 4006 637
is_linear=0
shrinkage=0.1


Tree=21
num_leaves=31
num_cat=0
split_feature=15 4 12 1 5 10 2 8 10 8 7 0 17 0 10 13 14 3 14 14 2 3 15 17 0 7 17 9 3 6
split_gain=255.565 188.131 129.29 98.4912 123.543 120.915 120.303 108.832 144.121 99.1591 96.0174 93.0732 88.754 88.7415 88.3943 90.0945 88.1061 86.6493 80.3864 80.3585 73.8995 111.497 77.8372 75.0489 72.1896 69.5383 135.603 118.745 144.874 132.315
threshold=0.0001225507148774341 2.6720299756546572e-11 0.092706747353076949 0.54703880061228638 0.028021946924966758 2.5562524795532231 8.2591040452030541e-11 2.0620649233401584e-10 2.8281219005584721 1.2434748292010109e-10 0.0048399193457203124 2.4699112767660616e-10 0.1416681463068182 1.7178901388536054e-09 3.321117758750916 1.7968804240226748 0.0044379802420735368 0.065889830572507996 0.053724825382232673 0.10670350864529611 7.0261630707055527e-10 0.093209356385649325 6.6522396082291393e-05 0.099276455965909102 2.5265422322151061e-10 0.059035145823744452 0.084672407670454572 0.005006130456171683 0.10721167521275785 8.8594009252046814e-11
decision_type=2 2 2 2 2 2 2 2 2 2 2 2 2 2 2 2 2 2 2 2 2 2 2 2 2 2 2 2 2 2
left_child=1 16 -3 4 5 6 -4 12 -9 25 -5 -6 13 -7 20 -16 24 -12 -13 -2 21 23 -22 -10 -1 26 27 28 -8 -29
right_child=19 2 3 10 11 7 9 8 14 -11 17 18 -14 -15 15 -17 -18 -19 -20 -21 22 -23 -24 -25 -26 -27 -28 29 -30 -31
leaf_value=0.033351855447823743 0.086279093871829429 -0.083102344439270281 0.0608749061377633 -0.064834873270023061 -0.032846838619613503 -0.025898628475340742 0.00062647532494979335 -0.10088785842083894 -0.12882865924987558 -0.13831755231816797 -0.10324833706854984 0.015286457666603165 0.074830962825569683 0.03674872627115254 -0.17137603848313321 -0.028108194665738651 -0.10659787429002388 0.04452059628517549 -0.10471691302605382 -0.16844142262373107 -0.17084701626824578 -0.066364101406576739 0.07604606582294865 0.018640307590469633 -0.078725689770262286 0.055603287587312915 -0.084940161151523849 0.030610449591696461 -0.082532184361552907 -0.10910976263325052
leaf_weight=120.1602369248867 390.36703432351351 185.25253061950207 135.29403287172318 98.643891204148531 472.57558764517307 402.6409349963069 379.17317466437817 175.12252952158451 35.955048851668835 91.352441996335983 41.366871099919081 4474.0507226921618 266.51185613125563 515.72741758823395 48.863817166537046 431.52714880928397 242.70814834162593 974.55901990830898 56.525995615869761 12.791042746976016 13.620806619524954 222.69629798829556 204.2775158174336 858.55683038383722 110.15272410959005 87.112196356058121 432.45100565999746 527.77070710062981 468.15187973156571 77.765027940273285
leaf_count=516 593 3657 884 659 2854 2106 2427 1299 241 919 240 16149 457 1533 398 1916 5889 2634 1340 235 92 1295 351 3427 1905 452 6317 2716 6147 527
internal_value=-0.000131828 -0.00273081 -0.000226456 0.00110948 -0.0019244 -0.0124515 -0.0304756 3.04372e-05 -0.0142524 -0.0364642 0.0293578 0.00938419 0.0240259 0.0092822 -0.00589559 -0.0426809 -0.0645562 0.0385037 0.0137892 0.0781975 0.00734032 -0.00304985 0.0606128 0.0127128 -0.0202519 -0.0317469 -0.035783 -0.0211512 -0.0453192 0.0126671
internal_weight=12553.7 12150.6 11677.5 11492.3 10377.7 5374.57 2199.07 3175.5 1990.62 2063.78 1114.57 5003.15 1184.88 918.368 1815.5 480.391 473.021 1015.93 4530.58 403.158 1335.11 1117.21 217.898 894.512 230.313 1972.42 1885.31 1452.86 847.325 605.536
internal_count=70175 69347 61037 57380 53847 33504 20389 13115 9019 19505 3533 20343 4096 3639 7720 2314 8310 2874 17489 828 5406 4963 443 3668 2421 18586 18134 11817 8574 3243
is_linear=0
shrinkage=0.1


Tree=22
num_leaves=31
num_cat=0
split_feature=15 4 12 18 7 14 14 8 17 13 9 3 12 14 8 7 14 13 11 3 13 1 7 1 8 7 3 10 13 8
split_gain=223.252 162.958 111.299 84.4794 102.098 83.4249 78.3058 214.964 125.28 148.676 118.095 124.994 181.962 108.87 171.517 256.188 141.179 130.744 107.843 97.3111 93.8945 95.4066 91.525 91.2277 89.336 83.2823 88.7179 107.378 122.569 95.3078
threshold=0.0001225507148774341 2.6720299756546572e-11 0.092706747353076949 -0.18744455350943923 0.11375190341808956 0.0044379802420735368 0.014413780532777311 2.7365694462404212e-10 0.084672407670454572 1.2441498041152956 0.0056194864581713723 0.10669593711302756 0.14229544252157214 0.0054677675943821677 1.3359311842394493e-11 0.043379273467002336 0.010096125770360233 1.1714540719985964 3.0816807994327182e-09 0.081567306475566925 1.3697872161865237 0.33190952157698478 0.027107077584935111 0.23013539679879425 7.082819839291158e-12 0.013144278423737181 0.11857444822712283 2.1866345405578618 1.7559965252876284 1.0753631744772436e-11
decision_type=2 2 2 2 2 2 2 2 2 2 2 2 2 2 2 2 2 2 2 2 2 2 2 2 2 2 2 2 2 2
left_child=1 5 -3 4 -4 -1 8 -8 9 19 11 12 -11 -10 17 -16 20 -15 22 -5 -17 -22 -13 -9 -19 -12 29 -28 -29 -27
right_child=-2 2 3 6 -6 -7 7 23 13 10 25 18 -14 14 15 16 -18 24 -20 -21 21 -23 -24 -25 -26 26 27 28 -30 -31
leaf_value=-0.018768668843846779 0.075725704098399155 -0.079322714584157017 0.036096723299356689 0.081117949345561796 -0.1378699199742032 -0.10516036903646285 0.058734411353045683 -0.056299000361167778 -0.11364132215601633 0.014031717583930152 0.062782373215605466 -0.083899386635374884 -0.15895274963750539 -0.13301313928360889 -0.084193819238318854 -0.12779711673862634 -0.026208078557511671 -0.19588330984479982 -0.011451006269118665 0.0033579007751287798 0.080124742458713372 -0.12058805177763479 0.092229205133011541 0.0039625086352050309 0.068560146360055807 0.06968783414319632 0.23585605436778301 -0.10134684987583763 0.03474190121157722 -0.043281475819882745
leaf_weight=224.6570330709219 376.10584798641503 175.20193871855736 908.94611352309585 362.48868734762073 35.035835795104504 222.46107427030802 734.22022610157728 280.03815287724137 132.27499041333795 1025.3283795043826 302.94350133091211 537.83279985189438 64.642562426626682 39.487711913883686 646.65657474473119 27.924171328544617 1043.8905543349683 13.267688192427157 526.83627627417445 289.43554717674851 287.25223331898451 25.810498092323542 31.216386079788208 2440.7920579388738 344.0184711329639 88.727750226855278 23.928913399577141 73.945795871317387 630.31709475070238 471.71247146651149
leaf_count=2421 828 3657 3412 591 238 5889 1675 2594 1197 4332 910 5733 489 276 8408 395 5640 119 3048 1196 1512 203 78 8978 990 218 76 481 1840 2751
internal_value=-0.000140302 -0.00251587 -0.000225547 0.000991243 0.02964 -0.0617524 -0.00159793 0.0107176 -0.00768535 0.00249359 -0.00511755 -0.0202052 0.00377258 -0.0252931 -0.0204806 -0.0322258 -0.00795985 0.0396565 -0.0440535 0.0465947 0.0479049 0.0635769 -0.0742375 -0.00223983 0.0587401 0.0156036 0.00451242 0.0275312 0.0204529 -0.0253964
internal_weight=12387.4 12011.3 11564.2 11389 943.982 447.118 10445 3455.05 6989.94 4429.36 3777.43 2185.86 1089.97 2560.58 2428.31 2031.53 1384.88 396.774 1095.89 651.924 340.987 313.063 569.049 2720.83 357.286 1591.58 1288.63 728.192 704.263 560.44
internal_count=70175 69347 61037 57380 3650 8310 53730 13247 40483 21743 19956 13680 4821 18740 17543 16158 7750 1385 8859 1787 2110 1715 5811 11572 1109 6276 5366 2397 2321 2969
is_linear=0
shrinkage=0.1


Tree=23
num_leaves=31
num_cat=0
split_feature=1 5 3 11 12 0 6 17 17 12 1 12 14 4 9 17 1 7 18 6 5 0 19 19 5 2 3 12 17 13
split_gain=200.333 172.553 166.368 147.994 143.641 93.3806 91.7617 129.594 86.4853 111.537 94.5887 81.1248 90.7236 120.984 76.7117 87.5917 73.3041 74.9451 72.999 72.7055 71.673 71.5243 69.4683 65.3732 95.8536 68.2371 62.5459 65.4959 60.0475 57.6415
threshold=0.64396526752335337 0.028789224937195382 0.17947503589149755 1.1782714803842966e-08 0.092706747353076949 1.6817964390916653e-09 4.5593820288247077e-10 0.12670898437500003 0.1584916548295455 0.38822124898433691 0.20792691161598062 0.10309851542115213 0.0041416005697101363 2.6720299756546572e-11 0.00093226925273071526 0.039084694602272735 0.37921817338766423 0.0048399193457203124 0.74484318350865097 2.2140534443914692e-10 0.04678322654737261 1.53465857584254e-10 0.29069937765598303 0.91785466670990001 0.02231162668866311 8.0888656174055685e-11 0.13970143163689996 0.48195555806159979 0.26795543323863641 2.0037664175033574
decision_type=2 2 2 2 2 2 2 2 2 2 2 2 2 2 2 2 2 2 2 2 2 2 2 2 2 2 2 2 2 2
left_child=1 4 3 14 -1 8 7 16 9 11 22 -6 -13 -14 -3 -16 -7 -18 23 -9 -4 -17 -10 25 -25 -15 27 -5 -23 -27
right_child=-2 2 20 26 5 6 -8 19 10 -11 -12 12 13 18 15 21 17 -19 -20 -21 -22 28 -24 24 -26 29 -28 -29 -30 -31
leaf_value=-0.10961832012394056 0.062814783040070557 0.29343902542929923 0.0014404010188512227 -0.23159089468340893 -0.1169647660010945 -0.11523005478292206 -0.029876715744236289 -0.10225885192996614 0.047699732167916259 -0.13532171169248966 0.060221152094955377 0.037219719842395124 -0.096365058689791477 0.084337098124472654 -0.10845255309831225 -0.078672009360114148 -0.080351383665480863 0.012213693776729101 0.089412153716702247 0.10624352620778033 0.099171492772146055 0.012785204494127815 -0.086785885722811332 -0.076933365933902306 -0.012333107789553478 -0.0096907046069022382 0.018337309878998752 -0.058079415374838586 -0.10810283417297505 -0.082974690141061486
leaf_weight=151.33267812617123 485.36048009991646 9.4477896317839605 101.28983758017421 45.135464642196894 90.86938252300024 49.730424329638481 665.18222259357572 18.348619386553764 60.781226202845573 92.331772133708 250.27170385047793 245.57863640412688 225.80170240439475 72.213763024657965 63.475973658263683 89.465512540191412 91.896916069090366 1814.8984055481851 59.503888975828886 188.90725359320641 289.54803788661957 4357.5787660107017 104.35168951563537 450.51037848554552 468.60122640430927 1462.2430220022798 30.545223157852888 41.99731202237308 41.480393379926682 115.8309805393219
leaf_count=4031 1104 17 373 358 1839 533 2939 141 312 671 575 1071 6132 426 524 905 767 7711 282 295 386 16296 972 5480 2801 10671 87 437 1226 813
internal_value=-0.000143695 -0.00274453 0.0111652 0.00592977 -0.0133029 -0.0110701 0.00260609 0.0125918 -0.0215298 -0.0269687 0.0214601 -0.0238336 -0.0211039 -0.0261213 0.00878628 0.00819548 0.00462663 0.00775257 -0.0200879 0.0877846 0.0738434 0.0098451 -0.0372852 -0.0226238 -0.0439975 -0.0107199 -0.104795 -0.14796 0.0116453 -0.0150698
internal_weight=12234.5 11749.2 5069.96 4679.13 6679.19 6527.85 2828.96 2163.78 3698.89 3283.48 415.405 3191.15 3100.28 2854.7 4561.45 4552 1956.53 1906.8 2628.9 207.256 390.838 4488.52 165.133 2569.4 919.112 1650.29 117.678 87.1328 4399.06 1578.07
internal_count=70175 69071 20609 19850 48462 44431 12386 9447 32045 30186 1859 29515 27676 26605 18968 18951 9011 8478 20473 436 759 18427 1284 20191 8281 11910 882 795 17522 11484
is_linear=0
shrinkage=0.1


Tree=24
num_leaves=31
num_cat=0
split_feature=1 12 5 3 14 4 14 13 7 1 12 8 14 7 10 6 14 8 18 12 12 7 5 8 6 12 14 8 8 0
split_gain=172.924 149.082 138.644 110.62 213.188 98.2676 109.566 79.8111 63.1259 74.9126 73.078 68.0885 65.5091 131.355 127.557 212.395 84.557 82.415 77.1874 76.1845 123.029 72.277 69.3965 68.0326 67.7387 67.117 63.9118 60.6557 81.4856 59.2278
threshold=0.68799991747061784 0.092706747353076949 0.067974104864168175 0.15314686965215327 0.0054677675943821677 2.6720299756546572e-11 0.0039448109455406674 1.2085615992546084 0.0048399193457203124 0.54703880061228638 0.10243911668658258 6.4447746208084069e-12 0.0047068044077605018 0.015968257660564065 2.1299808025360112 2.035183427374959e-11 0.0052598868496716031 1.0090660743976614e-11 0.64403800292744906 0.17179656773805621 0.14522339403629306 0.014917786744607791 0.022409404978753822 1.06475024879302e-11 4.7063200270463448e-11 0.1356511935591698 0.0064151410479098567 6.0793341235037887e-12 3.3094257387132263e-12 7.5487804797293547e-10
decision_type=2 2 2 2 2 2 2 2 2 2 2 2 2 2 2 2 2 2 2 2 2 2 2 2 2 2 2 2 2 2
left_child=1 -1 5 4 -4 6 -3 -8 -7 10 -10 -11 13 22 15 16 -14 19 -16 20 24 29 -12 -15 -17 27 -18 28 -24 -19
right_child=-2 2 3 -5 -6 8 7 -9 9 11 12 -13 14 23 18 17 26 21 -20 -21 -22 -23 25 -25 -26 -27 -28 -29 -30 -31
leaf_value=-0.097502154867001728 0.075273098717387743 0.038587020943447126 0.081034459699466627 0.096789030331505668 -0.040051572726278899 -0.070828993904514401 0.069787714424981537 -0.10397729740384923 -0.072304896482583786 0.10252338014631622 -0.086812538527199445 0.016580965817430932 -0.14590186492707535 0.070103711503651731 -0.001510643069541093 -0.051259395169913936 0.049470338762485307 0.052226490314163578 0.063353696330495132 0.069340149568198825 -0.13788249059992727 -0.10166042661825325 0.054138209562125554 -0.17206633658552892 0.070762503949877084 -0.19938318289292123 -0.14219102290463875 0.086212577321537337 -0.12510589064138722 -0.10723602144311312
leaf_weight=161.34064834006131 296.60562366247177 95.258389675989747 269.1795624345541 235.48231516033411 316.21462002396584 131.24351692572236 29.55874721519649 249.92310673557222 152.60200905613601 104.3063646145165 109.30056426301599 793.23877803981304 26.243983602151275 403.66463178023696 7048.0197965018451 105.40046667680144 348.60454397648573 62.194785926491022 188.35996467806399 71.532770417630672 96.35642122104764 452.11904921941459 56.842195775359869 11.943718656897543 80.04523354023695 14.057834979146717 18.312453977763653 91.268100593239069 45.79634353145957 37.237731387838721
leaf_count=4359 552 542 445 345 1970 1032 145 6844 2320 228 1812 2549 353 872 33283 659 1146 357 580 178 770 7051 192 122 144 121 265 194 342 403
internal_value=-0.000140509 -0.0020352 -0.000712438 0.0389097 0.015627 -0.00371748 -0.0540314 -0.0855994 -0.00191298 -0.00103633 -0.00366658 0.0265686 -0.00253633 0.0261548 -0.0050001 -0.0338657 0.0275019 -0.0605291 0.000177749 -0.0228235 -0.0462183 -0.0846841 -0.0223005 0.0631442 0.00140978 0.0116054 0.0399047 0.0269016 -0.0258388 -0.00749263
internal_weight=12102.3 11805.6 11644.3 820.876 585.394 10823.4 374.74 279.482 10448.7 10317.4 9419.9 897.545 9267.3 732.873 8534.43 1298.05 393.161 904.886 7236.38 353.335 281.802 551.552 317.265 415.608 185.446 207.964 366.917 193.907 102.639 99.4325
internal_count=70175 69623 65264 2760 2415 62504 7531 6989 54973 53941 51164 2777 48844 3655 45189 11326 1764 9562 33863 1751 1573 7811 2661 994 803 849 1411 728 534 760
is_linear=0
shrinkage=0.1


Tree=25
num_leaves=31
num_cat=0
split_feature=1 12 3 1 5 14 1 17 3 17 14 5 7 5 7 1 13 8 8 9 14 6 8 7 13 13 10 13 3 6
split_gain=149.062 136.622 128.576 84.3029 78.8254 82.4426 75.8872 103.903 89.4615 121.062 120.328 94.6276 81.1008 124.101 79.2411 68.9515 67.5969 66.3551 74.106 111.154 95.2925 79.6573 65.5448 72.385 67.3144 65.1762 64.0965 173.032 135.687 78.2783
threshold=0.64396526752335337 0.098362203687429442 0.22021715651182508 0.11955592061370023 0.024715610242596431 0.053724825382232673 0.48274039119341167 0.056529651988636374 0.13126509514536513 0.1543634588068182 0.0044614409562200317 0.020402217588986468 0.0088210809465433301 0.019636736231440081 0.10419528430412704 0.34547590147033391 3.4165426492691044 3.5842608356789736e-12 5.2933744271966426e-12 0.0015576327508198906 0.0047314993571490058 2.4817288152231967e-11 7.4811550063951144e-10 0.065021753412318181 2.1483734846115117 1.2485848069190981 2.9524004459381108 2.3460227251052861 0.14351569617567814 3.1097285441729713e-10
decision_type=2 2 2 2 2 2 2 2 2 2 2 2 2 2 2 2 2 2 2 2 2 2 2 2 2 2 2 2 2 2
left_child=1 -1 3 -3 6 17 7 12 9 10 -9 15 13 -5 -10 -12 -8 -6 19 -19 21 25 23 -11 -24 -20 27 29 -29 -22
right_child=-2 2 -4 4 5 -7 16 8 14 22 11 -13 -14 -15 -16 -17 -18 18 20 -21 26 -23 24 -25 -26 -27 -28 28 -30 -31
leaf_value=-0.078059423095716271 0.056417705096983455 -0.051079894449035157 0.059547226695683603 -0.080470131377893994 0.067740697012974208 -0.1211719993771409 0.013928257146306928 0.034947542693349348 0.026623150768685728 -0.075986932074251792 -0.090438235713076368 -0.016851087746767298 -0.10907078159750393 0.1184651640014258 -0.19178239204475456 -0.035703777182333245 -0.29873080425513943 0.058384827166464953 0.061911390258400714 -0.13778566669174822 0.003490472986310745 0.081176471768024491 -0.14962178700138104 0.064465478337722648 0.077389889871167253 -0.15321838677100516 0.01874657151401481 -0.19716977128764238 0.0316011445440013 -0.072315729446890228
leaf_weight=233.48097052238882 448.52081632614136 348.2231313996017 342.59905956499279 88.837718598544598 177.82936622202396 50.154623558744788 1096.2696896009147 248.56773944012821 627.13904822990298 41.93537562340498 441.3541454821825 943.41823389008641 210.16099285520613 48.465776927769184 17.064057759940624 480.97173804789782 6.9587743245065203 44.242892302572727 27.273253947496414 83.20443008095026 3109.988012958318 278.0276386924088 36.796063482761383 293.55612895265222 20.250775657594204 29.118135798722506 1918.3047368973494 79.917144525796175 38.375738110393286 142.45678825676441
leaf_count=5765 1104 4681 815 1885 442 1365 4396 1272 2478 395 8555 5942 3284 319 142 3355 63 136 51 551 13913 448 278 633 56 208 6091 669 99 784
internal_value=-0.000139485 -0.00234437 -0.000775982 -0.002667 -0.00107367 0.00649864 -0.0109121 -0.0181234 -0.0124007 -0.0209423 -0.0304111 -0.0391187 -0.0700207 -0.0102494 0.0208379 -0.0618955 0.0119561 0.00757868 0.00571835 -0.0696858 0.00742727 0.0591964 0.0300593 0.0469094 -0.069036 -0.0491726 0.00415398 -0.00415074 -0.122954 0.000170168
internal_weight=11953.5 11504.9 11271.5 10928.9 10580.6 5978.89 4601.75 3498.52 3151.05 2506.85 2114.31 1865.74 347.464 137.303 644.203 922.326 1103.23 5928.74 5750.91 127.447 5623.46 334.419 392.538 335.492 57.0468 56.3914 5289.04 3370.74 118.293 3252.44
internal_count=70175 69071 63306 62491 57810 24757 33053 28594 23106 20486 19124 17852 5488 2204 2620 11910 4459 23392 22950 687 22263 707 1362 1028 334 259 21556 15465 768 14697
is_linear=0
shrinkage=0.1


Tree=26
num_leaves=31
num_cat=0
split_feature=2 3 1 12 4 1 14 11 8 13 5 7 1 12 18 8 5 8 13 14 8 13 3 19 10 6 0 8 5 4
split_gain=136.135 134.507 103.899 121.936 83.0383 81.9576 79.0742 73.6117 75.2377 70.4183 66.7707 60.9125 76.8178 78.0061 62.6284 77.9402 59.8655 59.7182 52.4028 50.6811 108.206 106.365 185.826 83.3428 94.2608 78.0274 72.9382 72.3053 62.8481 59.5922
threshold=2.0685346368237212e-09 0.11656167253924335 0.68799991747061784 0.089487589895725264 2.6421142047061654e-11 0.7375357488976847 0.0039448109455406674 1.3320328839938613e-08 1.4455189455950795e-09 1.2085615992546084 0.018076287113585165 0.0048399193457203124 0.54703880061228638 0.10243911668658258 -0.20586377822540022 5.3816396927481059e-10 0.031414316671633795 6.4447746208084069e-12 1.0729272365570071 0.01470802864059806 2.5960228364882643e-10 2.0113750696182255 0.12247352839227531 1.178969740867615 3.3457932472229008 7.747373430796689e-10 1.4669278714720478e-09 1.6090396255929124e-11 0.034610978420198148 9.9194283055011937e-11
decision_type=2 2 2 2 2 2 2 2 2 2 2 2 2 2 2 2 2 2 2 2 2 2 2 2 2 2 2 2 2 2
left_child=2 5 3 -1 6 -2 -5 11 10 -8 -9 -6 13 -13 15 -15 -10 -14 -16 21 -21 -20 28 24 25 29 -24 -28 -23 -22
right_child=1 -3 -4 4 7 -7 9 8 16 -11 -12 12 17 14 18 -17 -18 -19 19 20 23 22 26 -25 -26 -27 27 -29 -30 -31
leaf_value=-0.1086858662959443 -0.24731795890243449 0.080830081646396323 0.065077797988595004 0.027977055740300422 -0.067484722010671613 0.083996095292977219 0.065069890370215197 -0.030035337091425193 0.068569692673631985 -0.10124612114169657 -0.25466313861329504 -0.071085784213800282 0.10113446711482804 0.035418870829009665 0.1062393578309595 -0.16066490811843454 -0.16055673614611943 0.020024560337476547 -0.0026626481409195071 0.052638842661716971 -0.054858511295939397 -0.070485315859547246 -0.11595930997862398 0.012027486424800712 -0.082522063942309987 0.083469389851508313 -0.12756347932835455 0.029484056642161541 -0.18669907506678413 0.014367542705746939
leaf_weight=108.88073249347508 21.384042479097843 319.945022970438 226.1986081879586 90.947764018550515 132.05651738680899 11.471831813454626 28.909560458734632 22.067891307175159 38.542402129620314 213.2015174459666 33.053636137396097 158.93136950954795 104.22048342786729 641.34069544635713 43.977500729262829 20.932779341936111 16.194519860669971 703.53501483798027 4991.6716865245253 450.67607900872827 253.91100538522005 424.73363539390266 44.976387776434422 1684.0387157723308 222.15620142035186 83.57214230298996 31.651652563363314 397.31794380396605 52.260438673198223 243.70342712104321
leaf_count=3546 223 583 472 586 1107 22 141 83 98 6618 286 2866 261 2400 60 152 259 2322 30722 1040 1588 3311 318 5891 2301 231 272 1178 443 795
internal_value=-0.000140722 0.0610433 -0.0020237 -0.00337438 -0.00234402 -0.131638 -0.0515231 -0.000826772 -0.0822664 -0.081387 -0.164733 1.05025e-05 0.000855065 -0.00160112 -0.000449203 0.0292212 0.000780121 0.0304897 -0.00265096 -0.00319019 0.00755363 -0.00850199 -0.0391538 -0.000615137 -0.0271177 -0.00593965 0.00519367 0.0178963 -0.0832179 -0.0209555
internal_weight=11816.5 352.801 11463.7 11237.5 11128.6 32.8559 333.059 10795.5 109.858 242.111 55.1215 10685.7 10553.6 9745.85 9586.92 662.273 54.7369 807.755 8924.65 8880.67 2938.06 5942.61 950.94 2487.38 803.343 581.187 473.946 428.97 476.994 497.614
internal_count=70175 828 69347 68875 65329 245 7345 57984 726 6759 369 57258 56151 53568 50702 2552 357 2583 48150 48090 11846 36244 5522 10806 4915 2614 1768 1450 3754 2383
is_linear=0
shrinkage=0.1


Tree=27
num_leaves=31
num_cat=0
split_feature=2 3 1 1 12 4 14 11 17 5 13 7 1 12 5 6 0 0 15 3 8 15 14 1 10 2 5 5 3 10
split_gain=118.102 118.657 110.996 88.294 109.971 71.6677 71.361 59.1922 56.8872 61.1024 59.9204 50.3769 62.7829 69.1161 53.6668 72.2331 61.4428 60.4441 59.5901 56.6901 77.858 73.2602 58.4613 127.873 60.3275 73.4139 64.2898 73.9039 79.5603 54.6728
threshold=2.0685346368237212e-09 0.14147694606192066 0.7375357488976847 0.68799991747061784 0.089487589895725264 2.6421142047061654e-11 0.0042865225113928327 1.3320328839938613e-08 0.1394486860795455 0.018076287113585165 2.2296378612518315 0.0048399193457203124 0.54703880061228638 0.098362203687429442 0.028021946924966758 1.1943258475760847e-11 3.2914785211626833e-09 2.4699112767660616e-10 9.9035121820634245e-05 0.054561390877852965 2.9604664037797046e-10 4.1436902392888448e-05 0.0044614409562200317 0.26089783179528214 1.9596063494682314 7.0230571530951712e-11 0.024968907767184335 0.014978573737085653 0.12531282516277159 3.321117758750916
decision_type=2 2 2 2 2 2 2 2 2 2 2 2 2 2 2 2 2 2 2 2 2 2 2 2 2 2 2 2 2 2
left_child=3 2 -2 4 -1 6 -6 11 9 -9 -10 -7 13 -13 15 -15 19 -16 -19 20 -17 22 23 -21 25 -24 27 28 -26 -23
right_child=1 -3 -4 -5 5 7 -8 8 10 -11 -12 12 -14 14 17 16 -18 18 -20 21 -22 29 24 -25 26 -27 -28 -29 -30 -31
leaf_value=-0.10788558842092218 -0.1932564511465098 0.085456741810210818 0.094636024522011128 0.061467546697999524 -0.0037321512357357508 -0.061967881307272904 -0.098770346903686024 -0.010651472784064354 -0.14374096479380799 -0.20768382529522322 0.10129265573484265 -0.11010302493612684 0.027665356922463163 0.16620639227935385 -0.028159412227321091 0.043619747104219841 0.025845372475082076 0.011422232306450793 -0.16464506238157736 0.0623019216057243 -0.049209702436110593 -0.0044120062107273266 0.5475203099865803 -0.10425131021585286 -0.12026428107407926 -0.11788706810673236 0.016766229707656368 -0.073337093842115106 0.16643995026952693 -0.048555197873577982
leaf_weight=99.212858028709888 32.597471043467522 276.32303223386407 22.73048847541213 216.07461482472718 165.81930870749056 129.56616652570665 150.90966293215752 25.575075406581163 15.41100495494902 40.92500252649188 28.317889973521233 58.196870420128107 801.70628292113543 23.685742627829313 444.39972443878651 357.17783450894058 462.97646621614695 4196.3383216150105 19.311281636357307 136.61122222989798 120.94462027773261 2775.7384639084339 1.676693558692931 69.573519431054592 14.91973447985947 149.281115969643 150.18451598286629 380.9191127512604 27.554504901170731 312.12088043242693
leaf_count=3546 290 496 42 472 1375 1107 5970 86 270 321 49 1638 2583 69 2854 1924 1456 16572 259 413 747 15875 1 1193 297 3052 899 4530 142 1647
internal_value=-0.000131347 0.0586916 -0.0749811 -0.00184638 -0.00307233 -0.0021321 -0.0490143 -0.000749917 -0.0736528 -0.131908 0.0149375 5.85243e-06 0.000770344 -0.00145216 -0.000796468 -0.00801039 -0.00884239 0.00691795 0.0106157 -0.0124138 0.0201378 -0.0162867 -0.04088 0.00610138 -0.0542498 -0.110496 -0.0394465 -0.059386 0.0657306 -0.008874
internal_weight=11706.8 331.651 55.328 11375.1 11159.1 11059.8 316.729 10743.1 110.229 66.5001 43.7289 10632.9 10503.3 9701.61 9643.41 4983.36 4959.68 4660.05 4215.65 4496.7 478.122 4018.58 930.72 206.185 724.536 150.958 573.578 423.393 42.4742 3087.86
internal_count=70175 828 332 69347 68875 65329 7345 57984 726 407 319 57258 56151 53568 51930 32245 32176 19685 16831 30720 2671 28049 10527 1606 8921 3053 5868 4969 439 17522
is_linear=0
shrinkage=0.1


Tree=28
num_leaves=31
num_cat=0
split_feature=15 4 10 17 14 1 2 14 18 10 8 0 14 13 19 17 4 3 7 19 3 14 17 3 13 14 19 8 3 0
split_gain=103.264 73.4313 69.6491 73.756 68.0428 65.6916 153.204 63.6719 60.4003 68.6171 72.8322 95.7134 83.3333 72.3685 90.6471 68.9898 74.6176 78.2415 69.0299 60.0657 101.372 89.3439 78.8834 76.107 78.2462 81.641 66.8645 62.4751 79.8831 56.936
threshold=0.0001225507148774341 2.6720299756546572e-11 1.638176500797272 0.082763671875000014 0.10670350864529611 0.20036964020140174 7.7518981271152642e-11 0.0038896482437849049 -0.045940908307040278 2.702591180801392 2.3826040469082497e-10 5.7791682771383848e-10 0.01122572459280491 1.6076839566230776 1.2523772120475771 0.14868164062500003 2.8395238075013023e-10 0.061745659496807513 0.097172745754385739 0.45103108882904058 0.079333962269377681 0.0045105207245796928 0.038729580965909095 0.065889830572507996 1.5180104970932009 0.0052328382153064021 0.62105518579483043 1.0090660743976614e-11 0.095317034770472195 1.8590819379518929e-09
decision_type=2 2 2 2 2 2 2 2 2 2 2 2 2 2 2 2 2 2 2 2 2 2 2 2 2 2 2 2 2 2
left_child=1 2 3 -1 -2 -5 -7 -3 -9 19 12 -12 -11 -13 -15 16 17 -16 -18 23 21 -21 -22 29 27 -26 -24 28 -25 -10
right_child=4 7 -4 5 -6 6 -8 8 9 10 11 13 -14 14 15 -17 18 -19 -20 20 22 -23 26 24 25 -27 -28 -29 -30 -31
leaf_value=0.036530916312667631 0.071005183401428487 -0.11107916814986188 -0.10534134534853999 -0.098370849448568276 -0.19406409613099571 1.870519364529946 -0.1045574902539444 0.011053785674386923 0.049090407331814752 -0.054878435541831611 -0.07885462180439512 0.078377922690087712 0.040325352834456409 -0.033963813683217318 -0.08601979829480548 0.046734984987976701 -0.21146337335503207 0.014032467959606124 -0.032498183927381179 0.062574186355945416 -0.1241329061217805 -0.06721225755548503 -0.054737575330223324 0.026895768379217345 -0.13695385472247548 0.012052732486236294 0.00471586687231815 -0.10044254016976568 -0.067977894062589167 -0.1984041288047011
leaf_weight=125.53303865157068 259.00568520464003 51.526447141543031 128.85413433611393 81.139336043968797 10.06034913100302 0.56849588826298614 1.2703087255358694 3555.410773659125 331.09601187892258 103.63140363618731 157.16266674920917 117.08749360777438 815.03927293419838 644.80999023839831 84.55780965834856 394.57273082435131 29.18134044483304 1032.9824636280537 82.443095739930868 57.829361464828253 58.061234630644321 640.48295472562313 226.69754222966731 176.64526865817606 38.286131182685494 928.75002321414649 1142.5779121555388 136.17467728629708 178.35891143977642 9.5636242367327196
leaf_count=753 593 1862 4598 2896 235 4 59 17231 1455 494 2052 487 2476 3051 525 1115 222 3492 338 147 1283 6847 1743 671 664 4116 7161 1413 2108 84
internal_value=-0.00013363 -0.00158764 -0.047542 -0.0118236 0.0610943 -0.0849764 0.506069 -0.000177333 0.000344938 -0.00481 0.00545302 -0.00326576 0.0295858 0.00171394 -0.00224295 0.0103539 -0.00132479 0.00646209 -0.079284 -0.0138621 -0.0252429 -0.0564642 -0.00996817 -0.000413851 -0.0103556 0.00615338 -0.00512726 -0.0428585 -0.02077 0.0421423
internal_weight=11599.4 11330.3 337.365 208.511 269.066 82.9781 1.8388 10992.9 10941.4 7385.99 3461.47 2542.8 918.671 2385.63 2268.55 1623.74 1229.16 1117.54 111.624 3924.52 2125.65 698.312 1427.34 1798.87 1458.22 967.036 1369.28 491.179 355.004 340.66
internal_count=70175 69347 8310 3712 828 2959 63 61037 59175 41944 14252 11282 2970 9230 8743 5692 4577 4017 560 27692 17181 6994 10187 10511 8972 4780 8904 4192 2779 1539
is_linear=0
shrinkage=0.1


Tree=29
num_leaves=31
num_cat=0
split_feature=2 3 1 1 12 1 2 11 13 17 14 8 6 13 8 4 2 13 11 14 5 7 14 13 3 3 18 10 9 13
split_gain=95.7812 103.991 85.6231 71.3151 91.5767 56.6618 56.752 67.6777 72.129 54.7857 72.0452 64.2453 119.205 69.6832 57.9675 53.1198 52.1693 48.7063 47.2553 80.0299 47.8566 69.5632 216.646 144.54 100.686 62.9557 60.7749 107.029 60.2077 60.1653
threshold=2.0685346368237212e-09 0.14147694606192066 0.7375357488976847 0.68799991747061784 0.089487589895725264 0.11415173306242113 1.0107193264542989e-10 7.0005243268944649e-10 1.2191684842109682 0.080411044034090925 0.0056398531887680301 1.3001555823276586e-11 1.2123199895099245e-10 1.1974918246269228 1.3115604415560113e-10 2.6720299756546572e-11 9.9848066900255161e-11 1.3501442074775698 1.1782714803842966e-08 0.013959818985313179 0.03117670284252801 0.046101549170296456 0.0075192095246166 1.8703539371490481 0.1056409713367646 0.089712298896656911 0.086276904214173569 3.6172708272933964 0.0040919101919918745 1.8369622826576235
decision_type=2 2 2 2 2 2 2 2 2 2 2 2 2 2 2 2 2 2 2 2 2 2 2 2 2 2 2 2 2 2
left_child=3 2 -2 4 -1 -6 9 8 -8 17 -11 13 16 -12 -14 -9 -13 -7 20 -20 -17 22 25 -24 -25 29 27 -23 -26 -22
right_child=1 -3 -4 -5 5 6 7 15 -10 10 11 12 14 -15 -16 18 -18 -19 19 -21 21 26 23 24 28 -27 -28 -29 -30 -31
leaf_value=-0.10678043094577171 -0.17287863578283796 0.082348884984183426 0.091863498730237081 0.057253238280392083 -0.047701690771519076 0.082174527534843292 0.0037254123744121428 -0.085763319088979079 -0.11205063943585425 -0.060228843395083581 -0.11130226834459843 -0.11996563737437815 0.11100316019335271 0.09454514062720383 -0.00873171905050453 -0.0051596262822383686 0.13946752942670126 -0.095733566395331746 -0.2401993272435306 -0.028097771434386406 0.040374608754271527 0.025539415901519626 -0.129741696288699 -0.11999824436369644 -0.27690397479985718 -0.0026300112171928403 0.0495777104563358 -0.086299286760212868 0.085167855773250215 -0.16506129802978717
leaf_weight=83.924263719469309 32.413556877523661 249.19043058529496 19.60570546425879 201.91278719343245 263.8181939125061 197.70393559709191 100.69612518697977 74.384335555136204 115.57177705317736 118.79088183306158 18.316336341202259 83.18721541389823 75.378032796084881 160.97257312014699 87.218859124928713 6100.5328485909849 8.5475526545196754 16.687271308153868 19.734507203102112 180.50095449481159 680.5833536349237 461.5850282330066 197.80910336598754 43.39050156250596 4.8555584326386443 1063.167285323143 652.17226926796138 105.04235042072833 84.816623084247112 14.560866005718706
leaf_count=3546 290 496 42 472 4091 337 390 2499 2020 1199 109 2187 170 392 395 36656 116 247 179 846 2090 1567 1895 394 42 4123 1647 1410 191 137
internal_value=-0.000145353 0.0555028 -0.0730991 -0.00163982 -0.00271948 -0.00192046 -0.000788111 -0.00281824 -0.0581444 0.0254208 0.00876885 0.0276709 -0.00464697 0.0735156 0.046776 -0.00158256 -0.0957925 0.0683269 -0.000930886 -0.0490018 9.21754e-05 0.00977747 -0.00129861 -0.075533 0.00505283 0.0126705 0.0287633 0.00480657 0.0655624 0.0360714
internal_weight=11517.1 301.21 52.0193 11215.9 11013.9 10930 10666.2 9899.4 216.268 766.803 552.411 433.621 254.332 179.289 162.597 9683.14 91.7348 214.391 9608.75 200.235 9408.52 3307.98 2089.18 330.872 133.063 1758.31 1218.8 566.627 89.6722 695.144
internal_count=70175 828 332 69347 68875 65329 61238 56086 2410 5152 4568 3369 2868 501 565 53676 2303 584 51177 1025 50152 13496 8872 2522 627 6350 4624 2977 233 2227
is_linear=0
shrinkage=0.1


Tree=30
num_leaves=31
num_cat=0
split_feature=2 3 1 12 18 6 9 0 9 8 10 8 6 8 3 12 14 14 5 4 6 6 14 8 1 14 8 4 3 18
split_gain=83.1442 92.0711 60.3207 82.6751 49.682 61.1773 51.5766 49.9559 48.8452 114.772 126.115 161.955 114.973 113.804 90.0186 109.246 102.873 100.987 100.626 97.4381 82.8367 73.3705 72.3265 71.0004 63.209 90.6548 62.316 77.4615 61.828 57.7304
threshold=2.0685346368237212e-09 0.11656167253924335 0.68799991747061784 0.089487589895725264 -0.20586377822540022 5.3374993003376183e-10 0.07649318179217339 1.53465857584254e-10 0.0054075353121698184 9.6454342494676782e-12 2.1299808025360112 1.3359311842394493e-11 3.7225528024687542e-11 9.6454342494676782e-12 0.12180324389191576 0.13676776736974719 0.0062689131591469058 0.0063797889743000278 0.025662566992049548 4.882402689953519e-11 4.6436709312784568e-11 2.8045884356667279e-11 0.0075192095246166 1.7149053700039882e-11 0.26089783179528214 0.0053621050901710996 3.825044629015946e-12 1.7564950113877942e-10 0.088239204950705627 0.6896758683830162
decision_type=2 2 2 2 2 2 2 2 2 2 2 2 2 2 2 2 2 2 2 2 2 2 2 2 2 2 2 2 2 2
left_child=2 -2 3 -1 5 -5 -7 -6 13 28 11 -11 22 14 15 17 20 19 -16 24 -17 -19 -12 -15 -9 -26 -20 -28 -10 -14
right_child=1 -3 -4 4 7 6 -8 8 9 10 12 -13 29 23 18 16 -18 21 26 -21 -22 -23 -24 -25 25 -27 27 -29 -30 -31
leaf_value=-0.10616898737470254 -0.11882869892696708 0.072196649290944465 0.053808712161255184 0.030528931667473794 -0.057136447999890184 0.036593199889713005 -0.18285039083686078 0.03981480943215248 0.062580512322646428 0.0029261745312932478 0.095342263808393543 -0.086275034793282565 -0.0010376892337189911 -0.067971555155760047 -0.092254972862853057 -0.12928920669264662 0.05515902914002449 -0.15311348424476712 0.071934538728055039 0.04820953300960832 0.0049398389616586713 0.02505809997906118 -0.071280179841044275 0.059690368906166691 -0.11394671467663804 0.054022538506043154 -0.064850861991806563 0.050732235262301965 -0.060205296332241434 0.063849411964274891
leaf_weight=76.352862669155002 27.99515962600708 255.57939856126904 193.78870487213135 694.86952464841306 171.17741842195392 18.414413250982761 25.600591494701803 97.439314980059862 407.25328841432929 436.94336253032088 195.87809864617884 381.04455640166998 5790.578217279166 474.2390948664397 211.53994494862854 134.46567333489656 72.638808229938149 53.684943597763777 81.139877142384648 820.4410547260195 69.863124679774046 40.58499101549387 30.047637581825256 47.971875853836536 106.54225286468863 46.00634254142642 182.4396686591208 84.995691318064928 45.601954787969589 140.44149247929454
leaf_count=3546 245 583 472 2911 3238 50 219 600 1213 2423 502 8561 27391 3321 4217 1281 183 368 212 2654 240 109 255 136 2848 212 1188 252 322 423
internal_value=-0.00013304 0.0533382 -0.00149516 -0.00247496 -0.00174605 0.023287 -0.0910425 -0.00357323 -0.00265191 0.00143199 -0.00173537 -0.0386266 0.00316585 -0.0146703 -0.0038248 0.00939314 -0.0470566 0.022817 -0.0378461 0.0315554 -0.0833943 -0.0764072 0.0731818 -0.0562441 -0.023102 -0.0632897 -0.00482705 -0.0281165 0.0502161 0.000498782
internal_weight=11415.6 283.575 11132 10938.2 10861.8 738.885 44.015 10123 9951.78 7427.79 6974.93 817.988 6156.95 2523.99 2001.78 1441.67 276.968 1164.7 560.115 1070.43 204.329 94.2699 225.926 522.211 249.988 152.549 348.575 267.435 452.855 5931.02
internal_count=70175 828 69347 68875 65329 3180 269 62149 58911 41090 39555 10984 28571 17821 14364 8495 1704 6791 5869 6314 1521 477 757 3457 3660 3060 1652 1440 1535 27814
is_linear=0
shrinkage=0.1


Tree=31
num_leaves=31
num_cat=0
split_feature=1 3 12 14 5 19 10 8 8 10 2 17 2 19 12 17 1 17 6 6 0 6 17 11 12 7 2 1 13 4
split_gain=73.3416 75.1357 73.1854 56.8522 51.0022 59.4897 52.1525 104.127 75.3266 72.6172 62.1154 60.5503 119.001 62.4834 60.1989 67.6487 96.1209 59.759 137.198 88.8043 82.4573 79.6819 100.667 89.6898 86.181 152.517 81.2152 78.8602 99.0196 76.7336
threshold=0.64396526752335337 0.25913041066491932 0.090493965893983855 0.053724825382232673 0.028789224937195382 -0.18278637528419492 2.5562524795532231 1.2434748292010109e-10 2.9604664037797046e-10 2.9388306140899663 6.6772799454277074e-10 0.1416681463068182 4.6642855782727044e-10 0.32790344953536993 0.37097822129726415 0.15711558948863638 0.29972903366741671 0.084672407670454572 1.2123199895099245e-10 1.5324140605882237e-11 8.9496389765615776e-10 1.0464251480212109e-10 0.060613458806818191 2.97698965479043e-09 0.11070610582828523 0.0062514156706829837 2.9094685502172105e-10 0.42499966936161299 2.0718373060226445 4.0421946257220154e-11
decision_type=2 2 2 2 2 2 2 2 2 2 2 2 2 2 2 2 2 2 2 2 2 2 2 2 2 2 2 2 2 2
left_child=1 2 -1 4 5 -4 7 10 11 -10 17 12 13 -8 -11 -16 -17 21 19 -19 -20 22 23 26 -25 -26 29 -21 -29 -7
right_child=-2 -3 3 -5 -6 6 8 -9 9 14 -12 -13 -14 -15 15 16 -18 18 20 27 -22 -23 -24 24 25 -27 -28 28 -30 -31
leaf_value=-0.10469376012798273 0.043491205469597706 0.076483985751016059 0.077743362226486881 -0.11221002414140419 0.0065623737309459407 -0.085063275831123122 -0.11118910785438654 -0.11641478788443545 -0.08289736128332903 0.0074572006473456465 -0.074869675651791284 0.049351612809953288 0.028504555809656863 -0.017086845080780271 -0.061866484093493657 -0.058441565677584052 0.079207543291604399 0.071155806239141556 0.072316245874511381 -0.088393569960324297 -0.14176959804225003 -0.12616103618387434 0.032480359141921031 0.048245005591527911 -0.1742492003816718 0.012659328625739961 -0.090563781623697825 0.29452585922735874 -0.13593548839588748 0.026098395451472158
leaf_weight=69.625212975777686 372.69480247609317 121.79746587388217 81.003723427653313 46.466332606039941 4618.6812120508403 92.843877382576466 81.966283045709133 105.37929755263031 148.63029221072793 841.51122141070664 162.1136148199439 376.12347883358598 835.79031795449555 507.10143704339862 347.49082448706031 100.85096693783998 102.07944048568606 43.785933217965066 135.16437108255923 403.78676088526845 20.753240073099732 49.78460231795907 667.7958911228925 290.17146520130336 57.82088728249073 178.22869701497257 233.43299481645226 12.275098131969573 9.4637994784861785 187.51522353850305
leaf_count=3664 1104 276 294 1593 18745 2332 688 1178 1054 3370 1408 896 2431 2986 1915 592 241 791 612 10894 222 380 3885 1611 536 827 4384 22 113 1131
internal_value=-0.000131955 -0.00161951 -0.0024997 -0.00183708 -0.00135739 -0.00738072 -0.0085315 -0.0190072 -0.000222829 -0.0164565 -0.0149738 0.0136634 0.00424275 -0.0301808 -0.00936191 -0.0350758 0.0107996 -0.0108988 -0.0374507 -0.0644511 0.0438206 -0.00145348 0.00218189 -0.0172729 0.0117448 -0.0331243 -0.0469924 -0.0784049 0.107129 -0.010714
internal_weight=11302.1 10929.4 10807.6 10738 10691.5 6072.86 5991.86 2650.32 3341.54 1540.56 2544.94 1800.98 1424.86 589.068 1391.93 550.421 202.93 2382.82 625.229 469.312 155.918 1757.59 1707.81 1040.01 526.221 236.05 513.792 425.526 21.7389 280.359
internal_count=70175 69071 68795 65131 63538 44793 44499 30326 14173 7172 29148 7001 6105 3674 6118 2748 833 27740 12654 11820 834 15086 14706 10821 2974 1363 7847 11029 135 3463
is_linear=0
shrinkage=0.1


Tree=32
num_leaves=31
num_cat=0
split_feature=2 3 1 4 10 17 1 12 7 6 14 0 2 13 17 19 11 17 7 13 8 8 7 8 8 5 13 6 7 8
split_gain=65.3446 82.3594 67.9478 49.2729 51.5058 50.6122 48.3562 50.5596 47.7139 41.9218 38.8064 36.4527 77.4488 83.848 73.6446 80.707 56.3232 48.0025 61.4708 86.1566 53.842 47.5346 59.142 41.7385 120.998 97.4979 86.9415 84.2278 71.2847 58.6561
threshold=2.0685346368237212e-09 0.14147694606192066 0.7375357488976847 2.6421142047061654e-11 1.638176500797272 0.095858487215909102 0.7375357488976847 0.089487589895725264 0.0042716083772615281 1.1943258475760847e-11 0.053724825382232673 2.4699112767660616e-10 1.1952664144507119e-10 1.5034040808677676 0.16554953835227273 2.8416856527328496 7.0005243268944649e-10 0.16781338778409094 0.076530771936800454 1.2912552356719973 6.9779035569420475e-12 9.9335624217957839e-12 0.01508185456463622 3.5842608356789736e-12 5.2933744271966426e-12 0.019726864770657649 1.4250093698501589 4.1271100173742333e-11 0.02286690936668959 6.7058117015849866e-12
decision_type=2 2 2 2 2 2 2 2 2 2 2 2 2 2 2 2 2 2 2 2 2 2 2 2 2 2 2 2 2 2
left_child=3 2 -2 4 5 -1 7 -5 -9 -10 11 17 13 -13 15 -15 -14 18 19 20 -11 -22 -23 25 27 -18 -27 -25 -29 -26
right_child=1 -3 -4 6 -6 -7 -8 8 9 10 -12 12 16 14 -16 -17 23 -19 -20 -21 21 22 -24 24 29 26 -28 28 -30 -31
leaf_value=0.017180811113781877 -0.15487293723297585 0.0763065545963027 0.089900739725216908 -0.093081063444675538 -0.10295965764698448 -0.10541553110025062 0.069988770745571999 -0.085286301211296309 0.1092660690474747 -0.14564243099647131 -0.10870221882486089 0.055139412104685537 -0.13609240384536755 -0.10971210863306331 0.05232719045294762 0.079057868048996185 -0.10817268296613557 -0.13612863283355467 0.075078713190751378 -0.10248290433917817 0.032831539152057686 0.046891842855554471 -0.10355036325220178 -0.1208954343745115 0.034426560457277183 0.042810953537518924 0.24005934728402983 0.045222871388341995 -0.21504384469094068 -0.0017164645678033959
leaf_weight=140.79084549844265 31.644783221185207 212.20591856911778 17.675369838252664 59.150397151708603 94.254352587275207 44.260711207985878 97.148174487054348 65.751880487427115 35.102630378678441 25.165947139263153 32.859114166349173 509.73664917238057 30.726322560571134 100.0569273037836 86.229378355666995 29.275591407902539 37.524327263236046 35.963564204052091 64.165702905505896 120.03683735523373 221.76418201532215 41.780725251883268 69.763232393190265 141.70388665702194 475.42885613348335 182.56793430075049 25.462591672316194 70.156038861721754 12.380563005805014 8082.9455355908722
leaf_count=1196 290 496 42 2905 4363 2474 220 633 128 165 1490 1809 405 1354 210 194 1289 416 237 2157 725 173 780 2453 2505 753 110 283 97 39823
internal_value=-0.000146017 0.0492525 -0.0671509 -0.00132776 -0.0427891 -0.0121418 -0.000240688 -0.000887037 -0.000367503 0.000167794 -0.000200593 0.000143451 0.00158579 0.0330288 -0.019256 -0.0669823 -0.000931687 -0.024245 -0.0168304 -0.0291549 -0.00460062 0.00604854 -0.0471996 -0.000471683 -0.00160861 0.040192 0.0669538 -0.0741216 0.00618263 0.000291328
internal_weight=11193.7 261.526 49.3202 10932.2 279.306 185.052 10652.8 10555.7 10496.5 10430.8 10395.7 10362.8 9784.19 725.299 215.562 129.333 9058.9 578.64 542.677 478.511 358.474 333.308 111.544 9028.17 8782.61 245.555 208.031 224.24 82.5366 8558.37
internal_count=70175 828 332 69347 8033 3670 61314 61094 58189 57556 57428 55938 51285 3567 1758 1548 47718 4653 4237 4000 1843 1678 953 47313 45161 2152 863 2833 380 42328
is_linear=0
shrinkage=0.1


Tree=33
num_leaves=31
num_cat=0
split_feature=5 12 3 1 12 14 14 6 7 5 13 4 10 8 3 12 5 18 3 14 2 13 19 10 10 6 8 14 12 5
split_gain=58.5134 83.6086 114.917 60.8465 59.5987 59.3496 94.2323 103.652 71.1431 68.3422 61.8027 53.6976 42.1227 213.106 126.677 70.4983 66.0767 56.8136 53.3492 53.6471 61.945 81.0261 51.6527 53.6088 47.9601 94.7357 85.1067 144.667 69.7959 60.9283
threshold=0.067974104864168175 0.14522339403629306 0.18271572684690138 0.64396526752335337 0.090493965893983855 0.0054146649781614551 0.0062160238157957801 3.9274430854811975e-11 0.025223926979259566 0.088115284701048097 1.8703539371490481 3.3308159528136174e-10 2.1299808025360112 1.3359311842394493e-11 0.088239204950705627 0.13676776736974719 0.017537345698271759 0.3951241434128448 0.10460381809965548 0.0052328382153064021 1.8541107804305963e-10 1.7358498573303225 0.080418426543474211 2.0117158889770512 2.2317432165145878 2.2993079823637268e-11 3.5842608356789736e-12 0.0060130713973194369 0.12019868567585947 0.028592356953620734
decision_type=2 2 2 2 2 2 2 2 2 2 2 2 2 2 2 2 2 2 2 2 2 2 2 2 2 2 2 2 2 2
left_child=3 -2 5 4 -1 8 11 9 -3 -8 -9 -7 13 14 -6 16 -16 24 22 -20 21 -21 23 -15 -14 28 -27 29 -26 -28
right_child=1 2 -4 -5 12 6 7 10 -10 -11 -12 -13 17 18 15 -17 -18 -19 19 20 -22 -23 -24 -25 25 26 27 -29 -30 -31
leaf_value=-0.10397755150880372 0.083476687720805465 -0.15997873096167711 0.090444325965501893 0.038916883054847237 0.017359469380419029 -0.15674380774177199 0.094891699339778535 -0.13082366880121507 0.082577175131726258 -0.14032029819102784 0.037626409646982231 0.15609420667890217 0.020468688185257974 -0.11406922416496322 -0.10441017699107158 -0.10406838396597483 0.0013263068418833419 0.027350945017821416 0.37543101018625041 -0.11174562773194568 -0.1209366006558556 0.62764896756652633 -0.099079329790144222 0.19834655579252794 -0.039753239888562546 0.10712006626138355 -0.12039597094027743 -0.00098381627390404852 -0.19989061677295772 -0.033129071226617027
leaf_weight=58.642902648076415 194.78709223493934 14.157303683459757 123.36151516065001 350.63287029601634 1223.6702223392203 75.815501295030117 90.281887866556644 70.675339609384537 82.902519725263119 14.311062060296534 31.482440972700715 5.9148088544607154 826.80167199857533 9.9660951774567383 73.722094971686602 134.76788276340812 298.00994857680053 716.7373962784186 4.4704158958047655 2.9171744100749519 14.193981179036198 3.0126918777823448 357.85482850950211 12.235993224196134 84.133882427588105 68.890945328399539 135.86160237807781 5800.2303875293583 40.232472740113735 194.60134108923376
leaf_count=3664 316 93 274 1096 6529 547 202 1000 135 102 86 5 5425 375 2549 1392 1800 2801 15 81 277 4 10195 52 863 354 2082 26470 372 1019
internal_value=-0.000146742 0.0277617 0.00643626 -0.00203299 -0.00346013 -0.0204438 -0.0432018 -0.00726753 0.0471976 0.0627085 -0.0789116 -0.134104 -0.0028708 -0.0153287 -4.90671e-05 -0.0421069 -0.0196434 0.000509615 -0.08066 0.0620751 -0.00753536 0.263907 -0.0898967 0.0581091 -0.00218076 -0.00514198 -0.00340844 -0.00465045 -0.0915576 -0.0690067
internal_weight=11115.3 703.689 508.902 10411.6 10061 385.541 288.481 206.751 97.0598 104.593 102.158 81.7303 10002.3 2134.82 1730.17 506.5 371.732 7867.49 404.651 24.5943 20.1238 5.92987 380.057 22.2021 7150.75 6323.95 6199.58 6130.69 124.366 330.463
internal_count=70175 2760 2444 67415 66319 2170 1942 1390 228 304 1086 552 62655 23269 12270 5741 4349 39386 10999 377 362 85 10622 427 36585 31160 29925 29571 1235 3101
is_linear=0
shrinkage=0.1


Tree=34
num_leaves=31
num_cat=0
split_feature=14 15 18 9 19 4 0 10 8 10 8 10 8 6 3 0 3 5 14 2 6 7 14 15 14 19 17 13 14 6
split_gain=52.8978 79.9078 41.4212 55.2867 95.4151 62.5233 80.4281 90.1136 79.1586 59.0057 55.6714 134.631 119.447 84.1115 64.5862 58.2083 54.9827 54.5679 57.5971 53.7224 56.8955 51.1625 60.2143 60.2152 46.561 90.9711 65.1268 70.507 109.43 52.4907
threshold=0.1004023887217045 0.00014668257790617647 -0.13882188319059255 0.0055141336443902443 0.080418426543474211 4.9953676993803974e-11 2.8080369532138249e-10 2.3161214590072636 9.9335624217957839e-12 2.3362116813659672 9.568696932239511e-12 2.1299808025360112 1.3359311842394493e-11 4.2347310409875476e-11 0.10460381809965548 6.2747808476137673e-10 0.087478995678616348 0.043176879343286935 0.0077856902498751887 4.0016669008975159e-10 2.8045884356667279e-11 0.019328845386943651 0.0075192095246166 6.4698280766606344e-05 0.0063797889743000278 0.12527711689472201 0.071000532670454572 1.2085615992546084 0.0060637674760073432 2.112429641961261e-11
decision_type=2 2 2 2 2 2 2 2 2 2 2 2 2 2 2 2 2 2 2 2 2 2 2 2 2 2 2 2 2 2
left_child=1 2 -1 5 -5 -4 -7 8 24 -9 16 12 -12 15 -14 -13 -6 18 -11 -10 -21 22 -17 -24 26 -26 -8 -28 -29 -27
right_child=-2 -3 3 4 10 6 7 9 19 17 11 13 14 -15 -16 21 -18 -19 -20 20 -22 -23 23 -25 25 29 27 28 -30 -31
leaf_value=0.014924985521937596 -0.13578434635208528 0.082148866706131252 -0.054290156672578804 0.04542006207194426 0.051281977023268949 -0.14487599014891489 0.031073347280847374 -0.15279595603767462 -0.093112788203236305 -0.071590791801016268 -0.0072800060690493247 -0.14212619425013037 -0.10206804832862292 -0.0011956865187909007 0.073363421064958481 0.087891674719075039 -0.097373332858960063 0.01975678271007239 0.058281811815452084 -0.17192675865103482 0.077772013755013136 0.29693147816204268 -0.15253331152569818 0.13119486877706996 -0.19704957522981489 -0.18215425644471678 0.058593945401662011 -0.18824658757271687 0.050260402070780488 0.040213045810624626
leaf_weight=1469.3016079729423 28.682276485022157 117.70417455211282 369.80033598281443 457.07356080133468 294.96195130329579 42.839586429297924 967.9994964376092 44.44101554621011 120.97379916161299 272.86086700391024 383.46909628622234 13.224428383633493 300.49909970909357 5407.1901044156402 22.561370304785669 166.89221758767962 27.17295833863318 140.29257412999868 39.032896274700761 11.523239227011798 43.850510041229427 9.8282998930662853 22.57867531105876 11.185644663870333 29.21272986754775 12.441473908722399 42.767729982733727 51.790532000362873 30.604457043111324 72.330200430005789
leaf_count=7441 1375 322 8369 2189 987 290 5257 551 870 2505 2532 156 9402 24605 304 487 234 504 92 120 193 19 236 13 232 109 94 423 71 193
internal_value=-0.000157293 0.000196467 -0.000690233 -0.00312859 0.00122224 -0.0166334 -0.00939168 -0.00630459 0.00681224 -0.0428452 -0.00181124 -0.00387261 -0.0450198 0.00129028 -0.0898166 0.0613776 0.0387425 -0.0320392 -0.0553375 -0.0557707 0.0258099 0.0741634 0.063252 -0.0585382 0.0159547 -0.0448658 0.0222965 -0.0455828 -0.0996565 0.00757742
internal_weight=11025.1 10996.4 10878.7 9409.4 7116.64 2292.76 1922.96 1880.12 1383.49 496.627 6659.56 6337.43 706.53 5630.9 323.06 223.709 322.135 452.186 311.894 176.348 55.3737 210.485 200.657 33.7643 1207.15 113.984 1093.16 125.163 82.395 84.7717
internal_count=70175 68800 68478 61037 41164 19873 11504 11214 7562 3652 38975 37754 12238 25516 9706 911 1221 3101 2597 1183 313 755 736 249 6379 534 5845 588 494 302
is_linear=0
shrinkage=0.1


Tree=35
num_leaves=31
num_cat=0
split_feature=3 19 14 15 13 12 14 8 5 4 0 19 10 4 17 3 2 17 1 7 8 8 8 14 8 6 0 8 12 19
split_gain=49.4723 48.3991 44.6029 44.8729 86.897 76.7155 74.3629 62.9348 58.8345 84.0052 57.9546 54.6497 88.0108 63.399 49.2149 119.126 79.0133 48.9099 48.0133 46.8149 46.967 58.9957 130.475 54.9511 100.88 69.5017 67.6065 54.4266 63.1536 47.0614
threshold=0.25913041066491932 -0.18278637528419492 0.053724825382232673 6.4698280766606344e-05 2.1385976076126103 0.098362203687429442 0.010782373603433372 4.5701039380219553e-11 0.055584714983880637 2.8395238075013023e-10 1.3360295018348277e-09 3.237383365631104 3.5594216585159306 4.2192996509744756e-11 0.14486416903409094 0.11464257394493789 1.1096816110610808e-09 0.12511097301136367 0.38383457079501521 0.0048399193457203124 2.6950982928089109e-12 3.5842608356789736e-12 5.2933744271966426e-12 0.0047314993571490058 1.06475024879302e-11 2.8323378085832888e-11 2.5812691445320257e-10 9.715594323317027e-12 0.17057642340660098 0.89591112732887279
decision_type=2 2 2 2 2 2 2 2 2 2 2 2 2 2 2 2 2 2 2 2 2 2 2 2 2 2 2 2 2 2
left_child=1 -1 3 4 5 -3 -6 -8 9 10 -5 12 19 -13 15 -11 -17 18 -15 -7 -21 -22 -23 24 25 -24 27 28 -25 -30
right_child=-2 2 -4 8 6 11 7 -9 -10 14 -12 13 -14 17 -16 16 -18 -19 -20 20 21 22 23 26 -26 -27 -28 -29 29 -31
leaf_value=0.05588123988858798 0.06916515756469116 -0.09429707161774975 -0.11258716250846479 -0.12293491787201416 -0.099617307025499632 -0.093526578575655439 0.260701851875486 -0.024271113873748286 0.072234004822386594 -0.16508875957434835 0.013424764968427289 -0.1214372175541242 -0.15557851235738807 -0.0391010980997843 0.014427013123799329 -0.26633788161257888 0.019328498703481186 0.063976934228205551 0.081528452270021937 -0.18103200832998653 0.048857990634826223 -0.088154405068540109 -0.00023215149891999242 -0.085178579291954604 -0.14901515679587926 0.069721183539937198 -0.00074984415923737323 -0.064037434596906986 0.060405977142467975 -0.23286832715960887
leaf_weight=148.5439329687506 101.99252589978278 90.102715767920017 36.083478205837309 31.553836489096284 171.5021286746487 56.548610893078148 7.9720798190683118 277.78376128897071 140.76799727231264 82.355902545154095 2552.1207104837522 25.792722028680146 37.988833889365196 115.11767072416842 94.468217339366674 10.679741997271774 103.67846973054111 294.3339885044843 46.252569906413555 14.644119285047053 222.53107792232186 177.08087492082268 266.02707475051284 52.842189102433622 30.68415663857013 304.71347238123417 5017.9823003103957 319.36916745640337 113.10135793499649 5.749800548888742
leaf_count=567 276 4783 1575 222 1606 588 10 1375 305 621 9680 951 305 841 335 90 312 852 123 288 1526 2377 2161 620 569 748 29736 6270 407 56
internal_value=-0.00015584 -0.000807572 -0.00159457 -0.001219 -0.00529232 -0.00260441 -0.0475626 -0.0163209 0.0091116 0.0060208 0.0117594 -0.0014409 -0.00380701 0.0310865 -0.0448984 -0.0733882 -0.00734946 0.0397193 -0.00452578 -0.00293094 -0.00214577 -0.00174337 -0.00353427 -0.00108199 0.0276191 0.0371153 -0.0042153 -0.0396274 0.00577791 0.0462179
internal_weight=10950.4 10848.4 10699.8 10663.7 7648.12 7190.86 457.258 285.756 3015.62 2874.86 2583.67 7100.76 6619.26 481.497 291.182 196.714 114.358 455.704 161.37 6581.27 6524.73 6510.08 6287.55 6110.47 601.425 570.741 5509.04 491.063 171.693 118.851
internal_count=70175 69899 69332 67757 56192 53201 2991 1385 11565 11260 9902 48418 45651 2767 1358 1023 402 1816 964 45346 44758 44470 42944 40567 3478 2909 37089 7353 1083 463
is_linear=0
shrinkage=0.1


Tree=36
num_leaves=31
num_cat=0
split_feature=5 12 3 14 12 7 8 7 10 12 3 7 14 6 0 9 9 13 10 6 7 12 11 14 14 19 14 2 8 11
split_gain=44.5055 72.7705 113.289 45.0477 169.927 154.722 86.2186 64.7671 120.128 92.8037 71.6485 121.503 89.5888 75.5572 72.5153 73.5063 68.8616 88.3257 64.5783 63.3058 64.289 57.5708 55.0767 54.232 60.3548 52.3674 104.008 80.6972 56.9851 58.4435
threshold=0.067974104864168175 0.15194044262170794 0.17947503589149755 0.0055808813776820907 0.14522339403629306 0.013447296116505844 1.06475024879302e-11 0.013596329573851 2.1788535118103032 0.13676776736974719 0.11348993563010372 0.0062514156706829837 0.0060899988748133191 2.3221864948813016e-11 1.6033740662504709e-09 0.0070551658452878818 0.0024039471017671412 1.6169021129608157 2.5562524795532231 3.3698231543980212e-11 0.077765443634400869 0.18517253547906878 3.7170869715552617e-09 0.0060375449247658261 0.0071553159505128869 0.45103108882904058 0.0052085951901972303 2.6672248479061509e-10 3.5842608356789736e-12 1.0969771202518077e-09
decision_type=2 2 2 2 2 2 2 2 2 2 2 2 2 2 2 2 2 2 2 2 2 2 2 2 2 2 2 2 2 2
left_child=3 -2 -3 4 5 25 -7 10 19 18 11 12 16 -14 15 -12 -5 -18 -10 23 -21 -13 -19 -9 -25 26 -1 -28 -27 -30
right_child=1 2 -4 7 -6 6 -8 8 9 -11 14 21 13 -15 -16 -17 17 22 -20 20 -22 -23 -24 24 -26 28 27 -29 29 -31
leaf_value=-0.11630741450369056 0.065189021279195805 -0.034791475534500897 0.086306358810284881 0.11228728219396761 -0.1076716259664061 0.027760023359926868 -0.092474223682322776 -0.088519345869728427 -0.13625082197081748 0.002271334946218821 -0.13660127654970286 0.058061898028610552 -0.11635717193812592 0.02794164958178344 0.0076365307219847913 0.034767559699580709 0.10106579434232117 -0.14569773266736738 0.013592347750334599 -0.08900498579887163 0.15930957013798314 -0.097617816258426443 0.037000979094172243 0.072439346394940221 -0.085943826249545607 0.053159600679486697 0.10817992217477759 -0.075226408894738972 0.046035456227488947 -0.069082168664871074
leaf_weight=198.9231327297166 267.9335823468864 288.47129484359175 105.50804092362523 66.776280682533979 182.57062972709537 885.75003127008677 63.946709467098117 53.934636695310473 82.721914518624544 6151.8059972231276 78.465239493176341 799.03762889187783 113.02062411420047 53.446833752095699 419.28720726445317 36.754519511945546 41.361725050956011 47.322774022817612 44.09190084412694 285.7624048134312 10.821178916841744 24.481901272200048 25.333886448293924 92.866629479452968 32.473039648495615 85.66026518587023 44.930178808048368 51.473858054727316 57.874591353349388 185.31336839590222
leaf_count=6054 536 1949 275 104 3085 3269 719 564 689 28198 693 2535 852 153 2175 162 71 389 163 8017 63 766 90 680 1104 1263 136 693 447 4281
internal_value=-0.000146796 0.0249821 -0.00236136 -0.00177491 -0.0163481 -0.00575445 0.0196642 0.00125081 -0.00314563 0.000525784 0.0186647 0.0325145 -0.0170949 -0.0700279 -0.0116719 -0.0819355 0.0316433 -0.0155868 -0.0841518 -0.0515874 -0.079945 0.0534338 -0.0819944 -0.00467394 0.0314054 -0.0444295 -0.0749944 0.0102522 -0.0169802 -0.0416861
internal_weight=10878.1 661.913 393.979 10216.2 1756.44 1573.87 949.697 8459.77 6754.48 6278.62 1705.29 1170.78 347.262 166.467 534.507 115.22 180.795 114.018 126.814 475.858 296.584 823.52 72.6567 179.274 125.34 624.175 295.327 96.404 328.848 243.188
internal_count=70175 2760 2224 67415 19947 16862 3988 47468 39478 29050 7990 4960 1659 1005 3030 855 654 550 852 10428 8080 3301 479 2348 1784 12874 6883 829 5991 4728
is_linear=0
shrinkage=0.1


Tree=37
num_leaves=31
num_cat=0
split_feature=14 15 4 10 12 7 18 3 10 14 18 10 8 6 3 18 14 10 19 3 9 6 5 14 17 4 7 3 4 13
split_gain=45.0803 62.315 32.9375 41.3322 46.6383 38.8294 34.9218 33.5737 36.1523 45.6715 33.8972 42.3243 125.504 57.9501 48.2431 46.1601 53.6692 46.831 42.0906 69.5118 67.3359 102.299 68.3215 47.8488 42.6657 42.4875 45.205 46.3077 45.6007 42.7458
threshold=0.1004023887217045 0.00014668257790617647 2.6421142047061654e-11 1.638176500797272 0.11956077814102174 0.0091776226512396194 -0.13576081429015505 0.038260857642656292 1.3664370775222781 0.0038896482437849049 -0.045940908307040278 2.1299808025360112 1.0181135544810024e-11 4.1271100173742333e-11 0.12322805912714219 0.35509446257492533 0.0065799446310848006 2.2608755826950078 0.83969396352767955 0.091660168512980492 0.0015292923945983943 1.094316113845314e-10 0.020237347761514927 0.0092546120285987871 0.043923117897727279 4.4081309031401434e-11 0.10264982360096386 0.19653601841571991 1.872956640435729e-10 3.078580498695374
decision_type=2 2 2 2 2 2 2 2 2 2 2 2 2 2 2 2 2 2 2 2 2 2 2 2 2 2 2 2 2 2
left_child=1 2 3 4 5 -1 -6 -4 -9 -10 18 12 13 -12 -14 -13 -17 -18 19 -11 22 23 -21 -22 -20 -26 27 29 -28 -27
right_child=-2 -3 7 -5 6 -7 -8 8 9 10 11 15 14 -15 -16 16 17 -19 24 20 21 -23 -24 -25 25 26 28 -29 -30 -31
leaf_value=-0.112702285011401 -0.13712947449836987 0.078119017874859378 -0.099676499930032372 -0.10013160068397289 0.096784503300449243 0.12260670657917171 -0.062800176080139186 0.15788058694101614 -0.12772685547640494 0.036685777163856063 -0.014519700658140233 -0.0036235079248801609 -0.077590283954000708 0.049149110940825358 0.1011536285782668 0.1532340197094853 -0.12766943652271218 0.020416833568739329 -0.10961127725865388 -0.075788979479292001 -0.024745631881363833 0.037070044114563085 0.11531681486418076 -0.14165798456510839 -0.082762676355891351 0.01716054910565561 -0.0870528457224653 -0.11906087758276165 0.012502697389375695 -0.14261100902679932
leaf_weight=8.6911550909280759 23.972002842463553 101.55346365086734 33.511391788721085 72.790487714111805 15.762108121998606 36.311457852832973 105.44904633332044 14.589899716898797 27.764835828915238 1002.0469099553302 538.03582447767258 5011.0890319840983 343.74670216813684 194.68211585842073 15.793622817844151 29.752821367233992 21.920946817845106 827.48370262421668 38.099924605339766 23.854536302387714 605.21415152866393 328.88816249370575 86.696531263180077 37.155751472339034 62.106646773405373 939.11594627611339 104.01846870034933 26.761393111199141 82.499419074505568 17.049375222995877
leaf_count=301 1375 322 305 4363 263 97 3009 49 1893 4013 3951 25995 6845 487 105 110 394 3070 556 640 4252 1011 318 311 1037 3907 635 148 297 116
internal_value=-0.000149336 0.000156054 -0.000587303 -0.0372914 -0.00977161 0.0771625 -0.042048 0.000255238 0.000577914 0.000356467 0.000700527 -0.00326818 -0.021348 0.00239701 -0.0697386 8.44423e-05 0.0212193 0.0165951 0.00896398 0.0177088 0.000131021 -0.00828607 0.0740803 -0.031508 -0.00538876 -0.00216448 0.00211591 0.0106804 -0.0430181 0.0143117
internal_weight=10776.4 10752.4 10650.9 239.004 166.214 45.0026 121.211 10411.9 10378.4 10363.8 10336 6982.5 1092.26 732.718 359.54 5890.25 879.157 849.405 3353.51 2083.86 1081.81 971.258 110.551 642.37 1269.65 1231.55 1169.44 982.927 186.518 956.165
internal_count=70175 68800 68478 8033 3670 398 3272 60445 60140 60091 58198 40957 11388 4438 6950 29569 3574 3464 17241 10545 6532 5574 958 4563 6696 6140 5103 4171 932 4023
is_linear=0
shrinkage=0.1


Tree=38
num_leaves=31
num_cat=0
split_feature=14 15 9 19 8 10 8 6 0 8 8 12 5 9 14 19 6 17 13 12 12 4 3 3 8 13 8 12 9 5
split_gain=40.5086 54.6011 30.6099 69.3384 60.1089 88.55 107.462 71.077 67.9239 56.4532 89.511 63.0431 69.7022 57.863 56.5931 101.641 80.4669 71.7688 58.0992 57.8033 53.5515 53.7919 52.5166 51.8378 50.954 55.3992 69.6511 57.3877 53.2218 52.6208
threshold=0.1004023887217045 0.00014668257790617647 0.0053043158953999811 0.080418426543474211 9.715594323317027e-12 2.1299808025360112 1.3359311842394493e-11 4.2347310409875476e-11 6.1977082592455288e-10 1.0090660743976614e-11 1.7661297089268262e-11 0.13795153796672824 0.016239311856035304 0.0030031771084718193 0.0063215892296284446 0.71015426516532909 3.6352041839460973e-11 0.074773615056818191 1.2441498041152956 0.14898732304573062 0.12019868567585947 1.9184002972140744e-10 0.10460381809965548 0.10108289855021499 8.3790164246885903e-12 1.4324056506156924 3.912526955302693e-12 0.11298577487468721 0.0011530487984117593 0.047577631117747356
decision_type=2 2 2 2 2 2 2 2 2 2 2 2 2 2 2 2 2 2 2 2 2 2 2 2 2 2 2 2 2 2
left_child=1 2 9 -4 23 6 -6 8 -7 11 -11 12 -1 20 15 16 -13 -16 -19 -18 24 -22 -8 -5 25 26 28 -27 -14 -28
right_child=-2 -3 3 4 5 7 22 -9 -10 10 -12 14 13 -15 17 -17 19 18 -20 -21 21 -23 -24 -25 -26 27 29 -29 -30 -31
leaf_value=-0.050514118455973749 -0.13623780625227813 0.075777343821357812 0.039888514326304643 0.039165617852071226 -0.0027324927755946124 -0.1507135467643716 -0.092195757622409613 -0.00062813664123330685 0.06389973795725494 -0.06422794359613912 0.069592493422020632 -0.099150737720173202 -0.14753848926356969 0.034405637780006652 -0.14553238107092911 -0.18020216447520851 0.069405433433993594 -0.12657014769656943 0.11197518505027171 -0.12979270025600437 -0.079632919485128406 0.072018076542856663 0.062682005323372328 -0.13416263312982121 -0.058340110742680418 0.053693718734262923 -0.1084731389370765 -0.036374132196712587 0.03175668649542273 0.13433214065813978
leaf_weight=212.56776271155104 21.825880758464336 94.585570381954312 467.98419729433954 497.94637331645936 429.62732282001525 15.645066967234014 283.07575858291239 5987.7888974864036 256.96263393387198 340.10026763752103 58.595813158899546 90.604863530024886 18.173128780908883 623.64137687999755 19.574874818325043 61.054283470846713 78.08124154061079 12.349785603582857 58.92890297062695 17.908547271043062 144.25029629655182 27.916323892772198 23.728907631710172 17.874069273471832 108.12307770363986 376.66038690786809 92.880357603076845 87.10125270113349 186.04019997920841 9.8746130354702455
leaf_count=6307 1375 322 2300 1815 2819 186 10337 27177 937 2655 144 911 365 2445 139 608 173 81 73 138 865 55 336 182 765 1924 2788 556 1385 12
internal_value=-0.000141775 0.000135844 -0.000538796 0.00254207 0.000215657 -0.00221303 -0.0350134 0.00164539 0.051583 -0.00990742 -0.0445605 -0.0037 0.00342773 0.0102747 -0.0434387 -0.0682046 -0.0315587 0.0240682 0.0706447 0.0322416 -0.00404388 -0.0550431 -0.0802172 0.0331595 0.00594683 0.0149654 -0.0179881 0.0367777 0.015801 -0.0851399
internal_weight=10721.5 10699.6 10605.1 7980.63 7512.65 6996.83 736.432 6260.4 272.608 2624.43 398.696 2225.73 1887.23 1674.66 338.502 247.649 186.595 90.8536 71.2787 95.9898 1051.02 172.167 306.805 515.82 878.853 770.73 306.968 463.762 204.213 102.755
internal_count=70175 68800 68478 46089 43789 41792 13492 28300 1123 22389 2799 19590 17467 11160 2123 1830 1222 293 154 311 8715 920 10673 1997 7795 7030 4550 2480 1750 2800
is_linear=0
shrinkage=0.1


Tree=39
num_leaves=31
num_cat=0
split_feature=19 14 5 3 14 6 14 5 6 12 14 14 12 7 8 17 11 2 8 14 8 8 7 9 15 7 12 10 3 5
split_gain=37.4187 35.7511 40.1023 59.8232 114.154 41.9004 90.0974 52.946 45.0329 50.2955 43.3119 41.8734 144.095 111.007 63.4484 52.9235 48.8052 59.6603 103.133 56.9091 48.6835 96.8656 73.9627 67.0563 44.7027 42.598 88.3506 64.2553 71.762 68.9173
threshold=-0.18278637528419492 0.1004023887217045 0.067974104864168175 0.15314686965215327 0.0054397510830312976 4.0749511954817758e-11 0.0062160238157957801 0.088115284701048097 6.6220242220161503e-11 0.15194044262170794 0.007568636443465949 0.005700441775843502 0.14522339403629306 0.021115226744278497 1.0753631744772436e-11 0.043923117897727279 2.97698965479043e-09 4.9185756345746347e-10 8.0242828486916659e-12 0.0048490706831216821 6.7928006611244979e-12 6.0793341235037887e-12 0.0069765621199495897 0.0056194864581713723 5.5113163398345939e-05 0.013596329573851 0.13676776736974719 2.2148399353027348 0.13274298529864434 0.024836818726990072
decision_type=2 2 2 2 2 2 2 2 2 2 2 2 2 2 2 2 2 2 2 2 2 2 2 2 2 2 2 2 2 2
left_child=-1 2 11 4 -4 6 -6 10 -7 -10 -8 12 13 15 -15 16 -2 18 19 -18 21 24 -22 -24 -17 -13 -27 28 29 -28
right_child=1 -3 3 -5 5 8 7 -9 9 -11 -12 25 -14 14 -16 20 17 -19 -20 -21 22 -23 23 -25 -26 26 27 -29 -30 -31
leaf_value=0.050893727766081066 -0.1237653370243994 -0.13554249241499522 0.064780493492020516 0.089545664570989725 -0.12297832689182436 -0.14496083535587626 0.10354445732311386 -0.12439426476975908 0.078308044166241125 -0.077757231922871206 -0.13383184868676282 0.016269414775799899 -0.094877542751948582 0.049289187592513523 -0.16912655705517354 -0.026104594761444961 -0.10572584980733135 -0.096996800899954008 -0.12140471338427826 0.16851442543088527 0.08991404117184075 0.075950548075531837 -0.090974193635873057 -0.0090989878393540717 0.13116891301902445 -0.090670157423122968 -0.10344286114744553 0.0017722482966787954 0.157242344752306 -0.018408539528612249
leaf_weight=141.77243594173342 85.242634692229331 19.6623992822133 214.54355929046869 113.94376288168132 39.240338660776615 50.942440405488014 84.184690549969673 14.375709816813467 30.153392098844051 65.518778663128614 8.4589239209890348 1479.8681200980209 204.95513683604077 366.08297653310001 13.80144763085991 347.07723895367235 9.2984375101514143 68.149334385991096 28.33633204549551 40.635359637439251 42.983169286511838 157.1164328660816 191.088438404724 209.91997108748183 19.065435636788607 111.7306614741683 138.37967926915735 6029.3005818808451 18.289240611717105 306.22613626904786
leaf_count=572 4007 1357 419 302 270 489 134 107 64 528 95 7093 3494 925 143 4232 650 1903 352 146 211 863 2499 1319 47 803 7159 26422 84 3486
internal_value=-0.000137792 -0.000826265 -0.000573727 0.0240669 0.00936327 -0.0312323 0.00663763 0.0541634 -0.0690106 -0.0285695 0.0818706 -0.00212535 -0.0159931 -0.00575251 0.041354 -0.0206786 -0.0636097 -0.0285882 0.0309747 0.117447 -0.0103963 0.0102694 -0.0347515 -0.0481141 -0.0179152 0.000934666 -0.00250168 -0.000984306 -0.036889 -0.0448747
internal_weight=10650.3 10508.6 10488.9 621.362 507.418 292.874 146.26 107.019 146.615 95.6722 92.6436 9867.55 1783.75 1578.8 379.884 1198.91 231.662 146.419 78.2701 49.9338 967.251 523.259 443.992 401.008 366.143 8083.79 6603.93 6492.2 462.895 444.606
internal_count=70175 69603 68246 2408 2106 1687 606 336 1081 592 229 65838 20791 17297 1068 16229 7058 3051 1148 796 9171 5142 4029 3818 4279 45047 37954 37151 10729 10645
is_linear=0
shrinkage=0.1


Tree=40
num_leaves=31
num_cat=0
split_feature=1 12 3 14 2 17 12 18 19 14 10 0 3 13 5 2 10 6 4 8 7 17 5 17 10 5 0 0 1 11
split_gain=33.5815 41.4074 32.553 32.409 31.2834 31.1012 88.3038 89.4844 93.9391 74.308 56.5653 56.7845 55.7152 49.0516 47.9994 46.8413 45.2134 113.643 77.3002 63.2808 57.6064 117.768 88.4562 61.4305 56.1958 74.8501 62.9494 101.041 62.4298 52.3261
threshold=0.68799991747061784 0.089487589895725264 0.25913041066491932 0.053724825382232673 5.6747773825355739e-10 0.1584916548295455 0.39859999716281896 0.16664264426667205 2.1107274293899541 0.014413780532777311 3.5914449691772465 1.6817964390916653e-09 0.068779216462209039 1.4147800803184511 0.02231162668866311 4.9185756345746347e-10 2.9524004459381108 3.1097285441729713e-10 6.6593669107456375e-11 3.5933821045662558e-10 0.076530771936800454 0.12005060369318184 0.019898023593853873 0.1394486860795455 2.8281219005584721 0.026849136485108425 7.119006623548177e-10 8.2940707442862926e-10 0.19005832467923453 5.2888666779438162e-09
decision_type=2 2 2 2 2 2 2 2 2 2 2 2 2 2 2 2 2 2 2 2 2 2 2 2 2 2 2 2 2 2
left_child=1 -1 3 5 -2 6 16 8 10 13 -8 -12 -9 -7 -14 -13 17 20 -18 29 23 -22 -23 -3 28 26 -26 -28 -19 -20
right_child=4 2 -4 -5 -6 9 7 12 -10 -11 11 15 14 -15 -16 -17 18 24 19 -21 21 22 -24 -25 25 -27 27 -29 -30 -31
leaf_value=-0.1044919683349344 -0.077124300814550434 -0.0011211817303673425 0.061036833329099718 -0.10979685692932124 0.057231463633204638 0.035567401151716888 -0.10697420522340438 -0.10750882842612045 -0.16237862902580802 0.032223849057770877 -0.19685241598701705 0.1250365914676575 -0.19068506010019348 -0.13055173833283151 0.044198802103803801 -0.016991617073441843 -0.09966961513747212 0.026574634369727342 0.016428054726468039 0.0029129901849178274 -0.10018057969017163 -0.13303410974487556 0.088295236722776407 -0.071093660369198799 -0.14068516237870674 -0.12225342665289803 0.18794036285716312 -0.0098896967451053835 -0.13034007655413879 0.070435658482832217
leaf_weight=38.42773462831974 19.429946396499872 6185.8961305771954 85.270833922550082 27.310120990965515 160.35705104097724 27.508750723674893 79.277549628168344 34.715869307518005 91.321402311325073 590.99246345460415 13.078772433102129 32.347269482910633 9.1974248401820642 50.235709277912974 160.93601001799107 82.304047994315624 58.939629688858986 31.396493569016457 411.82883127778769 1253.5954280700535 48.244048587977886 19.619401914998889 226.77633429318666 128.06447643786669 25.58385306596756 60.221656303852797 31.877044774591923 135.81610930711031 131.76644544117153 317.85144331119955
leaf_count=3547 98 45774 276 1593 454 406 510 222 651 1845 108 57 75 697 446 310 525 125 1355 4707 379 174 544 2231 265 381 75 619 1106 620
internal_value=-0.000138116 -0.000879548 -0.000494927 -0.00100598 0.0427114 -0.00071582 -0.00217265 -0.0429483 -0.0778931 0.0201336 -0.0406223 0.000559974 0.00794294 -0.0717729 0.031501 0.0230797 9.01015e-05 -0.00371714 0.0131871 0.016541 -0.000523558 0.0426966 0.0706718 -0.00254042 -0.0543699 -0.0249065 0.00542504 0.0277161 -0.100146 0.039954
internal_weight=10570.2 10390.4 10352 10266.7 179.787 10239.4 9570.66 503.178 298.329 668.737 207.008 127.73 204.849 77.7445 170.133 114.651 9067.48 7025.26 2042.22 1983.28 6608.6 294.64 246.396 6313.96 416.662 253.499 193.277 167.693 163.163 729.68
internal_count=70175 69623 66076 65800 552 64207 61259 2379 1636 2948 985 475 743 1103 521 367 58880 51673 7207 6682 49102 1097 718 48005 2571 1340 959 694 1231 1975
is_linear=0
shrinkage=0.1


Tree=41
num_leaves=31
num_cat=0
split_feature=19 14 5 12 3 13 18 14 12 7 5 6 10 14 12 7 8 5 3 2 7 14 4 8 17 6 4 3 17 8
split_gain=30.3946 29.706 33.383 53.7184 83.8122 46.0195 37.418 39.9712 93.6555 60.8088 58.6328 45.7116 52.2766 33.3904 122.171 93.8986 69.189 47.9905 40.4174 60.3516 40.0559 44.0056 61.7484 49.6704 38.6138 43.4397 37.3869 59.9147 100.809 43.9066
threshold=-0.18278637528419492 0.1004023887217045 0.067974104864168175 0.14522339403629306 0.18271572684690138 1.0729272365570071 0.10719737507910893 0.0062160238157957801 0.15289795398712161 0.029086450189282121 0.088115284701048097 3.9274430854811975e-11 2.7479124069213872 0.005700441775843502 0.14522339403629306 0.013447296116505844 1.06475024879302e-11 0.0371830203824687 0.10413547300153515 2.5870140820832707e-10 0.02450581495457891 0.0049920568708330402 1.1470556244602472e-10 9.7837431865336821e-12 0.1100186434659091 1.4630750016869517e-11 2.8395238075013023e-10 0.12895961270073106 0.13816139914772732 1.9384796728480654e-11
decision_type=2 2 2 2 2 2 2 2 2 2 2 2 2 2 2 2 2 2 2 2 2 2 2 2 2 2 2 2 2 2
left_child=-1 2 13 -4 5 -5 7 8 9 -7 11 -9 -13 14 15 17 20 -2 -18 -20 21 -17 -23 -24 -16 -26 -15 28 -28 -29
right_child=1 -3 3 4 -6 6 -8 10 -10 -11 -12 12 -14 26 24 16 18 -19 19 -21 -22 22 23 -25 25 -27 27 29 -30 -31
leaf_value=0.046394021587954359 -0.026984296069292587 -0.13425887611984025 0.069852888601143082 0.095716340883473611 0.098304261002589238 -0.11184431444522146 -0.20068223124183784 0.086032927185541494 -0.15341073333117819 0.085862064491660284 -0.096215069137998419 -0.13308555936856911 0.069380484612696511 0.0022971224865655417 -0.10496741606037852 0.023011681801973397 -0.15576275806741791 -0.12819235023445297 0.1622773095820304 -0.12928892800934164 0.058689988680269846 -0.10674122045262531 0.06010347243257063 -0.22624150734956247 0.14270638915221956 -0.12799803913727398 -0.12828691885320073 -0.21052138851825891 0.003459851751599523 0.034813071904104959
leaf_weight=138.59994844347239 561.51009385287762 16.638183965114877 170.5519200488925 32.716397784650326 76.500760367140174 23.949884828180075 12.18518161959946 84.166008111089468 61.645653791725636 44.393031153827906 40.649036385118961 26.037006519734859 24.995168940164149 7651.657159072347 173.6640582960099 511.40650526154786 35.844629490282387 51.116775579750538 13.04499187320471 15.575934801250694 224.97940226644278 69.453851517289877 56.878106327727437 6.7799471728503695 14.171250330749901 10.190527836326508 114.23766574449837 7.7179016657173625 118.14358180016279 133.06103208102286
leaf_count=572 12791 1357 316 53 234 141 121 187 490 71 365 323 107 43331 2959 1990 516 352 39 236 486 679 150 58 82 453 787 71 493 365
internal_value=-0.000125764 -0.000746693 -0.000532422 0.0224075 0.00346747 -0.0172178 -0.0288359 -0.0219891 -0.0640371 0.0165784 0.00909327 0.0407555 -0.0339192 -0.00193611 -0.0144746 -0.00500549 0.0149506 -0.035429 -0.0850089 0.00360262 0.0223617 0.00968072 -0.0415359 0.0296061 -0.0884284 0.0294708 0.000789779 -0.0301183 -0.0613063 0.0213631
internal_weight=10522.5 10383.9 10367.2 597.79 427.238 350.737 318.021 305.836 129.989 68.3429 175.847 135.198 51.0322 9769.43 1744.62 1546.59 933.963 612.627 64.4656 28.6209 869.498 644.518 133.112 63.6581 198.026 24.3618 8024.82 373.16 232.381 140.779
internal_count=70175 69603 68246 2408 2092 1858 1805 1684 702 212 982 617 430 65838 20791 17297 4154 13143 791 275 3363 2877 887 208 3494 535 45047 1716 1280 436
is_linear=0
shrinkage=0.1


Tree=42
num_leaves=31
num_cat=0
split_feature=1 13 4 3 5 3 14 3 11 12 3 6 3 11 3 8 18 12 7 17 1 14 17 13 8 12 8 8 8 6
split_gain=29.7749 35.7041 44.5526 43.998 37.7122 75.6444 50.8484 33.9362 47.3639 32.0948 34.8497 31.232 33.7404 30.657 28.6774 28.6712 28.05 26.1348 25.8434 28.2094 25.3934 36.5248 48.5311 68.1744 27.6067 26.9446 37.945 42.4063 77.7919 49.971
threshold=0.62966275401144667 3.078580498695374 1.0965395477278228e-10 0.079028290697381584 0.012227169967057885 0.099727973351320068 0.010583132505416872 0.066463717581390622 1.6021161286516875e-08 0.36394593119621282 0.1094056554759734 2.4817288152231967e-11 0.077191799387762938 8.5552818163137106e-09 0.25913041066491932 5.9861776555134705e-11 0.84542771916709514 0.090493965893983855 0.0042716083772615281 0.034690163352272735 0.58612565898278579 0.0063797889743000278 0.043612393465909095 1.8084556460380556 6.4447746208084069e-12 0.098362203687429442 2.6950982928089109e-12 3.5842608356789736e-12 5.2933744271966426e-12 4.1271100173742333e-11
decision_type=2 2 2 2 2 2 2 2 2 2 2 2 2 2 2 2 2 2 2 2 2 2 2 2 2 2 2 2 2 2
left_child=1 4 3 -3 5 6 -1 8 13 10 -4 12 -9 -2 16 -8 17 -6 19 -19 25 -22 23 24 -23 -20 -27 -28 29 -29
right_child=7 2 9 -5 14 -7 15 11 -10 -11 -12 -13 -14 -15 -16 -17 -18 18 20 -21 21 22 -24 -25 -26 26 27 28 -30 -31
leaf_value=-0.033149063877424667 -0.029355898997564446 -0.16792865578352115 -0.17535513640975803 0.089527558128042584 -0.10250655913514568 -0.12725506713201049 0.19864321859788625 0.043335799970887087 0.072309888265682132 -0.31557555992334602 -0.011642665304652454 0.046502822598692393 -0.17295260110576946 -0.27738455744170959 0.061599601415497911 -0.003844785496258447 0.070504529982934133 0.17647674385741755 -0.082690828886608309 -0.13495297943403162 0.081237858292764892 0.12884651497764843 0.043222947343033689 -0.23581160510679544 -0.10905852836516439 -0.18659809282178033 0.044011164434898525 -0.10989782513414353 3.8404817184148434e-05 -0.0019298003913409301
leaf_weight=92.470735685899854 9.0599944796413201 8.810121074318884 24.447779424488544 26.920875728130341 25.09385204827413 70.063056915067136 17.604115777648989 14.774272963404657 14.281158164143561 7.0513191502541295 27.775299578905106 309.90148842334747 14.091731616295872 11.075320865958927 75.725875306874514 11.600864881649612 55.822488529141992 3.3081931835040477 40.013778254855424 24.075557765550911 92.707291135564446 11.913096889853479 75.406506970524788 18.118226297199726 8.2592200338840467 10.938501232303677 211.67993659712374 106.96926238620654 8973.0715608587489 71.534682208672166
leaf_count=2352 43 76 201 40 2896 1696 19 47 40 69 107 969 184 97 252 63 271 14 1599 304 242 10 187 165 53 229 1384 1972 54254 340
internal_value=-0.000113942 -0.00113971 -0.0621539 0.0260471 -0.000559836 -0.0444817 0.00318073 0.0276243 -0.0669859 -0.115322 -0.0882832 0.037236 -0.0622513 -0.165783 0.000299097 0.118211 -0.000178042 -0.000585944 -0.000320855 -0.0973296 -4.47326e-05 0.0346522 -0.00333319 -0.0950173 0.0314402 -0.000805455 -0.000455927 -0.000238469 -0.00126198 -0.0666301
internal_weight=10464.6 10091.4 95.0054 35.731 9996.38 191.739 121.676 373.184 34.4165 59.2744 52.2231 338.767 28.866 20.1353 9804.64 29.205 9728.91 9673.09 9648 27.3838 9620.61 206.404 113.697 38.2905 20.1723 9414.21 9374.19 9363.26 9151.58 178.504
internal_count=70175 68795 493 116 68302 4130 2434 1380 180 377 308 1200 231 140 64172 82 63920 63649 60753 318 60435 657 415 228 63 59778 58179 57950 56566 2312
is_linear=0
shrinkage=0.1


Tree=43
num_leaves=31
num_cat=0
split_feature=1 5 11 19 7 14 13 3 14 17 8 11 9 1 19 11 8 12 13 14 3 12 14 8 17 11 13 8 13 8
split_gain=27.3642 28.3865 43.4372 51.5765 41.6096 127.726 161.996 108.005 76.3621 84.9704 55.0923 49.9515 46.5067 85.4881 63.0377 63.784 52.5235 71.7089 52.7414 48.6489 64.4926 64.1719 62.1971 48.7411 45.9654 44.656 43.2583 40.8697 40.1377 47.1282
threshold=0.7375357488976847 0.028789224937195382 1.8853499206272776e-08 0.39772456884384161 0.044700921720286772 0.0075192095246166 1.9024833440780642 0.1056409713367646 0.0099109960719943064 0.10726651278409093 9.9798650448618966e-11 7.0005243268944649e-10 0.0056194864581713723 0.30495913357914833 0.019221792928874496 6.205739810916101e-10 2.7109904330544003e-11 0.214976541697979 1.3501442074775698 0.0060375449247658261 0.096158246004363665 0.14723238348960879 0.0068256184458732614 1.0753631744772436e-11 0.087424538352272749 1.4273798254471617e-09 1.8766202926635744 1.8206088669076569e-11 1.2684701085090639 1.1733120215437779e-11
decision_type=2 2 2 2 2 2 2 2 2 2 2 2 2 2 2 2 2 2 2 2 2 2 2 2 2 2 2 2 2 2
left_child=1 2 -1 -4 5 12 -7 -8 9 24 -10 -11 14 16 -3 -16 17 18 19 20 21 23 -21 -14 -6 -9 -15 -28 29 -23
right_child=-2 4 3 -5 8 6 7 25 10 11 -12 -13 13 26 15 -17 -18 -19 -20 22 -22 28 -24 -25 -26 -27 27 -29 -30 -31
leaf_value=-0.0047145196720741484 0.055920991785423771 -0.080366028345425208 0.047593937296876124 -0.37842491107917464 0.041772925198437977 -0.12148608755983491 -0.11377053871766199 0.37558878305104171 -0.13398544814555433 -0.11624901475457068 0.013023938601301802 0.16353040142088199 0.070930720441437375 0.11264271587525704 -0.13303729411619145 0.0047317112942594297 -0.094228582868235738 0.32594070558225563 -0.079453233963168085 0.086685855041211138 -0.1531306891521918 -0.066560692745130198 -0.13913942994079251 -0.11599822719693703 -0.15539987249465059 0.050670190411118823 0.078540703867814379 -0.15229036010543798 0.061411071519204566 0.10801635788005406
leaf_weight=5916.1303627197631 86.452621860429645 102.88077786937356 4.9280484281480295 6.712815398350358 50.47144727781415 189.6570962946862 48.600934281945229 4.3856635093688956 25.897895822301507 6.8786868657916775 1625.7875462807715 88.273930503055453 172.23061550036073 137.2539413459599 34.53992997854948 1241.9836090514436 46.033439087681472 7.3954491838812819 56.525585034862161 148.9772392064333 24.682277336716652 144.65990792401135 13.283698555082081 15.178245462477205 15.440221752971409 119.1035602428019 18.508980493992571 13.098423901945351 42.380855783820152 17.314286756329238
leaf_count=49110 276 557 18 78 150 2334 477 2 229 150 6869 180 303 217 250 4787 905 37 710 292 220 876 165 100 164 341 42 130 171 35
internal_value=-0.000105579 -0.000574053 -0.00509424 -0.198074 0.00549986 -0.00261162 -0.0577415 0.01251 0.0171281 0.0828536 0.0107189 0.143305 0.00630378 0.0245913 -0.00506488 0.00100398 0.0089565 0.016348 0.0127437 0.021749 0.00365088 0.0135286 0.0681984 0.0557913 -0.00441604 0.0622095 0.0883542 -0.017118 -0.0252295 -0.0478992
internal_weight=10425.6 10339.2 5927.77 11.6409 4411.42 2598.67 361.747 172.09 1812.75 161.064 1651.69 95.1526 2236.93 857.523 1379.4 1276.52 688.662 642.628 635.233 578.707 416.446 391.764 162.261 187.409 65.9117 123.489 168.861 31.6074 204.355 161.974
internal_count=70175 69899 49206 96 20693 12951 3154 820 7742 644 7098 330 9797 4203 5594 5037 3814 2909 2872 2162 1705 1485 457 403 314 343 389 172 1082 911
is_linear=0
shrinkage=0.1


Tree=44
num_leaves=31
num_cat=0
split_feature=14 15 18 7 15 14 12 3 3 9 19 8 5 0 3 19 8 8 19 5 12 8 17 1 14 7 14 3 17 1
split_gain=25.229 34.4453 26.0995 36.7471 35.2736 32.9727 38.4246 46.0466 37.1451 31.0361 56.7167 41.9282 60.7881 54.6971 45.7226 54.5035 43.456 42.4098 41.25 37.6715 48.0801 56.0552 69.3011 46.4949 51.3318 37.1889 63.0888 90.3431 92.1173 61.3477
threshold=0.1004023887217045 0.00014668257790617647 -0.13882188319059255 0.1000075021113855 3.519562415021938e-05 0.016941469162702564 0.35081335902214056 0.19139705064904808 0.22021715651182508 0.0055141336443902443 0.010089001618325712 9.6454342494676782e-12 0.016239311856035304 2.8080369532138249e-10 0.087096394080908413 1.8594670295715334 3.4055083876563941e-12 1.6090396255929124e-11 0.17453017830848697 0.03092800225871643 0.39859999716281896 1.9313359230349907e-09 0.1584916548295455 0.30663202992991817 0.028188157826662067 0.066162253177161609 0.0074097819160670051 0.14806241086342734 0.10726651278409093 0.29812079319761675
decision_type=2 2 2 2 2 2 2 2 2 2 2 2 2 2 2 2 2 2 2 2 2 2 2 2 2 2 2 2 2 2
left_child=1 2 3 5 -5 6 7 -1 -9 11 -11 12 -4 -14 -15 16 18 -13 -16 20 -12 22 -22 24 -24 26 29 28 -28 -21
right_child=-2 -3 9 4 -6 -7 -8 8 -10 10 19 17 13 14 15 -17 -18 -19 -20 25 21 -23 23 -25 -26 -27 27 -29 -30 -31
leaf_value=0.017687597649758684 -0.12749691408752958 0.068148276865824517 -0.067152386191978608 0.1440127739305023 -0.060978912199736494 0.069914378598753699 -0.15707808852280616 -0.22078082706042831 -0.012190311877645139 0.047695112808177474 -0.0022944923394211743 -0.051197038450811555 -0.090166725684280802 0.034117157350901324 -0.186142752467016 0.086223101159273174 -0.02024798955270091 0.037427214823707165 0.056325084331997455 0.001875922852218728 -0.086980518284456507 0.047628251924685103 -0.01205658778335863 0.064683993477479135 -0.1732997118849989 0.023890581111698814 -0.11683455993096617 0.065489382448353048 -0.0068093904379536805 0.085152713652093773
leaf_weight=1121.9554528417066 15.521491522900758 73.836285612545907 145.32885301485658 9.1717507764697057 99.011052282527089 108.19615678489208 13.255119424313305 14.559159136377273 20.639862883836031 249.38824175018817 4046.1506952489726 405.83735350938514 63.505981236230582 384.7154607125558 7.4491683505475512 59.988799425773323 842.73041052697226 62.282556704245508 120.77768167387694 501.62330788560212 225.01199579238892 70.58864601328969 122.67257425561547 63.125699743628502 23.530620912089944 1021.5481601506472 145.37475869059563 71.720429018139839 159.67626405972987 107.40074232965708
leaf_count=6270 1375 322 5862 12 572 243 105 150 89 1119 27988 3192 496 1361 168 267 7550 228 749 3089 1383 223 526 157 210 3160 1451 165 1415 278
internal_value=-0.000100238 9.06097e-05 -0.000397873 0.0123626 -0.0435997 0.0170976 0.0122151 0.0141543 -0.0984683 -0.0023861 0.000887823 -0.013037 -0.00543853 0.000624878 0.00469775 -0.00628061 -0.0119958 -0.0394057 0.0422392 -0.000892054 -0.00592544 -0.0350213 -0.0484534 -0.00703983 -0.0380078 0.0105197 -0.00333608 -0.0354994 -0.0592429 0.0165617
internal_weight=10376.6 10361.1 10287.2 1386.79 108.183 1278.61 1170.41 1157.15 35.199 8900.43 6807.81 2092.62 1624.5 1479.17 1415.66 1030.95 970.957 468.12 128.227 6558.42 4551.08 504.93 434.341 209.329 146.203 2007.34 985.796 376.771 305.051 609.024
internal_count=70175 68800 68478 7441 584 6857 6614 6509 239 61037 41164 19873 16453 10591 10095 8734 8467 3420 917 40045 30487 2499 2276 893 736 9558 6398 3031 2866 3367
is_linear=0
shrinkage=0.1


Tree=45
num_leaves=31
num_cat=0
split_feature=1 12 5 0 3 14 13 8 14 8 8 9 14 8 10 8 14 6 9 6 4 14 5 3 1 1 13 18 15 19
split_gain=24.3753 53.448 46.3162 42.2358 36.7022 34.1121 33.8183 33.3348 32.871 31.9367 66.2178 39.5202 38.0626 60.0771 41.052 98.4953 110.257 64.7359 85.1429 72.8526 51.6901 41.7914 41.64 46.2952 44.8873 42.8106 52.8611 35.3992 35.0183 40.6075
threshold=0.54703880061228638 0.098362203687429442 0.013143201544429351 2.0020551096059584e-09 0.065889830572507996 0.0058152866549789914 1.2085615992546084 2.6950982928089109e-12 0.014563179574906828 3.5842608356789736e-12 5.2933744271966426e-12 0.0017068480267943918 0.0047068044077605018 1.06475024879302e-11 1.9596063494682314 1.3001555823276586e-11 0.0058885382022708663 4.3535043860039212e-11 0.0062499000502362458 1.9796050052182469e-11 1.4446102942769281e-10 0.0055227435659617194 0.015572348884647471 0.10621120868641386 0.46171006100259698 0.2807523900842796 1.6981950402259829 0.6896758683830162 4.259380875737407e-05 0.70163381099700939
decision_type=2 2 2 2 2 2 2 2 2 2 2 2 2 2 2 2 2 2 2 2 2 2 2 2 2 2 2 2 2 2
left_child=1 -1 3 6 5 -2 -3 -4 -7 -9 11 -11 13 -12 15 16 17 18 -14 21 -18 -20 23 24 -16 -25 -27 -24 -28 -30
right_child=4 2 7 -5 -6 8 -8 9 -10 10 12 -13 14 -15 22 -17 20 -19 19 -21 -22 -23 27 25 -26 26 28 -29 29 -31
leaf_value=-0.10405707429372729 0.11460103488281009 -0.3410087849434526 -0.18269461981376645 -0.15354536634041752 0.018834983568185873 -0.15952665560152851 -0.021903052596394773 0.038928940619151316 -0.0025296321612006765 -0.0022691712541984136 0.034718015856143696 -0.10257464069569509 -0.1546184715696248 -0.13908331211357589 -0.0828820644455531 -0.10208728345206589 0.056255587430425115 0.023057211548547313 -0.13534480304530461 -0.128223860763898 -0.17858271112208463 0.063161222757653429 -0.0018077005172846443 0.18590222660135591 0.046364575116609213 -0.10246719553252548 0.17824119903846847 0.049692567104956717 -0.011844889722362223 0.08557526682602809
leaf_weight=50.77912954101339 9.5672814268618804 3.3922520987689486 9.9913344820961338 32.486489919014275 1008.1724456972443 30.220104549080133 158.34709674725309 206.58154326025397 23.86989732645452 64.292100264690816 470.7619646852836 100.9657590915449 83.811138389632106 20.765835917089134 55.532906557433307 132.91488177981228 220.51135526504368 94.55365346558392 12.56590176746249 43.648943917825818 9.7888859547674638 67.988620767369866 6980.8014708850533 23.75667720194906 52.063361356034875 21.999472020193934 22.545561118982732 136.06853154720739 72.153270965442061 105.12639022711664
leaf_count=4694 27 46 213 372 4593 246 3787 1303 102 699 2125 1485 1271 473 938 6768 811 337 281 564 87 202 36878 40 232 319 69 501 399 313
internal_value=-9.11487e-05 -0.00174464 -0.00118014 -0.0494951 0.0141851 -0.059457 -0.0285958 -0.000138535 -0.0902439 6.4147e-05 -0.000848977 -0.0635517 0.000352099 0.0273753 -0.00128051 -0.0250742 -0.00586459 -0.0455498 -0.0767353 -0.0241807 0.0462738 0.0321958 0.000840145 0.0343553 -0.0203426 0.05832 0.0446564 -0.000823059 0.0608538 0.045925
internal_weight=10326 9254.19 9203.42 194.226 1071.83 63.6573 161.739 9009.19 54.09 8999.2 8792.62 165.258 8627.36 491.528 8135.83 665.783 532.868 302.568 208.015 124.203 230.3 80.5545 7470.05 353.178 107.596 245.581 221.825 7116.87 199.825 177.28
internal_count=70175 65207 60513 4205 4968 375 3833 56308 348 56095 54792 2184 52608 2598 50010 10321 3553 2655 2318 1047 898 483 39689 2310 1170 1140 1100 37379 781 712
is_linear=0
shrinkage=0.1


Tree=46
num_leaves=31
num_cat=0
split_feature=5 14 15 4 14 19 4 3 7 13 12 5 14 2 0 3 8 1 19 13 12 6 0 7 17 15 13 2 14 0
split_gain=25.3424 47.9272 96.2432 25.2758 24.8986 23.7551 26.1819 58.514 71.1592 42.7002 39.5333 34.3061 37.8994 38.9155 35.9474 32.2911 32.1358 31.829 37.0945 30.42 30.2138 44.8218 28.1019 26.5713 24.5785 24.4787 73.4933 58.0573 55.9686 45.0267
threshold=0.078242889763905837 0.0054677675943821677 3.7317558962968185e-05 1.7917001685662372e-10 0.1004023887217045 -0.18278637528419492 2.8395238075013023e-10 0.15743919050625965 0.10264982360096386 1.5904616117477419 0.26586923003196722 0.044529675635002458 0.037905231118202216 8.6241345007577604e-10 3.2914785211626833e-09 0.11464257394493789 1.9313359230349907e-09 0.32176606761662924 2.9574203491210942 2.1812243461608891 0.38822124898433691 5.7817938913259632e-10 3.8334543306436184e-09 0.11053297457853613 0.16554953835227273 6.4698280766606344e-05 2.2296378612518315 3.7654724069310794e-10 0.0062160238157957801 1.8956403002710017e-09
decision_type=2 2 2 2 2 2 2 2 2 2 2 2 2 2 2 2 2 2 2 2 2 2 2 2 2 2 2 2 2 2
left_child=5 3 -3 -2 -4 -1 16 8 9 -8 15 12 23 19 -13 -11 25 18 -18 24 -9 -22 -17 -10 -14 26 -7 28 -27 -28
right_child=1 2 4 -5 -6 6 7 20 11 10 -12 14 13 -15 -16 22 17 -19 -20 -21 21 -23 -24 -25 -26 27 29 -29 -30 -31
leaf_value=0.041432881234012099 0.011752819599887511 -0.074071901717163657 0.067745595517366211 0.10776876947452713 -0.16435133497947527 -0.0020808884613372656 0.10387712347984322 0.054316311753166417 0.0039685044698378009 -0.1592820149916172 -0.19849755875444117 0.070919206450911557 -0.20891547717849371 -0.13313972548418088 -0.12222371354557149 -0.24070882428653553 -0.17901401264686062 0.12454519100765915 0.074424285513852828 0.14379416562994993 0.13592721639978875 -0.34074464722402831 0.022308025872555814 -0.1755350439993355 0.028732245952000642 0.092732958161206247 -0.024389859953046645 0.013941948108282622 -0.041204461577354967 -0.11199988898927034
leaf_weight=130.05728454235941 40.834521658718586 99.883785251528025 116.31236841529608 83.43864518776536 4.8133492497727266 6611.8573965658434 8.5897479280829412 93.990719499066472 11.627280658110974 26.322469359263778 45.517292248085141 63.569430539384484 5.5245095938444164 15.838638607412575 11.358018693514166 4.6878483295440665 9.1831803414970654 40.169640123844147 15.561766311526297 19.371292293071747 3.3327683210372907 4.8336921669542789 30.441051887348294 28.360854245722294 20.504963953979313 34.365358432754874 156.14801226789132 2105.6689299121499 338.60946400603279 93.963814867660403
leaf_count=567 134 780 445 91 206 53081 13 263 43 247 372 149 47 149 79 41 85 58 30 17 2 51 103 214 85 79 1011 7962 2994 777
internal_value=-9.78493e-05 0.0265347 -0.00140271 0.0762192 0.0585224 -0.00102396 -0.00158745 -0.0268464 -0.0496556 -0.110635 -0.127861 -0.00965276 -0.04762 0.0018244 0.0416413 -0.0755398 -0.000529689 0.0695867 -0.0196301 0.0489084 0.038286 -0.146213 -0.0127908 -0.123341 -0.0217062 -0.00101698 -0.00409371 0.00750076 -0.0288637 -0.0573038
internal_weight=10274.7 345.283 221.01 124.273 121.126 9929.46 9799.4 393.871 291.713 115.558 106.969 176.155 101.228 61.2394 74.9274 61.4514 9405.53 64.9146 24.7449 45.4008 102.157 8.16646 35.1289 39.9881 26.0295 9340.61 6861.97 2478.64 372.975 250.112
internal_count=70175 1656 1431 225 651 68519 67952 1875 1559 776 763 783 555 298 228 391 66077 173 115 149 316 53 144 257 132 65904 54869 11035 3073 1788
is_linear=0
shrinkage=0.1


Tree=47
num_leaves=31
num_cat=0
split_feature=5 14 3 17 17 4 12 14 10 5 1 11 19 14 3 5 13 12 12 1 9 7 14 1 8 17 14 6 3 5
split_gain=21.2945 40.7745 82.8852 23.1861 24.5127 22.8375 21.8512 32.7442 48.0521 36.9432 21.8407 22.5787 64.4355 52.4212 43.7386 39.0355 36.217 35.4135 33.4479 31.6532 37.5803 29.1268 32.7394 31.1668 66.8808 37.8818 56.8767 49.6046 48.2814 35.645
threshold=0.078242889763905837 0.0054677675943821677 0.13616717474284992 0.065141157670454572 0.076682350852272749 1.7917001685662372e-10 0.18937392532825473 0.0062945499084889897 2.2024129629135136 0.094972148208865612 0.7375357488976847 1.1782714803842966e-08 0.19653370231390002 0.014099981170147659 0.044990000161666779 0.015660136565699499 2.2296378612518315 0.48195555806159979 0.089487589895725264 0.46171006100259698 0.17446856018159046 0.0048399193457203124 0.0057288217358291158 0.54703880061228638 3.8975847714445166e-10 0.069003018465909102 0.006444089114665986 2.4122421581665621e-11 0.13800331464802926 0.013143201544429351
decision_type=2 2 2 2 2 2 2 2 2 2 2 2 2 2 2 2 2 2 2 2 2 2 2 2 2 2 2 2 2 2
left_child=10 5 3 -3 -5 -2 7 8 -6 -9 11 18 -13 14 -14 -16 -15 19 -1 20 -18 22 -20 29 25 26 28 -28 -25 -23
right_child=1 2 -4 4 6 -7 -8 9 -10 -11 -12 12 13 16 15 -17 17 -19 21 -21 -22 23 -24 24 -26 -27 27 -29 -30 -31
leaf_value=-0.10576793626712921 0.0106436815001248 0.041690198856626864 0.078178938383045016 -0.16985949044157883 -0.15910689412437692 0.10296071003783742 -0.12867146205171953 0.096204067885509281 0.14525748285840054 -0.15831830531910465 0.051343025902395603 0.07332928123222239 0.19951533101074859 -0.13058650684915166 -0.48744988176726323 -0.16136342220996225 -0.20212052044777404 0.077370772303798588 0.053863070090277014 -0.015013575256539933 0.085172417201841558 -0.0440597666018505 -0.077278276410544161 0.061920844697426751 -0.24872879654023428 0.069506402696557237 -0.18976650598200681 -0.0063123212473997041 -0.096180088124302898 -0.00027179976301654993
leaf_weight=30.091463072225451 40.594041954725981 22.98275962471962 81.572622736915946 19.688761960715055 24.08854823932052 78.841970469802618 24.012477132491767 29.302012924104929 6.6105964705348006 7.0807861126959315 79.319477676413953 50.984468614682555 2.8078818321228054 32.23841007379815 4.4026970174163607 22.091929540038109 20.054122619330887 33.427773866802454 24.026697650551796 119.25421226490289 5.8905419223010531 190.07709398679435 91.661093031987548 226.79949622415006 9.1292460821568948 144.18427366018295 15.459888931363819 316.06479063257575 21.113947180099785 8468.4012001361698
leaf_count=3553 134 59 309 168 222 91 528 69 12 64 276 189 1 348 59 211 183 72 350 489 14 4430 843 680 77 295 126 1141 242 54940
internal_value=-8.22073e-05 0.0247229 -0.00126818 -0.0497163 -0.0686792 0.0715839 -0.0468106 -0.0175079 -0.0935666 0.0466692 -0.000920375 -0.00134217 -0.0287743 -0.0504496 -0.175777 -0.21555 -0.0330336 -0.0154274 -0.000504708 -0.0367914 -0.136893 -0.000171527 -0.0500421 0.000442814 0.0202456 0.023639 0.0122256 -0.0148673 0.0484559 -0.00123306
internal_weight=10242.3 334.775 215.339 133.766 110.783 119.436 91.0944 67.0819 30.6991 36.3828 9907.48 9828.16 291.152 240.168 29.3025 26.4946 210.865 178.627 9537.01 145.199 25.9447 9506.92 115.688 9391.23 732.752 723.622 579.438 331.525 247.913 8658.48
internal_count=70175 1656 1431 1122 1063 225 895 367 234 133 68519 68243 1566 1377 271 270 1106 758 66677 686 197 63124 1193 61931 2561 2484 2189 1267 922 59370
is_linear=0
shrinkage=0.1


Tree=48
num_leaves=31
num_cat=0
split_feature=14 15 18 7 18 9 9 12 8 9 11 8 14 7 18 12 14 12 8 18 6 15 10 19 13 15 3 7 14 10
split_gain=20.7363 25.8913 21.0154 24.1703 21.8888 40.8575 51.804 46.4418 46.4335 43.7164 58.4707 46.6278 54.4514 38.199 37.9341 47.4509 35.0218 61.9888 51.1018 65.375 48.785 50.6154 49.9215 60.6783 53.6296 69.3435 48.7042 47.7884 95.2086 48.0119
threshold=0.1004023887217045 0.00014668257790617647 0.84542771916709514 0.059923011205389877 -0.020484822191065174 0.081349144387668507 0.0053043158953999811 0.1356511935591698 1.0090660743976614e-11 0.0030031771084718193 3.7170869715552617e-09 3.825044629015946e-12 0.0048490706831216821 0.12229031897882492 -0.25538824539134192 0.11298577487468721 0.014413780532777311 0.34767892956733709 2.3108285809648126e-10 0.0183468154123561 3.016070104672575e-10 4.9571905037737458e-05 2.7479124069213872 0.5133604407310487 2.128265500068665 6.885379116283731e-05 0.070447907546390617 0.0929581477514589 0.010782373603433372 2.1299808025360112
decision_type=2 2 2 2 2 2 2 2 2 2 2 2 2 2 2 2 2 2 2 2 2 2 2 2 2 2 2 2 2 2
left_child=1 2 4 -4 5 6 7 8 9 10 11 12 -1 -8 -13 -16 17 20 -18 -20 22 26 24 -24 27 -26 -22 28 29 -6
right_child=-2 -3 3 -5 16 -7 13 -9 -10 -11 -12 14 -14 -15 15 -17 18 -19 19 -21 21 -23 23 -25 25 -27 -28 -29 -30 -31
leaf_value=-0.028465785004099423 -0.1241609549371821 0.063334608072252982 -0.12538655742869656 0.085833304110278397 -0.019924364291978219 -0.024324801861777001 0.015836500979651329 -0.048272660573247944 -0.05351706286465624 0.038766974196980296 0.032172088979072068 0.040370917208432486 0.10465331925067026 0.10474724475364379 -0.032680789004476345 -0.14057516067046028 0.045232833787878922 -0.11620311308131424 -0.053443512728253685 0.0053421560209882691 -0.10534418227148733 -0.10760611080927381 -0.094562037432007903 0.041033336391586121 -0.091947142009992974 -0.008351547458107806 0.04132936003591936 0.087141374000223107 -0.081501979195107752 0.0090136729665120218
leaf_weight=112.20618168753572 13.448967959964646 64.326510736718774 6.1091953916475168 47.862065341323614 936.41430878732353 419.52224529348314 2203.7898763027042 228.79509298456833 133.64916224498302 328.12168068811297 229.61231396347284 28.626277645118535 42.315663309767842 49.405194167047739 84.991731527494267 78.32512424653396 277.9836935326457 54.720020342152566 209.22090920899063 1974.6605347841978 33.883810687810183 99.341694997623563 36.507839810103178 343.69503689557314 174.1257902928628 230.69552891142666 68.220591608434916 54.861919280141592 161.54682481242344 1478.7050065218937
leaf_count=1881 1375 322 188 86 15483 2074 12437 1387 1047 1639 1285 162 179 106 2106 907 695 475 1183 7701 303 651 226 1081 1757 989 281 124 1455 10590
internal_value=-7.1385e-05 9.23549e-05 -0.000309322 0.0619246 -0.000642741 0.00517415 0.00869007 -0.00749045 0.00150005 0.0096321 -0.00696252 -0.0328982 0.00798876 0.017786 -0.0658137 -0.0844258 -0.0043781 -0.0105642 0.00485056 -0.000289647 -0.00896645 -0.056788 -0.0061468 0.0280132 -0.0104242 -0.0443085 -0.00734492 -0.00521163 -0.00717799 -0.00220647
internal_weight=10205.7 10192.2 10127.9 53.9713 10073.9 3939.36 3519.84 1266.64 1037.85 904.199 576.077 346.465 154.522 2253.2 191.943 163.317 6134.58 3672.72 2461.87 2183.88 3618 201.446 3416.55 380.203 3036.35 404.821 102.104 2631.53 2576.67 2415.12
internal_count=70175 68800 68478 274 68204 25210 23136 10593 9206 8159 6520 5235 2060 12543 3175 3013 42994 33415 9579 8884 32940 1235 31705 1307 30398 2746 584 27652 27528 26073
is_linear=0
shrinkage=0.1


Tree=49
num_leaves=31
num_cat=0
split_feature=3 3 8 6 6 4 18 1 14 18 10 14 5 10 1 4 2 14 19 19 0 15 6 3 11 7 17 2 10 14
split_gain=19.5721 24.455 57.017 34.375 29.5022 28.9696 32.9469 23.6456 23.4785 23.0163 48.5824 51.395 40.7203 50.2176 38.8679 32.3344 66.7109 32.0822 44.4924 65.7989 43.4426 39.1923 39.5366 44.2615 32.5629 27.7842 26.9436 28.2845 29.6708 26.8097
threshold=0.038260857642656292 0.052642271403297053 5.0008660625305471e-10 7.747373430796689e-10 4.3110450673242877e-10 2.0271324845206028e-11 0.12330285798419607 0.7375357488976847 0.0039448109455406674 0.3951241434128448 2.0074026584625249 0.0054958730470389136 0.033948286071381867 2.292736411094666 0.3567283675501276 1.5928401554891658e-10 8.3959190188131278e-10 0.014099981170147659 1.716009318828583 3.610299944877625 3.6956825155383025e-10 4.7644442020100548e-05 4.202927099786901e-10 0.067629915537733259 5.5334592463651697e-09 0.14736468925400209 0.18743341619318185 1.2493516994702518e-10 4.5969328880310067 0.010096125770360233
decision_type=2 2 2 2 2 2 2 2 2 2 2 2 2 2 2 2 2 2 2 2 2 2 2 2 2 2 2 2 2 2
left_child=8 2 3 4 -2 6 -3 9 -1 26 -11 -12 15 -14 -15 17 -17 18 29 24 -21 -19 -23 25 -20 -24 -7 -28 -29 -13
right_child=1 5 -4 -5 -6 7 -8 -9 -10 10 11 12 13 14 -16 16 -18 21 19 20 -22 22 23 -25 -26 -27 27 28 -30 -31
leaf_value=0.075219455660031742 0.032725526804869919 -0.13705609607398364 -0.075107910044262968 0.28712883706669662 -0.075089286501364982 -0.0020354908275624028 0.065957641910132425 0.058427969954504735 -0.10103382416381677 -0.11905184198715668 0.22913303132629115 0.14104993164680035 -0.13232240195619877 0.099198952544840693 -0.053609605843476849 -0.26158057178221022 0.032214152500964592 -0.11091036228368674 -0.15275122178554251 0.19250928599395628 -0.016100729028338739 0.074002400983701366 -0.16299317289441892 0.028522272714047878 0.010690716020890716 0.057343251443675351 0.044081487916852159 -0.16281744362646494 0.046702418785611828 -0.070935362727356358
leaf_weight=9.5074638770893198 510.72708174493164 30.764688681345433 57.239585939329118 5.1431707069277754 26.707536432892084 8641.0801575537771 10.800385916139929 67.29744833894074 36.855278076138347 25.615189979784191 11.685613158624617 22.342771112918857 12.214221917092798 125.02738617733121 19.20191103592515 13.544385187327864 17.999938063323498 18.849870350211859 54.927509380038828 12.198149030096827 54.962336556054652 150.80346227437258 22.439536862075332 122.35438882187009 15.666589098051189 7.682347059249877 15.065294191706924 30.873116449220106 8.6534146831836534 8.1393282748758775
leaf_count=29 4355 1576 427 4 200 56259 284 240 802 1082 51 75 199 218 100 114 53 116 830 31 443 291 157 366 75 21 58 1568 91 60
internal_value=-6.52435e-05 0.000231738 0.019816 0.02983 0.0273677 -0.00100216 -0.0843044 -0.00063687 -0.0648901 -0.00105922 0.016179 0.0211989 0.017617 0.0623673 0.0788548 0.004203 -0.0939343 0.010516 -0.0248778 -0.0490687 0.0217885 0.0290009 0.0376968 0.00178956 -0.116479 -0.106798 -0.00247793 -0.0725099 -0.116948 0.0844456
internal_weight=10166.4 10120 599.817 542.578 537.435 9520.19 41.5651 9478.62 46.3627 9411.33 715.655 690.04 678.354 156.444 144.229 521.911 31.5443 490.366 168.237 137.755 67.1605 322.13 303.28 152.476 70.5941 30.1219 8695.67 54.5918 39.5265 30.4821
internal_count=70175 69344 4986 4559 4555 64358 1860 62498 831 62258 4282 3200 3149 517 318 2632 167 2465 1514 1379 474 951 835 544 905 178 57976 1717 1659 135
is_linear=0
shrinkage=0.1


Tree=50
num_leaves=31
num_cat=0
split_feature=19 17 14 7 8 14 6 3 5 14 15 19 9 18 0 12 8 19 8 7 14 4 5 14 15 6 17 10 18 13
split_gain=18.8056 21.0768 59.5546 54.8777 64.0443 59.7284 146.045 92.7156 57.6191 57.3302 52.6103 50.5369 77.9065 50.042 49.5203 39.717 41.8812 39.0387 41.0214 42.5989 54.798 38.4111 46.1326 37.3069 73.2236 37.1555 71.5479 50.1382 48.4117 36.8546
threshold=-0.18278637528419492 0.057550603693181823 0.0043122745119035253 0.010105011616242556 6.7058117015849866e-12 0.0062160238157957801 2.6048935565992233e-11 0.13707918448496481 0.023883683175468986 0.0061672457959502944 5.6970289733726538e-05 0.14142861217260363 0.0040919101919918745 0.12575866173508327 1.2235391057332312e-09 0.12597221136093142 5.6526512087097781e-12 0.10609421879053117 8.3790164246885903e-12 0.0062514156706829837 0.0056715016253292569 2.6421142047061654e-11 0.015572348884647471 0.0058651124127209195 5.9671156122931286e-05 7.305913990967375e-11 0.067049893465909102 2.4286438226699834 0.092470392859964209 2.8845304250717168
decision_type=2 2 2 2 2 2 2 2 2 2 2 2 2 2 2 2 2 2 2 2 2 2 2 2 2 2 2 2 2 2
left_child=-1 2 -2 5 8 7 -7 17 -5 -9 13 -12 -13 -6 -15 -3 -17 18 23 -20 -21 -18 25 -4 -25 26 -23 -27 -28 -24
right_child=1 15 3 4 10 6 -8 9 -10 -11 11 12 -14 14 -16 16 21 -19 19 20 -22 22 29 24 -26 27 28 -29 -30 -31
leaf_value=0.038163243398467141 -0.10209336640083413 0.035981772492870712 0.10369159592874591 -0.11271260046004528 -0.11062814062644043 -0.094646856907981705 0.027178520532627783 -0.086576223018423187 0.033879840510329433 0.23172276214941642 0.049514810244809054 -0.13640583906593837 -0.01065450974339935 0.096031981134259758 -0.15332046592849455 -0.097073691442325999 -0.06163005806155885 0.06537176911551755 -0.1294511146158559 -0.16491691366809447 0.068292283731343328 -0.047729948349363636 0.00050711333130428089 -0.13732146450317281 0.086508959679950898 -0.10850002501511334 0.15680815689553373 0.024928133049311449 -0.024115345529586153 -0.049067548277201813
leaf_weight=127.07818121882156 67.806474928744137 323.73299220157787 60.364439403172582 30.637267575133592 162.68333983933553 163.24297122843564 247.74788125231862 85.066219959873706 214.79846996767446 6.0618891417980185 76.48576064966619 66.366631712764502 191.20067144371569 25.487839345820248 11.584339917637406 43.979325104970485 97.354840781539679 325.82370535749942 33.951670248061419 13.226108158472924 42.299276215955615 33.956515631638467 6970.5142252020305 25.232160592451692 34.735825046896935 30.394923193845898 75.91393830627203 383.46797835081816 18.368290675804019 153.2558452244848
leaf_count=572 4924 1586 456 901 1992 1145 841 2458 941 25 233 690 850 98 143 285 5575 2422 326 169 100 286 39362 174 62 494 350 1509 425 781
internal_value=-6.38112e-05 -0.00054883 -0.0100767 -0.00664288 -0.0266983 0.00841663 -0.0212098 0.0278438 0.015581 -0.0654028 -0.0461375 -0.0218611 -0.0430565 -0.0867351 0.0181142 0.0016598 0.000236608 0.0437079 0.0100651 -0.0412125 0.012742 0.000787879 0.00158057 0.0481942 -0.00767005 0.029702 0.0767336 0.0151289 0.12156 -0.000559402
internal_weight=10142.8 10015.7 1884.8 1817 779.244 1037.75 410.991 626.761 245.436 91.1281 533.809 334.053 257.567 199.756 37.0722 8130.94 7807.21 535.633 209.809 89.4771 55.5254 7763.23 7665.87 120.332 59.968 542.102 128.239 413.863 94.2822 7123.77
internal_count=70175 69603 18950 14026 5848 8178 1986 6192 1842 2483 4006 1773 1540 2233 241 50653 49067 3709 1287 595 269 48782 43207 692 236 3064 1061 2003 775 40143
is_linear=0
shrinkage=0.1


Tree=51
num_leaves=31
num_cat=0
split_feature=5 14 3 4 17 6 14 14 17 12 9 1 13 3 19 14 17 19 3 13 18 18 17 15 13 8 5 14 9 2
split_gain=18.729 35.5572 70.8557 20.7738 19.9882 21.8339 44.9864 17.6662 22.0057 66.9598 70.609 55.4089 53.2636 50.7691 50.9631 65.8458 43.253 40.833 39.8642 39.2289 38.3272 36.2536 37.8998 40.386 55.1635 42.0163 35.3812 35.0858 58.0023 76.4197
threshold=0.078242889763905837 0.0054677675943821677 0.13616717474284992 1.7917001685662372e-10 0.065141157670454572 3.81935138817477e-11 0.0062945499084889897 0.053724825382232673 0.1584916548295455 0.38822124898433691 0.10148534527602136 0.21205676540940019 1.8703539371490481 0.14056787418336128 1.8594670295715334 0.025330003350973133 0.1477494673295455 4.8502449989318857 0.08025802327830163 2.3129516839981084 -0.016713179039387877 0.28231571597809146 0.16159889914772732 3.0200927540136039e-05 1.5862162709236147 3.6992109801010841e-10 0.03673943689073849 0.017157421447336677 0.096174156656475954 3.3835840156771547e-10
decision_type=2 2 2 2 2 2 2 2 2 2 2 2 2 2 2 2 2 2 2 2 2 2 2 2 2 2 2 2 2 2
left_child=7 3 4 -2 -3 6 -6 8 9 27 17 18 -12 14 -14 20 -17 19 21 -11 -16 22 -10 -24 25 -25 -26 -1 29 -29
right_child=1 2 -4 -5 5 -7 -8 -9 11 10 12 -13 13 -15 15 16 -18 -19 -20 -21 -22 -23 23 24 26 -27 -28 28 -30 -31
leaf_value=-0.0023422777182069013 0.010327797928121461 0.038681401997300871 0.075288520218813923 0.099329595011249258 -0.15864443361960312 -0.10742060848170339 0.047356515259528491 -0.11928501609075406 0.090514245079821906 -0.18324084760481474 -0.097945295787794984 0.037987354704181589 0.040952438698379626 -0.24282071079198789 -0.19635822631513411 -0.16374224202310431 -0.020942847356349457 0.031605994468596452 -0.18110888977567108 -0.068684712579450635 0.048692841797404629 -0.14449179031181245 -0.13508562836789956 0.089148453480944634 -0.15546104481903331 -0.090702802177201558 0.046395282936613408 0.087866852316284272 -0.01254635008964774 0.014665028278433476
leaf_weight=7331.7546083298512 40.355110343545675 22.669622100889683 75.952386034652591 74.898976899683475 15.353858448565004 56.269910280010663 34.244875019416213 12.577754699159412 37.745454464573413 52.633170858025551 65.482489574700594 428.52344305766746 191.2836493216455 8.4193317927420122 6.9588136933743945 44.96970109641552 40.147869363427162 21.396902360022068 15.04417752008885 69.188891310244799 77.072169605642557 18.823242548387498 25.924039931967854 62.084290029481053 27.751507440581918 16.426163824275136 12.637647457420824 189.08926774561405 449.83664492145181 580.23504701349884
leaf_count=57024 134 59 309 91 147 791 125 1385 194 426 472 1204 618 71 58 344 174 69 163 345 215 219 644 107 235 139 41 466 1938 1968
internal_value=-6.90366e-05 0.0237473 -0.00128807 0.0681665 -0.0465367 -0.0647844 -0.0164134 -0.000847203 -0.000694781 -0.00195606 -0.0349108 0.0171568 -0.0148327 -7.77113e-05 0.00559252 -0.0343947 -0.0963873 -0.0958008 -0.0240857 -0.118179 0.0283996 -0.012356 0.00126749 -0.0219929 0.00266501 0.0515195 -0.0923008 0.000269799 0.0159782 0.032657
internal_weight=10105.8 319.745 204.491 115.254 128.538 105.869 49.5987 9786.01 9773.43 9128.47 577.553 644.96 434.334 368.852 360.432 169.149 85.1176 143.219 216.437 121.822 84.031 201.392 182.569 144.824 118.9 78.5105 40.3892 8550.92 1219.16 769.324
internal_count=70175 1656 1431 225 1122 1063 272 68519 67134 64188 2792 2946 1952 1480 1409 791 518 840 1742 771 273 1579 1360 1166 522 246 276 61396 4372 2434
is_linear=0
shrinkage=0.1


Tree=52
num_leaves=31
num_cat=0
split_feature=5 17 8 17 3 7 6 8 10 1 13 17 11 11 9 17 11 0 0 19 14 13 14 10 13 13 6 17 6 2
split_gain=17.992 32.894 100.202 28.8878 71.8127 85.4988 72.4731 70.8399 91.7276 69.0111 62.4376 45.3087 47.7682 44.6333 43.4395 63.7127 85.803 54.5953 43.0779 55.1162 49.8149 46.7772 43.0778 88.4099 70.6509 64.9575 97.8426 66.6016 52.9481 105.382
threshold=0.028789224937195382 0.040505149147727279 5.1843395936204554e-12 0.095370205965909102 0.093209356385649325 0.062918161227071764 1.5324140605882237e-11 2.0620649233401584e-10 2.8171720504760747 0.37462297986714904 2.3460227251052861 0.11676580255681819 1.0973732145203032e-08 2.3279299599110463e-09 0.096174156656475954 0.11907404119318184 2.2471886573782744e-09 8.2940707442862926e-10 9.0520962963363605e-10 0.89591112732887279 0.0092546120285987871 1.8307271599769595 0.01122572459280491 2.8053698539733891 2.1385976076126103 1.6715947389602663 8.334225923072696e-11 0.042946555397727279 2.2140534443914692e-10 5.2105674306890533e-10
decision_type=2 2 2 2 2 2 2 2 2 2 2 2 2 2 2 2 2 2 2 2 2 2 2 2 2 2 2 2 2 2
left_child=3 2 -2 22 5 6 -5 -7 -9 -8 11 18 -13 -11 15 17 -17 -10 19 20 -6 -20 23 24 25 26 27 -1 -24 -30
right_child=1 -3 -4 4 10 7 9 8 14 13 -12 12 -14 -15 -16 16 -18 -19 21 -21 -22 -23 28 -25 -26 -27 -28 -29 29 -31
leaf_value=-0.0839555830826932 0.12397495809956885 0.00629052592020405 -0.10639992953524927 0.099924294732150087 -0.13528020739699242 0.043823970690607165 -0.084839873506530578 -0.10040490614198015 0.11738371310013043 0.30135715997433082 0.010977975297939979 -0.11008676047164319 0.088103666519589854 -0.0012104316840121764 -0.015781351165904886 -0.064090513248763081 0.063495901418585424 -0.045682968675902449 -0.1584334362088497 -0.13589712921906053 0.10902107092851317 -0.034753025628848383 0.052733091258697996 -0.28091764432122246 -0.042012724049252333 0.021285266709505934 -0.18077830577535103 0.002182569836807694 -0.095639317963615245 0.025873541847006899
leaf_weight=102.50583104463294 24.877006462775171 4133.7453820682131 78.323431062046438 31.676945247687399 9.8931434671394509 406.97271009301767 256.58542868727818 91.726698420010507 23.413457833230495 5.1598336994647971 172.61158113740385 179.2933359676972 13.045992225408552 88.456507440656424 596.75683720596135 62.026879951357841 350.91731818392873 166.81412797421217 37.851099637337029 16.197907800320536 53.391235996037722 159.17959172837436 342.58280014526099 11.457021068781613 378.29452220350504 1099.8226303071715 34.349855583161116 722.02214883314446 90.787896435707808 333.71186836436391
leaf_count=5696 125 19882 693 528 225 1772 9272 865 75 23 574 1483 27 548 2995 454 981 888 372 240 175 923 968 102 2392 6509 312 9464 641 971
internal_value=-6.2067e-05 0.00489833 -0.0508669 -0.00366239 -0.0111885 -0.00216943 -0.0449239 0.00744247 -0.00402055 -0.058026 -0.0404406 -0.0593707 -0.0966439 0.0154661 0.0033474 0.0222727 0.0443316 -0.0256125 -0.0334439 0.0287004 0.0708299 -0.058513 0.00291296 -0.00380737 -0.00244885 0.00519234 -0.0154152 -0.00852618 0.0234875 -0.000114451
internal_weight=10074.5 4236.95 103.2 5837.51 2721.97 2080.51 381.879 1698.63 1291.66 350.202 641.464 468.852 192.339 93.6163 1199.93 603.172 412.944 190.228 276.513 79.4823 63.2844 197.031 3115.53 2348.45 2336.99 1958.7 858.878 824.528 767.083 424.5
internal_count=70175 20700 818 49475 22420 18401 10371 8030 6258 9843 4019 3445 1510 571 5393 2398 1435 963 1935 640 400 1295 27055 24475 24373 21981 15472 15160 2580 1612
is_linear=0
shrinkage=0.1


Tree=53
num_leaves=31
num_cat=0
split_feature=18 7 12 14 8 6 15 3 6 17 10 15 5 15 12 10 8 17 12 7 14 13 1 14 5 1 3 10 14 17
split_gain=16.9062 46.5658 31.3609 23.159 65.9932 62.9366 61.3937 50.3813 43.8429 55.4346 43.4543 43.1405 42.567 46.7428 42.5206 41.7123 55.0176 50.3596 65.9287 42.362 40.9843 39.5166 36.9054 35.6265 35.5186 45.0796 130.486 57.4654 61.5275 53.9927
threshold=-0.18744455350943923 0.11375190341808956 0.29016269743442541 0.014413780532777311 2.7365694462404212e-10 3.016070104672575e-10 5.0474862291594043e-05 0.06989266793294463 3.9893055665798151e-10 0.12879527698863638 2.9388306140899663 4.2399071389809258e-05 0.015235904671160779 3.5974308048025712e-05 0.34767892956733709 2.702591180801392 1.7126862738761509e-10 0.11578924005681819 0.25705482065677648 0.069442220101263427 0.015297563280910255 2.3285157680511479 0.38383457079501521 0.012829863931983711 0.036029150367868489 0.32176606761662924 0.094877688976430147 3.5253345966339116 0.017157421447336677 0.1441095525568182
decision_type=2 2 2 2 2 2 2 2 2 2 2 2 2 2 2 2 2 2 2 2 2 2 2 2 2 2 2 2 2 2
left_child=1 -1 -3 5 -5 14 7 -7 9 -9 12 -12 -6 -14 15 16 -2 18 19 -17 -13 -20 -8 -24 25 26 27 28 -22 -27
right_child=3 2 -4 4 10 6 22 8 -10 -11 11 20 13 -15 -16 17 -18 -19 21 -21 24 -23 23 -25 -26 29 -28 -29 -30 -31
leaf_value=0.018422811355747689 -0.0035716561303146808 0.086820692306059558 -0.15602947087382671 0.035247656568154387 0.044631395585245037 -0.094197463000347301 -0.19268034147688029 -0.11955270683943341 0.096608525884412294 0.086630696779377181 -0.12274626394956539 0.057019807988819476 0.049684083726692876 -0.094971690798169472 -0.078012224970351332 0.031662598786308366 -0.085908738810971372 0.070184901925159263 -0.035032260106458483 -0.16345137795665662 -0.072812312080601793 -0.20359041530863686 -0.18535928423715697 -0.036344751795572311 0.026819951758359602 -0.0051529853943719115 -0.15685188399833938 -0.077776611308520843 0.027295245376068086 0.047858178088295421
leaf_weight=792.21095847710967 4882.1221046850551 6.740727178752425 25.18591518595349 607.46143056638539 40.733733789995313 47.48415395244956 33.808985813520849 31.090946368873119 50.795919936150312 22.459743745625019 27.25077891908586 136.31494414806366 26.976259957998991 129.91689508780837 74.005158641375601 397.16624174080789 82.525913112331182 161.14164502546191 114.11284980177879 11.448318839073179 76.993060953915119 15.839027006179093 20.78662509098649 70.322446551173925 416.84348766587209 1006.3833595532924 70.098166016861796 101.21515185013413 303.05786463245749 237.4684334481135
leaf_count=3908 46468 15 247 1794 158 438 294 256 126 46 240 364 100 1015 633 1182 711 457 664 103 435 135 192 352 2797 3959 593 659 1158 676
internal_value=-7.00567e-05 0.0136509 -0.104756 -0.00129974 0.00560146 -0.00494901 -0.051527 -0.00880501 0.0300538 -0.0330771 -0.00139705 0.00235103 -0.0464518 -0.0700995 -0.00270265 -0.00171873 -0.00494032 0.0211395 0.00646488 0.026196 0.00380267 -0.0555768 -0.103453 -0.0703426 0.000523243 -0.00558277 -0.0293839 -0.0108177 0.00701484 0.00496758
internal_weight=10020 824.138 31.9266 9195.82 3180.71 6015.11 276.749 151.831 104.347 53.5507 2573.25 2375.63 197.627 156.893 5738.36 5664.36 4964.65 699.708 538.566 408.615 2348.37 129.952 124.918 91.1091 2212.06 1795.22 551.364 481.266 380.051 1243.85
internal_count=70175 4170 262 66005 13948 52057 1704 866 428 302 12154 10881 1273 1115 50353 49720 47179 2541 2084 1285 10641 799 838 544 10277 7480 2845 2252 1593 4635
is_linear=0
shrinkage=0.1


Tree=54
num_leaves=31
num_cat=0
split_feature=14 15 1 17 12 18 19 19 11 10 5 3 5 13 5 3 1 19 2 5 3 1 1 5 4 19 3 7 3 17
split_gain=16.8211 19.4871 16.0623 17.8559 50.3212 59.2243 64.137 43.8164 42.1324 39.4498 38.7476 36.3379 35.7779 39.3009 34.8417 31.824 31.763 30.7817 29.0058 28.0121 27.3016 51.5575 27.1752 30.5245 67.2098 48.9495 36.9101 28.7007 26.7026 35.8718
threshold=0.1004023887217045 0.00014668257790617647 0.073249570247869752 0.1584916548295455 0.39859999716281896 0.16664264426667205 2.1107274293899541 0.88381263613700878 1.0182148457715814e-09 2.782986164093018 0.07238711337609284 0.068779216462209039 0.028592356953620734 2.2056475877761845 0.02231162668866311 0.10998386027488562 0.42898954598671529 0.037707606330513961 1.0152607360007003e-09 0.021825710349908128 0.075699796258792348 0.23221764314875756 0.32176606761662924 0.033948286071381867 6.0742902129992787e-11 1.0245046615600588 0.071595723860830435 0.068420112327198898 0.059695807656453513 0.16781338778409094
decision_type=2 2 2 2 2 2 2 2 2 2 2 2 2 2 2 2 2 2 2 2 2 2 2 2 2 2 2 2 2 2
left_child=1 2 -1 4 -4 6 7 18 17 -8 -11 -7 13 -9 -13 -16 19 -5 -6 -15 22 -22 23 24 25 -10 28 -27 29 -26
right_child=-2 -3 3 8 5 11 9 12 20 10 -12 14 -14 16 15 -17 -18 -19 -20 -21 21 -23 -24 -25 26 27 -28 -29 -30 -31
leaf_value=-0.11737704130747864 -0.12604488561599692 0.058354604498716045 0.00049864120000907568 0.16375688132970734 -0.17614042652014564 -0.085132426684843665 0.089327717855436847 -0.15429369228149797 0.07632203030577267 -0.17170989359625141 0.10285844190583392 -0.16701514857820551 0.034294002735998731 0.14934307471599614 0.054455849701141062 -0.1026025298179891 -0.14326191636856933 -0.12145712368871214 -0.007445790042866357 -0.068618224767261746 -0.14883067245450532 0.011026101945004642 0.091242433393260505 0.076151172721432153 0.035198140703566118 -0.21730616827359339 0.055980227199709 -0.0078603060165775909 -0.18580220564108646 -0.15964249198951364
leaf_weight=11.697930938564239 10.587545713875441 57.031996850855649 8792.3761589699425 4.2872928809374562 29.197063319385052 33.536634888499975 7.3352036401629439 27.061510019004345 124.99721040204167 75.053703267127275 5.5176310613751403 8.5783457234501821 92.849521659314632 15.515770819038154 140.47591202706099 14.205930402502416 10.143554352223871 32.233502470888197 15.659045610576866 9.510699160397051 23.536869245581329 141.28504152130336 73.951974203810096 86.172680214047432 21.059185590595007 7.5567045479547224 18.551611183211207 48.752127524465322 24.605797160416842 17.139716368168592
leaf_count=646 1375 322 62555 8 262 222 21 255 230 629 6 75 264 26 367 80 72 689 52 56 250 489 127 252 96 106 58 188 220 177
internal_value=-6.5801e-05 6.79829e-05 -0.00026736 -0.000128998 -0.00123049 -0.0326005 -0.0615053 -0.0302057 0.0162435 -0.132694 -0.152907 0.009677 -0.00502871 -0.0636982 0.0291526 0.0400317 0.00601025 -0.0879749 -0.11725 0.0665122 0.0227208 -0.0118017 0.0361793 0.0245061 0.00756273 0.0414477 -0.0679513 -0.0359682 -0.104559 -0.0522262
internal_weight=9980.46 9969.88 9912.84 9901.15 9277.02 484.641 287.844 199.937 624.13 87.9065 80.5713 196.797 155.081 62.2315 163.26 154.682 35.17 36.5208 44.8561 25.0265 587.609 164.822 422.787 348.835 262.662 181.306 81.3563 56.3088 62.8047 38.1989
internal_count=70175 68800 68478 67832 64942 2387 1643 987 2890 656 635 744 673 409 522 447 154 697 314 82 2193 739 1454 1327 1075 524 551 294 493 273
is_linear=0
shrinkage=0.1


Tree=55
num_leaves=31
num_cat=0
split_feature=19 7 7 17 12 12 13 12 5 0 3 12 17 0 1 18 18 13 3 0 0 11 9 19 14 8 3 17 4 2
split_gain=15.1247 20.4784 18.0324 44.6239 22.4886 18.4956 18.3635 31.0631 28.5731 18.0657 53.0854 40.0107 39.3957 37.4793 41.3599 36.4068 35.7777 38.745 90.2913 62.784 61.0904 83.5723 58.4723 56.4128 54.5466 94.6746 83.6299 86.3603 55.6598 54.4042
threshold=-0.18278637528419492 0.0042716083772615281 0.0048399193457203124 0.034690163352272735 0.12093629315495492 0.086598217487335219 1.1013265252113345 0.16067001223564151 0.050249222005739273 1.6817964390916653e-09 0.061745659496807513 0.10690967366099359 0.1409135298295455 1.8590819379518929e-09 0.46171006100259698 0.22450244342061609 0.74484318350865097 1.6076839566230776 0.10887264721037902 7.2935711274197355e-10 6.6008076285491797e-10 2.2281440026361569e-09 0.015792335673691361 2.0516449213027959 0.0065096504986286172 4.6968085448267204e-11 0.11464257394493789 0.13034889914772732 5.5367829641753795e-11 3.8655036266258756e-10
decision_type=2 2 2 2 2 2 2 2 2 2 2 2 2 2 2 2 2 2 2 2 2 2 2 2 2 2 2 2 2 2
left_child=1 -1 3 -2 -5 -4 7 8 -7 11 12 15 13 14 -11 -8 17 18 19 -13 -19 24 -21 -20 -22 29 27 -27 -28 -26
right_child=2 -3 5 4 -6 6 9 -9 -10 10 -12 16 -14 -15 -16 -17 -18 20 23 22 21 -23 -24 -25 25 26 28 -29 -30 -31
leaf_value=-0.14783787057006451 0.052824846539427983 0.043631696846716694 -0.1023776117102435 -0.10713936900387502 0.055244528157703879 -0.10857518270648921 -0.08336290320528239 -0.14442694249334875 0.093651477318865722 -0.14866447447087394 0.0076707940071164306 0.0053819704466845433 0.017687752864483267 -0.10079556232564911 0.17245460956716627 0.15533378973288681 0.067499914820971674 -0.050790713575575797 -0.03995983388684686 0.026803128391820915 -0.047950448596032848 -0.0170440075533797 0.11514397850905778 0.067823248563233587 0.13680021794220029 -0.089655435212974657 0.11966016425671638 0.043022648653485041 -0.10361611700999328 -0.18943272763831159
leaf_weight=5.8624437008984378 34.356529063545167 118.43782748654485 17.631830211961642 63.416469539050013 9.8537575425580126 7.8991796709597102 92.182432039640844 7.4736684430390588 60.492519231513143 6.2573461430147317 3691.1320449197665 2052.1323230995331 63.406214844202623 108.60881897294894 11.172492928802965 6.8657504748553029 71.66902397130616 362.48650908260606 555.57518274663016 305.29824046324939 75.457325072027743 1664.818865572568 99.293218043399975 53.210558189079165 109.49285812210292 97.826880293898284 84.615532699972391 98.409495860338211 12.862087085843084 5.3621804099529973
leaf_count=86 301 486 2640 880 63 447 3444 76 95 84 16178 19341 265 896 20 97 433 3957 5147 1362 1244 9327 505 192 551 1222 198 499 91 48
internal_value=-6.27134e-05 0.0346013 -0.000501073 -0.0412087 -0.0853011 -5.04049e-05 0.00013552 0.0491418 0.0702945 -0.000250627 0.00502107 -0.00380992 -0.046606 -0.0789503 0.0571722 -0.0668171 -0.00270507 -0.00360729 0.00393693 0.0124802 -0.0128163 -0.00641042 0.0484834 -0.0305391 0.030164 0.0445907 0.0144886 -0.0231194 0.0901991 0.12157
internal_weight=9953.56 124.3 9829.26 107.627 73.2702 9721.63 9704 75.8654 68.3917 9628.14 3880.58 5747.56 189.445 126.039 17.4298 99.0482 5648.51 5576.84 3065.51 2456.72 2511.33 2148.85 404.591 608.786 484.026 408.569 293.714 196.236 97.4776 114.855
internal_count=70175 572 69603 1244 943 68359 65719 618 542 65101 17443 47658 1265 1000 104 3541 44117 43684 26547 21208 17137 13180 1867 5339 3853 2609 2010 1721 289 599
is_linear=0
shrinkage=0.1


Tree=56
num_leaves=31
num_cat=0
split_feature=14 5 18 10 2 19 5 1 15 15 5 13 8 11 7 7 12 8 3 8 8 3 6 7 7 13 1 0 5 10
split_gain=15.1652 17.2962 16.0624 27.1362 25.5222 21.2757 31.6288 49.3564 41.2616 24.4564 29.4457 54.071 30.1188 26.7642 21.1347 25.9823 36.4442 29.1676 24.7998 24.6914 42.7893 23.4293 23.1094 21.612 36.5968 44.9141 51.4436 23.7774 23.2041 21.0801
threshold=0.1004023887217045 0.11652990715910355 -0.13882188319059255 3.7906962633132939 5.473986803020453e-11 0.83969396352767955 0.021009875827431444 0.54287362407721751 5.753591904067435e-05 6.4698280766606344e-05 0.015492080590118066 1.9724951386451723 7.7956538242380576e-12 3.9597587431217115e-09 0.11053297457853613 0.069442220101263427 0.13676776736974719 7.2818672037949754e-12 0.13354218332451415 5.6526512087097781e-12 3.2331035426686316e-12 0.14686291026842199 5.3813267408738328e-11 0.060907599429379129 0.046864251879999541 1.6715947389602663 0.41101498032264916 3.3625651967711394e-09 0.024836818726990072 1.8933446407318117
decision_type=2 2 2 2 2 2 2 2 2 2 2 2 2 2 2 2 2 2 2 2 2 2 2 2 2 2 2 2 2 2
left_child=1 2 3 4 -1 9 8 14 -7 10 12 13 -6 29 15 16 18 -18 19 20 -8 -20 -23 24 28 -26 -27 -25 -19 -12
right_child=-2 -3 -4 -5 5 6 7 -9 -10 -11 11 -13 -14 -15 -16 -17 17 23 21 -21 -22 22 -24 27 25 26 -28 -29 -30 -31
leaf_value=-0.1908896201470105 -0.12444519848300924 0.063088691707940986 -0.0018109829907115534 -0.15747549511221864 -0.11402905371358943 -0.12403401692154631 0.097267476136412095 -0.18371566912653636 -0.0011982307054334909 0.062924438429658947 0.051862451905678619 -0.18899010346568629 0.098412671522889461 -0.14623281707639041 -0.057970684311086262 0.055146930883411896 -0.23854582646638511 -0.18407744323288106 -0.2081248419113837 0.091801857760805267 -0.22379809820578156 0.045732152631884931 -0.18103307832713178 -0.20415272840703619 0.19497156066663818 -0.18402563532615923 0.088684981416370309 0.09531605979354818 -0.020376355214531773 0.0016184163480488457
leaf_weight=6.2180322487838557 9.7929914199048635 43.345524426549673 8534.3582395059057 9.6038647927343828 7.4783620617818078 43.990860438207164 9.6949844919145125 12.890356535557656 72.274094553664327 135.64655830897391 116.51696607354097 13.846576722338794 62.012127610389143 10.446008578874169 37.686230394989252 146.49025694094598 5.9751025736331931 9.2389811640605313 5.8415050746407351 86.329674642533064 7.2588703385554245 27.797675407491624 5.3606899529695502 11.033601589500902 17.963694263249636 10.474933713674547 20.365650169551373 3.4899249747395507 137.9030555896461 294.71165147959255
leaf_count=138 1375 234 61154 86 368 958 14 129 369 354 496 124 287 91 235 389 58 134 63 140 94 111 48 92 33 90 41 7 733 1730
internal_value=-6.47101e-05 5.82484e-05 -0.000218758 0.0100095 0.011229 0.0121864 -0.000243429 0.00967868 -0.0476753 0.0252255 0.0150995 0.00545417 0.0755503 0.0118392 0.0142705 0.0196593 0.00516751 -0.020675 0.0444798 0.0701342 -0.0401982 -0.023461 0.00907117 -0.0144898 -0.00576571 0.0692743 -0.00394056 -0.132192 -0.0306551 0.0158545
internal_weight=9916.04 9906.24 9862.9 1328.54 1318.94 1312.72 672.06 555.795 116.265 640.658 505.012 435.521 69.4905 421.675 542.905 505.219 358.728 216.445 142.283 103.284 16.9539 38.9999 33.1584 210.47 195.946 48.8043 30.8406 14.5235 147.142 411.229
internal_count=70175 68800 68566 7412 7326 7188 3738 2411 1327 3450 3096 2441 655 2317 2282 2047 1658 1188 470 248 108 222 159 1130 1031 164 131 99 867 2226
is_linear=0
shrinkage=0.1


Tree=57
num_leaves=31
num_cat=0
split_feature=3 3 12 13 17 0 5 12 11 5 4 18 9 3 1 14 19 19 10 12 14 6 4 3 1 18 6 10 5 14
split_gain=13.99 20.575 43.9252 24.5083 39.056 32.258 25.6886 28.006 29.9111 27.1799 24.1759 29.1758 23.3826 22.824 22.1222 19.7215 19.1559 19.5347 18.1796 52.2612 64.5822 48.8988 41.1774 50.6117 41.9387 37.6857 61.8707 35.4286 39.2557 34.3646
threshold=0.038260857642656292 0.052642271403297053 0.48195555806159979 1.581391513347626 0.1409135298295455 2.8673181533488265e-10 0.016308959310706254 0.32326085865497595 1.6021161286516875e-08 0.031414316671633795 2.0271324845206028e-11 0.12330285798419607 0.10594877077954608 0.045840443057155303 0.10861765651280868 0.0039448109455406674 1.0125975608825686 0.074277605861425414 2.9524004459381108 0.26398773491382604 0.013102399185299875 3.1097285441729713e-10 6.999012005366594e-11 0.071312483492108766 0.23013539679879425 0.32824125476393179 4.5593820288247077e-10 3.4273369312286381 0.02231162668866311 0.023300042375922207
decision_type=2 2 2 2 2 2 2 2 2 2 2 2 2 2 2 2 2 2 2 2 2 2 2 2 2 2 2 2 2 2
left_child=15 2 3 5 6 13 7 8 -5 -8 11 -3 -7 -2 -15 -1 17 -16 21 -20 -21 -12 23 24 -22 -24 -27 29 -29 -28
right_child=1 10 -4 4 -6 12 9 -9 -10 -11 18 -13 -14 14 16 -17 -18 -19 19 20 22 -23 25 -25 -26 26 27 28 -30 -31
leaf_value=0.073154110302026593 0.043741549884844834 -0.13534267895817839 -0.16917442758498902 -0.14440150232151697 0.031460046299398435 0.07772291970447745 -0.14308179415739025 0.14101057709326115 0.11875587702533333 0.058848471435167207 -0.0013074507781889802 0.05996386913432436 -0.16418752599899705 -0.11387439074564142 -0.25550739704543601 -0.092409621421788629 -0.17096572369053753 0.023825900190347443 0.052948616809904148 -0.21167887267307839 -0.15752441772936362 -0.037664492962628478 -8.3132717477893073e-05 -0.11887372414646531 0.055584250016123021 0.079074553290876051 -0.015877506793540178 -0.14930240783465371 0.0557694721066338 -0.21026508422911139
leaf_weight=9.1470186756923777 111.51785669918172 27.300650051562116 12.199010882293804 13.501657101791357 109.0880572469905 155.14832508610561 38.570339713711292 10.614077528938649 6.3507998418062916 8.0583314448595029 6082.7118086558767 10.625710019376127 4.1012371629476538 20.687175419647247 2.5888594696298233 33.707359598716721 5.9850249118171623 76.003520770929754 219.8159070936963 14.04976302012801 11.568900305777786 393.88607973325998 1936.1923817268107 59.873426258563995 45.764437854290009 172.84136747941375 154.96796162053943 10.054320052266119 130.37936495430768 9.6613820344209653
leaf_count=29 1301 1576 152 373 473 678 510 27 11 33 47965 284 41 641 49 802 160 537 575 117 117 2467 9160 583 160 293 592 71 320 78
internal_value=-5.86036e-05 0.000189337 0.0185554 0.0226288 -0.0070433 0.0373202 -0.0615247 0.00988732 -0.0602175 -0.108184 -0.000947524 -0.0806243 0.0714929 0.0122167 -0.0211809 -0.057071 0.00149148 0.0146246 -0.000620546 0.00616723 0.0021272 -0.00351857 0.00331391 -0.0545701 0.0125825 0.00612423 0.0312729 0.00418962 0.0410874 -0.0272853
internal_weight=9896.96 9854.11 574.414 562.215 186.183 376.032 77.0952 30.4665 19.8525 46.6287 9279.69 37.9264 159.25 216.782 105.265 42.8544 84.5774 78.5924 9241.77 2765.17 2545.35 6476.6 2531.3 117.207 57.3333 2414.1 477.904 305.063 140.434 164.629
internal_count=70175 69344 4986 4834 1427 3407 954 411 384 543 64358 1860 719 2688 1387 831 746 586 62498 12066 11491 50432 11374 860 277 10514 1354 1061 391 670
is_linear=0
shrinkage=0.1


Tree=58
num_leaves=31
num_cat=0
split_feature=14 15 17 12 9 19 19 7 18 5 11 14 13 14 14 8 9 19 7 17 5 6 19 8 10 4 13 15 5 3
split_gain=13.5434 15.9562 14.159 41.8181 49.4605 44.3571 39.9008 59.3933 62.4525 52.2498 39.6429 35.3149 29.6293 26.5033 25.9418 42.3479 39.0847 52.8652 57.2783 32.0384 57.0641 35.71 35.4732 28.6884 35.366 45.7886 43.1761 67.4649 64.1738 73.9797
threshold=0.1004023887217045 0.00014668257790617647 0.1584916548295455 0.38822124898433691 0.10824716476604831 4.5848824977874765 1.8594670295715334 0.11375190341808956 0.11360598046501931 0.051276231657169088 1.0182148457715814e-09 0.019818546250462536 1.9024833440780642 0.022234247997403148 0.017157421447336677 2.9604664037797046e-10 0.081349144387668507 2.2347959280014043 0.10731679550237501 0.12462269176136366 0.035644256462183194 4.0943611617283312e-10 1.6044329404830935 4.0201671033071275e-10 2.9660944938659672 6.8966431573268783e-11 1.9650494456291201 5.8695757616078488e-05 0.02270375051138394 0.092815228717705575
decision_type=2 2 2 2 2 2 2 2 2 2 2 2 2 2 2 2 2 2 2 2 2 2 2 2 2 2 2 2 2 2
left_child=1 2 3 14 5 11 12 8 -8 -9 -4 -5 13 -6 16 -16 23 19 -19 21 -21 -18 -23 24 26 -26 -1 -28 -29 -30
right_child=-2 -3 10 4 6 -7 7 9 -10 -11 -12 -13 -14 -15 15 -17 17 18 -20 20 -22 22 -24 -25 25 -27 27 28 29 -31
leaf_value=0.0027551061835513549 -0.12292887870019707 0.054767775105839828 -0.085777520189680739 -0.18261806491149302 0.027100115178961454 0.039395801743521135 -0.1708751938839437 -0.11906042880230289 0.072299568444490828 0.062976201457699721 0.020961277562082641 -0.06686475119706424 0.039210807176855947 -0.15316882001174284 0.071532035971430083 0.0080086289575792124 -0.16824318069338445 0.042871057279044653 -0.2088314877270078 -0.15103703045004141 0.054386468743530418 0.040835600638128161 -0.20158301480891821 -0.077240148042651335 -0.13772984883326667 0.030574401097442739 -0.048972301328164318 0.010535079150470385 -0.12463764930976787 -0.011385770556030302
leaf_weight=5030.4900853005238 8.9620767427841184 53.020884410478175 37.038773684296757 34.336290203034878 16.017708949744701 30.114033088088036 12.848824597895144 91.379262180998921 59.318284949287772 19.055767484009266 574.45813292916864 113.4128580186516 172.74709667265415 16.615786530077457 116.31706249061972 1073.4674269575626 13.808804325759409 89.812810257077217 10.052942790091036 74.987580165266991 16.497739784419537 49.402627792209387 6.8764796257019034 48.137795086950064 16.696291297674179 507.67153166048229 449.41977492021397 846.65726866712794 81.966816111467779 194.66160391457379
leaf_count=45741 1375 322 919 319 91 98 112 663 141 39 2235 617 561 172 249 4078 138 265 85 757 49 184 58 288 184 1464 3983 3455 691 842
internal_value=-5.42849e-05 5.74306e-05 -0.00023844 -0.00121857 -0.0275538 -0.0712198 -0.007536 -0.0415464 0.0290041 -0.0876497 0.014496 -0.0937653 0.0227023 -0.0646863 0.000508781 0.0142189 -0.00168454 -0.0396639 0.0175335 -0.0750166 -0.113993 -0.0241416 0.0112156 -0.000300807 0.000218822 0.0252155 -0.00176619 -0.0162281 -0.00312736 -0.044943
internal_weight=9866.25 9857.29 9804.27 9192.77 565.846 177.863 387.983 182.602 72.1671 110.435 611.497 147.749 205.381 32.6335 8626.92 1189.78 7437.14 261.439 99.8658 161.573 91.4853 70.0879 56.2791 7175.7 7127.56 524.368 6603.2 1572.71 1123.29 276.628
internal_count=70175 68800 68478 65324 2813 1034 1779 955 253 702 3154 936 824 263 62511 4327 58184 1536 350 1186 806 380 242 56648 56360 1648 54712 8971 4988 1533
is_linear=0
shrinkage=0.1


Tree=59
num_leaves=31
num_cat=0
split_feature=18 10 8 6 17 12 12 11 0 14 19 4 6 19 13 7 3 3 19 0 8 2 14 8 17 5 13 4 14 4
split_gain=13.1166 32.0184 67.7727 38.8493 35.7187 32.5422 61.5574 37.8548 39.9509 53.997 39.7169 37.8928 33.754 30.4356 39.5745 36.4667 30.0971 28.6994 53.0871 35.9826 37.5023 44.6889 44.5781 42.8351 32.4959 50.7239 57.7973 29.5233 28.4045 28.1013
threshold=-0.020484822191065174 2.1299808025360112 2.2769101351476113e-11 4.1271100173742333e-11 0.083340731534090925 0.12597221136093142 0.16427532583475116 1.0969771202518077e-09 1.1310933595992669e-09 0.0058885382022708663 0.30078403651714331 1.0636048710504328e-10 2.0166056846902134e-11 0.81049489974975597 1.6759471893310549 0.014917786744607791 0.11721418078758303 0.091660168512980492 3.7213847637176518 1.6817964390916653e-09 3.5842608356789736e-12 6.5658352844194858e-10 0.0068680739495903262 9.568696932239511e-12 0.10540216619318184 0.040984061155118122 2.3129516839981084 4.3236841377946016e-10 0.0044614409562200317 4.369220150757989e-11
decision_type=2 2 2 2 2 2 2 2 2 2 2 2 2 2 2 2 2 2 2 2 2 2 2 2 2 2 2 2 2 2
left_child=17 2 3 5 -5 7 28 10 -9 12 -2 -11 -10 14 15 -8 -15 18 27 -19 21 -21 23 -22 29 26 -26 -1 -7 -24
right_child=1 -3 -4 4 -6 6 13 8 9 11 -12 -13 -14 16 -16 -17 -18 19 -20 20 22 -23 24 -25 25 -27 -28 -29 -30 -31
leaf_value=0.016780028981890294 -0.043343809482047559 0.0001603673056788155 -0.09797671059057593 0.048665307170503963 -0.083644457785472665 -0.024763711771823269 0.051774296218671301 -0.088804574429154806 0.097090541531483165 -0.13581702039462254 0.085184362154048621 0.10809684078082821 -0.080074627921025571 -0.14484019124450753 0.23086137102646101 -0.073870471607454691 0.11206263974476871 -0.016803569441226247 -0.10003519888317614 0.15845860784203197 -0.0085152070847947792 -0.13453717490779221 -0.17977753007186567 -0.11506099897939902 -0.20394051977326388 0.060812865579029554 -0.015553922192377443 -0.19351712874094382 -0.10026090815421861 0.029635981768909931
leaf_weight=1802.4978673106525 34.03139691776596 5077.2930706420448 99.565418611746281 152.77259514667094 23.548948275856674 75.385917952749878 76.776990873739123 64.362822613911703 56.293023552745581 30.290835041552782 81.910078669432551 8.0649822764098626 13.293485532514749 20.607060025911782 9.1106782378628832 33.040669663576409 5.8561631422489873 1028.1724159817677 40.306044200668111 30.772644723765552 149.14961384073831 6.2656021188013247 6.4787757359445086 50.512845018878579 25.087643591687083 38.422506755916402 46.418590281158686 6.7005310971289864 147.02537045138888 585.84369574766606
leaf_count=11604 394 28467 5785 420 269 509 741 2277 596 268 402 14 517 729 62 651 18 8653 483 215 1431 148 67 548 222 101 178 92 2480 1834
internal_value=-5.5154e-05 -0.00296692 -0.0200047 -0.010678 0.0309944 -0.021878 -0.0415944 0.00328029 -0.0264465 0.0107357 0.0474585 -0.0845299 0.0632457 0.00900448 0.0305869 0.0139717 -0.087989 0.00452938 0.0134724 -0.00387892 0.0102739 0.108894 0.0062239 -0.0354704 0.0180783 -0.0318551 -0.0816485 0.0160012 -0.0746713 0.0273454
internal_weight=9825.86 6009.23 931.936 832.371 176.322 656.049 367.803 288.247 172.305 107.942 115.941 38.3558 69.5865 145.392 118.928 109.818 26.4632 3816.63 1849.5 1967.12 938.952 37.0382 901.914 199.662 702.251 109.929 71.5062 1809.2 222.411 592.322
internal_count=70175 44599 16132 10347 689 9658 5190 4468 3672 1395 796 282 1113 2201 1454 1392 747 25576 12179 13397 4744 363 4381 1979 2402 501 400 11696 2989 1901
is_linear=0
shrinkage=0.1


Tree=60
num_leaves=31
num_cat=0
split_feature=13 0 0 12 2 18 11 8 17 19 13 7 7 2 9 7 13 19 14 8 0 18 1 13 15 17 12 14 5 12
split_gain=13.161 15.3863 14.7792 45.223 35.025 55.3284 51.3567 32.8808 48.0275 31.4957 31.8983 46.155 37.9425 40.4279 30.1017 28.2137 43.4498 27.5665 27.3363 27.2365 26.8539 26.7024 26.5006 24.5679 36.311 25.0954 23.5241 24.9186 26.3241 48.7702
threshold=1.0555326342582705 3.43235158512641e-10 2.4699112767660616e-10 0.11956077814102174 1.1952664144507119e-10 0.10719737507910893 7.4902375968299861e-10 2.1243056127837449e-10 0.16781338778409094 3.237383365631104 1.2912552356719973 0.077765443634400869 0.084465572360815755 5.7105179851295324e-11 0.0047969817639561272 0.026727057516744219 1.3805195093154909 0.40393738448619848 0.0065096504986286172 6.5361162206900429e-12 2.4191037817177852e-10 0.84542771916709514 0.18630016709283095 1.6217635869979861 3.616373396653217e-05 0.1409135298295455 0.19296725094318393 0.0060375449247658261 0.042024300717599182 0.15378815680742267
decision_type=2 2 2 2 2 2 2 2 2 2 2 2 2 2 2 2 2 2 2 2 2 2 2 2 2 2 2 2 2 2
left_child=1 -1 3 -2 5 7 19 15 -9 10 14 -12 -13 -14 17 16 18 -5 -4 22 26 -7 -6 -17 -25 -26 27 28 -16 -30
right_child=2 -3 4 9 6 21 -8 8 -10 -11 11 12 13 -15 20 23 -18 -19 -20 -21 -22 -23 -24 24 25 -27 -28 -29 29 -31
leaf_value=0.10722770545509455 0.11883062373530547 -0.11151350198103216 0.040512795110840716 -0.026434443326849934 -0.22407945427515161 -0.056763956265953756 -0.00029757076151891697 -0.14679265136285469 0.059816534392085022 0.10341292008096553 -0.10776230584769345 0.094059853007187888 0.17908096909299451 -0.096720494121118383 0.014816561474224979 0.082421585490243032 -0.11966237705573407 -0.27625054694417239 -0.12696890453871981 -0.13831039537048703 -0.22217204057400358 0.1553515244943931 0.065737007663582606 -0.14421363953226593 -0.1365185655234831 0.10268110005807687 -0.11769796510947272 0.066677223501514518 0.038664071981304338 -0.11763282089737684
leaf_weight=20.662540697492663 23.876531101763248 3.8083838210441163 209.18438353319652 10.078319492517041 3.9788485306780812 96.427226281026378 8500.7077440824942 22.896910997107625 22.120472468435764 19.383355087600648 95.851286374730989 26.260593154933304 6.1859316965565077 37.740966751240194 181.61393524194136 202.45618679793552 20.459443029249087 7.8636125903576604 10.221732279518617 41.417218758026138 5.5026434091851106 6.3240173540543756 15.238983227871357 12.531062286347149 5.3642623824998763 24.051945191808045 16.02636589622125 56.571194599848241 33.922937231138349 48.518071516416967
leaf_count=37 28 517 966 67 52 1700 55097 261 57 217 4392 103 26 334 1301 851 674 82 239 929 81 23 76 267 99 39 929 182 122 427
internal_value=-5.93286e-05 0.0731852 -0.00024292 -0.0158769 0.000725377 0.0234424 -0.000951697 0.0364786 -0.0452698 -0.0217728 -0.0263848 -0.0626458 -0.00103259 -0.0578812 -0.00966506 0.0440779 0.0197134 -0.135924 0.0327101 -0.0926567 -0.00304429 -0.0437089 0.00573358 0.0679899 -0.00166379 0.0590613 0.000537393 0.00644734 -0.00645633 -0.0533196
internal_weight=9787.25 24.4709 9762.78 569.396 9193.38 632.038 8561.34 529.286 45.0174 545.519 526.136 166.039 70.1875 43.9269 360.097 484.269 239.866 17.9419 219.406 60.6351 342.155 102.751 19.2178 244.403 41.9473 29.4162 336.653 320.626 264.055 82.441
internal_count=70175 554 69621 8291 61330 5176 56154 3453 318 8263 8046 4855 463 360 3191 3135 1879 149 1205 1057 3042 1723 128 1256 405 138 2961 2032 1850 549
is_linear=0
shrinkage=0.1


Tree=61
num_leaves=31
num_cat=0
split_feature=8 4 8 8 15 5 19 8 12 9 5 5 12 14 5 19 3 7 10 5 6 1 15 3 6 13 9 14 9 18
split_gain=12.5066 32.849 16.9443 31.6567 47.1002 49.6806 35.5159 30.5805 59.2355 35.1207 44.2032 64.4583 40.0322 40.7906 32.1713 46.8843 29.9756 29.6713 29.2755 29.106 62.2511 45.2384 35.5601 26.6637 34.7968 26.4962 24.8604 24.6952 30.3156 23.6208
threshold=2.6950982928089109e-12 1.0636048710504328e-10 3.3094257387132263e-12 5.2933744271966426e-12 5.002529178455007e-05 0.02270375051138394 1.6044329404830935 6.5361162206900429e-12 0.1356511935591698 0.0027886819379295403 0.043176879343286935 0.027653163696456536 0.10475848242640497 0.0074645886197686204 0.060264327444588477 0.39195233583450323 0.074190113823945608 0.0077730889804962398 2.2653050422668461 0.035644256462183194 4.3535043860039212e-11 0.26255542199196885 3.3166146749863408e-05 0.12464606841651703 4.0262793762693413e-11 1.5270966887474062 0.0014278051847353651 0.0063797889743000278 0.0015905653702583645 -0.1296497875909236
decision_type=2 2 2 2 2 2 2 2 2 2 2 2 2 2 2 2 2 2 2 2 2 2 2 2 2 2 2 2 2 2
left_child=1 -1 17 4 19 -6 -7 8 23 10 11 12 18 16 -10 -16 -14 -2 -9 20 -4 22 -21 27 -25 -26 -20 -5 -29 -13
right_child=2 -3 3 7 5 6 -8 9 14 -11 -12 29 13 -15 15 -17 -18 -19 26 21 -22 -23 -24 24 25 -27 -28 28 -30 -31
leaf_value=-0.1451090433539248 -0.10983675731920257 0.21428848899698691 -0.079893464074679343 0.063951714274338892 -0.11158853416253944 0.081966768789228789 -0.18108943022195467 0.048996601231725792 -0.1482272539149451 0.00062850691711481175 0.048626728026261883 -0.023671254864972201 0.041561968698409002 0.096996003910481743 0.088417529021048116 -0.18175893280506819 -0.11063668589275209 0.04621232589838694 0.04668205869213693 -0.14632248162184647 0.10039915007557335 -0.25689257588303055 0.089396000688745106 -0.075158328318808393 -0.039477978999608997 0.13421175972393795 -0.14877193051956325 0.043165931804950083 -0.22485742093139729 -0.13552492606365954
leaf_weight=14.844700247747825 13.326768506318329 3.0689037330448619 89.896037952043116 264.05809351592325 21.624021360883489 65.772448133444414 5.5668710595928124 98.339599743019789 26.570560334483162 8518.5591338753584 60.794472254812717 24.712637134827673 15.615711249411104 14.318651948124169 20.35899863392115 9.3831477053463441 75.530924023594707 142.18190351454541 11.022232030052693 16.22227689251304 24.335234823636711 18.424329460132867 10.569936603307722 39.712079819524661 15.239661946427075 20.729637263342738 15.887805982958524 11.290690233930947 6.738846741616725 79.987303141504526
leaf_count=823 839 8 3756 1487 1218 388 85 414 361 55421 175 123 67 20 38 73 941 1100 76 105 81 165 19 1043 176 57 384 30 59 643
internal_value=-5.88204e-05 -0.0835382 9.47639e-05 -0.000436695 -0.0353814 0.0211918 0.0614395 0.000508805 0.0270745 -0.000725142 -0.0298288 -0.044049 -0.0145176 -0.0599118 -0.0682592 0.00318139 -0.0845612 0.0328392 0.0237062 -0.0683654 -0.0414849 -0.136274 -0.0533279 0.0420799 -0.0106256 0.060622 -0.0687148 0.0562203 -0.0570124 -0.109124
internal_weight=9754.68 17.9136 9736.77 9581.26 252.411 92.9633 71.3393 9328.85 414.082 8914.77 396.209 335.415 230.715 105.465 56.3127 29.7421 91.1466 155.509 125.25 159.448 114.231 45.2165 26.7922 357.769 75.6814 35.9693 26.91 282.088 18.0295 104.7
internal_count=70175 831 69344 67405 5817 1691 473 61588 3324 58264 2843 2668 1902 1028 472 111 1008 1939 874 4126 3837 289 124 2852 1276 233 460 1576 89 766
is_linear=0
shrinkage=0.1


Tree=62
num_leaves=31
num_cat=0
split_feature=7 11 11 9 15 17 9 12 9 12 1 3 13 4 17 5 19 5 3 7 19 3 18 12 3 6 5 5 19 0
split_gain=12.6946 28.1446 21.2915 31.638 21.565 24.9319 17.8638 29.2503 17.2451 15.8363 15.2144 34.6511 31.238 32.8159 27.5311 23.4697 18.3275 18.2897 67.6504 40.5882 24.5281 18.0036 17.7609 16.9301 21.3933 16.5298 21.286 21.125 21.2913 17.8598
threshold=0.0048399193457203124 1.2425435347296345e-08 5.8198743602133626e-09 0.0024951173106813468 4.5756869440083399e-05 0.034690163352272735 0.0024039471017671412 0.10243911668658258 0.0015905653702583645 0.086598217487335219 0.62966275401144667 0.066463717581390622 3.078580498695374 1.3267633265807264e-10 0.066428444602272749 0.024968907767184335 2.0818165540695195 0.011784347317149316 0.091660168512980492 0.012729187006515546 0.83969396352767955 0.079028290697381584 0.34503330749628902 0.35675187408924108 0.11656167253924335 1.234345566355585e-11 0.032454663959927417 0.018605937585467944 1.3710073828697207 2.4699112767660616e-10
decision_type=2 2 2 2 2 2 2 2 2 2 2 2 2 2 2 2 2 2 2 2 2 2 2 2 2 2 2 2 2 2
left_child=1 2 3 6 -5 -6 7 8 -1 -2 12 -12 17 14 -14 -15 -13 18 19 -11 -21 -16 -18 24 -17 26 27 28 -19 -27
right_child=9 -3 -4 4 5 -7 -8 -9 -10 10 11 16 13 15 21 23 22 25 -20 20 -22 -23 -24 -25 -26 29 -28 -29 -30 -31
leaf_value=-0.11501741890820955 -0.10127454607629023 0.1181385662779173 -0.14679197619254239 0.15527222435477006 0.14959107658100454 -0.13470516211955982 0.13394308089709572 -0.12380899841057609 0.10223087999138832 -0.1200333844039496 -0.087701522191376627 0.039984078779253418 -0.20219522590995331 -0.23596971985113138 -0.082748979321464591 -0.1606137457212351 -0.27564175956410725 -0.11890608025582483 -0.13212295968946819 0.095865361433594476 -0.13846641848865743 0.084078453935458666 0.038516723580363885 -0.24939677348048878 0.022238760396329736 -0.017177810356595536 -0.19112795148010356 0.11554061363926116 0.19466019578948868 0.0016646052938616652
leaf_weight=4.5251094594132182 15.30959022277966 11.299882337450979 18.080671649891883 3.2995119863189748 3.3688028119504443 36.577049638144672 11.83301223721355 13.612176867201923 18.977471647784114 14.359391870675607 25.267578695900738 239.42737265536562 5.4476553425192824 12.456504667177795 8.7736510150134546 10.07502628862858 3.6778732892125836 8.6848306574393046 46.211737127974629 43.078653017291799 4.9836080020759246 24.624070230871439 3.5236703045666218 4.721721999347209 17.53401739988476 534.50244534132071 3.1873142011463633 34.298274907283485 2.884671206586062 8546.1518185882596
leaf_count=291 2657 17 211 12 7 486 32 268 61 855 149 775 55 111 63 113 36 315 1338 243 120 35 8 49 67 7925 28 74 7 53767
internal_value=-5.62115e-05 -0.0321677 -0.0475697 -0.0281105 -0.090434 -0.110729 0.0269523 -0.00715868 0.0604026 0.000350057 0.000512226 0.0238297 -0.000167882 -0.0610089 0.00625179 -0.119346 0.0352563 0.000382899 -0.040407 0.0274918 0.0715673 0.0402525 -0.121926 -0.0744132 -0.0444873 0.000868253 0.0587607 0.0761252 -0.0407233 0.000555509
internal_weight=9730.76 121.574 110.274 92.1931 43.2454 39.9459 48.9478 37.1148 23.5026 9609.18 9593.87 271.896 9321.98 83.6326 38.8454 44.7873 246.629 9238.34 108.633 62.4217 48.0623 33.3977 7.20154 32.3308 27.609 9129.71 49.0551 45.8678 11.5695 9080.65
internal_count=70175 1385 1368 1157 505 493 652 620 352 68790 66133 968 65165 493 153 340 819 64672 2556 1218 363 98 44 229 180 62116 424 396 322 61692
is_linear=0
shrinkage=0.1


Tree=63
num_leaves=31
num_cat=0
split_feature=13 0 11 2 13 9 14 2 12 10 13 10 3 11 3 5 9 12 17 17 7 0 12 7 18 12 7 2 18 14
split_gain=12.037 12.6894 11.7852 26.9764 54.8759 28.7391 25.4134 23.8277 35.815 38.4209 29.9381 25.1653 24.2799 24.2378 24.4172 23.9925 28.7924 26.2913 22.1921 21.291 20.7435 20.6724 19.2907 38.7256 27.436 18.7931 25.2354 18.3001 21.6394 18.9998
threshold=1.0555326342582705 3.43235158512641e-10 5.9640523075721329e-10 8.5606533881287425e-11 1.2191684842109682 0.006803779350965094 0.0041041891090571889 1.0107193264542989e-10 0.30011755228042608 2.4828648567199711 1.5034040808677676 2.9388306140899663 0.05311522478875795 7.0005243268944649e-10 0.072155098534332093 0.033008783462052431 0.0062499000502362458 0.18937392532825473 0.14584073153409094 0.087957208806818191 0.090144328954742295 2.2601102145106391e-10 0.17057642340660098 0.018888297983540917 -0.17684283107519147 0.14522339403629306 0.029900925762344256 9.9848066900255161e-11 -0.074260220302014859 0.010680536273866894
decision_type=2 2 2 2 2 2 2 2 2 2 2 2 2 2 2 2 2 2 2 2 2 2 2 2 2 2 2 2 2 2
left_child=1 -1 3 -2 5 19 -7 8 10 -10 15 12 18 14 -9 16 -4 22 -11 -5 -12 -16 23 24 -17 -25 -27 29 -29 -18
right_child=2 -3 7 4 -6 6 -8 13 9 11 20 -13 -14 -15 21 17 27 -19 -20 -21 -22 -23 -24 25 -26 26 -28 28 -30 -31
leaf_value=0.10285323067337603 0.0024436761299504433 -0.1111132042676307 -0.083783848942115671 0.058933213201890482 -0.13236883806245076 -0.39702022256827552 -0.061815530404971675 0.012772244288250018 -0.13569476425462407 -0.14037253267894484 -0.11488854711629877 -0.19377511403964476 -0.16850084383062136 -9.7890203596875673e-05 -0.01313067573921552 0.01701368448697272 0.094153709562293381 -0.12655922619559476 0.04823309845036889 -0.10295990318093007 0.097854128250935715 -0.14248327602255012 0.07936368404332117 0.090451679125990961 -0.2176107677695332 -0.21666222621130224 0.036690310219534374 0.40000767415315441 0.10584035789309756 -0.15681707002397682
leaf_weight=19.561164211481813 238.89895579428412 3.2292846671771249 9.2949892173055542 50.616973221302032 53.260195997776464 2.6030947528779533 17.247596603352576 34.389059983659536 23.808900481788442 6.7800759859383097 18.622073447098959 5.9193602558225384 6.4212703406810752 8810.4566600089893 19.449450115207583 8.8674344457685965 98.877151952590793 10.579402377828954 78.119469499215484 9.6763725169002992 6.0795208327472201 33.870984849520028 60.217480486258864 35.496500924229622 11.380246259272097 5.346753470599654 14.853113409131764 4.229095826856792 6.1186290932819229 3.1114250635728231
leaf_count=37 3888 517 187 109 2040 27 224 347 474 78 970 69 64 58245 276 25 807 200 228 78 15 799 121 52 110 57 44 6 46 35
internal_value=-5.40551e-05 0.0725353 -0.000224877 -0.0176714 -0.0536932 -0.00140881 -0.105772 0.000472629 0.0239203 -0.0218387 0.0428202 0.00603859 0.0189904 -0.000618629 -0.0529271 0.0525167 0.0853582 0.025295 0.0331711 0.0329513 -0.0625286 -0.0952999 0.0370937 0.00357694 -0.114857 0.0466322 -0.0303702 0.0993534 0.226066 0.0864972
internal_weight=9707.38 22.7904 9684.59 372.303 133.404 80.144 19.8507 9312.29 414.123 121.049 293.074 97.2402 91.3208 8898.17 87.7095 268.372 121.631 146.741 84.8995 60.2933 24.7016 53.3204 136.162 75.944 20.2477 55.6964 20.1999 112.336 10.3477 101.989
internal_count=70175 554 69621 6366 2478 438 251 63255 3588 913 2675 439 370 59667 1422 1690 1081 609 306 187 985 1075 409 288 135 153 101 894 52 842
is_linear=0
shrinkage=0.1


Tree=64
num_leaves=31
num_cat=0
split_feature=3 7 11 0 3 12 4 18 8 10 6 5 5 6 7 8 14 15 17 4 0 1 19 2 2 0 1 12 5 17
split_gain=11.841 15.7843 17.0024 15.2989 14.192 35.8777 20.9184 23.0999 19.5357 29.7034 18.4402 18.435 20.2707 16.8033 15.3426 44.9639 22.2788 23.2519 17.9244 24.8334 22.7303 13.9923 14.6536 13.8989 13.8178 17.438 13.5411 15.4253 14.2976 34.1301
threshold=0.038260857642656292 0.01424070669179313 1.1940359812001591e-09 1.2556225937460089e-10 0.052642271403297053 0.48195555806159979 2.0271324845206028e-11 0.12330285798419607 5.0008660625305471e-10 3.5253345966339116 7.747373430796689e-10 0.014701578144926243 0.043176879343286935 4.3110450673242877e-10 0.059035145823744452 1.3001555823276586e-11 0.010480888187885286 2.9029900360910691e-05 0.13145862926136367 1.0636048710504328e-10 6.3023917366466066e-09 0.18229325343676822 1.0125975608825686 1.3604492456621017e-10 7.0230571530951712e-11 1.42553897604401e-10 0.7375357488976847 0.086598217487335219 0.028021946924966758 0.040505149147727279
decision_type=2 2 2 2 2 2 2 2 2 2 2 2 2 2 2 2 2 2 2 2 2 2 2 2 2 2 2 2 2 2
left_child=1 -1 3 -3 5 8 7 -6 10 11 13 -10 -13 14 15 21 -16 -18 19 20 -19 22 -2 -15 -8 -26 27 -27 -29 -30
right_child=4 2 -4 -5 6 -7 24 -9 9 -11 -12 12 -14 23 16 -17 17 18 -20 -21 -22 -23 -24 -25 25 26 -28 28 29 -31
leaf_value=-0.17041929041948728 0.022905919661537957 -0.11882802240457609 -0.15181327767343697 0.069642796275853167 -0.13595795090809204 -0.15895204123150042 0.16898550899599116 0.046819582175705365 0.11806958064384657 0.079716455215159868 0.20281863793778576 -0.15348777294544894 0.12766189927405547 -0.13680167702405896 0.11105264881175597 -0.080691701470812005 -0.13367201789033861 -0.14203240862644212 0.053455516693839703 0.15161865222891524 0.1708445886823845 0.078328928359378061 -0.12548530554785073 0.01740170206869391 -0.093060243662745318 -0.10658714081880126 0.048601907846065558 -0.0041819885128768037 -0.052863079465540211 0.0052819556618811216
leaf_weight=9.0797496698796731 144.03926123213023 5.7471191578079077 7.4109619264490894 17.187802306143567 22.81270565034356 11.477845641435122 4.8092296114191404 9.9219154000747931 3.5326751992106464 13.656532682478426 5.8037544637918463 24.862223189324144 2.8593797534704199 11.611788522452118 43.736767924390733 44.113925386453047 8.1692896650638414 15.662569493055349 134.41643385961652 5.2131210044026366 2.7261240482330313 47.397742192959413 6.9770207963883868 11.769631322473286 20.336498401826248 13.726934504345989 56.143016410991549 4850.4772988520563 103.54779853764921 4026.2733738998068
leaf_count=144 792 394 144 149 1576 152 42 284 7 57 4 244 3 145 300 2218 138 172 373 3 1 235 89 53 784 2470 240 38660 864 19438
internal_value=-5.35947e-05 -0.0547451 -0.0201343 0.0224151 0.000169941 0.0159518 -0.000762316 -0.0805578 0.0197644 -0.0433139 0.0256462 -0.0970719 -0.124488 0.0234852 0.0277571 0.0106249 0.0475502 0.0308378 0.0393427 -0.0410325 -0.0956484 0.0309275 0.0160502 -0.0591795 -0.000474494 -0.000564343 -0.000356497 -0.000662108 -0.000500195 0.00382407
internal_weight=9685.5 39.4256 30.3459 22.9349 9646.07 538.026 9108.05 32.7346 526.548 44.9108 481.637 31.2543 27.7216 475.834 452.452 242.528 209.924 166.188 158.018 23.6018 18.3887 198.414 151.016 23.3814 9075.31 9070.5 9050.17 8994.03 8980.3 4129.82
internal_count=70175 831 687 543 69344 4986 64358 1860 4834 311 4523 254 247 4519 4321 3334 987 687 549 176 173 1116 881 198 62498 62456 61672 61432 58962 20302
is_linear=0
shrinkage=0.1


Tree=65
num_leaves=31
num_cat=0
split_feature=19 13 0 18 4 11 7 17 13 15 14 6 9 12 13 12 5 0 3 17 2 2 8 4 12 14 9 17 3 12
split_gain=11.4128 16.7576 35.8735 32.4147 16.4894 21.2719 14.3893 30.3972 17.5892 18.2248 15.7678 25.1794 14.1346 12.3441 12.9526 25.6112 20.4754 14.019 44.1701 34.3951 27.8309 24.6979 34.4112 23.6228 21.7515 19.4277 18.9386 17.3287 59.152 46.9562
threshold=-0.18278637528419492 1.6849192976951601 2.1408751939793803e-09 0.10943538005548446 9.0137357864131253e-11 4.4671952803554413e-09 0.0048399193457203124 0.034690163352272735 2.661911249160767 4.5756869440083399e-05 0.0060899988748133191 3.3294097275587586e-11 0.0015905653702583645 0.086598217487335219 1.1013265252113345 0.16067001223564151 0.050249222005739273 2.9787915812961641e-10 0.089334921764558942 0.17345081676136367 1.447691194156268e-10 1.0482426185647013e-10 2.1841495503845725e-10 1.4446102942769281e-10 0.11956077814102174 0.0037130512064322834 0.0039319699030463135 0.14868164062500003 0.061745659496807513 0.38822124898433691
decision_type=2 2 2 2 2 2 2 2 2 2 2 2 2 2 2 2 2 2 2 2 2 2 2 2 2 2 2 2 2 2
left_child=1 -1 3 -3 5 -4 7 10 9 -9 12 -12 -2 -8 15 16 -15 18 19 20 23 22 -19 24 -16 -26 -27 28 -23 -30
right_child=6 2 4 -5 -6 -7 13 8 -10 -11 11 -13 -14 14 17 -17 -18 21 -20 -21 -22 27 -24 -25 25 26 -28 -29 29 -31
leaf_value=0.071789342926470795 -0.10997320676515104 -0.20413806224557707 0.061406981654560405 0.098982525844012695 0.094147889209902746 -0.15121433385335153 -0.098961229465473907 0.12895806545970145 0.10163865049296923 -0.10704525307600826 -0.15525012719640602 0.10732248688163348 0.14934820726159856 -0.097728321781855074 0.089256811311557605 -0.13958307322610489 0.085112035665308006 0.044510336261617024 -0.10724720917584117 -0.12968116798053339 0.10610829937390087 -0.041269876227306636 -0.098746721981409824 -0.13079967770376646 -0.30026935782288083 -0.22050183217211541 -0.0050827939486397036 0.014276358804165726 0.0023893839921201253 -0.034468609733749926
leaf_weight=54.135512252803892 2.478099368279806 13.229191370774062 11.299654735252263 4.8107554065063587 26.627204602584243 8.0628969008102995 12.599334779777562 3.4748742247465989 5.0201364047825328 56.075097591616213 7.8354026982560736 6.8405442982912064 13.844766125082968 6.9099259336944661 24.102502456866205 6.8531853575259438 53.900303484871984 212.47316493815742 46.878441015724093 22.16960296430625 22.556242752820253 355.03479496273212 18.204087720252573 15.024408897384999 2.2589498758316031 4.1078176223672918 628.01663646893576 775.39168145926669 6876.3356439111521 363.93780692853034
leaf_count=214 185 139 38 8 100 73 2640 34 8 901 85 14 17 447 49 76 95 1680 956 459 60 3306 173 167 22 46 8903 4516 42910 1854
internal_value=-5.33355e-05 0.0308339 -0.00379283 -0.123304 0.0430867 -0.0271322 -0.000435821 -0.0390436 -0.07812 -0.0932739 0.0423521 -0.0328635 0.109979 -4.5242e-05 8.68605e-05 0.0436821 0.0643357 -0.000228071 -0.0131996 -0.00706119 -0.00315577 0.000925778 0.0332051 -0.00681508 -0.00398618 -0.00752881 -0.00648268 3.6234e-05 -0.00141752 0.000536689
internal_weight=9660.49 118.165 64.0297 18.0399 45.9898 19.3626 9542.32 95.5689 64.5701 59.55 30.9988 14.6759 16.3229 9446.75 9434.16 67.6634 60.8102 9366.49 765.115 718.236 696.067 8601.38 230.677 673.51 658.486 634.383 632.124 8370.7 7595.31 7240.27
internal_count=70175 572 358 147 211 111 69603 1244 943 935 301 99 202 68359 65719 618 542 65101 10662 9706 9247 54439 1853 9187 9020 8971 8949 52586 48070 44764
is_linear=0
shrinkage=0.1


Tree=66
num_leaves=31
num_cat=0
split_feature=14 15 13 19 7 9 12 13 11 19 14 14 18 13 7 3 3 8 11 13 2 9 12 8 10 9 1 3 19 10
split_gain=11.4017 12.4002 11.6669 39.1878 31.1582 26.2283 30.8436 21.5441 33.712 25.5853 25.9077 21.1159 20.8899 23.161 34.7374 24.8334 20.7183 26.6889 17.8959 17.4932 22.5611 15.5637 40.3444 39.6214 41.2298 50.4354 49.9188 40.5488 34.6972 73.4172
threshold=0.1004023887217045 0.00014668257790617647 2.8845304250717168 0.54782214760780346 0.077765443634400869 0.0074801415381487652 0.14229544252157214 2.9728767871856694 9.4463263877742082e-09 1.0782686471939089 0.018079148605465892 0.0097161335870623606 0.29614559975876059 3.078580498695374 0.020031652262565248 0.10669593711302756 0.12322805912714219 2.1243056127837449e-10 2.6934965369207479e-08 2.9728767871856694 1.3786317660385852e-09 0.0056194864581713723 0.13795153796672824 1.0181135544810024e-11 2.1708365678787236 0.0047969817639561272 0.48029928864573385 0.099727973351320068 0.11893977597355844 2.1708365678787236
decision_type=2 2 2 2 2 2 2 2 2 2 2 2 2 2 2 2 2 2 2 2 2 2 2 2 2 2 2 2 2 2
left_child=1 2 18 11 5 -5 -7 9 -9 -8 -11 -4 13 15 -15 -10 -16 -18 21 20 -13 22 23 28 -25 26 -26 -28 29 -1
right_child=-2 -3 3 4 -6 6 7 8 12 10 -12 19 -14 14 16 -17 17 -19 -20 -21 -22 -23 -24 24 25 -27 27 -29 -30 -31
leaf_value=0.014322794504988998 -0.11868393262223756 0.050556451183537035 -0.15625222068616507 0.10132612458883145 -0.19641386795631033 -0.30999010769487495 0.0773824819759453 -0.22573817039980379 -0.20168314663656975 -0.20280138052490485 0.060672424072115906 -0.26668516891528782 0.050731313324684807 0.049150593051059892 -0.12290556337302178 0.065274446850758797 -0.089389932087191717 -0.54984611251074156 -0.25563277062599055 0.042661813439193882 0.046159535330861368 0.0029515290595664235 -0.033495652250735725 -0.12545421631428474 -0.13960691080669718 0.058456815128874129 0.070784883786392402 -0.048393200051224133 0.013424273113164551 -0.07446766621562935
leaf_weight=237.1499606258003 8.0944037226727215 48.367056180723011 6.2792478781193486 12.468382718041537 13.449965853244064 4.4158137599006286 26.819125488400459 11.744885127991436 4.2994592711329487 8.371115983463822 6.7345977649092665 4.3353149406611902 18.016088540665805 11.162635524757205 34.786689575761557 18.385385811328888 2.3197961002588263 2.7522456329315901 2.7286242321133605 112.56173107400537 4.9226277843117714 6830.1553124659695 447.23590547183994 42.300209075445309 42.816855205222964 63.352390634827316 38.805479599162936 108.00962827913463 1308.0308345593512 153.33788369980175
leaf_count=2345 1375 322 47 22 119 47 54 121 43 86 14 39 46 31 275 36 12 36 37 357 16 43869 3059 530 595 256 125 912 13864 1485
internal_value=-4.96647e-05 5.00924e-05 -0.000204962 -0.0194876 -0.0501508 -0.0380281 -0.0496264 -0.0417187 -0.0662222 0.0187541 -0.0853366 0.0225763 -0.0457965 -0.0693909 -0.106769 0.014678 -0.150435 -0.339248 0.00042676 0.0317941 -0.10034 0.000502121 -0.00635145 -0.000262654 -0.0340721 -0.0187926 -0.0446002 -0.0168926 0.00561507 -0.0205437
internal_weight=9634.21 9626.12 9577.75 303.825 175.726 162.276 149.808 145.392 103.467 41.9248 15.1057 128.099 91.7223 73.7062 51.0214 22.6848 39.8587 5.07204 9273.92 121.82 9.25794 9271.19 2441.04 1993.8 295.285 252.984 189.632 146.815 1698.52 390.488
internal_count=70175 68800 68478 1401 942 823 801 754 600 154 100 459 479 433 354 79 323 48 67077 412 55 67040 23171 20112 2418 1888 1632 1037 17694 3830
is_linear=0
shrinkage=0.1


Tree=67
num_leaves=31
num_cat=0
split_feature=3 14 5 19 14 17 3 7 12 9 6 5 11 7 14 1 5 12 4 4 5 19 13 14 5 8 5 6 4 0
split_gain=10.5031 14.8231 12.4155 16.8431 12.7457 10.7446 92.205 90.5713 63.3654 62.0741 45.8207 44.2954 81.9901 65.8251 45.649 38.5871 52.6612 76.0333 60.4815 36.2661 57.166 35.1453 37.1366 35.345 34.6334 34.5974 32.4913 32.2664 56.8823 45.0732
threshold=0.25913041066491932 0.053724825382232673 0.04599776980933875 0.10007255896925928 0.008456627372652294 0.12151544744318184 0.099258199386371787 0.062918161227071764 0.44406966865062719 0.071941192284471628 1.7452583822759562e-10 0.032759316578842824 1.0973732145203032e-08 0.091498256567986699 0.029514590278267864 0.33190952157698478 0.033600727078688698 0.35081335902214056 2.167742135081024e-10 7.7826433074279003e-11 0.022409404978753822 4.3530519008636483 1.6803644895553591 0.014413780532777311 0.032454663959927417 8.809280163493665e-11 0.078242889763905837 4.8081304396347366e-10 1.4902618484358303e-10 1.6490295193901207e-09
decision_type=2 2 2 2 2 2 2 2 2 2 2 2 2 2 2 2 2 2 2 2 2 2 2 2 2 2 2 2 2 2
left_child=1 5 3 -2 -5 8 7 -7 21 25 -11 12 13 19 -13 16 18 -18 24 -8 -21 -1 -23 -24 -12 -9 -16 -17 29 -29
right_child=2 -3 -4 4 -6 6 11 9 -10 10 15 14 -14 -15 26 27 17 -19 -20 20 -22 22 23 -25 -26 -27 -28 28 -30 -31
leaf_value=-0.00087271499800448181 0.10183244508466723 -0.10478221224647853 0.09393822448364364 -0.23805067674084721 -0.018444939934930325 -0.043833917197366123 -0.15056783012399819 -0.15089977212768332 -0.19143035825400784 -0.14808578487591001 -0.0060282787506595282 0.028584499095832369 0.063674911391970068 -0.17246801902620679 -0.18874931341228479 0.071320246270098045 -0.15171700358679074 0.056177987357524162 -0.19752137750006304 0.10139575369829612 -0.10055051723575843 0.048419805561708988 -0.16078126103299781 -0.016706201795906327 -0.16367688216852908 0.056754127302288584 0.10895093511237358 0.069184976527044015 0.046624857792674952 -0.062588987155389908
leaf_weight=6906.4667967975838 11.153032801114021 13.560058292583561 25.864851549267769 3.0673333574086454 19.098207134753466 251.52878776472062 22.115682451985776 8.1748447858262789 17.645429970696568 18.045656820060685 669.04674642952159 104.31743171624839 34.531883925199509 76.806468345224857 18.00865684077144 158.20140673965216 19.084321510046721 224.97672288306057 17.511753182858229 28.097586058080196 27.972106426954269 22.570134163135663 39.837056394433603 29.7385916672647 14.231689477339385 433.36784584750421 4.6032417863607398 33.834228172898293 252.38029632717371 111.49588504992425
leaf_count=50974 18 1593 155 37 66 6312 294 165 159 227 3520 384 77 730 140 341 123 564 147 63 161 190 514 116 103 1491 7 113 750 641
internal_value=-4.2723e-05 -0.000302765 0.0419542 0.00159954 -0.0488346 -0.00015433 0.00543491 0.0126582 -0.00216843 0.0199066 0.0103121 -0.0450529 -0.0756707 -0.106717 0.000663892 0.0122167 -8.27866e-05 0.0399217 -0.014015 -0.0421248 0.000648588 -0.00169125 -0.0630417 -0.0991995 -0.00931187 0.0529096 -0.128145 0.0331214 0.0179266 -0.0319108
internal_weight=9617.33 9558.15 59.1834 33.3186 22.1655 9544.59 2528.33 2211.88 7016.26 1960.35 1518.81 316.453 189.524 154.992 126.929 1500.76 944.851 244.061 700.79 78.1854 56.0697 6998.61 92.1458 69.5756 683.278 441.543 22.6119 555.912 397.71 145.33
internal_count=70175 69899 276 121 103 68306 16353 14497 51953 8185 6529 1856 1325 1248 531 6302 4457 687 3770 518 224 51794 820 630 3623 1656 147 1845 1504 754
is_linear=0
shrinkage=0.1


Tree=68
num_leaves=31
num_cat=0
split_feature=19 7 14 0 4 18 7 17 12 1 17 9 13 14 5 7 13 18 12 17 3 11 4 19 14 8 14 6 2 19
split_gain=10.1891 15.0263 42.1555 16.7478 29.2585 20.7715 12.4597 25.9731 14.5511 13.0964 35.0112 55.1556 44.2368 28.4616 26.7609 28.1673 34.8528 28.8689 25.1302 54.2282 33.1925 28.3328 25.0548 24.5061 22.9549 32.1287 30.6253 49.4915 46.8592 41.7008
threshold=-0.18278637528419492 0.0076790710614973411 0.0058152866549789914 2.1408751939793803e-09 9.0137357864131253e-11 0.14470594105395407 0.0048399193457203124 0.034690163352272735 0.11894417554140092 0.47554428643473162 0.045876242897727279 0.0013883081157832079 1.3805195093154909 0.0048490706831216821 0.012227169967057885 0.0065044288466447617 1.5588637590408327 0.044851000664163053 0.39319810271263128 0.12204811789772728 0.064971264015059968 1.1782714803842966e-08 2.3187816638777709e-10 1.164783835411072 0.0051605193875730046 2.3083801332586322e-12 0.0062160238157957801 2.6048935565992233e-11 7.6019665086413448e-10 0.66613736748695385
decision_type=2 2 2 2 2 2 2 2 2 2 2 2 2 2 2 2 2 2 2 2 2 2 2 2 2 2 2 2 2 2
left_child=1 2 -1 5 -5 -4 7 -2 -9 10 11 12 -8 -14 -12 16 -16 -18 19 20 -11 -20 -23 -24 25 -22 28 29 -26 -28
right_child=6 -3 3 4 -6 -7 9 8 -10 18 14 -13 13 -15 15 -17 17 -19 21 -21 24 22 23 -25 26 -27 27 -29 -30 -31
leaf_value=0.093164763938034301 0.040350757777282462 0.065136790973427186 -0.2077374529291468 -0.18636755363499979 0.090074365309531057 0.10285514245207883 -0.1387991179114561 -0.099142423753533424 0.02332241698392756 -0.065970895925177714 -0.068575099281324922 -0.098195381507160992 -0.11801448290615842 0.1433975892298299 0.099896234159241065 -0.0011123836730803592 -0.18072256590595034 0.057057897413653781 -0.19956206362241632 0.11002609387089241 0.26030939693957733 0.091931636261662245 -0.35293243202129654 0.0022031148889558503 0.044126004698580953 -0.099400436376293907 -0.086649547539465868 0.0090917670503879479 -0.1006988660189046 0.068418732638587901
leaf_weight=23.892208553850651 29.006460590055212 58.361043154262006 13.041948940604923 6.0655975406989482 10.381466448307036 2.5789963975548735 10.177355356165206 48.579604596132413 12.123603514395652 61.813027333002537 58.155470463447273 88.029450768604875 4.9593659181846332 26.000251356512308 56.838232036679983 7239.9320625053952 9.4338623033836502 11.129900081083177 12.306494601070883 51.587325498461723 2.6904649341013274 11.153602385893466 3.2262553293257934 4.8852768826764077 359.48275129380636 32.211923969327472 96.691488855518401 1195.7145020151511 23.821789612760767 21.132102657109499
leaf_count=115 301 240 119 69 26 3 447 844 99 471 2334 4387 329 86 180 50680 116 48 105 66 11 19 33 35 1545 1762 616 4552 483 54
internal_value=-3.98197e-05 0.0296358 -0.00738833 -0.0823052 -0.0118761 -0.156459 -0.000398021 -0.0374889 -0.0746838 -4.33381e-05 -0.00191176 -0.0535247 0.0420665 0.101522 -0.00100787 -0.000470871 0.0595342 -0.0520266 0.00742816 0.00894184 0.0060344 -0.0810357 -0.00532145 -0.139047 0.00860456 -0.0716721 0.0102558 0.00299855 0.0351254 -0.0588375
internal_weight=9585.4 114.321 55.9602 32.068 16.4471 15.6209 9471.08 89.7097 60.7032 9381.37 7504.66 129.166 41.137 30.9596 7375.49 7317.33 77.402 20.5638 1876.72 1845.15 1793.56 31.5716 19.2651 8.11153 1731.75 34.9024 1696.84 1313.54 383.305 117.824
internal_count=70175 572 332 217 95 122 69603 1244 943 68359 58607 5249 862 415 53358 51024 344 164 9752 9560 9494 192 87 68 9023 1773 7250 5222 2028 670
is_linear=0
shrinkage=0.1


Tree=69
num_leaves=31
num_cat=0
split_feature=8 1 8 8 6 7 7 5 4 8 12 5 19 9 5 1 5 17 8 9 7 14 17 7 14 14 3 8 14 15
split_gain=10.6635 25.2017 14.0695 40.8571 42.1745 40.9287 31.387 27.258 26.6796 25.1534 46.7138 27.3375 36.1982 26.6321 36.7628 59.3771 29.6545 40.4538 28.3925 26.0613 23.6857 114.94 82.8891 36.16 80.7823 59.8586 48.7881 38.2293 35.2263 84.7345
threshold=2.6950982928089109e-12 0.55574027258842251 3.5842608356789736e-12 5.2933744271966426e-12 4.1271100173742333e-11 0.02286690936668959 0.0077730889804962398 0.047577631117747356 1.1715764670008476e-10 6.5361162206900429e-12 0.1356511935591698 0.060264327444588477 0.39195233583450323 0.0027379565181696011 0.043800818290147862 0.53902139519744863 0.027337676832510569 0.043612393465909095 7.4776299566029223e-12 0.0025395182942675051 0.012038416280114895 0.0052598868496716031 0.053289240056818191 0.0062514156706829837 0.0059411434922367343 0.0055227435659617194 0.09364624342175891 7.184404835724275e-12 0.012829863931983711 8.1791193224489702e-05
decision_type=2 2 2 2 2 2 2 2 2 2 2 2 2 2 2 2 2 2 2 2 2 2 2 2 2 2 2 2 2 2
left_child=1 -1 6 4 8 -6 -2 -8 -4 10 -5 -12 -13 14 15 -11 19 18 -18 -17 21 -15 28 24 26 -25 -23 -27 29 -22
right_child=2 -3 3 9 5 -7 7 -9 -10 13 11 12 -14 20 -16 16 17 -19 -20 -21 22 23 -24 25 -26 27 -28 -29 -30 -31
leaf_value=-0.14988088675743003 -0.11083229108940146 0.14910007973956535 -0.10543789769038413 0.038738927778156629 0.041199374193271798 -0.14746042635877918 0.042484507050874379 -0.20177361832844914 0.082363185382632043 -0.12263045449899182 -0.13705210062982465 0.084635806999767499 -0.15163712077324901 -0.10041246216935057 0.04802533954824742 0.018009583809822448 -0.0097782077536756103 0.028115807734239891 -0.19273397191828306 -0.12012065140243414 -0.050033823660708791 -0.015549500072593451 0.00033654177597091051 -0.094713235982972002 -0.083472004439613168 -0.13880706956591041 0.13583848179018335 0.042662254873303787 0.038624022165406557 -0.23790223265177188
leaf_weight=12.346416116808543 15.594111171667462 3.6536226691678158 93.298261255142279 342.50399086927064 64.301559096202254 14.003528041765092 190.00793886277825 4.6812901236116877 8.2319948615040612 69.103350104298443 25.300185031956062 19.271372538059953 9.7723361607640964 79.995639313827269 54.375665884464979 150.3388148653321 12.245602008420972 23.868793655186892 27.600599200930446 15.023961198050527 161.0350160272792 47.395988055039197 7156.1918975148001 34.659154055989347 88.918985521420836 11.797650047577916 38.645225803367794 725.42892528115772 29.980839179828763 28.214107286185026
leaf_count=737 1128 94 4505 2852 314 104 1611 31 63 1007 361 38 73 2121 151 907 65 75 297 160 1424 250 46443 635 744 118 86 3365 159 257
internal_value=-3.93922e-05 -0.0816083 9.73857e-05 -0.000479051 -0.0476822 0.00746079 0.0256773 0.0366113 -0.0902111 0.000448516 0.0250726 -0.0610601 0.00513706 -0.000667669 -0.0275931 -0.0413827 -0.0168736 -0.0748367 -0.136508 0.00545982 0.000462116 0.0146915 -0.00151897 0.0244163 -0.0166308 0.0337202 0.0524461 0.0397582 -0.0620874 -0.0780421
internal_weight=9557.79 16 9541.79 9331.5 179.835 78.3051 210.283 194.689 101.53 9151.67 396.848 54.3439 29.0437 8754.82 352.557 298.181 229.078 63.715 39.8462 165.363 8402.26 1026.84 7375.42 946.846 174.96 771.886 86.0412 737.227 219.23 189.249
internal_count=70175 831 69344 66574 4986 418 2770 1642 4568 61588 3324 472 111 58264 2662 2511 1504 437 362 1067 55602 7319 48283 5198 1080 4118 336 3483 1840 1681
is_linear=0
shrinkage=0.1


Tree=70
num_leaves=31
num_cat=0
split_feature=13 12 5 10 14 12 1 8 3 19 18 17 5 12 12 13 8 14 13 19 7 12 1 17 8 2 15 6 6 2
split_gain=10.7145 21.6133 21.1035 10.1951 67.1243 41.7324 72.6637 67.2239 42.3417 39.9307 31.5934 42.1195 26.2051 25.6509 72.8575 95.6192 70.4514 55.8365 43.4699 43.9026 34.1293 71.6456 32.5236 28.637 25.0383 26.4274 24.8021 24.7296 22.5474 21.7016
threshold=1.1013265252113345 0.16067001223564151 0.050249222005739273 2.1258224248886113 0.0071553159505128869 0.21021310985088351 0.16624560303054076 2.0693579273257322e-11 0.084655347408754328 0.42129364609718328 0.14470594105395407 0.061856356534090919 0.019726864770657649 0.17057642340660098 0.14898732304573062 1.2976733446121218 1.06475024879302e-11 0.0060899988748133191 1.1714540719985964 1.164783835411072 0.021115226744278497 0.14229544252157214 0.20409508136189566 0.081565163352272749 1.3001555823276586e-11 4.9021763792781026e-11 1.8577773516881283e-05 1.1943258475760847e-11 2.7156237559305295e-11 2.5501903463401694e-10
decision_type=2 2 2 2 2 2 2 2 2 2 2 2 2 2 2 2 2 2 2 2 2 2 2 2 2 2 2 2 2 2
left_child=1 2 -1 4 5 7 -7 8 13 -8 27 12 -12 14 16 -16 17 20 -15 23 21 26 -17 -20 25 -25 -2 -10 -19 -29
right_child=3 -3 -4 -5 -6 6 9 -9 10 -11 11 -13 -14 18 15 22 -18 28 19 -21 -22 -23 -24 24 -26 -27 -28 29 -30 -31
leaf_value=-0.091738608599124472 -0.18568578538068603 -0.1347373353227061 0.081992906618627001 0.0012761353423499744 -0.084069701860126911 -0.10616124355837103 0.89409639214606651 -0.1098788410192352 0.09433896571264859 0.25837467724387408 -0.11553823777056869 -0.038965417740374604 0.15380047156814919 -0.10475140253260316 -0.12817407238939235 -0.098518717301789516 -0.10109819536722152 -0.17518576826378912 0.30309352336383172 -0.14378861514713684 0.062943602823642933 -0.18318729940779802 0.06987005162180325 -0.15212810820075051 -0.11303127160620813 0.067841819730715625 0.02578498702158874 -0.027956119398763236 0.062649607268829177 -0.091398873724366309
leaf_weight=8.0794882517075148 5.627231146208941 6.3979681599885216 51.944264240562916 7650.8059660457075 106.55053345463239 6.2282817384693763 1.1191108315251757 57.661670409259386 14.833471792982889 8.4357714890502375 4.1224603143054983 32.963381043169647 29.192800755146891 19.436182577162981 87.414669617894106 14.833994759479536 47.466472760075703 18.84721953980625 4.7609990844503036 11.042593533406032 216.50964636448771 17.660194140858948 50.583418404683471 5.61116341035813 8.504527860786764 205.03618727391586 384.69583592342678 381.7961696885759 5.0551961809396735 62.783508002990857
leaf_count=1214 68 76 95 43603 5629 679 12 2949 157 95 315 413 67 189 1158 649 793 204 13 255 457 303 314 78 567 750 2548 4108 10 2407
internal_value=-3.90742e-05 0.0399841 0.0586078 -0.000320103 -0.00707192 -0.00225225 0.159599 -0.003767 -1.04442e-05 0.332833 -0.0233661 0.0411767 0.120472 0.01112 0.00277128 -0.0597483 0.0165024 0.0251115 0.038973 0.0508622 0.0308526 0.0138225 0.0316864 0.0604617 0.0551907 0.0619823 0.0227362 -0.0326776 -0.124885 -0.0369155
internal_weight=9526 66.4217 60.0238 9459.58 1808.77 1702.22 15.7832 1686.44 1628.78 9.55488 525.692 66.2786 33.3153 1103.09 848.694 152.832 695.862 648.395 254.392 234.955 624.493 407.983 65.4174 223.913 219.152 210.647 390.323 459.413 23.9024 444.58
internal_count=70175 1385 1309 68790 25187 19558 786 18772 15823 107 7467 795 382 8356 6504 2121 4383 3590 1852 1663 3376 2919 963 1408 1395 828 2616 6672 214 6515
is_linear=0
shrinkage=0.1


Tree=71
num_leaves=31
num_cat=0
split_feature=13 18 5 7 0 3 12 18 15 13 17 0 8 14 15 17 6 9 1 15 19 11 8 8 7 5 9 5 10 5
split_gain=10.0289 9.75331 16.7846 12.7731 10.4022 30.9674 29.5995 25.5428 28.9433 24.117 53.5171 61.0952 57.4532 57.8274 44.6096 38.046 37.0722 46.4109 35.9342 32.4618 32.6104 30.8637 30.6752 26.6121 59.0156 50.8626 43.2725 29.8405 47.2421 45.466
threshold=1.0555326342582705 0.84542771916709514 0.020066395471204427 0.11527029320119186 1.6817964390916653e-09 0.061745659496807513 0.10690967366099359 0.22450244342061609 5.304094520397485e-05 2.0113750696182255 0.11534534801136366 1.3613494560646927e-09 4.6968085448267204e-11 0.01470802864059806 6.2782266468275352e-05 0.09679066051136366 7.747373430796689e-10 0.11342701954649846 0.27131311277537234 6.6087872255593552e-05 1.9132634997367861 2.894271378117708e-09 7.4811550063951144e-10 5.76741570742313e-10 0.12403385721440389 0.021825710349908128 0.081349144387668507 0.035644256462183194 3.1500616073608403 0.023351099586004686
decision_type=2 2 2 2 2 2 2 2 2 2 2 2 2 2 2 2 2 2 2 2 2 2 2 2 2 2 2 2 2 2
left_child=-1 4 3 -3 6 -6 7 8 -2 14 11 -11 -12 -14 16 -13 23 -18 -15 -16 -21 -20 -19 26 25 -25 -8 28 -28 -30
right_child=1 2 -4 -5 5 -7 9 -9 -10 10 12 15 13 18 19 -17 17 22 21 20 -22 -23 -24 24 -26 -27 27 -29 29 -31
leaf_value=0.072869272314919881 -0.10493833362213836 -0.21290599479638395 0.072286784724405015 0.045667724846746159 -0.036520758081123914 0.0055371981871288316 0.0013180956716209889 0.11685753968981752 0.047209845376761213 -0.12053862330813554 0.27948434963585628 0.011748116448943295 -0.15776791671791154 -0.19472328517052603 -0.18848679782593325 -0.10180420834708875 0.094024838031007543 -0.16059294751504891 -0.19483900598265813 -0.13497123207891371 0.023909824792855403 0.038606767445652432 0.020020548932564802 -0.16391233119035814 -0.11152056423349976 0.088709683167832926 -0.021298660747976299 0.029427721015487626 -0.014053014179553831 -0.15316443457908269
leaf_weight=18.824381948099472 66.605846250080504 4.0102865057997397 38.738050099462271 3.6484593003988266 183.76153119775699 3700.8312284603016 4182.3343436773284 7.4632551328977561 15.392403636360539 91.624529965221882 7.8030038038268676 114.69606965500861 20.132883387152106 7.391857996582984 19.403985394630581 39.726385817397386 90.714811768382788 12.689996775239704 5.8665846511721602 21.127654011477716 33.247788076347206 163.50503615662456 36.30862052924931 8.5992482909932715 21.070649990811944 108.90918675251305 289.88837197981775 69.355019457638264 37.611702475696802 62.593222297728062
leaf_count=554 4812 147 119 9 1323 18496 35673 202 141 1117 23 689 258 66 182 339 191 120 52 1413 288 520 208 90 198 255 1752 213 240 485
internal_value=-4.86396e-05 -0.000193661 0.0455431 -0.0897271 -0.000418962 0.00354764 -0.00320329 -0.0602572 -0.0763776 -0.00226582 -0.0244187 -0.0558476 0.0133586 0.00281199 -0.000266295 -0.0174641 0.000891091 0.051666 0.0211016 -0.077448 -0.0378236 0.0305208 -0.026756 -0.000592885 0.0425892 0.0702228 -0.00188207 -0.031013 -0.0417588 -0.100949
internal_weight=9483.88 9465.05 46.3968 7.65875 9418.66 3884.59 5534.06 89.4615 81.9982 5444.6 450.746 246.047 204.699 196.896 4993.85 154.422 4920.08 139.713 176.763 73.7794 54.3754 169.372 48.9986 4780.36 138.579 117.508 4641.78 459.448 390.093 100.205
internal_count=70175 69621 275 156 69346 19819 49527 5155 4953 44372 3064 2145 919 896 41308 1028 39425 519 638 1883 1701 572 328 38906 543 345 38363 2690 2477 725
is_linear=0
shrinkage=0.1


Tree=72
num_leaves=31
num_cat=0
split_feature=6 18 6 9 15 13 5 10 19 4 12 14 4 5 18 5 17 18 18 17 9 18 5 2 14 14 15 12 18 2
split_gain=9.52501 9.4494 31.3089 35.0625 19.7287 43.3837 27.4903 22.4499 29.6254 21.0356 20.9936 33.475 30.7626 27.6977 26.9205 23.7256 21.9947 25.0815 18.53 18.0689 34.9434 28.8245 17.2073 19.6154 17.3658 17.074 21.1684 20.8332 21.4591 28.3241
threshold=1.0304138736481711e-11 -0.18744455350943923 5.197288737857587e-10 0.07649318179217339 5.6970289733726538e-05 1.7262228131294253 0.07238711337609284 2.9140065908432011 0.77135503292083751 2.2128925686918741e-10 0.22234103083610537 0.0071553159505128869 9.0137357864131253e-11 0.025235450800755083 -0.46316203373399639 0.016308959310706254 0.10118519176136366 -0.25538824539134192 -0.23176467223939567 0.092218572443181837 0.04317937449782195 -0.33639357969249511 0.019898023593853873 2.4215124494038597e-10 0.016941469162702564 0.0066930933389812717 5.3525198381976231e-05 0.13795153796672824 -0.25538824539134192 1.5396973253067693e-10
decision_type=2 2 2 2 2 2 2 2 2 2 2 2 2 2 2 2 2 2 2 2 2 2 2 2 2 2 2 2 2 2
left_child=-1 2 4 -4 5 9 7 8 18 10 11 16 13 15 -13 -12 25 -18 -7 20 21 -6 24 -24 -21 26 27 -2 29 -29
right_child=1 -3 3 -5 19 6 -8 -9 -10 -11 12 14 -14 -15 -16 -17 17 -19 -20 22 -22 -23 23 -25 -26 -27 -28 28 -30 -31
leaf_value=-0.12155710636105144 0.04829071377220908 -0.00091141956699906002 0.016052406751036325 -0.14861710507831563 -0.10052910408320551 -0.17947147789379861 0.15646973403505693 0.011043807848292959 -0.16102427698266755 -0.16663029945870911 0.13166118314644379 0.1505316547481855 -0.1845661375924601 0.14491196510851187 -0.15144772346815522 -0.14482747765557116 -0.2271799228498606 0.0054868162543863612 0.044788586999398923 -0.17263097314084377 -0.22399358988273133 0.041470029637181126 -0.16914163186349346 0.10032341067947792 0.056858521837923004 0.10976945511722294 -0.16704237197532473 -0.01371294233642925 0.019855960002077802 -0.22231111417658359
leaf_weight=6.4474924168316639 148.4917730614543 8681.9867418765207 26.445627864450216 25.301762944378424 15.922445403411983 4.8796089016832438 5.4343857094645491 21.526871431618929 37.51981237414293 6.0555587559938422 5.4257208460476232 3.4849639357998994 4.084747713059186 36.774717688560486 19.3061650514137 7.2515769745223224 7.3845298534724888 12.435678788227959 15.042885942384599 5.2632177472114554 5.7535317987203589 139.87553411442786 2.7988615483045569 77.59015129879117 8.8281726613640767 23.300299853086472 5.8910234651993951 19.720001758076254 67.042837434448302 9.7166278366930765
leaf_count=277 801 65741 104 281 120 59 3 79 469 58 37 17 38 83 240 126 138 108 66 49 50 494 27 125 22 29 84 107 254 89
internal_value=-5.35077e-05 2.93864e-05 0.0106573 -0.0644624 0.0160803 0.00371362 -0.0610821 -0.0760533 -0.108693 0.0182446 0.0212678 0.0114794 0.0791852 0.100971 -0.105272 -0.0264939 0.0205307 -0.0811992 -0.0101393 0.0383362 0.0180204 0.0269578 0.0730741 0.0909416 -0.0288572 0.0278851 0.0202796 0.0247843 -0.0113945 -0.0825683
internal_weight=9456.98 9450.54 768.549 51.7474 716.802 460.77 84.4036 78.9692 57.4423 376.366 370.311 316.774 53.5368 49.452 22.7911 12.6773 293.983 19.8202 19.9225 256.032 161.552 155.798 94.4804 80.389 14.0914 274.163 250.862 244.971 96.4795 29.4366
internal_count=70175 69898 4157 385 3772 2885 676 673 594 2209 2151 1867 284 246 257 163 1610 246 125 887 664 614 223 152 71 1364 1335 1251 450 196
is_linear=0
shrinkage=0.1


Tree=73
num_leaves=31
num_cat=0
split_feature=5 12 8 4 3 7 19 15 8 5 0 14 2 13 14 14 9 1 14 13 8 12 7 15 12 3 0 14 15 19
split_gain=9.67425 25.2493 59.1525 22.6712 43.1322 46.1529 36.7756 29.6208 22.2528 22.0391 23.5895 22.7836 24.8572 21.4151 32.7751 32.0068 21.9996 21.0498 19.9595 19.9304 17.8075 20.9224 17.6155 17.3948 16.6962 17.0696 20.3869 16.3738 16.9455 15.8796
threshold=0.078242889763905837 0.15378815680742267 4.5701039380219553e-11 2.8395238075013023e-10 0.15743919050625965 0.10264982360096386 0.12527711689472201 4.2008903619716882e-05 1.9313359230349907e-09 0.044529675635002458 3.2914785211626833e-09 0.037905231118202216 8.6241345007577604e-10 1.0555326342582705 0.0062945499084889897 0.0069609675556421289 0.0055141336443902443 0.47788941403697033 0.0069161944556981334 2.1812243461608891 1.0294622566496847e-09 0.11956077814102174 0.11053297457853613 9.7099775302922367e-05 0.28625990450382238 0.11464257394493789 3.8334543306436184e-09 0.037905231118202216 0.00010771776942419821 1.8594670295715334
decision_type=2 2 2 2 2 2 2 2 2 2 2 2 2 2 2 2 2 2 2 2 2 2 2 2 2 2 2 2 2 2
left_child=3 -2 13 8 5 6 -5 -8 27 11 -11 22 19 -3 -15 16 18 -12 -16 23 21 -6 -7 -13 25 -9 -27 -1 -29 -4
right_child=1 2 29 4 20 9 7 24 -10 10 17 12 -14 14 15 -17 -18 -19 -20 -21 -22 -23 -24 -25 -26 26 -28 28 -30 -31
leaf_value=0.00019831164680191561 0.051667697763953649 0.085946832173327742 0.10510588513201383 0.067172888689429416 -0.19997297805781594 0.00263289632054272 0.12920328293464017 -0.15541472609254192 0.061853568407153073 0.057043147756218771 -0.20771766792602497 0.026554297453626169 -0.1211522405950924 -0.14867782328887677 -0.16442576100727044 -0.12762240903985575 0.072976281559185327 0.080017940785247196 0.14161092393814581 0.11961861467920019 -0.13231303349232548 0.055853029298902616 -0.14810908066791409 -0.17118321650040422 -0.1848818555406922 -0.21253530291761533 -0.0053598524076643806 -0.13166836430770487 0.085391068110278023 -0.033065953592716676
leaf_weight=8721.866998151294 125.18729601241648 10.075007587671278 42.112821872113273 12.231453891843556 3.3267229245975605 10.99082808382809 4.6489280462265006 26.271318533457816 58.519034992903471 57.600707087200135 6.9793965540011396 18.046345871873203 13.245573708787559 32.446480419486761 8.7582743084058148 20.057445200160146 29.171438143588603 3.9994307500310242 2.8163883388042441 16.906191132962704 6.0042379088699809 81.890834895893931 26.308711098507047 5.9043133902014224 34.11087792320177 5.8879520297050503 24.571454831399024 17.289419203880247 4.5413648057728997 10.364763893128837
leaf_count=65069 311 23 204 62 36 43 4 290 173 149 71 56 149 346 82 351 101 8 3 17 47 256 214 76 297 53 97 1341 11 235
internal_value=-5.08059e-05 0.0182261 -0.00864416 -0.000611395 -0.0252466 -0.0454825 -0.096083 -0.116995 0.000393149 -0.0114111 0.0314381 -0.0435611 -0.00210614 -0.0525562 -0.0675204 -0.0242126 0.0266914 -0.1029 -0.0899598 0.036488 0.0341383 0.0458661 -0.103691 -0.0221919 -0.129594 -0.0963507 -0.0454079 -1.81879e-05 -0.0865144 0.0778158
internal_weight=9442.13 280.99 155.803 9161.14 358.925 267.703 107.722 95.4905 8802.22 159.981 68.5795 91.402 54.1024 103.325 93.25 60.8035 40.7461 10.9788 11.5747 40.8569 91.2218 85.2176 37.2995 23.9507 90.8416 56.7307 30.4594 8743.7 21.8308 52.4776
internal_count=70175 1656 1345 68519 1925 1586 803 741 66594 783 228 555 298 906 883 537 186 79 85 149 339 292 257 132 737 440 150 66421 1352 439
is_linear=0
shrinkage=0.1


Tree=74
num_leaves=31
num_cat=0
split_feature=18 10 8 10 13 17 14 18 7 12 4 0 6 10 14 5 11 4 12 3 9 17 5 6 11 8 12 5 15 0
split_gain=8.86389 35.7001 42.4407 32.9943 38.6274 54.555 27.5754 41.7454 25.7414 41.5668 35.2163 24.8177 24.2805 35.9918 42.9587 53.4298 33.5049 41.1692 27.6103 26.3526 23.569 37.9693 21.2235 21.1119 20.3689 19.254 19.567 33.5995 18.0208 20.3092
threshold=0.3951241434128448 2.0074026584625249 2.7109904330544003e-11 2.2608755826950078 1.6035652160644533 0.14246715198863638 0.015014621894806625 0.74484318350865097 0.030883928321579258 0.26226513087749487 6.429192942161096e-11 1.032694210290821e-09 3.7945708951627198e-10 3.3998123407363896 0.01918699033558369 0.020320146942572507 5.3649047426773685e-09 1.2119744504274034e-10 0.31231045722961431 0.068779216462209039 0.061452015728577482 0.13145862926136367 0.018375468984444438 7.5488379597054893e-10 2.97698965479043e-09 8.1434603432742317e-10 0.37097822129726415 0.024715610242596431 5.6702010624576367e-05 2.3986968869516016e-09
decision_type=2 2 2 2 2 2 2 2 2 2 2 2 2 2 2 2 2 2 2 2 2 2 2 2 2 2 2 2 2 2
left_child=-1 -2 -3 -4 5 -5 7 8 22 -10 -11 -9 -8 14 16 19 17 18 -14 -16 -12 -22 -6 -15 -20 -25 -27 -28 -26 -30
right_child=1 2 3 4 6 -7 12 11 9 10 20 -13 13 23 15 -17 -18 -19 24 -21 21 -23 -24 25 28 26 27 -29 29 -31
leaf_value=-0.00090419602890941036 -0.11673340219434225 0.11973557654896283 -0.11562081416871453 0.13768964233816691 0.10471185715185556 -0.093160132769173135 0.060647683828596421 0.12555873686196714 -0.14874657225837326 -0.15243152442838739 0.056285342120198673 -0.035568257338073998 -0.19849181777087077 0.10016588659106046 -0.1835134697806583 -0.21955216649465448 0.066828246627319773 -0.29648936022381145 -0.19506626204917518 0.082863646717164535 -0.1947596897518396 0.046396231673698163 -0.11788807220642633 -0.14613353340147436 0.098214659113058544 0.12272934771749824 -0.18967022052756061 0.038623586959274522 -0.15276415918002553 0.085885725956843892
leaf_weight=8735.6068049212918 21.230303734540939 36.5574255179381 20.583356943214312 48.072181597352028 16.707850949838761 13.006908653303979 107.82240799069405 24.919736387208104 42.671406775712967 17.664607319049537 38.801285192370415 15.508268946781753 7.138177514076232 44.529975384473801 5.1221152991056469 22.406504850834608 47.555663149803877 5.9572807922959319 4.1318600922822943 13.508595272898672 12.270127873867752 13.953351058065889 5.7597454302012911 7.003722555935382 21.181404948234558 16.107088647782803 8.0989946871995908 31.601927999407053 8.0199993178248388 6.420722819864749
leaf_count=65500 1322 162 759 82 44 93 229 36 455 214 117 85 61 63 42 186 95 52 37 27 106 34 57 43 36 19 66 88 56 9
internal_value=-4.56383e-05 0.0109143 0.0150013 0.00889007 0.0131196 0.0885297 0.00466613 -0.0262965 -0.0509223 -0.0685882 -0.0272229 0.0637501 0.0210116 0.00383343 -0.0293014 -0.115505 0.00593136 -0.0488656 -0.017407 0.00962896 0.00679126 -0.0664421 0.0476466 0.0474947 0.0151084 0.0101538 0.0297673 -0.00794839 0.0394868 -0.0466542
internal_weight=9419.92 684.313 663.083 626.525 605.942 61.0791 544.863 188.256 147.828 125.361 82.6894 40.428 356.606 248.784 141.442 41.0372 100.405 52.8494 46.8922 18.6307 65.0248 26.2235 22.4676 107.342 39.754 62.8117 55.808 39.7009 35.6221 14.4407
internal_count=70175 4675 3353 3191 2432 175 2257 1148 1027 926 471 121 1109 880 601 255 346 251 199 69 257 140 101 279 138 216 173 154 101 65
is_linear=0
shrinkage=0.1


Tree=75
num_leaves=31
num_cat=0
split_feature=12 3 7 1 5 19 19 19 14 17 0 18 17 5 18 18 14 5 4 19 18 3 13 6 5 10 19 19 9 13
split_gain=9.14001 52.2641 45.6097 34.4085 48.2771 40.5924 37.0321 31.8115 47.71 28.0344 23.2123 21.1452 25.2425 18.7727 29.7736 28.2861 18.5681 38.7504 41.8871 39.7193 35.2004 32.4265 79.2562 37.0933 60.4438 41.1541 34.7816 45.3193 37.0106 55.3402
threshold=0.44406966865062719 0.084655347408754328 0.085909374724756168 0.29109752375172621 0.033600727078688698 1.8879579901695254 0.45728233456611639 5.4674537181854257 0.042686577886343009 0.12204811789772728 4.0867637522393777e-09 -0.10703056428941304 0.16359641335227273 0.021449198900301801 -0.088612715544348394 -0.027154485441066998 0.017157421447336677 0.036387503665251779 2.26790637780733e-10 2.6342730522155766 0.50779918615113617 0.0965939137391532 1.9724951386451723 4.5593820288247077e-10 0.022114059753888245 3.045771718025208 1.1936410069465639 0.3441277295351029 0.056498341361218445 2.3460227251052861
decision_type=2 2 2 2 2 2 2 2 2 2 2 2 2 2 2 2 2 2 2 2 2 2 2 2 2 2 2 2 2 2
left_child=16 3 11 4 6 -6 -2 8 -4 -5 -10 -3 -13 15 -15 -11 -1 18 19 21 -21 23 -23 -18 -25 -26 27 -24 -29 -30
right_child=1 2 7 9 5 -7 -8 -9 10 13 -12 12 -14 14 -16 -17 17 -19 -20 20 -22 22 26 24 25 -27 -28 28 29 -31
leaf_value=-0.0014534977201926327 0.047398851132766304 0.12279976839585341 -0.15772386913558389 -0.17259395795882118 -0.16362381157859485 0.056298450179171171 -0.12107949318634866 0.03170350748646341 0.048878357012197574 0.11197596271547923 -0.19721504800097889 -0.089707526758103923 0.078891181216660916 -0.17159662789836158 0.065190843084759378 -0.17896078207337499 0.060741702553761517 0.046007782454892794 -0.065067876108885411 -0.090536440539241328 0.0075827542874281756 -0.14872071508695089 0.051259898628560355 -0.044500827231019974 -0.12314594324298303 0.035091028450776794 0.037611363222014645 -0.26224374871018979 -0.203555909366123 0.0060360971877781505
leaf_weight=7293.5849236084032 16.877470734994859 14.259670188650487 72.092694217339158 6.013405790552496 9.554003451485185 69.051948953419924 57.474404077045619 17.044347754039336 20.326715313014578 5.525463953614234 4.7234901696210718 21.689525425434113 15.036551151424645 5.5023257224820545 152.10896072071046 8.4557771608233434 211.79377396870404 256.96610945928842 83.244659105315804 72.242090290412307 74.031112384051085 38.027209306135774 38.065148552879691 144.00262614525855 17.045779015868902 459.47165942005813 147.66147791408002 10.002797639928756 17.744772516191006 43.43107632920146
leaf_count=59868 70 19 589 60 1273 360 536 54 106 11 71 139 33 61 405 75 543 869 477 424 243 365 105 874 134 1599 425 84 162 141
internal_value=-4.14048e-05 -0.013257 -0.059191 0.00969488 -0.0250706 0.0295684 -0.0828358 -0.0943046 -0.116414 0.0396356 0.00247475 0.019449 -0.0206791 0.0470731 0.0569244 -0.063981 0.000694109 0.0104007 0.0036568 0.00814905 -0.0408768 0.0145107 -0.0139813 0.0246069 0.0122735 0.0294306 0.00596288 -0.0368154 -0.0839166 -0.0547585
internal_weight=9403.05 495.737 165.173 330.564 152.958 78.606 74.3519 114.187 97.1429 177.606 25.0502 50.9857 36.7261 171.593 157.611 13.9812 8907.32 1613.73 1356.76 1273.52 146.273 1127.25 294.932 832.314 620.52 476.517 256.905 109.244 71.1786 61.1758
internal_count=70175 3862 1011 2851 2239 1633 606 820 766 612 177 191 172 552 466 86 66313 6445 5576 5099 667 4432 1282 3150 2607 1733 917 492 387 303
is_linear=0
shrinkage=0.1


Tree=76
num_leaves=31
num_cat=0
split_feature=12 7 0 8 13 14 17 19 4 12 10 19 3 17 13 5 17 3 9 7 7 15 6 17 5 13 11 19 6 6
split_gain=9.18516 36.0832 37.5677 43.1055 39.7651 29.0271 27.5113 62.4147 42.0478 32.0148 37.1032 25.487 24.9763 75.1144 61.6176 45.0255 54.8204 37.579 40.6429 33.8246 34.8518 47.9969 44.739 76.9611 41.1986 35.382 45.1801 32.7105 29.6357 35.3395
threshold=0.32978545129299169 0.10130406930901469 6.4408624902126908e-10 2.0620649233401584e-10 1.5952228307724001 0.011839253827929498 0.13429953835227273 2.1107274293899541 7.6681878531596137e-11 0.32542777061462408 3.5594216585159306 0.47490574419498449 0.099258199386371787 0.12204811789772728 2.3460227251052861 0.043176879343286935 0.10491388494318184 0.077512123885679865 0.1037486383531194 0.066162253177161609 0.10731679550237501 3.1077543098945177e-05 6.6839930303274643e-10 0.1543634588068182 0.021449198900301801 1.9024833440780642 3.4998910436456758e-09 0.20198700577020648 8.1316282435341471e-10 5.7817938913259632e-10
decision_type=2 2 2 2 2 2 2 2 2 2 2 2 2 2 2 2 2 2 2 2 2 2 2 2 2 2 2 2 2 2
left_child=1 -1 3 -3 11 -2 7 8 -6 10 -9 -4 13 17 15 16 -14 -7 28 27 21 -21 23 25 -24 -22 -27 -15 29 -19
right_child=5 2 4 -5 6 12 -8 9 -10 -11 -12 -13 14 19 -16 -17 -18 18 -20 20 22 -23 24 -25 -26 26 -28 -29 -30 -31
leaf_value=-0.00034167015462474836 -0.13923336069652495 0.07047553696475882 -0.040280056895431064 -0.10424644823511264 -0.13537408188159716 -0.13160330033132481 0.1091450312301136 -0.1757479129853835 0.041482180925002637 0.046085565291215207 0.11945803597490852 0.14783714522229349 0.075388934548781483 0.13372665892097563 0.01402508301897387 0.019712670591927543 -0.10397852471065699 -0.064390940359290466 -0.15283799724359823 -0.14379774515246568 -0.13680754946374218 0.036548799500086077 -0.065222429886079389 0.023851506250536121 0.021213844011635237 0.11478414410553522 -0.10011849290510895 -0.081282440198692851 -0.21536662924226571 0.088498706661621365
leaf_weight=6818.4577380280243 16.218111663823947 21.266913563013077 8.5768333524465543 42.017334481701255 14.047228043898938 56.232755266129971 36.34196238592267 31.214968534186482 312.62650625035167 13.278679955750702 4.9299827069044104 44.934881612658501 19.053888484835625 7.929778561461716 204.54238023795187 53.161992762470618 161.16669472120702 24.889041230082512 19.937511267140508 15.190047707175834 74.718629185110331 517.61695799091831 61.313425201922655 100.5921166978078 547.93104533059523 15.322469271719454 27.058821629732847 65.700670040911064 5.4093457926064721 38.51107132434845
leaf_count=56984 317 54 57 461 163 449 55 245 1009 35 7 67 60 18 724 192 1247 144 148 196 704 1603 437 390 3573 26 176 510 50 74
internal_value=-3.51166e-05 0.00161068 0.026764 -0.0455305 0.0365829 -0.00598486 0.0260602 0.0180318 0.0338772 -0.0867011 -0.135483 0.117686 -0.00491306 0.00094949 -0.0260427 -0.0611591 -0.0850148 -0.0676444 -0.0271181 0.00788747 0.0114622 0.0314072 -0.00138874 -0.0403006 0.012515 -0.095409 -0.0224229 -0.0581266 0.00930917 0.0284787
internal_weight=9380.19 7347.69 529.235 63.2842 465.951 2032.5 412.439 376.097 326.674 49.4236 36.145 53.5117 2016.28 1578.35 437.925 233.383 180.221 144.98 88.747 1433.37 1359.74 532.807 826.937 217.692 609.244 117.1 42.3813 73.6304 68.8095 63.4001
internal_count=70175 59137 2153 515 1638 11038 1514 1459 1172 287 252 124 10721 8498 2223 1499 1307 865 416 7633 7105 1799 5306 1296 4010 906 202 528 268 218
is_linear=0
shrinkage=0.1


Tree=77
num_leaves=31
num_cat=0
split_feature=18 18 13 6 4 12 8 3 5 19 3 6 14 12 9 5 13 1 0 1 13 3 1 13 13 4 2 4 17 8
split_gain=9.10387 22.4623 29.6522 32.5087 28.6306 24.4914 32.548 23.0497 22.8902 20.5338 31.547 41.8771 83.6999 55.9228 44.6872 43.4715 36.8081 47.5207 48.2801 40.4457 35.0634 37.645 33.4188 32.7942 29.8227 33.9015 30.8131 29.2779 30.533 28.0623
threshold=-0.020484822191065174 0.014621284197677267 1.5414596796035769 2.9260651393154044e-10 1.5651756589669835e-10 0.11474149674177171 8.2564569830285585e-12 0.0965939137391532 0.043800818290147862 0.83969396352767955 0.091660168512980492 7.0705378661684508e-11 0.0079366941936314123 0.27369947731494909 0.0015292923945983943 0.021263887935528095 1.6936572790145876 0.35220067422017859 1.5876148173887829e-09 0.2789134068328894 2.2429584264755253 0.13800331464802926 0.50246404677692669 1.3208806514739992 2.0718373060226445 7.2078971207148377e-11 8.1764854323365806e-10 4.4081309031401434e-11 0.043923117897727279 2.6606713945530319e-10
decision_type=2 2 2 2 2 2 2 2 2 2 2 2 2 2 2 2 2 2 2 2 2 2 2 2 2 2 2 2 2 2
left_child=9 2 4 5 7 6 -4 -2 -5 10 -1 12 14 16 15 -12 19 -18 -19 -13 -15 -22 -23 -17 26 -26 -20 -11 -29 -30
right_child=1 -3 3 8 -6 -7 -8 -9 -10 27 11 13 -14 20 -16 23 17 18 24 -21 21 22 -24 -25 25 -27 -28 28 29 -31
leaf_value=0.021867214512587874 -0.038218701885892943 4.7746002843384816e-05 0.015281527166422365 -0.054287676154761814 0.031689837485293651 0.020704228390099874 -0.15513182588565233 -0.10830845989886487 0.050544650610443921 -0.074760985682683509 -0.086840378818226538 0.048245592833786127 -0.14889242966600702 -0.13480482834382715 -0.018499990940008124 -0.13640788685550054 0.13352836763418444 -0.10497968293949733 0.1142048071754993 -0.10310582738882804 -0.14255900024160012 0.076788454919986995 -0.1575298119747609 0.10786445892628092 -0.097296582882097415 0.038554869356720423 -0.039198521639605542 -0.098854403469545452 0.0098930526296053811 -0.022716933687531866
leaf_weight=1096.6628086685669 150.09417796420166 4915.0527100852341 26.364866546122357 154.75063457014039 40.214471388317179 338.94264792185277 19.495132103329524 68.257059792173095 24.06794336810708 59.219377432949841 17.326475695939735 35.155191726982594 45.070730936946347 31.37269339337945 576.39528091286775 5.964180873008444 58.438244145363569 22.875915177166462 81.908660121262074 35.471295446157455 14.954334829002617 38.828454717993736 7.2181542161852112 70.017150776460767 21.660857487469912 120.87867293227464 15.585216855630277 32.256498871487565 844.77351160394028 383.77193546848139
leaf_count=7644 2117 36850 252 949 671 1913 272 1490 85 1740 937 152 495 301 5679 100 94 150 122 257 107 93 44 218 132 381 67 668 4040 2155
internal_value=-3.46328e-05 -0.00251141 -0.0178101 -0.00494733 -0.0458484 0.0114244 -0.0571614 -0.0601289 -0.0401779 0.0038953 0.00960952 -0.00160082 -0.0169842 0.0211011 -0.00810679 0.0560957 0.0375964 0.0519625 0.0338325 -0.0277688 -0.0488945 -0.00471095 0.0400573 0.0886902 0.0470617 0.0179104 0.089682 -0.00604288 -0.00281522 -0.000293626
internal_weight=9353.05 5737.24 822.187 563.621 258.566 384.803 45.86 218.351 178.819 3615.81 2295.78 1199.12 714.774 484.348 669.703 93.3078 391.974 321.348 262.909 70.6265 92.3736 61.0009 46.0466 75.9813 240.033 142.54 97.4939 1320.02 1260.8 1228.55
internal_count=70175 44599 7749 3471 4278 2437 524 3607 1034 25576 16973 9329 7429 1900 6934 1255 1355 946 852 409 545 244 137 318 702 513 189 8603 6863 6195
is_linear=0
shrinkage=0.1


Tree=78
num_leaves=31
num_cat=0
split_feature=14 5 14 9 1 3 12 4 18 13 14 0 8 4 17 9 4 11 7 3 18 11 19 8 2 18 19 1 18 17
split_gain=8.69697 9.8043 11.0188 12.1018 9.56693 9.91401 28.0166 16.6576 20.2194 16.6052 26.577 20.7496 15.1365 18.3402 18.1712 21.7627 16.8162 14.2328 14.1988 25.0583 21.6604 21.306 21.1415 13.736 17.2826 14.7509 13.2117 13.128 15.0793 18.5027
threshold=0.1004023887217045 0.11652990715910355 0.053724825382232673 0.13106804378952355 0.073249570247869752 0.052642271403297053 0.48195555806159979 2.0271324845206028e-11 0.12330285798419607 1.581391513347626 0.012390391901135446 3.1075288215455656e-10 1.7620320349019653e-10 4.5876395856354659e-11 0.1497025923295455 0.086843363838875712 2.4220883289073505e-10 1.6021161286516875e-08 0.021375316399381842 0.042190922663679749 0.075082125311548079 3.6188352314781019e-10 1.0125975608825686 1.2434748292010109e-10 9.7128764292039374e-11 0.015761578032238922 3.3192775249481206 0.38722345314152212 0.04195710720325059 0.16781338778409094
decision_type=2 2 2 2 2 2 2 2 2 2 2 2 2 2 2 2 2 2 2 2 2 2 2 2 2 2 2 2 2 2
left_child=1 2 4 -4 -1 6 9 8 -7 11 17 18 26 -14 15 -15 -17 -11 21 -20 -21 -6 -23 -13 -25 -26 -12 28 -16 -30
right_child=-2 -3 3 -5 5 7 -8 -9 -10 10 12 23 13 14 27 16 -18 -19 19 20 -22 22 -24 24 25 -27 -28 -29 29 -31
leaf_value=-0.11256020923882214 -0.12188791312959874 0.052751354981153298 -0.70386005876605284 -0.10907918169264058 -0.14284225710494117 -0.13396641123948963 -0.14555019818823459 -0.00053932134880415271 0.043260412142863747 -0.12596640391173922 0.024846289823258826 0.091956391785624869 -0.16417206290307415 0.022129785121472467 0.076113190638061712 -0.13730631839362725 0.14331123770609461 0.10994666216019947 0.10904949989057111 0.025205209713991553 -0.14274399705725302 0.011676810022905725 -0.17959571274386099 -0.071074877102187295 -0.0569134557361934 0.087922836630433043 0.16264431957127912 0.170851865100762 0.0065529553976371906 -0.24221965247101168
leaf_weight=7.5557107579661524 5.8532250256394027 35.160727565176785 0.37605550233274598 3.787138668820262 11.294248352292923 19.715616201516244 10.870819669216869 8720.4581538466155 9.5582833295920846 23.894103754428219 22.184499354334548 68.200275050243363 7.2016773764044038 26.102715361863375 23.517751134932041 21.70368082262576 2.368544101715087 2.8638389632105818 33.740987817989662 61.215805681189522 8.7805812156293523 106.05491944286041 6.1117076822556546 14.00491622649133 8.9263117462396604 33.130047252867371 10.137174753239377 7.0478397011756888 14.360698964446785 3.7757966443896285
leaf_count=643 1375 234 7 211 420 1568 132 60621 281 821 90 358 64 141 60 254 1 3 423 762 316 821 150 112 86 101 10 5 66 39
internal_value=-3.10055e-05 4.54904e-05 -0.000154013 -0.162805 -8.10822e-05 1.05249e-05 0.0133245 -0.000792123 -0.0760997 0.0166675 -0.00948561 0.0289575 0.00815284 -0.0101019 0.00111972 -0.0411155 -0.109695 -0.100717 0.0109881 0.0382603 0.0041371 -0.0119273 0.0012548 0.0618125 0.0251415 0.0571819 0.0680644 0.0446322 0.023276 -0.0452385
internal_weight=9329.95 9324.1 9288.94 4.16319 9284.78 9277.22 527.489 8749.73 29.2739 516.618 165.158 351.46 138.4 106.079 98.877 50.1749 24.0722 26.7579 227.198 103.737 69.9964 123.461 112.167 124.262 56.0613 42.0564 32.3217 48.7021 41.6542 18.1365
internal_count=70175 68800 68566 218 68348 67705 5235 62470 1849 5103 1554 3549 730 630 566 396 255 824 2892 1501 1078 1391 971 657 299 187 100 170 165 105
is_linear=0
shrinkage=0.1


Tree=79
num_leaves=31
num_cat=0
split_feature=19 11 11 13 3 10 6 12 14 10 5 8 0 3 3 17 19 7 17 0 0 10 0 7 6 8 9 9 11 13
split_gain=8.51566 9.98505 34.2459 16.1889 15.2604 8.52904 43.4284 34.1479 48.8337 33.5781 56.774 39.4525 48.5446 34.3213 30.7005 34.1505 31.3189 27.0658 29.6238 26.8798 25.8941 25.7932 30.9647 28.3447 32.5339 28.2905 25.4862 22.6848 28.2215 20.9187
threshold=-0.23280943930149076 3.3725666703787742e-09 2.3892972045302945e-09 1.8423839807510378 0.08025802327830163 2.9524004459381108 3.1097285441729713e-10 0.26398773491382604 0.013102399185299875 2.8281219005584721 0.026849136485108425 3.3930450008190659e-10 4.0867637522393777e-09 0.10061150140893378 0.089712298896656911 0.10726651278409093 1.0000000180025095e-35 0.0929581477514589 0.12777432528409094 4.8044319961020685e-09 2.2090213751095602e-10 2.9918806552886967 6.1151642564415012e-10 0.11219873864683434 4.4299259659723625e-10 3.1185399888913304e-10 0.088365444597723927 0.058453993048450885 6.7696439565168029e-09 1.9298535585403445
decision_type=2 2 2 2 2 2 2 2 2 2 2 2 2 2 2 2 2 2 2 2 2 2 2 2 2 2 2 2 2 2
left_child=1 2 -1 -3 -5 6 17 27 -9 14 11 13 -13 -11 16 19 -8 -2 -19 -16 -20 22 -10 24 -24 -26 -22 29 -29 -7
right_child=5 3 -4 4 -6 7 9 8 21 10 -12 12 -14 -15 15 -17 -18 18 20 -21 26 -23 23 -25 25 -27 -28 28 -30 -31
leaf_value=0.082058748123440106 -0.0010673238319475328 0.13593253717054496 -0.187482774562195 -0.19568117830667059 0.046075614450892456 -0.087817684805631485 0.067841868967302654 -0.18520088876534446 -0.1133110079757 0.061010158162595252 -0.097140426487126286 -0.14371857211051728 0.048563511987631064 -0.090912699018043455 -0.1737250230078512 0.11582222515561508 -0.11744467700808077 -0.16792200199561552 -0.08480959202631777 0.011743295721164657 0.088599067175410773 -0.00053863489922575524 0.046715177166256068 0.11769118240571493 0.073552010778631521 -0.18004990338271598 -0.081867725601273741 0.021996803407760501 -0.24102349418724323 0.063564524366438377
leaf_weight=12.803015728248285 6019.5283081515809 18.414291315246373 7.460284085944294 3.2078579906374243 14.033353624865411 9.64708214253187 10.065585348755119 13.962012011557816 12.5672500282526 123.43543867394328 59.004169594496489 29.598907094448805 23.597862120717764 16.907002190127969 13.08550884388387 15.918519794940947 97.375739747192711 6.135917577892541 11.529926841147242 19.398240009788424 95.961888577789068 2310.1416101574432 108.31867767125368 44.828838303685188 6.6810469701886204 12.877198804169891 9.6527606025338155 13.221659108996393 5.8997791372239581 169.71665437240154
leaf_count=43 54016 46 79 36 82 54 42 121 109 489 406 329 69 111 130 30 1061 58 116 102 189 11343 333 83 15 114 56 39 49 425
internal_value=-3.04612e-05 0.0388761 -0.0171776 0.0707318 0.00109493 -0.000265432 -0.00221671 0.00445535 0.00129707 -0.033794 -0.0112688 0.0149109 -0.0584231 0.0427081 -0.0702958 -0.00416845 -0.100086 -0.00011739 0.0462659 -0.0629694 0.0574848 0.00234054 0.0382406 0.0492685 0.0252821 -0.0934201 0.0730191 0.0443843 -0.0591562 0.0554224
internal_weight=9314.98 55.9188 20.2633 35.6555 17.2412 9259.06 6551.2 2707.86 2509.38 408.387 252.543 193.539 53.1968 140.342 155.844 48.4023 107.441 6142.81 123.28 32.4837 117.145 2495.41 185.273 172.706 127.877 19.5582 105.615 198.485 19.1214 179.364
internal_count=70175 286 122 164 118 69889 57204 12685 12118 2769 1404 998 398 600 1365 262 1103 54435 419 232 361 11997 654 545 462 129 245 567 88 479
is_linear=0
shrinkage=0.1


Tree=80
num_leaves=31
num_cat=0
split_feature=1 12 8 3 4 8 12 19 0 14 6 5 3 11 5 2 8 8 5 0 18 8 3 9 15 17 7 10 1 3
split_gain=8.60963 25.5741 21.2606 20.4884 55.1869 47.9411 37.1939 31.2807 32.8679 24.9427 81.3582 24.9961 56.8518 41.1758 25.3169 22.8283 21.7956 24.7913 19.5543 35.8895 21.3006 37.1656 28.1668 21.8609 21.524 19.0093 18.9279 27.5891 21.7472 38.0571
threshold=0.54703880061228638 0.098362203687429442 2.6950982928089109e-12 0.13800331464802926 1.3110612719512252e-10 1.4771525073160906e-10 0.29616168141365057 1.2523772120475771 2.6937735422176046e-09 0.0063215892296284446 2.4122421581665621e-11 0.017169432948440731 0.095317034770472195 4.5822843297571589e-09 0.018685762025481802 7.9550198566209144e-10 8.2564569830285585e-12 8.898296227263112e-12 0.013143201544429351 2.0020551096059584e-09 0.0023185080327411101 9.1677493226987864e-12 0.067907951037032427 0.026090394633797285 2.1033277334936432e-05 0.068381569602272749 0.012038416280114895 2.2877157926559453 0.57481202381445773 0.12050027195347966
decision_type=2 2 2 2 2 2 2 2 2 2 2 2 2 2 2 2 2 2 2 2 2 2 2 2 2 2 2 2 2 2
left_child=1 -1 -3 9 5 7 15 8 -5 16 -11 25 13 -13 -14 -6 -2 -18 19 20 21 -4 -22 24 -23 26 -12 -28 -29 -30
right_child=3 2 18 4 6 -7 -8 -9 -10 10 11 12 14 -15 -16 -17 17 -19 -20 -21 22 23 -24 -25 -26 -27 27 28 29 -31
leaf_value=-0.10291225799935069 0.07340539330466464 -0.15971993288709407 -0.13333884917734731 0.033906443653379463 -0.18479821082267395 -0.55836931556433278 -0.28909189576293909 0.041896977410674885 -0.19576755013555916 -0.13775825237085601 0.056439437188334385 0.054541423697717861 -0.1690435938212044 -0.14987250569720392 0.029811127425764958 0.029803496935442153 -0.11381126703633711 0.030281481908431121 8.1856256077110319e-05 -0.1428726557538173 0.017675184867102595 -0.17748531900392353 -0.12883433413425974 -0.14230819397354855 0.085617541789424323 0.066983502770051093 -0.17393253000138575 0.083201557829511164 -0.0049967231554794581 -0.31139731988064329
leaf_weight=24.572526061732788 120.25601942103822 8.4038132334826496 13.04945305775618 8.2208902179263514 5.1596255549229673 2.2876036539673796 3.9756605969741932 13.067524729529394 25.739952007541433 37.269933646544814 68.100647110491991 13.026044629514216 6.7142602931708089 40.468705126084387 137.80910597601905 126.14082724228501 13.895733180688692 84.849495203001425 8172.2449472501175 26.046334302052855 23.924540824606083 3.3008519473951301 29.06242745439522 5.2825300358235827 53.598814127035439 109.33988223969936 9.4195174938067776 26.52258688211441 77.880559112876654 4.276328967884182
leaf_count=4694 742 302 981 70 52 30 43 72 441 422 212 28 48 344 422 625 124 548 56095 370 668 187 1214 109 587 249 84 57 313 42
internal_value=-2.71348e-05 -0.00104473 -0.000744409 0.00907643 -0.0207676 -0.111326 0.0122462 -0.0895803 -0.14017 0.0164234 0.00470853 0.0154666 -0.0120264 -0.100097 0.0205727 0.0213704 0.0448185 0.0100043 -0.000583957 -0.0358557 -0.0141163 0.0200899 -0.0626827 0.0522883 0.0703545 0.0338875 0.014453 -0.00975813 0.00447127 -0.0209451
internal_weight=9293.91 8359.49 8334.91 934.421 184.592 49.316 135.276 47.0284 33.9608 749.829 530.828 493.558 198.018 53.4947 144.523 131.3 219.001 98.7452 8326.51 154.265 128.219 75.2316 52.987 62.1822 56.8997 295.54 186.2 118.099 108.679 82.1569
internal_count=70175 65207 60513 4968 1333 613 720 583 511 3635 2221 1799 842 372 470 677 1414 672 60211 4116 3746 1864 1882 883 774 957 708 496 412 355
is_linear=0
shrinkage=0.1


Tree=81
num_leaves=31
num_cat=0
split_feature=6 8 8 6 7 7 4 19 5 14 17 18 8 4 4 8 12 6 9 5 1 5 1 9 7 14 17 1 12 9
split_gain=8.20998 9.04779 32.0748 33.7464 32.4352 24.7909 23.1845 21.5965 27.6828 24.6481 37.0246 26.8348 49.0827 22.3771 21.4707 20.4548 38.0672 22.7601 21.885 30.2434 49.0462 23.8383 36.5098 21.0477 21.0379 89.3946 66.2691 31.8287 31.7391 33.3668
threshold=1.0304138736481711e-11 3.5842608356789736e-12 5.2933744271966426e-12 4.1271100173742333e-11 0.02286690936668959 0.0077730889804962398 1.1715764670008476e-10 0.90631026029586803 0.032187758517514105 0.0048490706831216821 0.048406427556818191 0.023677315473006198 3.0766042394929932e-12 9.5311658426109962e-11 6.8966431573268783e-11 6.5361162206900429e-12 0.1356511935591698 3.1308622444808056e-11 0.0027379565181696011 0.043800818290147862 0.53902139519744863 0.027337676832510569 0.56987875633391705 0.0025395182942675051 0.012038416280114895 0.0052598868496716031 0.053289240056818191 0.48832128418518944 0.12597221136093142 0.0051118189484794406
decision_type=2 2 2 2 2 2 2 2 2 2 2 2 2 2 2 2 2 2 2 2 2 2 2 2 2 2 2 2 2 2
left_child=-1 5 3 6 -5 -2 -3 9 -9 10 -7 12 14 -10 -12 16 -4 -18 19 20 -17 23 -23 -22 25 -20 27 -26 -28 -30
right_child=1 2 15 4 -6 7 -8 8 13 -11 11 -13 -14 -15 -16 18 17 -19 24 -21 21 22 -24 -25 26 -27 28 -29 29 -31
leaf_value=-0.11983956642857652 -0.10993413060733748 -0.10020718484764848 0.035383460780615023 0.035793928066535759 -0.13296586276780048 -0.13364929391430352 0.075504983593326247 0.0077585223969842704 -0.40822675995892893 0.10504266944819113 -0.11639424826776573 0.1005085244381001 0.043591598337680754 -0.065719640269246343 -0.47176080891781624 -0.11462631841637366 -0.15801005340488619 -0.013265475681539999 -0.092828249877163371 0.043654655314005988 0.015788836481413347 -0.0067904042584592946 -0.16477626193615141 -0.11191340618575103 -0.10783283808262151 0.022511140961765926 0.042883686058511936 -0.027530921201067801 -0.038616110769632069 0.00044196979344461097
leaf_weight=5.7154318568063891 13.681464790541211 83.774786608293653 332.09979497967288 63.010767035884783 13.90143997967243 13.970988578977993 8.2485919506289047 22.395703865797262 3.3104581050574771 46.526576266624033 12.13752770447172 43.318962548859417 53.196484201354906 4.5009958110749722 1.9771204069256771 65.174914644914679 15.567470700014381 35.951952964998782 72.506550308433361 53.289040289819241 145.42312618973665 37.20349778374657 24.105249752989039 14.163492119405417 76.658838907489553 917.813129395945 170.01957562100142 138.60267687449232 226.26858852652367 6557.8714853363344
leaf_count=277 1469 4485 2849 314 104 890 63 244 35 139 174 170 244 20 23 1005 301 170 2104 151 905 177 260 159 1033 5160 680 807 1472 44291
internal_value=-2.41602e-05 4.97387e-05 -0.000431855 -0.0435967 0.00529156 0.0203237 -0.0844571 0.0291752 -0.0487786 0.0429354 0.0197443 0.0391157 -0.000394386 -0.210873 -0.166172 0.000389074 0.0229762 -0.0570025 -0.000630428 -0.025513 -0.0383975 -0.0159063 -0.068907 0.00445512 0.000404425 0.0140665 -0.00148274 -0.056128 0.000208772 -0.000860718
internal_weight=9272.39 9266.67 9051.65 168.936 76.9122 215.016 92.0234 201.335 30.2072 171.128 124.601 110.63 67.3111 7.81145 14.1146 8882.72 383.619 51.5194 8499.1 339.359 286.07 220.895 61.3087 159.587 8159.74 990.32 7169.42 215.262 6954.16 6784.14
internal_count=70175 69898 66490 4966 418 3408 4548 1939 299 1640 1501 611 441 55 197 61524 3320 471 58204 2657 2506 1501 437 1064 55547 7264 48283 1840 46443 45763
is_linear=0
shrinkage=0.1


Tree=82
num_leaves=31
num_cat=0
split_feature=13 12 5 13 12 12 6 14 8 3 5 8 12 6 7 5 1 4 14 4 18 12 11 13 8 14 11 19 7 11
split_gain=7.95067 18.3438 15.0677 8.72881 56.8561 64.7489 37.7992 28.7631 24.2242 22.7632 31.1553 31.2515 19.1554 14.9041 19.4422 14.2081 13.7217 13.7825 13.2905 26.1029 24.0697 22.922 23.3689 24.3174 19.5097 15.1817 29.7334 17.4056 21.9016 14.7147
threshold=1.1013265252113345 0.16067001223564151 0.050249222005739273 1.1908829212188723 0.15194044262170794 0.18335092067718509 2.6587933830249732e-11 0.0037757618119940166 1.0866988570603496e-11 0.087478995678616348 0.088115284701048097 8.8033299456638168e-12 0.13795153796672824 4.0262793762693413e-11 0.017745913000334328 0.014519433141968288 0.17420842871598935 1.0636048710504328e-10 0.0037757618119940166 2.6720299756546572e-11 -0.13576081429015505 0.12597221136093142 4.5877796006621457e-10 1.2649841308593752 8.993943528934716e-12 0.0041416005697101363 1.0969771202518077e-09 0.54782214760780346 0.016556581628959968 5.9640523075721329e-10
decision_type=2 2 2 2 2 2 2 2 2 2 2 2 2 2 2 2 2 2 2 2 2 2 2 2 2 2 2 2 2 2
left_child=1 2 -1 4 7 -6 -7 -2 9 15 11 12 13 14 -11 -9 17 -13 -5 20 -20 22 -22 -24 -25 26 27 28 -21 -27
right_child=3 -3 -4 18 5 6 -8 8 -10 10 -12 16 -14 -15 -16 -17 -18 -19 19 25 21 -23 23 24 -26 29 -28 -29 -30 -31
leaf_value=-0.082354166598751291 -0.20753867961679873 -0.1313418998544208 0.074939860014465606 0.072889030881727157 -0.14503203153561026 0.099364673120552693 -0.13836389815089487 -0.21741966586091219 -0.17616184921485922 -0.019689714454679128 0.13393567325660033 -0.18800561079732714 -0.3388555868163976 0.056153553294596842 -0.31890101662506781 0.047797297661573451 -0.27571083766484711 0.10077708263491469 0.062299515893401575 -0.13164926316374256 0.0981489856389966 -0.11934526377676397 -0.26933185014275346 -0.12673268243619293 0.046846593417123827 -0.032387414172866898 -0.1198611125069198 0.11186383891220437 0.067184920016114313 0.00083996099938877698
leaf_weight=6.9964974476606576 5.8783850948675527 5.886301787570118 47.008113304153085 25.163027706032153 59.295066816965118 23.106942656915635 9.4129593968391401 2.0485354415141037 6.3253150619566432 11.988988935016094 10.034079417586325 4.5229097856208664 1.7010217830538739 22.142106151441112 2.6520342156290999 144.5681161545217 7.5878688897937536 2.6042734086513519 16.346007457817905 7.9777618735097375 12.407835803925989 45.561207227176055 4.8705507870763567 11.187055792077446 15.373877158155663 135.3937865276821 9.4822128096129727 39.10874455794692 18.127995796501637 8529.0929642128758
leaf_count=1214 854 76 95 654 643 68 150 34 85 542 12 61 17 89 26 392 71 3 620 81 14 5276 51 1016 183 2084 802 54 32 54876
internal_value=-2.64755e-05 0.0362905 0.0545618 -0.000263308 -0.0166523 -0.0828414 0.0305536 0.0107156 0.0166506 0.0224623 -0.0276888 -0.0581734 -0.0107795 0.00439228 -0.073888 0.0440917 -0.182122 -0.0824844 0.000316618 0.000110156 -0.0492753 -0.0696757 -0.0180552 -0.0639278 -0.0262623 0.000707734 0.0455973 0.069655 0.00642239 0.00032074
internal_weight=9243.85 59.8909 54.0046 9183.96 313.869 91.815 32.5199 222.054 216.175 209.85 63.2333 53.1992 38.4842 36.7831 14.641 146.617 14.7151 7.12718 8870.09 8844.93 105.747 89.4005 43.8393 31.4315 26.5609 8739.18 74.6967 65.2145 26.1058 8664.49
internal_count=70175 1385 1309 68790 3047 861 218 2186 1332 1247 821 809 674 657 568 426 135 64 65743 65089 7160 6540 1264 1250 1199 57929 969 167 113 56960
is_linear=0
shrinkage=0.1


Tree=83
num_leaves=31
num_cat=0
split_feature=18 18 9 19 11 2 19 18 3 0 17 17 9 17 15 5 13 13 12 6 14 7 7 8 17 19 4 8 5 8
split_gain=7.77117 21.5432 22.4298 21.4476 21.1678 23.6669 18.6239 31.6228 33.4808 27.9073 20.4279 19.2863 20.0484 32.661 20.3405 38.8119 33.2602 49.5841 43.6822 42.4195 35.1587 37.7035 34.5974 37.3304 36.9687 32.2238 29.9205 29.6931 28.1084 22.4881
threshold=-0.045940908307040278 -0.041593372049233447 0.0047969817639561272 0.42129364609718328 4.9500270549174285e-10 1.2493516994702518e-10 2.6817094087600712 -0.46316203373399639 0.095729301247296575 1.3360295018348277e-09 0.063232421875000014 0.15307617187500003 0.11342701954649846 0.14681729403409094 5.002529178455007e-05 0.025662566992049548 1.6669358015060427 1.4810555577278139 0.14426954835653308 4.2949466548202745e-11 0.005700441775843502 0.0065044288466447617 0.016556581628959968 7.0197538615507072e-11 0.075483842329545456 0.44479788839817053 1.2271862090970992e-10 1.2303714592623636e-11 0.02592046063650829 1.1733120215437779e-11
decision_type=2 2 2 2 2 2 2 2 2 2 2 2 2 2 2 2 2 2 2 2 2 2 2 2 2 2 2 2 2 2
left_child=4 2 -2 -4 -1 -6 11 -8 -9 -10 -11 12 14 -14 15 -7 17 18 20 25 26 -22 24 -24 29 -18 28 -26 -17 -20
right_child=1 -3 3 -5 5 6 7 8 9 10 -12 -13 13 -15 -16 16 19 -19 22 -21 21 -23 23 -25 27 -27 -28 -29 -30 -31
leaf_value=-0.053921317158609428 -0.16777795482208144 -0.0013306437112705336 0.02097087103130503 -0.091787493456899377 0.028288039154486574 -0.039953396645965922 0.053628607268571216 -0.11193759361784412 -0.19668078647512663 -0.18926157101145971 0.042093623657307698 0.050316077557610223 -0.15976971825120215 0.048241914994920386 0.012110180988595067 0.16809605460509044 -0.19108088725455336 0.059207372307047583 -0.20952394959422521 -0.12060351403501475 0.10982576909275817 -0.21573268991051578 -0.099475338793928739 0.12392986480778939 0.051668417940339544 0.084661199555628536 0.07554021577239331 -0.1449197920881064 -0.0031580296787386943 0.057307080857336025
leaf_weight=61.275243109092116 14.069945870607624 6216.3917797583272 37.968731662840582 30.35457646852592 392.54799601557897 265.41211406810908 32.80007187044248 56.916829135967419 6.5727738458663216 4.1671912074089041 45.351670917938463 86.663249877281487 18.964008405804638 12.539605516940354 1206.0443739272887 10.120518041076137 5.1639240104705122 165.15605007763952 11.564757555723189 44.397751208394766 5.0530350208282497 12.017940070480106 92.88663584087044 8.1345788612961751 70.84798170439899 23.638462478294969 91.208038991317153 8.6177243776619417 180.84519208443817 4.3452376350760451
leaf_count=1316 314 48769 241 279 2843 5236 126 688 75 50 143 300 196 53 6137 16 50 509 97 349 6 101 973 10 184 69 172 107 754 12
internal_value=-2.63534e-05 -0.00200394 -0.0528024 -0.0291252 0.00423478 0.00547991 0.00185426 -0.0328137 -0.0579031 -0.00307374 0.0226242 0.00402969 0.00223649 -0.0769734 0.00336795 -0.00718179 0.00466836 0.0117533 -0.00405918 -0.0592894 0.0199912 -0.119367 -0.0407041 -0.081486 0.00249166 0.0352239 0.0284221 0.0303492 0.00591784 -0.136649
internal_weight=9222.04 6298.79 82.3933 68.3233 2923.25 2861.98 2469.43 145.809 113.008 56.0916 49.5189 2323.62 2236.96 31.5036 2205.45 999.41 733.998 660.798 495.642 73.2001 299.245 17.071 196.397 101.021 95.3757 28.8024 282.174 79.4657 190.966 15.91
internal_count=70175 49603 834 520 20572 19256 16413 1082 956 268 193 15331 15031 249 14782 8645 3409 2941 2432 468 1049 107 1383 983 400 119 942 291 770 109
is_linear=0
shrinkage=0.1


Tree=84
num_leaves=31
num_cat=0
split_feature=14 5 4 3 7 19 1 2 8 11 5 19 3 13 3 1 19 13 0 5 3 5 8 1 5 8 10 18 8 5
split_gain=7.59002 9.05156 11.0469 51.5623 36.744 41.8018 22.3304 18.7282 18.2448 17.0594 22.9073 22.8218 17.0062 16.6361 15.9373 15.5817 21.4745 15.1495 13.5249 12.4762 18.5544 19.251 21.4759 12.784 11.3573 38.9822 11.2937 52.7327 26.9119 30.3927
threshold=0.1004023887217045 0.11652990715910355 2.8395238075013023e-10 0.15314686965215327 0.10264982360096386 0.12527711689472201 0.19653038811467854 5.0334701376954368e-10 1.9313359230349907e-09 9.6628363088768782e-09 0.031666218472072641 5.4674537181854257 0.10998386027488562 2.1812243461608891 0.12821858647769688 0.32176606761662924 2.9574203491210942 2.4133086204528813 3.0958603136873905e-09 0.044529675635002458 0.10061150140893378 0.028789224937195382 2.1243056127837449e-10 0.59280132955750686 0.04678322654737261 4.5321708889876346e-10 3.7906962633132939 0.24483120873231781 1.0294622566496847e-09 0.03092800225871643
decision_type=2 2 2 2 2 2 2 2 2 2 2 2 2 2 2 2 2 2 2 2 2 2 2 2 2 2 2 2 2 2
left_child=1 2 8 4 5 -4 -7 -6 26 12 13 18 -9 14 -11 16 -10 -14 -12 20 -8 22 -22 -21 25 -5 -1 28 -28 -30
right_child=-2 -3 3 24 7 6 19 9 15 10 11 -13 17 -15 -16 -17 -18 -19 -20 23 21 -23 -24 -25 -26 -27 27 -29 29 -31
leaf_value=0.0006260407779626173 -0.12014877784457337 0.052048184053636995 0.068594301733001461 0.033528814289849704 -0.20666458376033089 0.11405239698051158 -0.15877455269133911 0.056651551769287593 -0.1506642893265977 -0.16748492863445275 -0.027192627380965419 0.073010552413698596 -0.15294033386039338 0.075199227771978683 0.1277272258579619 0.097317286012177096 0.062524408367162096 0.080691974041951928 -0.15050496923369383 -0.19541437892269378 0.03179648706435486 -0.010921064229098207 -0.36574625630544388 0.037048547528961383 0.061207794174761201 -0.27015539902971025 -0.18259255866076973 0.054874876660923583 -0.12967963271544597 0.021591363937589519
leaf_weight=8607.3613469888223 5.2570708766579619 33.346183988265693 15.017477675341068 32.388428464066237 4.6936729457229367 4.2001611851155749 25.90908713825047 55.665034260600805 7.2380051692016449 6.5134401731193048 13.311895124614237 8.2531880624592286 8.1226064339280111 23.215915413573384 2.5425731241703033 35.690217912197113 13.608395375311373 4.2160575538873664 26.803466610144824 26.93550645746291 2.2121871504932633 27.391199504956603 3.5229278597980738 2.5934785306453696 76.638887362554669 4.8613349832594386 19.717811152804643 44.920136868953705 24.01082629384473 29.723898741882294
leaf_count=65746 1375 234 67 124 42 5 310 133 85 71 72 18 55 57 2 58 30 6 296 260 13 135 40 8 290 45 183 102 214 99
internal_value=-2.60242e-05 4.26865e-05 -0.000146691 -0.0169548 -0.0414435 -0.0861865 -0.111244 -0.00999346 0.000571026 -0.00378327 -0.0348931 -0.0784285 0.0331076 0.0303568 -0.0846009 0.0571952 -0.0114961 -0.0731094 -0.109585 -0.121928 -0.0953835 -0.0458034 -0.212403 -0.174998 0.039192 -0.00610394 0.000204142 -0.0304739 -0.0826692 -0.0460026
internal_weight=9195.88 9190.63 9157.28 375.009 261.12 107.782 92.7645 153.338 8782.27 148.644 80.6405 48.3685 68.0037 32.2719 9.05601 56.5366 20.8464 12.3387 40.1154 88.5644 59.0354 33.1263 5.73512 29.529 113.889 37.2498 8725.73 118.373 73.4525 53.7347
internal_count=70175 68800 68566 2049 1590 838 771 752 66517 710 516 386 194 130 73 173 115 61 368 766 498 188 53 268 459 169 66344 598 496 313
is_linear=0
shrinkage=0.1


Tree=85
num_leaves=31
num_cat=0
split_feature=6 8 2 14 17 8 19 8 11 0 5 17 9 18 4 5 1 13 13 17 8 12 5 19 9 5 1 13 4 14
split_gain=7.37553 7.41326 23.9228 20.8589 33.6879 20.9744 18.7886 16.6732 27.3536 34.1507 33.7289 34.2629 26.0891 41.2385 21.4032 20.8546 25.6418 20.1589 17.2292 16.2344 15.5752 31.4309 19.5705 28.8809 18.917 24.4872 41.9735 21.2571 21.0845 26.3568
threshold=1.0304138736481711e-11 3.3094257387132263e-12 5.3309797824562865e-10 0.0048490706831216821 0.048406427556818191 2.6950982928089109e-12 0.17453017830848697 5.2933744271966426e-12 2.4092939865383305e-09 7.9120007168395373e-10 0.02270375051138394 0.047651811079545463 0.002444654156897172 -0.11654394248034804 8.491091819955671e-11 0.035644256462183194 0.26621701354862504 1.1013265252113345 1.4767406582832339 0.043923117897727279 6.5361162206900429e-12 0.1356511935591698 0.060264327444588477 0.39195233583450323 0.0027379565181696011 0.043800818290147862 0.53902139519744863 1.7215657830238345 2.2128925686918741e-10 0.0077856902498751887
decision_type=2 2 2 2 2 2 2 2 2 2 2 2 2 2 2 2 2 2 2 2 2 2 2 2 2 2 2 2 2 2
left_child=-1 2 3 4 -2 -6 -7 8 9 12 -10 14 13 -3 -12 -15 -17 -14 19 -16 21 -9 -23 -24 25 26 -22 -27 29 -28
right_child=1 7 -4 -5 5 6 -8 20 10 -11 11 -13 17 15 18 16 -18 -19 -20 -21 24 22 23 -25 -26 27 28 -29 -30 -31
leaf_value=-0.11815628861896049 -0.13032399043567888 -0.21233908100097754 -0.1309513273833641 0.11406126056460029 -0.15268288818682371 -0.13893204146342755 0.055897718955977116 0.031573059851875827 -0.10925561841174194 -0.13204645573773352 0.13427285212238657 -0.18994842936023795 0.12196704544459386 0.086744200872089894 -0.15304086096396105 0.027520086515939259 -0.22313457513829782 -0.16058310502904177 0.070535836160142404 0.037133639216957857 -0.10790327834162808 -0.12129583431916831 0.081433077454039493 -0.13524285061645303 0.00042941449100746866 0.066310180523087417 -0.020609420660734897 -0.10907044215181233 -0.17633777455669108 0.098233063836625611
leaf_weight=5.2820636004908001 14.142145537014583 7.3450078163878052 9.581089473445898 25.583910881076008 5.6632988443598142 5.233616901212371 91.259679498383775 326.16208775038831 18.200910073297564 41.725691468163859 25.71172297099838 5.8678732635453335 2.9527470410103005 35.083945939666592 8.796142969978975 15.240765973925592 5.5739215761423102 17.433989123732317 26.846140536013991 9.1667126156389696 62.393396292347461 23.030270560353529 17.293537899851803 9.5479951594024879 8093.1708631299553 44.222574431449175 190.6606298929546 8.1910994313657266 7.8056153631769112 20.686345558613539
leaf_count=277 1481 134 368 53 190 90 408 2849 1663 2259 149 59 47 635 267 44 48 363 86 30 1005 360 38 73 55547 100 1364 51 104 33
internal_value=-2.36893e-05 4.4323e-05 0.0219843 0.0323117 0.0143281 0.0343532 0.0453305 -0.000323965 -0.0275192 -0.0581528 0.0130784 0.0422266 -0.0212851 0.0104262 0.0615454 0.0396972 -0.0396022 -0.119659 0.0198139 -0.055992 0.000355503 0.0202679 -0.0536678 0.00435772 -0.000533025 -0.0238568 -0.0355402 0.0389021 -0.0149382 -0.00897728
internal_weight=9179.86 9174.57 151.464 141.883 116.299 102.157 96.4933 9023.11 219.946 125.356 94.5895 76.3886 83.6304 63.2436 70.5207 55.8986 20.8147 20.3867 44.809 17.9629 8803.16 376.034 49.8718 26.8415 8427.13 333.96 281.546 52.4137 219.153 211.347
internal_count=70175 69898 2590 2222 2169 688 498 67308 5784 3530 2254 591 1271 861 532 727 92 410 383 297 61524 3320 471 111 58204 2657 2506 151 1501 1397
is_linear=0
shrinkage=0.1


Tree=86
num_leaves=31
num_cat=0
split_feature=14 8 6 14 8 7 5 19 4 1 11 1 3 6 7 19 15 18 5 0 15 15 9 7 19 8 3 3 3 9
split_gain=7.18059 28.9019 34.4196 35.5256 28.7627 27.3441 25.4701 50.0438 51.1405 36.6257 41.706 61.391 47.8824 36.6971 49.5274 39.844 29.941 28.2821 31.5974 56.3602 27.1774 31.1859 26.2655 40.0838 35.7987 36.1278 33.3412 41.8303 25.9818 25.1133
threshold=0.017157421447336677 3.7985385009535032e-10 4.202927099786901e-10 0.015787208452820781 2.9604664037797046e-10 0.14736468925400209 0.03492768398160636 2.5902049541473393 1.5371858772260196e-10 0.19428234601096425 3.4998910436456758e-09 0.30663202992991817 0.099258199386371787 1.0817429626902885e-09 0.14021591784477572 1.2687147259712221 8.8419208623236059e-05 -0.038778214493173764 0.030694017821570666 5.0603553247960154e-09 6.2040613556746407e-05 7.7141605288488804e-05 0.096174156656475954 0.10559073265631937 0.33886788785457617 5.76741570742313e-10 0.0787338926073156 0.082918458859184571 0.06989266793294463 0.081349144387668507
decision_type=2 2 2 2 2 2 2 2 2 2 2 2 2 2 2 2 2 2 2 2 2 2 2 2 2 2 2 2 2 2
left_child=1 5 3 -3 -2 29 7 9 28 -6 12 -12 22 14 15 17 -10 20 19 -19 -13 -22 -11 -24 25 -25 -26 -28 -9 -1
right_child=4 2 -4 -5 6 -7 -8 8 16 10 11 13 -14 -15 -16 -17 -18 18 -20 -21 21 -23 23 24 26 -27 27 -29 -30 -31
leaf_value=0.00018410317518018567 0.045191190870574577 -0.1069692165140656 -0.066687405187287413 0.082098894148967483 -0.10973917804627653 0.10940905378239192 0.023851733748126804 -0.076296686565546029 -0.18428538397859437 0.10018947981842147 -0.084165043837022363 0.12875451798590154 -0.14461053410606234 0.043169999484207057 -0.18305399439591941 0.016619816768636966 -0.043371663740394917 -0.11879406570812026 0.028421362248291504 0.019270252113558383 -0.13778265153198635 0.020428139873523269 0.10383080003987349 -0.14839006583288702 -0.12235371855903805 0.14853203633914236 0.14558948031943347 -0.17716943677950461 0.012292572231414108 -0.03631917978921826
leaf_weight=6728.4254256134154 165.37375680636615 13.679074698127804 135.34103525429964 36.339562857523561 28.111286682076752 22.570436008274555 405.2426201379858 50.028970251791179 36.331842120736837 83.719167288392782 85.021395333111286 16.5474007204175 12.476564696058629 194.89408351201564 15.413569711148737 440.7026669960469 25.776302944868803 97.945550922304392 35.558681834489107 42.35218034312129 15.774834360927342 59.274391120299697 43.509984448552132 5.2297607474029091 33.647276114672422 18.933320984244347 12.799834553152325 5.8509657457470885 97.870564198121428 193.90005418157671
leaf_count=57545 494 123 864 109 342 33 2962 335 298 169 682 31 163 653 135 1618 161 697 100 148 119 205 84 55 283 33 22 58 358 1296
internal_value=-2.67736e-05 -0.00152021 -0.0404907 0.0303926 0.00522301 -0.000480087 0.00167516 -0.00448965 -0.0496522 0.00311154 0.0057126 -0.00287004 0.0455547 0.00465538 -0.00571857 -0.00185873 -0.125803 -0.0323072 -0.0557761 -0.0771161 0.0127507 -0.0128267 0.0572028 0.0272055 -0.0163979 0.0842674 -0.0629079 0.0443364 -0.0176739 -0.000838384
internal_weight=9158.64 7130.26 185.36 50.0186 2028.39 6944.9 1863.01 1457.77 210.008 1247.76 1219.65 1003.48 216.167 918.463 723.569 708.156 62.1081 267.453 175.856 140.298 91.5966 75.0492 203.69 119.971 76.4612 24.1631 52.2981 18.6508 147.9 6922.33
internal_count=70175 59970 1096 232 10205 58874 9711 6749 1152 5597 5255 4388 867 3706 3053 2918 459 1300 945 845 355 324 704 535 451 88 363 80 693 58841
is_linear=0
shrinkage=0.1


Tree=87
num_leaves=31
num_cat=0
split_feature=18 10 8 10 13 17 0 10 8 13 4 5 7 5 7 14 14 1 6 10 1 14 14 12 11 12 15 4 17 6
split_gain=7.23313 30.6282 33.6793 28.744 31.993 46.1224 28.3154 21.966 27.1205 21.4907 17.2011 20.8814 21.6248 19.535 17.5983 16.9696 20.9047 15.7619 15.1032 29.997 28.51 24.872 41.4596 30.6613 27.1914 40.415 21.6063 19.2345 18.871 16.4227
threshold=0.3951241434128448 2.0074026584625249 2.7109904330544003e-11 2.2608755826950078 1.6035652160644533 0.1272416548295455 5.8586569662856665e-10 2.782986164093018 1.5618375200169651e-10 1.3613919019699099 5.0311205779027356e-11 0.03492768398160636 0.054384618062374844 0.012785889652173905 0.083090405823481636 0.009628291707485916 0.015164382290095093 0.31178111604453201 3.7945708951627198e-10 3.3998123407363896 0.2789134068328894 0.01918699033558369 0.021773631684482101 0.36394593119621282 5.3649047426773685e-09 0.31231045722961431 5.6418661188217818e-05 1.2119744504274034e-10 0.1441095525568182 7.5488379597054893e-10
decision_type=2 2 2 2 2 2 2 2 2 2 2 2 2 2 2 2 2 2 2 2 2 2 2 2 2 2 2 2 2 2
left_child=-1 -2 17 -4 5 -5 9 8 10 -7 15 13 -13 -12 -15 -6 -17 -3 27 20 -20 24 -23 -24 25 -22 -27 -9 -28 -21
right_child=1 2 3 4 7 6 -8 18 -10 -11 11 12 -14 14 -16 16 -18 -19 19 29 21 22 23 -25 -26 26 28 -29 -30 -31
leaf_value=-0.00080687729490354571 -0.1154539011281564 0.18183461867066403 -0.11391117648395521 0.16604943930557231 0.10965922820705432 0.12837101913401996 0.086906115138621454 0.048518406193173172 -0.12654029135833586 -0.17590603103000083 0.123293820888705 -0.10388773451814562 0.11336400041534966 -0.12676337441872745 0.1314529038300418 -0.13656917328607845 0.12689598740917851 0.049359336154894587 -0.19411593045106756 0.09032154134462847 -0.19316206759501753 -0.20260195730364838 0.09540033071628734 -0.1794796112693012 0.061744791263914724 0.073467434840376503 -0.14294786624658851 -0.10174190005449524 0.096701014762867438 0.0083081987803949649
leaf_weight=8481.3288724283339 18.867579090641811 15.908857086673377 18.691315569216385 30.976729523390532 19.236061539500952 2.9397380799055126 14.70817196369171 145.80688764713705 24.898569729179144 11.031991923227904 4.1385383121669284 6.855152856558564 13.815129704773424 33.051482019945979 2.8684620708227149 8.099584957584737 4.7941920161247245 20.625093258102424 9.7512979470193368 41.353345490992069 13.206217426806687 16.90548013150692 13.392422530800106 5.8220146223902693 49.021742457523942 22.335849557071924 12.003980375826361 9.0476971045136434 4.5242266580462447 59.61283403635025
leaf_count=65500 1322 47 759 35 65 4 29 387 240 107 4 66 19 336 3 136 3 115 89 64 116 138 30 50 109 50 84 47 5 216
internal_value=-2.53439e-05 0.0101054 0.0138336 0.00814737 0.0120795 0.0814441 -0.00993681 0.00413001 -0.0338618 -0.111884 -0.00901155 -0.0403173 0.041314 -0.0824393 -0.106143 0.0501597 -0.038607 0.107046 0.0152372 -6.64518e-05 -0.0288974 -0.0171557 -0.0883827 0.0121111 0.00829352 -0.0420284 0.00932768 0.0397391 -0.0773494 0.0418989
internal_weight=9135.62 654.291 635.423 598.889 580.198 59.6566 28.6799 520.541 117.757 13.9717 92.8586 60.7288 20.6703 40.0585 35.9199 32.1298 12.8938 36.534 402.784 247.929 146.963 137.212 36.1199 19.2144 101.092 52.0703 38.8641 154.855 16.5282 100.966
internal_count=70175 4675 3353 3191 2432 175 140 2257 872 111 632 428 85 343 339 204 139 162 1385 951 671 582 218 80 364 255 139 434 89 280
is_linear=0
shrinkage=0.1


Tree=88
num_leaves=31
num_cat=0
split_feature=3 12 0 13 14 5 9 6 14 5 0 1 12 13 10 12 6 8 13 6 5 13 5 9 8 2 8 15 13 8
split_gain=7.23264 23.2573 15.9197 14.3527 23.1272 16.1304 25.6455 20.9564 17.8868 15.8052 12.6379 48.0037 44.3471 42.7031 42.3685 40.3369 90.9682 45.6544 65.1704 49.0138 47.8723 76.6855 64.4962 61.5353 66.4227 41.2215 38.5648 50.8824 40.9198 35.3418
threshold=0.052642271403297053 0.48195555806159979 1.0760618036811249e-10 1.581391513347626 0.012390391901135446 0.031666218472072641 0.0076234143558218817 1.9414089330659895e-11 0.005840008845552803 0.018156757497686912 6.7731990076566357e-10 0.28596720625724309 0.14122926443815234 1.4250093698501589 1.9596063494682314 0.16555870324373248 4.6436709312784568e-11 1.2303714592623636e-11 1.3828537464141848 3.81935138817477e-11 0.02163592383786404 1.5180104970932009 0.015492080590118066 0.025632217076468889 1.7620320349019653e-10 9.7128764292039374e-11 2.9189208013036308e-11 3.2346870284527547e-05 1.7173058986663821 2.9013388343094238e-12
decision_type=2 2 2 2 2 2 2 2 2 2 2 2 2 2 2 2 2 2 2 2 2 2 2 2 2 2 2 2 2 2
left_child=1 2 -1 5 -5 9 7 8 -7 -4 11 12 13 29 -12 16 -14 19 -19 -17 22 23 -20 -22 25 -25 -23 -28 -29 -2
right_child=10 -3 3 4 -6 6 -8 -9 -10 -11 14 -13 15 -15 -16 17 -18 18 20 -21 21 26 -24 24 -26 -27 27 28 -30 -31
leaf_value=-0.11585275440502754 -0.20739818970313931 -0.13855571187802465 -0.001151875003154021 -0.098227251372675281 0.0085092677217936761 -0.21850121964992841 -0.1062978359211325 0.040906835294908073 0.00011274570865477438 0.06059711350355107 -0.10721195827864212 -0.082888214555192921 -0.097403478083821993 -0.15311157813981935 0.0019809970690527483 0.047657589464680433 0.0088930017808416389 -0.089450720584230897 0.093066474170757696 -0.14034268566307201 -0.11689342278886738 0.10314469048964676 -0.097018355021774041 -0.13874412358858548 -0.038323497285227784 0.10961128772003322 -0.13219929177482581 0.0071561594091078184 -0.073593459511823167 0.027668157367708751
leaf_weight=9.1754649137146753 6.4771642705891272 10.1109812069335 55.694111808435991 24.001287713530473 131.63872487493791 6.1570486202836028 19.420205126516521 78.766037534922361 9.5441638231277448 162.09001592185814 35.727478147309739 81.429354840656742 163.07488877966534 13.865349262603557 6587.8709313755971 211.38040048419498 159.01755254692398 103.84741113660857 21.816524577327073 14.841256603598593 19.524529848014936 23.556370373349637 98.17892317706719 6.9855871279723933 45.183443353162147 154.32680571684614 42.103457628050819 227.38351192977279 86.677745898254216 510.31342532788403
leaf_count=879 198 195 1547 824 730 63 259 265 32 1023 2396 1420 2749 316 40723 1014 715 3849 509 169 607 308 2591 170 993 528 837 1234 725 2307
internal_value=-2.45799e-05 0.0115874 0.0146451 0.0171022 -0.0079506 0.0288585 -0.00163761 0.019878 -0.0856142 0.044806 -0.000707526 -0.00769578 -0.00448766 0.0200754 0.00139201 -0.0139474 -0.0449247 -0.00449719 -0.0153561 0.0353238 -0.00475372 0.00667747 -0.0624588 0.0527956 0.06884 0.0988563 -0.0207733 -0.0289691 -0.0151299 0.024722
internal_weight=9120.18 506.598 496.487 487.312 155.64 331.672 113.887 94.4672 15.7012 217.784 8613.58 1989.98 1908.55 530.656 6623.6 1377.9 322.092 1055.81 829.584 226.222 725.737 605.741 119.995 226.02 206.496 161.312 379.721 356.165 314.061 516.791
internal_count=70175 5817 5622 4743 1554 3189 619 360 95 2570 64358 21239 19819 2821 43119 16998 3464 13534 12351 1183 8502 5402 3100 2298 1691 698 3104 2796 1959 2505
is_linear=0
shrinkage=0.1


Tree=89
num_leaves=31
num_cat=0
split_feature=13 0 3 17 2 12 1 18 19 13 6 9 3 8 10 19 19 17 18 1 5 3 0 11 19 15 8 19 14 7
split_gain=7.22256 7.44605 35.8149 24.4741 24.7647 20.3124 17.5259 20.1036 23.0279 21.2955 17.4298 16.2489 18.5267 17.6009 22.5388 26.1394 35.9143 20.3295 38.472 19.5043 17.6156 19.6805 20.2179 29.7427 18.8829 22.6819 16.464 15.3793 14.86 14.6751
threshold=1.0555326342582705 2.9787915812961641e-10 0.09044834712230311 0.17345081676136367 1.447691194156268e-10 0.11956077814102174 0.17817670423974902 0.078751339889343158 3.4110523462295537 1.4443129301071169 2.3620030549490866e-10 0.0054075353121698184 0.068512982510654616 9.8584674079995807e-12 2.6417671442031865 3.237383365631104 0.44479788839817053 0.071000532670454572 0.10273636077975178 0.13944169824598188 0.021263887935528095 0.076558272620877346 2.5812691445320257e-10 6.5396596471423162e-10 0.053712546825408942 2.1302815184753857e-05 4.4728950410224332e-11 0.045646229758858688 0.0063215892296284446 0.021653944129055514
decision_type=2 2 2 2 2 2 2 2 2 2 2 2 2 2 2 2 2 2 2 2 2 2 2 2 2 2 2 2 2 2
left_child=-1 2 3 4 5 -2 7 -3 9 10 -9 12 28 17 15 16 20 18 -13 -17 -15 22 23 24 -22 -26 -24 -19 -7 -29
right_child=1 6 -4 -5 -6 11 -8 8 -10 -11 -12 13 -14 14 -16 19 -18 27 -20 -21 21 -23 26 -25 25 -27 -28 29 -30 -31
leaf_value=0.06740560608028133 0.084639581832800251 0.048990200761880758 -0.10479200843516606 -0.12017788271982843 0.091600751344900894 -0.045064367667781297 -2.9126063779009477e-05 -0.14749680466476203 0.077282010620062264 -0.12355133442292719 0.10759314171917128 -0.38568749022683668 -0.13515513060701576 -0.099038426395521351 0.057468083006535255 0.11748935641920083 -0.087456612911089665 -0.14104441227165776 0.030836868053870099 -0.15581087890286438 0.13163928446529868 -0.13406899560569438 0.034844299934348504 -0.11307353845029416 -0.12917395256604736 0.034289066699572733 0.19630440074251798 0.0075855130004086491 0.10752558034457077 0.059761092638457081
leaf_weight=15.851556520618031 24.024563625920564 146.80062502686633 37.698299866926391 17.863616594171617 27.356586606241763 41.11043859802885 8140.9022455958184 3.7400042664958155 15.957700298982671 23.551575261051767 9.4383325345115718 3.5971292145550233 20.27259658742696 18.254277470870875 32.924045978114009 17.673185023362752 94.789433622267097 5.7183101812843224 5.7817469080910087 3.063974315300583 13.563665602821855 9.2064968198537809 17.729481682181362 19.914413766935468 10.868027279851956 38.773370043374598 9.8098642751574499 162.74619549955241 7.5550082279369226 80.606707761297002
leaf_count=554 51 2040 895 459 79 360 56104 122 117 428 33 37 323 2019 110 172 3345 95 16 113 56 268 99 243 364 398 17 1008 15 235
internal_value=-3.63445e-05 -0.000154325 -0.00990474 -0.00466898 -0.0015677 -0.00556274 0.000688452 0.029972 -0.0230173 -0.0665933 0.0351988 -0.00909242 -0.0548348 -0.00330659 -0.0203727 -0.0304767 -0.0400555 0.0156163 -0.128915 0.0771085 -0.00752489 0.00641169 0.0180993 -0.00650444 0.027073 -0.00149801 0.0923584 0.0210587 -0.0213757 0.0248678
internal_weight=9077.14 9061.29 720.901 683.203 665.34 637.983 8340.39 199.488 52.6876 36.7299 13.1783 613.958 68.938 545.02 286.57 253.646 232.909 258.45 9.37888 20.7372 138.12 119.865 110.659 83.1195 63.2051 49.6414 27.5393 249.071 48.6654 243.353
internal_count=70175 69621 10777 9882 9423 9344 58844 2740 700 583 155 9293 698 8595 7204 7094 6809 1391 53 285 3464 1445 1177 1061 818 762 116 1338 375 1243
is_linear=0
shrinkage=0.1


Tree=90
num_leaves=31
num_cat=0
split_feature=14 15 11 18 2 11 18 2 13 19 1 4 5 7 14 7 1 2 1 3 4 12 9 19 2 8 6 5 5 10
split_gain=6.92898 7.95903 10.1997 44.8295 19.1943 20.4508 26.8782 18.5074 18.4346 17.9454 27.8815 16.2169 13.7859 13.3312 13.0663 60.1104 26.8007 12.6222 12.5598 20.9538 56.6035 17.5911 26.5908 16.429 23.8346 12.8691 12.5062 17.8708 19.8192 12.133
threshold=0.1004023887217045 0.00014668257790617647 1.1782714803842966e-08 0.056781330119437458 9.7794615948127294e-10 1.434729268723345e-08 0.22953876097347928 5.4574112988331231e-10 2.0809561014175419 0.21684298664331439 0.66187086302003373 1.82990998784146e-10 0.022409404978753822 0.0042716083772615281 0.013649434782564642 0.014742442866730801 0.66187086302003373 8.6241345007577604e-10 0.6084904153666334 0.11410104270981289 8.3543311709853956e-11 0.098362203687429442 0.00080748812283763436 1.0000000180025095e-35 6.5658352844194858e-10 2.6950982928089109e-12 1.1943258475760847e-11 0.01663695589226355 0.021738289207248598 2.1788535118103032
decision_type=2 2 2 2 2 2 2 2 2 2 2 2 2 2 2 2 2 2 2 2 2 2 2 2 2 2 2 2 2 2
left_child=1 2 13 7 5 6 -5 -4 -9 -6 11 -11 17 -1 15 -10 -17 -8 21 23 -21 22 -15 24 29 -23 27 -27 -29 -20
right_child=-2 -3 3 4 9 -7 12 8 14 10 -12 -13 -14 18 -16 16 -18 -19 19 20 -22 25 -24 -25 -26 26 -28 28 -30 -31
leaf_value=-0.05467250938959798 -0.11903718044473939 0.04442992903380772 -0.16321519413639879 -0.19053550469097641 0.086860565392491526 0.027472369741968594 -0.066833163934418391 -0.116130513165131 0.054363396717010126 0.017057977246341411 -0.45218451266324611 -0.14675422865548521 -0.16907564669378472 0.12063739897811121 0.043038130603225658 -0.16860324055192058 -0.62616573542729981 0.11652686625133671 -0.05132231163112401 -0.27777321733148258 0.010292561613099546 -0.13933854719071923 -0.10799603696146097 0.052137827134820819 0.077004137421630203 -0.1106690031393975 0.00022738964298247324 0.15085766552810762 -0.02473738555298869 -0.25602866775889671
leaf_weight=43.701067273505032 4.8901714276871635 40.193135463632643 5.6506936200894406 14.265693479217587 3.9199473299086085 29.747417693026364 6.7781695313751724 9.2068411505315435 17.475083746947352 7.4491501227021208 2.6287350719794622 32.022437172941864 4.246833160519599 6.1191898237448177 120.9434582227841 3.9907228997908524 1.8846430480480192 8.4153960123658162 7.082918176660316 7.8675243079196653 51.289099505869672 6.588776215852703 30.153735260653775 154.78827918204479 9.5140440128743631 5.1410131608135989 8389.0269955814874 19.092738096369434 9.6900850497186166 4.8973104385659099
leaf_count=818 1375 322 67 145 19 117 38 162 58 21 39 331 40 66 473 51 28 7 47 95 332 298 5266 447 20 278 59076 38 53 48
internal_value=-3.48539e-05 2.94222e-05 -0.000168567 -0.0193619 -0.0686179 -0.0329582 -0.0862913 0.0145193 0.0210621 -0.117786 -0.136841 -0.115839 -0.00979521 0.000421008 0.0298158 -0.0386692 -0.315376 0.0347261 0.000697709 0.0234799 -0.0280187 6.41231e-05 -0.0694259 0.0407617 -0.0411618 0.000363144 0.000472424 0.061067 0.0917415 -0.135003
internal_weight=9058.66 9053.77 9013.58 268.625 109.474 63.4535 33.7061 159.151 153.501 46.0203 42.1003 39.4716 19.4404 8744.95 144.294 23.3504 5.87537 15.1936 8701.25 235.439 59.1566 8465.81 36.2729 176.283 21.4943 8429.54 8422.95 33.9238 28.7828 11.9802
internal_count=70175 68800 68478 1596 757 347 230 839 772 410 391 352 85 66882 610 137 79 45 66064 989 427 65075 5332 562 115 59743 59445 369 91 95
is_linear=0
shrinkage=0.1


Tree=91
num_leaves=31
num_cat=0
split_feature=19 11 11 13 0 8 7 5 11 14 8 12 5 1 6 5 5 19 11 13 2 18 9 8 8 17 0 14 8 10
split_gain=6.52465 7.91378 28.1024 13.6822 12.7832 16.6369 7.40973 23.3341 11.4927 12.647 19.2077 16.0402 15.4345 13.0462 9.74979 15.0483 15.6664 12.58 9.61701 18.0209 43.7462 19.6898 18.8433 27.7397 22.4839 31.7322 20.9855 20.9629 20.219 15.2443
threshold=-0.23280943930149076 3.3725666703787742e-09 2.3892972045302945e-09 1.8423839807510378 6.9428524984074067e-09 6.0793341235037887e-12 0.0048399193457203124 0.019979552532625001 1.2425435347296345e-08 0.0060899988748133191 9.2540095043982176e-12 0.11894417554140092 0.016239311856035304 0.60007383106634415 1.234345566355585e-11 0.032454663959927417 0.018605937585467944 1.3710073828697207 6.083177017668363e-10 1.2396092414855959 5.9449371650619303e-11 -0.096471360551235674 0.0084865672572176105 9.9335624217957839e-12 8.4906103679531116e-12 0.074152166193181837 1.9495473070492558e-10 0.0060637674760073432 6.4447746208084069e-12 1.5794196128845217
decision_type=2 2 2 2 2 2 2 2 2 2 2 2 2 2 2 2 2 2 2 2 2 2 2 2 2 2 2 2 2 2
left_child=1 2 -1 -3 5 -5 7 8 9 10 12 -11 13 -2 15 16 17 -8 19 22 -21 29 23 24 27 26 -26 28 -16 -22
right_child=6 3 -4 4 -6 -7 14 -9 -10 11 -12 -13 -14 -15 18 -17 -18 -19 -20 20 21 -23 -24 -25 25 -27 -28 -29 -30 -31
leaf_value=0.076910095770978043 -0.11982708009878816 0.12452364254726611 -0.17561650353353372 0.12937773832460991 0.085597648356694769 -0.1943892010026681 -0.11535607525953168 -0.12813386868137169 0.10831748360657428 -0.13682358966560698 -0.12743673727881924 0.099014057601808009 0.11115743886144414 0.05638257150770868 -0.015241226468031053 -0.17725359661774198 0.098617808591305534 0.14217333280748309 0.00046824476077601639 0.042629392889840648 0.054840049346619062 -0.12474996554137725 0.098207153816530321 -0.10006749045344641 0.012151416842231425 0.039290238741157862 -0.32961730614577012 0.041995081365110688 -0.1794754938861769 -0.12715371224770053
leaf_weight=11.941119381925093 7.6452496676938635 17.760972521733493 6.9844848248176268 2.268821254372595 7.7700083609670401 5.2821413017809391 7.1601082843262684 18.734595426358283 8.2769503667950612 14.049866075627508 7.9803832676261655 3.6287699891254297 17.340076674474403 9.3285093496087921 14.039849176304417 2.7828716561198226 30.364587375428528 2.5804099061060697 8529.8236892658751 34.657551698037423 13.102499420987444 54.261719733069185 17.783576882095076 28.791770905023441 3.2647428438067427 121.59092638688162 3.995207205414772 14.927094700746236 16.08287299668882 7.0946320813382036
leaf_count=43 370 46 79 6 50 62 570 351 17 224 122 10 55 150 67 28 73 14 61437 1151 204 3374 225 415 9 473 38 51 172 289
internal_value=-2.86085e-05 0.0352891 -0.0162847 0.0647936 -0.00444892 -0.0971077 -0.000232939 -0.0292778 -0.00214174 -0.0173864 0.0123029 -0.0884148 0.0448022 -0.022985 5.08577e-05 0.0476152 0.0632187 -0.0471327 -0.000179399 -0.0169404 -0.0501784 -0.0933766 -0.000490434 -0.00914984 0.00590289 0.0271641 -0.175927 -0.0549081 -0.102928 -0.00908877
internal_weight=9041.3 52.0075 18.9256 33.0819 15.321 7.55096 8989.29 86.9844 68.2498 59.9729 42.2942 17.6786 34.3138 16.9738 8902.3 42.888 40.1051 9.74052 8859.42 329.592 109.116 74.4589 220.476 202.692 173.901 128.851 7.25995 45.0498 30.1227 20.1971
internal_count=70175 286 122 164 118 68 69889 1299 948 931 697 234 575 520 68590 685 657 584 67905 6468 5018 3867 1450 1225 810 520 47 290 239 493
is_linear=0
shrinkage=0.1


Tree=92
num_leaves=31
num_cat=0
split_feature=5 8 14 6 5 12 2 17 13 17 10 7 3 9 6 13 15 3 1 8 17 4 19 6 3 17 17 13 3 8
split_gain=6.6261 40.7627 23.1492 21.8933 43.3623 42.534 34.3022 33.7282 33.197 30.6052 56.7027 58.1854 39.5245 37.4553 35.7695 29.619 44.7917 26.4295 25.9679 25.9562 48.9822 23.0154 21.1729 23.2027 40.1331 24.9896 23.421 21.127 64.9039 20.9907
threshold=0.016710637540786531 7.7956538242380576e-12 0.0039448109455406674 1.1235869005878124e-10 0.01663695589226355 0.18723598867654803 4.8628050444083953e-10 0.10491388494318184 2.6201044321060185 0.070290305397727279 1.9815840721130373 0.033678165567229142 0.16261955522523044 0.0096927563560178353 6.9512484783414293e-11 2.1587110757827763 6.0958756876061677e-05 0.23517923405291891 0.33706389967671996 2.4508905980228908e-10 0.085826526988636367 4.6988565091642063e-11 2.0233747959136967 3.1730104612650305e-11 0.099727973351320068 0.060613458806818191 0.051158558238636374 2.8845304250717168 0.10015823313100355 2.8889367674020231e-10
decision_type=2 2 2 2 2 2 2 2 2 2 2 2 2 2 2 2 2 2 2 2 2 2 2 2 2 2 2 2 2 2
left_child=1 2 -1 4 7 8 29 9 17 13 -11 12 15 22 -15 -12 -17 -5 -8 20 -20 -16 23 24 -3 26 -25 -2 -29 -7
right_child=27 3 -4 5 -6 6 18 -9 -10 10 11 -13 -14 14 21 16 -18 -19 19 -21 -22 -23 -24 25 -26 -27 -28 28 -30 -31
leaf_value=0.049751645575649511 -0.00033518135391316797 0.019587870828643949 -0.090802499357470534 -0.22849405609655549 0.14858201812994737 -0.0073705229291736911 0.13381785074977448 -0.10681970712393674 -0.02747864731018089 -0.034704415652347831 0.15586213294437271 -0.09930978357824502 -0.13145424671150815 -0.12791397774950097 -0.10323660026822278 -0.13820956689482206 0.10566995535413254 0.099044242573724378 0.017363672581518382 0.056950375871156735 -0.16961050933107413 0.026325967897894788 0.13847177708393338 0.04511897426900062 -0.12554399455156684 0.14182606689958518 -0.10953631439191343 -0.13232475408232278 0.0066001427319976134 -0.089959917182521304
leaf_weight=14.4908153853612 7709.9748404589482 82.274421262438409 61.235059826460201 18.209241675212983 26.987336158636026 157.74904749705456 23.219125565141439 20.58126614370849 37.761783201247454 52.53909900051076 81.213205973850563 15.199064931366591 6.5999228879809371 34.002883805893362 17.981461511459202 9.4817878764588368 36.60184565698728 2.8490225858986369 82.447329486720264 104.69454710837454 16.879738718271255 57.726641548797488 16.105171228991821 85.120008987840265 24.796031811158173 23.772870708722621 11.064981456380336 49.334849142935127 105.63205515779555 38.231913529802114
leaf_count=2117 51744 685 4226 172 133 1161 30 3077 201 1695 312 175 48 420 147 170 81 4 249 287 128 185 64 377 724 62 145 502 478 376
internal_value=-2.94347e-05 0.00702666 -0.0639062 0.0119815 0.0246975 -0.00390021 0.00717379 0.0188836 -0.0835798 0.0235495 0.0546282 0.0861077 0.107155 0.00578936 -0.0427129 0.119526 0.0554913 -0.184181 0.0336125 0.0222084 -0.0144109 -0.00444649 0.0276754 0.0198156 -0.0140227 0.0500186 0.0273277 -0.00106997 -0.0376276 -0.023482
internal_weight=9024.76 1159.82 75.7259 1084.09 602.048 482.042 423.222 575.061 58.82 554.479 201.635 149.096 133.897 352.844 109.711 127.297 46.0836 21.0583 227.241 204.022 99.3271 75.7081 243.133 227.028 107.07 119.958 96.185 7864.94 154.967 195.981
internal_count=70175 17451 6343 11108 8500 2608 2231 8367 377 5290 2481 786 611 2809 752 563 251 176 694 664 377 332 2057 1993 1409 584 522 52724 980 1537
is_linear=0
shrinkage=0.1


Tree=93
num_leaves=31
num_cat=0
split_feature=8 2 14 17 15 1 8 3 8 9 9 5 5 17 13 5 14 7 13 18 19 8 17 3 13 12 8 9 17 3
split_gain=6.47915 20.9955 16.588 29.1132 18.0654 30.3024 24.7375 16.9676 13.6922 30.4114 28.6714 31.271 37.5305 23.7077 46.3951 23.4777 21.4861 21.0477 18.3718 17.3392 16.1487 15.8484 40.4445 32.3805 29.2536 57.2477 30.2914 24.9788 27.69 23.8655
threshold=3.3094257387132263e-12 5.3309797824562865e-10 0.0048490706831216821 0.048406427556818191 4.0648359572514898e-05 0.29812079319761675 2.8053521015002556e-12 0.099258199386371787 5.4116062220601036e-12 0.002444654156897172 0.0023573323857159225 0.041480195939474725 0.02270375051138394 0.047651811079545463 1.2748063206672671 0.03426449445629895 0.0048490706831216821 0.019328845386943651 1.1013265252113345 -0.056236848641261029 1.0920624136924746 6.7058117015849866e-12 0.075483842329545456 0.062080095886997984 1.3613919019699099 0.11707487329840661 6.1742848468500354e-12 0.0030621049221436305 0.057550603693181823 0.090840750644982607
decision_type=2 2 2 2 2 2 2 2 2 2 2 2 2 2 2 2 2 2 2 2 2 2 2 2 2 2 2 2 2 2
left_child=1 2 3 -1 5 6 -5 -7 9 10 11 12 -2 16 15 -15 -14 -16 -11 -12 -18 22 24 -24 27 -26 -27 28 -10 -28
right_child=8 -3 -4 4 -6 7 -8 -9 21 18 19 -13 13 14 17 -17 20 -19 -20 -21 -22 -23 23 -25 25 26 29 -29 -30 -31
leaf_value=-0.12989376093517996 -0.10705893452905973 -0.12776483612221889 0.10549815233315894 -0.16521060692151524 0.1116532493068188 0.0026584417120051516 0.060061097635219607 -0.21006840383362879 0.049029853423240864 0.11043222911508473 -0.15193580475814522 -0.14734897900525509 -0.12375483604472048 0.12234437213410188 -0.16410256905046905 -0.090868079013439892 0.084368046806941363 0.015887621034366303 -0.15814173542542498 0.14826780565069969 -0.072062687232935713 -0.00070971578798026413 0.019418808435132079 -0.14890987703011085 0.040784730217881163 -0.17460408365502761 0.051029634218534882 0.084341627182516629 -0.18527848290345539 -0.086277228731163974
leaf_weight=12.430867755174402 31.87041426054202 8.9120246925740485 24.329207639908418 5.3351764772087327 22.319590979255736 6.6737363626016295 56.471956959925592 8.5572261528577638 14.831825125264006 2.8717486616224077 2.200172548589765 18.294062249595299 6.4295740988454773 19.169639484956864 23.357836742885411 7.0689894407987586 61.010995344724506 9.0003220140933973 22.520432992489077 15.325314543559214 7.3996027424000195 8212.7780888185662 21.637098326405976 24.220013465499505 164.05380910262465 19.060182270361111 22.250188156962395 118.469383644755 7.6426255828700951 29.365075380075723
leaf_count=1521 3956 433 56 141 83 135 185 216 631 55 71 129 467 39 295 39 230 40 568 127 78 57710 121 390 1343 325 90 337 72 292
internal_value=-3.26498e-05 0.0209328 0.0306685 0.0143829 0.0324337 0.00948205 0.0406157 -0.116858 -0.000375803 -0.0246453 -0.0116262 -0.0232912 -0.00956216 0.0137242 -0.033912 0.0649025 0.0510214 -0.114039 -0.127767 0.11058 0.0674478 0.000260902 0.0191717 -0.0694861 0.0299938 0.00837044 -0.0668705 0.0660056 -0.0306487 -0.0270873
internal_weight=9005.86 145.03 136.118 111.789 99.3577 77.0381 61.8071 15.231 8860.83 226.519 201.127 183.601 165.307 133.437 58.5968 26.2386 74.8402 32.3582 25.3922 17.5255 68.4106 8634.31 421.53 45.8571 375.673 234.729 70.6754 140.944 22.4745 51.6153
internal_count=70175 2770 2337 2281 760 677 326 351 67405 6094 5471 5273 5144 1188 413 78 775 335 623 198 308 61311 3601 511 3090 2050 707 1040 703 382
is_linear=0
shrinkage=0.1


Tree=94
num_leaves=31
num_cat=0
split_feature=10 8 13 5 15 8 14 10 2 18 10 8 7 8 10 4 13 6 12 18 2 14 5 13 15 2 17 11 13 7
split_gain=6.58044 41.433 63.8049 47.4266 40.1947 32.5353 52.7222 47.1901 45.9429 47.1766 42.6531 38.6591 30.3343 29.9167 29.4023 42.1521 32.3499 31.0842 29.3537 32.5115 40.5735 29.2592 32.8919 45.3927 69.8709 31.466 38.1418 28.5049 28.0884 45.3296
threshold=2.702591180801392 1.2091831482836395e-10 1.5862162709236147 0.02231162668866311 5.8695757616078488e-05 1.9454076958933962e-10 0.01122572459280491 2.8171720504760747 1.1802381560820656e-09 -0.020484822191065174 2.9140065908432011 8.809280163493665e-11 0.038391909053706895 8.590179964309328e-11 2.7945520877838139 6.7528777772614089e-11 1.8369622826576235 1.3416276088218238e-10 0.30639770627021795 -0.46316203373399639 4.6642855782727044e-10 0.010096125770360233 0.016386488387308253 1.6489843130111697 4.4535854613059207e-05 5.8994322455876752e-10 0.12204811789772728 2.0155005442390465e-09 2.128265500068665 0.027866094515082929
decision_type=2 2 2 2 2 2 2 2 2 2 2 2 2 2 2 2 2 2 2 2 2 2 2 2 2 2 2 2 2 2
left_child=1 28 3 -3 -4 6 7 8 9 -2 21 -8 -11 -14 17 16 -16 -13 19 -6 -21 -7 -23 24 -24 26 -25 -9 -1 -30
right_child=5 2 4 -5 18 10 11 27 -10 12 -12 14 13 -15 15 -17 -18 -19 -20 20 -22 22 23 25 -26 -27 -28 -29 29 -31
leaf_value=0.0029981673828337265 0.060146338342333308 -0.07792920868892432 -0.094416241820667657 0.05033971176435495 0.15379347090000775 0.15270481912583755 -0.15072383703253919 0.04541732177784083 -0.25137003094349247 0.023866843003330043 0.0031720000236161827 -0.071191316133193461 0.056676479142330774 -0.16524196043875042 0.014072244641013802 0.034818866101252725 -0.1351019261282779 0.072378738226174813 0.1851385875894378 -0.12572202662992024 -0.006659800462752153 0.022846967909190181 -0.036190231399954947 -0.12949940114465738 0.16280577261971402 -0.003489711831306671 -0.036165711540064031 -0.23099242762183622 -0.0095913605711342095 -0.096864424618910372
leaf_weight=4186.952710623038 71.916977446526289 37.722200683550909 151.35666723456234 122.22343408549204 8.9413607530295831 8.512797646224497 11.029443686828015 4.8278203308582333 7.3736976794898501 25.864107735455036 2683.4350771792815 16.072295619174838 7.720941610634326 28.491273231804371 29.835852017626166 283.82049541734159 28.351536385715008 244.34939079172909 6.5795817058533421 41.253952203784138 93.47120150225237 80.604277117177844 82.339727161452174 109.54614340141416 22.456629667431116 51.212369437329471 72.937682684510946 16.420385509729385 378.19501551019493 70.628652306040749
leaf_count=44995 179 479 1580 480 10 10 80 14 60 74 13013 107 21 230 127 828 235 643 18 431 520 363 673 997 44 239 421 134 2448 722
internal_value=-3.18247e-05 -0.00239516 -0.0309681 0.0200883 -0.0580442 0.0030673 0.0213847 -0.0292394 -0.00835448 0.00501875 -0.00150213 0.0348041 -0.0588479 -0.117926 0.0382008 0.018923 -0.0586122 0.0635181 -0.0214034 -0.0308625 -0.0431176 -0.0308343 -0.0345624 -0.0482331 0.00645228 -0.0727557 -0.0921945 -0.168189 0.000449628 -0.023325
internal_weight=8984.44 5097.32 461.548 159.946 301.603 3887.12 776.074 162.615 141.367 133.993 3111.04 613.459 62.0763 36.2122 602.43 342.008 58.1874 260.422 150.246 143.667 134.725 427.61 419.097 338.493 104.796 233.696 182.484 21.2482 4635.78 448.824
internal_count=70175 51683 3518 959 2559 18492 2732 712 564 504 15760 2020 325 251 1940 1190 362 750 979 961 951 2747 2737 2374 717 1657 1418 148 48165 3170
is_linear=0
shrinkage=0.1


Tree=95
num_leaves=31
num_cat=0
split_feature=18 10 6 10 10 5 4 2 11 7 0 17 11 3 19 4 19 17 14 10 18 1 7 15 8 8 0 9 7 5
split_gain=6.8484 24.9528 25.8976 31.8259 33.3694 20.1094 21.9284 38.8178 22.2409 21.2807 22.8354 19.954 27.84 18.6042 31.2614 15.6431 15.335 34.8677 26.4739 29.1545 15.1681 14.0025 12.6179 11.5163 11.4836 33.7931 22.7013 20.4225 11.4585 36.1727
threshold=0.3951241434128448 2.0074026584625249 3.7225528024687542e-11 2.2608755826950078 2.3161214590072636 0.034610978420198148 1.5928401554891658e-10 8.3959190188131278e-10 5.2888666779438162e-09 0.054384618062374844 4.7292333192711349e-10 0.11818625710227275 3.191224728915643e-09 0.12677485949013331 1.164783835411072 4.9953676993803974e-11 2.6342730522155766 0.12360174005681819 0.018079148605465892 3.1824334859848027 0.40644432104785339 0.34382613815326968 0.1204741833734758 6.4336207287851735e-05 3.7985385009535032e-10 7.1704995813303903e-10 1.5531650555324706e-09 0.11342701954649846 0.11375190341808956 0.023883683175468986
decision_type=2 2 2 2 2 2 2 2 2 2 2 2 2 2 2 2 2 2 2 2 2 2 2 2 2 2 2 2 2 2
left_child=-1 -2 -3 -4 -5 6 8 -8 11 -7 -11 12 13 14 -6 20 17 -17 -19 -20 -13 -12 -23 -14 -18 26 -26 -28 -10 -30
right_child=1 2 3 4 5 9 7 -9 28 10 21 15 23 -15 -16 16 24 18 19 -21 -22 22 -24 -25 25 -27 27 -29 29 -31
leaf_value=-0.00079435784171528329 -0.11418936088275894 0.10794085279287198 -0.11849355601160383 0.12955109611166266 0.16314646089812324 -0.089109206243141809 -0.20386126569758278 0.027231965652141837 0.051015343489287816 -0.22193404345632356 0.088460776650974224 0.091399460531170568 -0.15829615325474566 0.099532405449928862 -0.13612477778249985 0.099598380504592451 0.047014282011885247 -0.19296234536529044 0.079171864918465312 -0.18766697655661396 -0.14117707606749463 -0.12542718352120633 0.062180682103375129 -0.027746611528533589 -0.20665047059405622 0.073743175816719395 -0.12499738579105338 0.11635512455535889 -0.17488216050230523 0.061723645205178437
leaf_weight=8326.2839712143468 15.774189072602892 27.552456354140304 19.022156322491355 23.548078521620482 4.733368016779429 10.257589698303489 14.15934080630541 14.936173876747487 113.06150219123811 2.7373602390289298 76.033730948343873 3.5855397880077389 24.829086366575211 12.964305538684128 13.292188199236987 12.989582391455768 96.509310089051723 14.826205030083655 11.880141876637937 6.2479717023670664 12.867141417227684 6.2818786818534127 8.3503937721252424 9.2836818993091565 10.426757730543615 23.114372856914997 7.4874273948371393 6.5931834429502487 9.8600135594606417 18.746099106967449
leaf_count=65500 1322 111 794 114 4 91 119 53 318 23 113 8 261 28 171 35 280 145 25 55 162 43 16 48 92 52 52 10 85 45
internal_value=-3.26304e-05 0.0100035 0.0131829 0.00874742 0.0129967 0.0079704 -0.00131893 -0.0852296 0.00458825 0.0476144 0.0626295 -0.0121647 -0.060439 0.00817056 -0.0575385 0.00305256 0.0111496 -0.0391591 -0.0938531 -0.0127959 -0.0904916 0.0712209 -0.0183625 -0.122768 0.0271863 -0.0129967 -0.0948063 -0.0119851 0.0367099 -0.0198301
internal_weight=8958.24 631.951 616.177 588.625 569.602 546.054 442.393 29.0955 413.298 103.661 93.4034 271.63 65.1026 30.9899 18.0256 206.528 190.075 45.9439 32.9543 18.1281 16.4527 90.666 14.6323 34.1128 144.131 47.6217 24.5074 14.0806 141.668 28.6061
internal_count=70175 4675 3353 3242 2448 2334 2048 172 1876 286 195 1428 512 203 175 916 746 260 225 80 170 172 59 309 486 206 154 62 448 130
is_linear=0
shrinkage=0.1


Tree=96
num_leaves=31
num_cat=0
split_feature=3 12 0 4 18 5 8 17 13 10 17 4 2 5 18 9 2 17 13 1 3 3 17 10 10 5 13 7 15 1
split_gain=6.93207 19.7392 12.9163 11.5836 14.366 10.858 31.4615 32.6657 59.8773 31.9218 28.6838 45.6898 40.5027 57.4025 38.6966 38.477 46.959 32.8371 32.7612 52.1467 31.9215 28.5709 26.2701 24.4452 33.6466 25.5969 23.5875 22.2006 20.5365 22.6594
threshold=0.052642271403297053 0.48195555806159979 1.0760618036811249e-10 2.0271324845206028e-11 0.12330285798419607 0.017238648472952579 7.7956538242380576e-12 0.10491388494318184 2.5873274803161626 1.638176500797272 0.070290305397727279 5.1513714980035205e-11 6.1550042180860632e-10 0.014245941506137673 -0.045940908307040278 0.0096927563560178353 5.3945650937149843e-10 0.050004438920454551 1.6981950402259829 0.2807523900842796 0.08025802327830163 0.1077691528380527 0.050359552556818191 2.1387495994567876 2.3632266521453862 0.016159638865047992 2.5873274803161626 0.055230715777318654 4.4141284888610251e-05 0.4912397542529649
decision_type=2 2 2 2 2 2 2 2 2 2 2 2 2 2 2 2 2 2 2 2 2 2 2 2 2 2 2 2 2 2
left_child=1 2 -1 4 -2 6 9 10 -9 -5 15 18 13 -13 26 28 22 21 19 20 -12 -18 -17 -20 -25 27 -15 -26 -8 -30
right_child=3 -3 -4 5 -6 -7 7 8 -10 -11 11 12 -14 14 -16 16 17 -19 23 -21 -22 -23 -24 24 25 -27 -28 -29 29 -31
leaf_value=-0.11385563926072471 -0.12965498234081249 -0.13386167711582547 0.016441499176101528 0.10436201266258045 0.037269246333967269 -0.0019603817287832696 -0.057045436556642418 -0.070905921910688993 0.091487227161457962 -0.084161496330627403 -0.068524866089105754 0.051815148961652659 0.040252289264065766 -0.1024511180818021 -0.16504767127512521 0.034404512879435849 -0.048882933748206972 0.021392301969686327 -0.10876175074914125 -0.14552314821169529 0.11350274451394043 -0.31611022176533243 -0.12404796071825164 0.15278132649247617 0.051247338366785182 0.1394032431616119 0.10740268481660274 -0.13852851201480496 0.088420495661254067 0.018207104013067518
leaf_weight=7.7328041279688469 14.902597156993581 9.1593855132523441 471.16484140470857 10.547912045381961 7.8830983461230053 7244.9669048729993 25.654641661094502 101.34116170956986 29.261171845253557 60.486519402998965 14.055830498924477 36.882354491390288 118.95682542119175 10.77100842446089 39.44178734626621 12.737693808507172 18.601813813671473 133.23426683992147 6.6234480150742447 17.958747058408335 30.624361571623012 5.0972884371876708 58.595414314419031 56.052563766483217 115.66375803388655 33.849922448396683 10.654024600982664 6.5112964585423461 63.041075065266341 169.6658166940324
leaf_count=879 1576 195 4743 173 284 47477 597 2584 59 5607 492 129 319 76 403 61 91 422 418 252 344 50 629 190 458 78 16 74 491 1008
internal_value=-3.16889e-05 0.0115563 0.0143376 -0.00070067 -0.0719047 -0.00050824 0.0083602 0.0124701 -0.0345221 -0.0561676 0.0187029 0.0355737 0.00106293 -0.046629 -0.106281 0.00143627 -0.0284792 0.00210007 0.0621562 -0.00160664 0.0562391 -0.106359 -0.0957537 0.0804187 0.0863271 0.0624531 0.00190287 0.0411333 0.027867 0.0372281
internal_weight=8942.12 488.057 478.898 8454.06 22.7857 8431.28 1186.31 1115.28 130.602 71.0344 984.674 498.046 216.706 97.7492 60.8668 486.628 228.266 156.933 281.34 62.6389 44.6802 23.6991 71.3331 218.701 212.078 156.025 21.425 122.175 258.362 232.707
internal_count=70175 5817 5622 64358 1860 62498 15021 9241 2643 5780 6598 3249 943 624 495 3349 1253 563 2306 1088 836 141 690 1218 800 610 92 532 2096 1499
is_linear=0
shrinkage=0.1


Tree=97
num_leaves=31
num_cat=0
split_feature=13 12 17 3 18 7 12 14 9 10 1 5 4 2 0 8 10 18 10 3 12 6 4 3 1 6 4 18 2 19
split_gain=6.32693 7.03915 6.59949 56.2891 51.0736 46.6586 40.4385 36.79 35.0276 53.1975 32.6717 47.4266 42.2362 35.8549 29.956 27.4102 48.7371 42.4278 40.8917 29.0734 26.9721 39.6703 36.8106 37.7006 32.8303 26.483 37.077 44.9757 43.3036 36.6419
threshold=1.0555326342582705 0.16181075572967532 0.12151544744318184 0.11464257394493789 0.066692537850361666 0.054384618062374844 0.44406966865062719 0.010096125770360233 0.037910410139102568 2.3465398550033574 0.33190952157698478 0.033600727078688698 2.167742135081024e-10 1.2096169052885753e-10 3.2219164547494321e-09 2.1841495503845725e-10 2.9023021459579472 -0.17195829527124507 2.5453374385833745 0.095729301247296575 0.36011907458305364 6.8852173335683672e-10 1.0965395477278228e-10 0.068779216462209039 0.23761793245203447 5.0588915821280151e-10 1.4902618484358303e-10 -0.027154485441066998 3.2259353843119977e-10 1.8594670295715334
decision_type=2 2 2 2 2 2 2 2 2 2 2 2 2 2 2 2 2 2 2 2 2 2 2 2 2 2 2 2 2 2
left_child=1 -1 6 5 -5 8 -2 -7 9 -4 11 12 15 -13 -15 18 17 -17 -9 20 21 22 23 -18 -25 -12 28 -28 -27 -29
right_child=2 -3 3 4 -6 7 -8 10 -10 -11 25 13 -14 14 -16 16 19 -19 -20 -21 -22 -23 -24 24 -26 26 27 29 -30 -31
leaf_value=0.088269369268200337 -0.0013893120058920897 -0.13525061067316366 -0.0586003564051545 -0.018649747528392723 -0.14704754496510472 0.084139335634424828 -0.16467181649890913 -0.055884766565916191 -0.10488104061862105 0.11074338901569336 0.051687312932449818 -0.12266052132719898 -0.16591984010681871 0.043582462129733303 -0.16327914757706108 0.10652308499392436 -0.076693869036770154 -0.11757960525172689 0.03457886423870872 -0.10629949289122648 -0.024449735665336668 0.078023247819365607 -0.16972892418679952 -0.14996597515229645 0.062788921298849845 0.032682175242707626 -0.13098699900063165 0.071564774865215647 -0.079710998304956537 -0.0059096449696126041
leaf_weight=13.436651103256734 6561.0058712244208 1.5739646665751923 58.805790511891246 114.35534326103516 42.491323659196496 69.269693242385983 15.202709296718238 62.838879663555417 59.746729182952549 27.09871431440115 273.45068847760558 14.306161716580389 17.32375286379829 320.74535621498944 7.1566247188020489 9.5455413796007615 37.756608365103602 73.477042818674818 243.94195790588856 29.190040724352002 274.56927477475256 81.228377968072891 13.077926203608511 7.9926611650735131 78.372114177793264 61.014221081510186 15.810422013135392 163.88131638325285 78.236753378994763 97.28621621709317
leaf_count=537 51513 17 3924 688 403 741 160 730 1558 126 719 142 180 2263 102 30 334 864 813 290 1697 205 89 92 236 276 140 377 506 423
internal_value=-3.64157e-05 0.0648318 -0.000145709 0.0044238 -0.053434 0.00859397 -0.00176678 0.0125157 -0.0460781 -0.0051806 0.009986 0.000480249 -0.0112394 0.0323065 0.0390676 -0.00830112 -0.0206442 -0.0918133 0.0160489 -0.00932896 -0.00358739 0.0226371 -0.0101541 0.00665939 0.0430994 0.0275112 0.0116282 0.0327905 -0.0304648 0.0427052
internal_weight=8924.19 15.0106 8909.18 2332.97 156.847 2176.12 6576.21 2030.47 145.651 85.9045 1961.2 1271.52 929.314 342.208 327.902 911.99 605.21 83.0226 306.781 522.187 492.997 218.428 137.199 124.121 86.3648 689.68 416.229 276.978 139.251 261.168
internal_count=70175 554 69621 17948 1091 16857 51673 11249 5608 4050 10508 8067 5560 2507 2365 5380 3837 894 1543 2943 2653 956 751 662 328 2441 1722 940 782 800
is_linear=0
shrinkage=0.1


Tree=98
num_leaves=31
num_cat=0
split_feature=12 10 4 7 17 8 5 2 13 0 15 17 11 17 5 1 12 12 3 8 7 19 2 2 18 1 8 7 5 0
split_gain=6.45834 28.4243 37.9565 34.7625 36.8918 31.8583 28.5695 27.9545 52.8761 44.0119 27.0736 26.4347 24.0483 25.1107 36.1227 45.0293 32.0966 30.8461 28.8301 50.9184 24.5999 28.0095 22.8418 22.8361 21.6509 21.2892 20.5431 39.0366 28.2864 55.7243
threshold=0.32754084467887884 2.9388306140899663 8.0282085836872198e-11 0.1298137675980722 0.14246715198863638 2.7365694462404212e-10 0.02592046063650829 5.9799374109374074e-10 1.6489843130111697 7.3789737128336521e-10 5.8695757616078488e-05 0.13492098721590912 1.0182148457715814e-09 0.14868164062500003 0.02163592383786404 0.40782881950214517 0.38822124898433691 0.51818144321441661 0.081907441117637425 2.5960228364882643e-10 0.090144328954742295 1.4247956275939944 4.8628050444083953e-10 5.3309797824562865e-10 0.3951241434128448 0.29291176298880794 1.880968623398657e-10 0.074130079291528192 0.033600727078688698 9.9265202467636631e-10
decision_type=2 2 2 2 2 2 2 2 2 2 2 2 2 2 2 2 2 2 2 2 2 2 2 2 2 2 2 2 2 2
left_child=1 5 3 4 10 -1 7 8 9 -7 -3 -4 -2 14 15 -14 22 -16 25 -20 -21 -22 -17 -12 -19 26 -15 -28 29 -29
right_child=12 2 11 -5 -6 6 -8 -9 -10 -11 23 -13 13 18 17 16 -18 24 19 20 21 -23 -24 -25 -26 -27 27 28 -30 -31
leaf_value=4.0545737450515108e-05 -0.10689345630397672 -0.15216701609063368 0.019326776938614999 0.16960781013020018 0.099308979851612481 -0.11734734288619478 -0.1172771715248373 0.032704599284853683 -0.11004325428052111 0.13878653386960491 -0.11774540771839477 0.11605525536002737 -0.098071386858650314 0.045404978029686273 -0.0018715254932461574 -0.064977778405017658 -0.11995568800145413 -0.14005115015737021 -0.21976622744627111 0.057629225601899231 -0.12371547168562413 -0.0059172210738847155 0.054013578397842099 0.060352391620849523 0.091652410640682191 0.047298215638405021 -0.19038825536277343 -0.00054614725102182624 0.04443162782228928 -0.16582859819157064
leaf_weight=5686.3203342302004 22.930258418695303 37.017639745026827 929.64671673998237 6.76306602731347 11.397674761712549 10.129708617343569 39.590539332013577 57.756636800244451 60.628619847819209 19.864355428609997 13.537438176572325 29.138682562857866 102.00277798762545 101.21682197693735 982.08841545134783 21.883632831275463 19.443144179880619 25.808127654716376 12.586493998765944 39.248291911091655 26.696447081107181 82.756365768640535 61.384862570092082 15.37792846560478 4.7797308936715117 202.46961425518384 11.177969086915253 141.37255978630856 93.513405155565124 23.83760718582198
leaf_count=53592 522 397 3149 19 14 193 392 206 658 48 127 30 1066 295 4358 148 158 250 109 106 341 400 149 36 8 579 108 842 1629 246
internal_value=-3.75282e-05 0.00140257 0.0166165 -0.0478012 -0.066815 -0.0012984 -0.0418031 -0.0216651 -0.0563166 0.052284 -0.0955324 0.0222665 -0.00508078 -0.00388495 -0.0126965 -0.0510086 -0.00427069 -0.00495162 0.0107122 -0.0266399 -0.0102931 -0.0346492 0.0227417 -0.0230285 -0.103845 0.0212153 0.00698532 -0.00742259 0.000482312 -0.0243942
internal_weight=8892.37 6917.17 1042.88 84.0937 77.3307 5874.29 187.97 148.379 90.6227 29.9941 65.933 958.785 1975.2 1952.27 1217.39 204.714 102.712 1012.68 734.876 161.288 148.701 109.453 83.2685 28.9154 30.5879 573.588 371.118 269.902 258.724 165.21
internal_count=70175 58861 3772 593 574 55089 1497 1105 899 241 560 3179 11314 10792 6137 1521 455 4616 4655 956 847 741 297 163 258 3699 3120 2825 2717 1088
is_linear=0
shrinkage=0.1


Tree=99
num_leaves=31
num_cat=0
split_feature=3 12 0 0 1 12 11 8 9 10 8 2 18 6 7 8 15 3 13 4 5 13 10 3 12 5 2 11 5 7
split_gain=6.58825 16.68 11.1109 10.8288 20.9973 19.2755 18.2057 13.2488 14.2092 12.3985 16.3177 13.589 12.4338 11.0526 14.2977 10.1688 9.77563 9.74114 12.2761 9.74088 12.1403 9.73203 62.2623 41.4655 65.0975 36.224 33.4989 51.7987 50.654 62.7369
threshold=0.052642271403297053 0.48195555806159979 1.0760618036811249e-10 7.0297668715964657e-10 0.28270050341474878 0.31447058916091924 1.6021161286516875e-08 4.1474798348048173e-10 0.16762623954945613 3.6582145690917973 5.0008660625305471e-10 9.4226737178710411e-11 0.31130783687959512 2.6576955625000912e-10 0.14736468925400209 7.5796448256545282e-12 5.1160110160708434e-05 0.04322326625437569 1.1908829212188723 2.4220883289073505e-10 0.014519433141968288 1.4767406582832339 1.9707003831863406 0.081907441117637425 0.14426954835653308 0.061582613918586639 1.5551680930252852e-10 2.2281440026361569e-09 0.025791146272410498 0.10419528430412704
decision_type=2 2 2 2 2 2 2 2 2 2 2 2 2 2 2 2 2 2 2 2 2 2 2 2 2 2 2 2 2 2
left_child=1 2 -1 9 -5 6 -6 16 19 10 11 12 13 15 -15 17 -7 -4 -19 20 -9 23 -23 -2 25 -25 -24 28 -28 -30
right_child=21 -3 3 4 5 7 -8 8 -10 -11 -12 -13 -14 14 -16 -17 -18 18 -20 -21 -22 22 26 24 -26 -27 27 -29 29 -31
leaf_value=-0.11218276718910253 0.010176165138000908 -0.12996270420042927 -0.18609685397998185 -0.16150420035098345 -0.12986234213640141 -0.054221305386617957 0.091457161065742573 0.089427778983251133 0.091150388985755115 0.2313729784233016 -0.12920945303989131 0.057865374907531221 -0.16140361067044584 -0.15281816401172424 0.13351472409324658 0.025651243917507623 0.098730878664023289 -0.24281831963794342 0.017632410116440365 0.12652497530707094 -0.14002686212356694 -0.10198392292539299 -0.032056473637906251 -0.013834842778046233 -0.059860422061599319 0.04733247769434698 -0.0005782693182312665 -5.2524798567893602e-05 0.055071296495897072 -0.17227658247099648
leaf_weight=6.8952539744786909 788.35648816055618 8.2082930233445932 4.0500056772143607 8.9112075616139901 16.624623811047062 4.9651619708165553 4.7870169021189204 2.8086993806064191 7.6906789839267722 2.8352543637156478 7.0520210312679401 91.030341206002049 4.0140530615462913 7.6676989546976966 2.2573047913610935 240.92648243636359 26.378369834972546 2.0566864464199197 15.069966002425643 2.182604268193244 12.880165934562681 58.061314690916333 276.00797626483836 633.09959783434169 296.44623969399254 114.29760940745473 375.10569257952739 5378.0702638879302 448.31297907559201 12.475604623556135
leaf_count=879 9487 195 65 194 424 31 11 7 22 3 102 445 246 99 2 2704 54 46 131 2 155 3287 3226 10376 3804 285 3996 27937 1850 110
internal_value=-3.99997e-05 0.0113627 0.0138252 0.015697 -0.0160543 0.000495488 -0.0803818 0.0309268 -0.0225032 0.0230442 0.0214654 0.0243601 0.0133111 0.0158892 -0.0876957 0.0198116 0.0745016 -0.0466256 -0.0136443 -0.0714121 -0.0989487 -0.000692156 0.00111047 -0.00713448 -0.0202082 -0.00448068 0.00203278 0.00354693 0.0267055 0.048916
internal_weight=8859.53 479.292 471.084 464.188 87.2285 78.3173 21.4116 56.9057 25.5621 376.96 374.125 367.073 276.042 272.028 9.925 262.103 31.3435 21.1767 17.1267 17.8715 15.6889 8380.23 6548.03 1832.2 1043.84 747.397 6489.97 6213.96 835.894 460.789
internal_count=70175 5817 5622 4743 900 706 435 271 186 3843 3840 3738 3293 3047 101 2946 85 242 177 164 162 64358 40406 23952 14465 10661 37119 33893 5956 1960
is_linear=0
shrinkage=0.1


end of trees

feature_importances:
line_length=309
bp_gamma=251
rel_bp_theta=230
rel_bp_alpha=214
hjorth_mobility=205
zero_crossing_rate=191
hjorth_complexity=170
rel_bp_beta=166
rel_bp_delta=155
bp_beta=141
kurtosis=137
spectral_entropy=135
bp_alpha=122
skewness=107
rel_bp_gamma=104
bp_theta=103
bp_delta=101
rms_amplitude=82
hjorth_activity=77

parameters:
[boosting: gbdt]
[objective: binary]
[metric: binary_logloss]
[tree_learner: serial]
[device_type: cpu]
[data_sample_strategy: bagging]
[data: ]
[valid: ]
[num_iterations: 100]
[learning_rate: 0.1]
[num_leaves: 31]
[num_threads: 2]
[seed: 42]
[deterministic: 0]
[force_col_wise: 0]
[force_row_wise: 0]
[histogram_pool_size: -1]
[max_depth: -1]
[min_data_in_leaf: 20]
[min_sum_hessian_in_leaf: 0.001]
[bagging_fraction: 1]
[pos_bagging_fraction: 1]
[neg_bagging_fraction: 1]
[bagging_freq: 0]
[bagging_seed: 400]
[bagging_by_query: 0]
[feature_fraction: 1]
[feature_fraction_bynode: 1]
[feature_fraction_seed: 30056]
[extra_trees: 0]
[extra_seed: 12879]
[early_stopping_round: 0]
[early_stopping_min_delta: 0]
[first_metric_only: 0]
[max_delta_step: 0]
[lambda_l1: 0]
[lambda_l2: 0]
[linear_lambda: 0]
[min_gain_to_split: 0]
[drop_rate: 0.1]
[max_drop: 50]
[skip_drop: 0.5]
[xgboost_dart_mode: 0]
[uniform_drop: 0]
[drop_seed: 17869]
[top_rate: 0.2]
[other_rate: 0.1]
[min_data_per_group: 100]
[max_cat_threshold: 32]
[cat_l2: 10]
[cat_smooth: 10]
[max_cat_to_onehot: 4]
[top_k: 20]
[monotone_constraints: ]
[monotone_constraints_method: basic]
[monotone_penalty: 0]
[feature_contri: ]
[forcedsplits_filename: ]
[refit_decay_rate: 0.9]
[cegb_tradeoff: 1]
[cegb_penalty_split: 0]
[cegb_penalty_feature_lazy: ]
[cegb_penalty_feature_coupled: ]
[path_smooth: 0]
[interaction_constraints: ]
[verbosity: -1]
[saved_feature_importance_type: 0]
[use_quantized_grad: 0]
[num_grad_quant_bins: 4]
[quant_train_renew_leaf: 0]
[stochastic_rounding: 1]
[linear_tree: 0]
[max_bin: 255]
[max_bin_by_feature: ]
[min_data_in_bin: 3]
[bin_construct_sample_cnt: 200000]
[data_random_seed: 175]
[is_enable_sparse: 1]
[enable_bundle: 1]
[use_missing: 1]
[zero_as_missing: 0]
[feature_pre_filter: 1]
[pre_partition: 0]
[two_round: 0]
[header: 0]
[label_column: ]
[weight_column: ]
[group_column: ]
[ignore_column: ]
[categorical_feature: ]
[forcedbins_filename: ]
[precise_float_parser: 0]
[parser_config_file: ]
[objective_seed: 16083]
[num_class: 1]
[is_unbalance: 0]
[scale_pos_weight: 1]
[sigmoid: 1]
[boost_from_average: 1]
[reg_sqrt: 0]
[alpha: 0.9]
[fair_c: 1]
[poisson_max_delta_step: 0.7]
[tweedie_variance_power: 1.5]
[lambdarank_truncation_level: 30]
[lambdarank_norm: 1]
[label_gain: ]
[lambdarank_position_bias_regularization: 0]
[eval_at: ]
[multi_error_top_k: 1]
[auc_mu_weights: ]
[num_machines: 1]
[local_listen_port: 12400]
[time_out: 120]
[machine_list_filename: ]
[machines: ]
[gpu_platform_id: -1]
[gpu_device_id: -1]
[gpu_use_dp: 0]
[num_gpu: 1]

end of parameters

pandas_categorical:[]
