tree
version=v4
num_class=1
num_tree_per_iteration=1
label_index=0
max_feature_idx=19
objective=binary sigmoid:1
feature_names=bp_delta rel_bp_delta bp_theta rel_bp_theta bp_alpha rel_bp_alpha bp_beta rel_bp_beta bp_gamma rel_bp_gamma spectral_entropy hjorth_activity hjorth_mobility hjorth_complexity line_length rms_amplitude variance zero_crossing_rate skewness kurtosis
feature_infos=[1.6304531455426513e-11:2.095934633123358e-07] [0.012868393086247465:0.87996460213622418] [5.4511067598912403e-12:1.1465412729328893e-07] [0.0052087267016526695:0.32303691487769193] [2.0981635008511697e-12:7.3211835079205076e-08] [0.00199914514433193:0.18568444061250028] [3.0755425917673132e-12:7.1752170175107016e-08] [0.0023989351083083007:0.38308891399712669] [8.6026170835788429e-13:2.7822206871697119e-08] [0.00042436836692896275:0.49530154950508537] [0.36721134185791016:5.8551225662231445] [5.3122121285165136e-11:5.5732346027070889e-07] [0.061995521187782288:1.2306011915206909] [0.89050710201263428:5.6886491775512695] [0.0020153357181698084:0.29283860325813293] [7.2376856223854702e-06:0.00071873120032250881] [5.3122121285165136e-11:5.5732346027070889e-07] [0.012073863636363636:0.46799538352272729] [-2.0532801266420972:2.5196367901834575] [-0.51731336116790771:93.068817138671875]
tree_sizes=3497 3502 3482 3512 3491 3508 3492 3495 3510 3503 3521 3511 3517 3515 3520 3504 3513 3525 3526 3507 3508 3522 3510 3533 3521 3527 3523 3518 3510 3508 3530 3500 3504 3507 3482 3526 3512 3490 3525 3512 3476 3525 3507 3454 3505 3505 3500 3498 3484 3483 3506 3494 3484 3478 3487 3449 3494 3504 3482 3446 3503 3486 3513 3455 3450 3489 3516 3486 3492 3488 3473 3469 3484 3501 3467 3476 3478 3479 3475 3449 3454 3470 3461 3473 3498 3476 3519 3473 3501 3431 3489 3442 3487 3474 3477 3462 3496 3464 3485 3494

Tree=0
num_leaves=31
num_cat=0
split_feature=2 4 8 8 3 19 1 14 1 14 12 17 7 8 12 14 7 3 11 9 14 10 5 19 5 1 6 7 11 8
split_gain=3757.86 1598.88 1251.23 1406.71 1143.03 1019.81 865.526 849.663 793.127 773.396 626.289 846.954 475.754 456.74 653.723 473.968 493.656 447.66 436.031 370.711 354.466 407.534 350.283 324.887 313.831 325.509 309.146 349.483 248.183 237.745
threshold=8.3600918925489959e-10 7.084367684067167e-11 1.0727520272100642e-12 5.4111602771069452e-12 0.053024776119995516 1.3121693730354311 0.54671755504257369 0.052798181772232063 0.11405214099934563 0.0074605839326977738 0.13952820003032687 0.15059037642045456 0.0141612838714742 1.0136149543281171e-11 0.10007270425558092 0.011962418910115959 0.01359451839384002 0.071500256045511038 9.5334101724020591e-10 0.005577375355534449 0.0052373583894222983 1.5278929471969607 0.025762602750166366 1.038135349750519 0.0064442458237890035 0.33593152506426488 1.9996244929547133e-11 0.045995098342220792 1.9302638376572649e-09 1.0688472382843542e-11
decision_type=2 2 2 2 2 2 2 2 2 2 2 2 2 2 2 2 2 2 2 2 2 2 2 2 2 2 2 2 2 2
left_child=1 2 -1 -4 8 9 10 13 23 -2 12 22 -6 14 -3 16 19 -17 -13 -15 21 -16 28 -5 -10 -26 -24 -28 -12 -18
right_child=5 7 3 4 6 -7 -8 -9 24 -11 11 18 -14 15 20 17 29 -19 -20 -21 -22 -23 26 -25 25 -27 27 -29 -30 -31
leaf_value=0.16671944762010016 -0.18209907844360565 -0.11399263843434304 -0.15602167316998564 -0.11144478978317061 -0.069815354840112642 0.0018224986029850392 0.10062238394069921 -0.20000002311269927 -0.073087777001633991 0.18519341858061569 -0.18251920694263626 -0.20000002311269927 0.086661209318169188 -0.053573254230401303 -0.20000002311269927 -0.023120588864154263 0.048294012638269712 0.062150421374395033 0.064079483414165403 0.14086916108444961 0.047859575029472835 0.15192546873618387 0.081294552398827824 0.0057882091952807507 0.061075884777239624 -0.092238564126580547 -0.15280721403519346 0.016792259532822981 -0.1045812943141647 -0.094886682177948323
leaf_weight=271.08934497833252 59.715561270713806 186.43136787414551 1118.104434132576 627.70065343379974 484.45745086669922 471.3937793970108 270.24378395080566 169.29357516765594 227.41740655899048 1434.7463470697403 1100.713436961174 75.139596104621887 324.42458498477936 175.2081207036972 34.488156676292419 948.82426071166992 133.46238303184509 1753.4013071060181 372.40593731403351 222.65583264827728 1177.3900860548019 716.84415018558502 114.00486016273499 379.19778537750244 1998.0966601371765 148.79600298404694 385.06723046302795 177.50972509384155 649.76727688312531 884.75878071784973
leaf_count=265 436 1131 7635 3779 2551 1870 588 1291 1211 922 8045 573 788 871 263 4193 417 5038 1057 322 3688 893 288 1477 5780 844 2607 656 3831 5061
internal_value=-2.5424e-08 -0.0169031 -0.044755 -0.051537 -0.0356098 0.130066 -0.0721157 0.0210468 0.00707743 0.170517 -0.0847889 -0.106662 -0.00705609 0.0270502 0.0648212 0.00765113 -0.039212 0.0322095 0.0197425 0.0552422 0.0821055 0.135771 -0.129971 -0.0672949 0.0386173 0.05045 -0.0688642 -0.0992935 -0.153589 -0.0761194
internal_weight=17092.7 15126.9 8724.14 8453.05 7334.94 1965.86 3953.73 6402.76 3381.21 1494.46 3683.49 2874.61 808.882 6233.46 2115.15 4118.31 1416.09 2702.23 447.546 397.864 1928.72 751.332 2427.06 1006.9 2374.31 2146.89 676.582 562.577 1750.48 1018.22
internal_count=68371 65143 41975 41710 34075 3228 20984 23168 13091 1358 20396 17057 3339 21877 5975 15902 6671 9231 1630 1193 4844 1156 15427 5256 7835 6624 3551 3263 11876 5478
is_linear=0
shrinkage=1


Tree=1
num_leaves=31
num_cat=0
split_feature=1 4 8 8 12 3 1 4 5 14 8 7 3 14 10 14 7 3 5 14 8 14 1 5 4 7 17 17 17 8
split_gain=3199.39 1923.76 1028.34 1210.33 916.736 828.926 657.75 633.341 592.91 451.2 437.507 634.618 404.915 528.414 405.653 485.057 404.754 379.219 330.084 314.472 307.004 305.938 301.393 306.45 300.463 293.954 291.599 288.384 253.243 236.39
threshold=0.62232262232540514 8.1566830879428327e-11 1.0727520272100642e-12 5.4111602771069452e-12 0.80187836289405834 0.053024776119995516 0.11583018296754412 4.3447326952376521e-11 0.028641871388539231 0.0044482711236923942 1.0223271316913033e-11 0.06704897019079803 0.15564190647298673 0.0051804909016937026 2.9511440992355351 0.0073164086788892755 0.053767842496103425 0.095092274331711607 0.011968491911001926 0.0070095595438033351 3.1487416310739677e-11 0.0057608166243880996 0.33593152506426488 0.0064442458237890035 2.4073104088580648e-11 0.011868264206255348 0.1321244673295455 0.1114834872159091 0.17593661221590912 3.071592346217866e-11
decision_type=2 2 2 2 2 2 2 2 2 2 2 2 2 2 2 2 2 2 2 2 2 2 2 2 2 2 2 2 2 2
left_child=1 2 -1 -4 8 6 27 9 21 25 17 -12 13 -10 15 29 -17 -9 24 -2 -14 -3 23 -8 -11 -7 -13 -5 -29 -15
right_child=19 4 3 5 -6 7 22 10 12 18 11 26 20 14 -16 16 -18 -19 -20 -21 -22 -23 -24 -25 -26 -27 -28 28 -30 -31
leaf_value=0.15123743867525141 0.0028950688904532877 -0.19075375324612434 -0.14196364532621039 0.052020729610514217 -0.17149169226169234 -0.15364739005711084 -0.075145591174371085 0.080420560218774126 0.12410335161706681 -0.18691516498134042 -0.099593319808735772 -0.066194762575891103 -0.036028842168818707 0.042473784996615152 0.070452918156687777 -0.13885938835133166 0.029545243572790366 -0.072073380804936735 -0.14833096959206171 0.17571005490784194 0.17078840704622075 -0.002230454201364284 -0.09589720456863382 0.054660666170399289 0.077301137697255995 0.071476342723053157 0.057164182343293596 -0.12398728804765291 -0.010763546330507252 -0.19097449220977222
leaf_weight=272.27014616131783 116.83721587061882 90.953971937298775 1149.4710772037506 186.16383248567581 216.40721623599529 80.954852238297462 199.62619316577911 530.98278596997261 707.12709964811802 63.872170478105545 1257.3178979456425 298.70692045986652 85.186853587627411 1195.4327584207058 1339.0933569967747 377.01785969734192 229.65465635061264 235.3558861464262 1273.097398430109 1066.1320564299822 455.87275788187981 1606.4343603104353 167.606529712677 2045.0582657456398 131.96124017238617 204.56287731230259 534.51398767530918 574.25643992424011 301.1318946480751 45.008896991610527
leaf_count=269 467 696 7908 589 1605 560 1098 1326 1099 490 7490 1586 400 3781 3539 2494 804 1256 8881 609 303 6414 990 5940 350 536 1583 3672 1292 344
internal_value=-1.3586e-06 -0.0118379 -0.0403019 -0.0459492 0.0307891 -0.0322988 0.00459228 -0.0600899 0.0379282 -0.107381 -0.0310476 -0.054741 0.0571668 0.0459019 0.0285464 -0.00183436 -0.0751102 0.033587 -0.129739 0.158642 0.138226 -0.0123324 0.0334579 0.0431166 -0.0088745 0.00764543 0.0129404 -0.0610025 -0.0850385 0.0340032
internal_weight=17038.1 15855.1 9506.91 9234.64 6348.19 8085.17 3473.84 4611.33 6131.78 1754.45 2856.88 2090.54 4434.39 3893.33 3186.21 1847.11 606.673 766.339 1468.93 1182.97 541.06 1697.39 2412.29 2244.68 195.833 285.518 833.221 1061.55 875.388 1240.44
internal_count=68371 67295 45816 45547 21479 37639 13581 24058 19874 10817 13241 10659 12764 12061 10962 7423 3298 2582 9721 1076 703 7110 8028 7038 840 1096 3169 5553 4964 4125
is_linear=0
shrinkage=0.1


Tree=2
num_leaves=31
num_cat=0
split_feature=1 5 17 1 8 3 7 3 17 7 8 13 13 17 8 14 14 9 5 5 1 17 5 3 14 14 9 17 3 17
split_gain=2646.33 1616.72 1110.76 964.576 664.504 982.762 656.245 650.229 605.681 577.561 474.884 614.273 469.716 368.279 349.099 336.9 298.6 974.006 289.125 276.227 263.548 370.586 346.717 259.562 255.319 288.97 241.222 237.503 233.314 232.965
threshold=0.60824546679676772 0.021402814289732282 0.1453080610795455 0.11405214099934563 1.0223271316913033e-11 0.14779060269132019 0.06704897019079803 0.10917122054640431 0.33407315340909094 0.01359451839384002 1.0727520272100642e-12 1.6751590967178347 1.4806499481201174 0.040727095170454551 2.9194644427096631e-11 0.0073164086788892755 0.0041429768316447744 0.002864323250523449 0.0084865004393037055 0.03159789727105012 0.48266035756364267 0.10633433948863637 0.013581726330167082 0.029004233703688799 0.014158135745674373 0.0056521256919950255 0.005311860299307432 0.12435635653409093 0.079053207536758333 0.057062322443181823
decision_type=2 2 2 2 2 2 2 2 2 2 2 2 2 2 2 2 2 2 2 2 2 2 2 2 2 2 2 2 2 2
left_child=1 2 10 19 7 6 9 23 -8 26 -1 16 -4 -9 -7 -2 17 -12 -19 27 21 -13 -23 -5 25 -11 -6 -3 -25 -20
right_child=15 3 12 4 5 14 8 13 -10 24 11 20 -14 -15 -16 -17 -18 18 29 -21 -22 22 -24 28 -26 -27 -28 -29 -30 -31
leaf_value=0.12945867941349129 0.015572506599846875 0.05715847641165233 -0.070854102236623875 -0.12465708587390945 -0.066843571104504257 -0.10448019455389279 0.031307817560448946 -0.17047849499106763 -0.16912023380978464 0.0033920433056997216 -0.16034468100904639 -0.12640126834487297 0.054800864366746818 0.014075997723767962 0.14929919806202263 0.16103487278677137 -0.14939786666222618 -0.16372134053812648 -0.18383600563722047 -0.13651515454719942 0.025897541361833643 0.04926635850396141 -0.073354570487236398 0.11451878492905712 0.036053701155198195 -0.10523125898505983 0.10081914796020104 -0.12167578286255963 0.04965706891979077 0.094806070746128457
leaf_weight=107.80250507593155 186.97657339274883 181.34946109354496 405.72875507175922 57.903517231345177 118.35424749553204 60.119617134332657 2897.4501163512468 149.25806039571762 159.05079075694084 297.28083960711956 595.53111058473587 558.25306710600853 1115.1627681553364 392.35544565320015 550.93242098391056 1072.5934579670429 1307.4030429124832 61.67552262544632 32.925842747092247 501.15785285830498 444.8698773086071 386.43507386744022 571.79278610646725 1447.1683946251869 190.43089319765568 1390.2172652930021 312.08331890404224 125.76100569963455 899.14981780946255 338.26564745604992
leaf_count=126 695 585 2241 370 634 364 9659 1115 1255 1176 4485 3681 3305 1437 481 650 9352 458 254 3423 1566 1199 3177 2484 624 8658 652 837 2627 801
internal_value=-4.84892e-06 -0.0112238 -0.0524013 0.0138544 0.0233313 0.00416993 -0.00951623 0.0622019 0.0208782 -0.0497613 -0.0778411 -0.0830417 0.0212798 -0.0367836 0.124331 0.139442 -0.117687 -0.0773739 0.0367759 -0.0907521 -0.0417815 -0.0616356 -0.0239039 0.084501 -0.073709 -0.0860955 0.0547182 -0.0160737 0.0896627 0.0700896
internal_weight=16915.4 15655.9 5925.85 9730.02 8921.75 5975.92 5364.87 2945.84 3056.5 2308.37 4404.95 4297.15 1520.89 541.614 611.052 1259.57 2335.8 1028.4 432.867 808.268 1961.35 1516.48 958.228 2404.22 1877.93 1687.5 430.438 307.11 2346.32 371.191
internal_count=68371 67026 30645 36381 31536 23503 22658 8033 10914 11744 25099 24973 5546 2552 845 1345 15350 5998 1513 4845 9623 8057 4376 5481 10458 9834 1286 1422 5111 1055
is_linear=0
shrinkage=0.1


Tree=3
num_leaves=31
num_cat=0
split_feature=1 4 9 8 12 3 0 4 5 14 8 7 3 10 14 6 3 5 5 10 17 14 6 14 17 19 3 14 1 17
split_gain=2211.81 1328.4 745.813 1015.48 646.612 640.014 472.829 464.179 454.714 374.673 354.581 449.358 299.858 291.738 577.826 377.212 291.109 289.982 287.556 273.605 244.387 242.557 236.075 234.504 225.189 216.243 206.623 199.256 182.235 177.267
threshold=0.62232262232540514 8.1566830879428327e-11 0.00091994236374830631 5.4111602771069452e-12 0.80187836289405834 0.05466313755614479 1.5335894721709448e-10 3.9234577325991203e-11 0.029639194757020728 0.0043017691932618627 9.6831264378806191e-12 0.065764014485126213 0.095092274331711607 2.9511440992355351 0.0052373583894222983 3.5498032938455238e-11 0.12900649322123744 0.0067885280166577596 0.011968491911001926 1.7981880903244021 0.1321244673295455 0.0056812698021531114 2.9088592523131959e-11 0.0070095595438033351 0.044367009943181823 1.1872849464416506 0.071756080913832412 0.0056812698021531114 0.24764665225083879 0.1453080610795455
decision_type=2 2 2 2 2 2 2 2 2 2 2 2 2 2 2 2 2 2 2 2 2 2 2 2 2 2 2 2 2 2
left_child=1 2 -1 -4 8 6 25 9 21 -7 12 -12 -9 14 24 27 -15 -8 22 -19 -13 -3 -11 -2 -10 -5 -23 -16 -22 -21
right_child=23 4 3 5 -6 7 17 10 13 18 11 20 -14 16 15 -17 -18 19 -20 29 28 26 -24 -25 -26 -27 -28 -29 -30 -31
leaf_value=0.11674755832845039 0.0010480634021022527 -0.16840933310083114 -0.13133500647721749 -0.089182993056765053 -0.14846439714047266 0.019257711367224234 -0.070142510952024548 0.074008897675634872 -0.12564834545207523 -0.13489410595764875 -0.083797733181376108 -0.064758157101647215 -0.06290710143850832 0.053352914224617222 -0.14650082375302828 -0.043315293034870694 0.14354969015642563 0.063585187026026543 -0.14632765230352784 -0.052704503462866814 -0.010751647206677794 -0.050806466703361287 0.10058636503645453 0.15066916414537879 0.11637982503084479 0.021369210825313005 0.022111739968246391 0.060162531173451862 0.10549523139732127 0.032984821199004234
leaf_weight=318.41445137560368 116.85025118291378 90.808460138738155 1051.7052274867892 647.11275427043438 205.86577168107033 215.12125863134861 286.83969317376614 494.78731739521027 40.65028227865696 77.64773366600275 1455.3902491033077 296.36557631194592 236.37532897293568 1066.2177332937717 49.57504491508007 979.42717327177525 538.57483276724815 1459.8619853109121 950.68270724266768 431.20307929813862 265.60248375684023 567.7982665002346 94.250160798430443 1011.7832730561495 707.92938680946827 243.5128765180707 1231.3308743909001 791.64555308222771 273.94949817657471 548.52709535509348
leaf_count=478 467 723 7699 3993 1605 775 1583 1201 256 557 8769 1622 1279 2983 322 4874 443 3933 7210 2192 1108 2804 202 609 1012 918 4282 2175 529 1768
internal_value=-1.17641e-05 -0.0097818 -0.0336679 -0.0389725 0.0258288 -0.0267956 0.00430319 -0.0525941 0.0317459 -0.101639 -0.0308876 -0.0502358 0.0297457 0.0501722 0.0292779 -0.00113122 0.0836233 0.0249677 -0.124806 0.0361504 0.00819771 -0.00894947 -0.00578216 0.135179 0.103237 -0.0589561 -0.000900967 0.0479834 0.048271 -0.00472913
internal_weight=16745.8 15617.2 9347.35 9028.94 6269.82 7977.23 3617.06 4360.17 6063.96 1337.7 3022.47 2291.31 731.163 4174.02 2569.23 1820.65 1604.79 2726.43 1122.58 2439.59 835.918 1889.94 171.898 1128.63 748.58 890.626 1799.13 841.221 539.552 979.73
internal_count=68371 67295 45816 45338 21479 37639 14387 23252 19874 8744 14508 12028 2480 12065 8639 7371 3426 9476 7969 7893 3259 7809 759 1076 1268 4911 7086 2497 1637 3960
is_linear=0
shrinkage=0.1


Tree=4
num_leaves=31
num_cat=0
split_feature=1 5 17 1 8 6 3 7 3 11 12 13 8 13 8 12 12 3 5 5 3 3 9 12 12 2 9 17 17 1
split_gain=1865.87 1129.06 828.111 689.093 489.172 753.29 729.245 530.072 526.351 431.459 391.465 369.477 451.115 337.374 262.732 243.855 721.215 236.853 236.65 233.067 222.895 204.753 197.106 201.327 190.666 190.145 187.249 172.442 166.836 258.74
threshold=0.60824546679676772 0.021402814289732282 0.1453080610795455 0.11405214099934563 1.0397585379169102e-11 1.2904609152529121e-10 0.12900649322123744 0.01359451839384002 0.089971951046760312 9.5353600571002078e-09 0.10007270425558092 1.7731441855430605 1.2125704097769121e-12 1.4766080975532534 1.6570919971018831e-11 0.13394232839345935 0.094150457531213774 0.029004233703688799 0.010069602065317956 0.030892846499259673 0.08954998852588901 0.030230304501666427 0.0048228470876302094 0.18198023736476901 0.1378319710493088 2.4837892290276324e-11 0.12249946374544661 0.12435635653409093 0.11920720880681819 0.50070398678479611
decision_type=2 2 2 2 2 2 2 2 2 2 2 2 2 2 2 2 2 2 2 2 2 2 2 2 2 2 2 2 2 2
left_child=1 2 11 19 8 7 9 22 17 -7 -10 12 -1 25 -2 16 -14 -5 -18 27 -20 -9 -6 -24 -12 -4 -15 -3 29 -13
right_child=14 3 13 4 5 6 -8 21 10 -11 24 28 15 26 -16 -17 18 -19 20 -21 -22 -23 23 -25 -26 -27 -28 -29 -30 -31
leaf_value=0.090893321932602578 0.020133380262382747 0.058338925341213682 0.016719076554493725 -0.11597145117912809 -0.07685323737700081 0.024725736311589738 0.12828054051294943 0.075837721970341693 -0.16268416780572925 -0.074409028086693016 0.044370940989378181 -0.085333895324778586 -0.1449661986492829 0.057160676972992375 0.14286496071749855 -0.12879095322957965 -0.15577683490145111 0.090332673343546735 0.066654478573649117 -0.11860771413902221 -0.095116149538198358 -0.087802181136215018 0.10807094896510697 -0.19196946004072926 -0.062329664577255708 -0.12397632131356205 -0.12262433129076672 -0.10105124367186247 0.014069077732043845 0.022874391929113141
leaf_weight=131.37882005423307 212.51992612332106 170.16659536212683 174.24108278751373 57.371833816170692 96.39766650646925 2806.1753165870905 608.50745637714863 81.033621862530708 134.87883553653955 520.44606882333755 719.13440746068954 736.95590469241142 591.12670694291592 1058.8202008083463 972.96028050780296 1321.229155741632 75.026758804917336 1853.8783972114325 422.03345394134521 504.54515133053064 106.70834068953991 1355.6893563121557 302.41010694205761 24.149486385285854 218.31090565025806 214.06777255237103 61.284396409988403 112.91694347560406 575.65317334234715 315.60866612941027
leaf_count=264 734 547 731 373 548 9688 616 195 1097 3001 2153 4523 4743 2985 611 9718 584 3619 1232 3531 686 8412 546 187 1101 1457 373 767 2239 1110
internal_value=-1.29301e-05 -0.00934809 -0.0442259 0.0117409 0.0197804 0.00284199 0.0276277 -0.0496052 0.0526788 0.00921622 -0.00339564 -0.0666999 -0.0897529 0.0194786 0.120863 -0.0991853 -0.0664494 0.0841398 0.0104234 -0.0778616 0.0340066 -0.0785726 0.0487929 0.0858826 0.0195227 -0.0608438 0.0473241 -0.00523895 -0.0292154 -0.0528879
internal_weight=16535.6 15350.1 5784.13 9566.01 8778.38 5794.81 3935.13 1859.68 2983.57 3326.62 1072.32 4275.72 2647.5 1508.41 1185.48 2516.12 1194.9 1911.25 603.769 787.629 528.742 1436.72 422.957 326.56 937.445 388.309 1120.1 283.084 1628.22 1052.56
internal_count=68371 67026 30645 36381 31536 23193 13305 9888 8343 12689 4351 25099 17227 5546 1345 16963 7245 3992 2502 4845 1918 8607 1281 733 3254 2188 3358 1314 7872 5633
is_linear=0
shrinkage=0.1


Tree=5
num_leaves=31
num_cat=0
split_feature=1 4 3 1 17 4 5 19 3 5 13 17 3 14 7 14 3 4 7 8 10 14 1 14 3 9 8 13 18 3
split_gain=1581.43 926.553 572.996 690.077 494.215 464.522 344.308 258.816 254.016 241.51 342.423 325.25 232.184 322.5 259.036 322.478 228.892 235.862 198.368 197.259 276.03 195.75 182.144 181.388 170.592 170.09 162.421 161.351 152.425 151.101
threshold=0.62232262232540514 8.1566830879428327e-11 0.060459066614299867 0.11405214099934563 0.33407315340909094 4.8090567525372822e-11 0.029639194757020728 1.1872849464416506 0.10917122054640431 0.021402814289732282 1.7261351943016054 0.15516246448863638 0.15564190647298673 0.0051804909016937026 0.069460744688866996 0.0073164086788892755 0.049109715406773065 1.3388759605609069e-11 0.039645746173843956 1.0223271316913033e-11 2.7126486301422124 0.0073164086788892755 0.32555159938124406 0.0056812698021531114 0.059514599500338085 0.027219005179430222 2.7538007535986547e-11 2.1354032754898076 0.19822283868085258 0.015309400620977031
decision_type=2 2 2 2 2 2 2 2 2 2 2 2 2 2 2 2 2 2 2 2 2 2 2 2 2 2 2 2 2 2
left_child=1 2 3 7 6 -4 23 29 19 11 28 16 13 -8 15 26 17 -5 22 -7 -21 -2 -19 -3 -25 -17 -15 -13 -11 -1
right_child=21 4 5 9 -6 8 12 -9 -10 10 -12 27 -14 14 -16 25 -18 18 -20 20 -22 -23 -24 24 -26 -27 -28 -29 -30 -31
leaf_value=-0.027725918156950122 0.0057437985454889609 -0.15257951628614652 -0.096405410704606107 -0.10576760259496319 -0.14856913135157304 0.037275913568579101 0.097143094547920569 0.0063676088114257359 -0.10982299853512445 0.08686592559140871 -0.075303165472638933 0.066934502595515255 0.1086449654757131 0.030738793002928078 0.053951117447860554 -0.12537834032225897 -0.082821404607858931 0.056693790599013597 -0.10848180213360058 -0.069412778664483796 0.022131730865867921 0.13557364131167668 -0.090538855026599432 -0.094133929506763747 0.0081074258237601952 -0.010210130604681891 -0.16165424097024683 -0.13912458174524947 -0.031287009154173838 -0.10692199852174374
leaf_weight=335.70448753237724 133.09291917830706 84.014490537345409 1705.7497815489769 177.1349711343646 165.68692591041327 547.22284077852964 664.35864818096161 424.92628752440214 319.38861126452684 981.54808966070414 179.20230644196272 660.70198442786932 472.70677601546049 1130.752057954669 1283.9023668691516 274.61603611707687 498.40732462704182 673.69884051382542 104.53234953433275 843.10750118643045 540.55331794172525 911.29126489907503 95.997541896998882 181.57404718548059 1612.1730018332601 240.58132293820381 45.651359066367149 40.319372102618217 122.85211776942015 853.19563049077988
leaf_count=1906 503 723 11886 1166 1443 1714 1078 1830 2225 2102 979 1692 655 3630 3493 1927 3148 1912 652 5133 1955 573 599 1060 6035 1065 370 253 570 6094
internal_value=-1.90394e-05 -0.00816644 -0.0284284 -0.00643695 0.0217994 -0.0570473 0.0265116 -0.0606183 -0.0272132 0.0183026 0.0529174 -0.0014379 0.0427115 0.0341488 0.0200836 -0.00562133 -0.0270045 -0.000544022 0.0207762 -0.0135486 -0.0336492 0.119029 0.0383307 -0.00896844 -0.00224207 -0.0715983 0.0232728 0.055083 0.0737227 -0.0845598
internal_weight=16304.6 15260.3 9104.24 5148.22 6156.02 3956.02 5990.33 1613.83 2250.27 3534.39 1283.6 2250.79 4112.57 3639.86 2975.5 1691.6 1549.77 1051.36 874.229 1930.88 1383.66 1044.38 769.696 1877.76 1793.75 515.197 1176.4 701.021 1104.4 1188.9
internal_count=68371 67295 45816 22903 21479 22913 20036 9830 11027 13073 3651 9422 12218 11563 10485 6992 7477 4329 3163 8802 7088 1076 2511 7818 7095 2992 4000 1945 2672 8000
is_linear=0
shrinkage=0.1


Tree=6
num_leaves=31
num_cat=0
split_feature=1 5 17 1 17 14 17 17 6 14 3 2 8 13 13 14 6 9 14 9 5 5 0 17 12 12 9 3 5 0
split_gain=1358.11 810.471 635.382 479.059 333.913 296.435 278.772 375.518 522.613 521.056 347.205 328.227 272.96 331.057 256.735 229.089 442.264 345.504 224.617 702.878 220.442 196.733 193.262 171.321 167.131 163.837 163.779 161.071 153.204 145.594
threshold=0.58810627774938207 0.021402814289732282 0.1453080610795455 0.085584402393559411 0.33407315340909094 0.0073164086788892755 0.039217862215909095 0.082586115056818191 1.3334995694228642e-10 0.0066568104084581145 0.12900649322123744 1.6636728635544063e-10 1.0727520272100642e-12 1.6751590967178347 1.4472242593765261 0.0055953375995159158 2.6480522029287806e-11 0.0085349745907358585 0.0041429768316447744 0.002864323250523449 0.025762602750166366 0.0084865004393037055 5.9282018494743764e-09 0.057062322443181823 0.091986101120710387 0.48576992750167852 0.014766821097359576 0.050944428539829743 0.030892846499259673 6.4619912295563582e-11
decision_type=2 2 2 2 2 2 2 2 2 2 2 2 2 2 2 2 2 2 2 2 2 2 2 2 2 2 2 2 2 2
left_child=1 2 12 28 6 24 -5 11 9 15 22 -8 -1 18 29 17 -17 -9 19 -14 -13 -21 -10 -23 -2 26 -16 -19 -3 -4
right_child=5 3 14 4 -6 -7 7 8 10 -11 -12 20 13 -15 25 16 -18 27 -20 21 -22 23 -24 -25 -26 -27 -28 -29 -30 -31
leaf_value=0.10457912981532247 -0.13598226391797105 -0.015925226698200946 0.012183022237601837 -0.1020420700103242 -0.14091511711891783 0.1253476262135986 0.091509908149969246 -0.102119976379761 0.021235150276496549 -0.093449685074767461 0.11410082304524659 -0.071115687706466743 -0.13103442599139989 -0.03217920769346088 -0.1646197528205971 0.090776686490301017 -0.063662261708868656 0.14023101123481876 -0.11936385239067736 -0.13272417092957881 0.035478584841276195 -0.15796714529420072 -0.12534726853610503 0.089802672209229939 0.049774653458959935 -0.15833105738761233 0.052320094090538907 -0.12751840257712918 -0.14893967589818333 -0.12471703710652238
leaf_weight=99.085223011672497 61.7299759760499 135.3220320045948 140.80264598876238 193.51131866127253 136.59569745510817 982.7723710089922 1107.6243320181966 344.65952568501234 3007.3848995268345 878.66085424274206 416.4362285733223 222.14687572419643 525.85526746511459 1821.6469152793288 35.935367964208126 543.89482530206442 281.33953861147165 109.44321652501822 1180.4001207053661 55.652523033320904 1531.8282249942422 30.448147989809513 92.719142913818359 334.37941946834326 224.90628295391798 40.864211961627007 1101.5022993981838 28.27175585180521 240.45683287084103 173.29882539063692
leaf_count=126 431 704 612 1343 1270 801 2035 2110 10420 6010 467 1238 4482 9417 259 1119 1597 151 9309 458 4816 254 575 801 651 277 3138 209 2031 1260
internal_value=-1.8294e-05 -0.00852676 -0.0387879 0.00955713 0.0142297 0.0992499 0.0166494 0.0193312 0.00449833 -0.0338946 0.0283676 0.0488914 -0.0593525 -0.0634664 0.016984 0.006124 0.0381252 -0.0486229 -0.0902653 -0.0539695 0.0219781 0.0424085 0.0168511 0.069124 0.00977005 0.0383984 0.0454663 0.0852642 -0.10104 -0.0633487
internal_weight=16079.6 14810.2 5539.87 9270.3 8894.52 1269.41 8757.92 8564.41 5702.81 2186.27 3516.54 2861.6 4047.47 3948.38 1492.4 1307.61 825.234 482.374 2126.74 946.335 1753.98 420.48 3100.1 364.828 286.636 1178.3 1137.44 137.715 375.779 314.101
internal_count=68371 66488 30393 36095 33360 1883 32090 30747 22658 11196 11462 8089 24847 24721 5546 5186 2716 2470 15304 5995 6054 1513 10995 1055 1082 3674 3397 360 2735 1872
is_linear=0
shrinkage=0.1


Tree=7
num_leaves=31
num_cat=0
split_feature=1 4 8 8 12 8 17 17 3 5 1 3 3 14 14 15 4 5 5 5 8 4 7 14 9 5 8 9 10 10
split_gain=1160.79 653.097 410.856 633.762 395.123 290.913 531.117 402.825 366.425 355.1 316.998 290.366 231.984 306.938 282.539 221.716 204.226 387.648 198.292 270.4 242.627 178.678 173.622 164.097 374.482 166.852 163.098 158.95 156.86 155.713
threshold=0.62232262232540514 9.9917187841765849e-11 1.0727520272100642e-12 5.4111602771069452e-12 0.80187836289405834 9.8970119315453905e-12 0.1445978338068182 0.11268199573863637 0.043123611393914775 0.017152537858444689 0.20821553061527984 0.081628522316261595 0.15564190647298673 0.0052373583894222983 0.0072727270890027293 4.8335721658077098e-05 4.3857009808345952e-11 0.011968491911001926 0.015292891915596315 0.0067885280166577596 3.4779716483205807e-11 1.718919506663425e-11 0.077765443634400869 0.003190249553881586 0.002864323250523449 0.0084865004393037055 1.6570919971018831e-11 0.0010450051771193575 1.6974077820777895 1.865402936935425
decision_type=2 2 2 2 2 2 2 2 2 2 2 2 2 2 2 2 2 2 2 2 2 2 2 2 2 2 2 2 2 2
left_child=1 2 -1 23 12 7 8 9 21 -5 18 -11 13 15 -14 -3 17 -10 19 20 -8 -7 -20 24 27 -26 -2 -4 -21 -23
right_child=26 4 3 5 -6 6 10 -9 16 11 -12 -13 14 -15 -16 -17 -18 -19 22 28 -22 29 -24 -25 25 -27 -28 -29 -30 -31
leaf_value=0.10865298479490304 0.012890749026330943 0.10940518791751797 0.01599034993612429 -0.054843680602133939 -0.12405766080402812 -0.074881764977939219 0.026288128400242264 -0.10646744058579478 0.031028730332180565 0.08520705405477047 0.061548648606562784 -0.0016958268430574703 -0.092556909737527282 0.010483619332686177 0.11895647572382351 -0.16923763857695118 -0.042566610729919137 -0.11778999743726404 -0.10715523662729308 0.10926768395602633 -0.1731302819510934 0.057739492588344134 4.0164312493363377e-05 -0.13711990250512629 -0.098954308472353883 0.19790471716362196 0.12543961289759933 -0.13533001282963958 -0.042434481241568012 -0.081067685438681314
leaf_weight=237.52036724984646 153.63316041231155 485.54790811985731 90.150403171777725 395.97089596837759 174.80094932764769 178.86137489229441 142.00666928291321 242.50848413258791 210.79742616415024 973.05819904059172 863.1541890129447 635.64603269100189 72.962361164391041 3560.1264334544539 469.80173015594482 30.340607240796089 2391.9358163997531 1031.6835535913706 330.19297903776169 296.20577988028526 106.96860984712839 563.62578738480806 278.5686672180891 535.69005814194679 25.794309251010418 71.183244504034519 795.14373248815536 301.83275370299816 88.531968340277672 94.344742953777313
leaf_count=270 535 596 390 2361 1601 1052 560 1740 824 1977 2272 2717 477 13076 461 264 12990 8403 2278 568 813 1720 1136 4728 221 71 541 2754 409 566
internal_value=-2.89049e-05 -0.00686706 -0.02131 -0.0244443 0.0235225 -0.0158001 -0.0264135 0.0152625 -0.0459147 0.0299884 0.0149968 0.0508692 0.0291078 0.0209297 0.0905233 0.0930176 -0.0596513 -0.0925416 -0.017343 0.0218119 -0.0593891 0.0137443 -0.0581027 -0.0988866 -0.0569994 0.118945 0.107215 -0.100529 0.0743595 0.0378363
internal_weight=15828.6 14879.8 10086.2 9848.71 4793.58 8824.06 6576.88 2247.18 4471.25 2004.68 2105.63 1608.7 4618.78 4076.01 542.764 515.889 3634.42 1242.48 1242.47 633.713 248.975 836.832 608.762 1024.65 488.961 96.9776 948.777 391.983 384.738 657.971
internal_count=68371 67295 50820 50550 16475 42386 33591 8795 25555 7055 8036 4694 14874 13936 938 860 22217 9227 5764 2350 1373 3338 3414 8164 3436 292 1076 3144 977 2286
is_linear=0
shrinkage=0.1


Tree=8
num_leaves=31
num_cat=0
split_feature=1 4 3 14 8 8 17 17 3 7 5 8 14 17 5 9 3 14 14 19 5 1 8 11 7 5 7 5 4 6
split_gain=1002.57 555.881 370.655 353.273 318.341 472.183 333.434 343.792 305.465 319.7 284.159 278.457 442.235 246.079 328.272 301.083 243.932 265.113 261.537 233.731 213.634 203.716 194.39 191.341 181.238 168.899 157.342 140.639 165.258 138.401
threshold=0.63949231847754351 9.9917187841765849e-11 0.10917122054640431 0.10068014636635782 1.0727520272100642e-12 5.4111602771069452e-12 0.081964666193181837 0.15516246448863638 0.046026685500634969 0.045995098342220792 0.010620998970993433 1.2671551032262203e-11 0.0056521256919950255 0.1114834872159091 0.015955675892385727 0.012482933790500606 0.15564190647298673 0.0052373583894222983 0.0072727270890027293 2.2367527484893803 0.018494185651313926 0.15428642778047549 2.0650097270918158e-11 2.5463838815298349e-09 0.0051814033537294878 0.020860214105884099 0.039645746173843956 0.013857394133994847 2.9416456283307379e-11 8.0117978075783211e-11
decision_type=2 2 2 2 2 2 2 2 2 2 2 2 2 2 2 2 2 2 2 2 2 2 2 2 2 2 2 2 2 2
left_child=1 2 4 16 -1 -6 20 8 13 10 -10 12 -12 14 -8 -15 17 23 -18 -11 -7 29 24 -3 -22 -14 -17 28 -13 -9
right_child=-2 3 -4 -5 5 6 7 21 9 19 11 27 25 15 -16 26 18 -19 -20 -21 22 -23 -24 -25 -26 -27 -28 -29 -30 -31
leaf_value=0.10216020599905246 0.10948439503387125 0.10227124673483337 -0.096945836232468455 -0.14111189923440312 -0.087888939559877519 -0.021485275349736981 -0.070790094702176939 0.012340911976346557 0.083115797448395104 -0.04218809718368069 -0.12422396485776083 -0.11834371256639881 -0.13939891961883621 -0.10651727497837234 0.093243088399675822 0.037249508034267097 -0.086137657655863203 0.0089224147743960942 0.11736439071270587 0.043529895610458183 -0.10549962554023251 0.053204324520649306 -0.10378336109774287 -0.16021378212378873 0.073838076315794143 0.088586739389218488 -0.085907657772983329 -0.12298893975686578 0.080800260143887151 -0.081590386003553214
leaf_weight=227.86129516363144 793.31391612440348 468.41022884845734 580.34155627340078 129.23829664289951 863.18357634544373 566.40070512890816 164.32637292146683 463.08707582950592 105.31315870583057 995.2944942265749 242.27432860434055 88.746017768979073 37.328425087034702 329.88585223257542 473.69400125741959 496.06991281360388 73.057123303413391 3649.489562407136 465.85960939526558 467.53688883781433 59.612143114209175 858.28438547998667 73.695721030235291 29.521841548383236 1030.2498696520925 250.93939866870642 131.16268241405487 1145.5588952600956 78.556276999413967 237.21349482983351
leaf_count=270 807 596 4304 1340 6987 2843 978 1920 291 5294 1837 741 361 2388 940 1713 486 13523 433 1660 347 2308 530 268 2421 518 854 9669 270 1474
internal_value=-3.28907e-05 -0.00591034 -0.0193898 0.0219875 -0.0145946 -0.0174994 -0.0101749 -0.0204664 -0.0332341 -0.0501241 -0.0766468 -0.085774 -0.024635 0.00288875 0.0509953 -0.0291793 0.0264854 0.0182613 0.0897771 -0.0147917 0.0288822 0.0205475 0.0534002 0.0867088 0.0640288 0.0590644 0.0114957 -0.110481 -0.0248363 -0.0194765
internal_weight=15575.5 14782.2 9966.62 4815.58 9386.27 9158.41 8295.23 6565.27 5006.69 3411.55 1948.72 1843.4 530.542 1595.14 638.02 957.118 4686.34 4147.42 538.917 1462.83 1729.96 1558.58 1163.56 497.932 1089.86 288.268 627.233 1312.86 167.302 700.301
internal_count=68371 67564 50918 16646 46614 46344 39357 33216 27514 20641 13687 13396 2716 6873 1918 4955 15306 14387 919 6954 6141 5702 3298 864 2768 879 2567 10680 1011 3394
is_linear=0
shrinkage=0.1


Tree=9
num_leaves=31
num_cat=0
split_feature=1 5 17 1 13 10 5 14 8 14 17 8 6 3 12 12 6 14 7 5 14 17 1 8 5 6 10 1 19 8
split_gain=864.586 501.52 387.611 310.265 277.12 294.607 302.695 431.026 241.253 229.456 195.666 275.24 393.461 393.774 367.855 215.996 178.445 204.127 174.455 171.581 170.723 167.712 163.314 157.942 156.992 233.252 207.29 197.078 213.705 154.258
threshold=0.58810627774938207 0.021402814289732282 0.15516246448863638 0.11405214099934563 1.6751590967178347 1.538397014141083 0.0084865004393037055 0.004185405559837819 1.6570919971018831e-11 0.10068014636635782 0.039217862215909095 1.0136149543281171e-11 1.2176539156953173e-10 0.12900649322123744 0.18198023736476901 0.23226287961006167 3.7302155848055323e-11 0.005708398064598442 0.0069591733764603515 0.03159789727105012 0.0045870039612054834 0.12116033380681819 0.48722882311533849 1.9618298110937553e-10 0.0064442458237890035 4.2196478304589017e-11 1.6974077820777895 0.13807604368907889 0.95788824558258068 1.0688472382843542e-11
decision_type=2 2 2 2 2 2 2 2 2 2 2 2 2 2 2 2 2 2 2 2 2 2 2 2 2 2 2 2 2 2
left_child=1 2 4 19 5 6 -1 -8 -2 10 -5 -12 14 15 16 -14 17 20 -19 -3 -13 22 -6 -17 25 -4 -26 -28 -29 -18
right_child=8 3 24 9 21 -7 7 -9 -10 -11 11 12 13 -15 -16 23 29 18 -20 -21 -22 -23 -24 -25 26 -27 27 28 -30 -31
leaf_value=-0.12532384722915621 0.0092359154050172428 0.0045645632057317986 0.035918645451661714 -0.087779192839976927 -0.065424227544590541 -0.10637042869420464 0.063169436054139078 -0.089283247249158648 0.11296225603334741 -0.13591937983010657 0.045338636610558231 0.10679135085022343 -0.13511202149828014 0.10558437383997482 -0.08306483526296489 0.059576345658592711 0.047846798030380978 -0.15648119108087419 0.094297669014414387 -0.095882511037842372 -0.11614324585525226 0.01723585029550264 0.017356076882812068 0.0037819711169740952 0.099280307983470373 -0.16281333115466198 -0.12996132536585414 0.11961761821582298 -0.021858435373222407 -0.088517279904175475
leaf_weight=259.12860079109669 309.44765731692314 283.05307428538799 133.3458342179656 181.00207687169313 855.18987626582384 1107.9240537285805 445.88732666522264 317.51116686314344 814.23936192691326 101.96772289276123 2438.6612476333976 48.134802140295506 98.49817281961441 506.42437199503183 814.62648376077414 639.4905075058341 120.99866908788681 29.757480464875698 409.09199710190296 425.99155620485544 119.95643156766891 784.9964192956686 330.40200012177229 2455.5303257703781 350.29340559244156 106.013143196702 95.064620792865753 164.82038258016109 303.1465175896883 263.8504422083497
leaf_count=2485 1135 1422 489 1343 5632 9813 1430 2504 748 1149 6496 80 700 572 5886 1935 347 213 863 3423 810 3126 1269 9114 672 824 711 225 1213 1742
internal_value=-3.96959e-05 -0.0067258 -0.0312449 0.00768798 -0.0456452 -0.0706458 -0.0319375 -0.000238378 0.0843975 0.0131576 0.0150283 0.0173704 0.00498386 0.0236618 -0.0332728 0.0106707 0.00762486 0.0414014 0.0772929 -0.0557837 -0.0523034 -0.0186166 -0.0423549 0.0153102 0.0199889 -0.0521006 0.0388817 0.00130435 0.0279702 -0.0456437
internal_weight=15314.4 14190.8 5253.72 8937.04 4101.04 2130.45 1022.53 763.398 1123.69 8227.99 8126.02 7945.02 5506.36 3699.94 1806.42 3193.52 991.79 606.941 438.849 709.045 168.091 1970.59 1185.59 3095.02 1152.68 239.359 913.325 563.032 467.967 384.849
internal_count=68371 66488 30393 36095 26259 16232 6419 3934 1883 31250 30101 28758 22262 12321 9941 11749 4055 1966 1076 4845 890 10027 6901 11049 4134 1313 2821 2149 1438 2089
is_linear=0
shrinkage=0.1


Tree=10
num_leaves=31
num_cat=0
split_feature=1 4 3 4 14 8 8 3 12 3 10 13 7 3 14 11 14 7 4 5 14 2 17 8 19 13 3 14 11 13
split_gain=749.231 389.894 300.686 266.502 266.147 251.451 307.822 346.421 258.664 345.524 404.161 246.455 208.614 194.713 193.778 183.343 163.734 155.048 356.721 252.766 211.864 149.258 156.854 149.607 144.421 144.405 146.907 155.277 143.213 142.009
threshold=0.63949231847754351 9.9917187841765849e-11 0.10917122054640431 9.2334639388169184e-12 0.10068014636635782 1.2125704097769121e-12 5.4111602771069452e-12 0.015309400620977031 0.14257056266069415 0.052251739129437334 2.401986956596375 1.3467938899993899 0.015790445893449651 0.17542543095235597 0.0052373583894222983 2.5463838815298349e-09 0.0097939115948975104 0.0141612838714742 3.761920144280383e-11 0.012815488907830184 0.0056230435147881517 4.0587671112687283e-10 0.12155983664772728 2.4021434854465309e-10 0.47825521230697637 1.4350154399871828 0.077240171392981158 0.0058849512133747348 2.5463838815298349e-09 1.6074251532554629
decision_type=2 2 2 2 2 2 2 2 2 2 2 2 2 2 2 2 2 2 2 2 2 2 2 2 2 2 2 2 2 2
left_child=1 2 3 -1 13 -5 7 -7 12 11 17 -10 -8 14 15 -3 -13 18 -11 -19 -20 22 29 -24 -18 -16 -27 -28 -25 -12
right_child=-2 4 -4 5 -6 6 8 -9 9 10 21 16 -14 -15 25 -17 24 19 20 -21 -22 -23 23 28 -26 26 27 -29 -30 -31
leaf_value=-0.084577828163560381 0.10016641520797727 0.093753941617971959 -0.088153889775337807 0.085027327954803708 -0.13354118682508537 0.10016639437018755 0.0046704236284690641 -0.11528080870054046 -0.066644801580910948 -0.12253888153360132 0.062443722102880989 0.040617147543434477 0.08257904783962712 0.097211701360316649 -0.037330462973664644 -0.14850773945703633 0.051102039089353117 0.053799240590568433 -0.21628163784837159 -0.096616901383631826 0.083800057667769545 0.077450572708289242 0.046314394396504428 -0.096663730031044948 -0.052782844665358757 -0.01680666442861389 -0.11825032921601458 0.035182673917946418 0.013919085383861602 -0.086167285333663524
leaf_weight=481.43648266792297 710.77778498828411 443.71531860530376 552.48392637073994 280.34447778761387 112.24333173036575 88.242401018738747 1037.302401535213 483.85015969723463 342.76920674741268 190.12631776928902 77.694317050278187 1663.3617824688554 513.99958983808756 322.71631769090891 569.46908321231604 33.604636624455452 196.32018162310123 122.24948597699404 25.97574020922184 1297.0528547987342 249.64642914384604 217.10040355473757 542.77438092976809 194.06599663197994 420.35551182925701 907.21787259727716 67.954668775200844 2244.9512072280049 295.35040534287691 372.98701941221952
leaf_count=3780 807 598 4304 504 1340 271 4270 4606 2290 1969 302 5646 1045 461 2819 331 615 438 208 10922 562 565 1815 1152 2145 3827 445 6825 1068 2441
internal_value=-5.05875e-05 -0.0050154 -0.016525 -0.0121729 0.0185956 -0.00812505 -0.0112596 -0.0820492 -0.00604019 -0.0151674 -0.0353468 0.012415 0.0304842 0.0223162 0.0166517 0.0766981 0.0243004 -0.0672321 -0.0171671 -0.083661 0.0555192 9.95614e-06 -0.0113278 0.010163 -0.0197108 0.00908854 0.0172976 0.0306747 -0.0299298 -0.0605478
internal_weight=15058.1 14347.4 9645.49 9093.01 4701.87 8611.57 8331.22 572.093 7759.13 6207.83 3585.02 2622.81 1551.3 4589.63 4266.91 477.32 2280.04 1885.05 465.748 1419.3 275.622 1699.97 1482.87 1032.19 616.676 3789.59 3220.12 2312.91 489.416 450.681
internal_count=68371 67564 50918 46614 16646 42834 42330 4877 37453 32138 21442 10696 5315 15306 14845 929 8406 14099 2739 11360 770 7343 6778 4035 2760 13916 11097 7270 2220 2743
is_linear=0
shrinkage=0.1


Tree=11
num_leaves=31
num_cat=0
split_feature=1 5 17 1 13 10 5 14 17 1 17 5 7 14 10 3 8 11 7 7 8 14 9 12 17 17 8 11 14 1
split_gain=644.348 349.013 322.343 283.971 277.623 255.688 281.3 183.052 178.324 154.23 268.853 189.577 154.32 149.378 193.937 285.928 260.328 190.787 173.358 371.429 243.732 210.293 175.242 174.302 146.235 136.567 143.344 133.187 132.592 131.687
threshold=0.63949231847754351 0.022195895721931317 0.15516246448863638 0.075908081843651151 1.6751590967178347 1.538397014141083 0.01666975225302968 0.10068014636635782 0.068070845170454572 0.48266035756364267 0.10633433948863637 0.013581726330167082 0.0048176904681025848 0.0047181434929370889 2.9511440992355351 0.12900649322123744 1.0136149543281171e-11 1.9561686714908437e-09 0.045995098342220792 0.016390334190470975 2.1049745203086126e-10 0.0055953375995159158 0.0048228470876302094 0.187137246131897 0.10633433948863637 0.22094726562500003 2.1167868648690601e-11 1.2638269319964481e-09 0.0056521256919950255 0.32970504162435871
decision_type=2 2 2 2 2 2 2 2 2 2 2 2 2 2 2 2 2 2 2 2 2 2 2 2 2 2 2 2 2 2
left_child=1 2 4 -3 5 6 8 13 -1 10 -6 27 -11 17 16 -16 -15 -5 19 21 24 -18 -23 -24 -20 26 -4 -12 -21 -13
right_child=-2 3 25 7 9 -7 -8 -9 -10 12 11 29 -14 14 15 -17 18 -19 20 28 -22 22 23 -25 -26 -27 -28 -29 -30 -31
leaf_value=0.063782507326148749 0.095585778260728324 -0.10250751674782316 -0.18133345893733785 0.063780645119037679 -0.087517629722347626 -0.094703263488075937 0.049130050687077327 -0.13109632516202244 -0.083644326805107874 -0.10368080548206059 -0.19222505431111636 -0.080450146660277416 0.050978568406058127 0.024330500478213158 0.014758946897606293 0.10285606926271061 -0.16151127505954987 -0.12549163364211444 -0.058280505747188231 -0.0092811585686502687 -0.065221500521214879 -0.064625009873306272 0.086309080687265241 -0.11881498728341833 0.056531902613105735 -0.14431380141097092 0.034732918763886685 0.060952757745637687 -0.095687724345145206 0.0054318274309695319
leaf_weight=95.562480047345161 672.36805309355259 225.57277992367744 31.566201902925968 827.00219535082579 518.00188701599836 1136.4751769304276 336.36261471360922 89.412178479135036 580.06561850756407 73.66256270557642 21.810258686542511 323.98807747662067 519.61437401920557 1983.7820050120354 1999.0306344106793 451.6474330201745 59.573902025818825 56.922515690326691 133.05079936981201 223.06184323132038 325.1271960735321 134.35786152631044 406.80922143161297 46.122342340648174 667.45244799554348 47.419284977018833 1124.9902572035789 439.12241312116385 871.20357871800661 397.70630297064781
leaf_count=289 807 2070 250 2153 3922 10571 1293 1169 4955 435 174 2261 1562 6374 6915 487 481 569 771 1028 1700 738 877 371 2285 340 3735 1239 6777 1773
internal_value=-6.17648e-05 -0.0046078 -0.0238797 0.0081939 -0.0363185 -0.0621496 -0.0255916 0.0112117 -0.0627919 -0.0121251 -0.0274402 -0.00112578 0.0317757 0.0127663 0.00806582 0.0309948 -0.00351878 0.051592 -0.0227903 -0.0425627 0.00779368 0.01751 0.0356697 0.0654212 0.0374491 0.0220162 0.0288358 0.048973 -0.0780741 -0.0331229
internal_weight=14818.8 14146.5 5646.35 8500.13 4442.37 2148.47 1011.99 8274.56 675.628 2293.91 1700.63 1182.63 593.277 8185.14 7301.22 2450.68 4850.54 883.925 2866.76 1741.13 1125.63 646.863 587.289 452.932 800.503 1203.98 1156.56 460.933 1094.27 721.694
internal_count=68371 67564 32799 34765 28474 17108 6537 32695 5244 11366 9369 5447 1997 31526 28804 7402 21402 2722 15028 10272 4756 2467 1986 1248 3056 4325 3985 1413 7805 4034
is_linear=0
shrinkage=0.1


Tree=12
num_leaves=31
num_cat=0
split_feature=1 14 8 3 17 17 3 8 5 2 7 14 5 13 5 6 12 8 8 14 5 4 13 7 14 5 14 9 5 5
split_gain=566.227 312.444 322.097 314.238 275.618 364.006 239.822 281.363 232.006 327.783 198.289 163.765 176.64 161.415 223.857 155.605 154.891 154.186 142.608 273.803 232.867 145.921 142.073 138.931 153.753 142.868 138.72 365.449 146.911 135.07
threshold=0.66443913638630547 0.014322602190077307 2.4021434854465309e-10 0.071500256045511038 0.080810546875000014 0.036776455965909095 0.053024776119995516 6.966427843688333e-12 0.016567885183961885 2.6686463076491888e-10 0.06704897019079803 0.010441514663398268 0.0064442458237890035 1.3387691974639895 0.022314074345363696 4.5183863815933121e-11 0.095567226409912123 2.1756984589857527e-11 1.2671551032262203e-11 0.0059799931477755317 0.013716857154097387 2.3740032758141058e-11 1.5270980596542361 0.045995098342220792 0.0099074877798557299 0.026204304592851443 0.0034772426588460807 0.002864323250523449 0.0058549302981782472 0.033380436338461841
decision_type=2 2 2 2 2 2 2 2 2 2 2 2 2 2 2 2 2 2 2 2 2 2 2 2 2 2 2 2 2 2
left_child=1 4 -3 -4 5 16 7 26 -7 -10 18 12 15 14 -14 17 -1 -9 19 -8 21 -20 -5 -22 25 -25 27 -6 -29 -15
right_child=-2 2 3 22 6 8 10 11 9 -11 -12 -13 13 29 -16 -17 -18 -19 20 -21 23 -23 -24 24 -26 -27 -28 28 -30 -31
leaf_value=-0.12892085259935823 0.10247952176561313 0.086304767622987208 -0.034582840483727902 -0.13615183950084464 -0.1286361935513137 -0.041508724704553648 -0.076535011813803899 -0.1483514602303822 0.053704173817204583 -0.012444283722818398 0.0043459973668159169 -0.071205993250958263 -0.1228874693878218 0.048786435278388558 0.031825397016314053 -0.15938844742024602 0.018861852523195548 0.041230764003741482 -0.1341133609801711 0.05248674183255219 -0.1046940810645981 0.083941337441377939 0.036321652344976002 -0.087815709235841852 -0.086180766511079629 0.10081027703387134 -0.10763749417290787 -0.127227371830793 0.16420961450745009 -0.040678644317264021
leaf_weight=260.76220147311687 519.19793450087309 628.95469895750284 1115.4928579479456 48.993118181824684 127.74663572758436 575.73932498693466 372.77283322066069 57.957163386046886 1895.1151280552149 1238.7899521440268 621.73288226872683 242.64755064249039 160.86528746783733 1513.3092337474227 223.40371824800968 97.646057978272438 97.417254902422428 165.11778734624386 39.560789436101913 294.36197376996279 1133.3430235609412 136.85369949042797 1898.1562735587358 62.151760824024677 269.75978479534388 113.45173970609903 362.43501482158899 20.90922524034977 100.11525582522154 189.93369995057583
leaf_count=2766 538 1193 5745 609 1480 3812 2522 525 5226 5533 2606 1385 1389 4795 813 819 377 614 448 950 10926 434 5436 563 1786 399 3261 242 141 1038
internal_value=-7.57195e-05 -0.00386133 0.0211233 0.00773736 -0.0127522 0.00754244 -0.0258435 -0.00700539 0.0168376 0.0275566 -0.0460314 0.00709673 0.0149863 0.0256019 -0.0329415 -0.0541086 -0.0887271 -0.00802465 -0.0589621 -0.0196063 -0.0739215 0.0350428 0.031982 -0.0860978 -0.0387749 0.0340494 -0.0681681 -0.0106651 0.113858 0.0388099
internal_weight=14584.7 14065.5 3691.6 3062.64 10373.9 4067.82 6306.08 3262.09 3709.64 3133.91 3043.99 2650.88 2408.23 2087.51 384.269 320.721 358.179 223.075 2422.26 667.135 1755.12 176.414 1947.15 1578.71 445.363 175.604 611.206 248.771 121.024 1703.24
internal_count=68371 67833 12983 11790 54850 17714 37136 16502 14571 10759 20634 11378 9993 8035 2202 1958 3143 1139 18028 3472 14556 882 6045 13674 2748 962 5124 1863 383 5833
is_linear=0
shrinkage=0.1


Tree=13
num_leaves=31
num_cat=0
split_feature=1 5 8 17 1 19 13 3 4 9 17 12 7 17 15 3 9 14 14 14 9 8 14 17 7 14 3 9 5 18
split_gain=500.717 289.996 268.759 266.267 200.753 170.371 162.493 158.103 272.842 143.885 139.652 139.044 184.404 130.062 129.704 122.607 116.191 149.979 201.259 122.349 113.022 220.972 205.63 125.807 123.091 292.464 259.984 262.223 204.094 184.894
threshold=0.54671755504257369 0.021402814289732282 1.6570919971018831e-11 0.13496537642045456 0.07396688610815301 1.2038077712059023 1.4633968472480776 0.049109715406773065 1.4123063020074285e-11 0.12249946374544661 0.33407315340909094 0.093066141009330763 0.0048176904681025848 0.17198597301136367 4.4956001147511422e-05 0.078768575247028683 0.014410598342828833 0.008515120483934881 0.014812546316534283 0.011009523645043375 0.00078435480762090984 5.4111602771069452e-12 0.0047181434929370889 0.050359552556818191 0.06704897019079803 0.0073164086788892755 0.13915765445723688 0.029124180939231401 0.036069047007893963 0.20568199261006986
decision_type=2 2 2 2 2 2 2 2 2 2 2 2 2 2 2 2 2 2 2 2 2 2 2 2 2 2 2 2 2 2
left_child=1 3 11 7 -3 -4 13 8 -1 16 20 -2 -13 -5 -9 -7 -8 -18 19 -19 -6 -22 23 -23 25 29 27 -27 -26 -24
right_child=2 4 5 6 10 15 9 14 -10 -11 -12 12 -14 -15 -16 -17 17 18 -20 -21 21 22 24 -25 28 26 -28 -29 -30 -31
leaf_value=-0.094113248578769348 -0.10142589079611636 -0.093319070199968879 0.11199834933670538 -0.11940916134002776 0.10293814817891399 -0.18471156009719236 -0.12496907758241532 -0.085037141005626982 0.015875487966690274 -0.11824165661251747 -0.11912892265520028 -0.10353770326077301 0.056714508743380833 -0.0022184978045880609 -0.031139037887936084 0.043575914283233597 0.075947359728983227 0.0019136916908261078 0.06161755980919216 -0.11128595614781296 -0.095495335624722136 -0.14923864395244726 0.0199593644454348 0.07609948133988502 0.0046764209929492685 -0.13158229017444439 0.06163606140105074 -0.027172669220143664 0.062837676146429891 -0.068211252904140027
leaf_weight=312.72057329118252 102.41026059910655 202.30496360361576 705.625527985394 165.88657215237617 125.8206470683217 31.829471707344055 47.583682358264923 1065.4100464060903 808.96813161671162 70.518271446228027 86.103155434131622 88.134208738803864 387.59744872152805 220.6959655880928 768.57246759533882 90.184022426605225 510.98263984918594 242.48125617206097 344.50115750730038 157.49574906378984 203.28509471938014 25.894796539098024 2510.2179051935673 573.54310358315706 2224.4997596144676 390.67948220670223 184.82556349039078 625.91993276029825 827.88672516494989 262.72696801275015
leaf_count=3155 776 1992 702 1567 151 232 369 10474 3537 453 1270 506 1042 1122 4892 239 1235 1009 867 1014 1648 262 9036 1177 8222 3614 448 3637 1902 1821
internal_value=-9.83487e-05 -0.00624733 0.0565875 -0.0260254 0.00506673 0.0931318 0.00476631 -0.0443623 -0.0147888 0.0208854 0.00754191 0.00427254 0.0270261 -0.0525062 -0.0624499 -0.0159771 0.0284147 0.0342281 0.00559357 -0.04266 0.00891291 0.00740192 0.0101448 0.0663652 0.00534871 -0.00625032 -0.0474624 -0.0672973 0.0204513 0.0116055
internal_weight=14365.3 12959.5 1405.78 4715.82 8243.71 827.639 1760.15 2955.67 1121.69 1373.56 8041.4 578.142 475.732 386.583 1833.98 122.013 1303.04 1255.46 744.478 399.977 7955.3 7829.48 7626.19 599.438 7026.76 3974.37 1201.42 1016.6 3052.39 2772.94
internal_count=68371 64874 3497 29694 35180 1173 7636 22058 6692 4947 33188 2324 1548 2689 15366 471 4494 4125 2890 2023 31918 31767 30119 1439 28680 18556 7699 7251 10124 10857
is_linear=0
shrinkage=0.1


Tree=14
num_leaves=31
num_cat=0
split_feature=1 14 3 6 18 5 14 10 12 8 12 3 8 4 14 9 6 14 14 5 8 3 5 7 17 5 15 6 7 12
split_gain=439.262 218.979 270.709 255.79 222.339 184.397 161.522 150.002 149.227 181.346 136.126 125.048 122.725 118.62 114.084 158.19 141.628 290.236 279.772 204.035 234.421 214.406 195.119 179.782 178.197 134.009 124.759 123.474 121.253 111.375
threshold=0.66443913638630547 0.014812546316534283 0.12900649322123744 4.6954617382539466e-10 -0.02137110297652808 0.019297063048582447 0.0073164086788892755 2.9511440992355351 0.094150457531213774 1.0727520272100642e-12 0.45880670845508581 0.12424319513923508 5.0703140908814007e-11 9.32707925921806e-11 0.0041429768316447744 0.0036199092457678194 1.9800564801549812e-11 0.0054303654469549665 0.005933355540037156 0.012815488907830184 1.0223271316913033e-11 0.029004233703688799 0.0081239914777192414 0.065764014485126213 0.10593483664772728 0.01035462389352809 4.7028956032590947e-05 4.5840065642085146e-11 0.012131287532998684 0.80187836289405834
decision_type=2 2 2 2 2 2 2 2 2 2 2 2 2 2 2 2 2 2 2 2 2 2 2 2 2 2 2 2 2 2
left_child=1 4 3 10 5 -1 11 -5 9 -6 -3 -7 -8 -12 15 -10 17 -16 -19 22 24 -22 27 28 -21 -17 -24 -18 -23 -9
right_child=-2 2 -4 7 8 6 12 29 14 -11 13 -13 -14 -15 16 25 19 18 -20 20 21 23 26 -25 -26 -27 -28 -29 -30 -31
leaf_value=-0.028019488427524664 0.096354883845620742 0.057370515425903539 0.091675242195996931 -0.17118456511145363 0.065260102334075226 0.042650948092899515 -0.089229660947869605 -0.0033897548706489679 -0.078405484321116201 -0.1097298758558039 -0.13429536542114801 -0.048006065177406396 0.00594607297128176 0.056417764668933147 -0.13814469058388665 -0.11485148946809279 0.012389953566012935 0.064704006806208123 -0.094820486181417529 0.026880846326700177 0.072503751956746257 0.022447594434148437 0.081079307128496494 -0.0017879368441852288 -0.13984538373908448 0.085935947029510573 -0.037306267177875399 -0.10195238534927201 -0.068925770891753405 -0.10326982446746112
leaf_weight=1006.6601191014051 456.89053738862276 1011.0399024635553 441.49012744426727 59.778496786952019 71.475319653749466 1941.2275531254709 188.4759087190032 1654.3600644767284 101.55743775516748 345.44772540032864 74.196379080414772 165.09010125696659 481.84674925357103 58.192492045462132 300.9323003962636 37.348762102425098 259.29206886142492 232.38336479663849 208.64818340539932 937.65744838863611 158.24134860187769 157.34026957303286 501.97214647382498 657.83440691232681 68.809386178851128 302.15502286702394 108.20572131872177 148.54519848525524 1886.6366443559527 119.72184425964952
leaf_count=6920 538 2663 566 461 123 5960 1535 6263 922 4011 490 1017 2272 148 3147 365 1073 783 1562 3041 467 607 1127 2909 617 724 528 1010 14919 1603
internal_value=-0.000100193 -0.0033201 0.0186007 0.0077648 -0.0106189 0.00864621 0.0219392 -0.01538 -0.0218589 -0.0797304 0.0448849 0.0355454 -0.0208147 -0.050466 -0.0178824 0.0310926 -0.0217215 -0.0624292 -0.0107656 -0.015538 -0.0260251 -0.0406318 0.0242932 -0.047258 0.0154822 0.0638474 0.0600854 -0.0292566 -0.0618921 -0.01013
internal_weight=14143.5 13686.6 3418.78 2977.29 10267.8 3783.3 2776.64 1833.86 6484.48 416.923 1143.43 2106.32 670.323 132.389 6067.56 441.061 5626.5 741.964 441.032 4884.53 3866.52 2860.05 1018.02 2701.81 1006.47 339.504 610.178 407.837 2043.98 1774.08
internal_count=68371 67833 12194 11628 55639 17704 10784 8327 37935 4134 3301 6977 3807 638 33801 2011 31790 5492 2345 26298 22560 18902 3738 18435 3658 1089 1655 2083 15526 7866
is_linear=0
shrinkage=0.1


Tree=15
num_leaves=31
num_cat=0
split_feature=1 17 8 1 5 3 17 15 19 1 19 14 5 3 5 15 13 14 17 8 3 11 12 7 12 7 17 13 6 10
split_gain=382.77 249.351 226.285 198.876 229.345 291.182 204.297 177.772 153.45 153.31 149.051 138.967 137.448 131.382 218.418 129.573 210.398 204.653 130.303 126.882 117.321 128.403 128.716 113.756 109.967 130.34 108.083 106.638 106.578 105.564
threshold=0.54671755504257369 0.042458274147727279 1.6570919971018831e-11 0.11583018296754412 0.029639194757020728 0.052251739129437334 0.14402077414772732 4.6439288780675276e-05 1.365233898162842 0.30008362468724831 1.2038077712059023 0.10068014636635782 0.0067885280166577596 0.015309400620977031 0.0077691669389032252 4.4081343730795204e-05 1.6796221137046816 0.0044482711236923942 0.098788174715909102 2.1674756669969275e-10 0.16728411140661645 1.1645145736594033e-08 0.45880670845508581 0.011463187907646473 0.091986101120710387 0.0048176904681025848 0.066295276988636367 2.1248489618301396 1.5572464385788168e-10 1.3794180154800417
decision_type=2 2 2 2 2 2 2 2 2 2 2 2 2 2 2 2 2 2 2 2 2 2 2 2 2 2 2 2 2 2
left_child=1 -1 24 8 5 7 15 12 13 19 -4 20 -5 14 -3 17 -17 23 -18 28 21 29 -23 -7 -2 -26 -15 -27 -8 -6
right_child=2 3 10 4 11 6 9 -9 -10 -11 -12 -13 -14 26 -16 16 18 -19 -20 -21 -22 22 -24 -25 25 27 -28 -29 -30 -31
leaf_value=-0.077981482652591527 -0.096765879529218279 -0.08526734615859316 0.10653151658821905 -0.043045990346045719 -0.13189962237073108 -0.085649325301515436 -0.035213714502177647 -0.051651637516440876 0.017449095893431514 0.069375797995852542 -0.015176432326638348 -0.12517054519472762 0.04179876591211884 0.096384155708580194 0.089352789510201425 0.065080161596123773 -0.075680903904743524 -0.079865252201607617 -0.013985542182086695 -0.084186929384559434 0.094050217208842185 -0.19516200334060327 -0.0042354554447338617 0.05386588931712475 -0.08477909576264292 0.058566063931985129 -0.081700624639666222 -0.21815779904787941 0.089908679215411472 0.022947438155695752
leaf_weight=456.98196472972631 91.67114732414484 140.39317574352026 631.76252344623208 217.05118204280734 44.515923172235489 81.314212545752525 144.07954797893763 299.08689659833908 395.14569442719221 345.18831933289766 119.68531358242035 65.567743521183729 1586.9555281028152 35.549031920731068 146.25006646662951 251.56631989777088 498.83404044061899 1106.6475266516209 1091.1731340661645 180.26520102471113 212.12187352776527 54.563564486801624 100.06815645098686 207.7835780158639 91.096816539764404 371.69722485169768 824.8546659424901 14.467833578586577 129.05438328534365 4001.7604868859053
leaf_count=4407 742 1497 702 1427 312 718 863 1650 1948 826 471 1143 4890 70 448 774 3309 10728 5018 970 292 408 376 611 511 955 7646 116 244 14299
internal_value=-0.000102474 -0.00546362 0.0511254 -0.0027383 0.00213568 -0.0104175 -0.0261389 0.0197525 -0.0362944 0.0191604 0.0871467 0.0193429 0.0315906 -0.0548085 0.0038267 -0.0373135 -0.0198965 -0.0602938 -0.0333413 -0.0190703 0.02149 0.0178261 -0.0716061 0.0146246 0.00354845 0.0228165 -0.0743428 0.0481985 0.023906 0.0212439
internal_weight=13937.2 12616.8 1320.38 12159.8 10617.6 6139 4035.91 2103.09 1542.19 798.587 751.448 4478.6 1804.01 1147.05 286.643 3237.32 1841.57 1395.75 1590.01 453.399 4413.03 4200.91 154.632 289.098 568.933 477.262 860.404 386.165 273.134 4046.28
internal_count=68371 64874 3497 60467 48858 32028 24061 7967 11609 2903 1173 16830 6317 9661 1945 21158 9101 12057 8327 2077 15687 15395 784 1329 2324 1582 7716 1071 1107 14611
is_linear=0
shrinkage=0.1


Tree=16
num_leaves=31
num_cat=0
split_feature=1 17 1 5 17 1 3 7 5 6 19 14 3 11 13 10 19 3 2 12 5 17 12 3 13 4 8 3 14 17
split_gain=342.114 171.216 177.899 171.902 197.331 202.662 246.11 199.022 134.941 145.099 132.599 130.236 127.752 119.056 113.769 123.024 107.349 118.844 114.441 189.258 136.424 117.051 122.039 103.513 99.5383 98.0714 128.29 125.155 97.3527 138.214
threshold=0.66443913638630547 0.036288174715909095 0.11583018296754412 0.028828666121223992 0.15516246448863638 0.53492524403522068 0.046026685500634969 0.0050035363208111349 0.0087987914410352624 7.2420033654628469e-11 0.81225761771202099 0.10068014636635782 0.14779060269132019 1.1645145736594033e-08 1.7957033514976504 2.2442406415939335 -0.17555347830057141 0.096162904213576192 2.0849223368216312e-10 0.1411339342594147 0.015407374445826318 0.12235884232954546 0.37349452078342443 0.034524545929565532 3.4120417833328252 3.9618417376762524e-11 2.1049745203086126e-10 0.060459066614299867 0.0050372385885566482 0.084450461647727279
decision_type=2 2 2 2 2 2 2 2 2 2 2 2 2 2 2 2 2 2 2 2 2 2 2 2 2 2 2 2 2 2
left_child=1 14 10 4 5 6 8 -7 -4 -10 -3 12 13 23 -1 -16 -8 18 19 20 -18 -20 -23 -5 -9 -21 27 -27 29 -25
right_child=-2 2 3 11 -6 7 16 24 9 -11 -12 -13 -14 -15 15 -17 17 -19 21 25 -22 22 -24 28 -26 26 -28 -29 -30 -31
leaf_value=-0.12347484445750034 0.090778459290900615 -0.056599616754833729 -0.043696654472909456 -0.080531115903309233 0.031162476217190926 -0.10706307812364853 0.10776409452594392 0.070407249483388321 0.055691464854069318 -0.067402585075678798 0.00452786454549971 -0.1273564863145106 0.07273420730911842 -0.066291540271457616 0.088336389771289076 -0.17677298822743762 -0.069974035600709389 -0.077403699940907511 -0.035274553930262145 -0.098802600499795543 0.049291589041830085 0.042844963377668625 -0.051424727712586576 0.069638061396351134 -0.1462370630395293 0.069650970281803198 -0.093050774721872981 -0.049270338192737823 0.01332253948426812 -0.093355340831303465
leaf_weight=191.58551745861769 402.13283705711365 938.11280963197351 255.32271055132151 105.3162986934185 1099.2942688241601 80.863115504384041 52.678407248109579 507.92728630453348 723.23608547449112 110.37584564089775 570.78611516579986 61.613631900399923 404.95951254665852 177.00673553347588 62.7635527998209 24.273771196603775 143.51126872375607 584.91835831850767 806.82557133212686 543.62842163443565 289.15116891637444 560.49021270498633 181.89248942583799 594.53337231278419 22.131889291107655 145.02130112051964 274.36882038414478 227.05019020289183 3549.7264739722013 57.013930052518845
leaf_count=2503 538 8381 1609 600 3438 502 125 1145 1996 668 3228 1156 795 908 152 212 1328 4749 4885 6246 975 1973 883 1124 138 541 1790 1734 13715 334
internal_value=-9.86304e-05 -0.0028368 -0.00118294 0.00303265 -0.0075218 -0.0152405 -0.0220138 0.0390685 0.0199109 0.039393 -0.0334763 0.0171233 0.0189443 0.0140859 -0.0804049 0.0144002 -0.0339977 -0.0359855 -0.0283478 -0.046907 0.00973197 -0.00890778 0.0197478 0.0173896 0.0613616 -0.0674987 -0.0411735 -0.0029187 0.0198442 0.0553753
internal_weight=13748.5 13346.4 13067.8 11558.9 6608.69 5509.39 4898.47 610.922 1088.93 833.612 1508.9 4950.17 4888.56 4483.6 278.623 87.0373 3809.54 3756.86 3171.94 1622.73 432.662 1549.21 742.383 4306.59 530.059 1190.07 646.44 372.071 4201.27 651.547
internal_count=68371 67833 64966 53357 34725 31287 29502 1785 4273 2664 11609 18632 17476 16681 2867 364 25229 25104 20355 12614 2303 7741 2856 15773 1283 10311 4065 2275 15173 1458
is_linear=0
shrinkage=0.1


Tree=17
num_leaves=31
num_cat=0
split_feature=1 5 17 8 8 3 7 12 13 3 13 17 8 2 9 5 7 4 14 6 19 10 5 17 5 17 4 8 0 9
split_gain=297.22 160.381 155.841 137.451 170.486 177.042 137.624 179.042 291.871 218.316 198.88 180.847 166.356 251.831 209.676 172.224 148.792 176.893 139.601 231.601 150.872 134.704 165.832 151.687 145.621 149.279 133.318 132.099 126.313 129.829
threshold=0.66443913638630547 0.0064442458237890035 0.035799893465909095 1.0727520272100642e-12 5.4111602771069452e-12 0.015309400620977031 0.0048176904681025848 0.14257056266069415 1.397782623767853 0.13676837516095658 1.3307324647903445 0.05235706676136364 1.4500072885939427e-11 3.4157156334769605e-11 0.0049792815278625101 0.020748038531373306 0.0095837281499638605 3.3277895551245025e-11 0.0060708534438163051 2.2172992593864341e-11 0.65978819131851207 1.6477200388908388 0.032334182985467745 0.099276455965909102 0.029639194757020728 0.12116033380681819 9.2177707596881691e-11 1.0688472382843542e-11 2.8455509105899322e-10 0.093206729844241804
decision_type=2 2 2 2 2 2 2 2 2 2 2 2 2 2 2 2 2 2 2 2 2 2 2 2 2 2 2 2 2 2
left_child=1 -1 -3 -4 5 -5 -6 10 12 21 11 -8 14 -14 -9 -16 17 -12 -19 20 -20 22 -10 -24 25 -23 -11 -13 -27 -30
right_child=-2 2 3 4 6 -7 7 8 9 26 16 27 13 -15 15 -17 -18 18 19 -21 -22 24 23 -25 -26 28 -28 -29 29 -31
leaf_value=-0.063206732213170344 0.087449304087237556 -0.081765495226430382 0.088196286835699134 0.071981366416437959 -0.11480316696972251 -0.080032901464192563 -0.13339449043010509 -0.11420431517213621 0.054732236540930325 -0.11878047721043611 -0.14381981325901305 0.084603968796641643 0.12043052603822633 -0.10488641631179051 -0.11793067828831705 0.015658210430508388 -0.031144605478301786 0.085559087243221588 -0.16053548527094072 0.052065191583570938 0.092613381727781011 -0.039991205182981153 0.098153654426154868 -0.13880701253524005 0.017047265617084337 -0.077746361836961347 0.085087262333638392 -0.13024773933933551 0.022197693471734291 -0.028026342393262172
leaf_weight=422.64381924644113 377.00983142107725 232.22440692037344 177.84600442647934 91.941170118749142 99.696097910404205 459.57157557457685 43.118196930736303 189.93016104400158 769.60780471563339 34.550940472632647 53.824234671890736 783.85509029403329 54.763216555118561 526.59143452346325 108.6816903911531 861.38674923405051 632.80047826468945 406.15267318487167 105.84712097048759 312.37843044102192 30.277004890143871 1531.1297598928213 38.557506591081619 90.236034408211708 2109.6605478003621 195.34262448176742 447.97386598214507 29.701140582561493 1590.0610387995839 761.03869984298944
leaf_count=3753 538 2586 230 359 684 4959 492 1334 2319 313 543 1420 100 6171 1431 3342 3207 964 708 788 66 10417 66 797 8502 1492 703 205 6482 3400
internal_value=-9.82393e-05 -0.00260035 -0.000594284 0.000909318 -0.000346775 -0.054691 0.00219165 0.00318793 -0.00308836 0.00540502 0.0275542 0.0661827 -0.0400017 -0.0836617 -0.0181207 0.000691569 0.00608366 0.032015 0.0430886 0.00462847 -0.10423 0.00097283 0.0371566 -0.067867 -0.00428114 -0.0153161 0.0704894 0.0767602 -0.000479344 0.00594044
internal_weight=13568.4 13191.4 12768.7 12536.5 12358.7 551.513 11807.2 11707.5 9309.51 7568.16 2397.95 856.674 1741.35 581.355 1160 970.068 1541.28 908.479 854.655 448.503 136.124 7085.63 898.401 128.794 6187.23 4077.57 482.525 813.556 2546.44 2351.1
internal_count=68371 67833 64080 61494 61264 5318 55946 55262 46869 34491 8393 2117 12378 6271 6107 4773 6276 3069 2526 1562 774 33475 3182 863 30293 21791 1016 1625 11374 9882
is_linear=0
shrinkage=0.1


Tree=18
num_leaves=31
num_cat=0
split_feature=1 17 9 8 14 9 14 10 5 17 14 11 3 7 12 17 17 14 11 14 8 3 12 13 7 7 14 14 4 7
split_gain=263.77 155.259 141.746 167.299 141.283 203.4 137.365 173.546 137.141 154.556 142.709 192.831 187.659 144.204 133.74 138.054 133.386 129.141 119.619 112.629 98.3212 98.1554 130.961 212.358 136.883 225.359 430.436 198.579 189.975 129.642
threshold=0.58810627774938207 0.039217862215909095 0.00078435480762090984 5.4111602771069452e-12 0.003190249553881586 0.002864323250523449 0.0053755224216729411 2.2131257057189946 0.024583689038323236 0.15414151278409094 0.0041429768316447744 1.9302638376572649e-09 0.042553642214101385 0.011463187907646473 0.37349452078342443 0.1207608309659091 0.066295276988636367 0.0073625305667519578 5.7939764097625365e-09 0.10068014636635782 2.1167868648690601e-11 0.15159719668649199 0.1453613489866257 1.2747756242752077 0.069460744688866996 0.016390334190470975 0.0055691599845886239 0.0075594717636704454 3.6519316952431247e-11 0.045995098342220792
decision_type=2 2 2 2 2 2 2 2 2 2 2 2 2 2 2 2 2 2 2 2 2 2 2 2 2 2 2 2 2 2
left_child=1 6 -3 4 5 16 -1 -8 9 10 13 12 -12 -5 15 -13 -4 18 -2 21 -11 22 23 -10 25 26 -24 -28 -27 -30
right_child=17 2 3 8 -6 -7 7 -9 19 20 11 14 -14 -15 -16 -17 -18 -19 -20 -21 -22 -23 24 -25 -26 28 27 -29 29 -31
leaf_value=-0.11217934947003323 0.047569813221944313 0.098261717942118465 0.014553241228231427 -0.087594053750229953 -0.11586559686835907 0.11886050556717452 0.12760918528117354 -0.14030156554657763 0.086581031901849612 -0.15775264081274787 -0.00054239182220684539 -0.023903986161406356 -0.081237788527356247 0.072629837190599178 -0.1001627125953673 0.030415901653800329 -0.12634841794182022 0.084894331317485028 -0.09544773049472971 -0.12246254613667305 0.021735977912697234 0.062582271128397163 -0.1507279618349423 0.0056104593629160253 0.017989168159253516 0.10940795665916173 0.068851722610583324 -0.14278934207631852 -0.066130091774804153 -0.0019960960932414234
leaf_weight=236.86813079565763 170.88744240626693 140.10433629155159 130.27838495001197 70.942747797816992 231.15250035747886 85.613930732011795 63.90618859231472 38.89431943371892 503.38948775827885 31.272679269313812 408.41460400819778 1187.3133795969188 978.95800492540002 269.80059423297644 151.0207819417119 772.15421342849731 138.72983045876026 522.54832767322659 88.908129073679447 64.002795182168484 1266.7002284377813 346.82375910878181 118.90899536013603 908.41424728184938 2150.0091645419598 81.976450640708208 666.28127886727452 47.493788156658411 1052.3567009791732 449.9522934705019
leaf_count=3394 513 166 770 619 2973 292 101 332 777 279 2061 7175 10666 659 938 2851 1978 792 578 1330 4674 754 1138 3181 7298 177 1501 407 7865 2132
internal_value=-9.41762e-05 -0.00359473 -0.00174585 -0.00290268 -0.0550362 -0.015386 -0.0702851 0.0262458 -0.000253193 -0.012419 -0.0225058 -0.0285238 -0.0574827 0.0392712 -0.0094871 -0.00249851 -0.0581109 0.0562469 -0.00137414 0.00952686 0.0174115 0.0108623 0.00786211 0.0344811 -0.000366707 -0.0166951 0.0254239 0.0547694 -0.0388325 -0.0469215
internal_weight=13374.1 12591.7 12252.1 12112 585.775 354.622 339.669 102.801 11526.2 5136.58 3838.6 3497.86 1387.37 340.743 2110.49 1959.47 269.008 782.344 259.796 6389.61 1297.97 6325.61 5978.78 1411.8 4566.98 2416.97 832.684 713.775 1584.29 1502.31
internal_count=68371 66488 62661 62495 6013 3040 3827 433 56482 29922 24969 23691 12727 1278 10964 10026 2748 1883 1091 26560 4953 25230 24476 3958 20518 13220 3046 1908 10174 9997
is_linear=0
shrinkage=0.1


Tree=19
num_leaves=31
num_cat=0
split_feature=1 17 1 4 7 8 8 3 8 17 17 13 12 14 3 5 5 13 12 4 14 9 10 1 4 12 3 14 6 13
split_gain=242.418 143.489 147.35 123.074 120.433 110.338 173.658 193.391 109.882 159.921 151.054 147.945 141.495 167.346 140.969 148.742 168.563 137.673 188.497 124.877 115.948 113.79 161.534 169.648 107.354 106.227 184.077 123.046 255.327 143.267
threshold=0.70932940906339481 0.034113103693181823 0.54671755504257369 9.2334639388169184e-12 0.0050035363208111349 1.2125704097769121e-12 5.6513402745964176e-12 0.015309400620977031 9.8203975333610599e-12 0.14086914062500003 0.12360174005681819 1.3497265577316286 0.50350365042686474 0.017187409102916721 0.038603307651633202 0.027886905050991121 0.011968491911001926 1.7118046283721926 0.10514734312891962 2.0676005506523832e-11 0.0052088352385908374 0.015119713737827232 1.5581914782524111 0.21008641681514617 2.8412666950196376e-11 0.1378319710493088 0.081273023990869511 0.0056521256919950255 4.3480994740960992e-11 1.2153792977333071
decision_type=2 2 2 2 2 2 2 2 2 2 2 2 2 2 2 2 2 2 2 2 2 2 2 2 2 2 2 2 2 2
left_child=1 -1 3 -3 -4 -5 7 -7 10 12 17 -11 13 14 19 16 -16 18 -8 -10 -21 -13 -23 -24 -18 -20 27 28 -27 -29
right_child=-2 2 4 5 -6 6 8 -9 9 11 -12 21 -14 -15 15 -17 24 -19 25 20 -22 22 23 -25 -26 26 -28 29 -30 -31
leaf_value=-0.098341521222855499 0.10355032880257731 -0.059227739409707672 -0.065223051751487696 0.067143247737707842 0.0528460439458645 0.075746879079240645 -0.14137935584149502 -0.088205082120318398 -0.046350476976139497 -0.12460801867710954 -0.11371952538510513 -0.15827188216100638 -0.14625903272339341 0.022246709474029753 0.035577088907422734 -0.0084073815347695032 -0.11417422629347465 -0.060568995586963138 0.058685947473033045 0.12568973989908908 0.013272320609810326 0.093095480798905519 -0.024813190750615718 0.03241843199492072 -0.046518195287128777 -0.074979373003656855 -0.057109836319709409 -0.078075552591035574 0.091851747809858914 0.099646019294165236
leaf_weight=152.39037895202637 221.83086838945746 384.93361154943705 97.516687504947186 227.89384383708239 757.29853999242187 86.739155635237694 62.018838822841644 421.8340259604156 167.33323292434216 74.312887724488974 83.40702711045742 35.905125945806503 81.171026676893234 1074.7092236019671 222.3976910226047 1980.6931841447949 275.34646010771394 180.52730398625135 1011.7581482976675 150.35403576493263 235.38157103210688 276.95620492100716 801.00105918571353 1465.6284574866295 1582.2510888166726 212.90056793391705 274.41790833696723 52.118007637560368 161.19238299876451 349.7708814740181
leaf_count=1883 269 3779 547 478 1873 280 724 5402 920 1034 893 340 542 3505 963 9998 3686 1060 2591 206 965 500 4978 4495 12240 1600 1560 272 224 564
internal_value=-0.000102348 -0.00187925 -0.000729718 -0.00360274 0.0393768 -0.00174858 -0.00313549 -0.0602424 -0.000449192 -0.00581707 0.0184846 0.0144994 -0.0151618 -0.0132912 -0.0215692 -0.0280202 -0.0466966 0.023269 0.0303942 0.0257943 0.057091 0.018507 0.0210024 0.0121934 -0.0565467 0.0355602 0.0132852 0.0381797 -0.00309375 0.0765986
internal_weight=13162 12940.2 12787.8 11933 854.815 11548 11320.1 508.573 10811.6 8423.44 2388.11 2653.8 5769.64 5688.47 4613.76 4060.69 2080 2304.7 2124.18 553.069 385.736 2579.49 2543.59 2266.63 1857.6 2062.16 1050.4 775.982 374.093 401.889
internal_count=68371 68102 66219 63799 2420 60020 59542 5682 53860 44372 9488 11347 33025 32483 28978 26887 16889 8595 7535 2091 1171 10313 9973 9473 15926 6811 4220 2660 1824 836
is_linear=0
shrinkage=0.1


Tree=20
num_leaves=31
num_cat=0
split_feature=1 17 1 5 8 8 9 8 7 3 14 0 3 17 5 8 5 17 6 14 10 3 0 8 5 13 10 18 5 3
split_gain=214.702 121.676 123.088 106.94 94.2724 222.18 93.8334 107.472 118.635 163.486 103.286 94.5724 229.89 126.634 160.597 119.453 115.238 173.359 129.098 105.923 100.5 96.9605 125.17 112.127 94.816 115.788 93.8309 93.515 90.476 89.503
threshold=0.70932940906339481 0.034113103693181823 0.55972703353118325 0.0067885280166577596 2.1756984589857527e-11 3.4779716483205807e-11 0.00078435480762090984 5.8772120696547538e-12 0.0070829905426725709 0.018100820943142602 0.0041429768316447744 2.4992801049017406e-10 0.040694432320969261 0.10633433948863637 0.036069047007893963 9.9749750365169576e-12 0.029639194757020728 0.1445978338068182 5.4852581368278078e-10 0.10068014636635782 3.3968844413757329 0.049109715406773065 6.7558424921262711e-10 1.4884220851486837e-10 0.021513446639108109 1.5745202898979189 1.5581914782524111 0.76677963332357746 0.012815488907830184 0.063222940353340445
decision_type=2 2 2 2 2 2 2 2 2 2 2 2 2 2 2 2 2 2 2 2 2 2 2 2 2 2 2 2 2 2
left_child=1 -1 3 4 -3 -6 -5 8 28 -10 -9 12 13 -12 -15 -14 17 21 -19 26 -20 23 24 -13 -23 -26 -18 -27 -8 -4
right_child=-2 2 29 6 5 -7 7 10 9 -11 11 16 15 14 -16 -17 19 18 20 -21 -22 22 -24 -25 25 27 -28 -29 -30 -31
leaf_value=-0.092399119113150879 0.10157437806967039 -0.1141913085146805 -0.13907600977165388 0.079821972705609159 0.0648276150534529 -0.11250607259377537 -0.067852327646729535 0.053261172707879556 0.04425523043092356 -0.091669967676988443 0.10233335853953263 0.030073863649914451 -0.0061169102250593944 0.022455243395574427 -0.127150022089876 -0.08598469842948131 -0.19009481140272033 0.036418445934884608 -0.1968701816196618 -0.12087524030992672 -0.016810500141966816 -0.11115871921540846 -0.016112891204104914 -0.12096882696992656 0.006504579357303664 -0.13653668855764109 0.0183355923864412 0.20895571945663233 0.10563281792685714 0.046624027820313996
leaf_weight=146.29623794183135 204.42745062336326 155.19336460903287 26.971793312579393 141.04509188979864 152.59388682246208 131.56822803616524 46.749689910560846 354.27185084670782 112.5116226747632 414.4024722725153 145.0824014917016 560.46882645040751 280.98887460678816 406.82835385575891 87.118805773556232 561.41651299968362 21.721656575798988 1128.273707434535 37.194595828652382 56.41533075273037 186.06349021196365 269.51391635090113 2341.7773445863277 53.872721545398235 245.46805269643664 113.55759318172932 3809.4535124264657 8.4149236977100355 84.212158273905516 688.17998396232724
leaf_count=1883 269 2413 178 224 525 1073 611 1057 582 5103 256 1987 1402 1948 978 5848 177 3315 289 1329 792 4048 13360 419 1305 1115 13765 16 304 1800
internal_value=-9.69934e-05 -0.00172489 -0.000673871 -0.00309417 -0.051511 -0.0172786 -0.00123906 -0.00224855 -0.0414752 -0.0626459 0.000170508 -0.00165315 -0.0250345 0.0201947 -0.00393104 -0.0593444 0.00226863 -0.00785972 0.0226703 0.0151508 -0.0468083 -0.0193436 -0.0268038 0.0168287 -0.0661093 -0.0330659 0.0171539 -0.112701 0.0437035 0.0396204
internal_weight=12972.1 12767.6 12621.3 11906.2 439.355 284.162 11466.8 11325.8 657.876 526.914 10667.9 10313.6 1481.43 639.03 493.947 842.405 8832.2 4944.61 1351.53 3887.59 223.258 3593.07 2978.73 614.342 636.954 367.441 3831.18 121.973 130.962 715.152
internal_count=68371 68102 66219 64241 4011 1598 60230 60006 6600 5685 53406 52349 10432 3182 2926 7250 41917 26646 4396 15271 1081 22250 19844 2406 6484 2436 13942 1131 915 1978
is_linear=0
shrinkage=0.1


Tree=21
num_leaves=31
num_cat=0
split_feature=1 14 8 18 3 4 3 11 12 3 17 3 11 12 3 4 11 7 12 8 3 2 13 10 17 3 13 12 1 17
split_gain=190.278 114.423 189.493 148.81 148.269 98.311 108.736 116.16 96.6996 89.581 88.8116 134.643 97.7508 87.7932 81.0679 78.2847 77.1425 76.9225 81.0421 96.8243 114.267 109.905 141.59 99.1989 94.9744 113.937 92.3566 83.1134 79.0403 83.0905
threshold=0.70932940906339481 0.014812546316534283 2.4021434854465309e-10 -0.02137110297652808 0.071500256045511038 3.1760970962030157e-09 0.13469445327248614 1.2158811291129725e-08 0.10007270425558092 0.038603307651633202 0.081387606534090925 0.08748825474677796 6.6356573569237306e-09 0.094150457531213774 0.026458153781815007 2.3398160297304077e-10 6.6262770270775217e-10 0.0050035363208111349 0.12608617544174197 5.6513402745964176e-12 0.051822025037523832 2.1695652576012408e-10 1.2361627221107485 1.978117883205414 0.10633433948863637 0.084112872855554868 1.8735244870185854 0.14932471513748172 0.33377794429773106 0.11068448153409093
decision_type=2 2 2 2 2 2 2 2 2 2 2 2 2 2 2 2 2 2 2 2 2 2 2 2 2 2 2 2 2 2
left_child=1 3 9 10 -4 6 7 -6 16 -3 11 12 14 -13 -1 -9 -5 -10 26 -20 28 22 27 -24 25 -23 -19 -22 29 -21
right_child=-2 2 4 8 5 -7 -8 15 17 -11 -12 13 -14 -15 -16 -17 -18 18 19 20 21 24 23 -25 -26 -27 -28 -29 -30 -31
leaf_value=-0.1184958644803078 0.099652009692108717 -0.16482436348869209 -0.025597512408211079 -0.0088449441214679732 0.024142171150054403 -0.26033210858605904 0.087418976696826411 0.058339439454440423 -0.12212022219946672 0.080894692500343909 -0.0072559390370435283 -0.12068687707205224 -0.18360793796615629 0.0042382670048498831 0.059361177399831482 -0.10224763403834346 -0.099298502734486815 0.032505227695555319 -0.10530223583073919 0.046760991364205279 0.064495830338929222 -0.10504909441152591 -0.098969073043611772 -0.039094257557211715 0.028086807302944473 -0.0085547223593510149 -0.065634888629193006 -0.053939034123973495 -0.089077233006574011 -0.0035415990230200436
leaf_weight=26.361854560673237 188.36118281260133 15.332264252007006 1027.5142699982971 153.21290570497513 1343.3635675832629 12.228935807943342 235.35707851871848 39.805542919784784 64.404541157186031 459.06070598959923 1696.5238940492272 60.713513806462288 17.575327593833208 766.05483113974333 920.02134722843766 127.88608550280333 245.14151168614626 650.11131189763546 121.32734630256891 436.12062119692564 160.9464803673327 154.50929834321141 439.55452141538262 746.8738326318562 490.08295079320669 588.19181237742305 112.48102871328592 93.777972541749477 86.392148688435555 1329.1659788526595
leaf_count=255 269 108 5490 1356 4543 110 332 98 556 816 10477 1064 150 3119 2702 747 3521 2411 1834 1356 337 1287 5610 5600 2411 3075 664 594 630 6849
internal_value=-0.000113739 -0.00160279 0.01453 -0.0072229 0.00458236 0.0222154 0.0241939 0.0143462 -0.0169398 0.0729531 0.00913968 0.0246728 0.0500673 -0.00493558 0.0544069 -0.0641285 -0.0645087 -0.013478 -0.0121846 -0.0171429 -0.0147795 -0.0280024 -0.0467533 -0.061277 -0.00608218 -0.0286291 0.0180297 0.0208935 0.00431527 0.00888584
internal_weight=12808.5 12620.1 3260.55 9359.55 2786.16 1758.64 1746.41 1511.06 5872.29 474.393 3487.25 1790.73 963.959 826.768 946.383 167.692 398.354 5473.94 5409.54 4646.94 4525.62 2673.94 1441.15 1186.43 1232.78 742.701 762.592 254.724 1851.68 1765.29
internal_count=68371 68102 12244 55858 11320 5830 5720 5388 38091 924 17767 7290 3107 4183 2957 845 4877 33214 32658 29583 27749 18914 12141 11210 6773 4362 3075 931 8835 8205
is_linear=0
shrinkage=0.1


Tree=22
num_leaves=31
num_cat=0
split_feature=1 14 8 0 18 3 18 19 17 12 8 7 1 13 19 12 7 3 9 6 14 6 7 14 3 7 12 8 12 19
split_gain=168.55 94.2425 159.96 131.232 122.231 96.3658 99.0379 103.414 88.5972 84.126 86.3059 77.7539 75.5589 110.15 120.997 112.942 117.486 84.3834 103.811 84.333 84.2834 161.163 138.372 161.575 97.1323 85.0222 75.3885 74.4454 77.4315 73.8025
threshold=0.70932940906339481 0.014812546316534283 2.4021434854465309e-10 6.0298053569828481e-10 -0.02137110297652808 0.12900649322123744 0.035932867438532419 1.5131092667579653 0.099276455965909102 0.094150457531213774 1.0727520272100642e-12 0.0050035363208111349 0.54671755504257369 2.2188539505004887 2.0085911750793461 0.18013010174036029 0.092991696183372427 0.040021749937670464 0.015119713737827232 2.0562958687205177e-11 0.0056812698021531114 3.5965996501758048e-11 0.028129725292284826 0.0041429768316447744 0.068284330875555785 0.016390334190470975 0.45880670845508581 1.4133790721535397e-11 0.12130216136574747 2.0085911750793461
decision_type=2 2 2 2 2 2 2 2 2 2 2 2 2 2 2 2 2 2 2 2 2 2 2 2 2 2 2 2 2 2
left_child=1 4 26 -4 -1 6 7 -5 -8 10 -6 -11 13 14 15 20 17 18 -17 -16 22 24 23 -13 -22 -25 -3 28 -26 -14
right_child=-2 2 3 5 9 -7 8 -9 -10 11 -12 12 29 -15 19 16 -18 -19 -20 -21 21 -23 -24 25 27 -27 -28 -29 -30 -31
leaf_value=0.0082796804263284372 0.097763805721485644 0.076700686770815596 -0.067017096515268909 0.0087752154921384561 0.043210184924748617 0.067788494208242747 -0.089051478841504605 -0.070752578571286265 0.0226988340877535 -0.1141635979299708 -0.093400988046374409 0.023487261394971266 0.044403241025487268 -0.067358397401256043 -0.10188453356950206 -0.14625966781665772 0.032389687216095794 -0.074103021849841508 0.012021308412476631 0.018060209319724307 0.098729521399108178 -0.064705113240658155 0.068591169905131713 -0.088757646423311604 0.048881649604368693 -0.020428976318780212 -0.11801970437554264 0.10055493114166443 -0.059609769761994752 -0.17994701270139682
leaf_weight=3465.0113552454859 173.5615818053484 438.92252951487899 236.72882677800953 348.16272857040167 57.227740585803986 265.93597430363297 74.38936710730195 308.29587624967098 1532.2939802594483 74.436772018671036 240.97809476032853 332.69118490070105 325.7262580357492 363.52616408467293 61.10065159201622 49.116446379572153 172.07732099294662 780.81353161111474 265.01118889823556 1442.9838986992836 218.32524616271257 169.36507261544466 148.00185212492943 436.64460884779692 118.15087424218655 312.39408879354596 20.826438941061497 76.203444559127092 148.42784900218248 15.353996906429527
leaf_count=17767 269 794 2258 1294 123 482 414 1740 5132 636 4079 1728 859 2558 576 528 713 7952 1209 7264 427 1312 340 4534 327 1742 130 227 835 122
internal_value=-0.000104713 -0.00146371 0.0132596 0.00418026 -0.0065848 0.0108445 0.0041532 -0.0285738 0.0175248 -0.015452 -0.0671844 -0.0126524 -0.0112623 -0.0143128 -0.0102371 -0.0211545 -0.0444233 -0.0564949 -0.0127272 0.0131877 -0.00611424 0.0207902 -0.0220957 -0.0345035 0.0465961 -0.0602605 0.0678799 0.0133913 -0.0115251 0.0343039
internal_weight=12672.7 12499.1 3225.56 2765.81 9273.57 2529.08 2263.14 656.459 1606.68 5808.56 298.206 5510.35 5435.91 5094.83 4731.31 3227.22 1267.02 1094.94 314.128 1504.08 1960.2 730.472 1229.73 1081.73 561.107 749.039 459.749 342.782 266.579 341.08
internal_count=68371 68102 12244 11320 55858 9062 8580 3034 5546 38091 4202 33889 33253 32272 29714 21874 10402 9689 1737 7840 11472 3128 8344 8004 1816 6276 924 1389 1162 981
is_linear=0
shrinkage=0.1


Tree=23
num_leaves=31
num_cat=0
split_feature=1 4 17 1 8 6 8 9 14 8 13 8 9 17 3 3 0 17 4 7 7 5 14 19 7 7 8 14 1 4
split_gain=149.294 91.7966 84.3218 85.8502 78.7701 208.849 74.6636 84.8334 135.452 147.151 113.056 91.2927 124.694 117.412 96.6509 100.868 174.234 122.629 148.403 118.868 130.384 115.771 112.456 129.628 106.81 124.205 167.113 116.024 100.362 99.6935
threshold=0.70932940906339481 9.2334639388169184e-12 0.034113103693181823 0.55972703353118325 2.1756984589857527e-11 3.8958320620990432e-11 1.0727520272100642e-12 0.0026256049865455524 0.0032877254998311405 5.6513402745964176e-12 1.1970673799514773 9.8203975333610599e-12 0.0054833704939598465 0.12360174005681819 0.14779060269132019 0.027696722576252792 2.420484146822675e-10 0.13496537642045456 2.7360054139026235e-10 0.11351719581904769 0.076225985872652627 0.025901131978886202 0.0094585241749882715 0.42408142983913427 0.014584439568888361 0.0483803706042812 1.0911110496978449e-11 0.0075127363670617351 0.22287944989901773 9.2177707596881691e-11
decision_type=2 2 2 2 2 2 2 2 2 2 2 2 2 2 2 2 2 2 2 2 2 2 2 2 2 2 2 2 2 2
left_child=1 4 -3 6 -1 -6 -4 10 -9 -10 -8 13 -13 -11 15 -14 -17 18 21 20 22 -18 -19 -24 27 26 -26 -23 -25 -16
right_child=-2 2 3 -5 5 -7 7 8 9 11 -12 12 14 -15 29 16 17 19 -20 -21 -22 24 23 28 25 -27 -28 -29 -30 -31
leaf_value=-0.11002583367814356 0.095892691068988664 -0.079765558647557605 0.069977057931769462 0.035314241713129912 0.078723899784402293 -0.11826675188824938 -0.11588806298400128 0.1192224341509814 -0.099734555110977355 0.022938913624177784 -0.010519929649322083 -0.067860629274604303 0.037064779804963241 -0.10505273246652312 -0.13834862122597258 -0.053811159308394675 -0.026965595260926879 0.049372794046035166 -0.099280449110388289 -0.016581399709979787 0.062468703771593748 0.085971422775858078 0.10733677328000618 -0.12614390907125259 0.049121759353821445 0.020673106559056444 -0.064489900142960993 -0.1702061961788835 -0.016540235508286042 0.075263566106351557
leaf_weight=139.40430314838886 159.95461742952466 130.62783975712955 145.92668726667762 687.69199584051967 114.81647042185068 101.30634927004576 148.00772201083601 94.17905105650425 149.52604224905372 2076.2471743635833 326.38435644842684 300.43864410370588 546.94656387716532 74.2342334613204 23.963339366018772 728.96455721184611 1801.1549793370068 352.12637313827872 189.77764192968607 772.91462832316756 728.31424456834793 244.11458697170019 66.572702433913946 108.4586025364697 175.61537060514092 1034.5088888183236 492.70141457021236 19.059695165604353 363.69103746861219 247.5231126844883
leaf_count=2524 269 1882 238 1978 347 909 2494 191 2174 7786 2115 1838 1819 893 260 6872 13440 1188 1152 4339 1775 449 119 844 433 3516 4348 173 1556 450
internal_value=-9.95149e-05 -0.00133925 0.00014078 0.00101799 -0.0514179 -0.0136144 -0.0010857 -0.00202285 -0.00016975 -0.00124095 -0.0433942 0.000182349 -0.00462879 0.0185207 -0.00222298 -0.00431057 -0.00750782 -0.00219149 -0.0129971 0.0156831 0.0310846 -0.00865046 0.00542655 -0.0232981 0.00812898 -0.00103429 -0.0346359 0.0674184 -0.0417176 0.0564086
internal_weight=12545.2 12385.2 12029.7 11899 355.527 216.123 11211.4 11065.4 10591 10496.9 474.392 10347.3 8196.85 2150.48 7896.41 7624.92 7077.97 6349.01 3956.93 2392.08 1619.16 3767.15 890.849 538.722 1966 1702.83 668.317 263.174 472.15 271.486
internal_count=68371 68102 64322 62440 3780 1256 60462 60224 55615 55424 4609 53250 44571 8679 42733 42023 40204 33332 23511 9821 5482 22359 3707 2519 8919 8297 4781 622 2400 710
is_linear=0
shrinkage=0.1


Tree=24
num_leaves=31
num_cat=0
split_feature=1 5 8 8 14 17 12 14 6 5 8 19 18 12 13 10 5 7 7 8 4 3 17 5 12 18 5 7 10 13
split_gain=132.216 80.316 77.5757 157.858 75.7358 74.3147 134.176 72.4033 140.969 127.85 120.098 88.1052 77.0508 84.0889 120.676 94.2849 91.4764 86.3179 73.4914 126.403 110.487 108.928 97.272 130.942 106.192 91.5542 86.2334 105.398 88.2297 119.617
threshold=0.70932940906339481 0.0067885280166577596 2.1756984589857527e-11 3.4779716483205807e-11 0.10068014636635782 0.1580033735795455 0.59664615988731395 0.017187409102916721 4.5517675763398279e-10 0.028641871388539231 3.8327114434336102e-10 1.8903789520263674 -0.045105359358289694 0.1453613489866257 1.283006012439728 2.0785627365112309 0.026528238642924102 0.017596936639751818 0.065764014485126213 1.9618298110937553e-10 7.0210289898083925e-11 0.049109715406773065 0.088711825284090925 0.010620998970993433 0.10007270425558092 0.3262820261191916 0.032088366154661006 0.043905060032471202 1.4351531863212588 1.4847187399864199
decision_type=2 2 2 2 2 2 2 2 2 2 2 2 2 2 2 2 2 2 2 2 2 2 2 2 2 2 2 2 2 2
left_child=1 2 -1 -4 5 6 7 10 -9 11 12 -10 13 17 15 -15 -16 -3 21 -20 -21 26 24 -24 -23 -22 27 -14 -28 -30
right_child=-2 4 3 -5 -6 -7 -8 8 9 -11 -12 -13 18 14 16 -17 -18 -19 19 20 25 22 23 -25 -26 -27 28 -29 29 -31
leaf_value=-0.10908924831936109 0.094023564078625554 0.013582269565479572 0.052662661152368707 -0.098475329340051251 -0.12328669050266905 0.022551891066416224 -0.13694677294836713 0.074897015502530334 -0.0040740424877865264 0.03350762096039149 -0.091310635970399109 -0.086555714731097008 0.026623334223373742 -0.037216824496114465 -0.020699028099940626 -0.19152052995729185 0.034863258021552462 0.072076710661261256 0.066847255507105768 -0.093652331555119761 -0.020425953216903305 -0.075607077559828484 0.097294419539549815 -0.054073380074107724 -0.0039665978309561855 0.073809205366169126 -0.094652059600575322 -0.12668429200703046 0.070040048034224187 -0.14638435883729287
leaf_weight=128.70771396532655 147.4649775531143 937.74021002463996 153.78400915116072 125.50577358156443 49.401638191193342 1384.6219652928412 73.280505262315273 346.54454845190048 397.83755226060748 644.44741539284587 157.28052219375968 192.00794570147991 1114.456037838012 292.44467343389988 544.2946743927896 45.801371648907661 650.37173507735133 345.11796656623483 320.71121188625693 127.33414809405804 303.19246419146657 231.66044473461807 60.058903302997351 1179.6572028584778 1936.3165270984173 156.22012462466955 147.50295287743211 46.724197503179312 103.60862046852708 33.891107216477394
leaf_count=2417 269 4527 528 1077 1340 4949 494 743 1657 1786 933 1096 4990 1671 3954 412 2489 699 1081 974 1315 3680 181 12290 9290 376 2138 467 269 279
internal_value=-9.93003e-05 -0.00123415 -0.0448561 -0.0152549 0.00027125 0.000789715 -0.00211084 -0.00115295 0.0185401 0.00271711 -0.00471719 -0.0309237 -0.0031293 0.0104282 -0.00538065 -0.0581108 0.00954886 0.0293186 -0.00975537 0.0163655 -0.0112274 -0.0146388 -0.0243979 -0.0467403 -0.0116218 0.0116181 0.00835681 0.0204545 -0.0409324 0.0166955
internal_weight=12378 12230.5 407.997 279.29 11822.5 11773.1 10388.5 10315.2 1580.84 1234.29 8734.39 589.845 8577.1 2815.77 1532.91 338.246 1194.67 1282.86 5761.33 907.458 586.747 4853.88 3407.69 1239.72 2167.98 459.413 1446.18 1161.18 285.003 137.5
internal_count=68371 68102 4022 1605 64080 62740 57791 57297 5282 4539 52015 2753 51082 13752 8526 2083 6443 5226 37330 3746 2665 33584 25441 12471 12970 1691 8143 5457 2686 548
is_linear=0
shrinkage=0.1


Tree=25
num_leaves=31
num_cat=0
split_feature=1 17 12 7 9 8 14 9 17 7 7 13 1 12 14 0 3 17 8 5 5 17 9 7 14 9 10 14 8 4
split_gain=121.243 87.4581 103.208 96.7158 87.7663 91.1564 108.517 128.018 100.3 87.349 74.8142 65.6073 80.5688 101.057 76.3114 84.4665 126.084 105.032 106.847 99.9246 79.2584 87.6038 96.0533 117.4 149.16 121.083 79.7064 84.4154 86.3397 77.1408
threshold=0.59739107556642324 0.037753018465909095 0.096912909299135222 0.0080491055387226281 0.00078435480762090984 5.0815584824133865e-12 0.003190249553881586 0.002864323250523449 0.066295276988636367 0.0046340284553754657 0.0069591733764603515 3.220533132553101 0.53492524403522068 0.10514734312891962 0.0041429768316447744 2.4992801049017406e-10 0.040694432320969261 0.10185102982954546 1.2671551032262203e-11 0.020860214105884099 0.029639194757020728 0.12116033380681819 0.085216812259583469 0.065764014485126213 0.0094585241749882715 0.011899437090933829 1.604972302913666 0.0050372385885566482 1.0688472382843542e-11 1.718919506663425e-11
decision_type=2 2 2 2 2 2 2 2 2 2 2 2 2 2 2 2 2 2 2 2 2 2 2 2 2 2 2 2 2 2
left_child=1 2 -1 -4 -3 6 7 8 10 -7 -6 12 13 -11 -15 16 17 -16 -19 -18 21 29 23 24 25 -23 -22 28 -28 -17
right_child=-2 4 3 -5 5 9 -8 -9 -10 11 -12 -13 -14 14 15 20 19 18 -20 -21 26 22 -24 -25 -26 -27 27 -29 -30 -31
leaf_value=-0.12334743069145954 0.04582696656236919 0.083306725180281538 0.10323433109285757 -0.15248147881615517 0.11395131321011172 -0.13562404718299556 -0.11607396485815376 0.10559417665891142 -0.12197911486360263 -0.12563247101335015 -0.047739480609020946 -0.11514419670450103 0.042105265458823024 0.044597920728736092 0.095253662870876443 -0.13821888093398313 -0.10863677834341663 -0.076027887063608829 0.014890889557231496 -0.029195691131981463 -0.14499978636133262 -0.16273844133986962 -0.020715537447233732 0.053146339610321086 -0.049862702536461467 0.035086691760982149 0.069269703438906038 0.0093572559994643534 -0.15744817645903436 -0.018664660067100325
leaf_weight=124.69437303580344 549.03274386562407 121.80564463511109 50.048023235052824 20.995061378926039 45.596650965511799 47.442873701453209 148.83171015791595 71.071374595165253 101.45698224566877 64.5720618609339 76.842289946973324 48.955916997045279 454.23814943432808 367.69072264805436 111.81658579595387 55.466225668787956 219.09432238712907 176.88406078889966 480.0504079721868 570.97021608799696 31.558186966925859 32.368963003158569 919.07667356356978 645.09211333841085 395.14605532586575 700.89988175779581 367.181565862149 3240.9910807572305 17.60253319889307 2001.042194340378
leaf_count=2866 1614 185 116 214 137 398 2702 267 1978 825 762 331 1278 1210 214 545 3423 2005 2419 3911 249 342 4104 1918 2390 2938 636 13845 130 14419
internal_value=-0.00010127 -0.00225475 -0.0685378 0.0276637 -0.00112791 -0.00203071 -0.0464602 -0.0113352 -0.0484522 -0.000229694 0.0124747 0.00035958 0.000880657 -0.000920332 -0.000140987 -0.00179173 -0.0231717 0.00566008 -0.00958961 -0.0512257 0.00217278 -0.00634829 0.00552133 0.0191179 -0.000335397 0.026354 0.0132375 0.0146148 0.0588981 -0.0218892
internal_weight=12258.5 11709.5 195.737 71.0431 11513.7 11391.9 443.799 294.967 223.896 10948.1 122.439 10900.7 10851.7 10397.5 10332.9 9965.24 1558.82 768.751 656.934 790.065 8406.43 4749.09 2692.58 1773.51 1128.41 733.269 3657.33 3625.78 384.784 2056.51
internal_count=68371 66757 3196 330 63561 63376 5846 3144 2877 57530 899 57132 56801 55523 54698 53488 11972 4638 4424 7334 41516 26656 11692 7588 5670 3280 14860 14611 766 14964
is_linear=0
shrinkage=0.1


Tree=26
num_leaves=31
num_cat=0
split_feature=1 4 11 17 2 19 10 3 17 2 3 7 8 3 10 1 12 14 10 9 14 8 13 17 11 4 9 13 13 10
split_gain=110.184 70.342 69.6943 61.497 65.7874 198.334 120.218 105.71 93.9049 96.448 91.7769 122.04 111.888 109.605 109.411 117.742 103.885 85.4425 148.346 85.3509 98.6078 148.649 83.6102 102.13 82.2888 80.103 78.7706 155.297 141.016 109.031
threshold=0.70932940906339481 9.9286327376691159e-12 3.8339448948931938e-08 0.033447265625000007 8.3600918925489959e-10 2.0564999580383305 2.5726759433746342 0.11213473757712331 0.075972123579545456 4.1201553140285022e-10 0.052629407157167775 0.045995098342220792 1.7547626655325306e-10 0.071220268916899698 2.9031111001968388 0.22932215046177298 0.48576992750167852 0.0073164086788892755 2.1513679027557377 0.002864323250523449 0.0032877254998311405 6.3931166336292687e-12 1.9524745941162112 0.098344282670454572 1.1645145736594033e-08 3.9234577325991203e-11 0.015119713737827232 1.4806499481201174 1.3497265577316286 1.5581914782524111
decision_type=2 2 2 2 2 2 2 2 2 2 2 2 2 2 2 2 2 2 2 2 2 2 2 2 2 2 2 2 2 2
left_child=1 -1 3 -3 7 6 -6 8 24 10 16 13 25 -12 -14 -16 19 18 -15 -10 -21 -22 23 -23 -5 -13 27 -25 -28 -30
right_child=-2 2 -4 4 5 -7 -8 -9 9 -11 11 12 14 17 15 -17 -18 -19 -20 20 21 22 -24 26 -26 -27 28 -29 29 -31
leaf_value=-0.044354416754414872 0.091204763576025416 -0.077600547365250766 -0.20417312197720663 0.021303012494773895 -0.071587599250870118 -0.051111300574109869 0.077580696093902321 -0.034789349674006841 -0.12541337897504612 0.025118454358277975 -0.012782197885746322 -0.080932025576538835 -0.066314106396537106 -0.061699937700232382 -0.078227711971656816 0.0095177665909180788 -0.10812796615981478 -0.11093704875934987 0.10264322157736283 0.1236814056238254 -0.087865692553842148 0.071645405125101494 -0.024314614573377174 0.014663637657688697 -0.23277496409590351 0.041990298928719798 -0.11504246306200377 -0.11174526561338523 0.084764312488974466 0.014764526614206998
leaf_weight=364.62733785063028 130.71660245768726 99.840647168457508 16.653734063729644 2270.5131803695112 60.670791111886501 219.27113541215658 493.43127907440066 843.49726998806 46.080022443085909 1035.7990711312741 785.58988178707659 58.02825716137886 354.19821022078395 447.66322142258286 178.94845007918775 1051.6218932494521 77.238897293806076 271.93383185192943 62.606694843620062 76.579098984599113 150.58047053776681 359.58666563034058 449.80951458960772 340.80907131172717 12.818934436887501 613.45378737524152 65.633218873292208 135.95747267827392 319.67955473437905 732.07805980741978
leaf_count=4050 269 1612 261 9670 397 1123 940 5632 724 3661 6796 641 2289 4253 1976 3812 509 3692 245 80 2223 815 2203 2017 116 2641 917 1062 639 3106
internal_value=-0.000109981 -0.00110507 0.000250825 0.000543958 0.00122156 0.029391 0.0612477 -0.00080675 0.00208944 -0.00324476 -0.00771089 -0.0177349 -0.00284331 -0.0391657 -0.0173388 -0.0032421 0.00620766 -0.0656634 -0.0415361 0.00950682 0.0118701 0.00851773 0.0145561 0.0235052 0.0198766 0.0313676 0.0126465 -0.0213838 0.0271665 0.0360408
internal_weight=12125.9 11995.2 11630.6 11613.9 11514.1 773.373 554.102 10740.7 9897.21 7613.88 6578.08 3824.04 2256.25 1567.79 1584.77 1230.57 2754.03 782.204 510.27 2676.79 2630.71 2554.13 2403.55 1953.74 2283.33 671.482 1594.16 476.767 1117.39 1051.76
internal_count=68371 68102 64052 63791 62179 2460 1337 59719 54087 44301 40640 26345 11359 14986 8077 5788 14295 8190 4498 13786 13062 12982 10759 8556 9786 3282 7741 3079 4662 3745
is_linear=0
shrinkage=0.1


Tree=27
num_leaves=31
num_cat=0
split_feature=1 4 14 3 6 11 3 19 17 4 8 14 9 3 2 5 13 3 5 14 5 1 6 14 5 3 15 0 13 5
split_gain=97.4215 60.3161 61.1819 134.471 104.109 87.991 85.0675 124.527 121.315 95.9116 90.4624 98.8012 140.315 85.7467 118.675 159.581 162.837 123.642 117.408 113.82 100.757 87.8016 84.9853 126.873 84.8622 122.967 93.6591 119.281 84.271 83.4765
threshold=0.70932940906339481 3.1760970962030157e-09 0.014812546316534283 0.12900649322123744 4.6954617382539466e-10 6.9745931252640511e-09 0.11213473757712331 1.9124181270599367 0.080810546875000014 1.8734761767121025e-10 6.966427843688333e-12 0.0037224999396130447 0.002864323250523449 0.043123611393914775 2.1695652576012408e-10 0.020536847089353261 1.6975120902061465 0.088723661949080504 0.012313459027608706 0.011009523645043375 0.0087987914410352624 0.40569202836677182 4.5183863815933121e-11 0.0050656900275498637 0.01635357705333234 0.070136760260849543 6.0721911722794182e-05 2.7080178738235738e-10 2.0020973682403569 0.037384157593077068
decision_type=2 2 2 2 2 2 2 2 2 2 2 2 2 2 2 2 2 2 2 2 2 2 2 2 2 2 2 2 2 2
left_child=1 2 5 4 -4 6 8 9 24 -8 11 12 -10 19 15 18 17 -17 -15 20 22 -20 23 -12 26 -26 27 -1 -23 -22
right_child=-2 -3 3 -5 -6 -7 7 -9 10 -11 13 -13 -14 14 -16 16 -18 -19 21 -21 29 28 -24 -25 25 -27 -28 -29 -30 -31
leaf_value=0.039845803634978944 0.089285776303637474 -0.18593844598120143 0.029326902577227545 0.076020652039875958 -0.010445443129769602 -0.061628447870662295 -0.068587352940445961 0.059956120784901895 -0.11403151025660659 0.021650453176651485 -0.13485927167022257 -0.093702968663711902 0.070996835296041713 0.017812048887427708 0.015656129690842204 0.012073196949891384 -0.090832942184921217 -0.096552237208002933 -0.10104566205444594 -0.10004841638659623 0.045152306620878213 0.46306912688019353 -0.078208025512839119 0.036113124022288931 0.062518374778362057 0.01019546821567009 0.058595248944156388 -0.089558111356505779 -0.12900563616341318 -0.042790722354219657
leaf_weight=104.07393034547567 120.69133959338069 17.611536180600524 1059.9892611429095 291.3543007671833 1736.0938382204622 266.05154774710536 560.61436810344458 121.44079676643014 64.243061158806086 149.11546666547656 51.17940141633153 248.22714571282268 113.20933467708528 115.62801327183843 887.20560662075877 1188.0670737549663 218.28261955454946 114.92216623947024 457.97634372115135 84.496443569660187 998.66005598753691 5.4554541856050474 160.92413121089339 285.63666323944926 645.22790526598692 1478.1606048159301 107.93464429304004 225.73070693388581 4.2977558933198452 121.013866674155
leaf_count=553 269 269 3319 510 8148 1684 5232 495 1559 552 653 3521 561 714 4948 6891 2011 1200 6989 574 3444 8 1198 1001 1716 5907 365 3099 50 931
internal_value=-0.000105464 -0.00101339 -0.000738907 0.0113689 0.00463217 -0.00499764 -0.00322753 -0.0336171 6.11535e-05 -0.0496282 -0.0088281 -0.0529691 0.00401105 -0.00482492 -0.015019 -0.0279501 -0.0108984 0.00249256 -0.0724172 0.0130956 0.0190064 -0.0947229 -0.018428 0.0101338 0.0178298 0.0260947 -0.0222613 -0.0487231 0.202171 0.0356475
internal_weight=12003.5 11882.8 11865.2 3087.44 2796.08 8777.78 8511.72 831.171 7680.55 709.73 5119.43 425.68 177.452 4693.75 2991.84 2104.63 1521.27 1302.99 583.358 1701.91 1617.41 467.73 497.74 336.816 2561.13 2123.39 437.739 329.805 9.75321 1119.67
internal_count=68371 68102 67833 11977 11467 55856 54172 6279 47893 5784 36253 5641 2120 30612 22811 17863 10102 8091 7761 7801 7227 7047 2852 1654 11640 7623 4017 3652 58 4375
is_linear=0
shrinkage=0.1


Tree=28
num_leaves=31
num_cat=0
split_feature=1 17 14 8 5 1 12 6 19 17 3 11 10 6 4 13 18 3 13 5 19 17 8 3 5 0 17 5 8 13
split_gain=86.0886 56.2119 59.6581 98.7486 131.518 84.8071 91.5447 85.7552 95.2289 89.3172 78.7708 78.318 76.7767 73.166 71.297 66.7211 62.3958 76.8562 116.575 77.1784 69.5525 67.0745 90.1213 87.4557 83.2023 130.222 103.824 151.421 92.33 104.679
threshold=0.70932940906339481 0.33407315340909094 0.016245833598077301 2.9672869475404963e-10 0.034553412125625356 0.32138731950929944 0.36238536238670355 4.5517675763398279e-10 2.1057215929031377 0.16381835937500003 0.046026685500634969 1.3019900269028996e-08 3.6436257362365727 6.9434640513484481e-10 3.1760970962030157e-09 2.066210269927979 -0.18833373472179196 0.1174726261648216 2.4269921779632573 0.04309485726474567 1.959635376930237 0.075972123579545456 6.966427843688333e-12 0.05466313755614479 0.020442535316444074 8.5959536300841217e-10 0.11188299005681819 0.027189965594069523 1.2692249443510428e-10 1.3660843968391421
decision_type=2 2 2 2 2 2 2 2 2 2 2 2 2 2 2 2 2 2 2 2 2 2 2 2 2 2 2 2 2 2
left_child=1 2 11 10 5 6 13 -7 12 -10 -4 16 15 -5 -6 -9 -1 21 19 20 -19 -18 -23 24 28 26 -26 -28 29 -24
right_child=-2 -3 3 4 14 7 -8 8 9 -11 -12 -13 -14 -15 -16 -17 17 18 -20 -21 -22 22 23 -25 25 -27 27 -29 -30 -31
leaf_value=0.02321328276960501 0.087328744656228308 -0.11051017867674194 -0.11271099867975005 -0.048886896491538032 0.047784523562901804 0.059827131273449533 -0.075402305563631519 0.055042979611209644 -0.082589770081076153 0.11223686943886731 0.078595522561315273 -0.14196540172104738 0.089557734752535201 0.075640280005437044 -0.21513481976588633 -0.032244481001587326 0.011546957450689612 -0.094061933898544392 0.079203355225845651 -0.0041214586687781237 0.030119100517809951 -0.053255979879748387 -0.066667684011361236 -0.017771422845147409 0.077140809060809168 -0.16717592536079981 0.059422933389630839 -0.060289661724851062 -0.092126255087662978 0.012282016023549834
leaf_weight=794.03647476807237 111.53012790903449 46.638966608792543 23.188510283827782 96.471385639160872 630.65666599944234 231.43596913665533 327.65598702058196 126.81487403810024 216.23396863788366 26.404239766299725 299.68606566265225 41.080083481967449 107.9588884934783 92.348672688007355 10.48545854911208 282.98014176264405 2194.4358250722289 351.42592945694923 75.693519435822964 216.66337621212006 51.743490042164922 426.88020559959114 194.66365179605782 2697.5733623728156 404.53419832140207 31.232473775744438 239.00187464058399 189.38089393824339 113.92682298272848 1223.3900718688965
leaf_count=3525 269 1451 142 487 1608 576 1802 353 1259 49 562 315 215 231 93 1286 10575 4023 164 920 260 5782 2029 20469 858 284 862 1646 833 5443
internal_value=-0.000114826 -0.000943802 -0.000507715 0.0132906 0.00554476 -0.0105825 -0.0434423 0.00652859 -0.00969356 -0.0613885 0.0648561 -0.00419742 0.0145325 0.0120172 0.0434847 -0.00523257 -0.00358256 -0.00611235 -0.0379499 -0.0522565 -0.0781243 -0.00324212 -0.00912079 -0.00542202 0.00848098 0.033292 0.0408091 0.00649999 -0.00551425 0.00144418
internal_weight=11876.2 11764.6 11718 2472.32 2149.45 1508.3 516.476 991.828 760.392 242.638 322.875 9245.66 517.754 188.82 641.142 409.795 9204.58 8410.55 695.526 619.833 403.169 7715.02 5520.58 5093.7 2396.13 864.149 832.917 428.383 1531.98 1418.05
internal_count=68371 68102 66651 8663 7959 6258 2520 3738 3162 1308 704 57988 1854 718 1701 1639 57673 54148 5367 5203 4283 48781 38206 32424 11955 3650 3366 2508 8305 7472
is_linear=0
shrinkage=0.1


Tree=29
num_leaves=31
num_cat=0
split_feature=1 17 12 7 9 7 8 6 14 1 9 9 19 7 5 8 17 13 3 12 14 5 19 19 14 13 14 9 5 8
split_gain=77.2703 67.9443 90.9625 77.4871 63.0327 72.4682 66.4189 86.8881 68.0432 63.7057 72.6175 60.7364 58.8335 58.9379 56.7327 53.1291 99.6978 101.727 77.7871 98.9623 105.821 91.673 90.5742 88.224 71.1499 65.0177 133.417 89.5705 80.8667 69.7113
threshold=0.59739107556642324 0.037753018465909095 0.096912909299135222 0.0080491055387226281 0.00078435480762090984 0.0048176904681025848 5.0815584824133865e-12 1.5366649951913997e-11 0.0035490285372361545 0.317407996513212 0.002864323250523449 0.0010450051771193575 0.50112503767013561 0.0039628241393692152 0.013124252718758677 9.8970119315453905e-12 0.12360174005681819 1.9231671690940859 0.08263796839845737 0.1378319710493088 0.00635215430520475 0.085342334566668496 0.10503163188695909 0.63261818885803234 0.0043747450690716514 1.397782623767853 0.0064953092951327571 0.035553860983773007 0.020748038531373306 1.5694359808532238e-11
decision_type=2 2 2 2 2 2 2 2 2 2 2 2 2 2 2 2 2 2 2 2 2 2 2 2 2 2 2 2 2 2
left_child=1 2 -1 -4 -3 -6 7 8 9 10 11 -7 13 -2 -14 16 17 18 -8 22 21 -21 -20 -22 -24 26 28 -28 -17 -27
right_child=12 4 3 -5 5 6 15 -9 -10 -11 -12 -13 14 -15 -16 25 -18 -19 19 20 23 -23 24 -25 -26 29 27 -29 -30 -31
leaf_value=-0.12257268184730251 -0.088977160420215126 0.074691949902333896 0.091634820931741648 -0.14647505336808206 -0.087236874436992309 0.025300915230415378 0.036205045948011064 -0.12208316608404778 -0.11520955901518007 0.25477606162424987 0.082432634000987909 -0.11350062287985481 0.070690580081231955 0.074284378407814683 -0.052880074370746835 -0.061695351445419148 -0.098514755117807662 -0.15385952452874177 -0.049714908709965117 -0.13034487070302611 -0.14692115454521745 0.051053037858136231 -0.063161068601299455 0.10379251821562144 0.047787709820712482 -0.035658336215662827 -0.12037858833776618 -0.021933021698395411 0.01839250079637569 0.0029908519824010664
leaf_weight=104.67247960343957 23.813721399754286 109.41496540606022 49.412529937922955 18.892539046704769 97.902158768847585 62.432955678552389 1287.8309001047164 100.40698388032615 51.522890979424119 10.37297219224274 69.645866392180324 63.681037954986095 56.593408392742276 309.41829839721322 108.16322705149651 164.95080011710525 76.674023080617189 34.183319833129644 157.92583623528481 146.99795641563833 18.445242505520582 34.374564580619335 64.959173951297998 58.709747068583965 524.47007338888943 502.39010698534548 198.85618771612644 172.6746825017035 534.97823935002089 6566.198633570224
leaf_count=2866 140 185 116 214 1231 242 4674 1847 1190 36 291 1525 122 762 590 2029 1189 307 756 1252 130 85 614 103 1606 3305 3202 2313 2266 33183
internal_value=-0.000100752 -0.00180218 -0.0639931 0.0257759 -0.000833898 -0.0015851 -0.000815977 -0.043172 -0.0124208 0.0132713 0.000474386 -0.0447867 0.0384487 0.0626172 -0.0104339 0.000622302 0.0136824 0.0173778 0.0199298 -0.000907465 -0.0542374 -0.0959655 0.0175406 0.0438551 0.0355604 -0.00323564 -0.0261908 -0.0746245 -0.000481634 0.000243915
internal_weight=11781 11283 172.978 68.3051 11110 11000.6 10902.7 358.063 257.656 206.133 195.76 126.114 497.989 333.232 164.757 10544.6 2404.57 2327.9 2293.71 1005.88 258.528 181.373 747.355 77.155 589.429 8140.05 1071.46 371.531 699.929 7068.59
internal_count=68371 66757 3196 330 63561 63376 62145 5131 3284 2094 2058 1767 1614 902 712 57014 10716 9527 9220 4546 1570 1337 2976 233 2220 46298 9810 5515 4295 36488
is_linear=0
shrinkage=0.1


Tree=30
num_leaves=31
num_cat=0
split_feature=1 17 10 8 11 10 19 14 8 4 8 7 18 9 5 12 13 14 13 14 6 19 8 12 14 10 3 11 6 19
split_gain=69.6526 49.7569 49.5595 148.134 102.776 96.4007 82.3798 80.4233 236.779 89.6009 93.6892 75.4898 77.1152 72.1185 80.9226 82.1396 106.477 111.768 103.805 124.903 125.66 111.058 100.264 91.5384 93.3412 79.1335 134.913 116.104 71.3036 71.2804
threshold=0.70932940906339481 0.33407315340909094 2.6816616058349614 1.9618298110937553e-10 6.3129845795373293e-09 2.8397462368011479 0.31799788773059851 0.0076075298711657533 4.2745344215460854e-11 1.3494266978442379e-10 1.6991916231761674e-10 0.045995098342220792 0.01975535290231082 0.005311860299307432 0.011776059292766724 0.1378319710493088 1.3798159360885622 0.0056812698021531114 1.1384180784225466 0.0062107846606522807 2.6170533764286037e-11 0.63261818885803234 8.5578373028666633e-12 0.1157328709959984 0.0056812698021531114 2.1620399951934819 0.089971951046760312 1.4960352956450153e-09 6.0663087500707022e-11 1.5131092667579653
decision_type=2 2 2 2 2 2 2 2 2 2 2 2 2 2 2 2 2 2 2 2 2 2 2 2 2 2 2 2 2 2
left_child=1 2 4 -4 7 -5 -6 13 -9 10 -10 -7 29 14 -1 18 -17 -18 -16 22 21 -21 -20 24 -24 26 -15 -27 -29 -13
right_child=-2 -3 3 5 6 11 -8 8 9 -11 -12 12 -14 25 15 16 17 -19 19 20 -22 -23 23 -25 -26 27 -28 28 -30 -31
leaf_value=-0.075471077914873438 0.08398237739134283 -0.10945614879589871 0.057646804964884037 -0.059044748561603959 0.03914834820901001 0.10602148562424299 -0.094047099332564138 -0.10803299725770377 -0.0032604304094251122 0.11132389503436002 -0.089237094629598807 0.0030137067638790725 0.013663560782015452 0.013861013442166038 -0.10279638256144596 -0.076322591800235706 -0.10812711855255358 0.058624879911106591 0.040713894996688968 -0.14139408799397454 0.017139230492189145 0.047667577633550409 -0.15792681774316936 0.021167197286503986 -0.0054586822627247129 -0.07287606943276613 -0.076893647958681061 0.11950989141614554 -0.037569474836917388 -0.057927050106011228
leaf_weight=172.50049153342843 97.677392145618796 42.005556374788284 538.07519330084324 247.50300679914653 59.302799041382968 73.516175530850887 213.99323986843228 266.30051498115063 1412.0775730665773 62.309190548956394 139.242352001369 444.53839349001646 2027.0005383975804 2718.3358993604779 84.743065259419382 314.37585204280913 54.158726735040545 155.90388751588762 1011.3626809939742 142.8865287527442 181.96004031971097 39.703627184033394 75.304318362846971 235.31637693941593 86.018150731921196 50.125345047563314 174.30422129109502 189.28598474338651 34.105207245796919 337.77285574376583
leaf_count=3526 269 1451 1545 1574 194 107 1709 3531 9203 162 1101 1697 7189 15699 1879 2859 640 436 5373 953 636 115 756 879 368 378 1721 453 238 1730
internal_value=-0.000108369 -0.000817429 -0.000422054 0.00917794 -0.0048948 0.000846591 -0.0651449 -0.0027283 -0.0206722 -0.00625488 -0.0109775 0.00598852 0.00337078 0.00316873 -0.00933232 -0.00454213 -0.0394902 0.0156326 0.00532604 0.0104952 -0.0416735 -0.100283 0.0240024 -0.0186092 -0.0766299 0.0132537 0.00839233 0.0646663 0.0955285 -0.0232982
internal_weight=11681.7 11584 11542 3668.41 7873.62 3130.33 273.296 7600.32 1879.93 1613.63 1551.32 2882.83 2809.31 5720.39 2554.23 2381.73 524.438 210.063 1857.29 1772.55 364.55 182.59 1408 396.639 161.322 3166.16 2892.64 273.517 223.391 782.311
internal_count=68371 68102 66651 13842 52809 12297 1903 50906 13997 10466 10304 10723 10616 36909 18420 14894 3935 1076 10959 9080 1704 1068 7376 2003 1124 18489 17420 1069 691 3427
is_linear=0
shrinkage=0.1


Tree=31
num_leaves=31
num_cat=0
split_feature=1 9 19 3 17 18 14 14 6 12 8 10 8 8 14 9 17 8 13 17 9 12 9 13 14 13 3 8 14 12
split_gain=65.2966 82.909 96.243 74.0715 73.093 67.9353 71.9334 65.7383 120.524 72.5657 82.1808 60.4554 58.2967 57.9187 60.4167 92.4669 60.3062 51.7782 140.606 88.266 81.8602 62.1005 106.551 103.623 66.4792 91.7358 134.768 106.564 76.6652 69.173
threshold=0.54080200883782104 0.0036199092457678194 1.2635608911514284 0.078768575247028683 0.042458274147727279 -0.33769987980750465 0.0054837074130773553 0.0063786171376705178 2.4820280051094612e-11 0.090220399200916304 8.3250362749504581e-12 2.250182151794434 1.0727520272100642e-12 5.0815584824133865e-12 0.003190249553881586 0.002864323250523449 0.060347123579545463 9.8970119315453905e-12 1.7118046283721926 0.12360174005681819 0.0054833704939598465 0.1378319710493088 0.0049792815278625101 1.3847973346710207 0.0059594009071588525 1.1308444738388064 0.043761763950335777 8.8633774001515569e-12 0.0054303654469549665 0.14671334624290469
decision_type=2 2 2 2 2 2 2 2 2 2 2 2 2 2 2 2 2 2 2 2 2 2 2 2 2 2 2 2 2 2
left_child=4 7 -3 -4 5 -1 -7 9 -9 -2 -11 -8 -6 14 15 16 -14 18 19 21 -19 -15 23 -23 25 -24 28 -28 -27 -29
right_child=1 2 3 -5 12 6 11 8 -10 10 -12 -13 13 17 -16 -17 -18 20 -20 -21 -22 22 24 -25 -26 26 27 29 -30 -31
leaf_value=0.18068653734571041 -0.11539914985973679 0.079424458335344131 -0.16115263673994962 0.023523276467456781 0.072334624592212945 -0.099606087025758835 0.080901277873649535 -0.18261256191254482 -0.0026908558470702532 0.086300614525972361 -0.0259241703543171 -0.10554075648624309 0.016510308719260694 0.041958657136820184 -0.1080732144151838 0.085363552008923788 -0.11634989178391214 -0.065188704322938343 -0.088174229450487793 -0.091914823833848192 -0.0025477787300044494 -0.087453843704366804 0.095587722738317116 0.025369367788494013 0.077891691477685238 -0.051009051004790674 -0.17627496130395523 0.049856842991561151 0.10763874055405061 -0.083928158900452826
leaf_weight=11.789334787055848 32.75197365321219 363.39621300436556 30.168946042656898 77.537745522335172 107.15182362496853 178.74417785741389 50.078953087329865 50.163283288478851 144.41695700213313 165.73035648278892 107.62718734517694 26.645695749670267 59.875916581600904 951.20770210213959 100.81987048499286 64.683232706040144 79.559852277860045 214.51215469837189 128.35607467219234 68.342280799522996 7595.5289553403854 192.83560621365905 95.812853295356035 140.87841308861971 198.60409014858305 43.502975570037961 61.174233727157116 73.589287109673023 101.59534438699484 81.393842840567231
leaf_count=16 618 804 246 255 182 3934 128 385 537 348 573 212 366 2895 2314 265 2054 1396 978 1160 44020 1462 133 612 424 342 708 204 167 633
internal_value=-0.00010627 0.0247054 0.0548175 -0.028205 -0.00237526 -0.0540099 -0.0648406 -0.00362723 -0.0490751 0.025262 0.0421151 0.0161518 -0.00104316 -0.00181007 -0.0447386 -0.013456 -0.0592976 -0.000494081 0.0132975 0.0197808 -0.00426829 0.0237144 0.00617421 -0.0398252 0.0295863 0.00859672 -0.0144752 -0.0645168 0.0600734 -0.0204042
internal_weight=11598.5 971.793 471.103 107.707 10626.7 267.258 255.469 500.69 194.58 306.11 273.358 76.7246 10359.4 10252.3 304.939 204.119 139.436 9947.33 2137.29 2008.94 7810.04 1940.59 989.387 333.714 655.673 457.069 361.256 216.157 145.098 154.983
internal_count=68371 3766 1305 501 64605 4290 4274 2461 922 1539 921 340 60315 60133 4999 2685 2420 55134 9718 8740 45416 7580 4685 2074 2611 2187 2054 1545 509 837
is_linear=0
shrinkage=0.1


Tree=32
num_leaves=31
num_cat=0
split_feature=1 13 14 15 5 6 9 3 17 17 12 9 10 10 14 19 2 15 17 15 11 5 13 8 0 14 13 1 8 17
split_gain=57.5735 75.1555 60.0496 51.6952 47.8332 80.4059 109.375 46.4057 45.6996 56.1328 100.909 65.7021 62.6497 134.65 112.976 49.3369 43.6206 48.4103 46.8304 43.1123 60.5627 42.1885 118.972 105.801 90.4456 71.488 69.0097 116.396 111.996 190.319
threshold=0.66443913638630547 3.4120417833328252 0.0073625305667519578 7.5142175774090006e-05 0.0064442458237890035 4.5183863815933121e-11 0.014410598342828833 0.011154955965416579 0.33407315340909094 0.1580033735795455 0.59664615988731395 0.018346404407343437 1.6477200388908388 2.5045439004898076 0.011009523645043375 1.6734251379966738 2.4837892290276324e-11 2.1371160983107987e-05 0.12737482244318185 0.00011453578918008135 1.5283053045322962e-08 0.018993225992929821 1.6751590967178347 1.1177692797961983e-11 3.4548140014638865e-10 0.0055402552243322143 1.6074251532554629 0.27837398582017098 9.1722622765728546e-11 0.12475585937500001
decision_type=2 2 2 2 2 2 2 2 2 2 2 2 2 2 2 2 2 2 2 2 2 2 2 2 2 2 2 2 2 2
left_child=1 4 3 -2 5 6 -1 -8 9 10 19 -11 -13 14 15 -14 -9 -18 -19 20 21 22 23 24 -6 -26 28 -28 29 -23
right_child=2 -3 -4 -5 8 -7 7 16 -10 11 -12 12 13 -15 -16 -17 17 18 -20 -21 -22 26 -24 -25 25 -27 27 -29 -30 -31
leaf_value=-0.097390685812999478 0.11297253216195387 -0.14610280622520835 0.084565133441371426 -0.15299164738944182 0.011390530370883868 -0.13136107726267751 -0.10649286351148393 0.13768258329499672 -0.10857138273653887 -0.15443190085395231 -0.12039855643268108 0.070880736762727201 -0.089535513147775289 0.032991809173478902 -0.13241170341052091 0.034488645869415073 -0.080431452798063074 -0.14842261529709716 0.11208068943393271 0.065709808407411641 -0.14678225688876473 0.01196906909985466 0.0057025784830153498 -0.086941893805341119 -0.10257346722278399 0.092638046952379802 -0.045885732079334725 0.0011942876258879158 0.057714294686944168 -0.095259708847744248
leaf_weight=92.584865234792233 10.920261941850184 35.572152402251959 143.46353577449918 22.093769198283553 386.69318525120616 72.385947979986668 18.930422890931368 47.634876571595669 38.218090634793043 21.21439060010016 71.096668109297752 226.04620921984315 43.48391231149435 825.22104270942509 100.55511021986604 122.24291934818029 31.49207492172718 8.0621209964156133 47.908292874693871 96.417650230228901 28.606126200407743 2795.2056445423514 1330.1915262043476 325.59547097794712 143.42850918509066 21.582393147051334 631.7074855659157 3112.4097558669746 479.2417778223753 175.94232257269323
leaf_count=2308 12 264 370 156 3116 848 148 92 1451 241 494 464 441 2530 826 373 193 75 89 248 233 14766 7451 4999 3377 154 4365 13638 1805 2844
internal_value=-9.49343e-05 -0.000977775 0.0565825 -0.065017 -0.000520686 -0.038693 -0.011493 0.0401394 0.000588819 0.000970271 -0.00170532 0.0201527 0.0229637 0.0130403 -0.0487905 0.00194681 0.0606861 0.0187514 0.0745571 -0.000819561 -0.00149975 -0.00105772 -0.0131508 -0.041737 -0.0150587 -0.077041 0.00265281 -0.00674905 0.012855 0.00561931
internal_weight=11506.1 11329.7 176.478 33.014 11294.1 318.999 246.613 154.028 10975.1 10936.9 9598.12 1338.76 1317.55 1091.5 266.282 165.727 135.097 87.4625 55.9704 9527.02 9430.6 9402 2207.49 877.3 551.704 165.011 7194.51 3744.12 3450.39 2971.15
internal_count=68371 67833 538 168 67569 3753 2905 597 63816 62365 57490 4875 4634 4170 1640 814 449 357 164 56996 56748 56515 19097 11646 6647 3531 37418 18003 19415 17610
is_linear=0
shrinkage=0.1


Tree=33
num_leaves=31
num_cat=0
split_feature=11 1 8 14 6 19 5 3 12 2 13 17 1 3 6 2 5 8 7 7 0 7 14 14 7 5 10 14 8 5
split_gain=52.6027 57.2454 48.4735 50.2401 61.2139 45.285 43.1967 82.5055 83.5865 66.3355 70.7256 63.1495 85.1077 100.202 77.1738 173.29 96.9664 82.0255 71.8836 64.6893 60.755 57.9093 66.2804 68.3083 85.2869 54.4847 54.4511 185.149 56.4133 54.5019
threshold=3.8339448948931938e-08 0.58810627774938207 2.0650097270918158e-11 0.0063786171376705178 3.4096576804350322e-11 1.2183563709259035 0.022195895721931317 0.11622938035679592 0.48576992750167852 5.4426298028879458e-10 2.6353162527084355 0.14979137073863638 0.4483504809953045 0.065802856277021829 7.5924364673646437e-11 1.2462162247344998e-10 0.016461185992453425 2.5067731871098002e-11 0.01548567863646203 0.0064124339253833268 6.8501484085797825e-10 0.0044232295258070315 0.0052373583894222983 0.0058849512133747348 0.0070829905426725709 0.021298614482783172 2.5045439004898076 0.010543084237724544 2.0123962486124411e-11 0.0081239914777192414
decision_type=2 2 2 2 2 2 2 2 2 2 2 2 2 2 2 2 2 2 2 2 2 2 2 2 2 2 2 2 2 2
left_child=1 6 3 4 -3 -4 7 8 9 10 11 12 13 14 15 16 -1 -18 20 -15 -17 -14 -23 -24 -25 -16 27 28 -13 -30
right_child=-2 2 5 -5 -6 -7 -8 -9 -10 -11 -12 26 21 19 25 18 17 -19 -20 -21 -22 22 23 24 -26 -27 -28 -29 29 -31
leaf_value=-0.042000113909844143 -0.19429841811491633 0.064858634053803613 0.081668155954603347 -0.05212143924351878 -0.1345889304753341 -0.024600101664941532 0.0034532297761463732 -0.096184809258688678 -0.13124558556390695 0.056440618961632119 -0.10193177035126791 -0.1314192089625463 -0.11521619826280326 0.11274589485419587 -0.076381981259480078 0.18459580584914265 0.045686719688164984 -0.086228892804981042 0.086344691293313292 -0.06031386611240569 -0.11240294029154159 -0.1191598820749613 0.12875535819755088 -0.10098396454506203 0.060968276805249633 0.027944918320378417 0.048227415726035248 -0.12845980785920125 -0.01078260887750624 0.048031283463543559
leaf_weight=620.36867401283234 13.931692858226596 122.05854272842407 218.75756216328591 103.87631916627288 17.608324626460671 49.100951997563243 6831.052445047535 107.07783065270633 53.606443949043751 165.45790721941739 78.910045228898525 24.312821125611663 24.298469360917807 22.355719497427344 233.20426985062659 8.6139813605695945 288.57138456404209 56.339088829234242 270.21339445002377 638.38168624043465 34.368491698056459 22.631367904134095 92.723275385797024 42.361648250371218 139.91830424964428 63.74156915768981 324.1782918125391 98.78037785179913 268.50739386305213 381.32885486632586
leaf_count=7132 268 364 514 516 264 197 34039 1902 419 599 625 326 210 125 2197 29 1481 892 980 8620 341 610 157 267 581 295 846 779 1509 1287
internal_value=-0.000104005 0.000133259 0.0328316 0.000543975 0.0397135 0.0621882 -0.00140209 -0.00957079 -0.00722471 -0.00551982 -0.00826528 -0.00624317 -0.014851 -0.0217719 -0.00806299 0.00260368 -0.0183675 0.0241391 0.0672374 -0.0544585 -0.0528824 0.0332213 0.0453395 0.0588769 0.0233308 -0.0539875 0.0138275 -0.000600282 0.0181345 0.0237298
internal_weight=11416.6 11402.7 511.402 243.543 139.667 267.859 10891.3 4060.25 3953.17 3899.57 3734.11 3655.2 2558.09 2236.16 1575.42 1278.48 965.279 344.91 313.196 660.737 42.9825 321.933 297.635 275.003 182.28 296.946 1097.11 772.929 674.149 649.836
internal_count=68371 68103 1855 1144 628 711 66248 32209 30307 29888 29289 28664 23917 22092 13347 10855 9505 2373 1350 8745 370 1825 1615 1005 848 2492 4747 3901 3122 2796
is_linear=0
shrinkage=0.1


Tree=34
num_leaves=31
num_cat=0
split_feature=1 11 3 4 19 17 17 12 4 5 8 17 4 19 6 1 13 5 13 10 11 5 6 19 6 5 4 8 5 4
split_gain=46.498 41.2877 36.7648 51.4882 54.6509 35.4244 38.106 85.3468 71.079 68.0863 53.0608 47.4036 51.4718 45.3612 46.5731 44.8058 83.221 65.2132 51.7341 46.7994 82.3039 59.9396 148.063 56.1669 86.4667 47.0001 45.1042 49.8172 55.3329 48.6999
threshold=0.70932940906339481 3.8339448948931938e-08 0.18799400609799319 3.1494662769183099e-10 0.66913878917694103 0.33407315340909094 0.15516246448863638 0.59664615988731395 1.076214582675008e-11 0.044722373583519846 2.1167868648690601e-11 0.21069335937500003 3.8902102109618813e-10 2.5460114479064946 2.0756839034082755e-10 0.29640191147954681 2.028339266777039 0.015836790401082167 2.055956363677979 1.6974077820777895 9.5334101724020591e-10 0.0081239914777192414 3.8958320620990432e-11 0.48545700311660772 4.9897894001547655e-10 0.036069047007893963 6.115253584573081e-11 4.7526313351832646e-10 0.027527573263993216 1.3704810151606115e-10
decision_type=2 2 2 2 2 2 2 2 2 2 2 2 2 2 2 2 2 2 2 2 2 2 2 2 2 2 2 2 2 2
left_child=1 2 5 4 -4 6 7 8 -1 10 -8 12 15 14 -13 16 19 18 -17 21 -21 22 -12 24 -22 26 -25 -28 -29 -30
right_child=-2 -3 3 -5 -6 -7 9 -9 -10 -11 11 13 -14 -15 -16 17 -18 -19 -20 20 23 -23 -24 25 -26 -27 27 28 29 -31
leaf_value=-0.07804364059242859 0.077785982203045959 -0.18298952853359582 0.038218948835007434 0.10593080835114765 -0.17655753424625531 -0.10790023981480397 -0.12987718318535019 -0.11753683494785594 -0.0014319885971092478 0.094206062360076906 0.07752713501014373 -0.097411938979036855 -0.14272377011132542 -0.15527675106364203 0.062989748047031488 0.092205553843492355 -0.1206515841349233 0.069494560744974204 -0.20571212559959512 -0.080902759047302916 0.096804275118281324 0.081227968010962423 -0.084776522389618997 0.0061607286467878115 -0.18069125411654677 0.07340850805491668 -0.22120629121547389 -0.14065603858669457 0.077692624133922764 -0.11249222927922811
leaf_weight=122.71097313333303 76.127999969758093 12.401883657090364 46.373478038236499 76.164658341556787 15.91279675811529 30.951641261577606 27.366304039955139 64.86842767894268 9236.5577203035355 97.673343654721975 127.00803057104349 33.710918717086315 20.306128621101379 31.27496949210763 39.093385182321072 9.0870955064892787 47.53318477421999 248.67707522213459 16.256500788033009 110.32090334966779 119.32573341205716 195.0113449562341 100.82850472256541 240.74026111140847 12.395330529659985 65.9897590726614 18.305249400436878 35.549324430525303 41.559850625693798 19.916301652789116
leaf_count=2854 269 261 205 117 174 1276 379 472 55881 178 312 309 140 250 127 13 285 528 132 1029 188 386 849 891 102 154 149 242 100 119
internal_value=-0.000104129 -0.000630557 -0.000429552 0.0507834 -0.0166518 -0.00106759 -0.000769208 -0.00322872 -0.00243646 0.0132113 0.00814101 0.010605 0.0153512 -0.0545511 -0.0112818 0.0176301 0.00886456 0.0539208 -0.098892 0.0145284 -0.00202891 0.0405324 0.00570005 0.0136838 0.0706911 -0.00410759 -0.0184735 -0.0698946 -0.0413475 0.0160788
internal_weight=11340 11263.9 11251.5 138.451 62.2863 11113 11082.1 9424.14 9359.27 1657.93 1560.26 1532.89 1428.81 104.079 72.8043 1408.5 1134.48 274.021 25.3436 1086.95 664.103 422.848 227.837 553.782 131.721 422.061 356.071 115.331 97.0255 61.4762
internal_count=68371 68102 67841 496 379 67345 66069 59207 58735 6862 6684 6305 5619 686 436 5479 4806 673 145 4521 2974 1547 1161 1945 290 1655 1501 610 461 219
is_linear=0
shrinkage=0.1


Tree=35
num_leaves=31
num_cat=0
split_feature=1 6 14 14 19 3 17 17 18 14 6 8 4 13 8 14 9 17 7 2 5 14 7 0 3 4 17 9 4 12
split_gain=42.235 65.0819 139.094 77.6146 67.6844 57.4004 65.0391 57.0541 55.5761 56.7516 53.7635 49.0159 48.9585 43.8729 45.3308 57.9626 64.0713 59.6277 53.4748 44.2972 42.122 40.6087 107.301 50.5538 84.303 164.115 110.161 133.234 91.6243 90.1431
threshold=0.54080200883782104 2.5642062517746598e-11 0.0060943677090108403 0.0057351093273609885 0.43717975914478308 0.07488096394571174 0.039217862215909095 0.042458274147727279 -0.33769987980750465 0.0054837074130773553 2.3790501337738133e-11 1.0727520272100642e-12 1.1293975993037467e-10 2.8601604700088505 5.0815584824133865e-12 0.0035490285372361545 0.002864323250523449 0.060347123579545463 0.0075749335542033515 5.9812958547556991e-10 0.015519820685023835 0.0045148450881242761 0.011463187907646473 6.4686937198788949e-10 0.060459066614299867 5.2663261636753604e-11 0.11108398437500001 0.015119713737827232 6.1638084992242486e-11 0.1453613489866257
decision_type=2 2 2 2 2 2 2 2 2 2 2 2 2 2 2 2 2 2 2 2 2 2 2 2 2 2 2 2 2 2
left_child=7 2 -2 -3 -5 20 -7 8 -1 -10 -4 -9 -11 14 15 16 17 18 -13 -15 -6 22 -16 24 26 -26 -23 -28 -29 -27
right_child=1 3 10 4 5 6 -8 11 9 12 -12 13 -14 19 21 -17 -18 -19 -20 -21 -22 23 -24 -25 25 29 27 28 -30 -31
leaf_value=0.16648420115523799 0.052260258888347025 -0.13014648017906114 -0.13570931568686714 0.077519794040652651 -0.00089629056221057768 -0.11148422283575676 0.047857911444964804 0.068591266649161917 -0.09359061126297985 0.059334923050741617 0.01340388545186566 0.10559820144974558 -0.1247569739428168 -0.15718604638625888 -0.071617653010722523 -0.11684640164392185 0.067014707225633227 -0.11584687991699663 -0.071350691562427973 -0.01875501324733617 -0.17724281894038518 0.037813266349891655 0.041889760724304732 0.0048939032947495284 -0.084934823377065663 0.041110877213364892 -0.079817122945212204 0.0098262450692384699 -0.087661819428008991 -0.024204215469831383
leaf_weight=11.37123344093561 123.91024309303612 26.669276711530983 93.160986877977848 309.03804453648627 29.685865429230034 28.641548773273826 242.50487021077424 100.93872543424368 159.86237231083214 55.825223203748465 32.655787512660027 33.296889565885067 19.489947326481342 35.340331118553877 98.237357774749398 73.290043017826974 67.042008254677057 71.360460821539164 35.063396133482456 66.82648703828454 24.911255691200495 631.04121969267726 547.08957427181304 5306.6603582855314 380.46250982582569 271.30569747462869 242.87325601093471 1106.3650012444705 105.60944741219282 955.41620684880763
leaf_count=16 439 560 664 734 123 273 654 182 3934 177 102 110 163 340 1003 2079 349 2118 343 327 217 2463 2050 24679 6548 669 2931 6432 845 6847
internal_value=-8.97605e-05 0.0205524 -0.0229431 0.0369739 0.0439952 0.0121898 0.0310264 -0.00190268 -0.0494328 -0.0598728 -0.0970069 -0.00074567 0.0116959 -0.00144364 -0.000772534 -0.0404333 -0.0133476 -0.0519078 0.0148375 -0.0666394 -0.0813587 0.000379053 0.0246107 -0.00135848 -0.0103427 -0.027555 0.00291951 -0.0122157 0.0013313 -0.00975892
internal_weight=11285.9 911.178 249.727 661.451 634.782 325.744 271.146 10374.8 246.549 235.178 125.817 10128.2 75.3152 10027.3 9925.11 280.053 206.763 139.721 68.3603 102.167 54.5971 9645.06 645.327 8999.73 3693.07 1607.18 2085.89 1454.85 1211.97 1226.72
internal_count=68371 3766 1205 2561 2001 1267 927 64605 4290 4274 766 60315 340 60133 59466 4999 2920 2571 453 667 340 54467 3053 51414 26735 14064 12671 10208 7277 7516
is_linear=0
shrinkage=0.1


Tree=36
num_leaves=31
num_cat=0
split_feature=11 1 14 14 12 6 17 12 4 8 9 7 8 6 14 9 3 12 8 13 7 12 14 12 4 14 13 3 7 7
split_gain=40.589 40.208 40.1377 43.6583 54.8496 44.9488 38.1592 72.766 59.3252 44.3164 42.9371 49.8954 37.2601 66.8335 50.5089 42.5464 51.4049 40.1574 38.8652 77.4633 65.9636 112.152 73.7903 237.093 86.5173 91.6336 85.925 88.4076 79.6407 73.1935
threshold=3.8339448948931938e-08 0.59739107556642324 0.011510160751640798 0.006279214285314084 0.090220399200916304 2.4040599826650172e-11 0.037753018465909095 0.096912909299135222 1.1293975993037467e-10 9.2190280656026162e-12 0.00078435480762090984 0.0048176904681025848 5.0815584824133865e-12 1.5366649951913997e-11 0.003190249553881586 0.002864323250523449 0.027049861490795794 0.10007270425558092 1.0136149543281171e-11 1.9231671690940859 0.028129725292284826 0.15498548746109012 0.0056812698021531114 0.1453613489866257 4.9804386748135612e-11 0.0054837074130773553 1.1704046726226809 0.08263796839845737 0.0141612838714742 0.0058267466789437934
decision_type=2 2 2 2 2 2 2 2 2 2 2 2 2 2 2 2 2 2 2 2 2 2 2 2 2 2 2 2 2 2
left_child=1 6 3 4 -3 -5 7 -1 9 -9 -8 -12 13 14 15 16 -13 -14 19 20 22 -22 23 28 25 -25 -24 -28 29 -19
right_child=-2 2 -4 5 -6 -7 10 8 -10 -11 11 12 17 -15 -16 -17 -18 18 -20 -21 21 -23 26 24 -26 -27 27 -29 -30 -31
leaf_value=-0.12003093735489077 -0.18104288935857521 -0.10326388410753413 0.068570824462140828 -0.15037235114336581 0.089994386302465409 -0.0043159987416760198 0.066276705647244999 0.11711069901631206 -0.15555619429465828 -0.15134983240602801 -0.077206181185145648 -0.10371993561095508 -0.12155045581044331 -0.11505010695415124 -0.0961830392839748 0.088268337942098596 0.038176594990510043 0.14626424186441714 -0.0025063597535184422 -0.13704078622696381 0.083328700834773783 -0.11984939999525733 -0.16488092046719469 -0.10816511635955495 -0.16695566065237863 0.055551046323952191 0.062590271873666545 0.0032962019762200452 0.040440227989150888 -0.036276204754269299
leaf_weight=74.823033874854445 12.382850867696105 17.854543749243021 166.95235200878233 25.563411794602871 82.747571786865592 119.8888544831425 95.734286844730377 41.835838366299868 14.028164608404039 7.2084903903305522 85.21609687525779 42.207879323512316 26.826368215493858 77.700349183753133 48.776654493063688 58.389317627996206 64.614336739294231 23.688174059614539 7708.9401551792398 34.360646050423384 241.76248932257295 30.607296053320169 22.744268521666527 91.068397007882595 101.46857651695609 54.736304501071572 482.17524001933634 525.52529116906226 503.60401928797364 302.16700754314661
leaf_count=2866 268 257 482 208 174 468 185 89 157 84 1231 1124 575 1847 1336 224 600 58 45343 329 398 198 165 1645 1150 329 1212 1947 1297 2125
internal_value=-9.49882e-05 0.00010555 0.0307251 0.00504611 0.0556955 -0.0299856 -0.00106971 -0.0533362 0.0257839 0.0776526 -0.000391207 -0.00099752 -0.000375551 -0.0356135 -0.00676954 0.0196287 -0.0178899 0.00063714 0.000960948 0.012034 0.0141866 0.0604968 0.00820065 -0.0101059 -0.0960497 -0.0467047 0.0273296 0.0316679 0.0155151 -0.0230064
internal_weight=11185.6 11173.2 413.007 246.054 100.602 145.452 10760.2 137.896 63.0725 49.0443 10622.3 10526.6 10441.4 291.689 213.988 165.212 106.822 10149.7 10122.8 2413.91 2379.55 272.37 2107.18 1076.73 247.273 145.805 1030.44 1007.7 829.459 325.855
internal_count=68371 68103 1589 1107 431 676 66514 3196 330 173 63318 63133 61902 5131 3284 1948 1724 56771 56196 10853 10524 596 9928 6604 3124 1974 3324 3159 3480 2183
is_linear=0
shrinkage=0.1


Tree=37
num_leaves=31
num_cat=0
split_feature=2 13 14 5 14 6 19 17 6 18 10 8 12 18 5 19 11 19 18 19 6 13 17 17 3 10 10 6 17 19
split_gain=35.1818 100.647 82.7355 52.9572 59.4919 77.4443 100.557 93.5234 67.8668 58.1695 55.1451 53.1423 50.9689 76.3634 60.2852 48.3899 70.5285 51.086 43.286 55.6512 47.1662 47.1665 72.8465 55.6638 79.0574 57.4565 42.9799 40.4399 50.8126 40.211
threshold=3.9398861513077884e-10 2.4053634405136113 0.0058138037566095599 0.015082198721512043 0.011962418910115959 5.4852581368278078e-10 1.8903789520263674 0.14979137073863638 3.9494617226305824e-11 -0.07216979741034181 3.6436257362365727 9.6380715922689794e-10 0.50350365042686474 0.20568199261006986 0.025162378512814432 0.16368702799081805 5.3619670925542104e-09 2.1571617126464848 -0.02137110297652808 2.0085911750793461 2.0562958687205177e-11 1.938054144382477 0.1738947088068182 0.11574485085227275 0.031595461847953983 2.0083183050155644 2.5433139801025395 9.1509159227399854e-10 0.13128107244318185 0.29471169412136083
decision_type=2 2 2 2 2 2 2 2 2 2 2 2 2 2 2 2 2 2 2 2 2 2 2 2 2 2 2 2 2 2
left_child=1 12 -2 -4 8 26 10 27 29 -9 11 -7 18 -14 -15 -10 17 -17 -1 -20 -21 -22 23 25 -25 -23 -6 28 -8 -5
right_child=2 -3 3 4 5 6 7 9 15 -11 -12 -13 13 14 -16 16 -18 -19 19 20 21 22 -24 24 -26 -27 -28 -29 -30 -31
leaf_value=0.0092781597760737862 -0.082683528638545889 -0.069960384975725806 0.062993463808089983 -0.028598362192518868 -0.1575907739109986 0.021938780169409068 -0.0068492581029582153 -0.17926083091619735 0.069706171924443588 0.044204932872624357 0.071721591881825142 -0.0958570697747302 -0.10997399125230574 -0.16996407332913815 0.080989151860154485 -0.066308771904075345 -0.12846201346907909 0.047080357083466993 -0.012970279585404827 -0.086491856114421728 0.023360561543606689 0.027178792515446467 -0.21252216906211002 -0.1616497658500281 0.02616863204963342 -0.11936842024574063 0.04682315040705172 -0.10480948716514166 -0.17437533457901455 0.048941855094737238
leaf_weight=2991.8852272937074 92.361244218889624 219.76710830815136 200.36695757880807 112.2578313536942 10.43838253803551 250.48097749054432 127.63134491816163 12.619891196489332 30.069487731903791 151.3465641727671 201.91991895623505 45.211178071796894 101.50001721642911 11.906822063028811 48.826830683276057 106.90276680514216 104.75451071746647 63.238166850060225 3513.4705289872363 49.959194225259125 1131.6957648117095 41.875710375607014 17.782598800957203 24.046873472630978 329.48924396559596 74.086264405399561 704.38873102888465 145.15592982620001 21.098270691931248 165.44619679637253
leaf_count=16696 2015 1627 702 522 92 809 500 224 91 474 434 271 1755 99 114 813 951 315 27134 664 5968 239 146 170 1200 723 2001 951 151 520
internal_value=-9.10444e-05 -0.00316161 0.0102294 0.0137273 0.00934586 0.0189436 0.000318746 -0.0335019 -0.0181671 0.0270056 0.031437 0.00392786 -0.00140067 -0.0569034 0.0317898 -0.0507346 -0.063909 -0.0241642 -0.000299113 -0.00582822 0.00920735 0.0121605 -0.0138514 -0.00632658 0.0133936 -0.0664479 0.0438382 -0.0672606 -0.0306139 0.0175973
internal_weight=11102 8556.29 2545.69 2453.33 2252.96 1670.29 955.464 457.852 582.669 163.966 497.612 295.692 8336.53 162.234 60.7337 304.965 274.895 170.141 8174.29 5182.41 1668.94 1618.98 487.281 469.498 353.536 115.962 714.827 293.886 148.73 277.704
internal_count=68371 56535 11836 9821 9119 5907 3814 2300 3212 698 1514 1080 54908 1968 213 2170 2079 1128 52940 36244 9110 8446 2478 2332 1370 962 2093 1602 651 1042
is_linear=0
shrinkage=0.1


Tree=38
num_leaves=31
num_cat=0
split_feature=11 2 19 14 0 3 4 13 14 13 0 2 11 17 9 14 8 9 8 14 7 3 14 3 17 3 12 4 8 12
split_gain=33.8064 36.8456 117.512 95.4739 62.3829 50.4365 77.9729 46.5354 46.4474 41.9723 47.2976 46.4845 63.6725 46.6729 64.0692 58.78 90.944 54.1205 61.683 98.8502 135.637 85.5664 81.5409 61.9069 57.0466 53.36 92.8417 96.4619 80.4731 85.2616
threshold=3.8339448948931938e-08 8.3600918925489959e-10 1.2965495586395266 0.0078089463058859119 3.2276187443999993e-09 0.12562842099609434 1.8734761767121025e-10 2.1679743528366093 0.018004439771175388 2.8601604700088505 4.5768600943591935e-09 3.9398861513077884e-10 6.7936483105768283e-09 0.075972123579545456 0.002864323250523449 0.0041429768316447744 6.966427843688333e-12 0.015119713737827232 1.4133790721535397e-11 0.006139797857031227 0.0068259119718240202 0.085545426551516188 0.005787457339465619 0.027049861490795794 0.051291725852272735 0.065802856277021829 0.14861738681793216 3.0832896033529788e-11 8.5578373028666633e-12 0.11336236447095872
decision_type=2 2 2 2 2 2 2 2 2 2 2 2 2 2 2 2 2 2 2 2 2 2 2 2 2 2 2 2 2 2
left_child=1 5 3 -3 -4 9 -7 -6 -9 11 -11 12 13 17 -15 -16 -17 18 19 23 -21 -22 -20 24 -1 -25 27 -27 -29 -30
right_child=-2 2 4 -5 7 6 -8 8 -10 10 -12 -13 -14 14 15 16 -18 -19 22 20 21 -23 -24 25 -26 26 -28 28 29 -31
leaf_value=-0.27369142435347843 -0.17215919437781674 -0.089238315716996031 0.047185186341139274 0.077000295164060428 -0.13818204658875544 -0.062352269814682199 0.03527375899384403 -0.10926771254020301 0.0022820422731896365 -0.12431875472714249 -0.0042377030985317858 0.017705187707637484 -0.073427894441569219 -0.11542091868297502 0.038578900107598332 -0.075520631965508955 -0.0043174163740750775 -0.10715613154432553 -0.11319976008792043 -0.1428968649975981 0.091033725410191196 -0.058912784902080628 0.092798847509897697 0.052872729410345869 -0.019946933086604241 -0.090465307466538303 -0.15076647743211438 0.051477971336419473 -0.10056546954558843 0.012948795788294035
leaf_weight=13.340073315426705 11.405621617566792 38.440445428248495 95.913623469881713 341.16740970127285 46.386521529406309 299.69449306931347 112.52968861535192 50.426317533478141 143.69358702749014 57.307415157556534 76.705231356434524 1388.7116591352969 123.13033388648182 52.37007940467447 303.34945932403207 185.22126937936991 5688.2282114606351 37.318583995103836 21.730845620855689 96.057859793305397 69.197938080877066 84.564237788319588 165.99244068190455 395.90130056068301 26.382438805885613 79.895073739811778 34.731157761067152 512.85475481580943 78.561192503198981 419.47083593904972
leaf_count=135 268 475 275 845 415 3190 369 359 591 487 350 5572 1888 2100 1672 2930 36042 401 207 706 101 414 453 1508 277 1381 252 2655 604 1449
internal_value=-8.50457e-05 9.27389e-05 0.0220292 0.0601664 -0.0210039 -0.00142879 -0.0357021 -0.0481976 -0.0266951 -3.27289e-06 -0.0555876 0.000758617 -0.00204695 -0.000983549 -0.00527971 -0.00434587 -0.00656283 0.0121606 0.0143885 0.00873236 -0.0496715 0.00856798 0.0689525 0.0180784 -0.105162 0.0212961 0.0101889 0.0153139 0.0236741 -0.00495731
internal_weight=11050.7 11039.3 716.028 379.608 336.42 10323.2 412.224 240.506 194.12 9911.02 134.013 9777.01 8388.3 8265.17 6229.17 6176.8 5873.45 2036 1998.68 1810.96 249.82 153.762 187.723 1561.14 39.7225 1521.41 1125.51 1090.78 1010.89 498.032
internal_count=68371 68103 2960 1320 1640 65143 3559 1365 950 61584 837 60747 55175 53287 42744 40644 38972 10543 10142 9482 1221 515 660 8261 412 7849 6341 6089 4708 2053
is_linear=0
shrinkage=0.1


Tree=39
num_leaves=31
num_cat=0
split_feature=1 7 12 14 6 19 11 17 19 13 15 5 6 14 6 12 10 8 14 11 3 17 6 14 5 14 6 2 17 14
split_gain=29.6594 57.1584 67.5358 58.7376 77.6828 48.2685 55.8723 42.6554 41.8557 40.8529 37.0747 34.0058 65.34 66.3844 107.808 88.4688 88.1241 85.8748 83.1065 71.2975 122.947 72.2182 97.9559 78.943 67.836 61.7539 58.7675 58.0993 57.4235 53.6456
threshold=0.53492524403522068 0.0064124339253833268 0.10007270425558092 0.0060943677090108403 2.3790501337738133e-11 0.70903715491294872 1.2158811291129725e-08 0.035799893465909095 3.2383943796157841 2.8601604700088505 5.7283021305920563e-05 0.022195895721931317 5.4852581368278078e-10 0.015661325305700306 7.7256571616058069e-11 0.47023758292198187 2.5045439004898076 2.0260818187950029e-10 0.011962418910115959 1.8060246076423427e-09 0.043123611393914775 0.10389293323863637 2.942670683917384e-11 0.011129127815365793 0.0087987914410352624 0.0041429768316447744 1.1001775089307976e-11 3.9984986966608364e-10 0.043124112215909095 0.0050656900275498637
decision_type=2 2 2 2 2 2 2 2 2 2 2 2 2 2 2 2 2 2 2 2 2 2 2 2 2 2 2 2 2 2
left_child=7 3 -3 10 -5 -4 -7 -1 -8 11 -2 12 13 14 19 -15 -16 18 -18 20 24 22 -21 -24 29 -22 -27 -23 -26 -9
right_child=1 2 5 4 -6 6 8 9 -10 -11 -12 -13 -14 15 16 -17 17 -19 -20 21 25 27 23 -25 28 26 -28 -29 -30 -31
leaf_value=-0.11447281839551766 -0.11532761752167453 -0.083556268339118125 0.067215784333266346 -0.12221509675869263 0.017053552686535769 0.037354963051753419 -0.12120650847684243 -0.092259642869552044 0.07364126230290706 -0.069854063376287884 0.055835538726920646 0.0037735834057692091 -0.069842794064602629 0.049553889574276033 -0.07746986139091129 -0.11426092658211323 -0.087258507304505198 -0.063502890860175076 0.066742167099388558 0.032230006428095974 -0.0011054797698560148 0.042176687433414774 -0.10317477233633664 0.22272166591728937 -0.25500070575319594 0.17008459227844061 -0.075431865471942167 0.1835218702417723 0.033938925791852363 -0.0027530578571488325
leaf_weight=33.384948130697012 14.481970016844569 45.158549355342984 343.77832042612135 88.653782948851585 73.056318651884794 171.08198438584805 45.965957956388593 86.79731428809464 14.503070358186958 86.058471474796534 100.30488052312285 6323.8913417877629 165.01581227779388 345.19139271974564 376.39633000455797 36.448325209319592 44.602734632790089 161.18806865438819 163.47912519425154 203.54090424161404 195.69837743975222 397.33897024579346 112.29684209357947 7.9596810154616824 6.9576706178486338 9.9938926361501199 398.45042322389781 31.377492249011993 602.28009976446629 293.0053516337648
leaf_count=1614 113 833 872 673 243 554 319 2659 51 632 377 32314 1063 971 3797 290 488 1267 614 1561 1900 1524 1400 11 69 67 7563 98 2832 1602
internal_value=-7.5045e-05 0.0173502 0.0342013 -0.0204652 -0.0592972 0.0434442 0.00815117 -0.00162545 -0.0744736 -0.00125051 0.0342409 -0.000657863 -0.00836095 -0.00543971 -0.0102974 0.0339088 -0.0434193 -0.00871158 0.0337318 0.000231573 -0.0117503 0.025599 -0.0100473 -0.081604 0.00996115 -0.0472941 -0.0694245 0.0525217 0.0306392 -0.0232082
internal_weight=10978.3 896.985 620.488 276.497 161.71 575.329 231.551 10081.4 60.469 10048 114.787 9961.91 3638.02 3473 3091.36 381.64 745.666 369.27 208.082 2345.7 1593.18 752.514 323.797 120.257 989.04 604.143 408.444 428.716 609.238 379.803
internal_count=68371 4035 2629 1406 916 1796 924 64336 370 62722 490 62090 29776 28713 27452 1261 6166 2369 1102 21286 16692 4594 2972 1411 7162 9530 7630 1622 2901 4261
is_linear=0
shrinkage=0.1


Tree=40
num_leaves=31
num_cat=0
split_feature=17 14 8 19 5 4 18 9 4 7 0 11 2 15 17 10 4 1 19 19 17 12 7 7 17 7 8 18 14 5
split_gain=28.5329 33.1884 97.057 69.512 59.2379 72.5637 62.0834 59.1511 97.277 70.0193 61.7322 57.2664 51.177 48.7647 44.6377 42.1326 42.0566 42.169 42.0377 40.3547 41.4157 41.5418 39.465 56.0391 39.4558 42.1368 102.793 74.3471 72.4473 156.123
threshold=0.33407315340909094 0.017187409102916721 3.8327114434336102e-10 1.959635376930237 0.034553412125625356 1.9719541451135305e-10 0.089717654151503345 0.093206729844241804 1.5133978790656121e-10 0.11351719581904769 9.3901009015045447e-10 1.1206298111687831e-08 3.296182242476646e-10 9.0978355729021146e-05 0.13447709517045456 4.0477569103240976 1.3119658190393016e-10 0.3381398859271037 3.1853276491165166 0.4646462500095368 0.10673384232954546 0.41930146515369421 0.10057142103023269 0.070873963882690447 0.21069335937500003 0.06704897019079803 1.9618298110937553e-10 0.34509662581099709 0.0076075298711657533 0.013716857154097387
decision_type=2 2 2 2 2 2 2 2 2 2 2 2 2 2 2 2 2 2 2 2 2 2 2 2 2 2 2 2 2 2
left_child=1 2 24 7 5 -5 -6 19 9 -9 14 -8 -10 -7 -11 -16 -12 -18 -15 -3 22 -22 23 -21 25 28 -27 -28 -1 -30
right_child=-2 3 -4 4 6 13 11 8 12 10 16 -13 -14 18 15 -17 17 -19 -20 20 21 -23 -24 -25 -26 26 27 -29 29 -31
leaf_value=0.0023456637023000033 -0.10589783378772709 0.1017760996707841 -0.080954410352334472 -0.013022058341074574 -0.037407215896600614 -0.21691914602607343 0.075571913588740713 0.024641327897927653 -0.14765493209060038 0.075094625000570014 -0.18877990001438932 -0.067215113591759468 0.053425569406974953 0.0051527407617853061 -0.073657517172917575 0.20681771817907443 0.024464124958237781 -0.20410000000503131 -0.14913193213862053 -0.0029151758238435597 0.063144634568313276 -0.15847792561294652 0.061475080800756005 -0.21386837516176993 -0.094326395454288864 0.049029297639260463 -0.024102513430072151 0.048887603039766782 0.02771829839508242 -0.037316288757718141
leaf_weight=5343.0115863629617 25.424003297928721 128.40951572917402 155.00587885454297 433.28511762619019 112.33714209217578 28.920691594481468 186.09741912409663 151.88540196046233 13.143318876624106 35.701357252895832 50.041525460779667 33.081091620028019 342.14941036701202 39.943275541067123 87.285095416009426 5.7059787735342971 25.332411408424377 11.846774220466612 31.656340938061476 37.85762395337224 265.98166218772531 8.735585577785967 35.396324884146452 18.869232712313533 45.177493136376143 546.57387496344745 609.03307789191604 181.03342980146408 499.60041520837694 1413.457606241107
leaf_count=37629 1451 290 952 1885 540 230 344 537 86 90 402 180 840 164 547 7 86 93 305 161 606 61 85 152 413 1923 3092 538 2076 12606
internal_value=-8.36095e-05 0.000163732 -0.0025253 0.0115112 -0.0101614 -0.0307806 0.0230395 0.0269041 0.00866883 -0.0273805 -0.0639755 0.0540208 0.045987 -0.107328 -0.0199555 -0.0564474 -0.128926 -0.0483655 -0.0630611 0.0535286 0.03664 0.0560974 -0.0213833 -0.0730852 -0.00111789 -0.000627836 0.015688 -0.00737778 -0.00363337 -0.0203323
internal_weight=10902 10876.6 8792.89 2083.66 865.321 533.805 331.516 1218.34 723.091 367.799 215.913 219.179 355.293 100.52 128.692 92.9911 87.2207 37.1792 71.5996 495.25 366.84 274.717 92.1232 56.7269 8637.89 8592.71 1336.64 790.067 7256.07 1913.06
internal_count=68371 66920 59229 7691 3648 2584 1064 4043 2688 1762 1225 524 926 699 644 554 581 179 469 1355 1065 667 398 313 58277 57864 5553 3630 52311 14682
is_linear=0
shrinkage=0.1


Tree=41
num_leaves=31
num_cat=0
split_feature=11 2 19 14 6 5 10 14 3 5 18 13 18 12 6 15 19 13 0 2 13 11 17 4 14 15 0 3 8 6
split_gain=27.2014 29.0316 89.8534 62.3991 54.6667 80.5349 72.6738 51.9229 45.3714 61.4997 56.2701 57.2942 51.2115 38.786 38.6604 41.488 42.0018 37.2857 45.8634 35.502 60.923 73.8059 76.4895 65.7931 62.0658 52.2772 51.9236 96.9711 91.1418 102.72
threshold=3.8339448948931938e-08 8.3600918925489959e-10 0.84603014588356029 0.018004439771175388 1.083670969010989e-09 0.04781547391001597 3.5142707824707036 0.0074605839326977738 0.11213473757712331 0.026357821158062116 0.47447048360481864 2.7277351617813115 -0.18153346981324084 0.11205537244677545 6.9434640513484481e-10 5.6919616326922558e-05 2.1328628063201909 2.8601604700088505 4.5768600943591935e-09 3.9398861513077884e-10 1.9524745941162112 2.2498317653329995e-09 0.12116033380681819 5.0684558036636334e-11 0.011510160751640798 4.9245376430917538e-05 6.4686937198788949e-10 0.088723661949080504 2.1049745203086126e-10 1.2904609152529121e-10
decision_type=2 2 2 2 2 2 2 2 2 2 2 2 2 2 2 2 2 2 2 2 2 2 2 2 2 2 2 2 2 2
left_child=1 8 7 -4 -5 -6 -7 -3 17 10 11 13 -11 -10 15 16 -14 19 -19 20 26 -22 23 24 25 -23 27 28 29 -1
right_child=-2 2 3 4 5 6 -8 -9 9 12 -12 -13 14 -15 -16 -17 -18 18 -20 -21 21 22 -24 -25 -26 -27 -28 -29 -30 -31
leaf_value=-0.00095642653758652078 -0.16195956988639482 -0.093136586654066641 -0.069845702427022427 0.061457417039078713 -0.081862195688485184 -0.22286085946813314 0.092022263077076991 0.08142672395490741 -0.042669847478793016 0.059913439232971981 0.15827850942298854 0.10474646528669758 -0.058734809923980717 -0.14327736991815287 -0.29192473362790561 0.016132518344884588 0.047967395742136598 -0.12600164268186242 -0.0032416196508554731 0.017423358106009795 -0.10553109040136742 0.026480280747341885 0.0086517414820430731 -0.070279483193724915 0.14388724205786663 -0.079095457715377626 0.014576034749082764 -0.056274967743432228 -0.050288449065821042 0.05171015574210424
leaf_weight=3266.4383144397289 10.369288121350108 18.418436755426228 116.67010468384251 142.91430427506566 97.620893836021423 8.2560294643044454 65.317004982382059 227.57002653088421 62.297872502356768 91.873776132240891 9.8236863892525417 14.22884066402912 246.51075349375606 99.553771284408867 5.2247311826795331 203.57660923339427 43.383518189191818 51.437891891226172 74.528984065167606 1203.6490036509931 95.235101217404008 108.34788954630494 665.13515569269657 326.62699402309954 26.574295036494732 82.700241062790155 2417.3389782300219 324.73550341185182 324.22869783826172 417.68241319805384
leaf_count=25901 268 273 877 350 655 70 109 626 1806 273 36 23 1760 1354 47 833 138 479 349 4597 802 667 2672 2486 94 736 12379 3048 3136 1527
internal_value=-7.21416e-05 8.27461e-05 0.0201374 -0.00739719 0.0157982 -0.0223185 0.0566875 0.0683563 -0.00125296 -0.0244839 -0.0746446 -0.0876396 -0.00869385 -0.104553 -0.0213332 -0.0184683 -0.0427665 0.00066913 -0.05337 0.00140435 -0.000989343 -0.0207718 -0.0140973 -0.0418992 0.000696487 -0.019221 0.00283391 -0.00371678 0.000541209 0.00501458
internal_weight=10848.3 10837.9 676.767 430.778 314.108 171.194 73.573 245.988 10161.1 776.474 185.904 176.08 590.569 161.852 498.696 493.471 289.894 9384.66 125.967 9258.69 8055.04 1304.62 1209.38 544.249 217.622 191.048 6750.42 4333.08 4008.35 3684.12
internal_count=68371 68103 2960 2061 1184 834 179 899 65143 6270 3219 3183 3051 3160 2778 2731 1898 58873 828 58045 53448 7457 6655 3983 1497 1403 45991 33612 30564 27428
is_linear=0
shrinkage=0.1


Tree=42
num_leaves=31
num_cat=0
split_feature=17 19 9 11 5 14 14 12 7 8 4 6 14 14 9 12 5 6 8 12 7 13 7 3 19 9 14 13 19 7
split_gain=24.4026 24.4854 31.2174 26.6459 26.6803 108.54 101.198 83.5675 51.5571 75.5773 49.6206 49.2299 48.0053 113.036 139.47 137.46 104.584 92.6094 167.327 112.442 138.287 107.898 90.2279 81.7333 81.1512 77.1688 75.4552 70.748 70.0815 61.0179
threshold=0.33407315340909094 -0.17555347830057141 0.0064777391043755244 3.8339448948931938e-08 0.067911615715611079 0.0054303654469549665 0.0062107846606522807 0.141849160194397 0.016733010690378722 5.0703140908814007e-11 3.4581520766242384e-10 4.2196478304589017e-11 0.0054837074130773553 0.0047181434929370889 0.011642211175548324 0.1378319710493088 0.016567885183961885 3.4096576804350322e-11 2.5067731871098002e-11 0.18198023736476901 0.0061339599617428646 1.3497265577316286 0.016249364108954608 0.08664332826535337 0.87119895219802868 0.010807289619846842 0.0058616050519049176 1.4894557595252993 0.11983660981059076 0.020990762121415821
decision_type=2 2 2 2 2 2 2 2 2 2 2 2 2 2 2 2 2 2 2 2 2 2 2 2 2 2 2 2 2 2
left_child=1 2 -1 4 12 11 7 -7 -8 -10 -9 -6 13 16 15 22 -3 19 -19 20 26 -20 -15 24 -22 -26 -14 -25 -28 -18
right_child=-2 3 -4 -5 5 6 8 10 9 -11 -12 -13 17 14 -16 -17 29 18 21 -21 23 -23 -24 27 25 -27 28 -29 -30 -31
leaf_value=0.0097220653553212119 -0.10524278154857532 -0.042776392846971441 0.11234795298790988 -0.18833720114710822 -0.032331164395232599 0.052469965181700676 0.084318246571811084 -0.16092009176877142 -0.077836398798232509 0.068027716512265773 0.15748271472068145 0.093191495034189997 0.069742508164971614 -0.067621462050207998 0.038141977982284997 -0.11767921809474552 0.0067099353558794988 -0.072667624819247337 -0.10357328791940504 -0.03466479274110968 0.086288707529396047 0.0017331578579632069 0.047137157057001527 -0.056369553607935163 -0.048152462926436629 0.077668984089418192 -0.11656848836630902 0.035639820036636335 -0.0092156561630930677 0.068655136364620645
leaf_weight=93.884075418114662 22.015316897537559 352.74219760205597 43.315612299367785 7.5382546167820683 37.149229941889644 29.959700092673302 86.580282099545002 80.476838666945696 80.321685291826725 63.686912722885609 5.2114492803812018 196.60330322757363 65.284457866102457 163.98414086224511 152.50673538446426 290.95254310593009 648.96145274443552 335.12952065933496 98.955064130015671 299.68993031326681 575.574860769324 5809.1328594610095 117.6787675935775 108.31244839914143 102.45661986712366 92.983537273481488 99.063542667776346 365.83403045032173 157.47813935577869 210.62668988574296
leaf_count=440 1451 6060 100 90 196 75 211 588 765 154 3 280 201 1710 746 3994 5698 3005 1685 3674 1445 30651 300 747 662 281 711 1237 716 495
internal_value=-6.79437e-05 0.000147006 0.0421223 -0.000394514 -0.000261201 0.0205932 -0.0149517 -0.0912912 0.0233351 -0.0133289 -0.141555 0.0732427 -0.00146504 -0.015607 -0.046839 -0.0694722 0.00307346 0.00191349 -0.00392971 0.0214564 0.0321897 -3.06287e-05 -0.0196753 0.0472925 0.0673839 0.0117089 -0.0262435 0.0146215 -0.0506699 0.0218885
internal_weight=10794.1 10772.1 137.2 10634.9 10627.3 579.989 346.237 115.648 230.589 144.009 85.6883 233.753 10047.3 1937.45 725.122 572.615 1212.33 8109.9 6243.22 1866.68 1566.99 5908.09 281.663 1245.16 771.015 195.44 321.826 474.146 256.542 859.588
internal_count=68371 66920 540 66380 66290 2272 1796 666 1130 919 591 476 64018 19003 6750 6004 12253 45015 35341 9674 6000 32336 2010 4372 2388 943 1628 1984 1427 6193
is_linear=0
shrinkage=0.1


Tree=43
num_leaves=31
num_cat=0
split_feature=1 7 12 19 12 17 8 11 13 3 7 13 14 5 5 6 9 17 4 14 1 12 5 3 5 8 14 12 14 9
split_gain=24.1737 40.5912 46.1014 44.051 41.6148 40.54 34.5851 42.0491 34.4815 33.3344 32.692 29.9196 35.7529 27.7467 27.0412 72.8822 135.571 71.7905 83.7733 57.6075 56.413 61.9896 52.0694 72.816 59.1241 81.0904 61.74 55.1039 51.0243 54.1454
threshold=0.54671755504257369 0.0064124339253833268 0.10007270425558092 1.125618636608124 0.10796937718987466 0.035799893465909095 8.3250362749504581e-12 6.7936483105768283e-09 3.220533132553101 0.078768575247028683 0.00550529256840871 2.2780147790908818 0.0059594009071588525 0.044131082607008633 0.017816055876013683 7.7256571616058069e-11 0.014410598342828833 0.10389293323863637 3.3987492648334384e-11 0.0060234607663005599 0.42476709329719642 0.24013678729534152 0.013426154678186435 0.045471450483282501 0.0087987914410352624 3.4779716483205807e-11 0.0066937687806785115 0.20449903607368472 0.011129127815365793 0.014766821097359576
decision_type=2 2 2 2 2 2 2 2 2 2 2 2 2 2 2 2 2 2 2 2 2 2 2 2 2 2 2 2 2 2
left_child=5 4 -3 -4 6 -1 7 -2 14 -5 -8 12 -6 -14 15 16 19 28 22 -7 -17 -22 24 -24 25 27 -27 -19 29 -18
right_child=1 2 3 9 11 8 10 -9 -10 -11 -12 -13 13 -15 -16 20 17 18 -20 -21 21 -23 23 -25 -26 26 -28 -29 -30 -31
leaf_value=-0.11338739853094111 0.06948096857232583 -0.07313311769060947 0.059937614447624347 -0.095523605500986569 0.041017225270200602 -0.02414434742857002 -0.0165946260113729 -0.18252151291918717 -0.14761654178317962 0.021420571130358987 -0.23315281765476545 0.10803646638841641 -0.14650244506856902 0.10347190525484509 0.0020761126535513265 -0.061793578373633022 0.18626768415153783 0.066677468902451284 0.11762877764421016 -0.11157466078133529 -0.13143737871422034 0.075123132044910723 0.017915611832877616 -0.12185359421605513 0.060704488567352215 -0.13783830830278396 -0.0091609105430102318 -0.13898645973804322 0.21190819638206784 -0.1371004619468322
leaf_weight=32.203266078606248 90.150555717293173 37.829219044651836 348.65556070115417 32.880263274535537 16.012855418026447 648.24129504710436 53.308508034795523 7.1462248554453245 16.01591807231307 94.222620118409395 8.01965459063649 8.2773258537054044 56.38948929309845 4.8199352920055381 7641.5491452678107 383.37996871210635 5.7221009563654652 176.36372335255146 94.83404334820807 85.27639735955745 18.720839831978083 64.879358764737844 103.05801467224956 58.393482181243598 340.37059913482517 48.238255105912685 164.25061890855432 14.066720612347124 5.4974950142204753 54.4614975489676
leaf_count=1723 295 722 953 251 48 8917 272 87 175 321 72 16 454 6 42967 3030 21 507 386 1632 222 276 533 1331 951 487 795 104 9 808
internal_value=-5.87295e-05 0.0171596 0.033117 0.0415653 -0.0164115 -0.00136921 0.0139005 0.050972 -0.00100569 -0.00883173 -0.0449131 -0.0726485 -0.0920158 -0.126818 -0.000768681 -0.0103631 -0.00122482 0.0215562 0.0282107 -0.0343087 -0.0455632 0.0288674 0.018838 -0.0326359 0.0300188 0.0040967 -0.0383727 0.0514855 -0.0797168 -0.106355
internal_weight=10713.2 757.712 513.588 475.758 244.125 9955.52 158.625 97.2968 9923.32 127.103 61.3282 85.4996 77.2223 61.2094 9907.3 2265.75 1798.77 1065.26 999.575 733.518 466.98 83.6002 904.741 161.451 743.29 402.919 212.489 190.43 65.6811 60.1836
internal_count=68371 3497 2247 1525 1250 64874 726 382 63151 572 344 524 508 460 62976 20009 16481 5932 5094 10549 3528 498 4708 1864 2844 1893 1282 611 838 829
is_linear=0
shrinkage=0.1


Tree=44
num_leaves=31
num_cat=0
split_feature=1 5 6 9 3 19 18 13 13 2 19 0 17 19 14 11 13 17 3 11 8 0 7 17 3 13 13 14 6 14
split_gain=22.7444 24.4466 61.7793 64.8047 34.5085 36.2753 32.3263 46.0585 32.8228 32.1538 69.1091 66.104 46.006 41.9635 43.0454 54.9792 37.5839 122.348 84.5896 102.285 85.7562 81.5786 76.7733 102.071 71.9122 76.8482 69.2923 60.6286 59.2583 61.5269
threshold=0.70932940906339481 0.0064442458237890035 4.5183863815933121e-11 0.014410598342828833 0.011154955965416579 0.13266977667808535 0.88837837554853083 2.1354032754898076 1.6607325077056887 2.4837892290276324e-11 0.28903234004974371 1.3357231265656076e-10 0.12235884232954546 1.3844497203826907 0.0054303654469549665 3.1977449854725398e-10 1.6074251532554629 0.044367009943181823 0.052629407157167775 1.0208566214586769e-09 1.3021291527181492e-11 6.5612295938864576e-10 0.044563986042462027 0.14681729403409094 0.089971951046760312 1.3497265577316286 1.382284462451935 0.019995579496026043 1.5161839636373469e-11 0.005708398064598442
decision_type=2 2 2 2 2 2 2 2 2 2 2 2 2 2 2 2 2 2 2 2 2 2 2 2 2 2 2 2 2 2
left_child=1 2 3 -1 5 -5 9 8 -8 10 -3 12 13 14 -11 -16 17 -13 -19 20 24 -18 -22 26 25 -20 -24 -21 29 -23
right_child=-2 6 -4 4 -6 -7 7 -9 -10 11 -12 16 -14 -15 15 -17 21 18 19 27 22 28 23 -25 -26 -27 -28 -29 -30 -31
leaf_value=-0.087294242068569866 0.066157706197616101 -0.082747538961205527 -0.11862903611339387 0.24312752569922536 0.049774534412686491 -0.15867105276479532 -0.092326749806171282 -0.19290738339253832 0.081083595528917765 -0.073879122306767617 0.056312272031523593 -0.075167231474701793 -0.086962833217249139 0.084549928421350673 0.40486442831575531 0.011599721880895239 -0.036828450959819431 0.035832181428517899 0.015682736177082962 0.023312487899501765 -0.10933536091306202 0.040334176977400021 -0.13628355365306091 -0.1493365524764535 -0.075669161985457034 -0.11224541390487706 0.10762937350429276 -0.11069254434252199 0.0011376674618066409 -0.12868767287522889
leaf_weight=65.616179417818785 51.615730301942676 42.541287072002888 60.954591292887926 2.6398745998740223 130.83356209471822 15.096258774399756 12.09564742259681 7.385228411294519 111.82694357726723 88.798556535504758 223.47750199958682 168.88124748459086 148.02019851282239 36.553140689618886 4.0512820761650792 29.014412138611078 697.65321621671319 1050.2591116707772 700.17111183237284 1393.4722147351131 172.94233421422541 31.202694683335721 14.360417945310472 32.883687933906913 122.02816468663514 50.332659377716482 61.641335316002369 34.600894861388952 5031.2605597544461 69.5225899964571
leaf_count=2309 269 691 850 2 449 146 124 69 270 1540 1281 4560 2658 149 18 245 5146 4612 3050 6475 4108 184 197 389 1175 702 311 1512 24259 621
internal_value=-6.2761e-05 -0.000384908 -0.0298038 -0.00452527 0.0320299 -0.0988667 0.00039829 0.0496994 0.0641576 -0.00023615 0.0340741 -0.00115459 -0.0468783 -0.00942456 -0.0376122 0.0597834 0.000300204 0.00803591 0.011904 0.0021725 -0.0199634 -0.00474433 -0.0679213 -0.0021436 -0.00447294 0.00710321 0.0615424 0.0200657 -0.000382749 -0.0763281
internal_weight=10661.7 10610.1 275.14 214.186 148.57 17.7361 10335 131.308 123.923 10203.7 266.019 9937.65 306.438 158.417 121.864 33.0657 9631.21 3801.57 3632.69 2582.43 1154.36 5829.64 281.828 108.885 872.532 750.504 76.0018 1428.07 5131.99 100.725
internal_count=68371 68102 3756 2906 597 148 64346 463 394 63883 1972 61911 4610 1952 1803 263 57301 27091 22531 17919 9932 30210 5005 897 4927 3752 508 7987 25064 805
is_linear=0
shrinkage=0.1


Tree=45
num_leaves=31
num_cat=0
split_feature=4 2 19 14 14 12 11 3 5 18 13 18 12 13 0 17 8 14 9 3 3 0 14 8 14 19 8 14 19 8
split_gain=22.5467 21.4758 75.3445 72.9253 53.3293 49.141 47.0286 35.3287 50.2496 45.9811 46.4475 40.0616 37.6209 31.3 38.6599 33.6061 49.4514 77.0142 82.9995 42.3864 50.0798 57.3083 53.9608 59.2424 58.0792 51.6674 71.8607 63.5225 65.8389 54.3079
threshold=3.1760970962030157e-09 8.3600918925489959e-10 2.0564999580383305 0.0078089463058859119 0.019995579496026043 0.64919972419738781 6.3129845795373293e-09 0.11213473757712331 0.026357821158062116 0.47447048360481864 2.7277351617813115 -0.18153346981324084 0.11205537244677545 2.8601604700088505 4.5768600943591935e-09 0.075972123579545456 6.966427843688333e-12 0.0037224999396130447 0.002864323250523449 0.025405201596482449 0.065802856277021829 2.0060862489802841e-09 0.0040961706545203933 6.7643417822039273e-12 0.0063786171376705178 2.0810824632644658 1.3413329859077419e-11 0.0065912751015275725 0.98484697937965404 1.9000038415384078e-11
decision_type=2 2 2 2 2 2 2 2 2 2 2 2 2 2 2 2 2 2 2 2 2 2 2 2 2 2 2 2 2 2
left_child=1 7 3 -3 6 -6 -4 13 9 10 12 -10 -9 15 -15 19 17 18 -17 -1 21 -21 -22 24 -24 26 27 -25 -29 -28
right_child=-2 2 4 -5 5 -7 -8 8 11 -11 -12 -13 -14 14 -16 16 -18 -19 -20 20 22 -23 23 25 -26 -27 29 28 -30 -31
leaf_value=-0.10352056409785365 -0.15172117098209947 -0.08724418905587504 0.04074793851107137 0.05361565686515396 0.026389861099272612 -0.11868575389207392 -0.17710204086822579 -0.035353757800975105 0.053476156916086051 0.13687130917172391 0.093789566272941188 -0.019155015041343232 -0.13920514723123409 -0.11811209968522783 -0.0034482092494224912 -0.11178532235496663 -3.5523031977436167e-05 -0.076494761072056716 0.067111122779745874 0.051637789006903058 -0.071913205366720218 -0.11311470770501303 0.063674654158602267 -0.0015401759665486436 -0.13572981921038887 -0.12834859880883678 0.10776381869975311 -0.17995363909534007 0.085976773894328562 0.0037725445050955627
leaf_weight=30.850278014317155 9.7959487943444383 40.451362067833543 13.363676655106245 402.10347104258835 116.81838912889361 29.180585813708603 38.336729845963418 56.897854104172438 89.87171317730099 10.145026306621729 13.653971914201973 489.96223319135606 90.150850535370409 49.244550177827477 72.981405604630709 35.109641776420176 6732.4220170760527 211.11020664917305 99.236168931238353 434.16018939390779 84.332368724048138 22.192376390099525 256.92226543556899 862.64725916460156 15.487131424248217 30.31928257457912 105.0448851287365 38.876621633768082 12.241429790854452 96.218555258587003
leaf_count=360 269 592 54 1240 424 291 358 1806 273 36 23 2778 1354 479 349 1796 41660 3697 573 1761 2053 198 763 3721 102 280 214 311 20 536
internal_value=-7.99296e-05 6.04696e-05 0.0178123 0.0407405 -0.0335128 -0.00260617 -0.120792 -0.00108295 -0.0219415 -0.069605 -0.0826397 -0.0078975 -0.0990217 0.000620982 -0.049646 0.00129858 -0.00192895 -0.038829 0.0203587 0.0127821 0.0146142 0.0436259 0.00580006 0.0104227 0.052338 0.00045353 0.00395585 -0.00795843 -0.11627 0.0580484
internal_weight=10590.1 10580.3 640.254 442.555 197.699 145.999 51.7004 9940.08 750.682 170.848 160.703 579.834 147.049 9189.4 122.226 9067.17 7077.88 345.456 134.346 1989.29 1958.44 456.353 1502.09 1417.76 272.409 1145.35 1115.03 913.765 51.1181 201.263
internal_count=68371 68102 2959 1832 1127 715 412 65143 6270 3219 3183 3051 3160 58873 828 58045 47726 6066 2369 10319 9959 1959 8000 5947 865 5082 4802 4052 331 750
is_linear=0
shrinkage=0.1


Tree=46
num_leaves=31
num_cat=0
split_feature=1 17 5 2 13 12 8 6 14 14 10 3 18 14 9 6 9 3 1 9 8 12 13 14 4 13 17 2 8 14
split_gain=21.2614 33.3879 32.7798 31.6944 28.6739 28.2628 31.8074 39.9082 40.1919 31.8514 55.4015 51.8514 42.4611 36.5004 32.9625 27.3643 24.0661 38.7705 62.7824 25.3301 63.5261 48.6085 67.6557 57.2943 92.6667 86.0936 77.5742 48.2563 47.3131 43.4766
threshold=0.54671755504257369 0.035799893465909095 0.013281272653965876 2.462649830005334e-10 3.220533132553101 0.090220399200916304 6.4833558886530934e-12 2.1959364302042764e-11 0.0059100813232362279 0.0064390189945697793 2.4491096735000615 0.079053207536758333 -0.059950055723840531 0.0057351093273609885 0.0028040326073068438 3.9494617226305824e-11 0.00078435480762090984 0.030919229844489648 0.18008416806020491 0.005311860299307432 1.0136149543281171e-11 0.1378319710493088 1.1384180784225466 0.0056812698021531114 1.7461630024552757e-10 1.2473390102386477 0.074462890625000014 2.2524252417648746e-10 9.8203975333610599e-12 0.0059594009071588525
decision_type=2 2 2 2 2 2 2 2 2 2 2 2 2 2 2 2 2 2 2 2 2 2 2 2 2 2 2 2 2 2
left_child=1 -1 3 -2 16 -4 -7 8 -8 13 12 -12 -11 -9 -14 -16 17 18 -3 20 21 22 -18 24 -23 -25 27 -27 29 -21
right_child=2 4 5 -5 -6 6 7 9 -10 10 11 -13 14 -15 15 -17 19 -19 -20 28 -22 23 -24 25 -26 26 -28 -29 -30 -31
leaf_value=-0.11248682568349509 -0.15921149133188758 0.10378947268394256 -0.11710636068825767 0.066464937009202418 -0.14028544992733968 0.075113400944345696 0.060065023248363027 -0.13382246127804748 -0.097583873444146971 0.014420071330345188 -0.10871477776942731 0.044941651537787591 -0.20954270047169304 0.078556808270041995 0.048487947327751649 -0.14891083817672887 -0.10669220203523094 0.078584680635117213 -0.33182549322151772 0.013329037840185635 -0.072984811643816747 -0.10372777619683625 0.010141219706892322 -0.14596072719908507 0.079321622362235666 0.011323965958677571 0.058579245398848359 -0.15662934671326512 -0.0013413326457913002 0.074491582604917894
leaf_weight=26.932832509744912 6.4936202317476264 6.8425049595534784 18.250977297779173 149.40931949624792 14.756256051361559 64.95039152354002 21.244575157761574 8.8235318800434452 67.725848264992237 36.573136530816555 25.052971169352531 177.96331984177232 24.863564908504486 97.651787290349603 13.869578532874586 14.225126788020132 51.911004970781505 75.748170843347907 6.4059267044067383 605.43804030120373 156.12241476029158 168.21727611264214 1096.4864556002431 36.203966109082103 33.097225002944469 35.882978038862348 158.31421998236328 32.693750968202949 7158.0963958937209 143.83099391683936
leaf_count=1723 61 8 569 509 175 132 49 144 542 122 185 593 198 234 34 125 1650 138 64 3076 1267 3188 7754 281 62 123 509 260 44200 396
internal_value=-7.59478e-05 -0.00129923 0.0164235 0.0570651 -0.000993034 0.00533067 0.00937194 0.000621953 -0.0599401 0.0141255 -0.00291926 0.0259799 -0.0684493 0.0609571 -0.125679 -0.0514605 -0.00078255 0.0509815 -0.106841 -0.00125864 -0.0120761 -0.00618001 0.00486 -0.0334799 -0.0736334 -0.00275525 0.0200954 -0.0687473 0.00116129 0.0250699
internal_weight=10534.1 9806.98 727.098 155.903 9780.05 571.195 552.944 487.993 88.9704 399.023 292.548 203.016 89.5314 106.475 52.9583 28.0947 9765.29 88.9966 13.2484 9676.29 1768.93 1612.81 1148.4 464.409 201.315 263.095 226.891 68.5767 7907.37 749.269
internal_count=68371 64874 3497 570 63151 2927 2358 2226 591 1635 1257 778 479 378 357 159 62976 210 72 62766 15094 13827 9404 4423 3250 1173 892 383 47672 3472
is_linear=0
shrinkage=0.1


Tree=47
num_leaves=31
num_cat=0
split_feature=17 12 4 19 18 17 1 19 3 13 18 4 6 4 13 3 2 9 14 6 8 12 18 14 4 3 4 5 6 5
split_gain=19.7417 54.0858 86.7094 46.9711 70.3561 52.9743 42.5115 62.5489 58.6638 66.6954 40.8662 45.7155 40.0554 56.5754 40.7841 39.5465 53.945 39.9653 38.8531 78.0067 61.2468 55.4574 38.2909 51.4283 49.5622 40.6742 65.287 63.3403 47.7975 42.3964
threshold=0.1580033735795455 0.38759994506835943 9.1135157222952715e-11 1.6114307641983034 0.1001475276372565 0.10185102982954546 0.20821553061527984 1.066602408885956 0.050944428539829743 1.8016594052314761 -0.063937178410759007 7.9338736229852491e-11 7.4388017758954792e-10 1.8734761767121025e-10 2.3283127546310429 0.060459066614299867 5.010831946657767e-10 0.016148012722583555 0.017187409102916721 4.5517675763398279e-10 3.8327114434336102e-10 0.35208897292613989 -0.18833373472179196 0.014988096430897714 9.2334639388169184e-12 0.049109715406773065 4.3447326952376521e-11 0.010848863573668875 2.1127123678679216e-11 0.049210480594813276
decision_type=2 2 2 2 2 2 2 2 2 2 2 2 2 2 2 2 2 2 2 2 2 2 2 2 2 2 2 2 2 2
left_child=1 18 -3 -4 5 -5 15 -8 9 -9 11 -10 14 -14 -6 17 -17 -2 20 -20 22 -22 23 -1 -24 29 27 28 -27 -26
right_child=6 2 3 4 12 -7 7 8 10 -11 -12 -13 13 -15 -16 16 -18 -19 19 -21 21 -23 24 -25 25 26 -28 -29 -30 -31
leaf_value=0.02540066378596284 -0.11476146652912261 -0.14488572732385702 0.024352994849540122 0.10526836490646557 0.071818935140651421 -0.121069468717937 0.086492830312874469 0.063682458891622162 0.04150930078411532 -0.09197194923699864 0.042816983413448334 -0.1916412661074671 -0.18734507309483511 -0.0095897536196990346 -0.1249086745934154 -0.093253486602833544 0.081078524920093722 0.0096420887638699881 0.071768631299543154 0.0039001884619631953 -0.092701272395186635 0.078728294429133663 -0.093696358152179957 -0.16929180380941081 0.015209814476759531 -0.071756519265099086 -0.0017878713837093587 -0.043737580675683979 0.071249882068031831 -0.060006467490043292
leaf_weight=674.56044380180538 26.968543573282659 60.542108952999115 170.96614373289049 11.396287009119986 78.242964405566454 111.64243951067328 148.80707144550979 39.426644593477249 17.185929253697395 91.21382537856698 348.00585247948766 16.468953335657716 22.116880521178246 94.029194258153439 12.178278733044861 91.978187469765544 21.994423649506643 608.27448997972533 217.34817839320749 766.94709883444011 123.3166928794235 22.280131563544273 60.084834037814289 13.846124310046433 1511.5695342938416 31.527228133752942 4208.855747947935 714.68416792713106 90.352033385075629 78.847573917359114
leaf_count=3259 355 503 552 39 174 821 263 92 45 548 955 141 178 391 77 1765 69 3370 517 2995 821 67 2370 110 9308 661 24826 11853 264 982
internal_value=-6.8814e-05 -0.00177931 -0.031851 -0.0181799 -0.0402416 -0.100105 0.0109381 0.0294206 0.012843 -0.0449962 0.032641 -0.0725825 -0.00458471 -0.0434384 0.0453229 -0.00537085 -0.0596109 0.00436067 0.000202504 0.0188866 -0.00223984 -0.0664681 -0.000973456 0.0214848 -0.00328238 -0.00246372 -0.00685932 -0.0323744 0.0342576 0.0114808
internal_weight=10485.7 9075.33 561.114 500.572 329.606 123.039 1410.32 661.108 512.301 130.64 381.661 33.6549 206.567 116.146 90.4212 749.216 113.973 635.243 8514.22 984.295 7529.92 145.597 7384.33 688.407 6695.92 6635.84 5045.42 836.563 121.879 1590.42
internal_count=68371 60768 2735 2232 1680 860 7603 2044 1781 640 1141 186 820 569 251 5559 1834 3725 58033 3512 54521 888 53633 3369 50264 47894 37604 12778 925 10290
is_linear=0
shrinkage=0.1


Tree=48
num_leaves=31
num_cat=0
split_feature=19 9 5 2 11 3 14 4 2 1 9 3 5 5 19 4 19 6 17 17 12 3 4 5 1 4 19 14 0 13
split_gain=19.6562 22.974 24.1665 27.1624 21.8894 20.7541 20.0625 46.5296 19.1637 60.1391 50.5411 38.1283 56.0075 44.0653 35.484 33.8572 30.6121 25.6505 24.8454 21.0868 44.4416 38.3208 35.5946 51.2262 47.5048 45.0262 40.9217 70.6648 41.8417 40.8551
threshold=-0.17555347830057141 0.0064777391043755244 0.03045107216319139 4.913113856034936e-10 3.8339448948931938e-08 0.066924104403390985 0.0058849512133747348 9.0246767233519097e-11 2.4837892290276324e-11 0.07396688610815301 0.002864323250523449 0.011154955965416579 0.0081239914777192414 0.028828666121223992 0.2475017383694649 6.7207327574660621e-12 1.4200959205627444 8.0117978075783211e-11 0.083740234375000014 0.15414151278409094 0.59664615988731395 0.10830485858076332 2.03508815332466e-11 0.012313459027608706 0.31539860922364965 2.4396665095718793e-11 1.9349496364593508 0.0038763281190767889 2.5807750969616521e-10 1.6074251532554629
decision_type=2 2 2 2 2 2 2 2 2 2 2 2 2 2 2 2 2 2 2 2 2 2 2 2 2 2 2 2 2 2
left_child=1 2 5 -4 8 -1 -7 -8 10 16 -2 12 -12 14 -13 -11 -10 18 -16 20 22 -21 26 24 -24 -26 27 28 -17 -25
right_child=4 -3 3 -5 -6 6 7 -9 9 15 11 13 -14 -15 17 19 -18 -19 -20 21 -22 -23 23 29 25 -27 -28 -29 -30 -31
leaf_value=-0.093109405629333855 -0.11236642658768528 0.10356603506093896 -0.18896604282072094 0.15597690809754472 -0.17152502444731721 0.10805260610480477 -0.14927477661660696 0.096045270467379609 -0.11779085865320003 -0.09672650792595755 -0.1012530318536314 -0.060651717958516607 0.057231584205450672 -0.11876325646380714 0.32887879253718111 0.065788955952810507 0.013706712962696247 -0.14489754972368635 0.075146010984268416 0.0076061100250720999 -0.092280972281188034 0.085586178644290592 0.083435984052996306 0.0067112849137795612 -0.14558747663746649 0.021715391887175528 0.0081920983483007859 -0.086116833670937101 -0.11269827681105256 -0.0080790669879841296
leaf_weight=11.202462855726479 26.011671084910631 38.395402705296874 10.389081183820961 2.9257119745016089 7.4825383143033823 33.696453152224422 12.908617727458475 19.277694892138243 66.022614047396928 36.436485299374908 45.707359076477587 21.35158370481804 43.538648340851068 14.238727379590271 3.9323147758841506 60.620013631880283 24.189691784791648 5.2023989595472804 207.4618382207118 1293.5612090188079 54.19079702347517 66.245646862313151 136.98631289927289 3318.4997585040983 17.513459526002407 197.41537700640038 178.95323487278074 191.46685168659315 16.766600407660007 4271.6894373693503
leaf_count=119 1534 128 89 3 265 76 105 48 1875 528 641 323 111 458 4 239 196 59 905 6516 459 129 387 23369 283 1170 894 2808 481 24169
internal_value=-6.38112e-05 0.0387603 0.0112356 -0.11317 -0.000549026 0.032724 0.0541202 -0.0023426 -0.000424795 -0.00125459 0.0220013 0.032238 -0.0239363 0.0521174 0.0623428 -0.000509484 -0.0825309 0.0744673 0.0798659 -0.000151891 -0.00201298 0.0114051 -0.00142993 0.000116711 0.0374147 0.00808273 -0.0288606 -0.0535234 0.0271179 -0.00161259
internal_weight=10434.3 128.795 90.4 13.3148 10305.5 77.0852 65.8828 32.1863 10298 9930.56 367.445 341.433 89.246 252.187 237.948 9840.35 90.2123 216.597 211.394 9803.91 8444.1 1359.81 8389.91 7942.1 351.915 214.929 447.807 268.853 77.3866 7590.19
internal_count=68371 568 440 92 67803 348 229 153 67538 63503 4035 2501 752 1749 1291 61432 2071 968 909 60904 54259 6645 53800 49378 1840 1453 4422 3528 720 47538
is_linear=0
shrinkage=0.1


Tree=49
num_leaves=31
num_cat=0
split_feature=17 4 14 8 5 9 1 11 5 18 2 15 6 8 19 19 10 2 18 6 18 7 15 17 18 17 4 0 8 10
split_gain=18.3709 17.6609 19.0913 62.4938 60.0786 77.2143 46.9767 70.2956 50.9891 64.9511 49.5485 47.4302 47.4262 55.4359 59.0415 43.4263 46.6825 39.6455 35.0511 34.7368 34.6612 32.7665 32.6219 44.4613 34.7361 32.6337 31.6923 51.3062 41.5327 45.6758
threshold=0.33407315340909094 3.1760970962030157e-09 0.017187409102916721 3.8327114434336102e-10 0.033953665742027232 0.093206729844241804 0.32138731950929944 4.7334081099137401e-09 0.024732569683661179 -0.087362348821691485 1.0542350385975036e-09 4.245980017003604e-05 5.4852581368278078e-10 8.3826646921118168e-10 2.183232426643372 1.4939771890640261 3.1809071302413945 2.6200108548137869e-10 0.41081933994692837 6.4868598820162879e-10 0.2606732535429977 0.16347019848280531 5.9777201386168606e-05 0.12737482244318185 0.11505036788399925 0.11654385653409093 8.2424615310133799e-11 1.1279024093332533e-09 5.3509414558434336e-10 3.5142707824707036
decision_type=2 2 2 2 2 2 2 2 2 2 2 2 2 2 2 2 2 2 2 2 2 2 2 2 2 2 2 2 2 2
left_child=1 2 3 -1 5 15 7 11 12 -10 17 -7 -8 -14 18 -4 22 -11 -15 -5 -9 -22 -17 24 -24 -26 27 -13 -28 -30
right_child=-2 -3 4 19 -6 6 8 20 9 10 -12 26 13 14 -16 16 -18 -19 -20 -21 21 -23 23 -25 25 -27 28 -29 29 -31
leaf_value=-0.00070016454910005598 -0.10437619676548676 -0.15127562690601648 0.057955742932508693 -0.04621388079083831 0.036001949037069797 -0.16060545195227641 0.034410166516944916 -0.16476753014383022 -0.16805901436823167 -0.19831726543138609 -0.14480123848606988 0.046288501845645556 -0.14316217732671574 -0.012450516868765485 -0.15800938048781482 -0.094920620165146685 -0.089673393831175063 0.051855490622269677 0.15470589307344323 -0.18422741634203413 -0.1317131801901569 0.072004424993182117 -0.16998921367580075 0.091663300715712881 0.056196112583822649 -0.14878893660576117 -0.14502613196948841 -0.19714284069296806 0.019230859263434669 -0.12948999703535044
leaf_weight=8231.922415134497 16.856108725303784 7.7010045140050343 262.13186996337026 130.00682234577835 583.38802560977638 22.61546304449439 68.343475546687841 61.612871885299683 16.294086802750826 6.4827371239662162 14.275193851441143 113.49914519116282 58.130567267537117 65.039878085255623 24.311254225671291 20.465626433491707 48.082178838551044 277.06682618707418 15.542301788926123 21.212264057248831 16.819197528064254 14.880817517638205 12.709244024008511 75.842876620590687 39.199326604604721 9.6853808052837831 30.463592708110809 9.3729777038097364 92.054491460323334 26.623681716620922
leaf_count=58277 1451 107 726 754 1703 220 223 475 151 51 140 399 439 300 231 113 263 742 26 193 112 40 104 148 109 66 205 77 340 186
internal_value=-6.42486e-05 0.000105213 0.000217653 -0.00187038 0.00903624 -0.00218813 -0.0188101 -0.0454117 0.000108664 0.0263479 0.0369839 -0.0214558 -0.0355153 -0.0648297 -0.0214189 0.0309562 -0.00340295 0.0461358 0.0197898 -0.0655737 -0.121051 -0.0360828 0.0228669 0.0404065 -0.0227078 0.015583 -0.00988678 0.027719 -0.0408687 -0.0141325
internal_weight=10392.6 10375.8 10368.1 8383.14 1984.93 1401.55 933.429 387.942 545.486 314.119 297.825 294.629 231.367 163.024 104.893 468.117 205.985 283.55 80.5822 151.219 93.3129 31.7 157.902 137.437 61.594 48.8847 272.014 122.872 149.142 118.678
internal_count=68371 66920 66813 59224 7589 5886 4357 2054 2303 1084 933 1427 1219 996 557 1529 803 793 326 947 627 152 540 427 279 175 1207 476 731 526
is_linear=0
shrinkage=0.1


Tree=50
num_leaves=31
num_cat=0
split_feature=18 7 5 5 18 2 17 6 0 5 0 3 5 13 7 17 13 12 3 0 4 1 17 14 13 7 8 9 15 6
split_gain=17.9416 39.6287 52.1498 37.2707 19.0664 35.4882 55.1633 55.515 54.3838 45.5367 43.8646 42.1606 40.7204 39.128 37.9459 37.42 36.8578 35.1419 34.4679 80.1617 56.3168 44.1876 46.1343 45.3514 43.8369 56.0943 59.7236 59.1943 64.2652 45.5303
threshold=0.88837837554853083 0.059884215692905376 0.012815488907830184 0.0081239914777192414 -0.029450225220485165 3.73378928755727e-10 0.10673384232954546 5.4852581368278078e-10 2.0060862489802841e-09 0.028641871388539231 3.1549913053782242e-09 0.08954998852588901 0.010620998970993433 2.0851721763610844 0.10849348533445964 0.1738947088068182 2.2780147790908818 0.59664615988731395 0.055010208165382872 6.288098352067779e-10 1.1872285173390796e-10 0.2116934707235171 0.1580033735795455 0.023534980602562431 1.5029419064521792 0.051775547540777865 9.2190280656026162e-12 0.08379302627711642 2.7113174837722912e-05 7.4388017758954792e-10
decision_type=2 2 2 2 2 2 2 2 2 2 2 2 2 2 2 2 2 2 2 2 2 2 2 2 2 2 2 2 2 2
left_child=4 2 3 -2 17 8 11 15 18 14 -11 12 -7 -12 -9 -8 -16 -1 -6 20 24 -21 23 -23 25 26 -20 28 -27 -26
right_child=1 -3 -4 -5 5 6 7 9 -10 10 13 -13 -14 -15 16 -17 -18 -19 19 21 -22 22 -24 -25 29 27 -28 -29 -30 -31
leaf_value=0.0068039556363147418 -0.092408915733231817 0.10414098285917091 -0.16147851731449098 0.080782256677750283 0.0045712670056805424 0.069305230110363658 0.054165314939077863 -0.11259855187252994 -0.049318987573928663 0.047785267431195072 -0.13622170097129818 0.00021469360635056152 -0.074684611898553549 0.0034806586716174524 -0.046513178998230688 -0.17081244227536641 0.041084843303202459 -0.093558567419995298 -0.0071493801473762001 -0.16324149238648233 0.01688624589288364 -0.00017317697852663584 0.05774984054773228 -0.15333024207857723 -0.083569785989751399 -0.13186941780798153 -0.07832063214424928 -0.15121385020729766 0.087343847806331434 0.096968515480518158
leaf_weight=3259.3412883309647 16.96557462355122 52.392838437110186 17.292869918979704 46.433089442551136 2029.4558686283417 22.62394031509757 431.19868414476514 45.14772279933095 298.14071577833965 273.18277196353301 24.512596996501088 630.86439773999155 148.92609658278525 110.08533325046301 118.71652511134744 7.5220364630222312 80.674351371824741 35.265982454409823 227.17662998521701 16.146778305061162 182.98108301078901 1454.3177228877321 140.56393785122782 19.594271749258041 289.58583606407046 15.556190943345426 245.13070850260556 15.642919031903146 95.309392351657152 14.676877200603483
leaf_count=18911 128 88 227 93 14495 101 1257 307 2090 671 191 4457 1087 436 597 53 264 511 1762 203 1834 9624 334 143 3691 221 4095 156 303 41
internal_value=-5.98876e-05 0.0364206 -0.00755008 0.034436 -0.000534362 -0.00350904 0.00816457 0.0228024 -0.00789092 0.00430338 0.0247636 -0.0117384 -0.0556953 -0.0219615 -0.0298152 0.050308 -0.0110707 0.00572966 -0.00528851 -0.0126541 -0.0337023 0.0013648 0.00301107 -0.00220926 -0.0439525 -0.0282476 -0.0440877 0.0308902 0.0565848 -0.0748611
internal_weight=10365.4 133.084 80.6915 63.3987 10232.3 6937.73 1893.45 1091.04 5044.28 652.319 407.781 802.414 171.55 134.598 244.539 438.721 199.391 3294.61 4746.14 2716.68 1086.06 1630.62 1614.48 1473.91 903.079 598.816 472.307 126.509 110.866 304.263
internal_count=68371 536 448 221 67835 48413 9421 3776 38992 2466 1298 5645 1188 627 1168 1310 861 19422 36902 22407 12103 10304 10101 9767 10269 6537 5857 680 524 3732
is_linear=0
shrinkage=0.1


Tree=51
num_leaves=31
num_cat=0
split_feature=1 2 9 14 6 13 0 18 19 11 14 19 1 17 13 17 3 11 3 12 0 17 19 5 10 5 5 11 3 8
split_gain=18.0389 33.5101 28.1644 61.1513 52.5838 46.6439 31.9909 31.1946 30.3343 48.8773 34.1348 29.5095 29.1642 27.7007 26.7645 56.6033 71.5049 57.8725 90.032 85.1075 55.3889 58.6737 53.9315 52.5421 51.7708 55.7782 63.3984 48.1883 47.9944 47.3124
threshold=0.53492524403522068 2.462649830005334e-10 0.0033366237794537697 0.0063280453905463227 2.4040599826650172e-11 1.7315206527709963 2.2760234979068232e-09 0.085671342274343434 0.54730477929115307 1.2158811291129725e-08 0.014492342248559 3.2383943796157841 0.66443913638630547 0.035799893465909095 1.622332036495209 0.044367009943181823 0.08027610266925643 1.0208566214586769e-09 0.084459671383003962 0.30995011329650884 6.5612295938864576e-10 0.13496537642045456 4.8680875301361093 0.017816055876013683 1.8055690526962282 0.027886905050991121 0.015836790401082167 1.2638269319964481e-09 0.037270236549834697 9.9310006998693883e-11
decision_type=2 2 2 2 2 2 2 2 2 2 2 2 2 2 2 2 2 2 2 2 2 2 2 2 2 2 2 2 2 2
left_child=13 -2 3 5 -5 7 -6 -3 -4 -10 -11 12 -12 -1 15 16 23 18 19 29 22 -22 24 -15 25 26 27 -16 -24 -17
right_child=1 2 8 4 6 -7 -8 -9 9 10 11 -13 -14 14 20 17 -18 -19 -20 -21 21 -23 28 -25 -26 -27 -28 -29 -30 -31
leaf_value=-0.11224672775327038 -0.088806814966083947 -0.14478685962689355 0.07129360808321733 -0.14053971981241772 -0.26806725510349783 0.058485213908926165 -0.0044438479832542071 0.029080577540476306 0.045552709969291207 -0.18810104042911152 -0.1271909498867744 0.11969283052323187 0.068176396421973026 -0.14544508140239296 -0.10054943586047374 0.0039759516699490694 -0.13647563829566492 0.021070516191473924 -0.063182073054109292 -0.10348831882208374 -0.010142394786521937 0.014357132001289253 -0.073415788677190494 0.066410977676001806 -0.067047231578105784 -0.13143965691579859 0.074605898224498243 0.027689069865700817 0.086230315426687687 0.093982743825429454
leaf_weight=22.438665706198663 30.273677503690124 21.048887466546148 159.63955377042294 41.879665004089475 4.7610872685909262 176.94629259034991 138.79914613626897 20.243385460227728 141.68046773131937 15.727996760979293 23.55886722356081 11.702595237642525 11.30870603956282 15.546514076180754 58.971486817114055 2286.6095612677746 63.240889239590615 1682.1933198345359 224.8535352316685 72.833303563296795 2877.6362424516119 1480.4194111572579 26.629346055909991 47.393782211467624 361.28558818437159 31.32627026271075 90.454120898619294 58.243115681223571 64.303085936233401 59.932231666520238
leaf_count=1614 221 438 573 406 40 651 574 263 467 167 173 24 38 518 531 19766 1896 9340 2665 749 16795 5385 155 137 3423 309 295 246 233 279
internal_value=-5.95793e-05 0.0143868 0.0184583 0.000274918 -0.0419481 0.0361523 -0.0131868 -0.059549 0.0386449 0.0130931 -0.0607277 -0.0177103 -0.0638269 -0.00126932 -0.00100725 0.00464449 -0.0613763 0.00657001 -0.00265486 0.00297046 -0.00599113 -0.00181997 -0.03229 0.0140817 -0.0431617 -0.00705435 0.0117088 -0.0368286 0.0394783 0.00627478
internal_weight=10321.9 797.57 767.297 403.678 185.44 218.239 143.56 41.2923 363.618 203.979 62.2982 46.5702 34.8676 9524.31 9501.87 4452.6 126.181 4326.42 2644.23 2419.38 5049.27 4358.06 691.213 62.9403 600.281 238.995 207.669 117.215 90.9324 2346.54
internal_count=68371 4035 3814 2372 1020 1352 614 701 1442 869 402 235 211 64336 62722 35350 2551 32799 23459 20794 27372 22180 5192 655 4804 1381 1072 777 388 20045
is_linear=0
shrinkage=0.1


Tree=52
num_leaves=31
num_cat=0
split_feature=17 17 12 10 6 1 19 17 0 12 13 4 18 5 14 12 5 4 4 3 4 4 12 5 3 2 17 12 1 4
split_gain=16.8719 17.8412 48.5806 43.7196 48.1496 43.0069 41.8904 50.6175 50.1244 65.5038 42.9827 34.7924 34.7228 29.2069 48.2557 25.2385 24.3189 43.3244 45.5365 23.5891 23.5416 23.0272 44.6039 37.0696 37.0115 40.3707 94.3747 62.2973 35.5157 40.037
threshold=0.33407315340909094 0.16523881392045456 0.59664615988731395 4.0477569103240976 6.9434640513484481e-10 0.30964268590733562 0.48545700311660772 0.18521395596590912 2.2611927109374155e-10 0.28310765326023107 1.8799876570701601 6.3481214753469932e-12 0.16569757893342865 0.031360671202141435 0.025943708606064323 0.50350365042686474 0.0064442458237890035 2.1005943703673152e-11 4.7264031045646787e-11 0.10917122054640431 5.5532340531079371e-11 2.03508815332466e-11 0.24958883970975879 0.011968491911001926 0.047504798294075452 8.0734047899482614e-11 0.11614435369318184 0.11915531381964685 0.31539860922364965 2.4396665095718793e-11
decision_type=2 2 2 2 2 2 2 2 2 2 2 2 2 2 2 2 2 2 2 2 2 2 2 2 2 2 2 2 2 2
left_child=1 2 11 4 6 -6 8 13 9 -3 16 -1 -4 15 -15 -8 -9 -18 -19 -12 -20 22 24 28 25 27 -27 -13 -23 -30
right_child=-2 3 12 -5 5 -7 7 10 -10 -11 19 21 -14 14 -16 -17 17 18 20 -21 -22 23 -24 -25 -26 26 -28 -29 29 -31
leaf_value=-0.11216022769591927 -0.10389082138215894 0.056948173820074756 -0.14669957325209998 0.066266732094721933 -0.15805196925946061 0.028900835956233419 0.028800783035340446 -0.084836011314758708 0.098946159636348063 -0.12969505515398139 -0.16235172723450012 0.043607920977161319 0.0035841659144371834 -0.19210481266913274 0.10185271655199689 -0.17290426238163203 0.049723571942981867 -0.15555716955654175 0.086506023770395749 0.1003583069261381 -0.064971534371549289 0.072776623878494984 -0.15368680794815195 -0.00033547113999252506 -0.073652703735223243 -0.14958643566739757 0.066868809086237962 -0.050761516764463714 -0.14458126312322023 0.019873237091791875
leaf_weight=27.912672496866435 15.626220518024637 56.826089079491794 39.210891153663397 132.25313328392804 32.923171948641539 19.648129004985094 391.92681309580803 44.491999641060829 103.05629111453891 28.10283787548542 34.286450505256653 98.860654830001295 25.290107905864716 15.654530823230745 8.6813327595591527 6.3031585663557044 79.696725938469172 28.442135509103537 20.068567644804716 3.7963249385356894 20.991391317918897 136.7370385187678 23.643214171752334 8185.1853666701354 87.578833354171365 23.395381814800203 144.88315755082294 239.23049919027835 16.082263553049415 186.20475367410108
leaf_count=1607 1451 317 445 348 266 67 1437 511 140 413 278 945 109 154 10 53 216 267 52 4 129 351 201 52307 1902 285 345 2414 271 1076
internal_value=-6.04289e-05 9.76862e-05 -0.00129299 0.0126 0.00466886 -0.0881798 0.0104637 -0.00148928 0.0520699 -0.00481175 -0.039044 -0.000684662 -0.087775 0.0191091 -0.0872413 0.0256082 -0.0199487 -0.000598953 -0.0583028 -0.136163 0.00906501 -0.000344294 -0.0189901 0.00100662 -0.0136283 -0.00324676 0.0367755 -0.0231671 0.0334093 0.00679874
internal_weight=10277 10261.4 9234.21 1027.15 894.896 52.5713 842.325 654.339 187.985 84.9289 231.774 9169.71 64.501 422.566 24.3359 398.23 193.691 149.199 69.5021 38.0828 41.06 9141.8 617.592 8524.21 593.949 506.37 168.279 338.091 339.024 202.287
internal_count=68371 66920 62258 4662 4314 333 3981 3111 870 730 1457 61704 554 1654 164 1490 1175 664 448 282 181 60097 6092 54005 5891 3989 630 3359 1698 1347
is_linear=0
shrinkage=0.1


Tree=53
num_leaves=31
num_cat=0
split_feature=19 9 5 2 11 7 1 13 19 3 4 5 7 12 19 17 17 4 13 17 6 2 3 12 6 14 15 13 14 9
split_gain=16.4475 20.2249 19.0914 23.6832 17.9933 17.4453 17.175 22.0763 35.0708 19.8812 31.63 18.5394 22.2461 25.3287 21.6668 18.227 18.1386 18.5671 17.0901 78.0274 69.4005 50.991 55.6803 48.2417 68.6477 93.4913 60.4672 58.3859 58.2978 108.675
threshold=-0.17555347830057141 0.0064777391043755244 0.03045107216319139 5.010831946657767e-10 3.8339448948931938e-08 0.0042021934342409096 0.60824546679676772 3.220533132553101 6.6441919803619394 0.20829326647329874 1.2543956831299169e-10 0.0091174782307287729 0.0050035363208111349 0.090220399200916304 2.0810824632644658 0.098344282670454572 0.034734552556818191 9.2177707596881691e-11 1.622332036495209 0.044367009943181823 1.6155015296984769e-11 1.8177230840904694e-10 0.034524545929565532 0.12785485386848452 1.2552781937687958e-10 0.010441514663398268 2.8141967050032694e-05 1.1649155616760256 0.0077072351705282935 0.030163134695722908
decision_type=2 2 2 2 2 2 2 2 2 2 2 2 2 2 2 2 2 2 2 2 2 2 2 2 2 2 2 2 2 2
left_child=1 2 5 -4 6 -1 7 9 -9 18 -11 -8 16 -14 -15 -16 17 -13 19 21 -20 22 -2 27 28 -26 -27 -21 -25 -30
right_child=4 -3 3 -5 -6 -7 11 8 -10 10 -12 12 13 14 15 -17 -18 -19 20 23 -22 -23 -24 24 25 26 -28 -29 29 -31
leaf_value=-0.1543564048625205 -0.17767220694882216 0.099823520470949001 -0.17083759878530552 0.15907234092952105 -0.1685645407532291 0.042771559275949084 0.096426452198802512 -0.1204002055098042 0.15391473831786481 -0.15284451935849638 0.084914847715085895 -0.1601239467714049 -0.11335960863177307 0.045151167198557191 -0.21824581598559156 0.080047225042652298 -0.13779615256059102 0.075954953206270936 -0.084323758168763668 -0.073221509768837484 -0.0032828389166425932 -0.12434073125508671 0.05477332277184465 -0.00049773599550635348 0.10406828447112648 -0.13794798381807352 0.018465985463896176 0.037179744575079436 -0.11682895112323531 -0.0012443320176312605
leaf_weight=4.7999495216645292 13.474875910207627 35.605935452505946 10.29694903641939 2.7589885964989653 6.3663749648258081 69.374540315009654 31.925249718129635 30.808800068683922 5.4913739394396535 6.297766560688614 50.16335538122803 4.5878510214388397 11.904234928078948 171.91221804264933 5.8585793375968915 3.149804450571537 15.906679078936575 12.164793979376553 107.84573743585497 51.564808091614395 5239.0169772082008 77.453780609183013 43.81042964477092 2502.5231515197083 134.48864821344614 25.905838461592793 537.87958386493847 674.50098577328026 129.37189082475379 219.1177531555295
leaf_count=53 125 128 90 2 265 295 100 317 7 103 119 47 239 584 51 5 154 42 1115 635 27752 3540 735 18651 440 331 3537 4219 2668 2022
internal_value=-5.97353e-05 0.036312 0.0103877 -0.101121 -0.000501499 0.0300151 -0.000395638 -0.00106204 -0.0789027 -0.000774103 0.0583948 0.025104 0.0150058 0.0279326 0.0372294 -0.113947 -0.0613156 0.0113028 -0.0011165 0.00349181 -0.00491743 -0.0714353 9.65669e-05 0.00585316 0.00104871 0.0291502 0.0112788 0.0293391 -0.00583394 -0.0441535
internal_weight=10236.3 122.836 87.2304 13.0559 10113.5 74.1745 10107.1 9849.72 36.3002 9813.42 56.4611 257.409 225.484 192.825 180.921 9.00838 32.6593 16.7526 9756.95 4410.09 5346.86 134.739 57.2853 4275.35 3549.29 698.274 563.785 726.066 2851.01 348.49
internal_count=68371 568 440 92 67803 348 67538 66316 324 65992 222 1222 1122 879 640 56 243 89 65770 36903 28867 4400 860 32503 27649 4308 3868 4854 23341 4690
is_linear=0
shrinkage=0.1


Tree=54
num_leaves=31
num_cat=0
split_feature=1 13 13 10 11 17 8 6 2 9 14 6 7 3 0 15 6 14 14 6 14 19 10 8 17 13 9 7 19 3
split_gain=17.7864 58.9011 57.3156 58.5071 51.5026 54.1482 51.883 43.9785 45.1527 42.6002 46.9239 89.2547 87.6417 58.333 41.5988 36.7343 36.3977 47.8188 42.0035 102.597 63.8356 55.539 41.3085 37.7856 35.5554 54.2273 35.4156 35.1047 34.9412 34.584
threshold=0.41396879201285464 1.5174641609191897 2.4053634405136113 3.6847082376480107 2.2214275974263846e-09 0.12235884232954546 6.1981604560483816e-12 4.836040289981228e-10 4.913113856034936e-10 0.11320971291870129 0.011510160751640798 2.8354382199189315e-10 0.013892188687392087 0.08954998852588901 3.0819572443350411e-09 5.8938730944646529e-05 1.5161839636373469e-11 0.0055953375995159158 0.006139797857031227 2.282787807314109e-11 0.0054837074130773553 1.157308101654053 2.3073530197143559 7.9576924349552875e-12 0.099276455965909102 2.5971775054931645 0.0029863101251594022 0.00550529256840871 2.3202464580535893 0.073738804573098116
decision_type=2 2 2 2 2 2 2 2 2 2 2 2 2 2 2 2 2 2 2 2 2 2 2 2 2 2 2 2 2 2
left_child=2 -2 14 -4 -3 6 -6 -7 -9 10 12 15 16 24 -1 -12 17 -8 20 21 23 27 -22 -18 -13 29 -21 -20 -16 -26
right_child=1 4 3 -5 5 7 9 8 -10 -11 11 13 -14 -15 28 -17 18 -19 19 26 22 -23 -24 -25 25 -27 -28 -29 -30 -31
leaf_value=0.00022497547852368637 -0.09046872392558919 0.10674593957874122 -0.082772711822155592 0.071149203761332505 0.080574298828400684 0.092199571565646538 0.10550492475901102 -0.17698056721123059 0.029222135409111789 -0.16315430080115717 0.19659946250483759 -0.10229401832857687 -0.081117253873145584 0.028942140250729154 -0.01167651011212735 0.057836241512291747 0.063699961580768169 -0.096010000696927042 -0.062037958608475885 -0.016538908787007027 0.065948437686441264 0.1140715006865427 -0.078455081737256974 -0.12577062023644178 -0.16405903995528362 0.056287290563606235 0.045651456226934367 -0.17752496067623158 -0.098018081307081284 -0.016880376629950879
leaf_weight=7686.1598428527359 58.992657091934234 54.549061728641391 152.01998125948012 29.484522109851241 81.216877571307123 130.31781347468495 14.111612487584351 12.200506076216696 81.936902949586511 16.093955613672733 20.904945403337479 71.793238171841949 159.34116308018565 217.40191778354347 115.90489324182272 218.24687207303941 15.036669659893958 71.136815000325441 55.651106117293239 188.75107327103615 242.75099400803447 11.576228760182856 21.570234951563179 35.083726595155895 26.602824971079826 58.447281785309315 177.84896378032863 49.940984580665827 78.692304984782822 39.928813006728888
leaf_count=53673 2173 140 1136 76 209 251 37 106 349 185 52 559 1601 803 511 867 111 631 441 815 602 24 286 492 238 194 620 416 601 172
internal_value=-6.2881e-05 0.00806113 -0.00221064 -0.0577688 0.0108658 0.00827391 0.00247875 0.0545782 0.00249761 -0.00122561 0.00031088 0.0213246 -0.0128545 -0.00676177 -0.000931057 0.0699659 -0.00054255 -0.0626522 0.00609073 -0.0124035 0.0345441 -0.0938627 0.0541642 -0.0689274 -0.0462089 -0.0139912 0.0136316 -0.116659 -0.0465918 -0.0757301
internal_weight=10193.7 2131.43 8062.26 181.505 2072.44 2017.89 1793.44 224.455 94.1374 1712.22 1696.13 653.326 1042.8 414.174 7880.76 239.152 883.458 85.2484 798.21 483.768 314.442 117.168 264.321 50.1204 196.772 124.979 366.6 105.592 194.597 66.5316
internal_count=68371 12374 55997 1212 10201 10061 9355 706 455 9146 8961 2885 6076 1966 54785 919 4475 668 3807 2316 1491 881 888 603 1163 604 1435 857 1112 410
is_linear=0
shrinkage=0.1


Tree=55
num_leaves=31
num_cat=0
split_feature=17 17 10 4 10 6 1 19 17 0 4 2 4 3 2 5 4 1 17 3 6 12 1 6 13 0 5 18 18 1
split_gain=15.3749 15.539 38.3569 40.501 37.0756 39.8173 37.805 35.3675 42.1958 41.9709 55.8822 34.7696 31.769 28.0149 26.7046 35.4346 31.7536 42.3352 33.6177 38.2126 28.6711 28.4752 30.9654 27.6497 32.497 30.49 27.1005 26.9848 24.9136 24.4775
threshold=0.33407315340909094 0.16523881392045456 4.2371132373809823 1.1468697731209969e-09 4.0477569103240976 6.9434640513484481e-10 0.28025107687826706 0.48545700311660772 0.1953790838068182 2.2611927109374155e-10 1.4123063020074285e-11 1.2462162247344998e-10 6.3481214753469932e-12 0.011154955965416579 2.4837892290276324e-11 0.0081239914777192414 2.7482029603792665e-11 0.2116934707235171 0.1685236150568182 0.051405081924078076 4.2848004505022047e-11 0.33255569636821752 0.22617495171825636 4.5183863815933121e-11 1.5595735907554629 1.9199181965678683e-10 0.015955675892385727 0.025650288063016811 0.15941470565105029 0.094586079991104813
decision_type=2 2 2 2 2 2 2 2 2 2 2 2 2 2 2 2 2 2 2 2 2 2 2 2 2 2 2 2 2 2
left_child=1 2 12 -4 5 7 -7 9 13 10 -3 -10 -1 -9 -15 23 20 18 19 -18 -17 22 -19 24 25 29 -23 -20 -8 -16
right_child=-2 4 3 -5 -6 6 28 8 11 -11 -12 -13 -14 14 15 16 17 21 27 -21 -22 26 -24 -25 -26 -27 -28 -29 -30 -31
leaf_value=-0.11130098583003811 -0.10358348348587527 0.052055093355852171 -0.15804669431282489 0.099511605942849524 0.061851802093215683 -0.16886879594191534 -0.15223099888394392 -0.16887410216155849 -0.025255557615970772 0.09356539316356699 -0.12590255023685082 -0.15220701384477342 -0.00048548555773966973 0.077948630953850614 -0.1821322584625622 -0.12768713341012117 0.1694884663406816 0.0694138536798974 -0.024537128445687648 -0.12309311345837437 0.072623801770737448 -0.1280706475866204 -0.19849840573073951 -0.12941211623816531 0.080420724473611829 -0.18717223895897506 0.05161510368960797 -0.16413103267164417 0.063263773900047768 0.097529343726328377
leaf_weight=25.944299551658332 14.325910710263996 56.513694784604013 28.801838643848896 7.7477812655270091 129.39827908249572 25.040538933128119 7.4720114748924997 8.455358147621153 100.70781368762255 97.247782621532679 25.656762316823006 27.455141523852944 9073.7832067636773 58.933309370651841 4.3766326121985939 7.6071510650217524 11.159655857831241 7.1500154361128834 24.74757026694715 7.4398181345313779 117.75382200069726 8.92922844737768 10.876960340887306 30.059593170881271 22.826836440712214 13.742820823565124 139.93611178174615 31.441749583929777 19.024604521691799 10.984818305820225
leaf_count=1607 1451 314 336 27 348 225 59 96 709 140 416 234 60288 144 40 57 25 15 142 64 259 60 94 321 40 120 335 326 49 30
internal_value=-6.0086e-05 8.61555e-05 -0.00121208 -0.10345 0.0118889 0.00450472 -0.0807664 0.00983799 -0.00109228 0.0491065 -0.0035101 -0.0524512 -0.000801432 0.0116537 0.0146587 0.00635221 0.0196292 -0.00155437 -0.0640759 0.0524554 0.0604685 0.0264631 -0.0922367 -0.0530839 -0.00890233 -0.0789595 0.0408372 -0.102649 0.00249453 0.0178509
internal_weight=10155.5 10141.2 9136.28 36.5496 1004.94 875.54 51.5372 824.003 644.584 179.418 82.1705 128.163 9099.73 516.421 507.966 449.033 367.042 241.681 74.7888 18.5995 125.361 166.892 18.027 81.9907 51.9311 29.1043 148.865 56.1893 26.4966 15.3615
internal_count=68371 66920 62258 363 4662 4314 333 3981 3111 870 730 943 61895 2168 2072 1928 1377 1061 557 89 316 504 109 551 230 190 395 468 108 70
is_linear=0
shrinkage=0.1


Tree=56
num_leaves=31
num_cat=0
split_feature=1 13 10 13 11 14 7 6 14 14 6 8 12 14 6 9 0 12 7 11 17 5 0 0 18 0 12 18 2 11
split_gain=15.0578 48.2583 49.6438 47.4422 45.116 44.7357 85.2158 72.0395 46.2482 42.1369 126.418 72.3326 60.5903 45.0273 59.2924 37.6753 36.8736 35.0876 31.8078 31.7345 31.7275 53.4378 35.4063 30.5303 29.8016 30.8112 33.2974 29.5953 28.4083 28.3558
threshold=0.4110797192224076 2.4053634405136113 3.6847082376480107 1.5174641609191897 2.2214275974263846e-09 0.011510160751640798 0.013892188687392087 4.131455117204598e-10 0.016942098736763004 0.0059100813232362279 1.9800564801549812e-11 8.5578373028666633e-12 0.11336236447095872 0.0063786171376705178 2.5642062517746598e-11 0.0029863101251594022 1.8367123624575419e-09 0.52641302347183239 0.011868264206255348 3.4161987683134502e-09 0.12781871448863638 0.025018133051909669 6.5242652145701797e-09 1.0506788387158992e-09 0.38094056583940988 3.8591477453689673e-09 0.34563924372196203 -0.057945657235739571 5.4426298028879458e-10 3.6502368905289022e-09
decision_type=2 2 2 2 2 2 2 2 2 2 2 2 2 2 2 2 2 2 2 2 2 2 2 2 2 2 2 2 2 2
left_child=1 -1 24 23 -5 6 9 19 -9 11 16 -6 29 28 -15 27 -11 20 -17 -7 21 22 -10 -2 -3 26 -26 -16 -12 -13
right_child=3 2 -4 4 5 7 -8 8 17 10 13 12 -14 14 15 18 -18 -19 -20 -21 -22 -23 -24 -25 25 -27 -28 -29 -30 -31
leaf_value=-0.00091877607801935503 0.11673527410267442 -0.11176126898943331 0.067056205412490758 0.09828743177041295 0.087602711122801616 0.19253474093035591 -0.072945463464838059 -0.092046426418171845 -0.11804731025065539 -0.14197900449349088 0.062977757597933753 -0.15558211997381341 0.061619353118308996 -0.089973714242085293 0.03690774949081968 0.073016877319967019 -0.043843304833016919 -0.10974127786455501 -0.052464004771191911 0.045661529812268446 0.063527851643343652 0.025295714951550335 0.03715062609226355 -0.10499510187509567 -0.16304619222446207 0.11062410463380473 0.0415945675506132 -0.061762953891101147 -0.086061553774714028 -0.020854935782761666
leaf_weight=7813.4159507172881 7.0162115683779112 93.775257101282477 27.720230273902416 56.224153079092503 142.36681091412902 15.186354991048573 162.39523431425914 54.475638194940984 53.67439353838563 68.007107293233275 188.61400496773422 29.944460403174162 50.890952922403812 68.342196699231863 48.91088967397809 113.58761004172266 87.615020597353578 24.275402242317796 24.57118577323854 470.13973967870697 96.162242127582431 181.80792762432247 20.243827039375901 54.031323959585279 17.037681587040428 13.941973632201551 14.908516835421322 80.311935709789395 13.71948004607111 32.660690178629011
leaf_count=54573 18 817 73 147 484 33 1659 371 406 565 433 360 174 467 142 299 652 307 170 1787 265 660 92 2203 171 38 56 429 172 348
internal_value=-5.76622e-05 -0.00205692 -0.0551853 0.00738029 0.0099255 0.00747564 -0.00600476 0.0238402 -0.00593166 0.00544376 -0.00735001 0.0401294 -0.01942 0.0156087 -0.00684909 0.0143974 -0.0867288 0.00653939 0.0507004 0.0502573 0.0145611 -0.00385211 -0.0755436 -0.0795116 -0.0794477 -0.013413 -0.0675453 -0.0244161 0.052872 -0.0852958
internal_weight=10126 7980.8 167.384 2145.17 2084.13 2027.9 1111.94 915.966 430.639 949.542 693.679 255.863 113.496 538.057 335.724 267.382 155.622 376.164 138.159 485.326 351.888 255.726 73.9182 61.0475 139.663 45.8882 31.9462 129.223 202.333 62.6052
internal_count=68371 55728 1155 12643 10422 10275 6354 3921 2101 4695 3329 1366 882 2112 1507 1040 1217 1730 469 1820 1423 1158 498 2221 1082 265 227 571 605 708
is_linear=0
shrinkage=0.1


Tree=57
num_leaves=31
num_cat=0
split_feature=4 5 14 3 14 6 4 5 6 4 13 12 12 12 8 14 14 6 14 6 13 19 14 9 8 9 12 13 8 13
split_gain=14.9819 16.1577 88.7639 91.0883 68.8705 117.915 47.4786 42.5776 39.2546 36.9351 33.5631 34.14 66.5455 30.8975 29.1436 28.022 85.5877 153.835 90.8283 80.442 121.511 76.3239 76.2824 67.7465 67.2489 56.0929 87.0745 69.0372 94.4013 59.1633
threshold=3.1760970962030157e-09 0.067911615715611079 0.0054303654469549665 0.12900649322123744 0.0062558678910136232 3.8404749542662509e-11 1.1468697731209969e-09 0.09180142597984238 4.2196478304589017e-11 3.1494662769183099e-10 1.1649155616760256 0.14861738681793216 0.13290183246135714 0.14470935612916949 1.2194462978247923e-09 0.0041429768316447744 0.0054303654469549665 2.7440850226697042e-11 0.0049482604954391727 3.4096576804350322e-11 1.3497265577316286 1.2183563709259035 0.0076075298711657533 0.010026779083921624 2.5067731871098002e-11 0.0043044000175776788 0.18198023736476901 1.2607589960098269 1.1781744257250531e-11 1.4806499481201174
decision_type=2 2 2 2 2 2 2 2 2 2 2 2 2 2 2 2 2 2 2 2 2 2 2 2 2 2 2 2 2 2
left_child=1 6 8 4 9 7 10 -6 13 -4 11 12 -1 -3 -7 -12 17 23 -19 22 -21 -20 25 -17 -22 29 27 28 -27 -18
right_child=-2 2 3 -5 5 14 -8 -9 -10 -11 15 -13 -14 -15 -16 16 19 18 21 20 24 -23 -24 -25 -26 26 -28 -29 -30 -31
leaf_value=-0.082871592611769102 -0.14292112962236084 0.044485886409945129 -0.12274683774325817 0.076372758531463025 0.095925215536025205 -0.14054817965155422 -0.1514684838308499 -0.1194852782462168 0.085295959364731125 0.10661198593061905 0.021572109704679432 -0.14260789187351472 0.052483279321512234 -0.14497564086104267 0.12043731578364336 -0.087948166330665628 -0.094734003114602006 0.046621624698045372 -0.090956279615174898 -0.098269235807581748 -0.048958156838108634 0.02564184647359696 -0.08009167427116734 0.0081525535028573511 0.0012808393127679233 -0.099651404950610478 -0.014492469693177044 0.065093646727943461 0.16671355160891244 0.011951628861896062
leaf_weight=83.813549023121595 7.3347481839591628 22.318435033783317 99.353617068380117 80.634667027741671 78.038769612088799 48.688834192696959 20.899143917486072 10.398555438965557 181.43593810126185 7.5550559088587752 577.67516657663509 29.156464203260839 64.101656314916909 14.011340739205478 4.6909205783158532 386.70994604448788 56.230928934877738 286.17076346254908 123.91515246173367 131.73466552700847 279.95273536909372 102.64454623730853 72.21032485878095 90.528061111457646 5520.9632331039757 56.189430085942149 227.8329778239131 719.15377247240394 17.433376278728247 687.68042715266347
leaf_count=2770 269 58 661 221 191 809 183 72 280 10 5528 283 185 138 17 6351 501 1350 1107 2420 2444 532 1453 646 31580 366 2388 2721 12 2825
internal_value=-5.3934e-05 5.0002e-05 0.0167621 -0.0159896 -0.0459327 -0.00024506 -0.00090895 0.070597 0.0662974 -0.106538 -0.000578223 -0.0437079 -0.0242132 -0.0285839 -0.117613 0.000239709 -0.00116715 -0.028859 0.00917223 0.00236132 -0.00330037 -0.0381306 0.0206486 -0.0697187 -0.0011437 0.0247713 0.0399933 0.0556517 -0.036578 0.00388745
internal_weight=10089.5 10082.1 547.126 329.36 248.726 141.817 9535 88.4373 217.766 106.909 9514.1 177.072 147.915 36.3298 53.3798 9337.03 8759.35 989.968 512.73 7769.38 5932.65 226.56 1836.73 477.238 5800.92 1764.52 1020.61 792.777 73.6228 743.911
internal_count=68371 68102 2457 1981 1760 1089 65645 263 476 671 65462 3238 2955 196 826 62224 56696 9986 2989 46710 36444 1639 10266 6997 34024 8813 5487 3099 378 3326
is_linear=0
shrinkage=0.1


Tree=58
num_leaves=31
num_cat=0
split_feature=18 3 5 5 13 7 2 1 9 5 3 5 19 3 19 19 18 6 4 7 14 5 3 1 7 14 2 14 13 7
split_gain=14.187 35.1069 26.3497 19.5327 16.589 19.7525 15.0358 47.0906 46.4865 35.3033 33.5698 41.3459 29.4407 28.698 27.6445 22.1974 20.0604 19.2352 32.9235 20.3986 70.1227 18.3777 52.8237 63.8931 46.8962 117.895 138.579 83.596 63.1705 58.0261
threshold=0.88837837554853083 0.050944428539829743 0.011544571626020236 0.0077691669389032252 1.9231671690940859 0.042595886186174776 2.5863317751261249e-11 0.075908081843651151 0.002864323250523449 0.028828666121223992 0.011154955965416579 0.0081239914777192414 0.2475017383694649 0.018766605119045949 -0.03490918688476085 1.4200959205627444 0.10643793566321787 3.8958320620990432e-11 1.076214582675008e-11 0.014034087011768849 0.0036144480109214787 0.028828666121223992 0.043123611393914775 0.32357068952387996 0.045995098342220792 0.0075127363670617351 5.010831946657767e-10 0.0099074877798557299 1.3922782540321352 0.059884215692905376
decision_type=2 2 2 2 2 2 2 2 2 2 2 2 2 2 2 2 2 2 2 2 2 2 2 2 2 2 2 2 2 2
left_child=6 2 3 -2 -3 -6 8 14 -1 10 11 -10 16 -9 -8 -16 -12 19 -19 20 -14 22 -15 -24 25 -23 -27 28 -26 -29
right_child=1 4 -4 -5 5 -7 7 13 9 -11 12 -13 17 21 15 -17 -18 18 -20 -21 -22 24 23 -25 27 26 -28 29 -30 -31
leaf_value=-0.11344954270015738 -0.099587713021437346 0.10290029224223195 -0.1881997199608558 0.04791018096115892 -0.18357380604088125 0.053064935116205261 0.22379261882920476 -0.070542000358068374 -0.090975881547086274 -0.11740578128413615 -0.13630719454539911 0.052120430875840153 0.099514049096997612 0.014992888703385346 -0.11739782577216556 -0.001459647772523851 0.062840585704233357 -0.11757554565843552 0.063241201230755592 0.11042254708578765 -0.13320394056257082 0.004357225005640235 -0.022464082136635748 0.0024105590611884541 -0.026413856838382405 -0.11264147404396806 0.028197047211084261 -0.068095500625375269 0.12239369383245793 0.015467956841072798
leaf_weight=24.486492620315403 13.063966937828807 57.251165782101452 8.8468019785359484 28.707478472962976 4.6659249118529287 14.455557646229861 2.9911147272214285 58.243556090630591 40.322332538664341 15.645786721725015 12.771026376169177 40.445211891084909 50.275130617432296 1144.4650851846673 60.295220873784274 22.742711517727003 8.3751997961662692 14.166329739615319 34.824903132393956 101.67456660605967 17.439191677607596 2131.5521692880429 1947.6716401809826 2197.9100737774279 37.396844744682312 195.12529162038118 108.83139035571367 88.261885840445757 120.28484281897545 1420.3168462143512
leaf_count=1587 114 167 94 69 54 38 27 537 625 572 282 109 185 5778 1915 374 74 136 97 251 361 10249 18576 15383 237 2915 492 602 303 6168
internal_value=-5.09297e-05 0.0331607 -0.0314234 0.0017804 0.0759657 -0.00467842 -0.000477097 -0.00123488 0.0195722 0.0292681 0.0364328 -0.0193189 0.0552321 -0.000564398 -0.0748856 -0.0856443 -0.0574325 0.0661417 0.0109561 0.0821027 0.0395797 -0.00013043 -0.0040256 -0.00927601 0.00489317 -0.00395105 -0.0622144 0.0178204 0.0871015 0.0105789
internal_weight=10023.5 126.991 50.6182 41.7714 76.3726 19.1215 9896.51 9536.09 360.426 335.94 320.294 80.7675 239.526 9450.06 86.029 83.0379 21.1462 218.38 48.9912 169.389 67.7143 9391.82 5290.05 4145.58 4101.77 2435.51 303.957 1666.26 157.682 1508.58
internal_count=68371 536 277 183 259 92 67835 63556 4279 2692 2120 734 1386 61240 2316 2289 356 1030 233 797 546 60703 39737 33959 20966 13656 3407 7310 540 6770
is_linear=0
shrinkage=0.1


Tree=59
num_leaves=31
num_cat=0
split_feature=17 17 12 4 1 8 19 13 18 5 19 18 13 4 13 0 19 5 9 18 4 0 17 12 15 13 9 12 13 11
split_gain=13.5903 13.8923 39.5397 73.2703 34.4476 33.7123 31.3616 41.6511 53.6177 44.1877 36.3915 39.6223 39.2598 30.2817 29.1698 31.8153 29.1042 28.8108 51.8435 33.9295 42.4011 26.5012 26.479 43.9941 30.163 25.9951 25.7898 41.3021 29.3175 33.7071
threshold=0.33407315340909094 0.1580033735795455 0.37349452078342443 8.935487722509638e-11 0.5243436299745815 2.1756984589857527e-11 0.29471169412136083 1.8735244870185854 0.39456894695864658 0.028641871388539231 1.8672916293144228 0.10420025367586112 2.6353162527084355 1.5818239634122827e-11 1.993089556694031 2.7539839357068108e-09 1.125618636608124 0.039268010129356427 0.11320971291870129 0.12726064458679917 2.0816343370909959e-10 1.6146881739267803e-09 0.1453080610795455 0.16816607117652896 4.7028956032590947e-05 1.5319065451622011 0.014410598342828833 0.11915531381964685 1.3660843968391421 1.6893757226466024e-10
decision_type=2 2 2 2 2 2 2 2 2 2 2 2 2 2 2 2 2 2 2 2 2 2 2 2 2 2 2 2 2 2
left_child=1 2 13 4 -4 -3 -5 8 -8 14 -11 12 -12 22 -9 21 -17 18 -13 -20 -21 -16 23 26 -25 -24 27 28 29 -1
right_child=-2 5 3 6 -6 -7 7 9 -10 10 11 17 -14 -15 15 16 -18 -19 19 20 -22 -23 25 24 -26 -27 -28 -29 -30 -31
leaf_value=-0.10991068784237 -0.10320696751281538 -0.12659040407857633 -0.1257431383465154 0.1501107277635218 0.14371386922504512 0.011675615250254272 -0.13909846063780446 -0.17624899189556892 0.11070674252051048 0.0549632864991823 -0.11544323998006044 -0.21994328051610734 0.062095102570933258 0.0017413703825347581 -0.18276495455847977 0.041405706129654614 -0.10846463598564743 0.065892517586413429 0.14938812475831892 0.046083425664845017 -0.19915246769213552 0.028250588501678484 -0.1419729849717955 -0.15781343364419442 0.16355217166747726 0.049223119400886896 0.055122637121455112 -0.11298720786323002 -0.097066278164183686 0.074149548445096802
leaf_weight=12.543375183828173 12.757266445551066 17.882299428340048 82.273352580145001 11.706832528114317 5.0347190275788298 1271.4111056979746 48.472881339490414 15.761918606236575 10.443402908742426 137.27529480494559 52.433244157582521 11.566322460770605 16.336249286308885 7731.2928025564179 6.4783500283956519 16.24798284471035 63.984539546072483 66.798962190747261 13.589760489761828 20.039975889027122 10.877003133296965 73.203272726386786 8.1541716200299543 42.518313392531127 3.1360427215695372 55.587170050479472 32.388708284124732 53.186302750138566 22.732713995501399 48.11386612476781
leaf_count=843 1451 340 700 19 4 5812 352 135 15 310 411 90 58 52962 56 54 547 143 15 49 97 282 153 555 8 179 117 1262 842 510
internal_value=-5.95079e-05 7.25891e-05 -0.00136733 -0.0248452 -0.110205 0.00975789 -0.0118891 -0.0152546 -0.0948184 -0.00596475 0.0156621 -0.0124898 -0.0732689 0.000574664 -0.0464565 -0.0336636 -0.0781142 0.0215272 -0.0313244 0.0176934 -0.0401938 0.0110944 -0.0318299 -0.0486381 -0.135739 0.0247642 -0.0251036 -0.0441291 -0.00021117 0.0360875
internal_weight=9974.23 9961.47 8672.18 662.524 87.3081 1289.29 575.216 563.509 58.9163 504.593 328.917 191.642 68.7695 8009.65 175.676 159.914 80.2325 122.872 56.0731 44.5067 30.917 79.6816 278.361 214.619 45.6544 63.7413 168.965 136.576 83.39 60.6572
internal_count=68371 66920 60768 3337 704 6152 2633 2614 367 2247 1173 863 469 57431 1074 939 601 394 251 161 146 338 4469 4137 563 332 3574 3457 2195 1353
is_linear=0
shrinkage=0.1


Tree=60
num_leaves=31
num_cat=0
split_feature=11 15 11 3 5 19 12 17 9 8 6 14 1 1 13 8 12 19 7 9 4 19 7 4 14 4 3 2 17 14
split_gain=13.547 15.5232 46.3501 17.1102 28.938 21.9622 15.7141 25.3423 21.9823 19.2363 55.8856 41.6182 37.0361 35.4527 25.8303 25.9517 59.6801 37.1314 35.9383 30.1612 52.3395 37.3198 46.7071 45.8145 38.9563 61.524 56.4001 58.0216 36.7035 31.7687
threshold=3.8339448948931938e-08 0.00012353227793937552 1.7173508837231569e-08 0.10917122054640431 0.023283941870877192 5.7188575267791757 0.076048988848924651 0.048362038352272735 0.00078435480762090984 5.0815584824133865e-12 1.8183650062554179e-11 0.0036144480109214787 0.317407996513212 0.1500740179097636 1.0498020052909853 6.4833558886530934e-12 0.13585019111633304 0.50112503767013561 0.012805393531075042 0.0054833704939598465 3.2533194269563348e-11 0.081981278955936446 0.096027603145667717 2.6520352576718662e-11 0.0045148450881242761 2.03508815332466e-11 0.034524545929565532 1.4120392792507373e-10 0.089244495738636367 0.0038763281190767889
decision_type=2 2 2 2 2 2 2 2 2 2 2 2 2 2 2 2 2 2 2 2 2 2 2 2 2 2 2 2 2 2
left_child=1 2 6 4 -3 -6 7 -1 -8 10 11 12 13 -10 -11 16 -16 18 -18 20 -17 22 23 -21 25 29 -27 28 -28 -23
right_child=-2 3 -4 -5 5 -7 8 -9 9 14 -12 -13 -14 -15 15 19 17 -19 -20 21 -22 24 -24 -25 -26 26 27 -29 -30 -31
leaf_value=-0.14863766896577699 -0.15026790240719545 0.067735219909508787 -0.13416188822024516 0.08474699589963644 -0.13717558651884279 0.1555082753373232 0.055797266748089103 0.062781606087487271 0.021609912003891313 0.11235842589101074 -0.12574919042676766 -0.10952708493232338 0.14562554470687791 -0.098282292792868042 0.047351798130554845 -0.11207713974356617 -0.15037513545863093 -0.10240796747596703 0.048996424663451506 -0.042332618113765902 -0.010309570360773807 0.015724097322512835 -0.061624896504402366 0.06901862830211028 -0.001419380332568084 0.1209899093833484 0.054430432008177612 -0.16053294467733401 -0.099895472503579011 -0.11617654681362961
leaf_weight=17.049098160583529 6.0007089237915343 25.878765470348299 25.818079255521297 45.245508557185531 16.864008358679715 3.023403027560561 70.617371230386198 8.4944674922153336 125.75420312024653 20.610540823545307 47.029624433256686 32.204134646803141 19.093105946667492 30.681877407710999 307.47476939391345 52.400211383588612 10.990783986635504 49.686840647365898 50.972990348935127 44.155708611011505 1421.4022772503085 37.004469729959965 42.75747146923095 226.41963843628764 6889.3250149111263 86.281787229701877 164.70379940979183 15.674530345946549 17.001777874305844 36.048841068521142
leaf_count=433 268 165 283 166 201 9 171 104 2135 34 2195 1709 356 751 2074 1025 294 706 410 553 7570 238 1473 910 42831 125 404 143 156 479
internal_value=-6.1138e-05 2.95347e-05 -0.000350323 0.0411393 -0.00197225 -0.09268 1.34758e-06 -0.0783306 0.000205554 -0.00019801 -0.0273143 -0.00502918 0.0141429 -0.0019046 0.000531251 0.000287414 0.0246129 -0.0380076 0.013633 -0.000841253 -0.0139279 0.00171016 0.0354991 0.050847 0.000249061 0.0324721 0.0535477 0.0240664 0.0399905 -0.0493635
internal_weight=9946.67 9940.67 9849.65 91.0117 45.7662 19.8874 9823.84 25.5436 9798.29 9727.67 254.763 207.733 175.529 156.436 9472.91 9452.3 419.125 111.651 61.9638 9033.18 1473.8 7559.37 313.333 270.575 7246.04 356.715 283.662 197.38 181.706 73.0533
internal_count=68371 68103 67562 541 375 210 67279 537 66742 66571 7146 4951 3242 2886 59425 59391 3484 1410 704 55907 8595 47312 2936 1463 44376 1545 828 703 560 717
is_linear=0
shrinkage=0.1


Tree=61
num_leaves=31
num_cat=0
split_feature=3 15 4 10 13 3 5 13 2 19 14 13 5 2 3 5 19 15 2 13 15 17 4 14 18 6 7 7 1 4
split_gain=12.5689 28.4161 13.1995 44.8169 40.238 29.6075 28.3065 37.116 22.6363 49.5509 28.6552 25.4455 45.3309 34.5041 21.1519 58.8513 56.6191 37.601 30.7542 42.6978 45.913 44.3415 46.6925 58.0638 45.9668 42.4966 59.9636 42.3315 39.4952 43.3511
threshold=0.20829326647329874 5.6111717640305876e-05 3.8902102109618813e-10 3.5142707824707036 1.612313508987427 0.16728411140661645 0.047192779806460416 2.4269921779632573 1.0542350385975036e-09 1.6933123469352724 0.0074605839326977738 2.8601604700088505 0.020748038531373306 5.9812958547556991e-10 0.12424319513923508 0.027365393260728493 5.0544347763061532 3.7613492168020464e-05 3.9398861513077884e-10 1.9085313677787783 3.3793070542742505e-05 0.12116033380681819 5.0684558036636334e-11 0.011129127815365793 -0.43443011151711369 5.3137153892621072e-10 0.010021611331619957 0.0068259119718240202 0.32555159938124406 1.7594111245001022e-11
decision_type=2 2 2 2 2 2 2 2 2 2 2 2 2 2 2 2 2 2 2 2 2 2 2 2 2 2 2 2 2 2
left_child=2 -2 8 4 -4 -6 7 -5 11 10 -10 14 13 -13 18 16 -16 -17 19 -1 -21 22 23 28 -24 26 27 -26 29 -22
right_child=1 -3 3 6 5 -7 -8 -9 9 -11 -12 12 -14 -15 15 17 -18 -19 -20 20 21 -23 24 -25 25 -27 -28 -29 -30 -31
leaf_value=0.0024927973661962514 -0.18114202920539221 0.07068679139101651 0.10953525435422562 -0.089885909532204211 -0.11875561967134073 0.080130291773072682 0.056858449387082559 0.071642258310673598 -0.12444723934577107 -0.087853857985003281 0.076504186260347815 -0.074906987118324983 -0.13329122249619077 0.046834680460577115 -0.10988880519223176 -0.10959478059362826 0.21746805434522704 0.0084983594838564554 0.015291582096838952 -0.1637078595119168 -0.15151485824882718 0.0013967467658503828 0.1148730840881239 0.11570362247652191 -0.070160328529347532 0.011355609143196208 -0.098418492531007554 0.11510333193788314 -0.063766304045124456 0.042955305298633201
leaf_weight=6115.0790693631861 4.9270274005830279 49.472490810323507 10.355471584945915 42.012315597385168 76.447841388639063 8.2974492702633125 70.465624585631303 21.508035272359848 7.549094140995293 25.731552770826966 118.26217898773029 41.125323936343193 39.685328259132802 53.652463532984257 89.86242811055854 29.530553839169443 5.6135257072746745 309.96193261723965 1335.9275855792221 20.907461658120155 12.938987855799494 790.54202677682042 15.079086005687712 36.505486726760864 24.776062013581395 63.143241237848997 253.93515619076788 24.558587998151779 107.78920987900347 100.47973239421844
leaf_count=46322 75 194 18 389 651 33 376 59 178 232 376 340 427 205 2271 314 11 1567 5635 199 154 3426 60 147 176 268 2483 30 1223 532
internal_value=-5.6992e-05 0.0478784 -0.000321683 -0.0240446 -0.0765445 -0.0992826 0.0132188 -0.0351924 0.000243091 0.0385863 0.0644464 -0.000370421 -0.043562 -0.00599062 0.00025161 -0.0212805 -0.0906418 -0.0017739 0.00130375 -0.00116617 -0.0165901 -0.0144388 -0.0340235 -0.00114008 -0.0562377 -0.0632794 -0.078819 0.0220632 -0.0204226 0.0207698
internal_weight=9906.12 54.3995 9851.72 229.087 95.1008 84.7453 133.986 63.5204 9622.64 151.543 125.811 9471.09 134.463 94.7778 9336.63 434.968 95.476 339.492 8901.66 7565.73 1450.66 1429.75 639.206 257.713 381.492 366.413 303.27 49.3347 221.208 113.419
internal_count=68371 269 68102 1526 702 684 824 448 66576 786 554 65790 972 545 64818 4163 2282 1881 60655 55020 8698 8499 5073 2056 3017 2957 2689 206 1909 686
is_linear=0
shrinkage=0.1


Tree=62
num_leaves=31
num_cat=0
split_feature=4 15 11 4 3 5 3 12 9 3 8 6 14 1 0 5 12 8 12 1 14 6 19 5 13 9 4 8 13 14
split_gain=12.329 12.4758 40.0774 23.6338 21.1075 26.992 33.1862 13.4517 17.3795 31.5722 18.0793 49.3317 35.7595 28.0209 33.8648 26.8756 24.982 27.027 56.3304 34.6514 28.459 31.0931 27.1709 26.8089 24.0634 20.6205 46.1737 29.3623 57.4479 38.8963
threshold=3.1760970962030157e-09 0.00011453578918008135 1.5283053045322962e-08 1.2543956831299169e-10 0.095092274331711607 0.016769887155884823 0.070401161924829675 0.073987703770399108 0.00078435480762090984 0.030919229844489648 5.0815584824133865e-12 1.8183650062554179e-11 0.0036144480109214787 0.317407996513212 2.0717908419363209e-10 0.018398637335538575 0.091986101120710387 6.4833558886530934e-12 0.13585019111633304 0.23609031455215143 0.0065258210524916658 3.2812622651241625e-11 0.90794068574905407 0.011776059292766724 1.0661822557449343 0.0054833704939598465 3.2533194269563348e-11 9.8203975333610599e-12 1.145450294017792 0.0059594009071588525
decision_type=2 2 2 2 2 2 2 2 2 2 2 2 2 2 2 2 2 2 2 2 2 2 2 2 2 2 2 2 2 2
left_child=1 2 7 -4 5 -3 -7 -1 9 -9 11 12 13 14 -10 -15 -12 18 20 22 23 -22 -20 -18 -19 26 -26 29 -29 -27
right_child=-2 4 3 -5 -6 6 -8 8 10 -11 16 -13 -14 15 -16 -17 17 24 19 -21 21 -23 -24 -25 25 27 -28 28 -30 -31
leaf_value=-0.099620400880524623 -0.13951895436504977 0.076124043903638305 0.12918525462907068 -0.15776662893437784 0.066132098981233942 0.027664055512441173 -0.16283314540564101 -0.16803938206104627 0.019722518870105107 0.068858038974744379 -0.084357313419301819 -0.12381382679155306 -0.10865771117157391 -0.10428382476043832 -0.093767009328369094 0.18087961488092366 -0.12170452923829378 0.089939446345970939 0.012222654375948848 -0.18336111090649479 -0.23027945747131975 0.062864494167125612 -0.12324279472554121 0.061656014007733753 -0.10812731599848764 0.0096948878196169361 -0.0083161080746852675 -0.1263036022720759 0.00020911181497656158 0.07218684385194786
leaf_weight=13.547711838269604 6.3350042082602149 20.822620239108801 3.2703285329043892 23.460303877480328 73.604383863508701 18.501072979299352 18.083459241548553 6.1456414759159079 126.71600031014532 66.508442821912467 34.61544199869968 43.312806252157316 29.484071598155424 4.1731236006598946 33.17674859543331 15.887083657551555 8.2173090400174242 29.395718893036246 77.400828920304775 13.768329004757105 7.4322966672480089 7.0508880168199539 18.308652655221522 269.13044428266585 47.943394764326513 494.49098512204364 1393.3390459006187 36.083109371364117 6801.3049147282727 124.72139923367649
leaf_count=268 269 137 10 276 326 125 248 44 2139 150 1384 2238 1725 384 869 25 204 52 958 143 65 13 309 1002 997 2665 7018 293 43678 357
internal_value=-5.87974e-05 3.08061e-05 -0.000381976 -0.12266 0.0306839 -0.0147659 -0.0664973 -4.50852e-05 9.41524e-05 0.0488194 -0.000273995 -0.0266653 -0.00657447 0.0101512 -0.00382585 0.121557 0.000438411 0.000753062 0.02614 -0.0350294 0.0490872 -0.0875674 -0.0136911 0.0562234 -0.000388162 -0.000686575 -0.0116363 0.00142989 -0.000458537 0.022282
internal_weight=9866.23 9859.9 9728.89 26.7306 131.012 57.4072 36.5845 9702.15 9688.61 72.6541 9615.95 252.75 209.437 179.953 159.893 20.0602 9363.2 9328.59 401.309 109.478 291.831 14.4832 95.7095 277.348 8927.28 8897.88 1441.28 7456.6 6837.39 619.212
internal_count=68371 68102 67266 286 836 510 373 66980 66712 194 66518 7380 5142 3417 3008 409 59138 57754 2694 1410 1284 78 1267 1206 55060 55008 8015 46993 43971 3022
is_linear=0
shrinkage=0.1


Tree=63
num_leaves=31
num_cat=0
split_feature=18 13 13 3 6 18 12 13 7 14 12 12 6 14 12 3 5 14 6 12 7 13 19 0 1 14 11 10 13 3
split_gain=11.9235 30.2879 28.9072 19.0418 14.9286 13.614 32.8011 60.1657 50.7074 71.6951 50.2729 95.7349 62.8889 42.2384 40.4148 44.6135 41.0834 35.8129 45.4887 36.5536 35.5134 31.627 31.3308 31.0491 29.853 41.194 36.5296 30.8206 28.5293 48.2629
threshold=0.88837837554853083 2.1354032754898076 1.6607325077056887 0.050944428539829743 4.5183863815933121e-11 -0.046828917799178839 0.14402524381875995 1.283006012439728 0.015790445893449651 0.0054837074130773553 0.17187815904617312 0.1535698547959328 4.7084158968029195e-11 0.0054303654469549665 0.19337813556194308 0.041951715564218964 0.09180142597984238 0.0076075298711657533 6.1520316330161128e-11 0.15572146326303485 0.024875177165515825 1.3660843968391421 0.89632877707481395 1.5335894721709448e-10 0.41643141570908515 0.010441514663398268 6.1715887955671186e-09 2.8397462368011479 1.7020320892333987 0.096162904213576192
decision_type=2 2 2 2 2 2 2 2 2 2 2 2 2 2 2 2 2 2 2 2 2 2 2 2 2 2 2 2 2 2
left_child=5 2 -2 4 -4 6 20 10 9 -9 11 12 -8 -14 15 -12 22 19 -19 21 -1 -11 23 -17 28 -26 -27 -28 29 -10
right_child=1 -3 3 -5 -6 -7 7 8 24 17 14 -13 13 -15 -16 16 -18 18 -20 -21 -22 -23 -24 -25 25 26 27 -29 -30 -31
leaf_value=0.013519817496704632 -0.095204457463112804 -0.17615992680797979 0.041020215168252681 0.091826703928234762 -0.10409720600375816 -0.0027971897421081296 -0.14594336603680971 -0.14492854189979865 0.015069157047894922 -0.22172526621731753 -0.18057548635084081 -0.1738427155645757 0.074876489190558948 -0.17466190807296869 -0.11850421666959149 -0.14697729570843762 -0.18878444544154541 -0.12772404810858942 0.15272444675787122 0.089418301692452962 0.073826279205246176 0.022918688705774178 -0.10298475917213477 0.085388891586352406 -0.13868294343479437 0.098043104384288315 -0.083607103620481585 0.036448396666188647 -0.026535518464908644 -0.12129188022467526
leaf_weight=841.31656814343296 13.462149705737827 6.6885178685188285 26.160926919896156 67.597193410620093 9.7238570153713209 6969.4276843735715 25.234199718572199 18.596504455665126 455.37765618105186 6.3664008378982535 10.195249781012533 66.345211278647184 51.983879845589399 7.8011154904961577 25.150280857924372 6.1298498772084704 7.5159804672002783 20.239493645727638 8.097502149641512 190.12437836360186 110.47024420648813 31.090302999131382 11.556900377385317 92.913414887152612 13.341427608393131 74.532504010945559 27.677564095705748 94.030793040059507 515.11847655125894 27.52453463897109
leaf_count=5332 167 73 79 155 62 51103 242 385 3055 65 113 625 97 64 692 74 64 310 26 611 210 124 73 186 180 204 265 422 2971 342
internal_value=-5.67219e-05 0.0308027 0.0426398 0.0605722 0.00169711 -0.000449715 0.00552406 -0.00246294 0.0058586 0.0446534 -0.0429237 -0.0838148 -0.0135611 0.0423152 -0.00259144 0.0201286 0.0374525 0.0584295 -0.0475839 0.0716297 0.0205194 -0.0186627 0.0528267 0.0710076 -0.00296031 0.03135 0.0429097 0.00914671 -0.0101654 0.00729683
internal_weight=9831.79 123.633 116.944 103.482 35.8848 9708.16 2738.73 1786.94 1482.12 274.515 304.826 151.364 85.0192 59.785 153.462 128.311 118.116 255.918 28.337 227.581 951.787 37.4567 110.6 99.0433 1207.6 209.582 196.241 121.708 998.021 482.902
internal_count=68371 536 463 296 141 67835 16732 11190 8960 1521 2230 1028 403 161 1202 510 397 1136 336 800 5542 189 333 260 7439 1071 891 687 6368 3397
is_linear=0
shrinkage=0.1


Tree=64
num_leaves=31
num_cat=0
split_feature=2 15 9 3 5 5 4 19 0 3 5 19 5 1 15 19 14 7 19 6 5 18 18 3 17 13 6 3 8 3
split_gain=12.0543 44.0883 36.6867 24.7935 35.3024 29.5104 24.4354 22.3558 21.2219 46.4751 38.3142 33.3794 29.4218 26.884 25.6316 22.5524 19.0163 59.4479 18.632 18.3354 17.5586 17.1831 15.996 15.6982 15.1238 15.0788 20.1985 14.6741 14.6317 51.1017
threshold=2.4837892290276324e-11 1.5489404177060354e-05 0.002864323250523449 0.011154955965416579 0.0081239914777192414 0.028828666121223992 6.7207327574660621e-12 0.2475017383694649 1.3357231265656076e-10 0.030919229844489648 0.03512276233766657 0.058880930766463287 0.021402814289732282 0.096354619278636464 2.033384498645319e-05 0.37823677062988287 0.0047734216786921033 0.022036752678540827 0.13266977667808535 8.0117978075783211e-11 0.010069602065317956 0.10643793566321787 0.72991853048601618 0.013678380105483621 0.083740234375000014 1.4066799879074099 5.907121652723404e-11 0.028297810588703464 9.6163652047615862e-12 0.028297810588703464
decision_type=2 2 2 2 2 2 2 2 2 2 2 2 2 2 2 2 2 2 2 2 2 2 2 2 2 2 2 2 2 2
left_child=2 -2 -1 4 18 7 22 21 9 10 14 12 -11 15 27 -10 17 -13 -4 24 -17 -5 -3 -15 -9 -6 -27 -8 29 -25
right_child=1 6 3 5 25 -7 8 19 13 11 -12 16 -14 23 -16 20 -18 -19 -20 -21 -22 -23 -24 28 -26 26 -28 -29 -30 -31
leaf_value=-0.11133735686605456 -0.10206913822695762 -0.13818201991302709 0.11378801060162567 -0.1349082699743876 0.08185684275188089 -0.11758689359390224 0.05033864054968247 0.25419318338049779 -0.11910332075495744 -0.13572961608093601 -0.11381384077680962 -0.13490742743414624 0.16296504451944935 -0.19147897518812307 -0.15442067201294304 -0.16177531713539642 -0.10071769691341706 0.11926402046881379 -0.11165957707719316 -0.14018562770210891 0.10256531757718737 0.058073525754752192 0.081674613727342582 -0.077757260137157114 0.062677074937034921 -0.27637604644799874 0.034637803742615728 0.15781922711577279 -0.0017587376496746498 0.010623728791584776
leaf_weight=20.288671712391078 42.712432655505836 19.815471634734426 4.0936194472014895 10.714573593344541 29.439071420580149 10.728450194001196 42.229001250583678 4.2155202329158774 5.7693645143881431 4.6720736187417051 14.72095365077257 19.802019440103322 11.210499243810771 4.2645086348056784 4.9322359173092982 2.6465250998735419 99.946537138428539 17.190425392240286 35.076224893797189 4.3740282021462908 49.740547087159939 8.1033907716628146 3.9727452388033262 67.605401470093057 188.5980278882198 3.0218598470091802 6.757976870983839 18.167292682686821 7022.2266644833726 2024.8382915251423
leaf_count=1540 1212 415 45 262 47 458 294 4 103 125 572 362 49 47 93 34 2085 46 597 59 389 69 30 832 905 28 36 78 44097 13458
internal_value=-5.06535e-05 -0.0007005 0.0188738 0.027532 -0.020948 0.044293 -0.000241541 0.0523332 1.435e-05 -0.0297978 0.0319279 -0.0621303 0.0751 0.00077084 0.0647689 0.0685455 -0.0780466 -0.0167937 -0.0880982 0.0622714 0.0892112 -0.0518065 -0.101465 0.000338604 0.0668642 0.0461181 -0.061462 0.082669 0.00042835 0.0077682
internal_weight=9801.87 9476.46 325.411 305.123 78.3888 226.734 9433.75 216.006 9409.96 232.871 80.0495 152.822 15.8826 9177.09 65.3285 58.1564 136.939 36.9924 39.1698 197.188 52.3871 18.818 23.7882 9118.93 192.814 39.2189 9.77984 60.3963 9114.67 2092.44
internal_count=68371 64321 4050 2510 753 1757 63109 1299 62664 3704 1037 2667 174 58960 465 526 2493 408 642 968 423 331 445 58434 909 111 64 372 58387 14290
is_linear=0
shrinkage=0.1


Tree=65
num_leaves=31
num_cat=0
split_feature=17 7 8 17 10 6 11 15 4 13 10 1 8 18 17 14 8 11 3 13 4 5 3 10 13 5 9 1 6 7
split_gain=11.6017 12.3457 72.3272 71.785 57.8272 91.6889 47.2763 67.2863 45.4377 43.4469 72.8026 58.8796 49.2226 39.1174 34.6179 34.0133 90.5928 100.172 48.6843 46.3514 43.861 40.6252 39.3231 68.2107 85.3801 60.8643 48.0014 91.3999 58.0315 68.1067
threshold=0.33407315340909094 0.076225985872652627 2.3155531797790701e-10 0.12693093039772732 2.9836020469665532 2.158440571963296e-10 2.084477368491378e-09 3.6442150303628302e-05 3.1477224636638057e-11 1.5939612388610842 2.9341343641281132 0.23768960043243828 2.9672869475404963e-10 -0.16437433389100159 0.1153897372159091 0.0076075298711657533 4.6353619192807705e-11 3.6998379915331729e-09 0.13915765445723688 2.3476074934005742 9.9917187841765849e-11 0.052287414467262261 0.065802856277021829 2.0139555931091313 1.4393204450607302 0.0097214582739783041 0.0056649091351053888 0.29836626312387476 5.907121652723404e-11 0.022541003594935414
decision_type=2 2 2 2 2 2 2 2 2 2 2 2 2 2 2 2 2 2 2 2 2 2 2 2 2 2 2 2 2 2
left_child=1 15 3 4 5 -3 7 13 -5 11 12 -8 -11 -4 -9 19 17 -17 21 22 -20 -18 -1 24 -24 -26 -25 -28 29 -29
right_child=-2 2 6 8 -6 -7 9 14 -10 10 -12 -13 -14 -15 -16 16 18 -19 20 -21 -22 -23 23 26 25 -27 27 28 -30 -31
leaf_value=0.012922996816859163 -0.10299340526640521 0.084476171013572632 0.20123417721316575 -0.12819885955851804 0.083707118547683423 -0.14390389725195937 -0.016578066112568089 0.096892033501676009 0.069359837537473115 -0.026592535845272148 0.0033762263894214738 0.12470380242155579 -0.16050542038503612 -0.0093616842270813055 -0.12275058173059161 -0.11135250161001722 -0.0076628123852393029 0.024019260142951762 -0.13608733670752002 -0.10445230048695919 0.07651704425005508 -0.16638493072697835 -0.014067775338993272 -0.0030987427396558342 0.14070295826435225 -0.11799959034909334 -0.020790493736597953 0.078035309067814598 -0.058858070592045925 0.26362840962257389
leaf_weight=2296.2399912930559 10.936790748732163 25.523291893303394 11.09498638473451 12.040298730134962 33.140043295919895 56.480078596621752 53.834066609386355 7.7987828515470019 351.84999013878405 71.084871154278517 1894.5186397070065 65.252575900405645 44.71460784599185 43.015728123486042 89.823200523853302 173.19005903974175 1887.9512015162036 79.872148159891367 10.670839554630218 40.056054360233247 107.05575478356332 16.264691652730107 603.21887318301015 1282.5353005365469 9.765086589381097 132.35655912896618 152.27043550089002 160.77730926172808 25.971504285931587 22.545379990711808
leaf_count=18031 1451 73 14 178 62 484 301 38 932 397 7654 130 428 276 766 3595 12890 358 161 431 299 178 5802 8817 51 2401 1232 616 258 67
internal_value=-5.61284e-05 5.92095e-05 0.00572312 0.0410476 -0.02777 -0.0728213 -0.00169494 -0.0556256 0.0628231 0.00214794 -0.00132862 0.0608362 -0.0783014 0.0338194 -0.105204 -0.00217389 -0.01222 -0.0686261 -0.00516028 0.00266236 0.0572464 -0.00901852 0.00357804 -0.00540241 -0.0304961 -0.100224 0.00597363 0.038155 0.0810404 0.10086
internal_weight=9771.85 9760.91 2760.17 479.034 115.143 82.0034 2281.14 151.733 363.89 2129.4 2010.32 119.087 115.799 54.1107 97.622 7000.74 2275 253.062 2021.94 4725.74 117.727 1904.22 4685.68 2389.44 745.341 142.122 1644.1 361.565 209.294 183.323
internal_count=68371 66920 11733 1729 619 557 10004 1094 1110 8910 8479 431 825 290 804 55187 17481 3953 13528 37706 460 13068 37275 19244 8254 2452 10990 2173 941 683
is_linear=0
shrinkage=0.1


Tree=66
num_leaves=31
num_cat=0
split_feature=5 12 14 13 7 3 4 14 14 9 12 6 6 14 6 13 12 9 13 14 19 19 12 13 13 8 14 8 13 13
split_gain=11.5854 78.811 74.4961 76.5777 35.4484 53.5681 35.1679 29.2225 85.0108 85.2077 119.998 68.3776 63.5726 63.7164 53.3506 97.0028 54.8548 74.1667 75.1521 77.0323 119.317 68.5105 66.3023 51.0844 49.8353 58.1478 54.1374 49.1776 49.6554 48.6303
threshold=0.067911615715611079 0.15213086456060412 0.0062558678910136232 1.0798835158348086 0.017992613264333778 0.12900649322123744 1.1468697731209969e-09 0.0054303654469549665 0.0047181434929370889 0.011642211175548324 0.14402524381875995 4.3480994740960992e-11 2.942670683917384e-11 0.0044482711236923942 3.4096576804350322e-11 1.3606640100479128 0.18198023736476901 0.0057511295684621912 1.3359642624855044 0.0059100813232362279 0.1265736669301987 0.8016946315765382 0.17101296037435534 1.8942564129829409 1.2607589960098269 1.1781744257250531e-11 0.0058376111555844554 2.4363526395830923e-11 1.8075304031372073 1.5270980596542361
decision_type=2 2 2 2 2 2 2 2 2 2 2 2 2 2 2 2 2 2 2 2 2 2 2 2 2 2 2 2 2 2
left_child=6 -2 3 -3 -4 -6 7 8 12 10 11 -10 13 -1 16 -16 17 18 22 21 -21 -20 -9 24 25 26 -19 28 29 -17
right_child=1 2 4 -5 5 -7 -8 14 9 -11 -12 -13 -14 -15 15 27 -18 23 19 20 -22 -23 -24 -25 -26 -27 -28 -29 -30 -31
leaf_value=0.001326677946752963 0.057191923602416851 0.071163216005281957 0.069108685964484995 -0.13911670383866889 -0.087824943753820051 0.056439957807157694 -0.13302367352299446 -0.18544824820679945 -0.062588088278806103 0.030230874821926341 -0.12996824881799843 0.036253926752026877 0.047938625594654692 -0.084128757535057053 -0.084766995327814398 -0.096897282512552363 -0.025251899016130359 -0.19918683749508626 0.070858102232396566 -0.065704129711903578 0.026650290621210868 -0.10607289852353473 0.021347712602477503 -0.027806605526979711 0.079739829596501319 0.14601739724788024 0.019764804203240678 0.001439580330095773 -0.10148417381892086 0.024352787092929467
leaf_weight=678.78401214792393 234.91311820223927 22.413926407694817 75.386317357420921 76.178274402394891 55.597416061675176 47.925526713486761 20.096338055562228 36.253843962214887 180.75565111963078 124.88610449060798 169.14962765364908 114.21264006989077 254.17129101790488 100.12093125609681 140.30891714151949 46.175890360726044 260.11730097513646 19.703951262868941 279.00536928419024 210.93886275216937 415.32406056206673 23.747916233493015 27.088475414086133 65.403115341439843 396.44147038925439 16.297688640654087 26.454448480159044 5394.9578087297268 93.477955701760948 116.61856419011019
leaf_count=9486 565 52 227 594 1040 212 219 458 2017 667 3224 419 1280 1575 2835 515 3707 205 851 1326 1497 252 126 410 1404 12 78 31299 1061 758
internal_value=-6.76899e-05 0.0145672 -0.0215159 -0.0913117 0.0169467 -0.0210381 -0.000881883 -0.000592933 -0.0127731 -0.0430917 -0.0628215 -0.0243162 0.00451283 -0.00965782 0.00201759 -0.0026328 0.0171759 0.0244525 0.00837882 0.0155646 -0.00445667 0.0569797 -0.0970115 0.0548757 0.0666598 -0.016366 -0.0737006 -0.000593568 -0.0433947 -0.0100392
internal_weight=9722.91 512.415 277.501 98.5922 178.909 103.523 9210.49 9190.4 1622.08 589.004 464.118 294.968 1033.08 778.905 7568.32 5791.54 1776.78 1516.66 992.359 929.016 626.263 302.753 63.3423 524.301 458.898 62.4561 46.1584 5651.23 256.272 162.794
internal_count=68371 2690 2125 646 1479 1252 65681 65462 18668 6327 5660 2436 12341 11061 46794 36468 10326 6619 4510 3926 2823 1103 584 2109 1699 295 283 33633 2334 1273
is_linear=0
shrinkage=0.1


Tree=67
num_leaves=31
num_cat=0
split_feature=4 5 14 3 14 6 5 6 12 12 13 4 13 3 12 12 8 2 14 4 6 9 19 7 14 14 6 14 19 11
split_gain=10.9987 11.5504 61.8211 60.2929 50.3254 79.3305 36.6292 32.3982 34.5394 30.7988 44.6759 27.8582 25.6977 27.4041 29.256 34.5867 25.154 23.5901 22.3675 22.0894 21.7434 19.7273 18.0881 17.7784 16.533 57.9735 97.388 67.6718 61.234 57.69
threshold=3.1760970962030157e-09 0.067911615715611079 0.0054303654469549665 0.12900649322123744 0.0062107846606522807 3.8404749542662509e-11 0.09180142597984238 6.6013139489031307e-11 0.15213086456060412 0.15498548746109012 1.0498020052909853 1.1468697731209969e-09 1.1649155616760256 0.081982999976998414 0.1535698547959328 0.13290183246135714 1.2194462978247923e-09 7.4068800875175106e-11 0.0069301361218094834 1.0233870395316112e-10 4.2196478304589017e-11 0.00078435480762090984 0.20543276518583301 0.01306338047795148 0.0041429768316447744 0.0054303654469549665 2.7440850226697042e-11 0.0049482604954391727 1.2183563709259035 1.4553528382421634e-09
decision_type=2 2 2 2 2 2 2 2 2 2 2 2 2 2 2 2 2 2 2 2 2 2 2 2 2 2 2 2 2 2
left_child=1 11 9 4 7 6 22 19 -9 20 -11 12 13 14 15 17 -7 23 -8 -4 -3 -19 -6 -1 -14 26 29 -28 -29 -26
right_child=-2 2 3 -5 5 16 18 8 -10 10 -12 -13 24 -15 -16 -17 -18 21 -20 -21 -22 -23 -24 -25 25 -27 27 28 -30 -31
leaf_value=0.027469861811296778 -0.1379285246428264 -0.0066138980663225213 0.094077929496620763 0.067079245880403385 -0.1877881340121656 -0.13496535114645145 -0.19919684739473476 0.07250200966641436 -0.12221484801022237 0.14099754409513809 -0.18206298536582322 -0.12434904385738593 0.017220599548676066 -0.12252502040817022 -0.15682622085266629 0.051424761063853075 0.11611786361112807 -0.68236444400845098 0.11696900235778217 -0.15399964012137901 0.087031528755017767 -0.14183818400980891 0.088747758788439421 -0.11337111660399485 -0.082283952377090477 0.0019749893797057906 0.039552387275294171 -0.083743827229516329 0.022755124008349101 -0.00088698736137041764
leaf_weight=26.693337736651301 5.7834397149272254 29.791181206703186 3.8324775490909806 70.700529005378485 2.4420674890279761 38.977074389811605 8.1929478123784047 19.386217892169952 17.18537262827158 6.7353916168212917 11.745072046294807 18.210849582217634 534.39620643015951 32.36502578528598 13.800290855579076 57.785611946135759 4.4450199857819817 0.70952451601624389 3.0783734302967778 56.564518244937062 147.82627148926258 13.958205564878879 75.259234504774213 13.493072400800882 308.79531093349215 7527.2669738621917 268.7883173043374 119.03842645208351 98.796772663481534 121.26797682337929
leaf_count=192 269 142 19 221 25 814 69 46 132 4 114 183 5528 1829 152 184 17 11 13 446 216 597 179 273 5812 46710 1350 1107 532 1185
internal_value=-6.58914e-05 1.67194e-05 0.014877 -0.0136586 -0.0385457 0.00154201 0.0556189 -0.093279 -0.0189975 0.0585414 -0.0643203 -0.000788612 -0.00054235 -0.040418 -0.019401 -0.00256403 -0.109263 -0.0594381 -0.112847 -0.138258 0.0713247 -0.167985 0.0800565 -0.0198192 0.000162953 -0.000916581 -0.0246604 0.00598125 -0.0354424 -0.0593319
internal_weight=9657.31 9651.53 496.162 300.064 229.363 132.395 88.9726 96.9686 36.5716 196.098 18.4805 9155.37 9137.16 158.805 126.44 112.64 43.4221 54.8541 11.2713 60.397 177.617 14.6677 77.7013 40.1864 8978.35 8443.95 916.687 486.624 217.835 430.063
internal_count=68371 68102 2457 1981 1760 1117 286 643 178 476 118 65645 65462 3238 1409 1257 831 1073 82 465 358 608 204 465 62224 56696 9986 2989 1639 6997
is_linear=0
shrinkage=0.1


Tree=68
num_leaves=31
num_cat=0
split_feature=2 9 1 5 3 5 3 19 19 19 19 6 18 0 1 12 10 14 12 15 2 15 4 3 0 14 2 4 5 19
split_gain=11.093 36.4141 34.6164 24.9185 24.5373 29.5257 22.2856 19.7102 17.1176 18.6979 16.3437 15.7001 14.9829 14.5946 25.8372 14.2788 19.7311 13.8171 17.5993 15.3355 22.6429 19.874 15.8727 17.617 57.3789 51.3458 46.9794 42.1237 69.6474 100.304
threshold=2.5863317751261249e-11 0.002864323250523449 0.075908081843651151 0.028828666121223992 0.011154955965416579 0.0081239914777192414 0.018766605119045949 0.2475017383694649 -0.03490918688476085 1.4200959205627444 0.13266977667808535 8.0117978075783211e-11 0.10643793566321787 3.7326427016731099e-10 0.24587384237934887 0.23543748259544375 1.1868294477462771 0.002397114061750472 0.077242720872163786 1.6503136066603478e-05 3.4157156334769605e-11 1.3946322724223139e-05 6.7207327574660621e-12 0.046026685500634969 1.4666211342862862e-10 0.011009523645043375 8.932971581509067e-11 3.9234577325991203e-11 0.012815488907830184 1.1872849464416506
decision_type=2 2 2 2 2 2 2 2 2 2 2 2 2 2 2 2 2 2 2 2 2 2 2 2 2 2 2 2 2 2
left_child=1 -1 8 4 5 10 13 12 -2 -10 -3 -9 -6 -4 -15 16 -11 -8 -19 20 -20 -22 -21 25 -25 -24 -27 28 -26 -30
right_child=2 3 6 -5 7 -7 17 11 9 15 -12 -13 -14 14 -16 -17 -18 18 19 22 21 -23 23 24 27 26 -28 -29 29 -31
leaf_value=-0.11211009026087788 0.14609560887455703 0.10219257930026847 -0.14252576950824689 -0.11667400471712788 -0.13248965242560953 0.04440793534542245 0.075981169352353536 0.061048654609457575 -0.1154436804219742 -0.1483609898756528 -0.10603245767059369 -0.13533458563224898 0.049916511805842882 0.013904493973020269 -0.17577307260068378 -0.15450367661489883 0.10486993719988616 -0.093258397966254292 0.032866116425483004 -0.13500889283075221 0.10187084273483266 -0.14365274482441978 0.017730272912545274 -0.097797790631755491 0.021148333220778321 0.013433905960200941 -0.083081584214757337 0.002063804286549563 -0.013831499311507477 -0.10666816303945048
leaf_weight=20.227479898836464 3.4999410598538807 4.2660988681018344 16.322389157954603 11.722984598483889 10.120917444466615 37.515171617269516 24.0113595277071 203.20055500068702 47.559129129978828 4.0994071285240414 32.382100623566657 4.154155930504202 8.1128845659550262 30.763736769324169 9.3684508111327869 4.7897059425013131 12.33622121857479 20.180671183858067 17.433617010945454 8.6327734193764609 3.7949779303744462 25.11646616505459 1311.1784634634387 61.147730600088835 253.43821660918184 97.604482160881162 104.35238740034401 6683.9503701868234 380.1983186127618 167.71901659620926
leaf_count=1592 27 45 215 573 282 110 75 985 1915 105 597 62 74 213 120 236 37 601 231 207 31 464 6814 1313 2342 486 819 38555 5928 3317
internal_value=-6.20189e-05 0.0179073 -0.00070379 0.0263507 0.0319443 -0.0179552 -0.000163084 0.048349 -0.069636 -0.080613 -0.0817937 0.0571143 -0.0513305 -0.0627997 -0.0303738 -0.00256865 0.0417086 0.000223008 2.38716e-05 0.000230409 -0.0571469 -0.111425 0.000523648 0.000652795 -0.00132181 0.0105007 -0.0364363 -0.00053369 -0.0221989 -0.0422491
internal_weight=9619.2 331.702 9287.5 311.475 299.752 74.1634 9215.21 225.589 72.2844 68.7845 36.6482 207.355 18.2338 56.4546 40.1322 21.2253 16.4356 9158.76 9134.75 9114.57 46.3451 28.9114 9068.22 9059.59 7546.45 1513.14 201.957 7485.31 801.356 547.917
internal_count=68371 4320 64051 2728 2155 752 61731 1403 2320 2293 642 1047 356 548 333 378 142 61183 61108 60507 726 495 59781 59574 51455 8119 1305 50142 11587 9245
is_linear=0
shrinkage=0.1


Tree=69
num_leaves=31
num_cat=0
split_feature=1 3 9 8 14 15 10 18 12 13 19 8 18 13 17 13 0 17 19 10 5 5 14 11 3 17 3 11 3 13
split_gain=10.5202 19.6011 25.1745 37.4184 47.0642 34.5759 34.0927 23.106 21.1458 19.3537 19.079 20.8602 19.3229 18.4246 18.342 16.3042 42.2979 40.6578 40.0457 40.5381 45.4549 48.4265 41.5383 38.8961 37.2924 36.9714 49.105 36.7455 66.4482 61.2
threshold=0.54671755504257369 0.066076357304094155 0.0029863101251594022 8.3250362749504581e-12 0.0065258210524916658 6.523329648189248e-05 2.2947791814804082 0.043395660447210764 0.090220399200916304 3.220533132553101 1.5694009661674502 5.9868771483752456e-12 -0.13446575246581974 1.8246074318885805 0.035799893465909095 1.622332036495209 6.5612295938864576e-10 0.13496537642045456 4.8680875301361093 1.8055690526962282 0.027886905050991121 0.015836790401082167 0.019251363351941112 1.2638269319964481e-09 0.037270236549834697 0.044367009943181823 0.08027610266925643 1.0208566214586769e-09 0.070136760260849543 1.2361627221107485
decision_type=2 2 2 2 2 2 2 2 2 2 2 2 2 2 2 2 2 2 2 2 2 2 2 2 2 2 2 2 2 2
left_child=9 -2 3 4 8 -5 -6 -7 -3 14 11 -8 -13 -9 -1 25 18 -18 19 20 21 23 -21 -17 -20 26 -16 28 -27 -30
right_child=1 2 -4 5 6 7 10 13 -10 -11 -12 12 -14 -15 15 16 17 -19 24 22 -22 -23 -24 -25 -26 27 -28 -29 29 -31
leaf_value=-0.10979974993026032 -0.050372251948384399 -0.11447766147637761 0.038307548158773332 -0.16101150902030148 -0.20282237100107292 0.012940244601128413 0.094515427761546034 -0.0037760437945266144 0.063996752318757053 -0.13405028827425744 0.12757848198633789 0.031812212810065132 -0.21063972475509232 -0.16215669949145847 0.0096988494989337388 -0.092887247423247485 -0.0078107576409542582 0.012920189204847363 -0.068188949605229809 -0.073185141393220701 -0.1241241052160611 0.067814650947042185 0.031847044057985739 0.026521919867029276 0.07616083846418395 0.0066003413975259124 -0.13021346100076264 0.017483772393242079 0.001897438065210529 -0.067114375127246648
leaf_weight=15.40763206547126 45.99263249989599 7.0061286108102641 289.58297517104074 21.795185467228293 12.840931866317986 63.604518801905215 6.326687151566154 12.948215872980656 126.52170628495514 10.911050399066879 7.7294041290879241 5.1281238570809391 9.1566270822659082 16.97339344676584 53.659728398779407 53.744705382967368 2812.784577927785 1425.4622507996392 25.102731516584754 295.85678935889155 28.018557276576757 86.7599629573524 43.14432717114687 55.397010125219822 62.352199926041067 1850.318801854155 47.10634206677787 1572.2253329642117 246.92467796849087 267.93392812926322
leaf_count=1722 323 434 1274 209 129 345 9 101 342 176 5 16 92 218 656 531 17038 5376 155 3231 309 295 192 246 233 17701 1911 9344 1296 4462
internal_value=-7.24002e-05 0.0124647 0.0174508 -0.00337375 0.0258084 -0.0475841 -0.0676504 -0.0211511 0.0546323 -0.000948438 -0.0064055 -0.0566502 -0.123601 -0.0936194 -0.00078603 -0.000597873 -0.00448206 -0.000838256 -0.0282273 -0.0380079 -0.00498903 0.0120501 -0.0598178 -0.0322788 0.0347272 0.00410434 -0.0557077 0.00563505 -0.00224125 -0.0340165
internal_weight=9578.72 625.607 579.614 290.031 174.71 115.321 41.1818 93.5261 133.528 8953.11 28.3408 20.6114 14.2848 29.9216 8942.2 8926.79 4888.62 4238.25 650.376 562.921 223.92 195.902 339.001 109.142 87.4549 4038.17 100.766 3937.4 2365.18 514.859
internal_count=68371 3497 3174 1900 1027 873 251 664 776 64874 122 117 108 319 64698 62976 27606 22414 5192 4804 1381 1072 3423 777 388 35370 2567 32803 23459 5758
is_linear=0
shrinkage=0.1


Tree=70
num_leaves=31
num_cat=0
split_feature=1 13 8 19 15 11 4 3 3 11 15 2 14 9 14 17 3 6 10 2 12 19 1 7 3 2 11 5 7 19
split_gain=10.4375 37.3901 22.4069 20.0356 11.9127 30.19 21.8318 17.1874 20.5709 14.1411 42.0109 26.6877 37.3359 51.501 29.146 25.5487 43.0534 23.1348 36.6085 28.3492 21.4927 21.7112 21.0592 24.5466 18.9904 37.3932 38.1749 29.4539 51.4066 42.9748
threshold=0.66443913638630547 3.4120417833328252 8.1999317273764269e-12 7.5802843570709237 0.00011453578918008135 1.5283053045322962e-08 1.2935955441692841e-10 0.095092274331711607 0.070401161924829675 9.888655672085635e-09 8.5646479419665425e-05 8.3600918925489959e-10 0.020435795187950138 0.062294641049444772 0.0074605839326977738 0.099276455965909102 0.10220169866610908 4.6954617382539466e-10 3.4731785058975224 5.010831946657767e-10 0.3165182769298554 1.11250376701355 0.38788676128922661 0.077765443634400869 0.10917122054640431 2.2524252417648746e-10 7.3427828262140346e-09 0.028070473309300962 0.050877410901893315 1.9349496364593508
decision_type=2 2 2 2 2 2 2 2 2 2 2 2 2 2 2 2 2 2 2 2 2 2 2 2 2 2 2 2 2 2
left_child=1 4 -2 -3 5 9 -7 8 -6 11 -11 24 13 14 -13 16 -12 -17 20 -20 21 -19 23 -16 -1 -26 27 28 29 -27
right_child=2 3 -4 -5 7 6 -8 -9 -10 10 15 12 -14 -15 22 17 -18 18 19 -21 -22 -23 -24 -25 25 26 -28 -29 -30 -31
leaf_value=0.0011457682958888429 -0.15570580034841833 -0.1519678340099663 0.048371191990768954 0.15154019643666161 0.053707326269296446 0.14043191911622113 -0.14793554340926338 0.069355684979011206 -0.12447852253992045 -0.16791574478360127 -0.17503746154649696 -0.090353165779503752 0.08355025708946745 -0.19855628952610008 -0.16481042838756563 0.081673005925883335 0.012745201393649742 0.11685654121164009 -0.14215268811998708 0.020412139310777365 -0.17983577528494665 -0.16978656464183359 0.060309500506342241 0.076455004379758315 -0.13134951127868602 -0.046948272109760103 -0.22308294989108035 0.0029966764273283678 -0.17381920300293446 0.084100366080272992
leaf_weight=8033.452469333075 5.7679397966712704 22.531855891458694 80.021500322036445 2.4074029296170911 13.945601389277728 2.9978726096451309 21.131448968313634 55.620983768487349 12.100966945989056 18.462580082938075 23.442249377258122 20.140648866072297 92.010601568967104 11.788031429052351 9.7596483603119868 31.721048321574926 25.480463429121301 6.3557250797748583 11.582623137161134 145.25585178658366 18.282008018344641 4.5227550715208054 89.38891220651567 7.4253555685281745 26.786160106305033 131.32401621039025 8.3993822024203819 550.0551474802196 25.848810061812401 30.91416449425742
leaf_count=56082 68 262 470 2 248 5 283 251 197 197 256 486 165 89 99 70 154 12 944 580 160 43 244 21 543 3140 103 2740 258 199
internal_value=-7.2791e-05 -0.000387912 0.0346503 -0.12267 -6.44537e-05 -0.000396723 -0.112108 0.0379625 -0.029076 -0.000107578 -0.0220353 0.000584191 0.0341732 0.00137077 0.0199696 -0.0119345 -0.0772344 0.00273875 -0.010723 0.00840662 -0.113611 -0.00231604 0.0408188 -0.0605636 -0.000294984 -0.0152617 -0.0110965 -0.00868427 -0.0428449 -0.0219772
internal_weight=9538.92 9453.13 85.7894 24.9393 9428.2 9346.53 24.1293 81.6676 26.0466 9322.4 285.105 9037.29 230.513 138.503 126.715 266.643 48.9227 217.72 185.999 156.838 29.1605 10.8785 106.574 17.185 8806.78 773.328 746.542 738.142 188.087 162.238
internal_count=68371 67833 538 264 67569 66873 288 696 445 66585 2416 64169 1104 939 850 2219 410 1809 1739 1524 215 55 364 120 63065 6983 6440 6337 3597 3339
is_linear=0
shrinkage=0.1


Tree=71
num_leaves=31
num_cat=0
split_feature=11 1 13 1 19 15 11 4 3 3 1 12 5 17 8 14 13 3 17 0 6 13 9 13 12 14 6 19 13 14
split_gain=10.1512 10.7712 13.9256 15.9412 16.6201 12.6658 26.1669 18.8847 16.2514 16.5337 11.0422 18.0287 18.1035 20.966 34.9484 24.5493 17.0414 33.3474 27.7593 30.1127 15.9176 16.7725 12.7684 40.3101 34.6462 35.3417 53.9056 72.9583 37.5617 32.132
threshold=3.8339448948931938e-08 0.70932940906339481 3.4120417833328252 0.66443913638630547 7.5802843570709237 0.00011453578918008135 1.5283053045322962e-08 1.2935955441692841e-10 0.095092274331711607 0.070401161924829675 0.58810627774938207 0.090220399200916304 0.024320675964219635 0.043124112215909095 6.0943804397528991e-12 0.0061873246449977168 2.8601604700088505 0.12119844361450997 0.10633433948863637 4.5768600943591935e-09 1.5161839636373469e-11 1.7787700295448305 0.005311860299307432 1.9231671690940859 0.13290183246135714 0.006139797857031227 2.6170533764286037e-11 0.47825521230697637 1.1384180784225466 0.0074093556031584748
decision_type=2 2 2 2 2 2 2 2 2 2 2 2 2 2 2 2 2 2 2 2 2 2 2 2 2 2 2 2 2 2
left_child=1 2 5 4 -4 6 10 -8 9 -7 16 -12 20 14 -14 -16 22 18 -18 -20 21 -13 23 24 25 28 27 -27 -1 -25
right_child=-2 -3 3 -5 -6 8 7 -9 -10 -11 11 12 13 -15 15 -17 17 -19 19 -21 -22 -23 -24 29 -26 26 -28 -29 -30 -31
leaf_value=-0.084198374532360454 -0.14469888203968878 0.057436894994664291 -0.13989780636872073 0.022248893750078349 0.1441805366383391 0.050972908255484006 0.12804279810188235 -0.142764739566619 0.071909691424649522 -0.10869424730671756 -0.11262297552286293 0.15371648134320196 0.08728782600094763 0.05240169749578856 0.042444937490281859 -0.18167732568449554 -0.14517618709894786 0.066871033800297977 -0.15707212240394131 0.05010597036821577 0.048295763498987558 -0.14507783397485877 0.0017192358452954506 -0.11878782682668046 -0.025661224809951234 -0.11999223027886947 0.022924521340389178 0.049696509986319345 0.016920697038448167 0.054677540113627181
leaf_weight=38.22553015302401 4.8504582472378379 32.543184051057324 20.982897436246279 14.264561446383594 2.2836164159234604 13.686805990524592 2.9609349444508579 19.759615342132747 52.7118168361485 12.326106195338069 9.8007757468149048 2.4301335811614981 10.42174871265888 23.450121328234673 6.4132373696193126 20.540585593320429 32.579587699845433 20.307130176573992 10.208542522042988 22.430019043385983 176.05784971313551 8.2789044454693776 7166.8647774797864 53.256813950836658 546.52964302990586 93.243335383012891 104.44489553151652 34.792154397815466 942.0268791639246 13.356690302491186
leaf_count=2158 268 262 239 68 2 79 5 281 206 193 367 1 14 62 36 197 447 44 119 74 564 98 46542 749 5381 770 330 105 8665 45
internal_value=-6.92616e-05 4.52689e-06 -0.00019274 -0.0609851 -0.112015 4.90295e-05 -0.000286981 -0.107473 0.0399921 -0.0246847 -2.61175e-05 0.0203987 0.0256643 -0.0217183 -0.0682226 -0.128351 -0.000605216 -0.0450325 -0.0798762 -0.0146943 0.0410957 -0.0772743 -0.000182691 -0.00764807 -0.00475681 0.00466397 -0.03039 -0.0738813 0.0129775 -0.0840062
internal_weight=9512.03 9507.18 9474.64 37.5311 23.2665 9437.1 9358.38 22.7206 78.7247 26.0129 9335.66 257.393 247.593 60.8257 37.3756 26.9538 9078.27 85.5253 65.2181 32.6386 186.767 10.709 8992.74 1825.88 1759.26 1212.73 232.48 128.035 980.252 66.6135
internal_count=68371 68103 67841 309 241 67532 67054 286 478 272 66768 1339 972 309 247 233 65429 684 640 193 663 99 64745 18203 17409 12028 1205 875 10823 794
is_linear=0
shrinkage=0.1


Tree=72
num_leaves=31
num_cat=0
split_feature=1 13 17 9 7 13 11 2 19 8 6 7 17 17 0 10 6 3 0 19 12 18 8 3 19 6 5 1 14 7
split_gain=10.309 39.1887 36.1512 32.1103 41.4708 30.6192 36.8536 28.5135 28.1944 28.139 34.6915 27.9962 27.0568 29.9618 26.7532 26.3954 26.3421 25.9502 24.9168 26.8266 24.8453 40.9865 27.3529 25.4015 24.3731 40.4796 28.9739 47.8945 35.8631 151.76
threshold=0.4110797192224076 2.4053634405136113 0.12648703835227273 0.11058820669794477 0.0483803706042812 1.4987584352493288 2.4253572483701195e-09 2.7212071576703162e-10 2.5790483951568608 6.1981604560483816e-12 1.2669578161237942e-11 0.047540894070368205 0.12155983664772728 0.10549094460227275 1.0506788387158992e-09 2.7293137311935429 9.1509159227399854e-10 0.070136760260849543 3.0819572443350411e-09 2.3202464580535893 0.45880670845508581 0.50644345915961009 8.0434752491239584e-10 0.077547723016118522 2.1571617126464848 2.0562958687205177e-11 0.017440427849265031 0.33593152506426488 0.007224730448797346 0.06704897019079803
decision_type=2 2 2 2 2 2 2 2 2 2 2 2 2 2 2 2 2 2 2 2 2 2 2 2 2 2 2 2 2 2
left_child=1 18 5 4 7 14 -7 11 16 -8 -11 -3 13 -9 -2 -14 -4 -5 24 20 21 22 23 -20 26 -26 27 -1 -28 -30
right_child=2 3 8 17 -6 6 9 12 -10 10 -12 -13 15 -15 -16 -17 -18 -19 19 -21 -22 -23 -24 -25 25 -27 28 -29 29 -31
leaf_value=-0.014154065343099704 0.10720263387002862 -0.13960806623409239 0.089597443807043792 -0.15997807772425787 -0.15194086311574473 0.063557173146685311 0.063350341424614459 -0.092754740486833798 -0.026518942366872439 -0.13752274394970479 -0.0005761437824423133 0.18927950173943398 -0.16004107169639339 0.14078650225199035 -0.11783277666533175 0.18441739918431166 -0.021808261173891952 0.064156471985889391 -0.17544228887179028 -0.086725676559062437 0.050495878669490415 0.13331147045195668 -0.18335929713480315 0.022283569226478114 -0.076092836073956338 0.011697742009615653 0.0089483712389204009 -0.11648853093425221 -0.058382209033744359 0.005858177891225589
leaf_weight=881.95634776749648 6.2336681825108817 25.816449939273301 117.02686997503042 6.1588697694241992 45.680452807806432 98.229220413602889 68.324911780189723 7.4730274300090995 39.013974105939269 18.71860911976546 1568.1791593630332 2.8766308203339568 11.160374511033295 20.737366441637278 34.638092440203764 2.7784495279192916 25.926479633431882 32.031157948076725 8.8605773355811817 68.655398620234337 44.443999761715531 10.412437126971779 18.059045604430139 24.359939118847251 53.936901113251224 2002.0467225041357 2176.755469459109 48.235536098945886 483.90022854926065 1531.9215460640844
leaf_count=11839 18 339 212 57 394 335 211 103 254 231 9121 3 106 69 2124 2 137 82 91 573 126 11 173 93 821 10566 14331 1323 6773 7853
internal_value=-6.77316e-05 -0.00175917 0.00635832 -0.0515668 -0.0776481 0.00205125 0.00404565 -0.0297427 0.048829 0.000513934 -0.00219153 -0.106635 0.022602 0.0789206 -0.0835109 -0.0913796 0.0693925 0.0280105 -0.000711257 -0.0380158 -0.00650723 -0.0475733 -0.0843023 -0.0304539 0.000197051 0.00939463 -0.00349433 -0.0194607 4.80661e-05 -0.0095628
internal_weight=9484.55 7508.26 1976.29 154.713 116.523 1794.32 1753.45 70.8423 181.967 1655.22 1586.9 28.6931 42.1492 28.2104 40.8718 13.9388 142.953 38.19 7353.54 174.791 106.136 61.692 51.2796 33.2205 7178.75 2055.98 5122.77 930.192 4192.58 2015.82
internal_count=68371 55728 12643 1155 1016 12040 9898 622 603 9563 9352 342 280 172 2142 108 349 139 54573 1067 494 368 357 184 53506 11387 42119 13162 28957 14626
is_linear=0
shrinkage=0.1


Tree=73
num_leaves=31
num_cat=0
split_feature=8 10 10 1 15 11 3 4 17 8 4 7 6 5 8 14 17 12 7 17 14 7 8 14 14 9 1 8 13 14
split_gain=9.74538 82.1061 70.5378 76.7341 59.4124 41.6766 40.7073 52.3892 77.4526 44.0693 39.8055 62.4292 32.4103 32.1238 30.9169 63.5318 68.8184 41.1664 32.9345 35.0965 35.0578 30.7706 71.7688 30.5185 40.4188 51.0832 87.7562 58.3316 53.7909 52.56
threshold=1.9618298110937553e-10 2.7126486301422124 2.8397462368011479 0.18664342054693264 6.523329648189248e-05 2.084477368491378e-09 0.070136760260849543 6.115253584573081e-11 0.062522194602272749 7.8289838888894928e-12 5.5039278581796309e-11 0.082186694444693328 2.9398659335408606e-10 0.010069602065317956 6.7643417822039273e-12 0.006279214285314084 0.072199041193181837 0.10796937718987466 0.054734257149117137 0.12693093039772732 0.0121117290109396 0.089998405995099937 1.439758639938825e-10 0.0121117290109396 0.0075594717636704454 0.0061949011891265816 0.29836626312387476 1.3763046873415629e-11 1.8877900242805483 0.0060456166975200185
decision_type=2 2 2 2 2 2 2 2 2 2 2 2 2 2 2 2 2 2 2 2 2 2 2 2 2 2 2 2 2 2
left_child=1 6 3 -2 -5 10 21 8 9 -8 -4 -12 -6 -10 15 16 -9 -17 19 23 -20 22 -1 24 25 -16 27 29 -28 -27
right_child=2 -3 5 4 12 -7 7 14 13 -11 11 -13 -14 -15 18 17 -18 -19 20 -21 -22 -23 -24 -25 -26 26 28 -29 -30 -31
leaf_value=0.0075748097146691 0.033503689538826091 0.046579069318316457 0.012954633964984011 -0.11430894045122364 0.03761791603509846 0.0035152422844600762 -0.050762723663018441 0.070006229659855923 0.091286033270411487 0.044536753060037383 0.062387281022238894 -0.1642379608958569 -0.080344663472521005 -0.060608022458237147 -0.014270185191503275 0.039198627416056994 -0.10652967505128014 -0.15902028325773596 0.061082694237547155 -0.13423150343528212 -0.18074900458052076 0.07197315384805969 -0.080469741903772485 0.073578105738559094 -0.046920421466881891 -0.029518865853658038 0.1221511397664819 -0.10359611856884275 -0.043803501632423969 0.11072151455238084
leaf_weight=3290.4220915470505 85.852670761756599 389.60527123138309 45.368086757138371 154.65741954557598 53.488061160780489 2424.2770994832972 70.4384168186225 203.45153707533609 14.352519110776482 155.96627163141966 16.091702952980995 49.692638352513313 41.256347991060466 465.67972768121399 1017.5471287296386 17.333896027877927 24.77052941173315 26.487816272303462 101.88553089462221 22.462986320722848 6.3693180643022052 70.228860572911799 95.263310606591403 44.203288919990882 257.3227620664984 69.662283096462488 110.43746333755553 52.121337283402681 23.727550864219666 43.35775738209486
leaf_count=26755 434 1244 232 1452 287 11454 2912 1534 47 919 54 443 439 7640 5453 64 180 210 364 379 58 225 837 232 2829 399 208 788 217 82
internal_value=-6.91967e-05 0.00205373 -0.00493012 -0.048038 -0.0761075 0.000769948 -0.000751697 -0.00988467 -0.0333266 0.0148874 -0.059106 -0.108802 -0.0137488 -0.0560665 -0.00169115 0.0296696 0.0508456 -0.0806138 -0.00656882 -0.0100934 0.0468542 0.0064565 0.00509749 -0.00837038 -0.0106715 -0.00358822 0.0327271 -0.0160788 0.0928015 0.0242814
internal_weight=9443.78 6573.1 2870.68 335.254 249.402 2535.43 6183.49 2727.58 706.437 226.405 111.152 65.7843 94.7444 480.032 2021.14 272.044 228.222 43.8217 1749.1 1640.84 108.255 3455.91 3385.69 1618.38 1574.18 1316.85 299.306 165.141 134.165 113.02
internal_count=68371 53576 14795 2612 2178 12183 52332 24515 11518 3831 729 497 726 7687 12997 1988 1714 274 11009 10587 422 27817 27592 10208 9976 7147 1694 1269 425 481
is_linear=0
shrinkage=0.1


Tree=74
num_leaves=31
num_cat=0
split_feature=4 10 2 17 6 4 13 11 3 3 3 17 5 0 5 9 14 3 5 19 8 19 13 10 9 4 1 0 14 19
split_gain=9.96479 34.3864 29.0397 45.1994 38.4995 46.6322 28.5189 27.71 24.9075 27.8978 20.1029 76.661 61.0835 36.5534 31.1032 35.1784 41.0564 27.7761 30.5995 30.8699 27.7236 24.9468 35.4301 24.2624 22.7857 21.5437 32.552 28.0486 25.9664 21.5352
threshold=1.2577556688272485e-11 1.5581914782524111 1.0439389687690291e-10 0.17198597301136367 3.8958320620990432e-11 9.2334639388169184e-12 1.325234115123749 1.932772622503798e-10 0.027696722576252792 0.030919229844489648 0.027696722576252792 0.059281782670454551 0.028828666121223992 1.3357231265656076e-10 0.016461185992453425 0.0069783050847030239 0.0038763281190767889 0.030230304501666427 0.020536847089353261 0.058880930766463287 1.2125704097769121e-12 2.9776717424392705 1.4987584352493288 1.712675988674164 0.027219005179430222 2.03508815332466e-11 0.27076019376176613 5.9460056551736604e-10 0.0032877254998311405 1.8236078023910525
decision_type=2 2 2 2 2 2 2 2 2 2 2 2 2 2 2 2 2 2 2 2 2 2 2 2 2 2 2 2 2 2
left_child=1 2 3 6 -5 -6 7 -1 -8 -10 11 -2 14 17 23 16 -16 -12 -19 -20 -15 -17 -23 24 25 26 27 28 -13 -25
right_child=10 -3 -4 4 5 -7 8 -9 9 -11 13 12 -14 20 15 21 -18 18 19 -21 -22 22 -24 29 -26 -27 -28 -29 -30 -31
leaf_value=-0.13298239547980334 -0.1791498462338241 -0.15720180380203172 0.091741705728213746 0.064543363461516387 -0.096464245807408297 0.04381170902985107 -0.11180992653607374 0.090009235058624223 0.066023420013595541 -0.17277029998372037 0.05550437747922763 0.040806254047315818 -0.070487561824317271 0.053470643208573226 0.059207013450874903 0.10939343551781595 -0.10025871642893576 -0.11543508034003175 0.13082890245417186 -0.047704259352421757 -0.00029867465183015216 0.12109499669586893 -0.18728818030625319 -0.15953487814217357 0.080514599469050652 0.1003249995142735 -0.17540538279696163 0.076538635118445969 -0.10065706917483036 -0.0094092224788295681
leaf_weight=7.7008402962237623 18.722116160206497 16.557213552296162 26.093337698839605 83.416091495193541 48.972627263516188 45.919261116534472 82.055337458034046 20.164137745741755 18.311386166373271 6.6761661176569751 22.679001221898943 22.89519707672298 57.12996675632894 97.019176935777068 53.951939184218645 128.99776698555797 23.040114858187735 63.292257764609531 11.311995072755961 67.334098487393931 8250.497156074096 7.7489841505885106 7.1753034144639969 12.902433905750511 60.517627391964197 19.771453026682138 11.095611298456786 34.517247650772333 29.948165515204892 36.831736512482166
leaf_count=641 197 196 72 260 761 109 2289 170 147 215 341 165 1689 266 334 237 425 1590 56 1246 55872 6 67 158 101 48 113 68 362 170
internal_value=-6.87309e-05 -0.0164823 -0.00961567 -0.0180595 0.0149833 -0.0285831 -0.0617324 0.0283827 -0.0851908 0.00222259 0.00057759 0.0195642 0.026909 -0.000593986 0.0392907 0.0660455 0.0114864 -0.0472584 -0.0636779 -0.0220251 0.00032626 0.0952323 -0.0271696 0.0134219 0.030611 0.00506664 -0.0140626 0.00642939 -0.0393659 -0.048356
internal_weight=9393.25 355.866 339.309 313.216 178.308 94.8919 134.908 27.865 107.043 24.9876 9037.38 525.246 506.524 8512.13 449.394 220.914 76.9921 164.617 141.938 78.6461 8347.52 143.922 14.9243 228.479 178.745 118.228 98.4562 87.3606 52.8434 49.7342
internal_count=68371 4860 4664 4592 1130 870 3462 811 2651 362 63511 4140 3943 59371 2254 1069 759 3233 2892 1302 56138 310 73 1185 857 756 708 595 527 328
is_linear=0
shrinkage=0.1


Tree=75
num_leaves=31
num_cat=0
split_feature=17 19 9 9 9 12 19 17 8 14 3 15 3 14 10 13 0 2 12 19 13 4 8 5 1 7 13 10 14 11
split_gain=9.64768 9.01566 12.132 12.6107 10.4756 47.9131 50.5658 33.2638 36.5235 31.2465 35.5581 56.9364 28.0933 32.1819 25.1191 22.0412 24.7274 20.8793 21.0881 43.1702 24.4926 20.6141 19.6753 21.5921 18.981 38.3813 38.3665 49.3018 37.5117 29.8507
threshold=0.33407315340909094 -0.17555347830057141 0.0064777391043755244 0.0038837223665465531 0.0029863101251594022 0.11915531381964685 2.8911297321319585 0.062522194602272749 8.4423519707867477e-12 0.0065258210524916658 0.029004233703688799 1.7871378986455969e-05 0.061977505715382651 0.0068460244219750175 2.2947791814804082 1.1384180784225466 2.0315813774397535e-10 6.4961200406419747e-10 0.11336236447095872 0.13266977667808535 1.7583099603652956 2.1845646080549205e-10 2.1940372402352046e-12 0.067911615715611079 0.50962692531944365 0.0064124339253833268 2.4269921779632573 2.3136837482452397 0.0056812698021531114 3.602642406619339e-09
decision_type=2 2 2 2 2 2 2 2 2 2 2 2 2 2 2 2 2 2 2 2 2 2 2 2 2 2 2 2 2 2
left_child=1 2 3 -1 5 7 22 8 9 10 11 -3 -10 -14 -11 16 -12 18 -17 -20 -21 -15 -7 -24 -6 29 28 -28 -27 -26
right_child=-2 4 -4 -5 24 6 -8 -9 12 14 15 -13 13 21 -16 17 -18 -19 19 20 -22 -23 23 -25 25 26 27 -29 -30 -31
leaf_value=0.021270861742100945 -0.10303437224708829 0.13286201948922549 0.086566857927380447 -0.12442214551164883 -0.00044199070948275479 0.17156972852439936 0.11570911973132468 -0.077767793637907395 0.12005060004990803 -0.18182252805120569 0.087228068300628486 -0.17245875808040356 -0.094944569616190522 0.04414582239500154 -0.012132963469383532 0.054629078583025396 -0.13081020865539406 -0.11560999804741737 -0.19424093712541576 0.08286258027822542 -0.13701122969514393 -0.1827059316287282 -0.12414419950999594 0.036799447316611965 -0.16263566443709776 -0.12854158994055781 -0.16936673126184817 0.018245428556592072 0.084748576769446471 -0.00088566269541820442
leaf_weight=70.129405410261825 9.0909234318532963 8.7754087690264004 27.297584448009729 6.4909070526482529 8055.7294907838805 2.5990312099456778 12.353813470341263 52.106065610656515 9.7803660305216891 12.592708945274351 7.7878742739558247 20.091226930730045 74.638952886220068 34.093023806810379 28.392166453413665 304.31325926887803 15.660623687435871 8.2398604686604795 10.710573698393999 24.997802097350363 6.3540379069745532 4.539020348340272 80.684535200125538 9.2962435865774733 18.778451810590923 8.778983043972401 14.825135900638996 253.76599965174682 135.73150079883635 29.074935283511877
leaf_count=353 1451 11 100 87 53929 1 27 2197 19 132 15 219 830 119 139 2651 1765 533 116 57 93 44 1023 32 215 195 199 1295 334 190
internal_value=-6.77761e-05 3.23524e-05 0.0293228 0.00892845 -0.000296897 -0.0118105 -0.0743237 -0.00128248 0.00569752 0.0189539 0.0273361 -0.0796418 -0.0425567 -0.0565971 -0.0642705 0.0355042 -0.0583939 0.0417131 0.0454556 -0.0209124 0.038301 0.0174922 -0.0996816 -0.107517 0.000687288 0.0204228 0.0302438 0.00789 0.0717912 -0.064359
internal_weight=9357.7 9348.61 103.918 76.6203 9244.69 728.007 104.934 623.073 570.967 447.916 406.931 28.8666 123.051 113.271 40.9849 378.064 23.4485 354.616 346.376 42.0624 31.3518 38.632 92.5798 89.9808 8516.68 460.955 413.102 268.591 144.51 47.8534
internal_count=68371 66920 540 440 66380 10023 1083 8940 6743 5731 5460 230 1012 993 271 5230 1780 3450 2917 266 150 163 1056 1055 56357 2428 2023 1494 529 405
is_linear=0
shrinkage=0.1


Tree=76
num_leaves=31
num_cat=0
split_feature=8 7 12 17 12 13 12 13 12 12 19 14 13 13 13 12 14 17 9 12 7 14 13 9 17 7 17 13 14 8
split_gain=8.83646 44.1236 38.0691 29.9372 32.514 46.9405 34.7127 160.23 72.6025 67.3666 39.6078 37.8313 35.1009 31.3119 30.7777 49.5721 30.7117 28.2532 27.6736 38.2209 66.7827 44.9421 34.7721 27.7076 27.2698 27.2435 63.4418 51.4333 51.8731 44.8042
threshold=9.6163652047615862e-12 0.028862887059984726 0.15572146326303485 0.11503462357954546 0.17006406188011172 1.2153792977333071 0.1378319710493088 1.3798159360885622 0.15287480503320697 0.141849160194397 0.87119895219802868 0.0054303654469549665 1.1649155616760256 1.1649155616760256 1.325234115123749 0.16174306720495227 0.0040961706545203933 0.081964666193181837 0.0068659033732054418 0.14861738681793216 0.026104907209765934 0.0070512066595256337 1.9085313677787783 0.0061949011891265816 0.10509144176136366 0.015027902886263862 0.11028497869318184 1.3097193241119387 0.0045490507036447534 2.1756984589857527e-11
decision_type=2 2 2 2 2 2 2 2 2 2 2 2 2 2 2 2 2 2 2 2 2 2 2 2 2 2 2 2 2 2
left_child=1 3 -3 4 6 24 13 9 16 10 -8 -10 17 -1 -14 -16 -9 -11 19 20 21 22 -2 -21 -6 26 29 28 -27 -20
right_child=18 2 -4 -5 5 -7 7 8 11 12 -12 -13 14 -15 15 -17 -18 -19 25 23 -22 -23 -24 -25 -26 27 -28 -29 -30 -31
leaf_value=-0.058301377039726709 -0.027760620737119841 0.076359823720420564 -0.096966396148638861 -0.05089103857430808 -0.1573643845131257 0.076295176801032802 0.051843146400016499 0.16917547693835264 -0.13072808219659338 0.089398336081757512 -0.24792304091124884 0.099153437296694041 -0.16063553754614465 0.011991760976444138 -0.15977036073574757 0.057959004456281521 -0.057811862681650152 -0.16942733817780706 0.057474274349361289 -0.12204451423097958 0.067329767445418867 0.035565937674841321 -0.11555971790233832 -0.031746635840477037 0.02057115158451079 0.023503802285170815 -0.063161333994308608 0.00025651845018931981 -0.088455203488135709 -0.038295363150430937
leaf_weight=66.702771500335075 323.5994296935387 128.63411565916613 14.05671971477568 102.56688009714708 14.850043054670094 125.4111747816205 42.247772918781266 6.5214523449540129 7.6157513154903418 13.758863072842361 4.9211622034199527 119.32535040099174 104.86437452095561 1268.3185725274961 22.684005863033235 19.399941619485617 69.328523771371692 6.0816874001175156 297.76192180300131 55.31979093933478 95.812866870313883 99.542325678281486 52.413938696030527 88.098131392616779 20.507279501762241 60.881456207484007 68.749538556206971 5843.4338519862213 129.21509370359126 58.436774449422956
leaf_count=2768 2238 244 122 2714 115 318 216 4 159 21 62 216 1584 9667 430 73 829 65 1701 547 203 427 704 609 75 326 1298 37252 2782 602
internal_value=-6.36435e-05 0.00554718 0.0592852 0.00174197 0.0045646 0.0476042 0.000614648 -0.0245802 0.0391101 -0.0849465 0.0205684 0.0853618 -0.114787 0.00847965 -0.131643 -0.059401 -0.0382959 0.010061 -0.00175144 -0.0204217 -0.00883648 -0.0241821 -0.0399993 -0.0665767 -0.0541616 0.000314877 0.0247877 -0.00140877 -0.0525985 0.0417626
internal_weight=9331.06 2157.8 142.691 2015.11 1912.54 160.768 1751.77 416.749 202.791 213.958 47.1689 126.941 166.789 1335.02 146.948 42.0839 75.85 19.8406 7173.27 714.786 571.369 475.556 376.013 143.418 35.3573 6458.48 424.948 6033.53 190.097 356.199
internal_count=68371 19682 366 19316 16602 508 16094 3659 1208 2451 278 375 2173 12435 2087 503 833 86 48689 4728 3572 3369 2942 1156 190 43961 3601 40360 3108 2303
is_linear=0
shrinkage=0.1


Tree=77
num_leaves=31
num_cat=0
split_feature=2 15 9 5 3 5 17 6 4 19 1 18 18 6 4 3 17 18 1 17 12 13 17 0 19 1 3 3 7 5
split_gain=8.89339 28.5152 28.2454 19.8432 19.0355 23.4086 19.05 20.6011 17.7122 14.8202 13.3546 13.3397 13.2519 12.8741 27.9374 18.4462 16.3162 32.7808 23.2666 21.6612 13.2189 11.7131 47.9575 44.3075 36.9573 35.4555 34.1463 32.8614 31.638 37.6633
threshold=2.5863317751261249e-11 1.5489404177060354e-05 0.002864323250523449 0.028828666121223992 0.011154955965416579 0.0094271987875665861 0.20421253551136367 3.8404749542662509e-11 6.7207327574660621e-12 0.2475017383694649 0.070033666262713387 0.10643793566321787 0.72991853048601618 3.8958320620990432e-11 1.076214582675008e-11 0.017403182072856353 0.17593661221590912 0.38094056583940988 0.058014409941785854 0.11268199573863637 0.28929373621940618 1.622332036495209 0.044367009943181823 6.5612295938864576e-10 2.5122696161270146 0.15992081412341438 0.08027610266925643 0.034524545929565532 0.0053362096208951146 0.021402814289732282
decision_type=2 2 2 2 2 2 2 2 2 2 2 2 2 2 2 2 2 2 2 2 2 2 2 2 2 2 2 2 2 2
left_child=2 -2 -1 4 5 6 -4 -8 12 11 -10 -6 -3 16 15 -15 17 18 19 -11 -16 22 26 24 -23 -26 27 -12 -24 -30
right_child=1 8 3 -5 9 -7 7 -9 10 13 21 -13 -14 14 20 -17 -18 -19 -20 -21 -22 23 28 -25 25 -27 -28 -29 29 -31
leaf_value=-0.11043852955692422 -0.092694324468887521 -0.13391635721443684 -0.11993221905125132 -0.11548463719456731 -0.13162743650956696 0.051023178928112506 0.17667273247534768 -0.067439701952643968 -0.072698846099355494 0.078187897559419628 -0.1378618332848337 0.047141976564624197 0.073672065876738801 -0.17433275468830045 0.095357941511024849 0.10965586950776476 0.11753136308947904 -0.16409975065745538 0.085768927805946291 -0.11296568211742693 -0.046506625963606073 -0.047773877796760816 0.091092405095960796 0.00039234556845142731 -0.078211641980829819 0.023252286149569965 -0.11743945663986438 0.041250966305737602 -0.013755271813436405 0.011244955948373939
leaf_weight=16.563158171135001 33.520209608715959 16.154975272831511 25.06556610763073 9.8845615340396744 8.8108432391891274 29.217423655092716 5.4951341301202765 9.3212814675644022 25.25122665631352 10.769469588994982 13.782385839615015 7.9316252666758364 3.7981840462889513 10.861804851330815 23.361029282212257 2.8972965702414504 42.722762875258923 7.0401560850441447 77.236113878549077 13.186944642104207 9.1372419111430627 373.20999948307872 43.764769919449463 4733.0158179212594 42.629319866187871 179.27125684265047 53.87620527879335 39.888101117103361 781.36893338069785 2633.8929501497478
leaf_count=1592 1087 399 490 573 282 83 6 173 1055 33 142 74 29 134 30 4 54 127 356 239 70 3632 218 25722 318 998 3773 714 10030 15934
internal_value=-5.92523e-05 -0.000634089 0.016607 0.0237903 0.028654 -0.0169783 -0.0667959 0.0230971 -0.000288908 0.0433914 -7.8388e-05 -0.0469367 -0.0944009 0.0510599 0.00490418 -0.114532 0.0652034 0.0445479 0.0590639 -0.0270337 0.0554712 0.000127775 0.00456317 -0.00284122 -0.0285583 0.00376005 -0.0611998 -0.00474455 0.00660784 0.00552522
internal_weight=9282.93 8973.42 309.502 292.939 283.055 69.0994 39.882 14.8164 8939.9 213.955 8919.95 16.7425 19.9532 197.213 46.2574 13.7591 150.955 108.233 101.193 23.9564 32.4983 8894.7 3566.57 5328.13 595.111 221.901 107.547 53.6705 3459.03 3415.26
internal_count=68371 64051 4320 2728 2155 752 669 179 62964 1403 62536 356 428 1047 238 138 809 755 628 272 100 61481 30811 30670 4948 1316 4629 856 26182 25964
is_linear=0
shrinkage=0.1


Tree=78
num_leaves=31
num_cat=0
split_feature=17 12 4 1 18 13 5 12 8 13 10 9 5 11 19 11 18 19 4 7 15 5 5 3 2 11 4 6 4 10
split_gain=8.9955 37.6287 55.9034 26.9696 25.9187 27.9415 25.1543 27.3528 24.7705 23.3489 30.8355 26.8242 36.3231 26.4239 27.4604 33.2202 22.1638 20.9872 48.0112 37.2487 60.7183 99.0513 48.4702 74.4279 48.4785 45.6266 37.4508 46.4065 52.0558 44.4009
threshold=0.1580033735795455 0.37349452078342443 8.935487722509638e-11 0.5243436299745815 -0.16437433389100159 2.7277351617813115 0.028641871388539231 0.38264209032058721 2.1756984589857527e-11 1.8735244870185854 3.5548145771026616 0.10292712406217698 0.037034210468792843 4.6477934834143761e-09 1.8672916293144228 5.6828937111674813e-09 0.054736025885424838 2.0085911750793461 2.89287509666866e-10 0.045995098342220792 3.7115674786036841e-05 0.024874455281451321 0.015082198721512043 0.099625569159693741 6.7017817303799792e-11 1.2638269319964481e-09 5.3630628250048874e-11 4.2628694121003092e-10 1.3494266978442379e-10 2.9182711839675908
decision_type=2 2 2 2 2 2 2 2 2 2 2 2 2 2 2 2 2 2 2 2 2 2 2 2 2 2 2 2 2 2
left_child=1 17 3 -3 5 -4 7 -6 -2 10 -8 12 -11 -13 -15 -16 -14 -1 19 22 21 -21 25 24 -24 -19 -22 28 29 -28
right_child=8 2 4 -5 6 -7 9 -9 -10 11 -12 13 16 14 15 -17 -18 18 -20 20 26 -23 23 -25 -26 -27 27 -29 -30 -31
leaf_value=-0.0023004225997156689 -0.12486531779487797 -0.11575980571052172 -0.17382081269505728 0.1317606557098526 -0.17356329656428313 0.077501564549899926 0.0001175571503616222 -0.026891173140885516 0.0094011409814578027 -0.14374218450778922 -0.19513575738745212 0.10292645963941285 -0.1357395232636236 0.05851784526013043 -0.2552582782649217 -0.0045218460250590628 0.04912959786964171 -0.059020151645677449 -0.082592525469796257 -0.13911104070515573 -0.091346835537672408 0.12369031791376497 0.026464419500554354 0.049311820874719026 -0.059523043820373614 0.037687493537183564 0.021761855856388554 -0.016004920811369873 -0.066831448106726199 0.089943033755959745
leaf_weight=5596.1558826720575 13.89692502398975 77.4578633219935 18.579262125305835 4.6672712601721278 13.696513414382933 5.8061675773933521 23.015842467546463 177.37160254921764 1220.0166959358903 22.066668014973402 12.47071244008839 44.057771600782871 7.985504336655139 85.77633005939424 5.5919153764843932 95.978686386719346 34.515039847232401 56.368691436713561 54.153752779588103 16.383318038657308 30.649042220786214 115.09709844738245 82.752925754990429 116.13574623432942 315.69216706836596 362.67737987393048 213.86934080906212 215.73884214647114 40.591925773769617 172.59144810959697
leaf_count=46157 340 700 196 4 119 19 84 1027 7263 143 113 57 63 184 47 490 91 759 462 220 284 225 429 662 4121 1639 986 955 214 318
internal_value=-5.95674e-05 -0.00128281 -0.0247618 -0.101693 -0.0132097 -0.113981 -0.00850693 -0.0374052 0.00788897 0.00815139 -0.0684985 0.0173416 -0.0396509 0.0332438 0.0168568 -0.018326 0.0143942 0.000716038 0.0101323 0.0130206 0.0287848 0.0909436 -0.000570434 -0.0211319 -0.0416643 0.0246787 0.0166491 0.0217985 0.0408961 0.0522112
internal_weight=9251.81 8017.89 629.037 82.1251 546.912 24.3854 522.527 191.068 1233.91 331.458 35.4866 295.972 64.5672 231.405 187.347 101.571 42.5005 7388.86 1792.7 1738.55 804.921 131.48 933.627 514.581 398.445 419.046 673.441 642.792 427.053 386.461
internal_count=68371 60768 3337 704 2633 215 2418 1146 7603 1272 197 1075 297 778 721 537 154 57431 11274 10812 3202 445 7610 5212 4550 2398 2757 2473 1518 1304
is_linear=0
shrinkage=0.1


Tree=79
num_leaves=31
num_cat=0
split_feature=17 17 12 4 19 18 4 19 17 5 9 12 5 9 5 17 19 2 19 1 8 19 1 7 6 14 5 8 1 0
split_gain=8.84671 8.63662 30.9169 47.6187 25.6816 31.7023 29.4135 28.727 26.7129 29.4693 29.1377 28.472 30.3796 26.1929 28.6472 38.5519 26.9105 23.66 24.3871 22.7528 22.0544 22.4706 43.2143 32.8698 29.8347 90.6817 45.7511 45.2493 38.5866 42.0697
threshold=0.33407315340909094 0.1580033735795455 0.37349452078342443 8.935487722509638e-11 0.29471169412136083 0.021212277351878587 4.5115970742684721e-10 2.5122696161270146 0.11689897017045457 0.024732569683661179 0.15735552123707164 0.45880670845508581 0.018695470184538997 0.12249946374544661 0.039268010129356427 0.14144620028409094 2.5790483951568608 4.1809562030915474e-10 9.5757465362548846 0.5243436299745815 2.1756984589857527e-11 1.066602408885956 0.20821553061527984 0.13328986760715014 2.7262062254274365e-10 0.011009523645043375 0.0091174782307287729 4.1204563759203376e-11 0.30774380928088713 1.8884406727764425e-09
decision_type=2 2 2 2 2 2 2 2 2 2 2 2 2 2 2 2 2 2 2 2 2 2 2 2 2 2 2 2 2 2
left_child=1 2 -1 19 -5 6 7 -6 -7 11 13 12 -10 14 15 16 -11 -12 -19 -4 -3 22 -22 -24 25 26 -23 -28 -27 -30
right_child=-2 20 3 4 5 8 -8 -9 9 10 17 -13 -14 -15 -16 -17 -18 18 -20 -21 21 24 23 -25 -26 28 27 -29 29 -31
leaf_value=0.00064504753562665451 -0.10280295077188871 -0.12287361067906669 -0.10803737274538516 0.13984333815601124 -0.047206401804044548 -0.097593232228966056 0.038189526766645519 -0.1623528843904315 0.056773166767769494 0.025650229548352749 0.020504581560959152 0.035597510675631341 -0.14123947831019584 0.058777181451861629 0.052532900233763058 -0.19483656904091007 -0.1404967442860787 -0.19285462061078892 0.12208403913783411 0.12479222025821846 0.0035742101363936915 -0.023401871825458293 0.096290049543733214 -0.05745127585257831 0.022745519733192433 -0.10686674872063595 -0.17421606106444312 0.060231317094328475 0.079565086298666945 -0.13551313291298658
leaf_weight=7371.824009078322 8.3722809366299753 12.767854999750851 74.833664280362427 10.914735257625578 70.284775240346789 26.95056040212512 25.096822262741625 31.32206994574517 9.8522275388240796 46.678978258743882 16.500289313495159 23.863404672592878 36.279468521475792 145.75978640280664 52.811247121542692 13.776793351396917 12.321792084723709 15.78366367891431 2.9124031439423552 4.4465835988521567 214.62199833709747 171.76141944341362 111.45263512805104 15.888995133340357 359.30682773562148 117.37998200580478 8.6512191947549564 170.006861589849 26.710866630077362 13.789440475404261
leaf_count=57431 1451 340 700 19 367 197 164 367 40 139 55 115 299 380 126 107 90 165 3 4 1642 1094 156 88 1262 888 69 445 53 115
internal_value=-5.53264e-05 3.80294e-05 -0.00115925 -0.022599 -0.0119943 -0.0151201 -0.0587567 -0.0827023 -0.00141743 0.00546628 0.0188343 -0.053079 -0.0989504 0.0299379 -0.00353328 -0.0442179 -0.0090481 -0.0667701 -0.143795 -0.0949787 0.00786643 0.00924648 0.0309566 0.077107 0.000689509 -0.0149014 0.0134496 0.0488786 -0.0778274 0.00633581
internal_weight=9222.92 9214.55 7992.21 620.389 541.109 530.194 126.704 101.607 403.491 376.54 306.545 69.9951 46.1317 271.349 125.589 72.7776 59.0008 35.1964 18.6961 79.2802 1222.34 1209.57 341.964 127.342 867.607 508.3 350.42 178.658 157.88 40.5003
internal_count=68371 66920 60768 3337 2633 2614 898 734 1716 1519 1065 454 339 842 462 336 229 223 168 704 6152 5812 1886 244 3926 2664 1608 514 1056 168
is_linear=0
shrinkage=0.1


Tree=80
num_leaves=31
num_cat=0
split_feature=11 1 13 8 19 15 11 17 1 4 17 10 5 10 12 3 19 14 17 3 4 5 6 6 1 0 13 3 1 18
split_gain=8.70315 9.94862 23.2966 18.2819 14.3925 10.5909 22.6356 24.6828 32.4444 31.1552 21.1201 16.7825 18.3271 15.3743 14.9733 31.8476 28.5121 32.7829 30.0596 26.5195 39.0669 22.3975 22.8471 22.3388 17.9067 16.8116 21.9644 22.5457 21.8091 17.5306
threshold=3.8339448948931938e-08 0.66443913638630547 3.4120417833328252 7.8289838888894928e-12 7.5802843570709237 0.00011453578918008135 1.2158811291129725e-08 0.14029208096590912 0.34249412612131908 1.3297176495402524e-10 0.20421253551136367 4.6510958671569833 0.039268010129356427 2.9341343641281132 0.50350365042686474 0.10917122054640431 1.3302861452102663 0.028072081506252292 0.14610706676136367 0.053024776119995516 1.8281879260234268e-10 0.027025246390643035 3.2775014461043557e-10 1.891188777954599e-09 0.23924583044548522 4.8044319961020685e-09 2.8601604700088505 0.12119844361450997 0.60824546679676772 0.50644345915961009
decision_type=2 2 2 2 2 2 2 2 2 2 2 2 2 2 2 2 2 2 2 2 2 2 2 2 2 2 2 2 2 2
left_child=1 2 5 -3 -4 6 11 9 10 13 -9 14 -13 -8 23 16 -16 19 -19 -18 24 22 -20 25 -21 26 -1 28 -28 -27
right_child=-2 3 4 -5 -6 -7 7 8 -10 -11 -12 12 -14 -15 15 -17 17 18 21 20 -22 -23 -24 -25 -26 29 27 -29 -30 -31
leaf_value=0.00065668304386734978 -0.14088755813852752 -0.16745530936892086 -0.12821547801499786 0.047207186951065336 0.14059776893659323 0.038105757063807942 -0.10601547605634419 -0.16224884035329445 0.071369678132565104 -0.12275281384730181 0.055089654012448863 -0.065655416070762737 0.10437491985352217 0.11632886556746427 -0.15384232067042111 0.091194300280291948 -0.1539719865872865 -0.16215966867316273 0.16429359911269717 -0.11694801622522291 -0.1953350915203067 0.050329368424035417 -0.16189172905190302 -0.16314899016027762 0.040768349226092994 0.025230116856456299 -0.13467718155747704 0.067922041059353108 0.030583353987990686 0.15223630048925069
leaf_weight=8462.9356587050715 4.385610790399368 4.1935408748686305 20.315788162872199 73.577226252062246 2.2082483146805307 72.227046361193061 4.5839767334982744 13.651767278090121 31.18570302426815 50.032220548484474 6.6487644505687049 8.1079085264354926 29.06150446087122 9.6706405505537969 19.166520268656313 21.140941435471177 26.749474383890629 8.918721763417123 2.7290282249450675 8.9980236124247295 11.778993859887121 78.071190272457898 10.074483262374995 8.3219449743628484 36.002769835293293 105.61090025061276 33.16280054487288 10.562932375818489 10.51815274171531 12.114624075591562
leaf_count=62340 268 58 239 469 2 464 45 131 89 611 30 54 40 15 1366 38 278 93 2 74 104 209 96 64 129 528 461 22 28 24
internal_value=-4.96126e-05 1.75804e-05 -0.000286305 0.0356322 -0.101861 -3.46693e-05 -0.000340083 -0.0442727 0.00732251 -0.0855944 -0.0910668 0.000231143 0.0672855 0.0448277 -4.99455e-05 -0.0255973 -0.037791 -0.0256577 0.0130309 -0.0718796 -0.0332051 0.0302247 -0.0923664 0.000611054 0.00923256 0.000768878 0.000250122 -0.0631801 -0.0948833 0.0382998
internal_weight=9196.71 9192.32 9114.55 77.7708 22.524 9092.03 9019.8 115.773 51.4862 64.2868 20.3005 8904.03 37.1694 14.2546 8866.86 223.63 202.489 183.323 99.7934 83.5293 56.7798 90.8747 12.8035 8643.23 45.0008 8634.91 8517.18 54.2439 43.681 117.726
internal_count=68371 68103 67576 527 241 67335 66871 921 250 671 161 65950 94 60 65856 2389 2351 985 400 585 307 307 98 63467 203 63403 62851 511 489 552
is_linear=0
shrinkage=0.1


Tree=81
num_leaves=31
num_cat=0
split_feature=1 13 17 6 18 13 11 2 5 4 15 0 9 6 9 3 8 6 18 0 0 19 12 18 18 13 8 3 13 12
split_gain=8.51844 32.0784 29.9925 30.0688 35.0204 25.3291 29.685 25.3013 23.9213 27.5938 23.6076 22.5291 22.2671 21.5469 26.7073 25.7756 21.1728 28.893 22.3089 18.9535 21.6681 18.9675 19.8203 24.7025 22.0955 19.6116 20.1958 18.1112 17.1266 16.8862
threshold=0.4110797192224076 2.4053634405136113 0.12235884232954546 4.836040289981228e-10 0.29074862938035623 1.4987584352493288 2.4253572483701195e-09 5.8414552584639355e-10 0.0077691669389032252 2.9783067241626339e-11 4.8335721658077098e-05 1.0506788387158992e-09 0.1192582490656811 7.7256571616058069e-11 0.11600779660262774 0.16069775940409212 6.1981604560483816e-12 1.2669578161237942e-11 -0.15507388042963363 3.0819572443350411e-09 3.010758445584375e-09 2.8068521022796635 0.48576992750167852 0.50644345915961009 0.035932867438532419 2.2950172424316411 7.7045108029446111e-10 0.059180979119887643 2.2062758207321171 0.37800687551498419
decision_type=2 2 2 2 2 2 2 2 2 2 2 2 2 2 2 2 2 2 2 2 2 2 2 2 2 2 2 2 2 2
left_child=1 19 5 -4 28 11 -7 8 9 -3 -8 -2 16 -9 15 -15 -12 -18 27 20 -1 22 23 25 -24 26 -21 -19 -5 -10
right_child=2 7 3 4 -6 6 10 13 29 -11 12 -13 -14 14 -16 -17 17 18 -20 21 -22 -23 24 -25 -26 -27 -28 -29 -30 -31
leaf_value=-0.00022126214864961037 0.10079632291570001 -0.12982610795406491 0.074174356445261352 -0.15110252959338755 -0.17411443468699264 0.057586285353457473 -0.18944804917891508 0.18731765850538729 -0.12920810092897225 0.22880722992218872 0.058632877197187676 -0.1143084977989583 -0.15112637637153745 -0.14710020365129714 0.059273268286380978 0.053281393327893591 -0.13250110073982929 -0.14931140676953036 -0.0039335928654825568 -0.04031381708225662 0.086851802863761651 -0.087971173179667655 -0.13513336348616331 0.099748545297744087 0.077249609328384386 0.0032559320334233054 -0.17886916776029629 0.037751847668722735 0.032724191561112982 -0.027015204879567822
leaf_weight=6917.284425435646 5.7748213890008619 3.7626613997854275 120.47762289457023 5.4335622433572999 10.457628209143875 94.942440252751112 6.5496590193361035 5.6958285048604003 55.824542801827192 4.9914505481719971 62.767923434730619 31.043102857540362 9.5880759609863144 19.72455776156858 24.746338058263063 9.516534523572771 16.43766535166651 5.3230102751404038 1287.444667366799 22.264797636307776 28.697947513312101 46.849131704017054 5.7502335291355839 10.751458793412892 33.071667335927486 27.078888641670346 19.942734177689999 187.05176732386462 75.373812456615269 22.762145632877946
leaf_count=53433 18 59 266 94 95 335 89 7 663 2 200 2124 163 171 69 35 226 79 7860 141 73 457 55 19 69 128 198 778 316 149
internal_value=-4.83714e-05 -0.00161473 0.00587748 0.0413759 -0.0019208 0.00147393 0.0032826 -0.0478495 -0.0821417 0.0746607 9.46214e-06 -0.0805697 0.000800532 0.00233388 -0.0171824 -0.0818859 0.00173489 -0.000651979 0.000812586 -0.00065889 0.000138488 -0.0340824 -0.0128419 -0.0412818 0.0457918 -0.0631661 -0.10578 0.0325758 0.0203635 -0.0996086
internal_weight=9177.38 7258.72 1918.67 211.743 91.265 1706.92 1670.11 147.024 87.3408 8.75411 1575.16 36.8179 1568.61 59.6833 53.9874 29.2411 1559.03 1496.26 1479.82 7111.69 6945.98 165.709 118.86 80.0379 38.8219 69.2864 42.2075 192.375 80.8074 78.5867
internal_count=68371 55728 12643 771 505 11872 9730 1155 873 61 9395 2142 9306 282 275 206 9143 8943 8717 54573 53506 1067 610 486 124 467 339 857 410 812
is_linear=0
shrinkage=0.1


Tree=82
num_leaves=31
num_cat=0
split_feature=2 0 17 17 7 3 3 6 5 12 1 2 19 19 8 5 5 6 17 18 5 3 17 11 0 6 19 18 19 7
split_gain=8.1923 23.226 21.5394 28.5478 25.418 21.6967 19.3254 25.5275 27.3151 28.9787 22.1447 19.0837 23.8108 18.8932 20.7362 22.155 22.2051 21.5192 39.483 37.0181 22.0142 20.5152 20.3996 19.5779 20.9757 21.7235 18.6732 24.5278 17.4223 16.9985
threshold=2.9013347891322525e-11 1.3357231265656076e-10 0.12235884232954546 0.12155983664772728 0.019190338964431262 0.045471450483282501 0.023811311784640962 1.9602994209054618e-11 0.011305897928677767 0.23543748259544375 0.096354619278636464 3.5395285464870826e-11 0.020983695983886722 0.28903234004974371 3.4261887404355449e-12 0.0097214582739783041 0.032088366154661006 4.2196478304589017e-11 0.1738947088068182 -0.21149147377053104 0.0081239914777192414 0.011154955965416579 0.20421253551136367 2.8222638115416037e-10 1.1418147015006644e-10 3.6857704335185671e-11 2.7248697280883794 -0.068211635638197696 0.37823677062988287 0.077765443634400869
decision_type=2 2 2 2 2 2 2 2 2 2 2 2 2 2 2 2 2 2 2 2 2 2 2 2 2 2 2 2 2 2
left_child=13 2 3 4 11 -6 7 -3 9 -9 28 -2 -13 23 -15 17 -17 18 19 -16 -19 22 -20 24 25 -1 27 -10 -8 -4
right_child=1 6 29 -5 5 -7 10 8 26 -11 -12 12 -14 14 15 16 -18 20 21 -21 -22 -23 -24 -25 -26 -27 -28 -29 -30 -31
leaf_value=-0.095653364164506149 0.025046422378540351 -0.14874038802255227 -0.087577182184787661 0.20719421245375 0.078857959246921433 -0.12010476294797837 -0.11665059188330809 -0.028257041896995919 -0.20568301116192061 -0.18099971869124673 0.00038720895110427715 0.086703248820029555 -0.13165752086872026 -0.097293646193666983 0.087509351573694966 0.062095759816957231 -0.11632132063533335 -0.13936103396904437 -0.15436192094031093 -0.14761186114019606 0.027189703610077179 0.10204476781934978 0.11098456587426696 -0.13734348439853766 0.1573559622595998 0.08011514995965216 -0.11055084728705716 0.086269241291824367 0.08365436979421037 0.042033938004182446
leaf_weight=20.904878079076301 18.270576924667694 17.213235563482158 78.131634174962528 6.0406943273264906 32.482272436842322 6.5934312455356112 4.7758841128088525 87.89542434620671 3.1019740477204314 14.465207689441739 8389.5026721811446 5.878902304917573 33.165506340097636 13.321086365380323 10.041610369458796 157.56985216867179 7.2986944350413969 19.406701302155852 7.0263870488852245 20.09968073409982 13.426918666809796 46.115606201812625 4.930313479155302 14.88512329070363 6.7808254148112601 10.59529523225501 7.0416292585432521 39.787533011287451 47.831946436956059 11.624186218716202
leaf_count=1105 445 377 2245 34 174 163 96 673 28 178 57211 35 872 1021 55 742 485 364 84 545 39 68 11 495 16 100 57 94 406 153
internal_value=-4.73353e-05 -0.000645788 -0.0350279 -0.00369004 -0.0169059 0.045286 0.000121525 -0.03331 -0.0202631 -0.049842 0.00079278 -0.0593066 -0.098779 0.0149033 0.0246632 0.0303452 0.0541973 -0.00214166 0.0235816 -0.0692809 -0.0712521 0.0717801 -0.044947 -0.0400283 -0.00218842 -0.0365324 0.0403748 0.0651539 0.0654701 -0.0707914
internal_weight=9156.21 8803.8 192.187 102.431 96.3907 39.0757 8611.62 169.505 152.292 102.361 8442.11 57.315 39.0444 352.403 299.237 285.916 164.869 121.047 88.2136 30.1413 32.8336 58.0723 11.9567 53.1661 38.281 31.5002 49.9311 42.8895 52.6078 89.7558
internal_count=68371 63241 4121 1723 1689 337 59120 1407 1030 851 57713 1352 907 5130 3414 2393 1227 1166 763 600 403 163 95 1716 1221 1205 179 122 502 2398
is_linear=0
shrinkage=0.1


Tree=83
num_leaves=31
num_cat=0
split_feature=5 12 14 13 4 13 12 3 9 8 12 6 14 14 6 9 7 14 12 3 6 13 12 17 19 3 14 8 18 12
split_gain=7.99907 50.287 49.0029 57.068 32.0308 43.9607 35.0348 20.2049 18.7282 26.6716 27.57 18.6841 17.9961 62.4251 75.8982 88.9904 60.2991 58.4853 41.9241 40.5368 35.9397 72.1338 47.453 42.3142 63.0837 49.1342 43.5149 58.7393 48.4327 43.9161
threshold=0.067911615715611079 0.15213086456060412 0.0062107846606522807 1.0798835158348086 1.4870762515757454e-10 1.2194744348526003 0.19112396240234378 0.13915765445723688 0.0047350531099061783 7.0656878347947554e-12 0.1378319710493088 3.7839073611507062e-11 0.0054303654469549665 0.0045148450881242761 3.4528981634842136e-11 0.010026779083921624 0.0074503712447153 0.0051804909016937026 0.19112396240234378 0.032373903625249369 3.4096576804350322e-11 1.3497265577316286 0.13394232839345935 0.10344904119318184 0.067228157073259368 0.08058798650723073 0.0121117290109396 3.1449255756625146e-10 0.41081933994692837 0.33009253442287451
decision_type=2 2 2 2 2 2 2 2 2 2 2 2 2 2 2 2 2 2 2 2 2 2 2 2 2 2 2 2 2 2
left_child=12 8 3 -3 6 -6 -4 -7 9 -2 -11 -10 13 -1 15 16 -15 -16 -19 -17 -14 22 -22 24 -23 -26 28 -28 -27 -29
right_child=1 2 4 -5 5 7 -8 -9 11 10 -12 -13 20 14 17 19 -18 18 -20 -21 21 23 -24 -25 25 26 27 29 -30 -31
leaf_value=0.0084450093350605191 0.055316325421803571 0.06599308410582648 0.1075096986779035 -0.12484971034888002 -0.16202507197148908 -0.027706767329635163 -0.13304102401046289 0.067562176513161029 -0.059388798559348012 0.0077395604424266018 -0.19556596167994195 0.080164339733561463 0.014238696521274125 0.030371653760780305 0.027571566372386808 0.050730967602232627 -0.11031336596395913 -0.12108720109769222 0.12785618106123095 -0.077532510430930304 0.13244227688925361 0.062954938005385375 -0.10853838128201398 0.0034261608103555103 -0.05876434839613276 -0.044848589161488615 0.048055746774953133 -0.085334130136633726 0.07008586736552791 0.065153040872848164
leaf_weight=783.3161619384191 45.233004305977374 20.630277417600155 47.611757151782513 65.155546271242201 17.5239019067958 55.202315522794379 6.9367391457781187 37.305894498946145 10.360366471111773 17.860822249203924 10.645953215658663 129.67085936293006 1657.8148602826986 34.871373727743048 235.63108885008842 80.997296678833663 241.15566685888916 48.144739393843338 7.8708642683923236 35.413248633500189 8.9803211143007484 87.357040481176227 90.72198201646097 4348.0752232038649 309.92638115142472 352.46780716313515 205.063951411983 73.307989180553705 40.920379790943116 26.366882620379329
leaf_count=10761 132 52 67 568 231 885 149 173 49 58 91 235 10326 839 1071 404 4575 540 11 467 63 470 2381 25012 3509 3658 725 519 262 88
internal_value=-5.15252e-05 0.0127385 -0.0176767 -0.0789547 0.0142637 -0.016798 0.0769197 0.0107125 0.0483604 0.0075722 -0.0681856 0.0698393 -0.000736347 -0.0108299 -0.0329007 -0.0616154 -0.0925402 0.00573758 -0.0861077 0.0117119 0.00132048 -0.002543 -0.0868329 -0.000999156 -0.0185648 -0.0256293 -0.0109193 0.0174468 -0.0328931 -0.0455259
internal_weight=9132.54 464.137 250.366 85.7858 164.581 110.032 54.5485 92.5082 213.771 73.7398 28.5068 140.031 8668.4 1467.4 684.084 392.438 276.027 291.647 56.0156 116.411 7201 5543.19 99.7023 5443.49 1095.41 1008.05 698.127 304.739 393.388 99.6749
internal_count=68371 2690 2125 620 1505 1289 216 1058 565 281 149 284 65681 18668 7907 6285 5414 1622 551 871 47013 36687 2444 34243 9231 8761 5252 1332 3920 607
is_linear=0
shrinkage=0.1


Tree=84
num_leaves=31
num_cat=0
split_feature=4 3 4 8 13 12 2 12 13 15 0 2 1 9 19 5 13 17 3 6 11 15 19 6 10 7 14 5 9 8
split_gain=7.86985 8.14966 52.4363 26.3689 27.1887 25.8415 18.8241 17.3381 17.1518 15.4949 17.1283 13.7939 11.1014 18.3567 10.612 9.86972 9.21292 33.5777 32.8729 31.0559 29.2554 55.7534 40.3445 38.5541 71.7662 50.1355 51.2141 37.6163 56.4943 51.1069
threshold=3.1760970962030157e-09 0.14779060269132019 9.2177707596881691e-11 2.9992573464704772e-11 1.7682285904884341 0.15721683949232104 4.4715114443378488e-10 0.1065322905778885 1.9303498864173891 4.8017045628512285e-05 1.4196388637718381e-09 3.5543485707737227e-09 0.5529499891078139 0.0031624577652174276 -0.011460130568593739 0.056856402612547423 1.622332036495209 0.044367009943181823 0.08027610266925643 1.5161839636373469e-11 1.2298952967171319e-09 2.8141967050032694e-05 4.8680875301361093 6.7053202656512796e-11 2.53001880645752 0.03600224568906342 0.010874671395868065 0.013581726330167082 0.032455857470772613 8.9340463632005706e-11
decision_type=2 2 2 2 2 2 2 2 2 2 2 2 2 2 2 2 2 2 2 2 2 2 2 2 2 2 2 2 2 2
left_child=1 11 -3 4 5 6 -4 -8 15 -10 -11 16 -6 14 -14 -5 17 18 -1 -18 21 -21 -23 -22 27 -26 -27 -25 -29 -30
right_child=-2 2 3 8 12 -7 7 -9 9 10 -12 -13 13 -15 -16 -17 19 -19 -20 20 23 22 -24 24 25 26 -28 28 29 -31
leaf_value=-0.0040857184144992417 -0.13642811265058996 -0.12250754686735128 -0.18551897959459973 -0.22207441035806694 -0.1372194801032709 -0.16723097110641849 -0.1127915398629882 0.076162598073121257 0.25236157312515933 -0.10877887015409422 0.070782317806872205 -0.13998482208374993 0.10708565357539268 0.13016310097814821 -0.16232130996595132 0.029991035944546343 -0.061369079888210193 0.0048628110940314778 -0.12394350819563429 -0.0032269859159105604 0.013582596164845522 -0.14021737560267794 0.05997254883307146 -0.0038347227382763091 0.076880129345056447 -0.097517617487060587 -0.00074046690253569923 -0.11636375220603118 0.054431339672017964 -0.063360277585935626
leaf_weight=52.925913342740387 4.2296288827783419 24.244634761125781 3.3019427210092536 3.2279639802873126 17.34324438683689 6.1709587536752215 5.3214602511143303 55.531370509415865 4.4601066112518302 5.5660537723451844 116.56545691937208 7.0844932708423576 1.8498913273215283 5.2599362311884752 6.9748241682536891 2.9943352416157722 90.090431630960666 3666.5384132866748 40.311247708566952 159.13479283638299 1388.9276290661655 62.576332048978657 11.997018788941203 158.52929447777569 81.534989243838936 55.793447214178741 2744.8766018233728 122.05138437403366 52.852692741900682 121.5330095984973
leaf_count=859 269 691 31 28 230 58 391 127 2 30 365 97 3 7 120 12 1070 32337 3177 1076 8182 1165 60 870 365 559 12419 2005 451 1315
internal_value=-5.43098e-05 9.24664e-06 0.0174994 0.0319704 -0.00633489 0.0282208 0.047021 0.0596389 0.0613175 0.0692847 0.0625989 -0.000504171 -0.0836597 -0.0177084 -0.105847 -0.100774 -0.000392004 0.00335582 -0.0559064 -0.00318235 -0.00212544 -0.0366625 -0.108012 -0.000417568 -0.00624442 -0.000418053 -0.00266841 -0.0431544 -0.0641818 -0.0276601
internal_weight=9079.8 9075.57 258.812 234.568 101.754 70.3257 64.1548 60.8528 132.814 126.592 122.132 8816.76 31.4279 14.0847 8.82472 6.2223 8809.67 3759.78 93.2372 5049.9 4959.81 233.708 74.5734 4726.1 3337.17 2882.21 2800.67 454.966 296.437 174.386
internal_count=68371 68102 2095 1404 967 607 549 518 437 397 395 66007 360 130 123 40 65910 36373 4036 29537 28467 2301 1225 26166 17984 13343 12978 4641 3771 1766
is_linear=0
shrinkage=0.1


Tree=85
num_leaves=31
num_cat=0
split_feature=8 10 10 1 15 3 4 12 14 7 18 18 11 4 7 8 4 18 19 12 4 3 18 7 4 3 2 1 19 13
split_gain=8.03444 63.3463 57.8732 62.7821 48.7157 32.9289 39.7788 56.9309 38.8559 36.076 38.207 44.1744 32.7738 34.1812 55.0392 30.7799 30.4606 29.3794 28.5072 31.7352 28.2061 29.2033 27.8309 33.7224 27.536 26.0008 50.1821 33.7191 26.8233 25.5974
threshold=1.9618298110937553e-10 2.6816616058349614 2.8397462368011479 0.18664342054693264 6.523329648189248e-05 0.070136760260849543 5.4526234111312075e-11 0.15646367520093921 0.0052934619598090657 0.010598574939695132 0.035932867438532419 0.47447048360481864 2.084477368491378e-09 5.5039278581796309e-11 0.082186694444693328 1.8211368514571501e-10 5.5532340531079371e-11 1.0080934234852481 2.7248697280883794 0.12233553081750871 5.4526234111312075e-11 0.057813650333028439 -0.15060977785932744 0.1050999645192966 7.4999597569729028e-11 0.075166922135456213 2.7212071576703162e-10 0.24909683057285922 0.19348374009132388 1.4163176417350771
decision_type=2 2 2 2 2 2 2 2 2 2 2 2 2 2 2 2 2 2 2 2 2 2 2 2 2 2 2 2 2 2
left_child=1 5 3 22 17 15 7 8 9 -7 -11 -12 13 20 -15 -1 18 29 19 -8 21 -4 -2 24 -24 26 28 -28 -9 -5
right_child=2 -3 12 4 -6 6 16 25 -10 10 11 -13 -14 14 -16 -17 -18 -19 -20 -21 -22 -23 23 -25 -26 -27 27 -29 -30 -31
leaf_value=0.0064465073952145379 0.1443066550509223 0.03866649078436396 0.035789250771892794 0.18659162741607704 -0.012855052308338609 -0.11881698906895184 0.13278829578770157 0.086393222603247777 0.035641428903362242 0.019634193516796135 -0.14846522802990442 0.14512673857345024 0.0031185447912467205 0.060247504988223968 -0.15540825638057029 -0.14791504556571111 -0.0046986905093950853 0.13226706346695427 0.22250392487400977 -0.094412927886630527 0.24006325243864396 -0.16296247832511923 -0.025719151217096226 -0.12030312481009303 0.12174564264238392 -0.098280030151418785 0.31987562963603472 0.026316118996473382 -0.11142065576702476 -0.12068774273652183
leaf_weight=3245.4119833958102 16.86393329128623 436.60579062253237 29.309824817813933 2.7648277953267089 89.827973788138479 41.202247565845028 13.453286161064172 8.328765847720204 126.77575786155649 100.95266494678799 30.654183382517658 6.1536477832123628 2366.1166938884708 15.831933490931986 46.870733866468072 12.969422334805129 2000.8787553540897 4.9857767112553111 10.984841310651971 11.321381499990819 4.9032023698091498 9.8864710312336666 27.719724882394075 17.188866436481476 23.311553742736578 143.38497296650894 5.7407558932900455 12.287936998531221 38.735439180396497 139.24569526780397
leaf_count=27577 24 1547 113 2 726 2578 80 114 990 796 574 20 11454 54 443 160 14140 6 28 148 9 110 205 166 39 3703 6 94 1021 1444
internal_value=-6.26467e-05 0.00193151 -0.00451916 -0.0444033 -0.0708738 -0.000829386 -0.00933856 -0.0341909 -0.00671474 -0.0367195 -0.0121653 -0.0993816 0.00067269 -0.0535133 -0.100957 0.0058321 -0.00306377 -0.106329 0.0884163 0.0289632 0.0139442 -0.0143418 0.0292752 0.000839605 0.0416441 -0.0744854 -0.0220712 0.119792 -0.0764143 -0.114705
internal_weight=9040.67 6245.84 2794.83 321.908 236.824 5809.24 2550.85 514.216 305.739 178.963 137.76 36.8078 2472.92 106.802 62.7027 3258.38 2036.64 146.996 35.7595 24.7747 44.0995 39.1963 85.0841 68.2201 51.0313 208.478 65.0929 18.0287 47.0642 142.011
internal_count=68371 53576 14795 2612 2178 52029 24292 9896 4958 3968 1390 594 12183 729 497 27737 14396 1452 256 228 232 223 434 410 244 4938 1235 100 1135 1446
is_linear=0
shrinkage=0.1


Tree=86
num_leaves=31
num_cat=0
split_feature=12 17 8 8 3 9 8 3 19 14 13 6 13 14 7 9 8 4 17 3 8 18 18 0 3 5 19 17 5 8
split_gain=7.29288 12.2531 9.60472 24.5744 20.642 17.7974 17.6681 30.2955 23.9038 21.4308 19.6499 18.0488 15.862 15.9239 43.7067 24.8081 23.7597 22.6477 29.6752 28.1252 25.2939 24.3287 21.6852 20.728 62.7705 40.4732 43.7298 36.9265 38.5713 33.2791
threshold=0.076048988848924651 0.048362038352272735 1.2125704097769121e-12 1.6713596503602172e-12 0.023225303466767634 0.0012101242749380614 5.0815584824133865e-12 0.017403182072856353 -0.095685590058565126 0.003190249553881586 1.325234115123749 1.0490442955526934e-11 1.0498020052909853 0.0045148450881242761 0.011335059211028677 0.0035001449823760006 6.4833558886530934e-12 2.03508815332466e-11 0.067227450284090925 0.025405201596482449 9.8970119315453905e-12 -0.15060977785932744 0.096053125150237159 2.4992801049017406e-10 0.040021749937670464 0.020860214105884099 2.2941551208496098 0.10185102982954546 0.03512276233766657 1.3021291527181492e-11
decision_type=2 2 2 2 2 2 2 2 2 2 2 2 2 2 2 2 2 2 2 2 2 2 2 2 2 2 2 2 2 2
left_child=1 -1 4 -4 -2 -5 7 9 -9 10 -7 -8 -13 14 16 -16 22 18 -17 -19 -20 -21 -14 24 27 -26 29 -15 -29 -27
right_child=2 -3 3 5 -6 6 11 8 -10 -11 -12 12 13 23 15 17 -18 19 20 21 -22 -23 -24 -25 25 26 -28 28 -30 -31
leaf_value=-0.11125724404121394 -0.16759067237623115 0.057140754625313497 -0.087221880116502781 0.098151204140243711 0.040039444705095906 0.087573369026518355 -0.11621183378189429 0.086636616855239434 -0.11583247475886874 -0.12274517355101132 -0.077944917532448879 0.098747343672449778 -0.090821596573067001 0.082041134790710624 -0.19314218379044695 0.099857051818393563 -0.11508108226985517 0.10512122089015129 -0.0039977827837325165 0.092938048597069264 -0.14378143026533086 0.017017189257457186 0.071100075797723317 0.0010539531386953081 -0.097777552531134335 -0.013290023721719686 0.073377699374322938 0.011556924064750689 -0.084781453961922756 -0.077415859733412473
leaf_weight=14.151277430064512 5.0286966061685225 6.2201103016268453 32.402724828571081 18.444671333243605 100.10937131568789 30.153470887918957 13.273729148553683 6.6217956544132894 48.832127393805422 9.0021415527444315 9.4110054295742867 16.396968664368615 14.329773165867662 64.068671996705234 4.9780453352723262 16.135320968925953 34.700820220401511 58.33510118490085 36.226455138064921 50.444649463519454 20.142811029218137 258.50336496718228 19.561537226312794 7231.7834893899562 96.563180080614984 220.47895056800917 40.156124940142035 356.04810389736667 47.051049268338829 127.86252913624048
leaf_count=436 83 104 1013 251 325 306 334 126 4309 327 685 34 620 138 173 26 688 262 220 97 368 1075 303 45324 3263 1351 213 2630 1121 2166
internal_value=-7.4265e-05 -0.0598393 6.12074e-05 -0.000294474 0.0301086 2.38137e-05 -0.000181136 -0.0411508 -0.0916555 0.0165161 0.0482024 0.000307194 0.000484688 0.000299436 0.017384 0.0288427 -0.0569166 0.0313554 -0.0197196 0.041438 -0.0539476 0.0294135 0.00263707 -0.000772227 -0.0146413 -0.0398381 -0.0254369 0.0115206 0.000311994 -0.0368281
internal_weight=9007.42 20.3714 8987.05 8881.91 105.138 8849.51 8831.06 104.021 55.4539 48.5666 39.5645 8727.04 8713.77 8697.37 513.358 444.766 68.5921 439.788 72.5046 367.283 56.3693 308.948 33.8913 8184.01 952.229 485.061 388.498 467.168 403.099 348.341
internal_count=68371 540 67831 67423 408 66410 66159 5753 4435 1318 991 60406 60072 60038 3832 2221 1611 2048 614 1434 588 1172 923 56206 10882 6993 3730 3889 3751 3517
is_linear=0
shrinkage=0.1


Tree=87
num_leaves=31
num_cat=0
split_feature=13 12 14 17 8 19 7 3 14 13 9 9 17 13 13 18 3 10 11 8 18 14 7 13 2 5 6 14 11 17
split_gain=7.50141 33.4665 85.4308 70.3938 52.0635 49.1276 43.2223 40.4256 39.3446 41.2302 38.1845 35.1187 34.5775 34.0017 33.6549 33.6103 31.8028 31.743 34.685 55.0028 49.2973 32.0922 40.3162 35.3702 30.7762 38.4444 43.7639 72.5064 35.3324 30.172
threshold=1.622332036495209 0.22572427988052371 0.0070976316928863534 0.12608753551136367 3.2255273667171039e-11 0.31799788773059851 0.044563986042462027 0.052251739129437334 0.0070512066595256337 1.550926208496094 0.0032214906543815958 0.023723016164872868 0.044367009943181823 1.6074251532554629 1.3497265577316286 0.49563567420806404 0.08027610266925643 1.5958042144775393 8.79662676034343e-10 2.0260818187950029e-10 0.48522482647306547 0.010441514663398268 0.076225985872652627 1.4987584352493288 7.5642756381527633e-11 0.037034210468792843 6.9434640513484481e-10 0.019251363351941112 1.6024510052226051e-09 0.16688121448863638
decision_type=2 2 2 2 2 2 2 2 2 2 2 2 2 2 2 2 2 2 2 2 2 2 2 2 2 2 2 2 2 2
left_child=1 2 4 5 12 7 -7 -3 9 -6 -4 -11 16 -8 -5 -14 -1 -16 21 20 -20 22 23 -19 -21 26 28 -28 -26 -27
right_child=-2 3 10 14 8 6 13 -9 -10 11 -12 -13 15 -15 17 -17 -18 18 19 24 -22 -23 -24 -25 25 29 27 -29 -30 -31
leaf_value=-0.0028260867895823611 -0.0025333730278652815 0.081353155446583975 0.088338385125008342 -0.1123140979837649 -0.10815756049883068 -0.11459001994941323 0.11157215714194874 -0.10974365764219858 0.1444510443175113 -0.14442855915739122 -0.091901694953071364 0.090040647246709335 0.0092268565140747796 -0.077666544267928891 0.058420831214046676 -0.068216911008081541 -0.12165998532566076 -0.0972278431775081 0.06183132659125859 0.12626453765459525 -0.13755112318124682 -0.13345047020957307 0.13281993332486097 0.024099172976948077 -0.020234819090368165 0.10893501656343324 0.10688162704682236 -0.15391344808131932 -0.12494361538601495 -0.11452088611973173
leaf_weight=51.033501514350064 5207.2529870679136 19.598748035728931 12.876435492187737 24.02920102752978 91.182175860973075 9.8190915249288064 168.48627996258438 25.438654253724962 8.8361900756135565 8.8770390786230582 134.83764453604817 22.782857391051948 2378.6169558168622 10.061694875359533 106.06517620617524 57.392350247479044 40.308917654794641 53.287929040379822 199.87877143640071 13.399532277137039 13.221038992516695 31.22282776189968 15.162266980856655 43.760413561016321 57.09170001745224 29.423448638990521 36.026451673358679 15.140753868967293 73.991210281848907 7.6041974959662175
leaf_count=856 30934 61 21 1339 1864 307 508 318 47 153 2993 68 18419 77 494 884 3771 916 741 56 138 537 38 363 346 46 71 146 675 1184
internal_value=-7.57634e-05 0.00332829 -0.00216866 0.0195227 0.00194336 0.0672414 0.0896746 -0.0265848 -0.0593595 -0.0740199 -0.0761899 0.0242984 0.00513732 0.100908 0.00403861 0.00740228 -0.0552668 0.00805983 -0.00100577 0.0127569 0.0494613 -0.0437787 -0.0188274 -0.0425198 -0.0208593 -0.0298497 -0.048723 0.0297104 -0.0793389 0.0630449
internal_weight=8966.71 3759.45 2806.74 952.709 2659.03 233.404 188.367 45.0374 131.678 122.842 147.714 31.6599 2527.35 178.548 719.305 2436.01 91.3424 695.276 589.211 445.777 213.1 143.433 112.211 97.0483 232.677 219.278 182.25 51.1672 131.083 37.0276
internal_count=68371 37437 29076 8361 26062 1271 892 379 2132 2085 3014 221 23930 585 7090 19303 4627 5751 5257 3403 879 1854 1317 1279 2524 2468 1238 217 1021 1230
is_linear=0
shrinkage=0.1


Tree=88
num_leaves=31
num_cat=0
split_feature=18 13 3 5 5 10 19 13 0 14 3 12 14 17 8 14 12 7 8 6 13 7 14 14 12 4 5 12 9 13
split_gain=7.37722 24.0394 21.7268 18.9313 13.7084 10.3247 9.27726 8.3673 28.5991 28.0744 33.1666 27.8666 78.4946 56.8908 51.188 42.2201 58.7632 40.2185 33.7761 38.7917 30.1203 29.7806 66.6411 54.1046 53.5221 70.9343 58.2875 45.4987 56.3825 59.121
threshold=0.88837837554853083 2.1354032754898076 0.050944428539829743 0.011544571626020236 0.0077691669389032252 1.3183277845382693 5.7188575267791757 1.622332036495209 6.5612295938864576e-10 0.0051551202777773151 0.025405201596482449 0.22572427988052371 0.0075594717636704454 0.12608753551136367 3.2255273667171039e-11 0.010014678817242386 0.2707627564668656 0.044563986042462027 4.1973181572555174e-11 5.451096880191348e-11 1.3497265577316286 0.028129725292284826 0.0056521256919950255 0.0056812698021531114 0.13585019111633304 4.2596588991839381e-11 0.067911615715611079 0.19337813556194308 0.0061949011891265816 1.2153792977333071
decision_type=2 2 2 2 2 2 2 2 2 2 2 2 2 2 2 2 2 2 2 2 2 2 2 2 2 2 2 2 2 2
left_child=7 2 3 4 5 6 -2 11 -9 10 -10 12 14 15 21 17 -17 -13 -16 -20 -15 23 -23 24 -1 -26 -27 28 29 -25
right_child=1 -3 -4 -5 -6 -7 -8 8 9 -11 -12 13 -14 20 18 16 -18 -19 19 -21 -22 22 -24 27 25 26 -28 -29 -30 -31
leaf_value=0.0043947080551452345 -0.16994724439269002 -0.16861457901957147 0.07233876510419314 -0.17668342530979264 0.049261942721744438 -0.20168089529846123 0.085798860604925378 -0.023852591574105367 0.056512971634046755 0.00052101734218323328 -0.11993792323804986 -0.11409019755371171 -0.10178658938917701 -0.11142697487891653 -0.12097380234687337 -0.12622676474108549 0.05357340992514649 0.12325322741868423 0.052987413718434719 -0.078381441092991541 0.0077085954654947351 0.049756635515539195 -0.085185230460394501 -0.12215365905449289 -0.0016654056233332448 -0.10318352619638588 -0.0026751930132336509 -0.077788868182468482 0.056304142162710603 0.012896892845034128
leaf_weight=800.67427872912958 2.17062771739438 6.0567325029987833 65.257882454432547 6.4979979437775901 25.11524057853967 4.4775601401925087 4.0930173823144287 584.42662735213526 14.616382786771281 4466.4282757580513 39.280488340649754 7.6817061861511311 76.378960977075621 21.906831579573918 52.49286722461693 22.222341569606215 99.855867952108383 101.16168032865971 40.307866740506142 50.814963799435645 678.36540976184187 285.27954818704166 41.983089327346534 34.975496982689947 293.26644301082706 189.28138899721671 83.000823082402349 45.31493293796666 339.63086107186973 442.82079030596651
leaf_count=10308 44 73 217 81 62 45 14 5110 132 24566 735 271 2110 1339 1015 307 404 287 400 1043 5734 853 467 286 4459 2901 393 1041 1869 1805
internal_value=-8.34928e-05 0.0252294 0.0361395 -0.0196347 0.00882606 -0.0857217 -0.00282838 -0.000410007 -0.00303604 -0.000344692 -0.0720859 0.00320578 -0.00181532 0.0181755 0.00101288 0.0612184 0.0208437 0.106503 -0.0570787 -0.0202709 0.00398164 0.00427662 0.0324455 0.000140788 -0.0122399 -0.0357903 -0.0725452 0.0197466 0.0251536 0.00301096
internal_weight=8925.84 113.669 107.612 42.3544 35.8564 10.7412 6.26365 8812.17 5104.75 4520.33 53.8969 3707.42 2776.22 931.194 2699.84 230.922 122.078 108.843 143.616 91.1228 700.272 2556.23 327.263 2228.97 1366.22 565.549 272.282 862.742 817.427 477.796
internal_count=68371 536 463 246 165 103 58 67835 30543 25433 867 37292 28950 8342 26840 1269 711 558 2458 1443 7073 24382 1320 23062 18061 7753 3294 5001 3960 2091
is_linear=0
shrinkage=0.1


Tree=89
num_leaves=31
num_cat=0
split_feature=13 12 5 1 15 12 8 5 13 13 9 2 18 9 4 6 15 7 15 19 9 18 12 17 13 19 15 18 8 5
split_gain=7.71071 48.17 54.7923 54.6976 47.9863 36.612 31.3344 30.8507 23.9494 18.409 18.663 16.5677 15.012 18.5333 14.9614 13.6055 15.407 12.3449 12.3067 11.772 10.8434 10.4719 28.8443 33.3408 55.8491 40.0087 35.1076 30.6045 26.7485 26.2651
threshold=1.1918304562568667 0.15498548746109012 0.045287809435638683 0.12082599341259458 2.4474109522998336e-05 0.18451197445392611 1.0688472382843542e-11 0.014486303399428703 1.0498020052909853 1.0498020052909853 0.0093312384914851915 1.2714053276785133e-10 -0.070143495098984029 0.00078435480762090984 4.8537154685282276e-11 2.1315582893922872e-11 2.4157523512258198e-05 0.017596936639751818 2.0506105101958386e-05 1.0114016532897951 0.0058310053925181267 -0.046828917799178839 0.32555595040321356 0.13647460937500003 2.3283127546310429 2.5122696161270146 3.1718484024167999e-05 -0.21149147377053104 7.4288388253844795e-11 0.027365393260728493
decision_type=2 2 2 2 2 2 2 2 2 2 2 2 2 2 2 2 2 2 2 2 2 2 2 2 2 2 2 2 2 2
left_child=1 2 4 5 7 8 19 -1 -3 -5 -11 12 13 -9 18 -7 -17 -6 -15 -4 -21 22 -2 24 -24 26 -25 -28 -29 -30
right_child=21 3 6 9 17 15 -8 11 -10 10 -12 -13 -14 14 -16 16 -18 -19 -20 20 -22 -23 23 25 -26 -27 27 28 29 -31
leaf_value=-0.21226583084457387 0.011235126960181717 0.097604219427777916 0.061818272732481243 0.079873018540243632 -0.11035837269850575 0.18077641182598214 -0.14725554957694637 0.070015277471181234 -0.14069137846139421 -0.16777793641159489 0.052215830047304214 -0.1879751531297934 0.02725351085330396 -0.11603850282866986 0.0024459881168256287 -0.13453011760176511 0.12837200072860355 -0.25248895848964142 -0.34803466689865337 -0.15276487239431286 0.046929287192175088 -0.0015413523623519422 -0.1298603561137269 -0.12764331361739567 0.019484993555993358 -0.0775372028903418 -0.094222339678513789 0.2834226414867142 -0.0015952997917503414 0.081783966528894025
leaf_weight=7.1933236957993349 1902.0888009229675 5.7315024733543423 149.85515375225805 3.6872615665197364 18.848233721335422 11.486088626086714 8.084164669737218 7.210761338472369 15.966992236441 50.500817500054836 4.1750028450042 4.4571101050823918 89.158679034560919 6.4968882165849191 5.9536148170009247 3.8609368978068215 5.2741129519417882 9.0428560546133649 3.5283084399998188 5.0697892417665553 5.86458994820714 6218.9121782561706 60.288350363261998 14.511701110750435 42.827888519037515 51.83795247488888 16.73079377412796 4.6851225048303595 74.28841638378799 76.876214259769768
leaf_count=173 12636 10 376 8 2604 19 74 19 208 479 82 72 565 128 38 59 12 106 45 38 15 48448 555 191 216 545 114 5 338 193
internal_value=-8.56804e-05 -0.0132872 0.00565379 -0.0736309 -0.0379259 0.0129266 0.0448506 -0.0112684 -0.0777473 -0.136395 -0.150979 0.00110974 0.00861117 -0.0630644 -0.123119 0.108338 0.0172562 -0.15644 -0.197688 0.0545093 -0.0456601 0.000571733 0.00642748 -0.0203074 -0.0678319 0.00020296 0.0217426 0.0343039 0.0481015 0.040808
internal_weight=8884.49 421.446 320.763 100.683 151.89 42.3196 168.874 123.999 21.6985 58.3631 54.6758 116.805 112.348 23.1896 15.9788 20.6211 9.13505 27.8911 10.0252 160.79 10.9344 8463.05 2244.14 342.046 103.116 238.93 187.092 172.581 155.85 151.165
internal_count=68371 5130 4253 877 3750 308 503 1040 218 569 561 867 795 230 211 90 71 2710 173 429 53 63241 14793 2157 771 1386 841 650 536 531
is_linear=0
shrinkage=0.1


Tree=90
num_leaves=31
num_cat=0
split_feature=9 12 13 19 12 6 13 12 8 9 17 7 14 19 18 19 7 4 9 14 8 7 10 14 6 11 3 12 17 4
split_gain=7.44775 23.2574 31.5569 52.6289 41.9335 71.0643 38.8468 38.1589 33.8207 30.0402 29.7147 28.6765 27.281 32.9077 26.8946 23.1384 24.9694 26.1584 25.3381 22.8842 22.6821 36.9415 25.9653 40.7199 55.7186 40.3898 33.138 32.3681 32.3387 29.3444
threshold=0.005577375355534449 0.1378319710493088 1.3798159360885622 1.2328462004661562 0.16917496919631961 4.6427723669719744e-11 1.2361627221107485 0.15287480503320697 9.6163652047615862e-12 0.0035001449823760006 0.10984108664772728 0.033669418269491581 0.005787457339465619 0.16920553147792819 -0.15507388042963363 0.081981278955936446 0.096027603145667717 2.6520352576718662e-11 0.0069783050847030239 0.0039721073117107162 9.6163652047615862e-12 0.013892188687392087 1.7050184011459353 0.0060943677090108403 2.2373791781341007e-11 7.8141743076187719e-10 0.10154733473849824 0.12515414506196978 0.075972123579545456 3.1477224636638057e-11
decision_type=2 2 2 2 2 2 2 2 2 2 2 2 2 2 2 2 2 2 2 2 2 2 2 2 2 2 2 2 2 2
left_child=1 11 3 4 5 -3 -6 9 10 -4 -9 14 19 -14 -1 16 17 18 -2 -11 22 -22 25 28 26 27 -25 -16 29 -24
right_child=15 2 7 -5 6 -7 -8 8 -10 12 -12 -13 13 -15 20 -17 -18 -19 -20 -21 21 -23 23 24 -26 -27 -28 -29 -30 -31
leaf_value=0.030583082788187249 0.050089661637510552 -0.1080934883862565 -0.16725039497428648 -0.18701481014490967 -0.078371248225270265 0.015089839491973104 0.081279096330683642 0.083861101628824541 -0.14051459665912533 0.17056743186260376 -0.12356234093569465 0.12327319702530178 -0.16745531997699481 0.050115466229840692 0.0018200633848316468 0.00031042056561501918 -0.049050043996594711 0.05717767914442469 -0.11284892138278822 -0.14285266307678296 -0.016428935410591629 -0.11881523427026817 -0.11045864452101835 -0.1547305190283475 0.0094633649283248859 -0.1516164437692622 -0.02727759409901391 -0.11008365651817534 -0.23857462848010769 0.032725222000947261
leaf_weight=229.61381198407616 18.628553575370461 112.82866034982726 15.237505688855888 24.104485685005784 21.939950935076922 80.066016586497426 49.917011876823381 84.887852525571361 8.5847740685567242 2.6301046162843731 7.5181418774300246 18.852062301710248 8.0252899872139078 51.969551343470812 175.16623258613981 6625.5189952454675 34.431411007302813 193.16577484761365 19.570274431724101 20.389939768821932 221.62952449964359 41.902145911706612 14.755978329107164 41.016692720353603 167.15041349316016 24.06660279573407 40.584985272027552 30.322607575450093 4.5783901978284112 477.03840843035141
leaf_count=1322 129 2326 424 403 183 305 180 246 127 2 353 20 78 174 2807 45133 1475 991 423 499 1812 431 999 419 649 777 263 658 46 4717
internal_value=-8.04961e-05 -0.00549475 -0.0244346 -0.0455521 -0.0326726 -0.056963 0.0325334 0.00618098 0.0493465 -0.0381876 0.0669852 0.000723482 -0.014498 0.0210118 -0.000850489 0.00147101 0.0304012 0.0422251 -0.0333881 -0.107044 -0.00667952 -0.0327086 0.000358151 0.00941746 -0.023605 -0.0290479 -0.0913412 -0.0146928 0.0259663 0.0284291
internal_weight=8866.09 1974.78 488.099 288.856 264.752 192.895 71.857 199.243 100.991 98.2524 92.406 1486.68 83.0149 59.9948 1467.83 6891.32 265.796 231.365 38.1988 23.02 1238.21 263.532 974.68 745.125 248.752 229.555 81.6017 205.489 496.373 491.794
internal_count=68371 20220 5300 3397 2994 2631 363 1903 726 1177 599 14920 753 252 14900 48151 3018 1543 552 501 13578 2243 11335 7093 1331 4242 682 3465 5762 5716
is_linear=0
shrinkage=0.1


Tree=91
num_leaves=31
num_cat=0
split_feature=18 2 9 9 11 3 19 4 5 2 5 5 17 19 10 3 6 2 9 0 4 14 8 17 6 13 19 17 3 11
split_gain=7.58693 52.307 40.9454 45.1656 36.6047 32.3051 32.7993 31.6642 34.3088 47.2267 30.3758 37.2007 37.1268 27.9127 26.599 42.9925 41.6999 33.3127 25.4832 25.0027 24.5156 24.4772 26.4702 24.1634 23.1878 22.8542 19.9858 20.0341 30.1163 19.3916
threshold=0.35188429133797239 2.1695652576012408e-10 0.0076053361187297828 0.0077485048301519322 1.9797584682734741e-09 0.061070484741874535 1.7144565582275393 1.604972328837694e-10 0.034257650026903314 8.3600918925489959e-10 0.027025246390643035 0.025307344380428639 0.1738947088068182 2.2941551208496098 2.777205348014832 0.096162904213576192 1.2552781937687958e-10 3.6403001630404817e-10 0.021121700809087585 3.6224798236030416e-10 6.1638084992242486e-11 0.018004439771175388 1.5377485955046243e-10 0.14029208096590912 1.083670969010989e-09 1.6074251532554629 3.4218174219131474 0.13398881392045456 0.12424319513923508 2.1402560834715705e-09
decision_type=2 2 2 2 2 2 2 2 2 2 2 2 2 2 2 2 2 2 2 2 2 2 2 2 2 2 2 2 2 2
left_child=-1 2 -2 -4 13 6 19 10 9 -9 11 12 14 -3 16 20 17 -6 -19 -5 -16 22 -10 -15 -13 -18 -12 28 -28 -21
right_child=1 4 3 5 7 -7 -8 8 21 -11 26 24 -14 23 15 -17 25 18 -20 29 -22 -23 -24 -25 -26 -27 27 -29 -30 -31
leaf_value=-0.0013699461644339243 -0.10823273973890997 -0.1344109917526993 0.29167336911480696 -0.053667894900422133 -0.033092046681222641 -0.059409050301894265 -0.010053491177380712 -0.20223033073665986 0.048158700039820736 0.015959791662496683 0.084305186302977453 -0.17358003659408994 -0.16645374837957991 0.13092960317008298 -0.14658177660031799 -0.1957813882559224 0.17925676672801139 -0.028034740159342587 0.10785151108189095 0.11181786101729906 0.058851428370385067 0.051611996242184148 -0.1906710711896232 -0.060213010188357369 0.13690194901764588 -0.12696106456637432 -0.1904285489291925 0.060843035521023048 0.11789734488529034 -0.030458504595762239
leaf_weight=7396.6992488507531 42.832526929792948 5.0397004699334493 5.0157510470598927 15.824331058189271 62.54891658120323 107.91393051436171 441.4307513833046 22.401714460924268 8.3854909844230878 17.804453555494547 118.94109103665687 15.650867160409691 10.500106431543825 59.387010584585369 5.966641277074813 7.1416372247040263 2.6366271972656241 19.447646791639272 47.529152005910873 53.67981888120994 219.87988612428308 45.678883140906692 10.391466849483548 7.4425270669162265 2.8422205299139014 32.236436365172267 9.8651011921465379 21.321404173970222 4.6665329597890368 11.660510316258295
leaf_count=58965 1223 89 24 182 555 1547 2663 191 30 89 278 130 96 226 45 62 1 202 144 130 644 113 105 51 3 343 111 42 5 82
internal_value=-7.85709e-05 0.00657289 -0.0135975 -0.00721935 0.024631 -0.00959707 0.000688912 0.0175159 -0.033117 -0.105609 0.0266343 0.0128593 0.0191488 0.092529 0.0240529 0.0457854 -0.00674658 0.0193862 0.068395 0.0591137 0.0534241 0.0121022 -0.0840135 0.109643 -0.125862 -0.103809 0.0645773 -0.000869274 -0.0914161 0.0864275
internal_weight=8832.76 1436.06 678.358 635.525 757.706 630.509 522.595 685.836 104.662 40.2062 581.174 426.38 407.887 71.8692 397.387 232.988 164.399 129.526 66.9768 81.1647 225.847 64.4558 18.777 66.8295 18.4931 34.8731 154.794 35.853 14.5316 65.3403
internal_count=68371 9406 5851 4628 3555 4604 3057 3189 528 280 2661 2225 2092 366 1996 751 1245 901 346 394 689 248 135 277 133 344 436 158 116 212
is_linear=0
shrinkage=0.1


Tree=92
num_leaves=31
num_cat=0
split_feature=8 10 10 8 1 1 3 10 12 5 9 3 4 12 14 6 18 10 18 3 2 1 7 1 4 11 4 7 13 1
split_gain=7.49922 54.4394 51.649 43.7786 43.3567 50.0617 30.1941 34.3368 54.3312 47.1904 37.0386 34.0766 31.5837 53.6137 31.3317 32.0828 31.0102 30.6059 30.5584 25.4718 42.0013 25.4395 25.3711 24.4673 30.2018 23.5256 29.7608 52.4473 23.0016 51.9886
threshold=2.1049745203086126e-10 2.6816616058349614 2.8233416080474858 1.6991916231761674e-10 0.18511056899328857 0.47868752405437986 0.070136760260849543 2.5045439004898076 0.30995011329650884 0.026862661307267641 0.034899633937457916 0.067194688517762752 5.4075372516370838e-11 0.15287480503320697 0.0052934619598090657 1.8371826944236832e-11 0.035932867438532419 1.8862308263778689 0.47447048360481864 0.075166922135456213 2.7212071576703162e-10 0.24909683057285922 0.092991696183372427 0.18978190354117103 5.2663261636753604e-11 2.084477368491378e-09 5.5039278581796309e-11 0.082186694444693328 1.5939612388610842 0.23768960043243828
decision_type=2 2 2 2 2 2 2 2 2 2 2 2 2 2 2 2 2 2 2 2 2 2 2 2 2 2 2 2 2 2
left_child=1 3 4 6 -2 -6 7 8 -1 11 -10 -9 13 14 15 -8 17 -17 -18 20 -15 -22 -3 24 -5 26 -4 -28 29 -27
right_child=2 22 25 23 5 -7 12 9 10 -11 -12 -13 -14 19 -16 16 18 -19 -20 -21 21 -23 -24 -25 -26 28 27 -29 -30 -31
leaf_value=0.0070187250419471367 0.021246477184699169 0.023327855222606036 0.016532419347290689 -0.1452707903776472 -0.11305177739811755 0.0053433269582261562 -0.1272766388767495 0.083517315469501863 0.067282659096899608 -0.12431809388704836 -0.085364804670940209 -0.14313498931817126 -0.0027381833781227258 -0.073062677400344139 0.036923891070964054 0.040758311744410559 -0.13499022080138709 -0.11719373393310251 0.10928074424003649 -0.09675911064952647 0.27763362179557244 0.02585351867975598 0.083763485264430393 -0.12137381648667998 0.071199748878253297 -0.02376184017787045 0.073948125812388604 -0.14577677279184922 -0.0004856355654068394 0.10797639850679491
leaf_weight=2851.2472787332954 62.448092720471323 424.50959889404476 42.653859872370958 9.8582924632355589 115.40286778705195 51.719768452690914 28.797322242637165 126.88517117965966 18.839149175677449 13.527061435393987 101.73212140053511 6.9993117395788422 1981.8331837003352 42.206651601241902 113.57255355268717 84.348509651259519 28.869370001892094 14.35522910527652 6.2258410010254002 131.96286614029668 5.9842683523893383 12.182131230831144 83.053061112761497 46.661461526528001 18.61608012765646 57.837427005651989 14.303720232099293 45.166029727086425 2214.483679261175 62.141122173983604
leaf_count=25571 355 1728 238 139 1320 367 1551 397 121 119 1082 85 14391 1158 816 443 915 871 27 3852 5 93 168 540 42 1714 43 469 9624 127
internal_value=-7.27451e-05 0.00184697 -0.00450258 -0.000973768 -0.0498467 -0.0764118 4.91076e-05 0.006575 0.00423826 0.0536837 -0.0615138 0.0716682 -0.00825822 -0.0316086 -0.0033778 -0.0315283 -0.0109206 0.0177862 -0.0916569 -0.0721444 -0.0183417 0.108793 0.033217 -0.0767961 -0.00374588 -0.000230336 -0.04721 -0.0929283 0.00182484 0.04447
internal_weight=8818.42 6152.27 2666.16 5644.7 229.571 167.123 5569.57 3119.23 2971.82 147.412 120.571 133.884 2450.34 468.505 276.169 162.596 133.799 98.7037 35.0952 192.336 60.3731 18.1664 507.563 75.1358 28.4744 2436.59 102.124 59.4697 2334.46 119.979
internal_count=68371 54114 14257 52218 2042 1687 51497 27375 26774 601 1203 482 24122 9731 4623 3807 2256 1314 942 5108 1256 98 1896 721 181 12215 750 512 11465 1841
is_linear=0
shrinkage=0.1


Tree=93
num_leaves=31
num_cat=0
split_feature=9 12 19 17 11 3 8 14 5 9 5 2 14 7 10 18 1 10 14 18 11 19 17 1 3 17 10 13 19 5
split_gain=7.03154 41.6629 35.8077 25.1767 25.7342 51.8638 27.1935 37.4416 30.7789 29.3619 22.3814 22.3646 21.8589 26.4623 21.4997 19.6362 18.5899 27.7386 20.7928 17.4716 16.2481 21.2962 24.4336 21.3427 18.1633 16.1749 24.9535 26.0821 16.1437 15.994
threshold=0.0029863101251594022 0.11915531381964685 2.8911297321319585 0.062522194602272749 3.4558267358875133e-10 0.029004233703688799 8.5578373028666633e-12 0.0065258210524916658 0.040913923751378471 0.0020552975347269569 0.01666975225302968 2.0849223368216312e-10 0.0059100813232362279 0.0053362096208951146 2.2947791814804082 -0.14243329445492811 0.53492524403522068 2.1291205883026127 0.0058376111555844554 0.57424223778600059 1.0293053076537719e-08 0.33661966025829321 0.10673384232954546 0.66443913638630547 0.10084337777329172 0.058172052556818191 1.978117883205414 1.650937080383301 0.15078465640544894 0.014367120043561546
decision_type=2 2 2 2 2 2 2 2 2 2 2 2 2 2 2 2 2 2 2 2 2 2 2 2 2 2 2 2 2 2
left_child=1 3 15 4 -1 -6 7 10 9 -8 12 -11 13 -7 -9 -3 -2 18 -18 29 -19 -22 23 24 -23 26 -17 -28 -5 -13
right_child=16 2 -4 28 5 6 8 14 -10 11 -12 19 -14 -15 -16 25 17 20 -20 -21 21 22 -24 -25 -26 -27 27 -29 -30 -31
leaf_value=0.1219414099332695 -0.0002321741322122955 -0.22071997936706833 0.10156744978511474 0.035478730583103704 -0.16288902724431328 0.071065820653446854 0.027240270378219057 -0.17663785428085443 0.064515175147119172 0.13234885312582473 0.040593411783139216 -0.0083030026208493948 -0.17113937711659721 -0.089178693255158217 -0.020955955348015337 0.12864536586576256 0.021040576516703182 0.048381927773566549 -0.17587491058012036 0.14926666643930314 0.078159493447131745 -0.15538223075362523 0.075305272640275478 0.027205697378691419 -0.020185150770030622 -0.16239450706516767 0.00041087660456300736 -0.13263101228246371 -0.10568108679874677 -0.14609416817490872
leaf_weight=18.567239844240248 7744.5886871100083 10.030856237048281 11.087329912465064 10.646806660108266 18.380399163346738 23.144015202648006 26.880852075759321 12.980127567425368 24.84813759336248 4.0000972226262084 312.14209848432802 10.166332859545944 9.1263269949704391 18.577190731855808 28.018673078157008 6.9455983764491966 9.9098669276572782 201.6657457635738 11.685399589128791 2.4642635285854331 26.204419177025557 23.438940252643079 18.379429276101291 20.428874135483056 17.250686075538397 16.115453696518671 27.193411828484386 32.165155189111829 33.892928291577846 49.150518324575387
leaf_count=33 56323 125 27 381 230 126 187 144 86 4 3181 64 108 1974 145 15 76 758 142 2 240 296 57 120 99 553 107 283 1822 663
internal_value=-8.03658e-05 -0.00964669 -0.0682491 0.000415848 0.00618655 0.00220557 0.00802439 0.0203401 -0.0343158 -0.0608181 0.0305714 -0.0968023 -0.0309517 -0.000286213 -0.0702445 -0.0886148 0.000756792 0.0240394 -0.0855122 -0.111639 0.0317364 -2.10846e-05 -0.0257913 -0.0561928 -0.0980644 -0.0725369 -0.0506967 -0.0716817 -0.0719382 -0.122478
internal_weight=8780.08 706.524 103.538 602.986 558.446 539.879 521.499 403.988 117.51 92.6621 362.99 65.7812 50.8475 41.7212 40.9988 92.4505 8073.55 328.963 21.5953 61.7811 307.368 105.702 79.4979 61.1185 40.6896 82.4196 66.3042 59.3586 44.5397 59.3169
internal_count=68371 10260 1110 9150 6947 6914 6684 5678 1006 920 5389 733 2208 2100 289 1083 58111 1788 218 729 1570 812 572 515 395 958 405 390 2203 727
is_linear=0
shrinkage=0.1


Tree=94
num_leaves=31
num_cat=0
split_feature=11 1 5 3 7 12 4 12 13 19 9 19 17 3 15 5 12 8 18 8 17 2 8 3 17 5 0 17 7 1
split_gain=7.24192 8.04316 12.2399 20.709 14.1283 11.755 13.3274 10.5113 10.3927 19.7168 10.0565 9.68448 9.34776 8.69026 19.6116 8.39315 33.387 45.661 34.1562 24.8002 22.1404 22.0078 48.8111 20.1577 44.7501 45.3952 26.2426 21.9525 45.7168 33.6522
threshold=3.8339448948931938e-08 0.60824546679676772 0.0091174782307287729 0.056817982572608318 0.0050035363208111349 0.096912909299135222 9.2177707596881691e-11 0.088616762310266509 3.220533132553101 6.6441919803619394 0.0078941020525391172 2.0810824632644658 0.093727805397727279 0.20829326647329874 5.6111717640305876e-05 0.0081239914777192414 0.20918424427509311 2.2430976897797414e-11 0.49563567420806404 2.8353943430690071e-11 0.10793235085227275 8.0734047899482614e-11 3.2255273667171039e-11 0.030230304501666427 0.054665305397727279 0.036069047007893963 1.3357231265656076e-10 0.11503462357954546 0.013184930553092391 0.265753145489384
decision_type=2 2 2 2 2 2 2 2 2 2 2 2 2 2 2 2 2 2 2 2 2 2 2 2 2 2 2 2 2 2
left_child=1 8 -3 -4 5 6 -5 -6 13 10 -10 -9 -13 15 -15 16 17 -1 20 -20 -19 22 -22 24 -17 27 -25 -26 -29 -30
right_child=-2 2 3 4 7 -7 -8 11 9 -11 -12 12 -14 14 -16 23 -18 18 19 -21 21 -23 -24 26 25 -27 -28 28 29 -31
leaf_value=-0.084201568927595158 -0.13687120094375335 0.086104381742946906 -0.31337874297210688 -0.15492270711225853 -0.10610385658027155 -0.11617209967666436 0.073772637865408261 0.037047414662426163 0.12514094900814485 0.12471436996579673 -0.12776851356568664 -0.17195737916090431 0.065104366574459546 -0.17048174888353204 0.071467116790834354 -0.12943492335448559 -0.066408849116461874 -0.08743757386574974 0.031359941273333324 -0.087229381944366496 0.062263011913767687 0.098346814505365643 -0.12709059697305958 -0.048258222666776464 0.055280787579625824 -0.096389740558754586 -0.00047903213829393951 -0.096653753830831968 0.035560964624093964 -0.10031687783473686
leaf_weight=50.343123625963926 3.8682972175301975 24.344151363242418 1.9519117735326279 3.4289529249072102 5.7929466059431425 13.980059841647742 9.9205075963400287 139.19056421308778 1.7161141633987487 4.4957178253680459 18.752113644964993 4.4217475699260822 2.6663834676146507 3.7166106097865841 33.978136320365593 19.869994094828144 94.890236180275679 11.456336580216883 30.872309993952513 41.12622986594215 62.846895020455122 68.747781425714493 17.377840748056769 116.76792080362793 208.8632523752749 30.024515830096789 7405.0373532889062 33.635850767605007 272.28746035904624 19.534677974879742
leaf_count=2936 268 105 25 46 212 180 35 667 1 7 317 47 6 75 153 213 1006 131 115 341 199 127 215 2938 1283 1375 53068 823 1320 137
internal_value=-7.59323e-05 -1.54704e-05 0.019525 0.0105876 0.0141124 -0.0520848 0.0150298 0.026009 -0.000485779 -0.0649133 -0.106564 0.031241 -0.0827805 -0.000297034 0.0476115 -0.000509902 -0.015082 0.00214186 0.0208436 -0.0363794 0.0465246 0.0568266 0.0212463 0.000169016 0.0180624 0.0232556 -0.00122075 0.0299787 0.013741 0.0264653
internal_weight=8755.91 8752.04 205.697 181.353 179.401 27.3295 13.3495 152.072 8546.34 24.9639 20.4682 146.279 7.08813 8521.38 37.6947 8483.68 377.661 282.771 232.427 71.9985 160.429 148.973 80.2247 8106.02 584.216 564.346 7521.81 534.321 325.458 291.822
internal_count=68371 68103 1323 1218 1193 261 81 932 66780 325 318 720 53 66455 228 66227 5070 4064 1128 456 672 541 414 61157 5151 4938 56006 3563 2280 1457
is_linear=0
shrinkage=0.1


Tree=95
num_leaves=31
num_cat=0
split_feature=10 0 5 0 17 2 6 7 18 8 2 0 3 19 7 12 1 4 5 2 17 10 6 5 17 4 9 0 17 13
split_gain=7.00264 24.9939 15.475 14.7872 12.525 27.107 31.267 15.722 9.11497 41.8997 32.5276 30.4047 24.6906 25.2291 20.4886 26.1371 21.374 20.0009 29.9531 39.1798 22.6886 18.8558 25.12 31.6783 26.5635 21.9325 25.1606 25.5417 24.9351 23.236
threshold=4.6510958671569833 3.398671860752424e-09 0.038066746005719625 2.9378523911663787e-09 0.21069335937500003 1.0114745734082902e-10 2.0756839034082755e-10 0.037430716772282303 0.35188429133797239 8.0809454317164578e-12 2.1695652576012408e-10 1.0948707161460597e-09 0.061070484741874535 1.7144565582275393 0.025175907140308065 0.17282633483409884 0.331778613470674 1.604972328837694e-10 0.034257650026903314 8.3600918925489959e-10 0.11845259232954546 3.4339698553085332 6.2658992334671006e-10 0.026204304592851443 0.1738947088068182 1.2342573633209296e-10 0.066605109527971065 1.3614129833238247e-09 0.11068448153409093 1.7957033514976504
decision_type=2 2 2 2 2 2 2 2 2 2 2 2 2 2 2 2 2 2 2 2 2 2 2 2 2 2 2 2 2 2
left_child=4 2 3 -2 8 6 7 -6 -1 -10 12 -12 13 -11 15 -15 -16 21 19 -19 -20 22 24 -24 25 26 29 -28 -27 -13
right_child=1 -3 -4 -5 5 -7 -8 -9 9 10 11 17 -14 14 16 -17 -18 18 20 -21 -22 -23 23 -25 -26 28 27 -29 -30 -31
leaf_value=-0.0013613297877569279 -0.17295887692072898 -0.13051400881143563 0.090101753574666307 0.096359523151747173 0.038397217054206942 -0.11777665761205094 0.08777086535055928 -0.12196274919895976 -0.1471116741209092 0.050283763446769096 0.06601113701080373 0.096198857954554629 -0.049832386336188819 -0.0019244980098747856 0.012908487226743684 -0.085824149886179174 -0.14165691650290799 -0.18627184167570798 -0.06611586269268345 0.014865005294944743 0.061226809293470831 0.081231524911325612 -0.12971473088318161 0.063569650305496522 -0.1635098690453182 -0.20525161948855178 -0.085780136769503912 0.071416127621418954 0.003456407787280034 -0.00323479676573294
leaf_weight=7199.5209541741351 4.8587208203971368 7.7631127266649846 38.392056167300325 3.5125710852444172 9.1521892962045985 28.570387089974247 23.77692084107548 18.416597581468523 17.316054056049325 89.515523780835792 138.00693472847342 26.931314423680305 111.75755888456479 87.207112600794062 274.32283497601748 64.663541432004422 9.2482710592448694 21.383264096453786 21.499314654851332 17.701710005989298 40.064742872491479 48.746038995683193 24.451145701110363 12.981290742754934 7.5103642158210269 8.2944741267710942 11.058307647705076 158.30933345481753 18.474973648786545 184.53590610297397
leaf_count=56765 46 124 87 11 40 1656 83 348 892 519 579 125 1653 644 1446 471 119 186 143 89 89 118 187 30 65 83 60 368 63 1282
internal_value=-7.01274e-05 0.0356544 0.0632397 -0.0599536 -0.000294714 -0.0397007 0.00374327 -0.068727 7.17459e-05 0.00747319 0.0094176 0.0236764 -0.00715309 0.00193285 -0.00800684 -0.0376473 0.00786755 0.0139704 -0.0267104 -0.0951763 0.0167564 0.0221382 0.015773 -0.0626851 0.0228478 0.0262816 0.0324316 0.0611525 -0.0612115 0.00942853
internal_weight=8727.94 54.5265 46.7633 8.37129 8673.42 79.9161 51.3457 27.5688 8593.5 1393.98 1376.66 739.949 636.715 524.957 435.442 151.871 283.571 601.942 100.649 39.085 61.5641 501.293 452.547 37.4324 415.115 407.604 380.835 169.368 26.7694 211.467
internal_count=68371 268 144 57 68103 2127 471 388 65976 9211 8319 3467 4852 3199 2680 1115 1565 2888 507 275 232 2381 2263 217 2046 1981 1835 428 146 1407
is_linear=0
shrinkage=0.1


Tree=96
num_leaves=31
num_cat=0
split_feature=8 10 3 7 13 2 17 2 0 14 15 9 17 14 12 7 5 4 19 4 9 5 17 1 5 5 3 17 18 2
split_gain=7.63288 43.1687 52.9719 42.2853 36.0519 47.0525 35.6117 49.8752 29.6766 33.7302 28.9231 26.2104 43.0815 32.8284 31.4643 43.4957 38.0075 40.3434 31.9283 27.0638 26.9654 33.4831 40.833 64.4748 39.8328 43.5666 29.0761 40.6772 34.2837 28.0903
threshold=2.4021434854465309e-10 2.9511440992355351 0.09130382844759502 0.088456118201514639 1.6708111166954043 6.4961200406419747e-10 0.12781871448863638 2.3200117682700919e-10 2.7080178738235738e-10 0.018604665063321594 4.219148104311899e-05 0.077090809559832649 0.15223277698863638 0.014650140888988973 0.30995011329650884 0.050056374971752089 0.024732569683661179 4.1279283583894501e-11 4.2972495555877694 1.3494266978442379e-10 0.050478251766326358 0.020124620175257017 0.11574485085227275 0.42817088703356043 0.013992114426023267 0.010069602065317956 0.066368380670368349 0.12906161221590912 -0.13835033528845417 1.3458181711378236e-10
decision_type=2 2 2 2 2 2 2 2 2 2 2 2 2 2 2 2 2 2 2 2 2 2 2 2 2 2 2 2 2 2
left_child=3 2 8 11 -4 -6 7 -5 -2 -10 -3 13 -13 14 20 16 17 -16 19 -17 26 24 23 -23 25 -22 29 28 -28 -1
right_child=1 10 4 6 5 -7 -8 -9 9 -11 -12 12 -14 -15 15 18 -18 -19 -20 -21 21 22 -24 -25 -26 -27 27 -29 -30 -31
leaf_value=0.0016848576798917598 0.044867845253298753 -0.099119537666119473 0.16392845471960313 -0.15680739989244652 -0.17788199460869358 0.058995535818312773 0.061047172048261267 0.050852190085251325 -0.075106435278559411 0.031217952082499424 0.002269963365756379 0.034617106694836725 -0.14272161740872111 0.038076858128619745 -0.01847948308262997 -0.12771331905234753 -0.12706451786747031 0.1193570899732963 0.017619113408845161 0.048317866156837502 -0.16765633260258961 -0.080733210737836 0.07819118627140835 0.12718485335840132 -0.093018830384609147 0.082515374193216903 0.017972441509229966 -0.085704794387561956 -0.011598851039966999 0.02869034294957248
leaf_weight=2031.5293559422716 28.314961272291839 28.530313628725708 18.762615956366062 19.752816315740347 11.267997821792958 32.781504919985309 198.47547919210047 27.905646786093712 251.12704734690487 33.859757137019187 2034.8160243939346 23.702490803785622 32.457748132757843 226.79850732721388 55.19875981612131 79.749355300795287 17.370074103120714 34.510589368641376 25.906417537480593 9.8080858513712865 8.4061048189178091 46.728942958638072 155.9269994944334 21.906155934557319 42.29220553021878 40.494848057627678 479.41925442044158 65.983047238434665 2151.4471642208809 475.28093892242759
leaf_count=19938 189 274 23 217 111 176 610 83 2147 199 10062 117 343 760 394 935 297 134 130 24 124 363 549 50 669 95 2888 1329 22267 2874
internal_value=-6.52925e-05 -0.00481149 -0.0359691 0.00178099 0.0478461 -0.00159846 0.042408 -0.0352157 -0.0527727 -0.0624739 0.00086803 0.000121273 -0.0678756 0.000761058 -0.000712859 -0.0375782 0.00832951 0.0345453 -0.0801524 -0.108435 0.000773556 0.0291486 0.0499001 -0.0143723 -0.0219519 0.0395107 -0.000948224 -0.00815509 -0.00621011 0.00680499
internal_weight=8710.51 2439.46 376.114 6271.05 62.8121 44.0495 246.134 47.6585 313.302 284.987 2063.35 6024.92 56.1602 5968.76 5741.96 222.543 107.079 89.7093 115.464 89.5574 5519.42 315.755 224.562 68.6351 91.1932 48.901 5203.66 2696.85 2630.87 2506.81
internal_count=68371 13181 2845 55190 310 287 910 300 2535 2346 10336 54280 460 53820 53060 1914 825 528 1089 959 51146 1850 962 413 888 219 49296 26484 25155 22812
is_linear=0
shrinkage=0.1


Tree=97
num_leaves=31
num_cat=0
split_feature=8 7 12 9 10 12 7 14 13 7 5 18 5 13 14 4 12 17 14 3 9 7 19 5 10 2 8 7 17 8
split_gain=7.25959 26.7727 25.8436 19.5804 31.1378 23.926 38.7195 28.9794 28.7106 26.7976 29.8915 38.3192 25.9769 24.5217 41.7593 30.64 22.7415 20.7024 20.3842 34.6008 32.1788 25.6135 37.0639 22.4503 22.0034 20.6248 19.9162 19.3606 49.1482 41.0114
threshold=9.6163652047615862e-12 0.028862887059984726 0.15572146326303485 0.0068659033732054418 1.6894254684448244 0.14861738681793216 0.026104907209765934 0.0070512066595256337 1.9085313677787783 0.0051814033537294878 0.043620918104434817 -0.029450225220485165 0.074295588602901017 1.2857027649879458 0.0066937687806785115 2.1845646080549205e-10 0.15721683949232104 0.11614435369318184 0.0055691599845886239 0.1174726261648216 0.0056649091351053888 0.0072095364623268174 0.4446417391300202 0.04309485726474567 2.1235901117324834 1.4811224972281802e-10 1.0794386852555398e-11 0.015027902886263862 0.10100763494318184 2.1167868648690601e-11
decision_type=2 2 2 2 2 2 2 2 2 2 2 2 2 2 2 2 2 2 2 2 2 2 2 2 2 2 2 2 2 2
left_child=1 -1 -3 4 -2 6 7 8 9 -6 18 12 -12 15 -15 17 -17 -7 20 21 -11 22 -20 -21 25 -22 -8 28 29 -5
right_child=3 2 -4 27 5 13 26 -9 -10 10 11 -13 -14 14 -16 16 -18 -19 19 23 24 -23 -24 -25 -26 -27 -28 -29 -30 -31
leaf_value=0.0022488145111225094 -0.13448469810893265 0.065582442773965494 -0.085423848630283045 0.06244438475479111 -0.13201449775137955 -0.17071850784816991 0.072235731436730927 0.033051329213448659 -0.10616443374428244 -0.12574522918458386 -0.064302083322650125 -0.15134090101558284 0.078598783022915356 0.054455986975953587 -0.10705580303552031 0.094154342001915844 -0.14406325965631958 0.14260041161258083 -0.078862854614384095 -0.14590096311517758 0.032025144467369017 0.087787679558907969 0.10059972848748787 0.17208229402327732 0.18143979064306717 -0.15906512773910755 -0.088153269945106624 -0.0013279624501659618 -0.032326861727234056 -0.038409845433300505
leaf_weight=1835.8668349455111 22.129593262448907 111.51280512032099 12.61565797892399 228.05647169006988 19.654553685337305 36.172448961529881 78.29299602471292 92.560732230078429 43.237485212739557 24.916874929564074 34.051438631489873 30.245403924956918 20.307194467633963 38.585024843690917 27.359103541821241 11.044020216912033 6.2898200824856749 2.2394211292266837 28.528214995749295 15.133415428455921 22.546059357933704 72.605739533901215 19.289281666278839 2.6020743846893302 6.9614127846434704 7.5362101024948052 8.5916863456368429 5651.6643893980363 118.55016569141299 48.978907895972952
leaf_count=19316 325 244 122 1141 301 361 149 425 649 487 180 239 38 190 369 31 65 1 199 260 90 157 29 1 14 116 52 40360 1960 500
internal_value=-6.69247e-05 0.00528783 0.0502351 -0.00162916 -0.0178377 -0.0138587 -0.004631 -0.0166728 -0.0299131 -0.0190814 -0.0112856 -0.0611179 -0.0109175 -0.0538255 -0.0125525 -0.102649 0.00771384 -0.152452 0.00978193 0.0311552 -0.0378758 0.0503605 -0.00646876 -0.0992478 0.0212282 -0.0158468 0.0563755 0.000169006 0.0215559 0.0446137
internal_weight=8678.13 1960 124.128 6718.13 670.88 648.751 527.061 440.176 347.615 304.378 284.723 84.604 54.3586 121.69 65.9441 55.7457 17.3338 38.4119 200.119 138.159 61.9606 120.423 47.8175 17.7355 37.0437 30.0823 86.8847 6047.25 395.586 277.035
internal_count=68371 19682 366 48689 4728 4403 3386 3185 2760 2111 1810 457 218 1017 559 458 96 362 1353 646 707 385 228 261 220 206 201 43961 3601 1641
is_linear=0
shrinkage=0.1


Tree=98
num_leaves=31
num_cat=0
split_feature=8 10 6 14 8 9 14 9 5 14 0 4 2 5 19 14 18 5 6 12 1 12 10 6 13 5 2 18 4 6
split_gain=6.59021 40.6093 38.9639 37.9271 69.7372 36.9839 47.5494 80.4416 60.684 42.0704 47.5888 41.8205 37.7632 37.174 32.9296 32.6203 37.0022 32.2322 47.0112 32.1315 30.95 30.221 29.9268 28.8173 28.2883 27.4763 33.6848 26.4451 33.7358 47.1474
threshold=1.6991916231761674e-10 2.53001880645752 1.7837495598199625e-10 0.011009523645043375 7.4288388253844795e-11 0.041901182352726073 0.0077072351705282935 0.029622327782396114 0.012815488907830184 0.0099074877798557299 5.4604589244714027e-09 3.7262225567423128e-11 6.8828777959619032e-10 0.013992114426023267 1.125618636608124 0.0116635630838573 -0.1946571143767373 0.0097214582739783041 6.0663087500707022e-11 0.25116838514804846 0.22932215046177298 0.22960649430751803 2.4192618131637578 7.1344756798289237e-11 2.3476074934005742 0.010620998970993433 8.2168954573313599e-11 0.24193939687260854 6.5595650328292069e-11 3.5277330635666471e-10
decision_type=2 2 2 2 2 2 2 2 2 2 2 2 2 2 2 2 2 2 2 2 2 2 2 2 2 2 2 2 2 2
left_child=1 3 -2 5 20 6 19 8 -8 14 -11 13 -10 17 -9 16 -3 18 -7 24 -5 -15 -6 -13 -1 -24 -27 -4 -29 -30
right_child=2 15 27 4 22 11 7 9 12 10 -12 23 -14 21 -16 -17 -18 -19 -20 -21 -22 -23 25 -25 -26 26 -28 28 29 -31
leaf_value=0.0020405945447575617 -0.069441656228730914 0.096702725739143902 -0.0084723531552848876 -0.11929447604908353 -0.13139148897817798 0.074014858709314221 0.01152406731304683 -0.062726439014570465 -0.11392969571518206 -0.11745750257631625 0.36979962777273423 0.19077475700548985 0.026490578905270248 0.27440929054338897 0.034552484579483587 0.04582831852292657 -0.020818359161204628 0.067994503921863167 -0.17857698105134848 0.089662103163050941 0.101422718863126 -0.074277809750329424 0.13044776458613264 0.053773901469769285 -0.087370138251361584 0.0828894125756999 -0.10354324077859603 -0.05158723322510126 0.057361546498225502 0.0035369110858553612
leaf_weight=3995.5606819849927 88.043946671765298 31.395482765510678 1934.626592710425 7.7187336809001854 65.395953059662133 14.450456994585695 68.18862570472993 41.012929054442793 171.29696260706987 37.038187467493117 2.119097056798636 17.056456036865711 21.562595750205219 2.5857662726193658 229.61621759459376 355.37404542416334 182.69295299728401 77.822514206636697 15.033967517782001 41.52852423209697 35.90964418835938 64.185870436951518 8.6615489311516267 153.77259916905314 35.701920264866203 12.545082625001667 42.605744767934084 75.688077621161938 223.5734883248806 598.10240552132018
leaf_count=37290 817 109 11403 203 899 33 451 621 4503 475 4 51 130 9 1392 1289 1369 175 246 162 186 1095 20 822 450 45 471 544 670 2437
internal_value=-6.116e-05 0.00190902 -0.00392781 -0.000887091 -0.0469404 0.000708509 -0.00163811 -0.0286674 -0.0695611 0.00579252 -0.0910883 0.032302 -0.0982301 -0.00219267 0.0198102 0.0272518 -0.00358421 0.03426 -0.0547805 0.00215026 0.0623734 -0.0607747 -0.0838512 0.0674528 0.00124875 -0.0351312 -0.0611357 -0.00189105 0.0122976 0.0181823
internal_weight=8650.87 5730.83 2920.03 5161.37 172.837 4988.53 4643.63 570.835 261.048 309.786 39.1573 344.908 192.86 174.079 270.629 569.462 214.088 107.307 29.4844 4072.79 43.6284 66.7716 129.208 170.829 4031.26 63.8124 55.1508 2831.99 897.364 821.676
internal_count=68371 52500 15871 49733 1824 47909 45478 7576 5084 2492 479 2431 4633 1558 2013 2767 1478 454 279 37902 389 1104 1435 873 37740 536 516 15054 3651 3107
is_linear=0
shrinkage=0.1


Tree=99
num_leaves=31
num_cat=0
split_feature=17 4 12 4 18 18 8 13 19 2 7 17 12 11 6 5 6 10 8 11 11 3 17 19 6 6 8 4 2 19
split_gain=6.61883 23.3319 22.2958 38.7264 28.123 19.6752 18.7565 18.5973 25.0656 18.0554 18.0011 17.7425 37.5009 20.0696 17.4533 17.6921 53.0385 32.1075 39.0807 36.3907 30.2302 24.9016 23.93 21.536 33.9365 32.7694 44.1366 24.3611 23.5846 27.9496
threshold=0.15516246448863638 1.5818239634122827e-11 0.38759994506835943 9.1135157222952715e-11 -0.1110345151868056 0.2802216739139774 2.1167868648690601e-11 1.8735244870185854 0.72806692123413097 1.4151084135381239e-09 0.10203949228336366 0.12737482244318185 0.11915531381964685 1.6893757226466024e-10 2.8408463141387762e-11 0.0081239914777192414 4.5183863815933121e-11 1.6974077820777895 4.1204563759203376e-11 1.3215912253450315e-09 9.5334101724020591e-10 0.044862812698824951 0.18521395596590912 1.066602408885956 5.8682911568516085e-10 2.7262062254274365e-10 1.7547626655325306e-10 7.0210289898083925e-11 5.8414552584639355e-10 0.9709802269935609
decision_type=2 2 2 2 2 2 2 2 2 2 2 2 2 2 2 2 2 2 2 2 2 2 2 2 2 2 2 2 2 2
left_child=1 5 -3 -4 9 11 -2 8 -6 -5 -10 12 13 -1 -8 16 -16 18 19 -17 21 22 -19 24 -22 26 27 -25 29 -26
right_child=6 2 3 4 7 -7 14 -9 10 -11 -12 -13 -14 -15 15 17 -18 20 -20 -21 23 -23 -24 25 28 -27 -28 -29 -30 -31
leaf_value=-0.14398823138517663 -0.11773631746029503 0.0011432178112689767 -0.11728671056080975 -0.15711550939880822 0.068836067826091293 -0.092967730653571945 0.077180954865017748 0.000878908835545162 0.029355121801532803 0.071348982424006821 -0.17767711129792005 0.026959146807625831 -0.11012846361798995 0.037428300404411231 0.016305948011204659 -0.21380961961315201 -0.10393893871282232 0.026474691759098314 0.075767302704559697 0.070318838671634881 0.056292615441782212 -0.1284465310576792 -0.13874129408692354 0.0051197524870147844 -0.147099566272586 0.017716507702904769 -0.098399490767072384 -0.20168695750622956 0.062033183217222336 0.07366193680051987
leaf_weight=7.0246597167570135 12.014080581255255 6716.5525943934044 39.013427062425762 19.938567674253139 8.5344208627939206 45.179089562909212 35.246921743266284 338.67438064096496 5.4308595731854465 4.185258660465478 18.526436334475875 56.077466957329307 45.508659944694955 46.224472638568841 107.12852217815816 9.6944760882761347 55.783538188785315 37.620054156985134 121.12268256768584 8.425458647310732 173.97978205699474 29.375728898216039 11.430437008850275 160.33552150055766 22.731054206378762 382.98181492384174 66.932837914675474 5.9057700969278804 14.941491057630627 7.6700749583542338
leaf_count=913 398 53094 440 244 29 754 84 1601 16 33 163 504 1228 1001 451 109 951 338 274 15 498 623 205 703 1435 1617 517 59 49 25
internal_value=-6.9774e-05 -0.00121891 -0.000276677 -0.0222355 -0.0128544 -0.0349053 0.00661669 -0.00605433 -0.0783222 -0.117479 -0.130745 -0.0179634 -0.0434716 0.0134957 0.00781063 0.00579996 -0.0248677 0.010544 0.0552764 -0.0816948 0.00372852 -0.0556332 -0.0120263 0.0093008 0.0362111 -0.000278007 -0.0298335 -0.00222712 -0.0408416 -0.0914024
internal_weight=8614.19 7350.87 7150.86 434.303 395.29 200.014 1263.32 371.166 32.4917 24.1238 23.9573 154.835 98.7578 53.2491 1251.31 1216.06 162.912 1053.15 139.243 18.1199 913.905 78.4262 49.0505 835.478 219.322 616.156 233.174 166.241 45.3426 30.4011
internal_count=68371 60020 55620 2526 2086 4400 8351 1809 208 277 179 3646 3142 1914 7953 7869 1402 6467 398 124 6069 1166 543 4903 2007 2896 1279 762 1509 1460
is_linear=0
shrinkage=0.1


end of trees

feature_importances:
line_length=284
rel_bp_alpha=238
zero_crossing_rate=238
rel_bp_theta=236
bp_gamma=217
hjorth_complexity=202
hjorth_mobility=185
kurtosis=165
bp_alpha=157
rel_bp_delta=155
rel_bp_beta=154
bp_beta=150
rel_bp_gamma=137
spectral_entropy=95
skewness=94
hjorth_activity=89
bp_theta=85
bp_delta=71
rms_amplitude=48

parameters:
[boosting: gbdt]
[objective: binary]
[metric: binary_logloss]
[tree_learner: serial]
[device_type: cpu]
[data_sample_strategy: bagging]
[data: ]
[valid: ]
[num_iterations: 100]
[learning_rate: 0.1]
[num_leaves: 31]
[num_threads: 2]
[seed: 42]
[deterministic: 0]
[force_col_wise: 0]
[force_row_wise: 0]
[histogram_pool_size: -1]
[max_depth: -1]
[min_data_in_leaf: 20]
[min_sum_hessian_in_leaf: 0.001]
[bagging_fraction: 1]
[pos_bagging_fraction: 1]
[neg_bagging_fraction: 1]
[bagging_freq: 0]
[bagging_seed: 400]
[bagging_by_query: 0]
[feature_fraction: 1]
[feature_fraction_bynode: 1]
[feature_fraction_seed: 30056]
[extra_trees: 0]
[extra_seed: 12879]
[early_stopping_round: 0]
[early_stopping_min_delta: 0]
[first_metric_only: 0]
[max_delta_step: 0]
[lambda_l1: 0]
[lambda_l2: 0]
[linear_lambda: 0]
[min_gain_to_split: 0]
[drop_rate: 0.1]
[max_drop: 50]
[skip_drop: 0.5]
[xgboost_dart_mode: 0]
[uniform_drop: 0]
[drop_seed: 17869]
[top_rate: 0.2]
[other_rate: 0.1]
[min_data_per_group: 100]
[max_cat_threshold: 32]
[cat_l2: 10]
[cat_smooth: 10]
[max_cat_to_onehot: 4]
[top_k: 20]
[monotone_constraints: ]
[monotone_constraints_method: basic]
[monotone_penalty: 0]
[feature_contri: ]
[forcedsplits_filename: ]
[refit_decay_rate: 0.9]
[cegb_tradeoff: 1]
[cegb_penalty_split: 0]
[cegb_penalty_feature_lazy: ]
[cegb_penalty_feature_coupled: ]
[path_smooth: 0]
[interaction_constraints: ]
[verbosity: -1]
[saved_feature_importance_type: 0]
[use_quantized_grad: 0]
[num_grad_quant_bins: 4]
[quant_train_renew_leaf: 0]
[stochastic_rounding: 1]
[linear_tree: 0]
[max_bin: 255]
[max_bin_by_feature: ]
[min_data_in_bin: 3]
[bin_construct_sample_cnt: 200000]
[data_random_seed: 175]
[is_enable_sparse: 1]
[enable_bundle: 1]
[use_missing: 1]
[zero_as_missing: 0]
[feature_pre_filter: 1]
[pre_partition: 0]
[two_round: 0]
[header: 0]
[label_column: ]
[weight_column: ]
[group_column: ]
[ignore_column: ]
[categorical_feature: ]
[forcedbins_filename: ]
[precise_float_parser: 0]
[parser_config_file: ]
[objective_seed: 16083]
[num_class: 1]
[is_unbalance: 0]
[scale_pos_weight: 1]
[sigmoid: 1]
[boost_from_average: 1]
[reg_sqrt: 0]
[alpha: 0.9]
[fair_c: 1]
[poisson_max_delta_step: 0.7]
[tweedie_variance_power: 1.5]
[lambdarank_truncation_level: 30]
[lambdarank_norm: 1]
[label_gain: ]
[lambdarank_position_bias_regularization: 0]
[eval_at: ]
[multi_error_top_k: 1]
[auc_mu_weights: ]
[num_machines: 1]
[local_listen_port: 12400]
[time_out: 120]
[machine_list_filename: ]
[machines: ]
[gpu_platform_id: -1]
[gpu_device_id: -1]
[gpu_use_dp: 0]
[num_gpu: 1]

end of parameters

pandas_categorical:[]
