tree
version=v4
num_class=1
num_tree_per_iteration=1
label_index=0
max_feature_idx=19
objective=binary sigmoid:1
feature_names=bp_delta rel_bp_delta bp_theta rel_bp_theta bp_alpha rel_bp_alpha bp_beta rel_bp_beta bp_gamma rel_bp_gamma spectral_entropy hjorth_activity hjorth_mobility hjorth_complexity line_length rms_amplitude variance zero_crossing_rate skewness kurtosis
feature_infos=[1.7607765955501338e-10:4.3215619961355471e-08] [0.10565990315063592:0.76467826778290204] [6.886847709059654e-11:1.7210055032594471e-08] [0.036877016118727318:0.49834521653765423] [1.1387294165286761e-11:9.6995481861019487e-09] [0.0044256816604967214:0.21778966887828199] [8.7733072633505904e-12:4.9902752196458559e-09] [0.0022487324037423068:0.21352838597538823] [1.7987751146389347e-12:4.1249068537620296e-09] [0.00053565763268195732:0.27804087789968768] [1.3662873506546021:4.6918354034423828] [3.6077943410539604e-10:6.7970361783409317e-08] [0.081034399569034576:0.72332358360290527] [1.077217698097229:4.1196889877319336] [0.0032954423222690821:0.059766635298728943] [1.8757922589429654e-05:0.0002481781120877713] [3.6077943410539604e-10:6.7970361783409317e-08] [0.028675426136363636:0.26358309659090912] [-0.92587920007380575:1.1293883662967181] [-0.40204468369483948:22.504726409912109]
tree_sizes=3384 3395 3393 3413 3384 3415 3402 3408 3399 3403 3417 3426 3402 3422 3408 3407 3407 3410 3397 3418 3412 3427 3407 3426 3408 3423 3423 3416 3426 3406 3427 3410 3424 3439 3438 3453 3435 3433 3442 3456 3434 3433 3435 3427 3450 3436 3447 3484 3451 3463 3459 3460 3466 3436 3447 3446 3450 3468 3478 3448 3459 3479 3464 3455 3476 3475 3462 3499 3465 3478 3494 3458 3481 3488 3491 3449 3496 3483 3499 3486 3485 3496 3504 3475 3486 3514 3488 3493 3488 3514 3496 3508 3490 3512 3500 3486 3507 3535 3526 3486

Tree=0
num_leaves=31
num_cat=0
split_feature=3 8 8 17 3 17 10 4 2 4 6 3 7 8 3 2 13 12 7 15 0 1 19 2 5 13 10 9 5 8
split_gain=3245.97 1045.93 476.95 384.273 225.768 190.008 184.402 191.035 127.259 84.0858 93.4754 80.6089 72.8452 71.8188 77.5031 71.6142 56.7821 74.0982 82.2625 54.0245 85.237 43.9209 41.0296 96.1595 36.7634 48.5726 45.8846 33.2118 27.3487 83.223
threshold=0.15829335726744612 2.029215050100082e-11 1.5897149985202667e-11 0.10859818892045457 0.11130558834165355 0.10615678267045457 2.5118941068649296 2.085831627959518e-10 1.1398405420284051e-09 4.8559537277727625e-11 7.6727286713673648e-11 0.16254192448884761 0.072172639409395126 1.9077430227797763e-10 0.14931227331480049 1.5833280982675394e-09 1.6928867697715761 0.2277057692408562 0.027992749167745166 6.9993599026929601e-05 2.4933776653206108e-09 0.2719359899012867 1.3782856464385989 8.5186810119346342e-10 0.013683608784400008 1.5834742784500124 2.1933760643005376 0.069880002178973499 0.016710712709821413 6.7749499790803135e-11
decision_type=2 2 2 2 2 2 2 2 2 2 2 2 2 2 2 2 2 2 2 2 2 2 2 2 2 2 2 2 2 2
left_child=2 -2 -1 4 -4 8 24 9 12 13 -11 -7 16 14 -8 -5 17 18 -3 -12 -21 -13 -18 -24 26 -26 -6 -14 -27 -30
right_child=1 5 3 15 6 11 7 -9 -10 10 19 21 27 -15 -16 -17 22 -19 -20 20 -22 -23 23 -25 25 28 -28 -29 29 -31
leaf_value=-0.20000006643930995 -0.20000006643930995 0.12040809259017882 -0.20000006643930995 -0.20000006643930995 0.16541971533547239 0.11542686048588376 -0.2000000664393099 0.17076180974718919 0.18385556462605426 0.11740065122774047 -0.20000006643930995 0.067233970220783895 -0.2000000664393099 0.19687023127794478 0.11740065122774047 0.14316932922845835 0.1470688717189873 0.14456804451267383 -0.20000006643930995 0.16151308914441848 -0.20000006643930995 -0.20000006643930995 -0.20000006643930995 0.13368749630403157 -0.20000006643930995 0.1600695533697708 -0.20000006643930995 0.071525560873359956 -0.20000006643930987 0.17349186054834118
leaf_weight=484.70202416181564 97.503416687250137 13.504409506916998 54.765698611736298 171.71861574053764 5.9204826951026908 20.576507359743118 17.658099085092548 35.01106721162796 557.97719407081604 13.632366746664045 82.788334116339684 8.0957557708024961 10.364536419510843 16.353918448090553 13.632366746664045 6.304354414343833 349.07717277109623 31.393814831972122 19.705414921045303 11.968922629952433 14.33121085166931 25.591447949409485 11.772066056728361 32.417472749948502 4.478503391146659 96.135252758860588 8.1892633438110334 7.9677985310554496 9.0849640220403689 17.377576366066933
leaf_count=3788 762 23 428 1342 5 37 138 26 275 24 647 22 81 4 24 8 417 39 154 11 112 200 92 47 35 91 64 21 71 12
internal_value=-7.30832e-08 0.113771 -0.126804 -0.0655658 -0.0113236 0.141878 0.0184921 -0.041988 0.151449 -0.0857094 -0.129484 -0.0405225 0.113477 0.0270426 -0.0617176 -0.187847 0.121304 0.0344175 -0.0697096 -0.160336 -0.0354791 -0.135778 0.135577 0.0447933 0.10647 0.123473 -0.0466691 -0.0819866 0.13529 0.0452668
internal_weight=2250 1185.95 1064.05 579.351 401.328 1088.44 346.562 205.376 1034.18 170.365 122.721 54.2637 476.203 47.6444 31.2905 178.023 457.87 64.6036 33.2098 109.088 26.3001 33.6872 393.267 44.1895 141.186 127.076 14.1097 18.3323 122.598 26.4625
internal_count=9000 2170 6830 3042 1692 1408 1264 986 1149 960 794 259 874 166 162 1350 772 216 177 770 123 222 556 139 278 209 69 102 174 83
is_linear=0
shrinkage=1


Tree=1
num_leaves=31
num_cat=0
split_feature=3 8 8 17 3 17 10 4 2 4 6 3 13 7 2 14 5 15 0 1 14 13 3 5 10 5 13 17 17 13
split_gain=2653.01 854.404 391.182 314.753 184.811 155.202 150.555 156.078 105.177 68.7905 76.5088 65.7557 61.1604 59.3655 58.6614 48.6198 76.5233 44.3097 69.694 36.0355 31.2433 57.3396 41.6983 47.0576 29.2669 36.6576 27.2054 100.482 40.9281 78.0484
threshold=0.15829335726744612 2.029215050100082e-11 1.5897149985202667e-11 0.10859818892045457 0.11130558834165355 0.10615678267045457 2.5118941068649296 2.085831627959518e-10 1.1398405420284051e-09 4.8559537277727625e-11 7.6727286713673648e-11 0.16254192448884761 1.7300260066986086 0.072172639409395126 1.5833280982675394e-09 0.0086193983443081396 0.018491700189328723 6.9993599026929601e-05 2.4933776653206108e-09 0.2719359899012867 0.0092434952966868895 1.6502747535705569 0.12948444150784705 0.024280309576080301 2.6525491476058964 0.015358116971899158 1.8243561983108523 0.091242009943181837 0.090664950284090925 1.8360107541084292
decision_type=2 2 2 2 2 2 2 2 2 2 2 2 2 2 2 2 2 2 2 2 2 2 2 2 2 2 2 2 2 2
left_child=2 -2 -1 4 -4 8 20 9 13 12 -11 -7 -8 15 -5 16 -3 -12 -19 -13 21 -6 23 -23 -17 -26 27 -27 -28 -30
right_child=1 5 3 14 6 11 7 -9 -10 10 17 19 -14 -15 -16 24 -18 18 -20 -21 -22 22 -24 -25 25 26 28 -29 29 -31
leaf_value=-0.18187305599167422 -0.18187305599167422 -0.19953144301607159 -0.18187305599167422 -0.18187305599167422 -0.19034439068094022 0.1042434931817306 -0.18637546137283978 0.1548504510032267 0.16692441522735083 0.10603865295543978 -0.18187305599167422 0.060581581622146698 0.085887887074635239 -0.074282572023151458 0.12953840736376201 0.15169574115457868 0.097180929349524617 0.14634715089530406 -0.18187305599167422 -0.18187305599167422 0.16474922800086864 -0.19644833610151705 0.11971749732554629 0.16757859251429907 -0.20481098070146586 -0.19950711865585916 0.13727434530938262 0.11974149511199778 0.17294751234958472 -0.21015220354662165
leaf_weight=479.88715815544128 96.534850716590881 12.576958671212195 54.221674680709839 170.01282107830048 8.1139732152223569 20.508122384548187 10.650819346308706 34.757076561450958 553.2883288860321 13.585501432418821 81.965942800045013 8.0866135358810407 36.613847732543945 18.219195187091827 6.2721589207649222 171.38066774606705 28.139540359377861 11.891203790903093 14.188849449157713 25.337231159210205 45.391328439116478 9.641769811511038 71.417746394872665 5.6215301752090445 3.9397477805614463 13.207124844193457 165.87111601233482 38.889725103974342 11.140247374773027 10.175058022141455
leaf_count=3788 762 99 428 1342 64 37 84 26 275 24 647 22 82 102 8 150 56 11 112 200 27 76 108 3 31 104 189 58 5 80
internal_value=-8.77598e-06 0.103171 -0.115233 -0.059552 -0.0102878 0.128631 0.0167703 -0.0381303 0.137316 -0.0778437 -0.117627 -0.0367207 0.0245349 0.102721 -0.170793 0.109804 0.00552916 -0.14575 -0.032221 -0.123213 0.096526 0.0638582 0.0876534 -0.0623759 0.120044 0.097742 0.102723 0.0388085 0.120512 -0.00992868
internal_weight=2231.53 1177.29 1054.23 574.346 398.061 1080.76 343.84 203.653 1026.83 168.896 121.631 53.932 47.2647 473.539 176.285 455.32 40.7165 108.046 26.0801 33.4238 140.186 94.795 86.681 15.2633 414.604 243.223 239.283 52.0968 187.186 21.3153
internal_count=9000 2170 6830 3042 1692 1408 1264 986 1149 960 794 259 166 874 1350 772 155 770 123 222 278 251 187 79 617 467 436 162 274 85
is_linear=0
shrinkage=0.1


Tree=2
num_leaves=31
num_cat=0
split_feature=3 8 14 17 3 2 14 4 13 19 4 10 13 2 5 13 3 5 9 19 2 10 18 5 14 4 12 7 19 14
split_gain=2199.96 707.748 328.621 262.54 152.353 129.166 189.589 125.073 171.555 80.7124 61.6192 90.5878 54.0916 48.966 46.5024 45.8136 52.2731 93.0011 45.588 40.4891 83.6954 35.5793 25.6512 24.5564 40.323 57.4451 23.9608 55.1752 21.3212 20.5022
threshold=0.15829335726744612 2.029215050100082e-11 0.0061336085200309762 0.10859818892045457 0.11130558834165355 1.1398405420284051e-09 0.01589030493050814 4.8559537277727625e-11 2.1291477680206303 1.3474712371826174 2.085831627959518e-10 2.5563079118728642 1.5834742784500124 1.5833280982675394e-09 0.013261793968222571 1.6928867697715761 0.2241776743872155 0.015484791830023039 0.060786500945351603 1.3782856464385989 8.5186810119346342e-10 3.1350210905075078 -0.073815802408551609 0.047348086419355652 0.017715385183691982 4.2131514129340293e-10 0.24583188444375995 0.062204390418349513 0.39869160950183874 0.0086193983443081396
decision_type=2 2 2 2 2 2 2 2 2 2 2 2 2 2 2 2 2 2 2 2 2 2 2 2 2 2 2 2 2 2
left_child=2 -2 -1 4 -4 6 15 9 -9 12 11 -10 -6 -5 -14 16 17 -3 -13 26 -21 -20 28 24 -7 -26 29 -28 -16 -17
right_child=1 5 3 13 7 23 -8 8 10 -11 -12 18 14 -15 22 19 -18 -19 21 20 -22 -23 -24 -25 25 -27 27 -29 -30 -31
leaf_value=-0.16835057581780907 -0.16825815680152167 0.10908074765096237 -0.16825815680152167 -0.16825815680152167 -0.1692286018241187 0.13983090217722122 -0.18379781150981961 -0.17094235844305194 0.11697248520488512 -0.18850693992437417 0.14499158855450076 -0.17319986065175597 -0.18568534474490525 0.11823773702580397 0.087053687439554522 0.025522437651871972 0.12013059012137162 -0.18891902472622801 0.12183134668472209 -0.18276205432437084 0.10987608066078798 -0.17385683306569988 0.13668174591566659 0.17027070548722731 -0.20445901499277014 0.13802156566546459 -0.20110885116578825 0.099217922751722712 -0.1967015184575962 0.13648925832820274
leaf_weight=466.76099785417318 94.033402293920517 19.61536667495966 52.446451410651207 165.60738304257393 7.161750189960002 232.32002152502537 25.604517683386803 65.643214777112007 31.550244465470314 10.467200167477129 33.849974513053894 31.279230736196041 5.0420220121741286 6.1885793060064307 6.9425990507006627 17.652537554502487 31.622188165783882 22.468630693852901 12.41761238127947 14.076904490590094 31.967727050185204 6.053044155240058 124.27904915064573 304.82201336324215 8.5408587157726306 11.481271982192991 7.1903358846902838 40.989177845418453 4.2808237597346306 293.16501086205244
leaf_count=3782 762 32 425 1342 58 180 205 531 45 83 24 253 40 8 14 57 45 179 17 112 48 49 125 61 69 10 57 78 34 275
internal_value=-3.30758e-05 0.0946882 -0.106303 -0.0548815 -0.00964882 0.117981 0.0813174 0.0148919 -0.0419252 0.0798343 0.0316231 -0.0155788 0.0988503 -0.157938 0.112511 0.0954964 0.0229791 -0.0500212 -0.0996398 0.108693 0.0204099 0.024931 0.123607 0.151169 0.128096 -0.00807069 0.120016 0.054397 -0.0211759 0.130187
internal_weight=2185.52 1155.55 1029.97 563.209 391.413 1061.52 504.352 338.967 180.793 158.173 115.15 81.3001 147.706 171.796 140.544 478.748 73.7062 42.084 49.7499 405.042 46.0446 18.4707 135.502 557.164 252.342 20.0221 358.997 48.1795 11.2234 310.818
internal_count=9000 2170 6830 3048 1698 1408 1088 1273 919 354 388 364 271 1350 213 883 256 211 319 627 160 66 173 320 259 79 467 135 48 332
is_linear=0
shrinkage=0.1


Tree=3
num_leaves=31
num_cat=0
split_feature=3 8 8 17 17 3 10 4 2 14 19 2 13 2 15 0 13 11 17 17 18 5 19 2 5 10 5 8 18 8
split_gain=1844.91 592.682 280.832 223.087 134.956 130.052 105.03 108.483 94.7885 89.6715 49.0725 46.8667 52.1559 41.4626 41.3354 40.3009 38.7292 115.736 51.5723 57.6503 31.3604 33.3911 27.0886 49.1392 25.1634 31.7657 29.7833 42.1602 24.6329 23.0809
threshold=0.15829335726744612 2.029215050100082e-11 1.5897149985202667e-11 0.10859818892045457 0.11729847301136366 0.11130558834165355 2.5118941068649296 2.085831627959518e-10 1.1398405420284051e-09 0.01589030493050814 0.90872940421104442 4.8906806544120719e-10 1.7300260066986086 1.5833280982675394e-09 6.9993599026929601e-05 2.5220668732112658e-09 1.8182821869850161 2.7883811926088246e-09 0.085959694602272749 0.070112748579545456 -0.10591197305951604 0.019012693074740541 1.3651204705238345 8.5186810119346342e-10 0.013683608784400008 2.1933760643005376 0.017302978696769257 6.7749499790803135e-11 -0.088692699686031426 1.1597779111272722e-10
decision_type=2 2 2 2 2 2 2 2 2 2 2 2 2 2 2 2 2 2 2 2 2 2 2 2 2 2 2 2 2 2
left_child=2 -2 -1 5 8 -4 24 10 9 16 11 12 -8 -5 -12 -16 17 18 19 -3 21 -18 -22 -24 25 -7 -26 -28 -14 -20
right_child=1 4 3 13 -6 6 7 -9 -10 -11 14 -13 28 -15 15 -17 20 -19 29 -21 22 -23 23 -25 26 -27 27 -29 -30 -31
leaf_value=-0.15770764899282252 -0.15768741455716298 0.11184647665524505 -0.15768733969123511 -0.15768741455716298 -0.17178912588658771 0.13319562337064178 -0.16491925624621184 0.1317648183699697 0.1427856373992426 -0.17059759258529614 -0.16077020362259975 -0.1640668188144262 -0.17012443689006695 0.10861182311622336 0.12690837198273527 -0.15866543756768386 -0.22482328553650577 -0.19805154486089613 0.13226632012420866 -0.18175476628200937 0.12737880088451356 0.067267649505932545 -0.17058811164043469 0.1041536735224342 0.1190037796630143 -0.17667878270146051 -0.17400624016602631 0.11094487701693506 0.091754557422944708 0.0094138009340354947
leaf_weight=449.82343923300505 90.482962667942047 12.527541719377043 50.822433814406395 159.35450905561447 16.813158094882965 5.6837739646434766 11.374634020030497 33.154116600751877 535.85648089647293 13.693599462509153 62.510543845593929 15.791323915123938 3.8874250054359427 6.0694734230637541 11.474229082465174 8.6800376400351507 5.4342909678816822 17.077877961099148 85.985611833631992 14.347009733319281 265.63357889652252 13.987640887498854 8.8214827105402929 24.844151027500629 100.42285570502281 7.9149667322635651 9.1024951040744799 12.087207682430742 47.234017498791218 18.6009726151824
leaf_count=3788 762 18 428 1342 139 5 94 26 291 112 523 132 32 8 11 73 44 137 81 116 263 31 72 36 118 64 74 17 95 68
internal_value=-6.4222e-05 0.0877297 -0.0992113 -0.0509803 0.109213 -0.00879691 0.0141808 -0.0329534 0.11386 0.0816321 -0.0668833 -0.0101439 0.0287489 -0.147917 -0.120618 0.00391747 0.089024 0.0468519 0.0786668 -0.0448929 0.108678 -0.0144599 0.116669 0.0321625 0.0818457 -0.0471627 0.0962715 -0.011462 0.0718405 0.110417
internal_weight=2119.49 1124.11 995.387 545.564 1033.62 380.14 329.318 194.106 1016.81 480.954 160.952 78.2874 62.4961 165.424 82.6648 20.1543 467.26 148.539 131.461 26.8746 318.721 19.4219 299.299 33.6656 135.211 13.5987 121.613 21.1897 51.1214 104.587
internal_count=9000 2170 6830 3042 1408 1692 1264 986 1269 978 960 353 221 1350 607 84 866 420 283 134 446 75 371 108 278 69 209 91 127 149
is_linear=0
shrinkage=0.1


Tree=4
num_leaves=31
num_cat=0
split_feature=3 8 14 17 17 3 4 13 2 19 12 19 1 9 13 12 6 4 10 13 5 9 5 18 9 10 18 19 3 19
split_gain=1559.95 500.349 243.41 191.091 113.524 109.812 89.8245 128.029 86.5266 59.973 55.8011 44.138 43.709 46.2381 44.8571 50.7911 50.5907 43.1129 66.3668 41.0906 35.8642 33.8273 33.7473 31.4473 41.9114 26.0876 20.0231 21.5724 17.7928 31.4624
threshold=0.15829335726744612 2.029215050100082e-11 0.0061336085200309762 0.10859818892045457 0.11729847301136366 0.11130558834165355 4.8559537277727625e-11 2.1291477680206303 1.7270396694974636e-09 1.3474712371826174 0.25942240655422216 0.53867173194885265 0.51091377292232565 0.03285783512007321 1.6862602233886721 0.2277057692408562 8.3790485243381278e-11 2.085831627959518e-10 2.5563079118728642 1.5834742784500124 0.047348086419355652 0.060786500945351603 0.013261793968222571 0.032520372484048661 0.09369587615988885 3.1350210905075078 -0.073815802408551609 0.28493826091289526 0.16732361507154211 1.0684411525726321
decision_type=2 2 2 2 2 2 2 2 2 2 2 2 2 2 2 2 2 2 2 2 2 2 2 2 2 2 2 2 2 2
left_child=2 -2 -1 5 8 -4 9 -8 10 19 12 -12 14 -14 15 16 -3 18 -9 -7 -5 -20 -21 28 -25 -23 27 -24 -13 -30
right_child=1 4 3 20 -6 6 7 17 -10 -11 11 23 13 -15 -16 -17 -18 -19 21 22 -22 25 26 24 -26 -27 -28 -29 29 -31
leaf_value=-0.14937226066008999 -0.14927177774389738 0.080206177551617991 -0.14927177405434774 -0.14991540962933644 -0.16093063626045201 -0.15534704941192667 -0.15346436409582451 0.10215660392908339 0.14643586484078308 -0.16810542645008497 -0.18644943875975667 0.13127699031362722 -0.26102757175641617 0.13484681422396325 0.11139260739733062 0.10576133610438883 -0.17441025611444125 0.12576505271191049 -0.15420861216471496 -0.16351473845308243 0.087040408196741484 0.1059870652762822 0.10175925726783075 -0.18053875402098321 0.14815112943527453 -0.15617771899809499 0.11922609049792841 -0.18284673328272014 -0.18479126095309195 0.0672631092581258
leaf_weight=428.17339187115431 86.242760002613068 13.48322770744562 48.101277723908424 151.14440608769655 16.184660628437996 6.7378389462828627 60.759112812578678 30.388340555131435 345.0616362541914 9.9743327572941762 10.062674202024935 26.873718343675137 6.914193391799925 5.1465739160776138 469.84583502262831 36.193781621754169 18.525717727839947 31.78374570608139 28.962635815143585 4.76919862627983 6.6692785620689383 11.858313970267774 6.0813846066594106 12.59662687033415 5.6057380065321913 5.582509532570838 118.64272781461477 4.7382967323064804 6.0299531295895568 27.708841681480408
leaf_count=3782 762 28 425 1335 139 58 531 45 108 83 82 21 58 3 540 50 154 24 253 40 15 17 9 105 4 49 125 39 50 66
internal_value=-0.000103766 0.0818366 -0.0933869 -0.0478305 0.101763 -0.00838728 0.0127716 -0.0372282 0.106084 0.0688633 0.0842934 0.0107737 0.0961715 -0.0920999 0.100392 0.024607 -0.0671574 0.0278178 -0.0127221 0.0856301 -0.139902 -0.087953 0.0977261 0.0359541 -0.0793129 0.0220726 0.10735 -0.0228791 0.0705696 0.0222148
internal_weight=2040.84 1086.48 954.367 526.193 1000.23 368.38 320.278 169.335 984.049 150.944 638.987 88.8776 550.109 12.0608 538.049 68.2027 32.0089 108.576 76.7918 140.969 157.814 46.4035 134.232 78.8149 18.2024 17.4408 129.462 10.8197 60.6125 33.7388
internal_count=9000 2170 6830 3048 1408 1698 1273 919 1269 354 1161 328 833 61 772 232 182 388 364 271 1350 319 213 246 109 66 173 48 137 116
is_linear=0
shrinkage=0.1


Tree=5
num_leaves=31
num_cat=0
split_feature=3 8 8 17 17 3 2 10 4 12 5 19 1 13 1 6 8 19 2 13 2 15 0 18 9 5 8 18 19 11
split_gain=1327.7 424.865 212.871 165.326 96.07 95.4493 79.397 75.1835 77.7844 46.8929 42.4687 36.8144 36.3978 37.9468 44.1683 46.1409 36.5394 36.0582 34.6319 40.2814 32.045 31.8418 29.8557 26.2426 35.1736 23.0339 32.5594 17.7846 15.5206 53.5577
threshold=0.15829335726744612 2.029215050100082e-11 1.5897149985202667e-11 0.10859818892045457 0.11729847301136366 0.11130558834165355 1.7270396694974636e-09 2.5118941068649296 2.085831627959518e-10 0.25942240655422216 0.013433071137928623 0.53867173194885265 0.51091377292232565 1.6862602233886721 0.28228681232011382 8.3790485243381278e-11 2.2706248675528317e-10 0.90872940421104442 4.8906806544120719e-10 1.7300260066986086 1.5833280982675394e-09 6.9993599026929601e-05 2.5220668732112658e-09 0.032520372484048661 0.09369587615988885 0.017302978696769257 6.7749499790803135e-11 -0.088692699686031426 1.4793586134910586 4.288621235915003e-09
decision_type=2 2 2 2 2 2 2 2 2 2 2 2 2 2 2 2 2 2 2 2 2 2 2 2 2 2 2 2 2 2
left_child=2 -2 -1 5 6 -4 9 10 17 12 -7 -11 13 14 -3 -16 -14 18 19 -9 -5 -19 -23 -13 -25 -12 -27 -21 -15 -30
right_child=1 4 3 20 -6 7 -8 8 -10 11 25 23 16 28 15 -17 -18 21 -20 27 -22 22 -24 24 -26 26 -28 -29 29 -31
leaf_value=-0.14247535339548764 -0.14243950867881891 0.098616642587947778 -0.14243939788999857 -0.14254071531640941 -0.15224665477121577 -0.16259217630514489 0.13905798288108606 -0.15325229406849419 0.11535064243049915 -0.17259693202557097 0.10476015880231832 0.065167360313246353 -0.22587417262608001 0.10899052441884366 0.078066549488603906 -0.16934520295524999 0.12752072793001215 -0.14530055846170054 -0.14895940946491221 -0.15235176284298521 0.096461608056588821 0.11269486882035132 -0.14349680792704339 -0.16831249632191103 0.13726492468759652 -0.16070151139763894 0.097410652635961784 0.079211347915016828 -0.18049792594298392 0.10769927906088027
leaf_weight=405.59466528892517 81.581037372350693 35.606970049440861 45.822373062372208 143.77031457424164 15.435401849448679 7.3368235304951659 327.91506382077932 10.540035307407377 30.781790673732758 9.7963289245963079 100.28966400027275 59.160219945013523 7.1870956197381002 419.40494844317436 13.054508768022062 17.837166875600815 4.9345714524388313 56.61189678311348 14.361110404133795 3.5784429162740699 5.8376914262771598 10.847456455230715 7.8339045420289031 12.181343972682955 5.4530519321560851 8.531133674085142 11.441814765334128 45.343577221035957 8.4018918648362142 27.731764726340771
leaf_count=3788 762 53 428 1342 139 63 108 94 26 82 124 137 58 439 26 153 3 523 132 32 8 11 73 105 4 74 17 95 69 32
internal_value=-0.00014486 0.0766856 -0.0885744 -0.045105 0.0952277 -0.00779623 0.0992543 0.0122679 -0.029376 0.0782278 0.0709802 0.00996339 0.0892939 0.0932716 0.0227061 -0.0647915 -0.0820118 -0.0592516 -0.00958999 0.0240701 -0.133215 -0.107944 0.00526259 0.0332518 -0.0738194 0.0852297 -0.0128379 0.0622735 0.103573 0.0406869
internal_weight=1954.2 1045.68 908.523 502.928 964.1 353.32 948.665 307.498 179.898 620.75 127.599 86.5909 534.159 522.037 66.4986 30.8917 12.1217 149.116 73.8232 59.4621 149.608 75.2933 18.6814 76.7946 17.6344 120.263 19.9729 48.922 455.539 36.1337
internal_count=9000 2170 6830 3042 1408 1692 1269 1264 986 1161 278 328 833 772 232 179 61 960 353 221 1350 607 84 246 109 215 91 127 540 101
is_linear=0
shrinkage=0.1


Tree=6
num_leaves=31
num_cat=0
split_feature=3 8 8 17 3 4 10 19 5 8 2 14 5 6 8 12 19 13 13 6 12 10 5 19 17 14 6 19 7 7
split_gain=1137.81 318.084 235.817 177.269 116.197 79.2668 136.261 68.3098 54.9339 63.4379 44.8964 92.1163 40.9681 36.6168 36.9441 36.1614 23.9366 27.0347 20.5688 59.3849 55.2291 49.6986 16.5483 20.955 15.9179 14.907 35.2015 33.0838 14.7403 28.2442
threshold=0.17941970017792797 1.5897149985202667e-11 2.029215050100082e-11 0.11729847301136366 0.11130558834165355 2.085831627959518e-10 2.5902637243270878 1.3163415193557741 0.01859684703486315 1.7184906170332166e-10 1.7270396694974636e-09 0.01589030493050814 0.012768804859852987 1.8316827552201201e-10 1.1842265633848939e-10 0.28345909714698797 0.075370561331510558 1.544215261936188 1.8140041232109072 1.8030864153540318e-10 0.22048480063676837 2.584378838539124 0.020724325879376008 0.16708154976367953 0.061368075284090919 0.0091251232661306875 8.7211150636782292e-11 0.1935239061713219 0.062204390418349513 0.074135864829022943
decision_type=2 2 2 2 2 2 2 2 2 2 2 2 2 2 2 2 2 2 2 2 2 2 2 2 2 2 2 2 2 2
left_child=1 -1 -2 4 -3 6 7 12 9 13 11 18 -6 -8 -15 -11 -14 -18 19 20 21 22 23 -4 -20 26 -19 -28 -10 -30
right_child=2 3 10 -5 5 -7 8 -9 28 15 -12 -13 16 14 -16 -17 17 25 24 -21 -22 -23 -24 -25 -26 -27 27 -29 29 -31
leaf_value=-0.13683404515116973 -0.13680523371387326 -0.13681843663106805 0.091208083176478466 -0.13871900100936332 -0.17815756384007914 0.11444418174520506 -0.16646771854563946 -0.15682565795529541 -0.16178645593809379 0.10101690919300779 0.1327646465415355 -0.16422187218479106 -0.19746422591422164 0.14957435098035946 -0.15375173436343695 -0.14207170666002578 -0.15310254212554003 0.08792130772253999 0.00042465403207775983 -0.18851384261751744 0.13234024359516211 -0.1870913357832111 0.12681651213220141 -0.18475754366352229 0.1078442988100191 0.11705325207750759 0.12032939312935068 -0.19135690912798253 -0.011902276914288216 -0.14651812447519599
leaf_weight=413.33403911441565 43.5829813554883 55.868633940815926 6.0477756857872027 112.13650906085968 6.4373534694313994 69.34874153137207 27.353252753615379 14.245698928833006 38.088887460529804 44.84318046271801 296.62981452792883 14.602087229490278 3.095280408859252 9.5628671646118182 6.9217563420534125 7.0865765437483779 4.7304840981960288 74.391419850289822 14.40857197344303 9.2760181576013547 64.214476093649864 12.095105685293673 14.961780421435831 5.0484169647097588 323.90118236839771 93.021961152553558 5.2819927781820288 9.585818797349928 29.56328471750021 32.966162241995335
leaf_count=4106 433 555 11 1106 56 62 251 129 355 74 107 134 27 2 65 69 43 125 46 78 37 103 10 43 328 93 5 84 149 314
internal_value=-0.00019002 -0.0683599 0.0894189 -0.0244477 -0.000379033 0.0156174 -0.00121445 0.0546229 -0.0611473 -0.00693542 0.102372 0.0829652 0.0699489 -0.095518 0.0222102 0.0678439 0.0783502 0.0829153 0.090987 0.0537683 0.0757227 -0.019569 0.0581885 -0.0343476 0.103269 0.0890403 0.0598466 -0.0806261 -0.112746 -0.0828731
internal_weight=1862.63 1057.86 804.768 644.53 532.393 476.525 407.176 210.79 196.386 95.7676 761.185 464.555 196.544 43.8379 16.4846 51.9298 190.107 187.012 449.953 111.644 102.368 38.1531 26.058 11.0962 338.31 182.281 89.2592 14.8678 100.618 62.5294
internal_count=9000 7670 1330 3564 2458 1903 1841 562 1279 461 897 790 433 318 67 143 377 350 656 282 204 167 64 54 374 307 214 89 818 463
is_linear=0
shrinkage=0.1


Tree=7
num_leaves=31
num_cat=0
split_feature=3 8 14 17 2 14 3 4 13 19 4 10 19 9 13 11 6 17 17 18 18 18 17 9 5 12 19 3 19 19
split_gain=977.905 312.25 167.631 126.793 76.9074 84.948 71.3232 59.1331 89.3774 39.8544 25.9793 43.0237 25.1913 24.5161 23.2903 79.3355 50.7036 41.3329 37.5606 27.4725 43.7092 21.5661 20.9832 58.8329 20.0919 25.5269 51.4448 18.1477 17.245 16.7139
threshold=0.15829335726744612 2.029215050100082e-11 0.0061336085200309762 0.10859818892045457 1.1398405420284051e-09 0.01589030493050814 0.11130558834165355 4.8559537277727625e-11 2.1291477680206303 1.3474712371826174 2.085831627959518e-10 2.5563079118728642 5.6917202472686776 0.060786500945351603 1.8182821869850161 2.7883811926088246e-09 1.8030864153540318e-10 0.085959694602272749 0.070112748579545456 -0.10591197305951604 -0.20836624206805768 -0.073815802408551609 0.090664950284090925 0.056736624712786649 0.047348086419355652 0.27352112531661993 1.7295385599136355 0.14142638081931491 0.16708154976367953 0.075370561331510558
decision_type=2 2 2 2 2 2 2 2 2 2 2 2 2 2 2 2 2 2 2 2 2 2 2 2 2 2 2 2 2 2
left_child=2 -2 -1 6 5 14 -4 9 -9 21 11 -10 -5 -13 15 16 17 18 -3 20 -16 28 -21 -24 25 -6 -27 -15 -8 -23
right_child=1 4 3 12 24 -7 7 8 10 -11 -12 13 -14 27 19 -17 -18 -19 -20 22 -22 29 23 -25 -26 26 -28 -29 -30 -31
leaf_value=-0.13224629777376595 -0.13217863831885698 0.091030612515682785 -0.13209889220196053 -0.13299507588324155 0.10352500410697241 -0.14223969182323004 0.072049393600463557 -0.13877367468184068 0.086055007118529953 -0.14820089336136799 0.10530001313186849 -0.1377500065412795 0.073278937740996933 -0.14996890033200871 0.085305092811659947 -0.17874414639019567 -0.18129635932539404 0.10946430289734173 -0.16094902290547883 0.099573909378391112 -0.23059498579404478 -0.15956403360136329 -0.1930963010073696 0.10164840867769194 0.13365197169297313 -0.20343215444848184 0.1056518216956835 0.089158291298007522 -0.1626819984360417 0.091771658770539902
leaf_weight=356.37783697247505 71.811102442443371 11.383530907332899 40.013400457799435 125.93514300882816 185.24554517120123 20.832024283707142 5.9147789031267148 52.0475889518857 27.95195197314024 8.7655109167098981 27.859958410263062 24.590079814195633 6.2126249000430098 4.4102038517594329 11.303751915693285 15.995414562523363 8.1831207945942861 84.811161443591118 12.315695397555826 232.70292790234089 7.1507967114448538 2.7097895070910445 9.657388895750044 22.667859017848969 238.38977392762899 8.5074208006262797 14.672329150140284 11.319314882159231 6.6472670957446098 112.17325260490179
leaf_count=3782 762 17 425 1333 168 205 13 531 45 83 24 253 17 43 18 138 69 88 114 263 60 25 82 34 61 75 16 23 61 172
internal_value=-0.000226293 0.0683573 -0.080849 -0.0407289 0.084651 0.054823 -0.00709401 0.0104941 -0.0332249 0.0580546 0.0239213 -0.00928734 -0.123298 -0.0753843 0.0646873 0.0301094 0.0587374 0.0768391 -0.0399148 0.080872 -0.0371004 0.0722406 0.0890867 0.0135914 0.113824 0.0911455 -0.00778803 0.0221124 -0.0521599 0.0858433
internal_weight=1768.56 955.63 812.929 456.551 883.819 437.004 324.403 284.39 148.179 136.211 96.1315 68.2716 132.148 40.3196 416.172 132.689 116.694 108.51 23.6992 283.483 18.4545 127.445 265.028 32.3252 446.815 208.425 23.1797 15.7295 12.562 114.883
internal_count=9000 2170 6830 3048 1408 1088 1698 1273 919 354 388 364 1350 319 883 426 288 219 131 457 78 271 379 116 320 259 91 66 74 197
is_linear=0
shrinkage=0.1


Tree=8
num_leaves=31
num_cat=0
split_feature=8 3 17 3 4 19 10 6 5 5 12 4 4 5 6 15 0 18 13 12 10 4 5 13 4 18 14 10 13 18
split_gain=849.84 415.773 135.252 87.4358 59.6737 101.616 64.8565 43.4329 49.1443 40.9077 68.0941 35.576 38.5805 28.0254 26.0415 21.6675 25.2638 18.7958 17.5502 33.7042 36.8635 27.1467 16.3321 15.002 21.5739 15.0266 13.4492 33.7398 12.0041 23.1285
threshold=1.5897149985202667e-11 0.17941970017792797 0.11729847301136366 0.11130558834165355 2.085831627959518e-10 1.3163415193557741 2.5902637243270878 1.5358390728478297e-10 0.01859684703486315 0.047348086419355652 0.25942240655422216 1.0931868464337544e-10 8.759427623343531e-11 0.013433071137928623 1.5182473220655805e-10 6.9993599026929601e-05 2.5220668732112658e-09 -0.25081812243760476 1.8140041232109072 0.22048480063676837 2.584378838539124 5.5677742167379516e-11 0.013582794940028483 1.5834742784500124 3.0868069685912215e-11 -0.1425391509493982 0.012452730443328621 2.9079047441482548 1.8182821869850161 0.16951375087691389
decision_type=2 2 2 2 2 2 2 2 2 2 2 2 2 2 2 2 2 2 2 2 2 2 2 2 2 2 2 2 2 2
left_child=-1 2 3 -2 5 6 13 -8 28 10 17 12 -12 14 -5 -7 -17 -3 19 20 21 -19 -20 24 -15 -25 27 -10 29 -9
right_child=1 9 -4 4 -6 15 7 8 26 -11 11 -13 -14 23 -16 16 -18 18 22 -21 -22 -23 -24 25 -26 -27 -28 -29 -30 -31
leaf_value=-0.12816669461882196 -0.1281572069342134 -0.2273288613054846 -0.12975897554422161 -0.16704233470884408 0.10304426120383621 -0.13683348774050064 -0.16966559544500115 -0.15456617846256201 -0.1568069178569137 0.12924962841758716 -0.15738059700607612 -0.18731717931361788 0.081939813685672949 0.12928316051115515 0.1271063032098457 0.089684603003898605 -0.14625029356401681 -0.1587200481193452 -0.27610235733217098 0.097018783800365604 -0.16683760779567955 0.099129409321937118 0.10161868733587261 -0.16208527996399463 -0.14876211899376848 0.084332316772465762 -0.14429747737234985 0.093052883600271863 0.079070526801848964 0.1366938438172578
leaf_weight=396.45942740887403 48.690805099904537 1.881414271891116 97.984571598470211 9.610159330070017 63.132603816688061 56.569526329636574 19.662311889231205 6.7228878363966924 10.820482082664968 206.32359975576401 9.4624590426683408 12.146656483411787 23.379146188497543 4.6570614576339704 4.3822118490934363 10.513704888522627 7.9858326986432067 5.138926729559901 1.1486247181892384 63.361582882702351 12.037165798246859 19.872081108391285 336.63358929008245 2.5147418528795233 6.9629166573286057 155.3105191141367 21.057823657989502 10.797237060964106 43.964534059166908 4.5862857475876808
leaf_count=4520 555 17 1106 88 62 604 189 65 110 56 89 116 52 3 2 17 84 49 10 78 109 25 315 24 66 250 217 19 101 2
internal_value=-0.000266974 0.0394313 -0.022544 -0.0010139 0.0130799 -0.0020209 0.0239347 -0.0340318 -0.00680473 0.0919533 0.0760891 -0.0410952 0.0129858 0.0611001 -0.0749192 -0.106111 -0.0121632 0.0880687 0.0894229 0.0527167 -0.0230509 0.04615 0.100334 0.0723322 -0.037327 0.080406 -0.0874178 -0.0320114 0.0554348 -0.0364495
internal_weight=1673.77 1277.31 585.926 487.942 439.251 376.118 301.049 117.612 97.9493 691.385 485.062 44.9883 32.8416 183.438 13.9924 75.0691 18.4995 440.073 438.192 100.41 37.0482 25.011 337.782 169.445 11.62 157.825 42.6755 21.6177 55.2737 11.3092
internal_count=9000 4480 3564 2458 1903 1841 1136 703 514 916 860 257 141 433 90 705 101 603 586 261 183 74 325 343 69 274 346 129 168 67
is_linear=0
shrinkage=0.1


Tree=9
num_leaves=31
num_cat=0
split_feature=8 3 17 3 4 19 10 2 14 6 5 17 17 19 15 0 6 13 6 12 10 13 7 18 3 14 17 3 18 1
split_gain=743.089 358.054 119.316 76.6199 51.0908 87.8629 54.7381 39.29 59.8777 37.2337 41.918 23.9224 20.449 42.1189 19.3321 21.741 18.9995 15.9881 42.0239 42.1183 26.7793 14.8518 18.0403 12.7654 12.2075 19.042 10.8261 15.886 10.0347 17.2263
threshold=1.5897149985202667e-11 0.17941970017792797 0.11729847301136366 0.11130558834165355 2.085831627959518e-10 1.3163415193557741 2.5902637243270878 1.7270396694974636e-09 0.01589030493050814 1.5358390728478297e-10 0.01859684703486315 0.059992009943181823 0.061012961647727279 0.081138364970684065 6.9993599026929601e-05 2.5220668732112658e-09 8.3790485243381278e-11 1.8140041232109072 1.8030864153540318e-10 0.22048480063676837 2.584378838539124 1.5834742784500124 0.062825235198948712 -0.1425391509493982 0.16254192448884761 0.012452730443328621 0.098122336647727279 0.16592005220541015 -0.10591197305951604 0.40824111603263397
decision_type=2 2 2 2 2 2 2 2 2 2 2 2 2 2 2 2 2 2 2 2 2 2 2 2 2 2 2 2 2 2
left_child=-1 2 3 -2 5 6 11 8 12 -8 26 16 13 -3 -7 -16 -5 18 19 20 -14 22 -13 -23 -12 -26 -11 -28 29 -19
right_child=1 7 -4 4 -6 14 9 -9 -10 10 24 21 17 -15 15 -17 -18 28 -20 -21 -22 23 -24 -25 25 -27 27 -29 -30 -31
leaf_value=-0.1247801621270174 -0.12477066893933858 0.10039594329615925 -0.12622148192876498 -0.17664799500489117 0.097557211502265012 -0.13244555385099413 -0.16098026670451834 0.11932818224630926 -0.14647957133818884 0.074369502685125516 -0.13223165626426639 -0.14323573899753625 0.040109945897418953 -0.24206898998998969 0.083406608553897824 -0.14114065865403419 0.06788708879318732 0.088715138430118079 -0.16765709599652856 0.11619125756131526 -0.15809979410171732 -0.14716427958316322 0.11109667963267754 0.079427300571908457 0.056694340130896061 -0.15826440193311175 -0.13935697694170862 0.10231911925800011 0.097547152832461181 -0.080678635359304904
leaf_weight=367.96140172332525 45.190934613347054 8.7815409004688245 91.015747010707855 7.5271926000714284 60.170762605965137 52.793619215488434 18.700392968952656 244.17315435409546 12.53887405246496 42.564062535762787 22.59408463537693 6.9784141927957517 18.901756919920448 6.0760717168450347 10.191704355180265 7.4738221690058699 5.4981381967663765 18.589104957878593 8.5238685160875303 55.959856137633324 10.660766094923018 2.5281679183244696 4.645549364387989 150.00749026983976 11.327264592051508 6.4776544570922843 6.3861535266041738 4.7376245781779289 262.48456037789583 8.8670481592416746
leaf_count=4520 555 9 1106 68 62 604 189 108 134 95 259 70 60 56 17 84 12 24 78 37 101 26 6 251 25 62 67 6 267 42
internal_value=-0.000310731 0.0374666 -0.0215005 -0.00103802 0.0122562 -0.00198398 0.0223538 0.0875514 0.0686905 -0.0321027 -0.00648742 0.0570182 0.075455 -0.0396563 -0.102146 -0.0115935 -0.073427 0.079909 0.0440809 0.0651845 -0.031368 0.0673685 -0.0415911 0.0756717 -0.0834338 -0.0215104 0.0514132 -0.036427 0.0915304 0.0340089
internal_weight=1580.33 1212.37 556.809 465.793 420.602 360.431 289.972 655.557 411.383 112.787 94.0868 177.185 398.845 14.8576 70.4591 17.6655 13.0253 383.987 94.0462 85.5224 29.5625 164.16 11.624 152.536 40.399 17.8049 53.6878 11.1238 289.941 27.4562
internal_count=9000 4480 3564 2458 1903 1841 1136 916 808 703 514 433 674 65 705 101 80 609 276 198 161 353 76 277 346 87 168 73 333 66
is_linear=0
shrinkage=0.1


Tree=10
num_leaves=31
num_cat=0
split_feature=8 3 17 3 4 19 4 5 12 4 4 14 5 13 15 19 3 15 0 18 14 10 15 18 14 5 18 1 10 10
split_gain=651.719 308.941 105.646 67.3525 43.7946 76.1849 47.3084 38.4342 55.0632 28.3442 31.7169 24.8213 24.6739 25.7389 63.8836 19.4406 19.7057 17.3493 18.7713 14.7531 14.045 21.8539 26.424 27.8761 12.3732 27.4603 11.4544 19.2286 10.5828 11.3532
threshold=1.5897149985202667e-11 0.17941970017792797 0.11729847301136366 0.11130558834165355 2.085831627959518e-10 1.3163415193557741 7.7313176718657024e-11 0.047348086419355652 0.25942240655422216 1.0931868464337544e-10 8.759427623343531e-11 0.012982120271772148 0.012768804859852987 1.699036777019501 3.8427444451372146e-05 0.93559923768043529 0.16810341620902094 6.9993599026929601e-05 2.5220668732112658e-09 -0.25081812243760476 0.012452730443328621 2.8405240774154668 7.3046168836299344e-05 0.10195184793238614 0.0084392861463129538 0.018491700189328723 -0.10766550873152232 0.3285366622261528 2.6740026473999028 2.7269775867462163
decision_type=2 2 2 2 2 2 2 2 2 2 2 2 2 2 2 2 2 2 2 2 2 2 2 2 2 2 2 2 2 2
left_child=-1 2 3 -2 5 6 11 8 19 10 -10 12 -5 14 -14 -8 -17 -7 -19 -3 21 24 23 -23 25 -21 27 -15 -26 -30
right_child=1 7 -4 4 -6 17 15 -9 9 -11 -12 -13 13 26 -16 16 -18 18 -20 20 -22 22 -24 -25 28 -27 -28 -29 29 -31
leaf_value=-0.12187468243168023 -0.1218653385613509 -0.20546700643538798 -0.12318560255637101 -0.15829677479241133 0.092439628291354964 -0.12869204500601553 -0.15433575122687992 0.12265831736072619 -0.15264185409185699 -0.17732731541747832 0.072457113368747189 -0.13382819026742229 0.077677525451289073 0.1183580419060602 -0.15672633986699311 -0.13965539387798717 0.082035303169040397 0.077590740648921408 -0.13675443203999341 -0.17341249662301214 0.11204369195407671 -0.27085824816963788 0.10828624529134837 0.046225369943735696 0.10200811312580899 0.066924637817119992 0.071356130129313453 -0.15922838562991326 -0.024532876399813618 0.072481192705915257
leaf_weight=340.47128991037607 41.814779058098793 1.8135946989059437 84.278846025466919 5.9541230648756018 57.302649706602097 49.090514719486237 19.336962908506393 178.45364613831043 8.751764543354513 11.222799666225908 21.981487773358822 8.246782571077345 28.800122581422329 4.4298169985413534 19.498444698750973 6.7009802758693722 9.9827834442257863 9.8768708929419535 6.9682178646326056 6.1589960902929333 103.73283129185438 6.3377338126301783 7.6919723600149146 4.9287799745798111 137.00179820507765 20.840831376612186 170.68959752470255 5.7147866785526276 13.75370094925165 98.119732081890106
leaf_count=4520 555 17 1106 59 62 604 211 56 89 116 52 94 60 4 201 78 17 17 84 61 62 59 5 11 130 42 353 59 62 154
internal_value=-0.000352829 0.0356416 -0.0205357 -0.00106888 0.0114775 -0.00195859 0.0208619 0.0834841 0.0676799 -0.0413118 0.00835673 0.036695 0.0426769 0.0478993 -0.0169528 -0.0860969 -0.00700606 -0.0986438 -0.0110763 0.0791012 0.0803961 0.0692614 -0.0345944 -0.132143 0.0763985 0.0121008 0.0652205 -0.0380155 0.083374 0.0605543
internal_weight=1489.95 1149.48 528.686 444.407 402.593 345.29 279.354 620.79 442.336 41.9561 30.7333 243.334 235.087 229.133 48.2986 36.0207 16.6838 65.9356 16.8451 400.38 398.566 294.834 18.9585 11.2665 275.875 26.9998 180.834 10.1446 248.875 111.873
internal_count=9000 4480 3564 2458 1903 1841 1136 916 860 257 141 830 736 677 261 306 95 705 101 603 586 524 75 70 449 103 416 63 346 216
is_linear=0
shrinkage=0.1


Tree=11
num_leaves=31
num_cat=0
split_feature=8 3 17 3 4 19 12 5 12 2 19 4 13 10 8 10 6 5 15 0 3 6 14 13 4 14 6 18 18 8
split_gain=572.998 266.775 93.8484 59.3636 37.5655 66.202 41.4703 37.2391 47.1333 34.7008 25.5792 27.8498 19.491 17.4052 47.9449 23.9172 28.4742 22.7345 15.6521 16.2528 14.0311 38.2774 28.3701 17.3669 18.6549 11.4914 23.4868 22.7523 13.4921 23.9407
threshold=1.5897149985202667e-11 0.17941970017792797 0.11729847301136366 0.11130558834165355 2.085831627959518e-10 1.3163415193557741 0.28118515014648443 0.047348086419355652 0.25942240655422216 7.7947888031323919e-10 1.0684411525726321 1.0931868464337544e-10 1.544215261936188 2.584378838539124 1.5969019432591396e-10 2.6445499658584599 1.5182473220655805e-10 0.013433071137928623 6.9993599026929601e-05 2.5220668732112658e-09 0.22058371816735506 9.7240179955678557e-11 0.0072815897874534139 1.6759046316146853 4.0137716286783269e-11 0.0091251232661306875 8.7211150636782292e-11 -0.14052971998568284 -0.041638042202314603 6.7749499790803135e-11
decision_type=2 2 2 2 2 2 2 2 2 2 2 2 2 2 2 2 2 2 2 2 2 2 2 2 2 2 2 2 2 2
left_child=-1 2 3 -2 5 6 9 8 20 12 -10 -12 -5 17 15 16 -15 -14 -7 -20 21 22 -3 24 -23 26 28 -28 29 -19
right_child=1 7 -4 4 -6 18 -8 -9 10 -11 11 -13 13 14 -16 -17 -18 25 19 -21 -22 23 -24 -25 -26 -27 27 -29 -30 -31
leaf_value=-0.11936599580315817 -0.1193568944631066 0.063816167613636579 -0.12056255891909107 -0.13684960246012826 0.087616950861029705 -0.12545574667602949 -0.12936018546301525 0.11993743362391679 -0.1546719259021945 -0.16817524697334182 0.070591652458046647 -0.16894471485265763 -0.14618606752120031 -0.16310014416671326 0.075398683229493835 -0.15718440439119408 0.083595968687273092 -0.21884287509513667 0.072168290757350803 -0.13294938222157257 0.091709334868597392 0.11945277298879696 -0.23765056943628071 0.075821869093589567 -0.16005891251703452 0.097242111275779516 0.083343589708925317 -0.196240733798448 0.083880426098257813 0.12175770443332662
leaf_weight=314.21105201542377 38.589624986052513 5.3325187005102617 77.831987880170345 6.3011908531188956 54.555833704769611 45.505395155400038 17.513813465833664 164.94516476988792 12.941214449703692 8.5549367852509004 21.221368625760082 6.2931293025612822 5.0929350182414046 7.1370897255837944 45.133248008787632 18.784322910010815 13.583145294338463 4.2436889261007291 9.5733192712068576 6.4762049466371527 214.64390733465552 3.7514767944812757 7.5291860736906528 144.53279203921556 6.5686323046684265 72.108122006058693 4.8123290427029133 7.3659791871905309 54.817010059952736 4.017305962741375
leaf_count=4520 555 14 1106 70 62 604 221 56 139 85 50 68 53 77 118 203 28 38 17 84 238 2 69 211 69 81 13 68 79 2
internal_value=-0.000391987 0.0339119 -0.0196254 -0.00110394 0.0107312 -0.00194046 0.0194337 0.0796374 0.0639159 0.0297767 -0.0387283 0.0158048 0.0367344 0.0413477 0.00498383 -0.0754639 -0.00137856 0.0615353 -0.0955087 -0.0105995 0.0747763 0.053105 -0.112661 0.0668732 -0.0584532 0.0687142 0.0413797 -0.0857614 0.0659265 -0.0532095
internal_weight=1403.97 1089.76 501.997 424.165 385.576 331.02 269.465 587.759 422.814 251.951 40.4557 27.5145 243.396 237.095 84.6378 39.5046 20.7202 152.457 61.5549 16.0495 382.359 167.715 12.8617 154.853 10.3201 147.364 75.2563 12.1783 63.078 8.26099
internal_count=9000 4480 3564 2458 1903 1841 1136 916 860 915 257 118 830 760 426 308 105 334 705 101 603 365 83 282 71 281 200 81 119 40
is_linear=0
shrinkage=0.1


Tree=12
num_leaves=31
num_cat=0
split_feature=8 3 17 3 5 12 4 19 10 8 14 19 4 6 10 19 17 5 13 15 0 14 10 14 19 18 3 5 1 13
split_gain=505.47 229.303 84.1242 52.0788 35.3705 40.8444 32.0804 58.0363 37.1214 28.6606 40.707 22.2336 23.6488 19.2599 24.6895 17.7826 15.6763 29.8314 16.282 14.159 14.1062 13.259 21.2579 29.3928 11.3039 33.5441 9.39678 8.87388 8.67498 20.9224
threshold=2.029215050100082e-11 0.17941970017792797 0.11729847301136366 0.11130558834165355 0.047348086419355652 0.25942240655422216 2.085831627959518e-10 1.3163415193557741 2.5902637243270878 1.5969019432591396e-10 0.012982120271772148 1.0684411525726321 1.0931868464337544e-10 1.8316827552201201e-10 2.6445499658584599 1.2668057680130007 0.067094282670454572 0.016588384306459331 1.544215261936188 6.9993599026929601e-05 2.5220668732112658e-09 0.012452730443328621 2.8405240774154668 0.011646948754787447 0.99007901549339306 -0.02430068046404895 0.12270853486576901 0.014501048933747715 0.26549445239131503 2.6726230382919316
decision_type=2 2 2 2 2 2 2 2 2 2 2 2 2 2 2 2 2 2 2 2 2 2 2 2 2 2 2 2 2 2
left_child=-1 2 3 -2 5 21 7 8 16 13 -11 -7 -13 -10 -15 -12 17 -5 -18 -9 -21 22 24 -24 27 -26 28 -3 -20 -30
right_child=1 4 -4 6 -6 11 -8 19 9 10 15 12 -14 14 -16 -17 18 -19 26 20 -22 -23 23 -25 25 -27 -28 -29 29 -31
leaf_value=-0.11475895612372755 -0.11717967824477325 -0.035213928525875786 -0.11828301162089644 -0.17911770365396429 0.11756856701730869 -0.14842991612400772 0.083560911165213053 -0.12263456121235201 -0.14958944908895297 0.078575726940880886 -0.13171701503481384 0.065040862494760779 -0.16089022789672053 0.11970378111986586 -0.14861184143923295 0.091547960918692092 -0.13149908806799804 0.058926315620173246 0.11722741326749149 0.067089240966110061 -0.1296192831281488 0.10405840033080666 -0.25367881686435328 0.03301710885142746 -0.23124387715335135 0.052634502026926024 0.079610036524505629 0.080469780868990981 -0.19875921272933061 0.11503321025927074
leaf_weight=299.11697685346007 34.892968036234379 6.8500379696488372 71.712484072893858 8.167651019990446 152.1005284935236 12.176376014947889 51.832278952002525 41.773805774748325 24.410697445273399 37.64325825124979 18.908112119883302 20.754410170018676 5.9643579795956603 7.5659254342317563 6.2726007737219334 4.3970047757029525 4.1235890574753276 14.811253648251293 3.6469348222017279 9.2837870344519597 6.0026791878044596 92.575056307017803 4.896081846207383 13.263139784336088 4.7338244989514342 34.487695202231407 111.98665096610785 207.22255582734942 5.0399461500346643 3.6736459881067276
leaf_count=4590 545 32 1106 80 56 139 61 600 278 89 245 50 68 5 75 9 49 34 2 17 84 64 48 30 45 68 185 297 47 2
internal_value=-0.000433775 0.0330539 -0.0186533 -0.00053943 0.076481 0.0609707 0.0107804 -0.00147924 0.019242 -0.0283095 0.0142721 -0.0364328 0.0146069 -0.0961613 -0.00191587 -0.0895933 0.0503876 -0.0256844 0.0639942 -0.092501 -0.0101541 0.071378 0.0602328 -0.0442817 0.0677257 0.0183719 0.0704772 0.0767681 -0.0122668 -0.0664645
internal_weight=1320.29 1021.17 466.145 394.433 555.024 402.924 359.54 307.708 250.647 99.1976 60.9484 38.8951 26.7188 38.2492 13.8385 23.3051 151.45 22.9789 128.471 57.0603 15.2865 364.028 271.453 18.1592 253.294 39.2215 124.347 214.073 12.3605 8.71359
internal_count=9000 4410 3513 2407 897 841 1862 1801 1100 701 343 257 118 358 80 254 399 114 285 701 101 584 520 78 442 113 236 329 51 49
is_linear=0
shrinkage=0.1


Tree=13
num_leaves=31
num_cat=0
split_feature=8 3 17 3 5 12 4 19 4 19 4 7 19 3 5 13 1 14 10 14 15 13 4 4 14 19 10 10 18 17
split_gain=447.3 197.741 74.8318 46.6633 35.3555 34.3664 27.4011 50.7226 32.6262 19.4205 20.151 18.4872 21.4619 14.3447 13.227 14.172 45.0367 13.1372 17.8464 23.7196 12.9193 12.6485 10.7841 44.9758 9.95256 35.0778 11.6646 11.513 29.7602 8.21773
threshold=1.5897149985202667e-11 0.17941970017792797 0.11729847301136366 0.11130558834165355 0.047348086419355652 0.25942240655422216 2.085831627959518e-10 1.3163415193557741 7.7313176718657024e-11 1.0684411525726321 1.0931868464337544e-10 0.072172639409395126 0.075370561331510558 0.16810341620902094 0.012768804859852987 1.699036777019501 0.28318079268779911 0.012452730443328621 2.8405240774154668 0.011646948754787447 6.9993599026929601e-05 2.2947047948837285 5.1579863996490192e-11 6.2392824022156995e-11 0.0085152182728052157 0.49168619513511663 2.6740026473999028 2.7269775867462163 -0.10092209383252669 0.07921253551136366
decision_type=2 2 2 2 2 2 2 2 2 2 2 2 2 2 2 2 2 2 2 2 2 2 2 2 2 2 2 2 2 2
left_child=-1 2 3 -2 5 17 7 8 11 -7 -11 12 -5 -10 -14 16 -16 18 24 -20 -9 -22 -17 -24 25 -3 -26 28 -28 -25
right_child=1 4 -4 6 -6 9 -8 20 13 10 -12 -13 14 -15 15 22 -18 -19 19 -21 21 -23 23 29 26 -27 27 -29 -30 -31
leaf_value=-0.11532537798128971 -0.11528048681592172 0.067848381320977688 -0.11629201181106204 -0.15990304813900258 0.11549324927320739 -0.14305743757534292 0.078678412640922443 -0.1201960928864772 -0.13446598355653649 0.059886642837043293 -0.15397166047478983 -0.12389619786020944 -0.14291427409629667 0.0042976817475953843 0.073063328112169076 0.078987315164602945 -0.1499193993956226 0.10034029564831021 -0.22643437819314785 0.030254582105827189 0.057379919893296216 -0.1391665323612572 -0.15784067800238261 0.090291778779050147 0.091581638549106975 -0.19291267982864799 0.064597573731817445 0.058379027223867556 -0.24872174017868334 3.8658674562444302e-06
leaf_weight=266.35523294657469 32.654853042215109 22.300031840801243 65.941828761249781 5.4089515954256049 139.97189861536026 11.409843463450668 49.467111550271511 38.804074678570032 18.490766350179914 20.310591213405136 5.6265897527337065 7.4231104999780646 3.7993177957832804 12.476238727569578 24.726449497044086 99.101151876151562 14.294023502618073 86.709860160946846 4.9728767089545753 13.038997024297712 9.5888434909284097 4.9719619862735263 10.97204379364848 36.706137415021658 115.50374723225832 6.7113363407552233 9.0301895514130575 86.889932323247194 4.5635729096829882 13.897466678172348
leaf_count=4520 555 52 1106 62 56 139 62 604 251 50 68 104 43 55 56 158 160 64 49 30 28 73 121 56 124 64 22 153 45 70
internal_value=-0.000467865 0.0308849 -0.0179025 -0.000952956 0.0724228 0.0568476 0.00970987 -0.0016374 0.0174428 -0.0343338 0.0134941 0.0311853 0.0366959 -0.0785598 0.0419215 0.0454381 -0.00861996 0.0665849 0.0554564 -0.0406144 -0.0900559 -0.00973323 0.0585661 0.0256998 0.0625193 0.0075253 0.0699061 0.0449906 -0.0405871 0.0654957
internal_weight=1242.12 975.764 448.724 382.783 527.039 387.068 350.128 300.661 247.296 37.347 25.9372 216.329 208.906 30.967 203.497 199.697 39.0205 349.721 263.011 18.0119 53.3649 14.5608 160.677 61.5756 244.999 29.0114 215.987 100.484 13.5938 50.6036
internal_count=9000 4480 3564 2458 916 860 1903 1841 1136 257 118 830 726 306 664 621 216 603 539 79 705 101 405 247 460 116 344 220 67 126
is_linear=0
shrinkage=0.1


Tree=14
num_leaves=31
num_cat=0
split_feature=8 3 17 3 5 14 4 19 12 2 3 8 6 0 5 7 13 5 3 13 4 15 13 5 1 19 15 5 18 7
split_gain=395.703 170.929 66.9242 41.4113 34.3093 30.0469 23.4515 44.2601 28.9248 24.1758 15.3627 26.1808 20.9208 14.5105 14.291 19.882 17.226 16.4945 18.7332 14.0698 14.9762 12.0335 34.4582 12.4502 11.9283 28.7708 11.8999 11.9602 11.357 28.3765
threshold=1.5897149985202667e-11 0.17941970017792797 0.11729847301136366 0.11130558834165355 0.047348086419355652 0.01589030493050814 2.085831627959518e-10 1.3163415193557741 0.28118515014648443 7.7947888031323919e-10 0.22058371816735506 6.2602777934758814e-11 4.106056895748049e-11 1.0932292549761047e-08 0.017233581830016328 0.020854221199830436 2.1034554243087773 0.021013229347258012 0.13952908900971486 1.6759046316146853 4.0137716286783269e-11 4.7901878133416183e-05 1.8243561983108523 0.01690164546268676 0.33734040010192784 1.7636905908584597 6.9993599026929601e-05 0.021321816762718427 -0.041638042202314603 0.04003916006477435
decision_type=2 2 2 2 2 2 2 2 2 2 2 2 2 2 2 2 2 2 2 2 2 2 2 2 2 2 2 2 2 2
left_child=-1 2 3 -2 5 10 7 8 9 14 11 12 -3 -7 28 -16 17 18 -17 20 -13 -21 -23 24 -24 -26 -9 -28 29 -5
right_child=1 4 -4 6 -6 13 -8 26 -10 -11 -12 19 -14 -15 15 16 -18 -19 -20 21 -22 22 23 -25 25 -27 27 -29 -30 -31
leaf_value=-0.11365680059847648 -0.11361681195687262 0.059846633061577698 -0.11454548006735484 -0.17961016525099904 0.11366451168368832 -0.14146800472942661 0.074462361417213477 -0.1180450975756594 -0.12253346904115521 -0.15230556704368181 0.078644601012077653 0.10986716476744041 -0.20892375410514738 0.11709162118855017 -0.18307298050750984 -0.14017797120836986 0.071665119132890517 -0.14849005824646075 0.033674067722921919 0.10926322488997116 -0.15550023178800723 -0.16859230772956835 0.11054956052934189 0.067308850702842357 -0.30347945154930861 0.082714333040624172 0.051600824278123084 -0.14967582476559035 0.068631086722451162 0.052458736082882429
leaf_weight=244.36436141654849 29.957734536379576 4.7466203011572343 60.52960229665041 6.8963962756097343 128.5847305804491 11.118678919970987 47.163123354315758 35.718214441090822 14.102204654365776 7.4223320074379435 190.7969262637198 3.1620049402117711 7.428666565567255 2.6969990730285636 5.5532693937420836 7.5441704913973799 30.687838364392519 8.7075890116393548 34.734679464250803 32.816610895097256 6.4953346885740757 7.370008159428834 3.4312884062528592 92.066289953887463 3.9223072603344917 3.7959271892905235 9.7636199742555601 4.2318141013383856 99.11621655896306 22.327696926891804
leaf_count=4520 555 13 1106 71 56 154 62 604 221 85 257 2 72 1 52 92 83 108 139 23 76 71 2 146 38 5 42 59 214 71
internal_value=-0.000505952 0.0294544 -0.0171815 -0.000987617 0.0691687 0.0536988 0.00911546 -0.00163035 0.016358 0.0251417 0.0593136 0.036992 -0.104142 -0.0909938 0.0312515 1.98911e-05 0.0124689 -0.0231603 0.00265219 0.0482187 -0.0686137 0.0560867 0.0403064 0.0552226 -0.044579 -0.113544 -0.0874196 -0.00925941 0.0524782 -0.00230564
internal_weight=1167.25 922.889 424.457 363.927 498.432 369.848 333.969 286.806 237.092 222.99 356.032 165.235 12.1753 13.8157 215.568 87.2275 81.6743 50.9864 42.2788 153.06 9.65734 143.402 110.586 103.216 11.1495 7.71823 49.7136 13.9954 128.34 29.2241
internal_count=9000 4480 3564 2458 916 860 1903 1841 1136 915 705 448 85 155 830 474 422 339 231 363 78 285 262 191 45 43 705 101 356 142
is_linear=0
shrinkage=0.1


Tree=15
num_leaves=31
num_cat=0
split_feature=8 3 17 3 5 12 4 10 8 17 1 5 14 14 10 14 18 7 18 10 14 10 14 2 6 19 19 18 5 4
split_gain=350.457 148.105 60.0049 36.7913 33.1644 26.6524 21.228 27.9477 33.8104 28.0855 25.0339 22.6403 15.9637 27.1219 14.9592 23.8292 14.9233 15.1491 13.0894 16.156 12.2637 15.5937 19.249 10.2592 15.4457 9.80256 9.62628 25.5813 21.1148 9.40804
threshold=1.5897149985202667e-11 0.17941970017792797 0.11729847301136366 0.11130558834165355 0.047348086419355652 0.25942240655422216 4.2131514129340293e-10 2.584378838539124 1.5969019432591396e-10 0.10744406960227275 0.50312225191394677 0.013433071137928623 0.014440316241234543 0.01589030493050814 2.6445499658584599 0.010178133379667999 0.08444426602429965 0.054821754492984459 0.13897320057731125 2.5770639181137089 0.012452730443328621 2.8405240774154668 0.011646948754787447 3.005942229857953e-10 1.5565192524772756e-10 0.075370561331510558 0.99007901549339306 -0.02430068046404895 0.014379549703258179 4.1048736979705063e-11
decision_type=2 2 2 2 2 2 2 2 2 2 2 2 2 2 2 2 2 2 2 2 2 2 2 2 2 2 2 2 2 2
left_child=-1 2 3 -2 5 20 7 11 14 10 16 -5 -7 -14 15 -9 -10 -18 23 -20 21 26 -23 24 -13 -25 28 -28 -3 -27
right_child=1 4 -4 6 -6 12 -8 8 9 -11 -12 18 13 -15 -16 -17 17 -19 19 -21 -22 22 -24 25 -26 29 27 -29 -30 -31
leaf_value=-0.11219017828985525 -0.11215446431305907 -0.19526790745138156 -0.11300758701232239 -0.13324087588230057 0.11204407451937455 -0.1696575113077734 0.10619394062295573 -0.14393150408930427 0.05832885437669371 -0.13592958760907312 -0.20507651457882425 -0.16762980106476899 0.075322642893268413 -0.13179148896196677 -0.13877745519367363 0.063632932635313805 0.051106005579206006 -0.13490657788385299 -0.16347902970233349 0.11110644983163534 0.09453250394935464 -0.21348800193124778 0.022824151343007013 -0.17652161153122636 0.11997045427739857 0.092628883434101916 -0.21642144275191533 0.040114030981271649 0.068997098763764919 0.035937243549272239
leaf_weight=223.85200175270438 27.44216001778841 3.0734519958496085 55.476502407342196 7.7290703617036334 117.9445798099041 6.8375156596302977 20.793892286717892 10.152227047830822 68.017841570079327 12.322149414569138 4.491620358079671 4.9410396553575984 17.6396773532033 9.8550783395767194 30.273456767201424 12.150882281363009 8.4621394798159617 9.0721620023250562 6.3097901754081231 3.2446594908833504 77.119722191244364 4.7866940330714014 12.315422259271143 1.749886892735957 3.0018460750579834 54.022145453840494 4.4463994316756716 30.90348656848073 185.95760122314095 63.894739165902138
leaf_count=4520 555 28 1106 99 56 71 13 145 256 209 67 53 36 150 452 41 35 148 81 4 64 49 30 18 1 74 46 70 316 207
internal_value=-0.000544326 0.0280368 -0.0164191 -0.00102459 0.0661359 0.0507943 0.00848683 0.00171075 -0.0278129 0.00566501 0.0250417 0.0332821 -0.032919 0.00108572 -0.0929939 -0.030849 0.0371233 -0.045136 0.0426655 -0.0702307 0.0598151 0.0487278 -0.043317 0.0511183 -0.0589374 0.0584232 0.0557434 0.00784634 0.0647004 0.0619098
internal_weight=1098.28 874.428 403.548 348.072 470.88 352.935 320.63 299.836 154.942 102.366 90.0438 144.893 34.3323 27.4948 52.5766 22.3031 85.5521 17.5343 137.164 9.55445 318.603 241.483 17.1021 127.61 7.94289 119.667 224.381 35.3499 189.031 117.917
internal_count=9000 4480 3564 2458 916 860 1903 1890 1353 715 506 537 257 186 638 186 439 183 438 85 603 539 79 353 54 299 460 116 344 281
is_linear=0
shrinkage=0.1


Tree=16
num_leaves=31
num_cat=0
split_feature=8 3 17 3 2 14 12 4 19 7 2 13 1 13 15 3 13 17 18 0 1 12 13 15 18 0 8 19 14 1
split_gain=310.762 127.866 53.8691 32.7461 32.2722 31.556 19.7181 25.4601 32.4364 22.6738 19.3304 12.1432 12.3911 38.8728 12.115 11.829 23.3964 30.7077 10.7125 10.4464 10.4394 15.8783 15.6556 29.7203 11.3141 10.0996 16.7426 9.39732 23.7552 8.91505
threshold=1.5897149985202667e-11 0.17941970017792797 0.11729847301136366 0.11130558834165355 2.3799135350259901e-09 0.01589030493050814 0.38264401257038122 2.085831627959518e-10 1.3163415193557741 0.072172639409395126 7.7947888031323919e-10 1.544215261936188 0.28425815610631916 1.699036777019501 6.9993599026929601e-05 0.22058371816735506 1.6416613459587099 0.062788529829545456 0.12555282740239904 2.5220668732112658e-09 0.34009933270850223 0.25942240655422216 1.8360107541084292 4.4894775783177472e-05 -0.10591197305951604 1.3668484216941307e-09 1.3919345245449148e-10 0.72909775376319896 0.012810531072318556 0.33632154408489939
decision_type=2 2 2 2 2 2 2 2 2 2 2 2 2 2 2 2 2 2 2 2 2 2 2 2 2 2 2 2 2 2
left_child=-1 2 3 -2 5 15 7 8 9 10 11 -5 -13 -14 -10 16 -3 -18 29 -16 -15 22 23 -22 -24 26 -26 -20 -29 -19
right_child=1 4 -4 6 -6 -7 -8 -9 14 -11 -12 12 13 20 19 -17 17 18 27 -21 21 -23 24 -25 25 -27 -28 28 -30 -31
leaf_value=-0.11089699807638526 -0.11086503269917664 -0.15365021056549324 -0.11164894088211628 -0.12890846013968937 0.10899857193977586 -0.13540332398998103 -0.20184642299963662 0.084210439603569553 -0.11522508091538156 -0.11885974840172156 -0.138903140092692 0.092436678112532422 -0.14543837054706676 0.082651478112147791 0.07148664648311287 0.07055907907321439 -0.20844071897769956 0.094484575267634152 0.084365226684978659 -0.12572811793546657 0.086581039982174035 -0.12870688657959958 -0.13860474537154238 -0.19036781962161489 -0.19304986070491839 0.061799957607784631 0.10225764320042707 -0.31098386450605042 0.068419813405055388 0.038604808146069508
leaf_weight=204.79041562601924 25.104669652879238 6.4836043156683436 50.776715878397226 4.7940210141241542 113.86763852834702 9.1910845488309842 4.4166692569851866 41.041383005678654 29.893500879406929 11.989475786685942 7.1583154238760462 29.063548229634762 12.846440549939869 36.129855826497078 7.8456771373748762 170.90480038523674 4.7921690214425317 42.108351245522499 3.3962637633085233 4.0839807912707329 7.1885120049118987 6.6655260026454917 3.2300506383180609 8.4059096686542016 4.1856411397457114 84.574451424181461 3.546696275472641 3.2842820808291435 3.3169765472412109 88.673532884567976
leaf_count=4520 555 76 1106 65 66 149 64 44 588 209 97 35 158 59 13 256 45 58 5 69 11 99 43 87 38 220 4 35 7 219
internal_value=-0.00058619 0.0266656 -0.0157203 -0.00105609 0.0630571 0.0473075 0.0079217 0.010983 -0.000505309 0.0148554 0.0225708 0.0283321 0.0321813 0.0216806 -0.0812251 0.0525072 0.0322175 0.0404959 0.0489697 0.00397245 0.035628 0.0212053 0.0301968 -0.0627036 0.0453609 0.0517983 -0.0575972 -0.0508011 -0.120342 0.0565966
internal_weight=1033.75 828.96 382.941 332.164 446.019 332.151 307.06 302.643 261.602 219.778 207.789 200.631 195.837 166.773 41.8232 322.96 152.055 145.572 140.779 11.9297 153.927 117.797 111.131 15.5944 95.5368 92.3068 7.73234 9.99752 6.60126 130.782
internal_count=9000 4480 3564 2458 916 850 1903 1839 1795 1125 916 819 754 719 670 701 445 369 324 82 561 502 403 98 305 262 42 47 42 277
is_linear=0
shrinkage=0.1


Tree=17
num_leaves=31
num_cat=0
split_feature=8 3 2 17 1 3 12 5 2 18 18 19 10 9 15 1 13 13 15 5 18 13 1 19 11 7 18 9 9 5
split_gain=276.011 110.47 45.7275 39.519 34.8827 20.4108 18.7804 16.8781 25.1403 19.3056 17.405 16.4958 15.8702 16.0135 14.877 36.8739 43.366 15.0848 28.306 24.6064 20.4568 16.0459 21.048 18.343 14.7046 23.5412 13.22 19.9232 12.7493 12.6977
threshold=1.5897149985202667e-11 0.15626532028829018 2.3799135350259901e-09 0.10859818892045457 0.51091377292232565 0.11130558834165355 0.25942240655422216 0.016710712709821413 8.1735168585990588e-10 -0.034709764528088265 0.080290487824558207 0.27457933127880102 2.6445499658584599 0.019097164207464459 6.8908062530681504e-05 0.42622050547272111 2.0858796834945683 1.8140041232109072 4.7480651119258262e-05 0.020170226884254964 -0.023213965077461162 1.6759046316146853 0.24750760972167921 -0.063794374465942369 4.858643487537507e-09 0.050221881656707441 -0.22525835181163115 0.056736624712786649 0.056736624712786649 0.018109810312027672
decision_type=2 2 2 2 2 2 2 2 2 2 2 2 2 2 2 2 2 2 2 2 2 2 2 2 2 2 2 2 2 2
left_child=-1 3 4 5 6 -2 14 9 12 11 -11 -7 13 -9 15 17 -17 18 21 -20 -21 22 -3 -24 25 -18 -8 -28 -12 -15
right_child=1 2 -4 -5 -6 7 26 8 -10 10 28 -13 -14 29 -16 16 24 -19 19 20 -22 -23 23 -25 -26 -27 27 -29 -30 -31
leaf_value=-0.10975357419210766 -0.10971361014240946 0.084124803939934323 0.10789132829483671 -0.10102771766122627 -0.13197328459793334 0.036358062868375694 0.099783397168685187 -0.15141864261112903 0.062628528806719 0.075714326004003268 -0.14001836969158107 -0.15584493069378511 -0.12307597767861028 -0.14225877495606198 0.086173335682165744 -0.25038747657687999 -0.25267622949971963 0.072099381574762145 -0.17212139084748676 0.06078789774736626 -0.18092825985138894 0.10212849214261206 0.11635651955235758 -0.14978052941367268 0.079944230313416909 0.11218532385107097 -0.15111845772883359 0.0017204341523154776 0.094724922150745058 0.049259654069728973
leaf_weight=187.1335509903729 17.677807088941336 15.399667274206879 111.44188733026385 59.357751009985805 12.02281413041055 8.8668589442968386 9.2268369756638986 7.0679634101688853 21.30840365216136 62.201807502657175 7.0849843323230726 8.9953171368688327 25.701705750077963 4.1231661103665855 84.802749861031771 9.0286118201911467 4.2001174539327648 140.14244074746966 11.604817802086471 16.480079956352714 4.4458161555230609 37.19074347987771 3.421836994588376 10.650181779637929 12.490649942308663 3.0543214231729507 10.777357479557393 40.880261871963739 3.4355735927820206 21.582341676577926
leaf_count=4520 428 20 69 1329 109 42 11 79 52 126 115 119 506 65 90 96 45 210 120 43 45 32 3 128 17 2 137 331 8 103
internal_value=-0.000624204 0.0254019 0.0508638 -0.0298911 0.0359391 -0.00743649 0.0408177 0.00317603 -0.030362 0.0327151 0.0555946 -0.0604346 -0.0642478 -0.0181134 0.0496664 0.0381193 -0.0688377 0.050978 0.0211372 -0.055333 0.00943403 0.0584541 0.00334074 -0.085065 0.0141775 -0.0990593 -0.010473 -0.0301664 -0.063361 0.0185401
internal_weight=971.798 784.665 537.261 247.404 425.819 188.046 413.796 170.368 79.7836 90.5845 72.7224 17.8622 58.4752 32.7735 352.912 268.109 28.7737 239.336 99.1931 32.5307 20.9259 66.6624 29.4717 14.072 19.7451 7.25444 60.8845 51.6576 10.5206 25.7055
internal_count=9000 4480 1508 2972 1439 1643 1330 1215 805 410 249 161 753 247 851 761 160 601 391 208 88 183 151 131 64 47 479 468 123 168
is_linear=0
shrinkage=0.1


Tree=18
num_leaves=31
num_cat=0
split_feature=8 3 2 12 1 15 10 19 12 3 13 13 1 13 9 13 3 3 5 5 13 9 7 19 19 8 10 14 11 2
split_gain=245.546 96.882 55.4326 34.3152 26.2356 24.1081 36.1657 27.1876 33.5049 24.3461 22.7698 27.65 21.6216 22.5768 17.4946 16.6927 16.2332 18.3139 15.8639 20.6293 15.8504 21.308 23.0579 9.27458 23.9052 8.04273 14.1589 7.84086 28.8892 7.26284
threshold=1.5897149985202667e-11 0.1290309159446747 2.3799135350259901e-09 0.38862882554531103 0.51091377292232565 6.8908062530681504e-05 2.6740026473999028 1.3782856464385989 0.19518627971410754 0.20682057031815496 1.8291408419609072 1.9613456130027773 0.42622050547272111 2.0858796834945683 0.018449757644382354 2.6726230382919316 0.1739796090635011 0.16975237023102283 0.016960616530261111 0.0166631291946156 1.6862602233886721 0.03477810928529556 0.027992749167745166 0.47569237649440771 0.38274362683296209 1.318504760365015e-10 2.6096432209014897 0.015696411021053795 8.6104550156562726e-09 8.4164153513089452e-10
decision_type=2 2 2 2 2 2 2 2 2 2 2 2 2 2 2 2 2 2 2 2 2 2 2 2 2 2 2 2 2 2
left_child=-1 15 3 4 5 6 12 8 -8 10 -10 -12 20 -14 -9 23 17 -13 19 -6 21 22 -3 24 -2 26 -7 -27 -29 -16
right_child=1 2 -4 -5 18 25 7 14 9 -11 11 16 13 -15 29 -17 -18 -19 -20 -21 -22 -23 -24 -25 -26 27 -28 28 -30 -31
leaf_value=-0.10874009867724027 -0.12496929806140347 0.04205669181380136 0.1064609731260388 -0.13593189648050283 -0.14213345391420956 0.10392994323246281 -0.29905216344651903 0.093378545852524045 -0.13464234256260729 0.053598163731188135 0.060017192007006052 -0.12901566859305746 -0.1733356162209112 0.029967143677635012 -0.11941107252802333 0.055708068222102149 -0.23698155528090506 0.089934939230768146 -0.21308090581245664 0.11877718948266613 0.075217659959889868 0.081789497298395034 -0.15140790018528255 -0.097978555228257186 0.057185619914307401 0.096713661260373174 -0.088467414016186394 -0.13931057086501203 0.097378322357935976 -0.26363618590382276
leaf_weight=170.82275578379631 13.835904113948347 12.247013036161663 102.12265489250422 12.76474344357848 6.4333135355263966 7.3954518884420377 3.5987164601683608 3.3306320905685451 16.316855059936643 65.8402334228158 31.436551006510854 9.0231102146208304 8.41010605171323 15.584020698443053 13.970198417082431 10.442188216373323 5.4304756335914126 6.6252124682068816 6.466073226183652 5.7290821075439453 148.14489523693919 21.022111896425486 12.395970037207006 66.613480042666197 15.032068055123089 83.8066480550915 7.9226701334118843 7.0357002187520292 19.309977313503623 4.6550457496196023
leaf_count=4520 279 40 69 270 87 6 37 4 269 146 105 150 108 64 293 62 63 12 86 2 275 50 167 1435 90 80 38 126 20 47
internal_value=-0.000633041 0.0242238 0.0389491 0.0260597 0.0300199 0.0343316 0.0217253 -0.0143367 0.00207779 0.0101246 -0.0314593 0.000600328 0.0482542 -0.0412919 -0.11771 -0.0643334 -0.0880129 -0.036316 -0.0865182 -0.0192318 0.0593402 0.00783112 -0.0552603 -0.0774615 -0.030118 0.0723133 0.0044203 0.0817547 0.0341698 -0.155458
internal_weight=913.764 742.941 637.017 534.895 522.13 503.502 378.031 160.227 138.271 134.672 68.8322 52.5153 217.804 23.9941 21.9559 105.924 21.0788 15.6483 18.6285 12.1624 193.81 45.6651 24.643 95.4815 28.868 125.47 15.3181 110.152 26.3457 18.6252
internal_count=9000 4480 2614 2545 2275 2100 1830 1126 782 745 599 330 704 172 344 1866 225 162 175 89 532 257 207 1804 369 270 44 226 146 340
is_linear=0
shrinkage=0.1


Tree=19
num_leaves=31
num_cat=0
split_feature=8 3 17 5 3 12 4 18 0 12 19 5 13 17 19 6 10 14 10 11 18 1 13 3 17 1 6 9 6 3
split_gain=218.667 84.5664 39.8165 29.1833 23.7799 15.0015 16.7286 17.9814 14.8513 13.1615 15.0966 11.9652 16.6939 19.1101 14.4337 11.6766 15.2405 9.80494 14.2027 14.5972 17.1417 9.6756 24.9607 10.656 9.45761 8.84321 8.67703 8.22215 15.2353 8.07882
threshold=1.5897149985202667e-11 0.17837634827248477 0.11729847301136366 0.047348086419355652 0.11130558834165355 0.38264401257038122 4.2131514129340293e-10 0.23933200105834249 4.8799373708607882e-09 0.25942240655422216 1.0684411525726321 0.017233581830016328 2.1034554243087773 0.070556640625000014 0.23351504653692248 1.8316827552201201e-10 2.6525491476058964 0.012452730443328621 2.8405240774154668 5.7390223684450356e-09 0.10195184793238614 0.40320581732765409 2.2818737030029301 0.16732361507154211 0.098122336647727279 0.48300329465745589 2.1203694828982172e-10 0.059761701696660334 8.3790485243381278e-11 0.11845620525024121
decision_type=2 2 2 2 2 2 2 2 2 2 2 2 2 2 2 2 2 2 2 2 2 2 2 2 2 2 2 2 2 2
left_child=-1 2 4 9 -2 6 7 8 11 17 -11 21 14 -14 -13 -16 -17 18 25 20 -20 -6 23 -23 -15 -3 -18 28 -12 -26
right_child=1 3 -4 -5 5 -7 -8 -9 -10 10 27 12 13 24 15 16 26 -19 19 -21 -22 22 -24 -25 29 -27 -28 -29 -30 -31
leaf_value=-0.10783984060472168 -0.10804549326271835 0.049457082059331227 -0.10873143310277687 0.10724693641284222 0.053951031018042828 -0.19254955972639792 0.10827967049271872 -0.12492304948563149 -0.20220497246993807 -0.13157957947317048 0.10966364232758644 0.031673063114462559 -0.16978627196681931 0.062142548406158377 -0.14345159305162944 0.11327542639324036 0.028646200105968113 0.082516162691901485 -0.22787822571624711 0.077486162694921562 0.039736850488595835 -0.15326286763514671 0.063024073418880611 0.044531356396438168 0.070089721142659822 -0.050314872061008688 -0.12109651008153728 0.064680621669287966 -0.17314438176885097 -0.14351672660238976
leaf_weight=155.79112096875906 19.522991467267275 181.35078020580113 39.567539991810918 83.08465962857008 78.776364803314209 3.7371255345642558 15.999532885849474 10.558262649923561 3.2965923584997645 8.8258743751794082 3.1642858684062984 15.874365715309976 4.5224952362477771 44.189513241872191 17.209469255059958 5.3490215539932278 5.4357257205992964 61.669684272259474 6.2649796195328218 5.4343287982046595 3.8732575550675392 11.5190107319504 20.475112872198224 3.5672533735632888 2.9117784462869158 9.3412758316844684 13.432138165459035 15.369304455816744 4.7860811203718185 4.5177428480237722
leaf_count=4520 555 420 1105 56 251 63 9 254 51 144 2 74 61 175 271 3 44 68 63 7 10 164 72 13 11 47 274 65 54 94
internal_value=-0.000641175 0.0230939 -0.0148142 0.0547985 -0.00158482 0.0063672 0.00925259 0.00269564 0.00852675 0.0402769 -0.0201858 0.0115766 -0.011433 0.0273221 -0.0494042 -0.0804726 -0.0357172 0.0475309 0.0370709 -0.0547537 -0.125637 0.034406 -0.00889046 -0.106493 0.0445914 0.0445696 -0.0779565 0.0219737 -0.0605854 -0.0598001
internal_weight=859.418 703.627 320.462 383.165 280.894 261.372 257.634 241.635 231.077 300.08 32.1455 227.78 113.442 56.1415 57.3007 41.4264 24.2169 267.934 206.265 15.5726 10.1382 114.338 35.5614 15.0863 51.619 190.692 18.8679 23.3197 7.95037 7.42952
internal_count=9000 4480 3544 936 2439 1884 1821 1812 1558 880 265 1507 1007 341 666 592 321 615 547 80 73 500 249 177 280 467 318 121 56 105
is_linear=0
shrinkage=0.1


Tree=20
num_leaves=31
num_cat=0
split_feature=8 3 2 12 1 15 1 13 19 1 17 5 13 1 5 15 6 13 3 19 10 17 19 9 11 14 8 10 12 11
split_gain=194.642 73.6038 47.7445 26.855 21.0935 19.8431 28.9566 32.311 32.0648 21.0851 19.4022 18.3885 15.5687 18.2761 17.976 27.4047 13.4698 13.3674 12.4832 8.61787 11.1939 13.4787 9.10334 7.22254 7.10384 11.9538 7.09464 11.3262 6.88179 18.5426
threshold=1.5897149985202667e-11 0.1290309159446747 2.3799135350259901e-09 0.38862882554531103 0.51091377292232565 6.8908062530681504e-05 0.42622050547272111 2.0858796834945683 1.3782856464385989 0.46596260971689274 0.075395063920454572 0.015484791830023039 1.6862602233886721 0.28228681232011382 0.021641506263416641 5.7407236454309902e-05 8.3790485243381278e-11 2.6726230382919316 0.131534272790958 1.0096027851104739 2.4830547571182255 0.10744406960227275 0.38274362683296209 0.03285783512007321 3.977187690296092e-09 0.0099334167316555994 1.318504760365015e-10 2.6096432209014897 0.23348095268011096 2.8051876377332978e-09
decision_type=2 2 2 2 2 2 2 2 2 2 2 2 2 2 2 2 2 2 2 2 2 2 2 2 2 2 2 2 2 2
left_child=-1 17 3 4 5 6 8 -8 12 10 -9 -10 13 -3 28 -16 -15 19 -6 20 -2 22 -22 -20 -17 -26 27 -7 -14 -30
right_child=1 2 -4 -5 18 26 7 9 11 -11 -12 -13 14 16 15 24 -18 -19 23 -21 21 -23 -24 -25 25 -27 -28 -29 29 -31
leaf_value=-0.10703861693375699 -0.13707512550001327 0.040356106711300764 0.10408978272842354 -0.13218838821642542 0.11213961578475092 0.10087146901493405 -0.18595125920433339 0.080097988906105561 0.050206586116777988 -0.18687212845601631 -0.14673104833198453 -0.14765125968716836 0.070490196948279835 0.020458985985104844 -0.16781655687347688 0.068720049549835349 -0.13585399612714386 0.05140885303624404 -0.17008232144031077 -0.11178502996669706 -0.12777450045303293 -0.1081766857643861 0.040850098723783687 -0.015975529063346896 0.083812899847762162 -0.21423690507452822 0.077129360269865166 -0.074512983149792572 -0.14761078302105762 0.05233432976031286
leaf_weight=141.9668416492641 10.751530623063443 31.91301534883678 85.759018406271935 10.873997885733841 2.7350866533815887 6.6047338135540477 13.485067509114741 20.326519357040532 6.7984431255608824 5.0052299946546546 4.6299028247594824 15.197669986635445 160.78998305089772 8.9264763519167918 8.9386168997734767 17.804531924426559 14.415475539863108 9.626226229593156 9.6168519221246225 34.083548782393336 3.7115082666277912 12.422509687021373 23.300541162490845 4.4477596860378972 2.7437112256884566 2.640804335474968 97.447420531883836 8.3213407061994058 5.457814145833253 30.885282998904586
leaf_count=4520 220 139 69 270 3 6 185 38 33 80 82 305 271 37 137 47 227 62 132 995 68 381 140 40 3 53 226 38 75 118
internal_value=-0.000679822 0.0218681 0.0352563 0.0232093 0.0267361 0.0307357 0.0189962 -0.0574069 0.029826 0.000448068 0.0380168 -0.0864984 0.0388191 -0.00882976 0.0503031 -0.0190589 -0.0760765 -0.060228 -0.0833348 -0.0729804 -0.0466265 -0.0219663 0.0176807 -0.121348 0.0382823 -0.0623639 0.0672956 0.003094 0.0616073 0.0223076
internal_weight=811.627 669.661 575.765 490.006 479.132 462.332 349.959 43.4467 306.512 29.9617 24.9564 21.9961 284.516 55.255 229.261 32.1277 23.342 93.8959 16.7997 84.2696 50.1861 39.4346 27.012 14.0646 23.189 5.38452 112.373 14.9261 197.133 36.3431
internal_count=9000 4480 2614 2545 2275 2100 1830 385 1445 200 120 338 1107 403 704 240 264 1866 175 1804 809 589 208 172 103 56 270 44 464 193
is_linear=0
shrinkage=0.1


Tree=21
num_leaves=31
num_cat=0
split_feature=8 3 5 14 3 18 17 13 14 14 10 15 2 18 13 13 0 10 10 2 3 6 14 6 1 1 2 2 18 1
split_gain=173.529 63.6345 44.5604 27.5744 17.1791 20.4745 16.816 17.258 13.449 31.1166 14.6598 30.6954 17.3688 14.4689 13.3958 16.3985 13.8181 12.2185 14.8665 15.061 11.4726 10.9415 22.1518 9.33065 9.22371 8.5539 11.725 24.2185 8.81022 13.0125
threshold=1.5897149985202667e-11 0.1290309159446747 0.047348086419355652 0.021116474643349651 0.22058371816735506 0.23933200105834249 0.061368075284090919 1.544215261936188 0.0074233680497854957 0.0087073543108999747 2.6740026473999028 6.8908062530681504e-05 9.2770591563875765e-10 0.10552197694249284 1.7476883530616762 1.9613456130027773 2.0139260018170965e-09 2.7188023328781132 2.704526543617249 3.8001494793425563e-10 0.131534272790958 1.1432553720864717e-10 0.0091922651045024412 1.1179198639298174e-10 0.67245884878935092 0.38627533120820451 8.0626629686111656e-10 1.0240747248781538e-09 -0.038371521767906161 0.40718760848733876
decision_type=2 2 2 2 2 2 2 2 2 2 2 2 2 2 2 2 2 2 2 2 2 2 2 2 2 2 2 2 2 2
left_child=-1 17 3 4 5 6 20 -8 -9 -10 21 12 13 14 -12 -16 -17 18 19 -2 -3 22 -11 -21 -22 26 -6 -28 29 -27
right_child=1 2 -4 -5 25 -7 7 8 9 10 11 -13 -14 -15 15 16 -18 -19 -20 23 24 -23 -24 -25 -26 28 27 -29 -30 -31
leaf_value=-0.10632434101364058 -0.10365195069679181 0.10264489764052592 0.10241559973025416 -0.13400809054401888 0.07223360614157065 -0.14649045739303232 -0.13555931898369442 0.091501984717395748 -0.16285294471589529 0.044639543108983853 -0.12822440086568707 0.059873744955676114 -0.22704103047830626 -0.1460889773848465 0.041716363881493163 -0.15060919275083301 0.0077521315006333124 -0.098589852609505646 0.099056855744512562 0.057400920679856228 -0.16349329221691256 0.072725879159272686 -0.19317757533558635 -0.12414473467987981 0.088734461143164217 0.094201157202125296 -0.21452286278552157 0.026739775801383554 0.088358357598525977 -0.053641998770142744
leaf_weight=129.27576515264809 22.266813786700368 2.6090484522283068 80.073839887976646 11.106673074886201 20.511597845703363 7.893002049997448 6.8025111835449925 27.945424634963274 9.1294740764424187 18.816867545247081 8.3039562916383129 60.507410481572151 4.3705104738473883 8.508946090936659 44.2306885458529 10.018591733649375 12.243724496103821 40.327230798080564 8.1602504067122918 13.897391888312997 10.450045091100034 77.298851191997528 4.946285728365182 3.5552305970340958 1.6833943985402591 11.600733563303949 5.5082569792866733 17.00734655559063 73.008857924491167 12.229015257209538
leaf_count=4520 480 4 75 285 36 194 112 35 118 51 169 186 46 171 223 188 87 1212 23 65 136 193 58 86 5 11 60 49 73 49
internal_value=-0.000718147 0.0207812 0.0334954 0.0216712 0.0254662 0.0125429 0.0166201 0.0218615 0.0256015 0.0184738 0.0251155 0.00508729 -0.032722 -0.0225274 -0.00847098 0.00648439 -0.0635144 -0.0580359 -0.0238788 -0.0491356 -0.0875925 0.0544823 -0.00486194 0.0204187 -0.128499 0.0546417 0.0175413 -0.0322831 0.0711261 0.0183306
internal_weight=764.288 635.012 546.805 466.731 455.625 315.759 307.866 293.123 286.321 258.375 249.246 148.184 87.6764 83.3059 74.797 66.493 22.2623 88.2069 47.8797 39.7194 14.7425 101.062 23.7632 17.4526 12.1334 139.866 43.0272 22.5156 96.8386 23.8297
internal_count=9000 4480 2614 2539 2254 1976 1782 1637 1525 1490 1372 1070 884 838 667 498 275 1866 654 631 145 302 109 151 141 278 145 109 133 60
is_linear=0
shrinkage=0.1


Tree=22
num_leaves=31
num_cat=0
split_feature=8 2 17 3 1 15 19 1 13 2 2 5 5 19 10 13 11 19 18 13 5 12 8 13 13 18 17 9 18 1
split_gain=154.888 57.5841 45.7418 24.4502 19.623 12.7467 21.3017 17.6255 32.6654 14.5336 14.8224 12.1113 14.1161 12.0676 12.6067 12.0163 32.1212 20.532 15.5045 11.7255 9.97635 9.83823 15.6845 16.3354 13.3929 10.1078 9.45221 15.1458 9.09512 20.3817
threshold=1.5897149985202667e-11 2.3799135350259901e-09 0.11729847301136366 0.1290309159446747 0.51091377292232565 7.3046168836299344e-05 1.4793586134910586 0.42622050547272111 2.0858796834945683 9.2770591563875765e-10 8.1735168585990588e-10 0.016960616530261111 0.0166631291946156 1.0096027851104739 2.4218362569808964 1.8140041232109072 2.2168432645131024e-09 0.21269222348928454 -0.10092209383252669 1.6928867697715761 0.021181660316048141 0.22326795756816867 1.5969019432591396e-10 1.8408164978027346 2.5246694087982182 -0.057329177644781078 0.097545276988636367 0.018449757644382354 0.021397606088695207 0.44843870701659488
decision_type=2 2 2 2 2 2 2 2 2 2 2 2 2 2 2 2 2 2 2 2 2 2 2 2 2 2 2 2 2 2
left_child=-1 2 3 13 5 6 7 15 -9 10 -8 12 -6 14 -2 16 19 -18 20 26 -19 -17 23 -23 -25 -24 27 -5 29 -10
right_child=1 -3 -4 4 11 -7 9 8 28 -11 -12 -13 -14 -15 -16 21 17 18 -20 -21 -22 22 25 24 -26 -27 -28 -29 -30 -31
leaf_value=-0.10568658732644061 -0.13491067888656524 0.10228860268593808 -0.10730760141766896 0.061949256512521089 -0.1297057909773294 0.065697768424362757 -0.090451339844013393 -0.18250971180601108 0.037813053212724712 -0.23920697864079077 0.068933544836550842 -0.19316134655904804 0.11350669950310116 -0.11392752561331659 0.0089806175119686148 0.073918925335633934 0.031333243702325472 -0.14838392000345152 -0.16425234270589917 0.09291343030649496 0.07317558640214325 0.072204501034635354 -0.081095286691617474 -0.20454645773111546 0.098078282722291826 0.071428032140025785 0.056559732613348838 -0.14788036885191089 0.058533888250681433 -0.22074015765736976
leaf_weight=117.6433532834053 7.3333925716578952 74.138671897351742 32.206489477306604 6.34068740531802 5.0359819997102004 74.165968269109726 16.359565051272519 10.728130241855977 9.4475415740162116 3.975638640113174 9.0694684665650112 6.28084114473313 4.5357694625854492 17.471539715304971 35.876577837392688 100.71678585931659 16.863991320133209 3.0966906445100921 17.617798734456301 37.148213218897581 5.9127969183027744 5.3825167305767527 4.9324705889448515 7.5913766063749772 1.811325818300247 36.47819647565484 19.12779282219708 7.5196305494755507 21.008817706257105 4.5016349926590911
leaf_count=4520 169 70 1165 17 88 178 365 135 38 43 25 91 2 557 366 144 66 43 248 42 23 13 48 99 2 133 69 114 67 60
internal_value=-0.000731268 0.0197562 0.00817924 0.0156731 0.0239566 0.0280808 0.020009 0.0275792 -0.0298715 -0.0614037 -0.0336054 -0.0852587 -0.0144546 -0.0437967 -0.0154399 0.0372809 0.0125149 -0.0550039 -0.109684 0.054383 -0.00297761 0.0552151 0.0216932 -0.0667217 -0.146249 0.0532608 0.0109936 -0.0518895 0.0169711 -0.0456264
internal_weight=720.32 602.676 528.538 496.331 435.65 419.797 345.631 316.226 45.6861 29.4047 25.429 15.8526 9.57175 60.6815 43.21 270.54 113.628 43.4913 26.6273 70.1363 9.00949 156.913 56.1959 14.7852 9.4027 41.4107 32.9881 13.8603 34.958 13.9492
internal_count=9000 4480 4410 3245 2153 1972 1794 1361 300 433 390 181 90 1092 535 1061 622 380 314 242 66 439 295 114 101 181 200 131 165 98
is_linear=0
shrinkage=0.1


Tree=23
num_leaves=31
num_cat=0
split_feature=8 2 17 3 3 18 19 1 8 13 1 13 17 15 2 12 17 12 7 18 9 8 15 13 10 0 17 17 5 17
split_gain=138.36 52.1761 40.6922 21.2077 15.3741 21.9118 15.7679 14.3117 13.9819 13.9264 12.8255 27.7156 11.2743 9.77424 23.4984 10.8456 12.676 8.67445 19.8752 8.35786 9.37165 26.3718 30.0811 7.33119 7.23811 8.05364 6.43652 7.28093 6.4185 18.1252
threshold=1.5897149985202667e-11 2.3799135350259901e-09 0.11729847301136366 0.11130558834165355 0.22058371816735506 0.13223184166814797 1.1788063645362856 0.56682763701671257 9.5474696910363023e-11 1.544215261936188 0.33734040010192784 1.7576198577880862 0.099010120738636367 6.9993599026929601e-05 9.2770591563875765e-10 0.25942240655422216 0.061368075284090919 0.16404525190591815 0.021718917399569652 -0.00098153815435414959 0.022793764104556212 4.4899327275531258e-11 5.8205565437674529e-05 1.8667516708374026 2.7700606584548955 4.3515675456957071e-09 0.10566850142045457 0.10744406960227275 0.018787362317700725 0.074773615056818191
decision_type=2 2 2 2 2 2 2 2 2 2 2 2 2 2 2 2 2 2 2 2 2 2 2 2 2 2 2 2 2 2
left_child=-1 2 3 -2 5 7 8 9 -7 -5 -11 -12 13 14 15 16 -13 -18 -19 20 21 -6 -23 -21 -10 -26 -14 -28 29 -20
right_child=1 -3 -4 4 19 6 -8 -9 24 10 11 12 26 -15 -16 -17 17 18 28 23 -22 22 -24 -25 25 -27 27 -29 -30 -31
leaf_value=-0.10511640256622803 -0.10568864093188413 0.1011339735875342 -0.10663656304227885 -0.13252603805016652 0.067463146255630241 -0.17287863569641462 -0.14030773217530554 -0.15499835367231585 0.087543979711276171 0.053601923465442403 -0.14052552415210492 -0.15302958248356621 -0.14967201134355546 0.060036432949841179 -0.2119011845450281 -0.12369473902920483 0.10104879842530652 -0.18086359321967871 -0.18513820827456873 0.0029788112965810727 0.045994642201924875 -0.008559644936185714 -0.41934743754627113 0.087125867969026438 -0.14580150553489554 0.11064488240176198 0.065824688219123892 -0.11771588235412896 0.054840787621008281 0.02492347124289683
leaf_weight=106.99603440985084 14.180894026532767 67.810729950666428 29.315661483444273 5.9534827526658765 9.3898941427469271 3.9982318636029985 16.072875512763858 4.8118975833058348 9.9676273483782989 88.824055534787476 11.83100797049701 3.8976904489099971 5.7405426464974871 53.241777459159493 4.6475807316601268 5.1999109983444205 15.005221014842389 4.7181681077927342 4.6556668970733872 12.685967655852435 40.234923394396901 4.1197436451911917 3.1422933861613274 56.317849414423108 3.5087766554206601 1.8811680078506468 4.9961074031889421 3.8092300975695252 47.083926754072309 34.893651245161891
leaf_count=4520 555 70 1165 110 17 50 450 91 21 380 186 55 120 150 47 95 19 50 65 46 101 18 35 63 63 1 23 104 168 162
internal_value=-0.000744985 0.0187805 0.00770299 0.0147625 0.0184707 0.00726698 -0.067098 0.0160694 -0.00630542 0.0188645 0.0219882 0.00792819 0.017276 0.0243719 0.00856167 0.0174363 0.0240925 0.0305835 0.0190091 0.0482611 0.0198831 -0.0432085 -0.186308 0.0716559 0.0370607 -0.056298 -0.0672863 -0.0135758 0.0298944 0.000195429
internal_weight=678.933 571.937 504.126 474.81 460.629 334.739 35.4287 299.31 19.3558 294.498 288.545 199.72 187.889 173.344 120.102 115.454 110.254 106.357 91.3514 125.891 56.8869 16.6519 7.26204 69.0038 15.3576 5.38994 14.5459 8.80534 86.6332 39.5493
internal_count=9000 4480 4410 3245 2690 2410 585 1825 135 1734 1624 1244 1058 811 661 614 519 464 445 280 171 70 53 109 85 64 247 127 395 227
is_linear=0
shrinkage=0.1


Tree=24
num_leaves=31
num_cat=0
split_feature=8 2 17 3 3 18 19 1 13 8 1 13 1 18 18 14 6 13 15 17 8 4 10 0 5 17 1 19 2 18
split_gain=123.712 46.7533 36.6554 18.7296 13.3458 19.1165 14.4389 12.2976 12.1852 11.9081 11.5122 22.4493 10.5529 10.0844 7.76022 7.39654 14.7658 9.52902 10.7187 6.48964 6.72773 8.92005 6.25028 7.1209 6.18763 17.6526 6.13046 10.6162 10.6864 11.4151
threshold=2.029215050100082e-11 2.3799135350259901e-09 0.11729847301136366 0.11130558834165355 0.22058371816735506 0.13223184166814797 1.1788063645362856 0.56682763701671257 1.544215261936188 9.5474696910363023e-11 0.34009933270850223 1.7576198577880862 0.36649746093811664 -0.1665607427077537 -0.14715171630748292 0.0074233680497854957 6.981106924256135e-11 1.8291408419609072 4.5323895392357379e-05 0.099010120738636367 3.3745243551156514e-10 2.085831627959518e-10 2.7700606584548955 4.3515675456957071e-09 0.021061153950540694 0.11396928267045457 0.38627533120820451 0.46516643464565283 7.9404975484700696e-10 -0.11215443430807101
decision_type=2 2 2 2 2 2 2 2 2 2 2 2 2 2 2 2 2 2 2 2 2 2 2 2 2 2 2 2 2 2
left_child=-1 2 3 -2 5 7 9 8 -5 -7 24 -12 13 -13 -6 -14 -17 18 -18 -19 21 -21 -11 -24 -10 -26 27 -16 -29 -30
right_child=1 -3 -4 4 14 6 -8 -9 10 22 11 12 15 -15 26 16 17 19 -20 20 -22 -23 23 -25 25 -27 -28 28 29 -31
leaf_value=-0.10086445469398567 -0.10513053696754456 0.10021999043198032 -0.10603162099661403 -0.13010627873141639 -0.087148912210562146 -0.16737689935563088 -0.13859925135528714 -0.15336864760846261 0.061728707714152203 0.083402893655610114 -0.13809370137677254 0.094971874561323943 0.089628064844313182 -0.16424775436319394 0.05451759302512213 -0.15480323627664189 0.097086706703101114 0.032375699705336762 -0.15479242103257734 -0.11667510545654416 -0.15792615526292353 0.11131372069187534 -0.14211389348650832 0.10952990105421655 -0.13272337908622914 0.099447165797994147 0.067750566023098716 0.056126993054144536 0.03390705782477095 -0.2242723413261834
leaf_weight=103.52126996032894 12.689330203458665 61.95923712849617 26.669528164900839 5.4290585033595553 4.1963420845568171 3.6139484494924572 14.698742116801439 4.238953116349875 75.801696101203561 9.4439996089786273 10.086137464269994 2.0180466920137405 14.229681564494966 5.8548477925360194 26.996877145022154 4.9977275133132926 2.3523997068405134 128.81556442100555 5.9955020789057016 3.1099598407745344 3.6940999515354633 3.828892707824707 3.2530312659218898 1.7185904979705808 6.3329484947025758 6.7818868458271027 76.718176290392876 5.0036602541804296 2.6543522328138325 4.8264542911201742
leaf_count=4590 545 69 1165 109 23 47 449 83 258 21 167 2 27 97 64 63 3 575 80 89 85 2 63 1 126 13 115 10 7 52
internal_value=-0.000754441 0.0185083 0.00787325 0.0146332 0.0181133 0.00732768 -0.0650364 0.0156797 0.0182451 -0.00506382 0.0211856 0.00697186 0.0153377 -0.0978024 0.0464484 0.0206707 0.0142487 0.0199652 -0.0838141 0.0261778 -0.0489085 0.00913024 0.0356275 -0.0551257 0.050756 -0.0126644 0.0512731 0.0192548 -0.0569987 -0.132665
internal_weight=641.531 538.01 476.05 449.381 436.692 316.296 32.7283 283.567 279.328 18.0296 273.899 184.983 174.897 7.87289 120.396 167.024 152.794 147.796 8.3479 139.449 10.633 6.93885 14.4156 4.97162 88.9165 13.1148 116.2 39.4813 12.4845 7.48081
internal_count=9000 4410 4341 3176 2631 2360 581 1779 1696 132 1587 1190 1023 99 271 924 897 834 83 751 176 91 85 64 397 139 248 133 69 59
is_linear=0
shrinkage=0.1


Tree=25
num_leaves=31
num_cat=0
split_feature=8 2 17 3 1 10 2 17 6 18 13 0 17 5 12 9 4 1 13 11 0 18 1 13 19 7 12 18 13 13
split_gain=111.008 42.7869 32.2943 16.6848 11.8057 13.7757 11.428 17.4001 16.5126 9.18309 7.01362 16.0499 13.5292 9.83561 10.6366 9.4687 10.3641 7.39585 25.745 16.6141 11.6028 11.4286 11.0835 11.4939 17.6369 11.1191 14.8674 8.72134 7.26389 9.83611
threshold=1.5897149985202667e-11 2.3799135350259901e-09 0.11729847301136366 0.11130558834165355 0.51091377292232565 2.4291741847991948 1.0240747248781538e-09 0.061012961647727279 4.6399954205227875e-10 0.28005527279509068 1.6928867697715761 7.8329058390961983e-10 0.069580078125000014 0.025167915759458048 0.18372613191604617 0.03477810928529556 2.7640748757803653e-11 0.34444271008666466 1.8291408419609072 2.1908983516283347e-09 1.3668484216941307e-09 0.22391759900545535 0.40997926973433069 2.1197785139083867 0.42830190062522894 0.044156569502990399 0.23767609894275668 -0.10591197305951604 1.8563252687454226 1.8954398632049563
decision_type=2 2 2 2 2 2 2 2 2 2 2 2 2 2 2 2 2 2 2 2 2 2 2 2 2 2 2 2 2 2
left_child=-1 2 3 -2 6 -6 7 -5 9 10 11 15 -13 17 -15 16 -9 28 19 -19 21 -20 25 24 -24 -22 -27 -25 -12 -30
right_child=1 -3 -4 4 5 -7 -8 8 -10 -11 13 12 -14 14 -16 -17 -18 18 20 -21 22 -23 23 27 -26 26 -28 -29 29 -31
leaf_value=-0.10416416438336769 -0.10460993162765604 0.098877439948501483 -0.10548531009703965 -0.16016757479642438 0.078276414105425116 -0.11876685226972322 0.047190852418323381 0.10046829555908554 -0.14530545966288846 -0.12871005875888139 0.071668562307085001 0.041912014937749653 -0.12820793328083727 0.10004434512675607 -0.14539846722315064 0.06773381050271475 -0.17596104191719406 0.064353321592661619 -0.15543229362267386 -0.15297401916742998 0.091205703615842945 0.098677422174487564 0.038895974574297429 -0.14898664642060308 -0.16723403567787637 -0.22295638047667721 0.037350277079264652 0.046240304668200158 0.054013574773645559 -0.16711791128584963
leaf_weight=88.678125979378819 11.724577378481625 56.720810316503048 24.250195580534637 5.9200088921934357 4.9211987173184779 12.715909537393598 110.77452137600631 2.1268578469753292 6.4426505574956527 4.2842227760702363 56.448097106069326 6.6390618747100261 15.800387484021483 2.4416648000478727 6.3772278809919953 21.150266215205193 3.7437479542568326 4.813420562073591 5.981383156962691 13.066624990664421 51.595705220475793 2.5137120522558689 8.5213884338736552 2.4178209397941748 8.0931788804009539 2.5779304672032621 14.738364902324973 42.699478537775583 5.5198082970455271 3.1648256052285433
leaf_count=4520 555 70 1165 88 23 196 269 4 169 179 149 26 305 3 141 76 57 13 88 185 60 5 34 36 160 37 104 212 21 50
internal_value=-0.000777095 0.0169158 0.00684145 0.0130717 0.0163145 -0.0637868 0.0197783 0.00955676 0.0130077 0.0165901 0.0188099 -0.0153651 -0.0778753 0.0261281 -0.0774433 0.0365464 -0.0758136 0.0302397 0.0184882 -0.0944681 0.0330036 -0.0802408 0.0403673 0.00959321 -0.0615127 0.067935 -0.00140238 0.0357782 0.0585696 -0.0265704
internal_weight=606.863 518.185 461.464 437.214 425.489 17.6371 407.852 297.078 291.158 284.715 280.431 49.4603 22.4394 230.971 8.81889 27.0209 5.87061 222.152 157.019 17.88 139.139 8.4951 130.644 61.7319 16.6146 68.912 17.3163 45.1173 65.1327 8.68463
internal_count=9000 4480 4410 3245 2690 219 2471 2202 2114 1945 1766 468 331 1298 144 137 61 1154 934 198 736 93 643 442 194 201 141 248 220 71
is_linear=0
shrinkage=0.1


Tree=26
num_leaves=31
num_cat=0
split_feature=8 5 17 3 14 19 5 18 4 9 19 19 17 1 15 10 18 0 19 14 2 5 5 13 0 13 2 6 12 9
split_gain=99.3404 39.2221 32.4771 14.5587 12.4246 9.64464 8.27287 7.69437 8.36786 8.55323 7.1753 7.05022 7.48227 14.9924 7.73294 13.741 20.07 15.6857 13.8464 11.897 10.7069 7.4725 8.82185 8.72401 17.0476 6.74368 12.08 6.2166 25.4456 8.39961
threshold=1.5897149985202667e-11 0.047348086419355652 0.11481267755681819 0.13120125327419421 0.021116474643349651 1.0096027851104739 0.012768804859852987 0.039793074321509768 7.1328753539310423e-11 0.060786500945351603 0.44210596382617956 0.096259508281946196 0.060347123579545463 0.52927345104778245 7.3046168836299344e-05 2.6525491476058964 -0.13028671059080141 2.8767881842478083e-09 0.20787992328405383 0.0095454859547317045 4.8481943765402797e-10 0.021641506263416641 0.022473716460594883 2.0858796834945683 1.4336057068421854e-09 2.1876255273818974 1.5833280982675394e-09 1.2455333601278228e-10 0.21027661114931109 0.019647355320895177
decision_type=2 2 2 2 2 2 2 2 2 2 2 2 2 2 2 2 2 2 2 2 2 2 2 2 2 2 2 2 2 2
left_child=-1 2 3 5 6 7 -5 8 9 -2 -9 -8 13 -13 15 27 -17 18 -18 -20 -21 -22 -23 24 -24 -25 -27 28 29 -14
right_child=1 -3 -4 4 -6 -7 11 10 -10 -11 -12 12 14 -15 -16 16 17 -19 19 20 21 22 23 25 -26 26 -28 -29 -30 -31
leaf_value=-0.10375231905036537 -0.13237882890379796 0.096743680805685295 -0.10601506133978561 -0.12586488710133467 -0.16388110103371889 -0.11198062112208594 0.066518373464305502 -0.12079539046772561 0.041446760435669673 0.064918694469956004 0.058163520685674965 -0.18913579327504274 0.055252993234681441 0.034185403254591955 0.054709503671135695 -0.17873033989439926 -0.19967500277386044 -0.22695729706669812 -0.18796164376308994 -0.11974307212740749 0.039973607625777868 -0.19690481701992305 0.029504898812393033 0.086097296141470783 -0.19650589075293079 -0.178630201054015 0.10746905183778477 0.071656354950991749 -0.19993754114510989 -0.035357707684283382
leaf_weight=80.541557118296623 11.863248109817507 53.671094600111246 24.368916191160679 3.7526900144293895 3.639248306863009 12.759802501648663 34.242774442769587 2.593094231560829 6.3880009502172461 2.6967796534299842 16.474199531599879 5.0916497306898219 54.924674292095006 7.3393631698563695 58.072418506257236 6.4934823894873253 3.1694931481033555 2.9393669851124278 2.9055434726178637 5.4815619075670829 80.69293683487922 2.4897275185212484 8.3129356019198877 12.322481641545894 5.5759525522589675 3.1303054569289079 2.792272686958313 40.082912071608007 4.7989608999341717 12.57237192802131
leaf_count=4520 293 84 1247 78 66 561 95 71 53 22 107 70 162 32 167 107 40 50 49 157 362 41 52 27 104 60 2 131 62 128
internal_value=-0.000806304 0.0160586 0.00617097 0.0127809 0.0199562 -0.0362765 0.0218293 -0.0121365 -0.0539721 -0.0958358 0.0338257 0.0233974 0.0187714 -0.0572853 0.0218535 0.0141811 -0.00716263 0.00141953 0.0067105 0.0119984 0.0168081 0.023299 -0.0155624 -0.00151202 -0.0612313 0.0439488 -0.0437452 0.0400691 0.0225563 0.0383753
internal_weight=572.18 491.638 437.967 413.598 360.823 52.7751 357.184 40.0153 20.948 14.56 19.0673 353.431 319.188 12.431 306.757 248.685 136.306 129.813 126.873 123.704 120.798 115.317 34.6237 32.1339 13.8889 18.2451 5.92258 112.379 72.296 67.497
internal_count=9000 4480 4396 3149 2042 1107 1976 546 368 315 178 1898 1803 102 1701 1534 1051 944 894 854 805 648 286 245 156 89 62 483 352 290
is_linear=0
shrinkage=0.1


Tree=27
num_leaves=31
num_cat=0
split_feature=8 2 17 3 1 3 18 19 13 8 1 13 1 13 0 11 13 0 17 1 13 5 18 18 18 18 19 18 4 2
split_gain=88.874 35.5673 25.763 13.3872 9.75519 7.62882 16.0601 11.0193 10.0841 8.88214 7.86558 21.5289 8.20586 16.1679 14.7756 14.7156 7.08513 11.7909 7.0151 6.98191 17.9265 12.7461 15.44 7.38085 15.0448 6.73913 9.3054 15.4331 8.21747 6.66118
threshold=1.5897149985202667e-11 2.3799135350259901e-09 0.11729847301136366 0.11130558834165355 0.56682763701671257 0.2241776743872155 0.13223184166814797 1.1788063645362856 1.544215261936188 9.5474696910363023e-11 0.2853150718411786 1.6928867697715761 0.34444271008666466 1.8291408419609072 1.3668484216941307e-09 2.1908983516283347e-09 1.8563252687454226 3.2185077658564158e-09 0.099010120738636367 0.46271310054665876 2.3749275207519536 0.017655660972078071 -0.15260020107962188 -0.10591197305951604 -0.20273103437979109 0.11937774351628667 0.102146964520216 -0.12583888259673995 6.7383665566548002e-11 1.284952951451406e-09
decision_type=2 2 2 2 2 2 2 2 2 2 2 2 2 2 2 2 2 2 2 2 2 2 2 2 2 2 2 2 2 2
left_child=-1 2 3 -2 5 6 8 9 -5 -8 -10 -12 16 15 -15 -14 -13 -18 19 23 -21 -22 -23 24 -16 26 -7 -28 -29 -30
right_child=1 -3 -4 4 -6 25 7 -9 10 -11 11 12 13 14 18 -17 17 -19 -20 20 21 22 -24 -25 -26 -27 27 28 29 -31
leaf_value=-0.10338259127499556 -0.10386202734302125 0.096953460418707171 -0.10469035865490202 -0.12835587390721012 -0.14333709975558126 0.091057410460260918 -0.15510917663499135 -0.13578413419644383 0.067594350350562549 0.02923595081000421 -0.12320613314277962 0.072359144636682554 0.073693188615752359 -0.14855858812053288 0.080342825493331715 -0.14584810090792041 -0.14600063478228384 0.10893240701708454 -0.056741099812239099 -0.15746260760317393 0.075930404467729348 0.078130865466896959 -0.19233248495032743 0.051293328345505741 -0.17288077706734339 0.085795295252009796 -0.23307390700048983 -0.10430527019612648 0.055569822082530952 -0.018958747314617632
leaf_weight=73.124355188570917 9.8297255998477322 47.731493694707751 20.070768918842077 4.7933543454855672 3.8870816677808753 16.723930731415749 3.3040513666346696 12.197098144330083 28.456911373883486 12.509051426313816 11.223704842384903 39.830945806577802 4.1452750377356997 5.1163237746804944 4.8711183639243245 11.588152138516305 4.1432393714785567 3.227469801902771 9.9514138055965287 6.5898631960153571 17.543543746694926 3.7793930005282173 4.7805768754333231 94.585444851778448 4.5265846662223321 24.001059582456946 2.5692488327622405 5.0570678729563943 33.860937024466693 18.568845193833113
leaf_count=4520 555 70 1165 111 93 21 49 449 93 87 241 111 10 85 22 182 70 2 204 115 33 11 77 324 65 30 25 36 75 69
internal_value=-0.000835736 0.0151371 0.00587717 0.0114022 0.0142937 0.0158732 0.00756569 -0.0643675 0.0153405 -0.00928184 0.0180484 0.0118071 0.0188658 0.00848651 0.0184912 -0.0880057 0.0556928 -0.0343711 0.0243201 0.0302222 -0.0100859 0.0271195 -0.0729177 0.0428954 -0.0416272 0.0395443 0.0250864 0.0067154 0.0174323 0.0291743
internal_weight=542.588 469.464 421.732 401.661 391.832 387.945 287.164 28.0102 259.153 15.8131 254.36 225.903 214.679 167.478 151.744 15.7334 47.2017 7.37071 146.628 136.677 32.6934 26.1035 8.55997 103.983 9.3977 100.781 76.78 60.0561 57.4869 52.4298
internal_count=9000 4480 4410 3245 2690 2597 2341 585 1756 136 1645 1552 1311 1128 936 192 183 72 851 647 236 121 88 411 87 256 226 205 180 144
is_linear=0
shrinkage=0.1


Tree=28
num_leaves=31
num_cat=0
split_feature=8 4 17 15 3 3 18 17 13 1 13 11 10 9 18 18 6 7 5 18 1 13 12 7 7 18 19 8 2 11
split_gain=79.6336 32.4845 26.5213 12.0928 11.1769 7.60359 13.0403 8.8949 8.8465 6.68806 12.7945 5.98931 11.4437 17.9242 13.9731 8.33883 15.5724 7.47153 6.61361 8.14979 6.20768 15.181 11.2316 7.19803 6.77189 5.58607 7.63196 16.8297 17.7705 7.46051
threshold=1.5897149985202667e-11 6.1948489806764087e-10 0.11481267755681819 0.00010116456905961969 0.11130558834165355 0.2241776743872155 0.23933200105834249 0.059992009943181823 1.544215261936188 0.27384297055428058 1.6759046316146853 6.2489888819072811e-09 2.7700606584548955 0.031184052280111983 0.034808876035227025 -0.062105002813041203 1.5182473220655805e-10 0.044156569502990399 0.021396906305822 0.033406691154761414 0.40320581732765409 1.889845132827759 0.21412672847509387 0.023307013231722937 0.014657384573733915 0.0024235492614521226 0.57465624809265148 1.6885643197791304e-10 9.551387373963405e-10 3.6967836569701266e-09
decision_type=2 2 2 2 2 2 2 2 2 2 2 2 2 2 2 2 2 2 2 2 2 2 2 2 2 2 2 2 2 2
left_child=-1 2 3 4 -2 6 7 -6 -9 -10 -11 12 20 -14 15 16 -15 -16 -17 -20 -12 -22 23 24 -23 26 -7 28 -28 -27
right_child=1 -3 -4 -5 5 25 -8 8 9 10 11 -13 13 14 17 18 -18 -19 19 -21 21 22 -24 -25 -26 29 27 -29 -30 -31
leaf_value=-0.10305041260013242 -0.10345261895938934 0.098850939541160254 -0.10542329498587324 -0.20188233423683247 -0.08929522829341037 0.04222853043829683 -0.13212680200005944 -0.12418202694235148 0.070889885426311666 -0.090023524801171331 0.044109149346591527 0.055505354380884477 -0.23013471195276042 0.099505993664140313 0.045680108548004063 0.064743108860022894 -0.14332585501929265 -0.13729003825412658 -0.12711668148354083 0.11109647766099169 -0.15978709823846249 0.046766816380459202 -0.14154840304651853 0.053555858653810212 -0.18769130592465652 -0.019536218022867608 0.020457617079603765 0.044956383354400886 -0.30742553294326225 0.080642330552274738
leaf_weight=66.368067123927176 8.0536394100636226 41.287537084892392 20.382809014990926 2.6344654867425552 8.6615037498995644 34.289423152804375 6.5796808782033613 4.568621238693594 20.560477423481643 11.809081018436698 79.27666695881635 33.868562369607389 4.0019797906279555 4.1003258023410876 2.8101333770900956 25.932387142442181 7.4194013653323054 10.843642397318034 4.334426653571426 2.1478991126641631 5.3880362166091791 2.3486450873315325 3.9419771023094645 31.749533055350184 2.5908758360892534 9.0640322715044004 2.9647399429231909 9.4235689267516118 3.7358241900801659 41.336105548776686
leaf_count=4520 504 70 1252 48 139 87 273 115 59 231 318 150 48 5 15 83 162 294 102 2 95 11 73 140 30 39 11 29 37 58
internal_value=-0.000850261 0.0143543 0.00573642 0.0116301 0.0131034 0.015615 0.00694632 0.0103818 0.0137321 0.0162213 0.0113882 0.0168131 0.0098011 -0.0254935 -0.0112723 0.0161879 -0.0568924 -0.0996323 0.0421595 -0.0481855 0.0271504 -0.00206419 0.0188513 0.0360851 -0.0762111 0.0390837 0.0155475 -0.0411921 -0.16235 0.0626261
internal_weight=512.474 446.106 404.818 384.436 381.801 373.748 272.934 266.354 257.693 253.124 232.564 220.754 186.886 61.5902 57.5882 43.9344 11.5197 13.6538 32.4147 6.48233 125.296 46.0191 40.631 36.6891 4.93952 100.814 50.4136 16.1241 6.70056 50.4001
internal_count=9000 4480 4410 3158 3110 2606 2345 2072 1933 1818 1759 1528 1378 711 663 354 167 309 187 104 667 349 254 181 41 261 164 77 48 97
is_linear=0
shrinkage=0.1


Tree=29
num_leaves=31
num_cat=0
split_feature=8 4 17 1 3 14 15 19 1 13 17 10 19 13 13 15 3 8 3 1 14 13 19 13 4 1 3 4 15 12
split_gain=71.371 29.3895 23.6763 10.6925 9.54797 8.33486 8.58155 14.6816 11.6741 11.6067 8.36348 7.73936 10.7707 8.48004 14.4261 21.2645 10.8992 10.3959 8.25565 9.875 8.58436 9.79625 8.61574 9.30954 7.9306 7.10464 8.87418 6.05931 16.529 10.5685
threshold=1.5897149985202667e-11 6.1948489806764087e-10 0.11481267755681819 0.56682763701671257 0.11130558834165355 0.021116474643349651 6.8908062530681504e-05 1.9714323878288271 0.43270352391915906 2.0858796834945683 0.077658913352272749 2.6740026473999028 1.3782856464385989 1.8182821869850161 1.9613456130027773 6.051624768588227e-05 0.2581013561976726 7.9615875192435642e-11 0.1353558721915544 0.42622050547272111 0.0095454859547317045 1.573286831378937 0.79162076115608226 1.9351857304573061 3.7893351914599916e-11 0.46596260971689274 0.11173346003126436 6.1787219171936306e-11 4.5726730604656047e-05 0.1575955078005791
decision_type=2 2 2 2 2 2 2 2 2 2 2 2 2 2 2 2 2 2 2 2 2 2 2 2 2 2 2 2 2 2
left_child=-1 2 3 4 -2 6 7 8 11 -10 25 18 13 16 -15 -16 17 -13 19 24 21 -20 27 -24 -6 -11 -27 28 -23 -30
right_child=1 -3 -4 -5 5 -7 -8 -9 9 10 -12 12 -14 14 15 -17 -18 -19 20 -21 -22 22 23 -25 -26 26 -28 -29 29 -31
leaf_value=-0.10275176089319396 -0.10307540353495495 0.097810675967223995 -0.10497510361251948 -0.147775568448381 0.0058093039540020978 -0.14959193272372387 0.043180657686486094 -0.12442611233670182 -0.146316610614148 0.062948503195659464 -0.1426237453389311 0.045718328832611843 -0.14708156522301716 0.05908409532975803 -0.18654627137248014 0.026647407480906039 0.049859875157438789 -0.13496138907604754 -0.12597487255767734 0.10170890183403269 0.08050448537466548 0.055716925209509417 -0.16181612792740688 0.046127426356686534 -0.13744057577727967 0.10993120636280801 -0.16169359876103662 0.082077558742421008 0.076500180135499488 -0.19687435165470113
leaf_weight=60.21795872785151 6.9841262260451904 37.736023101955652 18.517871126066893 4.1985446806065729 8.0627729408442992 3.051121055148541 89.475647823419422 8.1911740875802916 8.4571508029475826 12.288961202837532 3.8075257306918493 4.2481953557580772 4.901643651071935 41.704652006737888 6.8917737961746779 14.568099576048551 8.3459543585777265 12.718603412620721 4.1127228876575819 4.7695843381807199 42.880851619876921 24.590169299393896 4.4086733823642117 4.2078711297363043 7.4225654164329162 1.7779076099395741 3.7182641671970487 26.55985065549612 1.9773443192243565 4.9651310732588172
leaf_count=4520 486 70 1252 128 54 61 328 337 168 38 101 18 159 141 125 70 21 282 91 7 89 68 71 14 128 1 67 39 4 62
internal_value=-0.000855544 0.0135637 0.00536592 0.010899 0.0127237 0.0149822 0.0163964 0.00737255 0.011567 -0.0470108 -0.0081159 0.0193099 -0.00278932 0.00520447 0.0248027 -0.0418191 -0.0437002 -0.0897223 0.0347148 -0.0241034 0.0451926 0.0238122 0.0330468 -0.0602673 -0.0628545 0.0206802 -0.0738281 0.0468876 0.0172472 -0.119012
internal_weight=485.759 425.541 387.805 369.287 365.088 358.104 355.053 265.577 257.386 30.0498 21.5927 227.336 93.3789 88.4773 63.1645 21.4599 25.3128 16.9668 133.958 20.2549 113.703 70.8218 66.709 8.61654 15.4853 17.7851 5.49617 58.0925 31.5326 6.94248
internal_count=9000 4480 4410 3158 3030 2544 2483 2155 1818 375 207 1443 816 657 336 195 321 300 627 189 438 349 258 85 182 106 68 173 134 66
is_linear=0
shrinkage=0.1


Tree=30
num_leaves=31
num_cat=0
split_feature=8 2 17 3 12 5 19 17 13 11 18 5 11 10 4 4 3 9 11 13 19 11 2 18 18 19 3 5 3 17
split_gain=64.0057 26.7148 18.6067 9.39009 7.50077 6.13621 5.68654 9.62014 8.36948 20.5484 10.3925 8.74632 7.37451 6.76835 5.91783 20.5549 8.85231 8.18156 26.8602 11.9659 7.53975 9.9714 5.74707 5.60879 5.22432 5.12286 5.06193 7.8119 4.54584 4.98981
threshold=1.5897149985202667e-11 2.3799135350259901e-09 0.11729847301136366 0.11130558834165355 0.38862882554531103 0.012768804859852987 0.14124003797769549 0.059992009943181823 1.8140041232109072 2.2168432645131024e-09 -0.050617292444010004 0.020170226884254964 1.9690780117542776e-09 2.3880132436752324 9.4328967508341355e-11 1.0512666182450199e-10 0.21173148100501946 0.024994989920100377 4.9181601013970075e-09 2.1107975244522099 1.3651204705238345 4.288621235915003e-09 1.2040899958758809e-09 -0.12583888259673995 -0.20273103437979109 0.21269222348928454 0.14441785903580653 0.015555313878379136 0.20922620903214656 0.098566228693181837
decision_type=2 2 2 2 2 2 2 2 2 2 2 2 2 2 2 2 2 2 2 2 2 2 2 2 2 2 2 2 2 2
left_child=-1 2 3 -2 5 -5 -7 13 9 25 11 -11 -10 -8 20 16 22 18 -17 -19 23 -22 -16 24 -14 -9 27 -27 29 -23
right_child=1 -3 -4 4 -6 6 7 8 12 10 -12 -13 14 -15 15 17 -18 19 -20 -21 21 28 -24 -25 -26 26 -28 -29 -30 -31
leaf_value=-0.10248309165806176 -0.10280597332819144 0.094129025844225819 -0.10400236015569274 -0.12033231955790441 -0.14987458017843089 0.048526150810121939 0.030148295153108812 -0.14755532466913168 -0.15342935446177944 -0.1273906003392892 -0.14656160980951502 0.050432214993369112 0.034576363432933244 -0.1651920466709636 -0.13605244942613154 0.054812858542407208 -0.29866059730252065 -0.14712223972938981 -0.32934660312709341 0.045191851077695855 -0.1281500217198851 -0.13732557305013887 0.10423608884179845 0.047435749548683737 -0.17185234605118332 0.03557851548527987 0.054755786466302747 -0.13031665395835151 0.10312144387123266 0.079829132924169002
leaf_weight=54.623031140305102 7.306587058119475 36.760442022234201 15.095173240173606 3.4121310361661008 2.8475434291176489 42.770740306004882 2.6795388581231228 1.6639837529510249 2.369454648345708 4.5290725347585994 14.057461054529993 7.1053685718216002 2.6391855860128999 5.2474150704219937 3.9727955670095971 5.4264632640406472 2.6869857925921679 3.4505702191963783 2.7386066764593124 51.873956999741495 6.2409941004589191 2.3333087540231627 1.3281096350401638 125.31837236229332 2.2896010996773688 8.2667963802814466 28.49450000654906 4.3227762510068706 4.781170442700386 1.9362072562798855
leaf_count=4520 555 70 1165 100 72 162 24 30 32 96 321 58 18 81 99 18 28 93 38 250 287 71 2 468 43 35 137 107 4 16
internal_value=-0.000886177 0.0128521 0.00471517 0.00937623 0.0117536 0.0130996 0.0144445 0.00951572 0.0125088 -0.0180217 -0.0887013 -0.0187909 0.0220331 -0.0991614 0.0239489 0.00038537 -0.150799 0.0194065 -0.0740362 0.0331973 0.0355215 -0.0309057 -0.0758496 0.0433203 -0.0613173 0.0244572 0.0314241 -0.0213835 0.0361502 -0.0388468
internal_weight=458.568 403.945 367.185 352.09 344.783 341.936 338.523 295.753 287.826 68.44 25.6919 11.6344 219.386 7.92695 217.016 71.4775 7.98789 63.4896 8.16507 55.3245 145.539 15.2917 5.30091 130.247 4.92879 42.7481 41.0841 12.5896 9.05069 4.26952
internal_count=9000 4480 4410 3245 2690 2618 2518 2356 2251 784 475 154 1467 105 1435 528 129 399 56 343 907 378 101 529 61 309 279 142 91 87
is_linear=0
shrinkage=0.1


Tree=31
num_leaves=31
num_cat=0
split_feature=8 5 17 14 3 6 19 18 12 17 2 8 10 8 19 12 1 13 3 2 3 13 9 7 10 3 12 7 3 3
split_gain=57.3827 24.6176 18.6981 8.98047 7.70368 5.46 5.10914 11.4718 4.89742 14.8034 11.0585 7.69253 15.6517 9.09817 6.71613 5.59854 5.54983 10.142 6.5703 8.45625 5.40492 5.31803 14.0144 11.234 5.46758 6.13436 9.76595 5.06062 7.39836 4.80198
threshold=1.5897149985202667e-11 0.047348086419355652 0.11481267755681819 0.021116474643349651 0.11130558834165355 3.2092717544965038e-11 2.1064352989196782 -0.060890591414962801 0.26149880886077886 0.09483753551136366 5.4186803619726582e-10 1.3919345245449148e-10 2.8318524360656743 1.1597779111272722e-10 0.49168619513511663 0.2440680265426636 0.42735410034094085 1.9927980303764345 0.2581013561976726 1.2428779649837995e-09 0.18712316266053677 1.6862602233886721 0.03477810928529556 0.027992749167745166 2.6740026473999028 0.13270509417196952 0.18144339323043826 0.059083145132125509 0.16810341620902094 0.131534272790958
decision_type=2 2 2 2 2 2 2 2 2 2 2 2 2 2 2 2 2 2 2 2 2 2 2 2 2 2 2 2 2 2
left_child=-1 2 3 4 -2 -6 8 -8 11 -10 -11 12 13 16 -15 -14 21 -18 19 29 -12 22 23 -7 25 26 -23 -13 -29 -19
right_child=1 -3 -4 -5 5 6 7 -9 9 10 20 27 15 14 -16 -17 17 18 -20 -21 -22 24 -24 -25 -26 -27 -28 28 -30 -31
leaf_value=-0.10224125204317505 -0.10252804524447912 0.09208234180825263 -0.10420509416361222 -0.14522085033169099 -0.14313056828515605 0.022520521964018863 0.043569598007627712 -0.14859424905949933 -0.14895572142929361 -0.11330034774738869 0.063727637283059885 0.063902401005924037 -0.22443254797908174 -0.0093917298007062666 -0.18823261089438686 -0.013692924688449213 -0.14253758890417162 0.055652352494175321 0.10619273936971503 -0.1674234436253407 -0.052948873366014726 0.076845041636939712 0.067065204488369348 -0.13960511349236715 0.00014676546357231637 0.059952825379853227 -0.14673181418557099 -0.12848365967424688 0.0339708714935179 -0.029356122140010162
leaf_weight=49.535916745662689 5.8966916976496568 34.978121090680361 15.244718604721127 3.732769599184393 2.2303289636038235 7.7143499897792998 6.4512185528874397 5.9922388079576177 6.9720551422797135 5.708811761345717 20.246930490247909 55.013942800462246 3.736261658370494 4.9767182655632478 3.6325050881132483 1.9025254556909201 5.2077669873833647 11.435914526227867 5.6105923652648917 3.1241872832179061 4.9387515150010577 3.9807132417336097 14.081190371885894 9.5834325845353288 27.001774897798896 79.465077673085034 3.8367874282412231 3.4617519527673748 14.738530067726968 15.861693907063453
leaf_count=4520 495 84 1247 100 36 41 46 284 134 220 162 166 49 41 80 12 124 54 5 39 74 11 67 219 124 208 62 86 60 150
internal_value=-0.000906 0.012073 0.00411753 0.00902443 0.0107545 0.0127978 0.013869 -0.0489683 0.0163733 -0.0173385 0.0123639 0.021026 0.010924 0.0156612 -0.0848504 -0.153329 0.0202911 -0.0120941 0.00675891 -0.0115793 0.0408481 0.0294599 -0.00700492 -0.0673014 0.0394721 0.0516377 -0.0328853 0.0487805 0.0030715 0.00625687
internal_weight=436.294 386.758 351.78 336.536 332.803 326.906 324.676 12.4435 312.232 37.8665 30.8945 274.366 201.151 195.513 8.60922 5.63879 186.903 41.2402 36.0324 30.4218 25.1857 145.663 31.379 17.2978 114.284 87.2826 7.8175 73.2142 18.2003 27.2976
internal_count=9000 4480 4396 3149 3049 2554 2518 330 2188 590 456 1598 1286 1225 121 61 1104 372 248 243 236 732 327 260 405 281 73 312 146 204
is_linear=0
shrinkage=0.1


Tree=32
num_leaves=31
num_cat=0
split_feature=14 4 17 1 3 14 15 1 18 19 19 2 2 1 13 10 4 18 5 0 10 12 2 19 5 13 13 1 5 1
split_gain=51.6512 22.4675 17.043 8.6757 6.68442 6.08767 6.17457 10.709 8.66555 7.85808 7.69065 5.53013 8.3734 4.47426 13.6385 10.1628 12.9032 8.27537 9.53354 7.29316 6.97618 7.93018 6.75285 5.37101 7.91782 4.59663 4.35218 6.79832 5.63487 4.83561
threshold=0.0061336085200309762 6.1948489806764087e-10 0.11481267755681819 0.56682763701671257 0.11130558834165355 0.021116474643349651 7.3046168836299344e-05 0.46596260971689274 0.063238181829960521 1.4793586134910586 0.93559923768043529 9.2770591563875765e-10 8.1735168585990588e-10 0.40824111603263397 1.889845132827759 2.6159273386001591 7.3484961967557779e-11 -0.048077710565518246 0.018491700189328723 1.6743901968843931e-09 2.7928006649017338 0.23648788034915927 5.4186803619726582e-10 0.89785522222518932 0.025036910342321372 1.8954398632049563 1.544215261936188 0.19215545988441388 0.021641506263416641 0.27384297055428058
decision_type=2 2 2 2 2 2 2 2 2 2 2 2 2 2 2 2 2 2 2 2 2 2 2 2 2 2 2 2 2 2
left_child=-1 2 3 4 -2 6 7 9 -9 13 -10 12 -11 19 -15 -16 -17 18 -18 20 26 -22 -23 -19 -25 -24 27 -6 29 -28
right_child=1 -3 -4 -5 5 -7 -8 8 10 11 -12 -13 -14 14 15 16 17 23 -20 -21 21 22 25 24 -26 -27 28 -29 -30 -31
leaf_value=-0.10255342234072136 -0.10226184557080292 0.095470904089809391 -0.10407293461780349 -0.1405747708002667 0.10906500710244015 -0.14001999441314111 0.043157731723748462 -0.15367605638291512 0.065049410656452963 -0.081228348406233247 -0.15588505941828168 -0.18136763039633849 0.067917306273433078 -0.16717394497496751 0.058983390131309571 -0.18025045702420048 0.060059332222366493 0.072636754968050304 -0.22339295268032672 0.058714573754022392 -0.19562954854423414 -0.11798141625666798 0.053066094052716895 -0.19107544876070176 0.082112611136392788 -0.074720636271054117 0.084368120842401806 -0.13210403696192038 -0.075793717084564782 0.023488343046040638
leaf_weight=44.621287185233086 5.1711794938892117 29.232951372861862 13.962779543362556 3.8454789142124346 1.6487190723419178 2.6005776813253751 57.766023740172386 7.2511282463092339 5.3033489575609565 10.467614701483404 2.2414847114123404 2.7291614464484146 5.8781016105785957 4.9059163392521432 21.322393831331283 4.9104485111311105 1.955531486310069 11.215433239005501 3.0175567762926221 46.759833575692028 2.8096537808887687 4.8303244393318918 10.47958419844508 2.2008091239258656 2.0483377673663199 3.8487490136176339 15.702644763514398 4.0158829777501523 4.9426246881484976 77.140559657011181
leaf_count=4415 482 70 1252 172 1 61 222 182 26 495 76 37 24 91 71 81 6 32 41 152 38 172 66 45 9 45 24 105 66 441
internal_value=-0.000915135 0.0113355 0.00412218 0.00874194 0.0105187 0.0123528 0.0136092 0.00698365 -0.0756125 0.0120163 -0.00058772 -0.0495953 -0.0275939 0.0172687 -0.00856809 0.00810426 -0.0346944 0.000277597 -0.111933 0.0250081 0.0124414 -0.0387381 -0.0157296 0.0363622 -0.0593828 0.0187412 0.0233096 -0.0619102 0.0282463 0.033785
internal_weight=414.826 370.205 340.972 327.009 323.164 317.992 315.392 257.626 14.796 242.83 7.54483 19.0749 16.3457 223.755 51.5764 46.6705 25.3481 20.4377 4.97309 172.179 125.419 21.9683 19.1587 15.4646 4.24915 14.3283 103.45 5.6646 97.7858 92.8432
internal_count=9000 4585 4515 3263 3091 2609 2548 2326 284 2042 102 556 519 1486 376 285 214 133 47 1110 958 321 283 86 54 111 637 106 531 465
is_linear=0
shrinkage=0.1


Tree=33
num_leaves=31
num_cat=0
split_feature=14 4 17 15 3 5 10 14 19 15 13 19 13 17 18 7 12 4 14 4 1 17 13 1 5 15 0 11 5 9
split_gain=46.3482 20.2479 15.2486 7.99078 6.19428 5.00734 4.82142 8.63081 5.01863 5.38401 9.05532 7.71757 7.03384 6.73744 6.25891 5.89853 14.773 10.7713 16.9304 9.93513 7.19582 7.78247 5.8232 18.8085 6.90023 8.6265 5.12175 8.48898 18.3595 4.04417
threshold=0.0061336085200309762 6.1948489806764087e-10 0.11481267755681819 0.00010116456905961969 0.11130558834165355 0.012768804859852987 2.2255537509918217 0.0070654503069818029 0.096259508281946196 6.8908062530681504e-05 2.2591099739074711 1.9714323878288271 2.467010617256165 0.061012961647727279 0.063238181829960521 0.027992749167745166 0.192834347486496 6.2115950000006284e-11 0.0074233680497854957 1.3144096340464306e-10 0.42059091806773147 0.075395063920454572 1.7300260066986086 0.28228681232011382 0.021641506263416641 5.7407236454309902e-05 2.5795662675038755e-09 6.2489888819072811e-09 0.017481912006487372 0.024489812843967798
decision_type=2 2 2 2 2 2 2 2 2 2 2 2 2 2 2 2 2 2 2 2 2 2 2 2 2 2 2 2 2 2
left_child=-1 2 3 4 -2 -6 -7 -8 -9 10 11 13 -12 -10 -14 17 19 18 -15 -17 22 -22 23 -18 -24 -26 -11 28 -28 -29
right_child=1 -3 -4 -5 5 6 7 8 9 26 12 -13 14 15 -16 16 20 -19 -20 -21 21 -23 24 -25 25 -27 27 29 -30 -31
leaf_value=-0.10232758445529716 -0.10205698440313381 0.094255179342111362 -0.10373818275197927 -0.18145614769036003 -0.11733658521909698 0.083391758376689107 -0.13599229843207844 0.054059025994027933 -0.16061720224169712 0.06910171155623536 -0.15833715188773917 -0.12079239347689041 -0.14375893714123933 0.08398724861327854 0.088744019791726303 -0.16332538550989353 0.036642648023507862 0.079057590543477718 -0.19375934144152016 0.10880275660331223 0.041521678734847793 -0.14796026362508793 0.04228558602054143 -0.1312926370027335 -0.15177324601721584 0.018735740638220016 0.046445715935298587 -0.024236797202098509 -0.21353854770757633 0.049532796946102742
leaf_weight=40.459588436409831 4.9017776278778902 26.775284200906754 12.672745555639265 2.2074621627107254 2.999103798530995 9.3038859562948328 3.9795798487029961 26.169463224709034 2.3372255768626919 23.63466338859871 6.2812261991202814 4.7816258762031785 1.8568049708846954 4.5890328213572484 3.0756854522041976 8.07941804733127 19.240005888510499 26.194325394462794 4.206316351890564 1.6087483167648322 3.5177729511633498 5.6476104175671935 72.357773256488144 10.207297056913374 4.3324734512716523 9.4154674871824664 6.3546949587762338 9.522914349101482 4.7439783453010023 33.837364044040442
leaf_count=4415 501 70 1252 51 115 19 138 110 41 69 142 287 50 7 14 157 114 57 54 1 24 134 356 278 117 92 27 61 90 157
internal_value=-0.000922832 0.0106398 0.0038153 0.00813702 0.00947339 0.0112468 0.01251 0.0102819 0.0122754 0.00816197 -0.00101711 0.00451856 -0.0881541 0.00800763 0.00121975 0.0103342 0.000813271 0.0469072 -0.0488432 -0.118138 0.0100534 -0.0752351 0.0168183 -0.0215686 0.0299462 -0.0349978 0.0302275 0.0133565 -0.0646811 0.0333313
internal_weight=395.291 354.832 328.056 315.384 313.176 308.274 305.275 295.971 291.992 265.822 187.729 176.515 11.2137 171.733 4.93249 169.396 134.407 34.9897 8.79535 9.68817 124.718 9.16538 115.553 29.4473 86.1057 13.7479 78.0936 54.459 11.0987 43.3603
internal_count=9000 4585 4515 3263 3212 2711 2596 2577 2439 2329 1925 1719 206 1432 64 1391 1273 118 61 158 1115 158 957 392 565 209 404 335 117 218
is_linear=0
shrinkage=0.1


Tree=34
num_leaves=31
num_cat=0
split_feature=14 2 7 14 11 0 8 0 10 3 1 2 15 0 10 1 18 19 5 19 9 4 17 6 2 4 8 4 10 3
split_gain=41.6144 18.5037 12.3497 6.65358 6.23183 7.68525 5.54961 12.3143 7.42467 12.2664 6.64652 5.92065 5.5994 18.3937 6.30466 11.6317 4.78345 4.65754 4.4477 4.29547 7.65779 4.57137 8.93059 13.9143 5.69071 4.30876 6.36173 9.53554 7.11282 5.04764
threshold=0.0061336085200309762 2.3799135350259901e-09 0.083173892660801454 0.017715385183691982 9.3342142903907205e-09 4.3515675456957071e-09 1.5563999887937259e-10 3.9506802966359838e-09 2.6740026473999028 0.18274503228984865 0.31744078313336804 3.005942229857953e-10 6.4824242144823088e-05 2.0279214688498615e-09 2.7992490530014043 0.25518251581213275 -0.20836624206805768 0.28010594844818121 0.029242142814387844 0.17266434431076053 0.0089985161516323072 6.6662515671894568e-11 0.077037464488636367 4.2564788057864429e-11 1.1702819798301014e-09 3.2501407460247806e-11 7.8340082502778451e-11 6.2392824022156995e-11 2.3290611505508427 0.14931227331480049
decision_type=2 2 2 2 2 2 2 2 2 2 2 2 2 2 2 2 2 2 2 2 2 2 2 2 2 2 2 2 2 2
left_child=-1 2 3 6 -4 -6 7 8 11 -10 -8 -2 13 14 17 -16 -5 -11 -12 -13 -21 22 23 -22 -25 -24 27 28 -27 -28
right_child=1 -3 4 16 5 -7 10 -9 9 12 18 19 -14 -15 15 -17 -18 -19 -20 20 21 -23 25 24 -26 26 29 -29 -30 -31
leaf_value=-0.10212148557780687 -0.071474782003180068 0.090446109863571877 -0.095323703213103073 0.090741635046838395 0.075248048981482199 -0.19030426418715427 -0.12839082913528393 -0.18548892119069546 -0.12349418402440078 -0.07499221927190132 0.044485033465632665 0.055597275733354712 0.035509087502240633 -0.24037655144958614 0.10606510754881077 -0.17541934081933244 -0.13375797256739039 0.040355205867494776 -0.090038043094839801 -0.13795679347384376 0.082429539362803839 0.049127164962184715 0.094412746200231587 -0.15344220863223751 0.10126731277230544 0.10668733875429344 -0.039710266847590527 0.090408758235035719 -0.15106154028697688 0.06254406968148013
leaf_weight=36.679479250218719 6.7952932347543529 26.373949365690351 17.973843894666064 1.1631318526342509 5.1306184651330105 1.3837623740546403 2.4268260179087511 3.4165853890590361 9.9778284756466729 4.2381116645410719 70.818073195638135 32.690835129935294 22.516481232829392 3.665421220008283 2.126961648464202 4.7386392713524401 5.1576761631295076 20.115695644170046 2.5461399229243389 3.2214226813521227 4.4500680072233072 32.430826247204095 7.3828848809935144 9.2744565522298181 0.96877824328839857 1.2710913419723491 6.3625767440535155 3.3456701650284222 6.7895378349348903 20.009467753581703
leaf_count=4415 324 70 1282 4 60 38 88 128 431 33 551 149 64 43 2 65 261 77 33 112 11 155 19 205 2 1 144 8 152 73
internal_value=-0.000943358 0.0100117 0.00322088 0.00901966 -0.0649537 0.0188403 0.0112973 0.00277755 0.005956 -0.0211557 0.0344304 0.0194883 -0.00336659 -0.028459 -0.00357806 -0.0882155 -0.0924464 0.0202822 0.0398163 0.0243099 0.0136006 0.018891 0.00250827 -0.0652114 -0.129352 0.024541 0.0108862 -0.0515111 -0.110417 0.037874
internal_weight=375.442 338.763 312.389 287.9 24.4882 6.51438 281.58 205.789 202.372 67.3791 75.791 134.993 57.4013 34.8848 31.2194 6.8656 6.32081 24.3538 73.3642 128.198 95.5068 92.2854 59.8545 14.6933 10.2432 45.1612 37.7783 11.4063 8.06063 26.372
internal_count=9000 4585 4515 3135 1380 98 2870 2198 2070 715 672 1355 284 220 177 67 265 110 584 1031 882 770 615 218 207 397 378 161 153 217
is_linear=0
shrinkage=0.1


Tree=35
num_leaves=31
num_cat=0
split_feature=14 4 17 11 3 6 10 14 3 18 18 19 8 3 11 3 18 17 13 1 13 8 11 11 15 4 5 4 15 5
split_gain=37.3807 16.6996 12.4706 6.80723 5.14964 4.3174 4.90062 5.17164 4.1084 6.96393 4.94822 5.97387 9.77478 8.75445 5.59612 4.76639 7.54724 4.67799 4.37607 5.47706 10.4439 7.68947 6.81533 6.31719 4.39252 13.0264 7.66048 7.3628 8.57737 7.41635
threshold=0.0061336085200309762 6.1948489806764087e-10 0.11481267755681819 1.1798658494655003e-08 0.11130558834165355 3.2092717544965038e-11 2.2255537509918217 0.0070654503069818029 0.22058371816735506 0.23933200105834249 0.0024235492614521226 0.57465624809265148 1.6885643197791304e-10 0.23064939308229335 3.4700096129824946e-09 0.25367466382231124 -0.081851808227259987 0.083251953125000014 1.544215261936188 0.34444271008666466 1.8291408419609072 6.7749499790803135e-11 2.1908983516283347e-09 2.4931317010867819e-09 5.3813035265193328e-05 7.1328753539310423e-11 0.014056768694911322 7.7313176718657024e-11 6.9465968408621861e-05 0.02440376793574878
decision_type=2 2 2 2 2 2 2 2 2 2 2 2 2 2 2 2 2 2 2 2 2 2 2 2 2 2 2 2 2 2
left_child=-1 2 3 4 -2 -6 -7 -8 9 18 11 15 13 -13 -12 16 -10 -18 -9 21 22 -20 -21 -22 -25 26 -26 -27 29 -29
right_child=1 -3 -4 -5 5 6 7 8 10 -11 14 12 -14 -15 -16 -17 17 -19 19 20 23 -23 -24 24 25 27 -28 28 -30 -31
leaf_value=-0.10193330691451884 -0.10174664429820586 0.092410478164893672 -0.10337357068094638 -0.17530035189216889 -0.13086369255595018 0.088801747552513716 -0.13252913389995474 -0.11868132489483843 0.046001075770595617 -0.12722571208044886 -0.036846147942611235 0.013113143812450965 0.028720861989693182 -0.22709717728045528 0.069088000505530767 0.06474541483717515 -0.22281513489676188 -0.015336888479855393 -0.14698197820592401 0.027756407965554314 -0.15481588737481394 0.041102356569451104 -0.13242021021351635 0.046178653599406275 0.010970937552171482 0.065975514969841484 -0.15091467667431857 -0.12250087993555699 0.021218866344760084 0.01209655918503643
leaf_weight=33.247123867738992 4.1866017691791049 22.550375366583467 10.594259690493343 2.0323607297614208 2.1602486060000947 7.8798788320273152 2.564374958863481 2.8226423393934956 6.8840453773736954 4.0777432401664546 5.8279763283208004 2.4083607252687198 7.6074293535202742 4.1002979394979775 34.546777184586972 17.038748018443584 2.242101036943497 2.1088294368237257 2.2677441872656336 3.6650284091010681 2.41524977935478 52.390624794643372 9.6521196230314654 24.410356704378501 4.4803787618875495 20.094971664715558 8.4097050670534355 9.5127246819902229 38.555622550426051 7.1862184570636591
leaf_count=4415 503 70 1252 46 76 15 112 107 18 268 36 12 30 43 68 36 25 15 41 28 42 401 254 140 71 89 187 210 275 115
internal_value=-0.000943672 0.00939783 0.0032018 0.00707478 0.00835511 0.00997073 0.0110452 0.00881935 0.0101485 0.00204633 0.0287427 0.00487958 -0.0482494 -0.138214 0.0537967 0.031405 -0.0191583 -0.122254 0.00488249 0.00678795 -0.00449898 0.0332988 -0.0883378 0.00520417 0.00863504 -0.00175091 -0.0946459 0.0141407 -0.0047106 -0.0645783
internal_weight=357.921 324.674 302.123 291.529 289.497 285.31 283.15 275.27 272.706 189.941 82.7646 42.3898 14.1161 6.50866 40.3748 28.2737 11.235 4.35093 185.863 183.041 128.382 54.6584 13.3171 115.065 112.65 88.2396 12.8901 75.3495 55.2546 16.6989
internal_count=9000 4585 4515 3263 3217 2714 2638 2623 2511 2228 283 179 85 55 104 94 58 40 1960 1853 1411 442 282 1129 1087 947 258 689 600 325
is_linear=0
shrinkage=0.1


Tree=36
num_leaves=31
num_cat=0
split_feature=14 2 6 11 15 3 14 11 11 1 1 5 5 13 10 18 19 19 5 13 1 14 6 12 5 4 4 14 13 11
split_gain=33.5874 15.0938 10.4578 7.82574 7.52675 5.60048 4.88644 4.27735 12.9431 7.47663 6.35956 9.73198 14.6619 6.11111 5.5557 5.09835 6.20695 4.99695 6.11751 5.56429 10.4434 10.615 5.7136 4.23209 4.27025 4.14471 3.75277 3.44526 5.57118 3.24791
threshold=0.0061336085200309762 2.3799135350259901e-09 4.6399954205227875e-10 9.3342142903907205e-09 9.1294888989068581e-05 0.11130558834165355 0.017715385183691982 4.7316948137421386e-09 4.4727723746973433e-09 0.44843870701659488 0.46596260971689274 0.018379795466826439 0.025348129806627474 2.2591099739074711 2.2375806570053105 -0.048077710565518246 1.2668057680130007 1.3782856464385989 0.015484791830023039 1.7300260066986086 0.29015591829828102 0.0078350007534027117 1.8030864153540318e-10 0.25942240655422216 0.02571527119237468 5.5677742167379516e-11 3.1949084047744643e-11 0.0095454859547317045 1.6110002994537356 1.8533339862791822e-09
decision_type=2 2 2 2 2 2 2 2 2 2 2 2 2 2 2 2 2 2 2 2 2 2 2 2 2 2 2 2 2 2
left_child=-1 2 5 -4 -5 -2 7 8 9 13 15 -12 -13 17 -11 16 -9 19 -19 20 22 25 27 24 -14 26 -22 28 -7 -21
right_child=1 -3 3 4 -6 6 -8 10 -10 14 11 12 23 -15 -16 -17 -18 18 -20 29 21 -23 -24 -25 -26 -27 -28 -29 -30 -31
leaf_value=-0.10176144574927176 -0.10152420238792798 0.0880738380192852 -0.12352902759785447 0.070855428045868946 -0.14024025234146037 -0.13736725456985355 -0.11898546413194105 -0.10775514375625467 -0.1819913430900614 0.10459699461235648 0.039314349562040413 -0.19673332739936261 0.10442582191726409 -0.14128761983355964 -0.13211790831980375 0.07144542376243683 0.050958839785161719 0.04413554487718032 -0.11922090088931941 -0.0709446465459877 0.070823017954105366 -0.13163014992176061 -0.091151197412910792 0.099565296066665088 -0.17167044324212399 0.078006793483570924 -0.14550828891178122 0.082059222703006529 0.055387962004349256 0.030952853495809819
leaf_weight=30.131466931197792 4.6116155027411869 22.301152378320694 11.037382901180537 5.5407554893754414 2.4297850546427071 2.1866783951409223 2.9215741108637294 3.8931579636409861 3.7134499687235794 1.1867359299212683 18.723837441531945 5.4342981881927681 0.8780658841133121 2.6053926416207096 6.0263939660508186 36.572676070500165 6.7124565588310361 3.7142125503160042 5.9888871954753995 3.2143095680512479 1.2704550763592144 11.149643729440866 3.265513871330767 3.5596712063997984 1.5473774257116018 4.8051805547438562 2.1742053809575737 12.9479738404043 4.7711653858423233 116.59891316667199
leaf_count=4415 629 70 956 34 104 58 179 31 80 2 165 120 1 74 213 113 24 60 405 37 7 301 88 6 60 16 46 37 12 657
internal_value=-0.000941709 0.00880176 0.00269478 -0.0690027 0.00650382 0.00773342 0.00962859 0.0110576 0.00282579 0.00659867 0.0308191 -0.00505979 -0.0778178 0.0107183 -0.0931725 0.053743 -0.00730262 0.0130196 -0.0566903 0.0171851 -0.0138698 -0.0680008 0.0314497 0.0301537 -0.0717173 0.0179942 -0.0657213 0.0515622 -0.00519024 0.0282192
internal_weight=341.914 311.783 289.482 19.0079 7.97054 270.474 265.862 262.941 185.619 181.906 77.3215 30.1433 11.4194 174.693 7.21313 47.1783 10.6056 172.087 9.7031 162.384 42.5708 19.3995 23.1713 5.98511 2.42544 8.24984 3.44466 19.9058 6.95784 119.813
internal_count=9000 4585 4515 1094 138 3421 2792 2613 2093 2013 520 352 187 1798 215 168 55 1724 465 1259 565 370 195 67 61 69 53 107 70 694
is_linear=0
shrinkage=0.1


Tree=37
num_leaves=31
num_cat=0
split_feature=14 5 14 4 14 3 6 10 14 8 7 7 1 8 10 0 11 3 1 4 13 19 9 13 1 14 18 5 6 6
split_gain=30.1911 13.7663 10.5288 8.19654 7.27012 4.73976 5.48354 4.43401 5.57844 4.18007 4.71555 6.99714 4.06496 3.47048 8.67245 14.6243 18.4093 9.44113 5.9703 11.3805 5.55682 5.12652 6.25189 4.59109 6.7538 9.08665 4.26411 5.77906 4.84511 4.07747
threshold=0.0061336085200309762 0.047348086419355652 0.01589030493050814 2.085831627959518e-10 0.021116474643349651 0.13120125327419421 1.6581049476898578e-10 2.2301810979843144 0.0070654503069818029 1.9077430227797763e-10 0.027992749167745166 0.021718917399569652 0.25913886109617018 1.5563999887937259e-10 2.7928006649017338 2.7779550866075483e-09 4.7316948137421386e-09 0.2581013561976726 0.40824111603263397 6.7383665566548002e-11 1.8291408419609072 0.34471112489700323 0.013634080023173891 1.7300260066986086 0.29015591829828102 0.0078350007534027117 -0.062105002813041203 0.01844325862012804 2.055604553854429e-10 1.5182473220655805e-10
decision_type=2 2 2 2 2 2 2 2 2 2 2 2 2 2 2 2 2 2 2 2 2 2 2 2 2 2 2 2 2 2
left_child=-1 2 5 -4 -5 6 9 -7 -9 10 11 -2 -12 14 18 16 17 -16 23 29 -15 -21 -23 24 -10 -26 27 -22 -29 -20
right_child=1 -3 3 4 -6 7 -8 8 13 -11 12 -13 -14 20 15 -17 -18 -19 19 21 26 22 -24 -25 25 -27 -28 28 -30 -31
leaf_value=-0.1016044685190458 -0.12455782729578824 0.085265677350392435 -0.11365304683471032 0.049183844312728951 -0.1321743583705218 0.09305183443550108 -0.11146010207118745 -0.12899836842540741 0.038784749332851254 0.10695084654487362 0.048299778027896902 0.064541455264400277 -0.11928560527818749 -0.073761138079456057 -0.16784048185501033 -0.28159762569730917 0.081334145785068063 0.036312191919997377 -0.1499395996069578 0.055890195090927103 0.057210973780874343 -0.17633188359461238 -0.0011830714986548467 0.043230536490837357 0.039538638803776324 -0.13183729973506705 0.053437814134426803 0.034281903856628208 -0.18321362584115428 0.022953263949449937
leaf_weight=27.304061810253188 2.5607453738339343 21.536000122316182 13.236994305159898 8.4708962226286513 2.9907920181285581 6.7493930496275416 6.4214637472759923 2.819324181880801 15.66426126053557 2.8340832982212296 1.880847844760863 8.2964332615956646 6.2803529736120254 4.5253092239145181 8.0303269135765785 2.4801523138303301 9.0922734700143319 3.1553024081513277 7.2524457941763085 13.822755338624122 4.5537975118495506 2.3901206162991029 13.832015730906276 63.846263381652534 5.3594960882328433 7.3188471195753664 47.196156181627885 1.6179340146481989 2.7912745077628642 1.6800621803849933
leaf_count=4415 115 93 1243 28 155 10 544 141 99 3 53 58 371 153 165 37 16 11 191 55 17 56 132 265 36 197 254 10 47 30
internal_value=-0.000950519 0.00825065 0.00226618 -0.0600477 0.00186057 0.00836269 -0.03022 0.0132288 0.010751 -0.00634714 -0.0232306 0.019941 -0.0806635 0.0125869 0.00460222 -0.0523828 -0.024348 -0.110252 0.0144894 -0.0183216 0.0328397 0.0111413 -0.026989 0.0283619 -0.00513204 -0.0593918 0.0414296 -0.0218014 -0.103405 -0.117421
internal_weight=325.99 298.686 277.15 24.6987 11.4617 252.451 28.2739 224.178 217.428 21.8525 19.0184 10.8572 8.1612 214.609 153.924 22.7581 20.2779 11.1856 131.166 38.9774 60.6845 30.0449 16.2221 92.1889 28.3426 12.6783 56.1592 8.96301 4.40921 8.93251
internal_count=9000 4585 4492 1426 183 3066 1144 1922 1912 600 597 173 424 1771 1290 229 192 176 1061 464 481 243 188 597 332 233 328 74 57 221
is_linear=0
shrinkage=0.1


Tree=38
num_leaves=31
num_cat=0
split_feature=14 4 17 1 14 11 1 5 10 9 6 11 11 19 5 18 2 3 17 10 13 18 3 2 1 14 13 1 5 14
split_gain=27.1477 12.5298 9.13218 5.34755 3.75201 3.67848 6.99582 10.0085 6.10342 6.49716 5.5752 4.82657 9.89267 4.74877 5.18425 4.51464 7.10262 3.36053 3.51595 3.19912 3.92277 7.11334 6.38805 5.64312 4.43348 8.93965 3.91761 6.51491 6.24538 5.9178
threshold=0.0061336085200309762 6.1948489806764087e-10 0.11481267755681819 0.56682763701671257 0.021116474643349651 7.4677113381937959e-09 0.46596260971689274 0.017768313760118313 2.7774140834808354 0.022289276572759819 4.6399954205227875e-10 4.7316948137421386e-09 4.4727723746973433e-09 1.3782856464385989 0.015484791830023039 -0.02430068046404895 1.2040899958758809e-09 0.12270853486576901 0.097545276988636367 2.2255537509918217 1.7300260066986086 0.020038778978315269 0.15445512433815581 3.1690842403135828e-10 0.29015591829828102 0.0078350007534027117 1.9613456130027773 0.37938210054082405 0.015607528676792487 0.0098888319917023199
decision_type=2 2 2 2 2 2 2 2 2 2 2 2 2 2 2 2 2 2 2 2 2 2 2 2 2 2 2 2 2 2
left_child=-1 2 3 4 5 6 10 8 9 -8 11 12 13 17 -15 16 -13 18 -2 -19 21 22 -21 -23 -24 -26 -22 -28 -29 -30
right_child=1 -3 -4 -5 -6 -7 7 -9 -10 -11 -12 15 -14 14 -16 -17 -18 19 -20 20 26 23 24 -25 25 -27 27 28 29 -31
leaf_value=-0.10146109385192355 -0.12192703193842643 0.089434221884158047 -0.10309362597327557 -0.13557254186247411 -0.12615763791724371 0.047086333127339126 -0.084211513421753356 -0.15248039414594577 -0.18518150765953789 0.086720684899228018 -0.11372266841368213 0.037749828073285897 -0.17736835920644475 0.032981450946690617 -0.11680923471086076 0.065278951216051345 -0.12935441097540559 0.084059605060001832 0.0076688966014979839 -0.142763428012642 0.032393939891416708 0.057795173827928606 0.060725871782949026 -0.15956563651201716 0.066795075018125427 -0.12959562204937392 -0.1141577952997917 -0.16142672788960941 0.06761051768006815 -0.033587695148794894
leaf_weight=24.738876336952671 3.752182766562326 17.61477261967957 7.9668716257438055 2.6558970699552438 2.0971409007906905 22.156198323238641 3.335607270710172 6.6785675906576207 1.5223450164776284 6.6708388410042971 3.6107737466227254 9.7780203279107791 2.9494565075729033 3.7186920063104463 6.1018601791001856 27.78803949453868 3.4378664507530621 6.4310069493949404 4.7354969517327845 2.5967913575004848 80.434129590401426 1.5479572913609434 12.972612587735059 5.2297506821341813 4.7115202285349351 4.5621396347414702 4.9912375954445478 1.9473785595037068 13.682799243833871 10.002883980982004
leaf_count=4415 193 70 1252 172 79 80 94 225 36 53 159 55 62 88 496 129 23 12 183 89 407 16 55 139 31 120 71 31 44 121
internal_value=-0.000966635 0.0077358 0.00236735 0.00559764 0.00705401 0.00814807 0.00444841 -0.0550688 0.0013612 0.0297411 0.00948905 0.0115938 0.00418048 0.00737887 -0.0600889 0.0423957 -0.00571922 0.0115831 -0.0496221 0.015067 0.0119573 -0.0191173 0.00565628 -0.109923 0.0229812 -0.0298185 0.0208049 -0.00963354 0.0107193 0.0248727
internal_weight=310.42 285.681 268.066 260.099 257.443 255.346 233.19 18.2074 11.5288 10.0064 214.983 211.372 170.368 167.418 9.82055 41.0039 13.2159 157.598 8.48768 149.11 142.679 31.6208 24.8431 6.77771 22.2463 9.27366 111.058 30.6243 25.6331 23.6857
internal_count=9000 4585 4515 3263 3091 3012 2932 408 183 147 2524 2365 2158 2096 584 207 78 1512 376 1136 1124 450 295 155 206 151 674 267 196 165
is_linear=0
shrinkage=0.1


Tree=39
num_leaves=31
num_cat=0
split_feature=14 2 6 11 15 3 14 6 7 8 0 10 2 9 2 17 11 1 10 1 14 4 10 11 11 6 6 3 10 6
split_gain=24.4203 11.3147 7.88464 6.23522 5.85154 4.14658 3.79172 3.56667 9.15379 4.05223 8.85579 6.07418 8.82298 4.45452 8.01961 6.10502 4.9475 9.80032 4.54176 8.26784 3.90807 8.59537 7.01334 7.13569 7.44991 6.77922 5.22262 5.11483 12.0074 4.53031
threshold=0.0061336085200309762 2.3799135350259901e-09 4.6399954205227875e-10 9.3342142903907205e-09 9.1294888989068581e-05 0.11130558834165355 0.017715385183691982 4.393176113555919e-10 0.074135864829022943 1.5563999887937259e-10 3.9506802966359838e-09 2.6740026473999028 6.4415356855347801e-10 0.022289276572759819 9.551387373963405e-10 0.061012961647727279 4.7316948137421386e-09 0.39897233552298117 2.7992490530014043 0.25518251581213275 0.0095454859547317045 6.1787219171936306e-11 2.2255537509918217 2.1908983516283347e-09 2.0198568373430707e-09 4.2564788057864429e-11 1.002037080987366e-10 0.15970212382308516 2.4903399944305424 1.8316827552201201e-10
decision_type=2 2 2 2 2 2 2 2 2 2 2 2 2 2 2 2 2 2 2 2 2 2 2 2 2 2 2 2 2 2
left_child=-1 2 5 -4 -5 -2 7 8 9 10 11 20 -13 14 -14 -16 17 18 -15 -20 21 22 -7 24 -24 -25 -22 28 -28 -30
right_child=1 -3 3 4 -6 6 -8 -9 -10 -11 -12 12 13 16 15 -17 -18 -19 19 -21 26 -23 23 25 -26 -27 27 -29 29 -31
leaf_value=-0.10133012582745538 -0.10117243461824033 0.084663974122217683 -0.12438446639244194 0.064714030290434585 -0.13959516594873081 0.067411170505964305 -0.11759739019895298 0.080223208326194742 -0.11663229168797891 0.033773438098859729 -0.1785808582268299 -0.12681251367255383 0.047584102094241257 0.029589391798559045 0.0076360567533245438 -0.21785227164230522 0.054367123317783921 -0.17413508761583074 0.10434692884279791 -0.17288841385912695 -0.071593435061891961 0.04353085549874855 -0.069307487166554563 0.020672688868665794 0.058455740548213522 -0.14702000814076119 0.10597526103354174 0.081047855910323888 -0.13937160614693234 0.080916905746653722
leaf_weight=22.412122817710042 3.5365289854817084 17.656963298097253 8.5561282823327911 4.7386909476481369 1.9907405951526014 6.4475465016439548 2.3830042842309913 6.8609283005353054 5.8314883830025783 55.248671194771305 2.6565262970980248 6.9333342132158569 3.5414003548212332 17.505527728237219 1.7699329282622782 3.7334884693846107 14.59793355676811 3.4967184341512612 1.6180231571197499 3.2094340873882174 3.5543682780116788 31.255367136211134 9.3787395826075279 3.2270831991918376 8.8900545318610948 9.5300060578156245 5.6144813299179059 24.821113277226686 4.8788874729070812 1.1544705070555208
leaf_count=4415 629 70 956 34 104 21 179 36 344 423 111 331 24 71 17 41 47 71 2 49 49 233 190 40 45 261 5 55 140 7
internal_value=-0.000961398 0.00722991 0.00190905 -0.0677429 0.00427406 0.00631442 0.00791068 0.00917931 0.00704983 0.0102832 0.00254966 0.0054631 -0.0211657 -0.00635977 -0.069799 -0.145334 0.0078334 -0.0184656 0.00590784 -0.0799672 0.0192745 0.00480844 -0.0274887 -0.04721 -0.00713469 -0.1046 0.0441158 0.0553932 0.000724076 -0.0972199
internal_weight=297.03 274.618 256.961 15.2856 6.72943 241.675 238.139 235.756 228.895 223.063 167.814 165.158 56.4058 49.4725 9.04482 5.50342 40.4276 25.8297 22.333 4.82746 108.752 68.7288 37.4734 31.0259 18.2688 12.7571 40.0233 36.469 11.6478 6.03336
internal_count=9000 4585 4515 1094 138 3421 2792 2613 2577 2233 1810 1699 653 322 82 58 240 193 122 51 1046 790 557 536 235 301 256 207 152 147
is_linear=0
shrinkage=0.1


Tree=40
num_leaves=31
num_cat=0
split_feature=14 4 17 11 6 19 13 15 17 17 12 4 5 2 13 11 7 8 1 8 10 5 8 5 9 2 7 14 4 12
split_gain=21.9791 10.2669 7.37949 4.95116 3.23482 3.37267 5.88994 9.61635 4.44831 4.282 3.93297 4.31252 3.91451 3.56549 3.55961 7.8341 5.61431 7.53676 6.40458 8.40445 12.1899 8.03747 6.10548 5.3871 6.49162 4.08953 3.56856 2.7889 9.43393 2.72847
threshold=0.0061336085200309762 6.1948489806764087e-10 0.11481267755681819 1.1798658494655003e-08 3.2092717544965038e-11 0.49168619513511663 1.8291408419609072 4.7347990403068259e-05 0.061012961647727279 0.094438032670454572 0.25942240655422216 2.085831627959518e-10 0.036097313057862443 2.3799135350259901e-09 1.8563252687454226 3.0300540965200189e-09 0.043484971463041824 2.0179607989848509e-10 0.40824111603263397 1.3919345245449148e-10 2.6159273386001591 0.031339137092293516 5.1045678776665296e-10 0.025036910342321372 0.02646875894375695 5.9366433277357273e-10 0.11300399591015696 0.01589030493050814 2.4012011199428724e-10 0.16404525190591815
decision_type=2 2 2 2 2 2 2 2 2 2 2 2 2 2 2 2 2 2 2 2 2 2 2 2 2 2 2 2 2 2
left_child=-1 2 3 4 -2 10 7 9 13 -7 29 -12 -11 -8 -10 -16 18 23 -17 20 -20 -22 25 24 -18 -19 -24 -27 -29 -6
right_child=1 -3 -4 -5 5 6 8 -9 14 12 11 -13 -14 -15 15 16 17 22 19 -21 21 -23 26 -25 -26 27 -28 28 -30 -31
leaf_value=-0.10121054793761992 -0.12766834554185355 0.087180814059009404 -0.10286481977835744 -0.16981543737147631 0.067587138248547868 0.036189812046474985 -0.14635600154379777 -0.13589646599658281 0.06096820157515101 -0.12566826459909805 -0.11975009319503177 0.10073340973172046 0.10465852390455091 0.10346507783287628 -0.12786440275645597 0.077143103514362932 0.06770656750273718 -0.11119968696780824 0.037041963640634966 0.057499393923178481 -0.17531771293431753 0.10370148868885641 -0.18874527448282008 0.013220873716815901 -0.16471315046469465 0.054801145027373356 0.011903990300639267 -0.13264547178002792 0.097110902300063959 0.01877946671281621
leaf_weight=20.302071161102504 1.7984668777789909 14.978262443095444 6.5431306629907331 1.6136128096841265 13.38881151517853 9.9716792377876136 3.1016045365249734 8.2296121930703503 12.067650621524079 3.7254926518071434 3.67800777289085 1.169089689850807 0.92012798786163319 0.7002846598625182 4.3442045247647902 19.486595711670816 1.4412502888590077 2.0525732191745218 8.7975808603223431 15.605852687265722 6.8410317224916053 1.2159038982354102 2.2894626834895457 4.0826538417022666 7.2311417227610946 19.569373806240041 1.4463259826879946 3.5871991435997179 3.5614345166832209 79.244051590794697
leaf_count=4415 89 70 1252 46 109 151 107 341 66 197 161 2 1 1 173 47 9 171 107 70 157 3 89 34 235 110 28 130 6 623
internal_value=-0.000964175 0.00678362 0.00192213 0.00476519 0.00594118 0.00695188 -0.0029771 -0.0494325 0.00606175 -0.00075279 0.0212392 -0.0665708 -0.0800489 -0.10034 0.00962212 0.00352058 0.00939212 -0.016354 0.0318248 0.00461929 -0.0443432 -0.13321 0.00920739 -0.0814976 -0.126088 0.0248242 -0.111063 0.0352741 -0.0181813 0.0258339
internal_weight=282.985 262.682 247.704 241.161 239.547 237.749 140.269 22.8469 117.422 14.6173 97.48 4.8471 4.64562 3.80189 113.62 101.553 97.2084 45.2614 51.947 32.4604 16.8545 8.05694 32.5064 12.755 8.67239 28.7706 3.73579 26.718 7.14863 92.6329
internal_count=9000 4585 4515 3263 3217 3128 2233 690 1543 349 895 163 198 108 1435 1369 1196 812 384 337 267 160 534 278 244 417 117 246 136 732
is_linear=0
shrinkage=0.1


Tree=41
num_leaves=31
num_cat=0
split_feature=14 5 14 3 5 19 17 1 17 1 13 11 1 13 0 19 11 4 4 7 13 15 1 10 19 5 3 1 8 18
split_gain=19.7808 9.26718 7.39206 4.00555 2.84759 2.6296 2.90891 4.99484 3.09218 2.85406 3.33007 14.0159 5.40799 4.95911 7.7891 5.22749 4.35332 3.7667 10.8689 5.44484 7.76934 3.59269 4.52139 10.1981 3.85724 3.75885 3.48829 3.17389 4.36802 3.12632
threshold=0.0061336085200309762 0.050326905037008325 0.021116474643349651 0.11130558834165355 0.012768804859852987 0.081138364970684065 0.059992009943181823 0.52927345104778245 0.062389026988636374 0.51091377292232565 1.8140041232109072 2.2168432645131024e-09 0.26549445239131503 1.6759046316146853 6.6969079200994311e-10 0.34095570445060736 1.9690780117542776e-09 9.4328967508341355e-11 1.0512666182450199e-10 0.033389416964150466 2.0858796834945683 6.9465968408621861e-05 0.41530588992844392 2.6035915613174443 1.3651204705238345 0.013786284706566671 0.21173148100501946 0.4452613910029955 1.419176321411982e-10 -0.087582354878329396
decision_type=2 2 2 2 2 2 2 2 2 2 2 2 2 2 2 2 2 2 2 2 2 2 2 2 2 2 2 2 2 2
left_child=-1 2 3 -2 -5 -6 7 -7 -8 10 11 13 -13 14 15 -10 -12 21 26 -20 -21 22 24 -24 -18 -26 -19 -25 -29 -11
right_child=1 -3 -4 4 5 6 8 -9 9 29 16 12 -14 -15 -16 -17 17 18 19 20 -22 -23 23 27 25 -27 -28 28 -30 -31
leaf_value=-0.10110135961594782 -0.10095772992450269 0.084857594038396059 -0.11975707194411706 -0.11404010392370362 0.043622732141746251 -0.1540681081820939 0.058107640964694597 0.013062446141854412 -0.092388512949596491 0.029228452323501443 -0.14097516309704269 0.038151520609059179 -0.11664933968524852 0.058415962661767733 -0.12218063966541481 0.076839505189362001 0.039526253748500835 -0.070270786992433013 -0.10302584750468338 -0.14192950354453121 0.037257134179385858 0.07808645286843946 0.041866788762230336 -0.14556539432361623 0.096794653910436318 -0.13174631819605376 -0.22791007724812529 -0.13194242095540307 0.050956555045467679 -0.14555795369628313
leaf_weight=18.388905282365158 3.5662285692524156 14.182772922329603 4.9116174910450345 1.9643669421784569 17.940597556298599 3.1186609066789961 10.770494221011175 4.1914882017299533 2.4789813545066881 1.6762557129841296 1.8185385861434031 2.6894823242910233 14.027050715056246 16.898025586735457 5.007434500148519 6.9230439013335854 56.289116592612118 3.262705451808869 3.8225326719693831 2.6285158628597847 30.46853628824465 11.573412355035542 12.605264513986187 5.3380920542404038 0.99988342821597997 2.5678632429335266 2.4637001720257103 2.4888482796959579 2.7468952543567866 2.6272423773771143
leaf_count=4415 779 83 717 116 114 112 51 72 31 21 42 63 516 81 196 54 334 103 31 111 224 28 96 178 4 205 28 88 42 65
internal_value=-0.00097414 0.00633095 0.00164877 0.00420851 0.0058435 0.006879 0.00373217 -0.0582389 0.00597292 0.00303921 0.00489119 -0.017812 -0.0917438 0.0216637 -0.0214358 0.0322201 0.0127309 0.0147674 -0.00990687 0.00997538 0.0230264 0.0258895 0.0186144 -0.0188839 0.0331353 -0.0676963 -0.138093 -0.0913059 -0.0359858 -0.0774769
internal_weight=270.437 252.048 237.865 232.953 229.387 227.423 209.482 7.31015 202.172 191.401 187.098 48.024 16.7165 31.3075 14.4095 9.40203 139.074 137.255 42.646 36.9196 33.0971 94.6094 83.036 23.1791 59.8569 3.56775 5.72641 10.5738 5.23574 4.3035
internal_count=9000 4585 4502 3785 3006 2890 2776 184 2592 2541 2455 941 579 362 281 85 1514 1472 497 366 335 975 947 404 543 209 131 308 130 86
is_linear=0
shrinkage=0.1


Tree=42
num_leaves=31
num_cat=0
split_feature=14 2 6 11 19 14 3 6 7 9 12 19 7 8 14 10 10 10 10 10 13 19 18 18 6 12 3 10 4 10
split_gain=17.8093 8.35919 6.06025 5.17361 4.62463 3.08559 2.92849 2.78487 7.33005 3.14478 5.10611 5.66281 5.23678 5.77881 7.67394 6.46382 3.92091 3.56356 3.20451 5.84861 4.37859 4.15537 4.27118 6.7839 3.84246 6.96128 5.38099 9.28074 3.83765 7.15933
threshold=0.0061336085200309762 2.3799135350259901e-09 4.6399954205227875e-10 9.3342142903907205e-09 1.6022260189056399 0.017715385183691982 0.11130558834165355 4.393176113555919e-10 0.074135864829022943 0.059761701696660334 0.26149880886077886 2.1064352989196782 0.066338030479539942 1.3919345245449148e-10 0.011487357318401338 2.9473334550857548 2.8500680923461919 2.814706683158875 2.6740026473999028 2.7107983827590947 1.544215261936188 0.28010594844818121 -0.022131632272662082 0.082238776757466533 1.2264159596557124e-10 0.21412672847509387 0.14931227331480049 2.4903399944305424 6.1787219171936306e-11 2.5618792772293095
decision_type=2 2 2 2 2 2 2 2 2 2 2 2 2 2 2 2 2 2 2 2 2 2 2 2 2 2 2 2 2 2
left_child=-1 2 5 -4 -5 6 -2 8 9 10 11 12 13 14 18 -16 17 -12 20 -20 -8 -21 -23 -24 25 28 27 -26 29 -22
right_child=1 -3 3 4 -6 -7 7 -9 -10 -11 16 -13 -14 -15 15 -17 -18 -19 19 21 24 22 23 -25 26 -27 -28 -29 -30 -31
leaf_value=-0.10100170482992402 -0.10090646044905385 0.080760432155933801 -0.1254670744529959 -0.16022123571076383 0.053496717576933264 -0.11439384908123884 -0.11981718439773592 0.075402860069578637 -0.11666202978911017 0.065483719815466995 -0.11222545291131675 -0.14208941325470775 -0.13848049680443494 0.045192027249818793 -0.19035574921412549 0.073618604816503869 -0.13295189584226316 0.086671573549072706 -0.1407218723753503 -0.10203806336778852 0.0040354228408831351 0.041333424542221033 -0.13735129099896301 0.023465350568952281 0.10029583958556441 -0.11032597787151904 0.070158077929835069 -0.13439639599203718 0.039134194972529242 -0.17686237543934941
leaf_weight=16.65455232700333 2.5132326113525769 14.051662234589456 6.7830742141231877 1.3185223870677871 4.3624178925529122 2.1357277784263706 2.2761344814207396 5.9022912830114356 4.7791806075256309 9.2850170270539802 1.5247978284023687 2.4357169321738175 2.3010942187393075 43.180399524746463 3.5356267727911463 1.2575406581163404 4.5678154596826062 2.2011752300895751 3.5050097679486489 3.8346528797410455 22.869539704988714 16.472384775639519 4.291485074209044 6.7473366580670699 3.0346954390406635 4.7523752390407017 25.058257983531803 3.7883124138461426 31.234277648618445 2.4192242162534958
leaf_count=4415 579 70 956 73 65 229 105 36 344 75 92 221 71 221 72 3 159 16 104 43 288 84 53 48 4 58 95 117 251 53
internal_value=-0.000972131 0.00590005 0.00129382 -0.0665061 0.00389368 0.00520788 0.00640281 0.00767944 0.00573291 0.00864929 0.00589058 0.00936882 0.011412 0.0133469 0.0031669 -0.121099 -0.0708532 0.00527599 0.00773867 -0.0182137 0.0172162 -0.0045152 0.00907803 -0.0390542 0.0205644 0.00591487 0.0487205 -0.0300114 0.0156882 -0.01327
internal_weight=259.074 242.419 228.367 12.464 5.68094 215.903 213.768 211.254 205.352 200.573 191.288 182.994 180.558 178.257 135.077 4.79317 8.29379 3.72597 130.284 34.8509 95.4328 31.3459 27.5112 11.0388 93.1567 61.2754 31.8813 6.82301 56.523 25.2888
internal_count=9000 4585 4515 1094 138 3421 3192 2613 2577 2233 2158 1891 1670 1599 1378 75 267 108 1303 332 971 228 185 101 866 650 216 121 592 341
is_linear=0
shrinkage=0.1


Tree=43
num_leaves=31
num_cat=0
split_feature=8 5 12 2 19 3 12 17 19 8 8 10 8 14 13 10 7 4 15 6 3 5 10 18 13 4 19 8 13 18
split_gain=16.0738 7.69235 5.3871 4.94121 4.64764 4.12531 4.53844 4.05336 4.25231 3.63079 5.49455 3.12384 3.29509 7.5622 5.49744 9.33626 6.01918 4.98388 10.3984 7.74866 6.53139 4.83285 4.71975 3.68326 3.47219 3.43496 4.57253 3.58398 3.33983 7.66798
threshold=1.5897149985202667e-11 0.060572787036681848 0.25942240655422216 5.4186803619726582e-10 2.1064352989196782 0.18712316266053677 0.34821352362632757 0.088578657670454572 3.792126059532166 1.3919345245449148e-10 1.2463430154897067e-10 2.8318524360656743 9.7422506731543176e-11 0.0099334167316555994 2.4047113656997685 2.6445499658584599 0.024488295349458174 6.1787219171936306e-11 4.5726730604656047e-05 4.2564788057864429e-11 0.12948444150784705 0.020678370255060693 2.7992490530014043 0.1847950110889294 1.6759046316146853 3.1232346412395976e-11 -0.063794374465942369 9.2155085178415266e-11 1.8140041232109072 -0.077928329563953638
decision_type=2 2 2 2 2 2 2 2 2 2 2 2 2 2 2 2 2 2 2 2 2 2 2 2 2 2 2 2 2 2
left_child=-1 2 4 -4 9 6 7 8 -5 10 11 12 13 17 15 -15 -16 18 20 -20 -2 -14 -23 -21 25 -22 -27 -28 29 -19
right_child=1 -3 3 5 -6 -7 -8 -9 -10 -11 -12 -13 21 14 16 -17 -18 28 19 23 24 22 -24 -25 -26 26 27 -29 -30 -31
leaf_value=-0.10067092637823896 -0.11684549400376268 0.0926953656461314 -0.10525388651165486 -0.16994703298002306 -0.11532122350839902 -0.078105619062066575 -0.094984292204893794 0.045146004782421117 0.089766792317061625 0.034679826890116644 -0.1136600392096931 -0.096073314008660191 0.052661499194613361 0.030644903671942572 -0.12449817072745446 -0.20013532002577558 0.092236257070356542 0.071739433992415433 0.040655678895959023 -0.15052795839293101 0.091674897748226861 -0.1553722344024088 0.05348499887104307 0.051317196052199823 0.059065871551288389 0.10522265428884492 -0.147166331504853 0.043030592294542702 0.048702765539192422 -0.1587523023961899
leaf_weight=15.180126935476435 3.149808831978592 9.7030533580109459 7.4964432762935749 1.906803370337012 2.9684882946312419 7.6820213267346835 3.6934442494530222 16.408760260790586 0.9418075238354503 47.231754597043619 3.9553246504510744 2.9326847905758759 26.645953154307794 2.6193254983518255 2.1083440494257957 5.2999497560085729 3.2669487539678812 3.1631827007513493 3.6005043488694346 9.0367841402767208 2.1778180650435406 2.3902492485940448 1.9768137913197277 1.0045534565579135 19.022440139669925 1.4239345453679577 3.7823651849757862 1.3423439003527162 33.212831250799354 2.6546502324054009
leaf_count=4520 215 55 1288 57 259 189 440 268 6 335 97 38 231 28 48 70 6 16 46 264 10 46 8 23 66 2 123 14 175 57
internal_value=-0.000968608 0.00553267 0.00174173 -0.0324837 0.008797 -0.0146755 0.00655568 0.0260304 -0.0840805 0.0108214 0.00245977 0.00597087 0.00831108 -0.000771754 -0.0708253 -0.123804 0.0072268 0.0103724 -0.0124878 -0.0852053 0.0196171 0.0366803 -0.06083 -0.130335 0.0351071 -0.0171196 -0.0533003 -0.097347 0.0364598 -0.0334329
internal_weight=247.98 232.799 223.096 38.1293 184.967 30.6328 22.9508 19.2574 2.84861 181.999 134.767 130.811 127.879 96.8658 13.2946 7.91928 5.37529 83.5712 44.5406 13.6418 30.8987 31.013 4.36706 10.0413 27.7489 8.72646 6.54864 5.12471 39.0307 5.81783
internal_count=9000 4480 4425 2248 2177 960 771 331 63 1918 1583 1486 1448 1163 152 98 54 1011 763 333 430 285 54 287 215 149 139 137 248 73
is_linear=0
shrinkage=0.1


Tree=44
num_leaves=31
num_cat=0
split_feature=14 5 14 18 17 15 0 13 11 2 5 10 6 4 14 8 10 14 2 2 3 12 13 1 0 17 14 7 3 13
split_gain=14.4878 7.05454 5.60522 5.11078 3.19871 3.37868 6.80119 3.51542 8.23315 5.83592 3.40939 3.08786 4.35317 4.3627 3.12164 3.57871 4.46929 5.94759 3.13655 3.81799 6.31189 5.97025 4.50872 5.2379 6.66587 4.37153 4.4475 5.86188 3.67052 4.73938
threshold=0.0061336085200309762 0.047348086419355652 0.01589030493050814 -0.14950298130596898 0.050004438920454551 7.3046168836299344e-05 2.9215388290411556e-09 2.5246694087982182 7.7436017598131473e-09 1.1702819798301014e-09 0.025167915759458048 3.2087347507476811 2.5613587413607684e-10 1.1562898576990278e-10 0.013629739638417961 1.5563999887937259e-10 2.814706683158875 0.012452730443328621 1.284952951451406e-09 9.8868169040549637e-10 0.23563214416823028 0.24270146340131762 1.573286831378937 0.3167695605041328 1.0045736344261012e-09 0.061012961647727279 0.0074233680497854957 0.023307013231722937 0.2241776743872155 1.7341442108154299
decision_type=2 2 2 2 2 2 2 2 2 2 2 2 2 2 2 2 2 2 2 2 2 2 2 2 2 2 2 2 2 2
left_child=-1 2 4 -4 -2 6 10 -7 9 -9 11 12 14 -14 15 16 18 -18 19 20 21 22 -6 -24 -25 -26 -27 -28 29 -29
right_child=1 -3 3 -5 5 7 -8 8 -10 -11 -12 -13 13 -15 -16 -17 17 -19 -20 -21 -22 -23 23 24 25 26 27 28 -30 -31
leaf_value=-0.10086033873976341 -0.13977958176196748 0.076518006370538641 0.072983172695147883 -0.081362907967997083 -0.11360884194262491 0.065804746775248141 -0.15604017881642129 -0.013685887111155384 0.047746935122490085 -0.28209857838564883 -0.063764594681721118 0.0974809283198282 -0.12195829261970539 0.10128285063400672 -0.12934270875995654 0.04654426853432729 -0.14155706754866479 0.055071778525945414 -0.10379435048550115 0.053337308162840429 -0.12121456542016579 -0.099038294894347401 0.064684637927016508 -0.15286207173807775 -0.14138081756265705 0.081793056363432468 -0.14276602525509979 -0.11842214704078746 0.092551692351998116 0.011685375255054359
leaf_weight=13.681096633430569 1.5064407461322833 13.040872444165869 2.5581470465986067 13.294489803491157 2.6979945020284495 17.709763751830909 2.7146261251764363 1.7214148703496897 8.2964563528075796 1.5299907084554432 7.1861599790863684 3.658035574713721 4.7163110565161324 1.0749185029417274 1.6388000673614431 22.025338021456264 4.5767144756391636 2.3171599856577814 2.480126339942216 17.14038367260946 3.9795894850976756 4.9765573117183513 18.489688210422173 2.5895898503949857 1.8299725152319286 8.6673141457140428 2.5723938907030961 3.0049233760219058 5.0830646157264701 41.000994129222818
leaf_count=4415 170 93 59 1367 174 57 82 28 46 15 215 15 353 3 87 216 109 27 18 73 42 267 129 88 69 35 54 154 9 531
internal_value=-0.000958924 0.00514056 0.000729849 -0.056456 0.00537441 0.00650342 0.000931891 0.0378141 -0.00511237 -0.139991 0.00356705 0.0066984 0.00449714 -0.0805222 0.00789112 0.0094591 0.00273118 -0.0754664 0.00743882 0.00990126 0.00205539 0.00745139 0.0136182 0.017742 0.00433697 0.010886 0.0155048 0.00438351 0.0120945 0.00280104
internal_weight=237.759 224.078 211.037 15.8526 195.185 193.678 164.421 29.2576 11.5479 3.25141 161.706 154.52 150.862 5.79123 145.071 143.432 121.406 6.89387 114.513 112.032 94.8921 90.9125 85.9359 83.2379 64.7483 62.1587 60.3287 51.6614 49.089 44.0059
internal_count=9000 4585 4492 1426 3066 2896 2750 146 89 43 2668 2453 2438 356 2082 1995 1779 136 1643 1625 1552 1510 1243 1069 940 852 783 748 694 685
is_linear=0
shrinkage=0.1


Tree=45
num_leaves=31
num_cat=0
split_feature=8 4 17 11 5 19 13 15 17 13 1 17 1 13 7 3 1 13 18 17 14 4 2 10 4 11 14 5 3 17
split_gain=13.0647 6.32077 4.64181 3.72206 2.22712 2.40965 3.9799 6.77926 3.27413 2.5447 6.03852 5.72922 3.81262 9.69262 4.62075 6.49723 3.70665 4.65852 3.91265 3.30302 2.49506 7.25149 2.90521 3.8633 7.88324 5.20968 3.61299 3.45659 9.64081 2.43433
threshold=1.5897149985202667e-11 6.1948489806764087e-10 0.11481267755681819 1.1798658494655003e-08 0.012768804859852987 0.49168619513511663 1.8291408419609072 4.7347990403068259e-05 0.061012961647727279 1.8563252687454226 0.38627533120820451 0.11396928267045457 0.40824111603263397 2.0288791656494145 0.044156569502990399 0.2241776743872155 0.41953453091267867 2.0519131422042851 0.23933200105834249 0.067094282670454572 0.013122744392603638 1.4625059784593116e-10 1.0240747248781538e-09 2.6525491476058964 4.9877725415976288e-11 3.7619327653004583e-09 0.0095454859547317045 0.018491700189328723 0.15748968581471159 0.094438032670454572
decision_type=2 2 2 2 2 2 2 2 2 2 2 2 2 2 2 2 2 2 2 2 2 2 2 2 2 2 2 2 2 2
left_child=-1 2 3 4 -2 20 7 29 -8 -10 11 19 14 -14 -12 -16 17 -15 -18 -11 22 -22 23 26 -25 -26 27 28 -6 -7
right_child=1 -3 -4 -5 5 6 8 -9 9 10 12 -13 13 16 15 -17 18 -19 -20 -21 21 -23 -24 24 25 -27 -28 -29 -30 -31
leaf_value=-0.10054970714437146 -0.1122433093671692 0.080371377044626033 -0.10249793149245222 -0.16459243683715535 0.019288824130622686 0.025995400319095627 -0.099238375311313506 -0.13034199295535509 0.055130310555122554 0.042466169272540814 0.075895970030134222 0.089038731996188406 -0.15887849186484204 0.10174990966337401 -0.14447411593614842 0.055610648789976826 0.021102355755594923 -0.17926518986161999 -0.14500364312210232 -0.13364473147775682 -0.17794463375757802 0.071280069350285954 0.05617964644298995 0.051423503065619394 -0.15165238654495183 0.021117295842881856 0.061408134887598144 0.041803784469030339 -0.16500260935982736 -0.072631998918346055
leaf_weight=12.443774695741011 1.6280038072727609 10.535063815303145 4.2477629154454908 1.3143686817493279 10.560818247031422 8.5740195678081381 2.9793374579166985 6.3534821116481899 9.924178855493663 1.2571318075060807 15.603907780954616 1.8270711847580976 3.72464632813353 0.81965298252180163 2.6695228023454538 4.1395800039172173 43.502017775957938 2.104667192674242 1.4658621560083691 6.9672025172039866 2.3242033465066916 2.3457690996583551 19.272267096675932 6.1946388634387395 5.6384989629732427 2.5277590564219281 17.482688496587798 12.354304441832936 3.8820237881736821 3.5340663132956243
leaf_count=4520 128 70 1252 44 175 152 73 310 64 3 57 10 146 3 127 11 518 66 102 307 100 12 63 50 141 19 106 85 89 197
internal_value=-0.000918214 0.00482809 0.000950034 0.00313652 0.0042407 0.00519832 -0.00413137 -0.0466876 0.00396944 0.00724043 0.00158795 -0.0711407 0.0114627 -0.0034915 0.045902 -0.022833 0.00859317 -0.1005 0.0156876 -0.106725 0.0182407 -0.0527568 0.0224962 0.0114261 -0.0336443 -0.0981738 0.0260434 0.00297115 -0.030246 -0.00279162
internal_weight=228.198 215.755 205.219 200.972 199.657 198.029 115.446 18.4616 96.9848 94.0054 84.0813 10.0514 74.0299 51.6168 22.413 6.8091 47.8922 2.92432 44.9679 8.22433 82.583 4.66997 77.913 58.6407 14.3609 8.16626 44.2798 26.7971 14.4428 12.1081
internal_count=9000 4480 4410 3158 3114 2986 2146 659 1487 1414 1350 320 1030 835 195 138 689 69 620 310 840 112 728 665 210 160 455 349 264 349
is_linear=0
shrinkage=0.1


Tree=46
num_leaves=31
num_cat=0
split_feature=14 2 12 3 1 0 4 9 12 19 11 6 8 14 3 3 12 9 0 8 12 0 13 12 3 10 13 3 14 8
split_gain=11.8252 5.78454 4.69488 2.59956 2.53808 5.8204 5.16745 4.38728 2.80111 6.77554 2.60793 3.62145 4.14085 3.6008 8.3516 2.75662 2.43443 2.36489 4.90533 2.33895 4.98581 5.68476 2.51808 2.35154 3.44545 3.92067 4.3492 4.2608 3.59213 5.81579
threshold=0.0061336085200309762 2.3799135350259901e-09 0.38862882554531103 0.11130558834165355 0.46596260971689274 3.4849725092769598e-09 7.4930779783466234e-11 0.023347740520602393 0.20760919153690341 1.1002889871597292 5.169860761711221e-09 2.5613587413607684e-10 3.4524140368465274e-10 0.015310457907617094 0.16113972064256224 0.17941970017792797 0.28118515014648443 0.022289276572759819 3.9506802966359838e-09 1.7184906170332166e-10 0.2440680265426636 5.3772147640508325e-10 1.9678492546081545 0.24101646244525912 0.12270853486576901 2.6740026473999028 1.573286831378937 0.18712316266053677 0.0091251232661306875 6.9304930876142091e-11
decision_type=2 2 2 2 2 2 2 2 2 2 2 2 2 2 2 2 2 2 2 2 2 2 2 2 2 2 2 2 2 2
left_child=-1 2 3 -2 10 6 7 -6 17 -10 11 16 -13 -12 -15 -14 19 18 -7 20 23 -22 -21 24 -5 26 -26 -27 29 -28
right_child=1 -3 -4 4 5 8 -8 -9 9 -11 13 12 15 14 -16 -17 -18 -19 -20 22 21 -23 -24 -25 25 27 28 -29 -30 -31
leaf_value=-0.1007659906948343 -0.10066604431684156 0.075816783611597868 -0.11864465013609243 -0.11731723920342108 -0.12591293924943972 0.075284141272198721 -0.14947933836280952 0.064885394310370312 -0.18237223254934834 0.045648115317227608 0.055568629350836979 -0.12281314737000947 -0.10576244388936534 0.043234967241809939 -0.18370427600757919 0.081996319665338269 -0.10904221638430762 0.093637361514013501 -0.14389258591301213 0.081350006318001544 0.069812588159734665 -0.13402326008260979 -0.018369141323250484 0.072021405871153674 -0.11580556039946795 -0.13061735854417486 0.018101910939328374 -0.0086317713215938573 0.050154037778879092 -0.1142675921272496
leaf_weight=11.253178659360854 2.4082188850734374 10.778781052678822 3.2484190748073152 2.2255010390654197 1.9747267701895923 2.735113706905393 5.4944640862522647 3.0924910551402718 2.1188954984536386 3.3849735090625472 22.252628969028596 4.7319448213092965 1.1657867013709622 5.5315488738706327 2.2941869770875201 2.3749022643314674 1.7924711749656115 5.1212903468403965 1.6294722050661219 8.2034824439324421 1.8808413641527284 5.0198947717435658 3.6629979489371172 5.6505030754487953 2.2265353719703844 3.2075275883544263 30.341703360318206 26.684632572811097 32.335454975720495 3.7268944469979024
leaf_count=4415 793 70 697 120 91 26 194 35 65 35 77 348 213 81 73 35 154 15 100 45 12 192 41 34 116 161 281 193 211 77
internal_value=-0.000929934 0.00448971 0.000577499 0.00258136 0.0038841 -0.0254475 -0.0823065 -0.00946992 0.014615 -0.0421358 0.0084178 0.00249417 -0.0616138 0.0350502 -0.0232944 0.020176 0.00667145 0.0475429 -0.00654318 0.00832856 0.00390456 -0.0784664 0.0505683 0.00924692 0.00572619 0.00850558 0.0216709 -0.0217212 0.0262805 0.0036215
internal_weight=218.549 207.296 196.518 193.269 190.861 25.5514 10.5617 5.06722 14.9897 5.50387 165.309 135.231 8.27263 30.0784 7.82574 3.54069 126.958 9.48588 4.36459 125.166 113.299 6.90074 11.8665 106.399 100.748 98.5227 68.6306 29.8922 66.4041 34.0686
internal_count=9000 4585 4515 3818 3025 561 320 126 241 100 2464 2233 596 231 154 248 1637 141 126 1483 1397 204 86 1193 1159 1039 685 354 569 358
is_linear=0
shrinkage=0.1


Tree=47
num_leaves=31
num_cat=0
split_feature=14 5 8 19 11 6 10 14 19 7 14 8 14 12 13 2 15 13 0 15 2 3 2 14 10 18 19 0 2 17
split_gain=10.6592 5.27928 3.57833 3.36488 3.40058 2.32624 2.29776 2.67588 2.22626 3.45343 2.62192 7.11032 3.29565 3.22764 3.27896 3.55001 2.87376 3.3467 5.39484 3.31013 3.23667 3.66871 3.35518 2.53056 2.56859 3.79527 3.67882 3.6346 3.45174 6.064
threshold=0.0061336085200309762 0.060572787036681848 5.1045678776665296e-10 1.641644358634949 9.3342142903907205e-09 3.2092717544965038e-11 2.2208478450775151 0.0070654503069818029 0.081138364970684065 0.015044872263472469 0.0074233680497854957 4.8170583287444617e-11 0.0082051279023289698 0.1575955078005791 2.7853531837463383 1.9211457846353675e-09 8.3215829363325624e-05 2.5246694087982182 2.4084635182684204e-09 7.3046168836299344e-05 1.284952951451406e-09 0.22058371816735506 9.8868169040549637e-10 0.0086193983443081396 2.5902637243270878 -0.085826079747427911 0.12535598129034045 8.9493242784045238e-10 6.4415356855347801e-10 0.091242009943181837
decision_type=2 2 2 2 2 2 2 2 2 2 2 2 2 2 2 2 2 2 2 2 2 2 2 2 2 2 2 2 2 2
left_child=-1 2 5 -4 -5 -2 -7 -8 -9 -10 -11 -12 -13 -14 16 -16 17 19 -19 20 21 22 23 -15 26 27 -25 -26 29 -27
right_child=1 -3 3 4 -6 6 7 8 9 10 11 12 13 14 15 -17 -18 18 -20 -21 -22 -23 -24 24 25 28 -28 -29 -30 -31
leaf_value=-0.10069736613467023 -0.12547830347863892 0.088539176602608724 -0.16173678426366078 -0.12654078172605834 0.063276945083917485 0.074932027626842757 -0.12682917500860305 0.041577878037413918 -0.15199459787382152 0.075849280066679778 -0.14785139975403433 -0.12390841780445774 0.096397755465761542 -0.12796304169015807 -0.17162718222502804 0.032885546017437199 0.061880693280913335 0.049873447709931573 -0.16670023976482881 0.048892999110238977 -0.093440641164848667 0.032291699656687399 -0.10231210969573031 -0.23074871665186533 0.06665764674466354 -0.12629565550554797 0.029325812811107351 -0.13880315897829651 0.0172637608785212 -0.0043188944415220119
leaf_weight=10.188883794820866 1.3864221948897455 7.1498932775575659 2.5423776535317293 1.5912410469027238 2.3195995670976117 4.5235077647957942 1.579181745648383 14.426797027816063 1.4697633285541076 4.6672793785110107 3.1955051615368566 2.024204207933507 3.7310662136878809 1.6331744955386955 2.1901285338681187 1.3858369505032895 8.2492354460991901 1.905488118296488 2.9016888659680262 14.659597098710945 3.70837259851396 28.864353396929801 3.6843684697523704 0.55586725659668701 1.0887723113409951 5.5401105905184762 25.245556633919477 4.1154591074446216 27.610296435654163 15.419459163444115
leaf_count=4415 89 57 470 295 56 37 119 126 71 31 81 118 14 92 87 10 28 36 83 85 27 146 57 10 29 284 380 239 344 1084
internal_value=-0.00093312 0.00416551 0.00102703 -0.0721773 -0.013956 0.00357009 0.00454048 0.00277004 0.00391806 0.000602069 0.00198332 -0.000202699 0.00285084 0.0045335 0.00222941 -0.0923699 0.00455948 0.00110628 -0.0808539 0.00408827 -0.00150331 0.00149375 -0.00897781 -0.00474331 -0.0022144 -0.0146593 0.0237228 -0.0958189 -0.00596315 -0.0365602
internal_weight=209.553 199.365 192.215 6.45322 3.91084 185.761 184.375 179.852 178.272 163.846 162.376 157.709 154.513 152.489 148.758 3.57597 145.182 136.933 4.80718 132.125 117.466 113.757 84.8931 81.2087 79.5755 53.7741 25.8014 5.20423 48.5699 20.9596
internal_count=9000 4585 4528 821 351 3707 3618 3581 3462 3336 3265 3234 3153 3035 3021 97 2924 2896 119 2777 2692 2665 2519 2462 2370 1980 390 268 1712 1368
is_linear=0
shrinkage=0.1


Tree=48
num_leaves=31
num_cat=0
split_feature=14 5 12 3 6 10 14 14 14 19 4 10 8 14 3 18 14 9 18 5 5 2 5 9 9 19 1 2 8 18
split_gain=9.60956 4.70101 3.29246 2.26146 2.04396 2.09438 2.36303 1.83964 5.04716 3.87485 3.58425 2.04054 3.03066 6.97627 4.54512 3.9989 3.87479 4.11284 3.81588 3.74845 3.44576 5.16556 4.23317 3.96341 8.26202 3.19834 3.04061 4.2264 3.60975 3.04127
threshold=0.0061336085200309762 0.060572787036681848 0.38862882554531103 0.11130558834165355 3.2092717544965038e-11 2.2255537509918217 0.0070654503069818029 0.0074233680497854957 0.0085152182728052157 0.39869160950183874 5.5677742167379516e-11 2.6035915613174443 9.7422506731543176e-11 0.0099334167316555994 0.18274503228984865 -0.00098153815435414959 0.0095454859547317045 0.014536674288277271 0.013409626881845974 0.020789464189405495 0.01859684703486315 5.5261192454609023e-10 0.01907396318822584 0.03575626266539815 0.047915137271957918 0.21645029634237292 0.43480649359652851 9.1224702459117158e-10 1.4541491266683386e-10 -0.064122547342611289
decision_type=2 2 2 2 2 2 2 2 2 2 2 2 2 2 2 2 2 2 2 2 2 2 2 2 2 2 2 2 2 2
left_child=-1 2 3 -2 -5 -6 -7 -8 9 10 -9 -10 13 14 -13 -15 17 -16 -17 -20 23 -22 -23 -14 -25 -19 29 -28 -29 -24
right_child=1 -3 -4 4 5 6 7 8 11 -11 -12 12 20 15 16 18 -18 25 19 -21 21 22 26 24 -26 -27 27 28 -30 -31
leaf_value=-0.10063462001313882 -0.10058715615089109 0.086853469245055909 -0.11139764668029602 -0.12370485627985195 0.07422151552965954 -0.12481691419715471 0.061807303304049238 -0.13431456169008812 0.026078269372264401 -0.13927156706335594 0.045990510255232014 -0.1320041836734189 0.064635554890959124 -0.16146878998022174 0.061455577773431164 0.086623530034704674 0.072087206878784435 0.039448683792487511 -0.20773158659087199 0.0081422798302611243 -0.11095342498678835 -0.1622044477155028 -0.041588154084352291 -0.11182338280407533 0.046512777942932015 -0.1646421896354513 -0.14578977641706861 -0.10631697779108081 0.0181031871597561 0.035229638623995412
leaf_weight=9.2247398396721092 2.1045835302211335 6.5888134036213151 2.5744910228531799 1.2511280018370587 4.2143473103642455 1.4371303385123599 5.3260594059247515 1.6044552037492374 39.355723607470281 4.2824607126531191 3.5241554675158113 2.0114189958549167 18.693854001641739 4.856113241170533 2.7240976868197313 1.7190433525247479 8.5411143463570607 1.1120575154200198 1.5811735100578519 1.6372555091511456 4.353653165686409 1.5249739014543582 6.167131566558953 4.8484365600161246 10.289248159155248 2.4807798699475825 2.5971763184643377 2.9269135897047809 11.468926511122843 31.367685337550949
leaf_count=4415 793 57 695 76 15 112 44 60 395 167 23 101 153 99 10 7 35 10 36 16 540 34 121 156 196 48 122 30 91 343
internal_value=-0.000923241 0.00383857 0.000906941 0.00247827 0.00367076 0.00455295 0.0028888 0.00393758 0.00212099 -0.0690515 -0.0104169 0.00630059 -0.00013744 -0.0299028 0.00907133 -0.0970359 0.0281695 -0.0312115 -0.0336648 -0.0979138 0.00828418 -0.00602611 0.00212365 0.0338353 -0.00420058 -0.101472 0.0067194 -0.0283763 -0.0071935 0.0226081
internal_weight=202.389 193.164 186.576 184.001 181.897 180.645 176.431 174.994 169.668 9.41107 5.12861 160.257 120.901 26.6631 16.8695 9.79359 14.858 6.31694 4.93747 3.21843 94.238 60.4065 56.0528 33.8315 15.1377 3.59284 54.5278 16.993 14.3958 37.5348
internal_count=9000 4585 4528 3833 3040 2964 2949 2837 2793 250 83 2543 2148 362 204 158 103 68 59 52 1786 1281 741 505 352 58 707 243 121 464
is_linear=0
shrinkage=0.1


Tree=49
num_leaves=31
num_cat=0
split_feature=14 0 12 1 15 8 1 5 6 12 11 11 18 2 2 0 11 19 5 9 12 13 6 0 11 13 4 1 13 1
split_gain=8.66579 4.33745 3.91335 3.43797 3.35917 5.50851 1.90285 5.18463 5.39945 5.00872 2.66124 5.45168 3.39066 5.3584 4.78401 2.8149 2.93032 2.89637 2.72734 2.65811 4.41245 2.31721 9.02929 5.65736 3.29129 3.21416 3.06388 2.85412 2.3128 4.83493
threshold=0.0061336085200309762 1.0932292549761047e-08 0.38862882554531103 0.56682763701671257 8.7874341261340319e-05 4.9222426877209554e-10 0.46596260971689274 0.018379795466826439 3.7766714586305399e-10 0.20402278751134875 4.7316948137421386e-09 4.4727723746973433e-09 -0.048077710565518246 9.1224702459117158e-10 1.0926814739675781e-09 2.3332892846374769e-09 4.2186221183015968e-09 1.3782856464385989 0.016588384306459331 0.022289276572759819 0.1575955078005791 1.9613456130027773 8.3790485243381278e-11 2.0912475417706922e-09 3.0300540965200189e-09 1.9351857304573061 6.3048903884804972e-11 0.41953453091267867 1.7300260066986086 0.29015591829828102
decision_type=2 2 2 2 2 2 2 2 2 2 2 2 2 2 2 2 2 2 2 2 2 2 2 2 2 2 2 2 2 2
left_child=-1 2 3 4 5 6 10 9 -9 19 11 15 14 18 -12 16 17 21 -14 20 -8 25 24 -24 26 27 -23 28 29 -2
right_child=1 -3 -4 -5 -6 -7 7 8 -10 -11 12 -13 13 -15 -16 -17 -18 -19 -20 -21 -22 22 23 -25 -26 -27 -28 -29 -30 -31
leaf_value=-0.10057727581103069 0.020611859365788174 0.10068060079329794 -0.11894660400100937 -0.15033605297873268 0.061961481428384729 -0.16212838551362452 0.071231151906745449 -0.14637791996925828 0.08117717083118392 -0.15021387112568918 0.047693489507206643 -0.14999949568941481 0.075972806134888451 0.068025002953319078 -0.10975750365746598 -0.17850734564188428 0.063458835545123701 -0.076354306630264934 -0.14596285082816474 0.086197067343852907 -0.13538433039255957 -0.12388591331694412 -0.14565142291756542 0.030621824482418319 0.090031143861832696 0.071561835262635404 0.089389284362997798 -0.13248380056614326 0.019479639179570872 -0.067347963353801527
leaf_weight=8.3514073117403296 14.354106193175541 4.4862360954284659 2.6734443648019797 1.4515600901213463 9.5256138433469442 2.0468355965567744 2.3478405715432036 5.1017894608085035 1.3106121330056337 1.614539730537216 4.1792103860061642 2.3842133106663814 0.77911771682557018 21.121295698452741 3.5852335828822106 0.85018702759407361 7.7580715249059713 4.7704552775248876 1.9139284815173594 5.4437668287428096 1.8465012215310705 1.7567053989041617 6.7246142165968177 2.496703295968473 5.5697661142330617 7.7729289253475136 1.0924771181307731 1.5008424532134075 49.081543722655624 11.067462850536684
leaf_count=4415 353 35 700 168 70 277 46 218 10 75 36 75 13 73 35 34 75 637 97 36 58 72 239 18 21 46 13 62 521 472
internal_value=-0.000918122 0.00354201 0.00114917 0.00293838 0.00418833 0.000921741 0.00292708 -0.0281027 -0.0998686 0.0127937 0.00661185 -0.00033153 0.0323768 0.0510871 -0.0250095 0.00277695 0.00412957 -0.000205028 -0.0817553 0.0401001 -0.0197285 0.00337688 -0.0295641 -0.0979248 0.0453117 0.010313 -0.0421087 0.00404909 0.00679951 -0.0176821
internal_weight=194.959 186.608 182.121 179.448 177.996 168.471 166.424 17.665 6.4124 11.2526 148.759 117.18 31.5788 23.8143 7.76444 114.796 113.946 106.188 2.69305 9.63811 4.19434 101.417 17.6403 9.22132 8.41895 83.7769 2.84918 76.004 74.5031 25.4216
internal_count=9000 4585 4550 3850 3682 3612 3335 443 228 215 2892 2638 254 183 71 2563 2529 2454 110 140 104 1817 363 257 106 1454 85 1408 1346 825
is_linear=0
shrinkage=0.1


Tree=50
num_leaves=31
num_cat=0
split_feature=14 0 12 1 15 8 19 2 18 3 15 17 19 1 19 0 10 11 11 4 15 9 12 13 5 1 13 7 18 3
split_gain=7.82022 3.93584 3.51218 3.06665 2.86756 4.90612 1.80142 2.70882 11.2662 2.92571 2.92079 3.13355 2.84438 2.23666 3.92688 3.85505 2.07836 4.03954 4.42028 4.3205 2.74998 2.61506 3.58598 3.16206 2.53931 2.47816 4.60907 3.92048 2.31915 2.01167
threshold=0.0061336085200309762 1.0932292549761047e-08 0.38862882554531103 0.56682763701671257 8.7874341261340319e-05 4.9222426877209554e-10 0.081138364970684065 1.284952951451406e-09 -0.036208692599426613 0.26873553956328683 6.8908062530681504e-05 0.061012961647727279 1.9714323878288271 0.45829928206053333 0.67735421657562267 4.3515675456957071e-09 2.8233417272567753 4.368922557063116e-09 3.6166578620822069e-09 7.3484961967557779e-11 5.0531834858702502e-05 0.051333550175075203 0.2440680265426636 1.5653200149536135 0.013786284706566671 0.28228681232011382 1.7300260066986086 0.023307013231722937 -0.013636182379989556 0.17941970017792797
decision_type=2 2 2 2 2 2 2 2 2 2 2 2 2 2 2 2 2 2 2 2 2 2 2 2 2 2 2 2 2 2
left_child=-1 2 3 4 5 6 29 10 -9 -10 11 -8 16 -12 -15 -16 21 18 20 -20 28 22 23 -13 -24 -25 27 -27 -18 -2
right_child=1 -3 -4 -5 -6 -7 7 8 9 -11 13 12 -14 14 15 -17 17 -19 19 -21 -22 -23 24 25 -26 26 -28 -29 -30 -31
leaf_value=-0.10052490325111721 -0.029590895361098019 0.10061559058056867 -0.11830333998996685 -0.1487043446164219 0.058521010060980184 -0.1599353878275962 -0.13080035134844567 -0.19688787394896029 -0.044478120121472189 0.066576982279337601 0.061869507684608194 -0.11869877451206418 -0.1123348047173785 0.055035238482301713 -0.14028144737789813 0.068018876831280481 0.054231503549676589 -0.13699509302221943 -0.13020639676365683 0.055036453956239996 -0.12994355910385808 0.080823319924286832 0.10125661226575647 0.064617020215627805 -0.1257954276145701 0.048957881408939051 0.01452848928328003 -0.12147201495679519 -0.1110825669769272 0.059786412856725452
leaf_weight=7.5604025757638729 3.3472208868479347 4.061803773045539 2.4315324203344053 1.3271339142811474 9.0998364798724634 1.8762059729197051 1.8863223675871257 3.5190636313054702 4.6167987576918659 4.8793383903102949 13.693733338150198 1.8939671188127238 2.2397082333918652 5.371797343133947 2.8236762933665887 1.2964068385772405 2.2726359708467538 2.8612731012981376 1.4493263741023827 9.5914243319421058 3.7106772692059167 4.7208653881680211 0.58222738164476995 8.03448972199112 3.1985963239567354 1.8832646978553373 60.57671734286123 4.7642899836646393 1.3543219445855381 10.168548451969398
leaf_count=4415 74 35 700 168 70 277 123 53 35 19 90 139 436 42 103 9 95 131 52 143 277 83 3 41 220 14 635 260 202 56
internal_value=-0.000897222 0.00329824 0.00104555 0.00272262 0.00389297 0.000835978 0.00271259 -0.000495046 -0.0440528 0.0125846 0.00372916 -0.0030126 -0.000803849 0.0360108 -0.00129491 -0.0747386 0.00153301 -0.0264687 -0.00926117 0.0307195 -0.0694191 0.00847657 0.00425657 0.00891626 -0.0908306 0.0121278 0.00585445 -0.0731889 -0.00749749 0.0376519
internal_weight=187.094 179.533 175.471 173.04 171.713 162.613 160.737 147.221 13.0152 9.49614 134.206 111.02 109.134 23.1856 9.49188 4.12008 106.894 21.2397 18.3784 11.0408 7.33764 85.6544 80.9336 77.1527 3.78082 75.2588 67.2243 6.64755 3.62696 13.5158
internal_count=9000 4585 4550 3850 3682 3612 3335 3205 107 54 3098 2854 2731 244 154 112 2295 900 769 195 574 1395 1312 1089 223 950 909 274 297 130
is_linear=0
shrinkage=0.1


Tree=51
num_leaves=31
num_cat=0
split_feature=14 5 14 4 3 9 14 6 9 12 1 19 8 12 10 11 11 18 4 2 15 4 4 11 13 0 7 9 10 13
split_gain=7.0545 3.68443 3.21346 3.85229 2.89811 2.18591 1.9699 1.77489 1.73062 1.98695 1.75877 4.6506 5.04247 3.91574 4.46469 2.79144 4.33191 3.17846 4.08592 2.70352 2.40465 7.06118 4.45849 4.13056 3.60143 2.63441 2.11584 2.63657 3.78595 3.50549
threshold=0.0061336085200309762 0.047348086419355652 0.01589030493050814 2.085831627959518e-10 0.19331838046435521 0.034075337247250516 0.021116474643349651 3.2092717544965038e-11 0.0056958692673071167 0.14241629838943484 0.46271310054665876 1.1106344461441042 7.6761909898440411e-11 0.20760919153690341 2.9794704914093022 4.7316948137421386e-09 4.4727723746973433e-09 -0.048077710565518246 9.3170378325829544e-11 1.284952951451406e-09 5.6533646784373566e-05 7.2094684403852551e-11 6.7383665566548002e-11 4.2485572837591698e-09 1.4772334694862368 1.8273824363423954e-09 0.072172639409395126 0.051333550175075203 2.7928006649017338 1.544215261936188
decision_type=2 2 2 2 2 2 2 2 2 2 2 2 2 2 2 2 2 2 2 2 2 2 2 2 2 2 2 2 2 2
left_child=-1 2 7 -4 6 -3 -5 -2 -9 -10 15 12 -12 -14 -15 16 19 18 -17 20 21 25 23 -22 -23 26 27 28 29 -11
right_child=1 5 3 4 -6 -7 -8 8 9 10 11 -13 13 14 -16 17 -18 -19 -20 -21 22 24 -24 -25 -26 -27 -28 -29 -30 -31
leaf_value=-0.10047711126082891 -0.12139579224181202 0.099681751377659555 -0.11689922749438567 0.055651701880189058 -0.16536233009349269 -0.016942820524480814 -0.11041392574705924 -0.1500347126988425 0.08569906221810443 -0.12086442443247236 -0.13294514317185885 -0.13899231545996302 0.057227246393702816 -0.16755025395478337 0.099539873978925331 0.066186862086645315 -0.14446668292673084 0.059627190241757333 -0.085998938281051859 -0.11512770474487917 -0.14930484328365012 0.10326870422599271 0.042899853941210847 0.07289972286183373 -0.14565302085604076 -0.13312532907518052 -0.10942316240851498 0.075360162823475088 -0.12764013992192255 0.013493059567994176
leaf_weight=6.8440240682684808 1.1284578287741158 6.0043200241634604 5.0284831566386838 4.4521334911696613 0.89684136700816441 2.1945223943330348 0.85081423382507626 0.72144458958064106 3.0066014355979851 2.0148770819650954 2.4497680273489122 3.0272708479023995 8.9196365054231119 1.8695188715355464 0.94081403140444297 3.1497447916772243 2.0244492066558442 18.147972268692683 4.0104151007253677 1.8949606977403153 2.4602746602031433 0.66311198472976585 27.07245325675467 1.2675942709902299 4.7071748177986592 1.3660056525841344 1.5191993062617246 5.6236029880819833 2.1164919095463111 53.60894552062382
leaf_count=4415 89 64 1243 21 21 29 141 96 44 148 90 178 71 66 4 14 61 100 38 16 95 1 254 11 265 73 296 72 88 896
internal_value=-0.000900105 0.00303611 -0.000216289 -0.0518604 0.000890883 0.0684657 0.0290078 0.00355621 0.00448032 0.00521438 0.00358872 -0.0264773 -0.00245621 0.024796 -0.0781366 0.00751852 0.000414708 0.0373672 -0.0190526 0.00322644 0.00541622 -0.00463217 0.0287815 -0.0737482 -0.114917 0.00430772 0.00720114 0.0099973 0.0036313 0.00862619
internal_weight=179.982 173.138 164.939 11.2283 6.19979 8.19884 5.30295 153.711 152.582 151.861 148.854 17.207 14.1797 11.73 2.81033 131.647 106.339 25.3081 7.16016 104.315 102.42 71.6194 30.8003 3.72787 5.37029 66.2491 64.8831 63.3639 57.7403 55.6238
internal_count=9000 4585 4492 1426 183 93 162 3066 2977 2881 2837 409 231 141 70 2428 2276 152 52 2215 2199 1839 360 106 266 1573 1500 1204 1132 1044
is_linear=0
shrinkage=0.1


Tree=52
num_leaves=31
num_cat=0
split_feature=14 0 12 1 15 8 19 2 18 8 15 17 19 18 1 19 0 3 19 12 12 13 2 7 5 0 8 19 5 1
split_gain=6.36635 3.25654 2.94929 2.4968 2.34733 4.28293 1.54424 2.24156 9.16239 2.49673 2.47776 2.70066 2.43411 1.78419 1.76213 3.14866 3.16525 1.74706 2.78297 1.74551 3.40164 3.06273 2.51494 3.05544 2.47172 2.97321 4.63754 2.86139 3.20019 13.171
threshold=0.0061336085200309762 1.0932292549761047e-08 0.38862882554531103 0.56682763701671257 8.7874341261340319e-05 4.9222426877209554e-10 0.081138364970684065 1.284952951451406e-09 -0.036208692599426613 1.318504760365015e-10 6.8908062530681504e-05 0.061012961647727279 1.9714323878288271 -0.21594994870247317 0.45829928206053333 0.67735421657562267 4.3515675456957071e-09 0.16899894821718933 0.075370561331510558 0.17175176739692691 0.17563718557357791 1.8360107541084292 1.1702819798301014e-09 0.021718917399569652 0.014573857886756639 2.1513113115429424e-09 8.4189853983979956e-11 0.86389145255088817 0.019429081536536368 0.34327248488940276
decision_type=2 2 2 2 2 2 2 2 2 2 2 2 2 2 2 2 2 2 2 2 2 2 2 2 2 2 2 2 2 2
left_child=-1 2 3 4 5 6 17 10 -9 -10 11 -8 13 -13 -12 -16 -17 18 -2 21 -21 -15 23 -22 -25 27 -27 28 29 -26
right_child=1 -3 -4 -5 -6 -7 7 8 9 -11 14 12 -14 19 15 16 -18 -19 -20 20 22 -23 -24 24 25 26 -28 -29 -30 -31
leaf_value=-0.10043351284301077 -0.12907128366752088 0.10051024351947742 -0.11831649390745867 -0.14308329181296231 0.0553965150749419 -0.16087102884856441 -0.12785307467239068 -0.18675843518633328 -0.058881368687478987 0.050615847322004005 0.058022405149964762 -0.12739974701814422 -0.11113503539081274 -0.056772584674693677 0.05123513502936259 -0.13592405704342556 0.065455238944798863 0.052554383761963412 0.100607324510064 -0.16489703829256169 -0.1265272529468168 0.070730933218703579 0.063030248626980465 0.047682692269713944 0.011261976681358331 0.041313616415039722 -0.13952209835073345 0.027504347013305248 0.01194109272605179 -0.15390118705393382
leaf_weight=6.1952808370115227 1.4281164318090298 3.3427197039127341 2.0523793054162516 1.1724399965023611 8.2304055660497379 1.6257802067557339 1.7078834387066297 3.2086619484471148 3.2999021462746878 5.6441463711671531 12.666100555099549 1.069259885291088 1.9705228366656218 2.4574952478287875 4.9140793664264475 2.4541626610443932 1.1444996385835109 10.573452236596493 0.83659939002245653 1.2649739998159919 1.9952176024671633 8.0718605415895563 5.951530651189386 9.1449280420783889 14.643985899165274 2.2227655589813358 3.9175946466275491 22.549544539302588 20.317422982188873 7.2032873458228996
leaf_count=4415 61 35 700 168 70 277 123 53 31 23 90 70 436 43 42 103 9 67 2 38 69 45 19 157 321 17 162 670 470 214
internal_value=-0.000890953 0.00280002 0.000805273 0.00231735 0.0033794 0.000568056 0.00231018 -0.000779814 -0.0417902 0.0102169 0.00318612 -0.00313561 -0.0010632 0.00108836 0.0343751 -0.000809695 -0.0718784 0.0354817 -0.0442267 0.00246581 -0.00207901 0.0409723 0.000262885 -0.00429304 -0.00124447 -0.00755931 -0.0740609 -0.00124936 -0.0166268 -0.0431941
internal_weight=173.277 167.082 163.739 161.687 160.514 152.284 150.658 137.82 12.1527 8.94405 125.667 104.488 102.78 100.81 21.1788 8.51274 3.59866 12.8382 2.26472 99.7406 89.2113 10.5294 87.9463 81.9947 79.9995 70.8546 6.14036 64.7142 42.1647 21.8473
internal_count=9000 4585 4550 3850 3682 3612 3335 3205 107 54 3098 2854 2731 2295 244 154 112 130 63 2225 2137 88 2099 2080 2011 1854 179 1675 1005 535
is_linear=0
shrinkage=0.1


Tree=53
num_leaves=31
num_cat=0
split_feature=14 5 14 4 3 9 10 7 6 10 3 13 13 13 3 10 8 7 17 18 15 19 1 15 10 10 10 14 1 12
split_gain=5.7447 3.0846 2.79206 3.3751 2.48911 1.88349 1.76609 3.0201 1.45107 1.42852 1.81464 2.30493 2.2723 2.1509 2.70082 2.63897 4.89066 2.69949 2.2355 2.13899 1.95875 3.39368 2.48785 4.53589 2.46607 2.43304 3.03487 2.82205 5.23775 2.02717
threshold=0.0061336085200309762 0.047348086419355652 0.01589030493050814 2.085831627959518e-10 0.19331838046435521 0.034075337247250516 3.3595455884933476 0.11300399591015696 3.2092717544965038e-11 2.2208478450775151 0.15158275069428029 2.7853531837463383 2.8816992044448857 2.2163170576095585 0.13992407854649544 2.5056532621383671 1.9077430227797763e-10 0.057371927491938778 0.070556640625000014 0.16951375087691389 7.4116112955380245e-05 1.9714323878288271 0.42622050547272111 6.3736773881828426e-05 2.9349958896636967 2.6740026473999028 2.7107983827590947 0.0091251232661306875 0.33927485929834672 0.21166481822729113
decision_type=2 2 2 2 2 2 2 2 2 2 2 2 2 2 2 2 2 2 2 2 2 2 2 2 2 2 2 2 2 2
left_child=-1 2 8 -4 6 -3 -5 -8 -2 -10 13 20 -13 14 15 18 -17 -18 -11 -16 21 22 25 -24 -25 27 -27 28 -12 -28
right_child=1 5 3 4 -6 -7 7 -9 9 10 11 12 -14 -15 19 16 17 -19 -20 -21 -22 -23 23 24 -26 26 29 -29 -30 -31
leaf_value=-0.10039375965052209 -0.11849571215839048 0.099471208356476215 -0.1177007451562723 0.08567088811880183 -0.15815305873229193 -0.013135646067158495 -0.18677988010898691 0.052112281050802511 0.066595789627057686 -0.12486570162438045 -0.14275939276605151 -0.20542182982580737 0.001286012026834895 0.020650023369745737 -0.13350498446054138 -0.11770239594712453 0.098605214046515122 -0.10344121794162003 0.043023568646578851 0.04107826258672076 0.048695220957186855 -0.13710686273767431 -0.12947283111114766 0.020374009744249862 -0.10339566413793005 -0.1429980345533218 -0.045733980389823313 0.056956368567864901 0.023637853459979107 0.014205388895636897
leaf_weight=5.6078286385745733 0.97455101902596553 5.0887964076828203 4.3525327939423715 2.4997057393775322 0.84910198498982925 2.0976479719392955 0.8392681744298901 1.4323738469975067 3.5489425711566573 0.89458874700359103 2.1612841896712807 0.99050359823740963 1.1483669894514603 9.3385940082371217 3.9746436311397693 5.0948039485956524 2.2764026192016904 0.93201138480799262 6.9910549729829654 0.85226416666409921 11.877585795707999 1.6370639952947375 3.4574755941866888 10.054812516464152 1.9166918783448625 1.4741664629545983 6.903573981835506 21.786976334173232 15.165999326971358 30.886496328865178
leaf_count=4415 89 64 1243 14 21 29 62 86 37 50 79 14 32 281 210 560 11 271 231 48 86 116 134 108 23 50 57 101 126 352
internal_value=-0.000893532 0.00256149 -0.000420956 -0.051594 -0.00040036 0.0666024 0.0276731 -0.0361475 0.00311481 0.00394148 0.00235113 0.00835041 -0.0944397 -0.0192829 -0.0370275 -0.0174526 -0.0567989 0.0399128 0.0239773 -0.10268 0.010399 0.00563318 0.00812418 -0.0285806 0.000557926 0.0153496 -0.00223552 0.0330022 0.00288262 0.00325553
internal_weight=167.106 161.498 154.312 9.97298 5.62045 7.18644 4.77135 2.27164 144.339 143.364 139.815 109.461 2.13887 30.3544 21.0158 16.1889 8.30322 3.20841 7.88564 4.82691 107.322 95.4445 93.8075 15.429 11.9715 78.3785 39.2642 39.1143 17.3273 37.7901
internal_count=9000 4585 4492 1426 183 93 162 148 3066 2977 2940 1278 46 1662 1381 1123 842 282 281 258 1232 1146 1030 265 131 765 459 306 205 409
is_linear=0
shrinkage=0.1


Tree=54
num_leaves=31
num_cat=0
split_feature=8 5 14 4 3 9 10 7 5 13 9 6 6 6 11 19 18 19 4 6 17 17 18 18 19 1 1 13 12 2
split_gain=5.18637 2.7599 2.45009 3.10109 2.15711 1.82034 1.54346 2.61638 1.33532 1.28147 3.06837 4.30149 3.8729 2.3299 2.12833 1.91828 2.41841 2.77908 2.51477 2.98953 2.30067 2.21354 2.00678 8.10194 2.3004 2.13503 1.99421 3.64696 2.39787 2.60398
threshold=1.5897149985202667e-11 0.047348086419355652 0.01589030493050814 2.085831627959518e-10 0.19331838046435521 0.034075337247250516 3.3595455884933476 0.11300399591015696 0.012768804859852987 1.6759046316146853 0.03477810928529556 1.8030864153540318e-10 8.3790485243381278e-11 6.981106924256135e-11 1.5141043974153947e-09 0.30374549329280859 -0.10591197305951604 0.34095570445060736 6.6662515671894568e-11 1.6267047053549477e-10 0.062078302556818191 0.092129794034090925 -0.08433483964340252 -0.067374554716727944 0.36843821406364446 0.51091377292232565 0.34872327089276994 1.8291408419609072 0.16880515962839129 7.2540506589641813e-10
decision_type=2 2 2 2 2 2 2 2 2 2 2 2 2 2 2 2 2 2 2 2 2 2 2 2 2 2 2 2 2 2
left_child=-1 2 8 -4 6 -3 -5 -8 -2 10 12 -12 13 14 -10 26 18 -18 -17 -20 -19 -21 -22 -24 -25 -26 -11 -28 -29 -30
right_child=1 5 3 4 -6 -7 7 -9 9 15 11 -13 -14 -15 -16 16 17 20 19 21 22 -23 23 24 25 -27 27 28 29 -31
leaf_value=-0.10022848938174478 -0.11017990978788639 0.10051804669842442 -0.11741479960702449 0.082970052639774292 -0.15194537003301703 -0.011765974776875954 -0.17974502615576635 0.048260674921416231 0.074600451522550626 0.063055088933239731 0.051496872810024436 -0.12113347642362995 -0.1387847707790977 0.073307605590369598 -0.18675033690391124 -0.13209340967727823 -0.14392725827216762 -0.068404052599066761 0.037587789395098575 -0.14569528831578665 0.056483941755798663 0.039503885131780825 -0.17727662568154962 -0.14305658058614687 0.016700844724974195 -0.12873750932385897 -0.092748377664351456 0.083487341706092663 -0.079830688764482627 0.030349093110354327
leaf_weight=5.0892193611653047 1.037919140595476 4.5866989791393271 3.9474498004419711 2.3317647622316144 0.79805596626829345 2.1071235598064959 0.78761167993070591 1.3941131630563175 0.48079287190921893 10.966181197087282 7.1452167440438625 1.8087813258753156 3.9026578625489492 2.0804689501528628 0.88542879722081125 2.5567286941222829 1.2246036977739994 3.7744359534990499 4.2476288328471128 2.201259189168923 8.8101920274784771 0.9130629114806651 2.3353914195904499 0.94072650570887972 64.751443505490897 1.0253433941397805 2.9467605481622767 5.2929430844960761 2.8963129647308952 8.269512896309605
leaf_count=4520 131 55 1243 14 21 29 62 86 8 90 162 212 245 21 36 139 38 97 56 53 69 27 61 24 1247 46 61 38 72 37
internal_value=-0.000881503 0.00235026 -0.000457843 -0.0502832 -0.000392109 0.0651726 0.0264049 -0.0340503 0.00282581 0.00366687 -0.0226794 0.0166241 -0.0705644 0.00668103 -0.0947773 0.00715467 1.39946e-05 0.00559978 -0.0466505 -0.0169771 0.00784276 -0.0913982 0.0115388 0.00580448 0.0122131 0.0144337 0.0289683 0.00970569 0.028049 0.00176947
internal_weight=161.536 156.447 149.753 9.259 5.31155 6.69382 4.51349 2.18172 140.494 139.456 16.3033 8.954 7.34935 3.44669 1.36622 123.153 92.7808 82.8621 9.91868 7.36195 81.6375 3.11432 77.8631 69.0529 66.7175 65.7768 30.3717 19.4055 16.4588 11.1658
internal_count=9000 4480 4396 1426 183 84 162 148 2970 2839 684 374 310 65 44 2155 1857 1582 275 136 1544 80 1447 1378 1317 1293 298 208 147 109
is_linear=0
shrinkage=0.1


Tree=55
num_leaves=31
num_cat=0
split_feature=6 0 12 9 13 15 8 12 1 5 17 12 9 15 4 4 18 13 2 18 7 14 13 5 10 0 7 9 12 13
split_gain=4.74303 2.44354 2.3573 2.17917 1.90646 2.53199 3.24322 1.64812 2.34359 3.2636 3.37327 3.09843 3.38772 1.95998 5.93737 4.32882 3.26666 2.87762 2.05847 3.67481 2.46183 4.64459 2.08517 2.28839 1.92855 1.90879 1.79278 2.13329 3.24129 3.08018
threshold=3.2092717544965038e-11 1.0932292549761047e-08 0.38862882554531103 0.0056958692673071167 3.0770059823989873 8.7874341261340319e-05 4.9222426877209554e-10 0.14241629838943484 0.46271310054665876 0.018379795466826439 0.090664950284090925 0.20402278751134875 0.022289276572759819 5.6533646784373566e-05 7.2094684403852551e-11 6.7383665566548002e-11 0.12234215787082743 1.4772334694862368 1.284952951451406e-09 -0.027880252603526137 0.044156569502990399 0.011928311083465816 2.2947047948837285 0.018218547811974579 2.4291741847991948 1.8273824363423954e-09 0.072172639409395126 0.051333550175075203 0.2440680265426636 1.5653200149536135
decision_type=2 2 2 2 2 2 2 2 2 2 2 2 2 2 2 2 2 2 2 2 2 2 2 2 2 2 2 2 2 2
left_child=-1 2 3 -2 5 6 7 -5 13 11 -11 12 24 14 25 16 -15 -16 20 -20 -17 -22 -23 -24 -10 26 27 28 29 -9
right_child=1 -3 -4 4 -6 -7 -8 8 9 10 -12 -13 -14 15 17 18 -18 -19 19 -21 21 22 23 -25 -26 -27 -28 -29 -30 -31
leaf_value=-0.10356986051096562 -0.11445900051372843 0.10038157052314728 -0.11898949559645876 0.083827039051237132 -0.1429003561622032 0.063405211883071994 -0.15098157014641536 -0.11527282512373685 0.087834723940510451 -0.13902246637589055 0.068043102639179523 -0.14394264148832678 0.080423438104597941 -0.15085955791165484 0.10018168197740288 0.057092186140088624 0.047524097486010386 -0.13938608947065784 -0.10426952214188921 0.027385008329994184 -0.13120468543970698 0.038338608230327059 0.096016353456316886 -0.13678694338810751 -0.12638829549993677 -0.1274240564671841 -0.10790330625236694 0.070033807411412241 -0.092267154548429237 0.013160268115382774
leaf_weight=4.3710399804986073 1.595669146394356 2.4876161292195311 1.6343444122758217 2.4499454903416327 0.88967448746552591 6.8225355771719469 1.3899407941789821 1.9449716572416935 0.56431754858931382 4.2400392982526682 0.96598867693683121 1.2296774907736105 4.3359016035101376 2.5026159688713956 0.56632019171956827 23.802122742927168 1.2419310713303273 4.373268723138608 3.1509322337806225 6.4808044098317605 2.1002530012629022 15.776844997308219 0.59576776251196806 1.4495717593817969 1.646003319066949 1.1153562087565649 1.3820847499882791 4.9593495749868444 3.4500146635400588 46.779979184269905
leaf_count=3564 1012 35 700 50 63 84 277 170 13 156 44 89 38 90 7 120 55 337 33 29 65 321 4 71 66 75 381 75 222 754
internal_value=-0.000868552 0.00208629 0.000450004 0.00177073 0.00303924 0.00393273 0.00100297 0.00254377 0.00106487 -0.0393236 -0.100601 0.00170221 0.0290609 0.00537416 -0.0065611 0.0188709 -0.0850629 -0.11192 0.026165 -0.0156845 0.0353837 0.00944765 0.0260228 -0.0689759 -0.071695 0.00216628 0.00463635 0.00735869 0.00140128 0.00803356
internal_weight=156.295 151.924 149.436 147.802 146.206 145.317 138.494 137.104 134.654 12.9819 5.20603 7.7759 6.54622 121.672 64.5713 57.1008 3.74455 4.93959 53.3563 9.63174 43.7246 19.9224 17.8222 2.04534 2.21032 59.6318 58.5164 57.1343 52.175 48.725
internal_count=9000 5436 5401 4701 3689 3626 3542 3265 3215 406 200 206 117 2809 2021 788 145 344 643 62 581 461 396 75 79 1677 1602 1221 1146 924
is_linear=0
shrinkage=0.1


Tree=56
num_leaves=31
num_cat=0
split_feature=6 0 12 9 5 5 12 3 4 11 2 19 7 1 11 2 19 13 11 18 3 7 5 11 17 3 17 1 18 10
split_gain=4.27538 2.21607 2.11254 1.95442 1.81287 2.09471 1.40039 1.33182 1.53362 1.5124 2.78481 1.32112 2.46499 3.26587 6.23247 2.30814 2.17684 1.96595 3.36286 2.85407 2.43596 2.49748 2.241 2.18518 2.18895 2.22605 2.17845 1.53163 1.33266 1.1598
threshold=3.2092717544965038e-11 1.0932292549761047e-08 0.38862882554531103 0.0056958692673071167 0.047348086419355652 0.036650076543370762 0.14241629838943484 0.11130558834165355 3.1949084047744643e-11 1.4820326632580818e-09 2.2977016622801089e-10 0.30374549329280859 0.056608443030984577 0.40080593746068355 3.820803229359627e-09 1.2428779649837995e-09 0.29364250600337988 1.8140041232109072 2.2168432645131024e-09 -0.10092209383252669 0.14441785903580653 0.023307013231722937 0.021181660316048141 2.1778739922595496e-09 0.062078302556818191 0.25367466382231124 0.092529296875000014 0.51091377292232565 -0.087582354878329396 2.5902637243270878
decision_type=2 2 2 2 2 2 2 2 2 2 2 2 2 2 2 2 2 2 2 2 2 2 2 2 2 2 2 2 2 2
left_child=-1 2 3 -2 5 6 -5 -8 -9 10 -10 12 13 -11 -15 -16 -14 18 20 22 21 -13 -20 -19 25 -25 -22 29 -29 -26
right_child=1 -3 -4 4 -6 -7 7 8 9 11 -12 17 16 14 15 -17 -18 23 19 -21 26 -23 -24 24 27 -27 -28 28 -30 -31
leaf_value=-0.10336181115377339 -0.1138656441207874 0.10034519538051655 -0.11812297813038278 0.079070357001889191 0.077335663408735905 -0.16163807503862712 -0.10043610881509833 0.07772974452478372 0.072646336627393157 0.047799096031511154 -0.17432710313866742 0.094370212862830982 -0.12446960280728186 -0.17833857988767929 0.068382724766855696 -0.051675273656451227 0.082976342588078233 -0.13655243867914554 -0.1190048568435756 -0.12169430274662862 -0.06204627945248934 -0.12986462981612384 0.077691236049800924 -0.12513354221398834 0.03779853273807627 0.054203036037953602 0.074367351096324863 0.02802744945309299 -0.13040912846332517 0.0044728040933570776
leaf_weight=3.9626417323888736 1.4509711407299608 2.2516627125442019 1.4891239681164723 2.3178349015652193 3.1885072167497119 0.78674986178520967 1.2902031971607346 2.5983229125849894 0.7091852561570694 21.572092013782825 1.2816642489051444 0.66310365963727447 2.0296005412819791 2.0268495278432948 4.1151550422073342 2.621377596835373 0.67377140256576229 1.1192046687938262 0.90667901327833567 5.5909984080935811 1.5531054072780532 1.9793453507591037 1.6038302019005639 2.4387086174392603 12.654913696635047 0.9664369374513625 4.7541254576062784 0.83491259746369939 1.4579663905897167 59.745707743713865
leaf_count=3564 1012 35 700 58 33 25 769 30 3 174 47 5 111 60 44 31 6 39 61 413 48 114 25 86 137 5 55 29 76 1205
internal_value=-0.000865999 0.00190313 0.000368318 0.00160282 0.00278702 0.0010682 0.00199914 0.000677724 0.00165203 0.000146503 -0.0863496 0.00147821 0.0187322 0.0268862 -0.0245933 0.0216647 -0.0727671 -0.00444322 -0.0352451 -0.0819216 0.0070078 -0.0735945 0.00665377 0.0021867 0.00417492 -0.0742348 0.0407766 0.00774949 -0.0727172 0.0102978
internal_weight=150.635 146.672 144.42 142.931 141.48 138.292 137.505 135.187 133.897 131.299 1.99085 129.308 33.0388 30.3355 8.76338 6.73653 2.70337 96.269 17.0512 8.10151 8.94968 2.64245 2.51051 79.2179 78.0986 3.40515 6.30723 74.6935 2.29288 72.4006
internal_count=9000 5436 5401 4701 3689 3656 3631 3573 2804 2774 50 2724 426 309 135 75 117 2298 721 499 222 119 86 1577 1538 91 103 1447 105 1342
is_linear=0
shrinkage=0.1


Tree=57
num_leaves=31
num_cat=0
split_feature=6 3 12 6 6 17 2 11 5 2 10 19 10 8 1 15 0 4 2 0 1 14 18 10 2 19 11 10 14 10
split_gain=3.85476 2.04311 1.82074 1.94454 2.68116 2.29187 1.67552 3.1815 2.42509 2.05119 1.48511 1.53909 1.46181 3.23214 3.04141 3.61328 3.32658 2.96821 3.9515 3.10608 2.464 3.51414 2.53881 2.40911 2.59619 2.94807 2.35043 2.52089 2.76662 3.07759
threshold=3.2092717544965038e-11 0.26873553956328683 0.38862882554531103 8.1922802388417943e-10 5.8362997121810312e-10 0.059992009943181823 1.284952951451406e-09 6.6184908664723716e-09 0.01871457851187049 1.1398405420284051e-09 3.0036572217941289 0.21645029634237292 2.7700606584548955 1.1161178785284966e-10 0.45829928206053333 6.9465968408621861e-05 2.1101363136304504e-09 7.0352235573428677e-11 7.6377667105186704e-10 1.8506162711795003e-09 0.34444271008666466 0.0074233680497854957 0.10195184793238614 2.6234730482101445 7.4042138893386873e-10 0.72226160764694225 1.9690780117542776e-09 2.5056532621383671 0.0092434952966868895 2.185677289962769
decision_type=2 2 2 2 2 2 2 2 2 2 2 2 2 2 2 2 2 2 2 2 2 2 2 2 2 2 2 2 2 2
left_child=-1 2 3 4 5 -2 9 -8 -9 12 11 -3 17 -14 15 16 -15 18 20 -20 26 -22 23 24 25 -23 27 28 29 -7
right_child=1 10 -4 -5 -6 6 7 8 -10 -11 -12 -13 13 14 -16 -17 -18 -19 19 -21 21 22 -24 -25 -26 -27 -28 -29 -30 -31
leaf_value=-0.10315854548681531 -0.072463784240302268 0.062036195060870436 -0.11722701010188374 0.070588135743394273 -0.14157423156249252 0.059847054534548819 -0.13472937244691657 0.096493538328622536 -0.050811617322803232 0.045869445849344458 0.090499748354551976 -0.022974814437808744 -0.10388934770705707 -0.0020164223318344318 -0.10558512795653877 0.066580682524639598 -0.12721699522984872 0.044004013739174369 -0.18721337946001848 -0.0049180216989706885 0.059847377272183436 -0.108122978272561 0.024718237153916009 -0.15314618065159008 0.087516058018705767 0.014587833910888548 0.049379629461817037 -0.078834589099556318 0.080102339527436228 -0.13283077810453434
leaf_weight=3.5922564766660789 4.3714386385690878 3.9948051942046714 1.3568861959793128 3.7077565168729043 1.3787929020181753 1.539132900245024 2.5693307798355809 1.7620138028869403 3.0559509915765375 10.735024253954178 4.0047807912342241 4.5614025553804822 3.8197302242624565 17.012515293085027 2.7773316200764375 6.9045000096957656 2.4246564408531404 17.321486586151877 2.0139847968239333 1.7441055581439284 4.1894901568884988 5.3867220669926628 4.1656914946797761 2.5038388054526868 1.3148594330996264 3.0756837857188657 15.41129248467041 3.6671245918259956 3.9018781211925671 1.7966993888258
leaf_count=3564 954 17 699 131 192 115 26 13 34 62 41 37 71 1020 166 71 126 343 37 34 49 156 205 143 8 108 178 200 42 158
internal_value=-0.000851056 0.00172856 -0.00199519 -0.000778892 -0.00289844 -0.00134978 0.00126054 -0.0448634 0.00306045 0.0043108 0.0402402 0.0167159 -0.000107644 -0.0173999 -0.00605448 0.00443952 -0.0176344 0.00826466 -0.00394305 -0.102611 0.0039544 -0.021915 -0.0427423 -0.0656246 -0.0432114 -0.0635234 0.0242404 -0.0112878 0.0229361 -0.0439304
internal_weight=146.061 142.469 129.908 128.551 124.843 123.464 119.093 7.3873 4.81796 111.706 12.561 8.55621 100.971 32.9387 29.119 26.3417 19.4372 68.032 50.7105 3.75809 46.9524 20.6363 16.4468 12.2811 9.77727 8.46241 26.3161 10.9048 7.23771 3.33583
internal_count=9000 5436 5341 4642 4511 4319 3365 73 47 3292 95 54 3230 1454 1383 1217 1146 1776 1433 71 1362 669 620 415 272 264 693 515 315 273
is_linear=0
shrinkage=0.1


Tree=58
num_leaves=31
num_cat=0
split_feature=8 0 17 13 19 9 15 8 2 18 2 3 14 14 13 12 12 6 10 15 0 14 8 5 15 17 18 1 19 13
split_gain=3.49726 1.86501 1.75938 1.76174 1.61027 1.60327 1.64661 2.61961 1.21898 7.06448 1.86506 1.63093 1.30906 4.63377 2.77688 1.85671 3.17905 1.83808 1.83791 2.78677 2.70166 2.40825 2.98672 3.55727 3.72343 3.70787 2.96282 2.47363 4.23846 2.6703
threshold=2.029215050100082e-11 1.0932292549761047e-08 0.11729847301136366 3.0770059823989873 -0.019422639161348339 0.0079716085932141096 8.7874341261340319e-05 4.9222426877209554e-10 1.284952951451406e-09 -0.036208692599426613 1.1398405420284051e-09 0.2581013561976726 0.0074233680497854957 0.0086193983443081396 2.7853531837463383 0.17175176739692691 0.17978704720735553 6.981106924256135e-11 2.5118941068649296 4.2978117562597624e-05 4.5164442190894069e-10 0.0091251232661306875 7.9615875192435642e-11 0.021321816762718427 7.6111795351607739e-05 0.088578657670454572 -0.10591197305951604 0.33632154408489939 0.27034345269203192 1.8182821869850161
decision_type=2 2 2 2 2 2 2 2 2 2 2 2 2 2 2 2 2 2 2 2 2 2 2 2 2 2 2 2 2 2
left_child=-1 2 3 4 -2 -6 7 8 10 -10 12 -11 -7 14 -14 -15 -17 -18 -19 20 -20 -21 -23 26 25 -25 -24 -28 -29 -30
right_child=1 -3 -4 -5 5 6 -8 -9 9 11 -12 -13 13 15 -16 16 17 18 19 21 -22 22 23 24 -26 -27 27 28 29 -31
leaf_value=-0.084608777958090159 0.062864275632474695 0.10029924061573997 -0.1082418579613994 -0.13738079339810491 -0.11693036327914508 0.04385853571038123 0.054963658653227346 -0.14456208838722884 -0.17447319493926261 -0.03278414587775242 0.041029783372945071 0.055664335272702696 -0.12409433743689161 0.072721111763247845 0.10300493333470805 -0.15047748545109962 -0.12635221966940538 0.045412661436530825 0.10286632874834503 -0.092783152510987066 -0.13387307649757715 0.055970485446222608 -0.086241275541573348 -0.13619000094727496 0.068257770587365027 -0.019533880276052143 0.058650952028868046 -0.14578661630864695 -0.12028967737770187 0.020793853690499825
leaf_weight=4.8096170846256419 4.3326082073617718 1.9089820198714722 1.4646883512323245 0.90127358521567558 1.1448658058652643 6.2391343143535769 5.5985939979436798 1.2493178845907085 2.6081937351264051 3.9399402868002635 12.203773331129922 4.4274958400055766 4.4400742437574072 3.5573261279787394 0.61272752285003651 1.3999076271720685 1.1087192337145086 9.16942091839155 0.58604234457015936 2.5658980523585333 2.7164878704352304 10.092997212777844 2.8989425571926182 4.9802662813453917 2.2718091969145453 6.0158390130964108 11.000652535294668 1.8006660757819215 1.4205311164842012 24.1288136200601
leaf_count=4590 52 35 1168 70 37 106 76 145 44 29 65 19 295 28 1 49 53 154 1 70 181 92 136 163 29 420 166 55 103 568
internal_value=-0.000797077 0.00214988 0.000760721 0.00195742 0.00290513 0.000878429 0.00194016 -0.000504417 0.000993048 -0.0307749 0.00418573 0.014017 -0.000449396 -0.00349503 -0.0965552 0.00199081 -0.00107175 0.00151816 0.00329814 -0.00218102 -0.0918631 0.00222793 0.00600114 -0.00324985 -0.0482899 -0.0723688 0.0112373 0.0186057 0.00249882 0.0129497
internal_weight=141.596 136.786 134.877 133.412 132.511 128.178 127.034 121.435 120.186 10.9756 109.21 8.36744 97.0063 90.7671 5.0528 85.7143 82.157 80.7571 79.6484 70.4789 3.30253 67.1764 64.6105 54.5175 13.2679 10.9961 41.2496 38.3507 27.35 25.5493
internal_count=9000 4410 4375 3207 3137 3085 3048 2972 2827 92 2735 48 2670 2564 296 2268 2240 2191 2138 1984 182 1802 1732 1640 612 583 1028 892 726 671
is_linear=0
shrinkage=0.1


Tree=59
num_leaves=31
num_cat=0
split_feature=14 5 14 4 3 2 8 19 9 7 15 13 13 13 12 15 7 8 10 3 8 5 14 5 4 15 3 6 11 13
split_gain=3.21503 1.71317 1.70697 2.64605 1.50944 1.25998 1.14284 1.98206 1.10662 4.32382 2.42366 3.20678 1.90812 1.84883 1.37327 2.22066 1.95576 1.95133 4.21612 2.01125 1.50758 4.01656 4.01117 3.07729 2.82742 5.40664 3.16934 2.83497 2.29565 2.12282
threshold=0.0061336085200309762 0.047348086419355652 0.01589030493050814 2.085831627959518e-10 0.19331838046435521 2.3799135350259901e-09 5.1045678776665296e-10 1.641644358634949 0.04947147698335929 0.064491563814561573 6.9993599026929601e-05 1.9927980303764345 1.8182821869850161 1.4088368415832522 0.2440680265426636 7.5256659329170375e-05 0.062204390418349513 1.4541491266683386e-10 2.8318524360656743 0.24143731157644441 9.7422506731543176e-11 0.020678370255060693 0.0099334167316555994 0.014056768694911322 6.2115950000006284e-11 4.5726730604656047e-05 0.12948444150784705 4.2564788057864429e-11 4.9181601013970075e-09 1.8667516708374026
decision_type=2 2 2 2 2 2 2 2 2 2 2 2 2 2 2 2 2 2 2 2 2 2 2 2 2 2 2 2 2 2
left_child=-1 2 8 -4 6 -3 -5 -8 9 14 11 12 13 -10 17 16 -16 18 20 -19 22 -22 24 -24 25 26 -2 -27 -25 -26
right_child=1 5 3 4 -6 -7 7 -9 10 -11 -12 -13 -14 -15 15 -17 -18 19 -20 -21 21 -23 23 28 29 27 -28 -29 -30 -31
leaf_value=-0.10029126813376982 -0.11292097656583977 -0.0059468670971670173 -0.11844952483144695 0.082192631600488411 -0.13464827004707633 0.10026855521026384 -0.15469385740977684 0.060691924293150318 0.10208268914773083 -0.1345813737393198 0.082464143697231942 -0.12174967944815172 0.0495019137356668 -0.11323603419227608 -0.11052012177635805 0.057556911374451292 0.025743569830401904 0.011482641427284132 -0.12044388576352257 0.08904787246527511 0.046517808369796722 -0.071051405513736079 0.062179718965334578 -0.13222588329122206 -0.023484375553751866 0.034909533426579577 0.031233119261044207 -0.10512164244082485 -0.0050827098525090654 0.048234216062553126
leaf_weight=3.1721411609614725 1.69438131380594 1.7866484594997007 3.0599587901378973 1.8979973586974668 0.67214670576504421 2.9790272377431393 0.73668669996550296 1.0171717615157829 0.53297034825664225 2.3860248496639533 5.2452621689881189 1.8118999976140902 6.9040210193488747 1.5838636086846234 3.844741107808658 1.7213018009206278 1.450759088329505 9.7631978568097093 2.8694637007138217 5.0836092606186858 16.917414467403436 3.5084361048211568 1.4824453838518801 5.038432448374806 5.3991232437547323 1.7915681948652471 15.271129357774042 7.4904892332560848 1.9774591292080002 17.518349253296037
leaf_count=4415 204 36 1243 15 21 57 66 81 2 187 30 147 163 342 260 14 29 140 66 14 297 73 25 89 148 58 207 340 28 203
internal_value=-0.000793182 0.00157216 -0.000608492 -0.0472889 0.0030692 0.0604485 0.0284169 -0.0297782 0.00223343 -0.00150066 0.0266679 -0.000348884 0.0240353 -0.0590237 0.00158752 -0.0411157 -0.0731892 0.00471511 -0.0013965 0.0380413 0.00297801 0.0263236 -0.00529159 -0.0687292 0.00567381 -0.0167343 0.0168361 -0.0780936 -0.09639 0.031338
internal_weight=136.608 133.436 128.67 7.38396 4.324 4.76568 3.65186 1.75386 121.286 105.208 16.078 10.8328 9.02085 2.11683 102.822 7.0168 5.2955 95.8055 80.9587 14.8468 78.0892 20.4259 57.6634 8.49834 49.165 26.2476 16.9655 9.28206 7.01589 22.9175
internal_count=9000 4585 4492 1426 183 93 162 147 3066 2382 684 654 507 344 2195 303 289 1892 1738 154 1672 370 1302 142 1160 809 411 398 117 351
is_linear=0
shrinkage=0.1


Tree=60
num_leaves=31
num_cat=0
split_feature=6 3 19 18 12 6 17 6 6 7 12 3 2 9 12 18 13 18 14 7 12 10 4 18 15 13 3 3 3 2
split_gain=2.97995 1.58192 1.45023 1.83601 1.43631 1.52954 2.22822 2.34664 1.47293 1.55757 3.0089 2.5004 2.47806 1.55935 2.80364 2.69969 1.97421 1.92545 2.9785 3.53047 1.86645 1.94423 1.76157 1.51569 1.97619 6.73646 2.02065 1.91661 3.07752 1.91318
threshold=3.2092717544965038e-11 0.2581013561976726 0.10829700902104379 -0.051737425086850468 0.38862882554531103 8.1922802388417943e-10 0.059992009943181823 4.6399954205227875e-10 4.5000672162970762e-10 0.066338030479539942 0.27352112531661993 0.16645278474051869 5.4186803619726582e-10 0.045951221641711469 0.2440680265426636 -0.1885180406865071 1.573286831378937 -0.10766550873152232 0.0098888319917023199 0.039315532420498081 0.25942240655422216 3.2087347507476811 3.0508558214262178e-10 -0.08433483964340252 4.5726730604656047e-05 1.8182821869850161 0.13270509417196952 0.14383408590627925 0.12355364643194415 1.2428779649837995e-09
decision_type=2 2 2 2 2 2 2 2 2 2 2 2 2 2 2 2 2 2 2 2 2 2 2 2 2 2 2 2 2 2
left_child=-1 4 -3 -4 5 6 -2 8 9 13 -11 12 -12 14 16 -16 -8 18 19 -18 -15 -22 -17 -19 26 -26 -25 28 -27 -29
right_child=1 2 3 -5 -6 -7 7 -9 -10 10 11 -13 -14 20 15 22 17 23 -20 -21 21 -23 -24 24 25 27 -28 29 -30 -31
leaf_value=-0.10304408725216946 -0.079575479879075386 0.085333955896872871 -0.055113738822916161 0.040355295570301764 -0.11556501323575699 0.067895594996975381 -0.10809116160045865 -0.098021811140008352 0.091061529453175749 -0.12529747072995429 -0.10261996153227444 -0.11551848378753589 0.089546190720576138 0.06064832270874905 0.079568094227783881 -0.13101024984293036 -0.12441903832833059 0.049708332798812427 -0.14456480608154726 0.055447574155810309 -0.079919966212318422 0.092781816393689792 0.090780623313607395 -0.040598753587529804 -0.10948459172659714 0.027313067916442849 0.053327685658913659 0.024420346846434415 -0.12921003268444614 -0.058176096009767947
leaf_weight=2.7883090285758945 3.6943512381403698 3.8758956068195394 2.816515708458609 7.0735264918766907 1.110369047106359 3.1093821325921445 1.5568823781213712 2.4162507480941704 1.8108597504906345 2.825144994800211 0.87414264760445837 1.3098754161619579 2.8884033663780428 8.8988836429780331 0.93105225486215193 3.6537674332794259 1.606272175791658 8.7188230864121419 2.0804807255626656 3.4036153213237412 2.2132629396219268 0.92400132335023943 0.39701891993172456 2.8024171486613616 5.4647223662468596 2.5813590716570607 12.536793871026019 31.939172266618698 2.4468692369991913 3.074284140020608
leaf_count=3564 950 27 34 58 699 130 363 435 27 255 383 85 44 86 11 291 90 66 82 62 161 12 4 172 224 121 98 291 148 27
internal_value=-0.000763783 0.0014464 0.0334864 0.0131673 -0.00237998 -0.00127907 -0.00321597 -0.000588239 0.00165522 8.52893e-05 -0.04259 0.00347491 0.0449007 0.00362443 -0.00124284 -0.0739802 0.0033903 0.00565452 -0.0439883 -0.00222133 0.0372668 -0.0290551 -0.109272 0.0107144 0.00512677 -0.00533644 0.0361677 0.00887726 -0.0488552 0.0171681
internal_weight=131.823 129.034 13.7659 9.89004 115.268 114.158 111.049 107.354 104.938 103.127 7.89757 5.07242 3.76255 95.2297 83.1935 4.98184 78.2117 76.6548 7.09037 5.00989 12.0361 3.13726 4.05079 69.5644 60.8456 45.5064 15.3392 40.0417 5.02823 35.0135
internal_count=9000 5436 119 92 5317 4618 4488 3538 3103 3076 767 512 427 2309 2050 306 1744 1381 234 152 259 173 295 1147 1081 811 270 587 269 318
is_linear=0
shrinkage=0.1


Tree=61
num_leaves=31
num_cat=0
split_feature=6 0 13 9 17 15 8 12 17 8 1 5 12 17 9 11 11 13 6 7 11 11 1 11 4 0 6 2 2 7
split_gain=2.68772 1.47428 1.38665 1.34463 1.36682 1.46481 2.01255 1.24965 1.71377 1.77721 1.27069 2.46878 2.44095 2.42699 1.91955 1.34391 2.95935 2.01146 1.90326 2.18311 1.47392 3.55622 1.5474 1.39091 4.12446 2.41951 2.18781 2.21162 3.45448 1.61655
threshold=3.2092717544965038e-11 1.0932292549761047e-08 3.0770059823989873 0.0056958692673071167 0.11729847301136366 8.7874341261340319e-05 4.9222426877209554e-10 0.14241629838943484 0.058793501420454551 2.3654987431492275e-11 0.46271310054665876 0.018379795466826439 0.20402278751134875 0.090664950284090925 0.022289276572759819 4.7316948137421386e-09 4.4727723746973433e-09 2.2591099739074711 1.4948826715913146e-10 0.03615904179391604 4.2186221183015968e-09 4.0520642397012815e-09 0.40997926973433069 3.6166578620822069e-09 6.7383665566548002e-11 1.8273824363423954e-09 2.392858697176429e-10 8.0626629686111656e-10 1.0240747248781538e-09 0.043484971463041824
decision_type=2 2 2 2 2 2 2 2 2 2 2 2 2 2 2 2 2 2 2 2 2 2 2 2 2 2 2 2 2 2
left_child=-1 2 3 -2 5 6 7 -5 9 -9 15 12 14 -13 -12 16 17 20 -17 -20 21 23 -22 25 -25 26 27 -10 -29 -26
right_child=1 -3 -4 4 -6 -7 -8 8 10 -11 11 13 -14 -15 -16 18 -18 -19 19 -21 22 -23 -24 24 29 -27 -28 28 -30 -31
leaf_value=-0.10284047093133981 -0.11212893943647065 0.10024018973830132 -0.12974008639216422 0.080410853555025544 -0.10796264896347862 0.053719713820100351 -0.13540387837119067 0.084998019869065744 0.010488760424890676 -0.14891493857542248 -0.062103238994882098 -0.13235150878168839 -0.13659346941386424 0.066470479639054128 0.075421868406982076 0.077868884740435296 -0.13382453251957768 -0.12195210009103757 -0.11440386908085412 0.021381113920989962 0.095626016174871264 -0.14541430857965432 -0.022069905670977909 -0.14095254146010891 0.075401654206071103 -0.12804022330031206 -0.11346793302147602 -0.14711854017391246 0.025241213340097629 0.0049250334086618601
leaf_weight=2.5277099774684748 1.0418634544621443 1.4885791726410378 0.81680241152935096 1.9905274424236257 1.1206319760240138 5.4341745698184232 1.0780657818831958 0.42143351945560326 46.81104455330933 1.4167095406446604 1.4150203833851245 3.1607678719883556 0.97261079962481733 0.76196519905352023 3.589569539995864 5.6186422149185118 1.6292429570457887 1.2801085441606108 1.2966560432687391 13.634861725338849 3.3756759059033348 1.6266461123595934 1.6695543278765397 1.2713422744127445 8.1912171141011623 1.509919005606206 1.6372461788414501 2.3493355220125514 2.3024006327614188 5.4003171792137428
leaf_count=3564 1011 35 76 50 1162 95 145 6 1232 67 57 135 90 43 34 22 70 87 14 207 28 65 34 70 33 99 283 54 17 115
internal_value=-0.00075657 0.00131915 0.000120266 0.00098964 0.00196392 0.00299181 0.000582381 0.00187594 0.000471923 -0.0952854 0.00207931 -0.0320893 0.00836552 -0.0937316 0.0365374 0.00547542 -0.00044689 0.00235976 0.0282579 0.00958952 0.00444964 0.000743474 0.0566784 0.00416563 0.031288 -0.0032161 0.000333323 0.00395382 -0.0618082 0.0473992
internal_weight=126.841 124.313 122.824 122.008 120.966 119.845 114.411 113.333 111.342 1.83814 109.504 9.89993 5.9772 3.92273 5.00459 99.6042 79.0541 77.4248 20.5502 14.9315 76.1447 71.0995 5.04523 69.4728 14.8629 54.6099 53.1 51.4628 4.65174 13.5915
internal_count=9000 5436 5401 5325 4314 3152 3057 2912 2862 73 2789 359 181 178 91 2430 2187 2117 243 221 2030 1968 62 1903 218 1685 1586 1303 71 148
is_linear=0
shrinkage=0.1


Tree=62
num_leaves=31
num_cat=0
split_feature=6 5 3 12 4 11 5 14 3 4 15 0 9 17 5 18 13 12 7 8 12 10 5 11 13 2 6 6 3 19
split_gain=2.42449 1.34796 1.25994 1.11113 1.00899 1.92684 1.01683 1.05722 5.10916 2.20756 1.89426 3.32964 2.13059 5.57319 1.392 3.86274 2.33287 1.67985 1.7708 1.67548 3.44717 2.35302 2.24351 2.36473 5.42664 2.62764 2.63192 3.41435 2.18785 2.29681
threshold=3.2092717544965038e-11 0.084831120577947297 0.11130558834165355 0.38862882554531103 3.1949084047744643e-11 1.4366463574333468e-09 0.047348086419355652 0.014971047174185516 0.18052602312588381 1.9974130132789902e-10 7.3046168836299344e-05 2.9215388290411556e-09 0.024489812843967798 0.066694779829545456 0.021321816762718427 0.08444426602429965 1.5653200149536135 0.16880515962839129 0.066338030479539942 9.7422506731543176e-11 0.22914979606866839 2.7269775867462163 0.019429081536536368 2.1908983516283347e-09 1.8140041232109072 1.0049070454789712e-09 4.2564788057864429e-11 1.2869221932154681e-10 0.11173346003126436 -0.031416006386280053
decision_type=2 2 2 2 2 2 2 2 2 2 2 2 2 2 2 2 2 2 2 2 2 2 2 2 2 2 2 2 2 2
left_child=-1 2 -2 4 -4 -6 7 9 -9 10 11 14 13 -12 16 17 -7 -16 -19 20 21 22 23 -18 -25 26 -26 28 -28 -30
right_child=1 -3 3 -5 5 6 -8 8 -10 -11 12 -13 -14 -15 15 -17 19 18 -20 -21 -22 -23 -24 24 25 -27 27 -29 29 -31
leaf_value=-0.10264490685497629 -0.10043995373499928 0.10018574571650565 0.072130474210208378 -0.11546889795634373 -0.15298250441264369 -0.11476440853483212 0.069432131916043791 0.01272219427771553 -0.1613394096653844 -0.15139051989220062 0.049100524940351706 -0.15182076927966856 0.071198319861572198 -0.18914301637956335 -0.13047757179638739 -0.14086135037900629 0.040641814664767281 0.011960946763048121 -0.11953404889337811 0.029577964909983379 -0.14300271023626659 -0.079623642927659055 0.060349295691092188 -0.1351338412976813 0.079859190118760345 0.080025582130590592 0.1024687119393924 0.039162787552548817 0.082327520251681635 -0.14023451729162148
leaf_weight=2.2913045987079377 1.2344208352296835 1.3600260503590096 2.0119081569719119 0.81185700179776077 0.81011592672439192 1.5002378956996825 2.1797235340927719 6.4208563973952533 2.2869718866131734 0.91450390729005349 3.9396705025283145 1.4331366081751173 8.2643815813353267 1.3078406280837951 1.0043411828082813 2.3899518883554256 8.6250450308434683 14.813152657181488 1.100181119312764 28.682057982834522 1.6680243219016109 3.0788466470548874 7.3902597537671673 3.4763895629148491 2.0816454431333105 3.4647506210021666 0.50867116451263239 2.9976219611417037 0.52095014601944267 4.2181256140029451
leaf_count=3564 1338 35 33 441 104 224 53 514 125 38 92 98 49 25 385 185 94 219 120 646 64 33 89 186 17 19 1 44 2 163
internal_value=-0.000743997 0.00119372 6.3645e-05 0.00111591 0.00192427 0.000696852 0.00178639 0.000470905 -0.0329923 0.00328956 0.00467008 -0.000629092 0.0395563 -0.0102771 0.00184666 -0.021858 0.00855627 -0.00504642 0.00286993 0.0113295 -0.00243325 0.004015 0.0117519 -0.00211845 -0.0234762 0.00466851 -0.0206141 -0.0459798 -0.094615 -0.115769
internal_weight=122.787 120.496 119.136 117.901 117.089 115.077 114.267 112.088 8.70783 103.38 102.465 88.9534 13.5119 5.24751 87.5203 19.3076 68.2126 16.9177 15.9133 66.7124 38.0303 36.3623 33.2835 25.8932 17.2682 13.7918 10.327 8.24537 5.24775 4.73908
internal_count=9000 5436 5401 4063 3622 3589 3485 3432 639 2793 2755 2589 166 117 2491 909 1582 724 339 1358 712 648 615 526 432 246 227 210 166 165
is_linear=0
shrinkage=0.1


Tree=63
num_leaves=31
num_cat=0
split_feature=6 0 1 3 19 13 1 14 1 17 1 13 0 13 12 9 19 19 3 14 4 0 9 6 19 19 11 6 9 1
split_gain=2.18657 1.26147 1.14272 1.13302 1.09869 1.08183 5.16574 1.94872 1.49989 5.08414 2.87168 2.68558 2.6997 1.83629 1.78852 3.4446 2.00075 1.8711 2.42907 1.82098 1.73004 1.59593 1.58273 1.5475 1.52148 2.20254 3.53307 2.38002 4.40531 2.0179
threshold=3.2092717544965038e-11 1.0932292549761047e-08 0.56682763701671257 0.11130558834165355 -0.019422639161348339 1.7300260066986086 0.2853150718411786 0.0074233680497854957 0.34444271008666466 0.083251953125000014 0.35282161359837133 1.8954398632049563 3.2185077658564158e-09 1.7893038988113406 0.22048480063676837 0.031590678658747644 0.27034345269203192 1.0096027851104739 0.23563214416823028 0.010261347983032467 3.9845474935813701e-11 4.8799373708607882e-09 0.031184052280111983 9.542060861123681e-11 0.29939919710159307 0.87156164646148693 5.316625584228519e-09 3.0216891344323138e-10 0.041995084145272248 0.44843870701659488
decision_type=2 2 2 2 2 2 2 2 2 2 2 2 2 2 2 2 2 2 2 2 2 2 2 2 2 2 2 2 2 2
left_child=-1 2 3 -2 -5 6 -6 -8 9 -7 -10 -11 -13 20 17 23 -17 22 19 -19 -12 -21 -15 -16 -18 26 -26 -27 -29 -28
right_child=1 -3 -4 4 5 8 7 -9 10 11 13 12 -14 14 15 16 24 18 -20 21 -22 -23 -24 -25 25 27 29 28 -30 -31
leaf_value=-0.10245783570803378 -0.10040398315676097 0.10021912624437707 -0.11877178826710343 0.057518372849174604 0.025262241946891126 -0.14461629761446562 -0.0032471670905565605 -0.12404766732673167 -0.13565607182050604 0.067110003112472741 0.078079589811545114 -0.12197201353107866 0.087536834295496038 0.019799957377194727 0.018262720587567966 -0.15754608112763441 0.099367221471119982 0.027776231964818873 -0.16229434342980381 -0.12859845733684219 -0.11696757187719836 0.095376688728735906 0.088363443861138521 -0.13758493831741669 -0.13099251309921023 0.045389873131298226 0.083259521772912778 -0.39589360808828683 -0.012698658556232454 -0.08618007874154511
leaf_weight=2.0768526116444255 1.0955282492941467 1.268996251747011 0.80482107165153038 3.4297376552422056 8.9852835240308178 1.5010856224689657 1.842794287149444 4.8500725659978343 1.5704865415027587 12.782377045019528 0.56858198670670335 1.6494066057930461 0.98077110934536893 30.957611737016123 0.81173995244899133 0.79985515378939709 1.5414410893863557 5.0765246330265636 1.1253616650938054 1.6188972799282058 2.2715442750341026 0.39594536926597346 3.7776768300682297 2.9620005486649461 3.0520245406223721 10.39546377619263 1.9255679945345039 0.31362085253931482 6.913303049019305 1.1068988880870163
leaf_count=3564 1307 35 168 48 316 24 584 428 96 289 6 259 15 325 43 33 10 211 16 100 116 2 20 82 154 257 19 7 416 50
internal_value=-0.000753835 0.00106119 -3.19819e-05 0.000804089 0.00178351 4.21875e-05 -0.0242781 -0.0907868 0.00409431 0.0310646 -0.00181577 0.0481749 -0.0438479 0.000964064 0.00404264 -0.0147714 -0.00183544 0.0171054 -0.0258079 -0.00414828 -0.0779199 -0.0845841 0.0272567 -0.104062 0.0030974 -0.00316214 -0.0550355 0.0147482 -0.0293279 0.0214114
internal_weight=118.452 116.375 115.106 114.302 113.206 109.776 15.6782 6.69287 94.0982 16.9136 77.1845 15.4126 2.63018 75.6141 72.7739 29.8219 26.0482 42.952 8.21673 7.09137 2.84013 2.01484 34.7353 3.77374 25.2483 23.7069 6.08449 17.6224 7.22692 3.03247
internal_count=9000 5436 5401 5233 3926 3878 1328 1012 2550 587 1963 563 274 1867 1745 1071 946 674 329 313 122 102 345 125 913 903 223 680 423 69
is_linear=0
shrinkage=0.1


Tree=64
num_leaves=31
num_cat=0
split_feature=14 5 17 13 13 19 14 15 8 4 13 8 1 12 13 6 1 8 10 11 11 11 4 10 14 9 13 6 8 17
split_gain=1.98326 1.14551 1.06081 0.915473 1.69628 0.815777 2.24736 2.39098 1.49317 1.40896 2.79698 1.24818 2.30119 4.43983 2.9407 1.34307 1.09257 0.967646 1.2347 0.854882 1.5785 2.33488 1.40275 1.71519 2.48591 1.98843 1.95165 1.74792 3.43408 5.37854
threshold=0.0061336085200309762 0.084831120577947297 0.11729847301136366 1.4473843574523928 1.544215261936188 0.30374549329280859 0.012982120271772148 3.7416673876577995e-05 2.3654987431492275e-11 3.4029982354059184e-11 1.6416613459587099 1.4541491266683386e-10 0.34327248488940276 0.19518627971410754 1.8291408419609072 4.7075686288887263e-11 0.5371864326553264 9.3990659150911803e-11 2.6525491476058964 2.1778739922595496e-09 2.2168432645131024e-09 2.4931317010867819e-09 4.3442896558558373e-11 2.5902637243270878 0.0095454859547317045 0.014536674288277271 1.8243561983108523 1.0758675047461501e-10 9.7422506731543176e-11 0.066694779829545456
decision_type=2 2 2 2 2 2 2 2 2 2 2 2 2 2 2 2 2 2 2 2 2 2 2 2 2 2 2 2 2 2
left_child=-1 2 3 -2 -5 6 7 -6 -7 -10 -11 12 17 14 15 -14 -8 -9 -19 -12 -21 -22 -23 -24 25 -25 -26 -28 29 -29
right_child=1 -3 -4 4 5 8 16 11 9 10 19 -13 13 -15 -16 -17 -18 18 -20 20 21 22 23 24 26 -27 27 28 -30 -31
leaf_value=-0.10027071796371106 0.079973205044182441 0.10015889906255193 -0.10626539020011089 -0.11556439313525926 -0.16130254348693568 -0.12491290985532302 -0.17629841846344585 0.080251367360759954 0.066815060878436347 -0.12643741909568273 -0.050172763867345073 0.08151506319477228 0.053960766484681094 -0.13614709581171916 0.048672517547931116 -0.15750149783105027 0.035592002751611521 0.059837718391969878 -0.061261271327142375 0.084396832373864958 -0.12477619195513732 -0.11854490051354338 0.035253879915118191 0.0052466687137213835 -0.11046369354306906 -0.14148714589669029 0.069823899528248357 0.073523775852790657 0.0077182142392152172 -0.1574477379414394
leaf_weight=1.968115874333306 1.4434742754383467 1.15280714444816 0.93222379511280351 1.2595878076099314 0.68266920989845559 1.0042228561796935 0.86536920763319247 5.7729647747473845 2.8520545023784498 1.8440309698198678 3.4857254794915198 3.744484848866704 0.40470309983356667 2.2983770329738027 6.8996535126352683 1.1648730118322417 0.3385501575685339 2.2285300174844456 1.3531706406502051 2.17668199003674 1.5172351439396141 0.97364923311397333 12.842113166188936 1.5384826121153303 1.5377243194670871 2.3104736905370373 3.7233915663091457 1.4861144074238826 41.390592948882841 3.1351003028685227
leaf_count=4415 39 35 1168 155 22 112 51 45 78 168 142 34 12 89 131 59 18 23 34 20 122 66 263 15 205 104 44 8 1243 80
internal_value=-0.000754578 0.000988578 -3.94601e-05 0.000858543 -0.000190795 0.00116016 0.0166821 0.0232238 -0.0037256 -0.00221967 -0.00474516 0.0285019 0.0186369 -0.0128836 0.0205677 -0.102978 -0.116713 0.0549182 0.0140864 -0.00179703 0.000524617 -0.00206659 0.000634102 0.00234146 -0.00532637 -0.0828356 0.000492088 0.00392264 -0.00141025 -0.0831707
internal_weight=114.327 112.359 111.206 110.274 108.831 107.571 25.7533 24.5494 81.8176 80.8134 77.9613 23.8668 20.1223 10.7676 8.46923 1.56958 1.20392 9.35467 3.5817 76.1173 72.6316 70.4549 68.9376 67.964 55.1219 3.84896 51.2729 49.7352 46.0118 4.62121
internal_count=9000 4585 4550 3382 3343 3188 518 449 2670 2558 2480 427 393 291 202 71 69 102 57 2312 2170 2150 2028 1962 1699 119 1580 1375 1331 88
is_linear=0
shrinkage=0.1


Tree=65
num_leaves=31
num_cat=0
split_feature=6 0 1 12 6 10 3 4 11 0 11 19 14 13 11 8 3 7 17 0 14 13 10 1 12 5 12 2 5 15
split_gain=1.80552 1.09311 1.01846 0.984236 1.07587 1.73141 0.837282 0.746815 1.55228 0.804351 1.65248 1.01692 1.9662 1.38873 1.65701 1.52568 1.8985 1.60843 1.51562 1.66161 1.28696 1.67447 2.22108 1.83512 4.62257 1.35182 1.24229 1.23845 1.23837 1.12891
threshold=3.2092717544965038e-11 1.0932292549761047e-08 0.56682763701671257 0.38862882554531103 8.1922802388417943e-10 3.3595455884933476 0.11130558834165355 3.1949084047744643e-11 1.4366463574333468e-09 5.9129026982450308e-10 1.6050840656589573e-09 0.30374549329280859 0.013122744392603638 1.8140041232109072 2.7883811926088246e-09 1.1597779111272722e-10 0.14441785903580653 0.022153851083494401 0.092529296875000014 1.3022729408808137e-09 0.01173647725954652 1.6862602233886721 2.5310573577880864 0.34537508081906348 0.19518627971410754 0.018109810312027672 0.16620664298534396 3.235698024670763e-10 0.017422222265113207 4.4767592044081546e-05
decision_type=2 2 2 2 2 2 2 2 2 2 2 2 2 2 2 2 2 2 2 2 2 2 2 2 2 2 2 2 2 2
left_child=-1 2 3 4 5 6 -2 -8 -9 -10 -11 12 20 14 15 16 17 -13 19 27 21 22 25 -23 26 -12 -25 -18 -28 -15
right_child=1 -3 -4 -5 -6 -7 7 8 9 10 11 13 -14 29 -16 -17 18 -19 -20 -21 -22 23 -24 24 -26 -27 28 -29 -30 -31
leaf_value=-0.10216578455726283 -0.10026471553535764 0.10019015228679458 -0.11713247881218536 -0.11173602850679912 0.070508086227478256 -0.13592091271262044 0.066589530565985641 -0.14524025037124483 0.076025613832961567 -0.13973757540831472 -0.11477312354554503 0.054265006820400655 -0.10975325412552597 -0.12247135911119714 -0.11208131644019498 -0.11220479853924292 0.10150004749320957 -0.12764368903272158 0.083286231062936658 0.071543496387979438 0.077859424771852995 0.070791741349311252 -0.13781585559772006 0.084693850840363738 -0.13612206931730733 0.089588900757205048 -0.075820720952050891 -0.11642930226614319 0.038640829450801606 0.0037519928730475813
leaf_weight=1.7278792848373985 0.80636216379934822 1.0968217886984337 0.73907853745913499 0.77347368386108328 2.2108435867994549 0.92865931235428334 1.7612615646212351 0.72156568043283087 1.4450813401490439 0.8287548455700734 0.45312780531822783 0.68042770811007214 1.1133945829060383 0.71687914439826173 2.259241430903784 1.4328737276082382 0.31500852108001742 1.7016336946107911 2.8039747832226567 1.2262560504022983 3.9982041866169302 6.2319151372648767 1.5248019132122861 3.1289523154555337 1.9532890681875867 1.1330474987043997 1.3891757761302868 1.514282470277976 2.9576436430215836 61.108232192011201
leaf_count=3564 977 35 168 693 121 137 33 104 27 79 50 143 75 35 449 194 1 109 29 49 43 28 82 40 54 58 30 125 28 1440
internal_value=-0.000744937 0.000863472 -0.000146599 0.000660562 0.00147805 1.24917e-05 0.00123564 0.00203493 0.000905158 0.00196058 0.00087366 0.00206712 0.0200013 -0.00374007 -0.0349719 -0.0169648 -0.000406442 -0.0756821 0.0301952 -0.0185246 0.0263459 0.0153741 -0.0516366 0.0286855 0.00085637 0.0312081 0.0366465 -0.0789013 0.0020607 0.0022884
internal_weight=110.682 108.954 107.857 107.118 106.345 104.134 103.205 102.399 100.638 99.9162 98.4711 97.6424 23.8836 73.7588 11.9337 9.67446 8.24158 2.38206 5.85952 3.05555 22.7702 18.772 3.11098 15.661 9.42906 1.58618 7.47577 1.82929 4.34682 61.8251
internal_count=9000 5436 5401 5233 4540 4419 4282 3305 3272 3168 3141 3062 488 2574 1099 650 456 252 204 175 413 370 190 180 152 108 98 126 58 1475
is_linear=0
shrinkage=0.1


Tree=66
num_leaves=31
num_cat=0
split_feature=8 3 0 1 3 14 6 7 10 5 6 14 4 13 10 3 10 19 6 10 19 14 14 8 17 13 5 18 13 18
split_gain=1.65585 1.40963 1.48966 1.86671 1.01074 1.05027 2.3764 0.957734 0.933586 1.09676 0.887116 3.71172 2.20376 2.1724 1.82994 2.83284 4.38641 2.54925 1.71393 1.60852 1.59773 1.51236 2.25301 3.92092 2.15426 2.0554 2.2481 1.60135 1.53975 1.50888
threshold=2.6933140678092355e-11 0.28128680891633029 1.3668484216941307e-09 0.40169510027609628 0.26873553956328683 0.0074233680497854957 6.981106924256135e-11 0.023307013231722937 3.0036572217941289 0.020481155595737887 8.7211150636782292e-11 0.008920909836888315 6.2392824022156995e-11 1.7626691460609438 2.6525491476058964 0.14931227331480049 2.4903399944305424 0.27034345269203192 8.96346486321714e-11 2.6369501352310185 0.081138364970684065 0.0095454859547317045 0.0097713051363825815 9.7422506731543176e-11 0.070556640625000014 1.8182821869850161 0.01844325862012804 -0.018710703943559726 1.4417582154273989 -0.067374554716727944
decision_type=2 2 2 2 2 2 2 2 2 2 2 2 2 2 2 2 2 2 2 2 2 2 2 2 2 2 2 2 2 2
left_child=1 2 -1 -4 5 7 -7 -2 9 -6 12 19 13 -8 15 16 -13 20 -18 -12 -16 -19 -23 24 -24 28 27 -27 -25 -28
right_child=4 -3 3 -5 8 6 10 -9 -10 -11 11 14 -14 -15 17 -17 18 21 -20 -21 -22 22 23 25 -26 26 29 -29 -30 -31
leaf_value=-0.10972355992765365 0.085795343853759698 -0.41549398525158215 0.076073873536153858 -0.10473478956924923 0.055557960902975059 -0.10512124290298329 0.038075629546525269 -0.023267342340526024 0.087500174560871266 -0.030174106251096112 -0.13606267638569139 0.067413946425608412 0.070952725893160359 -0.14455016289154449 -0.0031496697114330955 0.049289088210992843 0.075566087824122941 -0.12393234375950035 -0.12294900273077428 0.069400584850924346 -0.13826576658856696 0.071598495285710703 0.021765279345266862 0.098853655867324863 -0.15353391268745428 0.073961545404419612 -0.0658781937022591 0.003539785363369539 -0.10963523391709112 0.00073118541611923453
leaf_weight=2.2005629961495279 2.5315360317472364 0.10823858328512859 1.4394669438188432 0.94642734766239289 3.0732335681095702 2.2297014639188992 1.4880312558962026 1.1807180444884577 2.4251511409675004 2.900539840105921 2.8158600162423677 2.7571864587371264 5.0078596325474791 1.1584284829150417 1.387014270978397 15.091433876310473 0.49893360957503352 1.0160289703344449 3.3896187666687183 0.44065517280250777 2.3715132098004688 3.9725452154234508 0.95358025690074955 0.41315966530237291 2.6469721756875515 7.021289658601745 3.973858949233537 5.9785109108343004 2.4834386570728384 23.583680343435855
leaf_count=3312 44 11 64 1273 19 134 39 38 41 27 277 83 54 41 44 147 3 55 308 12 187 35 15 12 74 134 244 272 708 1293
internal_value=-0.000721554 -0.0587992 -0.0503813 0.00435139 0.00193099 -0.00102694 -0.00316121 0.0511069 0.0351739 0.0139311 -0.000590931 -0.00367343 0.0319464 -0.0418647 0.000719074 0.025333 -0.0290675 -0.00886914 -0.0974779 -0.10826 -0.0884037 -0.00312519 -0.000719723 -0.00682514 -0.107107 0.00148413 0.00729637 0.0415751 -0.0798972 -0.00887404
internal_weight=107.485 4.6947 4.58646 2.38589 102.79 94.3916 90.6793 3.71225 8.39892 5.97377 88.4496 80.7953 7.65432 2.64646 77.5388 21.7372 6.64574 55.8016 3.88855 3.25652 3.75853 52.0431 51.027 47.0545 3.60055 43.4539 40.5573 12.9998 2.8966 27.5575
internal_count=9000 4660 4649 1337 4340 4253 4171 82 87 46 4037 3903 134 80 3614 541 394 3073 311 289 231 2842 2787 2752 89 2663 1943 406 720 1537
is_linear=0
shrinkage=0.1


Tree=67
num_leaves=31
num_cat=0
split_feature=14 0 13 17 4 6 15 6 7 9 12 7 9 6 9 8 10 5 18 5 18 8 5 14 5 4 15 6 3 4
split_gain=1.48182 0.970268 0.923605 0.844859 0.896351 1.09083 1.30982 1.09803 0.771169 0.802966 1.63106 1.71444 1.4466 1.54349 1.92909 1.59808 1.56949 3.65734 1.30859 1.35202 1.19858 1.14993 2.88325 2.25664 1.88576 1.88555 3.87735 2.49817 1.85708 1.36755
threshold=0.0061336085200309762 1.0932292549761047e-08 3.0770059823989873 0.11729847301136366 4.2131514129340293e-10 4.6399954205227875e-10 8.9697747171157985e-05 4.5000672162970762e-10 0.083173892660801454 0.059761701696660334 0.26149880886077886 0.066338030479539942 0.045951221641711469 3.0216891344323138e-10 0.043709743396147242 1.5563999887937259e-10 2.8318524360656743 0.02332200920907922 -0.22525835181163115 0.016178777557725316 -0.038371521767906161 9.5474696910363023e-11 0.020678370255060693 0.0099334167316555994 0.014056768694911322 6.1787219171936306e-11 4.5726730604656047e-05 4.2564788057864429e-11 0.12948444150784705 8.1891630747714778e-11
decision_type=2 2 2 2 2 2 2 2 2 2 2 2 2 2 2 2 2 2 2 2 2 2 2 2 2 2 2 2 2 2
left_child=-1 2 3 4 5 7 -7 8 9 10 11 12 13 14 15 16 21 -18 -12 -20 -17 23 -23 25 -25 26 28 -28 -2 -27
right_child=1 -3 -4 -5 -6 6 -8 -9 -10 -11 18 -13 -14 -15 -16 20 17 -19 19 -21 -22 22 -24 24 -26 29 27 -29 -30 -31
leaf_value=-0.10025527444765597 -0.10854100466071454 0.10017006963703656 -0.11985971767721736 -0.10559511821987871 0.070399716389546715 -0.12048908497545463 0.026761627963924117 0.085291571671677086 -0.092611586474645999 0.040792914767488475 0.060651993495242473 -0.11703928683410797 0.049237022513903633 -0.13114224280703571 -0.13761206465716389 -0.022645633170658274 -0.15099341994924015 0.030657301365296454 0.04839275234744362 -0.11758349505815385 0.066097642744347429 0.041195125142123284 -0.064720644659823537 0.060880018213100344 -0.082861384222035678 0.042750501323393066 0.030778366287506909 -0.12434088842145213 0.023414509413546964 -0.018938562321427037
leaf_weight=1.4740184632100852 1.1740224041568605 0.97188074328005214 0.64123154769185831 0.74450122322013967 1.8441073277790554 1.5851756246556754 0.97603638921282243 1.5480159181752231 0.88340573849563853 4.8696181897248598 0.71280783170368511 1.1910757953737618 6.4594391435966818 0.88765939872246136 0.98392249637981777 2.0064081624150276 2.1963696718157726 2.2375512068101671 0.59542869916185681 2.7925792089226888 6.3029635538405255 15.210266247624533 3.0927704872447057 1.0879427125910286 5.6658362925954862 13.275587617179555 1.3609312219195988 4.3783745240216376 11.648961449332999 4.9273519820562788
leaf_count=4415 214 35 76 1162 36 260 27 17 179 198 7 144 86 14 48 25 62 34 40 313 75 348 89 21 126 197 58 324 211 159
internal_value=-0.000706011 0.000729042 -0.000225188 0.000537074 0.00132806 2.89824e-05 -0.0643742 0.0017564 0.000379866 0.00126264 -0.000920159 0.00208315 0.00379473 -4.54566e-05 0.00149485 0.00333043 -0.00185402 -0.0593245 -0.0625031 -0.0884138 0.0446694 0.0022678 0.0232979 -0.00657696 -0.0597066 0.00318297 -0.0192432 -0.0875583 0.0113332 0.0260519
internal_weight=103.726 102.252 101.28 100.639 99.8946 98.0505 2.56121 95.4893 93.9413 93.0579 88.1883 84.0874 82.8964 76.4369 75.5493 74.5653 66.256 4.43392 4.10082 3.38801 8.30937 61.822 18.303 43.519 6.75378 36.7652 18.5623 5.73931 12.823 18.2029
internal_count=9000 4585 4550 4474 3312 3276 287 2989 2972 2793 2595 2235 2091 2005 1991 1943 1843 96 360 353 100 1747 437 1310 147 1163 807 382 425 356
is_linear=0
shrinkage=0.1


Tree=68
num_leaves=31
num_cat=0
split_feature=8 3 0 1 19 3 1 14 8 12 14 7 13 13 1 6 10 7 1 13 0 1 6 13 4 3 17 6 14 0
split_gain=1.40723 1.02337 1.29797 1.59056 0.955123 1.0334 2.17494 0.938329 2.78878 1.19307 1.77229 0.842006 0.811466 1.46771 2.0229 1.65514 1.88131 2.36484 1.44234 1.85487 2.19596 1.42182 1.16047 1.5283 1.27015 1.00642 2.59493 2.81477 2.22208 3.57347
threshold=2.6933140678092355e-11 0.28128680891633029 1.3668484216941307e-09 0.40169510027609628 0.081138364970684065 0.2581013561976726 0.34664293966094989 0.0074233680497854957 4.8170583287444617e-11 0.1575955078005791 0.0084392861463129538 0.023307013231722937 1.4473843574523928 1.7300260066986086 0.28228681232011382 1.3266696285599709e-10 2.5118941068649296 0.056011481304801811 0.34444271008666466 1.8954398632049563 3.2185077658564158e-09 0.35282161359837133 7.6727286713673648e-11 1.8291408419609072 3.9845474935813701e-11 0.15829335726744612 0.088578657670454572 8.96346486321714e-11 0.014971047174185516 4.3515675456957071e-09
decision_type=2 2 2 2 2 2 2 2 2 2 2 2 2 2 2 2 2 2 2 2 2 2 2 2 2 2 2 2 2 2
left_child=1 2 -1 -4 5 6 -2 11 -9 -10 -11 -6 -12 14 15 -14 -17 -18 19 -15 -21 -20 -23 24 -24 26 27 -25 -27 -30
right_child=4 -3 3 -5 7 -7 -8 8 9 10 12 -13 13 18 -16 16 17 -19 21 20 -22 22 23 25 -26 28 -28 -29 29 -31
leaf_value=-0.10955734069537147 0.064016269185676669 -0.35027194482962198 0.07189518653022467 -0.1045925713678094 0.086024561732633342 0.096771350342377091 -0.0745968765235452 -0.12324225110053962 0.091354050583180635 -0.11413248608245455 0.087315186365419933 -0.019427100328099738 -0.14831094298418926 0.054770989204782398 -0.11189796429008364 0.098159671139495641 0.078863265213432288 -0.12783004240103296 -0.12213075871220519 -0.11973172983479104 0.086738065959244548 0.070583478984905232 0.077571476940239442 0.060513312555525445 -0.1136246879653057 0.013369549898779601 0.018571559603172829 -0.11902529606716963 -0.16127228890252809 0.026420868219729245
leaf_weight=1.8958923298923753 3.0344794900447587 0.11613695800770063 1.3249572596396322 0.83087291581614398 2.2522340649156827 2.0672366870567203 1.8055056009325197 1.8878935287357297 1.3952848426415574 1.3833096782764176 1.0509978526970361 1.1406956914288455 0.67736221515224215 9.4538469574326864 2.7315168848581379 1.7610797337838446 0.96526673482731018 1.2977317359618608 0.98508517503796511 1.4482690887089114 0.79948813703958865 2.1818314088159232 0.4190525109879667 1.1190971863397843 2.0335657076357165 40.662265816295985 5.7166465187910944 3.9745433937277994 1.9612432364228869 2.1010139294885448
leaf_count=3312 53 11 64 1273 38 21 72 96 27 168 33 37 39 457 446 23 7 313 117 353 22 54 10 18 161 402 751 396 163 63
internal_value=-0.000702752 -0.0575916 -0.0492023 0.0038755 0.00175923 0.0375868 0.0123081 -0.0010089 -0.00304375 -0.000346108 -0.00189281 0.0505719 1.60012e-05 -0.00112676 -0.0434564 -0.00369211 0.0206512 -0.0396664 0.00319182 0.0353574 -0.046294 -0.00296293 -0.00101192 -0.00370577 -0.0809571 -0.000294073 -0.0276759 -0.0795798 0.00632433 -0.0641967
internal_weight=100.474 4.16786 4.05172 2.15583 96.3065 6.90722 4.83999 89.3993 86.0064 84.1185 82.7232 3.39293 81.3399 80.2889 7.43296 4.70144 4.02408 2.263 72.8559 11.7016 2.24776 61.1543 60.1693 57.9874 2.45262 55.5348 10.8103 5.09364 44.7245 4.06226
internal_count=9000 4660 4649 1337 4340 146 125 4194 4119 4023 3996 75 3828 3795 828 382 343 320 2967 832 375 2135 2018 1964 171 1793 1165 414 628 226
is_linear=0
shrinkage=0.1


Tree=69
num_leaves=31
num_cat=0
split_feature=6 0 13 3 19 4 1 19 15 8 2 18 5 15 17 5 5 1 4 4 13 19 13 1 7 19 19 18 19 19
split_gain=1.24851 0.832591 0.821478 0.740703 0.698649 1.01096 1.81217 1.18814 0.663602 1.58139 1.27173 4.2353 1.9286 1.16444 1.49753 1.09915 1.5448 1.20599 1.98395 1.84969 1.60001 2.02105 1.10917 1.63315 1.79669 1.51918 1.37288 1.22557 1.41497 3.12111
threshold=3.2092717544965038e-11 1.0932292549761047e-08 3.0770059823989873 0.11130558834165355 0.081138364970684065 8.8393878124999871e-11 0.34664293966094989 -0.019422639161348339 8.7874341261340319e-05 4.9222426877209554e-10 1.284952951451406e-09 -0.027880252603526137 0.02332200920907922 7.3046168836299344e-05 0.061012961647727279 0.025167915759458048 0.031339137092293516 0.43270352391915906 1.0512666182450199e-10 9.2338835766804784e-11 2.1197785139083867 0.92688977718353283 1.7300260066986086 0.28228681232011382 0.023307013231722937 1.3782856464385989 0.20787992328405383 0.09531132348770785 0.4174091517925263 0.53867173194885265
decision_type=2 2 2 2 2 2 2 2 2 2 2 2 2 2 2 2 2 2 2 2 2 2 2 2 2 2 2 2 2 2
left_child=-1 2 3 -2 5 6 -5 -8 9 10 13 -12 -13 14 -6 17 -17 18 19 22 -19 -22 23 26 -25 27 -16 28 -24 -30
right_child=1 -3 -4 4 8 -7 7 -9 -10 -11 11 12 -14 -15 15 16 -18 20 -20 -21 21 -23 25 24 -26 -27 -28 -29 29 -31
leaf_value=-0.10203861391762735 -0.10029936706697661 0.10014202685084883 -0.11834947421109697 0.058468397194589773 -0.111106051449211 0.094235081106429031 0.013007017394442353 -0.13977213191048574 0.037766666916328448 -0.12555123335019497 -0.14567339478004454 -0.044583207196601825 0.07359894070544129 0.041073887655994692 -0.13895676328451156 -0.098433397425628844 0.040365072548128038 -0.098113057679989221 0.083380614770273337 -0.12527329131189194 0.031140769275844044 -0.091502016369014311 0.033808670657240844 0.049696859631167427 -0.11087160997742243 -0.07379854518482426 0.029848069977155618 0.05147157222192842 -0.13228973485886564 0.0052387876624022545
leaf_weight=1.2008463000674954 0.72449547611176868 0.83236628584563632 0.58592891501029853 2.9430027981288722 1.2254411456524383 1.8872491835936669 1.0067855515226254 1.0295696351677182 4.1554215127180205 1.0428420094103774 2.5579006763582584 2.9997503114427655 2.5585722602991154 7.0813142391561987 0.53725770651362648 2.4458507728413674 1.1929906753794055 2.5008439604935102 3.3952184315712648 1.0769056016142702 4.6749250467400998 1.8856512581187415 12.560016722913135 0.91002900651074048 2.9751625279750442 1.8515869943803398 4.6669947669870453 8.8542342623404675 1.8753393271035737 13.742316017465781
leaf_count=3564 1317 35 76 43 657 34 31 47 135 412 57 29 22 145 30 238 124 186 36 64 78 161 166 17 389 315 155 106 65 266
internal_value=-0.000706422 0.000564089 -0.000308906 0.000424085 0.00120344 0.0319092 0.00828677 -0.0642373 -0.00122658 -0.00318797 -0.00162357 -0.0391867 0.00981766 0.00252704 -0.00158565 0.000474526 -0.0529285 0.00363395 0.00945441 0.00433725 -0.0300533 -0.00410941 0.00724677 -0.0242028 -0.0732616 0.0145985 0.0124216 0.0190183 0.00882054 -0.0112754
internal_weight=96.9768 95.776 94.9436 94.3577 93.6332 6.86661 4.97936 2.03636 86.7666 82.6111 81.5683 8.11622 5.55832 73.4521 66.3708 65.1453 3.63884 61.5065 52.4451 49.0498 9.06142 6.56058 47.9729 9.08944 3.88519 38.8835 5.20425 37.0319 28.1777 15.6177
internal_count=9000 5436 5401 5325 4008 155 121 78 3853 3718 3306 108 51 3198 3053 2396 362 2034 1609 1573 425 239 1509 591 406 918 185 603 497 331
is_linear=0
shrinkage=0.1


Tree=70
num_leaves=31
num_cat=0
split_feature=6 0 1 12 15 8 1 15 10 9 7 4 15 11 10 15 2 0 13 11 11 6 17 19 15 4 5 3 1 18
split_gain=1.127 0.753981 0.755844 0.719666 0.798705 1.25571 0.730948 1.59203 1.53841 1.78664 1.69274 0.945561 0.850426 2.43762 1.88105 2.2815 1.9804 1.68447 1.41581 1.59967 1.99339 1.26601 1.85864 1.02083 1.08266 2.76257 2.15296 1.66389 1.5492 1.12992
threshold=3.2092717544965038e-11 1.0932292549761047e-08 0.56682763701671257 0.38862882554531103 8.7874341261340319e-05 4.9222426877209554e-10 0.46271310054665876 7.8751196269877269e-05 2.7700606584548955 0.022289276572759819 0.011071454368268807 1.2616679774196232e-10 6.4824242144823088e-05 4.4727723746973433e-09 2.8405240774154668 6.8908062530681504e-05 1.3552877263874558e-09 2.3332892846374769e-09 2.2591099739074711 4.2186221183015968e-09 4.0520642397012815e-09 3.0216891344323138e-10 0.086359197443181837 1.3782856464385989 5.6533646784373566e-05 7.2094684403852551e-11 0.019012693074740541 0.23064939308229335 0.21786094035600728 -0.19307315664958544
decision_type=2 2 2 2 2 2 2 2 2 2 2 2 2 2 2 2 2 2 2 2 2 2 2 2 2 2 2 2 2 2
left_child=-1 2 3 4 5 6 12 8 9 10 -8 -9 13 17 -14 -16 21 18 19 20 23 -17 -23 24 25 29 27 -26 -27 -2
right_child=1 -3 -4 -5 -6 -7 7 11 -10 -11 -12 -13 14 -15 15 16 -18 -19 -20 -21 -22 22 -24 -25 26 28 -28 -29 -30 -31
leaf_value=-0.10187264840290428 -0.12876127757568862 0.10012850821185036 -0.11293544910068626 -0.10828760872633225 0.043875320240513181 -0.12512454869386749 0.077356654259988403 0.089635167835281748 -0.12889890553763997 0.053742847271718977 -0.11512136701089828 -0.025824409680094529 0.0736870726354414 -0.13584696670503191 -0.11701575686415158 0.085416185401084033 -0.046493894080828879 -0.1763183249583396 -0.11948717829344116 0.069142422862420866 -0.13162497678798121 -0.13030200185788016 0.046746002358609144 -0.067858313286962207 -0.12466304745420265 0.096369232351334183 0.053270161357631934 0.01932951757283603 -0.12642953974022353 0.0073105319167029691
leaf_weight=1.0882512656389725 0.62158593587808653 0.75325267110019822 0.59223946335987321 0.60517348681605554 4.1696572467189972 0.80655813892371853 0.58191943751444197 1.5281580308510458 1.9130166412141987 1.8486999233282402 2.1268640289126779 1.3236990485893327 5.1462404654594165 1.3329450021265064 1.4342069656122465 3.9181447569280845 3.2690256157657132 0.53135577734792505 0.93535757045901746 3.5922663800884029 1.1229249907337351 0.81020782445557449 2.2111596810282208 1.9551112900007854 1.3590575841662933 0.35741002671420519 10.039284802289329 1.9596246308647094 2.4613317343901144 33.476518393508755
leaf_count=3564 65 35 168 693 70 277 123 19 125 87 280 34 35 74 83 16 31 40 90 59 65 14 60 661 56 31 127 16 491 1511
internal_value=-0.000699538 0.000487121 -0.000328432 0.000400922 0.00112506 -0.000931807 0.000234896 -0.0262027 -0.0536378 -0.0220468 -0.0737719 0.0360442 0.00345518 -0.00213279 0.0233404 0.00108648 0.0176788 0.000918536 0.00254561 0.00455007 0.000201046 0.0479089 -0.000731068 0.00303526 0.0057922 -0.00303511 0.0301879 -0.0396379 -0.0981792 0.00483003
internal_weight=93.8712 92.783 92.0297 91.4375 90.8323 86.6627 85.8561 9.32236 6.4705 4.55748 2.70878 2.85186 76.5338 59.7448 16.789 11.6427 10.2085 58.4118 57.8805 56.9451 53.3528 6.93951 3.02137 52.2299 50.2748 36.9168 13.358 3.31868 2.81874 34.0981
internal_count=9000 5436 5401 5233 4540 4470 4193 668 615 490 403 53 3525 3286 239 204 121 3212 3172 3082 3023 90 74 2958 2297 2098 199 72 522 1576
is_linear=0
shrinkage=0.1


Tree=71
num_leaves=31
num_cat=0
split_feature=12 0 13 3 11 6 6 14 7 9 15 13 12 3 2 15 8 10 10 7 7 7 19 13 9 7 3 1 12 13
split_gain=1.02627 0.682818 0.702594 0.645783 0.608213 1.53967 1.1416 2.08381 1.17928 1.24487 1.65161 1.99081 1.53467 1.06613 1.37212 1.52992 0.82326 1.99786 1.60823 1.56206 1.88398 1.05387 2.39414 0.790831 1.76176 1.55892 1.59727 1.30539 1.09829 2.09895
threshold=0.12082768604159357 1.0932292549761047e-08 3.0770059823989873 0.11130558834165355 9.3342142903907205e-09 4.6399954205227875e-10 4.393176113555919e-10 0.015696411021053795 0.074135864829022943 0.04947147698335929 6.9993599026929601e-05 1.9927980303764345 0.24583188444375995 0.26873553956328683 1.1702819798301014e-09 7.6111795351607739e-05 1.4541491266683386e-10 2.8318524360656743 2.9349958896636967 0.043484971463041824 0.049496065281165937 0.052900826077674289 0.93559923768043529 1.6759046316146853 0.03477810928529556 0.027992749167745166 0.23563214416823028 0.3126535960205305 0.22326795756816867 1.8408164978027346
decision_type=2 2 2 2 2 2 2 2 2 2 2 2 2 2 2 2 2 2 2 2 2 2 2 2 2 2 2 2 2 2
left_child=-1 2 3 -2 5 6 7 8 9 12 11 -11 16 14 15 -14 17 23 -19 -18 -21 -22 -23 24 25 26 -5 -25 -29 -30
right_child=1 -3 -4 4 -6 -7 -8 -9 -10 10 -12 -13 13 -15 -16 -17 19 18 -20 20 21 22 -24 27 -26 -27 -28 28 29 -31
leaf_value=-0.10329329029740063 -0.1002587441996486 0.10011627380229569 -0.11592653711392037 0.046006470887086162 0.038017019678940264 -0.10393700462104849 0.075842074561625381 -0.12892149794612359 -0.095498555184470035 0.037359183743519229 0.099859189610562421 -0.12059096309133024 -0.075406559540042759 0.084914811389664835 -0.21202029623877508 0.10033454366747235 0.072432291196056875 -0.1475522673026427 0.038734253682086134 -0.13539358228302187 0.072486016981091042 -0.1647401983333413 0.041341306340522313 0.05768070887596171 0.037110368577435021 -0.12595366899194568 -0.16536327761274944 0.0058020672782884185 0.021727136782415311 -0.13113561369097623
leaf_weight=0.96450736335827869 0.6336813354791947 0.68165024369954963 0.52290067043213539 1.5000290281750484 4.2374905506367204 1.4232563788173127 1.9871725395350939 1.2513213421989338 1.2429095301267796 3.8885764248843762 2.9321537618525326 1.004009275784483 3.2782279144885247 0.489033993333578 0.59473359864205111 0.58353739161975671 4.5270466149086115 1.6183869716114707 0.64938248216640193 0.94314507962553751 2.0873769518220797 0.81762307684402946 1.8154087657167108 4.4679728090122799 2.4451258657791186 2.2702561654805322 0.46938431129092339 37.947904962529719 1.8621158982277841 1.7353578884503802
leaf_count=3888 1340 35 75 224 125 581 51 277 287 98 12 62 256 3 7 3 39 63 7 24 19 23 47 53 80 224 12 961 40 84
internal_value=-0.000689936 0.000410773 -0.00035094 0.000330376 0.00105414 -0.000814246 0.000966768 -0.000883372 0.00114034 0.0026817 0.0405128 0.00494618 -0.00154098 -0.0552459 -0.0706264 -0.048851 0.00253535 -0.00230462 -0.0942086 0.0286411 -0.00636247 0.0194182 -0.0226522 0.0016503 -0.0304894 -0.0694759 -0.00437079 0.00631954 0.000795937 -0.0520112
internal_weight=90.8717 89.9072 89.2255 88.7026 88.0689 83.8314 82.4082 80.421 79.1697 77.9268 7.82474 4.89259 70.102 4.94553 4.4565 3.86177 65.1565 54.9659 2.26777 10.1906 5.66355 4.72041 2.63303 52.6981 6.6848 4.23967 1.96941 46.0134 41.5454 3.59747
internal_count=9000 5112 5077 5002 3662 3537 2956 2905 2628 2341 172 160 2169 269 266 259 1900 1748 70 152 113 89 70 1678 540 460 236 1138 1085 124
is_linear=0
shrinkage=0.1


Tree=72
num_leaves=31
num_cat=0
split_feature=6 3 10 19 1 0 4 9 12 18 18 8 3 17 17 2 0 12 15 6 17 19 6 10 11 8 3 15 11 1
split_gain=0.957074 0.66043 0.783935 0.76628 0.632884 1.4081 1.3639 1.31074 1.06323 2.10021 1.43741 0.911233 1.36381 0.843341 0.895021 0.698663 2.53922 0.900384 1.38343 1.00041 1.80754 0.889853 0.797818 0.607533 1.72457 1.60796 1.71339 1.59567 1.81536 1.24925
threshold=3.2092717544965038e-11 0.26873553956328683 3.0036572217941289 0.40244750678539282 0.46596260971689274 3.4849725092769598e-09 7.4930779783466234e-11 0.023347740520602393 0.20760919153690341 -0.14715171630748292 0.23043419094756248 1.644976858771385e-10 0.19926523179965075 0.061012961647727279 0.062389026988636374 1.3552877263874558e-09 3.2185077658564158e-09 0.33377218246459966 6.8908062530681504e-05 3.0216891344323138e-10 0.086359197443181837 1.9714323878288271 7.6727286713673648e-11 2.8233417272567753 4.368922557063116e-09 1.5969019432591396e-10 0.16254192448884761 6.4824242144823088e-05 4.4727723746973433e-09 0.24467344969086627
decision_type=2 2 2 2 2 2 2 2 2 2 2 2 2 2 2 2 2 2 2 2 2 2 2 2 2 2 2 2 2 2
left_child=-1 4 3 -3 13 6 7 -6 11 -10 -11 12 -7 -2 -15 17 -17 18 21 -20 -21 23 -19 27 25 29 -27 28 -16 -25
right_child=1 2 -4 -5 5 8 -8 -9 9 10 -12 -13 -14 14 15 16 -18 22 19 20 -22 -23 -24 24 -26 26 -28 -29 -30 -31
leaf_value=-0.10185987927376512 -0.086623572092084794 0.039388328671551731 0.085644261537467459 -0.038494063368401214 -0.11051121846406775 0.052316826774097006 -0.12034466404883176 0.059545011111153269 0.096345800969855733 -0.13549367726641556 0.071040589384388786 0.10022508735954838 -0.11644787763582079 0.067205164116342461 0.0045149472344468257 -0.1395438986043708 0.056181269963869254 0.10098247216413465 0.081922168039541443 -0.12408959893725641 0.046954450222187583 -0.10554765295600897 -0.11207781464899752 0.10145486430629105 -0.12085780245092262 -0.1041844707610987 0.037599298944963853 0.087886678239375349 -0.14026990006207496 -0.11842279772650546
leaf_weight=0.92503169472911295 1.0738176431332238 3.3565676800790234 1.8427864467885227 2.0257254715688759 0.74167425898485628 1.518662930873689 2.356024436034204 1.1654753010807324 0.80320949364249861 1.6716893025732136 0.42204878671327595 1.4896613178716505 0.6993505527061642 2.0847307054355033 40.351765064879146 1.4403055409638903 1.2279485168692188 0.20843712985515495 3.7073217856232068 0.80514933366794172 2.6556787101435475 0.80051785710384038 1.1207693909163934 0.30579215288162043 1.4826270273915714 0.991102949999913 6.0867554297583411 2.2500632681185371 0.88498851226176967 1.6671213159715987
leaf_count=3564 560 28 41 26 153 108 374 58 16 137 12 23 28 44 1447 27 23 1 21 16 83 361 1104 1 106 349 130 17 26 116
internal_value=-0.000677707 0.000395185 0.0293499 0.0100759 -0.0022194 -0.0246526 -0.0694553 -0.00658841 0.00426675 -0.0411243 -0.0938612 0.0397325 -0.000895514 0.00130653 0.00269362 0.000655481 -0.0494699 0.00276779 0.00451397 0.0458273 0.00716166 -0.000888008 -0.0786671 0.000662928 -0.0208848 -0.004508 0.0177455 0.00588223 0.0014077 -0.0843428
internal_weight=88.1628 87.2378 7.22508 5.38229 80.0127 10.8678 4.26317 1.90715 6.60462 2.89695 2.09374 3.70767 2.21801 69.1449 68.0711 65.9863 2.66825 63.3181 61.9889 7.16815 3.46083 54.8207 1.32921 54.0202 10.5334 9.05077 7.07786 43.4868 41.2368 1.97291
internal_count=9000 5436 95 54 5341 909 585 211 324 165 149 159 136 4432 3872 3828 50 3778 2673 120 99 2553 1105 2192 702 596 479 1490 1473 117
is_linear=0
shrinkage=0.1


Tree=73
num_leaves=31
num_cat=0
split_feature=8 0 1 10 19 3 19 8 4 15 10 9 14 6 14 8 8 13 8 14 5 8 19 2 19 19 14 19 9 5
split_gain=0.86846 0.854658 1.77024 0.687742 0.685545 0.828426 1.03601 0.759799 1.49798 1.79415 1.21281 0.892217 1.21038 0.869642 2.1184 1.44999 1.26376 2.35541 2.0707 1.60242 1.59417 2.43175 1.53254 1.41705 1.17764 1.08772 1.19933 1.01602 1.63047 1.76398
threshold=2.6933140678092355e-11 1.3668484216941307e-09 0.40169510027609628 2.2946881055831914 0.081138364970684065 0.16899894821718933 0.075370561331510558 5.7192079501413445e-11 6.2392824022156995e-11 5.6987175412359654e-05 2.3232105970382695 0.011361432564754881 0.0086193983443081396 8.7211150636782292e-11 0.008920909836888315 6.2602777934758814e-11 8.2701896636393529e-11 1.7093562483787539 8.7803373947115351e-11 0.0099334167316555994 0.017918944108549457 9.7422506731543176e-11 0.25700248777866369 5.5261192454609023e-10 0.096259508281946196 0.38793949782848364 0.0096038626506924647 0.56920579075813305 0.030091520688683353 0.019127594541364975
decision_type=2 2 2 2 2 2 2 2 2 2 2 2 2 2 2 2 2 2 2 2 2 2 2 2 2 2 2 2 2 2
left_child=1 -1 -3 -2 5 6 -5 8 10 -10 -6 -9 -13 -14 -15 -16 17 -17 -18 -19 22 -22 24 -23 -20 -24 -27 -25 29 -29
right_child=3 2 -4 4 7 -7 -8 11 9 -11 -12 12 13 14 15 16 18 19 20 -21 21 23 25 27 -26 26 -28 28 -30 -31
leaf_value=-0.11010297255718399 0.066569812483896151 0.069713954734762759 -0.13177094220283467 -0.11692895347485871 0.079571877432578278 0.050820629320836919 0.097416292709970931 0.10033074699732969 0.055052627123889392 -0.091703947594362165 -0.13066173055026806 -0.11333495348834598 0.051045365427710987 -0.14578217747153832 -0.13898952693250968 -0.10826365215511842 -0.1307616160203155 0.059974909500838613 0.094178417022196065 -0.039999522693683717 -0.13805662257717505 -0.074897947833190939 0.085554438781569389 0.026710837003892332 -0.14300037050853978 -0.12026232034294321 0.026121936441057664 0.027534475434695095 -0.0015401904118900467 -0.13277810992708675
leaf_weight=1.4052517306845396 1.5856215834792227 1.1500347083347149 0.70238327109836962 0.70079152421385404 0.31963366048876141 4.7615684855118161 0.33247670176206157 0.88286503445124154 2.339423791476293 1.2937111321080008 1.9391202670522032 0.94330695887037919 3.2684163205994983 1.0063190779183049 0.73691624333150585 1.1212149471684814 1.2779080281325139 9.7252388743218017 0.27434123144485301 1.9197066676279053 1.5203055007877981 2.9092223181141916 3.0789993859580127 8.7301166951147042 0.88361143771908246 0.58916893342393351 11.187564440591812 1.0181677104556031 15.956636275368508 2.1062288694301969
leaf_count=3315 70 68 1277 68 11 69 3 26 33 49 143 138 58 104 18 55 86 137 7 39 84 1220 62 201 84 40 569 20 880 66
internal_value=-0.000654082 -0.0512951 -0.00668329 0.00134779 6.824e-05 0.0332074 -0.0479587 -0.00249128 -0.036963 0.00279456 -0.100912 0.000446446 -0.000845569 0.000730897 -0.00183694 0.000461052 0.00211059 0.0301654 -0.00512009 0.0434938 -0.00179276 -0.0146026 0.0239975 -0.00849302 -0.0868082 0.0326344 0.0187986 -0.00154664 -0.0144752 -0.080536
internal_weight=85.6663 3.25767 1.85242 82.4086 80.823 5.79484 1.03327 75.0281 5.89189 3.63313 2.25875 69.1363 68.2534 67.3101 64.0417 63.0353 62.2984 12.7662 49.5323 11.6449 48.2544 32.2407 16.0137 30.7204 1.15795 14.8557 11.7767 27.8111 19.081 3.1244
internal_count=9000 4660 1345 4340 4270 140 71 4130 236 82 154 3894 3868 3730 3672 3568 3550 231 3319 176 3233 2471 762 2387 91 671 609 1167 966 86
is_linear=0
shrinkage=0.1


Tree=74
num_leaves=31
num_cat=0
split_feature=6 5 12 6 10 4 11 0 11 19 14 13 11 8 3 17 7 4 5 2 4 14 10 6 1 13 14 7 3 13
split_gain=0.778629 0.586006 0.552746 0.581958 1.05314 0.497827 1.0964 0.547172 1.028 0.624423 1.49724 0.957092 1.1138 1.06779 1.26938 1.06869 1.06213 1.04444 0.932847 0.921126 0.875651 0.837171 1.098 2.41548 1.05755 1.81465 1.26222 0.849219 0.753116 0.708063
threshold=3.2092717544965038e-11 0.084831120577947297 0.38862882554531103 8.1922802388417943e-10 3.3595455884933476 3.1949084047744643e-11 1.4366463574333468e-09 5.9129026982450308e-10 1.6050840656589573e-09 0.30374549329280859 0.014054949861019852 1.8140041232109072 2.7883811926088246e-09 1.1597779111272722e-10 0.14441785903580653 0.092529296875000014 0.022153851083494401 6.6662515671894568e-11 0.031894260447006412 3.235698024670763e-10 4.3442896558558373e-11 0.01173647725954652 2.6740026473999028 1.2869221932154681e-10 0.34327248488940276 1.8291408419609072 0.0091922651045024412 0.01173659285648594 0.20106954189758516 1.8563252687454226
decision_type=2 2 2 2 2 2 2 2 2 2 2 2 2 2 2 2 2 2 2 2 2 2 2 2 2 2 2 2 2 2
left_child=-1 2 3 4 5 -2 -7 -8 -9 10 21 12 13 14 16 17 -11 19 20 -16 -13 22 24 -24 -10 27 28 -26 -27 -22
right_child=1 -3 -4 -5 -6 6 7 8 9 11 -12 18 -14 -15 15 -17 -18 -19 -20 -21 29 -23 23 -25 25 26 -28 -29 -30 -31
leaf_value=-0.10164693736613953 0.059450639921515849 0.10008281085902382 -0.10613198650697842 0.060438316682614006 -0.12249790822468697 -0.13265225748906451 0.07332150637852565 -0.12490988519107363 0.058944584249033628 0.050838377086602909 -0.12330863106370867 -0.1101138149987565 -0.11050411296490151 -0.11011267999525282 0.10117040214345385 0.081459979620949044 -0.12085182449093652 0.068298913429742175 -0.11530160999420561 -0.11201736280651849 0.034075351771650796 0.071935175488049327 0.052352238261094468 -0.13149883432597728 0.091235964320453333 -0.0009468964873869147 -0.070296257137306487 -0.1291674645369103 0.096848560583235405 -0.0010495728954588801
leaf_weight=0.75639132085052452 1.3885413032839995 0.58412022422999044 0.49179640866350283 1.5729343576822419 0.7069262871373202 0.62708063433819816 1.007584120336104 0.66218582207511545 5.3488993699284091 0.50149476676597071 0.73174199998902523 0.68358180942595836 1.6096288448097764 1.0738968412115353 0.24738886952400241 1.986028716957662 1.2799527240567838 0.8374988405703333 0.68450446067436033 1.1212637233693383 6.6751401537330812 2.8765597137098657 1.3844568775093642 1.4769928266468921 0.202818856894737 1.2788457278657008 0.97129980463068921 1.2661964491853721 2.0493414089141879 40.925110623640649
leaf_count=3564 106 35 700 126 137 309 63 127 85 198 85 87 547 283 1 29 164 61 44 113 144 76 21 68 41 45 45 135 16 1545
internal_value=-0.000650929 0.000277812 -0.000436016 0.000204317 -0.000985862 0.000102886 -0.000960297 0.00011383 -0.000858336 0.000233837 0.016727 -0.00479983 -0.0354505 -0.0183085 -0.00180458 0.0282453 -0.0725194 -0.0196597 0.000618922 -0.0734829 0.00226229 0.0228063 0.0126966 -0.0425461 0.0269153 -0.00278424 0.0300003 -0.0987376 0.059271 0.00387611
internal_weight=83.0102 82.2538 81.6697 81.1779 79.605 78.898 77.5095 76.8824 75.8748 75.2126 17.5872 57.6255 8.65715 7.04752 5.97363 4.19218 1.78145 2.20615 48.9683 1.36865 48.2838 16.8554 13.9789 2.86145 11.1174 5.7685 4.29949 1.46902 3.32819 47.6003
internal_count=9000 5436 5401 4701 4575 4438 4332 4023 3960 3833 617 3216 1396 849 566 204 362 175 1820 114 1776 532 456 89 367 282 106 176 61 1689
is_linear=0
shrinkage=0.1


Tree=75
num_leaves=31
num_cat=0
split_feature=3 5 11 2 13 9 6 19 14 13 1 13 17 13 1 2 3 12 19 6 19 1 13 19 14 9 19 0 12 12
split_gain=0.722195 0.572666 0.632093 0.609343 0.549693 1.59186 1.41729 1.06494 0.835064 0.844207 0.6712 2.50687 2.1725 1.08273 1.38686 1.1344 1.01152 0.822377 2.18318 2.33356 1.58495 1.44514 1.92782 1.25435 2.358 2.32234 2.52528 1.50813 1.28213 1.02934
threshold=0.11130558834165355 0.047348086419355652 1.1798658494655003e-08 1.5833280982675394e-09 1.6759046316146853 0.03477810928529556 1.8030864153540318e-10 -0.084685362875461564 0.0074233680497854957 1.6502747535705569 0.34444271008666466 1.8954398632049563 0.08116566051136366 1.7893038988113406 0.35282161359837133 1.2040899958758809e-09 0.13270509417196952 0.22048480063676837 0.87156164646148693 2.3433171138372797e-10 0.54563087224960338 0.40824111603263397 1.889845132827759 1.1106344461441042 0.0096562374383211153 0.021782408746809947 0.5255679488182069 1.7859179492744023e-09 0.17175176739692691 0.2277057692408562
decision_type=2 2 2 2 2 2 2 2 2 2 2 2 2 2 2 2 2 2 2 2 2 2 2 2 2 2 2 2 2 2
left_child=-1 2 4 -3 5 7 -7 -2 9 -9 11 12 -6 15 -15 -12 -14 21 19 -19 -21 -16 -23 25 -25 26 28 -28 -24 -22
right_child=1 3 -4 -5 10 6 -8 8 -10 -11 13 -13 16 14 17 -17 -18 18 -20 20 29 22 23 24 -26 -27 27 -29 -30 -31
leaf_value=-0.10015861014406265 0.075449408433003309 -0.048432247965976095 -0.098662633035997788 0.086012030667779751 -0.11739979815372464 0.051381962138020182 -0.10947367128453418 -0.1063352943998167 -0.1264787613679271 0.052211920050145147 -0.087001622297049094 -0.11799670023622588 -0.050412847322988709 -0.12329314141185066 0.039106410936683489 0.081461062182835275 0.059485356954003088 -0.10644990722845214 0.011156417292546668 0.066336054906735817 0.098635199304630869 -0.12408130322779541 0.054272643324206664 0.064089797132425463 -0.13134379222902964 0.053349186961608813 0.038699764721908024 -0.14603194634633801 -0.050053421529665444 -0.12318451258390065
leaf_weight=0.72256860698689607 0.4487324072106279 0.43945889733731647 0.6577816879216688 1.4475439228117464 0.83730378666950755 2.9851722432067622 0.6708482465292035 0.66424703167285704 2.1715815389034105 0.67927850726118777 2.533422998800233 1.138105339516186 0.91715624804783047 0.88021720267351966 12.975574287804191 0.47460478735592904 9.6445477316228772 4.0888004752196165 13.871368261163296 1.8824507206372803 0.26309047522954632 1.2507572743634252 3.2637822198812518 0.97796643136825823 1.6743638474581528 7.8539273899514228 0.56786799870315041 1.9927633079933 1.8433132853242566 1.021278150812577
leaf_count=2952 59 68 62 61 52 95 204 2243 215 55 295 254 147 83 173 10 242 195 706 61 2 124 113 86 129 80 12 90 47 85
internal_value=-0.000632273 0.000265343 -0.00104772 0.0547017 -0.00021999 -0.0257255 0.0218663 -0.0696216 -0.0881411 -0.0261748 0.0025583 0.0235206 0.0376501 -0.00201898 0.00120993 -0.0604217 0.049942 0.00325729 -0.0120925 -0.0565401 0.00790026 0.0132663 -0.00399467 0.00426985 -0.0592836 0.0151298 -0.0240177 -0.105064 0.016618 -0.0777469
internal_weight=80.8399 80.1173 78.2303 1.887 77.5725 7.61986 3.65602 3.96384 3.51511 1.34353 69.9527 12.5371 11.399 57.4155 54.4075 3.00803 10.5617 53.5273 21.127 7.25562 3.16682 32.4003 19.4247 18.174 2.65233 15.5217 7.66773 2.56063 5.1071 1.28437
internal_count=9000 6048 5919 129 5857 2871 299 2572 2513 2298 2986 695 441 2291 1986 305 389 1903 1049 343 148 854 681 557 215 342 262 102 160 87
is_linear=0
shrinkage=0.1


Tree=76
num_leaves=31
num_cat=0
split_feature=6 3 9 9 1 15 11 9 10 12 18 18 17 17 8 2 14 17 15 2 14 6 3 11 15 4 2 5 17 12
split_gain=0.657805 0.500713 0.671394 1.67301 0.529303 1.16167 0.867948 1.19664 1.22456 0.783459 1.65311 1.23402 0.674205 0.709173 0.618965 0.82265 0.61798 2.05408 1.92712 2.44989 0.90339 1.53217 0.942493 0.808581 3.03447 1.89874 1.67116 1.66622 1.17365 1.31935
threshold=3.2092717544965038e-11 0.26873553956328683 0.028536792228194451 0.018449757644382354 0.46596260971689274 7.8751196269877269e-05 5.9544822406110151e-09 0.022289276572759819 2.7774140834808354 0.20760919153690341 -0.14494039713330989 0.23043419094756248 0.061012961647727279 0.062389026988636374 1.644976858771385e-10 6.4415356855347801e-10 0.014971047174185516 0.09288441051136366 7.3046168836299344e-05 1.284952951451406e-09 0.014597722794860603 2.5613587413607684e-10 0.24143731157644441 3.4400251536226283e-09 5.3813035265193328e-05 6.7383665566548002e-11 7.9404975484700696e-10 0.014918839972720083 0.077658913352272749 0.18740519881248477
decision_type=2 2 2 2 2 2 2 2 2 2 2 2 2 2 2 2 2 2 2 2 2 2 2 2 2 2 2 2 2 2
left_child=-1 4 3 -3 12 6 7 -6 -9 14 -11 -12 -2 -14 15 -7 18 -18 19 20 21 23 -23 24 26 27 28 -25 29 -15
right_child=1 2 -4 -5 5 9 -8 8 -10 10 11 -13 13 16 -16 -17 17 -19 -20 -21 -22 22 -24 25 -26 -27 -28 -29 -30 -31
leaf_value=-0.10166926361530799 -0.084104845774563716 0.045404567038482141 0.065557169274705979 -0.10023008091565484 -0.10889781374998038 0.099653378956759076 -0.12777280209266612 0.067408918686751973 -0.11200394649833148 0.095773567139615934 -0.12832422801396001 0.078321562612877871 0.065061683088884395 -0.0017101128302539248 0.10083084089254959 -0.065705905598930262 -0.16197809464986673 -0.0012666163709535306 0.07815852420608134 -0.18636328720364848 0.087474163142125541 -0.11064445490204076 0.10112578357468625 0.034265100012541821 -0.12908250884489761 0.032908695475912894 -0.14198547887677057 -0.13555555846725439 0.014763607700391024 -0.12022491487863891
leaf_weight=0.63928896706056448 0.91362050571478803 2.497512824251316 2.646924659544311 1.1529426937922833 1.2306999194297517 0.50058266434643905 1.3599071334465405 1.3727831541036719 0.52626635582782899 0.72664557023381382 1.3513687853555891 0.36758681888022682 1.7562886674568279 2.6757315168397424 1.1951690673595292 0.75404387677554041 0.99077205103821953 4.0307294590238598 3.2656745202839366 0.70385206257924338 1.1933459101492179 1.7871987174439703 0.23816527426242817 1.0046890837547864 1.9069430671588623 15.269700080039909 0.78914070967584748 1.3596741287474285 22.285211128997616 1.4474542356765594
leaf_count=3564 560 36 27 32 399 10 85 68 84 16 129 7 44 280 21 90 41 1407 16 11 61 291 1 42 114 216 34 110 1141 63
internal_value=-0.000648305 0.000187155 0.0272119 -0.000591995 -0.00220971 -0.024333 -0.0610705 -0.0320877 0.0176899 0.00935973 -0.0306796 -0.0841344 0.00115988 0.00244313 0.0493305 0.000270693 0.000577495 -0.0329759 0.00370189 -0.00109767 0.00151255 -0.000591092 -0.0857421 0.00309883 -0.00713929 0.0199965 0.00141071 -0.0633936 0.0056957 -0.043315
internal_weight=77.9399 77.3006 6.29738 3.65046 71.0032 9.38505 4.48966 3.12975 1.89905 4.8954 2.4456 1.71896 61.6182 60.7046 2.4498 1.25463 58.9483 5.0215 53.9268 50.6611 49.9573 48.7639 2.02536 46.7385 29.1045 17.6341 27.1975 2.36436 26.4084 4.12319
internal_count=9000 5436 95 68 5341 909 636 551 152 273 152 136 4432 3872 121 100 3828 1448 2380 2364 2353 2292 292 2000 1632 368 1518 152 1484 343
is_linear=0
shrinkage=0.1


Tree=77
num_leaves=31
num_cat=0
split_feature=3 5 14 13 9 6 19 14 13 1 10 19 0 3 15 13 2 18 11 3 9 4 11 1 5 11 6 5 0 17
split_gain=0.62853 0.534089 0.565727 0.512308 1.36449 1.21725 0.958198 0.752869 0.695908 0.657943 0.745901 0.579185 0.937774 1.29803 0.964455 0.699269 0.522156 1.48763 1.98216 1.48853 1.0495 0.774597 0.730946 0.519266 1.31421 0.962015 1.07156 1.05632 1.36773 0.953537
threshold=0.11130558834165355 0.047348086419355652 0.021116474643349651 1.6759046316146853 0.03477810928529556 1.8030864153540318e-10 -0.084685362875461564 0.0074233680497854957 1.6502747535705569 0.26907418648592912 2.4830547571182255 0.14124003797769549 1.1363449953732448e-09 0.2581013561976726 5.2035087719559676e-05 1.8360107541084292 1.3552877263874558e-09 0.13552147542676807 7.4677113381937959e-09 0.26873553956328683 0.024994989920100377 2.4012011199428724e-10 1.0378115700149239e-08 0.46271310054665876 0.017707269283172015 5.169860761711221e-09 3.0216891344323138e-10 0.025167915759458048 2.7365947172483282e-09 0.086359197443181837
decision_type=2 2 2 2 2 2 2 2 2 2 2 2 2 2 2 2 2 2 2 2 2 2 2 2 2 2 2 2 2 2
left_child=-1 2 3 4 6 9 -2 8 -8 -6 -11 12 -5 14 15 -14 21 18 19 -18 -20 22 23 25 -25 27 -27 -13 -29 -28
right_child=1 -3 -4 11 5 -7 7 -9 -10 10 -12 16 13 -15 -16 -17 17 -19 20 -21 -22 -23 -24 24 -26 26 29 28 -30 -31
leaf_value=-0.10014493761885701 0.072276197547425688 0.054629658694610686 -0.10796252160623057 0.09125941727246005 0.074530833571853847 -0.10894257534209306 -0.1055561257053209 -0.12517583958855735 0.046711709250832192 0.10124281960721948 -0.10810339428879212 0.00269128380016442 -0.06224759757435664 0.078574268851748993 -0.11597475076141567 0.055499760306099002 -0.1797282195357692 0.074292418781315997 -0.063606772041853443 -0.030412838365958202 0.069926546847336013 0.079403868083148296 -0.12789297418418105 0.011939157604141395 -0.091735612210923315 0.074414321926288413 -0.11795814596580995 -0.12217891889945892 0.10162765793877987 0.024780932859341964
leaf_weight=0.62962156606226827 0.42495261874864443 1.7596127171418618 0.49227188766962982 1.8355146778703773 2.1237841110560121 0.61445474041465775 0.56795474059254381 1.9984230063346329 0.63654263183707371 0.2623176872730254 0.48464134636742529 37.765455981989362 0.86927201042999591 1.6350973459193481 0.94207447427470459 1.2014662419460362 1.4385475332892377 1.1579374545253811 1.008317673331476 1.2458807015791533 1.4139048642828127 1.2777638479601581 0.43905002197425247 3.1386410009654346 2.0029793706598866 3.8458569328795411 0.61067085526883635 1.3712996592803381 0.34094759821891774 2.0032880527360248
leaf_count=2952 59 129 441 24 36 191 2243 215 55 1 58 1474 29 12 110 20 33 9 36 18 20 14 13 191 218 33 14 258 1 93
internal_value=-0.000648955 0.000187325 -0.00112229 -0.000398417 -0.0258881 0.0187976 -0.0688165 -0.0875362 -0.0250869 0.0461392 -0.034585 0.00236782 0.0307397 0.00683979 -0.0320916 0.00607078 -0.000746736 -0.0280431 -0.0512478 -0.110429 0.0143396 0.00249216 0.000584584 0.00168891 -0.0284486 0.00506209 0.0408365 -0.000791754 -0.0776139 -0.00856565
internal_weight=75.5385 74.9089 73.1493 72.657 7.11307 3.4852 3.62787 3.20292 1.2045 2.87074 0.746959 65.544 6.48342 4.64791 3.01281 2.07074 59.0605 6.26459 5.10665 2.68443 2.42222 52.796 51.5182 51.0791 5.14162 45.9375 6.45982 39.4777 1.71225 2.61396
internal_count=9000 6048 5919 5478 2858 286 2572 2513 2298 95 59 2620 195 171 159 49 2425 116 107 51 56 2309 2295 2282 409 1873 140 1733 259 107
is_linear=0
shrinkage=0.1


Tree=78
num_leaves=31
num_cat=0
split_feature=3 5 5 12 6 10 9 12 7 4 11 2 13 13 19 13 1 11 2 18 18 5 14 3 15 14 9 9 11 7
split_gain=0.568628 0.472124 0.458934 0.435723 0.474905 0.810301 0.500768 0.597 0.922882 0.575624 0.535257 0.744642 0.520576 1.02813 0.544803 0.792945 0.717297 1.9444 0.805507 0.594212 1.69557 1.62048 1.85185 1.6987 1.81142 1.1216 0.860473 1.05973 1.24038 2.29217
threshold=0.11130558834165355 0.084831120577947297 0.012768804859852987 0.38862882554531103 8.1922802388417943e-10 3.3595455884933476 0.0056958692673071167 0.14241629838943484 0.015044872263472469 3.1949084047744643e-11 1.4820326632580818e-09 2.4210059994477081e-10 1.4512054920196535 1.5653200149536135 0.30374549329280859 1.6416613459587099 0.40080593746068355 3.7619327653004583e-09 1.2428779649837995e-09 0.09531132348770785 0.08444426602429965 0.021396906305822 0.013629739638417961 0.20682057031815496 5.1704391808016232e-05 0.0091922651045024412 0.012404534273548547 0.016414564549501472 3.4400251536226283e-09 0.039315532420498081
decision_type=2 2 2 2 2 2 2 2 2 2 2 2 2 2 2 2 2 2 2 2 2 2 2 2 2 2 2 2 2 2
left_child=-1 2 -2 4 5 6 -4 -8 -9 -10 11 -11 -12 -14 16 -16 -15 -18 -19 20 26 23 -23 24 25 -21 -17 -28 29 -29
right_child=1 -3 3 -5 -6 -7 7 8 9 10 12 -13 13 14 15 19 17 18 -20 21 -22 22 -24 -25 -26 -27 27 28 -30 -31
leaf_value=-0.10013125513626585 -0.10337387030504991 0.10006730371777246 -0.10368877334862969 -0.10671411473546376 0.059045369268626836 -0.11777961612420924 0.080143290334869832 -0.096233704539708254 0.073941298208317824 0.05399649920626079 0.087335228391358447 -0.13017825194484711 -0.10886707103815813 0.035198647525553642 -0.10918696826575812 -0.116280196053758 -0.13697977356437571 0.065739195965697661 -0.033390648411693785 -0.11120670864930547 -0.16019375150883883 -0.12630127652646633 0.042218629490727563 0.078279527003833824 -0.06930179549792255 0.071646086694942615 0.048089378604330199 -0.12199456816886181 0.0043241447498915024 -0.009579135995069217
leaf_weight=0.56977905055100464 0.4309948155823794 0.46992453187703986 0.45797009627858543 0.37972276535219762 1.3679736316116748 0.58368010501726431 0.9454749537690067 0.97954525046225072 1.0803166517871421 0.32150989503133931 0.69857211476482817 0.69207412122341339 0.84759021535864931 9.3811904449903505 0.69135633542828046 0.67918856056348786 0.99137192437774402 1.88088051910745 1.4529017620152442 0.38508315458602593 0.71611884035519224 1.48855289871426 1.1604241283712324 4.8328690466005355 2.3475411267572781 2.6028911247485667 3.6864729783846988 2.4588790468915267 22.162333151285566 6.9141014957494917
leaf_count=2952 593 35 2133 441 77 113 27 65 22 7 15 47 141 222 130 28 55 42 22 36 35 109 104 31 297 95 73 123 575 355
internal_value=-0.000619427 0.000156352 -0.000490194 0.00012408 0.000689052 -0.000444269 0.000536135 0.00122394 0.000133885 0.00153293 0.000354711 -0.0717578 0.0014727 0.000545342 0.00199817 -0.00283276 0.0196655 -0.0140258 0.0225372 -0.00134536 -0.00783191 0.0171856 -0.0524786 0.0353339 -0.00356586 0.0480804 -0.00479273 -0.0026429 -0.0085735 -0.0390699
internal_weight=73.6573 73.0875 72.6176 72.1866 71.8069 70.4389 69.8552 69.3972 68.4518 67.4722 66.3919 1.01358 65.3783 64.6797 63.8322 50.1258 13.7063 4.32515 3.33378 49.4345 36.6171 12.8174 2.64898 10.1684 5.33552 2.98797 35.901 35.2218 31.5353 9.37298
internal_count=9000 6048 6013 5420 4979 4902 4789 2656 2629 2564 2542 54 2488 2473 2332 1991 341 119 64 1861 1189 672 213 459 428 131 1154 1126 1053 478
is_linear=0
shrinkage=0.1


Tree=79
num_leaves=31
num_cat=0
split_feature=3 0 12 12 7 9 1 0 0 9 18 12 18 7 14 11 6 10 3 10 14 14 14 6 8 3 6 4 17 13
split_gain=0.514274 0.42905 0.507808 0.630314 0.88957 0.538616 0.476149 1.06068 1.16391 0.988272 0.81097 1.23486 0.757775 0.577305 0.730286 1.58805 1.28959 1.00083 1.13879 1.82945 0.96444 1.07307 1.9834 2.52503 1.19975 1.24874 0.915158 0.898109 2.08341 1.19042
threshold=0.11130558834165355 1.0932292549761047e-08 0.13520012050867083 0.14241629838943484 0.015044872263472469 0.0065625171693628912 0.46271310054665876 3.4849725092769598e-09 2.653033455802711e-09 0.023347740520602393 -0.14715171630748292 0.20760919153690341 0.032520372484048661 0.018403269307602731 0.008920909836888315 3.7252364526452202e-09 9.542060861123681e-11 2.6525491476058964 0.14931227331480049 2.5563079118728642 0.0095454859547317045 0.0097713051363825815 0.010557078756392004 1.1179198639298174e-10 1.1395224415956523e-10 0.23064939308229335 1.002037080987366e-10 6.2392824022156995e-11 0.08116566051136366 1.5795167684555056
decision_type=2 2 2 2 2 2 2 2 2 2 2 2 2 2 2 2 2 2 2 2 2 2 2 2 2 2 2 2 2 2
left_child=-1 2 -2 -4 5 -5 13 8 9 -8 -9 -12 -13 -6 15 16 27 18 19 -16 -19 -22 23 -23 -25 -26 -20 28 29 -15
right_child=1 -3 3 4 6 -7 7 10 -10 -11 11 12 -14 14 17 -17 -18 20 26 -21 21 22 -24 24 25 -27 -28 -29 -30 -31
leaf_value=-0.1001188520138965 -0.10339326893875063 0.10009129919061595 0.085909219790897828 0.05316563839575144 0.058902833858338124 -0.12654940719093755 -0.107527662577689 0.094249623763044216 -0.11661211704054937 0.060337435823687863 0.042576972920150453 -0.13046715758165395 0.0028543255410125729 0.067260880920538474 0.027438601958880062 -0.16161569781703122 -0.11572768658841577 -0.11546122197693952 -0.027345861835790349 -0.11495504353742132 0.058096275196173358 0.083704561822849674 0.0047862442620956449 -0.13298848717514791 -0.11408392601308495 0.098366018396243024 0.058358104189334375 0.058222543548183819 0.070984203685724639 -0.1262076602609245
leaf_weight=0.51561802350261032 0.47633839423724467 0.42665407853200932 0.84780138373753189 0.2070649813467742 1.8318361523924966 0.85690872589475475 0.54466915778902902 0.8992937560105928 1.9017143190721979 0.98490060823678505 1.9716413702190041 0.98962846933136439 0.74897765879723011 0.39461734241922375 3.036995293776271 0.78926995207439166 1.0040952063136499 0.74356623608036798 1.4499792372807849 1.2836355872132115 2.8833092768909401 0.93554383772425254 27.893890904488217 2.8707239099458097 0.56720742674224289 0.54012265393976122 8.8536770564242016 2.1384603275655536 1.3668978373752905 1.6388726763907469
leaf_count=2952 2559 35 79 37 43 71 68 15 130 64 49 74 53 20 74 27 160 56 27 125 44 6 1785 108 61 4 114 35 32 93
internal_value=-0.000609552 0.000112311 -0.000491446 0.000207035 -0.000841012 -0.0915742 0.00057318 -0.0222832 -0.0643793 0.000561842 0.00905262 -0.0115975 -0.0730333 0.00362492 0.00189074 -0.0276208 -0.0114571 0.0061287 0.0282272 -0.0148658 -0.00274137 -0.000393014 -0.00553339 -0.0641167 -0.0988807 -0.0104572 0.0462974 0.00744537 -0.0244877 -0.0886633
internal_weight=71.5939 71.0783 70.6516 70.1753 69.3275 1.06397 68.2635 8.04083 3.43128 1.52957 4.60954 3.71025 1.73861 60.2227 58.3909 7.33221 6.54294 51.0587 14.6243 4.32063 36.4344 35.6908 32.8075 4.9136 3.97805 1.10733 10.3037 5.53885 3.40039 2.03349
internal_count=9000 6048 6013 3454 3375 108 3267 453 262 132 191 176 127 2814 2771 367 340 2404 340 199 2064 2008 1964 179 173 65 141 180 145 113
is_linear=0
shrinkage=0.1


Tree=80
num_leaves=31
num_cat=0
split_feature=3 5 5 12 6 10 9 12 7 4 11 3 9 17 7 9 7 5 18 10 12 1 13 1 5 5 3 13 17 6
split_gain=0.464966 0.413407 0.390247 0.381252 0.37908 0.71394 0.41848 0.465927 0.679082 0.464183 0.504809 0.65358 0.379161 0.953245 0.561143 0.55857 0.619754 1.08387 1.45983 1.37215 1.00393 0.834683 1.28019 1.03532 1.51484 1.27961 1.40265 1.13827 1.16008 1.06529
threshold=0.11130558834165355 0.084831120577947297 0.012768804859852987 0.38862882554531103 8.1922802388417943e-10 3.3595455884933476 0.0056958692673071167 0.14241629838943484 0.015044872263472469 3.1949084047744643e-11 1.4820326632580818e-09 0.11523707702663043 0.090550534123625306 0.10744406960227275 0.083173892660801454 0.059761701696660334 0.056608443030984577 0.025036910342321372 0.12555282740239904 3.029453039169312 0.25723795592784887 0.2853150718411786 1.7300260066986086 0.40824111603263397 0.023608611022882229 0.021245377049648073 0.15565182138461317 1.889845132827759 0.084450461647727279 2.2609850335944575e-10
decision_type=2 2 2 2 2 2 2 2 2 2 2 2 2 2 2 2 2 2 2 2 2 2 2 2 2 2 2 2 2 2
left_child=-1 2 -2 4 5 6 -4 -8 -9 -10 11 -11 13 14 15 16 21 18 20 -19 -18 -12 -23 -24 25 27 -27 -25 29 -29
right_child=1 -3 3 -5 -6 -7 7 8 9 10 12 -13 -14 -15 -16 -17 17 19 -20 -21 -22 22 23 24 -26 26 -28 28 -30 -31
leaf_value=-0.10010761506028272 -0.10306000772435005 0.10005997557930386 -0.10313593189850123 -0.10576712922384424 0.054141901200113529 -0.11601355894845118 0.075870488955007795 -0.087289024425196857 0.069855197158373059 0.048560814767797451 0.066369219050178216 -0.12859107071009523 0.075079599441704448 -0.10386519033218732 -0.081557200764882362 0.042268415748782623 -0.12403092790116757 0.082996057127059583 0.043885620794755748 -0.064509494355464214 -0.015806351509838737 -0.061112004834834935 0.020786260793983106 -0.11860443190612208 0.041870740150780281 0.068299666481617935 -0.13222313384538117 -0.0092161649425902253 -0.11977691908543082 0.07680935540418328
leaf_weight=0.46660018664988356 0.36933396807580621 0.41089756973087688 0.38789467129754385 0.33904543111566354 1.294169813292682 0.53081546992689155 0.82161286554037261 0.8773904500703783 0.97232397954212402 0.30638092535082151 2.1098699429130638 0.6502930455681053 0.68959248883402224 0.86263681680793425 0.79309369238035188 3.4338571752014095 2.3579073273649551 1.6163092460192277 1.1594242364226373 1.034142772958148 1.3466797911969477 3.0008860181224 23.300351466637949 0.94803459876857488 4.3861986129195421 0.4307125884079136 1.8350783398782367 10.125412884619431 0.82306074618827629 1.6780650888686075
leaf_count=2952 593 35 2133 441 77 113 27 65 22 6 40 48 77 366 122 109 164 34 103 35 85 275 373 87 100 29 52 301 112 24
internal_value=-0.000619216 5.46165e-05 -0.000545436 1.04501e-05 0.000539626 -0.000503884 0.000425865 0.00103861 8.88866e-05 0.00128939 0.000229281 -0.0718571 0.00134282 0.000512534 0.00200378 0.00311598 0.000721703 -0.0260061 -0.0540413 0.0254429 -0.0846895 0.00485112 0.0020615 0.00641688 -0.0101362 -0.0245369 -0.094105 -0.012925 -0.00499029 0.00301383
internal_weight=69.3581 68.8915 68.4806 68.1112 67.7722 66.478 65.9472 65.5593 64.7377 63.8603 62.888 0.956674 61.9313 61.2417 60.3791 59.586 56.1521 7.51446 4.86401 2.65045 3.70459 48.6377 46.5278 43.5269 20.2266 15.8404 2.26579 13.5746 12.6265 11.8035
internal_count=9000 6048 6013 5420 4979 4902 4789 2656 2629 2564 2542 54 2488 2411 2045 1923 1814 421 352 69 249 1393 1353 1078 705 605 81 524 437 325
is_linear=0
shrinkage=0.1


Tree=81
num_leaves=31
num_cat=0
split_feature=3 5 10 12 6 6 12 12 7 17 14 14 19 1 4 10 10 14 14 14 6 8 3 19 9 4 13 13 3 17
split_gain=0.420516 0.397595 0.49749 0.442299 0.399377 0.689847 0.419561 0.502309 0.666507 0.52779 0.397815 0.9443 0.887753 0.682888 0.849352 0.427773 1.31145 1.13734 0.927058 1.41256 1.5643 1.11558 0.946577 0.911161 2.12351 1.09105 1.48482 1.26263 0.963942 0.947829
threshold=0.11130558834165355 0.047348086419355652 3.4681133031845097 0.34821352362632757 8.1922802388417943e-10 5.8362997121810312e-10 0.13520012050867083 0.14241629838943484 0.015044872263472469 0.051957563920454551 0.0074233680497854957 0.0084392861463129538 -0.063794374465942369 0.36724177454144663 3.2501407460247806e-11 2.6740026473999028 2.704526543617249 0.0095454859547317045 0.0096562374383211153 0.010557078756392004 1.2063701065926672e-10 1.1395224415956523e-10 0.23064939308229335 0.56920579075813305 0.023347740520602393 7.3484961967557779e-11 1.8505771756172182 1.8360107541084292 0.13952908900971486 0.079745205965909102
decision_type=2 2 2 2 2 2 2 2 2 2 2 2 2 2 2 2 2 2 2 2 2 2 2 2 2 2 2 2 2 2
left_child=-1 2 4 -3 5 6 -2 -8 9 -9 13 12 -12 14 -10 -13 -17 -18 -19 20 -20 -22 -23 29 -25 26 27 -26 -27 -21
right_child=1 3 -4 -5 -6 -7 7 8 10 -11 11 15 -14 -15 -16 16 17 18 19 23 21 22 -24 24 25 28 -28 -29 -30 -31
leaf_value=-0.10009743451987385 -0.10307412502352412 0.088390444696295783 -0.10882643973801653 -0.032017713534995933 0.090931161820781259 -0.11572686076538466 0.08264612848195757 0.057224989836124146 0.064112861357556131 -0.12299340659582081 0.059084686367434337 0.012674635853893924 -0.10870961942640266 0.081493066155512731 -0.11132121084701363 -0.117042485281159 -0.13359581396762252 0.070703209622510144 0.072761224611724892 0.06598915386527103 -0.13285674932971853 -0.11294589305052337 0.097507599131376299 -0.14632040667092563 -0.108474849927736 -0.10647865938471041 -0.1201218163962901 0.087358030106927984 0.015808139689826445 0.0039341450478399412
leaf_weight=0.42223806928450258 0.3937638146635426 1.0068576682097035 0.42613966872158826 0.43769202515250061 0.47502980599165212 0.52077009522326889 0.73522903757839131 0.2079975001688571 0.56606588070280783 0.74296053297439357 0.40481356717646133 21.101108290495176 1.4261084033460052 1.5493370552721897 0.5384971031016903 1.0193007604284492 0.64483900580671516 1.7815611010591954 0.69831787911243681 3.9915273294573144 2.1040365582084637 0.39067051756137505 0.47184628236573189 1.0642143577169942 0.50651892372116269 0.67519464875658641 1.6419059030013157 0.94064687157515436 14.226871661503536 6.4206457232940011
leaf_count=2952 2519 106 376 23 22 103 76 13 8 94 5 637 189 31 51 120 32 16 5 53 79 50 4 34 131 251 214 8 456 342
internal_value=-0.000614051 1.18678e-05 -0.00112975 0.0519073 -0.000426289 -0.00109637 -0.000167158 0.000467468 -0.000489834 -0.0835753 0.000781171 -0.000908173 -0.0716106 0.0386624 -0.0214148 0.00133615 -0.00520478 -0.00199893 0.000431586 -0.00334699 -0.061896 -0.093594 0.00218427 0.00393475 -0.00906359 -0.000944558 -0.0550328 0.018815 0.0102675 0.0277231
internal_weight=67.5327 67.1105 65.6659 1.44455 65.2398 64.7647 64.244 63.8502 63.115 0.950958 62.164 59.5101 1.83092 2.6539 1.10456 57.6792 36.5781 35.5588 34.914 33.1324 3.66487 2.96655 0.862517 29.4675 19.0554 17.9911 3.08907 1.44717 14.9021 10.4122
internal_count=9000 6048 5919 129 5543 5521 5418 2899 2823 107 2716 2626 194 90 59 2432 1795 1675 1643 1627 138 133 54 1489 1094 1060 353 139 707 395
is_linear=0
shrinkage=0.1


Tree=82
num_leaves=31
num_cat=0
split_feature=5 17 5 13 9 6 19 1 17 13 0 3 8 0 19 10 11 4 12 19 13 4 1 15 4 18 2 15 8 6
split_gain=0.385835 0.385618 0.531843 0.357805 0.862841 0.866888 0.686615 0.580068 1.85551 1.00609 0.944025 0.774395 0.790451 0.752532 1.27833 1.04638 2.34465 1.43501 1.10055 0.963524 0.870911 0.833351 2.29051 1.14267 1.10243 0.919195 0.820332 0.909094 1.22129 0.898986
threshold=0.012768804859852987 0.11729847301136366 0.060572787036681848 1.6759046316146853 0.03477810928529556 1.8030864153540318e-10 -0.084685362875461564 0.34444271008666466 0.08116566051136366 1.8954398632049563 3.2185077658564158e-09 0.13270509417196952 1.9077430227797763e-10 1.3668484216941307e-09 0.72226160764694225 2.6294180154800419 3.1518614385106507e-09 8.0879073536933428e-11 0.1575955078005791 0.90872940421104442 1.8140041232109072 7.3484961967557779e-11 0.40080593746068355 5.6533646784373566e-05 7.7313176718657024e-11 -0.046990009363402009 7.0649235702109635e-10 5.8006628023576929e-05 7.2719235167806227e-11 1.0519894938698155e-10
decision_type=2 2 2 2 2 2 2 2 2 2 2 2 2 2 2 2 2 2 2 2 2 2 2 2 2 2 2 2 2 2
left_child=-1 2 3 4 6 -6 -2 8 -5 11 -11 12 -10 14 -9 17 -17 20 -19 -16 -15 22 25 -23 -25 -18 -26 -28 -29 -30
right_child=1 -3 -4 7 5 -7 -8 13 9 10 -12 -13 -14 15 19 16 21 18 -20 -21 -22 23 -24 24 26 -27 27 28 29 -31
leaf_value=-0.10261320142615363 0.069166431407185813 -0.10291716616387821 0.098840202013354361 -0.11816870909312747 0.042747859242617571 -0.10664219545680767 -0.076686026492317386 -0.11200138949154093 -0.11618541683830419 -0.11089591108411159 0.10032285349675041 0.056218593617556156 0.085317441595171031 -0.065325900600718592 0.068612421302068627 -0.13427662566095816 0.079860785076855886 0.038096559835448907 -0.13903002805767223 -0.11244124430468604 0.04759291403299977 -0.12191670008778351 -0.12312901740706424 0.069078771542382608 -0.073477170107447323 -0.052059653147758872 0.083504157702485038 -0.10078277106672809 0.10091672455244066 0.00073611476130234252
leaf_weight=0.36881778808310528 0.36537737045727769 0.36235164322715618 0.54566586150030971 0.85619154447340307 2.2690376312602898 0.46866699894962938 2.7674940903234559 1.6093812448707461 0.54566578839876267 0.80376685972441808 0.28721378918271512 7.9462933030517888 0.3026527715883276 0.73585288183676212 1.0402926525275686 1.4182865625989496 1.288686250583851 0.59272653099469497 0.85937791643664241 0.40968963107661682 9.5154534201574261 0.70796898608387238 1.959665893577039 2.5688707087392713 1.4232147338370875 0.89501148377167083 1.3780775166087575 1.1446572126624257 0.93947370826936349 19.245429434597099
leaf_count=1044 78 1165 65 72 146 142 3592 187 92 119 3 170 53 106 32 128 17 61 46 130 304 55 221 44 310 54 9 41 7 507
internal_value=-0.000620004 -4.3522e-05 0.000530933 -0.000302768 -0.0238374 0.0171738 -0.0596757 0.00206003 0.0230555 0.0352869 -0.05529 0.0465231 -0.0442957 -0.00266486 -0.0506452 0.000621022 -0.00849749 0.0263085 -0.0667297 0.0174561 0.0394874 -0.00284345 -0.0446425 0.00347553 0.00680043 0.0257918 0.000170534 0.00478645 -0.000299409 0.00539886
internal_weight=65.6213 65.2525 64.8901 64.3445 5.87058 2.7377 3.13287 58.4739 10.7418 9.88559 1.09098 8.79461 0.848319 47.7321 3.05936 44.6728 32.9693 11.7034 1.4521 1.44998 10.2513 31.5511 4.14336 27.4077 26.6997 2.1837 24.1309 22.7076 21.3296 20.1849
internal_count=9000 7956 6791 6726 3958 288 3670 2768 509 437 122 315 145 2259 349 1910 1393 517 107 162 410 1265 292 973 918 71 874 564 555 514
is_linear=0
shrinkage=0.1


Tree=83
num_leaves=31
num_cat=0
split_feature=3 9 9 2 17 1 17 2 0 19 1 15 7 15 19 0 0 12 13 6 9 13 1 5 19 0 1 4 3 13
split_gain=0.378014 0.582436 1.39884 0.523791 0.522043 0.793689 0.68627 0.739355 1.99374 1.07657 0.687049 0.712221 0.801566 0.897165 0.695768 0.693618 1.69121 0.679362 0.567774 2.22775 1.29064 0.704638 1.5593 0.988173 1.12229 0.848552 2.86129 1.66611 1.33961 1.22626
threshold=0.26873553956328683 0.028536792228194451 0.018449757644382354 1.7270396694974636e-09 0.061012961647727279 0.55279048094064709 0.062389026988636374 1.3552877263874558e-09 2.9685221602503021e-09 0.76218184828758251 0.51091377292232565 6.8908062530681504e-05 0.083173892660801454 8.9697747171157985e-05 1.9714323878288271 2.7365947172483282e-09 3.2185077658564158e-09 0.20402278751134875 2.1730175018310551 8.96346486321714e-11 0.019097164207464459 2.0858796834945683 0.42482077550710046 0.023608611022882229 0.78423959016799938 1.7594381682329249e-09 0.38315726798513811 8.4383867061659594e-11 0.20296794559964543 1.8605020642280581
decision_type=2 2 2 2 2 2 2 2 2 2 2 2 2 2 2 2 2 2 2 2 2 2 2 2 2 2 2 2 2 2
left_child=4 2 3 -2 5 -1 -6 10 -9 17 11 14 15 -14 18 -13 -17 -10 21 20 -20 22 25 24 -23 26 29 -27 -29 -8
right_child=1 -3 -4 -5 6 -7 7 8 9 -11 -12 12 13 -15 -16 16 -18 -19 19 -21 -22 23 -24 -25 -26 27 -28 28 -30 -31
leaf_value=-0.09553152198115597 -0.00089307464062568899 0.065150476822711814 -0.099312010487991834 0.10082815442736406 0.063345540641052051 0.023545518914498423 0.015305680736420536 -0.182062039158533 0.019257402008803808 0.051864971703080159 -0.10700511389150139 0.07266782446972285 -0.11131242294497784 0.065198299873754875 -0.10307726770331166 -0.082321383458320907 0.056882597715886565 -0.13891477354329926 -0.080903915355984984 -0.11718516230333043 0.091632882504828359 -0.12079479444039086 -0.1104346191543719 0.094372171377161335 0.041263201937864202 0.052054731218213635 -0.10606203500855016 0.052805623328411648 -0.11056944011035051 -0.048788776071909387
leaf_weight=1.4345608132061891 1.1310415628468033 2.1454772885408602 1.0072245424380524 0.91633473729598325 1.6107433382676379 0.91790785002012842 16.651836126380669 0.83644357165030614 0.44394438690505944 1.4715778981917536 0.59137058714259083 3.4576947399764304 0.78861372168103094 0.4535818354015646 0.69722927929251355 1.2963760506099791 2.6708635515315109 0.69925068338852725 0.64409688211526317 1.8680359160061923 1.3263293863128636 0.60376198533776904 1.3047363611149183 1.8607685997412771 1.4623699121475509 6.6841495047738118 2.6834006317476442 0.80303019486382288 1.3383327379124237 3.6369478542692368
leaf_count=3937 30 27 32 16 142 245 1789 23 6 41 122 70 334 65 584 65 70 42 41 257 38 47 147 44 72 103 181 53 22 355
internal_value=-0.000615913 0.0252172 -0.0028309 0.0446338 -0.00292256 -0.0490689 -0.000980053 -0.00288908 -0.0476784 -0.00469015 0.000152374 0.00141391 0.02749 -0.0468604 -0.00402347 0.0399289 0.0113949 -0.0774907 -0.00233356 -0.0389429 0.0352337 0.00146137 -0.00328985 0.0415125 -0.00609314 0.00110656 -0.0090188 0.0274621 -0.0493023 0.00381617
internal_weight=63.438 5.20008 3.0546 2.04738 58.238 2.35247 55.8855 54.2747 3.45122 2.61477 50.8235 50.2322 8.66713 1.2422 41.565 7.42493 3.96724 1.1432 40.8678 3.83846 1.97043 37.0293 33.1024 3.9269 2.06613 31.7977 22.9722 8.82551 2.14136 20.2888
internal_count=9000 105 78 46 8895 4182 4713 4571 112 89 4459 4337 604 399 3733 205 135 48 3149 336 79 2813 2650 163 119 2503 2325 178 75 2144
is_linear=0
shrinkage=0.1


Tree=84
num_leaves=31
num_cat=0
split_feature=3 5 10 12 13 9 6 9 9 1 10 19 3 1 2 13 18 11 2 2 3 5 6 8 14 18 5 18 5 3
split_gain=0.342183 0.326748 0.434374 0.381111 0.374146 0.812326 0.788419 0.771432 0.906257 0.468463 0.558348 0.454311 0.815697 0.540906 0.371695 1.32169 0.918483 1.13534 0.782442 0.523499 0.765117 0.693694 1.01689 0.457414 1.83172 1.32735 1.24851 1.20064 0.782876 1.61382
threshold=0.11130558834165355 0.047348086419355652 3.4681133031845097 0.34821352362632757 1.6759046316146853 0.03477810928529556 1.8030864153540318e-10 0.018449757644382354 0.014536674288277271 0.26907418648592912 2.4830547571182255 0.081138364970684065 0.17941970017792797 0.32265680237508665 1.284952951451406e-09 2.3388324975967412 -0.012704402441158889 9.3342142903907205e-09 1.5833280982675394e-09 1.1398405420284051e-09 0.24143731157644441 0.01859684703486315 2.1203694828982172e-10 8.2701896636393529e-11 0.0096038626506924647 -0.10591197305951604 0.017857178084309058 0.11100549686869439 0.018491700189328723 0.15691823781655834
decision_type=2 2 2 2 2 2 2 2 2 2 2 2 2 2 2 2 2 2 2 2 2 2 2 2 2 2 2 2 2 2
left_child=-1 2 4 -3 5 7 9 8 -2 -7 -11 12 13 -6 19 18 17 -17 -16 20 23 -21 -23 27 -25 -26 -27 28 29 -13
right_child=1 3 -4 -5 11 6 -8 -9 -10 10 -12 14 -14 -15 15 16 -18 -19 -20 21 -22 22 -24 24 25 26 -28 -29 -30 -31
leaf_value=-0.10008236708262815 -0.11899743308737845 0.087578009774168922 -0.10816147867620221 -0.031543513517629268 0.10075419295068613 0.067612859782646792 -0.10605689968730986 -0.11499010428072498 0.050149252608122134 0.10091980347832939 -0.10620290410394705 0.028659268939729605 0.06894773812653042 -0.11079017293802228 -0.14265357028723366 -0.090017875276453996 0.055049647948372998 0.044387206906579553 -0.016852146172813793 0.073018603109203148 -0.081988951780959274 -0.069925746380390189 0.045917961691195774 -0.12223054081284071 -0.097095234933839009 0.035478510185509259 -0.014176761795778398 -0.08726214053118872 0.046943613343669387 -0.090585328566917145
leaf_weight=0.34381109850437397 0.49114511135485306 0.86292732169385888 0.37656608762699662 0.38994524950976484 0.16073133051395361 1.5882925461046404 0.44950499437618407 1.4115749202883305 0.8921017515094718 0.19538462162017811 0.38982713693985716 4.3289030715459358 2.2575739129497379 0.4873795879757381 1.1704532390976958 1.4903820600520705 2.1617375340647413 1.0867628703617809 0.85596454994447402 2.3630686142423647 1.129176709029706 1.2269012733886486 1.9816702584212178 1.3014684461013555 1.3293445915223845 8.5129128303888191 12.497215822937504 1.0424294668446226 6.9858201860188274 1.538254202041571
leaf_count=2952 2336 106 376 23 1 36 195 211 25 1 58 206 45 92 40 38 37 24 16 30 37 21 29 85 162 342 996 116 245 119
internal_value=-0.000599522 -3.84021e-05 -0.00109902 0.0505025 -0.000419447 -0.0254697 0.0144999 -0.0629822 -0.00990913 0.0394324 -0.0370509 0.00209813 0.0405591 -0.0583272 -9.30459e-05 -0.0219227 0.0069806 -0.0333403 -0.0895147 0.00324542 -0.00088404 0.0319027 0.00162137 0.00155578 -0.00690737 -0.000188796 0.00594263 0.0159545 0.0243258 -0.00260434
internal_weight=61.2992 60.9554 59.7025 1.25287 59.326 5.41783 2.62301 2.79482 1.38325 2.1735 0.585212 53.9082 2.90568 0.648111 51.0025 6.7653 4.73888 2.57714 2.02642 44.2372 38.6655 5.57164 3.20857 37.5363 23.6409 22.3395 21.0101 13.8954 12.853 5.86716
internal_count=9000 6048 5919 129 5543 2862 290 2572 2361 95 59 2681 138 93 2543 155 99 62 56 2388 2308 80 50 2271 1585 1500 1338 686 570 325
is_linear=0
shrinkage=0.1


Tree=85
num_leaves=31
num_cat=0
split_feature=11 0 13 5 10 9 4 8 15 19 14 4 3 17 12 13 17 12 6 14 8 14 8 13 15 3 13 6 18 11
split_gain=0.328096 0.368354 0.434941 0.514951 0.629785 0.87395 0.691185 0.725295 0.491066 0.490507 0.707359 0.63333 0.565557 0.899073 1.28906 0.664869 0.774457 0.502792 1.06052 0.488587 0.424101 0.459442 1.06558 0.547516 1.09147 0.940124 0.545334 0.864395 0.575844 2.17456
threshold=1.2634628343555223e-09 5.3772147640508325e-10 1.6759046316146853 0.036097313057862443 2.5618792772293095 0.03528610817263305 5.5677742167379516e-11 4.0161314068462646e-11 3.5177152312826372e-05 0.30374549329280859 0.013122744392603638 6.1948489806764087e-10 0.25367466382231124 0.082719282670454572 0.19518627971410754 1.8291408419609072 0.059992009943181823 0.23214094340801242 2.3433171138372797e-10 0.01173647725954652 2.3654987431492275e-11 0.0074233680497854957 4.8170583287444617e-11 1.8140041232109072 4.7347990403068259e-05 0.13914468019863552 1.8360107541084292 1.5830916209641182e-10 0.10195184793238614 3.1257435528786463e-09
decision_type=2 2 2 2 2 2 2 2 2 2 2 2 2 2 2 2 2 2 2 2 2 2 2 2 2 2 2 2 2 2
left_child=-1 -2 3 4 5 6 8 -8 -3 10 12 -12 13 14 15 -4 -17 -15 -19 -6 -11 -22 -23 24 25 -24 27 -25 29 -28
right_child=1 2 9 -5 19 -7 7 -9 -10 20 11 -13 -14 17 -16 16 -18 18 -20 -21 21 22 23 26 -26 -27 28 -29 -30 -31
leaf_value=-0.10598257238822367 0.090914109346589903 0.086630890426838525 -0.10926451395365949 0.088554078818967763 -0.10993626261888503 0.087235539694838479 -0.13657786830791127 0.095532477163724067 -0.11055044478603655 -0.10955133099173653 -0.1217157799205227 0.10004578716293622 0.078218543741431348 0.070323810228959865 -0.11279664323142946 -0.10873892206054309 0.055836363087492458 -0.10865387266449084 0.089182314237538349 0.024140322698772129 0.055560134733555255 -0.10900702786507582 -0.11632927403162324 -0.040811760711893998 -0.10901156200195893 0.034043108672079804 -0.12388727139802919 0.085670307108419941 0.020328883765460454 -0.001313928864651789
leaf_weight=0.29388481291607504 0.44174857502366549 0.14282961702338015 0.36633641044681553 0.34199625383735099 1.4476511528773697 0.70787572315020941 0.18082702227184189 0.52690097008598968 1.0914509037029345 0.36975194557089608 0.58304848675652543 0.16529203206300735 1.8344973873172428 3.0353490194465849 1.0414299086842218 0.32791749610623844 2.2334236024762504 0.53802020605507983 0.54588161007268354 0.33461467863526184 1.3436699282538018 0.94185058922084763 0.52759000467267458 0.7783511884263129 1.3683094521002201 1.9615959828879566 1.5421281510498399 1.7668639353323667 9.2623623843464866 23.555222732838956
leaf_count=900 65 148 93 212 248 51 996 7 2204 238 92 18 17 38 43 118 43 53 10 250 49 88 126 28 400 45 214 67 871 1268
internal_value=-0.000583131 -6.0824e-05 -0.000743562 -0.029677 -0.0388 -0.00788556 -0.0425579 0.0362275 -0.0877328 0.00181024 0.0210188 -0.0727335 0.0280892 0.0167196 -0.0172453 0.0167441 0.0347665 0.0494464 -0.00901834 -0.0847638 -0.00291084 -0.00199488 -0.00384924 -0.00141948 -0.0372669 0.00217126 0.00232748 0.0469909 -0.000980987 -0.00884555
internal_weight=59.5987 59.3048 58.863 4.77415 4.43215 2.64988 1.94201 0.707728 1.23428 54.0889 10.6712 0.748341 9.92286 8.08836 3.96911 2.92768 2.56134 4.11925 1.0839 1.78227 43.4177 43.0479 41.7043 40.7624 3.8575 2.48919 36.9049 2.54522 34.3597 25.0974
internal_count=9000 8100 8035 4116 3904 3406 3355 1003 2352 3919 525 110 415 398 297 254 161 101 63 498 3394 3156 3107 3019 571 171 2448 95 2353 1482
is_linear=0
shrinkage=0.1


Tree=86
num_leaves=31
num_cat=0
split_feature=17 5 5 13 1 14 18 3 14 6 12 13 1 17 13 0 12 8 17 18 18 5 15 3 15 11 18 3 19 19
split_gain=0.310034 0.42945 0.304664 0.277883 0.964061 0.80456 0.551179 0.476381 0.469694 0.724651 0.562092 0.445597 0.404881 1.94808 0.931 0.772503 0.635493 1.828 0.573057 0.5133 1.4936 0.990329 1.26227 0.929861 1.59679 0.82607 1.506 0.756984 0.722859 1.59686
threshold=0.11729847301136366 0.060572787036681848 0.012768804859852987 1.7300260066986086 0.29015591829828102 0.0078350007534027117 0.020038778978315269 0.2241776743872155 0.0095454859547317045 1.8030864153540318e-10 0.22914979606866839 1.6110002994537356 0.34444271008666466 0.083251953125000014 1.8954398632049563 3.2185077658564158e-09 0.23348095268011096 1.7184906170332166e-10 0.099010120738636367 0.10195184793238614 0.08444426602429965 0.021396906305822 7.6834632636746405e-05 0.20922620903214656 5.1704391808016232e-05 3.0300540965200189e-09 0.011121033479205589 0.21327406621779263 1.1106344461441042 1.8934860825538637
decision_type=2 2 2 2 2 2 2 2 2 2 2 2 2 2 2 2 2 2 2 2 2 2 2 2 2 2 2 2 2 2
left_child=1 2 -1 4 8 6 7 -6 10 -10 11 -4 13 -5 16 -16 -15 -18 19 20 25 23 -23 24 -21 26 27 -14 -27 -30
right_child=-2 -3 3 12 5 -7 -8 -9 9 -11 -12 -13 18 14 15 -17 17 -19 -20 21 -22 22 -24 -25 -26 28 -28 -29 29 -31
leaf_value=-0.10233461914062375 -0.10238231114794245 0.098236261993240342 -0.10340380859845866 -0.12110526634880237 -0.050795031969978865 -0.10740905849388799 -0.11972124748480194 0.080492685313752699 0.070668358286184049 -0.065378637938779752 -0.12174494535590781 0.053277219634390006 -0.11646451517368719 0.081780422193943533 -0.10922044166493082 0.10009679430952415 -0.11044608553841334 0.071676870809354629 -0.057623443683495007 0.070097697717378255 -0.13031523572439133 -0.12726624564513458 0.061596426132693963 0.072105514787944067 -0.063944072033219043 0.01327681565593372 0.044309705443624545 0.037062600153479022 -0.065282061767855379 0.044295337237954993
leaf_weight=0.29405556695382884 0.29759565671702048 0.44114714601164351 0.24411684735969108 0.83766915292653621 0.46756010840908879 1.6726265720244553 0.33101083454312163 0.67592663268987963 1.8721160557179248 0.49504674680065353 0.45782434187276522 0.70780172925879015 2.0221519950282598 3.5374701594482758 0.67099211152890337 0.23915867059258744 0.78889299964066628 1.8285423772249485 1.7489210390995129 1.7173058296611983 0.92481006310117564 0.89270885055884697 0.58629895061312709 3.7463710717856884 1.8419652450847932 21.164875703001602 1.2206329857981471 0.3817924492759629 3.7599131331589879 2.0577782546497474
leaf_count=1041 1168 65 501 49 2278 442 717 56 46 87 52 38 220 47 118 3 64 100 451 67 39 102 20 32 258 553 61 7 219 99
internal_value=-0.000576427 -5.06884e-05 -0.000808894 -0.000284144 -0.0190588 -0.0599363 -0.00608452 0.0268105 0.0150025 0.0422167 -0.030694 0.0130968 0.00231743 0.0230853 0.0401813 -0.0542185 0.0541405 0.0167852 -0.00158416 0.000846803 -0.00510886 0.0222243 -0.0523985 0.0373315 0.000729483 -0.00132569 -0.0461496 -0.0920815 0.00469552 -0.0265234
internal_weight=57.9251 57.6275 57.1863 56.8923 6.92403 3.14712 1.4745 1.14349 3.77691 2.36716 1.40974 0.951919 49.9683 7.90273 7.06506 0.910151 6.15491 2.61744 42.0655 40.3166 31.532 8.78465 1.47901 7.30564 3.55927 30.6071 3.62458 2.40394 26.9826 5.81769
internal_count=9000 7832 7767 6726 4217 3493 3051 2334 724 133 591 539 2509 381 332 121 211 164 2128 1677 1198 479 122 357 325 1159 288 227 871 318
is_linear=0
shrinkage=0.1


Tree=87
num_leaves=31
num_cat=0
split_feature=3 17 1 1 0 14 2 0 15 5 0 5 10 14 1 0 19 2 12 18 5 17 13 13 17 7 13 15 12 3
split_gain=0.282582 0.531974 0.759475 0.597162 0.585121 1.28256 0.787692 0.637832 0.91557 0.665514 0.769792 0.686673 0.610429 1.11405 0.57899 1.06684 1.01255 1.94479 1.28561 1.18605 0.827469 1.40912 1.16256 0.952999 0.911454 0.884995 0.778692 1.02097 1.30189 0.971923
threshold=0.2581013561976726 0.061012961647727279 0.55279048094064709 0.51091377292232565 3.2185077658564158e-09 0.01589030493050814 1.3552877263874558e-09 2.9215388290411556e-09 6.8908062530681504e-05 0.025167915759458048 2.7365947172483282e-09 0.024280309576080301 3.2087347507476811 0.013512248639017345 0.4091322912039404 1.7594381682329249e-09 0.48040790855884558 6.7931591278610288e-10 0.20088397711515429 0.076086374384017719 0.017233581830016328 0.066694779829545456 1.8360107541084292 2.022139430046082 0.08116566051136366 0.017038287102160755 1.8291408419609072 4.7347990403068259e-05 0.23767609894275668 0.13952908900971486
decision_type=2 2 2 2 2 2 2 2 2 2 2 2 2 2 2 2 2 2 2 2 2 2 2 2 2 2 2 2 2 2
left_child=1 2 -1 4 5 6 7 8 9 11 -11 12 13 14 15 20 18 -18 19 -16 24 -22 26 -24 25 -3 27 28 29 -23
right_child=-2 3 -4 -5 -6 -7 -8 -9 -10 10 -12 -13 -14 -15 16 -17 17 -19 -20 -21 21 22 23 -25 -26 -27 -28 -29 -30 -31
leaf_value=-0.10718206356519842 0.021002655208818062 0.047910046453892852 0.018604966507559863 -0.075587403940735626 0.034672760751610625 -0.11065073827772592 -0.099795923758160154 -0.1119358659187701 0.048461011432199018 -0.10709455104028583 0.097852634753797407 0.068287617512275259 0.092740114406555454 -0.10809392926986681 -0.12013032324354762 0.04756093602798387 0.018719261761951708 -0.11526160102989946 0.069050263389825436 0.075458116035135456 0.080316159643544827 -0.11513295085279317 -0.12550021401835953 -0.010505255262417678 0.0299081060991324 -0.10922112435150669 0.081209859284074037 -0.1075326961827911 -0.11423566011985942 0.062662184448804656
leaf_weight=1.1332908766580647 5.4780887988727036 0.55597801604381558 0.83267731378509768 1.0458642454486824 4.6057785729717571 1.0756856123025489 0.77715150057338078 0.48696517768985259 4.0248121034528586 1.0753117592284969 0.22092182096093882 1.4455752724807087 0.66535995915910362 0.99718376585587876 0.94816059101867656 5.0845014341794004 1.9383840884474919 2.4562091343323118 1.9609834328948634 0.46067585340097139 1.121551299762358 0.35926908778492261 2.1153561746068594 1.0930530357181849 8.1792085867382394 1.0088413007433699 0.79709450114751224 1.1419724251318255 0.73744534737488709 2.1321924876938283
leaf_count=3922 140 202 245 167 208 1191 11 27 59 487 2 71 10 276 53 73 310 101 48 9 55 112 137 78 438 97 7 177 181 106
internal_value=-0.000569063 -0.00291014 -0.0539055 -0.000843514 0.000803403 -0.00283625 -6.06837e-05 0.00182947 0.00319668 -0.00179521 -0.0721647 0.000796204 -0.00209429 -0.00400129 -0.00076674 0.00682182 -0.0245422 -0.0561648 0.0166968 -0.0561748 -0.00394309 -0.0249473 -0.0390415 -0.0863233 0.0165306 -0.0533926 -0.00968772 -0.0262642 0.00247811 0.0370241
internal_weight=55.9555 50.4775 1.96597 48.5115 47.4656 42.8598 41.7842 41.007 40.52 36.4952 1.29623 35.199 33.7534 33.0881 32.0909 24.3265 7.76441 4.39459 3.36982 1.40884 19.242 9.49793 8.37638 3.20841 9.74403 1.56482 5.16797 4.37088 3.22891 2.49146
internal_count=9000 8860 4167 4693 4526 4318 3127 3116 3089 3030 489 2541 2470 2460 2184 1663 521 411 110 62 1590 853 798 215 737 299 583 576 399 218
is_linear=0
shrinkage=0.1


Tree=88
num_leaves=31
num_cat=0
split_feature=5 19 5 13 1 14 9 17 9 6 5 1 17 1 13 0 12 8 18 5 11 4 19 19 10 18 15 19 7 9
split_gain=0.273552 0.277249 0.636812 0.373557 1.30179 0.46023 0.460673 0.423069 0.683077 0.590408 0.324566 0.347224 1.55142 0.783392 0.748064 0.753541 0.606043 1.45979 0.540162 1.53057 1.14063 1.28747 1.51353 1.00554 1.02749 1.25551 1.06925 0.833242 0.822599 1.66368
threshold=0.012768804859852987 -0.019422639161348339 0.017481912006487372 1.7300260066986086 0.2853150718411786 0.0074233680497854957 0.014536674288277271 0.093417080965909102 0.03477810928529556 1.7707330565674907e-10 0.013343366296337747 0.34444271008666466 0.083251953125000014 0.35282161359837133 1.8954398632049563 3.2185077658564158e-09 0.23348095268011096 1.7184906170332166e-10 0.01729825958186253 0.016178777557725316 2.9119455735582282e-09 9.4328967508341355e-11 1.7295385599136355 1.0909186005592348 2.763896226882935 -0.048077710565518246 9.1294888989068581e-05 1.9448238015174868 0.047045088089532373 0.045951221641711469
decision_type=2 2 2 2 2 2 2 2 2 2 2 2 2 2 2 2 2 2 2 2 2 2 2 2 2 2 2 2 2 2
left_child=-1 2 -2 4 7 6 -6 -3 -9 -10 -5 12 -12 -13 16 -16 -14 -18 19 -15 -21 28 23 24 -23 26 -26 -20 -22 -30
right_child=1 3 -4 10 5 -7 -8 8 9 -11 11 13 14 18 15 -17 17 -19 27 20 21 22 -24 -25 25 -27 -28 -29 29 -31
leaf_value=-0.10222146317958661 -0.10879979448278597 0.061942500838963722 0.078376074429779771 0.075279033995865663 -0.10282039203826035 -0.10873741684343788 0.059906096161754609 -0.1202265104389158 0.046287971273287168 -0.10614809698668969 -0.11879037976074423 -0.11031150072258245 0.079094985142934227 -0.10034014101222158 -0.10799433740403688 0.076827234907735187 -0.10885913937215204 0.062957213747251772 0.016121226017752205 -0.11329261572793013 0.041859863648618954 -0.12406959185403864 0.060312761650155144 -0.13304025903984334 -0.10838782563243801 0.046367228357870063 0.052434062276501325 -0.095880094911842878 -0.11975262373262981 0.050143351376128777
leaf_weight=0.26360560417197021 0.21973395307941146 1.2269645789820054 1.0519312391224955 0.59274882641329796 0.31444913897394178 1.7255798404094091 0.38941867477842607 0.45633518422982922 1.3599043028807498 0.31246400250165596 0.71634090230145275 0.66793343019708018 3.1686107976347557 1.7947716182861793 0.64127912524054398 0.33627606080335681 0.70119712457380989 1.6774718090746317 16.971103261425018 0.90272816203651274 7.5759594594819664 0.95953401575024955 1.5425962206281836 1.1890298888320101 1.5000755075925609 2.0473126650413125 0.57070144274257462 0.69129662959312455 1.0454096766043224 1.2846464684262171
leaf_count=1044 108 462 96 45 2897 539 18 47 87 314 47 133 47 182 365 23 82 334 837 155 201 42 98 101 86 85 22 363 64 76
internal_value=-0.000601727 -0.000102275 0.0460335 -0.00122273 -0.0251889 -0.0809395 -0.0127911 0.0151736 -0.0117836 0.0178069 0.001754 0.000806248 0.0209061 -0.00295046 0.0362429 -0.0444163 0.0504569 0.0123082 -0.00106708 -0.0121464 -0.00364459 0.00194281 -0.0284198 -0.0502621 -0.0308779 -0.00916384 -0.0640657 0.0117376 0.0258787 -0.0260827
internal_weight=53.8974 53.6338 1.27167 52.3621 5.78512 2.42945 0.703868 3.35567 2.1287 1.67237 46.577 45.9843 7.24118 38.7431 6.52483 0.977555 5.54728 2.37867 38.0752 20.4128 18.618 17.7153 7.80925 6.26665 5.07762 4.11809 2.07078 17.6624 9.90602 2.33006
internal_count=9000 7956 204 7752 4364 3454 2915 910 448 401 3388 3343 898 2445 851 388 463 416 2312 1112 930 775 434 336 235 193 108 1200 341 140
is_linear=0
shrinkage=0.1


Tree=89
num_leaves=31
num_cat=0
split_feature=12 5 2 11 13 9 6 9 9 19 3 1 1 7 15 6 2 18 11 17 5 0 4 4 1 9 2 15 0 19
split_gain=0.267274 0.44741 0.429154 0.353099 0.32307 0.547824 0.514053 0.479004 0.616071 0.367139 0.542592 0.363407 0.343888 0.3725 0.330285 0.792019 0.704904 1.39963 0.53868 0.691005 0.708984 0.595372 0.567032 0.932139 0.598319 0.52152 0.516157 0.515485 1.21634 0.8473
threshold=0.38862882554531103 0.047348086419355652 1.3552877263874558e-09 1.1798658494655003e-08 1.6759046316146853 0.03477810928529556 1.8030864153540318e-10 0.018449757644382354 0.014536674288277271 0.081138364970684065 0.17941970017792797 0.32265680237508665 0.26549445239131503 0.045867167501284854 8.7874341261340319e-05 4.6399954205227875e-10 1.284952951451406e-09 -0.036208692599426613 7.2389099159408951e-09 0.061012961647727279 0.025167915759458048 2.3067351914328846e-09 1.0512666182450199e-10 9.3170378325829544e-11 0.43270352391915906 0.054352973736956946 1.1398405420284051e-09 6.8908062530681504e-05 2.1513113115429424e-09 0.32079789042472845
decision_type=2 2 2 2 2 2 2 2 2 2 2 2 2 2 2 2 2 2 2 2 2 2 2 2 2 2 2 2 2 2
left_child=1 3 -3 4 5 7 12 8 -1 10 11 -6 -7 -14 15 16 18 -18 19 -11 22 -22 23 26 -24 -26 27 28 -21 -30
right_child=-2 2 -4 -5 9 6 -8 -9 -10 14 -12 -13 13 -15 -16 -17 17 -19 -20 20 21 -23 24 -25 25 -27 -28 -29 29 -31
leaf_value=-0.11184346808070922 -0.10402762137468036 -0.10745794985471674 0.099555588186981431 -0.093627245840105872 0.10052519644175727 0.059078825000053431 -0.10413722674091684 -0.1102663791291737 0.044451954904040969 -0.10529386775205207 0.066864118924311253 -0.10656399906572751 0.089976950212377449 -0.10521693654271536 0.040740519793055527 -0.10879750081809102 -0.12789496222215677 -0.0036762488826595401 0.068444744294972049 0.006186201051802463 -0.11466793774718642 -0.003053071146290191 0.079728777438608456 -0.084675366684730607 -0.10778436676881059 0.054102432584153343 0.053415617120218042 0.048068335859471539 0.051879246740777263 -0.096620041398373116
leaf_weight=0.40873625874337383 0.24881659189122629 0.11580675785444228 0.74032976821763441 0.41125818149703164 0.11244040727615301 1.2494642578822097 0.33096502990520082 1.0620877985220429 0.6584980884072138 0.589535168481233 1.7534418654504405 0.34394120612887491 0.14363038074225176 0.30618103488814086 1.887446281089068 0.68337295144738064 1.2413443550794907 3.3683800854778374 1.2662143970919704 22.175364634169469 0.89701407678148726 1.0228680472901031 1.9932406280859134 1.1575192039617821 0.37878633761283698 0.41925656950843404 2.1986868120729914 2.3220779451876288 0.4763823919493001 1.9862122127360633
leaf_count=4132 700 93 63 42 1 68 312 263 29 289 45 96 5 92 81 398 52 41 48 1430 197 45 23 96 42 19 20 52 15 211
internal_value=-0.000633493 -0.000135892 0.0715536 -0.00134303 -0.000590492 -0.0272857 0.00988016 -0.0627221 -0.0154071 0.00180916 0.0415842 -0.0555427 0.0320871 -0.0428891 -0.000185586 -0.00201709 -0.000258451 -0.0371269 0.00434943 0.00207079 0.00387781 -0.0552022 0.00730381 0.00333277 0.0504335 -0.0227362 0.00682644 0.00302693 -0.00121813 -0.0678932
internal_weight=51.9493 51.7005 0.856137 50.8443 50.4331 4.15956 2.03024 2.12932 1.06723 46.2735 2.20982 0.456382 1.69928 0.449811 44.0637 42.1763 41.4929 4.60972 36.8832 35.6169 35.0274 1.91988 33.1075 30.3162 2.79128 0.798043 29.1587 26.96 24.638 2.46259
internal_count=9000 8300 156 8144 8102 4901 477 4424 4161 3201 142 97 165 97 3059 2978 2580 93 2487 2439 2150 242 1908 1824 84 61 1728 1708 1656 226
is_linear=0
shrinkage=0.1


Tree=90
num_leaves=31
num_cat=0
split_feature=3 17 1 1 0 14 0 15 18 2 10 8 11 3 9 12 13 8 18 0 9 13 15 10 8 14 1 6 18 8
split_gain=0.27632 0.418934 0.63469 0.513523 0.451885 1.05823 0.597363 1.13367 0.833855 0.561386 0.506406 1.20383 1.12537 0.976972 0.609543 0.757096 0.623494 0.616495 0.556155 0.548476 0.59977 0.526865 0.523919 1.24526 0.599021 0.931625 0.898643 0.773387 0.6769 0.712911
threshold=0.2581013561976726 0.061012961647727279 0.55279048094064709 0.51091377292232565 3.2185077658564158e-09 0.01589030493050814 2.7779550866075483e-09 6.8908062530681504e-05 0.15726180343931034 1.284952951451406e-09 2.8233417272567753 1.5969019432591396e-10 4.368922557063116e-09 0.16254192448884761 0.052345896406071603 0.24270146340131762 1.573286831378937 1.2463430154897067e-10 -0.028552725572477684 1.8999709209657519e-09 0.063926029570375395 1.5517641901969912 6.4824242144823088e-05 2.7928006649017338 9.5474696910363023e-11 0.010346489027142526 0.40245913848705966 2.3433171138372797e-10 0.1746015588710593 8.2701896636393529e-11
decision_type=2 2 2 2 2 2 2 2 2 2 2 2 2 2 2 2 2 2 2 2 2 2 2 2 2 2 2 2 2 2
left_child=1 2 -1 4 5 6 7 9 -8 10 14 -12 13 -13 15 16 -3 22 -15 20 -20 -17 23 24 25 28 -26 -28 29 -18
right_child=-2 3 -4 -5 -6 -7 8 -9 -10 -11 11 12 -14 18 -16 21 17 -19 19 -21 -22 -23 -24 -25 26 -27 27 -29 -30 -31
leaf_value=-0.10656085256007662 0.021748414536035626 -0.10370683840284822 0.016120162625430215 -0.072949059333812905 0.0315282501707628 -0.10953307659093357 -0.10361434459272074 0.06063316197772093 0.031167322742989129 -0.14109560197379378 -0.11268093695069677 -0.1029421345129562 -0.11204592314846817 -0.048146237854400607 0.082324654956062254 0.040775172721357257 0.021657202473658016 -0.10629810096496439 -0.055844638872939251 0.094217931732662658 0.060985785520420922 -0.10793163766342891 0.076436042797345866 -0.12019409544568629 0.057960865163162449 -0.11376748844455553 -0.13760212554494286 0.098957764226236783 -0.11125824543529049 -0.035497629943123513
leaf_weight=0.94284831032928085 4.9763879051824906 0.50815607886216696 0.76293907357285207 0.97480124848698224 4.2190613530128749 0.90942683749562903 1.245640943510806 3.0749397622275856 0.72686686865927175 0.2912197473924597 1.2948470400060603 0.6201261181377048 0.8384603032900485 0.71297752259124525 0.97509702240677043 0.31327659529779228 11.686295741741569 0.46013129112543438 0.75402571828453835 1.4881902150809763 1.0531315878324674 0.99487082261475734 1.148075345205142 0.74189376488356984 4.3890140474832142 0.66599915013648647 0.46391437295096682 0.19684239302296191 0.46772916678674015 2.6835136872759895
leaf_count=3922 140 637 245 167 208 1191 45 42 25 6 151 394 95 44 84 32 611 104 34 9 32 265 13 26 130 26 91 2 99 130
internal_value=-0.00062641 -0.00306797 -0.0516899 -0.00117865 0.000451267 -0.00293633 -0.000371403 0.00257866 -0.0539475 -0.00287252 -0.0016323 -0.0259818 -0.00544702 0.0138637 0.00477544 0.00171642 0.00585324 0.00828404 0.0319347 0.049261 0.012239 -0.0723192 0.0106332 0.00708561 0.0116799 0.00193674 0.0415929 -0.0671299 0.00713025 0.0109837
internal_weight=50.5807 45.6043 1.70579 43.8985 42.9237 38.7047 37.7952 35.8227 1.97251 32.7478 32.4566 6.76176 5.46691 4.62845 25.6948 24.7197 23.4116 22.9034 4.00833 3.29535 1.80716 1.30815 22.4433 21.2952 20.5533 15.5035 5.04977 0.660757 14.8375 14.3698
internal_count=9000 8860 4167 4693 4526 4318 3127 3057 70 3015 3009 759 608 513 2250 2166 1869 1232 119 75 66 297 1128 1115 1089 866 223 93 840 741
is_linear=0
shrinkage=0.1


Tree=91
num_leaves=31
num_cat=0
split_feature=5 11 4 8 13 1 19 17 8 10 0 15 4 13 1 18 13 12 9 0 1 8 2 19 8 6 19 10 1 19
split_gain=0.241328 0.233823 0.264044 0.301063 0.292458 0.775379 0.613722 0.44529 0.595811 0.641577 0.352427 0.565663 0.724795 0.575672 0.506432 0.683801 0.507088 0.588938 0.962795 0.742466 0.840279 0.97479 1.06084 1.4451 0.9511 0.918134 0.893852 0.560213 0.871133 0.505181
threshold=0.012768804859852987 1.2634628343555223e-09 3.1949084047744643e-11 3.3050139093450614e-11 1.7300260066986086 0.29015591829828102 -0.019422639161348339 0.093417080965909102 9.2155085178415266e-11 2.6369501352310185 8.8570660717273775e-10 4.5323895392357379e-05 4.3442896558558373e-11 1.7425646185874941 0.34444271008666466 0.10552197694249284 1.8140041232109072 0.22048480063676837 0.031590678658747644 1.3668484216941307e-09 0.40824111603263397 1.644976858771385e-10 4.8906806544120719e-10 0.5255679488182069 1.3919345245449148e-10 2.3433171138372797e-10 1.4571715593338015 2.6294180154800419 0.39060892121847907 0.87156164646148693
decision_type=2 2 2 2 2 2 2 2 2 2 2 2 2 2 2 2 2 2 2 2 2 2 2 2 2 2 2 2 2 2
left_child=-1 -2 3 -3 5 7 -7 -4 -9 -10 -6 -12 -13 -14 15 -15 -16 19 -19 -18 27 22 -22 -24 25 26 -25 -21 -29 -20
right_child=1 2 4 -5 10 6 -8 8 9 -11 11 12 13 14 16 -17 17 18 29 20 21 -23 23 24 -26 -27 -28 28 -30 -31
leaf_value=-0.10211100255906536 -0.10461441500777058 -0.10447201265454156 0.061259375356557448 0.091810285128005695 -0.07559905566928482 0.046621596061769584 -0.089535735240114447 -0.11369278189605406 0.086321554128157008 -0.06537693831502471 0.049757225547705862 -0.085978765494068549 -0.114044365537603 0.055850051411535311 -0.075937674710240988 -0.084814820241950764 -0.11167444466124998 -0.083874271237525222 -0.033555860833234197 0.077514327647507847 0.071338539765822565 0.076823341935014611 0.017996372997665922 -0.12059678897479582 0.023040841034708603 0.092320349021132148 0.026266983523943951 -0.035887650932393718 0.057849770411818241 0.0093865627471280237
leaf_weight=0.23324241189584327 0.21332161457939847 0.091047048299514155 1.1178560949556406 0.55140225646027829 0.57532883742896856 0.40041290446970013 1.9109539006622109 0.4839607837893708 0.62752454791916512 0.50168233594195044 2.457634456048253 0.94993336798870487 0.41972530775819805 3.0873904149448204 0.85594385484910063 0.38914726121402043 0.46372446755777019 1.7036519148823561 3.9623981390232066 2.9029810071224373 1.3839784195588425 1.4631792381842377 4.4845428495100332 2.8967736010272356 1.0382594811380839 0.26915199117502187 0.48359983933005413 1.6577490011113694 2.46655113621091 8.8766163296932046
leaf_count=1044 648 193 119 46 178 132 3024 51 23 335 145 95 62 415 159 202 43 140 328 41 93 48 135 180 26 8 98 24 28 937
internal_value=-0.000635202 -0.000149061 0.000310673 0.0639934 -0.000544698 -0.0233231 -0.0659483 0.0127523 -0.0208611 0.0189252 0.00213962 0.00319914 0.000320964 0.00243353 0.00370715 0.0401047 8.2384e-05 0.00199319 -0.0132392 0.0133471 0.0163909 0.000330673 -0.0102718 -0.0225856 -0.0614082 -0.0854332 -0.0995863 0.0438604 0.0201723 -0.0038664
internal_weight=48.9197 48.6864 48.4731 0.642449 47.8307 5.04239 2.31137 2.73102 1.61317 1.12921 42.7883 42.2129 39.7553 38.8054 38.3856 3.47654 34.9091 34.0532 14.5427 19.5105 19.0468 12.0195 10.5563 9.17233 4.68778 3.64953 3.38037 7.02728 4.1243 12.839
internal_count=9000 7956 7308 239 7069 3684 3156 528 409 358 3385 3207 3062 2967 2905 617 2288 2129 1405 724 681 588 540 447 312 286 278 93 52 1265
is_linear=0
shrinkage=0.1


Tree=92
num_leaves=31
num_cat=0
split_feature=3 9 17 17 0 17 12 7 4 10 7 18 12 1 3 17 10 19 13 9 19 10 2 8 2 12 19 5 12 15
split_gain=0.231077 0.374716 1.28452 0.351444 0.436064 0.349249 0.338511 0.284752 0.900371 1.19649 1.17821 0.802086 0.759826 0.661206 0.59867 0.923208 0.882745 1.15529 0.640405 0.760071 0.624682 0.703659 0.613571 1.26918 0.640498 0.531116 0.516883 0.600903 0.499088 0.424246
threshold=0.2581013561976726 0.028536792228194451 0.065007990056818191 0.059725674715909095 1.0932292549761047e-08 0.08116566051136366 0.20760919153690341 0.030071707300680105 6.2115950000006284e-11 2.5310573577880864 0.02282280540324744 -0.028552725572477684 0.192834347486496 0.40169510027609628 0.13406698286069521 0.09288441051136366 2.6740026473999028 0.27034345269203192 1.7035121321678164 0.03477810928529556 0.28959298133850103 2.7269775867462163 1.3552877263874558e-09 2.2706248675528317e-10 5.4186803619726582e-10 0.24948038905858996 -0.019422639161348339 0.031339137092293516 0.20402278751134875 6.8908062530681504e-05
decision_type=2 2 2 2 2 2 2 2 2 2 2 2 2 2 2 2 2 2 2 2 2 2 2 2 2 2 2 2 2 2
left_child=3 2 -2 4 -1 -3 -4 8 9 11 13 -5 26 -10 15 -14 18 -18 19 -16 -19 -22 24 -24 -23 -25 -9 -28 -13 -26
right_child=1 5 6 7 -6 -7 -8 12 10 -11 -12 28 14 -15 16 -17 17 20 -20 -21 21 22 23 25 29 -27 27 -29 -30 -31
leaf_value=-0.078293303432232009 0.050892491294670272 0.08560021331947415 -0.15177987713361032 -0.10501826367300877 0.10006892235085328 0.0060557107863214565 -0.036420254221208051 0.096181067843722559 0.065997248405578607 -0.12248275843579853 0.064051022014375764 0.048817005184526661 -0.1123041993852778 -0.085630320885402914 -0.088729479545040915 -0.00040011821631875607 -0.11657351379851605 0.0910346031936069 0.049496534099557177 0.0368235660925674 -0.11513943042669886 -0.10433576301243226 -0.16375941088593596 0.10095864802743285 -0.0062246218380362338 -0.058244413641206555 -0.11157693638103719 0.078409603415605336 -0.11140146453927441 0.028248584474901126
leaf_weight=1.0760259064554691 1.5726506252140091 1.2380486740730705 0.50173462269594871 0.51028945903635836 0.15708032879047085 0.9960414557281182 0.51594272605143487 0.1679885988123716 0.40560115528569418 0.93425988408853289 4.3753689381210279 2.0608133181358412 1.2046002874012658 0.98848906670173164 0.84423866964425798 1.9001876375987192 0.94305029363477189 0.67890784587689523 5.4663610382267507 1.1242782655754124 0.5789434008802371 0.53935696854023518 0.69215434906072804 0.40794677031226456 9.6406860827955807 0.43087723419648682 1.3675759006055179 0.18955366949739993 0.21467871917047876 5.6691257839520395
leaf_count=4003 52 10 12 301 22 33 33 2 169 57 157 332 309 66 108 1516 109 18 114 47 89 261 12 4 567 58 193 32 25 289
internal_value=-0.000614628 0.020127 -0.00575521 -0.00296534 -0.0555725 0.0501363 -0.0932948 -0.00139598 0.0138087 -0.0245517 0.0385427 0.00829121 -0.0059267 -0.0415153 -0.00223006 -0.0438168 0.00254927 -0.00858923 0.0318845 -0.0170224 -0.00312541 -0.00668494 -0.00307226 -0.0635262 0.0027674 0.0191811 -0.0704704 -0.0884494 0.0337014 0.00654059
internal_weight=47.3929 4.82442 2.59033 42.5684 1.23311 2.23409 1.01768 41.3353 9.4895 3.72004 5.76946 2.78578 31.8458 1.39409 30.1207 3.10479 27.0159 19.581 7.43488 1.96852 18.638 17.9591 17.3801 1.53098 15.8492 0.838824 1.72512 1.55713 2.27549 15.3098
internal_count=9000 140 97 8860 4025 43 45 4835 1107 715 392 658 3728 235 3501 1825 1676 1407 269 155 1298 1280 1191 74 1117 62 227 225 357 856
is_linear=0
shrinkage=0.1


Tree=93
num_leaves=31
num_cat=0
split_feature=12 5 2 10 6 6 5 1 13 1 10 7 1 12 8 1 15 11 5 18 3 14 8 10 10 1 1 12 2 15
split_gain=0.220639 0.379537 0.370837 0.291102 0.316662 0.484738 0.253205 0.382731 0.363272 0.342091 0.243681 0.41217 0.358216 0.937896 0.869412 0.638422 0.490722 0.982853 0.761153 0.730429 1.26655 0.667389 0.758325 1.81257 0.631689 1.12198 0.814583 0.58765 0.598116 0.49492
threshold=0.38862882554531103 0.047348086419355652 1.3552877263874558e-09 3.4681133031845097 8.1922802388417943e-10 5.8362997121810312e-10 0.031894260447006412 0.21786094035600728 1.544215261936188 0.16130828768992753 3.2087347507476811 0.083173892660801454 0.46596260971689274 0.20560871064662936 1.419176321411982e-10 0.49942539911377953 6.4824242144823088e-05 4.4727723746973433e-09 0.025167915759458048 -0.02430068046404895 0.24143731157644441 0.013512248639017345 1.5563999887937259e-10 2.7992490530014043 2.8405240774154668 0.42361485589797149 0.44949648233185885 0.24948038905858996 1.284952951451406e-09 5.6533646784373566e-05
decision_type=2 2 2 2 2 2 2 2 2 2 2 2 2 2 2 2 2 2 2 2 2 2 2 2 2 2 2 2 2 2
left_child=1 3 -3 4 5 6 8 -8 9 -1 11 12 16 14 15 -14 17 18 21 20 -18 22 23 27 -21 -26 -27 28 29 -10
right_child=-2 2 -4 -5 -6 -7 7 -9 10 -11 -12 -13 13 -15 -16 -17 19 -19 -20 24 -22 -23 -24 -25 25 26 -28 -29 -30 -31
leaf_value=0.098676781411407663 -0.10314168436534406 -0.10736894250134253 0.099470942184022915 -0.10794226701013415 0.093220068002496007 -0.11163680758156858 0.096701015197746487 -0.11675260119103853 0.00099464209228809037 -0.10351286641124553 0.038214160621584975 -0.10353398012849541 -0.09941980236822856 -0.090374407691461156 0.084314855958830925 0.0099321688702856559 0.033843300482896847 -0.11593820523152387 -0.1131964903463218 0.09576351489208304 -0.10346833916953731 -0.10756520441141493 0.044989336198677843 -0.11451129607514177 0.094491919505351074 -0.10592991169209079 0.028202070752060798 -0.10680761441056147 -0.12446099793709271 0.036758338683987445
leaf_weight=0.098363175009580028 0.20892801013724138 0.10041361134426452 0.63371610749163665 0.25455255423366807 0.35613011815439577 0.39571811098357912 0.10679567002080048 0.39356125189624436 14.460391280796129 0.56058983967159293 1.7333327391243063 0.38141037712193693 0.81696810210087267 1.4981804764429396 0.97492326515566663 1.5408473645948104 1.9732205452091878 0.73601407231399107 0.56964495049214647 1.8593514437525289 1.0184742302444645 0.52901563717386935 4.1664339745966563 1.3340657045609976 1.2766626014999931 0.77078123611136096 1.0973603060992898 0.45336664764181378 0.33360284310765465 5.2831933688594281
leaf_count=8 700 93 63 90 52 159 46 483 1284 3425 218 355 202 234 21 396 48 64 136 21 21 144 208 142 21 26 23 150 8 159
internal_value=-0.000611238 -0.00014257 0.0711796 -0.00130682 -0.000699812 -0.00145378 -0.000462085 -0.0711933 0.000352131 -0.0733316 0.00148638 -6.35432e-05 0.000906284 -0.0246569 0.00488537 -0.0279576 0.00434991 -0.00191624 0.00117712 0.0261876 -0.0129022 0.00363013 0.0058899 -0.00156073 0.0495571 0.0222377 -0.0271398 0.00577874 0.00832107 0.0105647
internal_weight=45.916 45.7071 0.73413 44.973 44.7184 44.3623 43.9666 0.500357 43.4662 0.658953 42.8072 41.0739 40.6925 4.83092 3.33274 2.35782 35.8616 27.8657 27.1297 7.99585 2.99169 26.5601 26.0311 21.8646 5.00416 3.1448 1.86814 20.5306 20.0772 19.7436
internal_count=9000 8300 156 8144 8054 8002 7843 529 7314 3433 3881 3663 3308 853 619 598 2455 2295 2231 160 69 2095 1951 1743 91 70 49 1601 1451 1443
is_linear=0
shrinkage=0.1


Tree=94
num_leaves=31
num_cat=0
split_feature=3 9 9 17 11 1 17 2 0 19 2 3 0 13 10 14 2 10 9 6 5 18 5 19 10 12 15 18 4 14
split_gain=0.223885 0.427099 0.842577 0.240154 0.429498 0.417314 0.399005 0.416953 0.972561 0.538834 0.462673 0.408642 0.393966 0.384294 0.354737 1.39079 0.56306 0.522876 1.23888 0.547335 0.402881 0.803378 0.559614 0.421454 0.861423 0.332293 0.32805 0.32736 0.97568 0.712278
threshold=0.26873553956328683 0.028536792228194451 0.018449757644382354 0.061012961647727279 7.7436017598131473e-09 0.51091377292232565 0.062389026988636374 1.3552877263874558e-09 2.9685221602503021e-09 0.76218184828758251 1.1398405420284051e-09 0.24143731157644441 2.2794232088961916e-09 1.544215261936188 2.7928006649017338 0.011646948754787447 4.8481943765402797e-10 3.029453039169312 0.06678265287078114 4.6399954205227875e-10 0.02491727196767533 -0.057329177644781078 0.021181660316048141 1.0559915304183962 2.991822481155396 0.16620664298534396 8.9697747171157985e-05 0.07264734559099785 8.4383867061659594e-11 0.011143247596919538
decision_type=2 2 2 2 2 2 2 2 2 2 2 2 2 2 2 2 2 2 2 2 2 2 2 2 2 2 2 2 2 2
left_child=3 2 -2 4 -1 6 -5 10 -9 -10 11 13 -12 -8 27 -16 -17 20 -19 -20 21 -18 23 -23 -25 -6 -21 29 -29 -15
right_child=1 -3 -4 5 25 -7 7 8 9 -11 12 -13 -14 14 15 16 17 18 19 26 -22 22 -24 24 -26 -27 -28 28 -30 -31
leaf_value=-0.091219717711120932 0.041004040986989586 0.064047063006260938 -0.089621657903187504 0.059215016432404448 0.063349793637049331 -0.071652226354440421 -0.1034675207555027 -0.14609917509653633 -0.063719731748838243 0.058463652033063307 -0.018040420425729124 -0.072394509451177355 0.050691395978932553 0.0044783341791244788 -0.11123787386459605 -0.10511007841062588 -0.11151141024100447 -0.10825366778434076 0.05808799187373978 -0.1059514120045167 0.08609186264906861 0.064110886866022315 -0.064527767526376872 -0.11466789805926206 0.097155267822241737 -0.090173631234689786 0.044713405034637402 0.041158242452343355 -0.14035785958686806 -0.11423789678630664
leaf_weight=0.81062778508930822 1.3894308318267574 1.5016298987575281 0.76605652019497927 1.1151345337366354 0.46723481988738058 0.82400263604904367 0.36328369862895371 0.65283968137737192 0.68237385563770636 0.76622617232351331 1.1427158499473069 0.82914481739862722 3.0864577036081755 14.248000211831826 1.3132835160940874 0.48940344907259614 0.46763043323517184 1.1720634950925162 1.3321464274804382 0.42182534537278105 0.89100762877205841 2.4286475459375643 0.56267849413416104 0.43177963355992677 0.34569571755127981 0.2019096827825706 0.2198289647931233 4.7245712095236732 0.31592822996390157 0.52397891058717583
leaf_count=4064 46 27 32 137 80 167 570 23 20 29 22 33 61 917 159 920 42 210 130 450 23 46 45 51 7 38 63 423 25 140
internal_value=-0.000600232 0.0231034 -0.00542011 -0.00272333 -0.042272 -0.00123611 0.000269936 -0.00148706 -0.0447615 0.000908257 0.00108838 -0.00313412 0.0321202 -0.00123582 6.77446e-06 -0.0152698 -0.000886912 0.00527836 -0.0268168 0.0215412 0.0249699 0.0121147 0.0274542 0.0435971 -0.0204831 0.0170252 -0.0543341 0.00777596 0.0297812 0.000267334
internal_weight=44.4875 3.65712 2.15549 40.8304 1.47977 39.3506 38.5266 37.4115 2.10144 1.4486 35.3101 31.0809 4.22917 30.2518 29.8885 10.076 8.76271 8.2733 3.14586 1.9738 5.12744 4.23643 3.7688 3.20612 0.777475 0.669145 0.641654 19.8125 5.0405 14.772
internal_count=9000 105 78 8895 4182 4713 4546 4409 72 49 4337 4254 83 4221 3651 2146 1987 1067 853 643 214 191 149 104 58 118 513 1505 448 1057
is_linear=0
shrinkage=0.1


Tree=95
num_leaves=31
num_cat=0
split_feature=5 7 2 3 13 18 18 4 12 8 7 8 12 8 7 2 1 7 1 18 17 7 15 12 15 1 12 7 18 13
split_gain=0.204684 0.229896 0.567867 0.736089 0.733918 0.666368 0.619614 0.603627 0.529482 0.509667 0.848763 0.414762 0.786752 0.464988 0.392267 0.35644 0.407762 0.583091 0.804481 0.776917 0.547904 0.526216 0.440248 0.4309 1.41699 0.768273 0.522931 0.93248 0.658605 0.631821
threshold=0.084831120577947297 0.056608443030984577 5.4186803619726582e-10 0.18712316266053677 1.4738776683807375 0.12859021884981883 0.19521038818427111 3.4029982354059184e-11 0.24101646244525912 4.464336958094912e-10 0.11300399591015696 1.8358078915943455e-10 0.26149880886077886 8.7136613523739402e-10 0.047045088089532373 3.005942229857953e-10 0.2853150718411786 0.047045088089532373 0.35974813826719043 -0.048077710565518246 0.094438032670454572 0.04648427432135032 7.3046168836299344e-05 0.22180920094251635 5.9305164541001438e-05 0.44174390016908593 0.20088397711515429 0.03615904179391604 -0.10270811312577939 2.0932073593139653
decision_type=2 2 2 2 2 2 2 2 2 2 2 2 2 2 2 2 2 2 2 2 2 2 2 2 2 2 2 2 2 2
left_child=1 11 7 5 -5 8 -6 -3 -4 -10 -11 15 14 -14 -13 -1 -17 20 19 -19 21 23 -20 26 -25 -26 27 28 -18 -28
right_child=-2 2 3 4 6 -7 -8 -9 9 10 -12 12 13 -15 -16 16 17 18 22 -21 -22 -23 -24 24 25 -27 29 -29 -30 -31
leaf_value=-0.10312163185388482 0.10003122011213449 0.050029619284286911 -0.10534357864980877 0.10035960147785424 -0.08765882599524262 -0.10314840286620718 0.064517912776557509 -0.089816732208814531 0.058525941613129739 -0.10932184546087216 0.06991137257633899 0.009863813222043322 -0.10911353397005355 0.10057287575595755 0.083204609029211257 0.050195150782790757 -0.077477885518050849 -0.10938446487076513 -0.11110883055237947 0.039253073395692333 -0.11100186503658216 0.08297964943478861 0.05632672467571586 -0.11625382903845988 0.080896497822334934 -0.06044994909733984 0.044705718380464776 -0.094256654183167726 0.010013205189627021 -0.018189593416962451
leaf_weight=0.33868598261506377 0.20118449279107053 0.3832096836740656 0.26958168399869453 0.30001568421721492 1.9057001463434065 0.40495624540380948 0.31126405679970037 1.5863569170060143 3.2844764027340716 0.53801611157359708 0.51916048372004298 1.179229547287832 0.51441442754367006 0.13312302272606757 1.9112515315682683 1.5372021871007771 0.93849757007320711 0.4645339086127932 1.4349873982519055 1.4471896125396591 0.41593453821769699 0.83032589530921441 0.17633423833467521 1.2143058120454946 0.99996507976902627 0.62482492083654506 5.7091909797782128 1.0868142449307914 10.338618167599638 2.2175813946305425
leaf_count=2539 35 48 25 5 186 209 11 1419 171 180 163 43 127 2 35 69 857 41 187 70 93 21 4 76 15 50 134 155 1939 91
internal_value=-0.00059975 -0.0010704 -0.0147992 -0.00229967 -0.0464286 0.019843 -0.0662931 -0.0626075 0.030644 0.0390877 -0.0213036 0.00282246 0.0342202 -0.0660055 0.0552201 -0.00111927 5.43371e-05 -0.00270835 -0.0407357 0.00313531 0.00278769 0.00476302 -0.0927856 0.00195516 -0.0345338 0.0265407 0.00706072 -0.00579343 0.00273207 0.0271102
internal_weight=43.2169 43.0157 9.50274 7.53317 2.51698 5.01619 2.21696 1.96957 4.61123 4.34165 1.05718 33.513 3.73802 0.647537 3.09048 29.775 29.4363 27.8991 3.52305 1.91172 24.3761 23.9601 1.61132 23.1298 2.8391 1.62479 20.2907 12.3639 11.2771 7.92677
internal_count=9000 8965 2417 950 202 748 197 1467 539 514 343 6548 207 129 78 6341 3802 3733 302 111 3431 3338 191 3317 141 65 3176 2951 2796 225
is_linear=0
shrinkage=0.1


Tree=96
num_leaves=31
num_cat=0
split_feature=5 5 19 5 13 1 14 9 17 9 6 15 13 13 12 3 15 4 8 12 13 4 4 18 18 19 19 6 6 2
split_gain=0.20196 0.202836 0.200243 0.463619 0.225671 0.932171 0.39731 0.329211 0.260287 0.450375 0.374701 0.258567 1.55604 0.953075 0.561912 0.430475 0.603428 0.414286 0.408691 0.389 0.365592 0.556136 0.753944 0.82594 0.632453 0.449555 0.581936 0.351522 0.932573 0.849902
threshold=0.012768804859852987 0.012861319999693184 -0.019422639161348339 0.017481912006487372 1.7300260066986086 0.2853150718411786 0.0074233680497854957 0.014536674288277271 0.093417080965909102 0.03477810928529556 1.7707330565674907e-10 4.7347990403068259e-05 1.8140041232109072 1.8408164978027346 0.23348095268011096 0.13680509867631055 4.2371428207843571e-05 4.3442896558558373e-11 1.9077430227797763e-10 0.14241629838943484 1.8360107541084292 4.776571854272797e-11 6.1126822176403724e-11 0.10839925875717944 0.13552147542676807 0.56374877691268932 0.57465624809265148 8.7211150636782292e-11 9.2741326736453605e-11 5.9366433277357273e-10
decision_type=2 2 2 2 2 2 2 2 2 2 2 2 2 2 2 2 2 2 2 2 2 2 2 2 2 2 2 2 2 2
left_child=-1 -2 3 -3 5 8 7 -7 -4 -10 -11 13 -13 14 15 16 -6 -14 -16 -15 25 -22 23 -23 -25 -19 -27 -24 -29 -30
right_child=1 2 4 -5 11 6 -8 -9 9 10 -12 12 17 19 18 -17 -18 20 -20 -21 21 22 27 24 -26 26 -28 28 29 -31
leaf_value=-0.10209915570851116 0.089396900264765128 -0.10670853832342773 0.058252297340840246 0.076665250509523789 0.082905519936397665 -0.10264165984003089 -0.10719654760357854 0.058789207244731745 -0.11322869691449577 0.044084353452639093 -0.10431178830912374 -0.11084381193996894 -0.10708649119171972 0.0995938343120433 -0.10667954747968081 0.088144260656111209 -0.11832340652574942 0.07264162933360914 0.087028291519163636 -0.10625463508867464 0.073219469509503518 -0.1117677902521034 0.03784631507424692 0.078103354350148826 -0.11080766456065275 0.1009698074641618 -0.11082518402000084 -0.13120728851439237 -0.08538421756950311 0.006225838953295558
leaf_weight=0.19511661718752193 0.25158027063025556 0.16710990603314613 0.93464471884180911 0.78812267744433484 0.33070644627332546 0.20777230036037497 1.3013537190572604 0.32227808008610737 0.3249103791968081 1.0166527740511808 0.20435508344507969 1.2646723185462168 0.34219477218357752 0.10716021368534701 0.3558377695881062 2.1015750671576825 0.27124721912332461 1.5042611482640524 0.15696299518822343 0.64056337714282563 1.0171298236964528 1.2394007860693848 2.5504709390024827 0.55528895161114622 0.2602929036529531 0.20580284297466267 0.35097060113730549 0.53953035559971141 1.0635205583885206 21.194719977152999
leaf_count=1044 36 107 458 96 39 2878 537 18 46 86 314 348 53 12 67 37 36 30 28 173 59 180 142 16 102 1 69 13 776 1199
internal_value=-0.000598602 -0.000122202 -0.000667253 0.0445855 -0.00173817 -0.0233588 -0.0774707 -0.00448942 0.0165921 -0.00859511 0.0192479 0.000847719 -0.00212886 0.0249425 0.0485845 0.0667884 -0.00777054 0.00233165 -0.0473876 -0.0767534 0.00356002 0.000610786 -0.00208424 -0.06034 0.0178124 0.044228 -0.0325384 0.00263855 -0.00130027 0.00184862
internal_weight=41.7662 41.5711 41.3195 0.955233 40.3643 4.31197 1.8314 0.53005 2.48056 1.54592 1.22101 36.0523 32.0883 3.96405 3.21633 2.70353 0.601954 30.8236 0.512801 0.747724 30.4814 28.4204 27.4032 2.05498 0.815582 2.06103 0.556773 25.3482 22.7978 22.2582
internal_count=9000 7956 7920 203 7717 4337 3433 2896 904 446 400 3380 2988 392 207 112 75 2640 95 185 2587 2487 2428 298 118 100 70 2130 1988 1975
is_linear=0
shrinkage=0.1


Tree=97
num_leaves=31
num_cat=0
split_feature=5 12 5 2 11 15 8 2 11 8 1 10 5 15 13 12 14 10 4 5 7 6 19 19 17 9 10 3 3 8
split_gain=0.1823 0.180487 0.310408 0.287279 0.248831 0.250785 0.558585 0.369918 0.294674 0.653846 0.534332 0.810164 0.593038 0.633574 0.562325 0.442614 0.876145 0.427635 0.551861 0.379685 0.514636 0.604048 0.636198 0.794984 0.535603 0.478571 0.623775 0.391556 0.388155 0.455419
threshold=0.012768804859852987 0.38862882554531103 0.047348086419355652 1.3552877263874558e-09 1.1798658494655003e-08 8.9697747171157985e-05 4.464336958094912e-10 2.3799135350259901e-09 7.4677113381937959e-09 1.644976858771385e-10 0.45829928206053333 2.7774140834808354 0.025167915759458048 6.9465968408621861e-05 2.2591099739074711 0.25103418529033666 0.011928311083465816 2.7347414493560795 4.776571854272797e-11 0.025036910342321372 0.056608443030984577 4.5000672162970762e-10 0.56374877691268932 0.41181656718254095 0.083917791193181837 0.041995084145272248 2.8233417272567753 0.12270853486576901 0.12355364643194415 9.5474696910363023e-11
decision_type=2 2 2 2 2 2 2 2 2 2 2 2 2 2 2 2 2 2 2 2 2 2 2 2 2 2 2 2 2 2
left_child=-1 2 4 -4 5 6 7 8 10 -10 12 17 13 14 19 16 -14 18 -12 20 25 22 23 24 -22 26 27 -2 -29 -30
right_child=1 -3 3 -5 -6 -7 -8 -9 9 -11 11 -13 15 -15 -16 -17 -18 -19 -20 -21 21 -23 -24 -25 -26 -27 -28 28 29 -31
leaf_value=-0.1019055252690575 -0.10335029702991259 -0.10253206127845588 -0.10562931173594917 0.099274935940566009 -0.091096321229510863 0.046394085954345514 -0.10813219701621234 -0.17212005410820663 -0.036964879455148085 0.086232702561070629 0.064906820568902124 -0.11221797402819843 -0.090886164485874055 0.044838207880010097 -0.075891894875787624 -0.11993397909742892 0.071261879602987535 0.046869560179491045 -0.08323728417023761 0.098786803605911661 0.08647326340254409 0.071617289922480051 -0.10450315937146859 0.047692666843802689 -0.10787159124137589 0.05660323924049792 -0.069480085286547588 0.09746315296632313 -0.0029447228432897105 0.032691310547889721
leaf_weight=0.17686722393864229 0.31363058413082967 0.17148248777630115 0.078909732892497142 0.51486913216649555 0.30284334670977742 1.1266937395157572 0.48480408523118868 0.12459997832775016 0.6932469633720747 1.1379173853711106 0.3453627894641611 1.055248241216759 0.74538469870731094 3.653805079549783 0.93137844639568257 0.62989678280791839 0.60266958738429821 0.90952788058893919 0.92477746551867313 0.40895720458683982 0.16963434639183128 0.48770941671682511 1.2327794559096217 1.0447037933699901 0.86444272568951419 1.8262914880251617 1.1171724106479803 0.48653172142622025 12.932165069734767 4.9622447282417843
leaf_count=1044 1491 699 93 63 32 54 346 1 34 26 126 149 856 59 109 219 11 44 816 15 6 123 582 106 219 81 52 28 1320 196
internal_value=-0.000603538 -0.000158723 0.000278973 0.0720444 -0.000799437 -0.000102046 -0.00147758 -0.000102403 0.000469528 0.0395922 -0.00154033 -0.0402942 0.00232785 0.00577652 0.00044656 -0.0507312 -0.0183952 -0.00547349 -0.0429555 0.00319744 0.00166065 -0.0322841 -0.0475862 -0.0138328 -0.0759904 0.00762077 0.00310546 0.00744311 0.00933356 0.0069374
internal_weight=40.4565 40.2797 40.1082 0.593779 39.5144 39.2116 38.0849 37.6001 37.4755 1.83116 35.6443 3.23492 32.4094 30.4314 26.7776 1.97795 1.34805 2.17967 1.27014 25.8463 25.4373 3.79927 3.31156 2.07878 1.03408 21.638 19.8117 18.6946 18.3809 17.8944
internal_count=9000 7956 7257 156 7101 7069 7015 6669 6668 60 6608 1135 5473 4387 4328 1086 867 986 942 4219 4204 1036 913 331 225 3168 3087 3035 1544 1516
is_linear=0
shrinkage=0.1


Tree=98
num_leaves=31
num_cat=0
split_feature=0 1 11 1 13 19 3 12 9 3 9 10 8 18 14 7 14 10 13 15 3 13 1 11 2 4 13 18 10 18
split_gain=0.167889 0.243025 0.168008 0.214541 0.376406 0.275153 0.358534 0.244621 0.405606 0.468796 0.325612 0.24313 0.380491 0.360724 0.283948 0.363298 0.260904 0.347548 0.303465 1.0687 0.908535 0.34419 0.443144 0.346924 0.404364 0.399059 0.761905 0.808979 0.828522 1.06928
threshold=1.0932292549761047e-08 0.56682763701671257 1.2634628343555223e-09 0.24750760972167921 1.6759046316146853 0.081138364970684065 0.17941970017792797 0.23648788034915927 0.018449757644382354 0.23563214416823028 0.014536674288277271 2.3232105970382695 4.8170583287444617e-11 -0.028552725572477684 0.0074233680497854957 0.015044872263472469 0.0082051279023289698 2.4544433355331425 1.8140041232109072 4.7347990403068259e-05 0.14931227331480049 1.8360107541084292 0.36924953468574528 2.4931317010867819e-09 4.0178309984595378e-10 7.1719520937232514e-11 2.1107975244522099 -0.10591197305951604 2.6294180154800419 -0.056290234015746544
decision_type=2 2 2 2 2 2 2 2 2 2 2 2 2 2 2 2 2 2 2 2 2 2 2 2 2 2 2 2 2 2
left_child=1 2 -1 -4 7 6 -6 8 9 10 -5 13 14 -7 15 -13 -14 -18 19 20 -19 22 -20 -23 -25 26 27 -26 -29 -30
right_child=-2 -3 3 4 5 11 -8 -9 -10 -11 -12 12 16 -15 -16 -17 17 18 21 -21 -22 23 -24 24 25 -27 -28 28 29 -31
leaf_value=-0.10320235571606647 0.10004311867757579 -0.10393696248083806 0.052049761944937989 -0.10116491498654068 -0.05564550904982693 -0.10397583309944967 0.064389153860419643 0.017904583603454816 -0.10562439368455692 -0.11454561970975918 0.090747272482215591 -0.11113626790365566 -0.10474093192903176 0.070067323291630526 -0.10591321162933509 0.071616687540601728 0.06579432908771618 -0.10955109047762235 0.066535654111908635 -0.10979423308468764 0.052307318010140907 -0.10556164885881125 -0.039386704705114559 0.064403885931137189 -0.11485994290307247 0.004443497325324417 -0.11308654752939114 0.060170229077455152 0.066321625038458454 -0.089589797800629659
leaf_weight=0.15836660286640736 0.16507777734659512 0.22809446557039237 0.77623559623225347 0.11331228365815993 0.30693404656176326 0.13717768867627456 1.3146762020060121 0.53415871114793834 0.89856958987002145 0.2676714869649004 0.40226596535649151 0.18086785151899565 0.2362362454250605 0.90295586873798928 0.60390675080634537 0.27290460839867592 0.80053861127453529 0.45450507407622653 1.6246876113646096 1.0972237693313216 1.463348586385109 0.31281265753932785 0.52183800618513476 0.95012447659246646 0.62317504254679068 19.44602078709795 0.85539240433718067 1.6703791311447305 0.67140300213759463 1.2756379663333062
leaf_count=900 35 221 269 3293 61 118 45 243 308 78 20 74 49 124 88 27 52 137 69 399 39 92 31 302 52 1507 141 56 17 153
internal_value=-0.000592509 -0.00101737 -0.000413476 6.98989e-06 -0.00105782 0.00142301 0.0416693 -0.0410502 -0.0597746 -0.00717432 0.0485694 -0.000490816 -0.0019885 0.0471137 -0.0609997 -0.00122628 -3.82388e-05 0.000740384 -0.000941373 -0.0310826 0.0139491 0.00230991 0.0407851 -0.000890554 0.000393859 -0.00208424 -0.0269937 -0.00962751 0.00850094 -0.0358265
internal_weight=39.2665 39.1014 38.8733 38.715 37.9387 35.7227 1.62161 2.21598 1.68182 0.78325 0.515578 34.1011 33.061 1.04013 1.05768 0.453772 32.0033 31.7671 30.9665 3.01508 1.91785 27.9515 2.14653 25.8049 25.4921 24.542 5.09599 4.2406 3.61742 1.94704
internal_count=9000 8965 8744 7844 7575 3633 106 3942 3699 3391 3313 3527 3285 242 189 101 3096 3047 2995 575 176 2420 100 2320 2228 1926 419 278 226 170
is_linear=0
shrinkage=0.1


Tree=99
num_leaves=31
num_cat=0
split_feature=12 4 14 4 9 7 15 13 13 19 13 12 4 8 10 5 18 8 5 8 1 5 17 10 13 14 8 8 19 4
split_gain=0.162846 0.269562 0.292195 0.730627 0.298287 0.681788 0.662297 0.738719 0.328199 0.309755 0.352761 0.295969 0.428552 0.42635 0.7018 0.688 0.633756 0.395373 1.04055 0.810633 0.790201 0.513752 0.466287 0.96571 0.458174 0.434384 0.504635 0.412364 0.52896 0.613973
threshold=0.38862882554531103 4.2131514129340293e-10 0.01589030493050814 2.085831627959518e-10 0.04947147698335929 0.063831196664955889 6.9993599026929601e-05 1.9927980303764345 1.5872800946235659 1.3651204705238345 1.8182821869850161 0.24583188444375995 1.4625059784593116e-10 1.5563999887937259e-10 2.8318524360656743 0.02332200920907922 -0.038371521767906161 9.5474696910363023e-11 0.020678370255060693 8.2701896636393529e-11 0.3126535960205305 0.01303098268000822 0.074152166193181837 2.7347414493560795 1.6862602233886721 0.0099334167316555994 7.9615875192435642e-11 7.6761909898440411e-11 0.1935239061713219 6.2392824022156995e-11
decision_type=2 2 2 2 2 2 2 2 2 2 2 2 2 2 2 2 2 2 2 2 2 2 2 2 2 2 2 2 2 2
left_child=1 2 4 -4 5 11 7 9 -7 10 -6 13 -13 14 17 -16 -15 19 22 24 -21 -22 23 -19 -1 27 -27 28 -26 -30
right_child=-2 -3 3 -5 6 8 -8 -9 -10 -11 -12 12 -14 16 15 -17 -18 18 -20 20 21 -23 -24 -25 25 26 -28 -29 29 -31
leaf_value=-0.051448269878002828 -0.10233122154479049 0.063553564217157063 -0.1077780045968067 0.017270007722108967 -0.060816879357010835 0.053534791213519367 0.079333672613585815 -0.10800590361409197 -0.1088368898479803 -0.10633507739311476 0.051131160884844408 -0.056549127812515636 0.08967825713232945 -0.040671500050782357 -0.11891561323005473 0.013229369457564042 0.054662402165056037 -0.12495270995913399 -0.061536194576257364 0.055967680614269134 0.06240015163817713 -0.087279218146277884 0.057492130860258318 0.050253614415958936 0.060274487372828679 -0.10907140658641978 0.023996439623890468 0.061588687210591353 -0.042262196729710974 0.019574132481022639
leaf_weight=1.2910538852184057 0.15668802709114871 0.65233374745730444 0.85779102215565117 1.0262399185230604 0.33631332745972065 0.14627601560641679 1.4900056536644113 0.54231169970989856 0.83561535639637441 0.1732525099587291 1.7264141122723229 1.6331444321422157 0.22845949683687639 0.90278974775719723 0.97693766560405382 0.66027597192896792 3.0637312053586347 0.4759850178779732 1.2127457223969029 0.57291651622654116 0.25293557498298502 2.4554054811324022 4.1630165019523702 0.92780022317310795 1.6126476741064815 0.61117263045161851 0.53399259466095828 1.7857433938843303 2.5519380608711799 4.3303968442269252
leaf_count=4499 700 71 705 42 275 43 30 143 168 147 85 264 7 33 52 29 92 49 85 48 14 174 269 16 167 53 11 68 417 244
internal_value=-0.000594602 -0.000175431 -0.00128767 -0.0396638 0.000749384 -0.00264 0.0255446 -0.00330262 -0.0846478 0.022092 0.0328788 2.25195e-05 -0.0386038 0.00255611 -0.00238407 -0.0656225 0.0329642 0.00216137 0.0224001 -0.00641519 -0.0507299 -0.0733005 0.0406859 -0.00915404 0.005019 0.0113994 -0.0470216 0.0179069 0.00872453 -0.00335449
internal_weight=38.1863 38.0296 37.3773 1.88403 35.4933 31.225 4.2683 2.77829 0.981891 2.23598 2.06273 30.2431 1.8616 28.3815 24.415 1.63721 3.96652 22.7778 6.77955 15.9982 3.28126 2.70834 5.5668 1.40379 12.7169 11.4259 1.14517 10.2807 8.49498 6.88233
internal_count=9000 8300 8229 747 7482 6802 680 650 211 507 360 6591 271 6320 6195 81 125 6114 419 5695 236 188 334 65 5459 960 64 896 828 661
is_linear=0
shrinkage=0.1


end of trees

feature_importances:
hjorth_complexity=246
rel_bp_theta=216
kurtosis=199
rel_bp_alpha=196
rel_bp_delta=189
line_length=183
spectral_entropy=169
bp_gamma=166
zero_crossing_rate=162
skewness=158
bp_alpha=149
hjorth_mobility=149
bp_theta=141
bp_beta=141
rms_amplitude=117
hjorth_activity=112
rel_bp_gamma=111
bp_delta=105
rel_bp_beta=91

parameters:
[boosting: gbdt]
[objective: binary]
[metric: binary_logloss]
[tree_learner: serial]
[device_type: cpu]
[data_sample_strategy: bagging]
[data: ]
[valid: ]
[num_iterations: 100]
[learning_rate: 0.1]
[num_leaves: 31]
[num_threads: 2]
[seed: 42]
[deterministic: 0]
[force_col_wise: 0]
[force_row_wise: 0]
[histogram_pool_size: -1]
[max_depth: -1]
[min_data_in_leaf: 20]
[min_sum_hessian_in_leaf: 0.001]
[bagging_fraction: 1]
[pos_bagging_fraction: 1]
[neg_bagging_fraction: 1]
[bagging_freq: 0]
[bagging_seed: 400]
[bagging_by_query: 0]
[feature_fraction: 1]
[feature_fraction_bynode: 1]
[feature_fraction_seed: 30056]
[extra_trees: 0]
[extra_seed: 12879]
[early_stopping_round: 0]
[early_stopping_min_delta: 0]
[first_metric_only: 0]
[max_delta_step: 0]
[lambda_l1: 0]
[lambda_l2: 0]
[linear_lambda: 0]
[min_gain_to_split: 0]
[drop_rate: 0.1]
[max_drop: 50]
[skip_drop: 0.5]
[xgboost_dart_mode: 0]
[uniform_drop: 0]
[drop_seed: 17869]
[top_rate: 0.2]
[other_rate: 0.1]
[min_data_per_group: 100]
[max_cat_threshold: 32]
[cat_l2: 10]
[cat_smooth: 10]
[max_cat_to_onehot: 4]
[top_k: 20]
[monotone_constraints: ]
[monotone_constraints_method: basic]
[monotone_penalty: 0]
[feature_contri: ]
[forcedsplits_filename: ]
[refit_decay_rate: 0.9]
[cegb_tradeoff: 1]
[cegb_penalty_split: 0]
[cegb_penalty_feature_lazy: ]
[cegb_penalty_feature_coupled: ]
[path_smooth: 0]
[interaction_constraints: ]
[verbosity: -1]
[saved_feature_importance_type: 0]
[use_quantized_grad: 0]
[num_grad_quant_bins: 4]
[quant_train_renew_leaf: 0]
[stochastic_rounding: 1]
[linear_tree: 0]
[max_bin: 255]
[max_bin_by_feature: ]
[min_data_in_bin: 3]
[bin_construct_sample_cnt: 200000]
[data_random_seed: 175]
[is_enable_sparse: 1]
[enable_bundle: 1]
[use_missing: 1]
[zero_as_missing: 0]
[feature_pre_filter: 1]
[pre_partition: 0]
[two_round: 0]
[header: 0]
[label_column: ]
[weight_column: ]
[group_column: ]
[ignore_column: ]
[categorical_feature: ]
[forcedbins_filename: ]
[precise_float_parser: 0]
[parser_config_file: ]
[objective_seed: 16083]
[num_class: 1]
[is_unbalance: 0]
[scale_pos_weight: 1]
[sigmoid: 1]
[boost_from_average: 1]
[reg_sqrt: 0]
[alpha: 0.9]
[fair_c: 1]
[poisson_max_delta_step: 0.7]
[tweedie_variance_power: 1.5]
[lambdarank_truncation_level: 30]
[lambdarank_norm: 1]
[label_gain: ]
[lambdarank_position_bias_regularization: 0]
[eval_at: ]
[multi_error_top_k: 1]
[auc_mu_weights: ]
[num_machines: 1]
[local_listen_port: 12400]
[time_out: 120]
[machine_list_filename: ]
[machines: ]
[gpu_platform_id: -1]
[gpu_device_id: -1]
[gpu_use_dp: 0]
[num_gpu: 1]

end of parameters

pandas_categorical:[]
