tree
version=v4
num_class=1
num_tree_per_iteration=1
label_index=0
max_feature_idx=19
objective=binary sigmoid:1
feature_names=bp_delta rel_bp_delta bp_theta rel_bp_theta bp_alpha rel_bp_alpha bp_beta rel_bp_beta bp_gamma rel_bp_gamma spectral_entropy hjorth_activity hjorth_mobility hjorth_complexity line_length rms_amplitude variance zero_crossing_rate skewness kurtosis
feature_infos=[1.7290998178719587e-11:4.2637070089204053e-08] [0.012868393086247465:0.68678126953760943] [5.4511067598912403e-12:2.7246613306462143e-08] [0.0052087267016526695:0.24380251308825288] [2.0981635008511697e-12:1.4342290420955483e-08] [0.00199914514433193:0.13773608572113744] [3.0755425917673132e-12:1.5839304828594001e-08] [0.0028830208501007103:0.22921796808845202] [8.6026170835788429e-13:1.0122593232460035e-08] [0.00042436836692896275:0.34147220499603931] [0.36721134185791016:5.2615208625793457] [5.3122121285165136e-11:1.289652971081523e-07] [0.065248623490333557:0.89663106203079224] [0.97679179906845093:4.6064906120300293] [0.0020153357181698084:0.11150050908327103] [7.2376856223854702e-06:0.00034491036785766482] [5.3122121285165136e-11:1.289652971081523e-07] [0.02228338068181818:0.37593217329545453] [-1.7479070692577146:2.5196367901834575] [-0.40981826186180115:93.068817138671875]
tree_sizes=3407 3432 3443 3425 3450 3435 3429 3450 3435 3450 3445 3445 3445 3442 3461 3441 3454 3456 3463 3461 3463 3466 3470 3468 3449 3452 3449 3479 3467 3468 3453 3471 3470 3480 3463 3478 3456 3447 3485 3455 3480 3454 3473 3488 3448 3464 3462 3469 3454 3467 3452 3451 3476 3459 3471 3455 3441 3427 3476 3459 3464 3445 3456 3464 3410 3445 3491 3461 3430 3445 3447 3440 3466 3475 3475 3468 3475 3450 3453 3455 3464 3442 3468 3466 3466 3464 3494 3445 3462 3472 3456 3456 3457 3470 3455 3476 3500 3476 3488 3452

Tree=0
num_leaves=31
num_cat=0
split_feature=5 8 9 10 3 14 8 5 10 13 12 1 19 4 5 15 7 9 5 8 9 3 11 14 6 3 4 17 0 18
split_gain=1310.38 563.116 798.415 394.729 643.549 357.302 320.701 254.247 241.895 198.288 146.444 124.761 115.94 120.724 94.0453 92.526 90.458 80.5805 75.5057 79.0943 74.7662 66.2898 94.2103 61.8569 107.225 61.4635 57.2293 63.628 54.7938 42.9409
threshold=0.0065793102744237308 1.0887237660956348e-12 0.0070379970044221049 1.6557603478431704 0.09463853646446925 0.0039045131998136644 3.7376058062354909e-12 0.038161669602986767 1.5947250127792361 2.0543779134750371 0.29730185866355902 0.58119455888497618 2.2453397512435918 2.6132360959358811e-10 0.01082191027432459 5.3002890126663267e-05 0.012014803176458621 0.017116476460907328 0.008840261243802711 2.3413512683695571e-11 0.19876259688227713 0.077739565873143873 9.4383878490589285e-09 0.003709809854626656 2.2047729357006605e-11 0.026067290890611845 4.5167017202594156e-11 0.1543634588068182 1.6365966285680612e-10 0.086495902780866774
decision_type=2 2 2 2 2 2 2 2 2 2 2 2 2 2 2 2 2 2 2 2 2 2 2 2 2 2 2 2 2 2
left_child=-1 25 5 7 9 6 8 16 -3 10 17 15 -6 -14 -8 26 -4 -5 19 -18 29 -17 -23 -16 -25 28 27 -11 -2 -12
right_child=1 2 3 4 12 -7 14 -9 -10 11 20 -13 13 -15 23 21 18 -19 -20 -21 -22 22 -24 24 -26 -27 -28 -29 -30 -31
leaf_value=-0.18786365343097083 0.16154859219162035 -0.14876081010223238 -0.2000000437343703 -0.2000000437343703 0.18964021624342917 -0.19531274581057995 -0.2000000437343703 -0.2000000437343703 0.12117485722613457 0.007972871275255462 -0.2000000437343703 0.14724291494897457 0.16658273790594716 -0.2000000437343703 0.15502413876324492 -0.19281418019159091 -0.2000000437343703 0.08660910552487662 0.14162443434510921 0.08005674486357485 0.086733963485763718 0.079133872116209036 -0.2000000437343703 -0.20000004373437025 0.19999995626562972 0.1748232321537396 -0.16988781084710466 -0.2000000437343703 -0.2000000437343703 -0.061341819087172948
leaf_weight=326.3821177482605 8.2169458866119403 193.26502799987793 8.820348381996153 10.400112271308897 172.82278037071228 211.26781535148621 10.136818289756773 26.19775116443634 40.082763195037842 104.75428605079651 34.228217601776123 19.962755680084229 18.909579753875732 17.114108800888062 94.836797595024109 137.8087944984436 10.926700234413145 172.75707960128784 475.39079296588898 130.83125853538513 24.175459384918213 24.833694338798523 23.5648113489151 14.612815976142885 12.378439903259276 250.98799705505371 32.88614284992218 17.114108800888062 8.557054400444029 64.276581883430481
leaf_count=2408 9 1290 67 79 102 1587 77 199 73 404 260 27 19 130 115 1029 83 422 691 335 59 64 179 111 5 215 232 130 65 328
internal_value=-4.81078e-08 0.0258483 0.00846846 0.0463088 0.00244118 -0.0917977 -0.0319329 0.105206 -0.102393 -0.0455392 0.0137022 -0.0957388 0.155623 -0.00757315 0.0926591 -0.109965 0.117979 0.0703347 0.122524 0.05847 -0.070848 -0.157455 -0.056774 0.11701 -0.0165563 0.162437 -0.0528229 -0.021233 -0.0228911 -0.109522
internal_weight=2698.5 2372.12 2104.36 1527.78 875.609 576.58 365.313 652.167 233.348 666.762 305.837 360.925 208.846 36.0237 131.965 340.962 625.969 183.157 617.149 141.758 122.68 186.207 48.3985 121.828 26.9913 267.762 154.755 121.868 16.774 98.5048
internal_count=10794 8386 8097 4839 3464 3258 1671 1375 1363 3213 1148 2065 251 149 308 2038 1176 501 1109 418 647 1272 243 231 116 289 766 534 74 588
is_linear=0
shrinkage=1


Tree=1
num_leaves=31
num_cat=0
split_feature=5 8 9 10 3 14 8 5 10 13 12 19 19 4 2 8 7 5 3 6 4 9 3 11 5 17 6 3 5 14
split_gain=1071.04 460.143 651.18 321.234 525.798 293.203 261.557 207.323 180.508 161.755 118.997 102.249 94.8738 98.6993 89.3337 118.679 75.1876 75.8576 73.711 70.2604 65.8199 65.6704 65.4998 61.9232 61.4871 57.1259 51.1665 50.1781 49.4197 46.3656
threshold=0.0065793102744237308 1.0887237660956348e-12 0.0070379970044221049 1.6557603478431704 0.09463853646446925 0.0039045131998136644 4.0283788142523106e-12 0.038161669602986767 1.5947250127792361 2.0543779134750371 0.29730185866355902 1.7593832015991213 2.2453397512435918 2.6132360959358811e-10 1.5812696675156949e-11 3.2473347431729791e-12 0.015615738233127344 0.011544014121098982 0.075915971751399303 9.9893736482706428e-12 3.0599197224872247e-11 0.017116476460907328 0.035860503646729401 3.7096614668996612e-09 0.034858028817229193 0.11352539062500001 5.5719762303064334e-11 0.026067290890611845 0.008840261243802711 0.0023191031068563466
decision_type=2 2 2 2 2 2 2 2 2 2 2 2 2 2 2 2 2 2 2 2 2 2 2 2 2 2 2 2 2 2
left_child=-1 27 5 7 9 6 8 16 14 10 21 18 -6 -14 15 -3 17 -4 23 -8 22 -5 -13 -11 -12 -19 -24 29 -18 -2
right_child=1 2 3 4 12 -7 19 -9 -10 11 24 20 13 -15 -16 -17 28 25 -20 -21 -22 -23 26 -25 -26 -27 -28 -29 -30 -31
leaf_value=-0.17062898660595088 0.14932813067950351 -0.18617752688316458 -0.12228396531302135 -0.18187306867709649 0.17227249745563955 -0.17752558593265111 -0.19314096984600823 -0.18187306867709649 0.10947309820292694 0.042195163379502493 -0.10000916227573603 -0.19208224031496246 0.15100569689506746 -0.18187306867709649 -0.1566015131505166 0.13890077839504911 0.065370743825531735 0.1375191348770248 0.14826264413995621 0.11990631067110674 -0.1475556666412253 0.078099929477318364 -0.19596736134501092 -0.13793815605340662 0.075735112101103869 -0.11985269244911434 0.0927925466671497 0.15859095821186087 0.13661018658864671 -0.18462492578269257
leaf_weight=323.51923477649689 8.1613043993711489 19.507278770208359 26.50414514541626 10.296800747513769 171.27822810411453 209.2657558619976 7.6998947262763968 25.937510743737221 39.93598598241806 37.226330056786537 97.199095964431763 17.036577299237251 18.779000043869019 16.944102495908737 165.46364277601242 26.468679443001747 127.08471095561981 42.185392260551453 24.804256230592728 104.08876492083073 199.09935259819031 172.43351751565933 7.4851836264133444 39.157759338617325 25.035311371088028 10.840116977691649 34.053638145327568 249.07997488975525 416.57331351935863 8.4743139147758466
leaf_count=2408 9 149 167 79 102 1587 59 199 73 123 581 130 19 130 1175 42 344 55 29 173 1381 422 57 264 66 65 81 215 545 65
internal_value=-6.81166e-06 0.0234017 0.00765993 0.0418954 0.00220428 -0.0832443 -0.0289167 0.0951427 -0.0855104 -0.0411869 0.0123607 -0.0866922 0.141355 -0.00688462 -0.122338 0.000972318 0.106672 0.0158563 -0.00151236 0.0983439 -0.120142 0.0634505 -0.0269627 -0.0501489 -0.0640143 0.0849041 0.0407588 0.14736 0.119957 -0.0207902
internal_weight=2681.62 2358.1 2092.38 1519.95 870.829 572.43 363.164 649.125 251.376 663.828 304.965 358.863 207.001 35.7231 211.44 45.976 623.188 79.5297 101.188 111.789 257.675 182.73 58.5754 76.3841 122.234 53.0255 41.5388 265.716 543.658 16.6356
internal_count=10794 8386 8097 4839 3464 3258 1671 1375 1439 3213 1148 2065 251 149 1366 191 1176 287 416 232 1649 501 268 387 647 120 138 289 889 74
is_linear=0
shrinkage=0.1


Tree=2
num_leaves=31
num_cat=0
split_feature=5 8 8 14 10 3 8 17 5 13 3 7 12 19 19 11 15 5 6 9 14 4 3 1 11 5 8 9 2 18
split_gain=888.794 382.678 510.633 276.593 255.124 440.159 217.521 176.573 174.099 145.648 108.294 96.4699 95.9182 90.3214 83.7992 83.5316 78.4992 72.5748 64.5605 64.4436 80.4402 62.0617 53.9996 53.8671 60.9176 50.5694 60.7096 49.3994 49.0028 53.8098
threshold=0.0065793102744237308 1.0666332935508247e-12 8.779663455530501e-12 0.003709809854626656 1.6557603478431704 0.091912549758119508 3.7376058062354909e-12 0.059592507102272735 0.038161669602986767 2.0543779134750371 0.037628000591005788 0.012014803176458621 0.2781550288200379 3.3403625488281254 1.7593832015991213 3.40983546953666e-10 6.6645246988628073e-05 0.01082191027432459 5.4393515242556742e-11 0.0028643098411628488 0.0026620046701282267 3.0599197224872247e-11 0.035860503646729401 0.47522073911004176 3.7096614668996612e-09 0.008840261243802711 2.3413512683695571e-11 0.19876259688227713 8.6318953523782049e-11 0.075373489113355244
decision_type=2 2 2 2 2 2 2 2 2 2 2 2 2 2 2 2 2 2 2 2 2 2 2 2 2 2 2 2 2 2
left_child=-1 -2 3 6 8 9 7 10 11 12 15 -4 18 -7 23 -3 -15 -8 -6 -9 -21 22 -16 24 -11 26 -13 28 29 -14
right_child=1 2 4 -5 5 13 17 19 -10 14 -12 25 27 16 21 -17 -18 -19 -20 20 -22 -23 -24 -25 -26 -27 -28 -29 -30 -31
leaf_value=-0.15734234514851894 0.13983750783551338 0.17938679826865297 -0.17259048034571361 -0.15941548621062684 -0.02645251587953952 0.15246049926082067 -0.18042454375737413 -0.17443364961986998 -0.16829730702874901 0.037136205559739455 0.12127321314960048 -0.17889553092077087 -0.14357302676637843 0.15076111457830779 -0.17601035493582107 -0.1789510625951376 -0.17331206810627295 0.13097288266203236 0.10696660234798033 0.17103690684679118 -0.17693880752794655 -0.14321209621379896 0.036160153017217748 0.11580888037274671 -0.14786070184022834 0.1162462452708195 0.067053125166864666 0.0812000878981783 -0.16319248867523853 0.035540951963526406
leaf_weight=316.11631679534912 244.06096340715885 8.4142099767923337 13.192669928073881 226.33383050560951 54.126314625144005 183.75747080147266 8.1373821198940259 112.220365062356 26.156925469636917 37.365720152854919 57.818376362323761 10.874539941549299 25.930465310811996 13.149935752153398 16.868397459387779 28.673840686678886 17.318040624260902 93.266490265727043 109.92939940094948 13.417408138513567 13.157804518938063 187.20463483035564 41.525365769863129 26.570743039250374 33.992755904793739 477.09739658236504 130.18170362710953 23.819160670042038 41.955313488841057 47.492264807224274
leaf_count=2408 250 12 103 1722 238 141 63 873 206 124 91 84 183 13 131 223 136 116 200 13 102 1349 139 45 246 720 335 57 304 167
internal_value=-2.23823e-05 0.0213766 0.00747639 -0.07401 0.0376044 0.00178547 -0.0163264 -0.0693972 0.0845097 -0.0393635 0.0357194 0.0949836 0.0111436 0.126021 -0.0839492 -0.0976545 -0.0334425 0.105984 0.0629481 -0.141274 -0.00125133 -0.115137 -0.0251302 -0.00573316 -0.05099 0.100694 0.048092 -0.0499124 -0.0769799 -0.0277161
internal_weight=2640.13 2324.01 2079.95 561.44 1518.51 861.006 335.106 233.702 657.503 646.781 94.9064 631.346 303.253 214.225 343.528 37.0881 30.468 101.404 164.056 138.796 26.5752 245.598 58.3938 97.9292 71.3585 618.154 141.056 139.197 115.378 73.4227
internal_count=10794 8386 8136 3215 4921 3473 1493 1314 1448 3183 326 1242 1149 290 2034 235 149 179 438 988 115 1619 270 415 370 1139 419 711 654 350
is_linear=0
shrinkage=0.1


Tree=3
num_leaves=31
num_cat=0
split_feature=5 8 9 14 10 3 8 17 5 11 3 19 12 2 8 4 6 11 5 7 1 3 4 11 4 6 14 5 10 0
split_gain=745.824 321.461 399.333 250.293 217.8 366.647 153.365 154.329 142.321 139.121 105.338 100.838 95.4173 83.036 82.4374 78.2305 65.1453 64.5092 61.7755 56.9251 55.9601 54.7014 58.3404 53.3518 74.886 53.2711 46.547 39.81 39.6774 41.1663
threshold=0.0065793102744237308 1.0463127316118614e-12 0.0070379970044221049 0.0039045131998136644 1.6557603478431704 0.089168327473020878 4.0283788142523106e-12 0.059592507102272735 0.038161669602986767 3.7096614668996612e-09 0.037628000591005788 2.5671132802963261 0.2781550288200379 1.5812696675156949e-11 3.2473347431729791e-12 2.6132360959358811e-10 3.5150434150557464e-11 3.40983546953666e-10 0.046712100247129032 0.015615738233127344 0.58119455888497618 0.027540918449471867 1.6263068609283727e-11 8.4641413322650304e-10 4.5167017202594156e-11 9.9893736482706428e-12 0.027817818336188797 0.01082191027432459 1.0574305653572085 9.625352905816162e-11
decision_type=2 2 2 2 2 2 2 2 2 2 2 2 2 2 2 2 2 2 2 2 2 2 2 2 2 2 2 2 2 2
left_child=-1 -2 3 6 8 9 7 10 19 12 17 -7 16 14 -9 -13 -6 -3 20 21 -11 22 -4 -18 -25 -8 -14 -27 29 -21
right_child=1 2 4 -5 5 11 25 13 -10 18 -12 15 26 -15 -16 -17 23 -19 -20 28 -22 -23 -24 24 -26 27 -28 -29 -30 -31
leaf_value=-0.14673840649570044 0.13479209033904724 0.1581748445051071 -0.17863480580973268 -0.15432656869126438 -0.18410180506343821 0.14661023094211487 -0.17477075053211799 -0.16061340484351663 -0.15770070095565536 -0.12103883308600188 0.1152222937730721 0.10532911166327071 -0.077793517581550745 -0.15816778227724837 0.11578750018443124 -0.16268218883540261 0.15879115478708655 -0.14908055544078866 0.13056040817157183 -0.22892083022118714 0.1025505760145163 -0.11837254106740408 0.10890666314420397 0.052900474232703866 -0.14540550382006009 -0.17748035569390136 0.12566533984214148 0.11781615908014775 0.10503085688461307 0.14053522941789484
leaf_weight=305.59848892688751 219.09778840839863 8.5778093487024289 8.3471702635288221 197.32167632132769 12.325823023915289 176.2217874750495 7.362874209880828 18.417868599295616 24.312938742339611 212.85752537846565 66.877755224704742 22.713010497391224 141.70582953840494 122.70933528244495 26.056459546089172 20.924527980387211 38.697763159871101 33.596611358225346 11.278217867016791 7.2764436751604062 11.815095528960226 23.49437702447176 45.622529625892639 161.99673464894295 21.5793631747365 4.7923944741487494 12.213616356253622 96.370773658156395 516.21327131986618 5.1507370322942734
leaf_count=2408 208 12 66 1587 96 125 59 149 199 1496 99 38 835 967 42 169 31 251 16 57 21 148 73 464 151 37 22 136 827 5
internal_value=-5.41758e-05 0.0196417 0.00737568 -0.0627592 0.035058 0.00185112 -0.0157998 -0.0553723 0.0795325 -0.0372496 0.0371749 0.11291 -0.00046681 -0.11574 0.00132336 -0.0231843 0.0396744 -0.0865882 -0.0978165 0.0890488 -0.109281 0.00899014 0.0644343 0.0520835 0.0295896 0.0849258 -0.0616489 0.103827 0.10078 -0.0757911
internal_weight=2581.53 2275.93 2056.83 582.084 1474.75 844.329 384.762 276.236 630.417 624.47 109.052 219.859 388.519 167.184 44.4743 43.6375 234.6 42.1744 235.951 606.105 224.673 77.4641 53.9697 222.274 183.576 108.526 153.919 101.163 528.64 12.4272
internal_count=10794 8386 8178 3339 4839 3464 1752 1520 1375 3132 362 332 1599 1158 191 207 742 263 1533 1176 1517 287 139 646 615 232 857 173 889 62
is_linear=0
shrinkage=0.1


Tree=4
num_leaves=31
num_cat=0
split_feature=5 8 8 14 13 3 8 15 4 1 12 4 14 8 12 14 17 8 17 2 8 8 8 5 1 12 2 12 6 6
split_gain=631.338 272.253 381.339 188.667 183.133 307.087 149.576 142.222 126.141 109.762 75.5079 60.8117 53.5607 220.605 51.2707 79.8862 69.5895 52.2659 58.9897 48.2297 69.9165 54.4118 48.1281 48.267 46.4567 45.996 50.7643 44.9706 53.8244 44.7763
threshold=0.0065793102744237308 1.0887237660956348e-12 8.779663455530501e-12 0.0038757330039516096 1.9104555249214175 0.089168327473020878 4.0283788142523106e-12 4.7923682359396487e-05 4.5005205691089352e-10 0.31470272798442955 0.25862912833690649 4.5167017202594156e-11 0.0045593781396746644 1.5635929748335817e-11 0.29730185866355902 0.027817818336188797 0.20101651278409094 4.415917066475204e-11 0.12693093039772732 1.5812696675156949e-11 3.2473347431729791e-12 1.2752754653029681e-12 9.8747196655423426e-11 0.010974266797660562 0.58119455888497618 0.18292625993490222 6.3127108447067563e-11 0.074516296386718764 4.2974256272065892e-12 9.9893736482706428e-12
decision_type=2 2 2 2 2 2 2 2 2 2 2 2 2 2 2 2 2 2 2 2 2 2 2 2 2 2 2 2 2 2
left_child=-1 27 3 6 12 7 9 10 -7 19 11 -6 -4 -14 17 16 -16 18 -15 20 -3 -21 -12 -24 -9 -20 -27 28 -2 -8
right_child=1 2 4 -5 5 8 29 24 -10 -11 22 -13 13 14 15 -17 -18 -19 25 21 -22 -23 23 -25 -26 26 -28 -29 -30 -31
leaf_value=-0.13803448955047803 0.15527054744394331 -0.15163148493816686 0.12741692519528358 -0.15086637098106553 0.052566093678924286 0.12906401743298387 -0.16339798152058904 -0.11100456366759136 -0.14243861623854048 0.12549310747646233 -0.18794550362072751 -0.17607438357366939 -0.18510171980554435 0.098462936819908475 0.025205155324054693 0.11753667216061942 -0.17360813549543555 0.11428099265042897 0.067789412176329875 -0.034143617227769797 0.10743648597688589 -0.157482197710064 0.098441870506489226 -0.10335215130483166 0.0938530640307631 -0.01198042858576677 -0.22843345869362428 0.12820501804523698 -0.22704909736280193 0.09704511967148316
leaf_weight=293.02812987565994 6.8103978633880606 17.599744036793709 119.39176907390356 180.17984249442816 180.25620491802692 174.3679029494524 7.1066152825951567 230.36688789725304 18.97448369115591 26.067591063678265 26.734054066240788 12.435218498110769 36.260836891829967 116.39675387740135 44.136835806071758 42.998221188783646 29.288532935082912 255.63060455024242 50.605076685547829 53.093515634536743 25.525969699025154 109.61051662266254 19.991561599075794 29.116556473076344 11.628696188330649 48.244679600000381 13.97322955727577 231.03266987204552 8.017273545265196 92.818773232400417
leaf_count=2408 3 149 145 1534 504 178 59 1642 142 31 210 100 298 203 169 61 233 355 118 288 41 914 48 195 21 188 111 222 64 160
internal_value=-7.90807e-05 0.0181413 0.00577487 -0.0684882 0.0318037 -0.00491343 -0.0237568 -0.0455612 0.102419 -0.0678294 0.00454336 0.0378109 0.0659473 0.0544358 0.0688815 0.00929035 -0.0540992 0.0831907 0.0485181 -0.092313 0.00171 -0.117234 -0.0799792 -0.0212033 -0.10116 -0.00300875 -0.0605926 0.11737 -0.0514484 0.0785226
internal_weight=2511.69 2218.66 1972.8 512.003 1460.8 703.872 331.823 510.529 193.342 231.897 268.534 192.691 756.927 637.535 601.274 116.424 73.4254 484.85 229.22 205.83 43.1257 162.704 75.8422 49.1081 241.996 112.823 62.2179 245.86 14.8277 99.9254
internal_count=10794 8386 8097 3176 4921 3040 1642 2720 320 1423 1057 604 1881 1736 1438 463 402 975 620 1392 190 1202 453 243 1663 417 299 289 67 219
is_linear=0
shrinkage=0.1


Tree=5
num_leaves=31
num_cat=0
split_feature=5 8 9 14 10 3 5 8 17 3 13 4 19 2 6 17 8 19 4 0 1 5 8 18 17 5 6 17 9 5
split_gain=537.914 233.196 284.233 196.582 152.148 266.706 108.753 108.219 113.934 79.5998 79.2003 62.8257 99.0583 62.168 60.9121 59.3697 58.5977 56.3962 56.1897 55.054 53.5958 49.783 56.8838 48.5607 48.1371 40.467 35.9838 61.7282 75.6577 38.558
threshold=0.0065793102744237308 1.0463127316118614e-12 0.0068604400443709763 0.0039045131998136644 1.6557603478431704 0.09463853646446925 0.037161011158796754 4.0283788142523106e-12 0.059592507102272735 0.037628000591005788 1.8820881843566897 3.0599197224872247e-11 1.1936405301094057 1.5812696675156949e-11 4.5729527532916427e-11 0.16661487926136367 3.2473347431729791e-12 2.2453397512435918 2.6132360959358811e-10 1.4702318522392138e-10 0.093048388640634402 0.008840261243802711 2.3413512683695571e-11 -0.09733399003744124 0.11041814630681819 0.011884780606469383 4.4940242362349963e-11 0.1227139559659091 0.015615286204842458 0.015136721446358022
decision_type=2 2 2 2 2 2 2 2 2 2 2 2 2 2 2 2 2 2 2 2 2 2 2 2 2 2 2 2 2 2
left_child=-1 -2 3 7 6 10 21 8 9 19 20 14 -13 16 -12 24 -10 -7 -19 -3 -6 22 -4 -22 -16 -9 27 29 -29 -23
right_child=1 2 4 -5 5 17 -8 25 13 -11 11 12 -14 -15 15 -17 -18 18 -20 -21 23 26 -24 -25 -26 -27 -28 28 -30 -31
leaf_value=-0.13071829774187313 0.11866523278086261 0.14480946012021045 -0.16275114528391385 -0.14367623056943934 -0.16193666583357125 0.13394764199966538 -0.12647333927220089 -0.10427051667097607 -0.14437664136119263 0.10155086228747519 -0.18040710672010796 0.056164908520414558 -0.10170468611804889 -0.14182283037423013 -0.18114984490416058 -0.1773268401821454 0.097338950014851156 0.11309777190509636 -0.1526400530205958 -0.13822065570115999 -0.18322590098553282 0.0095302253496001785 0.046221722325320722 0.054469402459123274 0.070282829251124612 0.094519730846014283 0.13319952964777107 -0.14271171424936244 0.05794454997770121 0.1279123072878178
leaf_weight=279.20068219304085 203.50259752571583 8.7560933232307416 14.517664752900599 172.80316753685474 14.01988562196493 148.9574126303196 27.668737187981606 11.523599751293657 16.682782389223576 63.947587594389915 15.911359421908854 46.904976613819599 260.41342861205339 112.65534860640764 8.234356611967085 12.667939573526381 25.147308237850666 16.832845561206344 15.090305507183073 31.950670152902603 9.0872858166694623 33.427745938301086 126.76929715275764 158.64357378333807 101.13668506592512 91.950645223259926 147.78384921699762 24.445604987442493 81.234222397208214 155.50190061330795
leaf_count=2408 208 14 118 1553 116 102 227 78 149 99 127 147 1855 967 66 102 42 19 130 249 73 111 338 452 275 154 123 158 183 151
internal_value=-0.00010713 0.0167899 0.00618358 -0.055901 0.0296052 0.00112329 0.0672442 -0.0140719 -0.0485924 0.0319686 -0.0297365 -0.052443 -0.0776096 -0.103168 0.00362182 0.0276154 0.000937327 0.108098 -0.0125184 -0.0773404 0.0258918 0.0764272 0.0247491 0.0415916 0.0513529 0.0723811 0.0929316 0.0727322 0.0115292 0.106967
internal_weight=2437.37 2158.17 1954.67 535.417 1419.25 807.9 611.349 362.614 259.14 104.654 627.019 445.269 307.318 154.485 137.95 122.039 41.8301 180.881 31.9232 40.7068 181.751 583.68 141.287 167.731 109.371 103.474 442.393 294.609 105.68 188.93
internal_count=10794 8386 8178 3305 4873 3464 1409 1752 1520 362 3213 2572 2002 1158 570 443 191 251 149 263 641 1182 456 525 341 232 726 603 341 262
is_linear=0
shrinkage=0.1


Tree=6
num_leaves=31
num_cat=0
split_feature=5 8 8 14 15 3 4 8 17 19 3 3 5 17 3 17 1 7 11 19 4 17 17 5 7 7 9 14 12 5
split_gain=460.821 200.311 259.32 161.299 136.05 191.345 144.05 117.579 94.5087 73.6634 100.034 98.6684 70.4497 62.3027 57.2662 57.0988 51.6823 52.8045 51.4106 48.8511 45.9946 67.4849 45.8208 44.1247 43.8307 43.2963 37.8245 47.7645 36.5695 79.9216
threshold=0.0065793102744237308 1.0666332935508247e-12 8.779663455530501e-12 0.003709809854626656 2.4955955268524125e-05 0.09463853646446925 3.1178246648447799e-11 3.7376058062354909e-12 0.059592507102272735 2.7614718675613408 0.075915971751399303 0.027898509325426712 0.037161011158796754 0.20922851562500003 0.037628000591005788 0.1924493963068182 0.3375566000097236 0.013526498566705392 3.40983546953666e-10 2.0982140302658085 1.1135670522402426e-11 0.17775656960227273 0.042325106534090919 0.01082191027432459 0.037958212277313351 0.065423727144818838 0.0028643098411628488 0.0026620046701282267 0.22513253986835483 0.0087383236040398018
decision_type=2 2 2 2 2 2 2 2 2 2 2 2 2 2 2 2 2 2 2 2 2 2 2 2 2 2 2 2 2 2
left_child=-1 22 3 7 12 6 15 8 14 10 11 -8 13 20 18 16 17 -6 -3 -7 21 -4 -2 -9 -14 -21 -10 -28 -19 -30
right_child=1 2 4 -5 5 19 9 23 26 -11 -12 -13 24 -15 -16 -17 -18 28 -20 25 -22 -23 -24 -25 -26 -27 27 -29 29 -31
leaf_value=-0.12443920270370959 -0.03777148403382638 0.13504123648301533 -0.20665260358997228 -0.12990969759727009 -0.16976616354736024 0.12879028497010675 0.098112708828862805 -0.15479472561635221 -0.14085284569018905 -0.10265151179994947 0.12329093033906101 -0.091799236605323867 -0.14876844541171713 -0.12300533326305663 0.089586373081828402 -0.13693120381706228 -0.099072579386166773 0.073131639153319355 -0.14854016913731932 0.085231778001718259 0.1074944429845522 0.072934713635630644 0.122419597085329 0.10279024309184435 0.13446155262930223 -0.1496177351187869 0.1331643402156393 -0.15052861882964536 -0.20758016878183239 0.037796874382478987
leaf_weight=264.71087902784348 19.676972836256027 8.5601698309183103 11.740284286439417 189.08979741483927 11.100643903017042 138.71795684099197 34.840729989111423 7.2194016203284255 93.84260232001543 186.30296694487333 41.314055122435093 127.36813607811928 21.258915506303314 13.662439122796057 53.38098943978548 20.181157015264034 26.650512009859085 248.62302125990391 25.25019758194685 20.0656508654356 324.91783058643341 32.620937041938305 192.95818576961756 84.362003594636917 7.3539424389600745 12.894630573689936 12.66433370858431 11.168800503015516 15.347019404172896 98.261367499828339
leaf_count=2408 80 12 95 1722 93 97 70 63 873 1370 67 864 197 100 91 149 186 530 223 36 435 68 170 116 7 118 13 102 122 317
internal_value=-0.000130732 0.0156032 0.00519159 -0.0577417 0.0271239 0.00689036 -0.0134353 -0.0117093 -0.0538167 -0.0572169 -0.0156264 -0.0510082 0.0753862 0.0866956 0.0250887 0.027185 0.0354655 0.0450696 -0.0767425 0.102788 0.094454 -0.00105862 0.107596 0.0824847 -0.075974 -0.0066454 -0.112281 0.000218751 0.0516533 0.00464962
internal_weight=2356.11 2091.4 1878.76 485.538 1393.22 981.668 809.99 296.448 204.867 389.826 203.523 162.209 411.554 382.941 87.1914 420.164 399.983 373.332 33.8104 171.678 369.279 44.3612 212.635 91.5814 28.6129 32.9603 117.676 23.8331 362.231 113.608
internal_count=10794 8386 8136 3215 4921 4019 3768 1493 1314 2371 1001 934 902 698 326 1397 1248 1062 235 251 598 163 250 179 204 154 988 115 969 439
is_linear=0
shrinkage=0.1


Tree=7
num_leaves=31
num_cat=0
split_feature=4 8 9 14 13 3 9 17 15 4 12 4 4 3 19 7 14 3 12 6 0 12 14 17 17 3 13 12 11 19
split_gain=398.415 172.073 199.202 161.135 124.294 203.824 117.968 100.179 92.4262 91.2584 65.0198 53.5651 57.0996 49.5867 69.8528 48.2882 68.5526 48.1309 46.6635 63.9352 45.1824 41.7858 58.7478 45.1008 40.3595 36.0752 43.9413 35.799 35.5612 32.5744
threshold=9.2365725232443107e-12 1.0666332935508247e-12 0.0064046009485298518 0.0035034655593335633 1.9104555249214175 0.089168327473020878 0.0028643098411628488 0.059592507102272735 5.3002890126663267e-05 4.5005205691089352e-10 0.25862912833690649 4.5167017202594156e-11 1.7237785314325377e-11 0.075915971751399303 2.7882164716720585 0.016448738663630013 0.0043370320927351722 0.037628000591005788 0.17066581547260287 3.073333586207067e-11 1.4702318522392138e-10 0.29730185866355902 0.027817818336188797 0.20101651278409094 0.042325106534090919 0.027219015252224869 1.5479332208633425 0.07552331313490869 1.1965120561008293e-09 1.7593832015991213
decision_type=2 2 2 2 2 2 2 2 2 2 2 2 2 2 2 2 2 2 2 2 2 2 2 2 2 2 2 2 2 2
left_child=-1 24 3 6 15 8 7 17 10 -7 11 12 -6 -10 -15 16 -4 20 -17 25 -3 -21 23 28 27 26 -20 -2 -23 -12
right_child=1 2 4 -5 5 9 -8 -9 13 -11 29 -13 -14 14 -16 18 -18 -19 19 21 -22 22 -24 -25 -26 -27 -28 -29 -30 -31
leaf_value=-0.12036231311992332 -0.21960274228965987 0.12565577225575289 0.074478756710170957 -0.11966724757272379 -0.079927966098765887 0.11158922211660677 0.097030032702601868 -0.13681760764923739 -0.13055655100742811 -0.13369829139408482 0.017622372584595109 -0.15261876567465216 0.054875952062588031 0.11265008395004172 -0.14486698613099241 0.11167023635572021 -0.11576633103786238 0.083688843850257072 -0.19449158211484907 0.075917706280905231 -0.14333011255743908 0.062356654882643463 0.10066040311190341 -0.15370405031765955 0.11639525800430982 -0.17843190124644814 0.070211164569717141 0.063232487353305389 -0.16494182758438852 -0.1187801527104113
leaf_weight=245.86067301779985 6.8063792288303402 8.4929546639323217 36.918827883899212 201.60958694666624 37.9505959674716 152.2268476113677 84.134494036436081 71.637281231582165 128.31888933479786 16.84633757174015 24.00971994549036 16.98353273421526 182.64217668771744 22.895653858780861 19.508790142834187 142.7609116435051 38.895692974328995 51.892002873122692 8.492169998586176 339.959432259202 23.589502468705177 32.054346464574337 39.817427679896355 26.648076310753822 183.33629982173443 17.112652413547039 23.979899436235428 13.065515652298926 8.7652677744626981 64.651208333671093
leaf_count=2322 54 13 91 1877 240 178 139 708 1133 142 100 151 532 43 176 191 288 90 73 677 220 95 61 233 169 157 47 26 71 497
internal_value=-0.000149101 0.0144391 0.00470853 -0.0537771 0.0233941 -0.0076935 0.00163179 -0.0499471 -0.0399603 0.0871489 -0.00876304 0.0185092 0.0316844 -0.0995755 -0.00582444 0.0523363 -0.0231241 0.0241607 0.0612811 0.0468021 -0.0721234 0.0587466 0.00433577 -0.0525122 0.101723 -0.0609349 0.000985496 -0.0336422 0.0135485 -0.0818418
internal_weight=2271.86 2026 1822.79 441.356 1381.44 666.034 239.746 155.612 496.961 169.073 326.237 237.576 220.593 170.723 42.4044 715.405 75.8145 83.9745 639.59 496.829 32.0825 447.245 107.285 67.4677 203.208 49.5847 32.4721 19.8719 40.8196 88.6609
internal_count=10794 8472 8223 3047 5176 3192 1170 1031 2872 320 1520 923 772 1352 219 1984 379 323 1605 1414 233 1137 460 399 249 277 120 80 166 597
is_linear=0
shrinkage=0.1


Tree=8
num_leaves=31
num_cat=0
split_feature=5 8 8 14 15 3 4 19 8 17 5 13 3 17 17 10 19 5 5 8 6 8 17 19 7 3 6 13 5 14
split_gain=346.625 147.948 178.433 160.146 102.092 147.138 89.3095 83.5249 82.8056 77.677 65.8262 52.9001 49.6363 45.3629 41.6918 41.1748 40.2978 50.7587 49.7777 42.7401 38.4419 36.4604 36.2736 42.8036 35.9407 35.3083 34.3034 32.1283 31.9246 39.5891
threshold=0.0065793102744237308 1.0463127316118614e-12 8.0232728135614492e-12 0.003709809854626656 2.4955955268524125e-05 0.10439956878837624 3.1178246648447799e-11 1.5772622823715212 3.7376058062354909e-12 0.059592507102272735 0.037161011158796754 1.7954362034797671 0.040836989361135688 0.20922851562500003 0.1924493963068182 1.0233791470527651 2.2675588130950932 0.013782179744447443 0.015136721446358022 4.9983654252791488e-11 8.4543178046831188e-12 2.8974874975691819e-11 0.12049449573863637 2.595324039459229 0.037958212277313351 0.017822080488243557 7.5400455190653076e-11 1.5399238467216494 0.0087383236040398018 0.0071758991107344636
decision_type=2 2 2 2 2 2 2 2 2 2 2 2 2 2 2 2 2 2 2 2 2 2 2 2 2 2 2 2 2 2
left_child=-1 -2 3 8 10 6 14 21 9 12 13 26 20 15 16 -4 18 22 19 -6 -3 -8 23 -18 -12 -10 27 -9 29 -17
right_child=1 2 4 -5 5 -7 7 11 25 -11 24 -13 -14 -15 -16 28 17 -19 -20 -21 -22 -23 -24 -25 -26 -27 -28 -29 -30 -31
leaf_value=-0.11450696947276316 0.10092123169844461 0.062936197535119601 -0.081761645241345021 -0.13253054882261284 -0.1316190074603687 0.10502397021694856 -0.16818034301305329 0.11218395647176582 0.1060268050312529 -0.099173954045543439 -0.13922916975148297 -0.089795508554156189 0.089583102937282777 -0.10791220391540901 -0.12276415377943202 -0.088110941823947783 0.069046950460883383 -0.14110885324731312 0.091121269982635311 0.0036521779330627498 -0.13214358917447797 0.05177955075968968 0.075205000290335111 -0.18226318825785492 0.12127380968045035 -0.063988335882703778 0.080724092395224295 -0.20377226941745788 0.10212374472343776 0.10072514618724462
leaf_weight=236.55967745184898 176.72703265398741 16.608622118830681 14.478588350117205 153.7169679030776 40.058012291789055 127.2392281666398 8.1994303017854673 4.7410879880189887 70.485632874071598 107.45648410916328 22.629064507782463 248.34910801798105 52.797813549637794 12.832460112869738 18.931010916829109 21.070609271526337 14.672452233731748 12.973657831549643 32.080543607473373 56.024938710033894 25.781981036067009 93.121315129101276 221.17939867824316 12.595204293727873 6.9144416376948348 14.77591899037361 33.442557066679001 10.020488411188124 299.72324470430613 23.466738760471344
leaf_count=2408 208 54 85 1632 269 168 73 7 95 994 235 1925 81 100 149 117 34 90 53 225 227 297 481 107 7 77 79 84 399 34
internal_value=-0.000184078 0.0136628 0.0049816 -0.0501175 0.0232121 0.00508431 -0.010685 -0.0444066 -0.00611606 -0.0409027 0.065406 -0.071188 0.0248786 0.0768289 0.0221581 0.0834372 0.0292003 0.0517195 -0.016733 -0.0527438 -0.0557114 0.0339792 0.0617888 -0.0470357 -0.0782604 0.076563 0.0246783 -0.102294 0.090385 0.0113868
internal_weight=2189.65 1953.09 1776.37 441.623 1334.74 933.628 806.389 397.874 287.906 202.645 401.115 296.553 95.1884 371.572 408.515 358.739 389.584 261.421 128.163 96.083 42.3906 101.321 248.447 27.2677 29.5435 85.2616 48.2041 14.7616 344.261 44.5373
internal_count=10794 8386 8178 3160 5018 4041 3873 2465 1528 1356 977 2095 362 735 1408 635 1259 712 547 494 281 370 622 141 242 172 170 91 550 151
is_linear=0
shrinkage=0.1


Tree=9
num_leaves=31
num_cat=0
split_feature=5 8 8 14 15 3 4 8 17 5 3 11 17 3 3 12 5 7 17 9 11 0 19 5 15 17 18 11 13 17
split_gain=299.798 127.078 151.367 142.723 86.6998 127.484 92.4688 70.8426 84.6776 55.6825 49.8141 45.0697 44.5821 42.7166 41.1857 39.7203 62.812 41.3834 38.1039 36.646 35.7139 35.2658 33.9853 36.986 79.3936 33.5911 35.1722 33.2992 32.2452 33.082
threshold=0.0065793102744237308 1.0463127316118614e-12 8.0232728135614492e-12 0.003709809854626656 2.4955955268524125e-05 0.091912549758119508 3.1178246648447799e-11 3.3713307090989814e-12 0.059592507102272735 0.037161011158796754 0.027898509325426712 1.454390030630748e-08 0.075927734375000014 0.037628000591005788 0.016936973609719585 0.22513253986835483 0.0087383236040398018 0.013526498566705392 0.20922851562500003 0.21795238411695764 2.2260100013271614e-10 5.3328330201111622e-09 0.8938652276992799 0.012608146128737421 4.6833847591187812e-05 0.042325106534090919 -0.092994245023212643 3.40983546953666e-10 2.2317832708358769 0.20101651278409094
decision_type=2 2 2 2 2 2 2 2 2 2 2 2 2 2 2 2 2 2 2 2 2 2 2 2 2 2 2 2 2 2
left_child=-1 25 3 7 9 6 15 8 13 18 -8 -7 -12 27 -9 17 -17 -6 20 22 -4 -13 -14 24 -24 26 -2 -3 29 -18
right_child=1 2 4 -5 5 11 10 14 -10 -11 12 21 19 -15 -16 16 28 -19 -20 -21 -22 -23 23 -25 -26 -27 -28 -29 -30 -31
leaf_value=-0.11005145346174464 0.070501582323767548 0.11292711356300947 -0.091128186166479233 -0.12863973262421702 -0.10777758088183116 0.10449120017885605 0.052786175421298133 0.096203286865822857 -0.11456043829968382 -0.075307162102924916 0.069354795752029977 0.13625365795966077 0.040192407872899599 0.076568591554898091 -0.058939630124763359 -0.18439214449344349 0.040543602989669504 0.053062383857098307 -0.099557190240279314 0.10451951434962053 0.084020279265348538 -0.16983688346069595 0.13244902071064898 -0.10901424626040748 -0.13861718261557196 0.1097962256911317 -0.2442171593562148 -0.11737847958487252 -0.16353681393831754 -0.14393070931374846
leaf_weight=222.2654842287302 9.6005243062973005 8.1899550557136518 12.061761207878588 143.07674385607243 17.094307132065296 141.975770637393 41.632517196238041 77.462653361260891 86.33881950378418 27.746277563273907 23.286857128143311 5.6404653787612942 21.135864585638046 57.141189426183701 21.962798871099949 20.627818331122398 94.499983407557011 249.20282834023237 12.534272275865076 10.994085013866423 334.4536732211709 11.314566954970358 20.923413492739201 211.35975582897663 22.344229593873024 152.95845655351877 5.6354794204235068 26.893186822533607 10.334284983575342 10.835899680852888
leaf_count=2408 18 12 69 1632 139 178 125 125 910 242 76 3 72 99 132 171 286 621 100 20 566 109 41 1791 218 144 46 250 89 102
internal_value=-0.000194905 0.0127294 0.00462171 -0.0474873 0.0214997 0.00469248 -0.0124583 -0.00571938 -0.0433886 0.0611805 -0.0499207 0.0860885 -0.0637121 0.0232412 0.0619327 0.0202661 -0.0236386 0.0427376 0.0717278 -0.0745182 0.0779236 -0.0680091 -0.081656 -0.0917703 -0.0075347 0.0956918 -0.0459063 -0.063615 0.00502908 0.0215667
internal_weight=2111.52 1889.26 1721.06 421.065 1300 913.203 754.272 277.989 178.563 386.796 351.677 158.931 310.044 92.2243 99.4255 402.595 136.298 266.297 359.05 286.757 346.515 16.955 275.763 254.627 43.2676 168.194 15.236 35.0831 115.67 105.336
internal_count=10794 8386 8178 3160 5018 4041 3751 1528 1271 977 2343 290 2218 361 257 1408 648 760 735 2142 635 112 2122 2050 259 208 64 262 477 388
is_linear=0
shrinkage=0.1


Tree=10
num_leaves=31
num_cat=0
split_feature=4 8 9 3 13 3 4 10 15 3 19 5 4 10 14 9 6 7 9 3 14 18 14 5 5 18 3 12 5 4
split_gain=264.628 111.498 134.518 107.182 81.2927 138.916 88.4893 78.0193 51.9465 43.0619 53.3763 40.6954 44.646 38.2442 38.5263 99.0691 40.692 37.8918 36.7634 35.5632 36.5915 34.1006 32.1089 46.6122 40.7638 36.4984 32.2851 30.8557 28.6121 27.5809
threshold=9.2365725232443107e-12 1.0887237660956348e-12 0.0064046009485298518 0.015367544868889946 1.9548274874687197 0.089168327473020878 4.5005205691089352e-10 1.6831098198890688 5.3002890126663267e-05 0.075915971751399303 2.7882164716720585 0.022551394214103467 1.7761605197711564e-11 0.98105069994926464 0.004357624566182495 0.0095902799767903796 2.1293990832399005e-11 0.050581383696529682 0.0028643098411628488 0.027219015252224869 0.0023191031068563466 -0.23674787199971348 0.0090554058551788347 0.034858028817229193 0.038546248779309837 0.075373489113355244 0.038437670304934092 0.12387455627322198 0.015136721446358022 6.6622270912724011e-12
decision_type=2 2 2 2 2 2 2 2 2 2 2 2 2 2 2 2 2 2 2 2 2 2 2 2 2 2 2 2 2 2
left_child=21 19 3 18 13 8 -7 -5 11 -10 -11 12 -6 -4 28 -16 -17 -14 -3 20 -2 29 24 25 -18 -24 -27 -20 -15 -1
right_child=1 2 4 7 5 6 -8 -9 9 10 -12 -13 17 14 15 16 22 -19 27 -21 -22 -23 23 -25 -26 26 -28 -29 -30 -31
leaf_value=-0.12464278170534254 0.10282861822403194 -0.12484244673604127 -0.1656731713694545 -0.09566376711857591 -0.10623673987129281 0.099518146009730524 -0.16796873326767758 0.081222814385014899 -0.11809980397665541 0.10636848411570721 -0.13195218181637317 -0.14653269959083703 0.027686825803915627 -0.049338801998558723 -0.15410378066865466 -0.18921590807805139 0.065485848005673239 -0.14126059036165267 0.10845788616065406 0.097845838689634979 -0.20660370647186746 -0.11662387819154625 -0.13465050928501646 0.1066538359810873 -0.083982938138992269 0.042772163103434332 -0.11899947203026254 -0.059649857126581433 0.13072883573963412 0.21474196268388904
leaf_weight=4.0928185582160932 7.2164690271019927 10.354447998106478 8.8020545914769155 258.32804460823536 34.674765966832638 132.10308095067739 13.645071089267729 27.599201507866383 110.32003752887249 22.054667621850967 16.375649511814117 20.884338527917862 195.90668342262506 10.062137544155119 26.369836419820786 7.3885160610079756 438.78426998108625 14.240200966596602 57.950537167489529 172.5603553801775 8.1237087920308095 196.62919303774834 25.6902179941535 32.027709327638149 19.037905529141426 52.835073821246624 16.094656333327293 13.453091926872728 71.727849625051022 5.7708472535014153
leaf_count=49 9 126 80 2665 267 177 140 48 1116 43 173 206 735 54 271 68 933 138 66 208 71 2241 229 45 154 177 124 103 46 32
internal_value=-0.00022593 0.0119169 0.00354106 -0.0497189 0.0189725 -0.00949736 0.0744758 -0.0785897 -0.0390274 -0.0863437 0.004817 -0.0125384 -0.00110807 0.0414732 0.0440779 0.0355449 0.0439946 0.0162384 0.0512493 0.0848746 -0.0610377 -0.107522 0.0469427 0.00237898 0.0592704 -0.0329168 0.00499951 0.0767849 0.108576 0.073918
internal_weight=2031.1 1824.61 1636.71 367.685 1269.02 560.204 145.748 285.927 414.456 148.75 38.4303 265.706 244.822 708.82 700.018 618.228 591.858 210.147 81.7581 187.901 15.3402 206.493 584.47 126.648 457.822 94.6199 68.9297 71.4036 81.79 9.86367
internal_count=10794 8472 8184 3008 5176 2995 317 2713 2678 1332 216 1346 1140 2181 2101 2001 1730 873 295 288 80 2322 1662 575 1087 530 301 169 100 81
is_linear=0
shrinkage=0.1


Tree=11
num_leaves=31
num_cat=0
split_feature=4 8 9 14 3 1 8 17 1 11 3 15 14 2 5 17 17 18 7 3 17 9 5 14 10 17 5 8 0 17
split_gain=229.089 96.4652 106.344 102.301 69.2251 117.169 60.0377 60.9053 59.195 57.5366 42.6215 67.0833 58.0226 42.6667 49.168 50.3594 44.2031 37.7745 37.3404 36.7388 36.1174 69.1769 56.2447 53.3684 51.4217 35.7148 34.5285 33.4661 60.1253 47.2234
threshold=9.2365725232443107e-12 1.0666332935508247e-12 0.0064046009485298518 0.0035989076131954793 0.11055826339280585 0.25961636273629413 3.3713307090989814e-12 0.059592507102272735 0.58119455888497618 9.935035016894746e-09 0.077739565873143873 5.3002890126663267e-05 0.016184384934604171 1.6911113086546893e-10 0.012608146128737421 0.082586115056818191 0.10704456676136366 -0.410322936929085 0.01004852503584505 0.025665807485379135 0.11143909801136366 0.015381442727863924 0.011254598282176774 0.0047999557573348292 1.706236779689789 0.08311878551136366 0.018470169883568976 4.415917066475204e-11 7.2809166791247873e-10 0.16661487926136367
decision_type=2 2 2 2 2 2 2 2 2 2 2 2 2 2 2 2 2 2 2 2 2 2 2 2 2 2 2 2 2 2
left_child=-1 19 3 6 5 17 7 18 9 10 11 13 -12 25 16 -16 -15 -4 -3 -2 22 23 -19 26 27 -7 -22 28 29 -23
right_child=1 2 4 -5 -6 8 -8 -9 -10 -11 12 -13 -14 14 15 -17 -18 20 -20 -21 21 24 -24 -25 -26 -27 -28 -29 -30 -31
leaf_value=-0.10332707337584189 -0.13077699480050892 0.050854941784862488 -0.19818924854532108 -0.10815016808522566 0.10075518536451609 0.10542833205310537 0.067782642791852629 -0.11396087798998056 0.10216354892176008 -0.14245577361570336 -0.19145126990713035 -0.11720542188389134 0.12621260766621165 -0.16362142095763302 0.199125305821405 -0.14533471385604463 0.080003472748678139 -0.18403438161803257 -0.14643826924282452 0.093909031793351347 -0.16830523387725049 0.00037607636889610386 0.097782980287575108 -0.14055769992682837 -0.0011818998616954552 -0.079901301618502285 0.083237115938963158 0.093336323236371033 0.11990209312355447 -0.24207990762249235
leaf_weight=194.19849614799023 7.6272180676460257 62.392601534724236 6.815300539135932 147.47499017417431 92.60637404024601 11.711158275604246 81.245811782777309 61.993084080517292 31.468109577894211 48.454599432647228 6.9611693769693366 80.802242450416088 33.045379437506199 8.1034404188394529 5.1264287978410747 24.664331577718258 92.003200463950634 7.4710264652967444 11.335924401879309 158.64016134291887 6.8963334411382666 65.369312763214111 135.94808894395828 40.457475282251835 182.18794088810682 92.748119100928307 26.146790809929371 180.12989845126867 42.254116393625736 9.1587801426649076
leaf_count=2322 52 222 63 1780 126 28 190 754 40 517 64 890 44 73 4 243 232 69 101 197 63 221 202 381 839 620 65 254 62 76
internal_value=-0.000248873 0.0111168 0.00356058 -0.0438868 0.0176129 0.0108467 -0.000206351 -0.040906 -0.0299371 -0.0402363 -0.0262907 -0.0386331 0.0709389 -0.0115427 0.0267203 -0.0860596 0.0602825 0.0360938 0.0205207 0.083602 0.0383878 0.0267828 0.0831025 -0.0635493 0.040641 -0.0591236 0.0307385 0.066304 0.0246081 -0.0294194
internal_weight=1955.44 1761.24 1594.97 364.442 1230.53 1137.92 216.967 135.722 435.088 403.62 355.165 315.159 40.0065 234.357 129.897 29.7908 100.107 702.835 73.7285 166.267 696.02 552.601 143.419 73.5006 479.1 104.459 33.0431 296.912 116.782 74.5281
internal_count=10794 8472 8223 3047 5176 5050 1267 1077 2755 2715 2198 2090 108 1200 552 247 305 2295 323 249 2232 1961 271 509 1452 648 128 613 359 297
is_linear=0
shrinkage=0.1


Tree=12
num_leaves=31
num_cat=0
split_feature=5 8 3 5 2 7 13 1 4 6 12 14 18 2 14 19 7 17 10 18 7 7 14 15 1 5 5 4 12 18
split_gain=202.13 85.9451 77.0229 120.989 75.527 63.963 44.2793 42.651 56.0184 44.4574 47.6383 43.6169 38.1649 37.4322 37.1465 53.4594 35.3663 54.185 42.5954 61.2654 34.3042 76.7631 29.4091 28.3666 61.498 28.2142 27.7704 27.7651 26.5535 23.2174
threshold=0.0062926880943652468 9.8800255677708863e-13 0.11055826339280585 0.028409618521473789 5.429381459591953e-11 0.069356954069708404 1.8468934297561648 0.25961636273629413 1.1737650298305682e-11 2.3398958983397174e-10 0.27480956912040716 0.0065065245144069203 -0.23674787199971348 5.9141249951003804e-11 0.019511927850544456 3.2361676692962651 0.015615738233127344 0.11352539062500001 1.7374203205108645 0.086495902780866774 0.032843850543752474 0.011116965839525511 0.0032714843982830648 5.3002890126663267e-05 0.58119455888497618 0.0098777625483200664 0.012436210926040683 6.6622270912724011e-12 0.77951326966285717 -0.031918212580917905
decision_type=2 2 2 2 2 2 2 2 2 2 2 2 2 2 2 2 2 2 2 2 2 2 2 2 2 2 2 2 2 2
left_child=12 -2 3 5 -5 7 20 8 11 10 13 -3 27 -9 -8 -16 17 26 -18 -20 21 -6 -19 29 -25 -21 -10 -1 -7 -15
right_child=1 2 -4 4 6 28 14 9 16 -11 -12 -13 -14 23 15 -17 18 22 19 25 -22 -23 -24 24 -26 -27 -28 -29 -30 -31
leaf_value=-0.11961930897503226 0.10778448030370913 -0.10309548243574505 0.096253969396573602 -0.10615550313258765 0.075306659963022771 -0.10742985854120163 -0.14620115156010288 -0.18507325378832404 -0.0828225186088975 0.10747100536090487 -0.10797665042466315 0.033479371595512057 -0.11439975928604085 0.079517176823342334 0.10317252439527254 -0.13146343769414612 0.074485744436524309 0.079256992489162958 -0.17706142758879856 -0.12272916196421524 0.10808056538928699 -0.16108323303420799 -0.11219774195008612 -0.13421842462000869 0.098215626311888099 0.053493440840721544 0.048264502039546124 0.24101018517602904 0.085975333052963621 0.0014540207775404432
leaf_weight=3.5379208549857122 85.642954140901566 50.861780658364296 87.51062086224556 151.34358165413141 36.692413151264191 56.048112779855728 33.134832218289375 10.878825508058069 17.829031489789486 29.510875307023525 52.357362676411867 43.283058702945709 163.6161073744297 51.49189156293869 21.581163495779037 17.65346160531044 359.34237869828939 9.8015024960041028 16.076967351138592 10.197848208248613 38.724104598164558 21.957735281437635 44.222433246672153 36.042895514518023 16.63764775544405 83.287236995995045 172.71761440485716 5.3834214434027672 8.1282991394400579 146.48882323503494
leaf_count=49 84 488 126 1794 68 576 358 100 161 80 522 128 2204 121 39 205 676 19 147 69 49 245 460 410 23 252 667 26 15 633
internal_value=-0.000261788 0.0101499 0.00500044 -0.000197566 -0.054792 0.0142276 -0.00899632 0.019645 0.0321973 -0.00987526 -0.0209075 -0.0403052 -0.103417 -0.00347723 -0.0682408 -0.00240098 0.0417642 0.0109362 0.0578434 0.00325968 0.0350348 -0.0131942 -0.0774623 0.00440413 -0.0608108 0.0342701 0.035999 0.097996 -0.082934 0.0217571
internal_weight=1881.98 1709.45 1623.8 1536.29 321.087 1215.2 169.744 1151.03 807.62 343.408 313.897 94.1448 172.537 261.54 72.3695 39.2346 713.475 244.571 468.904 109.562 97.3743 58.6501 54.0239 250.661 52.6805 93.4851 190.547 8.92134 64.1764 197.981
internal_count=10794 8515 8431 8305 2758 5547 964 4956 3067 1889 1809 616 2279 1287 602 244 2451 1307 1144 468 362 313 479 1187 433 321 828 75 591 754
is_linear=0
shrinkage=0.1


Tree=13
num_leaves=31
num_cat=0
split_feature=5 8 3 5 2 15 3 14 11 19 13 12 5 19 17 18 13 8 14 12 9 7 7 12 15 3 4 17 10 7
split_gain=176.696 75.4636 66.5511 103.076 64.2863 54.3932 53.896 47.0834 46.5015 46.1559 38.2157 38.0085 40.1314 46.0349 33.6171 33.4017 31.678 55.3134 31.0488 34.4957 52.4543 29.1764 66.2066 26.5678 27.136 23.8766 36.0367 22.9486 22.0326 28.8839
threshold=0.0062926880943652468 9.8800255677708863e-13 0.11055826339280585 0.028409618521473789 5.429381459591953e-11 4.6833847591187812e-05 0.075915971751399303 0.011044208426028492 1.9991435590283049e-10 2.595324039459229 1.8468934297561648 0.074516296386718764 0.0087383236040398018 1.7593832015991213 0.14903675426136367 -0.23674787199971348 1.2300986647605898 3.4330701086647364e-12 0.0050557616632431754 0.16954012215137484 0.024842641186500664 0.032843850543752474 0.011116965839525511 0.22339993715286258 5.3002890126663267e-05 0.021240201664018681 1.5750705991081669e-11 0.28122780539772735 2.3486456871032719 0.052600461556490126
decision_type=2 2 2 2 2 2 2 2 2 2 2 2 2 2 2 2 2 2 2 2 2 2 2 2 2 2 2 2 2 2
left_child=15 -2 3 5 -5 7 23 8 16 -8 21 -10 13 -13 -12 -1 17 -3 -15 -20 -21 22 -6 24 -7 -22 -27 -25 -9 -30
right_child=1 2 -4 4 10 6 9 28 11 -11 14 12 -14 18 -16 -17 -18 -19 19 20 25 -23 -24 27 -26 26 -28 -29 29 -31
leaf_value=0.082724127052010765 0.10414169701763475 -0.12825640529538507 0.091919674662289785 -0.10054789977375325 0.070530991000112717 0.035228465774008226 0.10830348526666961 -0.14438770234556872 -0.17750095565430646 -0.095864174508894381 -0.10844912720207185 -0.11967161320029483 0.047597462296914465 -0.13975438478301164 0.049461673873152479 -0.11171114363535764 -0.10952395095083869 0.12502761171753071 0.10266362027587142 -0.21535094530858934 0.089981647200379961 0.10183972723457335 -0.15500779104624332 -0.11723936244121275 -0.1011293657469335 -0.17251481742295172 0.040709651937803647 0.11321158174489897 0.10266413704008169 -0.080821723547119501
leaf_weight=9.38268895447254 80.064359769225121 14.647238947451113 82.724737219512463 144.18507821112871 35.331756308674812 37.853774219751358 38.815144650638103 21.507876943796873 8.3451350182294828 15.492057640105484 49.611655525863171 29.95464163646102 682.27912127226591 11.453407682478426 18.511873170733452 151.42604857310653 39.11647641658783 20.960692778229713 44.374651439487934 10.536451421678064 30.415081389248371 37.07424084097147 20.606356121599674 77.097972169518471 23.751811012625694 11.915785439312456 23.674366071820259 4.5777246803045264 13.073063202202318 24.958209320902824
leaf_count=75 84 201 126 1794 68 155 51 220 81 152 524 239 2097 128 78 2204 416 16 72 90 54 49 245 907 258 89 67 5 36 213
internal_value=-0.000297687 0.00943782 0.00461701 -0.000229637 -0.0520395 0.0131217 -0.0347716 0.0227074 0.02824 0.0500612 -0.00863398 0.0348669 0.0369652 -0.00772424 -0.0655385 -0.100366 -0.0474026 0.0208398 0.0176089 0.0325147 -0.00815386 0.0330437 -0.0125525 -0.0669253 -0.0173438 0.0249211 -0.0306791 -0.104323 -0.0634961 -0.0177494
internal_weight=1813.72 1652.91 1572.85 1490.12 305.321 1184.8 197.588 987.212 927.673 54.3072 161.136 852.949 844.604 162.324 68.1235 160.809 74.7244 35.6079 132.37 120.916 76.5417 93.0124 55.9381 143.281 61.6056 66.0052 35.5902 81.6757 59.5391 38.0313
internal_count=10794 8515 8431 8305 2758 5547 1528 4019 3550 203 964 2917 2836 739 602 2279 633 217 500 372 300 362 313 1325 413 210 156 912 469 249
is_linear=0
shrinkage=0.1


Tree=14
num_leaves=31
num_cat=0
split_feature=5 8 3 5 2 7 18 1 11 14 12 2 17 13 14 19 3 13 8 4 2 8 6 10 5 6 8 12 0 1
split_gain=154.441 66.3296 58.5619 81.5261 60.8504 46.2439 40.8454 30.6261 41.6995 35.9729 34.469 33.339 29.9014 43.9274 40.4933 47.9743 28.1243 26.5844 48.6532 25.844 25.6681 28.3468 24.0062 30.044 22.5155 24.2406 21.7603 49.5989 48.3605 22.7739
threshold=0.0062926880943652468 9.8800255677708863e-13 0.12155064398519297 0.028409618521473789 5.429381459591953e-11 0.069356954069708404 -0.67683554770932941 0.25681110839985688 1.9991435590283049e-10 0.018286629579961303 0.25862912833690649 5.9141249951003804e-11 0.19955166903409094 1.6983410716056826 0.022225934080779556 3.2361676692962651 0.049029957692015187 1.2300986647605898 3.4330701086647364e-12 1.1737650298305682e-11 1.5541865111305268e-11 4.7399940969807407e-11 2.9203956041165835e-11 1.4603113532066347 0.023011646296419535 5.7617727344633316e-10 5.8092374429383947e-11 0.19241838157176974 1.4384731795470675e-09 0.31470272798442955
decision_type=2 2 2 2 2 2 2 2 2 2 2 2 2 2 2 2 2 2 2 2 2 2 2 2 2 2 2 2 2 2
left_child=6 -2 3 5 22 7 -1 8 17 10 11 -9 13 -6 -15 -16 19 18 -3 20 -10 -22 -5 -24 -7 -26 27 28 -13 -30
right_child=1 2 -4 4 12 24 -8 9 16 -11 -12 26 -14 14 15 -17 -18 -19 -20 -21 21 -23 23 -25 25 -27 -28 -29 29 -31
leaf_value=0.34606388669673877 0.1007035240852031 -0.12590762367069777 0.098769432187849227 -0.11204434263729579 0.035251162030026297 -0.12871187624798816 -0.10358617905713829 -0.1743369741294869 0.062760867981465893 0.11350089718719358 -0.082324080127956833 0.05365052494200117 0.11097498762372371 -0.14605115480539885 0.099217060134403526 -0.12887938251697903 -0.049030362074576485 -0.10266304293751345 0.12092093040325021 0.047138753527371374 -0.12758565025724242 0.03424951935112145 0.091835382336686117 -0.17570787793713086 0.073805473218361492 -0.12891047323474114 0.040581025615449101 -0.17241789076323852 0.0021743997638851487 -0.14944707055207676
leaf_weight=2.0482123121619216 74.791887328028679 13.487851470708845 62.853868886828423 118.10119388625026 72.040539313107729 33.114843301475048 147.71295811608434 10.532181095331905 25.757543593645096 22.647841982543468 64.247448891401291 72.494764178991318 19.530668646097183 38.343739569187164 21.213736668229103 16.310418780893087 37.302046369761229 37.636476673185825 19.576789543032646 585.09870108962059 26.877917375415564 18.11981476098299 13.35897581279278 6.1202296316623679 15.554217770695688 9.5027304440736753 108.47192454338074 18.352996658533812 17.624345861375332 22.621910076588392
leaf_count=2 84 201 84 1703 296 413 2277 103 82 65 632 206 25 442 31 209 212 416 16 1807 253 49 33 58 54 124 434 169 69 245
internal_value=-0.000324648 0.00875552 0.00425163 0.000193817 -0.0458058 0.0122995 -0.0974365 0.0168912 0.0279698 -0.00822054 -0.0169903 -0.00020674 -0.00531854 -0.0206746 -0.073779 7.16308e-05 0.0354319 -0.0451882 0.0202337 0.0402357 -0.0168479 -0.0624174 -0.0950798 0.00777517 -0.0745944 -0.0030736 0.00744865 -0.0199663 0.00485117 -0.0830501
internal_weight=1751.45 1601.69 1526.9 1464.04 305.02 1159.02 149.761 1100.85 763.857 336.993 314.346 250.098 167.439 147.908 75.8679 37.5242 693.156 70.7011 33.0646 655.854 70.7553 44.9977 137.58 19.4792 58.1718 25.0569 239.566 131.094 112.741 40.2463
internal_count=10794 8515 8431 8347 2797 5550 2279 4959 3036 1923 1858 1226 1003 978 682 240 2403 633 217 2191 384 302 1794 91 591 178 1123 689 520 314
is_linear=0
shrinkage=0.1


Tree=15
num_leaves=31
num_cat=0
split_feature=5 8 3 5 2 11 3 14 5 10 13 9 19 5 8 8 17 5 3 18 17 3 10 17 13 14 19 13 6 6
split_gain=135.702 58.8628 51.5259 68.0504 53.2907 39.7674 47.0268 38.0613 41.8762 59.8223 40.1158 36.1687 36.0058 35.2158 34.4437 33.9012 45.8167 32.9625 31.5834 30.9158 30.4142 25.6434 30.1376 25.5132 38.0167 35.463 41.9055 25.0981 30.5673 27.3512
threshold=0.0059640206506176817 9.8800255677708863e-13 0.12155064398519297 0.028409618521473789 5.429381459591953e-11 3.5615846938341637e-09 0.075915971751399303 0.011044208426028492 0.0081186254129091261 1.5239204764366152 1.4816052317619326 0.0036066269596152461 2.595324039459229 0.0060384169715395038 2.3413512683695571e-11 1.2046156834423518e-12 0.040238813920454551 0.009629886920936177 0.023775829359282134 0.46344182409600104 0.10704456676136366 0.015040011283905908 1.7374203205108645 0.19955166903409094 1.6983410716056826 0.022225934080779556 3.2361676692962651 1.5399238467216494 1.999296611798637e-11 1.0295926296585365e-11
decision_type=2 2 2 2 2 2 2 2 2 2 2 2 2 2 2 2 2 2 2 2 2 2 2 2 2 2 2 2 2 2
left_child=-1 -2 3 5 -5 7 17 8 9 10 13 15 -8 -3 -12 16 -10 19 -18 20 -7 -17 -23 24 -6 -26 -27 29 -29 -13
right_child=1 2 -4 4 23 6 12 -9 11 -11 14 27 -14 -15 -16 21 18 -19 -20 -21 -22 22 -24 -25 25 26 -28 28 -30 -31
leaf_value=-0.099929968253018989 0.097420376668758302 0.24336778115724469 0.095148724784594713 -0.091271965787505058 0.032088114374717432 -0.13592838007046434 0.10077757864442197 -0.054059393834800511 -0.1936621433798055 -0.16596389804585288 -0.12621939844516533 -0.1044630730447544 -0.086523977156089893 -0.14042313171082452 0.068789733604225259 0.028954484926607613 -0.15916966880326999 -0.10323030566179339 0.082798160860854758 -0.15537895360670012 0.087911930737285177 -0.11148115528352809 0.1134460287546248 0.10495347255275654 -0.14142163481664957 0.094818601121982857 -0.12575301999531419 -0.11485146252700329 0.034495960361200229 0.078486958689389236
leaf_weight=126.65161453187466 69.838562250137329 2.660882871598008 58.926143914461136 129.45388670638204 71.269976180046797 7.6019039377570143 36.926577351987362 66.901688441634178 7.6611511111259452 25.489392127841711 10.504543840885161 8.50178364664316 14.214010979980229 23.557264514267445 65.741414271295071 27.8735684864223 5.8650146909058085 81.466166000813246 67.229212608188391 9.9459060244262201 30.125430483371019 54.322935596108437 6.6906428635120383 18.633267857134342 35.771608166396618 20.039673544466496 15.106205120682715 14.231535717844961 370.03584038838744 210.46448809280992
leaf_count=2107 84 14 84 1794 296 95 51 551 75 213 138 83 151 327 167 160 62 996 136 111 86 651 6 25 442 31 209 134 1058 457
internal_value=-0.000364018 0.00768307 0.0034972 -0.000257733 -0.0435152 0.0106799 -0.0324416 0.0187131 0.0241177 -0.028872 0.00523154 0.0328904 0.048719 -0.101472 0.041923 -0.00790276 0.0389974 -0.0645821 0.0633829 0.00146174 0.042809 -0.0505123 -0.086816 -0.00507305 -0.0194917 -0.0713279 1.37398e-05 0.0443623 0.0289648 0.0713836
internal_weight=1693.7 1567.05 1497.21 1438.29 290.275 1148.01 180.28 967.731 900.83 127.953 102.464 772.876 51.1406 26.2181 76.246 169.643 80.7554 129.139 73.0942 47.6732 37.7273 88.8871 61.0136 160.821 142.187 70.9175 35.1459 603.234 384.267 218.966
internal_count=10794 8687 8603 8519 2797 5722 1490 4232 3681 859 646 2822 202 341 305 1090 273 1288 198 292 181 817 657 1003 978 682 240 1732 1192 540
is_linear=0
shrinkage=0.1


Tree=16
num_leaves=31
num_cat=0
split_feature=5 8 3 5 2 11 1 14 5 10 0 6 5 10 18 9 14 18 17 12 5 0 7 6 9 14 5 18 5 10
split_gain=118.944 51.7118 44.8896 57.6029 45.3398 33.5273 42.4856 31.543 35.0342 49.2546 36.9299 32.4433 68.6608 39.223 37.4741 29.9623 41.4111 29.3921 28.2851 33.4198 27.1597 37.761 27.8279 26.9589 26.8413 42.2187 25.2708 23.8308 28.2903 32.8042
threshold=0.0059640206506176817 9.8800255677708863e-13 0.12155064398519297 0.028409618521473789 5.429381459591953e-11 3.5615846938341637e-09 0.58119455888497618 0.011044208426028492 0.0081186254129091261 1.5239204764366152 9.2958625367602087e-10 4.5729527532916427e-11 0.016410665962935854 1.60334187746048 0.097742834297770823 0.0053254534437188117 0.0035714328987523918 -0.55228515535550693 0.12409002130681819 0.22513253986835483 0.014260617892724972 4.8879102543756028e-10 0.022234302372893085 1.8680744303173298e-11 0.0078601510754006312 0.004584269132465125 0.0075899945465419802 0.46344182409600104 0.009629886920936177 2.807008028030396
decision_type=2 2 2 2 2 2 2 2 2 2 2 2 2 2 2 2 2 2 2 2 2 2 2 2 2 2 2 2 2 2
left_child=17 -2 3 5 24 7 27 8 9 10 26 12 13 14 -10 16 23 -1 -17 -20 -13 -22 -23 -14 -5 -26 -3 28 -7 -30
right_child=1 2 -4 4 -6 6 -8 -9 11 -11 -12 20 15 -15 -16 18 -18 -19 19 -21 21 22 -24 -25 25 -27 -28 -29 29 -31
leaf_value=0.23329498849102209 0.094252301384240372 -0.0092522586197146487 0.09159728323899359 -0.11604657214090706 -0.0048433858882714047 0.041149589397396137 0.093045130609425125 -0.049507400669992943 -0.07745241113609401 -0.15234927683758895 0.10119282772359856 0.074295388406148133 0.043316484728752304 -0.18232574462537382 0.019275945118711568 0.095796379363556505 -0.12701329199400654 -0.10483925183763024 -0.13254875736964755 0.070411970952507882 0.056784621468094092 0.12909058858566097 -0.17903437344323803 -0.15974705292989777 0.1249754576454504 -0.097508676410776915 -0.17864898710520943 -0.13888365554024848 -0.12241317407064706 0.0011588466444096824
leaf_weight=2.6295181512832633 65.208183918148279 60.429312568157911 55.280348740518093 87.529595009982586 154.50304485484958 36.645010061562061 23.88264088332653 65.807187218219042 66.169682782143354 25.014425229281187 28.320465866476297 213.82189808785915 116.73181425035 16.096667122095823 101.47233180329204 126.16984406113625 18.893329191952944 114.93649493530393 13.05212629213929 21.439104519784451 34.346434287726879 3.6330257803201702 15.17012134939432 6.925796501338481 13.67259845137596 22.672833360731602 10.30900741368532 25.383290600031614 45.25254313647747 40.898332007229328
leaf_count=8 84 454 84 1549 1003 179 36 551 559 213 67 406 454 122 373 190 261 2099 110 39 82 3 136 87 11 234 125 335 574 366
internal_value=-0.000382267 0.00713818 0.00321927 -0.00028483 -0.0409798 0.00986748 -0.0307293 0.0172686 0.0222735 -0.0269672 0.00469445 0.0303771 0.0150171 -0.0332203 -0.0189035 0.0442478 0.0108756 -0.0972764 0.0738582 -0.00639216 0.0583933 -0.00558113 -0.1195 0.0319433 -0.086051 -0.0138135 -0.0339392 -0.0506786 -0.0324456 -0.0637499
internal_weight=1632.3 1514.73 1449.52 1394.24 278.378 1115.86 172.062 943.803 877.995 124.073 99.0588 753.922 486.951 183.739 167.642 303.212 142.551 117.566 160.661 34.4912 266.971 53.1496 18.8031 123.658 123.875 36.3454 70.7383 148.179 122.796 86.1509
internal_count=10794 8687 8603 8519 2797 5722 1490 4232 3681 859 646 2822 2195 1054 932 1141 802 2107 339 149 627 221 139 541 1794 245 579 1454 1119 940
is_linear=0
shrinkage=0.1


Tree=17
num_leaves=31
num_cat=0
split_feature=4 8 9 3 17 9 12 11 3 13 7 0 3 12 17 9 4 0 10 18 8 13 18 19 17 5 17 2 1 14
split_gain=105.393 47.4446 64.1238 62.1797 45.7482 37.5717 40.9932 36.1805 46.8 46.3068 34.2185 33.7446 31.1516 30.9372 24.7797 54.8281 46.0433 32.3234 29.7277 38.1625 29.2795 45.7722 24.1804 25.4414 23.0633 36.02 32.0369 28.8802 25.8348 31.9166
threshold=6.6622270912724011e-12 1.0887237660956348e-12 0.0068604400443709763 0.016936973609719585 0.059592507102272735 0.0028643098411628488 0.12387455627322198 1.3618202565623962e-08 0.089168327473020878 1.9548274874687197 0.01004852503584505 3.4403118726711473e-09 0.025665807485379135 0.081597026437520995 0.12795188210227273 0.015381442727863924 1.6263068609283727e-11 9.7238616174601392e-10 1.706236779689789 0.086495902780866774 4.0493268585326004e-11 1.5543665885925295 0.17803192545067184 3.6077712774276738 0.079878373579545456 0.012023804019280276 0.12111594460227275 1.6911113086546893e-10 0.41314713475755471 0.018286629579961303
decision_type=2 2 2 2 2 2 2 2 2 2 2 2 2 2 2 2 2 2 2 2 2 2 2 2 2 2 2 2 2 2
left_child=-1 12 3 5 10 -3 -7 8 9 14 13 -9 -2 -5 16 -16 17 -4 20 -20 21 -17 -21 -24 -11 26 -26 -28 -27 -30
right_child=1 2 7 4 -6 6 -8 11 -10 24 -12 -13 -14 -15 15 18 -18 -19 19 22 -22 -23 23 -25 25 28 27 -29 29 -31
leaf_value=-0.11174111282597987 -0.13116101047676731 -0.11743433896529654 -0.17533062695125323 -0.097951625257142169 -0.097555454005620351 0.095121273109065568 -0.074902305296783045 0.11980609005415954 0.082031483628774368 0.065024717474045188 -0.17967499651062613 -0.13407246363607941 0.073561091296409184 0.083147262501947691 -0.12484257285317775 -0.17905579259295601 0.068473174317101745 0.10568896585537138 -0.13440008925546384 0.083152945281167526 0.06345324485284172 0.02433801456569664 0.0094592179506973999 -0.13675582403487929 -0.069169823496572622 -0.09047922634722104 -0.036296549588295889 0.066088291666647953 -0.11685905647250316 0.11465482961290174
leaf_weight=80.650778599083424 7.8876508660614482 14.965333282947539 13.871301487088205 12.613242652267216 157.61464466527104 60.619901351630688 18.510720387101173 6.3985731601715079 94.999596580862999 27.820526551455259 8.4870454259216768 28.800449274480343 128.88339987024665 37.412210360169411 27.953066065907478 13.371161639690397 185.32180204242468 5.8062781356275073 23.687138706445694 29.200958259403706 169.38260830938816 64.133175935596228 48.162289254367352 15.805635973811148 46.798083335161209 107.08534133806825 43.508021585643291 75.115741271525621 9.8807720802724379 14.98649564757943
leaf_count=1634 66 260 173 116 2522 113 229 5 183 118 96 372 226 85 345 167 440 24 254 71 390 216 189 135 409 1189 277 259 167 64
internal_value=-0.000382809 0.00560828 -2.86125e-05 -0.0399826 -0.0695232 0.0278684 0.0553483 0.0117524 0.0152025 0.00831592 0.00598719 -0.0879217 0.0617547 0.0374856 0.0248614 0.0101188 0.0530302 -0.09241 0.0204904 -0.021063 0.0401583 -0.0107518 0.00775163 -0.0266686 -0.0220431 -0.0301886 0.000895074 0.0285363 -0.0691565 0.022665
internal_weight=1579.73 1499.08 1362.31 310.223 216.127 94.096 79.1306 1052.09 1016.89 921.89 58.5125 35.199 136.771 50.0255 596.695 391.696 204.999 19.6776 363.743 116.856 246.887 77.5043 93.1689 63.9679 325.195 297.374 165.422 118.624 131.953 24.8673
internal_count=10794 9160 8868 3421 2819 602 342 5447 5070 4887 297 377 292 201 2404 1767 637 197 1422 649 773 383 395 324 2483 2365 945 536 1420 231
is_linear=0
shrinkage=0.1


Tree=18
num_leaves=31
num_cat=0
split_feature=4 8 3 5 14 11 19 3 11 5 17 12 5 10 18 2 17 13 12 6 17 3 19 7 3 12 15 9 9 3
split_gain=93.9569 42.5724 36.4283 44.0879 45.3823 28.5433 39.4996 45.1949 31.5697 30.3874 25.178 23.2932 24.1785 45.6211 32.7226 26.8774 25.7441 25.3022 26.2462 33.7794 61.0434 23.9241 21.7549 21.0948 29.5706 23.9841 27.7461 27.6541 19.7903 18.786
threshold=6.6622270912724011e-12 9.8800255677708863e-13 0.12155064398519297 0.038546248779309837 0.027817818336188797 3.5615846938341637e-09 2.7386158704757695 0.075915971751399303 1.9991435590283049e-10 0.0093997830213833813 0.10704456676136366 0.074516296386718764 0.0081186254129091261 1.5330810546875002 -0.031918212580917905 9.1823965344624039e-11 0.17282936789772732 1.1369846463203432 0.2781550288200379 4.5729527532916427e-11 0.11143909801136366 0.021240201664018681 3.3403625488281254 0.015951782597394094 0.014393800961304175 0.17393609136343005 3.3252170396735898e-05 0.015086147764410434 0.012906407916479162 0.017181120652043611
decision_type=2 2 2 2 2 2 2 2 2 2 2 2 2 2 2 2 2 2 2 2 2 2 2 2 2 2 2 2 2 2
left_child=-1 -2 3 5 -5 8 7 9 -3 10 -7 -10 13 14 -13 16 -16 -14 19 20 -19 -18 -20 29 -25 -26 27 -27 -17 -22
right_child=1 2 -4 4 -6 6 -8 -9 11 -11 -12 12 17 -15 15 28 21 18 22 -21 23 -23 -24 24 25 26 -28 -29 -30 -31
leaf_value=-0.11050119465649505 0.089263014988697542 -0.054053641964862779 0.086543332923506439 -0.093927517303802485 0.082965959243272644 -0.13125684403705531 -0.086351550578253361 0.083486998941360926 -0.16174368731225902 -0.10003135373779336 0.079986928913750477 0.092400246024285523 -0.12255401752792179 -0.13748389748321435 -0.12976716313966127 -0.11968959352579145 0.064877113959531954 0.04518435970736661 0.0088496845105300558 0.064202849219523461 0.0082649410084166316 -0.18103494411968143 -0.084496437746928665 -0.29124328794274196 0.061414678619641921 -0.18651163078839181 -0.19551569262271251 0.011671300228941046 0.10400779065804211 -0.1265564317107607
leaf_weight=73.752686802297831 57.846704829484224 70.73001341894269 48.839549772441387 85.999023478478193 17.445183642208576 7.3698528334498432 78.020682295784354 45.499697633087635 7.3878124393522731 41.259200464934111 24.069867771118879 31.552426014095545 11.784175727516411 27.542605224996805 29.857613828033209 4.9666507393121746 18.010826833546165 291.09511456638575 88.526674371212721 227.23663872480392 14.866615343838928 5.0697971954941741 34.774156499654055 3.5795803479850283 42.110767915844917 7.9327996186912051 9.170143246650694 62.621587097644806 19.413524877279997 33.907143443822861
leaf_count=1634 84 864 84 1402 47 103 1068 82 85 530 79 155 162 268 463 81 65 1086 474 497 106 68 325 33 98 70 81 181 38 481
internal_value=-0.000400206 0.00520581 0.00170927 -0.00137856 -0.0640956 0.00386041 -0.0311277 0.00532452 0.0104482 -0.0435946 0.0304688 0.0151447 0.0165003 -0.0225078 0.00657931 -0.0284429 -0.0684544 0.0229299 0.0250314 0.0325997 0.0171653 0.0108611 -0.0174764 -0.0296586 -0.00795679 0.0003663 -0.0318797 -0.0106114 0.0584369 -0.0854618
internal_weight=1522.24 1448.49 1390.64 1341.8 103.444 1238.36 196.219 118.199 1042.14 72.6989 31.4397 971.407 964.019 136.413 108.871 77.3184 52.9382 827.605 815.821 692.52 465.284 23.0806 123.301 174.189 125.415 121.835 79.7245 70.5544 24.3802 48.7738
internal_count=10794 9160 9076 8992 1449 7543 1862 794 5681 712 182 4817 4732 1138 870 715 596 3594 3432 2633 2136 133 799 1050 463 430 332 251 119 587
is_linear=0
shrinkage=0.1


Tree=19
num_leaves=31
num_cat=0
split_feature=4 8 3 5 0 7 5 18 19 15 8 14 9 8 12 17 13 9 7 14 19 3 5 18 11 17 5 19 19 12
split_gain=83.8644 37.3066 31.616 38.6177 36.0014 23.3277 24.2135 30.1019 40.9777 27.1171 30.2976 36.6695 26.401 57.8958 24.7553 22.2573 29.9908 28.5974 24.4357 23.1198 31.7512 21.5949 21.091 19.6655 19.4787 19.2852 23.2285 49.2778 44.2537 40.9478
threshold=6.6622270912724011e-12 9.8800255677708863e-13 0.12155064398519297 0.028409618521473789 1.3651110219735113e-10 0.069356954069708404 0.0087383236040398018 -0.034179192507343192 1.870202958583832 2.5184573132719382e-05 8.0232728135614492e-12 0.0034668886801227932 0.0028643098411628488 1.1791999587629953e-12 0.078833606094121947 0.19955166903409094 1.5608600378036501 0.01403407481444369 0.01004852503584505 0.022225934080779556 3.2361676692962651 0.027219015252224869 0.023011646296419535 -0.040093373274430626 6.0030347359685274e-09 0.079878373579545456 0.01270747969182421 2.0982140302658085 1.8875629901885989 0.2696977853775025
decision_type=2 2 2 2 2 2 2 2 2 2 2 2 2 2 2 2 2 2 2 2 2 2 2 2 2 2 2 2 2 2
left_child=-1 -2 3 5 -5 6 7 23 -9 10 11 12 13 21 -11 16 17 18 -6 -18 -21 -8 -7 -3 -24 -16 27 29 -28 -27
right_child=1 2 -4 4 15 22 9 8 -10 14 -12 -13 -14 -15 25 -17 19 -19 -20 20 -22 -23 24 -25 -26 26 28 -29 -30 -31
leaf_value=-0.10940377577715453 0.086261299890940099 0.030869324926513803 0.083099501077000565 -0.099134873285655151 0.043519383230327856 -0.12158319643670722 -0.071564025959399855 -0.12789351786146985 -0.011792486730609043 -0.15051323124614074 0.065433988194836076 -0.084938169460631277 0.083798738766332939 -0.10499959411492071 0.063520399340002864 0.095947119936317743 -0.11208999461281362 0.11789190787005817 -0.079179954293489244 0.087407614259162894 -0.12111439094129271 0.090623626117703027 0.07792838372023736 0.27705914953476518 -0.11910251792832741 -0.17554305247398294 0.02530877502526524 0.045487833905606012 -0.078241928647202308 0.027203755086107485
leaf_weight=67.369288068264723 54.070537034422159 47.21885796263814 45.929896600544453 67.463099732995033 33.099812306463718 26.191817320883274 10.07507963106036 40.335816543549299 123.41550536639988 10.519836088642476 193.38086341321468 34.105806417763233 56.398912250995636 34.50366073101759 49.293614026159048 16.836712710559368 48.532760962843895 20.877529866993427 31.84764202311635 17.34688071906567 12.610836289823053 44.334608417004347 14.706842150539162 3.4840235635638228 7.615857768803834 20.915703844279051 76.360655270516872 156.26947347447276 89.811774242669344 19.020031403750181
leaf_count=1634 84 312 84 1386 103 415 77 601 832 104 388 436 93 512 163 26 595 21 425 31 210 76 46 7 132 199 322 524 870 86
internal_value=-0.000410732 0.0048096 0.00155331 -0.00131327 -0.036778 0.00702077 0.0102761 -0.0195434 -0.0403909 0.0183201 0.0379744 0.00837793 0.0302799 -0.00366785 0.000965187 -0.0135556 -0.0247759 0.0160802 -0.0166475 -0.0694497 -0.000370666 0.0605912 -0.0607132 0.0477861 0.0107072 0.00483606 -0.00314667 0.0201532 -0.0306576 -0.0789816
internal_weight=1473.94 1406.57 1352.5 1306.57 248.615 1057.96 1009.44 214.454 163.751 794.99 372.799 179.418 145.312 88.9133 422.191 181.152 164.315 85.825 64.9475 78.4905 29.9577 54.4097 48.5145 50.7029 22.3227 411.671 362.378 196.205 166.172 39.9357
internal_count=10794 9160 9076 8992 2797 6195 5602 1752 1433 3850 1582 1194 758 665 2268 1411 1385 549 528 836 241 153 593 319 178 2164 2001 809 1192 285
is_linear=0
shrinkage=0.1


Tree=20
num_leaves=31
num_cat=0
split_feature=4 8 7 14 9 17 11 3 13 8 12 0 3 3 4 9 0 12 7 13 12 1 18 18 19 15 15 5 17 17
split_gain=74.9688 32.6393 28.4046 46.9985 32.6746 56.3915 30.6722 32.6212 32.8154 35.1787 30.6042 27.999 29.4838 27.9894 26.6371 30.7019 25.777 25.3238 22.648 23.3421 22.8698 22.2865 21.3938 25.2017 21.1778 20.8828 20.8039 19.3928 39.2387 36.2409
threshold=6.6622270912724011e-12 9.8800255677708863e-13 0.016308928288950073 0.0034668886801227932 0.0028643098411628488 0.066739169034090925 1.3618202565623962e-08 0.089168327473020878 1.8913912177085879 7.7615642705745853e-12 0.17066581547260287 9.4681730958894307e-11 0.027540918449471867 0.027219015252224869 1.4501761059699498e-11 0.0056965006205573479 3.4403118726711473e-09 0.089138023555278792 0.025843740996422063 1.5479332208633425 0.29730185866355902 0.23344538843926957 0.013380388559942898 0.32371329655870801 1.7192607522010805 1.5725923731224615e-05 3.2935335184447474e-05 0.012023804019280276 0.08311878551136366 0.10704456676136366
decision_type=2 2 2 2 2 2 2 2 2 2 2 2 2 2 2 2 2 2 2 2 2 2 2 2 2 2 2 2 2 2
left_child=-1 -2 3 4 5 13 7 8 9 -4 -11 -5 14 25 -13 -16 -8 -15 19 -12 -20 -21 -22 24 -24 -3 -10 29 -29 -28
right_child=1 2 6 11 -6 -7 16 -9 26 10 18 12 -14 17 15 -17 -18 -19 20 21 22 -23 23 -25 -26 -27 27 28 -30 -31
leaf_value=-0.10843020276154823 0.083283164459097725 0.13313644137587119 -0.13189816706674556 -0.11848060002695382 0.071923331178300826 -0.12341807583925911 0.11479876883134382 0.075031003980777874 -0.16690855532409848 0.077960031079512021 -0.13422900869319179 -0.1260034118195125 -0.091017058997599654 0.054008491713066001 -0.087124507595474521 0.067835466150419299 -0.1304318319407865 -0.13440399379525456 0.046253819148448019 0.013597206744268267 -0.14724707669326095 -0.19032487909142956 -0.11307206967590702 -0.14786949678357933 0.070240695206491829 -0.14073575191544113 -0.14388546443963929 0.093332192420100157 -0.060120319873133016 0.025326486948801796
leaf_weight=61.477556336671114 50.585538014769554 3.3850806951522854 13.855193352326749 53.346201907843351 62.741452757269144 35.961081262677908 5.180759251117709 81.356850787997246 8.9304721783846599 102.70907913520932 16.743394587188959 13.095985624939201 52.992259986698627 94.779719386249781 16.974141724407673 51.816380001604557 24.82685661688447 7.7142117433249942 208.97981751337647 65.636400915682316 11.293620385229586 5.8358921520411959 7.7011705935001364 8.9333894066512567 34.694169662892818 15.683211581781505 13.810943223536013 19.290025349706411 122.38374365866184 151.51006146520376
leaf_count=1634 84 2 284 1135 168 692 5 182 98 252 238 233 706 262 332 160 372 78 568 269 151 56 69 99 100 210 175 63 1432 685
internal_value=-0.000411187 0.00446187 0.00142321 -0.0204602 0.0108955 -0.0134118 0.0113153 0.0147296 0.00853767 0.0251109 0.0298142 -0.0571534 -0.0328978 0.0191308 0.00471367 0.0295989 -0.0880932 0.0398276 0.016071 -0.0279507 0.0303692 -0.00305354 -0.02264 0.00477665 0.0369417 -0.0921168 -0.016453 -0.0120763 -0.0392265 0.0111905
internal_weight=1424.22 1362.75 1312.16 408.49 220.265 157.523 903.672 873.664 792.307 476.382 462.527 188.225 134.879 121.562 81.8865 68.7905 30.0076 102.494 359.818 88.2157 271.602 71.4723 62.6224 51.3287 42.3953 19.0683 315.925 306.995 141.674 165.321
internal_count=10794 9160 9076 3978 1412 1244 5098 4721 4539 2086 1802 2566 1431 552 725 492 377 340 1550 563 987 325 419 268 169 212 2453 2355 1495 860
is_linear=0
shrinkage=0.1


Tree=21
num_leaves=31
num_cat=0
split_feature=4 8 3 5 14 15 19 3 11 2 13 9 11 5 8 14 11 17 13 13 7 4 12 8 18 7 6 15 12 4
split_gain=67.0582 28.535 25.0229 30.419 33.3861 19.3643 28.8818 34.1296 22.5806 22.4605 18.2504 29.4445 18.1949 22.7072 29.3776 34.6689 21.8987 23.1117 21.4799 19.7884 18.8244 37.5855 24.0214 56.8497 20.1496 26.0024 22.8563 35.6504 23.1584 20.1193
threshold=6.6622270912724011e-12 9.8800255677708863e-13 0.12155064398519297 0.038546248779309837 0.027817818336188797 4.6833847591187812e-05 2.7386158704757695 0.075915971751399303 1.9991435590283049e-10 9.0081879189683248e-11 1.2300986647605898 0.0031308017816551819 7.3982125980975876e-10 0.0087383236040398018 8.0232728135614492e-12 0.003709809854626656 2.3688150052603168e-10 0.1831720525568182 1.4816052317619326 1.1302288770675661 0.013526498566705392 3.446666270932917e-11 0.20548635721206668 4.415917066475204e-11 0.033081855328584264 0.034053686242469759 6.043393451274141e-11 2.583228888397571e-05 0.21158251166343692 1.6007151866457602e-11
decision_type=2 2 2 2 2 2 2 2 2 2 2 2 2 2 2 2 2 2 2 2 2 2 2 2 2 2 2 2 2 2
left_child=-1 -2 3 5 -5 8 7 9 10 -7 11 -3 13 16 15 19 -10 -18 -19 -15 21 -14 -22 -24 25 -25 27 -26 -29 -28
right_child=1 2 -4 4 -6 6 -8 -9 12 -11 -12 -13 20 14 -16 -17 17 18 -20 -21 22 -23 23 24 26 -27 29 28 -30 -31
leaf_value=-0.107564733578922 0.080315705484165487 -0.11827283063997739 0.078312431976983954 -0.085704020217774513 0.077751837725900955 0.087913012712428643 -0.076711517647005914 0.07690941924812017 0.10857589071525012 -0.062482761294523376 -0.096914961003561742 0.095784228857907744 -0.13789316551385408 -0.13968185499692853 0.063719464275769036 -0.11389379552415946 -0.1466526097216008 -0.17601544933774516 0.082058399239399893 0.033128716042756343 0.031057306559625492 0.017621404464577297 -0.19435087448391397 0.018244963901541008 0.073633073528689016 -0.16161466495794305 -0.17833304093780514 0.053035219980489816 -0.16090137265784688 0.041012408241479295
leaf_weight=56.051874347031116 47.37678699940443 10.53016582131386 40.807316362857819 73.256857935339212 15.065660730004309 11.932293854653834 70.816609654575586 41.461281090974808 8.2388113625347597 59.175774693489075 35.196816079318523 16.487769138067961 27.749993300065398 6.9945584870874873 192.35861678794026 21.12259547226131 19.296300016343594 4.3760558217763927 12.262294121086596 125.85024727508426 219.60763595253229 35.323125418275595 16.469263849779963 15.679297551512716 15.487757593393324 16.49319551512599 4.327212542295455 6.4894741028547314 22.968439750373363 124.37956510856748
leaf_count=1634 84 248 84 1402 47 31 1109 83 38 716 574 42 434 131 452 465 316 63 30 620 817 146 174 63 27 201 47 16 191 509
internal_value=-0.000441367 0.00411582 0.00127367 -0.00128347 -0.0578225 0.00309281 -0.0266768 0.00479972 0.00879333 -0.0372456 -0.0494619 0.0123561 0.0128407 0.0290504 0.0376625 0.0051083 -0.0384698 -0.0721833 0.0141823 0.0240299 0.000305737 -0.0507996 0.00760006 -0.0155737 -0.00126868 -0.0739599 0.0121988 -0.0491943 -0.113772 0.0336379
internal_weight=1373.63 1317.58 1270.2 1229.4 88.3225 1141.08 183.386 112.569 957.689 71.1081 62.2148 27.0179 895.474 390.499 346.326 153.967 44.1735 35.9346 16.6383 132.845 504.975 63.0731 441.902 222.294 205.825 32.1725 173.652 44.9457 29.4579 128.707
internal_count=10794 9160 9076 8992 1449 7543 1939 830 5604 747 864 290 4740 2115 1668 1216 447 409 93 751 2625 580 2045 1228 1054 264 790 234 207 556
is_linear=0
shrinkage=0.1


Tree=22
num_leaves=31
num_cat=0
split_feature=5 8 11 11 3 4 8 2 2 14 15 0 17 19 1 3 17 7 7 17 13 9 9 9 7 3 15 12 9 4
split_gain=60.3077 24.8348 22.081 23.3839 31.4374 38.1512 36.3057 28.4164 38.4346 28.3532 24.4989 21.3639 17.8604 16.8812 16.7975 15.6177 26.3535 16.5126 28.779 15.3832 15.3634 23.8055 13.6218 12.8684 24.3022 29.3115 20.9389 19.4742 30.2677 39.9744
threshold=0.0049917291596232897 9.8800255677708863e-13 1.9991435590283049e-10 1.3618202565623962e-08 0.075915971751399303 4.4476558268534752e-11 1.5559008060799501e-10 5.429381459591953e-11 1.8918284153615205e-10 0.014684968162328007 5.3002890126663267e-05 3.4403118726711473e-09 0.042325106534090919 2.7614718675613408 0.42046944997824404 0.027898509325426712 0.12764115767045456 0.032843850543752474 0.011116965839525511 0.21772904829545456 1.2300986647605898 0.0031308017816551819 0.026488121186725739 0.00081248663377114891 0.015615738233127344 0.017181120652043611 1.4790726709179582e-05 0.17066581547260287 0.02564826079178836 1.9805177691850574e-11
decision_type=2 2 2 2 2 2 2 2 2 2 2 2 2 2 2 2 2 2 2 2 2 2 2 2 2 2 2 2 2 2
left_child=-1 -2 20 4 5 6 10 -7 14 22 12 -5 -4 -11 15 -9 17 18 -17 23 21 -3 -6 -14 25 26 -25 -26 29 -29
right_child=1 2 3 11 9 7 -8 8 -10 13 -12 -13 19 -15 -16 16 -18 -19 -20 -21 -22 -23 -24 24 27 -27 -28 28 -30 -31
leaf_value=-0.10717722723924537 0.077221401959241043 -0.11656700075368656 -0.12353347628325789 0.11225419364733136 0.011558261093833674 -0.11063309679473109 -0.12439223588346165 0.095821101729161764 -0.094786535277400275 0.10267689405793322 -0.11629286757844362 -0.12695383346792805 0.081473549244503743 -0.026731704597632334 0.22890138914890279 0.045368863475314575 -0.13333116962765953 0.094502245849549388 -0.11204027021044026 -0.15651464819206096 -0.09382187302599658 0.076681476433405921 -0.16951896967186575 0.097247459409351825 0.057739475025437165 -0.040451825961751148 -0.034320115994593801 -0.12581886202102441 0.030522655103284044 0.0083945812467341313
leaf_weight=50.923422012478113 44.459414271637797 10.250528365373613 9.0814659707248193 4.4717938303947475 11.455190584063532 42.911704896017909 19.502811685204506 16.796906590461731 45.51311681419611 71.382475294172764 14.260606333613394 22.617486221715808 31.272697191685438 11.738012809306381 3.5626359134912482 30.371038276702166 14.314188564196227 19.209974959492683 18.807587888091803 5.0486044883728018 40.163440279662609 16.857839670032263 6.5183278098702422 32.484427731484175 145.46513124555349 132.89253349602222 19.273370305076241 31.243045007809997 330.54959260486066 76.600003302097321
leaf_count=1591 85 268 104 5 55 1062 296 38 815 101 267 372 54 101 18 74 215 49 274 66 782 82 80 116 469 1400 192 312 1162 289
internal_value=-0.000456182 0.00379267 0.00114845 0.00435886 0.00654037 0.0013614 0.0104682 -0.0389527 -0.0182499 0.0597758 0.0136441 -0.0874663 0.0159207 0.0844022 0.0155492 0.00791006 -0.00994464 0.015881 -0.0148298 0.0174943 -0.0545607 0.00360814 -0.0541117 0.0185927 0.0160339 -0.0155872 0.0482548 0.0260344 0.0155142 -0.0304882
internal_weight=1330 1279.08 1234.62 1167.34 1140.26 1039.16 847.674 191.487 148.575 101.094 828.171 27.0893 813.911 83.1205 103.062 99.4997 82.7028 68.3886 49.1786 804.829 67.2718 27.1084 17.9735 799.781 768.508 184.65 51.7578 583.858 438.393 107.843
internal_count=10794 9203 9118 7986 7609 7272 4727 2545 1483 337 4431 377 4164 202 668 650 612 397 348 4060 1132 350 135 3994 3940 1708 308 2232 1763 601
is_linear=0
shrinkage=0.1


Tree=23
num_leaves=31
num_cat=0
split_feature=4 8 11 3 5 10 13 13 1 14 13 12 4 3 2 11 0 19 3 19 1 12 8 12 9 5 18 7 6 4
split_gain=54.2169 21.6815 19.4253 26.8941 25.5619 21.1581 17.7126 15.5352 35.2427 20.649 15.7099 15.0624 15.1536 25.811 22.323 17.3326 31.1139 27.4509 22.2958 24.4346 16.0013 19.8021 24.7343 52.0312 23.177 21.6318 21.3321 19.6557 18.8234 21.4719
threshold=6.6622270912724011e-12 9.8800255677708863e-13 1.6565173233118461e-08 0.10439956878837624 0.038546248779309837 1.86091023683548 1.9104555249214175 2.3902767896652226 0.47522073911004176 0.012078349012881519 1.1302288770675661 0.074516296386718764 1.2217411993949426e-11 0.014561394714455134 1.1378654717277573e-10 7.3982125980975876e-10 9.4681730958894307e-11 0.28868281841278082 0.015182965496451628 1.1936405301094057 0.40903618293380434 0.22687722742557528 4.7399940969807407e-11 0.19388025254011157 0.028912931207664933 0.0087383236040398018 0.033081855328584264 0.034053686242469759 5.9530465754897141e-11 2.9233925191237427e-11
decision_type=2 2 2 2 2 2 2 2 2 2 2 2 2 2 2 2 2 2 2 2 2 2 2 2 2 2 2 2 2 2
left_child=-1 -2 3 4 7 -6 -7 10 -9 -10 -3 -12 13 -13 -15 16 17 -14 -19 -20 21 22 23 -17 -23 -26 27 -27 -28 -30
right_child=1 2 -4 -5 5 6 -8 8 9 -11 11 12 15 14 -16 20 -18 18 19 -21 -22 24 -24 -25 25 26 28 -29 29 -31
leaf_value=-0.1061547704994168 0.07438446124300345 -0.13182628257264012 -0.11313497130535691 0.074442266914632224 -0.099443719780876572 0.073247853102721375 -0.12058648284597902 -0.09248921248853724 -0.13433370521779645 0.087960680151480855 -0.15148611204424769 0.025946102778429982 -0.12958647475334453 -0.084959866055688685 0.18893304373275763 0.0099069847906581403 0.048022560623476936 0.060645700086965994 -0.13051663336589733 0.041642506148030084 0.11553644809996998 -0.18198616044672447 0.055996929076400484 -0.17228400651772333 -0.15595666219426518 0.034969610143113616 -0.094109672080728374 -0.13972327753083821 0.057084845588493131 -0.024746582380855479
leaf_weight=46.767918832600117 41.728509370237589 8.1450286377221328 14.713603585958479 49.749746294692159 45.480764081701636 16.544531192630533 6.5929898638278237 48.055201383307576 5.0927901100367334 23.281282126903534 5.9136066706851116 51.319041203707457 18.339807605370879 56.903335515409708 3.1399186607450238 195.8025754224509 257.23002479970455 37.430031025782228 18.053871372714639 15.172536129131911 12.019060807302592 9.0974977761507017 98.175373071804643 17.03916322812438 10.791367327794431 9.274578623473646 16.688390150666237 21.079662827774882 68.477111600339413 60.301779732108116
leaf_count=1634 84 183 252 120 1218 41 117 827 78 75 85 342 358 855 30 928 995 147 400 99 77 99 261 158 121 33 99 329 206 543
internal_value=-0.000457336 0.00352391 0.00105963 0.0024773 -0.000675868 -0.0598376 0.0180152 0.00312942 -0.0403103 0.0480616 0.00648169 0.00762857 0.00859232 -0.0261286 -0.0706368 0.0130625 0.0303897 -0.0205753 0.00771992 -0.0519017 0.00149785 -0.00120703 0.0144743 -0.00467842 -0.0261273 -0.0185291 -0.0100943 -0.0863468 0.00581714 0.0187666
internal_weight=1288.4 1241.63 1199.9 1185.19 1135.44 68.6183 23.1375 1066.82 76.4293 28.3741 990.394 982.249 976.335 111.362 60.0433 864.973 346.226 88.9962 70.6564 33.2264 518.747 506.727 311.017 212.842 195.71 186.613 175.822 30.3542 145.467 128.779
internal_count=10794 9160 9076 8824 8704 1376 158 7328 980 153 6348 6165 6080 1227 885 4853 1999 1004 646 499 2854 2777 1347 1086 1430 1331 1210 362 848 749
is_linear=0
shrinkage=0.1


Tree=24
num_leaves=31
num_cat=0
split_feature=5 11 11 3 5 0 12 8 13 19 1 13 14 1 14 10 18 18 7 17 13 5 19 4 12 9 14 18 7 7
split_gain=48.9257 19.3341 19.4759 24.4858 22.8684 18.2161 18.1149 25.8023 16.4962 22.2688 13.7531 26.7885 22.3639 14.7412 13.3361 25.7566 20.8574 22.2048 15.763 31.5106 18.7319 30.2571 24.2471 21.7515 18.5766 21.3542 21.255 16.3784 14.531 14.3813
threshold=0.0049917291596232897 1.9991435590283049e-10 1.3618202565623962e-08 0.12155064398519297 0.052376950559285339 3.4403118726711473e-09 0.073163677006959929 1.0463127316118614e-12 1.1935994029045107 0.032504081726074226 0.58119455888497618 2.3902767896652226 0.020358210429549221 0.40903618293380434 0.011044208426028492 2.3486456871032719 0.040795954357070688 0.33402209068563854 0.016308928288950073 0.10460316051136366 1.48600310087204 0.008840261243802711 0.55977174639701854 4.7437727178733115e-11 0.14373460412025454 0.004078555872259363 0.0043163588270545014 0.44164436050182726 0.010574524217698254 0.051461161396744372
decision_type=2 2 2 2 2 2 2 2 2 2 2 2 2 2 2 2 2 2 2 2 2 2 2 2 2 2 2 2 2 2
left_child=-1 -2 3 4 6 -4 -3 -8 9 -9 11 13 -13 14 18 -16 -17 -18 19 27 21 -20 -22 -24 25 -21 -26 -10 -27 -25
right_child=1 2 5 -5 -6 -7 7 8 10 -11 -12 12 -14 -15 15 16 17 -19 20 24 22 -23 23 29 26 28 -28 -29 -30 -31
leaf_value=-0.10589766359778606 -0.051721177599548453 -0.18317400803033448 0.11062137973394288 0.097045669027794712 -0.11657702047596329 -0.12116694988262591 0.064014791448858618 0.078010198433880365 0.026883227117258903 -0.1196846301257663 0.10011369042396573 -0.089766272667077845 0.047964608906777402 0.1246705179799515 -0.13231363040502403 -0.12422767376917383 0.052519595213388427 -0.10782637792645061 -0.089561429227814085 -0.11355863391055143 -0.21893310053466025 0.076526021303000277 0.019304629014885777 -0.11958450918464623 0.049467545916063116 -0.13772812418050426 -0.14104882636299362 -0.14126194518539545 0.055997077719279045 0.082319939482823068
leaf_weight=42.527840344235301 60.809122713282704 4.9691498037427655 4.0720604658126858 30.090930338948965 15.106668082997201 20.259613199159503 76.89247140660882 7.6525213290005949 131.81458749435842 22.306108113378286 15.332790747284887 49.831776197999716 15.442617371678351 10.918942030519245 18.973590383306146 11.452069239690898 47.590270631015301 10.551114674657581 12.356276942417024 15.141445789486168 4.5067969728261223 97.673851670697331 423.76507919467986 18.439925475046042 7.1184058208018532 4.4773038923740378 33.018456667661667 6.0592627394944421 28.634427610784769 4.3624224066734305
leaf_count=1591 1134 72 5 53 434 372 168 26 834 363 26 868 90 49 271 232 259 172 151 376 51 275 1563 282 77 76 645 105 164 10
internal_value=-0.00047635 0.00323005 0.00613875 0.00805404 0.00560715 -0.0823757 0.00731736 0.00819846 0.00389551 -0.0691862 0.00615857 0.00464555 -0.0571819 0.00919618 0.00775674 -0.0290333 -0.000875523 0.0234211 0.0118951 -0.0103864 0.02088 0.0578746 0.011856 0.0141851 -0.0569943 -0.0151834 -0.10726 0.0194936 0.0298019 -0.0809572
internal_weight=1252.15 1209.62 1148.81 1124.48 1094.39 24.3317 1079.28 1074.31 997.42 29.9586 967.461 952.129 65.2744 886.854 875.935 88.567 69.5935 58.1414 787.368 226.264 561.104 110.03 451.074 446.567 88.39 48.2532 40.1369 137.874 33.1117 22.8023
internal_count=10794 9203 8069 7692 7639 377 7205 7133 6965 389 6576 6550 958 5592 5543 934 663 431 4609 2277 2332 426 1906 1855 1338 616 722 939 240 292
is_linear=0
shrinkage=0.1


Tree=25
num_leaves=31
num_cat=0
split_feature=4 8 13 11 3 5 1 1 13 8 7 17 5 11 12 19 8 11 5 17 12 6 3 19 9 12 15 1 18 13
split_gain=44.0711 16.9626 15.5041 15.7263 21.6661 19.0228 15.2138 13.6633 22.799 18.8631 13.8731 31.5692 24.6136 18.8338 17.4587 15.9791 15.9436 15.5469 26.003 24.66 22.3391 41.305 27.3121 17.8587 17.4694 18.7773 16.9886 16.6064 30.2949 20.2829
threshold=6.6622270912724011e-12 9.8800255677708863e-13 1.1171231865882876 1.454390030630748e-08 0.12155064398519297 0.052376950559285339 0.2683424230056462 0.58119455888497618 2.5160263776779179 5.0665396400198135e-10 0.016308928288950073 0.11206054687500001 0.011544014121098982 3.1983851678241143e-10 0.07552331313490869 3.1102772951126103 3.2473347431729791e-12 7.3982125980975876e-10 0.008840261243802711 0.1831720525568182 0.21158251166343692 6.043393451274141e-11 0.017822080488243557 7.4700586795806894 0.02564826079178836 0.20294787734746936 2.3413987946696583e-05 0.40903618293380434 0.033081855328584264 2.2931524515151982
decision_type=2 2 2 2 2 2 2 2 2 2 2 2 2 2 2 2 2 2 2 2 2 2 2 2 2 2 2 2 2 2
left_child=-1 -2 -3 4 5 7 -5 8 10 -10 11 12 13 16 -14 -16 -4 18 19 -12 24 22 -22 27 25 -19 -24 28 -23 -30
right_child=1 2 3 6 -6 -7 -8 -9 9 -11 17 -13 14 -15 15 -17 -18 20 -20 -21 21 23 26 -25 -26 -27 -28 -29 29 -31
leaf_value=-0.10504009986711803 0.06934258224506544 -0.13551456866662645 -0.082101146683577361 0.11010293275514837 0.088774677839638619 -0.11479688804817911 -0.12953979118762479 0.094863235795143441 -0.10819972008251516 0.069011816655162525 -0.1627555901790044 -0.064836671764432238 -0.15127151403338168 -0.12803627693200184 0.028187719230606947 -0.19006657551927281 0.099543475908673323 0.013541647641389383 0.051990960493088906 0.018202058163463108 0.053447296936830237 -0.098763169699121078 0.087054876633373787 -0.14433716305870162 0.06592535983049895 -0.16771539205698108 -0.14041137956320893 0.11402016790225306 0.029932508059613214 -0.09070340384953364
leaf_weight=39.026285586878657 37.289723660796881 8.282772380858658 9.8352045007050055 3.1904337406158474 28.907740693539381 13.990410478785632 15.615000817924736 15.803327359259127 31.261078650131822 7.4352121595293275 11.581464624032376 86.009183311834931 5.8153074523434034 22.073162216693163 197.68855459056795 3.4123994503170243 9.4992623254656774 137.69136383384466 165.44330226257443 21.531395971775055 10.671312673017381 25.741637956351042 3.5469157844781867 7.8026170115917912 73.62271817587316 5.9628729056566945 44.195604588836432 14.219714406877754 143.20379299111664 15.439934561029075
leaf_count=1634 84 212 252 4 60 448 332 29 647 30 177 1581 81 422 1159 57 26 623 577 128 36 365 5 135 185 73 420 64 711 237
internal_value=-0.000492629 0.00297459 0.000802674 0.00180081 0.00333387 0.00105427 -0.0888832 0.00256976 0.00118553 -0.0741498 0.00405768 -0.0126236 0.00546085 -0.064917 0.0195447 0.0244843 0.0071431 0.0122514 0.0358011 -0.0450892 0.00255231 -0.0169459 -0.0911845 0.00406378 0.0263171 0.00601794 -0.123512 0.00989402 0.00186386 0.0181917
internal_weight=1215.79 1176.76 1139.47 1131.19 1112.39 1083.48 18.8054 1069.49 1053.68 38.6963 1014.99 334.333 248.324 41.4076 206.916 201.101 19.3345 680.655 198.556 33.1129 482.098 264.822 58.4138 206.408 217.277 143.654 47.7425 198.605 184.385 158.644
internal_count=10794 9160 9076 8864 8528 8468 336 8020 7991 677 7314 3578 1997 700 1297 1216 278 3736 882 305 2854 1973 461 1512 881 696 425 1377 1313 948
is_linear=0
shrinkage=0.1


Tree=26
num_leaves=31
num_cat=0
split_feature=5 1 3 11 12 19 5 5 17 17 14 19 3 2 17 19 18 19 18 1 5 10 19 15 9 9 6 5 4 5
split_gain=39.6704 14.8952 28.987 18.2688 19.0679 16.2919 35.4923 22.6493 32.1402 27.6966 30.2352 32.591 23.4976 20.5541 20.4595 20.4036 32.9914 19.6497 17.8913 17.3939 16.274 17.1402 16.0889 14.8185 16.2377 28.2628 22.1516 16.527 16.9724 21.9743
threshold=0.0049917291596232897 0.066069314511282617 0.015182965496451628 7.3982125980975876e-10 0.077470824122428908 1.0920772552490237 0.014089184915443516 0.01270747969182421 0.11618874289772728 0.09288441051136366 0.018286629579961303 4.3906888961792001 0.028416367423296871 2.7429075348721641e-11 0.1924493963068182 1.9443619251251223 0.318150931339584 2.0982140302658085 -0.32063929052872642 0.345127559641278 0.02654060144529927 1.8488491773605349 1.1936405301094057 2.5355357138323601e-05 0.00083538187222873363 0.0031778692493893462 1.0601433743050605e-11 0.038546248779309837 1.2217411993949426e-11 0.0073746849741775601
decision_type=2 2 2 2 2 2 2 2 2 2 2 2 2 2 2 2 2 2 2 2 2 2 2 2 2 2 2 2 2 2
left_child=-1 2 -2 23 -5 6 13 8 -7 20 12 -12 17 -6 15 16 18 -11 -10 -17 -9 -22 -4 24 -3 26 -26 28 29 -27
right_child=1 3 22 4 5 7 -8 9 14 10 11 -13 -14 -15 -16 19 -18 -19 -20 -21 21 -23 -24 -25 25 27 -28 -29 -30 -31
leaf_value=-0.10485447056665634 0.011330055643617968 0.070755732859315509 -0.11905418913917738 -0.15629906477569075 0.073678438145742223 -0.06907204010079819 0.06375552523204385 0.067892720887989103 0.083167913406617763 0.049837009513153403 0.044504602878102248 -0.11894146826231336 -0.10077661327396106 -0.15529453461739146 -0.14200928908188118 0.043235492175919037 0.045968643454157548 -0.10470922013941375 -0.20266591618780649 -0.12970178284862677 -0.23219762659175497 0.008069697113378722 0.0063150515724342861 -0.19555425518940125 0.0097147884419590286 0.021125303199433766 -0.11605676845817173 -0.06505054395157292 0.05236812288282823 -0.18342695887908295
leaf_weight=35.339379144832492 72.212419306859374 68.984475553035736 38.975693374872208 7.9992594569921485 5.5513926483690765 43.718169821426272 83.456465121358633 39.053344642743468 2.6485207304358473 22.867931546643376 52.902590215206146 15.856225684285162 95.948758923448622 13.343810411170123 7.2768715638667336 221.91800878942013 18.244931640103459 12.849826540797947 12.645085133612154 5.9724523369222871 3.9710894711315623 11.767452353611587 13.882283363491295 3.0066755264997473 31.387958386912942 19.901204179972414 25.284035481512547 15.926666088402269 172.28273171931505 7.1345322653651229
leaf_count=1591 624 164 1207 95 19 521 266 148 6 81 368 369 1314 201 103 730 76 129 143 108 50 97 177 38 265 226 522 472 607 77
internal_value=-0.000499262 0.00271603 -0.0298582 0.0067028 -0.0028199 -0.000987464 0.0357357 -0.00760903 0.0104449 -0.0297098 -0.046934 0.00681289 -0.0750017 -0.0880225 0.0233823 0.0279859 -0.0448368 -0.00576257 -0.153166 0.0387032 0.0332954 -0.0525536 -0.086128 0.0254762 0.0274256 0.0164329 -0.0463978 0.0329756 0.0408084 -0.0328545
internal_weight=1182.31 1146.97 125.07 1021.9 677.992 669.993 102.352 567.641 312.424 255.217 200.425 68.7588 131.667 18.8952 268.706 261.429 33.5385 35.7178 15.2936 227.89 54.7919 15.7385 52.858 343.908 340.902 271.917 56.672 215.245 199.318 27.0357
internal_count=10794 9203 2008 7195 4824 4729 486 4243 1687 2556 2261 737 1524 220 1166 1063 225 210 149 838 295 147 1384 2371 2333 2169 787 1382 910 303
is_linear=0
shrinkage=0.1


Tree=27
num_leaves=31
num_cat=0
split_feature=4 11 3 5 1 8 12 5 3 9 14 17 12 5 19 9 12 14 7 10 8 9 9 8 14 14 13 11 4 9
split_gain=36.101 14.2181 20.1162 16.4596 13.732 13.3167 11.2588 10.6415 22.7658 18.7463 25.0441 16.2063 17.5795 14.5018 39.4512 34.2684 35.7507 29.2617 22.2328 20.6544 34.2582 18.1844 17.6524 19.0136 16.6988 21.4819 17.6793 19.1158 18.4186 17.2905
threshold=6.6622270912724011e-12 1.3618202565623962e-08 0.12155064398519297 0.052376950559285339 0.2683424230056462 9.5587661222724146e-13 0.074516296386718764 0.027895244034934371 0.036841492971004031 0.0078601510754006312 0.0047999557573348292 0.20922851562500003 0.77951326966285717 0.016410665962935854 3.6369276046752934 0.024842641186500664 0.19241838157176974 0.0063917415682226428 0.024536969257885725 1.6557603478431704 6.1283353807458078e-11 0.026824192444522391 0.036811435162975706 7.1911740165956868e-11 0.0051859605591744193 0.0032714843982830648 1.9382668137550356 1.2765425938532362e-09 2.0622131642874563e-11 0.0028643098411628488
decision_type=2 2 2 2 2 2 2 2 2 2 2 2 2 2 2 2 2 2 2 2 2 2 2 2 2 2 2 2 2 2
left_child=-1 2 3 5 -3 -2 -7 11 9 -9 -11 13 -13 15 -15 16 18 -17 24 -19 21 -21 -22 -24 25 29 27 -26 -28 -8
right_child=1 4 -4 -5 -6 6 7 8 -10 10 -12 12 -14 14 -16 17 -18 19 -20 20 22 -23 23 -25 26 -27 28 -29 -30 -31
leaf_value=-0.10416753755980977 0.084221599773910777 0.10816867666029804 0.093143807107998328 -0.11310627434990053 -0.11532310365123477 -0.13453150608392281 -0.053734270748217676 -0.10479766533738799 0.015070265221455778 0.10117819249758382 -0.068061932750056481 -0.11637161292834655 0.076061675104951973 0.037972608524773126 -0.092921531929694406 -0.21352095751743061 -0.17076832365638175 0.055371512894313336 -0.21847410608315943 0.0065617498023408348 0.058103704161929885 -0.18312389341947982 -0.21090203578696598 0.0010750534507156342 -0.067482297707652947 -0.10225566449618287 -0.12469682681229284 0.076561837006514366 0.012685859404634962 0.057181393785156923
leaf_weight=32.644205808639526 19.973041795194149 3.2682748734951046 24.779494483023882 12.278953602537511 17.310849955305457 6.0236698519438496 32.076962642371655 42.189676495268941 86.508442120626569 13.539718782529233 24.685105439275503 19.911364918574694 6.2335078939795485 275.72505880519748 25.124223239719868 5.2478694934397927 16.821155071258545 128.38859479315579 5.4428810756653538 7.9272090699523714 67.349608710035682 13.943655502051113 4.4392748698592177 90.378078781068325 11.362356813624499 37.889641018584371 14.868733270093797 48.70396975800395 28.395093787461519 25.015298511832952
leaf_count=1634 43 5 53 455 373 94 562 1295 649 19 258 316 12 1466 371 63 235 332 76 40 248 129 44 711 116 645 173 106 186 85
internal_value=-0.000511517 0.00252107 0.00406843 0.00200644 -0.0798292 0.00334221 0.00178622 0.00258177 -0.0205356 -0.0588398 -0.00811493 0.00704157 -0.0704913 0.00945736 0.0270415 -0.000371111 -0.0306518 0.0206542 -0.0190844 0.0245877 0.00311224 -0.114371 0.0189568 -0.00884955 -0.0136119 -0.0438784 0.0142092 0.0493139 -0.0345293 -0.00513594
internal_weight=1148.45 1115.8 1095.22 1070.44 20.5791 1058.16 1038.19 1032.17 166.923 80.4145 38.2248 865.245 26.1449 839.1 300.849 538.25 220.576 317.674 203.755 312.426 184.038 21.8709 162.167 94.8174 198.312 94.9819 103.33 60.0663 43.2638 57.0923
internal_count=10794 9160 8782 8729 378 8274 8231 8137 2221 1572 277 5916 328 5588 1837 3751 2184 1567 1949 1504 1172 169 1003 755 1873 1292 581 222 359 647
is_linear=0
shrinkage=0.1


Tree=28
num_leaves=31
num_cat=0
split_feature=4 11 3 15 14 5 7 17 9 9 17 7 14 7 12 9 7 3 1 19 17 8 7 1 11 15 0 17 4 5
split_gain=32.4707 12.7271 15.8499 21.6349 18.8255 17.5548 17.9275 15.173 16.3028 20.9623 28.284 20.8923 18.3799 35.0318 21.5127 20.9445 18.9505 16.5754 23.7944 14.9857 16.3888 12.5746 11.7298 11.6746 11.5427 22.6158 12.7639 11.7449 13.3474 12.0186
threshold=6.6622270912724011e-12 1.454390030630748e-08 0.075915971751399303 5.3002890126663267e-05 0.014684968162328007 0.038546248779309837 0.01067925798068394 0.037797407670454551 0.00081248663377114891 0.0028643098411628488 0.066739169034090925 0.0073989626090939899 0.0030972938984632496 0.013197040615209923 0.15268462151288989 0.0053254534437188117 0.016448738663630013 0.030992105924638323 0.17871602621400909 3.3403625488281254 0.094260475852272749 1.0887237660956348e-12 0.050581383696529682 0.2683424230056462 4.4353993811085965e-09 4.731240005639848e-05 5.0297112072849724e-10 0.20922851562500003 5.5272905310722142e-11 0.0092983813327951245
decision_type=2 2 2 2 2 2 2 2 2 2 2 2 2 2 2 2 2 2 2 2 2 2 2 2 2 2 2 2 2 2
left_child=-1 2 3 5 -4 7 -7 -2 17 10 11 -10 -11 -14 15 -15 -16 18 -9 -6 -21 -13 -8 -3 25 27 -27 29 -29 -18
right_child=1 23 4 -5 19 6 22 8 9 12 -12 21 13 14 16 -17 24 -19 -20 20 -22 -23 -24 -25 -26 26 -28 28 -30 -31
leaf_value=-0.10375580128000535 -0.13799448796647415 0.10778086181759508 -0.052437183753985178 -0.066570902749475983 0.089576591934051875 0.057729568570439121 -0.11035647943675893 0.074620211235339323 0.058023092272943694 0.077038394881741648 -0.12153540463812527 0.036924997640679101 -0.068261579876143355 -0.13985170043148212 -0.08866525446091883 0.065337792688932528 -0.011697967559610469 0.072096240521383484 -0.23751599683446362 0.17207874462002271 -0.13348769629602172 -0.14110596988891211 0.076024069130025088 -0.12581014665218315 0.098047210535976648 0.082670781450315756 -0.13132962940513512 -0.10827907784436414 0.082075186989323451 0.023260532724949629
leaf_weight=29.648935670033097 7.2077814112417391 2.560351073741912 15.509073689579962 46.310944599099457 55.50879792496562 10.562913678586481 31.860450150445104 5.3651515245437604 27.507031380198896 37.433222103863955 30.187597047537565 5.9834962338209179 59.555265638977289 5.2505203094333401 21.169093149714172 94.667372941970825 139.59332152549177 62.644464798271656 4.4828149517998099 2.4105083942413312 6.4568194672465324 11.774340956471859 3.7769769672304383 13.019642236642538 13.81018424965441 3.31955333426595 17.376263491809368 15.867745638825001 4.7972330935299388 332.81345130968839
leaf_count=1634 83 4 139 1067 114 61 1224 12 110 90 849 17 1084 163 236 325 860 136 55 1 109 190 12 332 48 7 275 256 12 1289
internal_value=-0.000501806 0.00230993 0.00361261 0.000166242 0.0464658 0.00342985 -0.0566895 0.00651324 0.00767884 0.0036655 -0.0465632 0.00343652 0.00874813 0.00513862 0.0118776 0.0545554 0.00410672 0.0531371 -0.0674648 0.0702928 -0.050422 -0.0811185 -0.0906032 -0.0874228 0.0078292 0.00540412 -0.0970045 0.00970254 -0.0640896 0.0129305
internal_weight=1118.43 1088.78 1073.2 993.317 79.8852 947.006 46.2003 900.806 893.598 821.106 75.4525 45.2649 745.653 708.22 648.665 99.9179 548.747 72.4924 9.84797 64.3761 8.86733 17.7578 35.6374 15.58 527.578 513.768 20.6958 493.072 20.665 472.407
internal_count=10794 9160 8824 8461 363 7394 1297 6097 6014 5811 1166 317 4645 4555 3471 488 2983 203 67 224 110 207 1236 336 2747 2699 282 2417 268 2149
is_linear=0
shrinkage=0.1


Tree=29
num_leaves=31
num_cat=0
split_feature=5 5 3 9 11 11 12 13 9 5 13 17 6 10 4 5 19 14 2 17 6 17 5 4 14 17 7 6 6 12
split_gain=29.2872 11.6154 14.1038 12.62 11.0882 13.4264 13.1119 12.2449 18.3073 11.5879 12.2015 14.8634 14.446 13.2567 21.8368 23.3928 30.3463 33.6666 21.5153 20.1996 22.917 17.107 13.2125 13.741 21.2156 13.1851 13.6023 19.7642 13.1392 25.9646
threshold=0.0049917291596232897 0.052376950559285339 0.12155064398519297 0.098343066876223545 1.9991435590283049e-10 7.3982125980975876e-10 0.077470824122428908 1.2300986647605898 0.0031308017816551819 0.0053755206552716954 1.1935994029045107 0.075128728693181837 1.999296611798637e-11 1.4666331410408022 1.3758379742416805e-11 0.014260617892724972 3.1769731044769292 0.019511927850544456 1.0261681078833687e-10 0.10704456676136366 2.2635534975204069e-11 0.09190784801136366 0.027895244034934371 4.0125301588533619e-11 0.0078564547002315539 0.1924493963068182 0.063406715097956048 1.0859950544633673e-10 6.1745827151300441e-11 0.21158251166343692
decision_type=2 2 2 2 2 2 2 2 2 2 2 2 2 2 2 2 2 2 2 2 2 2 2 2 2 2 2 2 2 2
left_child=-1 2 4 -3 7 -6 -7 8 -2 -8 -11 -12 -13 -14 -15 19 17 18 22 20 -16 -18 23 24 -17 26 27 28 29 -21
right_child=1 3 -4 -5 5 6 9 -9 -10 10 11 12 13 14 15 16 21 -19 -20 25 -22 -23 -24 -25 -26 -27 -28 -29 -30 -31
leaf_value=-0.10368853317428856 -0.11761549351272682 -0.12806051738534333 0.086253045628489552 0.07798016176834556 0.019421764430816609 -0.13831576407936982 0.1242293423086348 -0.084384112630789085 0.081578797524269775 -0.21456027254035448 0.047944126080912607 -0.10582408991725588 0.02993742810154917 -0.14307704324794066 0.11831564507722836 0.042514451401371951 0.060526504062135771 0.063830887422887048 -0.10565789185228938 0.027242255410241535 -0.14712224353971784 -0.12159821624851315 -0.13700906148786435 0.11066700168799465 -0.17492121581706421 -0.095456813399198884 0.15580253634295768 -0.13095374762389558 0.049782436568491462 -0.085892651619816462
leaf_weight=26.826154016889632 6.9111374001950052 12.881172996014358 20.167837768793106 3.8645923975855103 362.68159173894674 7.2766437269747248 7.044746250845491 30.150222817435861 13.880933001637457 2.7597522623836985 50.743287203833461 14.880439814180134 86.24015730060637 12.527181413024662 4.1585585232824114 15.023699633777143 5.8007246293127528 40.534391939640045 35.581520336680114 84.887780647724867 14.930317386053501 46.508683631196618 5.8566075768321744 12.159425951540468 6.3985692504793397 9.8932031560689193 7.4022613093256941 8.5641881097108108 102.66333388723433 26.655522017739713
leaf_count=1591 268 489 53 15 2850 95 76 771 74 25 206 285 334 156 9 39 44 165 543 300 253 1050 94 26 77 147 36 165 366 192
internal_value=-0.000500823 0.00211302 0.00344048 -0.0805104 0.00180646 0.00419192 -0.00488559 -0.0436703 0.015368 -0.00327065 -0.00478235 -0.00380344 -0.00866012 -0.00591025 -0.0129437 -0.00912602 -0.0382077 -0.00960073 -0.049277 0.00971116 -0.0892959 -0.101402 0.00159027 0.0257618 -0.0224309 0.0175837 0.0224424 0.0180111 0.0239668 0.000206387
internal_weight=1085.85 1059.03 1042.28 16.7458 1022.11 971.173 608.491 50.9423 20.7921 601.214 594.17 591.41 540.667 525.786 439.546 427.019 167.864 115.554 75.0198 259.155 19.0889 52.3094 39.4383 33.5817 21.4223 240.066 230.173 222.771 214.207 111.543
internal_count=10794 9203 8699 504 8646 7533 4683 1113 342 4588 4512 4487 4281 3996 3662 3506 2038 944 779 1468 262 1094 236 142 116 1206 1059 1023 858 492
is_linear=0
shrinkage=0.1


Tree=30
num_leaves=31
num_cat=0
split_feature=4 8 11 3 15 5 7 19 14 17 9 4 17 10 17 18 14 17 19 17 12 4 18 2 12 17 19 18 12 1
split_gain=26.5884 10.6729 10.3574 14.0748 15.9398 16.0215 24.5025 24.322 15.0648 14.0154 14.0327 11.6795 26.1122 17.1644 15.725 14.5426 12.4628 16.9855 11.6288 13.2962 10.9105 10.5536 13.9459 10.8972 14.0291 13.7195 11.9939 9.96474 9.90257 9.74148
threshold=6.6622270912724011e-12 9.5587661222724146e-13 1.454390030630748e-08 0.075915971751399303 5.3002890126663267e-05 0.031893738083672594 0.032843850543752474 -0.075711831450462327 0.014684968162328007 0.037797407670454551 0.077169419451409496 1.6007151866457602e-11 0.15591708096590912 1.6647524237632754 0.1924493963068182 0.318150931339584 0.0063460720703005799 0.15982333096590912 3.3403625488281254 0.094260475852272749 0.77951326966285717 7.3321590368963488e-12 -0.22287485854890701 8.0403158841319419e-11 0.11818459630012514 0.12728604403409094 2.7386158704757695 -0.1035136157191697 0.26169510185718542 0.2683424230056462
decision_type=2 2 2 2 2 2 2 2 2 2 2 2 2 2 2 2 2 2 2 2 2 2 2 2 2 2 2 2 2 2
left_child=-1 -2 3 4 5 9 7 -7 -5 -3 11 12 15 16 -13 21 17 -14 -10 -20 -12 22 -11 24 -23 -25 -26 -9 -16 -4
right_child=1 2 29 8 -6 6 -8 27 18 10 20 14 13 -15 28 -17 -18 -19 19 -21 -22 23 -24 25 26 -27 -28 -29 -30 -31
leaf_value=-0.10311087052739294 0.079911880996550347 -0.16692965266880033 0.10650167295947288 -0.044755067238788582 -0.061200251309695877 0.1044495189514419 0.059417176284385601 -0.011645312926076597 0.08542145476006624 0.17893410299770859 -0.1206052525582641 0.018288877719969534 0.086039080537729684 -0.16151528470628487 0.048035473190008497 -0.11692391733127626 0.049174148563281589 -0.15781007801570457 0.15711997119783902 -0.12916442556223887 0.068798924164866646 -0.0087580988698081775 -0.1070953340511232 -0.13892895690516957 -0.15116843228566246 0.10059392753266382 -0.0062802165951224374 -0.10848686582824008 -0.15626021867893747 -0.12385593638773212
leaf_weight=24.673291538842022 17.256727367639542 4.6695392536930731 2.1918776333332053 15.082200499251483 42.712618048302829 7.4086521472781888 19.752427732571959 13.610104376450179 49.632679961621761 5.1447893269360065 14.249713443219663 571.52126421406865 4.7513578496873361 4.6856954386457792 3.3032823726534835 23.446378828957677 78.788563683629036 7.1627929219976068 2.2912955284118643 5.5564575465396047 3.8665851578116408 28.075074157677591 2.5492580141872159 3.1508329361677161 19.656817853450779 9.9208921780809742 8.0544963479042035 48.449751337058842 8.4214293062686902 11.299590181559322
leaf_count=1634 43 75 4 139 1067 19 86 150 114 7 299 3071 20 67 8 367 251 149 1 109 8 419 99 64 329 31 43 1673 116 332
internal_value=-0.000516145 0.00192568 0.000605513 0.00177286 -0.00152531 0.00133653 -0.0388607 -0.0668047 0.0441963 0.00581164 0.00682403 0.00884835 -0.012312 0.0251183 0.0159371 -0.0480167 0.0347597 -0.0605631 0.0675362 -0.0455784 -0.0801805 -0.0269118 0.0841644 -0.0393232 -0.0585799 0.0428589 -0.109056 -0.0872489 -0.0987026 -0.0864311
internal_weight=1061.34 1036.66 1019.41 1005.91 933.352 890.64 89.2209 69.4685 72.5626 801.419 796.749 778.633 195.387 95.3884 583.246 99.9985 90.7027 11.9142 57.4804 7.84775 18.1163 76.5522 7.69405 68.8581 55.7864 13.0717 27.7113 62.0599 11.7247 13.4915
internal_count=10794 9160 9117 8781 8418 7351 1928 1842 363 5423 5348 5041 1846 487 3195 1359 420 169 224 110 307 992 106 886 791 95 372 1823 124 336
is_linear=0
shrinkage=0.1


Tree=31
num_leaves=31
num_cat=0
split_feature=4 5 3 9 8 3 17 8 1 8 14 9 14 9 5 12 13 3 6 10 13 4 19 6 3 2 0 4 19 11
split_gain=23.942 9.86462 11.8694 10.4401 10.01 18.0696 15.9915 15.827 22.326 15.3496 15.0642 26.6267 16.4228 41.7793 31.723 14.1654 19.3723 13.6513 11.9688 12.1793 13.4535 18.2992 12.5683 12.4106 13.7668 11.542 10.5038 10.2197 9.8857 9.25068
threshold=6.6622270912724011e-12 0.052376950559285339 0.11055826339280585 0.098343066876223545 1.0887237660956348e-12 0.025665807485379135 0.042325106534090919 3.2473347431729791e-12 0.31470272798442955 1.2752754653029681e-12 0.0030972938984632496 0.0043108540808155594 0.0043163588270545014 0.0090937167205466744 0.013506805391624783 0.081597026437520995 1.1985957622528078 0.041873176035717059 2.04069984275386e-11 1.5596821308135989 1.5399238467216494 1.4501761059699498e-11 7.9260616302490243 3.5150434150557464e-11 0.027540918449471867 5.429381459591953e-11 9.3199609759331988e-11 3.9653358877434891e-11 0.98635149002075206 1.454390030630748e-08
decision_type=2 2 2 2 2 2 2 2 2 2 2 2 2 2 2 2 2 2 2 2 2 2 2 2 2 2 2 2 2 2
left_child=-1 2 4 -3 5 -2 17 8 9 15 -9 -12 14 -14 -13 -6 -17 -7 -15 27 25 -22 23 24 -23 -21 28 -20 -16 -25
right_child=1 3 -4 -5 7 6 -8 10 -10 -11 11 12 13 18 26 16 -18 -19 19 20 21 22 -24 29 -26 -27 -28 -29 -30 -31
leaf_value=-0.10280660599762702 -0.14271946780823749 -0.12788544040512059 0.072044409898565739 0.073235315379756694 -0.15093139782874557 -0.16782709756686606 0.065462241350298253 0.065585250763907393 0.071846889058106697 -0.12055458227652516 -0.091814649245429161 -0.11422699512861834 -0.12979614733003877 -0.14887665252503729 -0.12374853736744654 -0.10367641038537148 0.092939574368423428 0.062900425106186209 0.026029587949899631 -0.066396295813164169 -0.15451859384633829 0.053138147498555825 -0.14316651512458303 0.0019314856576193272 -0.1256216004696277 0.1040744592705462 0.096178330439797996 -0.099106914759187592 0.064845791695346003 -0.11264602250846721
leaf_weight=22.388024720363319 5.3611094700172535 10.974454160779713 24.240005128085613 3.3747109323739997 6.2583069568499949 5.9124226439744216 65.787883462384343 35.740028762258589 13.018460679799317 31.498142430093139 30.878873186185956 10.239223237149416 24.596948917023838 5.1523719336837521 4.5851174890995008 7.964401624165478 13.514724958688019 4.5283955857157707 227.09476781450212 5.0593737354502109 8.6174945663660747 5.8831289578229216 6.6806152826175085 352.76495641842484 16.092750911600888 18.475737921893597 49.298691477626562 6.719459722749888 7.0574786579236388 7.1901505207642904
leaf_count=1634 65 489 84 15 109 58 157 109 31 919 938 214 680 89 141 146 40 10 1011 79 141 17 153 2737 203 27 91 89 40 278
internal_value=-0.000516658 0.00174055 0.0029216 -0.0805848 0.00120481 0.0347355 0.0472158 -0.00185402 -0.0467261 -0.0727855 0.00208964 -0.000796135 0.00292394 -0.00183107 0.0486385 -0.0185397 0.0200349 -0.0677559 0.00293989 0.00413488 -0.00603339 -0.0103859 -0.0071897 -0.00481124 -0.0777661 0.0674281 0.0760029 0.0224334 -0.00942692 -0.000357215
internal_weight=1036.95 1014.56 1000.21 14.3492 975.971 81.5898 76.2287 894.381 72.254 59.2356 822.127 786.387 755.508 684.328 71.1805 27.7374 21.4791 10.4408 659.731 654.578 420.764 397.229 388.612 381.931 21.9759 23.5351 60.9413 233.814 11.6426 359.955
internal_count=10794 9160 8656 504 8572 290 225 8282 1245 1214 7037 6928 5990 5504 486 295 186 68 4824 4735 3635 3529 3388 3235 220 106 272 1100 181 3015
is_linear=0
shrinkage=0.1


Tree=32
num_leaves=31
num_cat=0
split_feature=5 8 11 3 5 10 17 9 11 10 19 17 8 8 5 17 19 9 12 14 7 9 3 11 12 13 8 2 5 5
split_gain=21.7252 8.94751 8.56505 12.8826 9.78828 17.6703 12.4925 10.1632 12.8276 16.1499 19.9302 15.7635 13.5038 20.1209 10.081 25.8428 26.6348 24.0957 31.8321 23.0444 19.2091 17.3546 20.4824 19.6183 15.4196 21.9336 26.6834 29.1434 23.7907 18.5959
threshold=0.0049917291596232897 9.5587661222724146e-13 1.3618202565623962e-08 0.12155064398519297 0.027318793858349764 1.1641024947166445 0.20922851562500003 0.19876259688227713 7.0562905518656304e-10 1.706236779689789 1.1115118861198428 0.13159179687500003 1.0673694934699412e-11 1.111468368602678e-12 0.016610924572167219 0.12409002130681819 2.9948165416717534 0.024842641186500664 0.19241838157176974 0.0063917415682226428 0.024536969257885725 0.0036066269596152461 0.031912643783799675 2.5656637925308706e-10 0.21158251166343692 1.6149948239326479 6.1283353807458078e-11 2.67343628147929e-11 0.014260617892724972 0.014089184915443516
decision_type=2 2 2 2 2 2 2 2 2 2 2 2 2 2 2 2 2 2 2 2 2 2 2 2 2 2 2 2 2 2
left_child=-1 -2 3 4 6 -6 14 8 11 -10 -11 12 13 -7 17 21 -17 18 20 -19 -3 22 23 -16 -21 -26 27 -27 29 -28
right_child=1 2 -4 -5 5 7 -8 -9 9 10 -12 -13 -14 -15 15 16 -18 19 -20 24 -22 -23 -24 -25 25 26 28 -29 -30 -31
leaf_value=-0.10285896504860073 0.076807541398670728 -0.01173285526850051 -0.075708121136355319 0.086356850472723734 -0.097033078026715236 0.049093738339294202 -0.072911619746306708 0.10467953928227197 -0.14514691101495755 0.064115269132881805 -0.069864980323053771 -0.15072932586977306 0.080447758576409442 -0.12212457488366645 0.025424962338671891 0.0019632141486076002 -0.15272482301693807 -0.1969707420326815 -0.16796349914045319 0.057418190451359444 -0.21134330261543549 0.063283906775437812 0.044619624827979418 -0.14642225159470848 0.056207792603521191 0.064186535303778922 0.007748553042777208 -0.18703597344456283 -0.14162771648652644 0.20973156070394183
leaf_weight=20.322265877388418 15.566906420513986 184.95366973849013 14.569255111739038 17.581620663404465 26.620102713815868 18.020273103378717 20.281971208751202 7.5844215117394915 13.214435365982352 17.645400485023856 29.943829457275569 5.1445403397083274 28.819077813997865 11.085859918035565 12.264708039350809 51.345311740413308 14.212045501917599 4.9734489060938349 15.062676874920724 80.412743692286313 4.9500746745616189 124.6892471536994 41.368165324442089 14.493683063890783 61.871632390655577 6.4804651066660908 113.79561396874487 16.064450290985405 10.439593985676764 4.7483451943844548
leaf_count=1591 43 1993 377 53 1242 54 326 11 221 51 507 118 102 441 148 425 306 73 237 231 74 489 178 224 160 15 735 159 196 14
internal_value=-0.000511813 0.00159294 0.000389143 0.00154635 -3.91154e-05 -0.0227356 0.00454648 -0.00769039 -0.0145705 -0.0473445 -0.020187 0.017026 0.0319249 -0.0161194 0.00660783 0.022667 -0.0315713 -0.00162889 -0.0280347 0.0164854 -0.0169359 0.0411081 0.000520561 -0.0676561 0.0200987 0.00603603 -0.0144499 -0.114823 0.00309414 0.0158391
internal_weight=1008.53 988.204 972.637 958.067 940.486 158.078 782.408 131.458 123.873 60.8037 47.5892 63.0698 57.9252 29.1061 762.126 258.373 65.5574 503.753 204.966 298.786 189.904 192.816 68.1266 26.7584 293.813 213.4 151.528 22.5449 128.984 118.544
internal_count=10794 9203 9160 8783 8730 2747 5983 1505 1494 779 558 715 597 495 5657 1770 731 3887 2304 1583 2067 1039 550 372 1510 1279 1119 174 945 749
is_linear=0
shrinkage=0.1


Tree=33
num_leaves=31
num_cat=0
split_feature=4 2 3 12 8 13 1 13 6 11 0 15 5 11 14 10 5 5 8 6 14 7 18 14 18 13 5 19 5 14
split_gain=19.7077 8.43423 12.455 8.06613 11.4968 10.3208 7.66792 18.5881 10.9602 11.9169 9.22256 22.3476 11.2974 9.02843 6.82932 18.7365 14.3514 14.9185 11.1334 10.1576 23.4829 11.4413 10.9085 13.8008 14.3679 14.496 10.7022 16.1059 15.8331 21.2678
threshold=6.6622270912724011e-12 1.9830481254387551e-09 0.12155064398519297 0.073163677006959929 9.8800255677708863e-13 1.1171231865882876 0.58119455888497618 2.5160263776779179 2.6805985369611089e-10 9.935035016894746e-09 3.5644620913534374e-09 6.9335605076048537e-05 0.049434577594266831 5.1694559743964427e-09 0.011044208426028492 2.3486456871032719 0.010497002543393462 0.02225035647588619 1.1720109365560794e-10 6.1745827151300441e-11 0.008306555915623905 0.029205143187827253 0.44164436050182726 0.0089414054527878779 0.095338998616419077 1.7206913828849795 0.031893738083672594 -0.075711831450462327 0.016410665962935854 0.0067637430038303145
decision_type=2 2 2 2 2 2 2 2 2 2 2 2 2 2 2 2 2 2 2 2 2 2 2 2 2 2 2 2 2 2
left_child=-1 2 3 -2 -5 -6 7 10 -9 -10 11 12 13 14 19 -16 -17 18 -18 20 26 -22 23 -21 -25 -26 28 -28 29 -7
right_child=1 -3 -4 4 5 6 -8 8 9 -11 -12 -13 -14 -15 15 16 17 -19 -20 22 21 -23 -24 24 25 -27 27 -29 -30 -31
leaf_value=-0.10233608978883819 -0.15778714751582901 -0.12870826084953213 0.08993242106491775 0.067764173148425436 -0.1355561414619981 -0.027572536237982028 0.076542825805232265 -0.12180133164354534 0.071890766648149793 -0.1440563471371191 -0.090098608607885378 0.11305284737349651 -0.11049812993906157 -0.12073599640368721 -0.1264072521263587 0.12775610240086993 0.10114024095178509 0.039400788753863387 -0.11943325776392411 0.040726530864691829 -0.029853186612661398 -0.15919563552727731 0.062476481840076564 0.014640873835291689 0.025019011093365046 -0.18647333843078584 0.10673374314696105 -0.061383572579423118 0.027778453869298114 0.026178406296472046
leaf_weight=18.642001120373607 3.2018015326466402 4.9513161876238874 15.893184460699556 25.253736348822713 5.6345464726909986 189.63711905991659 12.969863317906855 19.768624412827197 7.7570649171248061 3.8108949353918433 10.77493266481906 18.061039169318974 9.0504039321094734 5.9658297523856154 15.032119594514368 7.607537828385829 2.6798479240387705 18.891437629237771 15.663427658379076 47.112294419668615 14.562262229155751 12.895081844180821 58.714960757642984 18.840919028967619 4.8185455724596968 9.8981245961040241 6.5369259119033805 44.4292121543549 233.36135667096823 120.31553855258971
leaf_count=1634 71 84 51 74 212 2003 38 605 37 89 386 76 566 163 290 21 10 133 371 165 131 127 171 104 15 111 14 1166 1412 464
internal_value=-0.000497417 0.00147177 0.0021438 0.000664604 0.00120429 -0.000633162 0.000203031 -0.000901781 -0.0765612 0.000750153 0.00183963 0.00299952 0.00062195 0.00183807 0.00272876 -0.0297893 0.00259918 -0.022972 -0.0872087 0.00528682 -0.000182993 -0.0905976 0.0296854 0.00581861 -0.0431894 -0.117226 0.00399441 -0.0398208 0.00810454 -0.00670782
internal_weight=982.732 964.09 959.139 943.245 940.044 914.79 909.155 896.186 31.3366 11.568 864.849 854.074 836.013 826.963 820.997 59.8744 44.8423 37.2347 18.3433 761.122 621.737 27.4573 139.385 80.6699 33.5576 14.7167 594.28 50.9661 543.314 309.953
internal_count=10794 9160 9076 9025 8954 8880 8668 8630 731 126 7899 7513 7437 6871 6708 825 535 514 381 5883 5317 258 566 395 230 126 5059 1180 3879 2467
is_linear=0
shrinkage=0.1


Tree=34
num_leaves=31
num_cat=0
split_feature=5 11 6 12 19 8 14 12 5 9 3 17 3 9 19 13 17 17 8 17 9 8 14 5 19 5 5 13 14 12
split_gain=17.9074 8.02824 10.4725 10.9235 10.0829 10.9054 15.6276 8.59577 7.45091 8.3785 8.11672 7.26611 25.1474 22.7898 14.8167 9.36004 17.7759 19.0129 17.9834 17.4928 16.9101 14.8426 15.8318 14.7036 11.0701 10.063 8.74207 16.6948 8.04952 9.59799
threshold=0.0049917291596232897 1.9991435590283049e-10 7.1933942269965203e-12 0.077470824122428908 0.28868281841278082 3.4330701086647364e-12 0.0033403572160750632 0.23907023668289187 0.052376950559285339 0.098343066876223545 0.14400731333790565 0.057639382102272735 0.029244971680415909 0.0028643098411628488 0.15250625461339953 1.5030669569969179 0.086447975852272749 0.11206054687500001 4.1186902331605622e-11 0.13620827414772732 0.0076290751256333335 1.6856569424602711e-11 0.0047999557573348292 0.013506805391624783 0.29408361017704016 0.0053755206552716954 0.0082117964543885671 1.4816052317619326 0.0047775956336408862 0.15471726655960086
decision_type=2 2 2 2 2 2 2 2 2 2 2 2 2 2 2 2 2 2 2 2 2 2 2 2 2 2 2 2 2 2
left_child=-1 4 -3 -4 -2 -6 -7 -8 10 -10 11 12 -5 14 -13 16 -15 24 19 20 -19 22 23 -17 -18 -23 27 -20 -27 -30
right_child=1 2 3 8 5 6 7 -9 9 -11 -12 13 -14 15 -16 21 17 18 26 -21 -22 25 -24 -25 -26 28 -28 -29 29 -31
leaf_value=-0.10242194373107334 -0.12859734762722924 0.065984251137974501 -0.10739614812875253 -0.12765776804134632 -0.11953427512619548 0.08437782533785769 -0.12356576175774646 0.087443932014538955 -0.12831765390842215 0.06959551868207875 0.099048652498181969 0.042066424739812973 0.051328646515618748 -0.27601796720953031 -0.1316770018036455 -0.12610140393207669 -0.13068964207948713 -0.077565781586672947 -0.18834262973160698 -0.15586514526259687 0.068222859044488535 0.1251987292839048 -0.15419989878530471 0.046137914929168446 0.074253404775942319 -0.15027266697204675 0.077865291525471655 0.076387592560359791 0.043178268153072373 -0.003383074482559271
leaf_weight=16.93045387044549 10.040593121666459 25.931143395602703 9.1156608243472856 8.8290696647018176 7.5690519986674181 14.665143621154131 8.2573763970285636 2.5196253769099703 8.4233221616595966 2.8671058863401404 8.837789371609686 6.4393842229619649 70.764737023040652 1.9354847939684976 20.643633145838976 7.6320886164903667 2.7408283464610568 17.329056982882321 4.0546873221173865 11.189791742712258 14.709395212121306 6.4761165976524344 12.857076819986103 14.136783818714319 68.668302254751325 3.5504878908395758 26.051142765209079 5.7751313745975494 48.630632714368403 493.96068133180961
leaf_count=1591 393 156 126 123 367 39 329 6 468 15 28 56 214 22 540 191 87 657 53 262 72 53 242 94 290 42 94 13 262 3909
internal_value=-0.000486587 0.00134044 0.00335503 0.00150029 -0.0408472 -0.0141574 0.0171923 -0.0742324 0.00264588 -0.0780593 0.00371135 0.00271584 0.0314743 -0.000269361 -0.090367 0.00302944 0.025107 0.0289791 -0.00478788 -0.048226 -0.0106318 -0.0027021 -0.0662144 -0.0142486 0.0663873 0.00127745 0.0475449 -0.0328106 -0.000192002 0.000790062
internal_weight=961.532 944.601 901.55 875.618 43.0518 33.0112 25.4421 10.777 866.503 11.2904 855.212 846.375 79.5938 766.781 27.083 739.698 152.454 150.518 79.1092 43.2282 32.0385 587.244 34.6259 21.7689 71.4091 552.618 35.881 9.82982 546.142 542.591
internal_count=10794 9203 8069 7913 1134 741 374 335 7787 483 7304 7276 337 6939 596 6343 1550 1528 1151 991 729 4793 527 285 377 4266 160 66 4213 4171
is_linear=0
shrinkage=0.1


Tree=35
num_leaves=31
num_cat=0
split_feature=5 11 14 12 19 8 14 12 14 2 3 8 9 14 9 5 14 3 1 8 9 6 10 4 19 8 2 2 2 1
split_gain=16.1463 7.05952 9.52222 9.21591 9.09877 9.78734 13.6067 7.67315 7.21827 7.06732 10.0105 7.20816 10.7192 18.6471 28.5645 20.4689 17.8164 14.3458 21.3012 22.4751 9.4051 9.30676 9.52642 10.627 12.9969 12.2693 10.6136 23.3921 12.6992 12.0325
threshold=0.0049917291596232897 1.9991435590283049e-10 0.0024349605664610867 0.07552331313490869 0.28868281841278082 3.4330701086647364e-12 0.0033403572160750632 0.23907023668289187 0.002456920919939876 1.9830481254387551e-09 0.12155064398519297 1.0463127316118614e-12 0.0056965006205573479 0.0043163588270545014 0.0090937167205466744 0.012436210926040683 0.0035989076131954793 0.017652147069395285 0.31470272798442955 1.2752754653029681e-12 0.0028643098411628488 2.04069984275386e-11 1.5596821308135989 1.8256763205485551e-11 3.3060257434844975 4.9983654252791488e-11 9.6462621369966032e-11 1.3184866121826379e-10 1.1115462001352884e-10 0.093048388640634402
decision_type=2 2 2 2 2 2 2 2 2 2 2 2 2 2 2 2 2 2 2 2 2 2 2 2 2 2 2 2 2 2
left_child=-1 4 -3 -4 -2 -6 -7 -8 -5 10 11 -10 16 15 -15 -14 17 20 19 -19 -13 -16 -23 24 25 -24 29 28 -28 -25
right_child=1 2 3 8 5 6 7 -9 9 -11 -12 12 13 14 21 -17 -18 18 -20 -21 -22 22 23 26 -26 -27 27 -29 -30 -31
leaf_value=-0.1021905658856494 -0.1273609402634639 0.063879143252849033 -0.15322905472106146 -0.25028079888634186 -0.11889241102788028 0.080518753550542194 -0.1227434456849095 0.080774014886787329 0.043528085314745515 -0.12137453271299042 0.087213125510152908 -0.11747998303696279 -0.12984342634399276 -0.13590588097728351 -0.1434101204623679 0.08945419659127507 -0.10749297245498238 -0.0084052842541166468 0.076137894121436164 -0.14269165279293905 0.078392205728085695 0.021142068171139665 -0.16155222889985676 -0.16399757426413805 -0.15140798771914249 0.0022036656805892217 -0.032848997552532393 0.00094118898004495039 -0.16269458087559194 0.032755949113042603
leaf_weight=15.352228892035781 9.1688695168122631 25.018769335001707 3.8423618867527685 1.132736850529908 6.8838883442804244 13.87301340699196 7.5191050060093385 2.4582017101347446 39.077687043696642 4.5940553038381031 13.882131502032278 2.762563660740855 4.7573866769671431 15.128582598641513 4.302525056526064 40.405718496069312 23.01686231372878 30.692756465636194 13.99609951302409 20.984731343109161 21.765480374917388 215.77342102909461 5.3776400722563258 3.2023662021383634 9.9346688268706185 30.669423673301935 16.317497435957197 219.33134513534606 13.989974244497715 105.73052851995453
leaf_count=1591 393 147 78 24 367 39 329 6 120 84 51 83 114 415 83 84 1237 239 29 500 68 1029 86 65 116 204 141 2352 200 520
internal_value=-0.000477073 0.00120999 0.0030637 0.00129585 -0.0399348 -0.0138532 0.0164642 -0.072601 0.00198881 0.00232275 0.00299044 0.00159392 -0.000459214 0.0042525 -0.000131481 0.0663538 -0.028963 -0.0089244 -0.0332964 -0.0629351 0.0563314 0.00315699 0.00417356 -0.00487679 -0.0501367 -0.0222261 0.000927149 -0.0104378 -0.0927859 0.0269719
internal_weight=940.943 925.59 885.687 860.669 39.9031 30.7342 23.8503 9.97731 856.826 855.693 851.099 837.217 798.14 684.921 639.758 45.1631 113.218 90.2016 65.6736 51.6775 24.528 624.629 620.327 404.553 45.9817 36.0471 358.572 249.639 30.3075 108.933
internal_count=10794 9203 8069 7922 1134 741 374 335 7844 7820 7736 7685 7565 5409 5211 198 2156 919 768 739 151 4796 4713 3684 406 290 3278 2693 341 585
is_linear=0
shrinkage=0.1


Tree=36
num_leaves=31
num_cat=0
split_feature=4 9 4 3 5 10 13 17 10 0 8 19 17 12 10 12 4 14 14 6 3 4 17 5 5 2 9 13 7 6
split_gain=14.662 6.6772 16.9854 10.4935 8.91614 12.1458 11.0612 9.91055 9.56627 13.8465 8.72873 10.118 7.83819 9.76402 7.78399 7.62278 7.60358 6.91749 6.57202 10.328 7.47256 14.3475 15.983 14.847 14.4632 19.4272 10.444 19.4976 11.2708 10.4028
threshold=6.6622270912724011e-12 0.21795238411695764 4.5005205691089352e-10 0.10439956878837624 0.027318793858349764 1.1641024947166445 1.5608600378036501 0.037797407670454551 1.8488491773605349 4.4900097258330525e-10 1.0298793509291311e-12 0.017144062556326393 0.20922851562500003 0.77951326966285717 1.7722907066345217 0.2639134824275971 4.7807823153393637e-11 0.002379602519795299 0.0024788278387859468 7.5174328274247336e-12 0.015367544868889946 1.2217411993949426e-11 0.19409179687500003 0.0073136526663012688 0.0070622312802911856 1.1378654717277573e-10 0.0059098833515815524 1.5399238467216494 0.0072982396843515361 1.999296611798637e-11
decision_type=2 2 2 2 2 2 2 2 2 2 2 2 2 2 2 2 2 2 2 2 2 2 2 2 2 2 2 2 2 2
left_child=-1 2 3 4 7 -6 8 -2 9 -7 -9 -12 17 15 -8 -14 -16 -13 -19 -20 -21 23 26 24 25 -22 28 -28 -23 -29
right_child=1 -3 -4 -5 5 6 14 10 -10 -11 11 12 13 -15 16 -17 -18 18 19 20 21 22 -24 -25 -26 -27 27 29 -30 -31
leaf_value=-0.10178968514859417 -0.16554660070399474 0.079086062077551866 -0.14887418773556876 0.073417788837970524 -0.095313471897112784 0.010675040862125347 -0.13506272694149377 0.05890612802269745 0.09830965529449448 -0.17454950571352579 -0.14233590773231719 -0.12851338914984675 0.097659582156580882 0.07881382167107695 0.094196026114071837 -0.12874576713039865 -0.048886918245468369 0.065076704035505945 -0.14548585042753101 0.032788167260676286 -0.12936377071653177 0.044292775491401509 -0.1387245528608593 -0.17788154936030556 0.072185956815671512 0.14011468336906621 0.066499805082176761 -0.14319998960047128 -0.061804601053375964 0.0063179422029771759
leaf_weight=14.068110837601123 3.4296393466647705 10.844625063240526 7.5839575654827049 19.790719760581851 20.341320151463151 54.153277510777116 8.9486202728003246 28.6921726167202 11.052891871891914 4.3609175495803347 4.7814684445038429 3.839266804046928 1.693837141618135 3.853546865284442 4.2994367945939329 12.184045528527347 27.275735364295542 18.379717477597296 4.5622591245919457 86.985644260421395 14.327865777537232 13.445526609662918 7.5811933493241659 8.2288209125399572 9.8644253956153971 3.2894168822094789 58.066033259965479 4.7069743042811742 39.215459489263594 408.40050261747092
leaf_count=1634 74 42 234 79 1243 730 207 93 15 41 102 196 4 7 9 305 502 168 89 494 477 76 119 129 32 31 164 85 657 2756
internal_value=-0.000485678 0.00109051 0.000143684 0.0014196 -0.000225851 -0.0243219 -0.011205 0.00404714 0.0129874 -0.00312928 0.00484164 0.00263633 0.00362853 -0.0620092 -0.052736 -0.101112 -0.029404 0.00533783 0.00609684 0.00445106 0.00549683 0.0013109 0.00543405 -0.0600465 -0.0247633 -0.079048 0.00752038 0.0122409 -0.0347156 0.00461432
internal_weight=918.247 904.179 893.335 885.751 865.96 130.432 110.091 735.528 69.5671 58.5142 732.098 703.406 698.625 17.7314 40.5238 13.8779 31.5752 680.893 677.054 658.674 654.112 567.126 531.416 35.7105 27.4817 17.6173 523.834 471.174 52.661 413.107
internal_count=10794 9160 9118 8884 8805 2747 1504 6058 786 771 5984 5891 5789 316 718 309 511 5473 5277 5109 5020 4526 3857 669 540 508 3738 3005 733 2841
is_linear=0
shrinkage=0.1


Tree=37
num_leaves=31
num_cat=0
split_feature=5 13 11 17 15 13 1 7 19 14 10 5 5 8 19 17 6 19 5 5 12 2 17 8 14 0 13 17 13 11
split_gain=13.2422 5.98263 5.99786 15.3833 10.5147 18.304 11.0172 7.34623 6.49866 6.48196 15.7359 12.5368 13.2513 9.60987 8.72254 11.6729 8.23637 9.01469 8.52633 8.48147 7.43074 26.5281 10.4467 10.077 23.2822 15.6163 11.8395 11.6451 10.6566 15.5464
threshold=0.0049917291596232897 1.1171231865882876 1.1812152145296297e-08 0.18543590198863638 8.2303293311269967e-05 2.5160263776779179 0.40903618293380434 0.063406715097956048 3.2061398029327397 0.011044208426028492 2.3486456871032719 0.010497002543393462 0.02225035647588619 1.1720109365560794e-10 2.5671132802963261 0.094260475852272749 8.3978485051517262e-11 2.1733367443084721 0.011132974999399364 0.048058433024453694 0.2639134824275971 3.7455127191262262e-11 0.14171253551136367 5.8092374429383947e-11 0.0077729646582156428 1.4384731795470675e-09 2.1258965730667119 0.11041814630681819 1.9548274874687197 2.6986860524047533e-09
decision_type=2 2 2 2 2 2 2 2 2 2 2 2 2 2 2 2 2 2 2 2 2 2 2 2 2 2 2 2 2 2
left_child=-1 -2 4 -4 5 6 9 -8 -6 16 -11 -12 13 -13 -14 -16 19 18 -18 20 23 -22 -23 24 25 26 28 -25 -3 -30
right_child=1 2 3 -5 8 -7 7 -9 -10 10 11 12 14 -15 15 -17 17 -19 -20 -21 21 22 -24 27 -26 -27 -28 -29 29 -31
leaf_value=-0.10185462510787097 -0.10451195677670429 0.007286784796514359 -0.094727879040761812 0.10801662915922357 0.083850852361744499 -0.1016301071127373 -0.016332448246427027 0.1599189078085379 -0.054101471735517825 -0.12383726457568148 0.11734396400782561 0.089140271787833292 0.064681336715571289 -0.11732784851637111 0.14240403459348747 -0.1301773279933032 0.045162229060538961 0.069006347742821203 -0.19610151826070263 -0.1036096371787336 0.030975977226491199 -0.018310574419109195 -0.15824551860850372 -0.12765481868994152 -0.14072906034177377 -0.069120507438412748 0.074111410709282025 0.043207413074186997 -0.16626053753360459 0.014126571872848865
leaf_weight=12.702620489988474 5.3439829130657008 459.5347640523687 17.024471321143213 4.7968741133809081 23.483300426043574 17.048639074899256 3.486432188190518 7.3509227968752384 3.9958554282784453 13.688678239006547 7.3910337053239337 2.6289967950433519 16.956498757004741 15.816855757497249 2.1094013461843115 6.1556038055568933 3.2070774864405385 33.437285325489938 2.6963074654340744 7.5411317613907149 29.215959055349231 8.0447994116693753 15.837435481604187 4.1693716645240775 11.392991150729356 27.871593310497701 25.540600941516459 92.151904201135039 8.8318635597825068 10.408018970862029
leaf_count=1591 215 4459 489 14 90 540 36 18 88 301 24 11 72 448 2 150 15 122 34 622 97 86 172 45 141 342 94 302 126 48
internal_value=-0.000475889 0.000975684 0.00161496 -0.0501596 0.00292868 0.000919784 0.00306376 0.103218 0.0637906 0.0017148 -0.028626 -0.00309996 -0.023486 -0.087901 0.0236241 -0.0606089 0.00436993 0.0488928 -0.0650324 0.00186963 0.00301744 -0.0329298 -0.111108 0.0060003 0.000717827 0.00374591 0.00777296 0.0358115 0.00423408 -0.0686782
internal_weight=899.861 887.159 881.815 21.8213 859.993 832.514 815.466 10.8374 27.4792 804.628 64.7471 51.0584 43.6674 18.4459 25.2215 8.26501 739.881 39.3407 5.90338 700.54 692.999 53.0982 23.8822 639.901 543.58 532.187 504.315 96.3213 478.775 19.2399
internal_count=10794 9203 8988 503 8485 8307 7767 54 178 7713 1008 707 683 459 224 152 6705 171 49 6534 5912 355 258 5557 5210 5069 4727 347 4633 174
is_linear=0
shrinkage=0.1


Tree=38
num_leaves=31
num_cat=0
split_feature=4 8 1 13 1 14 0 15 19 4 8 2 3 17 2 2 5 12 17 1 14 10 0 5 0 18 17 5 14 3
split_gain=12.2143 5.84537 5.55882 15.0647 9.37012 10.7596 8.07421 18.8074 11.1684 6.97092 13.5797 12.7568 12.0512 24.6779 9.75369 19.0389 13.714 18.8985 15.4521 9.92519 15.7394 20.0502 11.9033 14.713 18.0706 13.7828 10.932 9.69393 9.45238 9.45237
threshold=6.6622270912724011e-12 9.5587661222724146e-13 0.58119455888497618 2.5160263776779179 0.47522073911004176 0.016184384934604171 4.9645679079521774e-09 6.9335605076048537e-05 4.3906888961792001 4.4476558268534752e-11 1.5559008060799501e-10 5.429381459591953e-11 0.027898509325426712 0.12764115767045456 1.6911113086546893e-10 1.5885711657272737e-10 0.012023804019280276 0.17987764626741412 0.10704456676136366 0.25681110839985688 0.0057545562740415343 1.6362730860710146 7.4565433214574948e-10 0.0087383236040398018 4.6501486109499178e-10 -0.3759026347913525 0.042325106534090919 0.0073746849741775601 0.0071758991107344636 0.049029957692015187
decision_type=2 2 2 2 2 2 2 2 2 2 2 2 2 2 2 2 2 2 2 2 2 2 2 2 2 2 2 2 2 2
left_child=-1 -2 3 6 -5 -6 7 9 -9 10 14 -11 -13 -14 15 19 18 -18 -16 22 -21 -22 23 24 27 -25 -27 -3 -29 -28
right_child=1 2 -4 4 5 -7 -8 8 -10 11 -12 12 13 -15 16 -17 17 -19 -20 20 21 -23 -24 25 -26 26 29 28 -30 -31
leaf_value=-0.10152870017856606 0.06949811111283602 0.01018365335730426 0.066799857906197399 -0.10983991134458285 -0.12687022630794584 0.06596413501933239 -0.11330883414638766 0.10810904278944473 -0.10991052330732194 -0.094919546366619312 -0.11461392131878034 0.085375200407471721 0.010860408062057472 -0.12158505904342734 -0.12496600443517532 -0.18424029398207686 0.064685660914053186 -0.15096769311965502 0.057487035178061488 0.028177294030584166 -0.19298097006619513 -0.032780173025969896 0.050648803492622012 -0.16594814907807401 -0.16418341613846171 -0.18500376671583649 0.015633675390237464 -0.15102912153626502 -0.0083907979250625857 -0.081162627544614202
leaf_weight=11.799578657839445 12.247232947498558 36.473644198849797 12.25144901871681 20.148368149530143 4.4141158163547507 8.3996437788009626 6.0654475372284642 23.374668153002862 2.6122086588293305 20.482399300672114 9.5965616707690042 12.104236109182237 56.467912666499615 18.735762298572809 4.9039941709488621 5.5611031651496878 7.5319657204672721 8.8247803021222335 86.817671769298613 25.827861753758043 10.207890820223836 33.292835634667426 54.879176608286798 4.4447361989878109 10.283023410476742 2.8163259709253898 344.20186549751088 9.1424611648544687 9.4460521759465319 10.393040806055067
leaf_count=1634 43 549 42 623 121 54 313 93 101 1201 276 34 531 491 104 67 34 113 284 237 127 278 223 65 230 47 2521 209 44 105
internal_value=-0.000468101 0.000899494 -7.77561e-05 -0.0010446 -0.0673209 -0.000463926 0.00163759 0.00250001 0.0861937 -0.000279688 0.00349319 -0.0238936 -0.00723099 -0.0221362 0.00519746 -0.000137255 0.0326893 -0.0516635 0.047732 0.00171947 -0.0336588 -0.0703729 0.00680726 0.00117528 -0.0424959 0.00906158 0.011238 -0.0197704 -0.0785452 0.0127966
internal_weight=883.748 871.948 859.701 847.45 32.9621 12.8138 814.488 808.422 25.9869 782.435 674.645 107.79 87.3079 75.2037 665.048 556.97 108.078 16.3567 91.7217 551.409 69.3286 43.5007 482.08 427.201 65.3452 361.856 357.411 55.0622 18.5885 354.595
internal_count=10794 9160 9117 9075 798 175 8277 7964 194 7770 5513 2257 1056 1022 5237 4702 535 147 388 4635 642 405 3993 3770 1032 2738 2673 802 253 2626
is_linear=0
shrinkage=0.1


Tree=39
num_leaves=31
num_cat=0
split_feature=4 12 8 13 11 1 13 15 19 5 11 1 10 13 13 17 11 11 13 9 15 12 4 14 19 6 5 13 8 15
split_gain=11.0228 5.60393 6.95678 7.28533 5.23753 7.20819 13.3849 9.41822 14.1546 7.09712 6.43092 6.06084 6.4236 5.73745 5.99743 5.34664 4.92267 4.74313 8.59897 10.2518 7.84431 5.71384 5.50848 11.7521 15.7523 10.6256 12.8918 8.87541 6.41415 6.21746
threshold=6.6622270912724011e-12 0.073163677006959929 9.8800255677708863e-13 1.1171231865882876 1.454390030630748e-08 0.54028895327509907 2.5160263776779179 6.9335605076048537e-05 4.3906888961792001 0.049434577594266831 5.1694559743964427e-09 0.47522073911004176 2.807008028030396 2.498358011245728 2.4198849201202397 0.21772904829545456 5.8623241816491153e-09 1.9991435590283049e-10 1.2300986647605898 0.0031308017816551819 1.3434004813461799e-05 0.23907023668289187 1.2217411993949426e-11 0.0068840230815112599 3.4242508411407475 3.9482412555958687e-11 0.0070622312802911856 1.7117954492568972 1.0093928650969968e-12 2.2991339392319791e-05
decision_type=2 2 2 2 2 2 2 2 2 2 2 2 2 2 2 2 2 2 2 2 2 2 2 2 2 2 2 2 2 2
left_child=-1 -2 -3 -4 5 6 7 9 16 10 13 -8 -13 14 17 -6 -9 18 19 -5 -19 -20 23 24 28 -25 -27 -26 -22 -24
right_child=1 2 3 4 15 -7 11 8 -10 -11 -12 12 -14 -15 -16 -17 -18 20 21 -21 22 -23 29 25 27 26 -28 -29 -30 -31
leaf_value=-0.1013816802650718 -0.14555461519039048 0.05877829416968533 -0.13295384455648629 -0.11375952037400455 -0.11508361667875983 0.072453098767460034 -0.10340155737208268 0.18639646456324488 -0.10978870232856348 -0.10893932206026267 -0.10242348889671496 -0.12083275116282306 0.073194375277764845 0.13892321833741658 -0.11958266429802711 0.10374539202463039 0.069542126037838978 0.087291419794979341 -0.096001685272662701 0.081811951557882553 0.11446339999247496 0.06867637462848164 0.020457697996367454 0.10153075807337329 -0.088919648802142912 -0.16617490345549621 0.017494188081155888 0.093864525051140693 -0.13452451337262433 -0.0011824480174132592
leaf_weight=10.691395101137458 2.608637783676385 20.505892273038626 4.1122525110840789 3.7133090016432098 6.8207206213846785 13.983773726038633 17.771500907838348 4.5913138687610688 4.0245970664545885 5.8967475052922955 5.9416366922669104 2.6500791534781447 4.7911301162093878 3.0489772967994204 4.0706764236092559 1.3350806832313535 16.782450229860842 11.097095517441629 17.578004297800366 9.6351086236536485 1.093183159828192 2.393903423100709 191.02199320867658 10.176580379251389 4.2353769592009467 4.8419602978974607 18.13394941482693 7.1261914698407054 19.314485780894756 435.35901426151395
leaf_count=1634 71 74 212 214 332 56 585 5 160 566 179 81 22 15 106 4 101 33 619 67 1 7 1791 30 92 86 69 39 618 2925
internal_value=-0.000472738 0.000789592 0.00123764 -0.000181318 0.000478551 0.00127236 3.63144e-05 0.0023541 0.0622496 0.000338343 0.00119892 -0.0716755 0.00409442 0.00202775 0.00146355 -0.079262 0.0946437 0.00213328 -0.0347317 0.0274072 0.00388208 -0.0762628 0.00254315 -0.025184 -0.0686467 0.0164652 -0.0212124 0.0257261 -0.121187 0.00541696
internal_weight=865.347 854.656 852.047 831.541 827.429 819.273 805.289 780.077 25.3984 754.678 748.781 25.2127 7.44121 742.84 739.791 8.1558 21.3738 735.72 33.3203 13.3484 702.4 19.9719 691.303 64.9217 31.7692 33.1525 22.9759 11.3616 20.4077 626.381
internal_count=10794 9160 9089 9015 8803 8467 8411 7723 266 7457 6891 688 103 6712 6697 336 106 6591 907 281 5684 626 5651 935 750 185 155 131 619 4716
is_linear=0
shrinkage=0.1


Tree=40
num_leaves=31
num_cat=0
split_feature=4 12 8 13 11 17 8 9 19 4 15 15 15 13 17 5 6 14 8 7 17 9 10 13 4 13 19 9 3 7
split_gain=9.95196 4.92043 5.98366 6.48277 4.69866 11.268 8.09932 11.9431 8.229 8.36531 7.82177 15.6438 6.89888 7.84526 6.40265 6.46059 6.15976 14.7838 10.7859 9.628 12.6798 21.5041 22.8524 18.2701 15.0149 13.6337 12.0781 14.2894 15.0716 12.9212
threshold=6.6622270912724011e-12 0.073163677006959929 9.8800255677708863e-13 1.1171231865882876 1.1812152145296297e-08 0.18543590198863638 2.9154896000541851e-10 0.077169419451409496 5.2332632541656503 5.4641681058241101e-11 5.3002890126663267e-05 8.2303293311269967e-05 5.2395898819668225e-05 2.3779460191726689 0.21772904829545456 0.049434577594266831 5.7265439253559735e-11 0.007686606841161848 5.9756862656894582e-11 0.025843740996422063 0.12351296164772728 0.015381442727863924 1.5596821308135989 1.5543665885925295 1.6263068609283727e-11 1.367182791233063 4.2037944793701181 0.0043108540808155594 0.028627355180486303 0.015820290281282543
decision_type=2 2 2 2 2 2 2 2 2 2 2 2 2 2 2 2 2 2 2 2 2 2 2 2 2 2 2 2 2 2
left_child=-1 -2 -3 -4 6 -6 7 10 9 -8 12 -12 13 14 15 16 17 18 19 20 24 -22 23 -23 25 -5 27 -26 -29 -30
right_child=1 2 3 4 5 -7 8 -9 -10 -11 11 -13 -14 -15 -16 -17 -18 -19 -20 -21 21 22 -24 -25 26 -27 -28 28 29 -31
leaf_value=-0.10124893980427306 -0.14160737304266033 0.055919656005543709 -0.13092593761460736 0.0019233539779040854 -0.089191720073186986 0.10560585698720093 -0.12097291505783714 -0.12148940997906173 -0.11149280136234173 0.065652681607656679 -0.10203608478028776 0.059250476823382095 0.096075783044058991 -0.12125190107720392 -0.14709486409404054 -0.10815560633341553 0.020261627931327197 -0.06362519288809583 -0.22902701699290678 0.034423910063207191 -0.095040571123525874 -0.16867138198111345 -0.11429521195516024 0.035598144538691943 -0.0057483905535599573 -0.11801157033989429 -0.17114365619407451 0.070500165798446396 -0.10990089776684675 0.023726082184418327
leaf_weight=9.6860123267397267 2.4228157604811704 19.454451090656221 3.7756416443735352 22.441618593875319 14.619431813014673 3.7263603750616303 2.5567852328531435 8.1260444610379619 3.2207321682944885 39.626560593023896 19.191210159566257 8.7582017602398974 7.7810807432979336 5.1769882435910395 2.8569828723557285 5.1983496032189569 170.39983663149178 35.82913077250123 1.9966284409165371 85.12355969985947 35.568026793655008 4.6958011495880774 15.000656764023004 64.817887126468122 109.62966157402843 16.407925833947957 3.3221418717876068 79.298897395841777 8.7408695779740793 42.038830562029034
leaf_count=1634 71 74 212 438 490 14 75 271 145 260 730 60 36 118 53 561 894 296 21 326 1069 103 127 230 1283 447 60 326 152 218
internal_value=-0.000463562 0.000696101 0.00110685 -0.000193697 0.000411091 -0.0496248 0.00156168 -0.000913451 0.0425777 0.0543411 0.000403007 -0.0514955 0.00242797 0.00139955 0.0023023 0.00291161 0.00374198 -0.00162073 0.00292159 0.00387238 -0.00259752 -0.0298092 -0.00235645 0.0217993 0.0089948 -0.0487306 0.0182225 0.0208469 0.0432613 0.00072445
internal_weight=851.489 841.803 839.38 819.926 816.15 18.3458 797.804 752.4 45.4041 42.1833 744.274 27.9494 716.325 708.544 703.367 700.51 695.311 524.912 489.083 487.086 401.962 120.082 84.5143 69.5137 281.88 38.8495 243.03 239.708 130.079 50.7797
internal_count=10794 9160 9089 9015 8803 504 8299 7819 480 335 7548 790 6758 6722 6604 6551 5990 5096 4800 4779 4453 1529 460 333 2924 885 2039 1979 696 370
is_linear=0
shrinkage=0.1


Tree=41
num_leaves=31
num_cat=0
split_feature=4 5 3 9 17 9 3 10 8 7 17 14 6 19 13 14 6 14 9 5 9 6 10 18 17 9 3 13 7 10
split_gain=8.9878 4.40114 5.49859 4.62831 4.353 5.37446 11.9832 11.3415 10.5229 15.6257 11.9266 10.7303 11.433 7.02102 6.42016 6.26458 18.2752 11.6896 25.8434 13.2927 7.27766 7.24627 6.96599 8.68376 6.05947 23.5128 22.4296 11.1431 13.0572 10.7929
threshold=6.6622270912724011e-12 0.052376950559285339 0.14400731333790565 0.098343066876223545 0.035289417613636374 0.00083538187222873363 0.029866618109629286 1.0622648000717165 3.2473347431729791e-12 0.0073989626090939899 0.066739169034090925 0.0026620046701282267 9.8600654135816071e-12 0.2467920780181885 1.1632998585700991 0.0032714843982830648 1.5565515248014103e-11 0.0043163588270545014 0.0090937167205466744 0.013506805391624783 0.0056965006205573479 2.04069984275386e-11 0.86147809028625499 0.13281574361661283 0.12795188210227273 0.015381442727863924 0.017333421512989711 2.1501494646072392 0.032091238299263129 1.4666331410408022
decision_type=2 2 2 2 2 2 2 2 2 2 2 2 2 2 2 2 2 2 2 2 2 2 2 2 2 2 2 2 2 2
left_child=-1 2 4 -3 -2 6 7 -6 9 10 -7 -10 -13 -8 -15 22 -17 19 -19 -18 -21 -20 -14 -24 26 -26 -23 -27 -29 -28
right_child=1 3 -4 -5 5 8 13 -9 11 -11 -12 12 15 14 -16 16 17 18 21 20 -22 24 23 -25 25 27 29 28 -30 -31
leaf_value=-0.10112905935529647 -0.14654080331521135 -0.1241782925492787 0.097292520816554054 0.06477364103190468 0.10769881250675428 0.046432250721241103 0.08484628643373554 -0.14423465464091331 0.10261593845190452 -0.10421086826040844 -0.11625337155088576 -0.136001180465364 0.09600104971690665 -0.092038508984336895 0.032728430131576926 -0.092521969097201034 -0.1276968678707863 -0.12864097220529017 -0.14059450079972211 -0.039135102340567225 0.087627369680434622 -0.22645930128583422 -0.13952246264576779 0.060675065144028512 -0.16125452160193054 0.0061007763585817602 0.063971617988598836 -0.15869531102905027 -0.020459194559869581 0.0088766411028045247
leaf_weight=8.7741272444836778 2.0057425962295374 5.3206423583906135 5.9235496371984473 1.7139336746186016 2.4244659692049009 19.386119628557939 24.942035525105894 6.7949988765176386 10.372978599742053 23.880419494584203 5.870956366416066 6.113410727120935 14.232572933658959 4.819672441110014 28.584294231142849 20.870506037957966 3.7064235713332883 15.462132829241453 3.5235450943000606 5.2356274542398742 33.561282760463655 3.7142313993535927 3.5036108614876849 5.6779244863428175 9.3192711621522886 314.80671156500466 46.171138714533299 8.5908203292638046 33.39270480396226 154.65758860623464
leaf_count=1634 43 489 28 15 5 100 64 97 17 798 297 149 25 32 102 874 144 669 80 199 77 68 34 32 204 1957 149 136 639 1637
internal_value=-0.00045296 0.000618307 0.001296 -0.0781412 0.000595373 0.000959888 0.027961 -0.0779831 -0.00149863 -0.0462168 0.00861631 0.00167253 0.000138429 0.0447017 0.0147265 0.00136883 -0.000453443 0.00258625 -0.00106475 0.0532356 0.0705208 0.00237079 0.0521915 -0.0157189 0.00325354 -0.00444872 0.0170397 -0.000352996 -0.0487456 0.0215431
internal_weight=833.353 824.579 817.545 7.03458 811.621 809.615 67.5655 9.21946 742.05 49.1375 25.2571 692.912 682.54 58.346 33.404 676.426 653.012 632.141 589.638 42.5033 38.7969 574.176 23.4141 9.18154 570.652 366.11 204.543 356.79 41.9835 200.829
internal_count=10794 9160 8656 504 8628 8585 300 102 8285 1195 397 7090 7073 198 134 6924 6833 5959 5539 420 276 4870 91 66 4790 2936 1854 2732 775 1786
is_linear=0
shrinkage=0.1


Tree=42
num_leaves=31
num_cat=0
split_feature=5 11 19 8 14 19 6 12 18 3 17 9 11 7 14 9 17 5 0 6 5 17 5 0 1 3 10 6 3 19
split_gain=8.12924 4.47127 6.80509 7.06988 9.69243 6.43325 6.11085 8.34714 11.9483 9.80849 9.66041 14.3558 10.1947 8.33724 7.06197 26.758 12.0464 9.12486 7.83328 6.62473 6.29012 5.9195 9.95741 6.5343 6.85142 6.61852 5.90811 17.9842 13.0592 8.88716
threshold=0.0049917291596232897 1.9991435590283049e-10 0.28868281841278082 3.4330701086647364e-12 0.0033403572160750632 0.32836294174194341 7.1933942269965203e-12 0.081597026437520995 -0.027333871546116741 0.034457495884953941 0.057639382102272735 0.0033752440937852603 2.6252895690692673e-10 0.0088940286300806647 0.0043163588270545014 0.0090937167205466744 0.083917791193181837 0.01082191027432459 7.5718800932155703e-11 2.04069984275386e-11 0.019432075048738544 0.08311878551136366 0.01362817399342423 5.6040455317022666e-09 0.54028895327509907 0.11055826339280585 1.5596821308135989 4.3333856904267426e-11 0.031912643783799675 2.0774887800216679
decision_type=2 2 2 2 2 2 2 2 2 2 2 2 2 2 2 2 2 2 2 2 2 2 2 2 2 2 2 2 2 2
left_child=-1 2 -2 -4 -5 -6 -3 8 9 -8 -9 12 13 -12 16 -16 -13 -18 -19 -17 -10 22 -21 25 -25 26 -23 28 -28 -30
right_child=1 6 3 4 5 -7 7 10 20 -11 11 14 -14 -15 15 19 17 18 -20 21 -22 23 -24 24 -26 -27 27 -29 29 -31
leaf_value=-0.10123853553182159 -0.12628425929381276 0.056265734368934117 -0.11952067151872255 0.075209930975154882 0.067562775168962544 -0.12988033872885552 -0.10320661511172209 0.044055783223492462 -0.060238025535690159 0.051398309956509805 0.061031511022254431 -0.2121478379292302 -0.12108079358251514 -0.12035211868181604 -0.12312051931988283 -0.13603389646555497 -0.11302599359849591 -0.074202344817570987 0.065932657207791359 -0.12607834059474424 -0.22482045778493176 0.015109335159267438 0.071763689609797399 -0.12933202411678402 0.043095009606162304 0.073463706540759718 0.0028618486399985825 0.0021430089779238839 -0.04459938710645054 -0.16167603140455944
leaf_weight=7.9221687943208954 6.6692184179555651 20.233777595218271 4.869785109069201 11.187261712737383 2.3690708847716442 5.4387203028891236 6.5059881519991967 52.185774103738368 4.4677119071129692 11.112432662397621 7.7303159059956688 1.8971978994086374 16.499456068500876 3.7699645319953561 17.370273814769462 3.413758734939619 3.4699866860173634 4.3471027752384535 48.404715072363615 2.8557936488650766 4.835456863977015 193.44451920245774 23.297216105740517 7.4109464923385513 3.3444298896938562 13.009202519431708 16.330810709856451 284.91387324873358 11.448001241777094 14.951785143930463
leaf_count=1591 393 156 367 39 31 304 103 232 61 38 64 39 617 208 962 83 152 159 297 68 60 1017 117 387 23 68 130 2684 131 213
internal_value=-0.000433133 0.000555493 -0.0369812 -0.0120247 0.0155341 -0.0699714 0.00203011 0.000580485 -0.0541029 -0.00569295 0.00259689 -0.00059464 -0.0707042 0.00157123 0.00242585 -0.000840864 0.0356889 0.0440521 0.0543846 0.00285683 -0.145782 0.00368719 0.0501602 0.00145648 -0.0757151 0.00301052 0.00125163 -0.0069301 -0.0674267 -0.110907
internal_weight=815.707 807.785 30.5341 23.8648 18.9951 7.80779 777.25 757.017 26.9216 17.6184 730.095 677.909 27.9997 11.5003 649.91 591.791 58.119 56.2218 52.7518 574.42 9.30317 571.007 26.153 544.854 10.7554 534.098 521.089 327.644 42.7306 26.3998
internal_count=10794 9203 1134 741 374 335 8069 7913 262 141 7651 7419 889 272 6530 5883 647 608 456 4921 121 4838 185 4653 410 4243 4175 3158 474 344
is_linear=0
shrinkage=0.1


Tree=43
num_leaves=31
num_cat=0
split_feature=4 11 1 13 1 0 10 2 15 8 18 12 18 5 5 0 9 12 12 8 4 5 13 14 19 5 4 11 1 9
split_gain=7.41754 4.056 5.34403 9.04482 6.11077 12.9326 11.1287 10.311 11.4285 4.42465 4.39818 14.2004 11.6865 10.0284 8.9295 8.28894 7.60742 10.0908 9.84678 20.2109 13.2137 12.8916 13.6685 12.8604 10.1103 9.89564 14.4796 15.7868 14.7541 11.6155
threshold=6.6622270912724011e-12 1.454390030630748e-08 0.58119455888497618 2.8542380332946782 0.43037583618686476 3.2217154861279525e-09 2.807008028030396 4.0387407107793344e-10 5.4321144489222213e-05 6.8601063165966139e-11 -0.013085844460874794 0.30080571770668035 -0.0063964833336120292 0.0062926880943652468 0.0076778093805402086 2.2659594628473517e-09 0.0041913948338950036 0.11390938982367517 0.17066581547260287 4.415917066475204e-11 1.2217411993949426e-11 0.0079175188625371009 1.6149948239326479 0.0069391229189932355 7.4700586795806894 0.02197053536375718 8.4224683212437252e-12 9.5377000741692107e-10 0.22548312598142134 0.016743973359731306
decision_type=2 2 2 2 2 2 2 2 2 2 2 2 2 2 2 2 2 2 2 2 2 2 2 2 2 2 2 2 2 2
left_child=-1 2 3 4 5 7 -6 8 10 -9 11 14 -12 -14 -2 16 17 -15 20 23 -18 -21 -23 25 -24 26 -20 -28 -29 -27
right_child=1 -3 -4 -5 6 -7 -8 9 -10 -11 12 -13 13 15 -16 -17 18 -19 19 21 -22 22 24 -25 -26 29 27 28 -30 -31
leaf_value=-0.10096067496668248 0.070015822881524539 -0.078479841006840467 0.074790871366355913 -0.10614496050736442 -0.12943530423183278 -0.11651029474499988 0.10546731575361806 -0.066981151205615763 -0.11251158382664583 0.075327753180272072 -0.19826130844700418 -0.13212025799696947 -0.10745164778638353 -0.011615575089056175 0.0093174120095261288 -0.14154346077653762 -0.15233955841986269 -0.10893425400487422 0.11092290910202929 -0.05920039897385862 0.033258237327958212 0.065487770436671006 0.0073287919306418581 -0.14477808938187467 -0.17305642475276431 -0.059094600095690189 -0.19697887486197185 0.017041899828783715 -0.16370686225384098 0.073264729069096021
leaf_weight=7.2731822091154745 28.638201137073338 6.4512090543285003 9.7289620935916883 7.9141421266831449 2.4258049016352734 9.3958404245786351 11.962838819250463 2.4004644919186857 9.0299065536819381 24.320207885932177 3.0817287638783446 6.4639739701524368 9.0204373665619624 50.846305124578066 157.69292763411067 4.166149588301777 3.9548274348489931 13.478918281616641 4.0030330801382652 24.470944782253355 127.6875581771601 46.203488817438483 157.4956177463755 12.159851877484469 3.1696817604824892 12.106098249321805 9.6507468870840984 13.843022723216565 6.7027551708742967 14.658101864624767
leaf_count=1634 247 336 29 240 79 337 57 45 420 164 70 201 528 667 1302 80 106 979 13 192 1175 146 963 174 56 280 108 50 77 39
internal_value=-0.000433004 0.000488865 0.00113646 0.00021415 0.0013087 7.78186e-05 0.0658647 0.00154773 -0.000720593 0.0625434 0.000702198 0.0135916 -0.0041072 -0.00294227 0.0186465 -0.00107401 9.54177e-05 -0.0320081 0.00483065 -0.00504991 0.0276825 0.00943544 0.0175545 -0.0508769 0.00377007 -0.0321474 -0.0677886 -0.0914797 -0.0419247 0.0133954
internal_weight=800.397 793.124 786.673 776.944 769.029 754.641 14.3886 745.245 718.524 26.7207 709.494 192.795 516.699 513.618 186.331 504.597 500.431 64.3252 436.106 304.463 131.642 231.34 206.869 73.1236 160.665 60.9638 34.1996 30.1965 20.5458 26.7642
internal_count=10794 9160 8824 8795 8555 8419 136 8082 7873 209 7453 1750 5703 5633 1549 5105 5025 1646 3379 2098 1281 1357 1165 741 1019 567 248 235 127 319
is_linear=0
shrinkage=0.1


Tree=44
num_leaves=31
num_cat=0
split_feature=4 8 12 6 3 17 9 19 14 9 2 14 9 5 6 1 14 7 3 4 1 17 0 13 0 17 5 13 10 0
split_gain=6.70136 3.91938 4.25972 12.6586 11.5182 7.78321 16.1982 9.06563 8.47907 15.6794 6.6924 5.72623 23.3697 12.8765 5.72799 5.35757 15.1928 7.69594 5.61052 8.66294 5.15409 5.02079 4.98722 4.88778 7.92602 4.83085 8.48337 5.46363 12.5969 7.35577
threshold=6.6622270912724011e-12 9.5587661222724146e-13 0.081597026437520995 1.2426679427505599e-11 0.025786833224028045 0.057639382102272735 0.0028643098411628488 0.11158632487058641 0.0030972938984632496 0.0041913948338950036 1.0749256226388043e-11 0.0043163588270545014 0.0090937167205466744 0.013506805391624783 2.04069984275386e-11 0.31470272798442955 0.0029573894571512942 0.011018475522481579 0.030038771202870976 1.9805177691850574e-11 0.10093865981269398 0.040238813920454551 9.3199609759331988e-11 1.2905797362327578 8.0832426231281404e-11 0.08311878551136366 0.01362817399342423 1.5135641098022463 1.198736906051636 2.6512713805671454e-11
decision_type=2 2 2 2 2 2 2 2 2 2 2 2 2 2 2 2 2 2 2 2 2 2 2 2 2 2 2 2 2 2
left_child=-1 -2 3 4 -3 15 7 20 23 -10 -11 13 -13 -12 -14 16 18 -18 19 -4 -7 -6 -15 -8 -25 26 -16 28 29 -27
right_child=1 2 5 -5 21 6 8 -9 9 10 11 12 14 22 25 -17 17 -19 -20 -21 -22 -23 -24 24 -26 27 -28 -29 -30 -31
leaf_value=-0.1008687619141159 0.063040127783531671 -0.1380352765933075 0.12044605021978366 -0.19011685148041554 -0.091964310856888942 -0.11255200035126939 0.089513557734473836 -0.11213944545874582 -0.10320210762116451 -0.1749747271520852 -0.098363424323638732 -0.12331205776949726 -0.13203210453069911 -0.010812011599840491 -0.12515185857124736 0.10336232113264975 -0.29613951336951144 -0.034486344959840771 0.063577327490350513 -0.13558039261317928 0.10988801024502935 0.042737102121773937 0.074719348882424083 -0.16125433545701598 0.061695655623547264 0.083676350819221271 0.067167058349211814 -0.0022060886510369641 0.046706849477179339 -0.13562753009029496
leaf_weight=6.5867393114604047 9.8695039907470328 5.6182946683839026 2.0504655838012686 4.5741748864529646 3.2540312630590078 1.5132211109157676 16.720041394233707 19.493517257273197 14.620925778755916 2.1401040269993237 6.1995934087317428 15.103816041955723 3.135861685499548 8.6761676243040693 2.5624921536073115 10.390900518279521 1.9956381451338518 2.5740164176095277 28.485605393536389 3.717863648198545 3.3426415822468698 18.492656818591058 31.817947163246572 2.3198470007628194 5.1002213731408119 1.9992617443203906 21.86073019169271 469.90924053220078 54.716659928439185 6.5085276495665312
leaf_count=1634 43 151 2 64 52 79 32 946 964 44 211 887 88 205 68 25 20 25 83 72 8 83 99 27 29 6 117 4271 314 145
internal_value=-0.000426276 0.00042326 -0.000380488 -0.0361338 -0.0103949 0.00116904 -0.00158008 -0.0816855 0.00136014 -0.00083682 0.00155928 0.0021662 -0.000565061 0.0358463 0.00274147 0.0395861 0.0225168 -0.148754 0.0453653 -0.0445708 0.0405696 0.0225813 0.0563936 0.0595377 -0.00800854 0.00349948 0.0469889 0.0015072 0.0291058 -0.0840929
internal_weight=785.351 778.764 768.894 31.9392 27.365 736.955 687.741 24.3494 663.391 639.251 624.63 622.49 575.797 46.6937 560.693 49.2145 38.8236 4.56965 34.2539 5.76833 4.85586 21.7467 40.4941 24.1401 7.42007 557.557 24.4232 533.134 63.2244 8.50779
internal_count=10794 9160 9117 350 286 8767 8540 1033 7507 7419 6455 6411 5896 515 5009 227 202 45 157 74 87 135 304 88 56 4921 185 4736 465 151
is_linear=0
shrinkage=0.1


Tree=45
num_leaves=31
num_cat=0
split_feature=5 11 17 3 1 13 6 1 4 8 2 2 5 12 17 13 2 11 13 3 17 17 9 19 3 1 0 8 7 12
split_gain=6.11309 3.75994 9.13985 6.15169 5.28984 8.92196 6.33567 6.32643 4.98777 10.9209 9.60334 14.5379 12.0625 15.3431 11.204 8.425 9.67679 8.3877 8.13718 6.77469 12.2626 6.91447 8.35743 6.73175 8.78008 8.49555 12.9506 12.6316 7.68746 12.9545
threshold=0.0049917291596232897 1.1812152145296297e-08 0.18543590198863638 0.12155064398519297 0.54028895327509907 2.5160263776779179 2.6805985369611089e-10 0.40903618293380434 4.4476558268534752e-11 1.5559008060799501e-10 1.6911113086546893e-10 1.5885711657272737e-10 0.012023804019280276 0.17987764626741412 0.10704456676136366 2.1958943605422978 5.429381459591953e-11 3.8541543290193667e-09 1.1531370282173159 0.049029957692015187 0.056085759943181823 0.042325106534090919 0.00081248663377114891 0.13623172044754031 0.027898509325426712 0.31470272798442955 4.4900097258330525e-10 1.1093172859027932e-09 0.032843850543752474 0.087201800197362914
decision_type=2 2 2 2 2 2 2 2 2 2 2 2 2 2 2 2 2 2 2 2 2 2 2 2 2 2 2 2 2 2
left_child=-1 3 -3 4 5 7 -7 8 9 10 11 17 14 -14 -12 16 18 19 -10 21 -21 -2 -23 -18 -25 26 28 -28 29 -26
right_child=1 2 -4 -5 -6 6 -8 -9 15 -11 12 -13 13 -15 -16 -17 23 -19 -20 20 -22 22 -24 24 25 -27 27 -29 -30 -31
leaf_value=-0.1010088483842031 -0.11224451113671204 -0.085838166612278277 0.10436097181452053 0.089720477704822027 0.084258297274023827 -0.11904618591804805 0.014681883338398666 0.081840280781365668 0.038970754066184082 -0.11269154003677069 -0.12219749420896575 -0.16969819365104047 0.060501540492027495 -0.1451882846507494 0.055224473224884024 -0.11021972992403668 0.10025886971717589 -0.14136679270959029 -0.12284743937563272 0.074954433462008752 -0.13661275310623583 0.061724236277982215 0.0023401528573229881 0.077295294883634361 0.054141600774163592 0.046712820271528455 -0.14212703949774749 0.08748946940218795 0.06281433437226408 -0.15978694932477058
leaf_weight=5.9924089494161299 5.0428775872569522 12.655823219567536 3.1566939875483504 7.8052885681390753 7.4602318825200191 10.611042410600929 5.318563566543161 9.6145124849863333 4.191255942219871 7.9775651958771041 3.7201770609244695 5.0317217344418159 6.7049625026993436 7.898594485130161 82.276897495612502 9.5034949742257577 6.6606659116223446 4.0961414449848226 12.01861393288709 4.0035810619592658 8.6774795986711961 25.018448898568749 449.41835919488221 10.782458321191369 5.6632646480575222 13.753015012480317 15.517248200485485 2.8332487829029551 11.694226863328366 5.6592903709970415
leaf_count=1591 113 489 14 44 28 536 61 73 94 275 97 64 34 113 278 355 18 82 1110 11 123 87 4307 33 16 124 363 8 44 209
internal_value=-0.000400332 0.000387998 -0.0478682 0.00140682 0.000476761 -0.000375141 -0.0743972 0.00126767 0.000173732 0.00354273 0.00508332 -0.000575285 0.0332799 -0.0507495 0.0475493 -0.0207329 -0.011153 0.00113951 -0.0810074 0.00232556 -0.0698182 0.00423358 0.00547165 0.00445166 -0.00523139 -0.021375 -0.0440116 -0.106675 0.00594794 -0.0527851
internal_weight=770.758 764.766 15.8125 748.953 741.148 733.688 15.9296 717.758 708.144 609.867 601.889 501.289 100.601 14.6036 85.9971 98.2768 88.7733 496.257 16.2099 492.161 12.6811 479.48 474.437 72.5634 65.9028 55.1203 41.3673 18.3505 23.0168 11.3226
internal_count=10794 9203 503 8700 8656 8628 597 8031 7958 5584 5309 4787 522 147 375 2374 2019 4723 1204 4641 134 4507 4394 815 797 764 640 371 269 225
is_linear=0
shrinkage=0.1


Tree=46
num_leaves=31
num_cat=0
split_feature=4 2 3 5 17 10 12 13 14 7 14 17 7 19 5 18 1 0 3 0 12 4 17 17 19 19 11 2 9 7
split_gain=5.60732 3.45326 4.94361 3.48521 8.65708 7.93408 10.7028 5.98722 13.1233 8.17501 9.25286 9.2442 10.7191 7.97067 5.88516 6.98487 5.61511 11.137 4.80629 13.0482 7.78174 17.4234 8.83729 9.6866 16.2984 13.1647 19.4715 15.6976 10.2423 9.20347
threshold=6.6622270912724011e-12 1.9830481254387551e-09 0.12155064398519297 0.026037301100710161 0.20922851562500003 1.1641024947166445 0.090557903051376357 1.8261709213256838 0.017095535993576053 0.0211822764383327 0.0047999557573348292 0.13159179687500003 0.12532561939752954 1.2162151932716372 0.02225035647588619 0.44867733857509773 0.31470272798442955 4.4900097258330525e-10 0.015367544868889946 9.625352905816162e-11 0.24374434351921084 1.6685867136552735e-11 0.1543634588068182 0.12795188210227273 4.2037944793701181 2.3120597600936894 1.247854874986132e-09 2.5879180699694361e-11 0.030143740093424087 0.032843850543752474
decision_type=2 2 2 2 2 2 2 2 2 2 2 2 2 2 2 2 2 2 2 2 2 2 2 2 2 2 2 2 2 2
left_child=-1 2 3 4 14 6 -5 9 -9 10 16 -11 -13 -10 18 -16 17 -7 -2 -20 22 -22 23 24 29 27 -27 -25 -29 -21
right_child=1 -3 -4 5 -6 7 -8 8 13 11 -12 12 -14 -15 15 -17 -18 -19 19 20 21 -23 -24 25 -26 26 -28 28 -30 -31
leaf_value=-0.10075229184030465 0.024189634517883668 -0.11035990673548753 0.079023067126105184 -0.65174022934243481 -0.07990845626364329 8.1498494042184209e-05 -0.068671806637482249 -0.12477160775047809 0.10275933303651744 0.074534060194316132 -0.12810664539240024 -0.15124946798930311 0.049597414047527495 -0.041120762113232887 0.038868779250521304 -0.13085613675291308 0.072051071569498207 -0.17979718323540728 -0.12034240120001849 0.018119931466773664 -0.15804452828472043 -0.011552519311934595 0.036177117427605814 0.10992808797042691 -0.18165487975605213 -0.20431277623593061 0.01064839497713085 -0.21504341495154816 -0.053271201323302687 -0.18454139169769693
leaf_weight=5.5272651938721529 77.954582603182644 2.8074480062350622 7.9838781394064418 0.32115826057270425 12.303325848188249 31.702437708387151 15.947476209141312 12.046572415390985 6.1436061337590244 26.540932780597359 6.7326468152459702 4.5840461461339128 6.3216935358941555 10.314624353544785 65.297546952497214 2.5182643905282012 8.2657445473596436 3.8611967377364627 9.2356917946599406 171.2615086089354 8.8405358744785172 99.486865350510925 80.576807779027149 2.8823690107092288 4.2982866733800611 4.604525225935503 49.665878858417273 8.8794189933687431 6.9983730819076291 2.2705437820404759
leaf_count=1634 635 84 51 12 317 509 1290 435 15 98 287 92 22 321 546 57 19 47 414 1561 125 1164 376 9 86 89 259 154 47 39
internal_value=-0.000399512 0.000339418 0.000754991 -8.96084e-05 0.00312028 -0.0147651 -0.0801821 -0.00563097 -0.0454626 0.00726995 -0.0189587 0.0426849 -0.0348252 0.0125875 0.00483779 0.0325662 -0.00219243 -0.0194482 0.00126932 -0.00271006 -0.000239613 -0.0235076 0.00736533 -0.00188905 0.0107036 -0.0325524 -0.0075898 -0.104766 -0.14374 0.0154683
internal_weight=756.175 750.648 747.841 739.857 607.075 132.782 16.2686 116.514 28.5048 88.0087 50.562 37.4467 10.9057 16.4582 594.771 67.8158 43.8294 35.5636 526.955 449.001 439.765 108.327 331.438 250.861 177.83 73.0306 54.2704 18.7602 15.8778 173.532
internal_count=10794 9160 9076 9025 5878 3147 1302 1845 771 1074 862 212 114 336 5561 603 575 556 4958 4323 3909 1289 2620 2244 1686 558 348 210 201 1600
is_linear=0
shrinkage=0.1


Tree=47
num_leaves=31
num_cat=0
split_feature=5 12 8 3 12 7 10 3 3 17 9 14 7 19 19 14 9 17 5 14 9 12 7 11 14 5 6 1 8 1
split_gain=5.10167 3.24402 4.00954 3.12324 3.18425 11.8164 9.06389 8.94157 6.8271 5.53682 13.983 7.78167 8.05153 7.61609 5.74844 5.92774 14.279 12.7382 8.43582 7.38542 9.88155 5.01141 16.9959 8.84713 7.671 10.2517 6.95413 5.13222 12.442 13.2528
threshold=0.0049917291596232897 0.073163677006959929 9.5587661222724146e-13 0.0084199164014462213 0.081597026437520995 0.0056385007732123451 1.6441068649291994 0.035860503646729401 0.027219015252224869 0.057639382102272735 0.0028643098411628488 0.0026620046701282267 0.0085594320278050157 0.11158632487058641 0.28868281841278082 0.0041526914574205884 0.010088640300632666 0.086447975852272749 0.011884780606469383 0.0044538129586726436 0.0070379970044221049 0.15471726655960086 0.019864280001241519 3.4678039328994718e-09 0.0051859605591744193 0.011544014121098982 2.1293990832399005e-11 0.2464717487498255 5.190623564053964e-11 0.25223965422244471
decision_type=2 2 2 2 2 2 2 2 2 2 2 2 2 2 2 2 2 2 2 2 2 2 2 2 2 2 2 2 2 2
left_child=-1 -2 -3 -4 5 8 7 -7 -5 -6 13 -12 -13 -11 -14 17 19 -16 -19 20 -17 22 23 24 25 -18 -23 -28 -29 -30
right_child=1 2 3 4 9 6 -8 -9 -10 10 11 12 14 -15 15 16 21 18 -20 -21 -22 26 -24 -25 -26 -27 27 28 29 -31
leaf_value=-0.10090083704898496 -0.13114137549655014 0.067997051549245707 -0.11140634269570855 -0.11893441180658065 0.03570418314446086 -0.1168359643073722 -0.28075574206712489 0.043036348986266626 0.081451555965939018 0.039018987058082932 0.095768379598434636 -0.12545701705323739 -0.071705320194768871 -0.10752509069605619 -0.19644537325537562 -0.11085739820901581 -0.18682413810029774 -0.11784019113444631 0.059242148052669009 -0.11597934450219496 0.084058147886199086 -0.15219091208336197 -0.17068011577885506 -0.075341987693419432 0.095686091737005277 0.058161298747343139 0.010074127960122249 -0.058897429110681243 -0.18824338019493891 0.0068718249832887702
leaf_weight=5.0153198945336035 1.8729693409986783 8.7307189805433136 2.5156622482463709 2.070466672768819 44.449468250386417 9.5245290393941122 2.0813495963811866 5.5293113328516474 9.5074075274169427 4.4216008044313666 8.7248845472931844 5.0205993750132611 10.488307113992049 17.918396079912782 2.2338973898440591 4.8936923455912638 2.424551517236976 2.8704977333545676 42.817840265110135 15.551774300518444 5.5515433046966791 2.9581851223483673 3.6633476438000789 4.6745155942626289 28.072629171889275 5.7805212177336216 288.76900342549197 42.329030722612515 3.5639384137466541 149.90164555003867
leaf_count=1591 72 40 66 83 224 160 21 22 35 94 30 178 498 984 40 471 65 132 402 843 31 67 49 94 54 12 1752 517 51 2116
internal_value=-0.000384242 0.000298008 0.000632022 -0.000175527 0.000210009 -0.0324261 -0.0851579 -0.0581145 0.0456166 0.00155431 -0.000771578 0.00198416 0.000667713 -0.0785206 0.00169476 0.00296501 6.70842e-05 0.0367162 0.0481165 -0.0722981 -0.00726164 0.00360241 0.0356815 0.0541414 0.0708258 -0.0142305 0.00066669 0.00159986 -0.0108985 0.00234066
internal_weight=743.928 738.912 737.039 728.309 725.793 28.7131 17.1352 15.0538 11.5779 697.08 652.63 630.29 621.566 22.34 616.545 606.057 558.134 47.9222 45.6883 25.997 10.4452 532.137 44.6156 40.9522 36.2777 8.20507 487.522 484.564 195.795 153.466
internal_count=10794 9203 9131 9091 9025 321 203 182 118 8704 8480 7402 7372 1078 7194 6696 6122 574 534 1345 502 4777 274 225 131 77 4503 4436 2684 2167
is_linear=0
shrinkage=0.1


Tree=48
num_leaves=31
num_cat=0
split_feature=19 4 13 1 14 2 2 5 8 12 17 0 5 11 10 17 3 3 0 18 11 18 4 15 1 0 1 18 4 3
split_gain=4.63877 4.64643 3.07793 12.7651 9.36076 6.02639 9.55276 8.48684 13.3873 11.5755 9.91054 9.48625 8.63329 8.34921 7.23458 6.8074 6.52207 6.25821 5.39531 5.18045 7.75141 12.4208 5.64051 9.10816 4.97907 11.3451 11.5227 11.0538 11.7978 9.68445
threshold=14.509228706359865 6.6622270912724011e-12 2.5160263776779179 0.47522073911004176 0.012078349012881519 1.6911113086546893e-10 1.5885711657272737e-10 0.012023804019280276 2.9154896000541851e-10 0.19110148400068286 0.16661487926136367 3.5644620913534374e-09 0.01082191027432459 3.8541543290193667e-09 1.7624431252479555 0.10873135653409093 0.028065217146078434 0.12155064398519297 1.5457654737467026e-09 -0.041954945243725721 3.4678039328994718e-09 0.45618307850831613 2.0939163638740112e-11 5.2395898819668225e-05 0.25961636273629413 7.4565433214574948e-10 0.21351104021968101 0.037279892829246826 2.0146389096388681e-11 0.036133728260589519
decision_type=2 2 2 2 2 2 2 2 2 2 2 2 2 2 2 2 2 2 2 2 2 2 2 2 2 2 2 2 2 2
left_child=1 -1 5 -4 -5 6 13 10 9 14 15 18 -12 24 -9 16 -7 -11 -10 -17 -21 22 -22 -24 25 26 -3 -26 -29 -30
right_child=-2 2 3 4 -6 7 -8 8 11 17 12 -13 -14 -15 -16 19 -18 -19 -20 20 21 -23 23 -25 27 -27 -28 28 29 -31
leaf_value=-0.10063131939542161 -0.18607606658764095 0.0030295698285260622 -0.10137539954391005 -0.12671953359897573 0.057895084258180046 0.11603271395930231 -0.12162912179802726 -0.15462410226955048 -0.10283307492576332 -0.12900774878353338 -0.189390323753725 -0.075153136449778821 0.051602008559359751 -0.13201782715259289 0.059896356696371417 0.13330157534337367 -0.12505766343969535 0.10353699441556029 0.087532954990425682 0.069424035881969923 0.11081547807625336 -0.15713924092745749 -0.1670998437187434 0.067530207237177134 0.014695982913111087 0.045623471272884339 -0.056874452106148971 -0.15558116560152113 0.013107046348110227 -0.12075066372267902
leaf_weight=4.5616639985237262 1.3425290810409922 380.3138800333254 14.047017951495944 3.3460953640751567 15.326944846659897 1.5635544750839461 6.6642357318196437 1.9129847120493675 1.6169085931032956 15.389363508671524 3.3709929175674906 5.5350180526729664 2.659116349183023 4.8340878363233051 8.8218796411529166 8.1230017002671939 3.9740988304838538 1.2513801753520954 18.791332557797432 47.607916238252074 6.0078061409294623 4.2531776418909422 2.658889077603817 4.3798147859051824 35.631103400373831 56.794754951959476 35.071294395253062 10.097243829863144 17.670163943490483 7.7866708713117978
leaf_count=1634 42 5128 614 90 127 4 108 47 43 403 52 387 17 126 59 11 114 4 158 118 10 58 27 28 265 283 385 211 123 118
internal_value=-0.000363766 -2.22552e-05 0.000610335 -0.0293607 0.0248133 0.00202587 -0.00262407 0.0207333 -0.0105134 -0.0592929 0.0404268 0.0409592 -0.0831192 -0.00117737 0.0216682 0.049909 -0.0569859 -0.11152 0.0724506 0.0580144 0.0485925 -0.00873503 0.0396449 -0.0211019 -1.33395e-05 0.00370346 -0.00202817 -0.0246673 -0.0641159 -0.027837
internal_weight=731.405 730.062 725.501 32.7201 18.673 692.781 554.863 137.917 53.3189 27.3756 84.5984 25.9433 6.03011 548.199 10.7349 78.5683 5.53765 16.6407 20.4082 73.0306 64.9076 17.2997 13.0465 7.0387 543.365 472.18 415.385 71.1852 35.5541 25.4568
internal_count=10794 10752 9118 831 217 8287 6747 1540 1101 513 439 588 69 6639 106 370 118 407 201 252 241 123 65 55 6513 5796 5513 717 452 241
is_linear=0
shrinkage=0.1


Tree=49
num_leaves=31
num_cat=0
split_feature=5 5 18 18 4 2 14 6 14 19 11 11 7 5 17 15 6 7 17 8 8 17 12 18 4 17 12 5 12 18
split_gain=4.25934 3.07612 8.1672 8.15106 5.10866 10.0494 6.31086 11.6242 8.5277 6.98736 11.8007 6.6862 4.95171 4.74384 6.50931 5.09002 11.0221 11.6437 8.23523 8.67055 10.3796 7.95556 10.4988 8.95524 7.65286 10.573 19.4638 7.95753 7.28251 9.05748
threshold=0.0049917291596232897 0.0053755206552716954 -0.67683554770932941 -0.034179192507343192 1.2217411993949426e-11 5.762208214719837e-11 0.0071758991107344636 4.8621101531381935e-11 0.0077729646582156428 3.9475936889648442 3.3222805062571586e-10 1.6888377502022325e-10 0.029470796394474096 0.0069808627110115396 0.11618874289772728 2.5184573132719382e-05 4.4940242362349963e-11 0.028907020083661701 0.11379172585227275 4.415917066475204e-11 3.7996741833721689e-11 0.16661487926136367 0.23907023668289187 0.063626299882095991 1.5750705991081669e-11 0.14535245028409094 0.19628661870956424 0.0070622312802911856 0.29730185866355902 0.17406379110814837
decision_type=2 2 2 2 2 2 2 2 2 2 2 2 2 2 2 2 2 2 2 2 2 2 2 2 2 2 2 2 2 2
left_child=-1 3 -3 -2 5 6 7 9 -8 10 11 -4 -10 14 -6 16 17 18 -15 20 21 22 23 -20 25 27 -27 -17 -18 -30
right_child=1 2 4 -5 13 -7 8 -9 12 -11 -12 -13 -14 15 -16 24 28 -19 19 -21 -22 -23 -24 -25 -26 26 -28 -29 29 -31
leaf_value=-0.1008100718366008 0.13585412703122707 -0.20910891521987321 -0.11802919055266464 -0.10581696242304175 -0.11470866888012235 -0.15680102573740765 0.075119577474224861 -0.21172023481626645 0.073093440329605297 0.060921929455358993 -0.13751873694207645 0.041613438177744821 -0.14286589574786049 0.019999580388418151 0.075008366861411033 0.068179118218314849 0.068310886612527585 -0.19119522815614742 -0.13738166391629827 0.088547019099836699 -0.28359557127695351 -0.20673402430757368 0.079856618671938426 -0.019734384168883776 -0.0022400498158650982 0.078908132541256185 -0.17383720852004961 -0.18736209786554128 -0.19943904506594332 0.050517173480552749
leaf_weight=4.1962469040881833 4.8943021669983864 1.8701978744938959 3.3621019925922182 1.9523144776467223 2.0406552490312633 5.488949332619085 13.248395151924344 3.5213703033514312 1.5204175217077125 7.9639495529700062 9.047543991589917 11.942190028494222 3.5192648102529347 120.95161487208679 15.898069494636728 1.4527981886640207 44.466340078040957 3.0802669087424865 7.9540490291547021 6.0613616630434981 1.6615576352924097 2.4265404811594626 8.5291190906427783 34.681140618515201 371.37679623108124 9.013319827616213 4.6029190663248292 7.5587988833431154 2.4015257521532467 3.657729803584516
leaf_count=1591 49 41 296 166 93 141 32 48 11 51 283 182 48 1575 90 9 99 32 326 12 16 31 19 1255 4023 15 60 114 70 16
internal_value=-0.000355004 0.000233612 -0.000410297 0.0669416 0.00014143 -0.0278718 -0.0147968 -0.0391896 0.0330031 -0.0203894 -0.0469812 0.00654257 -0.0777133 0.0027193 0.0534267 0.00127517 0.0128935 0.00160706 0.0048654 -0.0249893 -0.0374446 -0.0298128 -0.0214221 -0.0416827 -0.00568018 -0.062141 -0.00653149 -0.146165 0.0542963 -0.0485505
internal_weight=720.342 716.146 709.299 6.84662 707.429 59.6142 54.1252 35.8372 18.2881 32.3158 24.3518 15.3043 5.03968 647.815 17.9387 629.876 235.871 185.346 182.265 61.3138 55.2524 53.5908 51.1643 42.6352 394.005 22.6278 13.6162 9.0116 50.5256 6.05926
internal_count=10794 9203 8988 215 8947 1092 951 860 91 812 761 478 59 7855 183 7672 3451 3266 3234 1659 1647 1631 1600 1581 4221 198 75 123 185 86
is_linear=0
shrinkage=0.1


Tree=50
num_leaves=31
num_cat=0
split_feature=5 11 1 13 1 0 10 2 15 0 8 2 5 12 2 17 5 11 0 3 1 14 2 18 10 3 1 17 6 19
split_gain=3.85091 2.97985 3.89392 6.96521 4.94596 9.87977 8.05139 7.2001 8.77313 3.40641 3.16415 3.03458 13.7096 14.2135 7.90101 7.73244 7.80128 6.39064 6.19745 11.7914 11.6443 4.84131 5.56134 4.74714 3.60036 7.27331 3.50054 9.72062 14.1847 9.49416
threshold=0.0049917291596232897 1.454390030630748e-08 0.58119455888497618 2.8542380332946782 0.43037583618686476 3.2217154861279525e-09 2.807008028030396 4.0387407107793344e-10 5.4321144489222213e-05 4.0306051843076928e-09 6.8601063165966139e-11 1.6911113086546893e-10 0.012023804019280276 0.19110148400068286 1.5885711657272737e-10 0.16661487926136367 0.01082191027432459 3.8541543290193667e-09 1.6565836792012214e-09 0.040499521584162805 0.2683424230056462 0.0082299658097326773 1.7700988519106921e-10 -0.44077465858903114 1.8854223489761355 0.034656752706264095 0.25961636273629413 0.12764115767045456 7.0628003757259317e-11 3.0242031812667851
decision_type=2 2 2 2 2 2 2 2 2 2 2 2 2 2 2 2 2 2 2 2 2 2 2 2 2 2 2 2 2 2
left_child=-1 2 3 4 5 7 -6 8 11 -3 -9 14 15 24 17 18 -17 26 -13 21 -21 22 -20 -16 25 -14 -2 -28 -29 -30
right_child=1 9 -4 -5 6 -7 -8 10 -10 -11 -12 12 13 -15 23 16 -18 -19 19 20 -22 -23 -24 -25 -26 -27 27 28 29 -31
leaf_value=-0.10073430542554168 0.0028674220409945369 0.10248487226448273 0.069496496645527109 -0.10209814564078784 -0.12445300446945912 -0.11224171482059993 0.097806609300679012 -0.065568384673987873 -0.11183097530124142 -0.11066695881467781 0.068371188279581052 0.065913950753044043 0.12064865497948729 -0.12618405005225602 0.10101006375191424 -0.18665654332977755 0.052319112332793474 -0.13143033187094569 0.07272843233435751 0.12975234314869677 -0.16350856607708372 0.10862374479248083 -0.14579340249068459 -0.14835504749629608 0.095271851060611201 -0.15274944189366232 0.0018822882420734259 -0.17492140256329725 -0.13917765788067268 0.065826365030671824
leaf_weight=3.7996320350794113 463.15017918031663 0.90341839194297691 8.1490609273314458 6.6225055365357539 1.9284515250474203 7.7799009932205072 10.526344147510825 1.9300177693367029 7.0430037819314739 4.407952816109173 20.474338092841208 48.057142878882587 1.7445681095123311 11.921687210444359 0.88765187934041012 2.9740336211398235 2.5264793764799833 3.7406176272779694 2.7645339602604526 1.7500344514846791 5.9824597262777388 7.7617288948968053 2.0124240200966597 5.4544670269824556 5.1201208271086216 2.2003416162915528 50.017429007391911 8.8267104185652006 3.372277304530142 6.8435700545087457
leaf_count=1591 5905 4 29 239 78 336 57 45 417 331 164 129 2 327 2 43 13 91 11 1 91 15 46 97 12 43 444 131 60 40
internal_value=-0.000331237 0.000208456 0.000773388 -3.42527e-05 0.000949917 -0.000203386 0.0633928 0.0011043 -0.000834008 -0.0744117 0.056833 0.000393023 0.0168982 -0.0544223 -0.00249277 0.0371718 -0.076891 -0.00117973 0.046354 -1.68814e-05 -0.0971371 0.0598763 -0.0193299 -0.113454 0.0399538 -0.0318439 -0.000264265 -0.0212669 -0.0820708 -0.00184599
internal_weight=710.673 706.873 701.562 693.413 686.791 674.336 12.4548 666.556 644.151 5.31137 22.4044 637.108 94.8156 20.9867 542.293 73.8288 5.50051 535.951 68.3283 20.2712 7.73249 12.5387 4.77696 6.34212 9.06503 3.94491 532.21 69.06 19.0426 10.2158
internal_count=10794 9203 8868 8839 8600 8465 135 8129 7920 335 209 7503 733 384 6770 349 56 6671 293 164 92 72 57 99 57 45 6580 675 231 100
is_linear=0
shrinkage=0.1


Tree=51
num_leaves=31
num_cat=0
split_feature=4 5 3 9 17 9 13 17 19 4 17 13 5 17 5 7 17 12 18 9 18 19 14 11 1 11 12 6 7 8
split_gain=3.56348 2.76742 3.69383 2.9266 2.8784 15.7624 7.19667 6.34663 7.5525 5.40058 8.45574 13.2813 6.61191 9.93822 7.45935 11.2622 10.16 10.1851 6.61492 7.36341 11.539 8.80023 8.24892 6.74498 7.55523 6.26919 5.65889 5.70281 6.00632 7.00957
threshold=6.6622270912724011e-12 0.052376950559285339 0.14400731333790565 0.098343066876223545 0.12795188210227273 0.015381442727863924 2.2931524515151982 0.12986061789772732 1.1936405301094057 1.6263068609283727e-11 0.12728604403409094 1.367182791233063 0.0085287106635493857 0.10873135653409093 0.013506805391624783 0.03092888664602193 0.11925159801136366 0.1611280366778374 0.52887643526562245 0.0059098833515815524 -0.18509455514140424 2.9948165416717534 0.0038757330039516096 9.935035016894746e-09 0.58119455888497618 1.6888377502022325e-10 0.07552331313490869 1.8680744303173298e-11 0.0099391628582651496 8.2657261094631085e-12
decision_type=2 2 2 2 2 2 2 2 2 2 2 2 2 2 2 2 2 2 2 2 2 2 2 2 2 2 2 2 2 2
left_child=-1 2 4 -3 9 -6 -7 -8 -9 10 11 25 13 -11 15 16 17 -14 19 21 -21 22 26 -22 -25 -2 -16 -28 -29 -30
right_child=1 3 -4 -5 5 6 7 8 -10 12 -12 -13 14 -15 18 -17 -18 -19 -20 20 23 -23 -24 24 -26 -27 27 28 29 -31
leaf_value=-0.10053136789696096 -0.12351551816874601 -0.12153383151205961 0.095348411473005878 0.060341914987676083 -0.097595106813530119 0.0022320467538767337 0.074923185176762483 0.04902855640628543 -0.129074391168092 -0.11631524076671365 0.099691130409504003 -0.11739571464432781 -0.0064356767469097159 0.082356791116600464 -0.13370991613061159 -0.18709556030285279 0.043012932771578784 -0.15513045885175702 -0.11758623573406718 -0.09655957894709713 0.046470285395246558 -0.23878394658478252 -0.10606975204701657 -0.12834250536076297 0.046886754649588108 0.032677030965080713 0.017331234515669057 0.10938441402698498 -0.15377609850235305 0.11569347464859409
leaf_weight=3.5312908024061462 3.0437969171907779 3.54296366253402 4.0987702906131736 1.1792049687355755 17.970286769559607 301.70838021591771 2.7346392571926144 3.020178901962935 11.249107253737746 2.8376545605715391 4.5293614442925891 14.729622933082281 11.880453289020808 22.343610585201532 2.7863599932170464 4.267243013251572 16.294655855745077 7.5237800362519911 3.8189439197303718 6.6062003276310852 108.09441464208066 1.5586832910776127 6.8525118359830222 4.8804165495093894 4.9625186398625374 16.500070633832365 99.393919745227322 1.5526153445243815 5.7258295570500195 1.1610670089721677
leaf_count=1634 236 489 28 15 861 2240 25 29 444 115 15 534 140 82 82 108 56 144 149 156 787 36 649 300 27 235 947 2 228 1
internal_value=-0.000330215 0.000177557 0.000698089 -0.0761164 0.00013423 -0.00647314 -0.00133532 -0.0646327 -0.0913778 0.00646588 -0.0287206 -0.0456906 0.0108344 0.0599686 0.00652876 -0.0335566 -0.0152034 -0.0640905 0.0130045 0.015052 0.0320498 -0.00273301 0.000399032 0.0392538 -0.0399971 0.00835132 0.0069944 0.0106301 -0.0682902 -0.108346
internal_weight=700.379 696.847 692.125 4.72217 688.026 336.683 318.712 17.0039 14.2693 351.344 38.8029 34.2735 312.541 25.1813 287.36 39.9661 35.6989 19.4042 247.393 243.575 124.544 119.031 117.472 117.937 9.84294 19.5439 110.62 107.833 8.43951 6.8869
internal_count=10794 9160 8656 504 8628 3599 2738 498 473 5029 1020 1005 4009 197 3812 448 340 284 3364 3215 1270 1945 1909 1114 327 471 1260 1178 231 229
is_linear=0
shrinkage=0.1


Tree=52
num_leaves=31
num_cat=0
split_feature=4 8 12 7 3 17 18 12 8 19 1 4 19 3 14 6 3 14 9 9 18 17 5 11 8 0 15 15 1 11
split_gain=3.22071 2.65231 3.40081 8.76533 7.33224 5.50112 6.83722 4.47753 9.50328 9.27224 6.69746 6.34221 4.70417 5.8573 5.70198 9.21552 7.51279 6.66191 14.4105 7.51281 5.88841 4.68866 9.5723 5.42048 9.92443 4.76502 8.38612 7.56984 6.96765 4.20547
threshold=6.6622270912724011e-12 9.5587661222724146e-13 0.081597026437520995 0.0073989626090939899 0.025786833224028045 0.042325106534090919 -0.18509455514140424 0.088027518242597594 3.3713307090989814e-12 0.15250625461339953 0.31732194333948843 6.1853583277469664e-11 0.28868281841278082 0.062171351550677843 0.0032714843982830648 1.6292434323843338e-11 0.017333421512989711 0.0043163588270545014 0.0090937167205466744 0.0056965006205573479 0.13281574361661283 0.09386097301136366 0.011884780606469383 4.0555714342360724e-09 1.1720109365560794e-10 3.5644620913534374e-09 6.9335605076048537e-05 5.4321144489222213e-05 0.50075879623712671 1.9991435590283049e-10
decision_type=2 2 2 2 2 2 2 2 2 2 2 2 2 2 2 2 2 2 2 2 2 2 2 2 2 2 2 2 2 2
left_child=-1 -2 3 4 -3 6 -6 29 9 11 -11 -9 13 -10 16 -16 -14 19 -19 -17 -18 22 -20 -24 -25 26 27 -23 -27 -4
right_child=1 2 7 -5 5 -7 -8 8 12 10 -12 -13 14 -15 15 17 20 18 21 -21 -22 25 23 24 -26 28 -28 -29 -30 -31
leaf_value=-0.10048079793057502 0.056490034594366703 -0.13382883187625169 -0.12233746025349046 -0.13070434944046913 0.083403149169209906 0.056670758490098297 -0.16930802273113862 -0.13290882298402923 -0.090410007472365828 -0.13501626619675375 0.097371094593294266 0.10574729348711459 0.077617892023510132 0.092912186326245011 -0.078875568509737287 -0.14284734615983119 -0.19941233118480814 -0.12701449704285897 -0.11882688916962979 0.064951672683159656 0.031773065170331981 0.00048710844893650428 0.08534311390053681 -0.1293222005846951 0.063411807185631594 -0.095657436510531935 0.072589472641145292 -0.092954691669777254 0.057771042339321933 0.038247461793063403
leaf_weight=3.1967704580165437 8.2484487518668157 3.5319415074773195 1.6972502800635982 7.0952440684195599 1.7487171461107216 13.15672012651339 2.7609052865300345 1.538733006222176 10.403268114197997 12.80007702927105 1.3732309481129039 4.0294383061118424 19.204476713202897 2.0936290286481372 14.335739638656376 1.8685252580326075 1.9049149206839491 8.8068209328921494 3.5659035494318223 25.267798768007196 2.6129992117639631 422.72950400307309 20.359213832765818 3.9491365775465956 8.2595146589446795 11.313578420318661 15.869379549752919 8.8512291999068093 4.0086306154262266 41.664117097039707
leaf_count=1634 43 127 173 98 5 59 61 92 538 685 4 11 55 6 900 182 32 702 132 133 22 3228 50 123 82 619 168 505 48 277
internal_value=-0.000340503 0.0001268 -0.000560122 -0.0344972 -0.0022959 0.0240008 -0.071313 0.00092051 -0.00130374 -0.0695447 -0.112501 0.039796 0.000997538 -0.0596977 0.00232149 0.000248055 0.0503225 0.00236883 -0.000211348 0.0506433 -0.065703 0.00202701 0.03672 0.0537511 0.00106807 -0.000681855 0.00119589 -0.00142928 -0.0555171 0.0319618
internal_weight=688.246 685.049 676.801 28.2935 21.1983 17.6663 4.50962 648.507 605.146 19.7415 14.1733 5.56817 585.404 12.4969 572.907 549.185 23.7224 534.849 507.713 27.1363 4.51791 498.906 36.1338 32.5679 12.2087 462.772 447.45 431.581 15.3222 43.3614
internal_count=10794 9160 9117 350 252 125 66 8767 8317 792 689 103 7525 544 6981 6872 109 5972 5657 315 54 4955 387 255 205 4568 3901 3733 667 450
is_linear=0
shrinkage=0.1


Tree=53
num_leaves=31
num_cat=0
split_feature=5 5 18 18 4 3 13 14 6 19 11 8 1 19 5 17 15 2 1 10 8 17 8 5 8 2 2 0 13 12
split_gain=2.92419 2.97663 6.81024 6.54943 3.9823 9.20276 6.84871 5.4988 10.6127 7.26325 8.16023 4.99375 4.88552 5.38961 3.95032 4.95921 4.31509 9.8884 9.78452 13.2489 8.48331 15.6045 6.98719 12.4954 8.73861 6.86216 6.73832 6.38397 11.4875 10.3311
threshold=0.0049917291596232897 0.0053755206552716954 -0.67683554770932941 -0.034179192507343192 1.2217411993949426e-11 0.023775829359282134 1.8038983345031741 0.0071758991107344636 4.8621101531381935e-11 3.9475936889648442 3.40983546953666e-10 1.0093928650969968e-12 0.06801957878439556 0.32836294174194341 0.0069808627110115396 0.11618874289772728 2.2991339392319791e-05 5.8380671857885792e-11 0.21351104021968101 1.3415815830230715 4.415917066475204e-11 0.15671608664772732 9.1537559588046304e-12 0.025081492128902535 1.0463127316118614e-12 7.0275922644569442e-11 6.7936136208777988e-11 1.5882973473268903e-10 1.4660357832908633 0.34404073655605322
decision_type=2 2 2 2 2 2 2 2 2 2 2 2 2 2 2 2 2 2 2 2 2 2 2 2 2 2 2 2 2 2
left_child=-1 3 -3 -2 5 6 7 8 9 10 12 -7 13 -4 15 -6 20 18 -18 -20 21 22 23 26 -25 -19 -16 28 -22 -30
right_child=1 2 4 -5 14 11 -8 -9 -10 -11 -12 -13 -14 -15 16 -17 17 25 19 -21 27 -23 -24 24 -26 -27 -28 -29 29 -31
leaf_value=-0.10062302583947061 0.12807290598316531 -0.19952360273188038 0.0248946423490993 -0.10527655116098972 -0.11340414480774648 0.10563206473063147 -0.16399301751352904 0.047840059027956544 -0.20668757421788905 0.082337422311412084 -0.14012764220384086 -0.14312216278550793 0.077643163965915626 -0.15210114570942596 0.022006800520330765 0.06911893351252478 -0.018096101673563608 0.040719155072676261 0.06602928711741754 -0.15169128039270405 0.078320102025520366 -0.1610365844773054 0.041466174556277539 0.011159925533576837 -0.11069218899248215 -0.002751556394257313 -0.16931647216356893 0.087862587053554542 -0.35529496047446479 0.0016640013650877543
leaf_weight=2.8945546217728397 4.70413683145307 1.7156392482575018 4.163135501788938 1.615975516499019 1.6556192904245133 0.89646253851242264 2.6482200383907175 16.234566804487258 2.893149886513128 6.9655458610504857 5.4475301363272584 8.0889101873617602 5.4507195113692433 2.9320879536680877 66.114711280912161 14.755861286539583 56.031302244518884 41.300109445932321 3.5508920713327852 13.129573479527606 5.2539513898082095 5.5255888566607601 47.569146781694144 9.3330988558009285 15.932090228190644 300.75302496145014 1.8935632710345078 23.302992159500718 1.4849755745381119 1.7858957918360827
leaf_count=1591 49 41 154 166 93 3 72 68 40 34 199 267 60 195 828 90 487 227 27 238 36 77 314 42 1708 3542 58 44 19 25
internal_value=-0.000327827 0.000103458 -0.000543946 0.0684083 -3.06681e-05 -0.0256201 -0.00780043 0.00158181 -0.0253814 -0.00436506 -0.0379289 -0.118304 0.00644646 -0.0482485 0.0023092 0.0507057 0.000969722 -0.0046218 -0.0381111 -0.105344 0.0139844 0.00380991 0.0102772 -0.00562903 -0.0656794 0.00249718 0.0166798 0.0607745 -0.0132721 -0.160395
internal_weight=676.023 673.128 666.808 6.32011 665.093 55.7203 46.735 44.0867 27.8522 24.959 17.9935 8.98537 12.5459 7.09522 609.372 16.4115 592.961 414.765 72.7118 16.6805 178.196 146.368 140.843 93.2735 25.2652 342.053 68.0083 31.8278 8.52482 3.27087
internal_count=10794 9203 8988 215 8947 1092 822 750 682 642 608 270 409 349 7855 183 7672 4521 752 265 3151 3027 2950 2636 1750 3769 886 124 80 44
is_linear=0
shrinkage=0.1


Tree=54
num_leaves=31
num_cat=0
split_feature=4 11 8 4 3 7 6 15 1 5 15 13 12 6 8 5 14 10 5 4 6 9 13 10 14 13 13 19 4 7
split_gain=2.68997 2.49085 3.09936 4.84181 4.92596 2.90335 6.12352 7.95165 8.15699 5.37326 4.12317 4.56858 3.96033 5.35631 4.1689 14.194 12.0064 8.66892 7.61323 8.42287 4.86619 7.64807 17.446 6.63379 6.67308 6.50129 6.03963 5.78417 6.49851 4.67638
threshold=6.6622270912724011e-12 1.6565173233118461e-08 2.0397708950937285e-09 4.5005205691089352e-10 0.11055826339280585 0.071429696259940986 2.3398958983397174e-10 5.3002890126663267e-05 0.58119455888497618 0.023011646296419535 5.2395898819668225e-05 2.3779460191726689 0.46854443848133093 1.2264929162889539e-10 1.0117584112127909e-10 0.0098777625483200664 0.0098281991668045538 2.1417210102081303 0.013341761140307435 6.1159698069265628e-11 7.0628003757259317e-11 0.042146658500620583 1.5683824419975283 1.9701316356658938 0.0065065245144069203 2.3254146575927739 2.2680593729019169 2.8744208812713627 3.6252726990150213e-11 0.046308779779615263
decision_type=2 2 2 2 2 2 2 2 2 2 2 2 2 2 2 2 2 2 2 2 2 2 2 2 2 2 2 2 2 2
left_child=-1 2 3 4 5 6 7 10 -9 -7 11 12 13 14 16 -16 20 -18 29 -20 23 27 -23 25 -25 26 -2 28 -22 -17
right_child=1 -3 -4 -5 -6 9 -8 8 -10 -11 -12 -13 -14 -15 15 18 17 -19 19 -21 21 22 -24 24 -26 -27 -28 -29 -30 -31
leaf_value=-0.10042397558816787 -0.00056792631317718976 -0.089907375034771073 0.0933190196247628 -0.15014390781404391 0.077418964873460755 -0.11013973095703654 0.067753571316066769 -0.11315645403421193 0.041352930141344058 -0.0022230760844222353 0.081483051681166097 -0.11531672075764535 0.077525934989825129 -0.11344041079940648 -0.15673086407357922 0.10672650176559839 -0.14931738586300888 0.011456378391156123 -0.12102941028144872 0.11709415450432732 -0.1182930611061066 0.06839419182632625 -0.21365495722548739 0.11278739079130987 -0.1402632880851144 0.097075839507374098 -0.14909766135603691 0.087462167026695667 0.061958714021309147 0.007852431763328822
leaf_weight=2.6732753402320659 469.91622421145439 3.0611483773682258 3.5784963704645625 2.1407616827636948 8.2195424288511258 6.8008573220577118 13.347146969754247 11.898619086947294 4.7932266891002646 14.347280008485539 6.3280692170374087 3.3962279356783247 6.6856695585884145 4.1240459620021275 3.4968458353541783 18.388835435733206 9.2427047865930927 5.2637835287023327 4.352548415074124 2.2550429003313184 3.356209796387704 5.4683489240705949 3.6614183080382645 1.2610543314367522 6.002072251169011 6.7958937862422308 2.7537262775003901 21.373506303876638 4.9500887375324965 6.4653196027502409
leaf_count=1634 6070 252 32 71 57 375 120 813 21 235 38 118 48 141 52 33 138 50 95 12 25 14 36 3 119 22 47 55 25 43
internal_value=-0.000313624 8.95894e-05 0.000506585 1.12731e-06 0.000491894 -0.00048581 0.000746118 -0.000714704 -0.0687876 -0.0369271 0.00119326 0.000330949 0.00100141 0.000117984 0.000932448 0.0343992 -0.00123394 -0.0909795 0.0556425 -0.0397625 0.00124331 0.0353207 -0.0447193 -0.00147387 -0.0963276 -3.69887e-05 -0.00143325 0.0599417 -0.0108731 0.0810064
internal_weight=666.398 663.725 660.664 657.085 654.944 646.725 625.577 612.229 16.6918 21.1481 595.538 589.21 585.813 579.128 575.004 34.9586 540.045 14.5065 31.4617 6.60759 525.539 38.8096 9.12977 486.729 7.26313 479.466 472.67 29.6798 8.3063 24.8542
internal_count=10794 9160 8908 8876 8805 8748 8138 8018 834 610 7184 7146 7028 6980 6839 235 6604 188 183 107 6416 155 50 6261 122 6139 6117 105 50 76
is_linear=0
shrinkage=0.1


Tree=55
num_leaves=31
num_cat=0
split_feature=5 5 18 18 4 3 13 8 14 6 19 2 3 0 8 5 10 9 5 18 6 17 3 7 9 10 3 17 1 3
split_gain=2.45978 2.62223 5.73111 5.52316 3.37557 8.1936 6.01704 5.21237 7.77566 9.09907 6.1694 7.57743 5.93295 5.79227 4.40096 3.27003 10.1848 8.34906 4.88311 12.8304 4.49364 13.9283 14.4596 10.397 11.459 10.2147 7.72004 7.30192 7.18626 6.58053
threshold=0.0049917291596232897 0.0053755206552716954 -0.67683554770932941 -0.034179192507343192 1.2217411993949426e-11 0.023775829359282134 1.8038983345031741 6.2613717048405276e-11 0.0071758991107344636 4.8621101531381935e-11 3.9475936889648442 1.5541865111305268e-11 0.011958018569163618 2.6512713805671454e-11 1.0093928650969968e-12 0.0072394085556454412 1.4666331410408022 0.028048184484133053 0.0079175188625371009 -0.047040871048176829 4.5729527532916427e-11 0.12351296164772728 0.041873176035717059 0.030556713428367386 0.015615286204842458 1.6362730860710146 0.059806065645696398 0.14299982244318185 0.093048388640634402 0.017481475046030499
decision_type=2 2 2 2 2 2 2 2 2 2 2 2 2 2 2 2 2 2 2 2 2 2 2 2 2 2 2 2 2 2
left_child=-1 3 -3 -2 5 6 7 8 9 10 11 12 13 -4 -7 16 -6 -18 19 -17 21 -20 23 24 29 27 -24 -22 -27 -23
right_child=1 2 4 -5 15 14 -8 -9 -10 -11 -12 -13 -14 -15 -16 18 17 -19 20 -21 25 22 26 -25 -26 28 -28 -29 -30 -31
leaf_value=-0.1005704425549841 0.1200940759065206 -0.18839771981450443 0.082749571425989765 -0.10483757338502533 0.10273791452153747 0.10494048403414269 -0.15972219545376021 -0.18222726632816066 0.067729586383707907 -0.19730512145993706 0.077479890205463448 -0.12140405621711597 0.085722029501674513 -0.1420502261960371 -0.13949404045536104 0.1062456307202438 -0.13123357725511342 0.044838861116281895 0.0069319367809671933 -0.10873937415596968 -0.042026346585094215 -0.0095968957457529605 -0.18308838870608368 -0.26848597453202633 0.0060651161826171199 -0.15378868706556201 0.051995402178845122 0.073109141596502433 0.0049293523479251831 -0.1354954520590293
leaf_weight=2.437608105770777 4.539598923875019 1.6198771556373674 1.7641934948042122 1.4372898610308755 12.00736138992943 0.81693992344662358 2.44861683435738 1.4897208856418718 14.276303231716154 2.7130944300442925 6.6831447174772611 6.4507596963085225 5.6896971418755129 3.2719925198471174 7.488553392700851 3.6831906377337882 4.7048283590702322 6.2984350146725774 212.40588564291829 11.27091355854645 6.4746274785138658 6.6778968102298704 9.4190423010149953 1.7098589632660139 49.139544720994309 2.8904420798644415 1.6401816915022198 36.907444210723042 218.24083198455628 10.974409142392686
leaf_count=1591 49 41 14 166 54 3 72 33 36 39 34 370 61 163 267 14 140 52 3003 160 32 218 149 18 216 104 10 79 2837 769
internal_value=-0.000303029 7.00432e-05 -0.000537018 0.0660037 -6.70665e-05 -0.024226 -0.00730903 0.00150559 0.00820611 -0.0237729 -0.00404059 -0.0357589 0.0157499 -0.0633021 -0.115451 0.0020907 0.0390513 -0.030447 0.00060236 -0.0557886 0.00211774 -0.00643552 -0.0421229 -0.0249936 -0.0187603 0.0115587 -0.148223 0.0559256 0.00285472 -0.0878678
internal_weight=657.572 655.135 649.158 5.97689 647.538 53.093 44.7875 42.3389 40.8492 26.5729 23.8598 17.1766 10.7259 5.03619 8.30549 594.445 23.0106 11.0033 571.434 14.9541 556.48 291.967 79.5609 68.5017 66.7919 264.513 11.0592 43.3821 221.131 17.6523
internal_count=10794 9203 8988 215 8947 1092 822 750 717 681 642 608 238 177 270 7855 246 192 7609 174 7435 4383 1380 1221 1203 3052 159 111 2941 987
is_linear=0
shrinkage=0.1


Tree=56
num_leaves=31
num_cat=0
split_feature=19 4 17 12 2 0 18 5 5 18 13 0 12 14 8 10 10 14 7 5 8 14 12 12 7 3 10 9 17 11
split_gain=3.37267 2.44471 6.99201 10.5105 8.92514 8.59838 5.77039 8.30432 6.78654 6.29126 9.79723 5.74386 10.1842 12.1688 5.21784 4.269 8.09887 3.85669 4.24018 9.78077 10.5559 7.50637 5.22862 3.73129 4.96935 4.81631 14.8793 13.691 12.7988 8.70491
threshold=14.509228706359865 1.6007151866457602e-11 0.17864435369318185 0.237354651093483 1.0062920202221711e-10 9.9584244373259757e-10 -0.1159188589081168 0.0075899945465419802 0.0087383236040398018 0.7236853411040185 1.6983410716056826 6.3927950563411062e-10 0.11818459630012514 0.0071136774495244035 3.7171679415845368e-11 1.4343451261520388 1.3724209666252138 0.0065065245144069203 0.030556713428367386 0.0095215205131577944 5.5678626667115875e-11 0.0077729646582156428 0.25122296810150152 0.07552331313490869 0.0054011334093874968 0.027898509325426712 1.1180317401885989 0.0036066269596152461 0.063987038352272749 2.6555094234659298e-10
decision_type=2 2 2 2 2 2 2 2 2 2 2 2 2 2 2 2 2 2 2 2 2 2 2 2 2 2 2 2 2 2
left_child=1 2 3 4 6 -6 7 -1 15 10 11 12 -10 14 -14 16 -8 -4 -19 20 -20 -22 -23 -3 -25 27 28 29 -27 -26
right_child=-2 23 17 -5 5 -7 8 -9 9 -11 -12 -13 13 -15 -16 -17 -18 18 19 -21 21 22 -24 24 25 26 -28 -29 -30 -31
leaf_value=0.060400980124319409 -0.16942976660983472 -0.11254508219756952 -0.11669540083803197 -0.15362565171590598 0.088378556382613147 -0.12219062112467449 -0.11772331856100003 -0.10924941536736399 0.021492117754534419 0.095095225239016548 -0.23408694842030753 0.10947161322174995 -0.15638307100208915 0.083170931731645484 -0.40663326151025586 -0.15827147546925702 0.027067291647664884 0.078089580846735354 -0.18937828769223947 0.073884159646513778 0.10533150028671528 0.078510896677738279 -0.1817709228909356 0.072494292521332937 0.0063704274752402201 -1.0033852200308917 -0.0022765244882857606 0.027886989744720533 -0.15903158011977953 -0.11709241467604233
leaf_weight=11.998703351477159 1.1768541248748068 2.7790042929700567 1.8458645110949863 6.1726960877422234 11.84314174368046 2.318925439962185 10.186385604785761 3.7988243238069108 11.882101892959339 4.2462953035719684 2.2817919277586034 3.1128368377685538 4.7085321377962819 2.0523444153368473 1.0123188756406305 6.5565425963141015 6.2233711165608829 12.560099086258559 4.0213664221810195 10.771096926182507 3.9842886999249458 1.1536943390965464 2.3315047631040215 10.273968052119015 11.389816515264103 0.18886789958924 340.58885519416071 141.83046040905174 3.6286015991354361 11.453297268948516
leaf_count=258 42 96 224 109 55 102 1931 82 180 14 27 4 115 4 11 127 52 46 70 41 6 3 60 45 482 5 4382 1573 262 386
internal_value=-0.000295571 1.19805e-05 -0.0125461 -0.0277749 -0.0183269 0.0538995 -0.0333559 0.0196052 -0.0493646 -0.0174589 -0.0365383 -0.0167402 -0.0367285 -0.125725 -0.200665 -0.0900641 -0.0628117 0.0241659 0.0316327 0.00542194 -0.058752 0.0115736 -0.0956107 0.00301992 0.0036383 0.00224868 -0.00447706 0.0163152 -0.200806 -0.0555325
internal_weight=648.372 647.196 125.063 88.3948 82.2221 14.1621 68.06 15.7975 52.2625 29.2962 25.0499 22.7681 19.6553 7.7732 5.72085 22.9663 16.4098 36.6679 34.8221 22.262 11.4909 7.46949 3.4852 522.133 519.354 509.08 344.406 164.674 3.81747 22.8431
internal_count=10794 10752 3521 3071 2962 157 2805 340 2465 355 341 314 310 130 126 2110 1983 450 226 180 139 69 63 7231 7135 7090 4649 2441 267 868
is_linear=0
shrinkage=0.1


Tree=57
num_leaves=31
num_cat=0
split_feature=2 5 14 17 17 17 11 3 3 19 2 19 15 0 3 4 0 12 8 17 18 19 6 10 7 18 12 18 18 0
split_gain=2.42403 7.38518 10.1128 9.86059 8.05511 7.17451 6.9983 6.90608 6.48192 6.41075 5.96689 5.96532 4.71882 3.78608 6.35412 5.63386 3.7813 8.34773 9.13929 6.63261 3.71739 3.19767 10.3135 8.73421 13.9075 14.9636 11.337 12.2185 7.67159 5.83774
threshold=1.6911113086546893e-10 0.012023804019280276 0.015778354369103912 0.074063387784090925 0.10704456676136366 0.16661487926136367 3.8541543290193667e-09 0.034022551511690487 0.11055826339280585 6.8080344200134286 1.5885711657272737e-10 5.2332632541656503 5.8581219491316012e-05 2.2103735000596016e-09 0.077739565873143873 5.4674676221103883e-10 1.6565836792012214e-09 0.22687722742557528 5.8092374429383947e-11 0.10739968039772728 -0.34652886589438731 3.6077712774276738 2.7066307848910654e-11 1.4822047352790835 0.032091238299263129 0.98377049840267083 0.25862912833690649 0.14399103617126294 0.12120830958751455 1.7767187533200117e-09
decision_type=2 2 2 2 2 2 2 2 2 2 2 2 2 2 2 2 2 2 2 2 2 2 2 2 2 2 2 2 2 2
left_child=6 4 3 -3 -2 16 10 -5 -9 -7 21 12 -4 -14 -15 -16 -6 18 19 -18 -12 29 -23 -24 25 -25 -26 28 -28 -1
right_child=1 2 11 7 5 9 -8 8 -10 -11 20 -13 13 14 15 -17 17 -19 -20 -21 -22 22 23 24 26 -27 27 -29 -30 -31
leaf_value=0.0028663414564564019 -0.11594321068844496 0.041521758894426358 -0.14186416021065149 0.1051395854968821 0.065999250077105623 -0.16221196247642933 -0.12271396004322487 -0.1229381544445934 0.049787101198774338 0.061195107566268662 0.088384395196202198 -0.10762427913163344 0.10092773006573029 -0.10980006490147712 0.063826133427351744 -0.10747421555835675 0.11877702036758715 -0.13779873397356079 0.079199239429945931 -0.14099718404104541 -0.14249166149368983 -0.17538399518970629 0.032281430177066237 -0.20849707578555857 0.062477392423203659 0.036831694103193202 -0.079372527848943136 -0.15718317151508746 0.12211673596999986 -0.18888748126586161
leaf_weight=414.54120068467455 3.4820352371316394 7.931919528637084 1.4199512074701477 1.7195279637817318 43.689082173164934 3.175558954011648 4.8806379854213437 18.968769018654715 2.4537071548402301 2.1568350875750184 0.82350218668580044 3.1594656725646919 8.5968041447922605 3.109348390717062 16.902429929235954 2.1659826234681523 1.3180068731308043 3.0618304987438014 14.916396417189388 3.8652511483523995 4.5541895971400654 4.0688304767827495 27.217929213482421 8.0810493673197907 13.615403685718777 3.591033784672617 3.6569145410321635 7.2083816553931683 3.910159919410944 1.5937603700440366
leaf_count=7368 191 67 57 9 105 67 227 788 13 6 3 258 58 194 179 80 1 106 52 79 88 209 155 131 39 14 80 139 4 27
internal_value=-0.000268654 0.0112513 -0.0130801 -0.0546981 0.0326123 0.0397785 -0.00355731 -0.0876775 -0.103154 -0.0718488 -0.00237734 0.0234996 0.0363676 0.0445913 0.0227536 0.0443681 0.0486826 0.0160184 0.0394498 -0.0749414 -0.107137 -0.00122169 -0.0207812 -0.0114315 -0.0411292 -0.133019 -0.00335122 -0.0640115 0.0247437 0.00213194
internal_weight=639.836 142.093 66.4279 31.0739 75.665 72.183 497.743 23.142 21.4225 5.33239 492.862 35.354 32.1945 30.7746 22.1778 19.0684 66.8506 23.1615 20.0997 5.18326 5.37769 487.485 71.3497 67.2809 40.0629 11.6721 28.3909 14.7755 7.56707 416.135
internal_count=10794 2310 1703 877 607 416 8484 810 801 73 8257 826 568 511 453 259 343 238 132 80 91 8166 771 562 407 145 262 223 84 7395
is_linear=0
shrinkage=0.1


Tree=58
num_leaves=31
num_cat=0
split_feature=8 12 8 17 3 17 9 2 14 10 15 1 14 11 14 7 7 14 9 2 14 9 5 17 5 11 8 17 13 19
split_gain=2.38704 2.69611 6.41748 5.64265 5.83533 3.82228 10.5258 7.53462 6.77754 10.1022 5.72888 6.60853 6.53317 5.55021 5.01361 6.80427 4.80776 3.88213 7.34633 4.34787 4.12605 14.1744 7.01684 3.95273 7.59735 4.42924 7.30507 3.74423 10.0618 3.91008
threshold=9.5587661222724146e-13 0.081597026437520995 1.0887237660956348e-12 0.042325106534090919 0.045076822610730642 0.057639382102272735 0.0028643098411628488 3.5781242238040832e-11 0.0024788278387859468 1.0481455326080324 2.076467990264064e-05 0.31470272798442955 0.0029573894571512942 5.9380816930243451e-10 0.0026620046701282267 0.0085594320278050157 0.010907138696676559 0.0030972938984632496 0.0041913948338950036 1.0749256226388043e-11 0.0043163588270545014 0.0090937167205466744 0.013506805391624783 0.09386097301136366 0.011884780606469383 4.0555714342360724e-09 1.326123772217454e-10 0.10233931107954546 1.5608600378036501 4.790858507156373
decision_type=2 2 2 2 2 2 2 2 2 2 2 2 2 2 2 2 2 2 2 2 2 2 2 2 2 2 2 2 2 2
left_child=-1 2 3 4 -2 7 8 -3 9 -7 -9 12 13 -12 -8 -16 -14 -17 -19 -20 22 -22 -21 24 -23 -26 -27 28 -25 -29
right_child=1 5 -4 -5 -6 6 14 10 -10 -11 11 -13 16 -15 15 17 -18 18 19 20 21 23 -24 27 25 26 -28 29 -30 -31
leaf_value=0.054783745101408376 -0.16388172216826707 -0.13316637314416568 -0.10836081092221482 0.032572573414770233 0.071832072140672429 -0.12597329960373191 0.084763407061347329 0.10746292575189316 -0.12518998277751781 0.10284027868609223 -0.064468053080881701 0.099070509930057962 -0.23367604106951717 0.059575776544698825 -0.12608391169482058 0.063354269998455295 -0.018600308377584526 -0.095910601492301004 -0.1629133055350829 -0.08648832612851487 -0.12292945464467422 -0.11676326918176412 0.050115598702050151 0.065525715951608721 0.081120199544458052 -0.11407803236967654 0.062023023448454187 0.004337959644282529 -0.11630167317266166 -0.025363574021422943
leaf_weight=7.7761420877650371 3.4401911836466814 2.6374619901180258 7.8016075240448108 13.749725954956373 1.5117903016507623 3.6018640167312723 7.0270495970034963 9.7891382079105806 11.116412588977253 4.1557999895885587 5.4430572763085463 7.4452772773802272 2.0159566998481742 10.694028046447782 4.263460937421768 9.7244617808610183 2.145455677062273 7.9329051541863 1.6117127541801881 4.2603784435195839 9.3322237966931407 2.9586062818998498 32.031127787427977 4.6700600525364271 18.261541559360925 3.6691153475549054 6.5799763903487474 364.37477014347678 8.737357543781398 50.460978460381739
leaf_count=43 82 57 587 75 4 608 80 19 923 9 38 25 19 45 300 67 24 882 136 292 885 135 301 12 49 129 72 3815 254 827
internal_value=-0.000277717 -0.000966703 -0.0321739 -0.0003917 -0.0919207 0.000423509 -0.00173335 0.0302106 -0.0751305 -0.00339729 0.0416912 0.0184842 -0.011074 0.0177357 0.000851678 -0.000263252 -0.122792 0.000759291 -0.000422929 0.0010713 0.00159431 -0.000919156 0.0340792 0.00155767 0.0357641 0.0515921 -0.00102013 -0.000955971 -0.0529677 0.000725039
internal_weight=629.22 621.443 26.5033 18.7017 4.95198 594.94 554.77 40.1704 18.8741 7.75766 37.5329 27.7438 20.2985 16.1371 535.896 528.869 4.16141 524.605 514.881 506.948 505.336 469.045 36.2915 459.712 31.4692 28.5106 10.2491 428.243 13.4074 414.836
internal_count=10794 10751 748 161 86 10003 9776 227 1540 617 170 151 126 83 8236 8156 43 7856 7789 6907 6771 6178 593 5293 385 250 201 4908 266 4642
is_linear=0
shrinkage=0.1


Tree=59
num_leaves=31
num_cat=0
split_feature=11 17 3 1 13 1 13 6 8 11 1 19 1 2 5 17 3 8 5 15 2 11 3 7 11 7 18 1 0 1
split_gain=2.15816 5.43666 3.59095 3.11059 4.42414 4.46441 3.94725 3.62403 3.55757 3.56299 2.67663 2.43563 2.39928 2.58101 10.8022 9.42089 5.82368 6.77064 5.38654 7.89925 5.1581 4.61712 3.94784 3.25527 3.07218 3.06499 6.68323 2.97741 7.61725 7.11063
threshold=1.1812152145296297e-08 0.18543590198863638 0.12155064398519297 0.54028895327509907 2.5160263776779179 0.38071526077413648 2.4198849201202397 2.6805985369611089e-10 1.9564552782855517e-12 6.0030347359685274e-09 0.58119455888497618 1.0534294843673708 0.37060670775123633 1.6911113086546893e-10 0.012023804019280276 0.088933771306818191 0.034656752706264095 1.1093172859027932e-09 0.0079175188625371009 4.1139985114568851e-05 1.5885711657272737e-10 3.8541543290193667e-09 0.11055826339280585 0.0085594320278050157 2.9294414671809936e-09 0.01751453423824887 0.84900204309749172 0.25961636273629413 7.4565433214574948e-10 0.21351104021968101
decision_type=2 2 2 2 2 2 2 2 2 2 2 2 2 2 2 2 2 2 2 2 2 2 2 2 2 2 2 2 2 2
left_child=2 10 3 4 5 6 12 -6 -7 -10 -2 -11 13 20 18 -16 -17 22 19 24 21 27 -18 -22 -15 26 -20 28 29 -1
right_child=1 -3 -4 -5 7 8 -8 -9 9 11 -12 -13 -14 14 15 16 17 -19 25 -21 23 -23 -24 -25 -26 -27 -28 -29 -30 -31
leaf_value=0.00095120008873880344 -0.12153126676565007 0.10236812239329587 0.084711110202361828 0.077548680202462944 -0.11657385458246959 -0.15919590155248187 -0.1138054625340405 0.0074081953068845414 0.095883685102149965 0.098842897526870171 -0.0059939176656989088 -0.11417078895683663 -0.13874999345014113 -0.034543545899020332 0.083258967315858357 0.11611999610339407 -0.12439343143963458 0.071693362667638802 -0.14574817886761063 -0.15899402586800881 0.10524897603639626 -0.12855303301096188 0.083818829532380845 -0.13603583111219639 0.11733136768467285 0.054025605505197666 0.093270110703920175 -0.022613304840194429 0.037830106722588019 -0.048594162792585299
leaf_weight=331.29165494290646 5.4965269940439594 2.0323401405476025 5.0241754241287699 5.1045822417363516 5.9349726606160385 0.71534392971079697 3.0882981421309514 3.9113960836548358 10.145348192425443 0.82172006368637029 3.1566927377134562 1.5479776909342033 1.251580542186274 2.7981673108879459 4.8492932897061136 1.5120071526616836 14.806799674173817 2.3107489310204974 2.4229436921887091 3.3030958102317527 0.64267435693181951 2.8660890893079332 0.97031732276082117 4.3022934518521652 2.5417831055819988 53.179657315369695 2.2619262635707855 57.28356433333829 51.173216548340861 31.742334031732753
leaf_count=6745 464 14 44 28 541 15 146 61 97 6 26 93 46 38 22 4 509 23 42 78 4 88 4 93 4 181 5 678 297 398
internal_value=-0.000263903 -0.0448151 0.000519333 -0.000182406 -0.000846287 0.000267224 -0.00105517 -0.0673229 0.057699 0.0700965 -0.0793833 -0.0403058 -0.000445896 -0.000142352 0.0153011 -0.0415372 -0.0724136 -0.0881736 0.0361958 -0.0374405 -0.00307305 -0.00201387 -0.111588 -0.104677 0.037748 0.0471946 -0.0303465 -0.00124467 0.00171055 -0.00338086
internal_weight=618.49 10.6856 607.804 602.78 597.675 587.829 574.598 9.84637 13.2304 12.515 8.65322 2.3697 571.51 570.259 90.9567 24.4492 19.5999 18.0879 66.5076 8.64305 479.302 474.357 15.7771 4.94497 5.33995 57.8645 4.68487 471.491 414.207 363.034
internal_count=10794 504 10290 10246 10218 9616 9405 602 211 196 490 99 9259 9213 910 562 540 536 348 120 8303 8206 513 97 42 228 47 8118 7440 7143
is_linear=0
shrinkage=0.1


Tree=60
num_leaves=31
num_cat=0
split_feature=17 9 4 14 9 13 6 4 5 0 17 17 13 9 19 19 18 19 14 15 18 6 3 1 3 13 11 17 4 8
split_gain=2.25093 11.0691 5.25878 6.25589 10.1048 4.8841 4.88208 4.64879 5.89043 7.04392 5.99965 5.59383 8.59215 5.40552 7.40711 8.52775 6.58113 5.7298 5.58833 5.36913 5.59606 4.89632 5.07684 7.32758 8.24929 4.88928 5.55355 4.51704 7.35246 4.51647
threshold=0.12795188210227273 0.015381442727863924 3.6431572966634491e-10 0.015335979871451856 0.038948875822498369 2.2931524515151982 1.6866482859970108e-11 1.6263068609283727e-11 0.0085287106635493857 1.2807713495747747e-09 0.10873135653409093 0.12728604403409094 1.367182791233063 0.0059098833515815524 1.554265081882477 1.9863137602806094 -0.10686006454158234 2.9948165416717534 0.0038757330039516096 4.5420760216075002e-05 0.43367474068972206 1.8680744303173298e-11 0.039874560235303329 0.17871602621400909 0.033782045293253703 1.2203105092048647 1.6888377502022325e-10 0.08311878551136366 2.154080990173463e-11 4.3755943625166119e-12
decision_type=2 2 2 2 2 2 2 2 2 2 2 2 2 2 2 2 2 2 2 2 2 2 2 2 2 2 2 2 2 2
left_child=2 6 3 4 7 -3 -2 11 10 13 -9 12 25 14 18 -16 27 29 21 -11 -21 22 23 -10 -25 -1 -27 -15 -29 -17
right_child=1 5 -4 -5 -6 -7 -8 8 9 19 -12 -13 -14 16 15 17 -18 -19 -20 20 -22 -23 -24 24 -26 26 -28 28 -30 -31
leaf_value=-0.16821495186330729 -0.021179304647637145 0.00090424308916686237 -0.12815953696301749 0.075114269273236056 -0.13702447653723263 -0.059931011797630065 -0.13752334204416058 -0.11125030882121718 0.019654992676149927 -0.160441878232501 0.078650970997890438 0.083106184908518108 -0.10896957966523671 0.098928838149687046 -0.21853674687737865 0.06154495688342191 0.036842381987233268 -0.18904502513502433 -0.10366979910050861 -0.064914745968292678 0.045745661214647029 -0.078613309982690074 0.052419686022504776 -0.14087302346284439 0.017231998280513732 -0.12164042460454952 0.045785333483764352 -0.27722225793938321 -0.034296877925550917 -0.15505385482395942
leaf_weight=1.5275026512681567 6.0755427276599212 275.5148218946415 2.9028105690376824 12.938884594477711 4.9901483135763547 13.86088621849194 8.8759979324531724 1.8232961458852539 43.952297250507399 3.4632546318462145 19.004571500699967 3.9054273400106458 11.986174688034223 1.7051496058702458 3.202889569103716 4.9746875871205702 93.278402281808667 1.672642672085203 4.4682564233662552 12.846379927126693 7.0929615896893656 5.7231967359548426 27.323631489649415 6.8989268325967696 6.3262217475567013 2.3488439273205577 12.657296938006764 1.5350023321807365 6.6154538721311837 1.1936907394556326
leaf_count=129 563 2525 217 206 224 516 600 112 659 65 77 17 1025 4 95 56 598 64 822 413 91 223 136 163 44 661 344 14 77 54
internal_value=-0.000253411 -0.00634481 0.00579761 0.00707902 0.0040489 -0.00200972 -0.0902471 0.00651444 0.0110816 0.00651331 0.0620268 -0.0291349 -0.0445049 0.0123424 -0.00354558 -0.0810468 0.0286313 -0.024885 0.00549332 -0.045512 -0.0255499 0.0108995 0.0169621 1.78889e-05 -0.0652438 0.00222912 0.0195789 -0.0490825 -0.0800478 0.0196292
internal_weight=610.685 304.327 306.358 303.455 290.516 289.376 14.9515 285.526 253.101 232.273 20.8279 32.4252 28.5198 208.87 105.736 11.0439 103.134 7.84102 94.6925 23.4026 19.9393 90.2243 84.5011 57.1774 13.2251 16.5336 15.0061 9.85561 8.15046 6.16838
internal_count=10794 4204 6590 6373 6167 3041 1163 5943 3767 3578 189 2176 2159 3009 2316 269 693 174 2047 569 504 1225 1002 866 207 1134 1005 95 91 110
is_linear=0
shrinkage=0.1


Tree=61
num_leaves=31
num_cat=0
split_feature=8 2 2 6 17 0 19 13 19 13 11 10 5 1 2 13 6 5 3 5 2 0 13 13 14 0 0 19 3 4
split_gain=2.00692 2.05911 5.51024 7.17875 6.58338 6.37462 5.23214 12.0266 5.19057 5.82106 5.16962 5.13492 6.71523 5.01251 4.61877 4.35217 5.15586 3.56397 5.8625 5.07552 3.8187 2.91825 2.88653 18.8849 9.38608 7.02953 6.90037 8.15765 8.85735 5.86189
threshold=9.5587661222724146e-13 1.6911113086546893e-10 1.8918284153615205e-10 3.6207706412351433e-11 0.15591708096590912 6.7527628906899176e-10 1.5313336849212649 2.1602356433868413 2.7147384881973271 1.9476110339164736 3.8541543290193667e-09 2.4192366600036626 0.0076778093805402086 0.31970076767301664 1.5885711657272737e-10 2.3779460191726689 6.5421218063204235e-11 0.012023804019280276 0.064212353404220116 0.0095215205131577944 2.7725385039101643e-10 3.142906290452893e-09 2.111924529075623 1.9813718795776369 0.0049317525699734696 1.3157526512546857e-09 7.4565433214574948e-10 1.9443619251251223 0.060636327148866222 2.1245343366554252e-11
decision_type=2 2 2 2 2 2 2 2 2 2 2 2 2 2 2 2 2 2 2 2 2 2 2 2 2 2 2 2 2 2
left_child=-1 10 4 -4 -3 -6 11 8 9 -8 14 12 -5 -9 22 16 -15 19 -19 20 -10 -18 23 25 -25 26 -2 28 -28 -24
right_child=1 2 3 6 5 -7 7 13 17 -11 -12 -13 -14 15 -16 -17 21 18 -20 -21 -22 -23 29 24 -26 -27 27 -29 -30 -31
leaf_value=0.052012215452329036 -0.0038197229915428125 0.067066988203900432 -0.13175826964748863 0.1082565558175933 0.11441242538498582 -0.18119691535789084 0.021281245419711121 -0.15677931897315081 -0.091917352862418422 -0.16567994100377947 -0.11818082780345454 0.073507589738535939 -0.1246344176094125 -0.14238304750898037 -0.10382887588647971 -0.076763996335448365 0.058934269951093826 -0.12192055312187525 0.046124670408314 0.089175833986454719 0.065303724170594948 -0.10455705639226408 -0.050990776457106812 0.085013909068420268 -0.13102113905775756 -0.18119160731031989 -0.13205813514029369 0.051701568280922129 0.10912748029491606 0.047649909626809518
leaf_weight=7.2575342487543812 353.49148052438977 24.848103535012346 4.0124403804657041 1.9591577788814927 1.090301871299743 2.2043488486669958 4.2638616226613513 4.29128837771714 3.1798754739575115 2.732586455065757 3.9279360328800967 17.153232734184712 3.3639867017045617 1.9334189649671341 4.4969230084680012 14.24201859126333 8.1211702995933575 3.1075887535698694 6.2539523735176772 18.406785088591278 3.0046030879020691 1.2613430797355238 7.7494831386720753 2.3013285307097275 15.947337690857237 2.125135601439978 5.2341728525352655 44.027229391795117 2.1473234295845032 27.066325705265626
leaf_count=43 7099 152 149 10 1 57 28 150 30 53 227 142 121 42 91 746 97 137 176 33 11 175 132 20 282 49 114 229 3 195
internal_value=-0.000255456 -0.000894126 0.0104855 -0.000787507 0.0494554 -0.0833706 0.00484651 -0.00849818 0.0266905 -0.0517398 -0.00394066 0.046881 -0.03892 -0.0567724 -0.0029748 -0.0399808 0.00631383 0.0428521 -0.00965839 0.0628421 -0.0155347 0.0369552 -0.00198905 -0.00425536 -0.103777 0.000206615 0.00115869 0.0353908 -0.0618957 0.025694
internal_weight=601.202 593.945 125.43 97.2873 28.1428 3.29465 93.2749 70.7985 40.9493 6.99645 468.515 22.4764 5.32314 29.8492 464.587 25.558 11.3159 33.9528 9.36154 24.5913 6.18448 9.38251 460.09 425.274 18.2487 407.025 404.9 51.4087 7.3815 34.8158
internal_count=10794 10751 2310 2100 210 58 1951 1678 468 81 8441 273 131 1210 8214 1060 314 387 313 74 41 272 8123 7796 302 7494 7445 346 117 327
is_linear=0
shrinkage=0.1


Tree=62
num_leaves=31
num_cat=0
split_feature=17 9 6 4 14 9 4 19 17 13 19 5 0 8 9 17 2 3 15 19 7 18 4 13 11 19 18 4 3 8
split_gain=1.89217 9.30526 4.61961 4.49391 5.05281 8.80053 3.82639 4.91456 5.17709 5.49046 5.20188 4.85143 5.15954 4.65687 4.5351 6.6277 11.4657 9.56548 8.79938 6.31608 5.9183 5.80038 6.77082 4.53262 5.07745 4.12697 4.00109 3.90627 3.84853 10.6303
threshold=0.12795188210227273 0.015381442727863924 1.6866482859970108e-11 3.6431572966634491e-10 0.015778354369103912 0.038948875822498369 1.6263068609283727e-11 2.1983094215393071 0.12728604403409094 1.367182791233063 2.1733367443084721 0.0085287106635493857 1.2807713495747747e-09 8.995286687142155e-11 0.0043108540808155594 0.066739169034090925 1.7554767217894472e-11 0.027356572175373347 1.5725923731224615e-05 0.59429273009300243 0.01004852503584505 -0.10686006454158234 2.154080990173463e-11 1.2203105092048647 1.6888377502022325e-10 2.3330287933349614 0.18176838493143974 3.9653358877434891e-11 0.027219015252224869 2.6195510384409681e-11
decision_type=2 2 2 2 2 2 2 2 2 2 2 2 2 2 2 2 2 2 2 2 2 2 2 2 2 2 2 2 2 2
left_child=3 2 -2 4 5 6 7 8 9 23 -11 -8 14 25 15 17 -17 18 -13 -19 -21 22 -16 -1 -25 -14 -15 -24 -23 -30
right_child=1 -3 -4 -5 -6 -7 11 -9 -10 10 -12 12 13 26 21 16 -18 19 -20 20 -22 28 27 24 -26 -27 -28 -29 29 -31
leaf_value=-0.16798782418979974 -0.01883835165174387 -0.0019124713225018857 -0.13438524919419623 -0.12606216291869984 0.070658027946395571 -0.13406747721849518 0.058630232696250222 -0.13475183173917926 0.10021588747245197 -0.12965104661447435 0.095453548599749277 0.11117079189001088 -0.13040369388968903 -0.073051272918698229 -0.236900051440328 0.047493971798648213 -0.11041817638745573 0.04433481176308298 -0.13817768932723437 -0.0024167911291017169 -0.16336281199490582 0.053332354422401043 0.027052241820296433 -0.12028227217337835 0.047774614514634994 -0.02637572380807451 0.093570176417284698 -0.13062624352114374 -0.038250793021732087 0.050022085487002578
leaf_weight=1.369562727224557 6.040595772326923 284.62871807010379 8.0996441091992875 2.5754443975747554 11.81989677203819 4.5475989219266912 19.199488005717285 3.7224232273874795 3.5580643453868097 6.871464344148988 1.2068813000223597 1.7701500654220561 6.4103400175226879 2.2548896728549144 1.5951259676367033 7.0351910964818698 13.272783662134314 42.75151502515655 7.0593562118592672 16.067189705383502 2.6634824259672305 45.777442116988823 6.3152877101674658 2.1150442957296027 11.984308782848528 9.4140604132553545 3.9936521155759692 2.0914803775958717 22.896674401534256 33.75402030418627
leaf_count=126 563 3041 600 217 202 227 189 256 15 811 5 2 239 66 14 95 1223 254 205 90 68 383 37 656 307 233 32 60 417 161
internal_value=-0.000241006 -0.00584603 -0.0850246 0.00545314 0.00661502 0.00390859 0.00618902 -0.0270096 -0.0122132 -0.0292016 -0.0960211 0.0103779 0.00626274 -0.0396535 0.0112542 -0.0053923 -0.0557135 0.00914185 -0.088188 0.0231195 -0.0253032 0.0246714 -0.0480154 0.00569358 0.0225644 -0.0685166 0.0334421 -0.0121758 0.0317691 0.0143446
internal_weight=592.862 298.769 14.1402 294.093 291.517 279.697 275.15 30.8277 27.1053 23.5473 8.07835 244.322 225.123 22.0729 203.05 90.6197 20.308 70.3117 8.82951 61.4822 18.7307 112.43 10.0019 15.4689 14.0994 15.8244 6.24854 8.40677 102.428 56.6507
internal_count=10794 4204 1163 6590 6373 6171 5944 2176 1920 1905 816 3768 3579 570 3009 1937 1318 619 207 412 158 1072 111 1089 963 472 98 97 961 578
is_linear=0
shrinkage=0.1


Tree=63
num_leaves=31
num_cat=0
split_feature=14 5 11 1 8 0 1 17 18 5 18 12 3 5 17 7 17 14 11 19 5 0 8 10 14 8 14 10 10 13
split_gain=1.78515 4.27522 3.91397 4.31157 4.24732 4.13353 3.66619 3.01258 4.48807 4.1678 4.20047 4.82279 2.36633 2.84378 7.00829 6.83787 5.30201 5.16628 5.11472 6.19956 4.39918 4.31795 4.2626 6.87712 10.5666 7.0507 6.24971 9.26392 4.30589 4.57027
threshold=0.03624930419027806 0.027085410045094866 9.935035016894746e-09 0.43037583618686476 1.1720109365560794e-10 3.2217154861279525e-09 0.58119455888497618 0.20922851562500003 0.14399103617126294 0.034858028817229193 0.14862126704644077 0.27179707586765295 0.11055826339280585 0.027085410045094866 0.13159179687500003 0.022753065849927142 0.056085759943181823 0.0025424176128581171 5.1193388417303264e-10 0.78945085406303417 0.02225035647588619 3.3531697323398206e-10 1.5559008060799501e-10 2.4192366600036626 0.011044208426028492 1.0117584112127909e-10 0.0098281991668045538 2.1417210102081303 2.112525582313538 2.1678878068923955
decision_type=2 2 2 2 2 2 2 2 2 2 2 2 2 2 2 2 2 2 2 2 2 2 2 2 2 2 2 2 2 2
left_child=2 -2 3 5 -5 7 -4 12 -9 10 -10 -12 13 20 15 16 -15 -18 19 -19 22 -17 23 24 25 26 28 -28 29 -1
right_child=1 -3 6 4 -6 -7 -8 8 9 -11 11 -13 -14 14 -16 21 17 18 -20 -21 -22 -23 -24 -25 -26 -27 27 -29 -30 -31
leaf_value=-0.0030285207184998007 -0.15620808696787036 0.077922794016817662 -0.11173036874969505 -0.11625452867162028 0.081433205640921213 -0.11745034478286775 0.010625485564688768 -0.13504131797634081 0.1175126629625823 0.11430728459783318 0.10961135107037437 -0.13201843314359438 0.086811435249955521 0.0049861292900905945 -0.10139044796076416 0.068428547427077199 -0.52248430677002744 -0.1025530707551454 -0.13706703942711321 0.031186889452801111 0.0280406558510039 -0.0544664524514126 -0.082004657858098018 0.092800788236867368 -0.12336310069542207 0.059335137205181757 -0.15157466695455174 0.042555741075454984 -0.13821119221100076 0.033946534288176761
leaf_weight=312.70371039304882 0.88926056330092151 6.341992805886548 6.0669158693053742 1.2143333813291963 10.3494830802083 3.0326050519943228 4.1063839942216873 4.0711035006679586 1.2558528184890727 2.1147717237472534 1.0216255183913743 4.3145458555081859 3.17664910852909 22.693700988893397 8.9074024182045815 14.789950726553799 0.24420980992727237 6.1242482996894996 6.0029613089282057 7.985625124303624 61.305445134988986 3.5440525218145913 6.3483142971526823 7.92661926196888 6.9636756966356179 19.613144206581637 6.5192951866192725 3.946022491902113 2.238489997573196 37.430537054431625
leaf_count=4885 49 161 407 92 108 234 36 168 1 2 3 155 25 165 563 74 4 910 327 392 594 140 331 59 202 88 112 35 43 429
internal_value=-0.000245959 0.0491306 -0.000865833 0.000239462 0.0606737 -0.00102138 -0.0623423 -0.000380854 -0.0483704 -0.00784507 -0.0470325 -0.0857577 0.000757952 0.00024727 -0.0184995 -0.00647133 -0.0282519 -0.065305 -0.059754 -0.0268616 0.00308116 0.0446723 -0.000709252 0.000589602 -0.00128738 0.000935381 -0.00222141 -0.0783764 4.03634e-05 0.000924238
internal_weight=583.243 7.23125 576.012 565.838 11.5638 554.275 10.1733 551.242 12.7779 8.7068 6.59202 5.33617 538.464 535.287 70.2922 61.3847 43.0507 20.357 20.1128 14.1099 464.995 18.334 403.69 397.341 389.415 382.451 362.838 10.4653 352.373 350.134
internal_count=10794 210 10584 10141 200 9941 443 9707 329 161 159 158 9378 9353 2575 2012 1798 1633 1629 1302 6778 214 6184 5853 5794 5592 5504 147 5357 5314
is_linear=0
shrinkage=0.1


Tree=64
num_leaves=31
num_cat=0
split_feature=19 6 5 17 17 19 19 15 18 5 12 15 18 12 14 17 5 19 5 19 8 7 18 3 18 5 14 4 10 0
split_gain=1.81829 6.81175 4.36419 11.2108 6.05384 8.23588 4.67531 7.23243 3.93522 3.37918 3.30701 2.8364 2.83101 4.527 7.17622 2.61985 4.58559 2.57591 10.0812 7.37267 7.20096 19.9523 9.01714 8.20902 13.6867 14.4414 8.32003 7.73154 6.72335 6.49119
threshold=4.790858507156373 2.7471043077630985e-11 0.013182795758293285 0.1257768110795455 0.1633744673295455 6.2980461120605478 5.9266154766082773 4.4523054384626455e-05 0.90832427076318056 0.023495028323482454 0.19388025254011157 6.6645246988628073e-05 0.18176838493143974 0.20867843180894854 0.0087242894805967825 0.16661487926136367 0.013026086869952337 2.2675588130950932 0.014089184915443516 1.73615437746048 4.4841268326332405e-11 0.018368371524521136 0.69160407792184175 0.015904676698302388 0.30980334337800747 0.0076778093805402086 0.007686606841161848 1.4258301716055971e-11 1.4425074458122256 1.6565836792012214e-09
decision_type=2 2 2 2 2 2 2 2 2 2 2 2 2 2 2 2 2 2 2 2 2 2 2 2 2 2 2 2 2 2
left_child=17 -2 4 9 5 6 7 8 -3 -4 -11 -12 -6 -14 -15 -16 -17 18 20 -20 21 -1 -23 -22 25 29 -27 -26 -21 -25
right_child=1 2 3 -5 12 -7 -8 -9 -10 10 11 -13 13 14 15 16 -18 -19 19 28 23 22 -24 24 27 26 -28 -29 -30 -31
leaf_value=-0.01395881673220542 -0.18546496246215821 -0.21318946643734635 -0.1289400594779041 -0.14854030548601876 0.10996301485485725 -0.20160201696218605 0.073428578539026262 0.053867492293310441 -0.027964610423612285 -0.16310257880447088 0.082398094629674484 -0.10741556980508407 0.092557232802611952 -0.19661268936592738 0.10574410466562911 -0.1585469376021732 0.097574585127664898 0.010103243212867508 0.016001280934548705 0.024367325953778697 0.051477483541541337 -0.17817723561359983 0.082682853847906912 -0.086348285747099865 -0.16126242408832722 -0.30291570065416051 -0.10478520483432996 0.044701392303555784 -0.087483760379643255 0.11169621816828118
leaf_weight=32.974600134039065 2.31946874569985 2.6246827421709877 1.3592185338493461 7.0009143389761439 5.4770317985676256 2.4917865499155587 4.9607577354181549 3.7818404778372496 2.0373760722577572 0.72504853550344517 6.7737633638316765 0.8907753059756941 5.4489959544152935 1.872831930639222 2.4917296767234802 1.4517459749476984 1.3482455443590879 210.22781669604592 178.08229954837589 8.7286425206693838 17.75454794493271 13.618987200374248 1.4679449325194571 2.6783307823352542 1.999708790914158 2.5228719473816446 13.254226055229081 20.574977716896683 13.983570928103289 4.3316028611734509
leaf_count=2223 107 35 79 361 13 46 14 27 12 18 47 124 17 19 3 41 3 2730 3369 127 116 443 6 51 33 30 253 136 300 11
internal_value=-0.000244596 -0.0178827 -0.0102215 -0.0519991 0.0103676 -0.0346555 -0.00362184 -0.0488887 -0.132244 0.01733 0.0410276 0.0603379 0.04993 0.0238626 -0.0283831 0.0311563 -0.0352199 0.00154746 -0.00421801 0.00915813 -0.0283762 -0.0575409 -0.152796 -0.00616795 -0.0287303 -0.0834031 -0.136468 0.0264567 -0.0444977 0.0360281
internal_weight=575.256 53.0562 50.7367 16.7497 33.987 15.8964 13.4047 8.4439 4.66206 9.74881 8.38959 7.66454 18.0906 12.6135 7.16455 5.29172 2.79999 522.2 311.972 200.795 111.178 48.0615 15.0869 63.1163 45.3617 22.787 15.7771 22.5747 22.7122 7.00993
internal_count=10794 966 859 629 230 134 88 74 47 268 189 171 96 83 66 47 44 9828 7098 3796 3302 2672 449 630 514 345 283 169 427 62
is_linear=0
shrinkage=0.1


Tree=65
num_leaves=31
num_cat=0
split_feature=14 5 4 17 18 5 18 12 17 3 5 17 8 7 13 19 3 6 12 4 1 12 10 17 9 19 8 3 19 12
split_gain=1.63778 3.73472 3.2189 2.72777 3.98105 3.66773 3.70539 4.26171 2.53014 2.42734 3.00014 4.88543 5.26007 4.90915 5.2019 4.72399 5.69372 4.77873 4.49166 7.00486 4.29678 4.25821 4.83076 3.62371 3.56667 4.22404 3.16768 2.98281 2.49227 10.1776
threshold=0.03624930419027806 0.027085410045094866 4.5005205691089352e-10 0.20922851562500003 0.14399103617126294 0.034858028817229193 0.14862126704644077 0.27179707586765295 0.17393909801136367 0.11055826339280585 0.027085410045094866 0.13159179687500003 4.529739693168217e-10 0.022753065849927142 1.8261709213256838 0.15250625461339953 0.030038771202870976 9.4181574528691415e-12 0.088352594524621977 3.653082070617166e-11 0.54028895327509907 0.18763790279626849 1.301884710788727 0.037797407670454551 0.00081248663377114891 0.017144062556326393 9.540154320021319e-12 0.040190070498513676 7.4700586795806894 0.19795586913824084
decision_type=2 2 2 2 2 2 2 2 2 2 2 2 2 2 2 2 2 2 2 2 2 2 2 2 2 2 2 2 2 2
left_child=2 -2 3 9 -5 6 -6 -8 -3 10 23 13 -13 15 21 16 -12 -17 27 26 -16 22 -15 -1 -25 -26 -20 -19 -27 -30
right_child=1 8 -4 4 5 -7 7 -9 -10 -11 11 12 -14 14 20 17 -18 18 19 -21 -22 -23 -24 24 25 28 -28 -29 29 -31
leaf_value=-0.14835286578631579 -0.1541571564519589 -0.10260111860159236 -0.12515317116107094 -0.1323772343556133 0.11541449670905719 0.11259007264101571 0.10741731538754087 -0.13037940005479071 0.098802659987113489 0.067486588902943206 -0.11293995152810593 -0.12570964868592846 0.040520298787216677 0.10072059731264074 -0.1158638613490143 -0.31377394715678592 0.069329003336412787 -0.069655039097937382 -0.10752423202638282 -0.1150707540044853 0.096066666134023856 0.090328615023948539 -0.13224072365290249 0.043940927713065375 -0.12008090374958987 0.0033139024289957041 0.064564030096908476 0.034221259871883965 0.05455151337872606 -0.17526356008086286
leaf_weight=1.5784020593855519 0.80375564156565715 0.70622645621187974 2.0748518662294364 3.7922751747537387 1.1459468603134153 1.9183007478713987 0.9335949970409273 3.9102215049788356 5.3408367671072483 5.3809577887877813 2.1707875505089751 7.5153103548800555 2.549318608827889 1.5445005650399282 3.5198973321239455 0.65709185990272345 8.1418322845129278 3.9454809864982989 1.4456234218087072 12.531809051346498 1.3137017097324131 11.627991030458359 2.1008989079855382 20.760450853151269 2.8375284188077776 436.70618809564621 4.1127369552850723 9.2340525276958925 4.0811850413447237 3.6508469334803522
leaf_count=74 49 134 125 171 1 2 3 158 27 51 156 553 54 19 254 18 54 47 135 1356 7 36 29 125 187 6768 12 32 19 138
internal_value=-0.000235616 0.0483628 -0.000828897 -0.000367528 -0.0481438 -0.00775001 -0.0462905 -0.0845466 0.075281 0.000653647 -9.83663e-06 -0.0189563 -0.0836045 -0.00852014 0.0321507 -0.0278804 0.0309617 -0.0468869 -0.0412786 -0.0736284 -0.0582642 0.0607644 -0.0335385 0.00291157 0.00342169 0.00154098 0.0198072 0.00312441 0.00231748 -0.0539607
internal_weight=568.033 6.85082 561.182 559.107 11.7003 7.90806 5.98976 4.84382 6.04706 547.407 542.026 72.411 10.0646 62.3464 20.107 42.2394 10.3126 31.9268 31.2697 18.0902 4.8336 15.2734 3.6454 469.615 468.036 447.276 5.55836 13.1795 444.438 7.73203
internal_count=10794 210 10584 10459 335 164 162 161 161 10124 10073 2762 607 2155 345 1810 210 1600 1582 1503 261 84 48 7311 7237 7112 147 79 6925 157
is_linear=0
shrinkage=0.1


Tree=66
num_leaves=31
num_cat=0
split_feature=4 14 14 8 14 14 12 5 18 5 18 4 17 3 7 19 11 5 15 8 17 2 1 10 15 11 1 11 2 2
split_gain=1.54728 2.09249 2.78118 2.83047 2.67052 5.11034 2.17936 2.03112 4.37581 4.2568 3.8795 2.04603 8.6315 5.1606 3.79742 6.59928 3.74093 3.68221 3.37263 6.11354 10.4741 5.98778 6.20747 9.35566 5.26683 5.19693 6.14217 11.7695 6.73797 7.19981
threshold=6.6622270912724011e-12 0.0023076124489307408 0.002379602519795299 9.8800255677708863e-13 0.0024349605664610867 0.002456920919939876 0.07552331313490869 0.0053755206552716954 -0.027333871546116741 0.0062926880943652468 -0.67683554770932941 1.2217411993949426e-11 0.1719415838068182 0.020314648517881482 0.030556713428367386 0.3601540476083756 1.6659272294994312e-09 0.0069808627110115396 2.2991339392319791e-05 4.415917066475204e-11 0.15671608664772732 5.8380671857885792e-11 0.21351104021968101 1.3415815830230715 2.3884084839664869e-05 7.2123329530882085e-10 0.17871602621400909 8.8007062748474151e-10 7.0275922644569442e-11 8.3294229556986611e-11
decision_type=2 2 2 2 2 2 2 2 2 2 2 2 2 2 2 2 2 2 2 2 2 2 2 2 2 2 2 2 2 2
left_child=-1 -2 3 -3 -4 -6 -7 8 -8 -9 -11 12 16 14 -14 -16 -12 -13 19 20 -19 22 24 -24 -20 -23 27 -27 -28 -30
right_child=1 2 4 -5 5 6 7 9 -10 10 11 17 13 -15 15 -17 -18 18 21 -21 -22 25 23 -25 -26 26 28 -29 29 -31
leaf_value=-0.10028155624296131 0.076063257594468123 0.048382258268503599 0.057287534080352281 -0.15820942469304147 -0.21603062820054586 -0.12531465403092443 0.1125286341067296 -0.10661836415066983 -0.10342847674388636 -0.16651085747335481 -0.1103128546653289 0.058327290253049335 0.08294861717075841 -0.094848509043826079 0.085148364242831662 -0.075540731619430493 0.018439720480477002 0.010366349417546362 -0.11990439508895451 0.056984713548335168 -0.13880148616540253 0.061475357658951783 0.065554926377431419 -0.1397206775441657 -0.0060260460837951758 -0.22723530153982785 0.053578700310058194 -0.021412239972917871 -0.082936212778810664 0.0018572970336391611
leaf_weight=1.5413558621658001 3.5980309048900372 0.9576833657920355 8.0432970934780297 2.1565883377334103 1.1005048255901773 1.3913714144146059 4.0093626212910749 3.761055724869947 1.2249109867261712 1.3931855419650663 11.120576927205546 11.449385173968038 9.0896277637220972 3.5826868268195531 4.5284156701527518 5.8671027789823711 2.8311981869628644 107.79028544976609 4.464635187177918 26.8059356007725 4.9221903138677581 13.89009404031094 2.8517394108930594 10.026194343692621 44.957668984541669 3.2581618595868376 24.033297260990366 18.861370356637053 10.513328269589691 210.7255032013345
leaf_count=1634 110 7 105 125 51 74 34 333 251 41 344 100 29 42 19 51 31 2788 70 124 77 67 22 175 409 52 125 181 140 3183
internal_value=-0.000227245 4.8538e-05 -0.000443722 -0.0946795 8.74626e-05 -0.000757569 -0.000321553 -6.57207e-07 0.0619909 -0.000605216 0.000142907 0.000579688 -0.0220963 0.0154562 0.0357377 -0.00554259 -0.0841854 0.0022771 0.000948721 0.0140606 0.00385214 -0.00437562 -0.0324263 -0.0942637 -0.0163134 0.00183724 -0.00126076 -0.0517296 0.0032907 -0.00217211
internal_weight=560.747 559.205 555.607 3.11427 552.493 544.45 543.349 541.958 5.23427 536.724 532.963 531.569 37.0196 23.0678 19.4851 10.3955 13.9518 494.55 483.1 139.518 112.712 343.582 62.3002 12.8779 49.4223 281.282 267.392 22.1195 245.272 221.239
internal_count=10794 9160 9050 132 8918 8813 8762 8688 285 8403 8070 8029 516 141 99 70 375 7513 7413 2989 2865 4424 676 197 479 3748 3681 233 3448 3323
is_linear=0
shrinkage=0.1


Tree=67
num_leaves=31
num_cat=0
split_feature=8 12 8 3 17 3 0 12 14 14 14 6 3 19 3 12 1 6 14 5 13 5 12 19 10 17 3 12 19 9
split_gain=1.52455 1.96386 5.08259 4.20791 5.24181 4.3288 3.23737 2.7639 2.35119 3.2632 5.88082 2.5674 2.72383 8.00541 7.39895 12.6678 9.03836 7.144 7.68388 6.54648 6.8479 7.56295 8.23359 6.35609 6.10217 6.51846 10.2453 6.02539 9.63225 8.15189
threshold=9.5587661222724146e-13 0.081597026437520995 1.0887237660956348e-12 0.025786833224028045 0.042325106534090919 0.045076822610730642 8.2337039261093315e-10 0.082368336617946639 0.002379602519795299 0.0024788278387859468 0.0025687377201393251 7.5174328274247336e-12 0.028831482609233832 0.28868281841278082 0.03168496133218883 0.21158251166343692 0.2464717487498255 4.4940242362349963e-11 0.0071758991107344636 0.0092983813327951245 1.4816052317619326 0.0073746849741775601 0.23160999268293384 1.5313336849212649 1.6557603478431704 0.17864435369318185 0.066624917981226134 0.21357846260070804 5.9266154766082773 0.016743973359731306
decision_type=2 2 2 2 2 2 2 2 2 2 2 2 2 2 2 2 2 2 2 2 2 2 2 2 2 2 2 2 2 2
left_child=-1 2 3 -2 5 -5 -4 -3 -9 -10 -11 -12 13 -13 15 16 -14 18 -16 20 -15 23 27 -22 -19 -26 -27 28 29 -23
right_child=1 7 6 4 -6 -7 -8 8 9 10 11 12 14 19 17 -17 -18 24 -20 -21 21 22 -24 -25 25 26 -28 -29 -30 -31
leaf_value=0.048034277601414203 -0.1337651599640983 0.071447616363513655 -0.14055881992018213 -0.15484003008053177 0.057220012628603614 0.066812823285506306 0.027201639368968439 -0.14255602254164171 0.063564269970940043 -0.13102946828138193 -0.12548509823569662 -0.085808083658590661 0.021706272219259068 -0.11302955910245041 -0.016183942972574101 -0.15173404751694319 -0.1541968633063934 0.060485056445102381 -0.14251551194781059 0.023669834587631191 -0.12298331000081789 0.028234697048502427 -0.1609364981426768 0.045712546442103735 0.011025758292111167 -0.12056399191767982 0.057798647894147237 0.06508516594622582 0.10451395360348402 -0.18233964816334303
leaf_weight=6.4740720801055422 2.0373745370307068 5.4299148592690463 5.160292222572024 2.5666498394566584 10.326858928427098 1.3416622914373872 1.4802812886773606 1.1587501800386224 7.9645080939517348 3.4516198647324918 1.6266986580740184 8.5772211209696234 16.515416635578738 6.4747128261078606 85.724944393412443 9.0849799750721996 3.5487374977674326 22.091890913667157 5.1010549637721843 150.5562309420784 2.4485276549821746 2.7531825676560455 4.9577036707196376 25.429957790416665 133.37852724312688 9.4695878548081946 4.8800732805393627 6.1058494532480827 2.7196706196991718 5.533227490959689
leaf_count=43 65 85 579 54 38 4 8 298 282 219 117 672 345 635 1361 173 112 69 132 1982 291 53 80 449 2183 313 57 26 5 64
internal_value=-0.000208323 -0.000778369 -0.0294358 0.000650997 0.019889 -0.0787501 -0.103163 0.000472396 -0.000269375 4.86734e-05 -0.000942394 -5.67327e-05 0.000347014 0.00885954 -0.00598479 -0.0537655 -0.00940563 -0.000641284 -0.0232791 0.0127826 -0.0162685 -0.00372553 -0.0474599 0.0308962 0.0114662 0.00413577 -0.0599059 -0.0145833 -0.058781 -0.112376
internal_weight=554.37 547.896 22.9131 16.2725 14.2352 3.90831 6.64057 524.983 519.553 518.394 510.43 506.978 505.351 215.556 289.795 29.1491 20.0642 260.646 90.826 206.979 56.4228 49.9481 22.0696 27.8785 169.82 147.728 14.3497 17.1119 11.0061 8.28641
internal_count=10794 10751 748 161 96 58 587 10003 9918 9620 9338 9119 9002 4257 4745 630 457 4115 1493 3585 1603 968 228 740 2622 2553 370 148 122 117
is_linear=0
shrinkage=0.1


Tree=68
num_leaves=31
num_cat=0
split_feature=19 6 5 17 17 5 12 14 5 5 6 15 2 17 5 2 13 19 15 19 1 8 15 17 17 5 1 4 2 18
split_gain=1.59899 5.5057 4.01762 9.21732 5.42164 3.85147 5.34082 4.37992 3.78063 2.75452 2.84918 3.05728 1.98102 6.90312 10.4476 5.37633 6.51414 4.88096 6.42085 4.85425 7.03576 4.4445 5.85349 4.36239 4.1384 6.53156 5.40299 7.31286 4.32518 3.91548
threshold=4.790858507156373 2.7471043077630985e-11 0.013182795758293285 0.1257768110795455 0.13931551846590912 0.010383742671288811 0.21357846260070804 0.0099484510719776171 0.0083013941779692367 0.023495028323482454 4.1963972608830291e-11 6.6645246988628073e-05 1.3465054674208806e-10 0.16159889914772732 0.012023804019280276 1.2075829468426204e-10 2.1341409683227544 4.0533616542816171 3.5548649975680753e-05 1.5772622823715212 0.30561330120711799 1.1093172859027932e-09 3.4002128813881434e-05 0.15198863636363638 0.1460626775568182 0.0093997830213833813 0.2464717487498255 3.446666270932917e-11 1.6911113086546893e-10 0.49577468151057313
decision_type=2 2 2 2 2 2 2 2 2 2 2 2 2 2 2 2 2 2 2 2 2 2 2 2 2 2 2 2 2 2
left_child=12 -2 4 9 8 6 -6 -8 -3 -4 -11 -12 15 17 -15 -1 -17 18 -14 20 -20 22 -16 24 25 28 -27 -28 -21 -29
right_child=1 2 3 -5 5 -7 7 -9 -10 10 11 -13 13 14 21 16 -18 -19 19 23 -22 -23 -24 -25 -26 26 27 29 -30 -31
leaf_value=3.1805007399490144e-05 -0.17513747972784222 0.015516745525421967 -0.1250636551479842 -0.14662891235477324 0.035044495878691684 0.059347806857250864 -0.17096522260696961 0.034516150111327186 -0.18558447362797464 -0.16668364225481513 0.08372422319417995 -0.11090925221471447 0.06344042638152296 -0.1746588784966332 0.072539366802018737 -0.12044589420450408 0.028539918843840481 0.066063468620050358 -0.12451684479873822 -0.15377640483039795 0.05370221026758111 0.09380504957988256 -0.10814965443343894 -0.13390486613765248 0.054766714727976208 0.084364039820042702 -0.17422526135941022 -0.073255821475620458 0.042034594844745442 0.035139297427680419
leaf_weight=357.32664350533742 2.1214625546999732 1.608491621678698 1.2218901735031957 6.1658411116222842 7.6882988446741383 15.100253030657766 3.0465832427144051 1.5729019513819364 2.232102720066905 0.62677049229387183 5.7313405661843717 0.93931974677252572 18.786638404824771 4.6924813825171432 2.8680598130449635 8.0650257985107583 4.6134947474929495 19.790116121410392 2.4734712922945645 1.2288630763068784 21.210279750986956 3.6415149704553187 4.7825318509712815 3.1474743643775573 7.6848084705416104 2.3774832780472961 5.4649823900545043 10.807637145393526 13.751222173625136 4.8180998918833202
leaf_count=7545 107 18 79 361 38 65 39 26 44 10 52 127 97 99 12 120 64 229 52 39 309 30 226 78 57 10 95 536 148 82
internal_value=-0.000216784 -0.0176361 -0.0103619 -0.0535033 0.00991228 0.0255046 -0.0160172 -0.101 -0.101361 0.0138962 0.0371638 0.0563172 0.0014657 0.012214 -0.0492457 -0.00223879 -0.0662325 0.0210216 0.0113063 -0.00211699 0.0350895 0.0028702 -0.0404128 -0.019998 -0.0122266 -0.0256169 -0.0585465 -0.0746563 0.0259716 -0.0398329
internal_weight=545.586 48.0553 45.9338 14.6852 31.2486 27.408 12.3078 4.61949 3.84059 8.51932 7.29743 6.67066 497.531 127.526 15.9846 370.005 12.6785 111.541 91.751 72.9643 23.6838 11.2921 7.65059 49.2806 46.1331 38.4483 23.4682 21.0907 14.9801 15.6257
internal_count=10794 966 859 629 230 168 103 65 62 268 189 179 9828 2099 367 7729 184 1732 1503 1406 361 268 238 1045 967 910 723 713 187 618
is_linear=0
shrinkage=0.1


Tree=69
num_leaves=31
num_cat=0
split_feature=11 17 1 13 1 8 14 3 11 18 5 8 18 8 17 18 5 0 14 5 11 18 13 4 13 19 15 0 9 19
split_gain=1.57401 3.32179 2.49277 3.97569 3.13261 2.06734 2.0496 1.7454 2.53292 8.35744 8.97166 3.12236 3.22296 3.0863 3.69034 2.65492 12.0848 8.05055 4.75712 4.06801 3.70569 4.69209 4.62067 10.0801 6.2433 10.9636 7.06023 8.65713 7.27824 4.27969
threshold=1.1812152145296297e-08 0.18543590198863638 0.47522073911004176 2.5523480176925664 0.40903618293380434 1.326123772217454e-10 0.018286629579961303 0.12155064398519297 3.5615846938341637e-09 0.46344182409600104 0.009629886920936177 5.190623564053964e-11 0.45618307850831613 1.1093172859027932e-09 0.088933771306818191 0.7236853411040185 0.013182795758293285 1.7261245365994204e-09 0.0055897345300763854 0.0072394085556454412 3.032452622342419e-09 0.24010809117250823 2.1030400991439824 2.1245343366554252e-11 1.9548274874687197 2.3496054410934453 3.843013473669999e-05 8.082697299891605e-10 0.020434764311638324 2.652469396591187
decision_type=2 2 2 2 2 2 2 2 2 2 2 2 2 2 2 2 2 2 2 2 2 2 2 2 2 2 2 2 2 2
left_child=2 -2 3 4 7 -4 -6 8 15 10 11 12 -10 14 -12 17 18 20 19 -17 22 -22 24 -24 -1 -26 27 -27 -28 -23
right_child=1 -3 5 -5 6 -7 -8 -9 9 -11 13 -13 -14 -15 -16 16 -18 -19 -20 -21 21 29 23 -25 25 26 28 -29 -30 -31
leaf_value=0.0020164286022842123 -0.075516559965858113 0.10088721291913383 -0.056816810838869337 -0.08826715951175465 -0.04132419860549838 0.084438959584245632 0.098164115143192815 0.098899041689547551 -0.12698298145255763 -0.1312906848056459 0.022489666861709137 0.074358273094421057 0.091805300298376427 0.055705231223587115 -0.11667282544778759 0.031444559952247216 -0.14582338267574904 -0.16017781319058458 0.046317209130980357 -0.18496371122177005 -0.15025314742126031 0.049137975561476921 -0.12628286873623096 0.061456011220056894 -0.15075165123438411 -0.13893166158960854 0.040186098750315952 0.064003062131679986 -0.17744945776284984 -0.1108696085654014
leaf_weight=356.81953057878127 6.2762639866559757 1.2862344523891804 1.260052187135442 5.09532238356769 1.3243387998663809 5.8293059100396931 5.1490379776805639 1.7649366427212942 1.7482777721015763 6.2813370224903329 2.46967927168589 11.451775334775446 1.0950075220316648 1.8249962097033847 8.3423801474273187 1.7603115742822404 3.9138869749149299 3.1702446928829877 42.781563702912536 1.7147995966370215 3.6533486536936817 4.4559654517797753 3.2256635945523184 25.224080555082764 7.4605942185735357 2.543596102565064 2.4552296618930987 12.112085945438592 4.1070318717975169 2.6751356720924377
leaf_count=7230 490 14 55 474 46 50 38 27 71 256 44 53 3 34 467 100 145 78 210 41 105 34 92 172 182 62 22 58 92 49
internal_value=-0.000212994 -0.0455137 0.000431317 -0.000364631 0.000497487 0.0593324 0.0696273 -0.000374752 -0.00071744 -0.027421 -0.00319562 0.0510708 -0.0427231 -0.0645819 -0.0848855 0.00113775 0.0229011 -0.00141395 0.0371773 -0.0753425 -0.000228925 -0.0580986 0.00127874 0.04017 -0.00159144 -0.0464806 -0.00981716 0.0287823 -0.0960225 -0.0108867
internal_weight=539.272 7.5625 531.71 524.62 519.525 7.08936 6.47338 513.051 511.287 33.2135 26.9321 14.2951 2.84329 12.6371 10.8121 478.073 50.1706 427.903 46.2567 3.47511 424.732 10.7844 413.948 28.4497 385.498 28.6785 21.2179 14.6557 6.56226 7.1311
internal_count=10794 504 10290 10185 9711 105 84 9627 9600 928 672 127 74 545 511 8672 496 8176 351 141 8098 188 7910 264 7646 416 234 120 114 83
is_linear=0
shrinkage=0.1


Tree=70
num_leaves=31
num_cat=0
split_feature=19 6 0 6 12 19 5 4 6 9 19 5 18 13 14 7 18 18 7 14 2 18 11 11 10 8 5 4 12 0
split_gain=1.40551 4.73482 3.17977 3.59152 8.83481 5.73952 5.5732 4.36557 5.54587 2.74351 1.81755 7.51288 5.21294 10.0979 11.488 7.05354 7.00864 8.58312 10.0396 6.02901 5.6041 4.68775 4.66762 3.99945 3.95096 10.125 6.03348 5.11091 3.92828 3.89539
threshold=4.790858507156373 2.7471043077630985e-11 1.8249660380779903e-09 6.291280427377606e-11 0.20431992411613467 7.4700586795806894 0.030724626057959281 1.3210165449371106e-11 4.1963972608830291e-11 0.028912931207664933 2.2675588130950932 0.016410665962935854 0.2592419424856251 1.4011324644088747 0.0070566856302320966 0.0187223447083146 0.08851584453474394 0.033081855328584264 0.02730337300419609 0.0053528340067714461 1.1527803780356717e-11 0.13281574361661283 1.6888377502022325e-10 3.3723532300022901e-10 1.6148782372474673 1.0117584112127909e-10 0.0084297387248909467 1.1934068846679525e-11 0.31892405450344091 2.9656397913782329e-10
decision_type=2 2 2 2 2 2 2 2 2 2 2 2 2 2 2 2 2 2 2 2 2 2 2 2 2 2 2 2 2 2
left_child=10 -2 3 4 7 -5 -6 -3 -9 -7 11 12 13 22 15 21 17 18 -16 -14 -20 -15 -1 -24 27 26 -26 28 -21 -18
right_child=1 2 -4 5 6 9 -8 8 -10 -11 -12 -13 19 14 16 -17 29 -19 20 24 -22 -23 23 -25 25 -27 -28 -29 -30 -31
leaf_value=-0.095926271210313163 -0.1699553726784172 0.094741768231877285 -0.094459619543840925 0.054650259362095804 -0.16501851383715682 0.06369620994946483 0.050735117341467073 -0.11722856045087882 0.046942622630848842 -0.15090251959042975 0.0087669261334967288 0.010093814363685076 -0.12232065999214566 -0.13907658337579523 0.04486446348853914 -0.19431601340618362 -0.23793024094568205 0.073299282777988209 0.072042817321942815 -0.13888237961831226 -0.16682255531004586 0.011207036642630782 0.040604002728459751 -0.050278731660623605 -0.0016157736083131412 0.059344435722972211 -0.17589786995207374 0.06772457945318254 0.11077182426552633 -0.072054449387842778
leaf_weight=3.9016327454010016 1.9397174667683419 4.7569029560545486 4.0608961898251428 15.653789968928324 5.6857843419420524 0.80726485326886122 1.516614506836049 3.6738253803923708 4.6774656919296831 2.2735071857459843 196.58881434300565 167.32646457257215 3.3193148447608101 4.2510815489513352 5.9938418371602911 8.7613238673657161 1.7085610721260298 9.3989461602177453 1.1656857023481277 2.2918796165904527 6.2399130879202858 4.055864725378342 22.148847752076112 6.1969045358273425 3.5755190279451217 8.2253337777219695 4.4692999842809513 17.850187305710278 0.86933398246765126 8.2607313230982964
leaf_count=990 107 19 442 149 94 5 21 34 18 77 2730 3492 283 422 52 182 20 58 13 119 164 167 482 182 66 84 87 70 1 164
internal_value=-0.000220577 -0.0171197 -0.0102423 -0.00148331 -0.0306117 0.0300955 -0.119587 0.0182766 -0.0252781 -0.0946705 0.00134382 -0.00368806 -0.0224849 -0.0369822 -0.0651961 -0.13172 -0.0305445 3.8053e-05 -0.0513505 0.00682453 -0.129224 -0.0657006 0.00662039 0.0207354 0.0183228 -0.0186716 -0.0984382 0.0469694 -0.0702275 -0.100483
internal_weight=531.645 45.0458 43.1061 39.0452 20.3106 18.7346 7.2024 13.1082 8.35129 3.08077 486.599 290.011 122.684 82.0833 49.8359 17.0683 32.7677 22.7984 13.3994 40.6009 7.4056 8.30695 32.2474 28.3458 37.2816 16.2702 8.04482 21.0114 3.16121 9.96929
internal_count=10794 966 859 417 186 231 115 71 52 82 9828 7098 3606 2896 1242 771 471 287 229 710 177 589 1654 664 427 237 153 190 120 184
is_linear=0
shrinkage=0.1


Tree=71
num_leaves=31
num_cat=0
split_feature=5 5 17 5 7 17 11 19 19 12 13 15 18 19 8 1 5 3 5 14 6 18 6 7 3 0 1 9 13 2
split_gain=1.43166 4.62464 4.62446 4.3839 3.60015 5.20681 5.70731 5.92991 4.91217 6.14416 4.80657 4.2605 3.75945 6.64936 4.13514 5.58367 3.55888 5.6558 3.40486 2.93074 7.40743 3.17965 2.89075 2.71644 2.57325 6.84451 4.47509 3.80962 4.03317 6.06169
threshold=0.025577645609880763 0.02225035647588619 0.21772904829545456 0.025841008487217262 0.0211822764383327 0.056085759943181823 5.1193388417303264e-10 0.58186128735542308 2.7386158704757695 0.1611280366778374 1.4490563869476321 2.0592112377926245e-05 -0.089343204004266707 -0.046526269987225526 1.0463127316118614e-12 0.31470272798442955 0.030724626057959281 0.050028073666206173 0.030984428826179911 0.0068840230815112599 8.6437100057425573e-11 -0.049519517458975308 1.6399792662857742e-10 0.0093087652278527905 0.015904676698302388 9.625352905816162e-11 0.24347982620597561 0.0028643098411628488 1.2819800376892092 1.0749256226388043e-11
decision_type=2 2 2 2 2 2 2 2 2 2 2 2 2 2 2 2 2 2 2 2 2 2 2 2 2 2 2 2 2 2
left_child=1 2 24 -2 5 12 7 11 19 -10 -11 -7 14 -14 -5 -16 17 -15 -9 -6 -21 22 -22 -18 26 -26 27 -1 -29 -30
right_child=3 -3 -4 4 8 6 -8 18 9 10 -12 -13 13 16 15 -17 23 -19 -20 20 21 -23 -24 -25 25 -27 -28 28 29 -31
leaf_value=-0.10878434560536382 -0.21180973581912921 0.031859771578893845 -0.11534712212895842 0.096680528155720966 0.071146622785359936 -0.10421105716507689 -0.14204362247679611 0.04168832887957518 -0.403288564453822 0.10480930073971409 -0.055222815129718772 -0.65103537256958377 0.082136366963172197 -0.12817851674835726 -0.1066171271076118 0.088284285310836971 -0.23967651107939336 0.082585725788107842 -0.071096535799178767 -0.13051908619525071 0.058761507674019178 0.053878109750922693 -0.15420318947492129 -0.068993545579948301 -0.11000997903612855 -0.0018857618622727221 -0.14806312546258293 0.094181619580959136 -0.15548968175928479 0.024487024224266133
leaf_weight=2.1104021733044638 1.0778193976730097 46.961920656322036 3.5283791297697453 6.6770151332020777 12.143729723931754 5.2861093183164547 6.3702265277970573 8.5292846593074483 0.44915672135539253 2.2774311406537882 10.669273843173867 0.14643060788512219 3.4776962692849347 2.64750263933092 3.2353724224958569 2.6937357634305954 1.8871754966676237 2.4527759402990341 3.9008642210683311 3.2026174761704196 1.0893880417570501 14.311850941157898 1.5361296930350361 1.8430927273584528 5.9663174524030174 312.63416741912079 1.5679795231262676 7.9284096163464701 1.9498507406678971 46.497572839230997
leaf_count=948 42 546 238 18 109 857 365 142 14 7 617 9 21 39 50 6 24 7 688 106 14 168 30 27 521 4190 49 34 198 710
internal_value=-0.000222951 0.00224557 -0.00139336 -0.0112689 -0.00898949 -0.0277743 -0.0607776 -0.0317964 0.0112213 -0.0396862 -0.0270719 -0.11895 0.00432639 -0.034986 0.0427099 -0.0180688 -0.0811118 -0.0268198 0.00629387 0.032345 0.0089489 0.0353203 -0.0658392 -0.155344 -0.000331518 -0.00391057 0.0186561 0.0231257 0.0280637 0.0172435
internal_weight=525.05 429.145 382.183 95.9047 94.8269 49.1473 24.2329 17.8627 45.6796 13.3959 12.9467 5.43254 24.9144 12.3082 12.6061 5.92911 8.83055 5.10028 12.4301 32.2837 20.14 16.9374 2.62552 3.73027 378.655 318.6 60.0542 58.4862 56.3758 48.4474
internal_count=10794 7434 6888 3360 3318 2253 2061 1696 1065 638 624 866 192 118 74 56 97 46 830 427 318 212 44 51 6650 4711 1939 1890 942 908
is_linear=0
shrinkage=0.1


Tree=72
num_leaves=31
num_cat=0
split_feature=11 17 3 1 13 18 12 18 5 5 1 9 13 17 9 7 8 3 4 13 6 3 7 9 19 3 14 9 18 19
split_gain=1.36352 2.71129 2.13082 1.895 3.25037 1.97836 6.0963 5.64576 4.41164 4.17912 4.10485 4.28255 4.93218 4.57952 5.13377 4.43289 6.44166 7.36939 6.38639 5.50545 6.88076 5.34136 4.26605 3.86212 5.36022 5.32142 4.367 8.38867 4.32929 4.98316
threshold=1.1812152145296297e-08 0.18543590198863638 0.12155064398519297 0.54028895327509907 2.8542380332946782 -0.013085844460874794 0.32913209497928625 0.017852908032099636 0.0062926880943652468 0.012308542798769135 0.38071526077413648 0.045050733603292391 1.4773532152175906 0.14903675426136367 0.035738613085569311 0.030179702240695053 1.2752754653029681e-12 0.027011685446336597 3.185972600450629e-11 1.7954362034797671 2.5967395721868336e-11 0.027219015252224869 0.026711412653948535 0.0036066269596152461 0.15250625461339953 0.035138728090078335 0.004357624566182495 0.0090937167205466744 0.13043365587311037 0.78945085406303417
decision_type=2 2 2 2 2 2 2 2 2 2 2 2 2 2 2 2 2 2 2 2 2 2 2 2 2 2 2 2 2 2
left_child=2 -2 3 4 5 6 10 9 -9 -7 11 13 -13 14 15 16 21 19 -19 20 -18 -1 -20 24 25 -10 28 -28 29 -25
right_child=1 -3 -4 -5 -6 7 -8 8 23 -11 -12 12 -14 -15 -16 -17 17 18 22 -21 -22 -23 -24 26 -26 -27 27 -29 -30 -31
leaf_value=-0.10513007932906615 -0.070634871286834405 0.100220409882289 0.080552965272632504 0.071427100076122227 -0.13433038782700368 -0.1496445198820929 -0.10289849553918913 -0.10401091579756677 -0.049988082736906504 -0.032425828000928462 0.095029900018326188 0.066113645359689138 -0.17118896115877905 0.048724023264322819 -0.17185393100636318 0.068591037054929832 -0.0092313607877952137 -0.1579921584538419 -0.079803258162969709 0.055161243844189106 -0.19702582797264512 0.037626811324400308 0.072237983075685977 -0.13505975662642764 -0.072714537749557009 0.096753186182456569 -0.12272515843162851 0.0011973449575325751 0.05361864246909074 0.031560999057631614
leaf_weight=2.8238161905610459 5.9387573597196015 1.1009834015276281 3.2951735202223054 3.6749584279023102 1.8121279928600404 4.0445619846868821 4.6095692077651611 4.132900760829215 5.1239332290424517 12.264304343902038 5.9823303343146099 1.3121928293257945 2.6339800093555823 28.399818245699862 1.6521623025182623 10.071266104874665 13.705569893965732 6.7012898529646909 5.2048772379057464 11.330737628130008 2.2749041396309613 36.481583438289817 2.8592297361465171 2.8772970125428392 16.113341313728597 4.7736126598902047 5.5718078799254718 278.48271150660003 28.479010249255225 4.7715106745599769
leaf_count=134 490 14 44 28 162 279 282 1491 196 274 87 5 63 201 36 53 856 206 217 70 48 224 21 157 911 21 813 2931 432 48
internal_value=-0.00020361 -0.0439139 0.000398018 -0.000121743 -0.00064294 -0.000161004 0.0101378 -0.00398246 -0.00130502 -0.0614958 0.0141021 0.010243 -0.0922804 0.0135726 0.00285048 0.00600662 -0.00173838 -0.0289303 -0.0858475 0.00184106 -0.0359649 0.0273707 -0.0258951 -7.89044e-05 -0.0371363 0.0207856 0.00293155 -0.00123343 0.0356787 -0.0311177
internal_weight=518.5 7.03974 511.461 508.165 504.49 502.678 136.043 366.635 350.326 16.3089 131.434 125.451 3.94617 121.505 93.1054 91.4533 81.382 42.0766 14.7654 27.3112 15.9805 39.3054 8.06411 346.193 26.0109 9.89755 320.182 284.055 36.1278 7.64881
internal_count=10794 504 10290 10246 10218 10056 2503 7553 7000 553 2221 2134 68 2066 1865 1829 1776 1418 444 974 904 358 238 5509 1128 217 4381 3744 637 205
is_linear=0
shrinkage=0.1


Tree=73
num_leaves=31
num_cat=0
split_feature=14 14 8 12 14 14 8 8 13 8 18 5 18 6 13 3 19 8 14 3 8 3 8 5 13 5 12 19 5 12
split_gain=1.48368 2.11115 2.43168 2.17271 2.21463 4.6902 2.95594 2.01693 1.78182 1.59699 4.66599 3.67925 3.89717 3.24899 2.87984 1.98707 5.90051 5.63519 13.4747 7.50078 13.2907 5.8632 5.26921 5.12214 5.7208 5.88629 6.52971 4.70408 4.67944 4.57927
threshold=0.0023076124489307408 0.002379602519795299 9.8800255677708863e-13 0.07552331313490869 0.0024349605664610867 0.002456920919939876 1.0463127316118614e-12 1.0463127316118614e-12 1.2172402143478396 1.0463127316118614e-12 -0.092994245023212643 0.025577645609880763 0.028352707709101116 7.5174328274247336e-12 1.1369846463203432 0.028831482609233832 0.28868281841278082 2.6195510384409681e-11 0.0053141084499657163 0.031303720574281303 2.8974874975691819e-11 0.029866618109629286 5.3184308161167751e-11 0.0092983813327951245 1.4816052317619326 0.0073746849741775601 0.23160999268293384 1.5313336849212649 0.036277075022283681 0.21357846260070804
decision_type=2 2 2 2 2 2 2 2 2 2 2 2 2 2 2 2 2 2 2 2 2 2 2 2 2 2 2 2 2 2
left_child=7 2 -2 -3 8 6 -6 -1 -5 10 -7 -12 -13 -11 -15 16 -16 18 -17 20 -19 22 -22 24 -18 27 29 -26 -25 -27
right_child=1 3 -4 4 5 9 -8 -9 -10 13 11 12 -14 14 15 17 23 19 -20 -21 21 -23 -24 28 25 26 -28 -29 -30 -31
leaf_value=0.10172434429344966 0.049075197115643919 -0.12282439477206682 -0.1562136554526482 -0.10371994254124767 -0.53681515254593926 0.078666864405261661 -0.12260988615989554 -0.10247122910160295 0.071793439894878158 -0.11756045289394784 0.042650761095820645 -0.13875515543993777 0.0084176049701485556 -0.10400543077128294 -0.067844973558634947 -0.011734202655547423 -0.10844720078727671 0.11513483080841341 -0.14374688568038294 0.0066529480757675265 0.017745479580574802 -0.18883766496004994 -0.16698794671388456 0.023166009389339912 -0.12055577034867936 -0.05485685118912062 -0.1520618312069234 0.040465898636912336 -0.118322580853397 0.05898238964187618
leaf_weight=2.7702381899289317 0.85253050923347418 1.4401453507452959 1.7853295650274956 0.6359544864972112 0.23016670439392228 9.6333745121955889 0.6851967994007282 0.58606066918582644 6.3935531701717991 2.3978848620026829 6.4560449728742224 3.4168422603979707 3.8006071522831917 2.6914427108713417 9.9715811311616545 43.622089734621113 5.9330494038294992 3.2174480846151701 9.3976250616251473 195.14241012834827 4.2187095137196575 5.5831129942089319 2.4353481335565448 139.72328139725141 1.9671838267240698 9.862242274393795 4.413971241330727 23.342610315812635 2.377266442985273 5.5064868105109772
leaf_count=17 7 96 294 32 3 36 79 499 166 250 33 30 21 276 707 1015 665 10 380 3016 43 126 54 1375 296 122 80 451 589 26
internal_value=-0.000199818 -0.000638394 -0.0898663 -0.000171848 0.000179282 -0.000610584 -0.226761 0.0660687 0.0559149 -0.000192475 0.0253603 -0.0121957 -0.0612561 -0.00145477 -0.000861664 -0.000266856 0.00716702 -0.00599412 -0.0351332 0.0013419 -0.0657197 -0.113271 -0.0498659 0.0110401 -0.0161374 -0.00399175 -0.0448585 0.0279506 0.020799 -0.0140692
internal_weight=510.49 507.133 2.63786 504.496 503.055 496.026 0.915364 3.3563 7.02951 495.111 23.3069 13.6735 7.21745 471.804 469.406 466.714 203.098 263.617 53.0197 210.597 15.4546 12.2372 6.65406 193.126 51.0255 45.0925 19.7827 25.3098 142.101 15.3687
internal_count=10794 10278 301 9977 9881 9683 82 516 198 9601 120 84 51 9481 9231 8955 4311 4644 1395 3249 233 223 97 3604 1640 975 228 747 1964 148
is_linear=0
shrinkage=0.1


Tree=74
num_leaves=31
num_cat=0
split_feature=14 14 8 8 14 12 18 6 17 9 19 4 3 19 7 9 14 6 13 3 9 14 9 17 17 5 9 14 5 13
split_gain=1.3303 1.85622 2.19428 1.81044 1.78745 1.55525 5.37445 2.76496 2.59375 8.59697 3.75952 3.36343 3.55676 3.91434 4.84375 3.95233 2.63519 7.05101 4.28173 3.27302 3.05493 3.61344 6.62148 5.97459 3.13571 4.4801 3.14461 6.58721 2.7207 2.57452
threshold=0.0023076124489307408 0.002379602519795299 9.8800255677708863e-13 1.0463127316118614e-12 0.0024004084989428525 0.080599725246429457 -0.047040871048176829 6.4824168388976383e-12 0.057639382102272735 0.0028643098411628488 0.10279149562120439 2.7413506724216928e-11 0.030038771202870976 0.23943190276622775 0.0075986298170456707 0.00078939313153011264 0.0030972938984632496 1.226642566555658e-11 1.2905797362327578 0.015040011283905908 0.0036584669426946415 0.0041526914574205884 0.0070379970044221049 0.086447975852272749 0.09288441051136366 0.011884780606469383 0.01033067548093318 0.0044538129586726436 0.011884780606469383 1.48600310087204
decision_type=2 2 2 2 2 2 2 2 2 2 2 2 2 2 2 2 2 2 2 2 2 2 2 2 2 2 2 2 2 2
left_child=3 2 -2 -1 -3 6 -6 -8 11 10 -10 -7 -13 -14 -15 -16 18 -18 -11 -20 -19 23 -23 -22 25 -24 27 -26 -25 -28
right_child=1 4 -4 -5 5 8 7 -9 9 16 -12 12 13 14 15 -17 17 20 19 -21 21 22 24 28 26 -27 29 -29 -30 -31
leaf_value=0.10080042900865759 0.045846368922729627 0.068922993947834063 -0.15439868278138957 -0.1022652275458858 0.015841890132044869 0.085511306576590659 0.061797325095538841 -0.14278271999088885 0.037438314997546102 0.076315727811246695 -0.10772081846508569 -0.1045844980184262 0.074236778914308035 0.058483710145570682 -0.0017676726935828104 -0.1269610313822756 -0.11612335351432729 -0.12401428833972412 -0.16186591657131996 0.047609134586877877 -0.18921584008451608 -0.11036015381050522 -0.11180977282857237 -0.10942058133894693 0.060872813028353727 0.04979219052424904 0.025841850905513327 -0.13074835384684116 0.058166106440207227 -0.003198668845708426
leaf_weight=2.5284463997813869 0.82291209325194303 3.7161662873404557 1.6334749304514842 0.5313037079758941 8.3882281721453165 7.499329940241295 0.77380589823587698 4.5171683828957612 2.1489573221479068 9.9885458391509001 10.511564052838365 2.4613537559052956 9.1286488836631197 6.99983474146575 6.7820926429703814 4.0142441675998271 5.2402515050780485 1.9577309152227815 1.5362647516012651 1.4498556382313834 1.0901682124531387 5.4685738837142699 1.869340012344767 1.0149095756787598 2.7493567965866523 20.84736890142085 33.767327654146357 5.1625508575234562 21.289175028679892 318.14540280759684
leaf_count=17 7 86 294 499 101 29 7 127 99 35 1060 80 39 24 38 57 436 424 176 39 41 1011 157 205 41 256 669 327 182 4231
internal_value=-0.000197417 -0.000598912 -0.0873148 0.0655395 -0.00017163 -0.000690559 -0.0339398 -0.112863 0.000254777 -0.00186093 -0.083082 0.0257357 0.010481 0.0209998 -0.00630837 -0.0483165 0.000521727 -0.000853974 0.044906 -0.0601592 0.000607314 0.00120034 -0.00110088 0.0393678 0.000461023 0.0364941 -0.00181384 -0.0641608 0.0505404 -0.000412124
internal_weight=504.034 500.975 2.45639 3.05975 498.518 494.802 13.6792 5.29097 481.123 444.237 12.6605 36.8855 29.3862 26.9248 17.7962 10.7963 431.577 418.602 12.9747 2.98612 413.362 411.404 388.01 23.3943 382.541 22.7167 359.825 7.91191 22.3041 351.913
internal_count=10794 10278 301 516 9977 9891 235 134 9656 9389 1159 267 238 158 119 95 8230 7980 250 215 7544 7120 6692 428 5681 413 5268 368 387 4900
is_linear=0
shrinkage=0.1


Tree=75
num_leaves=31
num_cat=0
split_feature=11 17 1 3 1 13 1 0 9 1 2 15 2 12 6 6 6 18 14 13 10 7 7 14 19 9 2 7 18 9
split_gain=1.2652 2.38972 1.83777 1.8344 1.55193 2.95933 1.76377 3.29946 2.19976 1.48173 1.39549 3.41632 2.94585 4.6133 1.80063 8.71561 5.53833 5.61827 7.06935 5.68672 3.46754 3.28508 5.54413 8.13138 5.34001 10.3977 3.18009 7.63352 2.91077 4.46519
threshold=1.1812152145296297e-08 0.18543590198863638 0.58119455888497618 0.12155064398519297 0.54028895327509907 2.8542380332946782 0.43037583618686476 3.142906290452893e-09 0.079488675507422446 0.47522073911004176 3.8710807727532155e-10 5.4321144489222213e-05 4.4226661991459402e-10 0.47994700074195867 8.3978485051517262e-11 7.9821517799085015e-11 8.6437100057425573e-11 0.12120830958751455 0.0093983793631196039 2.1501494646072392 2.1568020582199101 0.0440736299133224 0.038464893260633952 0.0084608369506895559 2.652469396591187 0.042146658500620583 9.0081879189683248e-11 0.046308779779615263 -0.013085844460874794 0.038030570983392797
decision_type=2 2 2 2 2 2 2 2 2 2 2 2 2 2 2 2 2 2 2 2 2 2 2 2 2 2 2 2 2 2
left_child=3 2 -2 4 5 6 7 10 9 -8 11 14 -12 -14 15 20 -16 18 -18 26 21 22 28 24 25 -24 -19 -28 29 -1
right_child=1 -3 -4 -5 -6 -7 8 -9 -10 -11 12 -13 13 -15 16 -17 17 19 -20 -21 -22 -23 23 -25 -26 -27 27 -29 -30 -31
leaf_value=0.0158701768357517 -0.11673696763578321 0.09958776831725949 -0.0024305442555555019 0.077905025191017371 0.066687107074488952 -0.13362410320846557 -0.11815666372965239 -0.1117460069987901 0.096399264406689097 0.067380213395151864 0.082856438293417489 -0.10762978507113485 -0.12668884602114308 0.068200630336675713 0.089518275312880202 -0.16050229668788787 0.060401598277247927 0.062993281638693138 -0.13419201596275684 -0.12273729290356752 -0.12388777743731934 0.046646445413233893 -0.2374960846498759 -0.18455326847374764 0.065411376872110003 0.063893251758033939 0.059190520755912135 -0.10130359154758709 -0.0055433930896703777 -0.17704461213257969
leaf_weight=109.22395499140839 3.2981844416935919 0.99876804905943561 2.4523625755682588 3.0349660050123921 3.4564986238256088 1.6655745869502414 0.99751240242039674 2.6636785868322468 3.9619136583060026 0.75716032786294818 5.9152909871190769 2.9834536529087918 2.2627425323007628 2.6221188578056172 8.8401808477938157 3.4585866758134207 2.7800248148851079 16.418311281595386 5.6838721732492559 2.5128016348462543 2.2864875870291135 14.321885975339681 2.3222581017180328 4.0192145830951622 4.3903349596366752 2.2573497341945767 7.5166186173446459 4.8923877915949561 267.7607487764617 1.2131260310998175
leaf_count=1987 464 14 26 44 28 162 68 296 24 15 64 398 91 26 28 60 13 100 294 120 75 69 44 54 17 9 35 176 5964 29
internal_value=-0.000190617 -0.0431919 -0.0679902 0.000401422 -8.13949e-05 -0.000558492 -9.87369e-05 -0.000761376 0.0551169 -0.0380955 -0.00013727 -0.000966355 0.0353963 -0.0220752 -0.000274408 -0.00242641 0.0179193 0.0020177 -0.0702764 0.0215419 -0.00108574 -0.000393311 -0.0021155 -0.0663537 -0.0133914 -0.0889373 0.0341183 -0.00408606 9.0754e-05 0.0137511
internal_weight=496.968 6.74932 5.75055 490.219 487.184 483.728 482.062 476.345 5.71659 1.75467 473.682 462.882 10.8002 4.88486 459.898 411.254 48.6442 39.804 8.4639 31.3401 407.795 405.509 391.187 12.9892 8.96994 4.57961 28.8273 12.409 378.198 110.437
internal_count=10794 504 490 10290 10246 10218 10056 9949 107 83 9653 9472 181 117 9074 8308 766 738 307 431 8248 8173 8104 124 70 53 311 211 7980 2016
is_linear=0
shrinkage=0.1


Tree=76
num_leaves=31
num_cat=0
split_feature=14 12 3 6 12 7 18 17 3 10 9 17 7 9 19 8 14 3 8 3 8 13 10 19 6 19 12 8 3 17
split_gain=1.18083 1.69664 5.42282 4.65009 2.30344 1.97492 3.07195 1.72141 1.67258 7.43356 4.34408 6.46788 5.52367 5.5092 4.13187 7.44764 9.75381 6.27387 11.4504 5.20909 4.50317 4.45264 4.30775 6.36193 4.50584 7.97199 6.66001 5.99455 7.50493 4.52351
threshold=0.0023076124489307408 0.081597026437520995 0.027719398936056478 1.3329599805747405e-11 0.082368336617946639 0.0052985322481449134 -0.020678796636110001 0.042325106534090919 0.028831482609233832 1.1242149472236636 0.0028643098411628488 0.10460316051136366 0.0095380194921573323 0.01639964147765946 0.23125886172056201 2.6195510384409681e-11 0.0053141084499657163 0.031303720574281303 2.8974874975691819e-11 0.029866618109629286 5.3184308161167751e-11 1.1369846463203432 1.5596821308135989 2.1554472446441655 5.0176180773749656e-11 1.6566188931465151 0.20867843180894854 4.8115770004954907e-11 0.051899766628752127 0.17977627840909091
decision_type=2 2 2 2 2 2 2 2 2 2 2 2 2 2 2 2 2 2 2 2 2 2 2 2 2 2 2 2 2 2
left_child=-1 2 -2 5 -3 -4 -7 -6 10 -10 -9 13 -13 -12 -11 16 21 18 -17 20 -20 -16 23 -19 25 -24 27 28 -27 -26
right_child=1 4 3 -5 7 6 -8 8 9 14 11 12 -14 -15 15 17 -18 22 19 -21 -22 -23 24 -25 29 26 -28 -29 -30 -31
leaf_value=0.064704824115993639 -0.13934598498293777 0.070457357419256961 0.075545887513632587 -0.11636678432672615 0.069199179692372811 0.029030725912354106 -0.10627064197600521 -0.072251509134263744 -0.14922653814651912 0.060206498509768475 0.057372973402164906 -0.12073393012575478 0.0035242030639134492 -0.14665210026418979 -0.18796870384037043 0.11234748059249566 -0.13934050194717185 -0.065962751806820749 0.015569367452409756 -0.18120884716893182 -0.15993557859712484 -0.012627756376171584 0.037650026600147983 0.065121150149875018 0.014728768557687478 -0.14655580045568414 -0.15454576054450597 0.04963385021662637 0.024126644637468629 -0.049619268091088603
leaf_weight=2.7878294000693122 3.6485643030173405 4.6795556514116461 4.4476310010068145 3.0143115661339825 3.5615608346997751 6.4079657300608233 2.273413773160426 6.7976955455233101 3.5670252916606833 9.684816293884067 32.173667268783902 3.6619687105994663 155.06614078530401 1.3802710759919126 1.5150951681425784 3.0043733743950716 8.6187565926229563 4.4335456081316833 4.1421167965745536 5.1868984967586584 2.2594583793543279 32.838679332344327 10.958470950543413 22.452793284726795 117.71163490170147 6.3374631417682448 6.2027596919797352 5.727396697504445 4.3405355047434568 12.042208472732453
leaf_count=516 216 43 35 42 18 55 37 1047 352 95 485 342 3057 41 102 10 369 34 41 126 54 703 101 75 2114 120 132 28 42 362
internal_value=-0.00019202 -0.000562657 -0.0292417 -0.00435689 0.000649295 0.0213596 -0.00640097 -5.52447e-05 -0.000591328 -0.00585681 0.00631253 0.00908998 0.000657481 0.0489802 -0.00387045 -0.00637506 -0.0442239 0.00156665 -0.0616231 -0.106726 -0.0463757 -0.0203608 0.00641462 0.0435055 0.000308606 -0.0323482 -0.0662773 -0.0329036 -0.0771745 0.00875675
internal_weight=490.925 488.137 19.7919 16.1433 468.345 13.129 8.68138 463.665 460.104 261.024 199.08 192.282 158.728 33.5539 257.457 247.772 42.9725 204.8 14.5928 11.5885 6.40158 34.3538 190.207 26.8863 163.32 33.5666 22.6082 16.4054 10.678 129.754
internal_count=10794 10278 385 169 9893 127 92 9850 9832 4860 4972 3925 3399 526 4508 4413 1174 3239 231 221 95 805 3008 109 2899 423 322 190 162 2476
is_linear=0
shrinkage=0.1


Tree=77
num_leaves=31
num_cat=0
split_feature=17 9 1 17 14 14 5 18 0 5 3 4 6 2 19 12 6 5 17 10 4 8 7 14 14 19 10 5 11 11
split_gain=1.27941 6.49068 4.02893 4.12502 3.65961 6.01809 5.89558 5.82319 5.45945 3.64447 7.0298 3.18278 8.33842 8.74482 7.82164 6.61218 8.5097 7.90659 5.5554 5.86806 5.88358 5.01234 4.57584 5.02612 6.90008 3.66949 5.05679 3.5258 3.01924 3.12336
threshold=0.17529296875000003 0.025216036970264373 0.24347982620597561 0.18650124289772732 0.0077729646582156428 0.0070566856302320966 0.0095215205131577944 0.32371329655870801 1.8154504551442477e-10 0.0091890826145726925 0.019832338648249469 1.8256763205485551e-11 6.4265510658341657e-11 1.0477959465142257e-10 1.9443619251251223 0.15471726655960086 6.1745827151300441e-11 0.011132974999399364 0.14535245028409094 1.5710619091987612 1.2722436112127994e-11 4.7399940969807407e-11 0.0191031745072467 0.0052760127000510701 0.0032714843982830648 3.5153677463531499 1.5596821308135989 0.0068768693771951135 1.9991435590283049e-10 4.9601103779828303e-10
decision_type=2 2 2 2 2 2 2 2 2 2 2 2 2 2 2 2 2 2 2 2 2 2 2 2 2 2 2 2 2 2
left_child=11 -2 3 9 5 6 -5 -6 -9 10 -3 12 13 15 -15 22 17 18 27 20 21 -20 23 24 28 -16 -27 -17 -1 -30
right_child=1 2 -4 4 7 -7 -8 8 -10 -11 -12 -13 -14 14 25 16 -18 -19 19 -21 -22 -23 -24 -25 -26 26 -28 -29 29 -31
leaf_value=-0.059045426426390102 -0.14944053483886358 0.052402768549921944 -0.079908920678213299 -0.16822397024232702 0.0050970508936839434 0.090345571629361576 0.071610945386563263 0.022753371850432441 -0.17757556000264299 0.070325794796370619 -0.15385903758795769 0.0025016046193733271 -0.17168515406569962 -0.15158645812560861 0.082860379929574735 -0.01021093050330972 0.087458006585478532 -0.22776616932384697 -0.15230412414219197 -0.18736257499285458 0.03538416774854445 0.0012242278085564369 -0.17616319629340524 0.091685664304640369 -0.10175250167473233 0.057904912354176413 -0.13871417073164971 -0.15631968031507212 0.053100287673484785 -0.13864671994990213
leaf_weight=3.7579783881665305 2.4218885097943703 5.6159500761132248 4.0621530829812391 2.1854022926854659 20.354247714392844 8.9568094294518215 1.9302096646279094 2.0968045026529571 3.8734127618954517 22.784676683135331 2.341206706390949 310.51107337004214 3.4183497484773389 1.9475363980163845 15.649073371780107 2.1354507933428994 3.591878584586083 3.0586359198205164 4.2684576350438928 2.1615438322769469 10.79736280813813 4.237606052774936 1.3665965679683711 6.1522419074899508 6.0854464354342772 3.7624435450416049 2.005159784515854 7.2893161856336519 13.860956512085973 0.90496717719361264
leaf_count=992 215 38 239 108 309 26 5 17 122 78 38 6245 56 76 85 171 12 36 239 37 34 28 50 23 597 34 39 142 503 200
internal_value=-0.000195316 0.0116587 0.0169169 0.0225247 0.00110231 0.0443525 -0.0557421 -0.0203752 -0.107218 0.0499783 -0.00828493 -0.00242719 -0.0182948 -0.0126587 0.0402833 -0.0304135 -0.0589137 -0.0744005 -0.0592145 -0.0311136 -0.0136173 -0.0758184 0.00288773 0.0108421 -0.00936842 0.0577311 -0.0104515 -0.123215 0.0209815 0.0413486
internal_weight=483.585 76.6228 74.2009 70.1387 39.3969 13.0724 4.11561 26.3245 5.97022 30.7418 7.95716 406.962 96.451 93.0327 23.3642 69.6684 37.5403 33.9484 30.8897 21.465 19.3034 8.50606 32.1282 30.7616 24.6093 21.4167 5.7676 9.42477 18.5239 14.7659
internal_count=10794 1195 980 741 587 139 113 448 139 154 76 9599 3354 3298 234 3064 699 687 651 338 301 267 2365 2315 2292 158 73 313 1695 703
is_linear=0
shrinkage=0.1


Tree=78
num_leaves=31
num_cat=0
split_feature=5 3 11 17 9 6 13 7 14 3 19 12 5 12 19 17 5 18 5 15 5 8 10 8 6 7 8 18 19 5
split_gain=1.12706 1.3713 1.21581 1.15173 6.30217 3.9747 3.75328 8.10848 5.72368 4.69307 3.45495 10.0676 7.29603 13.2705 7.31763 5.2264 7.97566 5.11669 4.94561 5.51787 4.87835 7.17414 8.21888 9.29025 5.41965 4.55461 4.36058 4.31778 6.97792 3.82848
threshold=0.052376950559285339 0.14400731333790565 1.5515682960653979e-08 0.12795188210227273 0.015381442727863924 1.6866482859970108e-11 2.1501494646072392 0.032091238299263129 0.0098281991668045538 0.061481777103569883 2.2453397512435918 0.19241838157176974 0.016958005055643651 0.30488181114196783 2.9948165416717534 0.13620827414772732 0.0083013941779692367 -0.037316706265052985 0.008949954810321915 4.1139985114568851e-05 0.02225035647588619 4.4841268326332405e-11 1.6952397227287295 1.0117584112127909e-10 1.0377380411211016e-10 0.02853870094647434 2.7810901774922248e-11 0.10754614576316356 0.69078874588012706 0.0082117964543885671
decision_type=2 2 2 2 2 2 2 2 2 2 2 2 2 2 2 2 2 2 2 2 2 2 2 2 2 2 2 2 2 2
left_child=1 2 3 -1 5 -5 10 -8 -9 -10 11 -6 15 -14 -15 16 -12 -17 19 -19 21 26 29 25 -25 -24 -13 28 -22 -23
right_child=-2 -3 -4 4 6 -7 7 8 9 -11 12 20 13 14 -16 17 -18 18 -20 -21 27 22 23 24 -26 -27 -28 -29 -30 -31
leaf_value=0.0052429793710076864 -0.072936070378981727 0.090742787189530216 -0.094749887783602577 -0.011957858992495388 -0.18430347365759658 -0.13390661107047955 -0.14960614778717346 0.092914784689150653 -0.11522583137438398 0.0095084601299867608 0.026304174416145257 0.059729952455030544 -0.17392277205069381 0.066318231653601303 -0.10515599244168546 0.071463077351716364 -0.17950219755656471 -0.005652903665027533 0.03140120731388632 -0.17513593684860679 0.099280231463325791 -0.048434130051292289 0.028600469689143856 0.061229297292422526 -0.12416443905616437 -0.15924799622344599 -0.15922230054984143 0.076965989958375849 -0.14990155351805776 0.045801908360726395
leaf_weight=225.80183318960189 2.1203623313776907 1.6644199527800072 1.3556916190427717 4.8392791875085077 3.3573971830483051 5.9697269565076567 5.2037240582576514 4.2907701181247857 5.0628356412635167 7.4623589094844647 4.5206239661201826 1.1006540256203141 5.7090567988343563 7.9216665397398156 3.6287134614540264 19.995871122751851 3.2272543692961335 29.371589159563886 66.504747673054226 2.055391156114637 2.0232421425171188 5.3770210072107174 1.5434027425944821 6.4137592483311874 2.0908509043511003 7.884271077462472 5.2397860683704494 10.819484605919568 2.5279809976927936 21.748240134678781
leaf_count=5988 504 28 260 549 147 540 136 14 408 203 26 26 103 53 189 81 40 407 371 31 10 76 12 35 125 105 163 51 44 69
internal_value=-0.000191405 0.000133519 -0.000185291 8.6498e-05 -0.00464873 -0.0793092 -0.00121584 -0.0405204 -0.00676369 -0.0409107 0.00284626 -0.0153339 0.0117657 -0.0492 0.0124472 0.0201384 -0.0594212 0.0253655 0.0159532 -0.0167375 -0.00683747 -0.0216192 -0.00760432 -0.0601324 0.0156504 -0.128495 -0.121214 0.0425909 -0.039128 0.0271216
internal_weight=476.832 474.712 473.047 471.692 245.89 10.809 235.081 22.0197 16.816 12.5252 213.061 70.1261 142.935 17.2594 11.5504 125.675 7.74788 117.928 97.9317 31.427 66.7687 51.398 45.0575 17.9323 8.50461 9.42767 6.34044 15.3707 4.55122 27.1253
internal_count=10794 10290 10262 10002 4014 1089 2925 761 625 611 2164 863 1301 345 242 956 66 890 809 438 716 611 422 277 160 117 189 105 54 145
is_linear=0
shrinkage=0.1


Tree=79
num_leaves=31
num_cat=0
split_feature=18 5 11 11 19 12 5 14 5 1 19 7 18 11 12 7 0 3 9 8 11 17 15 0 5 14 1 17 19 5
split_gain=1.18479 7.65038 5.82762 4.2041 3.19055 3.38624 6.61084 4.56204 3.88496 3.20757 2.52534 8.26232 8.51399 4.58296 6.77154 9.06527 4.40688 4.46954 2.86292 2.26585 2.7694 6.51601 4.15152 4.35115 4.03044 5.47605 4.59283 4.15594 3.74147 5.90104
threshold=0.7236853411040185 0.013182795758293285 3.5615846938341637e-09 3.1772399156082547e-09 2.652469396591187 0.21621236950159076 0.0095215205131577944 0.0059433993883430966 0.0072394085556454412 0.24855241786532861 3.6369276046752934 0.018892671345764736 0.17157117116518997 3.8421521519893536e-10 0.24374434351921084 0.02853870094647434 2.2103735000596016e-09 0.023623343255578629 0.019457298562700693 6.9249585017376548e-10 3.032452622342419e-09 0.13891601562500003 4.3258629375486641e-05 1.5088443334578397e-09 0.0093997830213833813 0.0067637430038303145 0.47522073911004176 0.079168146306818191 2.7147384881973271 0.025577645609880763
decision_type=2 2 2 2 2 2 2 2 2 2 2 2 2 2 2 2 2 2 2 2 2 2 2 2 2 2 2 2 2 2
left_child=10 2 3 4 -2 7 -7 8 -6 -9 19 -12 16 -14 15 18 17 -13 -15 20 22 24 23 28 25 -22 27 -26 -1 -30
right_child=1 -3 -4 -5 5 6 -8 9 -10 -11 11 12 13 14 -16 -17 -18 -19 -20 -21 21 -23 -24 -25 26 -27 -28 -29 29 -31
leaf_value=-0.0037065609421954443 0.10369861102966865 -0.12423555508964233 -0.12628547897447606 0.095718033285893095 0.038223571918827873 -0.16787078095460925 0.017207690024621813 0.078449352057988919 -0.18070926320716385 -0.017140474777858194 -0.16107450792765332 -0.084610966436869328 0.07640799578115498 -0.00011521700502886935 -0.14105863085676443 0.030384744955229637 -0.10430450795172297 0.063120606616717159 -0.17815844934057123 0.057114137650950407 -0.1234392791331162 -0.10726794930806581 0.05734731850521807 -0.14578056470495496 0.040927665686987323 0.064778901367491842 0.028594746792928429 -0.096800822925615482 0.032703083699675894 -0.10032985212358686
leaf_weight=247.23723597715434 3.8612558510503723 3.6559329630545099 2.3674110029241993 8.9518368889112008 1.5137586296914443 2.9216123560036049 5.6859254641458392 11.896230600628771 1.7446939915826076 4.9798293011263004 3.9753192399220998 2.3017703653313282 2.5213640158181105 1.1863884707272543 7.8019716849667011 9.7208173036924546 2.1258466550207222 18.570606443507131 3.7829189716139808 7.0610234371852121 1.7959538501454506 7.7186794116860247 13.498445273726245 2.0150238635833366 2.7666564085520831 11.096249605587216 7.7810707524185991 10.527674704091622 54.326695531985024 3.5523700639023437
leaf_count=6604 23 204 75 22 97 56 36 47 41 29 178 41 13 26 396 53 418 206 66 123 118 307 121 60 38 132 161 516 494 93
internal_value=-0.000204764 0.0147536 0.0263225 0.0350166 0.0183499 0.00688406 -0.0456125 0.0293265 -0.079001 0.0502425 -0.00189379 -0.0225295 -0.0110581 -0.0514369 -0.0657683 -0.0257813 0.032859 0.046829 -0.135652 0.00101052 -8.28619e-05 -0.0243296 0.00306955 0.000684041 -0.00548303 0.0385591 -0.0324244 -0.0681384 0.00165131 0.0245381
internal_weight=468.943 47.5785 43.9226 41.5551 32.6033 28.7421 8.60754 20.1345 3.25845 16.8761 421.364 51.987 48.0117 25.0135 22.4921 14.6901 22.9982 20.8724 4.96931 369.377 362.316 41.6863 320.63 307.131 33.9676 12.8922 21.0754 13.2943 305.116 57.8791
internal_count=10794 630 426 351 329 306 92 214 138 76 10164 1397 1219 554 541 145 665 247 92 8767 8644 1272 7372 7251 965 250 715 554 7191 587
is_linear=0
shrinkage=0.1


Tree=80
num_leaves=31
num_cat=0
split_feature=8 12 8 17 3 3 14 0 14 14 14 12 3 8 12 1 14 4 13 13 14 9 18 19 3 5 5 13 5 0
split_gain=1.06887 1.56231 3.70328 2.56436 3.37865 2.35422 3.73017 2.24661 1.85731 3.04963 2.7064 1.64761 6.4968 2.79751 4.29468 3.20226 7.24876 2.21675 2.90318 2.2106 2.10512 7.47475 3.6887 3.65901 4.43918 4.14928 2.79854 2.48782 8.09147 4.3976
threshold=9.5587661222724146e-13 0.081597026437520995 1.0887237660956348e-12 0.042325106534090919 0.045076822610730642 0.032881002944334527 0.0023191031068563466 8.2337039261093315e-10 0.0024788278387859468 0.002379602519795299 0.0025687377201393251 0.086147435009479537 0.037628000591005788 4.0283788142523106e-12 0.086816981434822096 0.31732194333948843 0.0029236631235107784 6.5722695369643097e-11 1.1369846463203432 1.2819800376892092 0.0040500741451978692 0.0076290751256333335 0.13043365587311037 0.98635149002075206 0.023775829359282134 0.029437100054073347 0.011884780606469383 1.48600310087204 0.0095215205131577944 1.5319665125917165e-10
decision_type=2 2 2 2 2 2 2 2 2 2 2 2 2 2 2 2 2 2 2 2 2 2 2 2 2 2 2 2 2 2
left_child=-1 2 3 4 -2 6 -5 -4 9 -3 -10 12 -12 14 -13 16 17 18 -16 -20 22 -22 23 25 -25 -15 -24 28 -23 -29
right_child=1 8 7 5 -6 -7 -8 -9 10 -11 11 13 -14 20 15 -17 -18 -19 19 -21 21 27 26 24 -26 -27 -28 29 -30 -31
leaf_value=0.043265159244448022 -0.14091172255785225 -0.13904632573326939 -0.13891381909234041 0.093820392065451411 0.065334064901811637 0.073475292207352119 -0.095223911054180807 0.018532443422716861 -0.088445682070214068 0.064670396936575739 -0.1072956555358219 -0.23359488516110638 0.07060511094100437 -0.15814814831894788 -0.12854542099781116 0.10137401028924223 -0.13252315518314092 0.10447589831702393 0.024568411803690834 -0.12097814180003413 -0.10145185561353819 -0.068202957247489135 -0.11053105446690809 0.064999321900415574 -0.14018605697107508 0.058784365625252216 0.060764611362096932 -0.054172100379941773 0.049426998060145083 0.00083352413417197516
leaf_weight=5.5891606071963897 2.4190855339256845 0.80926587284193185 3.8785575405490809 1.6417330498225036 1.1825573518872259 4.9608571454882622 2.8656435683369637 1.1826145182712933 3.4688971027935613 7.9903810534451623 2.5593798195477566 1.0416151854442457 10.370932048186658 2.9551619533885987 1.8630602567573138 1.8157620993442822 5.677833131136139 1.8243236689595494 8.8420294183742936 1.1831696614317468 7.2638824441382885 7.3189751376630729 1.0048754212621158 5.4526246478199027 1.3071896701003423 1.2566387236583976 18.749706518021412 15.270893540582618 29.092001523997169 301.42404233393609
leaf_count=43 82 352 579 20 4 20 35 8 228 292 83 19 37 215 183 6 670 8 165 179 1358 499 244 91 36 30 141 209 299 4659
internal_value=-0.000200583 -0.000732554 -0.0294982 -0.00137458 -0.0731933 0.0259447 -0.0263678 -0.102124 0.000456731 0.0459354 -0.000474515 0.000241369 0.0353921 -0.000858223 -0.035351 -0.0256136 -0.037505 0.00183823 -0.0139121 0.00739107 0.00110393 -0.00103836 0.0262295 -0.0202628 0.0253213 -0.0934239 0.0520511 0.00102729 0.0257822 -0.00181882
internal_weight=462.263 456.674 18.131 13.0699 3.60164 9.46823 4.50738 5.06117 438.543 8.79965 429.743 426.274 12.9303 413.344 22.2478 21.2062 19.3904 13.7126 11.8883 10.0252 391.096 360.37 30.7262 10.9716 6.75981 4.2118 19.7546 353.106 36.411 316.695
internal_count=10794 10751 748 161 86 75 55 587 10003 644 9359 9131 120 9011 1230 1211 1205 535 527 344 7781 7024 757 372 127 245 385 5666 798 4868
is_linear=0
shrinkage=0.1


Tree=81
num_leaves=31
num_cat=0
split_feature=18 5 11 11 1 11 15 19 18 5 18 1 19 7 18 13 0 3 0 1 10 7 12 0 8 7 11 17 5 14
split_gain=1.04736 6.65175 5.10812 3.67206 3.00565 2.98387 5.20034 2.63061 2.31993 2.31929 4.44554 2.45098 1.82418 6.83842 6.80124 3.97504 3.8283 3.69823 3.37475 4.65785 4.18546 4.56973 5.19275 2.16111 2.0575 3.1889 2.6506 7.58979 4.12635 4.73454
threshold=0.7236853411040185 0.013182795758293285 3.5615846938341637e-09 3.1772399156082547e-09 0.27963526211616779 1.8183363148516209e-09 2.9498458388843577e-05 4.6339955329895028 0.70660677213560463 0.0092983813327951245 1.1138601106676191 0.22331734714964743 3.6369276046752934 0.018892671345764736 0.17157117116518997 1.4695994853973391 2.2103735000596016e-09 0.023623343255578629 9.2958625367602087e-10 0.28343961503589016 1.4343451261520388 0.0440736299133224 0.25862912833690649 1.7402818089294868e-10 4.0412593968644229e-10 0.071429696259940986 3.032452622342419e-09 0.13833895596590912 0.0093997830213833813 0.0067637430038303145
decision_type=2 2 2 2 2 2 2 2 2 2 2 2 2 2 2 2 2 2 2 2 2 2 2 2 2 2 2 2 2 2
left_child=8 2 3 4 5 6 9 -7 12 10 11 -2 24 -14 16 -16 17 23 20 -20 -17 -22 -23 -15 25 26 -1 28 29 -28
right_child=1 -3 -4 -5 -6 7 -8 -9 -10 -11 -12 -13 13 14 15 18 -18 -19 19 -21 21 22 -24 -25 -26 -27 27 -29 -30 -31
leaf_value=0.0031957507426825914 -0.14821287622194559 -0.1206774734586375 -0.12380645229049575 0.091966082474229438 -0.083805017791668907 0.09120739078229112 -0.19176756524604344 0.0040909373537184679 -0.16551113760120159 0.053894721270616099 0.075120052489583575 0.050066073103785184 -0.15312393042420194 0.034671827776992487 0.071867523015714918 0.017900048629682027 -0.10393390310533268 0.058566507122207935 0.041051589235123295 -0.10854296365962963 -0.17727351153219983 0.10957681171566119 -0.13955850599961533 -0.161888599460456 0.038973236673181283 -0.12594620968011189 -0.12145593185250558 -0.14807433930723712 -0.038785590228025454 0.060590135157128369
leaf_weight=309.96723030025896 2.7234112483420234 3.3824136801413252 2.1840750031988128 8.4061210840009135 2.67641341977287 9.1913202824071032 1.3618915415427171 5.5648226975463322 0.86357626979588431 6.7481061985017732 2.3302778124780161 0.80850939932861354 3.5522472195734727 0.98746037343517601 2.5333601332386051 2.5814181355817736 1.9316020897240367 18.022231584298424 5.6453025596274511 3.2969600377546158 6.1302302234689687 1.4622669219970705 1.9553442497272042 1.2901817667298017 13.749203010811469 2.0136813332792363 1.6481007708207496 4.4381493247346944 17.85925596326706 10.727368179417679
leaf_count=7215 140 204 75 22 33 28 36 36 42 30 18 8 170 9 18 22 418 206 55 276 98 2 70 32 230 158 117 226 669 131
internal_value=-0.000187561 0.0142292 0.0250951 0.033264 0.0175512 0.0269938 -0.00612606 0.0583541 -0.00178061 0.0139229 -0.0320895 -0.102824 -0.00143558 -0.0194588 -0.00909997 -0.0464828 0.0305923 0.0433929 -0.0607117 -0.014103 -0.0950738 -0.125618 -0.0329629 -0.0766708 0.00103428 -0.000470482 0.000262654 -0.0259585 -0.00803317 0.0363462
internal_weight=456.033 45.3774 41.9949 39.8109 31.4048 28.7283 13.9722 14.7561 410.655 12.6103 5.8622 3.53192 409.792 49.3886 45.8364 23.6049 22.2315 20.2999 21.0715 8.94226 12.1293 9.54784 3.41761 2.27764 360.403 346.654 344.64 34.6729 30.2347 12.3755
internal_count=10794 630 426 351 329 296 232 64 10164 196 166 148 10122 1376 1206 541 665 247 523 331 192 170 72 41 8746 8516 8358 1143 917 248
is_linear=0
shrinkage=0.1


Tree=82
num_leaves=31
num_cat=0
split_feature=6 14 3 19 17 15 5 8 8 19 12 18 12 5 17 17 0 7 17 13 12 18 11 6 3 9 17 17 1 4
split_gain=1.03446 4.54012 8.41622 6.35092 3.98392 3.80014 3.08739 3.75143 5.11758 3.78991 2.85871 2.70976 2.90879 2.68416 7.08057 11.8797 6.93677 9.52222 12.0922 6.43641 8.63057 6.1208 4.39868 4.39447 6.82452 6.36526 4.21168 4.05186 5.03184 3.93306
threshold=6.9100333190627783e-11 0.0084608369506895559 0.022566037478349319 3.2713304758071904 0.15121182528409094 3.0728368074051111e-05 0.031893738083672594 9.8800255677708863e-13 1.0298793509291311e-12 -0.075711831450462327 0.19388025254011157 -0.041954945243725721 0.084360934793949141 0.015678664696336182 0.15511807528409094 0.14903675426136367 7.2809166791247873e-10 0.0191031745072467 0.14299982244318185 1.9548274874687197 0.19241838157176974 0.64754711163484246 2.6986860524047533e-09 2.1293990832399005e-11 0.027719398936056478 0.010088640300632666 0.11805308948863637 0.12795188210227273 0.25681110839985688 2.2452843576450628e-11
decision_type=2 2 2 2 2 2 2 2 2 2 2 2 2 2 2 2 2 2 2 2 2 2 2 2 2 2 2 2 2 2
left_child=1 6 -3 -4 -5 -6 13 -8 -9 -10 -2 12 -11 14 15 16 17 -1 -19 26 22 23 -21 25 -25 29 -18 -28 -29 -15
right_child=10 2 3 4 5 -7 7 8 9 11 -12 -13 -14 21 -16 -17 19 18 -20 20 -22 -23 -24 24 -26 -27 27 28 -30 -31
leaf_value=-0.0087828513351204795 -0.117926448304793 0.036820627021539841 -0.14050884764378513 0.048018786087960237 0.036603150833024505 -0.168774121690591 0.083012595183336202 -0.26958891161512377 0.084758088766381884 -0.22468075755863348 0.010986518257411463 -0.090045347671880771 0.0097589670116734473 0.051521151381532376 0.022191318760013849 -0.15540172432703259 -0.070444291979228121 -0.16626337247453593 0.021701918344557945 -0.12871348162258009 -0.13563293786609976 -0.16999127645008683 0.016900562977728538 0.068895454139789952 0.0019781093837943492 -0.21858888966232223 0.095713012044837814 0.049829042178123978 -0.094668282078569366 -0.0096408254593812331
leaf_weight=30.444476573931752 1.7506416589021672 8.7705018809065241 9.1614031690405699 4.2356427973718365 1.4337523221038284 2.4243396343663335 2.3852460309863117 1.0049964291974927 2.2191052914131495 0.57447830773890984 98.900847835699096 9.3383395198325037 6.7202294713788433 13.292101459577678 61.81823448803334 6.1232635125634252 2.9519921071769231 10.488580969715256 5.0803018787119063 2.2921233845700106 5.5093186854210208 1.7802987635950547 21.850818501814501 31.014336961321533 29.965118638152489 1.3215845581144083 12.962936117270148 11.040580723958554 3.082877185806864 50.305044672131771
leaf_count=2327 90 71 236 60 7 39 10 13 19 8 2388 1604 201 201 805 149 112 170 36 66 149 63 369 127 303 18 38 61 47 1007
internal_value=-0.00018882 -0.00276077 -0.042943 -0.0834855 -0.01894 -0.0924514 0.00047123 -0.0354822 -0.0497158 -0.0379945 0.00874432 -0.0543716 -0.00870381 0.00312515 -0.00496794 -0.0199816 -0.0121369 -0.0413142 -0.104928 0.0103547 -0.0226958 0.0141319 0.00307601 0.0167356 0.0360125 -0.00137158 0.0429804 0.0553419 0.0182881 0.00314231
internal_weight=450.244 349.592 26.0256 17.2551 8.09373 3.85809 323.566 22.2424 19.8571 18.8522 100.651 16.633 7.29471 301.324 173.646 111.827 105.704 46.0134 15.5689 59.6906 29.6523 127.678 24.1429 125.898 60.9795 64.9187 30.0384 27.0864 14.1235 63.5971
internal_count=10794 8316 413 342 106 46 7903 1855 1845 1832 2478 1813 209 6048 4329 3524 3375 2533 206 842 584 1719 435 1656 430 1226 258 146 108 1208
is_linear=0
shrinkage=0.1


Tree=83
num_leaves=31
num_cat=0
split_feature=11 3 18 4 13 19 17 1 1 17 2 5 12 4 17 19 1 2 2 18 17 3 3 18 18 12 8 17 0 0
split_gain=1.02061 1.2451 2.72603 2.21181 1.91449 4.017 1.97763 1.49514 1.81135 3.87358 2.01036 4.26218 4.74423 4.33833 3.72055 3.6044 2.82201 5.03155 4.66007 5.65557 4.98418 3.41308 3.23944 4.23328 3.51771 4.20534 4.43785 3.71435 2.69048 3.78039
threshold=1.9403036510823316e-08 0.091912549758119508 -0.060410738467577503 4.9408261444845735e-10 2.4198849201202397 1.6929545402526858 0.12409002130681819 0.39738992880148616 0.345127559641278 0.077570134943181837 1.6911113086546893e-10 0.012023804019280276 0.17987764626741412 2.6132360959358811e-10 0.16661487926136367 6.8080344200134286 0.25961636273629413 1.4199233775038565e-10 1.3465054674208806e-10 -0.089343204004266707 0.12147105823863637 0.025665807485379135 0.050564420930893382 0.039129312256012461 -0.25002517779781053 0.18184332549571994 6.2613717048405276e-11 0.13620827414772732 7.4565433214574948e-10 4.7542339509654152e-10
decision_type=2 2 2 2 2 2 2 2 2 2 2 2 2 2 2 2 2 2 2 2 2 2 2 2 2 2 2 2 2 2
left_child=1 4 -3 -4 7 6 -6 8 10 -10 16 14 -13 -14 -12 -16 22 18 19 -18 21 -21 24 -24 25 27 -27 -1 29 -26
right_child=-2 2 3 -5 5 -7 -8 -9 9 -11 11 12 13 -15 15 -17 17 -19 -20 20 -22 -23 23 -25 28 26 -28 -29 -30 -31
leaf_value=-0.058672088351773691 -0.10692490208200565 -0.1133380284091165 0.064154254923205215 -0.073962609709750188 0.034818458884749152 -0.11017557484873904 -0.14675719332618439 0.059879788713147558 0.024816616388259667 -0.11687597726366945 0.039876791033319918 0.056090553460680183 -0.11488592326147443 0.073168249733965157 -0.15818285322404854 0.060122546976126928 0.024970067597669548 -0.12271767452889226 0.070316966796936997 0.036986989305489486 -0.13296013985849583 -0.070911595404786809 0.0058287163993009823 -0.12143229601125256 0.0063793168106653217 -0.21262952072768965 -0.014747445693167181 0.085978229377510693 0.030125702018095404 -0.028663703043617945
leaf_weight=4.6918042760516965 0.89394657556840584 1.1690098242834217 9.5436371748801268 1.3197973236819969 5.0951648039626871 4.8248853057448287 0.67986899672541756 4.157080719509394 3.7359203200685434 3.9899642216914799 41.900875186227495 3.8262979831197281 6.483589380804915 1.5130311602260915 1.9260686907218763 1.245322775095701 11.712175081600437 4.8439328712411216 5.5271995276270891 5.0904212902969466 6.6723483252426368 6.91300015305751 5.5922312339534965 4.9078966223023599 214.26659042738174 2.5672653324727435 2.029098762315698 2.8556440798856784 37.324808332516113 35.949590081174392
leaf_count=185 168 30 134 65 165 697 54 147 40 305 243 42 388 21 53 5 125 138 31 89 202 166 98 113 6155 45 42 18 297 533
internal_value=-0.000182835 3.28784e-05 0.0317605 0.0473745 -0.000854272 -0.0428262 0.0134424 0.000205713 -0.000391233 -0.0483593 0.000517447 0.0179545 -0.035486 -0.0793044 0.0319725 -0.07246 -0.00230946 -0.0270471 -0.0141439 -0.0295063 -0.0636701 -0.0251539 0.000941133 -0.0536547 0.00285402 -0.0498653 -0.125273 -0.00394236 0.00508054 0.00134454
internal_weight=443.248 442.355 12.0324 10.8634 430.322 10.5999 5.77503 419.722 415.565 7.72588 407.839 56.8952 11.8229 7.99662 45.0723 3.17139 350.944 40.7591 35.9151 30.3879 18.6758 12.0034 310.185 10.5001 299.685 12.1438 4.59636 7.54745 287.541 250.216
internal_count=10794 10626 229 199 10397 916 219 9481 9334 345 8989 752 451 409 301 58 8237 751 613 582 457 255 7486 211 7275 290 87 203 6985 6688
is_linear=0
shrinkage=0.1


Tree=84
num_leaves=31
num_cat=0
split_feature=17 12 8 19 12 3 14 13 9 8 19 0 10 7 7 9 14 9 14 9 3 5 10 17 14 6 14 17 8 10
split_gain=0.970208 3.38616 1.39366 4.52836 4.03711 3.37504 3.2702 2.47847 4.03802 3.42946 3.00564 2.39599 2.25185 2.1483 2.16551 4.31809 2.68803 4.03101 3.26227 7.13924 5.6866 3.78693 2.81155 4.10379 3.64147 2.78263 4.58868 2.56513 3.71693 5.44987
threshold=0.037797407670454551 0.096835073083639159 1.0887237660956348e-12 1.1115118861198428 0.081597026437520995 0.027219015252224869 0.0023191031068563466 1.1935994029045107 0.0032219661425801128 1.1791999587629953e-12 0.16270881891250613 8.2337039261093315e-10 1.1641024947166445 0.0061955199255180156 0.0072982396843515361 0.0033398447494295898 0.0032714843982830648 0.0056965006205573479 0.0043163588270545014 0.0090937167205466744 0.014393800961304175 0.015136721446358022 0.94229257106781017 0.1124600497159091 0.003536871750839055 2.04069984275386e-11 0.0044375271536409864 0.08946644176136366 3.3062253771898822e-11 2.4192366600036626
decision_type=2 2 2 2 2 2 2 2 2 2 2 2 2 2 2 2 2 2 2 2 2 2 2 2 2 2 2 2 2 2
left_child=1 -1 3 5 11 6 -2 8 -6 -9 -11 -4 -7 -12 -15 -16 -17 22 20 -20 -19 -22 23 -18 -24 -21 -27 28 -28 -30
right_child=2 -3 4 -5 7 12 -8 9 -10 10 13 -13 -14 14 15 16 17 18 19 25 21 -23 24 -25 -26 26 27 -29 29 -31
leaf_value=-0.15231676247869419 0.083819038365157139 0.10428599998670024 -0.1385936763244697 -0.11194725490821555 -0.10063199266503485 -0.022693303894475162 -0.1392378638861124 0.08409430245284516 0.080528120770930078 -0.085248610049959872 -0.11522551780966823 0.037332431088133868 0.053201597373946113 0.06189953599385084 -0.077692888684434469 0.051824934160800543 0.10559611375701811 -0.18688183460982111 -0.12642674834267414 -0.129224079754578 -0.079770552811890993 0.071806654517385535 -0.45043179222768259 -0.10635097667728732 -0.10469703604214348 -0.19785233705679128 0.08529474959864608 0.00036849555968724283 -0.12605497621640691 0.055609246990024092
leaf_weight=1.5127418503543588 0.95425316627370493 0.77913256673491549 3.3182492337946305 2.426861409097909 5.4081462449976234 4.6851307526230839 2.1119049526751041 4.8597953183343625 1.5927548714680595 4.133873106155078 1.5979063438280707 1.0097142206504939 23.612895674305037 5.7445944744249564 7.01364750493667 10.322542716996393 1.6328871762671036 1.021621106207024 4.4551990599575211 1.6320870755152999 1.8422981793846727 15.647379862610249 0.33676902501611072 2.0737266030628234 3.1934480258641997 1.1485041846608499 8.7357388273230736 307.65698725877155 2.6370444904314345 4.4181146022747271
leaf_count=82 20 4 554 18 536 35 54 21 42 508 395 5 121 212 744 116 12 98 459 107 153 83 32 298 812 24 73 4956 147 73
internal_value=-0.000190732 -0.0650835 0.000150992 0.0196552 -0.0014908 0.0298382 -0.0698178 -0.000443865 -0.0594168 0.000614476 -0.000438608 -0.0975501 0.0406361 0.000481319 0.000968493 3.20185e-05 0.0015184 6.14786e-05 0.00159242 -0.000694432 0.0424445 0.0558401 -0.0738103 -0.0129812 -0.137679 0.00102265 0.00167754 0.00238604 0.0416942 -0.0122924
internal_weight=437.516 2.29187 435.224 33.791 401.433 31.3642 3.06616 397.105 7.0009 390.104 385.244 4.32796 28.298 381.11 379.513 373.768 366.754 356.432 349.195 330.684 18.5113 17.4897 7.23683 3.70661 3.53022 326.228 324.596 323.448 15.7909 7.05516
internal_count=10794 86 10708 248 10460 230 74 9901 578 9323 9302 559 156 8794 8399 8187 7443 7327 6173 5839 334 236 1154 310 844 5380 5273 5249 293 220
is_linear=0
shrinkage=0.1


Tree=85
num_leaves=31
num_cat=0
split_feature=7 9 12 8 3 12 12 17 8 17 3 9 9 2 17 14 6 8 1 10 19 3 13 2 6 8 2 13 17 5
split_gain=1.03013 2.63189 2.39509 2.97256 3.93868 1.64116 4.15369 1.57672 1.52243 1.50044 3.22187 2.46242 2.2342 5.0925 5.92962 3.32739 4.29902 3.18609 2.54502 7.41509 2.40351 2.1389 1.83661 3.61606 1.48913 2.74737 2.28932 2.21008 6.25867 6.50678
threshold=0.0056385007732123451 0.00085803598619864905 0.081597026437520995 1.0887237660956348e-12 0.034457495884953941 0.079248979687690749 0.077876277267932906 0.046963778409090919 1.9564552782855517e-12 0.050781250000000007 0.040499521584162805 0.00073672511018115416 0.0031308017816551819 7.3106101030252307e-11 0.061678799715909095 0.0030972938984632496 1.226642566555658e-11 9.8800255677708863e-13 0.14787853833737477 1.3920198678970339 0.032504081726074226 0.012894924830980039 1.2471121549606325 1.2677589219667102e-11 1.2426679427505599e-11 5.5271223689243186e-12 1.0749256226388043e-11 1.48600310087204 0.091508345170454572 0.0095215205131577944
decision_type=2 2 2 2 2 2 2 2 2 2 2 2 2 2 2 2 2 2 2 2 2 2 2 2 2 2 2 2 2 2
left_child=1 7 3 4 5 6 -2 -1 -3 10 11 -4 13 14 18 22 -17 -16 -11 -20 -19 -22 -14 -24 -18 -26 -27 28 -28 -30
right_child=2 8 9 -5 -6 -7 -8 -9 -10 12 -12 -13 15 -15 17 16 24 20 19 -21 21 -23 23 -25 25 26 27 -29 29 -31
leaf_value=-0.0044063427561662743 -0.18081701757186344 -0.14602401052344743 0.048023518093455946 -0.1320454743530742 0.045306023536662431 -0.16961343339598395 0.060507503289070709 0.090902818404899569 0.0056140002537943762 0.053606118013752493 0.059703526805662183 -0.1472280539339611 0.10374116412187405 -0.16586295190868725 -0.35513509887391659 -0.11688385575867349 0.094101055255427835 0.06475443392223143 -0.23224533535910841 0.054284602195331932 0.0097095023792554639 -0.11414847103504761 -0.207812625009552 0.047741405166394607 -0.098086984203136829 -0.15925283280207056 -0.18919897282757017 -0.001706285147275075 -0.061659241661440212 0.043563240113137829
leaf_weight=2.571879001479827 1.2332702706698895 1.079462001740467 1.1231906786561006 2.9471859152108655 4.8679943880997598 1.5104968212544916 1.6914297547191379 5.3389958585612476 1.7124180943646932 9.9619164728792438 10.139079091139136 1.5200370799575464 4.6804242581129056 2.4649005890823892 0.39278026297688384 3.1376352214429053 1.6982512735266926 1.2455703826999505 1.3467702566413198 2.742153144965414 1.8247946762858189 5.9093773815257009 0.62598228685965285 4.7947066681954311 2.8192971595126428 0.88892901811050151 1.3690492876339693 303.63355164095992 6.9150077763333675 39.147326616439386
leaf_count=60 46 400 9 265 29 18 11 33 324 79 44 48 16 138 4 362 22 66 29 31 296 915 62 71 745 127 17 5225 468 834
internal_value=-0.000178882 0.0304579 -0.000958419 -0.0445264 -0.016801 -0.0849686 -0.0412528 0.0599172 -0.0530158 0.00034851 0.0340695 -0.0642595 -0.000741058 -0.0291407 -0.0147531 0.00124758 -0.000342401 -0.0763575 0.0263397 -0.0400899 -0.0641636 -0.0849255 0.0578522 0.01823 0.000683389 0.000236211 0.00102382 0.00142966 0.0215045 0.0277669
internal_weight=431.334 10.7028 420.631 12.2504 9.30319 4.4352 2.9247 7.91087 2.79188 408.381 12.7823 2.64323 395.598 25.8883 23.4234 369.71 359.609 9.37252 14.0508 4.08892 8.97974 7.73417 10.1011 5.42069 356.471 354.773 351.954 351.065 47.4314 46.0623
internal_count=10794 817 9977 369 104 75 57 93 724 9608 101 57 9507 1558 1420 7949 7800 1281 139 60 1277 1211 149 133 7438 7416 6671 6544 1319 1302
is_linear=0
shrinkage=0.1


Tree=86
num_leaves=31
num_cat=0
split_feature=11 3 8 4 7 8 9 9 4 14 17 15 6 10 14 6 6 7 19 5 8 19 18 14 10 5 14 13 3 10
split_gain=0.929129 1.16346 1.03916 1.49434 1.39944 1.17036 4.06361 2.11614 1.91814 4.68033 4.46139 2.74462 2.70163 2.72387 5.65216 3.34282 2.87334 2.23896 2.15661 2.12605 2.51048 3.56971 2.22506 2.68884 2.00917 3.92963 4.07236 1.97799 1.84893 2.46643
threshold=1.9403036510823316e-08 0.14400731333790565 2.0397708950937285e-09 4.5005205691089352e-10 0.16194427867315292 2.9154896000541851e-10 0.077169419451409496 0.072738098266161968 4.4024297181733131e-11 0.0026489777956157927 0.12764115767045456 1.9032590898859784e-05 1.1582676613210945e-10 2.4192366600036626 0.011044208426028492 8.3978485051517262e-11 7.9821517799085015e-11 0.050581383696529682 0.15250625461339953 0.030984428826179911 9.8800255677708863e-13 2.0091673135757451 -0.28275922719727858 0.0031540282070636754 2.1299483776092534 0.011884780606469383 0.0098281991668045538 1.6732458472251894 0.044626652371564539 1.4175308942794802
decision_type=2 2 2 2 2 2 2 2 2 2 2 2 2 2 2 2 2 2 2 2 2 2 2 2 2 2 2 2 2 2
left_child=1 2 3 4 5 6 7 8 12 -10 11 -11 13 14 15 16 -1 18 -13 28 -21 22 -22 -24 25 26 -17 -23 29 -20
right_child=-2 -3 -4 -5 -6 -7 -8 -9 9 10 -12 17 -14 -15 -16 24 -18 -19 19 20 21 27 23 -25 -26 -27 -28 -29 -30 -31
leaf_value=0.00098279562902147256 -0.10635420731095752 0.088713985685399538 0.083446252302422988 -0.12022274976943435 -0.13197718413229911 0.026346813754800632 -0.11434333455349005 0.062853297574152325 -0.38878101865986797 -0.14521564542575049 -0.10851983360176772 0.05265915700830627 -0.11656622483764936 0.086914622473154415 -0.11826361737454918 0.021482121808703368 -0.097333692513505543 0.091118547187947929 0.078850632514335994 0.077473883450898395 0.032547141498450768 0.040887857151861509 -0.20784038965621621 -0.062864069094162603 0.089388323026056399 0.063951107264899054 -0.16534562662939384 -0.10838907274927688 0.024213082699798522 -0.10191154262155851
leaf_weight=322.30532102638244 0.82243165605177537 1.4744423497468222 1.4775280950125296 1.0410884319571767 0.80517952726222475 16.19157964369515 3.1425355143146581 5.2555587865354019 0.34363085241056879 1.3699073785683129 4.8340198904043055 5.00016811559908 1.9316267399990454 3.7394175146473563 3.9217471629381171 3.0711809135973471 3.000257597770541 2.4575682032736941 1.0211190129630332 1.3513978123664845 0.84695076063507713 3.2597731206333265 2.8307921916421064 2.3341416916809976 6.2847825486678621 7.9629399296827614 1.8814609686960464 1.2197986690007381 12.186976428565684 2.8946298778610071
leaf_count=6620 168 29 62 90 27 545 272 68 10 695 684 63 123 25 161 16 39 33 6 7 14 66 69 246 23 27 36 155 315 100
internal_value=-0.000167828 3.74453e-05 -0.000270951 -0.000563729 -0.000268137 -1.60217e-05 -0.00107143 -0.000184418 -0.00102093 -0.0212398 -0.0182043 -0.00633188 0.00137445 0.00202135 0.00111025 0.00246917 7.60335e-05 -0.000957871 -0.00782626 -0.0186486 -0.0508113 -0.0673356 -0.117687 -0.142323 0.0430153 0.0204499 -0.0494919 0.000239374 0.00500561 -0.0547738
internal_weight=426.26 425.438 423.963 422.486 421.444 420.639 404.448 401.305 396.05 41.9509 41.6072 36.7732 354.099 352.167 348.428 344.506 325.306 35.4033 32.9457 27.9456 11.8429 10.4915 6.01188 5.16493 19.2004 12.9156 4.95264 4.47957 16.1027 3.91575
internal_count=10794 10626 10597 10535 10445 10418 9873 9601 9533 2463 2453 1769 7070 6947 6922 6761 6659 1074 1041 978 557 550 329 315 102 79 52 221 421 106
is_linear=0
shrinkage=0.1


Tree=87
num_leaves=31
num_cat=0
split_feature=18 5 5 12 1 4 14 17 18 19 7 18 12 7 6 5 4 2 8 17 4 2 14 4 19 5 19 3 4 9
split_gain=0.917361 5.03565 3.1042 4.16131 4.17375 3.35953 2.1148 2.21292 2.07639 1.52395 5.69771 5.56838 3.40727 6.8651 4.92566 3.39287 4.56864 2.41351 2.02499 3.43979 1.64374 3.38048 2.20615 2.452 1.74393 4.97297 4.23486 7.34412 6.0142 3.9265
threshold=0.7236853411040185 0.013182795758293285 0.0097277026152358757 0.21621236950159076 0.30561330120711799 2.67909555962966e-11 0.0057144716847687968 0.15591708096590912 0.70660677213560463 3.6369276046752934 0.018892671345764736 0.17157117116518997 0.25862912833690649 0.027902117899530624 2.8414593145008061e-11 0.014260617892724972 1.9276935154987314e-11 2.112720740369709e-10 7.3594952474103522e-11 0.17282936789772732 1.5079887664842353e-10 4.4226661991459402e-10 0.012845039367675783 4.5005205691089352e-10 2.2675588130950932 0.014089184915443516 1.6014783978462221 0.028065217146078434 2.6481586721057388e-11 0.012316000447962791
decision_type=2 2 2 2 2 2 2 2 2 2 2 2 2 2 2 2 2 2 2 2 2 2 2 2 2 2 2 2 2 2
left_child=8 2 3 4 6 -5 7 -2 9 20 -11 15 13 17 -14 16 -12 -13 19 -15 21 24 -22 -24 25 -1 29 28 -28 -27
right_child=1 -3 -4 5 -6 -7 -8 -9 -10 10 11 12 14 18 -16 -17 -18 -19 -20 -21 22 -23 23 -25 -26 26 27 -29 -30 -31
leaf_value=-0.024467498561740478 -0.15531089045534829 -0.11507007216554176 0.054847874787418496 -0.15804871126787079 -0.14292527406940456 0.051006248965899462 0.048444282618701012 0.034578308552991634 -0.16469596693348071 -0.14704038873242972 -0.046739406726025931 -0.16579060141715302 0.11139198631547403 -0.087321865142074628 -0.13948007927144249 -0.028710898906196183 0.090032321148710098 0.014395806979265586 0.073379198197781798 0.0653522064086067 -0.10984342110115293 -0.10106617134518257 0.07127411205454158 -0.060555365254585859 0.011048410146293708 0.0019647364415011914 -0.12131159904144945 -0.095871692510114473 0.056374443969262826 0.041902709897608012
leaf_weight=79.039719926506223 1.1287306044541865 2.8187372091197167 17.303236572886817 2.6682612671284001 1.4720658792066377 1.0797738186083732 13.616896936087867 1.3450354096858061 0.77999909665959322 3.2096440883615278 3.1985964927007471 3.3042302700923782 0.90917545557021995 3.0825109670404327 5.6231597599107772 6.8441858226142349 10.328722660313359 0.95915592514211301 4.7632761104032397 2.8310308398213238 0.93031792534747992 3.3003728521289295 9.0395043892785889 1.6718377156648774 107.38508480973542 75.118441597587662 2.3880356377922025 10.056231237627797 9.4154289525758923 36.616386887209956
leaf_count=3253 84 204 102 64 44 6 81 45 42 170 38 76 1 34 369 567 60 20 26 15 71 163 123 85 1485 2781 37 317 117 314
internal_value=-0.000167967 0.013963 0.0233821 -0.0021665 0.0182472 -0.0978219 0.0329922 -0.0520644 -0.0017055 -0.00137095 -0.018638 -0.00878887 -0.0443207 -0.0179806 -0.104564 0.0286634 0.057692 -0.125253 0.0248547 -0.0142311 0.000951536 -0.000377728 0.0378687 0.050698 0.000660676 -0.00458536 0.00717768 -0.0330752 0.0204256 0.0150527
internal_weight=422.228 41.4327 38.614 21.3108 17.5627 3.74804 16.0907 2.47377 380.795 380.015 45.0537 41.844 21.4725 14.9402 6.53234 20.3715 13.5273 4.26339 10.6768 5.91354 334.961 323.32 11.6417 10.7113 320.019 212.634 133.595 21.8597 11.8035 111.735
internal_count=10794 630 426 324 254 70 210 129 10164 10122 1376 1206 541 171 370 665 98 96 75 49 8746 8467 279 208 8304 6819 3566 471 154 3095
is_linear=0
shrinkage=0.1


Tree=88
num_leaves=31
num_cat=0
split_feature=7 3 12 8 3 12 12 18 17 3 10 19 17 9 17 7 4 4 18 3 19 18 9 4 12 15 10 6 8 14
split_gain=0.932275 2.255 1.91965 2.51259 3.36225 1.52454 1.4084 1.38035 1.06615 1.21354 4.43663 3.20238 3.56155 4.8283 4.08482 9.31943 6.55135 4.87226 6.54573 4.28213 3.8034 3.49325 3.02418 4.51154 3.02068 2.99401 5.27411 2.73957 2.69446 9.79052
threshold=0.0056385007732123451 0.027219015252224869 0.081597026437520995 1.0887237660956348e-12 0.034457495884953941 0.077876277267932906 0.082368336617946639 0.08425847225060519 0.042325106534090919 0.028831482609233832 1.1242149472236636 0.28868281841278082 0.10948597301136366 0.0028643098411628488 0.17282936789772732 0.033279989506092671 1.2934923843900919e-11 1.2458792057130658e-11 -0.1437133877876807 0.027719398936056478 0.59429273009300243 -0.09733399003744124 0.012906407916479162 2.3558838489813877e-11 0.237354651093483 1.5324638297897767e-05 0.92658492922782909 2.5177530092405622e-11 2.6195510384409681e-11 0.0053141084499657163
decision_type=2 2 2 2 2 2 2 2 2 2 2 2 2 2 2 2 2 2 2 2 2 2 2 2 2 2 2 2 2 2
left_child=1 7 3 4 5 -2 -4 -1 -8 11 -11 25 13 -13 15 17 -17 18 -14 20 -19 -16 -15 -24 -22 26 -10 -21 29 -12
right_child=2 -3 6 -5 -6 -7 8 -9 9 10 28 12 14 22 21 16 -18 19 -20 27 24 -23 23 -25 -26 -27 -28 -29 -30 -31
leaf_value=-0.10720714106251575 -0.18017976067932345 0.05786147028318888 0.065570460159038557 -0.12641079917737447 0.042658298456670754 -0.044081839235591364 0.062726202226017158 0.040494827851671016 -0.12092353117335553 -0.13965733472345188 -0.005446140095093116 -0.10938695382849116 0.029425311841240937 0.058950540527046791 -0.10325772059100653 0.03152463138159084 -0.16053284340827767 -0.095838489945768573 -0.14356957918938137 0.069321198140840354 0.0073218771543366278 0.030275047615366292 -0.15116332612960923 0.04553600359361587 0.063469334144166153 -0.14393643659530639 0.083555502456654218 -0.23180709920898451 0.0014724480094013065 -0.13390549218702968
leaf_weight=1.6161730312887796 1.1258919240863159 7.4894048363930779 3.2755029633117365 2.6581366259706547 4.6814554596785456 3.060156736522913 2.6677273513050741 1.0398138541058868 2.3774436487146877 2.4419225652236483 36.459865673466993 2.1248420479532788 3.8147817474819021 28.071997334438493 2.0493752893817136 2.4331127230543625 6.5774889277527109 3.028455243620555 5.126523259234089 0.40789048414444451 45.553587576461723 44.468250888450711 1.8174076184805006 3.253527450026013 12.134021084057165 2.6306431337434333 2.6870715249388013 1.1650802376097997 173.47639294249529 7.0860990288201711
leaf_count=555 46 108 48 265 29 29 17 154 481 327 879 477 75 452 70 23 125 358 654 50 838 564 64 29 62 284 80 28 3246 377
internal_value=-0.000156484 0.0297859 -0.0009035 -0.0411322 -0.0155689 -0.0806871 0.000269942 -0.0493821 -0.000275905 -0.000707761 -0.00561837 0.00564207 0.0086356 0.0367434 0.000815234 -0.0128529 -0.108672 -0.000731804 -0.0697618 0.00917714 0.0133973 0.0243921 0.046112 -0.0249604 0.0191319 -0.0573886 -0.0124334 -0.153721 -0.00411017 -0.0263499
internal_weight=416.8 10.1454 406.655 11.5256 8.8675 4.18605 395.129 2.65599 391.854 389.186 219.464 169.722 162.026 35.2678 126.759 80.2409 9.0106 71.2303 8.94131 62.289 60.7161 46.5176 33.1429 5.07094 57.6876 7.69516 5.06452 1.57297 217.022 43.546
internal_count=10794 817 9977 369 104 75 9608 709 9560 9543 4829 4714 3869 1022 2847 2213 148 2065 729 1336 1258 634 545 93 900 845 561 78 4502 1256
is_linear=0
shrinkage=0.1


Tree=89
num_leaves=31
num_cat=0
split_feature=17 12 7 19 3 14 8 7 11 17 6 7 14 3 14 7 18 5 15 19 7 11 5 13 5 3 6 3 12 9
split_gain=0.945418 2.64363 1.31204 2.57029 2.83991 3.03937 2.60449 2.47281 2.08598 2.08315 3.13943 2.99437 1.77995 3.67223 2.40412 1.72921 1.50373 1.30477 1.62737 1.17198 2.04165 1.14634 1.0903 3.12651 2.43136 1.28445 4.05645 6.54265 5.46921 5.04267
threshold=0.037797407670454551 0.096835073083639159 0.0076885220731144708 1.0019833445549013 0.027219015252224869 0.0024349605664610867 1.0463127316118614e-12 0.0083030774232448739 2.6555094234659298e-10 0.057639382102272735 7.1933942269965203e-12 0.0066302657173091988 0.0027137042488902812 0.038170899032526968 0.0027677743928506975 0.0067455700158741598 -0.082145254741507481 0.018275686748803387 1.3434004813461799e-05 0.18585157394409182 0.0054011334093874968 1.9991435590283049e-10 0.0053755206552716954 1.8261709213256838 0.0062926880943652468 0.028831482609233832 4.4940242362349963e-11 0.03168496133218883 0.20867843180894854 0.02774716624713388
decision_type=2 2 2 2 2 2 2 2 2 2 2 2 2 2 2 2 2 2 2 2 2 2 2 2 2 2 2 2 2 2
left_child=1 -1 3 4 5 8 -5 12 21 19 -11 -12 13 16 -14 17 -4 18 -8 20 -6 -2 23 -9 -24 -26 28 29 -27 -28
right_child=2 -3 7 6 9 -7 15 22 -10 10 11 -13 14 -15 -16 -17 -18 -19 -20 -21 -22 -23 24 -25 25 26 27 -29 -30 -31
leaf_value=-0.15033560870083582 -0.10044967806358054 0.10310366527178028 -0.0031239520860372166 -0.19960046720367419 0.09073500508138492 -0.082788968579488198 0.089386316160247239 -0.12227280063997714 -0.094174667381131338 0.074159856861134563 -0.26173575179518144 0.025976619241862082 -0.37858991653636342 0.072502563860601027 -0.091389071705929525 -0.15876981914717889 -0.18938025943099923 0.077581871581249212 -0.16858302333419806 0.087786956894001386 -0.033926432452608422 0.10043747776001649 -0.10544461247592772 0.099552978964714017 0.0064320588684700086 -0.01442009499874124 0.044728263016609218 0.010199150362711216 -0.099466788798395905 -0.1446142124702923
leaf_weight=1.3053764571377531 0.31593349452305775 0.60110303474357341 0.66289172985125322 0.93194356933236022 2.6817455179989365 3.8063599945016904 0.40741391967458251 0.80541758211620562 0.87884719476278395 1.6048868499492521 0.78208909917157121 0.6730198206496425 0.36211799816373957 1.8546591135673223 1.4938161579775622 0.63865041438839387 1.2523649482754984 1.7042582181020405 0.61169232207612367 10.20056044263765 2.5754578628111631 2.8156871897808742 2.2159607680951003 3.0096678210975369 157.67220305191586 67.505348361417418 1.9754878756357346 125.95266549727239 8.5153616147144913 4.8842283158446662
leaf_count=82 574 4 23 9 18 406 38 771 133 41 20 28 14 11 129 82 76 13 99 47 28 65 350 102 3129 1548 22 2599 200 133
internal_value=-0.000171182 -0.0704275 0.000156472 0.0200631 0.0317607 -0.0187832 -0.051677 -0.00145583 0.0419652 0.0530965 -0.0222875 -0.128662 -0.067259 -0.0277928 -0.147426 -0.0106729 -0.124915 0.0240569 -0.0654531 0.0680194 0.0296645 0.080171 -0.000462106 0.0527225 -0.0010124 -0.000380979 -0.00552493 0.00501942 -0.0239465 -0.0900866
internal_weight=410.697 1.90648 408.791 30.6285 26.3346 7.81683 4.29396 378.162 4.01047 18.5178 3.06 1.45511 5.62585 3.76992 1.85593 3.36201 1.91526 2.72336 1.01911 15.4578 5.2572 3.13162 372.536 3.81509 368.721 366.505 208.833 132.812 76.0207 6.85972
internal_count=10794 86 10708 1601 1360 1178 241 9107 772 182 89 48 253 110 143 232 99 150 137 93 46 639 8854 873 7981 7631 4502 2754 1748 155
is_linear=0
shrinkage=0.1


Tree=90
num_leaves=31
num_cat=0
split_feature=5 6 5 5 18 9 12 18 6 14 19 13 9 14 8 9 9 13 18 13 8 18 13 5 13 8 14 19 6 9
split_gain=0.865274 7.02859 5.16003 3.52652 5.9976 3.09414 2.93469 2.92305 2.67466 6.46947 4.63146 4.7252 6.5077 4.45551 8.3389 4.28414 7.12762 4.05157 4.41169 3.93287 4.43059 3.84299 4.34729 4.1231 11.569 4.61043 7.8496 3.78637 3.91804 7.52619
threshold=0.0073136526663012688 3.4684977001483284e-11 0.0068768693771951135 0.0079175188625371009 -0.053946459496563126 0.012906407916479162 0.31892405450344091 -0.32063929052872642 4.5729527532916427e-11 0.0075202661100775012 1.7192607522010805 2.0543779134750371 0.01910674281289652 0.0082299658097326773 5.9756862656894582e-11 0.02774716624713388 0.022219002554884786 2.0354585647583012 -0.10039457413156262 1.9280506372451784 3.3062253771898822e-11 0.32964340669356967 1.3535546660423281 0.014089184915443516 1.370153069496155 1.745719852706223e-11 0.0047999557573348292 7.4700586795806894 6.043393451274141e-11 0.033434242862465997
decision_type=2 2 2 2 2 2 2 2 2 2 2 2 2 2 2 2 2 2 2 2 2 2 2 2 2 2 2 2 2 2
left_child=1 5 7 4 -2 -1 -6 -3 9 10 21 15 -13 17 -15 16 19 -10 -19 20 -12 23 -23 24 -5 26 -25 28 29 -16
right_child=3 2 -4 8 6 -7 -8 -9 13 -11 11 12 -14 14 27 -17 -18 18 -20 -21 -22 22 -24 25 -26 -27 -28 -29 -30 -31
leaf_value=-0.036574187048848329 0.061627116235535954 0.083043203119439621 0.010944672114289324 0.021606219921682157 -0.11505378552533402 0.075963701150595753 0.077979796637525203 -0.1340174019617083 0.039839516680341996 -0.11744385129202158 -0.043132366757044287 0.064926484671581103 -0.13793476979081357 -0.13184167709280079 0.061027911542633075 0.028450048042776295 -0.15555728098508245 0.054854452547593205 -0.10193618745486542 -0.15241353194050811 0.041384664273108433 -0.11603983479575307 0.076430594312692696 0.0063016040663804842 -0.15902244617410233 0.057054385855058676 -0.13885686792913834 -0.139172501291109 0.011163424839687731 -0.13636362598664387
leaf_weight=2.9151170522454803 3.2766275723697627 0.70500471364357409 9.6311318618827482 9.2638585841341392 8.1359409285651001 15.088558684510643 0.87199581530876535 5.1699950634792913 55.271226591954473 5.2510112825548267 32.845735502167372 9.8696522346144757 1.8830671581672493 4.7947528912918633 3.1263212161138636 8.4679065799573419 5.5251373839564613 3.0080016629653983 4.4487014756305134 2.6728511237233752 7.6465615183114997 1.2993624113150861 12.116963499429401 65.123079290453461 5.7447228099044869 16.347840126487426 3.9513485399802439 1.8410453098331334 95.953580573637737 5.0545909634092823
leaf_count=1804 54 8 96 340 235 326 12 518 237 134 658 126 38 149 27 35 60 37 147 71 25 290 165 2155 155 95 295 173 2251 78
internal_value=-0.000155017 0.0152388 -0.03411 -0.00153505 -0.0542261 0.0577418 -0.0963675 -0.10797 0.00025547 -0.00800745 -0.00486312 -0.0253246 0.0324233 0.00920947 -0.00284977 -0.0371986 -0.0486158 0.0305047 -0.0386875 -0.0349273 -0.0271722 0.0075221 0.05779 0.000806934 -0.0475317 0.00929996 -0.00200207 0.00298633 0.00549963 -0.0609308
internal_weight=407.302 33.5098 15.5061 373.792 12.2846 18.0037 9.00794 5.875 361.507 188.009 182.758 68.9109 11.7527 173.498 110.77 57.1582 48.6903 62.7279 7.4567 43.1651 40.4923 113.847 13.4163 100.431 15.0086 85.4223 69.0744 105.976 104.134 8.18091
internal_count=10794 2752 622 8042 301 2130 247 526 7741 4642 4508 1013 164 3099 2678 849 814 421 184 754 683 3495 455 3040 495 2545 2450 2529 2356 105
is_linear=0
shrinkage=0.1


Tree=91
num_leaves=31
num_cat=0
split_feature=18 5 5 15 11 18 17 17 3 11 5 11 15 5 3 6 15 2 3 13 4 13 19 5 14 15 0 3 2 2
split_gain=0.924848 4.09019 2.3853 3.55763 3.553 5.19756 1.76643 2.31363 1.491 2.49775 1.83047 1.37074 3.61451 3.54426 3.07065 4.04449 3.65329 3.13535 3.89049 2.85721 5.36463 4.5031 6.78582 5.12975 4.86852 4.2624 2.65028 5.91933 2.35282 4.12789
threshold=0.7236853411040185 0.013182795758293285 0.0097277026152358757 4.2784775359905332e-05 1.8670618384675212e-09 1.1138601106676191 0.17775656960227273 0.18081942471590912 0.034022551511690487 3.1772399156082547e-09 0.010606203871199158 2.9796649592128692e-09 4.5420760216075002e-05 0.0082117964543885671 0.075915971751399303 4.0151105364917625e-11 5.1150791477994069e-05 1.8918284153615205e-10 0.027540918449471867 2.1030400991439824 2.1245343366554252e-11 1.9548274874687197 2.7386158704757695 0.011424028383568258 0.0049317525699734696 3.843013473669999e-05 1.0659694098649438e-09 0.028065217146078434 1.9531116771334588e-10 1.7345431509786603e-10
decision_type=2 2 2 2 2 2 2 2 2 2 2 2 2 2 2 2 2 2 2 2 2 2 2 2 2 2 2 2 2 2
left_child=11 2 3 4 5 6 -2 -8 -4 10 -10 19 28 -14 15 -15 -17 18 -18 21 -21 -1 24 25 -23 -24 27 -22 29 -13
right_child=1 -3 8 -5 -6 -7 7 -9 9 -11 -12 12 13 14 -16 16 17 -19 -20 20 26 22 23 -25 -26 -27 -28 -29 -30 -31
leaf_value=0.0017822758688811873 -0.16869358328698666 -0.10887963397238759 0.09030539550515243 -0.12605913874284164 0.051616400696493141 0.062153704041928409 0.059334516728628488 -0.1531460391352186 0.03686199362484003 0.084062554042783844 -0.076392807605833571 -0.11290025459399229 0.066678007546226978 0.048440467958437677 0.017902813442170706 -0.12666574883640502 -0.1638961380605696 -0.076186033675811865 0.064356840131525858 -0.11984362937443552 0.091402607607381392 0.093860275077383371 0.064143669618063517 -0.1270442369205253 -0.14950155058998899 -0.079681410651199464 0.081295294106397964 -0.12472311859290525 -0.16162237501209206 0.065315262054489218
leaf_weight=270.12984423539092 2.3120051049118109 2.5109664791889363 6.1437317943200496 2.0177962018933604 10.426755480555583 3.004313030076446 1.0821911016391825 0.97339076513890166 3.0754732225323078 4.4620702415704727 2.6625733968103305 3.3111749933450474 5.8642067452601614 4.1205046327086192 14.969984111507072 5.800752007286067 0.89514996588695606 6.6138726098870393 4.5041798636957537 1.9334905861760514 2.8584409700706628 0.9340541847486773 8.0801938024524116 2.6795730359226573 6.8546092139731627 2.7659043749445109 12.131409968162187 2.2764804472099058 2.4089498855464626 2.1394463588949293
leaf_count=7246 121 204 22 60 57 28 10 48 15 35 30 89 154 106 538 226 40 874 150 91 11 15 51 110 205 34 79 75 57 13
internal_value=-0.000161193 0.0145368 0.0231069 -0.000218049 0.0140483 -0.0390877 -0.108728 -0.0412825 0.0513876 0.0279467 -0.0156906 -0.0017345 -0.0169924 -0.00553818 -0.0170135 -0.0408435 -0.0614955 -0.0300271 0.026515 0.000752208 0.0381175 -0.00170935 -0.0459609 -0.00314381 -0.120316 0.0274663 0.0558061 -0.00441307 -0.0793217 -0.0429481
internal_weight=399.943 38.6713 36.1603 19.8165 17.7987 7.3719 4.36759 2.05558 16.3438 10.2001 5.73805 361.272 50.6282 42.7686 36.9044 21.9345 17.814 12.0132 5.39933 310.644 19.1998 291.444 21.3143 13.5257 7.78866 10.8461 17.2663 5.13492 7.85957 5.45062
internal_count=10794 630 426 324 264 207 179 58 102 80 45 10164 2247 2088 1934 1396 1290 1064 190 7917 256 7661 415 195 220 85 165 86 159 102
is_linear=0
shrinkage=0.1


Tree=92
num_leaves=31
num_cat=0
split_feature=17 12 7 17 19 13 9 9 3 14 9 14 9 2 5 17 3 6 3 2 4 5 10 13 18 13 2 13 0 1
split_gain=0.860149 2.3435 1.0844 2.21703 2.44838 2.27968 2.08204 4.66054 2.82069 2.31092 3.70105 2.22814 5.78584 5.03607 3.22471 2.21583 2.21547 2.19648 2.04346 3.49484 3.23224 3.29091 2.9622 2.27832 1.97165 1.7476 3.82197 1.7741 4.11874 5.50346
threshold=0.037797407670454551 0.096835073083639159 0.0076885220731144708 0.10344904119318184 1.0019833445549013 1.2591984868049624 0.0033752440937852603 0.00088290599519804042 0.012727794682319585 0.0032714843982830648 0.0056965006205573479 0.004357624566182495 0.0090937167205466744 1.8573544035445433e-11 0.015136721446358022 0.086447975852272749 0.01151673709305418 2.04069984275386e-11 0.036841492971004031 7.3106101030252307e-11 5.7941458143807105e-11 0.025577645609880763 1.706236779689789 1.180331885814667 -0.19478983890307558 1.3463906049728396 4.2775773610124694e-11 1.4011324644088747 1.4702318522392138e-10 0.074549447376287548
decision_type=2 2 2 2 2 2 2 2 2 2 2 2 2 2 2 2 2 2 2 2 2 2 2 2 2 2 2 2 2 2
left_child=1 -1 3 4 24 -6 7 18 -9 15 16 13 -13 -12 -15 -8 -11 -14 20 -20 21 23 -21 -4 -2 26 -19 -27 29 -29
right_child=2 -3 6 -5 5 -7 9 8 -10 10 11 12 17 14 -16 -17 -18 25 19 22 -22 -23 -24 -25 -26 27 -28 28 -30 -31
leaf_value=-0.14756892612502198 0.096112297359374321 0.10273480156897177 0.055794665755090171 -0.1142136601905073 -0.13844339239104167 0.014597273355690147 -0.049454353045063286 0.02968361881444976 -0.11745402693397018 0.099819009227635647 -0.17932608663769323 -0.12332460200185723 -0.12460865856996646 -0.075748356662907163 0.066146533487178402 0.070697311044800204 -0.095319819674748424 -0.22625465990991916 0.068559701447847982 -0.12263184139521005 0.084992043012698651 -0.19799996981877213 0.033787982999971135 -0.10485417429324007 0.022790487240941404 0.048204389631756765 0.1041519676475974 -0.0034602894821397613 0.0036158728168042514 -0.11103414273904011
leaf_weight=1.2087354500727077 4.5405934150476304 0.5416756854392587 1.707580910995609 1.2008224353157846 1.6353785201790731 2.4042892024517641 1.8910192505572911 1.6083515490754487 6.8601671448195702 0.64679682660789595 1.018865868034484 3.8239825353666665 1.3975600911289792 1.8070672649046162 14.086903845658524 8.1500341409409867 5.7901576903168461 0.96307731630076776 7.2171069749165309 2.3255216060788371 1.4971770563279276 1.6583995574619619 2.5254577019368298 1.8276729281060395 19.071804643870568 7.948392640813835 0.55005471908953041 12.967108616940097 268.0754883706104 7.5102082366356617
leaf_count=82 47 4 9 359 44 132 14 159 1163 14 115 476 108 163 92 96 1238 105 40 30 11 36 16 35 1019 138 5 234 4686 124
internal_value=-0.000166761 -0.0701109 0.000145 0.0188058 0.0245823 -0.0473582 -0.00133476 -0.027933 -0.0895095 0.000816586 -0.000636224 0.000873258 -0.00109695 0.0361978 0.0500138 0.0480693 -0.0757119 0.000464094 -0.000134887 0.0244405 -0.0444609 -0.0817783 -0.0411985 -0.0272584 0.0368901 0.00105063 -0.106145 0.00159768 0.000313868 -0.0429138
internal_weight=394.457 1.75041 392.707 28.8529 27.6521 4.03967 363.854 27.2274 8.46852 336.627 326.586 320.149 303.236 16.9128 15.894 10.0411 6.43695 299.412 18.7589 12.0681 6.69083 5.19365 4.85098 3.53525 23.6124 298.014 1.51313 296.501 288.553 20.4773
internal_count=10794 86 10708 1601 1242 176 9107 1499 1322 7608 7498 6246 5876 370 255 110 1252 5400 177 86 91 80 46 44 1066 5292 110 5182 5044 358
is_linear=0
shrinkage=0.1


Tree=93
num_leaves=31
num_cat=0
split_feature=11 17 1 3 1 13 1 9 0 14 10 18 2 18 8 14 12 5 6 2 10 7 0 9 8 5 8 19 19 18
split_gain=0.85602 1.70419 1.44302 1.22519 1.06858 2.51564 1.33095 2.5544 1.75088 1.07446 5.4629 4.11797 2.76797 2.64143 2.49228 5.00074 5.25419 3.31953 2.28036 5.00927 3.51247 4.14343 3.25015 4.4725 2.11498 1.84521 2.41339 2.78435 2.47194 2.93765
threshold=1.1812152145296297e-08 0.18543590198863638 0.58119455888497618 0.12155064398519297 0.58119455888497618 2.8542380332946782 0.41314713475755471 0.079488675507422446 3.142906290452893e-09 0.011044208426028492 2.3486456871032719 0.12120830958751455 4.0387407107793344e-10 0.33402209068563854 9.8747196655423426e-11 0.0098281991668045538 0.42254060506820684 0.010144460986510187 7.0628003757259317e-11 6.9335425848212215e-11 1.9537932872772219 0.021371706666780271 3.9931414999670045e-10 0.038948875822498369 1.0117584112127909e-10 0.031893738083672594 9.8800255677708863e-13 -0.075711831450462327 1.0534294843673708 -0.18509455514140424
decision_type=2 2 2 2 2 2 2 2 2 2 2 2 2 2 2 2 2 2 2 2 2 2 2 2 2 2 2 2 2 2
left_child=3 2 -2 4 5 6 8 -8 9 14 -11 12 -12 -13 15 18 -17 24 20 -20 25 -22 -21 -24 -16 -1 -27 -28 29 -29
right_child=1 -3 -4 -5 -6 -7 7 -9 -10 10 11 13 -14 -15 17 16 -18 -19 19 22 21 -23 23 -25 -26 26 27 28 -30 -31
leaf_value=0.002031892473540649 -0.11521266245046419 0.099260812069571325 0.00095742673741482207 0.073814042606877878 0.071974249394442233 -0.12837592081680735 -0.048999770068753321 0.088530107851977458 -0.1083690450234288 -0.11441714317840018 -0.12545003779109196 0.047437989562673838 0.038165559812320247 -0.08767418373410954 0.050150970250359056 -0.12846333313802552 0.10898139925052092 0.059837758235156163 -0.080096702533936942 0.10760964851973681 0.075415644144780219 -0.12884342523664757 0.048007602883291728 -0.083398547644354129 -0.13868892157649582 0.080090908058470689 0.078212331569691693 0.019474260140689169 -0.019745054644076613 -0.13991841431999022
leaf_weight=274.85491776856361 2.4618985907436572 0.74139964929781843 1.890245947986841 2.2588168848305932 2.0488148983567944 1.5307584742549796 1.961848537204786 4.3338036175118759 1.5040444674086746 4.9400605124101302 3.3784752450883415 12.260494132235179 1.4899860192090271 1.6405510377662711 0.96652486640959923 5.391729926748666 1.1266608851728959 13.296321885776704 3.6425084717338931 6.2614002991467741 1.300135155324823 4.2054589020553976 13.783510379726069 3.1894620871171346 1.5350247040623797 1.754919253289702 1.6833608660381294 1.5025486311351404 7.7953242579496873 5.0174458864785239
leaf_count=6071 464 14 26 44 16 172 152 41 250 320 270 203 25 211 11 164 3 87 34 14 17 169 111 35 39 10 19 16 520 1266
internal_value=-0.000156816 -0.0408832 -0.0647571 0.000382477 -5.12842e-05 -0.000439264 7.7715e-05 0.0456731 -0.000692853 -0.000256351 -0.0208529 0.0037729 -0.0753757 0.0314925 0.00114971 -0.000699533 -0.0874226 0.039955 0.00103988 0.0289375 -0.00147527 -0.080608 0.0460311 0.0233145 -0.0657268 1.36604e-05 -0.0312319 -0.0434431 -0.0577487 -0.103186
internal_weight=389.748 5.09354 4.35214 384.655 382.396 380.347 378.817 6.29565 372.521 371.017 23.7096 18.7695 4.86846 13.901 347.307 331.509 6.51839 15.7979 324.991 26.8769 298.114 5.50559 23.2344 16.973 2.50155 292.609 17.7536 15.9987 14.3153 6.51999
internal_count=10794 504 490 10290 10246 10230 10058 193 9865 9615 1029 709 295 414 8586 8449 167 137 8282 194 8088 186 160 146 50 7902 1831 1821 1802 1282
is_linear=0
shrinkage=0.1


Tree=94
num_leaves=31
num_cat=0
split_feature=17 9 6 17 19 17 5 2 12 5 12 14 7 5 18 14 8 8 6 3 6 9 17 9 3 3 7 19 19 18
split_gain=0.792591 4.29464 2.92167 2.18505 4.47017 3.2541 3.09805 3.04396 3.72091 2.98281 7.07381 3.6454 5.48874 2.78446 2.64963 3.91023 2.59044 2.48178 6.69934 2.25351 3.74335 2.19191 2.16275 2.21358 3.97291 4.31617 3.3006 3.09311 4.83527 2.95046
threshold=0.12795188210227273 0.015381442727863924 1.6866482859970108e-11 0.12209250710227275 1.9443619251251223 0.12409002130681819 0.016610924572167219 7.749702495127212e-11 0.25122296810150152 0.014089184915443516 0.19241838157176974 0.0067637430038303145 0.018892671345764736 0.0066856842387992494 0.056339579232206408 0.0026227904018014674 3.3769403387635125e-11 2.7810901774922248e-11 2.2635534975204069e-11 0.045521508709966137 7.2374754003794454e-11 0.0031308017816551819 0.12111594460227275 0.0064046009485298518 0.017990790687403769 0.027219015252224869 0.015820290281282543 1.554265081882477 2.0091673135757451 -0.16222423052584581
decision_type=2 2 2 2 2 2 2 2 2 2 2 2 2 2 2 2 2 2 2 2 2 2 2 2 2 2 2 2 2 2
left_child=3 2 -2 9 5 6 -5 8 -6 10 11 12 14 -7 15 21 17 18 -16 -9 -21 -1 23 27 -25 -26 -27 -11 -29 -28
right_child=1 -3 -4 4 7 13 -8 19 -10 22 -12 -13 -14 -15 16 -17 -18 -19 -20 20 -22 -23 -24 24 25 26 29 28 -30 -31
leaf_value=-0.052589247170461609 -0.0069869872112910602 -0.0015274774280119652 -0.12964256504572277 -0.14407161734655091 -0.16421938256909652 0.096930180008567901 0.060016847733298212 0.088628319138135625 0.078604966325744652 0.0048840759969160236 -0.13133596924562627 0.056392375426016911 -0.1558719439515599 -0.14442498976137041 0.039623221744910841 -0.14605358006189148 -0.13695440611813642 0.086883050202964177 -0.15032127140320017 -0.14957156996599591 0.063294530539473579 0.086884137145714635 -0.11124035749008605 -0.1834091384774148 0.069625739476307097 -0.12785619097220582 -0.12165291159575303 -0.18761423200244207 -0.010003113817098588 0.021488241098508595
leaf_weight=3.031346642317664 3.4183378949055614 194.7518013844674 4.4967091854196042 0.917870955643595 1.3165495601278991 0.57085742453637101 3.9217885868274607 13.887464266212193 1.2119795986218376 51.557984291881439 5.2940592506129169 7.1486746811424373 2.8224641166889333 2.9386125893943245 8.6412250737703307 3.0055659930512775 1.0630243715422683 4.5103053406928657 2.3650719358702181 1.141276800612103 2.9917254480242264 1.793416074637207 1.4978349684097327 0.90345806861296196 16.92375336313853 1.6970539260873909 1.5075230579095649 2.2258798618859137 4.9225173263766919 32.147276787814917
leaf_count=872 563 3041 600 40 61 36 131 71 10 1770 277 103 85 259 806 301 35 43 112 33 111 19 87 13 95 80 115 89 157 779
internal_value=-0.000160844 -0.00446214 -0.0766703 0.00463002 0.0298498 -0.0318526 0.0213102 0.0549197 -0.0478283 -0.000131582 -0.0237309 -0.0071617 -0.023845 -0.105166 -0.00857907 -0.05652 0.0140628 0.0244088 -0.00119272 0.0693367 0.00451422 -0.000745494 0.00812631 0.0097243 0.0245029 0.0280962 0.00821499 -0.00366287 -0.065308 0.0150764
internal_weight=384.623 202.667 7.91505 181.957 28.8981 8.34913 4.83966 20.549 2.52853 153.058 39.6752 34.3811 27.2324 3.50947 24.41 7.83033 16.5796 15.5166 11.0063 18.0205 4.133 4.82476 113.383 111.885 53.1791 52.2756 35.3519 58.7064 7.1484 33.6548
internal_count=10794 4204 1163 6590 752 466 171 286 71 5838 2653 2376 2273 295 2188 1192 996 961 918 215 144 891 3185 3098 1082 1069 974 2016 246 894
is_linear=0
shrinkage=0.1


Tree=95
num_leaves=31
num_cat=0
split_feature=17 12 7 3 7 8 7 19 3 14 14 7 14 19 14 19 11 3 1 13 15 5 3 13 17 0 1 15 0 10
split_gain=0.800216 1.93428 0.906484 2.2669 1.34406 3.93195 1.88847 2.60053 2.63746 1.87824 1.77079 1.48546 1.68411 3.05311 1.71676 1.34058 1.06971 3.17982 6.68188 6.74611 2.81865 2.58785 2.45762 3.12915 3.18512 2.95977 2.22572 1.87777 7.36669 4.54319
threshold=0.037797407670454551 0.096835073083639159 0.005734657653950718 0.027219015252224869 0.0066302657173091988 1.0463127316118614e-12 0.0076885220731144708 1.0019833445549013 0.025786833224028045 0.002456920919939876 0.0024349605664610867 0.0083030774232448739 0.0027137042488902812 0.13623172044754031 0.0027506005717441444 1.0534294843673708 2.8584422329114295e-10 0.01386767391956386 0.073556557135604564 2.2050099372863774 1.7397687770426277e-05 0.024803755716330821 0.015182965496451628 1.6565964221954348 0.17977627840909091 9.9757828063492341e-11 0.07644005905183672 2.2991339392319791e-05 2.3753820998241717e-10 1.3920198678970339
decision_type=2 2 2 2 2 2 2 2 2 2 2 2 2 2 2 2 2 2 2 2 2 2 2 2 2 2 2 2 2 2
left_child=1 -1 3 -2 5 -4 7 8 -6 -8 -7 12 13 -11 -14 -12 21 18 20 26 -18 -13 23 24 -19 -24 -20 29 -29 -27
right_child=2 -3 4 -5 6 10 9 -9 -10 11 15 16 14 -15 -16 -17 17 22 19 -21 -22 -23 25 -25 -26 27 -28 28 -30 -31
leaf_value=-0.14274719441303474 -0.052346357980688853 0.10220285128320522 -0.18160191376336521 0.06000207529725167 -0.052966932672174741 0.072139062287127645 -0.1318132011979426 -0.11417397227786447 0.073628171509339535 -0.14271467042728631 -0.12019358584034748 0.031629485063580091 -0.40943781862305317 0.062823293028501023 -0.099712654238513401 0.030802462751382428 -0.11616148284016335 -0.20670111085936882 -0.46574684549213202 0.097153225286373115 0.053644684987340374 -0.057648092494621189 -0.098301360606597471 0.078098629608882128 0.056443448479104423 -0.012725785779337237 -0.17603564298017746 -0.10511290527479332 -0.0013686302235990744 0.041265212803321891
leaf_weight=1.1092084308693291 2.4245511650369718 0.45445895777083922 1.6040712557733048 6.9273917267419165 1.9885450991496316 1.9568107221857642 1.0982586194440944 1.0281415508288763 9.5455081974796467 1.1454337602481239 1.3822940457102961 23.107706322702146 0.20435501621250285 1.9582160469726657 1.4401356733433202 1.023217920126626 1.2401930264313685 0.86519379587843814 0.28533303004223842 0.97021729592233885 4.6157063639548142 3.7775657938909708 3.1196998575032913 7.7130255443698843 0.98211807862389833 30.335644101352955 3.7544912455268786 7.0601894021165199 224.08512157551741 32.053206238731946
leaf_count=82 724 4 19 101 234 182 155 95 83 16 119 694 10 49 133 44 59 55 7 6 83 1022 292 57 14 1283 214 144 4581 233
internal_value=-0.00016626 -0.0715557 0.000129296 0.030875 -0.00065132 -0.0477282 0.000123789 0.0382182 0.0518024 -0.00124423 0.00149857 -0.000833008 -0.056384 -0.0130326 -0.138201 -0.0559653 -6.61761e-05 -0.00169004 -0.0548514 -0.139631 0.0176822 0.0190854 0.00019638 0.0501001 -0.0668011 -0.00141188 -0.196498 -0.000382133 -0.00453743 0.0150129
internal_weight=379.256 1.56367 377.692 9.35194 368.34 5.96639 362.374 12.5622 11.5341 349.812 4.36232 348.714 4.74814 3.10365 1.64449 2.40551 343.965 317.08 10.8659 5.01004 5.8559 26.8853 306.214 9.56034 1.84731 296.654 4.03982 293.534 231.145 62.3889
internal_count=10794 86 10708 825 9883 364 9519 412 317 9107 345 8952 208 65 143 163 8744 7028 369 227 142 1716 6659 126 69 6533 221 6241 4725 1516
is_linear=0
shrinkage=0.1


Tree=96
num_leaves=31
num_cat=0
split_feature=11 8 4 3 6 5 11 1 8 15 11 1 13 12 12 7 6 14 8 19 7 13 17 0 0 0 15 0 8 14
split_gain=0.767765 0.944359 1.31629 1.30395 1.39856 1.09585 0.810517 3.01897 2.67498 2.63431 1.02202 0.775716 2.44024 0.763781 5.89137 4.63675 3.65879 3.14683 6.43156 8.55822 5.63937 4.36869 4.04547 4.01286 3.12398 3.42538 2.99677 4.66523 3.59141 7.71894
threshold=1.9403036510823316e-08 2.0397708950937285e-09 4.5005205691089352e-10 0.10439956878837624 5.7617727344633316e-10 0.046712100247129032 6.0030347359685274e-09 0.47522073911004176 1.2925573162747117e-10 6.9335605076048537e-05 5.1694559743964427e-09 0.58119455888497618 2.9087409973144536 0.19628661870956424 0.19925615936517718 0.021371706666780271 2.3545120895033129e-11 0.0065065245144069203 3.5935541323873307e-11 3.9475936889648442 0.037025967606799499 2.0354585647583012 0.14078036221590912 1.2807713495747747e-09 8.6000821783705861e-10 1.4165789680697265e-09 2.3413987946696583e-05 1.5319665125917165e-10 6.1283353807458078e-11 0.0078564547002315539
decision_type=2 2 2 2 2 2 2 2 2 2 2 2 2 2 2 2 2 2 2 2 2 2 2 2 2 2 2 2 2 2
left_child=1 2 3 4 6 -6 9 -8 -9 10 13 12 -10 17 -15 16 -16 18 20 -20 24 -19 23 -23 -1 -26 27 -17 29 -28
right_child=-2 -3 -4 -5 5 -7 7 8 11 -11 -12 -13 -14 14 15 26 -18 21 19 -21 -22 22 -24 -25 25 -27 28 -29 -30 -31
leaf_value=-0.001157664631586897 -0.10574642527092799 0.083271528918831883 -0.11743666437401422 0.052797643105526884 -0.11433546021057261 0.10287510064380988 -0.1127044996512212 -0.11992948408623412 0.099928501589912067 0.10934944159664545 -0.10352086164523529 0.09280164371900429 -0.12482203939593134 -0.16379004735484914 0.018830392524167835 -0.01426566857137055 -0.15155581277570429 0.060423601624459956 -0.17700846266173964 0.0079071320107036332 -0.33901894599637655 -0.14466447675311392 -0.15681127316933899 0.035789525435037328 0.054871045056679404 -0.061881370263598384 -0.012285744623306262 0.050032169450121934 0.0034576454255077142 -0.13324443454691715
leaf_weight=119.65494062816651 0.68714103395177417 1.3587359762459517 0.95602512202458356 4.6288153182249507 1.7001290067855723 0.2690221071243285 2.9278407212550501 1.1683277424017431 1.1591576673090456 2.2118771597743025 0.95335443867952463 2.1630502864718437 0.82829462364315976 2.2954590585286487 1.9319265085941868 19.89787484484259 3.6251256302202819 20.714874499419238 4.7071272624889371 5.3447622042731382 0.47745416592806478 1.4502939836092981 1.7444529875647266 8.1988849813205871 19.316693020598908 2.888700904983124 28.183019117612275 26.068211126315873 82.044393074014806 6.4907910132606039
leaf_count=5904 168 65 91 78 225 1 428 84 6 6 233 15 49 71 49 315 160 96 133 32 6 29 27 108 244 157 256 174 1366 218
internal_value=-0.000139093 5.42341e-05 -0.000248092 5.22341e-05 -0.000610464 -0.0846605 -0.00015881 -0.0311544 0.0137363 0.000554785 -0.000121193 0.051362 0.00626101 0.00015646 -0.00466786 -0.00249682 -0.0923205 0.00461571 -0.00137907 -0.0786857 0.00408032 0.0330674 -0.0166691 0.00866687 0.00523508 0.0396827 0.000571425 0.0221988 -0.0079459 -0.0349287
internal_weight=376.047 375.36 374.001 373.045 368.416 1.96915 366.447 8.24667 5.31883 358.2 355.988 4.1505 1.98745 355.035 170.537 168.241 5.55705 184.498 152.39 10.0519 142.338 32.1085 11.3936 9.64918 141.86 22.2054 162.684 45.9661 116.718 34.6738
internal_count=10794 10626 10561 10470 10392 226 10166 582 154 9584 9578 70 55 9345 2609 2538 209 6736 6476 165 6311 260 164 137 6305 401 2329 489 1840 474
is_linear=0
shrinkage=0.1


Tree=97
num_leaves=31
num_cat=0
split_feature=3 11 3 1 13 11 17 1 19 17 14 13 18 1 11 4 15 17 5 13 11 6 9 18 17 15 3 6 9 15
split_gain=0.767442 4.07382 2.72429 8.05124 4.68202 3.83241 3.15011 2.94002 2.53525 2.0382 3.10075 4.50183 3.72831 3.43641 1.9902 1.78209 1.62077 1.54838 3.63076 4.77272 1.72063 2.26782 5.49643 7.65498 8.82927 4.09749 4.19353 2.24247 6.16023 6.07576
threshold=0.015904676698302388 2.3986515551577275e-10 0.014031958747370003 0.074549447376287548 2.2050099372863774 2.2260100013271614e-10 0.095547762784090925 0.066069314511282617 3.4744210243225102 0.20922851562500003 0.0072373400907963523 1.27544242143631 0.87339110439643275 0.02342514640778252 2.5656637925308706e-10 9.2365725232443107e-12 1.5570678442600187e-05 0.19409179687500003 0.027085410045094866 1.5984523892402651 9.935035016894746e-09 8.3978485051517262e-11 0.039726974473768779 0.73499871028417907 0.18081942471590912 3.0728368074051111e-05 0.027540918449471867 7.0628003757259317e-11 0.033992837545883108 2.3671862436458472e-05
decision_type=2 2 2 2 2 2 2 2 2 2 2 2 2 2 2 2 2 2 2 2 2 2 2 2 2 2 2 2 2 2
left_child=2 -2 3 7 5 -5 -4 9 -8 10 11 -1 13 -13 -3 -16 -17 20 19 -19 21 22 27 24 -24 -23 -27 28 -18 -30
right_child=1 14 6 4 -6 -7 8 -9 -10 -11 -12 12 -14 -15 15 16 17 18 -20 -21 -22 25 23 -25 -26 26 -28 -29 29 -31
leaf_value=0.071247526222987245 -0.092704649023324981 0.070172334333432229 -0.16396071587098612 0.091363047905730035 0.094279536575532785 -0.18512589657061601 0.064660450880680329 0.088485161284438063 -0.061042784684474882 -0.12970320246863859 0.068272211999403684 0.047636092489397514 0.094274403930636547 -0.15050631746224546 -0.10799587839340026 -0.1180778533265638 0.0039814209720798284 0.0119751599114319 0.037073777895920028 -0.13664490064751514 -0.052480373121576475 0.09022793915320855 -0.15156811920290128 0.070233627106940963 0.018630828350340245 -0.13950765383881664 0.017579113712791031 0.040921310113341186 0.037468047559004646 -0.12246798444266603
leaf_weight=3.2259655806701719 4.8589783913557758 3.9413911556912344 0.70793925392354395 0.56846059991221309 0.91520984732778732 4.2446199452315341 15.146315251447961 4.8985696463860213 1.7945508731500002 1.1250623414452992 5.6848272171919225 1.1091713376008554 1.0926777755630608 4.1509224176588759 1.5585376111230278 1.1740304220365931 213.30147817848047 3.8446614025160653 4.7376951454207292 4.9335286932764575 5.8718863405811126 7.6440143026411524 8.6360274457838404 3.748444626457057 4.7104694177396587 1.8009639462106886 30.140733324049506 14.396521079994271 3.4529520422220212 7.6102015046199085
leaf_count=215 1173 165 133 11 7 365 316 85 24 81 21 54 16 822 581 104 3930 53 51 301 615 23 194 26 28 59 1039 147 12 143
internal_value=-0.0001416 -0.00182408 0.0121523 -0.0078094 -0.113047 -0.15247 0.0427082 0.0205096 0.0513447 0.0001917 0.00976613 -0.0249563 -0.073809 -0.108725 -0.000450576 -0.0013271 -0.000801012 -0.000363675 -0.0334759 -0.0715525 0.00112163 0.00218696 -0.00125923 -0.0560353 -0.0914987 0.0244609 0.00872211 0.00266265 0.000207752 -0.0725499
internal_weight=371.027 326.363 44.6643 27.0155 5.72829 4.81308 17.6488 21.2872 16.9409 16.3886 15.2636 9.57874 6.35277 5.26009 321.504 317.562 316.004 314.83 13.5159 8.77819 301.314 295.442 255.856 17.0949 13.3465 39.5857 31.9417 238.761 224.365 11.0632
internal_count=10794 8644 2150 1677 383 376 473 1294 340 1209 1128 1107 892 876 7471 7306 6725 6621 405 354 6216 5601 4480 248 222 1121 1098 4232 4085 155
is_linear=0
shrinkage=0.1


Tree=98
num_leaves=31
num_cat=0
split_feature=14 2 14 8 12 14 5 13 18 17 8 7 5 3 5 6 4 5 19 10 17 19 15 13 4 4 3 6 9 2
split_gain=0.787871 0.936375 0.798842 1.16941 0.863952 0.838937 0.792459 2.58192 1.51531 0.928753 4.63565 5.37844 4.64445 4.04714 5.20633 5.95117 6.68665 5.46774 3.74693 3.15527 3.8411 3.29915 3.14568 3.96183 3.07827 2.98579 3.08593 2.40057 7.10296 6.45706
threshold=0.0023076124489307408 2.7724461994834557e-11 0.002379602519795299 9.8800255677708863e-13 0.07552331313490869 0.0023915106430649762 0.0053755206552716954 1.8261709213256838 -0.67683554770932941 0.12795188210227273 4.1186902331605622e-11 0.027902117899530624 0.0067741644710406232 0.019943134257691709 0.0073136526663012688 3.2390793480951937e-11 2.3032722269306479e-11 0.009068421216733534 7.4700586795806894 1.6557603478431704 0.15511807528409094 2.5374689102172856 3.0041162062843799e-05 1.4695994853973391 1.5750705991081669e-11 1.3758379742416805e-11 0.022566037478349319 6.7820916203844384e-11 0.038948875822498369 5.2503044212672031e-11
decision_type=2 2 2 2 2 2 2 2 2 2 2 2 2 2 2 2 2 2 2 2 2 2 2 2 2 2 2 2 2 2
left_child=1 -1 3 -2 -4 -6 7 -7 -8 -10 11 13 -12 22 -15 -16 17 -17 19 20 21 -14 23 -11 -21 26 -22 28 29 -26
right_child=2 -3 4 -5 5 6 8 -9 9 10 12 -13 18 14 15 16 -18 -19 -20 24 25 -23 -24 -25 27 -27 -28 -29 -30 -31
leaf_value=-0.10213495965106996 0.046421867469024464 0.097274935882767422 -0.11029320861802412 -0.13608856742017097 0.085059947797796798 -0.12122326939581601 -0.13218999455601674 0.094876580181011042 0.0051267048900852964 -0.06997734376693808 -0.13477339994253773 -0.15542261429723167 -0.089367951844029153 0.036523723066797485 -0.14759211191221575 -0.0059748841256328181 0.034361380213974092 -0.20987497374650138 -0.14039116276761451 -0.12696842762908828 0.030508428727367407 0.016058980441388468 -0.16552136672082163 0.062591374360784144 0.10291650151145618 0.063545330608937134 -0.07068299816230543 0.009642940683821646 -0.14340284441451201 -0.029977167583027708
leaf_weight=0.27910538402647844 0.53986988589167495 1.506596787003218 0.71105608876678061 1.0038743393779439 1.1569906617805816 0.70336739241611157 0.87401402043178578 2.5841824505550903 165.34331832418684 2.9237135943694712 2.4029006920463862 3.3861789275688343 4.6608245545066884 5.6046009433484896 6.8604754987572987 2.449955015210433 6.8265023105195723 2.8392684645950794 1.7421446135558643 2.0077222395921117 15.217778446618469 8.1735461037605983 0.85840483193169426 9.8459778503311082 4.5366576552623945 24.008451040834188 3.7578888181596986 59.231239117827499 4.3461928423494092 18.83817340049427
leaf_count=488 7 28 96 294 40 1144 41 110 4953 365 120 89 36 109 522 26 76 27 125 84 73 39 22 89 12 81 32 1368 85 213
internal_value=-0.000153961 0.0661072 -0.000479528 -0.072262 -0.000173321 4.34724e-05 -0.000229741 0.0486423 -0.000680128 -0.000357133 -0.00511633 -0.0346317 0.00312744 -0.0239268 -0.0481601 -0.0731713 -0.0310309 -0.115429 0.00538898 0.00714318 0.0257801 -0.022227 0.0197823 0.0322388 -0.00455068 0.0401143 0.0104688 -0.00172406 -0.0260118 -0.00418476
internal_weight=365.221 1.7857 363.435 1.54374 361.892 361.18 360.023 3.28755 356.736 355.862 190.519 41.5951 148.924 38.2089 24.5808 18.9762 12.1157 5.28922 146.521 144.778 55.8185 12.8344 13.6281 12.7697 88.96 42.9841 18.9757 86.9523 27.721 23.3748
internal_count=10794 516 10278 301 9977 9881 9841 1254 8587 8546 3593 1325 2268 1236 760 651 129 53 2148 2023 261 75 476 454 1762 186 105 1678 310 225
is_linear=0
shrinkage=0.1


Tree=99
num_leaves=31
num_cat=0
split_feature=17 12 8 12 3 14 10 5 13 9 8 8 19 19 0 19 9 14 17 5 10 3 10 9 15 18 6 3 7 14
split_gain=0.716652 1.66835 0.815599 2.41385 2.15148 2.27371 2.21237 2.61335 1.77096 2.60161 2.43222 2.74635 1.76978 1.76668 1.72194 1.57837 1.41188 1.43777 1.28915 3.90627 3.75636 3.06871 6.42743 2.69834 1.96463 2.06282 1.90275 7.91335 3.62054 1.8831
threshold=0.037797407670454551 0.096835073083639159 1.0887237660956348e-12 0.081597026437520995 0.027219015252224869 0.0023191031068563466 1.1479713916778567 0.030724626057959281 1.1935994029045107 0.0032219661425801128 1.2752754653029681e-12 1.814884585620093e-12 0.29408361017704016 0.18585157394409182 8.2337039261093315e-10 -0.075711831450462327 0.0060294805388448371 0.0024349605664610867 0.10460316051136366 0.011544014121098982 0.84843739867210399 0.032387482264526889 1.4822047352790835 0.0040340022733216909 1.6539283933525443e-05 0.14112688734365461 2.1293990832399005e-11 0.024051522460336986 0.01430338743248287 0.0034668886801227932
decision_type=2 2 2 2 2 2 2 2 2 2 2 2 2 2 2 2 2 2 2 2 2 2 2 2 2 2 2 2 2 2
left_child=1 -1 4 14 5 -2 -6 -8 9 15 -10 -12 13 16 -4 -5 17 -13 19 20 -14 26 24 -20 -23 -26 27 -21 -29 -25
right_child=2 -3 3 8 6 -7 7 -9 10 -11 11 12 18 -15 -16 -17 -18 -19 23 21 -22 22 -24 29 25 -27 -28 28 -30 -31
leaf_value=-0.14089982161859602 0.081453781541378278 0.10183535946495313 -0.13207283784926344 0.068677683587739916 -0.045335586078413093 -0.13511804709393199 0.063090903608183882 -0.011454222855225056 0.06207100875934074 0.079089800198953064 -0.11424605389738725 0.089121954326775665 0.066996890821279936 -0.13361894397651505 0.038659424187119172 -0.11936652971437821 0.059147933754595261 -0.11099162147832407 -0.11324629242840084 0.057071336036875898 -0.11136133326891007 2.065845505612449e-05 0.016973248253070197 0.077477392647119919 -0.13518931131887166 -0.37284696065981254 0.07657872670136967 -0.085386698869291969 -0.4063178724968739 -0.0017115483316706486
leaf_weight=0.99472993881135952 0.67596574175695723 0.39582673329277895 2.3293351510401403 0.5109539774712174 3.7457446497865048 1.7138224121881647 14.007831867784263 7.079682766692712 6.2937083876458919 1.08047728985548 2.1162459517072412 0.45848801717511367 1.6485420006720222 1.9165996788797199 0.79143529385328282 3.530998953676316 1.5050079920765709 1.6551819275337036 2.151134331328648 9.0637635435559805 4.1618598772838595 0.50599884467374368 16.517308133465122 3.0385256608024056 0.9443457248562479 0.59555124053440522 12.854134034248998 1.2430064694490273 0.49012543295975763 256.30067450887509
leaf_count=82 20 4 554 8 34 56 90 48 54 42 299 81 217 416 5 528 75 369 722 92 571 11 480 80 28 31 71 77 19 5630
internal_value=-0.000153775 -0.0718044 0.000123815 -0.0012418 0.0167634 -0.0738594 0.0254843 0.038064 -0.000410444 -0.0587489 0.000513425 -0.000708096 5.45576e-05 -0.055991 -0.0887747 -0.0955954 -0.0148761 -0.0675839 0.00105686 0.0161162 -0.0607571 0.0266971 -0.003736 -0.0017089 -0.17093 -0.227103 0.0505835 0.0196351 -0.176145 -0.000783738
internal_weight=360.317 1.39056 358.926 331.703 27.223 2.38979 24.8333 21.0875 328.583 5.12243 323.46 317.166 315.05 5.53528 3.12077 4.04195 3.61868 2.11367 309.515 48.0246 5.8104 42.2142 18.5632 261.49 2.0459 1.5399 23.651 10.7969 1.73313 259.339
internal_count=10794 86 10708 10460 248 76 172 138 9901 578 9323 9269 8970 941 559 536 525 450 8029 1597 788 809 550 6432 70 59 259 188 96 5710
is_linear=0
shrinkage=0.1


end of trees

feature_importances:
rel_bp_alpha=294
zero_crossing_rate=246
rel_bp_theta=227
line_length=215
bp_gamma=213
kurtosis=188
hjorth_mobility=164
rel_bp_gamma=163
hjorth_complexity=156
skewness=140
bp_alpha=139
rel_bp_beta=129
hjorth_activity=129
bp_beta=121
rel_bp_delta=117
bp_theta=97
spectral_entropy=94
bp_delta=89
rms_amplitude=79

parameters:
[boosting: gbdt]
[objective: binary]
[metric: binary_logloss]
[tree_learner: serial]
[device_type: cpu]
[data_sample_strategy: bagging]
[data: ]
[valid: ]
[num_iterations: 100]
[learning_rate: 0.1]
[num_leaves: 31]
[num_threads: 2]
[seed: 42]
[deterministic: 0]
[force_col_wise: 0]
[force_row_wise: 0]
[histogram_pool_size: -1]
[max_depth: -1]
[min_data_in_leaf: 20]
[min_sum_hessian_in_leaf: 0.001]
[bagging_fraction: 1]
[pos_bagging_fraction: 1]
[neg_bagging_fraction: 1]
[bagging_freq: 0]
[bagging_seed: 400]
[bagging_by_query: 0]
[feature_fraction: 1]
[feature_fraction_bynode: 1]
[feature_fraction_seed: 30056]
[extra_trees: 0]
[extra_seed: 12879]
[early_stopping_round: 0]
[early_stopping_min_delta: 0]
[first_metric_only: 0]
[max_delta_step: 0]
[lambda_l1: 0]
[lambda_l2: 0]
[linear_lambda: 0]
[min_gain_to_split: 0]
[drop_rate: 0.1]
[max_drop: 50]
[skip_drop: 0.5]
[xgboost_dart_mode: 0]
[uniform_drop: 0]
[drop_seed: 17869]
[top_rate: 0.2]
[other_rate: 0.1]
[min_data_per_group: 100]
[max_cat_threshold: 32]
[cat_l2: 10]
[cat_smooth: 10]
[max_cat_to_onehot: 4]
[top_k: 20]
[monotone_constraints: ]
[monotone_constraints_method: basic]
[monotone_penalty: 0]
[feature_contri: ]
[forcedsplits_filename: ]
[refit_decay_rate: 0.9]
[cegb_tradeoff: 1]
[cegb_penalty_split: 0]
[cegb_penalty_feature_lazy: ]
[cegb_penalty_feature_coupled: ]
[path_smooth: 0]
[interaction_constraints: ]
[verbosity: -1]
[saved_feature_importance_type: 0]
[use_quantized_grad: 0]
[num_grad_quant_bins: 4]
[quant_train_renew_leaf: 0]
[stochastic_rounding: 1]
[linear_tree: 0]
[max_bin: 255]
[max_bin_by_feature: ]
[min_data_in_bin: 3]
[bin_construct_sample_cnt: 200000]
[data_random_seed: 175]
[is_enable_sparse: 1]
[enable_bundle: 1]
[use_missing: 1]
[zero_as_missing: 0]
[feature_pre_filter: 1]
[pre_partition: 0]
[two_round: 0]
[header: 0]
[label_column: ]
[weight_column: ]
[group_column: ]
[ignore_column: ]
[categorical_feature: ]
[forcedbins_filename: ]
[precise_float_parser: 0]
[parser_config_file: ]
[objective_seed: 16083]
[num_class: 1]
[is_unbalance: 0]
[scale_pos_weight: 1]
[sigmoid: 1]
[boost_from_average: 1]
[reg_sqrt: 0]
[alpha: 0.9]
[fair_c: 1]
[poisson_max_delta_step: 0.7]
[tweedie_variance_power: 1.5]
[lambdarank_truncation_level: 30]
[lambdarank_norm: 1]
[label_gain: ]
[lambdarank_position_bias_regularization: 0]
[eval_at: ]
[multi_error_top_k: 1]
[auc_mu_weights: ]
[num_machines: 1]
[local_listen_port: 12400]
[time_out: 120]
[machine_list_filename: ]
[machines: ]
[gpu_platform_id: -1]
[gpu_device_id: -1]
[gpu_use_dp: 0]
[num_gpu: 1]

end of parameters

pandas_categorical:[]
