tree
version=v4
num_class=1
num_tree_per_iteration=1
label_index=0
max_feature_idx=19
objective=binary sigmoid:1
feature_names=bp_delta rel_bp_delta bp_theta rel_bp_theta bp_alpha rel_bp_alpha bp_beta rel_bp_beta bp_gamma rel_bp_gamma spectral_entropy hjorth_activity hjorth_mobility hjorth_complexity line_length rms_amplitude variance zero_crossing_rate skewness kurtosis
feature_infos=[8.1418030106687108e-11:2.7428803911552023e-08] [0.055164220361903597:0.69994925381260586] [4.5700498073342199e-11:1.4086929962206318e-08] [0.032661351905349217:0.30834194347292571] [1.339588882874026e-11:8.7478872142677261e-09] [0.0064104470105790408:0.10991289639069377] [7.8330390984344995e-12:9.0733045625451137e-09] [0.0049123321698187113:0.23770690613550949] [1.9691129448463764e-12:5.1151781617276571e-09] [0.0013203292236375127:0.36076339248765754] [1.3510303497314453:5.4492945671081543] [2.8951016584066736e-10:5.8126786939283193e-08] [0.090173922479152679:0.98077607154846191] [1.2830756902694702:4.0856051445007324] [0.0030618445016443729:0.071333736181259155] [1.6612262697890401e-05:0.00017967270105145872] [2.8951016584066736e-10:5.8126786939283193e-08] [0.032004616477272728:0.29319069602272729] [-0.51891762627796689:1.1220584555783055] [-0.44618120789527893:15.551589012145996]
tree_sizes=3361 3361 3365 3375 3367 3383 3382 3386 3380 3379 3370 3390 3394 3389 3376 3392 3396 3394 3390 3397 3391 3411 3417 3391 3419 3405 3392 3410 3405 3411 3406 3407 3406 3421 3409 3427 3408 3430 3414 3434 3434 3427 3429 3425 3423 3431 3437 3443 3450 3434 3455 3453 3456 3460 3455 3455 3466 3484 3483 3470 3475 3480 3492 3477 3508 3488 3488 3479 3488 3501 3488 3492 3481 3495 3518 3521 3509 3488 3500 3511 3502 3514 3518 3499 3491 3517 3521 3515 3523 3555 3523 3552 3571 3560 3550 3593 3542 3548 3568 3567

Tree=0
num_leaves=31
num_cat=0
split_feature=5 17 0 13 6 5 6 3 6 13 0 5 8 17 13 13 6 13 0 0 3 4 4 5 3 6 12 7 6 13
split_gain=1221.95 394.482 255.227 161.861 168.537 137.294 126.175 118.31 160.202 114.435 59.7669 41.3551 52.4692 81.4642 24.0556 40.0712 18.7663 19.6354 55.9398 49.4851 23.9453 28.8552 18.7618 16.3338 29.0697 12.9169 7.30989 49.189 12.4154 21.2786
threshold=0.031196635103069834 0.13669655539772732 8.4980859470607981e-10 1.8279715776443484 6.4396427691629741e-10 0.028058106685736214 4.5159264019326223e-10 0.13909685373941569 9.050902568741116e-10 1.8104376792907717 2.5841228734644798e-10 0.035874266780674936 2.1520109767659892e-10 0.15862482244318185 1.5965883731842043 1.8033008575439455 3.6231441611843481e-11 1.621868968009949 7.5243433453583735e-10 7.4267410024838915e-10 0.078563631162034173 9.9605962970725505e-11 1.0253673971289603e-10 0.028107237639293393 0.098019420374400493 2.5262906507057971e-10 0.19940793514251712 0.050852743960693746 2.0182217789965613e-10 1.9610120058059695
decision_type=2 2 2 2 2 2 2 2 2 2 2 2 2 2 2 2 2 2 2 2 2 2 2 2 2 2 2 2 2 2
left_child=2 7 -1 11 -5 9 22 8 10 14 -2 12 -3 25 -4 -16 -12 -18 19 -19 21 -20 23 -7 -25 -14 -22 -28 -29 -30
right_child=1 3 5 4 -6 6 -8 -9 -10 -11 16 -13 13 -15 15 -17 17 18 20 -21 26 -23 -24 24 -26 -27 27 28 29 -31
leaf_value=-0.1999999781235163 -0.1999999781235163 -0.1999999781235163 0.18459677686262227 0.16227588154622138 -0.1999999781235163 0.18959766684788712 -0.1999999781235163 0.19832076965558029 -0.1999999781235163 -0.1999999781235163 -0.1999999781235163 -0.1999999781235163 0.19473032276081659 -0.1999999781235163 -0.19999997812351636 0.17972264305321325 0.15776794548604775 -0.1999999781235163 0.12959736644154088 0.17972264305321328 0.18361196540322466 -0.19999997812351625 0.16470117662545128 -0.19999997812351636 0.12250205411260692 0.047815254900390146 -0.1999999781235163 0.18530331508046383 -0.018306612109803153 0.14140051437112203
leaf_weight=245.63803678750992 5.9035264849662772 20.277330100536346 9.9982204139232653 53.071202844381332 16.940554261207581 4.9349414408206966 14.502141147851942 183.42097371816635 17.325566858053207 57.366876929998398 1.7967254519462574 41.453022927045822 9.7415453493595141 13.475440889596937 6.1602015495300275 5.0632789731025696 102.1058269739151 10.652015179395674 5.8333041667938215 5.0632789731025687 25.059719800949097 4.8768262267112732 42.17461970448494 5.2618388235568982 5.9616416990756989 15.516734302043913 4.4918136298656455 34.929602682590485 10.581792861223219 39.421416312456131
leaf_count=1914 46 158 5 49 132 2 113 44 135 447 14 323 3 105 48 3 103 83 9 3 13 38 37 41 10 48 35 17 46 52
internal_value=2.40641e-08 0.0874975 -0.137052 -0.0421067 0.074617 -0.0349378 0.0639716 0.136437 0.09409 -0.126606 0.114413 -0.12345 -0.0696758 -0.00145034 0.0717937 -0.0286947 0.121995 0.124376 0.100179 -0.0776579 0.122502 -0.0204838 0.129597 0.0379739 -0.0286947 0.104477 0.135879 0.122502 0.139558 0.107603
internal_weight=1019 621.938 397.062 170.476 70.0118 151.424 72.8352 451.462 268.041 78.5886 250.716 100.464 59.0111 38.7337 21.2217 11.2235 244.812 243.016 140.91 15.7153 125.194 10.7101 58.333 16.1584 11.2235 25.2583 114.484 89.4246 84.9328 50.0032
internal_count=4076 1456 2620 818 181 706 203 638 594 503 459 637 314 156 56 51 413 399 296 86 210 47 90 53 51 51 163 150 115 98
is_linear=0
shrinkage=1


Tree=1
num_leaves=31
num_cat=0
split_feature=5 17 0 13 11 5 6 3 6 13 1 5 8 17 13 13 6 13 0 0 3 4 4 13 5 6 3 7 19 5
split_gain=999.345 322.368 209.233 132.28 138.733 112.321 103.108 97.4925 130.866 93.7083 50.151 33.985 43.0151 66.5573 19.6628 32.7803 18.649 16.8346 45.6262 40.4914 19.5351 23.5756 15.2979 14.7929 33.9368 10.6692 6.50299 20.2302 38.2751 11.0542
threshold=0.031196635103069834 0.13669655539772732 8.4980859470607981e-10 1.8279715776443484 4.9019222014834449e-09 0.028058106685736214 4.5159264019326223e-10 0.13909685373941569 9.050902568741116e-10 1.8104376792907717 0.14830037262500964 0.035874266780674936 2.1520109767659892e-10 0.15862482244318185 1.5965883731842043 1.8033008575439455 3.6231441611843481e-11 1.621868968009949 7.5243433453583735e-10 7.4267410024838915e-10 0.078563631162034173 9.9605962970725505e-11 1.0253673971289603e-10 1.6609806418418886 0.028201967694609333 2.5262906507057971e-10 0.0803260456341479 0.075414507890610452 3.6886004209518437 0.038648396307966335
decision_type=2 2 2 2 2 2 2 2 2 2 2 2 2 2 2 2 2 2 2 2 2 2 2 2 2 2 2 2 2 2
left_child=2 7 -1 11 -5 9 22 8 10 14 -2 12 -3 25 -4 -16 -12 -18 19 -19 21 -20 23 -7 -25 -14 -22 29 -29 -28
right_child=1 3 5 4 -6 6 -8 -9 -10 -11 16 -13 13 -15 15 -17 17 18 20 -21 26 -23 -24 24 -26 -27 27 28 -30 -31
leaf_value=-0.18187308102902408 -0.18571381808439269 -0.18187308102902408 0.16760912067596886 0.14696827225865569 -0.18406299955717664 0.17889760597417717 -0.18187308102902408 0.18031485765200039 -0.18187308102902408 -0.18187308102902408 -0.18187308102902408 -0.18187308102902408 0.17698583420483205 -0.18187308102902408 -0.18187308102902411 0.16310862998855447 0.14436392743164783 -0.18187308102902408 0.11714621851415968 0.16310862998855452 0.16812257406977071 -0.18187308102902403 0.14927594359347598 0.16326647389851226 -0.1877450548737431 0.043059225400002947 0.071282567266033811 -0.20828647417547985 0.11392608157255779 0.15849254963792583
leaf_weight=243.19793781638145 5.8472803384065619 20.075900822877884 9.9135266840457934 52.846938267350197 16.648678258061409 4.9156788438558605 14.358080968260763 181.62919366359711 17.153459563851357 56.79701055586338 2.1600652784109107 41.04124028980732 9.6497763991355914 13.341579660773276 6.099007844924925 5.0226117372512817 101.08949947357178 10.546201065182684 5.8088793754577619 5.0226117372512809 25.049262955784798 4.828381210565567 41.88989594578743 5.0179189294576627 6.1061591506004333 15.507868975400923 20.281921520829201 5.3740093559026745 11.741385504603384 51.287692248821259
leaf_count=1914 46 158 5 50 131 2 113 44 135 447 17 323 3 105 48 3 100 83 9 3 14 38 37 3 48 48 50 42 19 38
internal_value=-6.07052e-06 0.0794078 -0.124569 -0.0382231 0.067665 -0.031736 0.058019 0.123829 0.0852876 -0.115097 0.103689 -0.112094 -0.0632028 -0.00132064 0.0652044 -0.0260766 0.110648 0.113269 0.0908074 -0.0705795 0.11101 -0.0185823 0.117477 0.0344307 -0.0294086 0.0944298 0.12313 0.110422 0.0127556 0.133778
internal_weight=1010.25 616.932 393.318 169.112 69.4956 150.12 72.2877 447.82 266.191 77.8322 249.037 99.6164 58.5751 38.4992 21.0351 11.1216 243.19 241.03 139.94 15.5688 124.372 10.6373 57.9297 16.0398 11.1241 25.1576 113.734 88.685 17.1154 71.5696
internal_count=4076 1456 2620 818 181 706 203 638 594 503 459 637 314 156 56 51 413 396 296 86 210 47 90 53 51 51 163 149 61 88
is_linear=0
shrinkage=0.1


Tree=2
num_leaves=31
num_cat=0
split_feature=5 17 0 13 4 5 6 3 6 13 1 5 8 17 13 13 6 13 0 0 3 17 10 17 5 6 1 12 7 4
split_gain=830.492 267.2 175.009 109.726 117.112 93.4533 85.5444 82.9083 108.351 78.1579 41.45 28.6124 35.9853 55.1806 16.3215 27.2678 15.4227 13.9205 37.5459 33.7042 16.0578 19.8936 13.2799 32.7942 35.369 9.10133 6.26468 5.80587 39.8209 10.3828
threshold=0.031196635103069834 0.13669655539772732 8.4980859470607981e-10 1.8279715776443484 1.8208736793561285e-10 0.028058106685736214 4.5159264019326223e-10 0.13909685373941569 9.050902568741116e-10 1.8104376792907717 0.14830037262500964 0.035874266780674936 2.1520109767659892e-10 0.15862482244318185 1.5965883731842043 1.8033008575439455 3.6231441611843481e-11 1.621868968009949 7.5243433453583735e-10 7.4267410024838915e-10 0.078563631162034173 0.11472389914772728 3.0407565832138066 0.092041015625000014 0.028107237639293393 2.5262906507057971e-10 0.11748904276498366 0.19940793514251712 0.050852743960693746 1.7456942772644334e-10
decision_type=2 2 2 2 2 2 2 2 2 2 2 2 2 2 2 2 2 2 2 2 2 2 2 2 2 2 2 2 2 2
left_child=2 7 -1 11 -5 9 22 8 10 14 -2 12 -3 25 -4 -16 -12 -18 19 -19 21 -20 23 -7 -25 -14 -27 -22 -29 -30
right_child=1 3 5 4 -6 6 -8 -9 -10 -11 16 -13 13 -15 15 -17 17 18 20 -21 27 -23 -24 24 -26 26 -28 28 29 -31
leaf_value=-0.16825817439294888 -0.17128129744654544 -0.16825817439294888 0.1544276479292952 0.1349543637897688 -0.17348173779205078 0.15956697540945755 -0.16825817439294888 0.16673935213202853 -0.16825817439294888 -0.16825817439294888 -0.16825817439294888 -0.16825817439294888 0.16350115214203034 -0.16825817439294888 -0.16825817439294891 0.15009673890166272 0.13219049162067087 -0.16825817439294888 0.10219218249572924 0.15009673890166275 0.15565868348861733 -0.17670512966066573 0.15411210619609705 0.14942659717454385 -0.19375288076803376 0.1207651179748076 -0.010553321222407 -0.18998813969596515 0.1365269904721835 0.054920845796534959
leaf_weight=236.89610521495342 5.7124458998441687 19.555686846375465 9.6944525092840212 52.098906427621841 16.11911391466856 14.583079367876055 13.986029200255869 177.00088056921959 16.708972938358784 55.325265951454639 2.1040928885340682 39.977764882147312 9.4126416295766848 12.995867840945719 5.9409681558608991 4.9173697084188461 99.439887687563896 10.272924102842806 5.9797830656170827 4.9173697084188452 24.41099525988102 4.4688943102955818 29.641067080199718 4.909683629870413 7.7338327020406723 5.8212777376174918 9.6634657084941846 4.4775333851575843 62.436869129538536 20.779707551002502
leaf_count=1914 46 158 5 51 130 7 113 44 135 447 17 323 3 105 48 3 100 83 11 3 13 36 18 3 62 9 39 35 60 55
internal_value=-2.57025e-05 0.0730212 -0.115101 -0.03519 0.0620745 -0.0292808 0.0533063 0.113879 0.0781277 -0.106399 0.0949312 -0.103295 -0.0580874 -0.00123129 0.0601162 -0.0240861 0.101286 0.103678 0.0830936 -0.065201 0.101474 -0.0170921 0.107798 0.0573764 -0.0604907 0.0859529 0.0388141 0.112525 0.100518 0.116149
internal_weight=987.983 604.355 383.628 165.645 68.218 146.732 70.8537 438.71 261.709 75.8781 245.001 97.4267 57.4489 37.8933 20.5528 10.8583 239.288 237.184 137.744 15.1903 122.554 10.4487 56.8677 27.2266 12.6435 24.8974 15.4847 112.105 87.6941 83.2166
internal_count=4076 1456 2620 818 181 706 203 638 594 503 459 637 314 156 56 51 413 396 296 86 210 47 90 72 65 51 48 163 150 115
is_linear=0
shrinkage=0.1


Tree=3
num_leaves=31
num_cat=0
split_feature=5 17 0 13 6 5 3 6 6 13 1 18 5 19 5 5 15 13 13 13 15 3 4 10 17 5 15 2 18 12
split_gain=698.539 223.885 148.593 92.0292 99.4839 78.7778 72.1146 90.6452 71.8359 66.0949 34.6098 24.759 27.9389 40.1741 18.5766 22.1136 14.3425 13.7038 22.9676 12.7174 62.0943 16.5607 21.7274 11.1035 27.4476 29.3813 6.86441 14.582 30.2713 8.10355
threshold=0.031196635103069834 0.13669655539772732 8.4980859470607981e-10 1.8279715776443484 6.4396427691629741e-10 0.028058106685736214 0.13909685373941569 9.050902568741116e-10 4.5159264019326223e-10 1.8104376792907717 0.14830037262500964 -0.18078890806910664 0.034350309739932354 2.447700142860413 0.033603614058776321 0.031485503093653049 2.5809687031141951e-05 1.5965883731842043 1.8033008575439455 1.621868968009949 3.8865333408466547e-05 0.078563631162034173 9.1644808465897721e-11 3.0407565832138066 0.092041015625000014 0.028107237639293393 4.3310614273650578e-05 3.3840937621992936e-10 0.67675273507748834 0.28863306343555456
decision_type=2 2 2 2 2 2 2 2 2 2 2 2 2 2 2 2 2 2 2 2 2 2 2 2 2 2 2 2 2 2
left_child=2 6 -1 11 -5 9 7 10 23 17 -2 -3 13 -13 15 -15 -12 -4 -19 -18 -21 22 -22 24 -7 -26 -23 28 -28 -29
right_child=1 3 5 4 -6 8 -8 -9 -10 -11 16 12 -14 14 -16 -17 19 18 -20 20 21 26 -24 -25 25 -27 27 29 -30 -31
leaf_value=-0.15768741582302273 -0.16013483425870115 0.094943384928305091 0.14383906597422214 0.12580496538513428 -0.1615210322502712 0.14827753181427034 0.15615518913802265 -0.15768741582302273 -0.15768741582302273 -0.15768741582302273 -0.21880655438972252 -0.16556133808306961 -0.15923175889716196 0.10558079958922494 0.13966577629182489 -0.17106375965357049 0.12302748762007878 -0.15768741582302276 0.13954926247736688 -0.16638977934096144 0.11537589152702106 0.13968693743508362 -0.16785173723075852 0.14289585626952025 0.13899723502684588 -0.17801850083563536 -0.20544641615105774 0.035834818416980697 0.15288366598832601 0.12257662419406457
leaf_weight=227.95157597959042 5.5092990770936003 6.3195076063275328 9.383121572434904 50.62468209862709 15.814944602549074 14.146107047796251 170.43075965344906 16.078089214861393 13.45795615762472 53.236339844763279 1.4618315771222103 16.097906179726124 49.878240935504436 5.3299195691943186 10.366973079740999 6.3104812577366829 97.049340784549713 5.7166539430618268 4.767752468585968 9.8338756337761861 5.5204715803265554 39.191445909440517 5.3175347298383713 28.81278745085001 4.7579977437853795 7.5827134400606155 4.7665388509631139 13.56014161556959 4.6648258864879608 52.343930698931217
leaf_count=1914 46 14 5 49 132 7 44 135 113 447 12 134 418 8 11 52 100 48 3 82 8 30 44 18 3 62 38 38 2 59
internal_value=-5.16342e-05 0.0678171 -0.107682 -0.0327346 0.0574114 -0.0273297 0.105783 0.0721549 0.0495089 -0.0996001 0.0876028 -0.0962455 -0.109978 -0.0455065 0.042311 -0.0443934 0.0934428 0.0560488 -0.0225199 0.0954081 0.0755822 0.094563 -0.0235863 0.0999331 0.0531976 -0.0557921 0.105744 0.0880857 -0.0282136 0.104729
internal_weight=956.284 586.471 369.813 160.743 66.4396 141.861 425.728 255.297 68.7576 73.1039 239.219 94.303 87.9835 38.1053 22.0074 11.6404 233.71 19.8675 10.4844 232.248 135.199 125.365 10.838 55.2996 26.4868 12.3407 114.527 75.3354 9.43136 65.9041
internal_count=4076 1456 2620 818 181 706 638 594 203 503 459 637 623 205 71 60 413 56 51 401 301 219 52 90 72 65 167 137 40 97
is_linear=0
shrinkage=0.1


Tree=4
num_leaves=31
num_cat=0
split_feature=5 17 0 13 4 5 3 6 6 13 1 5 17 9 14 13 13 13 0 3 4 10 17 5 6 0 1 3 2 6
split_gain=592.971 189.015 127.553 77.746 84.701 67.0787 63.9801 76.3774 60.9358 56.498 29.0982 21.7277 26.785 40.3023 14.01 11.6063 19.5329 11.1048 53.8516 12.006 16.2326 9.34045 23.2035 24.7266 6.03054 5.77084 8.54135 5.9819 12.6492 23.4645
threshold=0.031196635103069834 0.13669655539772732 8.4980859470607981e-10 1.8279715776443484 1.8208736793561285e-10 0.028058106685736214 0.13909685373941569 9.050902568741116e-10 4.5159264019326223e-10 1.8104376792907717 0.14830037262500964 0.035874266780674936 0.15862482244318185 0.077333884753165036 0.0052034186664968738 1.5965883731842043 1.8033008575439455 1.621868968009949 7.4267410024838915e-10 0.078563631162034173 9.8319811563329659e-11 3.0407565832138066 0.092041015625000014 0.028107237639293393 2.5262906507057971e-10 4.368261726928815e-10 0.15140497002271161 0.064000461299098393 1.1433629574803679e-10 8.9371580994491105e-11
decision_type=2 2 2 2 2 2 2 2 2 2 2 2 2 2 2 2 2 2 2 2 2 2 2 2 2 2 2 2 2 2
left_child=2 6 -1 11 -5 9 7 10 21 15 -2 12 13 -3 -12 -4 -17 25 -19 20 -20 22 -7 -24 -15 26 -16 -28 -29 -30
right_child=1 3 5 4 -6 8 -8 -9 -10 -11 14 -13 -14 24 17 16 -18 18 19 -21 -22 -23 23 -25 -26 -27 27 28 29 -31
leaf_value=-0.14927178284886164 -0.15129532669913959 -0.15055738621431691 0.13508907218567212 0.11654298714969616 -0.15570050069669145 0.13905182691248338 0.14768812824002364 -0.14927178284886164 -0.14927178284886164 -0.14927178284886164 -0.2015362911617804 -0.14962112822390186 -0.15005736019577301 0.1387462836447737 0.15727248968259999 -0.14927178284886164 0.13075365244423234 -0.15188223090548447 0.10068541244567707 0.097863566695790757 -0.15440322786036409 0.13361221866882811 0.13028702757647256 -0.16589057511303104 0.035426523195269156 0.13097344707692982 0.13604674536438383 0.13980240260603774 0.055981227265393167 -0.27460390309567656
leaf_weight=217.26934432983398 5.2607656195759764 11.960944496095179 9.0109662711620349 49.356332398951054 14.871454164385794 13.604026108980181 162.58337460458279 15.32464027404785 12.827291488647459 50.741586685180664 1.6751152873039235 36.722472578287125 17.875292465090752 8.9943553730845469 8.9036655426025408 5.4487609863281232 4.5888576656579971 10.100585512816904 5.441050209105013 111.45218196511269 4.6067575439810753 27.786124832928181 4.5777851194143278 7.335742674767971 15.189620971679686 66.367070764303207 4.6975565999746349 4.689991943538188 6.0498855337500554 3.3282216191291809
leaf_count=1914 46 105 5 51 130 7 44 135 113 447 14 323 157 5 2 48 3 88 8 165 40 18 3 62 47 48 3 3 14 28
internal_value=-8.29543e-05 0.0634137 -0.10174 -0.0306826 0.0535071 -0.0257603 0.0989382 0.0669656 0.0464075 -0.0941442 0.0812139 -0.0902721 -0.0499272 -0.000408348 0.0865949 0.0527045 -0.0212537 0.088734 0.069981 0.0884251 -0.0162686 0.0934968 0.0498151 -0.052084 0.0738526 0.114978 0.0766119 0.0383411 0.00571573 -0.061341
internal_weight=918.642 565.451 353.19 154.97 64.2278 135.921 410.481 247.897 66.131 69.7902 232.573 90.7427 54.0202 36.1449 227.312 19.0486 10.0376 225.637 131.601 121.5 10.0478 53.3037 25.5176 11.9135 24.184 94.0364 27.6693 18.7657 14.0681 9.37811
internal_count=4076 1456 2620 818 181 706 638 594 203 503 459 637 314 157 413 56 51 399 301 213 48 90 72 65 52 98 50 48 45 42
is_linear=0
shrinkage=0.1


Tree=5
num_leaves=31
num_cat=0
split_feature=5 17 0 4 4 3 6 5 6 13 18 0 18 1 18 14 13 13 19 2 4 1 18 19 0 2 4 13 5 13
split_gain=507.07 160.464 110.466 67.2538 112.934 57.6283 64.7256 57.5719 52.0987 48.7115 31.8062 24.8354 20.0619 11.8718 23.7959 10.7441 9.89591 16.7382 9.85608 42.3425 9.82607 25.8199 27.3357 17.5845 26.5043 27.3587 8.04789 8.3247 19.2103 7.27767
threshold=0.031196635103069834 0.13669655539772732 8.4980859470607981e-10 1.8208736793561285e-10 9.4960209164115321e-11 0.13909685373941569 9.050902568741116e-10 0.028058106685736214 4.5159264019326223e-10 1.8104376792907717 -0.18078890806910664 2.5841228734644798e-10 0.55958449976010771 0.24819027479325914 0.1807895258746364 0.0052034186664968738 1.5965883731842043 1.8033008575439455 4.3190870285034189 6.0535004131194263e-10 1.7456942772644334e-10 0.62438249533292034 0.0088957016335122988 0.99064403772354137 2.6120104792781207e-10 1.1516352567361596e-10 1.0253673971289603e-10 1.6609806418418886 0.028201967694609333 1.3961172699928286
decision_type=2 2 2 2 2 2 2 2 2 2 2 2 2 2 2 2 2 2 2 2 2 2 2 2 2 2 2 2 2 2
left_child=2 5 -1 4 10 6 11 9 26 16 -3 -2 -12 14 -6 -13 -4 -18 20 -20 23 22 -22 24 -17 -26 27 -9 -29 -25
right_child=1 3 7 -5 13 -7 -8 8 -10 -11 12 15 -14 -15 -16 18 17 -19 19 -21 21 -23 -24 29 25 -27 -28 28 -30 -31
leaf_value=-0.14243951116994671 -0.14582329008702086 0.13826367569192216 0.12768200502222291 -0.14895563906434836 -0.17660362625498482 0.14077426779698884 -0.14243951116994671 0.13892382551663238 -0.14243951116994671 -0.14243951116994671 -0.14898639880121653 -0.19201826611716816 0.04315034536678547 0.12777363657611074 0.10351378241056804 0.14946449550237376 -0.14243951116994674 0.12323924418412424 -0.22038014747737292 0.13064516512640459 0.087646583639281891 0.15318139554529664 -0.21658415751364546 -0.23267681505486384 0.12133761422539645 -0.17918654855792737 0.11246229258638202 0.12636338748588813 -0.15697773955024899 0.10812893960923611
leaf_weight=205.52516837418079 4.9561812728643408 5.1348988115787497 8.6015404313802737 35.525760926306248 4.2074078097939482 153.95519049465656 14.496289305388926 4.3107152953743926 12.133931048214434 47.998824588954449 41.303942680358887 1.4369404464960087 6.2577186301350585 45.275060750544071 10.861440919339655 8.5138092041015643 5.1542361974716169 4.3920106142759323 5.3813873231410971 9.5075636282563192 5.5742675215005875 8.7151727676391602 6.2816010341048241 0.62903165817260642 4.6122293025255194 8.8262135162949544 37.072544857859612 4.3859455138444883 5.2656165510416031 160.96819564700127
leaf_count=1914 46 5 5 325 37 44 135 2 113 447 381 12 20 32 18 2 48 3 45 7 10 2 51 5 4 78 37 3 48 197
internal_value=-0.000114085 0.0596198 -0.0968791 -0.0289384 0.00877997 0.0930249 0.0623818 -0.0244685 0.0438098 -0.089673 -0.0981797 0.0755544 -0.123707 0.102185 0.0253016 0.0805315 0.0498883 -0.0202068 0.0823198 0.00377235 0.0880492 0.0225109 -0.0735441 0.0953943 0.0114162 -0.0760432 0.0880921 0.0233844 -0.0282194 0.106802
internal_weight=877.261 542.42 334.841 148.566 113.04 393.854 239.899 129.315 63.1688 66.1466 52.6966 225.403 47.5617 60.3439 15.0688 220.446 18.1478 9.54625 219.009 14.889 204.121 20.571 11.8559 183.549 21.9523 13.4384 51.0348 13.9623 9.65156 161.597
internal_count=4076 1456 2620 818 493 638 594 706 203 503 406 459 401 87 55 413 56 51 401 52 349 63 61 286 84 82 90 53 51 202
is_linear=0
shrinkage=0.1


Tree=6
num_leaves=31
num_cat=0
split_feature=5 17 0 4 4 3 6 5 6 13 18 0 5 1 18 14 13 15 3 4 13 13 10 17 5 15 2 18 3 5
split_gain=435.988 136.772 96.5877 58.1314 96.1232 52.5189 55.1081 49.6692 44.6515 42.2936 27.1434 21.0914 18.4963 10.6433 26.3378 8.99765 8.8996 42.0993 11.3376 15.1904 8.48137 14.4305 7.55628 18.5273 19.2908 6.29182 12.477 22.9618 7.69228 27.4064
threshold=0.031196635103069834 0.13669655539772732 8.4980859470607981e-10 1.8208736793561285e-10 9.4960209164115321e-11 0.13909685373941569 9.050902568741116e-10 0.028058106685736214 4.5159264019326223e-10 1.8104376792907717 -0.18078890806910664 2.5841228734644798e-10 0.031485503093653049 0.26260188259928102 0.1807895258746364 0.0052034186664968738 1.621868968009949 3.8865333408466547e-05 0.078563631162034173 9.1644808465897721e-11 1.5965883731842043 1.8033008575439455 3.0407565832138066 0.092041015625000014 0.028107237639293393 4.3310614273650578e-05 3.3840937621992936e-10 0.58394195804033777 0.0803260456341479 0.038648396307966335
decision_type=2 2 2 2 2 2 2 2 2 2 2 2 2 2 2 2 2 2 2 2 2 2 2 2 2 2 2 2 2 2
left_child=2 5 -1 4 10 6 11 9 22 20 -3 -2 -12 14 -6 -13 -17 -18 19 -19 -4 -22 23 -9 -25 -20 27 -27 -28 -30
right_child=1 3 7 -5 13 -7 -8 8 -10 -11 12 15 -14 -15 -16 16 17 18 25 -21 21 -23 -24 24 -26 26 28 -29 29 -31
leaf_value=-0.13680524353414555 -0.13984236156046867 0.12761363687484278 0.12127768060171135 -0.14249437168806109 -0.17642177782431334 0.13503251635648675 -0.13680524353414555 0.12541339171787033 -0.13680524353414555 -0.13680524353414555 0.043207187969315629 -0.17760679518758335 -0.14311330889997934 0.12665675415572383 0.098998188772769224 0.10111561940740776 -0.15242493987655625 0.093340433889426783 0.1194093277865864 -0.15363965166599403 -0.13680524353414558 0.11668196279102611 0.12046826569034719 0.11616482457983546 -0.15727872983711805 -0.19849494588124994 0.14112064188699114 0.12304096336143377 -0.074536402690371692 0.10744579999275228
leaf_weight=193.2234388589859 4.6662525609135619 5.013298623263835 8.1724622473120707 33.5258504524827 4.4966641291976002 144.91680029034615 13.6286124587059 12.409301884472372 11.407653391361235 45.125850141048431 6.1714388579130164 1.3999977037310589 38.984893172979355 38.263063013553619 15.237915374338625 87.763852283358574 8.7147437259554845 5.1358531117439252 35.539856515824795 4.8343075141310692 4.8457288742065412 4.1856894195079803 25.560812123119831 4.1679503470659238 6.7716365307569504 4.590351998805998 16.94628844410181 4.3029148727655411 11.042604379355906 33.024956293404102
leaf_count=1914 46 5 5 325 41 44 135 7 113 447 21 12 380 23 23 100 82 8 30 44 48 3 18 3 62 37 6 3 55 36
internal_value=-0.000145166 0.0563019 -0.0927493 -0.0274438 0.00821552 0.0878184 0.0582743 -0.0233416 0.0413491 -0.0859436 -0.0931408 0.0704722 -0.117649 0.0958917 0.0362418 0.0750732 0.0767427 0.0595105 0.075513 -0.0264147 0.0474667 -0.0193244 0.0829016 0.0417762 -0.0530975 0.0851504 0.0677336 -0.0429231 0.0838627 0.0618441
internal_weight=834.071 518.201 315.871 141.693 108.167 376.507 231.591 122.647 60.3174 62.3297 50.1696 217.962 45.1563 57.9976 19.7346 213.296 211.896 124.132 115.417 9.97016 17.2039 9.03142 48.9097 23.3489 10.9396 105.447 69.9071 8.89327 61.0138 44.0676
internal_count=4076 1456 2620 818 493 638 594 706 203 503 406 459 401 87 64 413 401 301 219 52 56 51 90 72 65 167 137 40 97 91
is_linear=0
shrinkage=0.1


Tree=7
num_leaves=31
num_cat=0
split_feature=5 17 0 4 4 3 4 5 6 13 18 0 18 1 18 19 2 18 3 0 15 4 11 9 19 0 19 13 13 1
split_gain=377.061 117.227 84.8248 50.5648 82.2334 47.9993 47.7821 43.1202 38.5875 36.9359 23.2859 17.9576 16.632 9.42501 22.2011 7.89747 33.9127 9.43437 13.5356 35.3625 7.65449 8.13659 9.48644 20.302 7.31266 16.4291 24.1647 7.29817 12.5021 6.51535
threshold=0.031196635103069834 0.13669655539772732 8.4980859470607981e-10 1.8208736793561285e-10 9.4960209164115321e-11 0.13909685373941569 7.4050446434831414e-10 0.028058106685736214 4.5159264019326223e-10 1.8104376792907717 -0.18078890806910664 2.5841228734644798e-10 0.55958449976010771 0.26260188259928102 0.1807895258746364 4.3190870285034189 6.0535004131194263e-10 0.25777936256913986 0.085812365380081565 7.4267410024838915e-10 2.5809687031141951e-05 8.7806186700858243e-11 1.8901871179366485e-09 0.12346922064045039 0.45802341401577001 7.5243433453583735e-10 3.6886004209518437 1.5965883731842043 1.8033008575439455 0.3067959279214888
decision_type=2 2 2 2 2 2 2 2 2 2 2 2 2 2 2 2 2 2 2 2 2 2 2 2 2 2 2 2 2 2
left_child=2 5 -1 4 10 6 11 9 29 27 -3 -2 -12 14 -6 17 -17 18 20 -20 -13 -22 -23 -24 -21 -26 -27 -4 -29 -9
right_child=1 3 7 -5 13 -7 -8 8 -10 -11 12 15 -14 -15 -16 16 -18 -19 19 24 21 22 23 -25 25 26 -28 28 -30 -31
leaf_value=-0.13209932387485598 -0.13484718373294088 0.11851962109984848 0.11563420392416919 -0.13711364074141538 -0.16642187751775506 0.1301953662039354 -0.14045580994000284 -0.0080358751284986662 -0.13209932387485598 -0.13209932387485598 -0.13774409464911661 -0.23677151825040538 0.041116010915554002 0.1203538459253426 0.091627363221673086 -0.19801466755612263 0.11592941753776471 0.097999253901088712 -0.17474811128293458 0.14097988636575498 0.10823835410667 0.10355077963597975 -0.17426104211860149 0.1217023007596352 0.13355379026863406 -0.20839637316175255 0.10066609211127726 -0.13209932387485601 0.11085102590658645 0.094937298170316556
leaf_weight=180.73834897577763 4.3704178333282462 4.8658269271254531 7.7368307411670711 31.463497191667557 4.3002489730715778 135.74324874579906 11.872032374143599 7.288084276020526 10.670550383627413 42.210053287446499 36.644088670611382 0.74809781461954017 6.058560609817504 36.340108722448349 14.838470593094824 5.4696586802601805 9.2760343328118307 94.116338782012463 8.4331875368952733 7.9283857345581081 44.005544096231461 8.7362870499491709 5.1596396565437299 4.2079734727740288 7.931751117110255 5.2204682454466802 4.9084024205803871 4.5326231718063337 3.9762002378702164 39.160768292844296
leaf_count=1914 46 5 5 325 41 44 123 34 113 447 381 6 20 23 23 47 10 119 80 2 49 9 46 4 3 43 7 48 3 56
internal_value=-0.000174997 0.0534407 -0.0893142 -0.0261552 0.00772382 0.0833365 0.0547339 -0.0224061 0.0393855 -0.0827852 -0.0887501 0.0657418 -0.112368 0.0904422 0.0336467 0.0699945 -0.000522687 0.0754273 0.0535894 0.00318277 0.0811932 0.085023 0.028593 -0.041313 0.0609197 0.0257742 -0.0586262 0.0453445 -0.0185679 0.0787802
internal_weight=788.952 492.638 296.313 134.511 103.047 358.127 222.384 115.575 57.1194 58.4557 47.5685 210.512 42.7026 55.4788 19.1387 206.142 14.7457 191.396 97.2797 34.4222 62.8575 62.1094 18.1039 9.36761 25.989 18.0606 10.1289 16.2457 8.50882 46.4489
internal_count=4076 1456 2620 818 493 638 594 706 203 503 406 471 401 87 64 425 57 368 249 135 114 108 59 50 55 53 50 56 51 90
is_linear=0
shrinkage=0.1


Tree=8
num_leaves=31
num_cat=0
split_feature=5 17 0 11 4 3 6 5 6 13 18 5 19 5 11 1 0 13 13 0 2 5 1 1 2 18 10 17 15 13
split_gain=326.667 100.73 75.5813 44.6264 69.4421 44.184 41.3489 37.4649 33.0343 32.4156 20.0688 15.5456 12.523 17.6244 14.9443 11.6775 26.5398 9.9599 7.39097 14.1808 49.611 8.78275 29.9297 8.38697 23.9841 26.138 6.83347 16.0666 16.1932 6.29925
threshold=0.031196635103069834 0.13669655539772732 8.4980859470607981e-10 4.9019222014834449e-09 9.4960209164115321e-11 0.13909685373941569 9.050902568741116e-10 0.028058106685736214 4.5159264019326223e-10 1.8104376792907717 -0.18078890806910664 0.031485503093653049 4.6531774997711191 0.032843709735076478 7.1022340786264248e-10 0.24819027479325914 5.6044052550605343e-10 1.3961172699928286 1.4275459647178652 4.9023157325718428e-10 1.1923921532917703e-10 0.032980291820764222 0.34337102540020809 0.31643408969370795 1.437470625072181e-09 0.71118462885814637 3.0407565832138066 0.092041015625000014 3.9743226807331673e-05 1.5965883731842043
decision_type=2 2 2 2 2 2 2 2 2 2 2 2 2 2 2 2 2 2 2 2 2 2 2 2 2 2 2 2 2 2
left_child=2 5 -1 4 10 6 12 9 26 29 -3 -12 14 -14 -2 16 -6 -16 -19 20 -20 22 -21 -23 25 -25 27 -9 -29 -4
right_child=1 3 7 -5 15 -7 -8 8 -10 -11 11 -13 13 -15 17 -17 -18 18 19 21 -22 23 -24 24 -26 -27 -28 28 -30 -31
leaf_value=-0.12812715665501542 -0.15243625322955456 0.11057714707705756 0.1105745051577834 -0.1350998593222443 0.1029662469802351 0.12606906422789624 -0.12887428648465821 0.11539506659567414 -0.12812715665501542 -0.12812715665501542 0.041252127502867282 -0.13368075153111753 0.08843028014238509 -0.18812712976627274 -0.18440375975977327 0.11234713108981652 -0.18036812006442615 0.13253192228183694 0.11904796383285435 -0.19599419310338373 -0.19752895817502902 0.098195933822299422 0.091459301736159626 -0.19672430457386816 0.12644619686375688 0.1346372902972329 0.11062395584553553 0.094148585738643931 -0.16105715441384472 -0.017908963883674096
leaf_weight=168.34456850588322 3.0347366482019416 4.7023446410894385 7.3042735457420331 28.564015775918961 9.872753866016863 126.63642261922359 11.994802229106424 11.228097572922708 9.9388381615281087 39.315581046044827 5.9641160666942588 34.269446551799774 4.5508814156055433 4.6679008826613426 1.5117052495479573 38.894400075078011 4.9703208729624739 18.944006383419037 12.009029291570188 4.9996787831187275 8.4215719327330572 107.30653348565102 13.146551743149756 6.7622609734535235 12.193586654961107 3.6737663745880127 23.478464566171169 4.1842522397637349 6.126931868493557 7.9899886250495911
leaf_count=1914 31 5 5 316 20 44 135 7 113 447 21 380 8 42 14 30 46 7 10 45 80 138 19 57 7 1 18 7 58 51
internal_value=-0.000208761 0.0508683 -0.0860551 -0.0250273 0.00683656 0.0792828 0.051495 -0.0214131 0.0368776 -0.0800738 -0.0849023 -0.107749 0.0622468 -0.0516037 0.0677131 0.0835497 0.0080895 0.0712486 0.0733103 0.0666526 -0.0114463 0.0774278 0.0122596 0.0865288 0.031205 -0.080076 0.0733067 0.0326298 -0.0574953 0.0434525
internal_weight=745.002 467.091 277.911 127.237 98.6734 339.853 213.217 109.566 54.9566 54.6098 44.9359 40.2336 201.222 9.21878 192.003 53.7375 14.8431 188.969 187.457 168.513 20.4306 148.082 18.1462 129.936 22.6296 10.436 45.0177 21.5393 10.3112 15.2943
internal_count=4076 1456 2620 818 502 638 594 706 203 503 406 401 459 50 409 96 66 378 364 357 90 267 64 203 65 58 90 72 65 56
is_linear=0
shrinkage=0.1


Tree=9
num_leaves=31
num_cat=0
split_feature=5 3 6 0 0 5 13 6 0 2 3 13 5 4 19 13 17 8 18 10 9 3 13 6 19 5 0 13 13 18
split_gain=284.158 87.1764 85.9572 67.4649 56.679 32.478 28.8026 28.7122 18.3134 38.3322 15.8986 14.7351 15.0355 9.79935 28.7023 26.9888 11.1529 7.58584 6.12956 7.04641 8.91726 13.9766 5.98339 20.7572 5.86532 14.6439 17.1501 5.50956 10.9056 4.91502
threshold=0.031196635103069834 0.13909685373941569 9.050902568741116e-10 8.4980859470607981e-10 2.1591779031540135e-10 0.028058106685736214 1.8104376792907717 4.5159264019326223e-10 4.368261726928815e-10 1.3735147999626644e-10 0.063184293337522277 1.4568428397178652 0.039629783939431729 1.8208736793561285e-10 0.99064403772354137 2.0001097321510319 0.071133700284090925 2.4899201605367178e-10 0.080962517309341245 3.0407565832138066 0.022577370379440388 0.097632473574944464 2.0138945579528813 8.8402114651417711e-10 4.3190870285034189 0.050956059784542464 1.7828211859772188e-09 1.5965883731842043 1.8033008575439455 0.085977271029895011
decision_type=2 2 2 2 2 2 2 2 2 2 2 2 2 2 2 2 2 2 2 2 2 2 2 2 2 2 2 2 2 2
left_child=3 2 4 -1 -2 6 27 18 9 11 -10 -6 -13 14 -12 -15 -16 -17 -7 20 -20 -22 -19 -24 29 26 -26 -5 -29 -18
right_child=1 -3 -4 5 8 7 -8 -9 10 -11 13 12 -14 15 16 17 24 22 19 -21 21 -23 23 -25 25 -27 -28 28 -30 -31
leaf_value=-0.12474462456127669 -0.12711947320383538 0.12217416549697746 -0.12690485879433291 0.10596592497799687 0.089785332156301495 -0.02462196373696883 -0.12474462456127669 -0.12474462456127669 -0.17542498717781163 -0.15337662416609829 -0.14404995902382517 -0.1384684536433341 0.10012942574896946 -0.17376615206790513 -0.21473753556904698 0.12076066858875799 0.051965787192905968 0.11026203562452574 0.11477827545789382 0.12224490706786195 -0.15684153065617742 0.10519874845075583 -0.18544993849120742 0.12062479940860189 -0.18737057674370181 0.1324127607945523 0.096077854917875405 -0.12762790969905244 0.10641485355028946 0.097757999155658429
leaf_weight=156.24023160338402 19.048263616859913 117.90234249085188 34.728023640811443 6.8817471191287023 25.682602263987064 5.9182321056723586 36.48870612680912 9.2242143005132657 2.7457269728183737 12.702478662133215 5.783575788140296 6.9390974640846235 4.2640331238508224 6.1126828044652965 1.2558162286877621 11.395130515098574 28.305846691131592 4.000351019203662 7.1933752670884124 21.338872238993645 4.477910101413725 3.7318087965250015 4.5700355246663076 4.3009819388389587 4.803049758076666 7.1004030704498282 3.8421728163957596 4.1793783903121948 3.8022389858961105 136.32761608809233
leaf_count=1914 230 46 419 5 46 25 447 113 28 135 63 77 8 57 11 7 71 4 6 10 45 4 41 3 42 2 4 48 3 162
internal_value=-0.000234279 0.0485482 0.0217483 -0.083296 0.0396003 -0.0205668 -0.0769459 0.0352337 0.0513565 -0.00355393 0.0637029 0.0480411 -0.0476555 0.0667175 0.0752575 0.0140322 0.0822406 0.0613382 0.0698251 0.0850382 0.0334934 -0.0377285 0.00873094 -0.0370541 0.0843082 0.0259997 -0.0613984 0.0403973 -0.0161359 0.0898848
internal_weight=701.287 441.81 323.908 259.477 289.18 103.236 51.3521 51.8844 270.132 49.5882 220.543 36.8857 11.2031 217.798 187.418 30.3792 181.635 24.2665 42.6602 36.742 15.4031 8.20972 12.8714 8.87102 180.379 15.7456 8.64522 14.8634 7.98162 164.633
internal_count=4076 1456 1410 2620 991 706 503 203 761 266 495 131 85 467 355 112 292 55 90 65 55 49 48 44 281 48 46 56 51 233
is_linear=0
shrinkage=0.1


Tree=10
num_leaves=31
num_cat=0
split_feature=5 17 4 6 3 8 13 0 7 8 9 10 14 3 3 13 17 18 19 17 0 1 4 18 6 18 14 3 12 7
split_gain=248.559 104.267 56.0161 79.6277 28.1342 39.37 25.1892 30.0002 18.655 20.7394 17.4307 14.9342 30.256 14.1646 14.5688 11.5024 13.4773 9.89538 23.6617 9.47147 15.7189 8.98493 6.49 12.1715 19.2387 6.38739 16.3128 7.69346 18.3888 20.0966
threshold=0.028058106685736214 0.1141690340909091 8.1359039726043409e-11 9.050902568741116e-10 0.12557358794495779 3.5254974852732161e-10 1.5043211579322817 2.1591779031540135e-10 0.10719780800952299 6.7692358751330911e-10 0.042682368337656686 2.7125895023345952 0.0092139858752489107 0.10531083198199755 0.10620609861595905 1.6474846601486208 0.18108575994318185 0.40092023954176431 1.7303653359413149 0.1394486860795455 2.1846327989998409e-10 0.19486592756063464 1.7456942772644334e-10 -0.16424304804637688 8.8402114651417711e-10 0.20191268152980643 0.0066130494233220824 0.070909289907735443 0.19294651597738269 0.10133835751937142
decision_type=2 2 2 2 2 2 2 2 2 2 2 2 2 2 2 2 2 2 2 2 2 2 2 2 2 2 2 2 2 2
left_child=17 4 6 8 5 13 7 -3 11 -10 -9 12 -4 25 -15 -11 -17 -1 -19 -12 -21 -13 -23 -24 -25 26 -2 -28 -29 -30
right_child=1 2 3 -5 -6 -7 -8 10 9 15 19 21 -14 14 -16 16 -18 18 -20 20 -22 22 23 24 -26 -27 27 28 29 -31
leaf_value=-0.11673283560778652 -0.16724735440534316 -0.12368787569186804 0.11764706690339571 -0.12389986643317917 0.11768611665950619 -0.14536950725156358 -0.14102727732968418 -0.18349335622594787 -0.16368308909559912 0.12018310956447875 0.094763736549234048 -0.13808507765069764 -0.17554050660623399 0.090276564463650094 -0.17132371773331664 -0.16053423465974781 0.093638379287119863 0.11382607506054664 -0.12466944967219323 0.12462866507429243 -0.12933028422799406 0.095546778404082211 0.12737725523663776 -0.16229065334040432 0.12073985218705077 0.10082367849386323 0.12263287474286402 0.12302215715386405 -0.1633667814561687 0.13099726146754884
leaf_weight=143.69947738200426 3.251622036099433 21.166086137294769 7.1002995073795301 30.206829689443111 120.1682283654809 9.6470394954085332 33.648560017347336 3.4567440003156653 7.5674265921115902 8.2157236188650149 19.373293742537502 1.8321110531687725 6.9800162762403488 3.804999075829981 4.8327465653419495 4.6333532519638521 3.7946747094392776 6.5322063788771656 11.4545671492815 4.1415959671139699 5.9224001318216324 93.479771606624126 7.1951837763190296 5.7299982942640764 4.1346011012792587 51.934539422392845 14.524273470044134 10.225574620068075 6.9818627685308439 3.4729387760162354
leaf_count=1855 33 276 5 393 61 115 413 37 78 9 28 21 70 6 51 50 7 6 151 4 72 121 3 56 4 62 9 5 74 1
internal_value=-0.000268786 0.0347427 -0.00751873 0.0242836 0.0843421 0.0474718 -0.0731004 -0.0308208 0.0539932 -0.0264239 0.0289357 0.0693903 -0.0276944 0.0662578 -0.0560866 0.0359839 -0.0460944 -0.10798 -0.0380557 0.0538807 -0.0248196 0.0815552 0.0851956 0.0284757 -0.0436626 0.077949 0.0470571 0.066851 0.0276742 -0.0655832
internal_weight=659.109 497.422 268.579 180.87 228.844 108.676 87.7087 54.0601 150.663 24.2112 32.894 126.452 14.0803 99.0286 8.63775 16.6438 8.42803 161.686 17.9868 29.4373 10.064 112.372 110.54 17.0598 9.8646 90.3908 38.4563 35.2046 20.6804 10.4548
internal_count=4076 2064 1647 817 417 356 830 417 424 144 141 280 75 241 57 66 57 2012 157 104 76 205 184 63 60 184 122 89 80 75
is_linear=0
shrinkage=0.1


Tree=11
num_leaves=31
num_cat=0
split_feature=5 17 6 19 0 2 2 0 13 19 5 6 10 17 3 18 9 8 5 1 1 5 13 10 8 5 5 5 8 1
split_gain=217.885 81.1852 53.5957 47.3007 29.1532 21.4237 33.6691 20.886 19.3803 18.1958 20.7663 17.7396 13.4317 14.093 11.3945 26.2618 11.0789 19.8938 18.9914 15.6125 25.2617 12.7004 15.1451 6.86202 15.615 5.27717 20.5904 22.648 5.22872 5.00185
threshold=0.029645626973896954 0.092041015625000014 9.050902568741116e-10 1.3115398883819582 8.4980859470607981e-10 1.2214235930873302e-10 1.0725811006407804e-10 4.368261726928815e-10 1.4038064479827883 2.5783989429473881 0.022681084575069028 5.1700144954196561e-10 3.5340709686279301 0.18108575994318185 0.12557358794495779 0.085977271029895011 0.11987994700082019 3.5254974852732161e-10 0.029797055144820308 0.30895027131479064 0.36535894189913448 0.03276487404582714 1.4347510337829592 3.1540213823318486 1.8349596809809934e-10 0.034792237288990009 0.038648396307966335 0.038187609152249093 1.3032706689772901e-10 0.14830037262500964
decision_type=2 2 2 2 2 2 2 2 2 2 2 2 2 2 2 2 2 2 2 2 2 2 2 2 2 2 2 2 2 2
left_child=4 14 3 5 -1 6 -3 8 -5 10 -6 23 16 -14 15 -2 17 19 -19 21 -21 22 -9 24 28 -23 27 -27 -12 -8
right_child=1 2 -4 7 9 -7 29 12 -10 -11 11 -13 13 -15 -16 -17 -18 18 -20 20 -22 25 -24 -25 -26 26 -28 -29 -30 -31
leaf_value=-0.11944025386485202 -0.14892658799241587 -0.12438496609432477 -0.12241176472507338 0.064275954059559964 -0.12434668452386251 -0.13789546468432051 0.0053717515415957692 0.12150898450589234 -0.13137069041858424 -0.1330147948694109 -0.0087892836415140192 -0.11967997945085479 -0.17715594431558754 0.080058656243760268 0.11629855407630377 0.086789247360711752 0.10463091661695373 0.12463798008501488 -0.17225951086691582 -0.18549779741637201 0.087931496391835548 0.11079549934367097 -0.15670685073602805 0.10820109748320357 -0.14667865614687783 -0.21846200984374242 0.092227358878681845 0.11353158888438777 0.11006175036497359 0.10774707940264279
leaf_weight=120.18986324220896 5.5227183960378161 15.148926146328447 28.409469693899155 8.7300798669457453 12.258299380540846 21.054112434387207 7.3904050253331688 3.2532392144203168 12.053841568529604 15.558999724686144 6.0294422060251263 7.1111444160342208 4.8709191977977735 3.7857571840286255 107.83845307677984 32.788054876029491 46.390599470585585 3.0493178367614728 7.3418476469814777 6.3919884189963323 7.1679371893405914 41.125255219638348 4.909235768020153 13.844737507402895 4.5312016755342475 4.9177487827837449 39.605004109442234 3.5295982882380486 9.5876520872116071 13.472386926412581
leaf_count=1719 67 210 400 26 174 265 52 2 156 210 41 101 51 9 53 56 54 1 73 57 10 32 55 16 60 48 50 3 11 14
internal_value=-0.000292848 0.0391463 0.00785298 0.0224121 -0.089708 -0.0577623 -0.0109128 0.0456221 -0.0491913 -0.0378589 -0.0101141 0.0239529 0.0567972 -0.0646703 0.0996559 0.0528095 0.063068 0.0471714 -0.0851341 0.0595682 -0.0409598 0.0735722 -0.045821 0.054 0.0167562 0.0845003 0.0619958 -0.0797434 0.0641758 0.0714818
internal_weight=617.858 428.747 282.598 254.188 189.111 57.0658 36.0117 197.122 20.7839 68.9215 53.3625 41.1042 176.338 8.65668 146.149 38.3108 167.682 121.291 10.3912 110.9 13.5599 97.3401 8.16247 33.993 20.1483 89.1776 48.0524 8.44735 15.6171 20.8628
internal_count=4076 1744 1568 1168 2332 541 276 627 182 613 403 229 445 60 176 123 385 331 74 257 67 190 57 128 112 133 101 51 52 66
is_linear=0
shrinkage=0.1


Tree=12
num_leaves=31
num_cat=0
split_feature=5 3 6 0 17 2 18 10 9 7 5 4 8 18 17 12 18 19 18 18 3 4 17 17 3 3 12 12 6 7
split_gain=192.185 81.5017 56.4746 51.8026 16.0571 22.0328 17.9446 14.1851 13.5985 27.3241 12.9587 12.7727 12.7513 15.9653 8.03399 19.7831 7.83359 18.5482 6.19731 12.9422 5.98045 11.9456 5.56156 11.9729 23.6562 6.13483 16.5119 4.20692 4.75344 11.1971
threshold=0.028058106685736214 0.13067473720221698 9.050902568741116e-10 4.368261726928815e-10 0.13924893465909091 1.3801622469179262e-10 -0.18078890806910664 3.5340709686279301 0.11987994700082019 0.10187346638950993 0.048402366067695039 5.8863881567159788e-11 3.5254974852732161e-10 0.64799505070021224 0.13350053267045456 0.3812157958745957 0.40092023954176431 1.7303653359413149 -0.13323858200403096 -0.14033279073720964 0.070078023551933724 8.3103402878033119e-11 0.13150301846590912 0.12209250710227275 0.10279808254254774 0.10531083198199755 0.20098752528429034 0.14317614585161212 5.876834472304105e-11 0.046591986859455155
decision_type=2 2 2 2 2 2 2 2 2 2 2 2 2 2 2 2 2 2 2 2 2 2 2 2 2 2 2 2 2 2
left_child=16 2 3 4 5 20 -6 8 9 11 -9 -5 14 -14 22 -16 18 -18 19 -1 -2 -22 23 25 -25 27 -27 -13 -29 -30
right_child=1 -3 -4 7 6 -7 -8 10 -10 -11 -12 12 13 -15 15 -17 17 -19 -20 -21 21 -23 -24 24 -26 26 -28 28 29 -31
leaf_value=-0.11725018699898558 0.072804378032203354 0.11116886316435814 -0.1186855438111184 -0.11992025009557589 0.098270869065589836 -0.14255652325980459 -0.11964875854124131 -0.16174104026781355 0.094881100576438171 -0.15993763174437883 0.082731258918689127 -0.14188037490953906 -0.17095942240955755 0.12175081968709361 -0.15626678693519142 0.073304532897645477 0.1071063647616551 -0.11993891114185756 -0.11830036710644694 0.11302825353774311 -0.13800881038364832 0.11877272646265638 0.1136115176507318 -0.17424135884841985 0.09435642567149799 0.088029467139560405 -0.17487138597293594 0.11086441228450271 -0.052125054615860568 0.076875507960878553
leaf_weight=7.2131673321127892 18.891244832426313 100.47094184905291 31.596356865018606 4.60010141134262 4.2435032837092868 8.4694887734949571 34.497809745371342 6.119661368429659 51.500430319458246 6.8128463849425307 3.3579348437488079 0.88899917900562186 5.4885599836707097 2.8211758136749268 5.9372445568442371 10.206564109772442 5.7196850925683966 9.7004908844828588 112.4515540227294 3.6887401193380338 4.421195112168788 3.0694375485181808 19.038975164294243 6.3085855729877931 6.8279076255857944 6.6550054773688299 3.7268051020801067 28.375738449394703 7.6153327487409106 57.783179961144924
leaf_count=112 53 64 483 71 8 105 519 70 79 76 5 9 57 1 71 20 6 151 1738 5 57 2 14 65 11 11 38 23 50 102
internal_value=-0.000321409 0.0320582 0.00862937 0.0217046 -0.0514755 -0.002227 -0.0957791 0.0447132 0.0497704 0.0363481 -0.0751239 0.0443906 0.0490657 -0.0715836 0.0556029 -0.0111254 -0.102921 -0.0357228 -0.111321 -0.0393338 0.0428236 -0.0327874 0.0634533 0.0553729 -0.0346333 0.0666287 -0.00634523 0.0746318 0.0766844 0.061854
internal_weight=578.499 439.725 339.254 307.658 73.5927 34.8514 38.7413 234.065 224.587 173.087 9.4776 166.274 161.674 8.30974 153.364 16.1438 138.774 15.4202 123.353 10.9019 26.3819 7.49063 137.221 118.182 13.1365 105.045 10.3818 94.6633 93.7743 65.3985
internal_count=4076 2064 2000 1517 744 217 527 773 698 619 75 543 472 58 414 91 2012 157 1855 117 112 59 323 309 76 233 49 184 175 152
is_linear=0
shrinkage=0.1


Tree=13
num_leaves=31
num_cat=0
split_feature=5 3 6 0 17 2 18 19 0 11 5 1 13 5 5 1 2 18 1 18 19 5 5 10 17 18 18 19 2 3
split_gain=169.621 72.6024 49.7915 44.6334 14.4106 19.1303 15.8967 12.4474 14.8811 10.8494 9.61106 17.5842 14.7251 13.9522 12.3878 8.14879 21.8812 7.18106 14.8173 7.03246 16.3857 6.62141 11.1233 26.6716 8.07835 5.62066 11.3751 4.10128 8.98381 9.00975
threshold=0.028058106685736214 0.13067473720221698 9.050902568741116e-10 4.368261726928815e-10 0.13924893465909091 1.3801622469179262e-10 -0.18078890806910664 5.2309646606445321 5.2469937264992329e-10 7.1022340786264248e-10 0.033880514510475836 0.30028369864980553 1.4665121436119082 0.033279429983362661 0.028343834031621957 0.32499845208323003 1.437470625072181e-09 0.055899099245752128 0.62438249533292034 0.40092023954176431 1.7303653359413149 0.034792237288990009 0.037447415719650649 3.4422901868820195 0.080211292613636381 -0.13323858200403096 -0.14033279073720964 2.1112518310546879 1.6922807901289453e-10 0.10390341597499431
decision_type=2 2 2 2 2 2 2 2 2 2 2 2 2 2 2 2 2 2 2 2 2 2 2 2 2 2 2 2 2 2
left_child=19 2 3 4 5 9 -6 10 -9 -2 11 12 -5 14 -14 21 -17 18 -13 25 -21 -12 23 -23 -24 26 -1 28 -26 -30
right_child=1 -3 -4 7 6 -7 -8 8 -10 -11 15 17 13 -15 -16 16 -18 -19 -20 20 -22 22 24 -25 27 -27 -28 -29 29 -31
leaf_value=-0.1153417851713134 -0.13004934156699899 0.10850828954475439 -0.11664482103427637 0.10706708072939249 0.09188848962362979 -0.13804557085880931 -0.11751620045850242 0.10579549957984756 -0.1640796487799924 0.065342242340820103 0.10700624298196573 -0.16853890235428837 0.051414443617714647 0.054424023266926941 -0.1446838784699197 -0.17244032653841135 0.10725801146992733 0.073365947656852754 0.12552738201014912 0.10316753116618499 -0.11806996207814016 -0.18885239060794159 -0.17116353909223886 0.11741936213212284 0.11675385687215965 -0.11638563236083875 0.10747835091292866 0.088006120247509867 -0.16130125903770384 0.063087584029043839
leaf_weight=6.6291692107915878 3.2618320174515274 93.025018323212862 29.063971877098083 6.0346006676554671 4.0924594849348059 7.9009436331689349 31.752167958766222 3.0981836840510351 6.0002234056591988 22.068709343671799 37.341961335390806 3.8086839392781249 3.9897370152175489 7.2299377694725981 16.728351909667253 5.0187345035374147 6.3181895315647125 43.737408269196749 3.1147823333740234 5.3628711476922026 8.9091459177434427 5.6818388141691667 1.3490748777985562 5.6916768625378609 5.9250846803188306 103.33807871490717 3.5011513680219633 54.65097589418292 3.598467331379652 3.559394009411335
leaf_count=112 46 64 483 7 8 105 519 3 67 66 34 43 18 18 223 49 5 102 1 6 151 62 12 3 4 1738 5 72 38 12
internal_value=-0.000359711 0.0307194 0.00817759 0.0206037 -0.0496295 -0.00219281 -0.093608 0.042371 -0.0721819 0.0401815 0.0472463 0.0210567 -0.0345942 -0.0651821 -0.106921 0.0644126 -0.0165614 0.0583866 -0.0362421 -0.101096 -0.0349375 0.0722056 0.0560537 -0.0355841 0.0711405 -0.109417 -0.0383327 0.0759666 0.0256741 -0.0497193
internal_weight=541.783 414.042 321.017 291.953 69.0761 33.2315 35.8446 222.877 9.09841 25.3305 213.779 84.6435 33.9826 27.948 20.7181 129.135 11.3369 50.6609 6.92347 127.74 14.272 117.798 80.4565 11.3735 69.083 113.468 10.1303 67.7339 13.0829 7.15786
internal_count=4076 2064 2000 1517 744 217 527 773 70 112 703 412 266 259 241 291 54 146 44 2012 157 237 203 65 138 1855 117 126 54 50
is_linear=0
shrinkage=0.1


Tree=14
num_leaves=31
num_cat=0
split_feature=5 3 6 0 13 0 10 10 7 17 3 17 2 5 3 14 19 0 4 6 18 19 18 18 5 18 5 19 0 13
split_gain=149.952 64.7083 43.9862 38.5066 13.1196 22.2602 10.89 11.3715 22.7668 14.3269 13.8263 10.444 10.0801 9.19938 6.38473 15.2739 7.42629 11.8082 7.54569 26.8424 6.33418 14.4933 5.11449 10.0143 4.74056 10.4981 12.6034 4.00346 7.45406 11.8072
threshold=0.028058106685736214 0.13067473720221698 9.050902568741116e-10 4.368261726928815e-10 1.5010899901390078 2.1591779031540135e-10 3.5340709686279301 3.2274066209793095 0.10187346638950993 0.13474343039772732 0.070078023551933724 0.18108575994318185 1.2214235930873302e-10 0.048402366067695039 0.10620609861595905 0.012976392172276975 0.99064403772354137 6.7166797307480598e-09 1.2781485033282384e-10 3.9665338899043612e-10 0.40092023954176431 1.7303653359413149 -0.13323858200403096 -0.14033279073720964 0.033880514510475836 0.2096697369548069 0.028107237639293393 2.3975245952606206 1.9644456917374368e-09 1.5557491183280947
decision_type=2 2 2 2 2 2 2 2 2 2 2 2 2 2 2 2 2 2 2 2 2 2 2 2 2 2 2 2 2 2
left_child=20 2 3 4 5 -2 7 8 9 14 -11 -8 -7 -14 16 -16 17 -5 24 -20 22 -22 23 -1 25 26 -18 -27 29 -29
right_child=1 -3 -4 6 -6 12 11 -9 -10 10 -12 -13 13 -15 15 -17 18 -19 19 -21 21 -23 -24 -25 -26 27 -28 28 -30 -31
leaf_value=-0.11367055895452752 -0.11570302751302719 0.10599127977596821 -0.11485470463825419 -0.13234347874435698 -0.12090254418572904 0.065257987361818801 -0.16059265469869027 0.088432901369736694 -0.14826498459823564 0.039247588142318046 -0.16016171137484667 0.065298027041114634 -0.13838521138353585 0.072184535934552582 -0.15338952459122956 0.084479995925651474 0.11484259672660851 0.12251596130185659 -0.19037736575394615 0.07024256074083457 0.0993194798747387 -0.1164377398734749 -0.11471070133318205 0.10220154440475082 0.09236675220666539 0.10466006190979048 -0.15373250303095676 0.11350205727247287 0.11862328189038472 -0.16173662587276499
leaf_weight=6.0819729119539261 16.077286195009947 86.069513738155365 26.686961516737938 4.9179267995059481 17.801844231784344 22.208076644688848 5.1272841021418554 46.312415443360806 6.7038364596664897 7.2409965358674508 6.6892297491431236 3.4067171774804592 5.620265454053877 3.2888511046767235 4.9427628368139249 5.9476660639047623 2.7159423828124991 2.88405442237854 5.1334141083061722 17.170125387609005 5.0309343189001074 8.1685186848044378 94.799204614013433 3.3231031000614148 58.98761959373951 17.19987935945392 4.8988266214728355 2.7274694070219976 5.0838859081268311 3.636741615831852
leaf_count=112 285 64 483 72 299 75 64 73 83 33 87 11 77 8 59 9 2 1 48 38 6 151 1738 5 69 20 56 2 2 44
internal_value=-0.000400126 0.029462 0.0077526 0.0195768 -0.0477501 -0.0201569 0.0402449 0.0448927 0.0320393 0.040088 -0.0565078 -0.0704186 0.0292088 -0.0606522 0.0499642 -0.0234802 0.0563448 -0.038133 0.0626152 0.0102579 -0.0994658 -0.0342025 -0.107733 -0.0373963 0.0748751 0.0464219 -0.0579404 0.0741618 0.0283406 -0.0437793
internal_weight=506.883 389.48 303.41 276.723 64.9963 47.1945 211.727 203.193 156.88 150.177 13.9302 8.534 31.1172 8.90912 136.246 10.8904 125.356 7.80198 117.554 22.3035 117.404 13.1995 104.204 9.40508 95.2504 36.2627 7.61477 28.648 11.4481 6.36421
internal_count=4076 2064 2000 1517 744 445 773 698 625 542 120 75 160 85 422 68 354 73 281 86 2012 157 1855 117 195 126 58 68 48 46
is_linear=0
shrinkage=0.1


Tree=15
num_leaves=31
num_cat=0
split_feature=5 3 6 0 13 0 19 5 2 5 4 1 3 5 12 9 4 19 18 5 7 18 19 18 18 3 11 4 5 19
split_gain=132.761 57.7284 40.7085 34.6769 12.0119 19.7371 9.66936 11.709 8.48961 8.05773 7.36025 13.8941 9.43961 10.7847 5.79388 24.547 9.01287 20.1772 6.13305 15.0873 5.87811 5.72344 12.8318 4.66933 8.82801 4.59511 5.65326 4.31103 13.8032 3.50905
threshold=0.028058106685736214 0.13909685373941569 9.050902568741116e-10 4.368261726928815e-10 1.5010899901390078 2.1591779031540135e-10 5.2309646606445321 0.050956059784542464 1.2214235930873302e-10 0.048402366067695039 6.4086701750914467e-11 0.21838730006025212 0.066458257674644916 0.028343834031621957 0.19940793514251712 0.034321373469587232 1.8208736793561285e-10 3.6886004209518437 0.090946131861445886 0.033603614058776321 0.046591986859455155 0.40092023954176431 1.7303653359413149 -0.13323858200403096 -0.14033279073720964 0.068378990732956627 3.3862669335249511e-09 1.0253673971289603e-10 0.032980291820764222 0.51214683055877697
decision_type=2 2 2 2 2 2 2 2 2 2 2 2 2 2 2 2 2 2 2 2 2 2 2 2 2 2 2 2 2 2
left_child=21 2 3 4 5 -2 10 -8 29 -10 11 -5 13 -12 -14 -16 18 -18 19 -17 -20 23 -23 24 -1 -21 -27 28 -22 -7
right_child=1 -3 -4 6 -6 8 7 -9 9 -11 12 -13 14 -15 15 16 17 -19 20 25 27 22 -24 -25 -26 26 -28 -29 -30 -31
leaf_value=-0.11220175425585793 -0.11405856473648411 0.10731532632380912 -0.11367470732913804 0.083303267629302125 -0.1188782928557347 0.096279368003287361 -0.15359263652276192 0.099669857457080971 -0.13462360765139811 0.067223474394197971 0.09914336088015159 -0.12792830834139474 0.091516102679196132 -0.16027479332666317 -0.16462941884881371 -0.14292373349629103 -0.14770608060372745 0.074325256225715536 -0.14378709033111162 0.11438934981602006 -0.14130725333150235 0.095522239931684488 -0.11500461163195874 -0.11323941671297427 0.097123879769586807 -0.053712753808172399 0.086492147386403054 0.089215344338331781 0.069666885043929025 0.01532617552226879
leaf_weight=5.5715363956987858 14.746290963143108 73.79227202758193 25.009179137647152 5.7875414825975877 16.592992030084133 12.029173720628028 5.3658471256494504 2.7667520418763161 5.2201804779469949 3.184056032449007 2.521232306957244 6.7408283948898315 32.448061652481556 4.3979467488825321 5.390013486146926 4.7373940460383919 6.8704890869557884 10.124053850769995 1.2321671843528736 7.975021347403529 3.5561512038111713 4.7239068970084173 7.47855569049716 86.835092298686504 3.1559713110327703 5.8158611096441728 5.6891072727739811 70.084749165922403 24.23691264539957 9.6500535160303098
leaf_count=112 285 48 489 19 302 22 67 3 77 8 2 118 40 59 60 61 77 21 15 5 48 6 151 1738 5 32 11 92 50 53
internal_value=-0.000441193 0.0282858 0.00832576 0.0197462 -0.0461904 -0.0192862 0.0394313 -0.0674314 0.0271692 -0.0581512 0.0438293 -0.0303489 0.0488506 -0.0657472 0.0533012 0.0447913 0.0528355 -0.0154367 0.0622434 0.0171302 0.0732667 -0.0979965 -0.0335039 -0.106232 -0.0365071 0.0560542 0.0156174 0.0759992 0.0426725 0.0602448
internal_weight=473.729 365.964 292.172 267.163 61.4227 44.8298 205.74 8.1326 30.0835 8.40424 197.608 12.5284 185.079 6.91918 178.16 145.712 140.322 16.9945 123.327 24.2174 99.11 107.765 12.2025 95.5626 8.72751 19.48 11.505 97.8778 27.7931 21.6792
internal_count=4076 2064 2016 1527 747 445 780 70 160 85 710 137 573 61 512 472 412 98 314 109 205 2012 157 1855 117 48 43 190 98 75
is_linear=0
shrinkage=0.1


Tree=16
num_leaves=31
num_cat=0
split_feature=5 3 6 0 17 2 18 4 10 9 7 8 18 17 4 1 12 9 19 10 1 5 5 18 19 18 18 5 17 4
split_gain=117.697 51.8414 36.0594 29.9546 11.1612 13.8516 12.066 10.0343 8.64682 8.76467 18.4266 9.61601 9.37907 8.34662 6.70004 12.4071 6.05417 21.9149 7.24783 9.12012 7.93554 7.42759 9.65988 5.18765 11.3692 4.27713 7.79086 3.29035 5.09077 9.0886
threshold=0.028058106685736214 0.13909685373941569 9.050902568741116e-10 4.368261726928815e-10 0.13924893465909091 1.3801622469179262e-10 -0.18078890806910664 5.3094337421729198e-11 3.5340709686279301 0.11987994700082019 0.10187346638950993 3.5254974852732161e-10 0.57066242628603847 0.18108575994318185 6.4086701750914467e-11 0.21838730006025212 0.19940793514251712 0.034321373469587232 1.4110429883003237 3.1540213823318486 0.30895027131479064 0.032208753770584901 0.043640138068679134 0.40092023954176431 1.7303653359413149 -0.13323858200403096 -0.14033279073720964 0.032208753770584901 0.11272638494318184 7.3352202919563596e-11
decision_type=2 2 2 2 2 2 2 2 2 2 2 2 2 2 2 2 2 2 2 2 2 2 2 2 2 2 2 2 2 2
left_child=23 2 3 4 5 7 -6 -2 9 10 11 14 -13 -10 15 -5 -16 -18 19 -19 -20 -22 -23 25 -25 26 -1 -9 -29 -30
right_child=1 -3 -4 8 6 -7 -8 27 13 -11 -12 12 -14 -15 16 -17 17 18 20 -21 21 22 -24 24 -26 -27 -28 28 29 -31
leaf_value=-0.11090676347173355 -0.12550437031744896 0.10546398832165077 -0.11224535909321449 0.080575289056484575 0.082811457334975858 -0.12872918306221651 -0.11313488628752927 0.11321727763606965 -0.15196555824419911 0.08220830829998417 -0.14497177153557164 -0.15830570706103642 0.086284618280720579 0.06018033061755055 0.088961859645694072 -0.12581639523712579 -0.15588638032329144 -0.1424988394842564 0.074185223897912753 0.11428292157224709 0.055583330093322073 -0.17716039889605897 0.060495779690744204 0.091747443969935102 -0.11373947591290033 -0.11194201369652129 0.092194643756790859 0.097294945496010643 -0.15665143597357523 0.097610052706772282
leaf_weight=5.0971782431006432 3.2623189799487653 67.882461879402399 22.902615036815405 5.4950391687452775 3.5913941450417068 6.5430198833346358 25.147675231099129 7.9906728789210346 4.5935435108840457 41.700047306716442 5.7664560228586188 4.6847081966698161 2.356322780251503 3.1102855131030083 30.525571946054697 6.1977662406861782 5.5055463276803485 4.0424147956073275 62.845232903957367 2.1025819778442383 9.0734649226069468 4.22595615312457 2.8730829060077667 4.4412626102566701 6.8382856026291847 79.435557596385479 3.0004610046744329 5.5410669296979886 3.0031281225383282 2.6431793458759785
leaf_count=112 52 48 489 18 8 106 521 7 64 79 77 55 3 11 39 118 65 56 123 1 26 39 6 6 151 1738 5 10 39 4
internal_value=-0.000478184 0.0271812 0.00790814 0.0187927 -0.0444892 -0.000702344 -0.0886483 0.0366269 0.0375155 0.041784 0.0302139 0.0374334 -0.0764521 -0.0663154 0.0434676 -0.0288225 0.0504422 0.0374736 0.0499738 -0.054638 0.0581092 -0.00436106 -0.0809775 -0.0966593 -0.0328301 -0.104884 -0.0356505 0.0642066 0.0292003 -0.0376252
internal_weight=442.418 343.606 275.723 252.82 57.7225 28.9834 28.7391 22.4404 195.098 187.394 145.694 139.928 7.04103 7.70383 132.887 11.6928 121.194 90.6683 85.1627 6.145 79.0177 16.1725 7.09904 98.8127 11.2795 87.5332 8.09764 19.178 11.1874 5.64631
internal_count=4076 2064 2016 1527 747 218 529 112 780 705 626 549 58 75 491 136 355 316 251 57 194 71 45 2012 157 1855 117 60 53 43
is_linear=0
shrinkage=0.1


Tree=17
num_leaves=31
num_cat=0
split_feature=5 3 6 0 0 19 5 17 5 6 10 17 3 8 14 19 18 18 5 2 1 0 2 17 19 5 17 4 19 10
split_gain=104.555 41.9536 32.3428 23.5453 16.5658 10.6539 10.9714 10.0838 9.91688 9.1621 5.56678 10.4616 19.0524 5.98714 9.29929 5.13852 11.4807 4.5107 9.65215 8.98781 8.53358 6.62878 13.661 8.36663 4.9682 6.77495 23.7522 3.94697 5.14394 3.61873
threshold=0.029645626973896954 0.13909685373941569 9.050902568741116e-10 2.1591779031540135e-10 8.4980859470607981e-10 2.5783989429473881 0.022681084575069028 0.16097745028409094 0.048402366067695039 5.1700144954196561e-10 3.2274066209793095 0.13350053267045456 0.076268059717456413 3.5254974852732161e-10 0.020308482460677627 3.6886004209518437 -0.019042714901099145 0.25358397965531126 0.03276487404582714 1.1008315716728812e-10 0.16788876247959 1.5998627343213388e-09 2.2013354952808329e-10 0.12457830255681819 2.9475910663604741 0.043640138068679134 0.12888405539772732 1.3149441742516958e-10 4.1709723472595224 3.1540213823318486
decision_type=2 2 2 2 2 2 2 2 2 2 2 2 2 2 2 2 2 2 2 2 2 2 2 2 2 2 2 2 2 2
left_child=4 2 3 -2 -1 6 -6 10 -9 29 11 13 15 17 -15 16 -13 18 19 -5 -20 22 -22 -24 -19 26 -26 -12 -29 -8
right_child=1 -3 -4 7 5 -7 9 8 -10 -11 27 12 -14 14 -16 -17 -18 24 20 -21 21 -23 23 -25 25 -27 -28 28 -30 -31
leaf_value=-0.1101035981421489 -0.11150561107010255 0.10409633461623541 -0.11107384753145987 0.095262823357971371 -0.11521636999944113 -0.12354753758182635 0.013874812606086917 -0.13065607638388962 0.10550168192944534 -0.1108361209898706 0.10191608427064847 0.058070818454350373 -0.14267010012793116 -0.14967259231863791 0.098813740606614187 0.091751209929814628 -0.1266472119173466 0.085765986414700845 -0.17050361247014789 -0.13185819580811317 0.0633181866185204 0.10841384420988168 -0.16036632659436248 0.049068053464881238 -0.18740885176481387 0.1031153893647585 0.095112381847516997 -0.049762669316230253 0.073052764574532469 0.093713699496125957
leaf_weight=72.097444120794535 12.263529665768145 62.310955628752708 19.640476603060961 2.3943092450499517 7.4183271639049044 10.107423312962053 13.944391932338482 6.9515796583145839 2.3893313258886337 4.4003698267042628 19.608225770294666 9.3654985763132572 9.3946939110755903 3.8906968012452117 2.4572630450129509 7.9136883541941634 5.2513470351696059 40.018418211489916 1.7956336364150036 6.3989583514630795 25.756484251469374 14.384049031883476 5.2655371502041799 2.9909273609519005 5.0398840457201022 6.9140849113464347 7.2659369558095932 4.947246763855218 10.977109886705874 9.5755641609430295
leaf_count=1719 283 47 457 4 174 210 112 122 2 101 18 35 151 46 4 17 93 59 21 110 70 12 56 9 51 6 8 33 30 16
internal_value=-0.000522128 0.0312018 0.0117307 0.0230208 -0.0802982 -0.0330137 -0.00711955 0.0312134 -0.0702488 0.0216014 0.0361489 0.0280359 -0.0230369 0.0411248 -0.0534848 0.0268473 -0.00829223 0.0462048 0.0266301 -0.0700157 0.0435615 0.0515038 0.0274366 -0.0844981 0.0656961 0.023908 -0.020595 0.0718809 0.0348975 0.0463792
internal_weight=413.129 295.586 233.275 213.634 117.544 45.4461 35.3387 201.371 9.34091 27.9203 192.03 156.497 31.9252 124.572 6.34796 22.5305 14.6168 118.224 58.9859 8.79327 50.1926 48.397 34.0129 8.25646 59.2383 19.2199 12.3058 35.5326 15.9244 23.52
internal_count=4076 1744 1697 1240 2332 613 403 957 124 229 833 752 296 456 50 145 128 406 282 114 168 147 135 65 124 65 59 81 63 128
is_linear=0
shrinkage=0.1


Tree=18
num_leaves=31
num_cat=0
split_feature=5 3 6 0 13 0 19 0 2 5 1 5 13 0 3 9 10 13 5 12 7 9 6 18 19 10 18 10 19 13
split_gain=92.5586 41.8315 28.4216 22.6568 9.29424 14.2625 7.39481 8.79712 6.14092 6.06045 5.05609 14.1746 6.42621 12.1605 9.01625 5.35102 10.9739 7.42058 5.03947 5.2088 14.7547 4.89898 12.5345 4.89499 9.60291 3.84408 3.66482 6.30609 2.66259 3.14398
threshold=0.028058106685736214 0.13909685373941569 9.050902568741116e-10 4.368261726928815e-10 1.5010899901390078 2.1591779031540135e-10 5.2309646606445321 5.2469937264992329e-10 1.2214235930873302e-10 0.048402366067695039 0.26770327380335324 0.031767594336466164 1.6450549960136416 1.0276783068390786e-09 0.068378990732956627 0.11987994700082019 3.0582332611083989 2.4196929931640629 0.039629783939431729 0.19294651597738269 0.050852743960693746 0.071885383673824341 1.9253685496125865e-10 0.40092023954176431 1.7303653359413149 2.5127375125885014 -0.13323858200403096 3.1974639892578129 0.51214683055877697 1.3697448968887331
decision_type=2 2 2 2 2 2 2 2 2 2 2 2 2 2 2 2 2 2 2 2 2 2 2 2 2 2 2 2 2 2
left_child=23 2 3 4 5 -2 10 -8 28 -10 11 -5 25 14 -14 16 18 -18 19 -12 -21 22 -22 26 -25 -13 27 -1 -7 -30
right_child=1 -3 -4 6 -6 8 7 -9 9 -11 15 12 13 -15 -16 -17 17 -19 -20 20 21 -23 -24 24 -26 -27 -28 -29 29 -31
leaf_value=-0.1101158168921172 -0.1103313027533992 0.1020571518404767 -0.10985086126327946 -0.12172870594855426 -0.11492933548892587 0.088974533919466567 0.094690753569727504 -0.14440865391581209 -0.12922991337465492 0.061760955189696036 0.075104358838712498 0.0067764494270615722 0.07157416843495841 0.059126886752695187 -0.14905438398545301 0.086401414153049291 -0.17206339611658544 0.04979943941121797 0.087377222588648176 -0.13932767313846778 0.057634158618534964 0.075687240114227894 -0.17104919573500876 0.088645309208709833 -0.11159946096204586 0.082521905886122099 -0.10990223874616444 0.085233813152392299 0.097330655435233338 -0.030544261712634298
leaf_weight=4.213532827794551 11.304434731602667 57.33571557700634 19.132767204195261 6.7432965375483027 13.029111485928295 10.156367577612405 2.280318856239318 4.7321659885346889 4.297939207404851 2.7083789110183716 16.977929059416056 9.4932678341865522 2.4867862090468424 11.480675991624592 7.2592860665172338 30.676874266937375 3.9892092850059262 2.4233252443373203 22.615150351077318 5.6974150873720637 7.9468454234302062 14.99036071449518 3.4319177903234959 4.1261684373021108 5.7075998559594154 22.77164682559669 66.608916509896517 2.7187019847333431 2.9230498522520048 5.6180947013199329
leaf_count=106 285 48 489 139 302 22 3 67 77 8 31 36 6 38 91 55 43 10 31 89 24 40 35 6 151 42 1738 11 5 48
internal_value=-0.000551207 0.0251609 0.00717758 0.0170835 -0.0422934 -0.0167212 0.0339649 -0.0666583 0.0244481 -0.0554 0.0381406 0.0148986 0.0321222 -0.0106103 -0.0927593 0.0510141 0.0371093 -0.0882204 0.0483246 0.0303168 0.00660359 0.0381341 -0.0113384 -0.0938402 -0.0275784 0.0602354 -0.102701 -0.0335031 0.0543687 0.0132186
internal_weight=385.877 302.502 245.167 226.034 50.0374 37.0083 175.996 7.01248 25.7038 7.00632 168.984 60.235 53.4917 21.2267 9.74607 108.749 78.0722 6.41253 71.6596 49.0445 32.0665 26.3691 11.3788 83.3749 9.83377 32.2649 73.5412 6.93223 18.6975 8.54114
internal_count=4076 2064 2016 1527 747 445 780 70 160 85 710 352 213 135 97 358 303 53 250 219 188 99 59 2012 157 78 1855 117 75 53
is_linear=0
shrinkage=0.1


Tree=19
num_leaves=31
num_cat=0
split_feature=5 17 4 14 3 8 13 0 9 7 9 8 14 13 5 6 9 8 18 5 12 18 19 17 0 3 5 18 18 17
split_gain=82.1914 37.8277 21.2922 27.2397 12.7129 16.079 12.4244 10.6509 8.91402 8.00111 9.5682 7.7604 9.85938 4.97479 6.9723 4.6126 10.5746 7.24747 8.72613 6.60743 7.42792 4.46045 8.51635 3.62867 7.83019 3.43566 7.45047 3.4004 5.74969 2.96536
threshold=0.028058106685736214 0.1141690340909091 8.1359039726043409e-11 0.027585116215050224 0.13067473720221698 3.5254974852732161e-10 1.5043211579322817 2.1591779031540135e-10 0.042682368337656686 0.10719780800952299 0.13187264893410885 1.287301139646658e-10 0.0086367405019700545 1.6474846601486208 0.048402366067695039 2.113498321389474e-10 0.11987994700082019 2.9883760927059728e-10 0.60519299814900906 0.038187609152249093 0.34293434023857122 0.40092023954176431 1.7303653359413149 0.1394486860795455 2.1846327989998409e-10 0.10531083198199755 0.040737303300038268 -0.13323858200403096 -0.14033279073720964 0.078768643465909102
decision_type=2 2 2 2 2 2 2 2 2 2 2 2 2 2 2 2 2 2 2 2 2 2 2 2 2 2 2 2 2 2
left_child=21 4 6 9 5 25 7 -3 -9 11 -11 12 -4 -12 -15 -13 17 19 -19 20 -17 27 -23 -10 -25 29 -27 28 -1 -2
right_child=1 2 3 -5 -6 -7 -8 8 23 10 13 15 -14 14 -16 16 -18 18 -20 -21 -22 22 -24 24 -26 26 -28 -29 -30 -31
leaf_value=-0.1080245483682597 0.00034460219885142714 -0.10933700721969578 0.11360454244300183 -0.11350275321665937 0.10031830470394726 -0.12491859082896578 -0.12758260455269174 -0.15491476819775604 0.072104496959752004 -0.13263469504971176 0.10019998249102516 0.099489378627623637 -0.16097065354011136 -0.13485059366297766 0.10191015140362397 -0.15427943779389794 0.083819711732675689 -0.15107120695614887 0.10069281850330954 0.071282574760852965 0.077978351824211825 0.084899070482253897 -0.11069571887377838 0.10514042010968419 -0.11786992562678078 -0.14081141703593694 0.066528312227548736 -0.10898786875372718 0.085561687731870908 0.068016669878598876
leaf_weight=3.9397209919989109 7.4590262528508893 9.9995968267321604 2.0267066955566397 14.057227928191422 56.399206090718508 5.6727937869727603 18.467817453667521 2.6768568865954903 12.253204457461836 5.7145607806742182 5.0001386702060682 19.235660435631871 3.6865422390401363 3.0940570440143347 2.0799697414040565 3.3659123443067136 28.835315247997642 5.5263057705014935 1.8334143832325933 12.140027839690445 2.3302830085158348 3.8898550271987897 5.2044603303074837 2.7884358428418627 3.616271834820509 2.8289925362914792 4.4737734794616699 60.750018432736397 2.5128179043531409 49.097818590700626
leaf_count=112 40 276 1 368 53 121 413 37 28 108 8 22 50 50 2 40 57 78 2 26 5 6 151 4 72 49 10 1738 5 144
internal_value=-0.000590994 0.0241135 -0.00835648 0.0164087 0.0650397 0.0364245 -0.0625222 -0.024177 0.0157374 0.0356583 -0.0290898 0.048684 -0.0635684 0.0290686 -0.0396723 0.0574373 0.0424663 -0.00486035 -0.0883531 0.0295911 -0.059264 -0.0927622 -0.0270352 0.0402209 -0.0207773 0.0507569 -0.0137923 -0.101657 -0.0326361 0.0590917
internal_weight=360.957 284.66 158.728 108.926 125.932 69.5324 49.8022 31.3344 21.3348 94.8689 15.8887 78.9802 5.71325 10.1742 5.17403 73.2669 54.0313 25.1959 7.35972 17.8362 5.6962 76.2969 9.09432 18.6579 6.40471 63.8596 7.30277 67.2026 6.45254 56.5568
internal_count=4076 2064 1647 817 417 364 830 417 141 449 168 281 51 60 52 230 208 151 80 71 45 2012 157 104 76 243 59 1855 117 184
is_linear=0
shrinkage=0.1


Tree=20
num_leaves=31
num_cat=0
split_feature=5 3 6 0 4 19 5 1 17 5 18 13 5 12 8 1 18 9 10 19 12 7 12 14 18 19 5 5 18 10
split_gain=73.087 33.9447 22.4095 17.6116 10.1804 5.69558 7.18381 6.4193 13.5742 9.68792 5.27022 6.02508 9.46325 7.89881 10.6858 5.28439 15.3574 4.17664 8.6203 6.00229 4.164 17.9519 5.11231 14.2739 4.07975 7.55416 3.16869 3.74788 3.1413 5.14819
threshold=0.028058106685736214 0.13909685373941569 9.050902568741116e-10 2.1591779031540135e-10 5.3094337421729198e-11 5.2309646606445321 0.050956059784542464 0.26770327380335324 0.15862482244318185 0.031408495556944187 -0.17185047658329658 1.4619840979576113 0.033603614058776321 0.37874594330787664 1.7100355616545739e-10 0.23907496829879729 -0.06087467161176556 0.11987994700082019 3.0582332611083989 1.5233972668647768 0.19940793514251712 0.050852743960693746 0.2900874018669129 0.0098353908397257345 0.40092023954176431 1.7303653359413149 0.033053475661907999 0.042329135159351015 -0.13323858200403096 3.1974639892578129
decision_type=2 2 2 2 2 2 2 2 2 2 2 2 2 2 2 2 2 2 2 2 2 2 2 2 2 2 2 2 2 2
left_child=24 2 3 -2 -5 7 -7 8 9 -6 -11 26 -13 14 15 16 -14 18 20 -20 -9 -22 23 -23 28 -26 -12 -28 29 -1
right_child=1 -3 -4 4 5 6 -8 17 -10 10 11 12 13 -15 -16 -17 -18 -19 19 -21 21 22 -24 -25 25 -27 27 -29 -30 -31
leaf_value=-0.10872669568167062 -0.10820285008892538 0.098941262063453231 -0.10802009600515383 -0.11443666819705765 -0.11197528486813138 -0.13639593746298709 0.090319660094482945 0.078999072908379431 -0.12884562140128206 0.091804340619562483 0.10255501198845446 -0.14303675400448487 0.10063651728666188 0.097399486442031558 -0.14644280104362209 0.061636570591769017 -0.14755657223723753 0.080058301913210561 0.05902655838368364 -0.15485147711358138 -0.13931440588460334 0.087395079490883737 0.075676898530571551 -0.15111269287816043 0.081135202681702143 -0.10987960425983215 -0.04182129955479727 0.089298264185825565 -0.10817080887800748 0.080078960825702025
leaf_weight=3.5493535697460166 10.915058288723229 48.411320585757494 15.874661343172191 5.2883538622409096 5.111369462683796 4.4776890017092219 2.0318260565400124 22.736647505313158 6.5747081190347663 11.72846793383359 10.225262243300685 4.3438592012971631 4.505894247442475 8.4989472925662977 4.9180066268891087 11.931884242221711 5.581066068261876 27.344647834077477 1.9869007021188725 3.8638383578509092 5.688136873766779 6.3320129960775358 25.807519964873791 4.1562311593443155 3.6746300086379033 4.7423832844942808 4.5825419556349498 4.1579738799482584 55.36287684366107 2.4349386394023895
leaf_count=106 334 48 489 132 133 72 3 37 142 13 12 66 8 13 72 34 95 55 5 48 89 9 60 47 6 151 37 11 1738 11
internal_value=-0.000633721 0.0231735 0.00639878 0.0153557 0.0223845 0.0262624 -0.0656308 0.0295842 0.0089726 0.0209606 0.0306022 0.0183833 -0.0037298 0.013347 -0.0131727 0.0165937 -0.0366875 0.0468792 0.0340231 -0.0822189 0.0445314 0.0258652 0.0517515 -0.00711964 -0.0917737 -0.0264879 0.0647642 0.0205539 -0.100731 -0.0319039
internal_weight=336.839 267.075 218.664 202.789 191.874 186.585 6.50952 180.076 82.16 75.5853 70.4739 58.7454 39.7797 35.4358 26.9369 22.0188 10.087 97.9159 70.5713 5.85074 64.7205 41.9839 36.2958 10.4882 69.7642 8.41701 18.9658 8.74052 61.3472 5.98429
internal_count=4076 2064 2016 1527 1193 1061 75 986 636 494 361 348 288 222 209 137 103 350 295 53 242 205 116 56 2012 157 60 48 1855 117
is_linear=0
shrinkage=0.1


Tree=21
num_leaves=31
num_cat=0
split_feature=5 3 14 4 0 1 4 10 17 14 7 4 11 7 9 13 0 1 8 19 18 18 18 19 5 8 18 18 5 5
split_gain=65.0497 30.9207 21.9844 15.8814 9.69042 6.16552 12.0363 10.0754 8.48314 6.47917 18.8149 7.25238 15.1763 6.44797 10.9267 5.66272 7.07978 5.01194 6.81672 3.88697 7.32009 12.1453 3.7383 6.70165 3.42177 7.48997 2.92754 4.70797 2.92514 2.76982
threshold=0.028058106685736214 0.16971249701348964 0.027585116215050224 5.3094337421729198e-11 2.1591779031540135e-10 0.58069211615752636 2.7568234219878571e-10 3.3458617925643925 0.071133700284090925 0.0073048912454396495 0.046591986859455155 8.0057413921784037e-11 1.4318342622665627e-09 0.10187346638950993 0.13187264893410885 1.5072732567787173 5.7807587205088229e-10 0.19486592756063464 8.0581873045034398e-11 3.4117336273193364 0.64799505070021224 0.073927969417788772 0.40092023954176431 1.7303653359413149 0.042562723523431913 1.4191258202728621e-09 -0.13323858200403096 -0.14033279073720964 0.052662731096857623 0.032208753770584901
decision_type=2 2 2 2 2 2 2 2 2 2 2 2 2 2 2 2 2 2 2 2 2 2 2 2 2 2 2 2 2 2
left_child=22 2 3 -2 -5 6 8 -8 -6 -10 -11 12 15 17 -15 29 -17 18 -13 -19 21 -21 26 -24 25 -16 27 -1 -4 -12
right_child=1 -3 28 4 5 -7 7 -9 9 10 11 13 -14 14 24 16 -18 19 -20 20 -22 -23 23 -25 -26 -27 -28 -29 -30 -31
leaf_value=-0.10667126799877771 -0.11133694513273062 0.10684733507651741 -0.11090019309525959 -0.10791456224598911 -0.15397965700629887 0.10186366987383058 -0.1414267524414142 0.043120632809959696 0.082359190115055284 -0.13219115138912907 0.099884627199850001 0.11110616979186157 -0.13625389529475837 -0.13648822794991808 -0.13052216755359466 -0.13005623586978857 0.1017012682716269 0.075133950260473106 -0.14111830930486122 0.056354444740862743 0.10527033229183579 -0.15403058007395223 0.077357019811668426 -0.10913845584330428 0.10018491265175822 0.11622085123792332 -0.10743838201874854 0.080648636787762351 -0.32534479836769237 0.023648910218178203
leaf_weight=3.3242827337235212 9.3940450791269523 36.901420593261719 11.506628679111596 5.5879402868449679 2.5039073210209599 10.063169999048112 7.9311984572559577 4.7181860450655222 21.679441997781396 7.3441562820225945 7.7496298309415641 1.7297619581222523 7.2261516936123362 4.9181160628795615 2.6333764735609275 4.1787886191159478 1.9254578817635772 60.15400499291718 2.8158019185066223 7.0128417219966668 6.7350819297134867 4.5077274087816477 3.4790348559617987 4.3187418598681688 5.3449523821473122 2.3088936805725098 50.418466312810779 2.2497774958610526 0.67330821789801198 12.377673026174305
leaf_count=112 282 32 362 185 28 16 165 48 37 157 13 1 155 93 43 101 3 121 48 18 6 51 6 151 6 1 1738 5 15 77
internal_value=-0.000668918 0.0223366 0.00769687 0.0156081 0.0218371 0.0257382 0.0213805 -0.0725911 0.0286665 0.0315134 0.023581 0.0322729 -0.0079342 0.0459773 -0.0138868 0.0274147 -0.0569531 0.0569502 -0.0451372 0.0628684 0.0224523 -0.0259643 -0.0908015 -0.0259321 0.0447265 -0.0152506 -0.0998355 -0.031066 -0.122755 0.053002
internal_weight=313.712 249.922 213.02 200.84 191.446 185.858 175.795 12.6494 163.146 160.642 138.962 131.618 33.4577 98.1606 15.2053 26.2315 6.10425 82.9552 4.54556 78.4097 18.2557 11.5206 63.7903 7.79778 10.2872 4.94227 55.9925 5.57406 12.1799 20.1273
internal_count=4076 2064 2032 1655 1373 1188 1172 213 959 931 894 737 349 388 143 194 104 245 49 196 75 69 2012 157 50 44 1855 117 377 90
is_linear=0
shrinkage=0.1


Tree=22
num_leaves=31
num_cat=0
split_feature=5 3 14 4 0 1 4 10 17 14 7 4 11 7 9 6 13 1 8 18 19 11 19 5 7 5 8 18 11 18
split_gain=57.9414 28.0896 19.6211 14.0924 8.58582 5.53789 10.4162 9.06887 7.34268 5.60334 16.5563 6.28139 13.3888 5.47297 9.68239 4.99668 10.4761 4.28396 6.04139 3.43852 5.94613 3.32955 3.26758 6.76054 15.7339 3.00529 6.63099 2.91366 5.40761 7.19623
threshold=0.028058106685736214 0.16971249701348964 0.027585116215050224 5.3094337421729198e-11 2.1591779031540135e-10 0.58069211615752636 2.7568234219878571e-10 3.3458617925643925 0.071133700284090925 0.0073048912454396495 0.046591986859455155 8.0057413921784037e-11 1.4318342622665627e-09 0.10187346638950993 0.13187264893410885 9.4731854049152807e-11 1.4619840979576113 0.19486592756063464 8.0581873045034398e-11 0.40092023954176431 1.7303653359413149 1.1885274986411789e-09 3.4117336273193364 0.041886386975833446 0.097528578319457895 0.042562723523431913 1.4191258202728621e-09 0.11213645576076074 1.8901871179366485e-09 -0.20912225459786976
decision_type=2 2 2 2 2 2 2 2 2 2 2 2 2 2 2 2 2 2 2 2 2 2 2 2 2 2 2 2 2 2
left_child=19 2 3 -2 -5 6 8 -8 -6 -10 -11 12 15 17 -15 -12 21 18 -13 -1 -21 -17 27 24 -24 26 -16 28 -19 -30
right_child=1 -3 -4 4 5 -7 7 -9 9 10 11 13 -14 14 25 16 -18 22 -20 20 -22 -23 23 -25 -26 -27 -28 -29 29 -31
leaf_value=-0.099036949874521246 -0.11035417998971125 0.10615344927680381 -0.12190654348015301 -0.10715388787978926 -0.14791249443077362 0.099721288954554066 -0.13934009565891309 0.039306496749822645 0.078736315738199503 -0.13006630872590097 0.092512599654128225 0.10993828732820371 -0.13370338395435644 -0.13389626245963213 -0.12735717469323904 -0.0036129551837178705 -0.12473105240054111 0.098708958132719779 -0.13786593748125453 0.07357287655496475 -0.10846169212823667 0.10056158785661942 -0.15396508170496354 0.096170556258691753 0.095610215303623736 0.097562569603305657 0.11444108382831629 0.085110670231975383 0.076991300352332162 -0.1057357857808645
leaf_weight=51.060777563601732 8.5719213616102916 33.596889495849609 11.094921000301836 5.0902382265776387 2.3537054769694796 9.2913231421262008 7.2783729052171093 4.6615618579089642 20.472876761108637 6.7482622796669594 7.7596016861498418 1.5809276103973378 6.656853735446929 4.5318248104304066 2.4389367774128896 6.453585462644698 5.0847099721431723 7.1976091712713233 2.6048610508441925 3.3015834167599669 3.9309015218168497 5.8483927678316832 5.1298941299319285 7.1153361387550822 4.9764236677438021 4.9597395807504654 2.1199913024902344 41.464403769001365 4.1179425194859496 4.5219874233007422
leaf_count=1855 282 32 377 185 28 16 165 48 37 157 15 1 155 93 43 43 127 7 48 6 151 9 58 8 9 6 1 65 8 41
internal_value=-0.000702976 0.0215429 0.00733858 0.0149244 0.0208752 0.0245914 0.0203882 -0.0695933 0.0273584 0.0300763 0.0224897 0.0307545 -0.00759664 0.0439034 -0.0135875 0.025787 -0.00399237 0.0541661 -0.0442729 -0.0898963 -0.0253641 0.0459119 0.0596952 0.0214996 -0.0310724 0.0436913 -0.0149162 0.0711746 0.0346884 -0.0186448
internal_weight=292.016 233.723 200.126 189.031 180.459 175.369 166.078 11.9399 154.138 151.784 131.311 124.563 31.8031 92.7599 14.0505 25.1463 17.3867 78.7094 4.18579 58.2933 7.23248 12.302 74.5236 17.2217 10.1063 9.51867 4.55893 57.3019 15.8375 8.63993
internal_count=4076 2064 2032 1655 1373 1188 1172 213 959 931 894 737 349 388 143 194 179 245 49 2012 157 52 196 75 67 50 44 121 56 49
is_linear=0
shrinkage=0.1


Tree=23
num_leaves=31
num_cat=0
split_feature=4 3 14 3 18 5 13 1 4 10 9 17 2 19 7 0 13 18 18 0 19 10 3 17 19 5 4 5 5 7
split_gain=51.9726 26.1499 20.6382 9.94002 7.07908 6.30795 5.58155 4.48324 9.87648 8.55625 4.15761 10.5513 4.66314 10.2917 6.07215 5.62799 4.79518 3.18902 11.6984 2.90922 2.86266 7.07272 11.893 3.36137 6.88938 5.60883 2.85477 2.77773 2.20447 4.90134
threshold=5.5634192957114895e-11 0.16971249701348964 0.027585116215050224 0.062590724074668119 0.55958449976010771 0.02456434915456748 1.3961172699928286 0.58069211615752636 2.7568234219878571e-10 3.3458617925643925 0.13801124012584029 0.15553977272727273 1.2214235930873302e-10 0.90112340450286876 0.10187346638950993 2.2958315804799934e-09 1.551375210285187 0.054499849338423126 -0.054323662358166817 1.225546000028865e-09 2.7577580213546757 2.7351324558258061 0.10100658244142623 0.099054509943181837 1.7523471117019656 0.024764394792419191 1.641197879973282e-09 0.022681084575069028 0.038648396307966335 0.099753497673884847
decision_type=2 2 2 2 2 2 2 2 2 2 2 2 2 2 2 2 2 2 2 2 2 2 2 2 2 2 2 2 2 2
left_child=19 2 3 4 -2 -5 -7 8 10 -10 11 12 -8 15 17 -14 -16 18 -15 -1 23 22 -22 -19 25 -25 -4 -21 29 -23
right_child=1 -3 26 5 -6 6 7 -9 9 -11 -12 -13 13 14 16 -17 -18 20 -20 27 21 28 -24 24 -26 -27 -28 -29 -30 -31
leaf_value=-0.1006461426283887 -0.11631719239829703 0.10553371605358551 -0.10880480759463006 -0.1085879404513843 0.07501441255045832 -0.13503299879909803 0.094406706335048454 0.095704762238740526 -0.13544303662530371 0.041223283394027796 0.070819676065646722 -0.12962285659154213 -0.13099184576536013 0.043483105239138869 0.066187466549700757 0.10706012724771422 -0.13001610360378427 0.094265484085870807 -0.14806807394762186 -0.10503210208585503 -0.16134758553392281 -0.028970887536353209 0.049511096735694884 0.1035717435938526 0.061113418381157775 -0.13456448369081625 -0.35192083939739477 0.10815179754680689 0.095640599790566549 0.10525792259322522
leaf_weight=45.687896845862269 9.0398623989894968 30.569122314453125 11.92661203909665 3.6914880424737921 2.4599947519600383 2.1890503633767358 9.6264611128717643 8.6656520087271911 7.0888178227469307 4.4701340198516846 20.365706835873425 4.4224635381251565 6.1532706059515467 13.30426022782922 1.8066661059856404 1.1842824220657346 4.011286630295217 17.972688719630241 4.1931628212332717 1.123807890340685 4.8024817593395728 6.4403626564890164 6.0379081442952156 1.3691579010337616 24.444017626345158 3.5626631379127502 0.50338227860629636 1.3399372100830078 8.3651391342282277 4.7096432521939278
leaf_count=1771 299 32 459 146 14 45 22 19 186 46 86 132 157 60 12 1 89 26 62 48 83 56 21 2 91 80 16 1 10 4
internal_value=-0.000707411 0.0196053 0.00598151 0.0145701 -0.0753884 0.0206959 0.0235851 0.0257153 0.0217854 -0.0671218 0.0289834 0.0220228 0.027707 0.0217814 0.0300874 -0.0925702 -0.0690884 0.0361482 -0.0024211 -0.0949382 0.0448332 0.0208616 -0.043903 0.0602017 0.0393608 -0.0684538 -0.11865 0.0109105 0.0568375 0.0277259
internal_weight=271.527 223.376 192.807 180.377 11.4999 168.877 165.185 162.996 154.331 11.559 142.772 122.406 117.983 108.357 101.019 7.33755 5.81795 95.2015 17.4974 48.1516 77.7041 30.3555 10.8404 47.3485 29.3758 4.93182 12.43 2.46375 19.5151 11.15
internal_count=4076 2256 2224 1749 313 1436 1290 1245 1226 232 994 908 776 754 596 158 101 495 122 1820 373 174 104 199 173 82 475 49 70 60
is_linear=0
shrinkage=0.1


Tree=24
num_leaves=31
num_cat=0
split_feature=5 3 14 4 0 19 18 1 4 10 17 17 8 0 8 6 6 19 8 17 13 1 6 0 13 12 19 2 0 3
split_gain=46.0557 23.1302 15.7848 11.2589 6.80435 4.53049 4.57948 4.42996 10.8128 6.09658 10.1513 4.20675 11.1784 10.2283 6.49511 6.3724 6.80997 4.62396 4.16139 4.08454 3.58028 3.26599 5.40063 3.11605 7.47833 2.60245 1.81976 4.24988 4.21593 1.81483
threshold=0.028058106685736214 0.16971249701348964 0.027585116215050224 5.3094337421729198e-11 2.1591779031540135e-10 5.2309646606445321 0.67675273507748834 0.50960948109586879 4.3823993662351793e-10 3.2385919094085698 0.15553977272727273 0.12089399857954546 1.5337144278727781e-10 2.6408894283050886e-10 2.4899201605367178e-10 4.0934724789852143e-10 4.6079726212798044e-10 1.9381870627403261 1.6679337701652009e-10 0.075084339488636381 2.0198605060577397 0.41315260709361584 4.0406260980939607e-10 8.4980859470607981e-10 1.8104376792907717 0.39422464370727545 0.99064403772354137 1.206923404237825e-10 2.2958315804799934e-09 0.098736268249820888
decision_type=2 2 2 2 2 2 2 2 2 2 2 2 2 2 2 2 2 2 2 2 2 2 2 2 2 2 2 2 2 2
left_child=23 2 3 -2 -5 7 -7 8 9 10 11 19 13 -13 17 -16 -17 18 -14 -6 26 22 -22 -1 -25 -4 27 -21 -29 -28
right_child=1 -3 25 4 5 6 -8 -9 -10 -11 -12 12 14 -15 15 16 -18 -19 -20 20 21 -23 -24 24 -26 -27 29 28 -30 -31
leaf_value=-0.10509679470965037 -0.10870368209936027 0.10497948300817078 -0.34175673750854935 -0.10584445960373212 -0.053144017051473438 -0.13977876990824864 0.063115047669345045 0.093264637893485644 -0.12600894442663765 0.070301702302984173 -0.12502998263974352 0.054411155769019094 0.079418406391620566 -0.14506040593407984 -0.15156272118130135 0.079469460577341305 -0.12309783006202178 0.08028828181568276 -0.12889058358945318 0.094981028949052471 -0.15811572692037457 0.063318459673297051 0.057311153764109848 0.034588064617277946 -0.10497652747561376 -0.10813555555438104 0.076073628331560533 -0.12721599234526459 0.10634332321938558 0.023858839753005831
leaf_weight=33.060489656403661 7.1769587099552146 27.798662185668945 0.50464142113923927 4.2289820276200762 4.3575777001678935 3.2919882321730247 1.6802424201741812 9.1432714778929931 4.8043540306389323 25.912911511957645 4.8506506169214836 3.7328153606504193 1.6846745964139729 8.2567958720028383 3.2402591500431281 5.2661018380895257 2.4233216317370534 18.906768538057804 2.2263855207711458 3.2257439866662017 2.7571174874901763 3.2062264867126942 2.013599831610918 6.2150983493775156 10.043739620596169 8.6500303531065565 33.056450989097357 2.7275226358324289 1.0784367322921755 8.3349404819309694
leaf_count=1509 282 32 12 185 34 64 9 24 149 77 149 23 8 170 61 16 54 51 52 3 36 10 9 56 447 365 82 74 1 32
internal_value=-0.000728458 0.0201871 0.00685038 0.0138352 0.0193179 0.022707 -0.0712158 0.0257956 0.0214532 0.0266147 0.0164477 0.0228917 -1.56375e-05 -0.0829574 0.0294514 -0.0339364 0.0156304 0.059814 -0.0391623 0.0401359 0.0473429 -0.0147335 -0.0671895 -0.0874696 -0.0516266 -0.121014 0.057569 0.0105358 -0.0610358 0.0655592
internal_weight=253.857 204.537 176.739 167.584 160.407 156.178 4.97223 151.206 142.063 137.258 111.345 106.495 45.7371 11.9896 33.7475 10.9297 7.68942 22.8178 3.91106 60.7576 56.4 7.97694 4.77072 49.3193 16.2588 9.15467 48.4231 7.0317 3.80596 41.3914
internal_count=4076 2064 2032 1655 1373 1188 73 1115 1091 942 865 716 435 193 242 131 70 111 60 281 247 55 45 2012 503 377 192 78 75 114
is_linear=0
shrinkage=0.1


Tree=25
num_leaves=31
num_cat=0
split_feature=4 3 14 3 13 5 9 8 17 10 5 13 6 2 4 19 10 5 0 13 17 0 10 14 18 13 0 5 6 5
split_gain=41.0886 21.6251 16.4415 7.78451 6.05375 5.08545 4.04675 7.80998 6.83494 10.1594 11.1405 8.43663 6.78961 4.74865 5.64078 6.51865 3.98105 6.85868 3.1808 6.39636 3.59765 2.99735 2.66642 2.55766 3.55647 4.49491 2.54532 2.50749 7.81723 2.32012
threshold=5.5634192957114895e-11 0.16971249701348964 0.027585116215050224 0.062590724074668119 1.3509008288383486 0.02456434915456748 0.12639027049153298 3.5254974852732161e-10 0.1141690340909091 2.7125895023345952 0.032980291820764222 1.5165151953697207 1.4088452879306907e-10 3.7355124316554809e-10 1.8208736793561285e-10 0.39117422699928289 2.8939548730850224 0.046279090444158365 1.9644456917374368e-09 1.8886741995811465 0.078768643465909102 1.6812731237596248e-09 2.4312239885330205 0.0079288976266980189 0.2895158975522712 1.4844914674758913 1.225546000028865e-09 0.034122098390002527 5.0221210973411495e-10 0.022681084575069028
decision_type=2 2 2 2 2 2 2 2 2 2 2 2 2 2 2 2 2 2 2 2 2 2 2 2 2 2 2 2 2 2
left_child=26 2 3 4 -2 -5 7 8 18 11 -11 12 22 -9 -15 -16 -12 -18 19 20 -7 -21 -10 -22 25 -25 -1 28 -8 -28
right_child=1 -3 -4 5 -6 6 27 13 9 10 16 -13 -14 14 15 -17 17 -19 -20 21 23 -23 -24 24 -26 -27 29 -29 -30 -31
leaf_value=-0.098365647147694663 0.073584098371858878 0.10448324318081195 -0.11680809760813422 -0.10791428198963178 -0.1150321318704485 -0.038379094519704893 0.06915005605757045 -0.14626934122109334 -0.030603030610344487 -0.11921298827752713 0.072409863116554868 -0.13489451988303289 -0.13622083054077833 0.062950586772196726 0.082400682339914155 -0.12814402081037363 -0.14392065026345219 0.081096069510164223 0.084431972423776314 -0.13852726896180698 0.086306613198202098 0.023495978026076961 0.089957536637342295 0.08722081576344734 0.06954701984971623 -0.13383999078005046 -0.10407891890649863 0.081946870622614368 -0.12395251941034105 0.10706744690785988
leaf_weight=38.392483907751739 2.1893919836729747 25.266637802124023 10.346430064179001 3.1007582470774642 7.6381202023476362 4.1095486134290722 8.2217566873878258 3.9203881034627583 2.8858011038973945 4.2538426481187335 23.087086396291856 8.4129177089780551 2.754747080616653 4.9513422101736051 1.9808212984353302 5.707978137768805 2.5123768411576739 2.9394800178706646 17.182726999744773 2.9276269450783721 16.607717944309119 1.871781328693032 5.0356984045356512 1.4632107242941841 6.256295420229435 2.476749793626368 0.92769472673535269 15.909030098468063 2.8139158058911553 1.1853481531143188
leaf_count=1771 19 32 475 146 294 34 30 94 35 123 71 226 66 25 14 190 39 6 41 51 37 8 11 2 18 48 48 56 65 1
internal_value=-0.000764148 0.0181115 0.00539089 0.0132335 -0.0730118 0.0188324 0.0214828 0.0136981 0.0237843 -0.00200472 0.0317575 -0.060004 -0.000989971 -0.0501171 -0.0202951 -0.0739026 0.0542602 -0.0225983 0.0490791 0.0320696 0.0487449 -0.0753378 0.0460373 0.0621026 0.022679 -0.0517431 -0.0924847 0.0565394 0.0199121 0.0143673
internal_weight=237.33 196.824 171.558 161.211 9.82751 151.384 148.283 121.338 104.778 51.882 32.7928 19.0892 10.6762 16.5605 12.6401 7.6888 28.5389 5.45186 52.8957 35.7129 30.9135 4.79941 7.9215 26.804 10.1963 3.93996 40.5055 26.9447 11.0357 2.11304
internal_count=4076 2256 2224 1749 313 1436 1290 1139 816 577 239 338 112 323 229 204 116 45 239 198 139 59 46 105 68 50 1820 151 95 49
is_linear=0
shrinkage=0.1


Tree=26
num_leaves=31
num_cat=0
split_feature=5 3 14 4 0 1 4 18 18 3 3 1 13 10 19 5 7 0 13 14 19 3 12 5 9 2 9 5 19 18
split_gain=36.5359 19.1544 12.6458 8.99684 5.53338 3.77696 10.0035 3.38621 7.93022 9.19881 4.17571 3.97126 9.82424 11.5925 3.27833 6.70269 8.062 2.86384 6.24348 2.39594 2.86466 2.35784 6.01835 2.36661 2.75791 2.11812 1.65575 4.15845 6.27483 1.44048
threshold=0.028058106685736214 0.16971249701348964 0.027585116215050224 5.3094337421729198e-11 2.1591779031540135e-10 0.50960948109586879 4.3823993662351793e-10 0.054499849338423126 -0.17185047658329658 0.069020066274852535 0.13909685373941569 0.23907496829879729 1.4619840979576113 3.2274066209793095 2.9475910663604741 0.034476534189930401 0.099753497673884847 8.4980859470607981e-10 1.8104376792907717 0.01223474368453026 2.447700142860413 0.075343941890509927 0.39244084060192114 0.034792237288990009 0.065131263104361584 4.7499351869297054e-09 0.12639027049153298 0.043640138068679134 3.4117336273193364 -0.1120971881001341
decision_type=2 2 2 2 2 2 2 2 2 2 2 2 2 2 2 2 2 2 2 2 2 2 2 2 2 2 2 2 2 2
left_child=17 2 3 -2 -5 6 7 8 -6 19 -11 12 -9 -14 21 16 -16 -1 29 -10 -21 22 -13 -23 -25 -4 27 28 -17 -19
right_child=1 -3 25 4 5 -7 -8 11 9 10 -12 14 13 -15 15 26 -18 18 -20 20 -22 23 -24 24 -26 -27 -28 -29 -30 -31
leaf_value=-0.10419245042533282 -0.10731994730653474 0.10403846046786679 -0.10719133679903836 -0.10491027187641742 0.058720465183275609 0.087571190996107398 -0.13359801800675258 0.061873232268314794 0.072957474583100396 -0.13690705510164278 0.0733010277007594 -0.15416471568615683 -0.13366422642044623 0.056643181607459694 -0.15107280570622969 0.058945846331949464 0.062719357037350251 0.10718755927901014 -0.10407353602083476 -0.11595245494068065 0.068921748528577478 0.08009224895776923 0.083137150336716606 -0.025293010309341925 0.068454103824769644 -0.34348910812689909 0.089900637211405135 0.088000083632250606 -0.15053540367641641 -0.00163702842311177
leaf_weight=27.42619519867003 6.0010974882170549 22.954954147338867 7.1921610478311768 3.591168798506259 11.054931493476035 7.9885290227830401 4.2812693137675515 12.286468978971245 4.9425765918567794 8.769868509843942 1.0591263994574553 1.7760147266089905 8.4412272740155441 5.1559685487300149 4.4698745477944639 3.2160236723721045 2.9135434683412313 1.7478497065603731 8.3183276131749135 1.9372355099767449 1.4773057382553814 30.654505309648812 2.6837208587676287 5.418234162963925 7.4569177739322186 0.40046469401568163 5.9487590016797176 5.3655565269291401 2.5746848080307245 3.999867705628275
leaf_count=1509 282 32 365 185 39 25 155 54 16 195 3 37 251 27 73 8 15 2 447 55 8 98 9 41 21 12 13 8 37 54
internal_value=-0.000784588 0.0187139 0.00624315 0.0126386 0.0176565 0.0208033 0.0167591 0.0218038 -0.00807365 -0.0486763 -0.114256 0.0306858 -0.00293761 -0.0615009 0.0426935 0.012921 -0.0667091 -0.0853779 -0.048693 0.0284535 -0.0359664 0.0578861 -0.0113643 0.064981 0.0290026 -0.119655 0.0472935 0.0245745 -0.0341944 0.0314559
internal_weight=221.504 180.012 157.057 149.465 143.464 139.872 131.884 127.603 29.241 18.1861 9.82899 98.3615 25.8837 13.5972 72.4778 24.4884 7.38342 41.4922 14.066 8.35712 3.41454 47.9894 4.45974 43.5297 12.8752 7.59263 17.105 11.1563 5.79071 5.74772
internal_count=4076 2064 2032 1655 1373 1188 1163 1008 316 277 198 692 332 278 360 154 88 2012 503 79 63 206 46 160 62 377 66 53 45 56
is_linear=0
shrinkage=0.1


Tree=27
num_leaves=31
num_cat=0
split_feature=4 3 14 3 5 19 0 0 13 3 19 6 19 0 2 13 17 5 17 13 14 7 9 14 12 12 3 3 19 4
split_gain=32.5138 18.8121 12.6212 6.37993 4.48662 4.43954 4.26311 3.5816 3.17429 4.47571 4.42507 2.78654 4.88149 3.32733 9.42759 7.76336 4.94338 2.91682 3.62049 2.17507 2.85829 6.77235 2.55653 11.2451 2.9117 4.07443 3.32469 1.76193 1.71655 3.0855
threshold=5.0742750870769691e-11 0.16971249701348964 0.027585116215050224 0.058303159313682469 0.029645626973896954 2.5783989429473881 8.4980859470607981e-10 2.1591779031540135e-10 1.8684355020523074 0.10279808254254774 2.5425839424133305 9.050902568741116e-10 0.42449718713760382 1.2745858053893335e-09 3.4836906999828365e-10 1.8975875973701479 0.078768643465909102 0.031408495556944187 0.085116299715909102 1.8735101222991946 0.0071099300403147945 0.046591986859455155 0.05640587837958367 0.0093937437050044554 0.3082509338855744 0.36762331426143652 0.066600190758836011 0.13067473720221698 0.84023353457450878 2.7568234219878571e-10
decision_type=2 2 2 2 2 2 2 2 2 2 2 2 2 2 2 2 2 2 2 2 2 2 2 2 2 2 2 2 2 2
left_child=-1 2 3 -2 5 6 -5 -6 -8 10 -10 13 -13 14 15 16 -9 18 -18 20 -19 -22 23 -23 -24 26 -26 -4 -15 -30
right_child=1 -3 27 4 7 -7 8 11 9 -11 -12 12 -14 28 -16 -17 17 19 -20 -21 21 22 24 -25 25 -27 -28 -29 29 -31
leaf_value=-0.10476097618087424 -0.10706235008784466 0.10363942989596793 -0.10594700707922033 -0.1046113767661562 -0.10442662236197908 -0.11407076543105846 0.063249711449520865 -0.13460015510575454 -0.12098318336036006 0.08323422219023327 0.10003238654567595 0.081930647883699942 -0.13131248649685964 0.1046622544987753 -0.14805515391111496 -0.14265170652460632 0.10607830058593951 0.082070447786180653 -0.11320147493404374 0.09405988431674385 -0.12838091924715639 0.054011387410769975 0.076978572212739016 -0.13924593992633455 0.050478143323820474 0.053389494966291834 -0.12782642381076587 -0.33430653861513315 0.051355671644187043 -0.039776247253663827
leaf_weight=26.275117769837379 4.5671735405921927 20.846393585205078 8.2308290074579382 3.5412299130111995 2.2463965807110062 4.6718055149540296 7.6147323166951528 1.8214396527037013 4.4866627594456059 2.5563175482675433 1.1350636929273603 1.6949982540681947 2.9277377603575587 4.8070784807205191 3.4549902370199552 2.7789185708388677 1.0385502576827996 9.2744666263461095 2.7380974059924483 6.1500840857624999 2.8393243635073295 10.129337195307015 15.860318392515184 4.2843775460496536 1.6368383970111597 8.7441863510757667 2.8958645714446902 0.35233270376920778 33.303612528368831 4.1817199364304534
leaf_count=1548 230 32 470 206 129 198 45 26 195 9 3 13 142 6 55 50 1 17 111 10 88 34 37 87 17 67 66 5 131 48
internal_value=-0.000817161 0.0142878 0.00264356 0.00933203 0.0129529 -0.0265867 -0.00544728 0.0206818 0.0167884 -0.0264727 -0.0763587 0.0230129 -0.0531236 0.0260487 0.013211 0.0211488 0.0279011 0.0324136 -0.0529012 0.0376261 0.031391 0.021259 0.0310149 -0.00343302 0.0480557 0.013505 -0.0634375 -0.115321 0.0484039 0.0411893
internal_weight=207.086 180.811 159.964 151.381 146.814 24.0058 19.334 122.808 15.7928 8.17804 5.62173 120.562 4.62274 115.939 73.6468 70.1918 67.4129 65.5914 3.77665 61.8148 55.6647 46.3902 43.5509 14.4137 29.1372 13.2769 4.5327 8.58316 42.2924 37.4853
internal_count=4076 2528 2496 2021 1791 656 458 1135 252 207 198 1006 155 851 666 611 561 535 112 423 413 396 308 121 187 150 83 475 185 179
is_linear=0
shrinkage=0.1


Tree=28
num_leaves=31
num_cat=0
split_feature=4 3 14 3 5 13 19 0 1 1 17 4 17 10 17 8 13 17 9 5 5 12 9 3 9 6 2 2 15 14
split_gain=29.1557 17.0959 11.1998 5.68766 3.89516 3.95988 3.58096 3.20721 2.89992 2.87336 6.07999 4.79964 3.3887 2.818 6.73256 3.54096 4.3206 2.8245 8.37903 6.01913 5.24698 2.30972 3.1893 2.19159 4.18794 5.83503 2.88546 1.51161 5.56259 1.46145
threshold=5.0742750870769691e-11 0.16971249701348964 0.027585116215050224 0.058303159313682469 0.028058106685736214 1.8062377572059634 6.2197077274322519 2.1591779031540135e-10 0.25123536309060662 0.58069211615752636 0.071133700284090925 4.3823993662351793e-10 0.072354403409090925 3.2385919094085698 0.15553977272727273 3.5254974852732161e-10 2.1935585737228398 0.1141690340909091 0.042682368337656686 0.031408495556944187 0.048402366067695039 0.43542952835559851 0.15999636761268518 0.10279808254254774 0.05640587837958367 9.7173172378927944e-11 2.8811425380886884e-10 2.5206821800895799e-10 4.9987271268037155e-05 0.007969692815095188
decision_type=2 2 2 2 2 2 2 2 2 2 2 2 2 2 2 2 2 2 2 2 2 2 2 2 2 2 2 2 2 2
left_child=-1 2 3 -2 5 8 7 -6 -5 10 -9 13 -13 14 15 17 -17 27 20 -20 -19 -15 -23 24 25 -21 -26 29 -29 -12
right_child=1 -3 -4 4 6 -7 -8 9 -10 -11 11 12 -14 21 -16 16 -18 18 19 23 -22 22 -24 -25 26 -27 -28 28 -30 -31
leaf_value=-0.10435901875487362 -0.10644803581241905 0.1032811250723519 -0.11373975230473597 -0.11007290680349105 -0.10396734283292178 -0.10376408376652864 -0.1216902440682348 -0.12956565967791692 0.050687403850268632 0.089810183609967245 0.084392407549337564 0.095246677471908348 -0.13720395288538409 0.078231055400130242 -0.12433661391026817 -0.14086731744617265 0.029120899958847132 -0.13980753985654729 -0.11390432808437279 0.10521974482292096 0.080187492691060208 -0.060556166867395268 0.084268238606009488 0.093322599607307544 0.063087048189190018 -0.14101396442679781 -0.021254648295781931 -0.082105701612295939 0.060797911095251338 0.029514248287418228
leaf_weight=23.861627582460642 4.1551854507997623 18.924699783325195 7.8632110385224214 1.4730363683775047 2.0726227611303321 5.5879701366648078 1.8251666156575073 2.7251226874068371 4.7098114285618067 5.8598197884857646 14.344961090944709 0.79188890103250686 3.0146764749661088 15.527601865120234 3.2254516212269655 2.8373908596113315 3.1609629541635513 5.1327971927821627 2.7149787740781894 1.4249221868813062 1.3744416162371633 3.3226659642532459 2.8036517025902867 6.4465779960155478 19.010472591966394 2.9647704320959747 5.156573060899972 3.6732078939676276 10.539678849279879 7.3335699466988435
leaf_count=1548 230 32 475 86 132 357 40 63 46 16 38 3 125 41 125 71 23 143 102 2 4 36 8 13 81 59 41 37 31 68
internal_value=-0.00084717 0.0136822 0.00245828 0.00883835 0.0122833 -0.0427535 0.0173729 0.019396 0.012387 0.0214682 0.0180607 0.0215651 -0.0888467 0.0253516 0.0175072 0.0228199 -0.0512883 0.0283684 0.0114536 0.029533 -0.0933408 0.0577166 0.00572136 0.0406585 0.0287697 -0.0610849 0.0450909 0.0492109 0.0238656 0.0658278
internal_weight=193.86 169.998 151.073 143.21 139.055 11.7708 127.284 125.459 6.18285 123.386 117.526 114.801 3.80657 110.995 89.3408 86.1153 5.99835 80.117 44.2255 37.7183 6.50724 21.6539 6.12632 35.0033 28.5567 4.38969 24.167 35.8914 14.2129 21.6785
internal_count=4076 2528 2496 2021 1791 489 1302 1262 132 1130 1114 1051 128 923 838 713 94 619 445 298 147 85 44 196 183 61 122 174 68 106
is_linear=0
shrinkage=0.1


Tree=29
num_leaves=31
num_cat=0
split_feature=4 3 14 3 5 19 0 0 13 0 5 19 18 9 17 10 8 9 2 7 0 0 19 10 17 9 2 6 2 13
split_gain=26.1582 15.5363 10.0502 5.07471 3.55755 3.70017 3.47814 2.82389 2.47759 3.80068 2.84948 2.36453 3.2379 2.68018 3.914 4.63584 3.02528 2.69851 2.67267 6.04643 5.85845 3.51424 2.40974 1.84017 7.31222 4.80192 4.65769 2.69349 7.98822 3.09643
threshold=5.0742750870769691e-11 0.16971249701348964 0.027585116215050224 0.058303159313682469 0.029645626973896954 2.5783989429473881 8.4980859470607981e-10 2.1591779031540135e-10 1.8684355020523074 2.2958315804799934e-09 0.028107237639293393 5.2309646606445321 0.67675273507748834 0.15999636761268518 0.15553977272727273 3.7725291252136235 7.7558733848230457e-10 0.12639027049153298 1.2214235930873302e-10 0.10187346638950993 4.4021626860284163e-10 2.6408894283050886e-10 0.42449718713760382 2.7237545251846318 0.11869673295454547 0.064266018094679009 3.0982957574216999e-10 2.113498321389474e-10 3.7355124316554809e-10 1.6887626051902773
decision_type=2 2 2 2 2 2 2 2 2 2 2 2 2 2 2 2 2 2 2 2 2 2 2 2 2 2 2 2 2 2
left_child=-1 2 3 -2 5 6 -5 -6 -8 -10 -11 13 -13 14 16 -16 17 18 -9 20 21 -20 -18 24 26 -26 -22 -25 29 -29
right_child=1 -3 -4 4 7 -7 8 11 9 10 -12 12 -14 -15 15 -17 22 -19 19 -21 23 -23 -24 27 25 -27 -28 28 -30 -31
leaf_value=-0.10399126098169942 -0.10588514616615274 0.10295916434059044 -0.1133760247842469 -0.10390494106917765 -0.10362908515698327 -0.11277556362094009 0.057142739874096932 0.069777977779532374 -0.12770241650382985 -0.10296419251962648 0.074188271603129394 -0.1348538363562764 0.072259160152095617 0.090468887852515792 -0.12524410217389709 0.10672601691151216 0.073902804748433665 0.085721542216480082 0.049460594023342408 -0.12664484482834951 0.052182507796654926 -0.12869420377756488 -0.12717697458239233 0.082147465355448757 -0.14503097889205593 0.077615655867510236 -0.068296565699188058 0.024685965054411098 0.05490585191387394 -0.14791352901310559
leaf_weight=21.663367728702724 3.7787378719076505 17.174594879150391 7.1366093046963206 2.980206308886415 1.852346971631049 3.9872698420658699 7.0078257694840413 10.418589404784141 2.441567424684763 1.2418936043977735 3.3768397057428956 2.1536981496028598 1.1621336117386816 5.6554762078449121 3.5723513225093475 1.1353123188018797 0.81144584901630823 7.293205768801271 1.5448876693844784 2.8690400714986017 21.615389727987356 3.9083622433245182 2.244492338038981 12.653599294833837 4.1808780534192911 1.2608050471171734 3.7682342445477834 1.546836582012477 18.02125205565244 3.1684158202260733
leaf_count=1548 230 32 475 206 129 198 45 40 105 89 13 53 5 12 127 1 9 18 15 84 106 118 101 35 94 8 43 7 86 44
internal_value=-0.000866979 0.0130989 0.00229049 0.00837571 0.0116498 -0.0260521 -0.00576916 0.0188052 0.01502 -0.0267896 0.0265552 0.0208861 -0.0622648 0.0234954 0.0197082 -0.0693016 0.0241049 0.0273477 0.0223365 0.0157053 0.0214038 -0.0782235 -0.0737841 0.0296088 0.0117465 -0.0934451 0.0342972 0.0451671 0.0245863 -0.0912923
internal_weight=181.626 159.962 142.788 135.651 131.872 21.0356 17.0483 110.837 14.0681 7.0603 4.61873 108.984 3.31583 105.669 100.013 4.70766 95.3054 92.2495 84.9563 74.5377 71.6687 5.45325 3.05594 66.2154 30.8253 5.44168 25.3836 35.3901 22.7365 4.71525
internal_count=4076 2528 2496 2021 1791 656 458 1135 252 207 102 1006 58 948 936 128 808 698 680 640 556 133 110 423 251 102 149 172 137 51
is_linear=0
shrinkage=0.1


Tree=30
num_leaves=31
num_cat=0
split_feature=4 3 14 3 5 19 0 0 17 1 19 18 9 17 10 8 9 10 19 10 14 3 18 2 19 12 19 10 6 11
split_gain=23.4712 14.1255 9.01705 4.52941 3.07744 3.3395 3.11845 2.50563 2.38511 3.47213 2.05514 2.88729 2.38551 3.42011 4.13748 2.63902 2.40071 5.4324 2.17242 2.05725 5.83306 10.9538 2.16965 7.10241 1.98348 2.92691 2.20193 3.00654 1.93391 5.13276
threshold=5.0742750870769691e-11 0.16971249701348964 0.027585116215050224 0.058303159313682469 0.029645626973896954 2.5783989429473881 8.4980859470607981e-10 2.1591779031540135e-10 0.16490589488636367 0.31503395387754302 5.2309646606445321 0.67675273507748834 0.15999636761268518 0.15553977272727273 3.7725291252136235 7.7558733848230457e-10 0.11987994700082019 3.0582332611083989 0.42449718713760382 2.7237545251846318 0.0094402036629617232 0.069156155166483782 0.20191268152980643 1.9140863251237733e-10 0.61608970165252697 0.2900874018669129 1.9381870627403261 2.7351324558258061 2.113498321389474e-10 4.3371446434292701e-09
decision_type=2 2 2 2 2 2 2 2 2 2 2 2 2 2 2 2 2 2 2 2 2 2 2 2 2 2 2 2 2 2
left_child=-1 2 3 -2 5 6 -5 -6 9 -8 12 -12 13 15 -15 16 17 19 -17 20 22 -22 23 -9 -21 -26 27 -27 -28 -30
right_child=1 -3 -4 4 7 -7 8 10 -10 -11 11 -13 -14 14 -16 18 -18 -19 -20 24 21 -23 -24 -25 25 26 28 -29 29 -31
leaf_value=-0.10365435650307285 -0.10536934773182204 0.10266964837974318 -0.11301046736480913 -0.10354329618895744 -0.10328663549309419 -0.11174881696203819 -0.12559154213393089 0.044477625458234624 0.10348740364507532 0.020776124075531519 -0.13343113753774072 0.068268896478480487 0.087744241728940964 -0.12342305474492761 0.10604515027407485 0.069919124803013696 0.072940516459268231 -0.096461410953170013 -0.12692304720196582 0.10104742503091801 0.054562700672013235 -0.13089569338539014 0.056811635009710898 -0.140417406054649 -0.054690930866504922 0.090599678819218418 0.091708392526471019 -0.12285766068329765 -0.071771880939981866 0.075682852819452917
leaf_weight=19.662300147116184 3.4350296193733802 15.581804275512694 6.4773158309981218 2.7055412754416528 1.6813470050692547 3.6392962057143441 1.9805986424908031 9.0245880614966172 2.4437799500301471 8.9193790005519968 1.968455298803746 1.1098537407815454 5.2681893361732355 3.2776623526588073 1.0335316658020017 0.77392389252781812 9.6171318078413588 3.8104566670954219 2.0347514292225242 5.316338092088702 5.9414307447150332 6.8639740403741598 18.652091984637082 2.6988844955340019 3.2547407299280193 1.1006792169064312 9.2553757978603262 1.6475349999964235 3.4312318139709514 7.5660439264029264
leaf_count=1548 230 32 475 206 129 198 70 66 5 177 53 5 12 127 1 9 28 75 101 8 31 191 76 51 33 3 17 41 49 29
internal_value=-0.000902778 0.0125204 0.00210982 0.00791488 0.0110275 -0.0252615 -0.00564988 0.0178109 0.0141987 -0.00581986 0.0197753 -0.0607102 0.0222389 0.0186178 -0.0684122 0.0227414 0.0257808 0.0200079 -0.0726836 0.0259448 0.0117597 -0.044847 0.0356233 0.00191256 0.0453458 0.0340671 0.0466269 -0.0373665 0.0580245 0.0296759
internal_weight=170.173 150.511 134.929 128.452 125.017 19.6886 16.0493 105.328 13.3438 10.9 103.647 3.07831 100.569 95.3004 4.31119 90.9892 88.1805 78.5634 2.80868 74.7529 43.181 12.8054 30.3756 11.7235 31.5719 26.2556 23.0009 2.74821 20.2527 10.9973
internal_count=4076 2528 2496 2021 1791 656 458 1135 252 247 1006 58 948 936 128 808 698 670 110 595 415 222 193 117 180 172 139 44 95 78
is_linear=0
shrinkage=0.1


Tree=31
num_leaves=31
num_cat=0
split_feature=4 3 14 3 5 12 10 8 17 18 5 3 18 5 18 19 17 18 13 5 9 13 13 0 5 19 7 7 18 18
split_gain=21.0772 12.8366 8.09497 4.04727 2.76058 4.51508 4.33708 4.13768 2.59586 6.92798 2.93658 7.08898 6.73368 5.66309 3.20431 3.728 3.85844 2.44966 4.82649 8.52121 2.24186 3.31151 2.0553 6.39285 2.93356 2.46565 5.23975 2.04061 1.67546 2.94546
threshold=5.0742750870769691e-11 0.16971249701348964 0.027585116215050224 0.058303159313682469 0.041886386975833446 0.45817209780216223 3.3186950683593754 7.7558733848230457e-10 0.14397638494318185 -0.13323858200403096 0.034792237288990009 0.096584818194049016 -0.056205797898159778 0.034350309739932354 0.055899099245752128 0.41779704391956335 0.1435990767045455 0.28402147365903313 2.0001097321510319 0.042329135159351015 0.10404148900916953 1.9610120058059695 1.621868968009949 9.897506751992515e-10 0.028058106685736214 2.9475910663604741 0.099753497673884847 0.071204310534520379 0.40092023954176431 0.096127808178690363
decision_type=2 2 2 2 2 2 2 2 2 2 2 2 2 2 2 2 2 2 2 2 2 2 2 2 2 2 2 2 2 2
left_child=-1 2 3 -2 5 6 7 8 10 -10 13 12 -12 14 15 -5 -17 18 19 -6 21 27 28 -24 -25 -26 -27 -13 29 -16
right_child=1 -3 -4 4 17 -7 -8 -9 9 -11 11 20 -14 -15 22 16 -18 -19 -20 -21 -22 -23 23 24 25 26 -28 -29 -30 -31
leaf_value=-0.10334540050212715 -0.10489675285403398 0.10240915352289089 -0.11263646782220681 0.053680017247752759 0.093604307285647739 -0.11808865631919635 0.068822772594032203 -0.12273802133826212 0.075377635187387437 -0.11567630963902278 0.036897738177544152 -0.13453543779358285 -0.14357284202391454 0.091657514566368573 0.098268262321019498 -0.12191419806585342 0.10087440988712815 0.077031349338945621 0.068363453832081186 -0.14889567117863664 0.10606052819333917 0.071679928642229551 -0.12741484110709206 -0.10273064490981493 0.060042170494160357 -0.13656593155641869 0.089071440124562432 0.024139321879370259 0.086856264497382638 -0.05540289013537595
leaf_weight=17.841670768335462 3.1214346601627758 14.133035659790037 5.8794087308924636 2.5791827924549562 2.3935840097256023 2.9899264168925574 10.0371619858779 2.6923011210747054 2.9076610784977674 5.4658677624538523 3.0486914440989494 1.9297134871594592 6.4237316008657235 9.5209369161166233 2.1897102398797852 5.31156509462744 0.91064190119504917 10.505307417828588 7.0762843256816268 3.6719803791493177 3.0966526865959167 3.4758775345981121 3.2394850826822248 1.6338907936587954 12.38507540151477 2.1631096238270393 1.963262030854821 1.3973913397639988 6.6981228860095143 2.8980949488468468
leaf_count=1548 230 32 475 30 9 108 64 132 18 318 23 43 138 24 7 194 2 42 41 104 3 14 159 131 56 44 7 11 23 46
internal_value=-0.000911699 0.0119823 0.00196709 0.00750245 0.0104606 0.00284728 0.00677896 -0.000821875 0.00332048 -0.0493339 0.0095422 -0.0236466 -0.0854885 0.0220281 0.00623335 -0.0474066 -0.0893083 0.0410326 0.012256 -0.0532007 0.0355266 0.00342025 0.020466 0.00198651 0.0250885 0.0377369 -0.0292113 -0.0678917 0.0539958 0.0107347
internal_weight=159.581 141.739 127.606 121.727 118.605 94.9581 91.9681 81.931 79.2387 8.37353 70.8651 19.3721 9.47242 51.4931 41.9721 8.80139 6.22221 23.6472 13.1418 6.06556 9.89964 6.80298 33.1708 21.3848 18.1453 16.5114 4.12637 3.3271 11.7859 5.08781
internal_count=4076 2528 2496 2021 1791 1595 1487 1423 1291 336 955 232 161 723 699 226 196 196 154 113 71 68 473 397 238 107 51 54 76 53
is_linear=0
shrinkage=0.1


Tree=32
num_leaves=31
num_cat=0
split_feature=4 3 14 3 1 17 4 13 19 15 17 13 13 5 19 0 19 5 13 13 10 12 1 13 10 17 3 3 19 17
split_gain=18.9425 11.6563 7.27029 3.62249 2.48529 4.72339 3.86418 2.82254 2.75261 2.55189 2.24727 2.63438 10.1499 3.38534 3.80236 4.30585 2.23655 3.48293 2.9912 2.89442 2.45642 1.71909 3.27431 1.66177 1.54811 2.68895 4.47123 1.53966 5.71888 1.30898
threshold=5.0742750870769691e-11 0.16971249701348964 0.027585116215050224 0.058303159313682469 0.58069211615752636 0.071133700284090925 4.3823993662351793e-10 2.4460363388061528 0.32233068346977239 0.00013031084381509575 0.088356711647727279 2.1689146757125859 2.0138945579528813 0.031408495556944187 2.3975245952606206 8.4980859470607981e-10 2.1112518310546879 0.039795240931108651 1.7203096747398379 1.3961172699928286 3.334377765655518 0.41625811159610754 0.31503395387754302 2.224845409393311 3.2274066209793095 0.13350053267045456 0.068138717790871134 0.070078023551933724 1.7523471117019656 0.13150301846590912
decision_type=2 2 2 2 2 2 2 2 2 2 2 2 2 2 2 2 2 2 2 2 2 2 2 2 2 2 2 2 2 2
left_child=-1 2 3 -2 5 -5 7 8 -7 -8 -10 12 13 14 15 -12 17 18 19 -15 -20 22 -17 -13 25 29 -27 -21 -29 -18
right_child=1 -3 -4 4 -6 6 9 -9 10 -11 11 23 -14 16 -16 21 24 -19 20 27 -22 -23 -24 -25 -26 26 -28 28 -30 -31
leaf_value=-0.10306185555719552 -0.10446385275003361 0.10217464698262896 -0.11224900617144112 -0.11798474825290631 0.080711106513181197 -0.11612723957772789 -0.13639600783908465 -0.11995827722769221 0.063899303370223565 0.090019685751984935 -0.10369086018069834 0.080707293737849684 -0.15159348750143542 -0.13907076588606951 -0.11515436465740883 -0.12450551875516386 0.030279053257335611 -0.12310007868118829 -0.12707985008830622 0.068981650704515285 0.065000528842298386 0.10158232497531711 0.058305342151545515 -0.0051654981615615334 0.074125238803588359 0.059266057305681033 -0.12560150421003033 -0.11887445381486401 0.073716168082587727 0.089496165716197118
leaf_weight=16.185970901977271 2.8355002598837009 12.815955162048338 5.3373587471432975 2.9476964287459841 4.7575010117143384 1.5518386638723303 2.7411021003499623 1.5507410187274207 9.6565748834982497 0.60825270507484663 2.8075433326885086 8.4131657197140139 3.8628570111468425 0.94666125718505156 3.7665065820328882 1.3969585914164779 16.414600041229285 2.077221014071255 2.390070768538862 8.6541394982486946 0.92286544293165196 2.9116808921098709 3.2805592194199562 3.0779713969677678 9.9870711499825102 2.5323341637849799 2.7066438491456211 2.3932283478789023 4.33411271777004 4.8315696576610199
leaf_count=1548 230 32 475 111 29 106 135 66 38 5 242 36 110 24 209 50 90 70 69 60 4 6 25 48 39 20 79 91 17 12
internal_value=-0.000938866 0.0115353 0.00183037 0.00715477 0.00999274 0.00684147 0.0103857 0.0139083 0.016007 -0.0952783 0.018113 0.013072 0.00634255 0.0147745 -0.02907 0.00211641 0.025446 4.02991e-05 0.0130635 0.0306418 -0.0735731 0.0412587 0.00370818 0.0577057 0.0405745 0.0279231 -0.0362432 0.0410869 0.00520272 0.0437456
internal_weight=148.696 132.51 119.694 114.357 111.521 106.764 103.816 100.467 98.9162 3.34935 97.3643 87.7078 76.2166 72.3538 14.1632 10.3967 58.1905 21.7183 19.6411 16.3281 3.31294 7.5892 4.67752 11.4911 36.4722 26.4851 5.23898 15.3815 6.72734 21.2462
internal_count=4076 2528 2496 2021 1791 1762 1651 1511 1445 140 1339 1301 1217 1107 532 323 575 335 265 192 73 81 75 84 240 201 99 168 108 102
is_linear=0
shrinkage=0.1


Tree=33
num_leaves=31
num_cat=0
split_feature=4 3 14 3 5 12 10 8 7 8 18 6 5 5 5 13 15 13 8 17 1 9 2 3 2 18 19 7 10 19
split_gain=17.0165 10.5968 6.52465 3.23994 2.27902 3.76197 3.45892 5.77395 3.6096 3.85513 2.89001 2.60047 5.4676 5.31607 4.43681 3.1887 3.09041 5.7995 3.40558 2.79145 2.99909 2.36219 4.0716 2.29359 2.09634 6.50597 2.96172 2.99433 1.93194 2.22547
threshold=5.0742750870769691e-11 0.16971249701348964 0.027585116215050224 0.058303159313682469 0.041886386975833446 0.45817209780216223 3.1540213823318486 3.5254974852732161e-10 0.10647891436771099 1.4191258202728621e-09 0.64799505070021224 3.9665338899043612e-10 0.034792237288990009 0.034350309739932354 0.038187609152249093 1.7811432480812075 3.9618573282496079e-05 1.5043211579322817 1.4841592986379711e-11 0.094948508522727279 0.41315260709361584 0.064266018094679009 1.1858458028666459e-10 0.11943580582783919 3.4836906999828365e-10 0.049846859437159524 2.1112518310546879 0.0244660504355361 2.4312239885330205 0.35177887976169592
decision_type=2 2 2 2 2 2 2 2 2 2 2 2 2 2 2 2 2 2 2 2 2 2 2 2 2 2 2 2 2 2
left_child=-1 2 3 -2 5 6 7 11 -8 -10 -9 12 13 15 23 16 17 28 -19 -17 -21 22 -16 -14 26 -26 27 -6 29 -5
right_child=1 -3 -4 4 24 -7 8 10 9 -11 -12 -13 14 -15 21 19 -18 18 -20 20 -22 -23 -24 -25 25 -27 -28 -29 -30 -31
leaf_value=-0.10280148533219993 -0.10406745658254264 0.10196342335540981 -0.11184473487349474 0.067325825350129848 0.10542044242752678 -0.11555096199734882 0.067915579793474901 -0.12122759886055341 -0.1282905305433335 0.10615401697877516 0.088546165363783749 0.066590499426185557 -0.13987219988852864 0.086746975780992344 0.083493162442341715 0.013892074145992975 0.072587292538889722 0.077096113941917455 -0.13573811622459928 -0.11909843329136074 0.070011278850465472 0.061126947397412271 -0.1417331013367846 0.050747451767392364 0.058822140590378748 -0.15791400394734656 0.08059632945825676 -0.11833824147248324 0.076459996002366706 -0.12120647672215995
leaf_weight=14.680883131455628 2.5749427247792473 11.619154930114744 4.8460303870961061 1.2202254207804855 0.93774205446243586 2.6323789670132092 13.893563797231765 5.4892504001036277 2.1126040485687545 1.0499880313873293 0.74599851807579387 6.1537472335621706 5.6122956052422506 8.4379582651890797 1.2727449815720322 4.464373726397751 7.3131342031992963 0.92966582719236512 3.9297834769822657 5.3345068730413914 0.99503710772842158 3.1638221619650722 2.1731290407478809 0.71120888600125898 4.4524407805874935 2.0103497444652021 12.065044159069656 1.650978942401707 5.5197549602016807 1.2859320249408481
leaf_count=1548 230 32 475 11 1 108 80 278 85 1 7 43 170 32 12 80 47 8 196 270 10 20 58 7 34 61 37 63 35 37
internal_value=-0.000972259 0.0110259 0.00167353 0.00676092 0.00946443 0.00211653 0.00590275 -0.00465042 0.0459671 -0.0504544 -0.0961298 0.00509707 -0.00212962 0.0163768 -0.0585513 -0.00278215 0.020666 -0.00880208 -0.0950206 -0.0466604 -0.0893694 -0.00126239 -0.058545 -0.118433 0.0388473 -0.00859695 0.0597718 -0.0372836 0.0434007 -0.0294118
internal_weight=139.279 124.598 112.979 108.133 105.558 84.4411 81.8087 64.7526 17.0562 3.16259 6.23525 58.5173 52.3636 39.4304 12.9332 30.9924 20.1985 12.8854 4.85945 10.7939 6.32954 6.6097 3.44587 6.3235 21.1166 6.46279 14.6538 2.58872 8.02591 2.50616
internal_count=4076 2528 2496 2021 1791 1595 1487 1321 166 86 285 1036 993 726 267 694 334 287 204 360 280 90 70 177 196 95 101 64 83 48
is_linear=0
shrinkage=0.1


Tree=34
num_leaves=31
num_cat=0
split_feature=4 3 14 3 1 4 18 10 17 19 5 5 19 0 10 14 13 18 18 2 19 19 3 0 13 5 13 18 13 11
split_gain=15.2968 9.62795 5.85733 2.90142 2.16779 3.07571 7.09957 3.02283 2.81884 2.31634 2.20027 4.32381 3.95643 3.62154 2.69367 5.35745 3.26601 3.68032 2.67113 2.48511 2.20003 4.17403 1.42879 1.75003 1.41882 1.69392 1.41164 2.31741 1.29314 2.33599
threshold=5.0742750870769691e-11 0.16971249701348964 0.027585116215050224 0.058303159313682469 0.62438249533292034 1.8208736793561285e-10 0.071999208028004941 2.8857074975967412 0.071133700284090925 0.32233068346977239 0.041886386975833446 0.039795240931108651 3.8945217132568364 1.7828211859772188e-09 3.1540213823318486 0.012333159334957601 2.1935585737228398 -0.054323662358166817 0.20191268152980643 1.7387014044826563e-10 1.0811972022056582 0.56509456038475048 0.070909289907735443 2.2958315804799934e-09 2.2112821340560918 0.034658865724922487 1.4485540390014651 -0.056205797898159778 1.7811432480812075 3.6534358871520571e-09
decision_type=2 2 2 2 2 2 2 2 2 2 2 2 2 2 2 2 2 2 2 2 2 2 2 2 2 2 2 2 2 2
left_child=-1 2 3 -2 5 8 7 -7 -5 -10 11 12 14 -14 15 20 17 26 19 -12 21 22 -11 -24 -18 -26 -17 -28 -22 -30
right_child=1 -3 -4 4 -6 6 -8 -9 9 10 18 -13 13 -15 -16 16 24 -19 -20 -21 28 -23 23 -25 25 -27 27 -29 29 -31
leaf_value=-0.10256231158087706 -0.10370464660846726 0.10177309915848963 -0.11142193948843693 -0.11770229843953975 0.092588132994517056 -0.11491688174886804 -0.12729004428857757 0.056662230314762467 -0.11432742369621254 0.079160398118253081 0.073932758057570533 -0.15244416313766426 -0.124529145213815 0.053220727156856933 0.063205729505510483 0.10444332454021364 0.1034752182537428 -0.12221827190446884 0.084951349567293125 -0.07665307045534514 0.053270045866809237 -0.12422599961207009 -0.12792694389778805 0.10285293290653125 -0.11378997707664738 0.072982373538954676 -0.12200851034014489 0.10406336458015403 -0.05809297378812868 0.075037457483513537
leaf_weight=13.313217495102434 2.3376413984224191 10.532106399536131 4.4006810227874658 1.6126719475723792 3.009107436053454 1.250434513669459 5.3235501428134739 5.7412461992353201 1.34574042726308 2.9001249759457997 1.980519551783799 1.5896675544790912 3.6274584233760825 1.6757564977742729 12.433450492098926 1.0834462353959495 1.6607843441888683 6.0161598310806026 9.2845066729933006 2.453627519775182 23.267702743876729 2.4613446928560734 0.89707267633639254 0.51850783824920654 0.99237997969612457 0.95085790753364563 1.2206125096417961 0.72141993045806874 3.0795491114258757 2.3041510577313602
leaf_count=1548 230 32 475 57 14 64 206 70 106 20 19 41 135 17 103 2 3 349 30 36 165 112 54 1 40 2 57 1 73 14
internal_value=-0.00100874 0.0105793 0.00153031 0.00641599 0.00900571 0.0063965 -0.0402769 0.025976 0.013233 0.0157935 0.0179522 0.010522 0.0144585 -0.0683622 0.0217173 0.0109871 -0.0448893 -0.0769747 0.0544571 -0.00939365 0.0309314 -0.0203064 0.0389613 -0.0433954 0.0356055 -0.0223992 0.012992 -0.0380281 0.0430509 -0.00111494
internal_weight=129.985 116.672 106.14 101.739 99.4019 96.3927 12.3152 6.99168 84.0775 82.4648 81.1191 67.4004 65.8108 5.30321 60.5076 48.0741 12.6457 9.04164 13.7187 4.43415 35.4285 6.77705 4.31571 1.41558 3.60402 1.94324 3.02548 1.94203 28.6514 5.3837
internal_count=4076 2528 2496 2021 1791 1777 340 134 1437 1380 1274 1189 1148 152 996 893 454 409 85 55 439 187 75 55 45 42 60 58 252 87
is_linear=0
shrinkage=0.1


Tree=35
num_leaves=31
num_cat=0
split_feature=4 3 8 3 12 5 12 10 8 17 18 5 3 18 5 0 3 1 4 15 0 5 15 13 6 7 18 13 5 4
split_gain=13.7517 8.75118 5.32076 2.71531 2.27228 2.08854 2.10774 2.4977 3.00216 1.7836 4.8763 2.10862 5.21659 5.00688 3.96836 2.45826 2.40135 3.11823 2.18341 1.96883 5.13623 2.30116 1.81275 4.3336 3.22721 1.74355 1.72841 3.43137 8.71003 1.56236
threshold=5.0742750870769691e-11 0.16971249701348964 1.5001078835494332e-09 0.058303159313682469 0.57091164588928234 0.041886386975833446 0.45817209780216223 3.3186950683593754 7.7558733848230457e-10 0.14397638494318185 -0.13323858200403096 0.034792237288990009 0.096584818194049016 -0.056205797898159778 0.034350309739932354 1.2745858053893335e-09 0.064000461299098393 0.21711021552209517 5.7592356265759257e-11 4.3310614273650578e-05 1.6812731237596248e-09 0.028850266728713627 3.9618573282496079e-05 1.5107853412628176 3.7132891609267512e-11 0.071204310534520379 0.28402147365903313 2.183539986610413 0.042329135159351015 1.228816343260999e-10
decision_type=2 2 2 2 2 2 2 2 2 2 2 2 2 2 2 2 2 2 2 2 2 2 2 2 2 2 2 2 2 2
left_child=-1 2 3 -2 5 6 7 8 9 11 -11 14 13 -13 16 25 -5 -18 -19 22 -21 -22 23 -20 -25 -14 27 28 -7 -9
right_child=1 -3 -4 4 -6 26 -8 29 -10 10 -12 12 15 -15 -16 -17 17 18 19 20 21 -23 -24 24 -26 -27 -28 -29 -30 -31
leaf_value=-0.10234258969579656 -0.10327813185133286 0.1016015235420254 -0.12392175582994103 0.070205904670532213 -0.11588181529179734 0.096050962005059123 -0.11164000260985492 0.090218298149687126 -0.12228282507029656 0.070099536150139849 -0.11294005997191157 0.033579330904427739 -0.12957383505081163 -0.1384451709470251 0.086377669833158754 0.070205838043069332 -0.12252112583122002 -0.11537556697457019 0.089643579799932621 -0.12445671271074364 -0.10914992198802526 0.038463087992642031 0.074530265284564731 0.090888108782556404 -0.14775080736449508 0.046414329769658869 0.074811026261472027 0.086166659557654471 -0.13770109834555744 -6.9850567842318987e-05
leaf_weight=12.070847082883118 2.2364285322837523 9.5451183319091779 3.27730719721876 4.8837780002504578 1.4531544791534532 2.9118121052160877 1.5785688990727056 5.2103817630559188 1.992491581942885 2.2586262794211507 4.0929689665790638 2.5187321924604475 1.2939671769272538 5.1543762602377665 7.3672832306474438 5.5251514143310487 2.1144976278301355 1.4575914633460367 2.675200226716699 3.2973134019412091 1.2065085386857379 8.470401469152419 6.6532456334680319 0.76437883125618133 2.1911356588825583 0.99646820873022068 8.1091815577819926 3.9849758304189891 3.522441613022238 3.0317036644555628
leaf_count=1548 246 32 384 67 89 10 82 16 128 18 318 23 39 138 24 25 87 126 8 118 94 66 52 4 77 7 42 21 122 65
internal_value=-0.00103193 0.0101082 0.00139506 0.00563116 0.00820271 0.0101361 0.00268494 0.00515185 -0.0014322 0.00239468 -0.0478512 0.00803621 -0.0234066 -0.0819774 0.0198909 0.0340965 0.00536207 -0.00562231 0.00362998 0.0104975 -0.0166688 0.0200588 0.0391904 -0.0025671 -0.0860321 -0.0530091 0.0401905 0.0132457 -0.0319169 0.0570074
internal_weight=121.846 109.775 100.23 96.9528 94.7163 93.2632 74.7348 73.1562 64.9141 62.9216 6.3516 56.57 15.4887 7.67311 41.0813 7.81559 33.7141 28.8303 26.7158 25.2582 12.9742 9.67691 12.284 5.63071 2.95551 2.29044 18.5284 10.4192 6.43425 8.24209
internal_count=4076 2528 2496 2112 1866 1777 1582 1500 1419 1291 336 955 232 161 723 71 699 632 545 419 278 160 141 89 81 46 195 153 132 81
is_linear=0
shrinkage=0.1


Tree=36
num_leaves=31
num_cat=0
split_feature=4 3 8 7 2 5 1 10 8 12 18 17 5 18 6 4 19 17 17 9 0 19 5 10 13 4 3 8 18 19
split_gain=12.3704 7.94953 4.7961 2.48712 2.81065 2.87031 2.45927 1.95205 4.89758 3.19792 2.39808 2.3556 2.39204 2.20538 1.89653 3.84176 3.44089 2.3945 1.68171 6.00032 3.89175 1.84767 1.88574 3.43044 1.77408 3.25474 1.5301 1.31639 2.3113 1.22756
threshold=5.0742750870769691e-11 0.16971249701348964 1.5001078835494332e-09 0.10719780800952299 2.6540221793864611e-10 0.03418562098287823 0.13826308700043019 3.1816707849502568 3.5254974852732161e-10 0.44526697695255285 0.64799505070021224 0.14397638494318185 0.050956059784542464 0.67675273507748834 3.8953565748840171e-10 1.3493168844025565e-10 0.45100817084312445 0.071133700284090925 0.1134366122159091 0.05640587837958367 2.6120104792781207e-10 2.6984807252883916 0.037311535322626786 2.0073971748352055 1.7641201019287112 1.228816343260999e-10 0.10470253407061376 6.7692358751330911e-10 -0.14033279073720964 0.90112340450286876
decision_type=2 2 2 2 2 2 2 2 2 2 2 2 2 2 2 2 2 2 2 2 2 2 2 2 2 2 2 2 2 2
left_child=-1 2 3 6 5 -5 -2 8 11 -9 -10 14 -13 -11 15 17 -17 -8 21 20 -20 29 23 -23 -21 -26 -22 28 -7 -19
right_child=1 -3 -4 4 -6 27 7 9 10 13 -12 12 -14 -15 -16 16 -18 18 19 24 26 22 -24 -25 25 -27 -28 -29 -30 -31
leaf_value=-0.10214073197056246 -0.10338209779496255 0.10144679434098947 -0.12384759355470221 -0.1054109591431714 -0.11393592824469162 0.08901633823608128 -0.11508697607960222 0.065865040153554197 -0.11928476186374282 -0.11987256439277466 0.09203099863272074 -0.11787313080525184 0.10341728484181639 0.10115873968115228 0.069642423450599997 0.093480830561394668 -0.13299953669501141 -0.011847921574309929 0.058599604936003226 0.062284496424014318 -0.12877697397720808 0.08118697787029687 0.059508366135716688 -0.18236683400671017 -0.11590619026124094 0.089069804944551287 -0.015140531379460313 0.094566100344117263 -0.12982632740009459 0.065346789155999674
leaf_weight=10.942643572576342 1.8369923559948791 8.6492824554443342 2.9671424122061572 1.8566138930618743 3.5180398586671799 0.99372030934318878 1.2785418001003552 12.699116792064158 4.1219460554420939 1.7139605251140886 0.61748010152950872 2.3845923650078471 0.61431795358657826 0.6128164748661219 6.4074110067449501 0.85959359444677774 3.0547262602485716 2.3534869318828049 2.0136166233569401 11.241237719077615 4.8181309138890356 0.78948865830898274 1.6313872970640657 1.3189337258227167 1.7070788852870458 1.4182462003082035 1.5713429492898283 2.3123775459825993 0.938292978098616 16.519245075061917
leaf_count=1548 207 32 384 169 218 4 53 88 251 80 5 198 1 2 38 4 82 72 18 94 192 2 6 38 99 4 35 9 53 90
internal_value=-0.00105955 0.00969813 0.00127123 0.00534178 -0.042751 -0.00170344 0.0110121 0.0136472 0.00610867 0.0461179 -0.0917533 0.0138412 -0.0725424 -0.0616583 0.0183875 0.0118939 -0.0832639 0.0198766 0.0236789 0.00449539 -0.0626267 0.0429958 -0.0212183 -0.0836804 0.0437555 -0.0228898 -0.100831 0.0436611 -0.0172658 0.0557204
internal_weight=113.762 102.819 94.1699 91.2027 9.61904 6.101 81.5837 79.7467 64.7208 15.0259 4.73943 59.9814 2.99891 2.32678 56.9825 50.5751 3.91432 46.6607 45.3822 22.7697 8.40309 22.6125 3.73981 2.10842 14.3666 3.12533 6.38947 4.24439 1.93201 18.8727
internal_count=4076 2528 2496 2112 453 235 1659 1452 1282 170 256 1026 199 82 827 789 86 703 650 442 245 208 46 40 197 103 227 66 57 162
is_linear=0
shrinkage=0.1


Tree=37
num_leaves=31
num_cat=0
split_feature=4 3 8 3 7 5 12 10 8 12 10 8 5 10 5 5 18 5 19 5 19 11 15 7 18 0 5 13 1 9
split_gain=11.1258 7.22565 4.31751 2.19887 1.95457 1.736 2.57719 2.57997 2.52584 1.65872 1.82728 2.76203 1.75125 4.12997 3.40589 2.28812 2.54655 2.12757 2.03785 1.71796 2.03305 2.90057 3.4649 2.37836 1.5288 3.03395 4.73242 1.37059 4.68945 0.981775
threshold=5.0742750870769691e-11 0.16971249701348964 1.5001078835494332e-09 0.058303159313682469 0.13257460872202437 0.041886386975833446 0.45817209780216223 3.3186950683593754 7.7558733848230457e-10 0.42029066383838659 3.1540213823318486 4.3187365942169502e-10 0.034792237288990009 2.7125895023345952 0.034350309739932354 0.034122098390002527 0.25358397965531126 0.039629783939431729 1.9597042202949526 0.028058106685736214 0.41779704391956335 1.7667873275506454e-09 4.1955374399549335e-05 0.10133835751937142 0.28402147365903313 1.4407023298079117e-09 0.042329135159351015 1.6162637472152712 0.3291608712071194 0.12346922064045039
decision_type=2 2 2 2 2 2 2 2 2 2 2 2 2 2 2 2 2 2 2 2 2 2 2 2 2 2 2 2 2 2
left_child=-1 2 3 -2 5 6 7 8 9 10 11 12 14 17 15 16 19 -14 -15 -5 -21 -22 -23 -24 25 26 -7 -18 -29 -12
right_child=1 -3 -4 4 -6 24 -8 -9 -10 -11 29 -13 13 18 -16 -17 27 -19 -20 20 21 22 23 -25 -26 -27 -28 28 -30 -31
leaf_value=-0.10195533886693238 -0.10271688577420053 0.10130722676762699 -0.12364306167444046 -0.11160057755298301 -0.12212821149909009 0.088109058433471762 -0.11005185404516596 0.062374051158174584 -0.12336970272017056 -0.13352866299284002 0.010718944218495348 -0.12037062915392283 -0.13313232270048245 0.0673069239830653 0.079244506019225891 -0.15894607687902673 0.072212853165679797 -0.00070769422880543925 -0.035475883664132485 0.065797031457558317 -0.119463781008408 0.076588762193742235 -0.12126138787568484 0.07202883630502975 0.07320352327576056 0.066448992042943841 -0.12864705644281471 -0.12325305572562971 0.056012266986708664 0.098074094745068716
leaf_weight=9.9184040776453894 1.8532010749913741 7.8364276885986319 2.6890245606191447 1.9718400537967742 1.1490704191382963 1.5906469989568011 1.988973011728375 7.1052098772488526 1.6515448067802925 0.88740825466811557 2.2609499036334446 1.8844465906731773 3.9352438289206457 4.1783921618480235 6.6530206836760035 0.88105937791988154 5.8696626280434412 1.7540000530425457 3.5832387069240212 2.6825167902279636 2.7359750084578973 3.2345723304897547 2.3818098311312501 0.86878771474584926 7.1301220427267245 4.764814455062151 2.7463524944614619 2.0008390930015594 5.3910338683053851 2.9853819101117551
leaf_count=1548 246 32 384 199 97 7 126 67 121 35 34 119 174 33 32 18 55 34 49 53 154 27 63 11 42 43 84 123 56 10
internal_value=-0.00109257 0.00925863 0.00113635 0.00503248 0.00740211 0.00919281 0.00207337 0.0055098 -0.00148138 0.00210436 0.00428275 -0.00160759 0.00304314 -0.0275843 0.0149253 -0.000347633 0.00480159 -0.0923057 0.0198562 -0.0251464 -0.0108253 -0.0331154 0.00331342 -0.0696007 0.0385294 0.0113667 -0.0491491 0.0361361 0.00748856 0.0604277
internal_weight=106.564 96.6456 88.8091 86.1201 84.2669 83.1178 66.8859 64.8969 57.7917 56.1402 55.2528 50.0064 48.122 13.4509 34.6711 28.0181 27.137 5.68924 7.76163 13.8755 11.9037 9.22114 6.48517 3.2506 16.2319 9.10181 4.337 13.2615 7.39187 5.24633
internal_count=4076 2528 2496 2112 1866 1769 1593 1467 1400 1279 1244 1200 1081 290 791 759 741 208 82 507 308 255 101 74 176 134 91 234 179 44
is_linear=0
shrinkage=0.1


Tree=38
num_leaves=31
num_cat=0
split_feature=4 3 8 7 2 5 0 10 8 3 17 7 5 18 0 1 17 6 4 19 18 19 7 8 12 2 6 7 14 6
split_gain=10.0098 6.56667 3.8833 2.0517 2.4044 2.41711 2.04464 1.52082 3.81799 2.69217 2.07828 2.0436 2.03215 2.00785 1.62323 2.68182 2.43742 1.58007 2.80331 3.65248 2.8277 2.41809 3.30774 2.55343 3.13332 1.72007 1.16892 5.09379 1.15658 4.68782
threshold=5.0742750870769691e-11 0.16971249701348964 1.5001078835494332e-09 0.10719780800952299 2.6540221793864611e-10 0.03418562098287823 2.4004115472466637e-10 3.1540213823318486 3.5254974852732161e-10 0.073252157882667632 0.14397638494318185 0.10082715435590291 0.050956059784542464 0.64799505070021224 2.6120104792781207e-10 0.18626537836721044 0.10815429687500001 3.8953565748840171e-10 1.3493168844025565e-10 0.99064403772354137 -0.10152860830368642 2.8598670959472661 0.022387357546960463 2.7191458561252996e-11 0.2926729172468186 5.7336093068346603e-10 5.876834472304105e-11 0.046591986859455155 0.0095647638663649576 1.5607010513472817e-10
decision_type=2 2 2 2 2 2 2 2 2 2 2 2 2 2 2 2 2 2 2 2 2 2 2 2 2 2 2 2 2 2
left_child=-1 2 3 6 5 -5 -2 8 10 11 14 -9 -12 -10 -8 16 -16 18 19 25 -20 26 -23 -24 -25 -17 -21 -28 -29 -30
right_child=1 -3 -4 4 -6 -7 7 9 13 -11 12 -13 -14 -15 15 17 -18 -19 20 21 -22 22 23 24 -26 -27 27 28 29 -31
leaf_value=-0.10178511596466243 -0.10324528584031629 0.1011812803599504 -0.123304510147139 -0.104890916499945 -0.11282428819179734 0.043061659023256371 0.086613679460055784 -0.14007147899452832 -0.11685977514741175 0.058854976908297385 -0.11685236207637116 0.073283975116914077 0.10288342316195753 0.090324670185166878 0.073711481134659904 -0.11647457696748001 -0.1352942561248768 0.06696945914895476 0.092629083057003903 0.087183900301012876 -0.12977036763814973 -0.22367695307448723 0.10198981016364822 -0.12019495285212874 0.043661379225822812 0.10227010317715868 -0.12179093902644576 0.082814796488552458 -0.1406774856495179 0.05378104515906066
leaf_weight=8.9887903188355249 1.5576604397501785 7.0990700721740714 2.4394982282537958 1.5773304882459322 3.0583752396050841 3.6813241413328797 3.1317611224949351 1.3018802381120611 3.4656317601911715 12.433789023896678 2.1428785161115225 0.68523943284526456 0.52374106645584095 0.54073674557730544 0.75419754162430708 2.5943799223750825 2.1446004782337695 5.8114709937944999 0.7436394598335031 4.9433760107494917 2.4725486231036475 0.73160325549542804 1.7960549998097119 2.3355580330826342 2.3325238658580929 0.41729888319969166 1.9250652501359606 6.5682521127164391 1.409181422786786 10.307739083655177
leaf_count=1548 195 32 384 169 218 66 14 67 246 108 207 15 1 5 3 191 70 37 5 26 74 9 5 86 38 1 69 20 59 108
internal_value=-0.00111693 0.00883491 0.00101439 0.00474069 -0.0423207 -0.00131663 0.0100973 0.0125661 0.00523691 0.0415821 0.0123411 -0.0664979 -0.0736949 -0.0888962 0.0168915 0.0122739 -0.080916 0.0183596 0.0110368 0.0191666 -0.0783477 0.0289728 -0.0221443 0.000664935 -0.03832 -0.0861653 0.043596 0.0329345 0.049224 0.0303937
internal_weight=99.9152 90.9264 83.8273 81.3878 8.31703 5.25865 73.0708 71.5131 57.0922 14.4209 53.0859 1.98712 2.66662 4.00637 50.4193 47.2875 2.8988 44.3887 38.5772 35.361 3.21619 32.3494 7.19574 6.46414 4.66808 3.01168 25.1536 20.2102 18.2852 11.7169
internal_count=4076 2528 2496 2112 453 235 1659 1464 1274 190 1023 82 208 251 815 801 73 728 691 612 79 420 138 129 124 192 282 256 187 167
is_linear=0
shrinkage=0.1


Tree=39
num_leaves=31
num_cat=0
split_feature=4 3 14 2 1 17 3 19 14 7 18 19 9 8 18 0 10 9 6 9 9 1 5 6 17 14 9 3 1 3
split_gain=9.00913 5.96618 3.51428 1.93578 1.83551 2.30016 1.74421 1.50284 1.53048 3.97887 1.74249 1.60475 1.35875 2.28962 1.90002 1.84817 2.2789 2.65845 2.23705 2.71701 2.6696 2.16806 1.81349 2.63777 1.65004 1.64004 3.7653 1.56269 1.54395 2.81304
threshold=5.0742750870769691e-11 0.16971249701348964 0.027585116215050224 4.0999031243561462e-09 0.58069211615752636 0.071133700284090925 0.058303159313682469 0.32233068346977239 0.0079288976266980189 0.046591986859455155 0.64799505070021224 5.2309646606445321 0.12346922064045039 3.5254974852732161e-10 -0.20912225459786976 1.3853738243391202e-09 2.9608497619628911 0.041831298515101117 1.0015219611161383e-10 0.058801985896029328 0.042218785297243967 0.15258325282737903 0.034122098390002527 5.0221210973411495e-10 0.12005060369318184 0.01216529216617346 0.069550354702299436 0.13909685373941569 0.26260188259928102 0.0803260456341479
decision_type=2 2 2 2 2 2 2 2 2 2 2 2 2 2 2 2 2 2 2 2 2 2 2 2 2 2 2 2 2 2
left_child=-1 2 3 4 5 -2 -7 -8 -9 -10 11 12 13 15 -15 16 17 21 -19 20 -20 -11 23 -14 -21 -17 -27 -16 29 -26
right_child=1 -3 -4 -5 -6 6 7 8 9 10 -12 -13 22 14 27 25 -18 18 19 24 -22 -23 -24 -25 28 26 -28 -29 -30 -31
leaf_value=-0.1016288862959997 -0.11209370394083096 0.10106761030132859 -0.10999245637767488 -0.15035405383161349 0.084563581943223692 -0.10246598993574521 -0.11271579176926901 0.047789681176493161 -0.11456104393072362 0.064120736875819567 0.077347141027843153 -0.10964671576071217 0.035926852944936263 0.073399367035035551 -0.11704947532292934 0.083642857993248401 -0.12026351769626682 0.098442210619057613 0.10225978200646119 -0.12502701629144938 -0.12098099692255165 -0.12901068961621232 0.075743300906222416 -0.11514021231838906 0.030611762224965811 -0.095042318102818046 0.066044037942509487 0.10194404404748612 0.079165828575874508 -0.14064229613081664
leaf_weight=8.1452619920019043 1.6835419503040601 6.4303612709045401 2.7580476044677189 0.79459382221102615 2.8998252958990625 1.4475751540157933 1.0088946297764767 9.3630853786598873 2.6893168123206115 0.76097789639607727 3.5909054609946898 1.1861152374185611 4.7495466123800707 0.79539372329600144 3.4664748236536975 5.0061176738236082 1.6879220092669118 2.7391442272346493 0.66352924145758096 0.7125871479511251 2.7799332394497469 2.4610890066251159 6.0948575960937887 1.5275914231315253 6.0366978310048562 2.2950393320061266 3.9458107384853065 0.35965099930763234 4.3018603310920298 1.1403555015567688
leaf_count=1548 93 32 475 61 24 225 107 67 201 13 34 69 58 7 241 25 73 13 2 19 142 62 46 93 157 46 36 1 41 65
internal_value=-0.00114376 0.00844288 0.000898398 0.00491269 0.00654908 0.00342843 0.00617501 0.0084423 0.0102306 0.00426916 0.00994524 0.00535349 0.00800084 -0.00112773 -0.0672297 0.00771913 -0.00835968 0.00038654 0.0150788 0.00047411 -0.0779642 -0.0833975 0.0368893 -0.000836518 0.0226288 0.0410064 0.00680539 -0.0964644 0.031795 0.00340136
internal_weight=93.5221 85.3768 78.9465 76.1884 75.3938 72.494 70.8105 69.3629 68.354 58.9909 56.3016 52.7107 51.5246 39.1526 4.62152 34.5311 23.2841 21.5962 18.3741 15.635 3.44346 3.22207 12.372 6.27714 12.1915 11.247 6.24085 3.82613 11.4789 7.17705
internal_count=4076 2528 2496 2021 1960 1936 1843 1618 1511 1444 1243 1209 1140 943 249 694 587 514 439 426 144 75 197 151 282 107 82 242 263 222
is_linear=0
shrinkage=0.1


Tree=40
num_leaves=31
num_cat=0
split_feature=4 3 14 2 5 12 10 17 18 7 9 6 14 6 3 3 17 5 5 18 18 0 5 2 3 5 15 14 4 19
split_gain=8.11021 5.42055 3.15276 1.71456 1.64578 2.05536 1.85064 2.39717 3.63269 1.82476 1.24704 3.50455 1.46318 2.08459 1.81203 4.10921 2.89755 2.32397 2.72729 1.05649 1.0063 2.62825 3.51136 0.959422 4.04825 0.987386 1.64216 2.99916 0.924686 1.95404
threshold=5.0742750870769691e-11 0.16971249701348964 0.027585116215050224 4.0999031243561462e-09 0.041886386975833446 0.45817209780216223 3.3186950683593754 0.14397638494318185 -0.13323858200403096 0.10187346638950993 0.015768578043971002 3.7132891609267512e-11 0.0072442220989614734 8.2339216096835058e-11 0.096081081889621542 0.087928405121009565 0.10717773437500001 0.034792237288990009 0.038187609152249093 0.37328444140571687 0.28402147365903313 1.4407023298079117e-09 0.042329135159351015 1.8379829378992757e-10 0.064000461299098393 0.033279429983362661 6.3046623836271478e-05 0.010014030151069166 1.1974400219804724e-10 4.5727443695068368
decision_type=2 2 2 2 2 2 2 2 2 2 2 2 2 2 2 2 2 2 2 2 2 2 2 2 2 2 2 2 2 2
left_child=-1 2 3 4 5 6 7 9 -9 10 11 -2 -12 -14 15 16 -15 23 -19 -16 21 22 -6 24 -18 26 27 -25 -8 -30
right_child=1 -3 -4 -5 20 -7 28 8 -10 -11 12 -13 13 14 19 -17 17 18 -20 -21 -22 -23 -24 25 -26 -27 -28 -29 29 -31
leaf_value=-0.10148558803504906 0.051691474902690916 0.10096497370047326 -0.10942916290770671 -0.14772630976045242 0.083851125747592514 -0.10813601990845892 0.090260684548092995 0.055112745067564667 -0.11252361066928385 -0.10671975748574947 0.071289437232899822 -0.1506997329216109 -0.11072291605357634 -0.11620412103877523 0.065902149130102436 -0.13085001989306372 0.074936277407272295 -0.13067998300581915 0.032062764198698461 -0.0013252834032562127 0.068055870429784379 0.069553504058753352 -0.12243426329610958 0.10000177959464447 -0.1201826632047872 0.096013743602599566 0.08200329772407948 -0.11038253957496487 -0.061693288197616762 0.10218710378275503
leaf_weight=7.3800164326094082 1.7013847315683954 5.8240451812744132 2.5077869012020519 0.73113495204597612 1.2844240937847629 1.7421127697452892 3.2678014552220693 1.8416557502932844 4.3366090749623245 1.4393525328487147 3.8626477215439072 1.7209538305178282 1.4556064797798161 1.6742890209425301 7.5127975773066265 2.3157229111529878 2.8486953589599606 1.9551132102496911 2.1756149078719318 3.3935072808526456 6.0153167778626084 3.9456144014839083 2.3077381562907249 1.1508378686849012 1.6966347929555921 3.9909113668836653 3.0743819023482502 1.6478072297759352 1.5980446585454049 1.3357180617749689
leaf_count=1548 26 32 475 61 7 143 14 28 511 107 23 73 121 104 65 92 45 59 33 41 36 43 93 6 93 12 35 102 45 3
internal_value=-0.00116106 0.0080531 0.00079265 0.00463052 0.00619303 -0.00116827 0.00215964 -0.00425603 -0.0625535 0.00400183 0.00778038 -0.0500828 0.0128902 0.00642517 0.0115251 -0.00467184 0.00978297 0.0211605 -0.0449649 0.0449843 0.0375533 0.0132115 -0.0486743 0.0401167 0.00210426 0.057633 0.0315521 -0.0238699 0.0536733 0.0129201
internal_weight=87.7343 80.3543 74.5302 72.0224 71.2913 57.7382 55.9961 49.7945 6.17826 43.6163 42.1769 3.42234 38.7546 34.8919 33.4363 22.53 20.2143 18.54 4.13073 10.9063 13.5531 7.53778 3.59216 14.4093 4.54533 9.86394 5.87303 2.79865 6.20156 2.93376
internal_count=4076 2528 2496 2021 1960 1781 1638 1576 539 1037 930 99 831 808 687 581 489 385 92 106 179 143 100 293 138 155 143 108 62 48
is_linear=0
shrinkage=0.1


Tree=41
num_leaves=31
num_cat=0
split_feature=4 3 14 2 1 17 3 4 18 19 15 13 2 3 17 9 5 3 10 15 1 3 17 13 19 17 19 10 3 4
split_gain=7.30524 4.92194 2.82965 1.51624 1.53879 1.91559 1.42991 1.37267 3.53663 2.12567 1.30125 4.13869 2.04529 1.98144 1.92978 2.88593 2.03904 1.5696 1.78916 3.62079 1.61744 2.01542 2.18353 1.46833 1.12341 1.06893 1.02065 1.78745 0.726649 1.63596
threshold=5.0742750870769691e-11 0.16971249701348964 0.027585116215050224 4.0999031243561462e-09 0.58069211615752636 0.071133700284090925 0.058303159313682469 1.8208736793561285e-10 0.073927969417788772 3.6886004209518437 6.1614307924173786e-05 1.9732021093368532 1.6922807901289453e-10 0.113723186237098 0.1134366122159091 0.042682368337656686 0.048402366067695039 0.10279808254254774 3.1974639892578129 4.278299456927926e-05 0.26260188259928102 0.066600190758836011 0.12049449573863637 1.4169341921806338 2.6984807252883916 0.072354403409090925 1.0811972022056582 2.1198116540908818 0.076101540112717525 1.4984146700906716e-10
decision_type=2 2 2 2 2 2 2 2 2 2 2 2 2 2 2 2 2 2 2 2 2 2 2 2 2 2 2 2 2 2
left_child=-1 2 3 4 5 -2 -7 10 9 25 11 13 -13 14 24 16 -16 18 19 20 21 -17 -23 -24 26 -9 27 -8 29 -12
right_child=1 -3 -4 -5 -6 6 7 8 -10 -11 28 12 -14 -15 15 17 -18 -19 -20 -21 -22 22 23 -25 -26 -27 -28 -29 -30 -31
leaf_value=-0.10135421261582021 -0.11037145305348639 0.10087230750050831 -0.10886873744199249 -0.14484612701124003 0.082377446740810004 -0.10216314911349458 0.073727846914840078 0.096117040069385526 -0.11402625587268365 0.095047970091563308 -0.13885440807720337 0.07935171249538793 -0.13067698023272137 -0.12181806629404762 -0.12274857938677915 0.03918772126004566 0.079681145298963835 0.072988844917584922 0.047879336392211487 -0.12031825641483712 0.078612736953590057 0.060196900601313122 0.01651213088385205 -0.12173186433530964 -0.011456831838909512 -0.1149171919128877 0.074615912454916777 -0.11703999459135712 0.069312521536604582 0.061294467443760103
leaf_weight=6.6859312064480028 1.4595591351389874 5.2744088172912589 2.2802339224144808 0.6740567390806963 2.530823695473372 1.2097883587703098 1.219203393440693 0.31330583151429836 3.0650261868722737 2.1424663385841995 0.59919276018626888 0.54964220430701916 2.9638758525252342 1.0348328060936172 2.6693516084924371 4.4859321077819967 0.61160741467028845 3.9024599255062631 6.5266487442422649 2.6752437411341807 2.5677973132114849 1.3265984298195688 1.0226352396421132 3.0891929682111368 2.5973389819264403 1.026063270983286 9.7719500535167736 0.82251426042057563 5.6464433942455798 1.282414900138974
leaf_count=1548 93 32 475 61 24 225 10 2 154 13 47 13 135 50 157 146 3 27 82 173 36 15 34 258 30 69 48 50 52 14
internal_value=-0.00117592 0.00771418 0.000701467 0.00438727 0.00588614 0.00288857 0.00550748 0.00761142 -0.0356896 0.0332695 0.0127317 0.00665005 -0.0978208 0.0149315 0.0182006 0.00328513 -0.0850134 0.0146032 0.00410047 -0.0147379 0.00787253 -0.0104306 -0.0513586 -0.0873498 0.0480888 -0.065552 0.0611804 -0.00312375 0.0513777 -0.00244239
internal_weight=82.0265 75.3406 70.0662 67.786 67.1119 64.5811 63.1215 61.9117 6.54686 3.48184 55.3649 47.8368 3.51352 44.3233 43.2885 28.8775 3.28096 25.5965 21.694 15.1674 12.4922 9.92436 5.43843 4.11183 14.411 1.33937 11.8137 2.04172 7.52805 1.88161
internal_count=4076 2528 2496 2021 1960 1936 1843 1618 238 84 1380 1267 148 1119 1069 931 160 771 744 662 489 453 307 292 138 71 108 60 113 61
is_linear=0
shrinkage=0.1


Tree=42
num_leaves=31
num_cat=0
split_feature=4 3 14 2 5 12 10 17 18 7 5 3 18 5 0 5 18 17 1 19 10 6 13 0 10 0 9 2 4 19
split_gain=6.57787 4.47209 2.53864 1.33826 1.40438 1.80169 1.47921 1.93036 3.12178 1.54472 1.11567 2.9235 3.09425 2.15903 1.71227 1.64837 1.62905 1.62208 1.82278 1.02422 0.937488 1.38243 1.08605 2.2661 3.08261 1.14226 1.33167 0.860624 0.859372 2.67549
threshold=5.0742750870769691e-11 0.16971249701348964 0.027585116215050224 4.0999031243561462e-09 0.041886386975833446 0.45817209780216223 3.3186950683593754 0.14397638494318185 -0.13323858200403096 0.10187346638950993 0.034792237288990009 0.096584818194049016 -0.058837057535790577 0.034350309739932354 1.2745858053893335e-09 0.034122098390002527 0.055899099245752128 0.13625266335227273 0.62438249533292034 2.2500925064086919 2.1856861114501958 3.7132891609267512e-11 1.654252350330353 1.6812731237596248e-09 2.2470878362655644 2.7875720562334986e-09 0.12346922064045039 1.7590980049167706e-10 1.228816343260999e-10 4.5727443695068368
decision_type=2 2 2 2 2 2 2 2 2 2 2 2 2 2 2 2 2 2 2 2 2 2 2 2 2 2 2 2 2 2
left_child=-1 2 3 4 5 6 7 9 -9 10 13 12 -12 15 19 16 17 18 -2 -13 21 -18 27 24 -24 -25 -27 -22 -8 -30
right_child=1 -3 -4 -5 -6 -7 28 8 -10 -11 11 14 -14 -15 -16 -17 20 -19 -20 -21 22 -23 23 25 -26 26 -28 -29 29 -31
leaf_value=-0.10123385752095769 -0.1145491899748584 0.10078860800817852 -0.10831574815372776 -0.14181779787541468 0.036170751971472299 -0.10739537744937265 0.080208978223995461 0.051649227975839679 -0.11129840633378346 -0.10621463665117284 0.027952897936907042 0.033166079720890335 -0.12923470308303839 0.079412882260536499 0.069377071791881975 -0.14913224239320566 0.074166017632759304 0.058291398254975625 0.080597913078258754 -0.12829986948292824 0.014310985601944732 -0.13080660824730406 0.066495001449545441 0.074326202526953197 -0.11457869493025055 -0.1106233944520888 0.090377691955657882 0.095434165840705742 -0.13042555848548443 0.10117830966112107
leaf_weight=6.0565082381945095 2.7054730035597561 4.7762441635131827 2.0732450656360006 0.62228137999772926 12.116069061798042 1.5630514468066383 3.5182199585251501 1.7138055099640039 3.744719809619709 1.2448596055619408 1.9693287529516963 0.72183304710779317 3.4396771461470035 4.7068363600410512 3.7331239641644061 0.67424995359033246 0.52451032050885504 1.1425950243137775 0.58152328897267569 0.86197686335071921 2.0588607771787784 0.88292894326150417 1.4995092791505138 4.5540619979146868 2.5204772166907787 0.81960928882472195 0.5513290932867676 3.5846357343252748 0.89684199751354787 1.123776391148567
leaf_count=1548 178 32 475 61 179 143 17 28 511 107 25 22 138 27 25 13 8 30 7 21 37 42 11 50 216 52 6 22 42 3
internal_value=-0.00120207 0.00733988 0.000592519 0.00411635 0.0055475 -0.00167979 0.00163994 -0.00446008 -0.060138 0.00337745 0.00701234 -0.0202439 -0.0720053 0.0179182 0.0324138 0.00482099 0.00966582 -0.0443465 -0.0800245 -0.0547106 0.0237429 -0.0544195 0.0307999 0.0109163 -0.0470358 0.0502356 -0.0297899 0.0658388 0.0503578 -0.00161798
internal_weight=76.9822 70.9257 66.1494 64.0762 63.4539 51.3378 49.7748 44.2359 5.45853 38.7774 37.5325 10.7259 5.40901 26.8066 5.31693 22.0998 21.4255 4.42959 3.287 1.58381 16.9959 1.40744 15.5885 9.94499 4.01999 5.925 1.37094 5.6435 5.53884 2.02062
internal_count=4076 2528 2496 2021 1960 1781 1638 1576 539 1037 930 231 163 699 68 672 659 215 185 43 444 50 394 335 227 108 58 59 62 45
is_linear=0
shrinkage=0.1


Tree=43
num_leaves=31
num_cat=0
split_feature=4 3 14 7 0 1 4 18 6 5 5 19 0 18 3 18 10 8 13 11 14 0 17 5 13 9 6 9 17 3
split_gain=5.92444 4.06274 2.27812 1.21515 1.16029 1.06329 1.6042 3.78108 1.65764 1.05651 1.94773 1.75635 1.60378 1.43975 1.67605 1.56449 1.36766 2.41954 1.16795 3.23632 2.08128 1.8054 2.63107 1.7032 1.07449 1.96914 1.14736 2.99677 1.12074 0.85554
threshold=5.0742750870769691e-11 0.16971249701348964 0.027585116215050224 0.13257460872202437 2.1591779031540135e-10 0.62438249533292034 1.8208736793561285e-10 0.071999208028004941 5.635973009101349e-10 0.041886386975833446 0.039795240931108651 3.8945217132568364 1.7828211859772188e-09 0.20191268152980643 0.070909289907735443 -0.20912225459786976 3.1540213823318486 3.5254974852732161e-10 1.7811432480812075 3.6534358871520571e-09 0.0073048912454396495 1.059894933656446e-09 0.087091619318181837 0.031408495556944187 1.6412434577941897 0.074152503947918239 9.3709657408922133e-11 0.058801985896029328 0.1134366122159091 0.097632473574944464
decision_type=2 2 2 2 2 2 2 2 2 2 2 2 2 2 2 2 2 2 2 2 2 2 2 2 2 2 2 2 2 2
left_child=-1 2 3 4 -2 6 9 8 -8 10 11 16 -13 14 -11 -16 17 18 21 20 -20 22 -6 -24 26 -26 -25 28 -28 -21
right_child=1 -3 -4 -5 5 -7 7 -9 -10 13 -12 12 -14 -15 15 -17 -18 -19 19 29 -22 -23 23 24 25 -27 27 -29 -30 -31
leaf_value=-0.10112365588041378 -0.10215685444375083 0.10071300587412846 -0.10777432230475764 -0.12040587948335718 -0.14637569486750709 0.087045720895002815 -0.1149798192059653 -0.117695858925795 0.057529653180867883 0.092446674443769597 -0.12927740892891607 -0.11348766563910102 0.038372546846554341 0.073145210378798425 0.056590581020310372 -0.13369428683017268 0.052268420788154572 -0.11817557596159328 0.0871315638001324 -0.0074911784545755172 -0.11707511668135698 0.082185955660962817 -0.10299134274757274 0.076371730923967138 -0.12237046362264854 0.074265133690983851 0.022900829043299816 0.059741454248393756 -0.12742479109725796 0.085676430589451041
leaf_weight=5.4858241823967537 0.98511030152439971 4.3248038291931143 1.8848996303277079 0.7768263656180342 1.0244469025638085 1.6248326026834536 0.67352327366825138 3.3095183337572962 3.2199099524877965 0.98275804985314463 1.0560319575015444 2.110291807679459 1.0372550268657503 5.5930933903437108 0.65880763903260242 1.255506005720235 7.577654688153415 1.5210765863303084 0.58792355051264111 1.8485769114922734 3.3037005020305514 4.2186671555973581 1.0602593278745178 5.0246036628959683 1.1858545514987775 0.89261951390653838 0.72521457821130786 4.6556587226223201 1.5687983176903797 2.1113505363464355
leaf_count=1548 214 32 475 73 40 16 33 191 94 5 39 146 21 27 3 44 109 176 9 69 268 25 172 35 71 11 5 61 56 8
internal_value=-0.00122397 0.00698016 0.000491518 0.00385958 0.00547348 0.00727582 0.00500999 -0.0391115 0.0276873 0.0113661 0.00479199 0.00829182 -0.0634431 0.0435079 -0.01371 -0.0682081 0.0143441 0.00467745 0.0113022 -0.0214619 -0.0862248 0.0239396 0.00871284 0.0192256 0.0284467 -0.0379235 0.0399672 0.0136467 -0.0799018 0.0421838
internal_weight=72.2854 66.7996 62.4748 60.5899 59.813 58.8279 57.2031 7.20295 3.89343 50.0001 41.51 40.454 3.14755 8.49017 2.89707 1.91431 37.3064 29.7288 28.2077 7.85155 3.89162 20.3561 16.1375 15.113 14.0527 2.07847 11.9743 6.94967 2.29401 3.95993
internal_count=4076 2528 2496 2021 1948 1734 1718 318 127 1400 1321 1282 167 79 52 47 1115 1006 830 354 277 476 451 411 239 82 157 122 61 77
is_linear=0
shrinkage=0.1


Tree=44
num_leaves=31
num_cat=0
split_feature=4 3 8 7 3 1 4 18 19 19 5 12 10 18 0 17 6 7 9 8 19 9 6 4 3 17 9 19 19 3
split_gain=5.3373 3.69005 2.05958 1.22709 1.07442 1.04359 1.61462 2.18921 2.503 1.10026 1.04352 1.43116 1.50259 1.41207 2.55571 1.39342 2.74283 1.70967 1.35443 3.24897 1.77147 1.57457 1.24442 1.99206 1.62788 2.13291 1.94327 1.51175 1.07555 1.27107
threshold=5.0742750870769691e-11 0.16971249701348964 1.5001078835494332e-09 0.13257460872202437 0.058303159313682469 0.58069211615752636 1.8208736793561285e-10 0.071999208028004941 3.6886004209518437 0.32233068346977239 0.043640138068679134 0.45817209780216223 3.2825553417205815 0.39459394826553768 1.0461084329511929e-09 0.14397638494318185 4.3076069774026766e-10 0.10026086712046749 0.070726382458916257 1.7100355616545739e-10 3.4117336273193364 0.064708763001716629 1.7752112753550772e-10 8.2075325966138049e-11 0.098736268249820888 0.12244762073863637 0.042682368337656686 0.42449718713760382 1.885384261608124 0.13067473720221698
decision_type=2 2 2 2 2 2 2 2 2 2 2 2 2 2 2 2 2 2 2 2 2 2 2 2 2 2 2 2 2 2
left_child=-1 2 3 4 -2 6 9 8 -8 -6 11 12 15 14 -12 17 -17 18 19 20 22 -22 23 24 25 -11 -26 -27 29 -20
right_child=1 -3 -4 -5 5 -7 7 -9 -10 10 13 -13 -14 -15 -16 16 -18 -19 28 -21 21 -23 -24 -25 26 27 -28 -29 -30 -31
leaf_value=-0.10102283035231506 -0.10187877721595695 0.10064468814064374 -0.11695156197092933 -0.11613801509667808 -0.11014814230382389 0.075657966422903775 -0.080231476721464717 -0.11081711414262144 0.092158925810993747 0.055682019713941093 -0.12059203834595962 -0.10722119439352776 0.062939309975498001 0.10116702006342848 0.090634418142234052 -0.12332391369335866 0.045315516535157307 -0.11214712304215693 -0.11383847624346558 -0.12822897659741012 -0.12858836386204786 0.080517361078492236 0.069084958316384878 -0.091834171288160918 -0.13438777319145748 0.095426609977541446 0.090177238837161888 -0.11339571759083895 0.066719667482488337 0.10230099024587554
leaf_weight=4.9684814612846813 0.92240322194993396 3.9157652854919425 1.4586810761829827 0.84644250816199829 0.74471778201404859 2.1254350333474568 1.615512800170108 2.7282161299372092 1.7595899376319719 9.3304821245838117 1.0341535657644265 1.0675004099030037 4.7466280637308946 2.89143873937428 1.2840491477400062 2.3076672689057882 1.6569494222057981 1.1051264031557355 0.76351963449269422 1.7613759811501939 1.4765302543528367 0.47625939920544613 4.3971949880942693 1.7455417525488872 1.2625942397862662 0.46098270965739985 0.55461262934841205 1.3981132074259219 6.5072770507540554 0.42272073030471802
leaf_count=1548 219 32 384 124 111 27 111 193 16 159 40 98 35 8 5 261 63 80 62 60 80 2 34 56 64 6 7 103 87 1
internal_value=-0.00125127 0.00664634 0.000392054 0.00337442 0.00516339 0.00693845 0.00420831 -0.0442032 0.00964324 0.0104425 0.0123675 0.00706469 0.0100865 0.0545501 -0.00359401 0.00304481 -0.0528437 0.0100429 0.014462 0.00224938 0.0131402 -0.0775903 0.0223925 0.00847499 0.0219367 0.0361935 -0.0658504 -0.061616 0.0507557 -0.0368165
internal_weight=67.736 62.7675 58.8517 57.393 56.5466 55.6242 53.4988 6.10332 3.3751 47.3954 46.6507 41.4411 40.3736 5.20964 2.3182 35.6269 3.96462 31.6623 30.5572 22.8637 21.1023 1.95279 19.1495 14.7523 13.0068 11.1896 1.81721 1.8591 7.69352 1.18624
internal_count=4076 2528 2496 2112 1988 1769 1742 320 127 1422 1311 1258 1160 53 45 1125 324 801 721 571 511 82 429 395 339 268 71 109 150 63
is_linear=0
shrinkage=0.1


Tree=45
num_leaves=31
num_cat=0
split_feature=4 3 14 2 1 17 19 5 5 19 0 13 19 17 7 18 18 7 3 1 0 1 2 19 13 13 18 2 9 18
split_gain=4.81085 3.34989 1.85057 1.00884 1.01763 1.34775 1.01642 0.928437 1.53445 0.928262 0.933859 0.996621 1.08909 0.860953 1.30882 1.18966 1.89189 1.67777 1.43466 1.40936 2.55748 1.32595 2.27624 2.47025 1.35122 1.01812 1.20578 2.92709 0.622163 0.779184
threshold=5.0742750870769691e-11 0.16971249701348964 0.027585116215050224 4.0999031243561462e-09 0.58069211615752636 0.071133700284090925 0.32233068346977239 0.029192087974114735 0.028343834031621957 2.5783989429473881 8.4980859470607981e-10 1.8684355020523074 2.5425839424133305 0.088356711647727279 0.02686619898452353 0.50495140872557065 0.40092023954176431 0.027849886689853384 0.062590724074668119 0.30783822187224053 2.2958315804799934e-09 0.26770327380335324 2.2013354952808329e-10 3.6886004209518437 1.3961172699928286 1.4485540390014651 -0.017138130285523152 2.0652468212152555e-10 0.077333884753165036 0.51757811220489791
decision_type=2 2 2 2 2 2 2 2 2 2 2 2 2 2 2 2 2 2 2 2 2 2 2 2 2 2 2 2 2 2
left_child=-1 2 3 4 5 -2 -7 8 9 10 -8 -12 -13 -9 -15 16 18 -18 -16 21 -21 22 24 -24 -20 -26 -27 -28 29 -17
right_child=1 -3 -4 -5 -6 6 7 13 -10 -11 11 12 -14 14 15 28 17 -19 19 20 -22 -23 23 -25 25 26 27 -29 -30 -31
leaf_value=-0.1009306446509014 -0.10760606984665561 0.10058296022932656 -0.10695472065058594 -0.13144062362985298 0.075222887434929345 -0.10906206110895809 -0.10109138672029012 0.051030544545887159 -0.12623202665828026 -0.10329258216077364 0.068000972438226712 -0.1022859841269807 0.098051243434090857 -0.12527170627374654 -0.1052337579869676 0.086459897132274713 0.10212257607206279 -0.12522458988586585 -0.1171826771905554 -0.11790622336642143 0.028987055353953153 0.056207165622157475 -0.12086850933030616 0.056072191335886978 0.084125651076769753 0.051323890490598906 -0.11655809391187784 0.07663009674784485 0.079807586078643869 -0.014634214696531362
leaf_weight=4.499565676553174 1.0957953649340186 3.5451948642730704 1.5629104435211036 0.5489625409245481 1.9768235967494536 0.77595071378163893 0.6145071933278804 4.9112609708681694 1.2966918889433143 0.80761002306826402 2.5352277895435695 0.87947662477381505 0.39244196494109929 0.73869514651596446 1.0778398069087476 1.1322892173193388 0.39130696654319708 1.9042440550401805 0.6081206703092964 2.1473929707426569 2.6453229656908661 7.8018597244517869 2.4447500306414436 1.1650053535122422 3.1072777754161489 4.1461303966352672 1.7619036387186544 1.413473790278658 3.1466618645936251 2.3339160347823054
leaf_count=1548 93 32 475 61 24 138 165 44 106 183 33 146 3 46 140 7 1 91 29 68 68 91 105 22 25 65 167 18 25 57
internal_value=-0.00126572 0.00634685 0.000312486 0.00342858 0.00481892 0.00210462 0.00450043 0.0062841 -0.028855 -0.00470855 0.0132977 0.0317611 -0.0404733 0.0116323 0.00653575 0.00915117 0.000842905 -0.0864703 0.00792053 0.0123976 -0.036829 0.0229074 0.00516962 -0.063763 0.0277149 0.0361641 0.015809 -0.0305631 0.0476148 0.0183897
internal_weight=63.4086 58.909 55.3638 53.8009 53.252 51.2752 50.1794 49.4034 6.52596 5.22926 4.42165 3.80715 1.27192 42.8775 37.9662 37.2275 30.6146 2.29555 28.3191 27.2412 4.79272 22.4485 14.6467 3.60976 11.0369 10.4288 7.32151 3.17538 6.61287 3.46621
internal_count=4076 2528 2496 2021 1960 1936 1843 1705 636 530 347 182 149 1069 1025 979 890 92 798 658 136 522 431 127 304 275 250 185 89 64
is_linear=0
shrinkage=0.1


Tree=46
num_leaves=31
num_cat=0
split_feature=4 3 8 0 19 9 8 14 10 17 1 2 6 4 7 19 2 5 19 15 13 11 14 9 2 7 5 3 15 9
split_gain=4.33468 3.04298 1.66199 1.41649 1.01253 1.00277 0.95408 1.93502 1.28287 1.26487 0.87742 1.58841 0.976065 3.03779 1.55909 1.22375 1.61875 1.1261 2.05461 1.62007 1.38178 1.78217 1.29139 1.65664 1.08979 0.775964 1.38697 0.763476 1.73384 2.55344
threshold=5.0742750870769691e-11 0.16971249701348964 8.9987058968708963e-10 1.0461084329511929e-09 0.39117422699928289 0.19190490702001861 6.2146067849299074e-10 0.019068326801061634 3.1816707849502568 0.15553977272727273 0.62438249533292034 6.8782888584222815e-10 3.9665338899043612e-10 1.3493168844025565e-10 0.098471897230465691 0.90112340450286876 1.1516352567361596e-10 0.043640138068679134 3.8945217132568364 3.0071941182541199e-05 1.7811432480812075 3.6534358871520571e-09 0.0074508069083094606 0.12639027049153298 5.7336093068346603e-10 0.10785698969355366 0.046279090444158365 0.088183562297062604 4.1055753172258853e-05 0.042682368337656686
decision_type=2 2 2 2 2 2 2 2 2 2 2 2 2 2 2 2 2 2 2 2 2 2 2 2 2 2 2 2 2 2
left_child=-1 2 6 5 -5 -4 7 9 -8 10 11 12 13 14 15 16 -2 18 19 -17 27 22 -22 -24 -18 -10 -27 -21 29 -29
right_child=1 -3 3 4 -6 -7 8 -9 25 -11 -12 -13 -14 -15 -16 17 24 -19 -20 20 21 -23 23 -25 -26 26 -28 28 -30 -31
leaf_value=-0.10084641276630116 0.041351951003220477 0.1005271779248339 -0.10584835643166707 0.079025816434647789 -0.1166724905498038 0.088635287203023994 -0.10319756423185811 -0.11695826552994189 0.074720376093597732 -0.1030675225179421 0.088249406195539268 -0.089419599537792049 0.051486504344177522 -0.12082215537116379 -0.11434310742757775 -0.11826359227677651 -0.10979078931105518 0.078879841446826124 -0.11377443572175122 0.06040560545416928 0.090869057672430309 0.05746177303661542 -0.11994832507090639 0.10212457882149206 0.10146880819872667 -0.11253518419219405 0.080526143554463053 -0.14155543563739167 0.086728584885337301 0.049842808069638138
leaf_weight=4.0746033254545173 1.6358320107683635 3.2095143795013419 0.38126719545107224 0.2932636859477501 2.6847213199362159 0.8702317513525486 0.56623359909281035 1.3707956783473481 4.558633126784116 1.0765601010061789 1.2795849442481984 1.7346106070908707 4.6163246147334567 1.8854874577373255 0.97371193021535773 0.7897940196562655 2.2248162055620928 3.1270655555417752 1.1775060447398562 9.4800928360782581 0.47089054831303601 2.029941753600724 2.3603524885838856 0.39166191220283497 0.27428209781646717 0.68878949724603422 0.80936776683665812 1.2945632054470473 1.8249722677282987 1.5101078420411793
leaf_count=1548 60 32 62 10 549 30 107 130 46 250 11 99 100 72 72 45 246 19 88 152 7 50 169 1 1 56 10 33 7 14
internal_value=-0.00128848 0.00600873 0.000217401 -0.0598846 -0.0974007 0.0293861 0.00549653 -0.000124787 0.0407444 0.00386331 0.00680888 0.00405215 0.00854754 0.00224505 0.0100934 0.0143312 -0.0359833 0.0228378 0.0146218 0.022124 0.0278504 -0.015932 -0.062159 -0.0883433 -0.0866045 0.0542011 -0.00823531 0.0441499 0.0108632 -0.0385016
internal_weight=59.6656 55.591 52.3815 4.22948 2.97799 1.2515 48.152 41.529 6.62302 40.1582 39.0816 37.802 36.0674 31.4511 29.5656 28.5919 4.13493 24.4569 21.3299 20.1524 19.3626 5.25285 3.2229 2.75201 2.4991 6.05679 1.49816 14.1097 4.62964 2.80467
internal_count=4076 2528 2496 651 559 92 1845 1626 219 1496 1246 1235 1136 1036 964 892 307 585 566 478 433 227 177 170 247 112 66 206 54 47
is_linear=0
shrinkage=0.1


Tree=47
num_leaves=31
num_cat=0
split_feature=4 3 14 7 3 1 4 18 5 15 13 3 2 7 0 5 14 1 5 2 7 8 10 15 13 7 0 18 0 9
split_gain=3.90735 2.76286 1.49916 0.869831 0.795141 0.708921 1.00346 2.78022 1.21945 0.824901 2.2502 1.22612 1.18506 1.02328 0.971898 1.29548 1.50755 1.19138 0.941169 1.21293 0.81334 1.51922 2.4108 1.07283 0.775343 1.14198 0.88293 1.601 0.630101 0.644743
threshold=5.0742750870769691e-11 0.16971249701348964 0.027585116215050224 0.13257460872202437 0.058303159313682469 0.62438249533292034 1.8208736793561285e-10 0.071999208028004941 0.03276487404582714 6.1614307924173786e-05 1.9732021093368532 0.113723186237098 1.6467467692884863e-10 0.073957577861366947 9.897506751992515e-10 0.031408495556944187 0.023650969378650192 0.25829470596843068 0.03187447057498214 1.1402011604842722e-10 0.022810946330708595 5.1255173715208887e-11 2.5127375125885014 2.7476678042148709e-05 1.6450549960136416 0.089560242296233536 4.4021626860284163e-10 -0.17185047658329658 7.9664713438699029e-10 0.086823535674230609
decision_type=2 2 2 2 2 2 2 2 2 2 2 2 2 2 2 2 2 2 2 2 2 2 2 2 2 2 2 2 2 2
left_child=-1 2 3 4 -2 6 9 8 -8 10 11 14 -12 -11 15 16 -6 -16 -17 -20 -21 -22 23 -23 26 28 27 -24 29 -26
right_child=1 -3 -4 -5 5 -7 7 -9 -10 13 12 -13 -14 -15 17 18 -18 -19 19 20 21 22 24 -25 25 -27 -28 -29 -30 -31
leaf_value=-0.10076949653972067 -0.10143890903874238 0.10047675968841746 -0.10589283858617451 -0.11756124400717471 -0.10565570741731906 0.081404487508223822 -0.11272922146614824 -0.11314386901678515 0.055164976242631752 -0.060903247864202828 0.078010834045344341 -0.11622405030585975 -0.11757223084664797 0.06369032007543074 -0.053207820854076208 0.076820059352034564 0.082571213331655402 0.052464143459856595 -0.12329414195796995 -0.074749314971963424 0.072779259667560228 0.052956827281761799 0.10286129073046456 -0.11383773325031959 -0.10894888682091086 -0.11337864158693381 0.06361076135672375 -0.12695126632747672 0.0756454216681747 0.067861985810374489
leaf_weight=3.6895247227512291 0.69805711915250768 2.9054720401763907 1.2985441854107183 0.59109410352539171 1.9843152913963522 1.2170203286223102 0.51778235554229413 2.5365127156255767 2.6297999425441958 0.7683561232406636 0.36395407794043366 0.73946681711822648 2.0820131953805685 4.6392539689550176 1.2136353604728345 1.9466723678633595 0.54165958054363716 8.825663155061191 0.72351069631986575 1.0793231261195604 3.5003794946242115 0.46601943683344815 0.51994508504867398 2.2354140969691798 0.52644485817290876 0.89581866411026556 4.6614137749420479 0.72699889831710562 1.0466132089495657 0.33907144120894372
leaf_count=1548 212 32 475 73 382 14 48 189 76 39 13 52 143 79 33 31 14 140 95 19 48 27 1 96 42 37 34 70 8 6
internal_value=-0.00131335 0.00571354 0.000130388 0.00299767 0.00450028 0.00608291 0.00406868 -0.0352364 0.0275461 0.00967844 0.00397383 0.011046 -0.0884699 0.0459871 0.0140592 0.00191827 -0.0652931 0.0396896 0.0110129 0.0033515 0.00907926 0.0151442 -0.00252514 -0.0850643 0.0230561 -0.0202072 0.043617 -0.0311251 0.023443 -0.0396821
internal_weight=55.9098 52.2202 49.3148 48.0162 47.4251 46.7271 45.51 5.6841 3.14758 39.8259 34.4183 31.9724 2.44597 5.40761 31.2329 21.1936 2.52597 10.0393 18.6676 16.721 15.9974 14.9181 11.4177 2.70143 8.71631 2.80795 5.90836 1.24694 1.91213 0.865516
internal_count=4076 2528 2496 2021 1948 1736 1722 313 124 1409 1291 1135 156 118 1083 910 396 173 514 483 388 369 321 123 198 93 105 71 56 48
is_linear=0
shrinkage=0.1


Tree=48
num_leaves=31
num_cat=0
split_feature=4 3 8 0 19 9 0 13 2 13 2 5 19 13 3 7 14 7 15 6 9 7 7 13 19 9 5 14 7 14
split_gain=3.522 2.50906 1.36439 1.19452 0.846246 0.824877 0.794453 1.8804 1.63861 0.983813 1.01653 0.894912 1.00039 2.21398 1.10133 0.861915 0.775323 1.4872 0.902897 0.903757 1.40928 1.22393 1.31041 1.18712 0.776907 0.907185 0.545569 0.493538 0.417956 0.503436
threshold=5.0742750870769691e-11 0.16971249701348964 8.9987058968708963e-10 1.0461084329511929e-09 0.39117422699928289 0.19190490702001861 1.2745858053893335e-09 1.8975875973701479 3.5787941033155955e-10 1.8518514037132265 2.8811425380886884e-10 0.02456434915456748 0.92106446623802196 2.2919250726699834 0.10390341597499431 0.019601189131418929 0.0070565969217568645 0.046591986859455155 2.704999405978015e-05 9.3709657408922133e-11 0.05640587837958367 0.099129633681763182 0.12244350737140283 1.4228760004043581 1.4291660785675051 0.059176823375550115 0.03569472210496781 0.0064817401580512532 0.050852743960693746 0.013591536320745947
decision_type=2 2 2 2 2 2 2 2 2 2 2 2 2 2 2 2 2 2 2 2 2 2 2 2 2 2 2 2 2 2
left_child=-1 2 6 5 -5 -4 7 8 9 10 15 -8 -13 14 28 -2 27 -18 -19 -20 23 24 -23 -21 25 -22 -24 -17 -14 -30
right_child=1 -3 3 4 -6 -7 11 -9 -10 -11 -12 12 13 -15 -16 16 17 18 19 20 21 22 26 -25 -26 -27 -28 -29 29 -31
leaf_value=-0.10069930892382239 -0.12887278248714454 0.10043118382013672 -0.10475946968867322 0.073785672035245345 -0.11493295565693906 0.086514846602111062 -0.10221914202638122 -0.11146570155942036 -0.12028300061945228 0.059232707957796851 -0.11240797927757613 0.090403485565137304 -0.021097740150409265 -0.10912198176958283 -0.061945810708791307 0.010602904364891483 -0.11292236228949411 -0.12793451021226007 0.074668681769380504 0.019989536609854846 0.089170536310477583 -0.11052088446163177 -0.10169533170011061 -0.11252148931640318 0.054285486275858524 -0.10436340272324396 0.072941979155488529 0.086941920827311947 0.074598536302877202 0.028756743947265146
leaf_weight=3.3406288250116623 0.48355754418300279 2.6301121711730948 0.32069197145756267 0.26480216399068046 2.314011532056611 0.75926872331183404 0.56127783632837491 1.5846969110425551 1.0669835386215698 3.067386483307927 0.79430838057305564 2.1130609455285621 1.0729731729952607 1.2739703833358351 1.2063345189671952 1.6535546968225419 1.1420157511020068 0.48967686842661251 1.8839677621726867 1.1019112111534917 0.36832826025783816 1.3024943051859739 0.22443333698902257 1.7494134947191922 5.9254544255090877 0.70732530578970909 0.88144741102587432 1.736016016686335 3.6341299366904405 7.0295577939832583
leaf_count=1548 30 32 62 10 549 30 118 169 49 83 41 28 24 100 36 28 141 89 15 19 8 158 64 133 152 135 21 12 34 158
internal_value=-0.00132926 0.00539828 4.75899e-05 -0.0585784 -0.0955546 0.0297164 0.00502965 -0.0058851 0.000922264 0.00642277 -0.00150079 0.0219355 0.0262028 0.0166607 0.0290414 0.00298249 0.00630918 -0.00301354 0.00556332 0.0101849 0.000276432 0.0189393 -0.0425524 -0.0613118 0.0400924 -0.038093 0.0375002 0.049701 0.0383934 0.0443794
internal_weight=52.6838 49.3432 46.7131 3.65877 2.57881 1.07996 43.0543 26.163 24.5783 23.5113 20.4439 16.8913 16.33 14.217 12.943 19.6496 19.166 15.7765 14.6345 14.1448 12.2608 9.40948 2.40838 2.85132 7.00111 1.07565 1.10588 3.38957 11.7367 10.6637
internal_count=4076 2528 2496 651 559 92 1845 1347 1178 1129 1046 498 380 352 252 1005 975 935 794 705 690 538 243 152 295 143 85 40 216 192
is_linear=0
shrinkage=0.1


Tree=49
num_leaves=31
num_cat=0
split_feature=4 3 14 7 2 3 4 5 13 13 13 11 13 6 15 13 0 17 5 4 10 19 17 12 19 8 6 5 13 9
split_gain=3.17512 2.27845 1.2186 0.724338 0.695807 0.776179 1.27724 0.815032 0.99746 1.35818 2.63183 1.12886 1.3565 1.22622 1.39179 1.83093 1.34865 1.03153 1.72335 1.47169 0.950905 0.9301 0.720087 1.17958 1.06432 0.566332 0.763251 0.53844 0.50641 0.6197
threshold=5.0742750870769691e-11 0.16971249701348964 0.027585116215050224 0.13257460872202437 4.0999031243561462e-09 0.12557358794495779 4.3823993662351793e-10 0.029645626973896954 2.224845409393311 2.1689146757125859 2.0138945579528813 3.3862669335249511e-09 1.8886741995811465 2.6466405015196744e-10 3.8865333408466547e-05 1.621868968009949 5.9374824111155255e-10 0.11869673295454547 0.033053475661907999 8.3103402878033119e-11 2.7935285568237309 2.5783989429473881 0.16490589488636367 0.24673997610807422 2.5425839424133305 1.3032706689772901e-10 4.9008506828993557e-11 0.034122098390002527 1.5939640402793886 0.036938672800696785
decision_type=2 2 2 2 2 2 2 2 2 2 2 2 2 2 2 2 2 2 2 2 2 2 2 2 2 2 2 2 2 2
left_child=-1 2 3 4 5 6 7 21 9 10 11 12 13 14 15 17 20 28 -19 -20 -15 22 23 25 -25 26 -2 -13 29 -9
right_child=1 -3 -4 -5 -6 -7 -8 8 -10 -11 -12 27 -14 16 -16 -17 -18 18 19 -21 -22 -23 -24 24 -26 -27 -28 -29 -30 -31
leaf_value=-0.10063530144391336 0.073341733592720851 0.10038998184684676 -0.10494331595955038 -0.11497596054909545 -0.12117972665564558 0.064494732712860922 -0.10675996890927314 -0.021902136694527841 -0.10795609673038145 0.07716737904829668 -0.12369824778137772 0.012802252480838045 -0.11844451520811593 -0.1102778106322711 0.057013621993838352 -0.11342716108325218 -0.11381050041072416 0.054963193195223151 -0.11344141422197968 0.0325093560744091 0.051528767344989172 -0.11019827849048647 0.073607287609225955 -0.11034874024404276 0.084873950511471549 0.084708200854437185 -0.10837632084527463 0.075012794989070541 0.083000489792319943 0.070832206373529272
leaf_weight=3.0245508510852224 0.42581589682958954 2.3807508945465079 1.0801255342084903 0.51779516902752121 0.43939562642481078 2.1057520067552096 1.0475392130902026 1.6606579273939295 0.68767929170280595 3.0592703674919894 1.4606653581140552 2.1862661130726329 0.87589521275367488 0.48554179968777988 6.292561993119306 1.2972583675291378 1.5831932995934037 1.9403888330562038 2.0846852336544548 1.0333364249090662 1.4414307130500672 1.1392870879499239 0.85326288372743864 1.7572423637611794 0.33202974987216283 0.94066283921711147 0.50556387787219137 3.8259973692474887 2.0627540275454521 1.2730044238269327
leaf_count=1548 13 32 475 73 60 30 120 34 38 20 47 38 45 67 72 165 70 63 226 21 55 223 53 336 6 13 74 40 9 10
internal_value=-0.00133647 0.00508425 -2.666e-05 0.0025896 0.00401201 0.00531068 0.00221451 0.00512629 0.0112276 0.0137445 0.00716813 0.0139845 0.00350328 0.00855242 0.0192907 -0.0016194 -0.0454262 0.0128059 -0.019027 -0.0650722 0.0107582 -0.0289474 -0.00972082 -0.0276696 -0.0793237 0.0299784 -0.025297 0.0523909 0.0450337 0.0183381
internal_weight=49.8004 46.7758 44.3951 43.3149 42.7971 42.3577 40.252 39.2045 33.2506 32.5629 29.5036 28.043 22.0307 21.1548 17.6446 11.3521 3.51017 10.0548 5.05841 3.11802 1.92697 5.95386 4.81458 3.96131 2.08927 1.87204 0.93138 6.01226 4.99642 2.93366
internal_count=4076 2528 2496 2021 1948 1888 1858 1738 1020 982 962 915 837 792 600 528 192 363 310 247 122 718 495 442 342 100 87 78 53 44
is_linear=0
shrinkage=0.1


Tree=50
num_leaves=31
num_cat=0
split_feature=4 3 8 0 19 9 8 14 10 17 1 2 17 0 11 3 13 13 17 8 12 14 3 3 18 19 7 12 18 3
split_gain=2.86292 2.06859 1.0974 0.954557 0.711181 0.704598 0.674008 1.3738 0.994883 0.902072 0.598532 1.08181 0.717794 0.713498 1.23906 0.886737 0.910292 1.04521 0.841607 1.59872 1.05272 1.70527 1.03276 0.890176 0.81153 0.807336 0.739059 1.22205 0.667699 0.905906
threshold=5.0742750870769691e-11 0.16971249701348964 8.9987058968708963e-10 1.0461084329511929e-09 0.39117422699928289 0.19190490702001861 6.2146067849299074e-10 0.019068326801061634 3.1816707849502568 0.15553977272727273 0.62438249533292034 6.8782888584222815e-10 0.071133700284090925 2.3674065586095001e-09 5.0408417440195316e-09 0.113723186237098 1.9654927253723147 2.183539986610413 0.1134366122159091 6.8043224908945185e-11 0.36762331426143652 0.013908678665757181 0.10279808254254774 0.085812365380081565 0.57066242628603847 2.6984807252883916 0.06812170491041665 0.28505116701126104 0.25358397965531126 0.085481187809097345
decision_type=2 2 2 2 2 2 2 2 2 2 2 2 2 2 2 2 2 2 2 2 2 2 2 2 2 2 2 2 2 2
left_child=-1 2 6 5 -5 -4 7 9 -8 10 11 12 -2 14 15 16 18 -18 25 -20 21 22 23 26 -25 28 -21 -28 29 -14
right_child=1 -3 3 4 -6 -7 8 -9 -10 -11 -12 -13 13 -15 -16 -17 17 -19 19 20 -22 -23 -24 24 -26 -27 27 -29 -30 -31
leaf_value=-0.10057696560258295 -0.10429789342488927 0.10035273470073257 -0.10429391321585456 0.071427925251795171 -0.1129219541263744 0.084065678551982964 -0.1031121594575603 -0.11226971704376834 0.050674444350507011 -0.10256153626817006 0.083875907267494942 -0.084029374972693596 0.052406912535148342 -0.067829395881845195 0.081277523828519493 -0.11457824661117388 -0.11560429629090732 0.029733989030760827 -0.12482183738173952 0.055485996203953704 0.078742145234601935 -0.11461271971978344 0.078847457371443774 -0.12081296084436988 0.060058706180898626 -0.022242201389871027 -0.11270611140838951 0.01611368780414445 0.084767524471471775 -0.05990998709569683
leaf_weight=2.7382335092406711 0.56653129158076865 2.1549513339996329 0.28456645680125747 0.23431375151267309 1.9574290360324083 0.65734053310006857 0.46025820123031636 1.0699101574718941 4.8898920942447148 0.79125054558971797 0.94616840686648984 1.361057674512266 2.8556003584526644 1.1494176150299598 2.3975333257112643 0.5950395597028536 1.1880996734835201 0.84798183431848873 0.96906982612563197 2.3290709350840171 1.8229973582783703 1.2227298824582238 1.80852284503635 1.049663577461615 0.32482991158030916 1.770605271682143 0.97519891243428025 3.0075999891269021 3.4724900440778583 0.95937152241822321
leaf_count=1548 62 32 62 10 549 30 107 130 112 250 11 99 37 41 29 47 109 26 97 97 54 142 17 82 4 32 55 133 22 50
internal_value=-0.00135816 0.00479976 -0.000107053 -0.0570322 -0.0932136 0.027159 0.0044868 -0.000779786 0.0374446 0.00290059 0.00553969 0.00312329 0.00717004 0.00936688 0.0125822 0.0060462 0.00896348 -0.0550742 0.014741 -0.00107167 0.00849106 -0.00345819 0.010856 -0.00514166 -0.0780681 0.0383249 0.010739 -0.0154282 0.0530406 0.024162
internal_weight=46.8577 44.1195 41.9645 3.13365 2.19174 0.941907 38.8309 33.4807 5.35015 32.4108 31.6196 30.6734 29.3124 28.7458 27.5964 25.1989 24.6038 2.03608 22.5678 13.5097 12.5406 10.7176 9.49489 7.68636 1.37449 9.05807 6.31187 3.9828 7.28746 3.81497
internal_count=4076 2528 2496 651 559 92 1845 1626 219 1496 1246 1235 1136 1074 1033 1004 957 135 822 681 584 530 388 371 86 141 285 188 109 87
is_linear=0
shrinkage=0.1


Tree=51
num_leaves=31
num_cat=0
split_feature=4 3 14 3 7 1 4 17 19 5 5 12 10 14 9 3 15 18 18 5 3 18 13 19 19 5 5 6 15 2
split_gain=2.5826 1.87733 0.999445 0.602146 0.585687 0.52644 1.44069 0.648058 0.560302 0.504999 1.25385 0.931807 0.835678 0.844345 1.47055 1.09674 0.866941 2.06613 0.820623 1.32182 1.72406 0.793719 0.817086 0.589965 1.47904 0.534959 1.02742 2.00061 0.758309 0.65616
threshold=5.0742750870769691e-11 0.16971249701348964 0.027585116215050224 0.058303159313682469 0.13257460872202437 0.50960948109586879 4.3823993662351793e-10 0.071133700284090925 0.32233068346977239 0.041886386975833446 0.039795240931108651 0.45817209780216223 3.2598855495452885 0.012333159334957601 0.070726382458916257 0.064658815572807796 5.766986032540445e-05 -0.054323662358166817 0.28402147365903313 0.042329135159351015 0.070909289907735443 0.57066242628603847 1.4619840979576113 1.0811972022056582 0.56509456038475048 0.039629783939431729 0.034792237288990009 2.600395808572263e-10 4.3310614273650578e-05 1.7590980049167706e-10
decision_type=2 2 2 2 2 2 2 2 2 2 2 2 2 2 2 2 2 2 2 2 2 2 2 2 2 2 2 2 2 2
left_child=-1 2 3 -2 5 6 7 -5 -9 10 11 12 13 21 -15 -16 17 -17 19 -11 -21 23 -23 24 -10 26 28 -28 29 -25
right_child=1 -3 -4 4 -6 -7 -8 8 9 18 -12 -13 -14 14 15 16 -18 -19 -20 20 -22 22 -24 25 -26 -27 27 -29 -30 -31
leaf_value=-0.10052382492431469 -0.1011070524182284 0.10031905029685557 -0.10411106038421916 -0.10394182286629342 -0.11349184455929967 0.060254085480103942 -0.10960206396604633 -0.10756505186993615 0.039392977849182401 0.084809665829406133 -0.12315135365846303 -0.10497905671746742 0.052398423332656312 -0.11463114650257139 -0.1212882280244412 0.067570279960138854 0.04609904832343853 -0.10777604424958619 0.070978507404766786 0.086931917697797109 -0.11810706733239865 0.033553202563863536 -0.14686110180873482 0.0045922722624820705 -0.11545983584968052 0.10086484611898042 -0.11743166101834329 0.0817403158110631 -0.037879688712391231 0.073873609122028672
leaf_weight=2.4788994503905988 0.55559903586981718 1.950502038002013 0.90391273982822795 0.52742565819062193 0.42143185366876323 1.6522156964056183 1.110630006471182 0.41633998102042724 1.6264620178844915 1.1019156401744106 0.76072344538988446 0.72347098408499633 3.9650801866082466 1.4477149083395469 0.70476917689666141 1.1990448606666153 3.1871419700328261 1.5287913022330055 3.1294952380703762 0.60103784361854184 1.29083496221574 0.44547769566997775 0.57510714011732489 1.8873253414640165 0.99358897365164001 1.0638622990809388 1.2350927854422482 0.8523567859083413 1.0141791210044173 4.9587370245717466
leaf_count=1548 230 32 475 60 55 64 159 106 75 7 45 91 54 129 103 32 87 217 26 7 58 8 36 71 112 4 62 4 52 67
internal_value=-0.00134991 0.00452723 -0.000157906 0.00225293 0.00374763 0.0050479 0.00253838 0.00607302 0.00774479 0.00914476 0.00348687 0.00700175 0.0100378 0.00264488 -0.0233353 -0.0033692 0.0106808 -0.030701 0.0351727 -0.00225609 -0.0529673 0.0169495 -0.0681116 0.0233179 -0.0193311 0.0334657 0.0262577 -0.0361049 0.0428193 0.0547741
internal_weight=44.3092 41.8303 39.8798 38.9759 38.4203 37.9988 36.3466 35.236 34.7085 34.2922 28.1689 27.4082 26.6847 22.7197 8.06746 6.61975 5.91498 2.72784 6.12328 2.99379 1.89187 14.6522 1.02058 13.6316 2.62005 11.0116 9.94769 2.08745 7.86024 6.84606
internal_count=4076 2528 2496 2021 1791 1736 1672 1513 1453 1347 1249 1204 1113 1059 568 439 336 249 98 72 65 491 44 447 187 260 256 66 190 138
is_linear=0
shrinkage=0.1


Tree=52
num_leaves=31
num_cat=0
split_feature=4 3 14 3 19 15 19 10 2 1 6 7 6 7 18 19 10 17 2 19 17 17 3 13 0 18 9 6 5 3
split_gain=2.32947 1.70394 0.899144 0.542061 0.51555 1.40409 1.13598 0.851659 1.4901 0.711066 0.543762 1.65784 1.28013 1.70194 0.789828 0.7131 0.516785 0.989001 1.09824 1.02436 0.974449 1.1321 1.37619 0.849589 1.66423 1.06688 0.788844 0.546863 1.89987 0.542875
threshold=5.0742750870769691e-11 0.16971249701348964 0.027585116215050224 0.058303159313682469 0.48823061585426336 7.8661094448762028e-05 0.90112340450286876 2.7059392929077153 1.1433629574803679e-10 0.3988898005772879 3.7132891609267512e-11 0.022387357546960463 5.876834472304105e-11 0.046591986859455155 0.64799505070021224 5.2309646606445321 3.2385919094085698 0.13350053267045456 2.2990794670415686e-10 2.3315814733505253 0.13150301846590912 0.12282492897727275 0.10279808254254774 1.599553167819977 1.3284921866814981e-09 0.37328444140571687 0.064708763001716629 4.4018747757410974e-10 0.03418562098287823 0.077247140655117646
decision_type=2 2 2 2 2 2 2 2 2 2 2 2 2 2 2 2 2 2 2 2 2 2 2 2 2 2 2 2 2 2
left_child=-1 2 3 -2 7 6 9 8 -5 -6 -8 -12 -13 -14 15 16 17 20 19 -19 21 23 -23 -15 29 -26 -21 -18 -29 -25
right_child=1 -3 -4 4 5 -7 10 -9 -10 -11 11 12 13 14 -16 -17 27 18 -20 26 -22 22 -24 24 25 -27 -28 28 -30 -31
leaf_value=-0.10047544308003825 -0.10100401809190618 0.1002885973556733 -0.10376953076780444 0.071810796687703279 -0.11081455716650075 -0.10857755862760128 0.093241971773031007 0.090878188704566654 -0.10755489417405005 0.083888544916563279 -0.14208541944788833 0.079710248488556901 -0.10990322047248352 0.062589804893309273 0.076532671262249122 -0.10478254845960813 0.068120530543557753 -0.10510952751012492 -0.11752434074192347 -0.11166556073314093 0.078303717438593254 -0.11426178442726705 0.045386396417876326 0.0065765593003357051 0.056051967590877022 -0.057538621288628106 0.062291025112903332 -0.11904482187592064 0.056813255860750145 -0.11787587623020762
leaf_weight=2.2440261727897441 0.50321356509812076 1.7653958797454823 0.82044953040894952 1.0567135657183819 1.2632784169982212 1.1581626940169361 0.72566487686708825 1.6981121884891761 0.82458774046972383 0.22027675097342569 0.74078962591011333 2.3770720526808899 1.2689103118609661 2.8022826669039329 1.6111920269904647 0.5859087168937539 2.5083923644851884 0.75760070094838727 1.3752443849225526 0.31371964112622652 1.8791543236002315 1.596666328608989 0.81584172183647741 0.47685740003362287 3.4425830603577197 1.0882376898080108 1.5419124674517659 0.8739816925954077 2.0677699347725138 1.3228029089514164
leaf_count=1548 230 32 475 54 202 189 8 35 146 8 26 39 112 25 33 70 35 178 138 34 25 120 11 20 61 25 72 43 31 51
internal_value=-0.00136684 0.00426605 -0.000228369 0.002074 0.00349925 -0.00043169 0.0035249 0.0395362 -0.00680646 -0.0819052 0.00772542 0.00561802 0.00942965 0.00308449 0.00880558 0.00415201 0.00694366 -0.0014675 -0.0451902 -0.00712352 0.0115228 0.000653244 -0.0602733 0.0167476 -0.00354517 0.0287691 0.0328813 0.0338169 0.00456658 -0.0848996
internal_weight=41.7268 39.4828 37.7174 36.8969 36.3937 32.8143 31.6561 3.57941 1.8813 1.48356 30.1726 29.4469 28.7061 26.3291 25.0601 23.449 22.863 17.4129 3.98848 2.61323 13.4244 11.5453 2.41251 9.13276 6.33048 4.53082 1.85563 5.45014 2.94175 1.79966
internal_count=4076 2528 2496 2021 1791 1556 1367 235 200 210 1157 1149 1123 1084 972 939 869 760 422 284 338 313 131 182 157 86 106 109 74 71
is_linear=0
shrinkage=0.1


Tree=53
num_leaves=31
num_cat=0
split_feature=4 3 10 2 2 10 8 3 6 4 7 0 19 2 2 18 2 18 5 19 5 1 1 13 0 12 19 14 9 12
split_gain=2.10177 1.54605 0.810227 0.613988 0.603685 0.581153 1.61422 1.56342 0.83124 1.08646 0.909084 0.739637 0.723463 0.955852 1.07379 0.720575 0.714168 0.686288 0.649433 1.17834 1.63284 1.26639 1.16373 0.981806 1.2085 0.749691 0.657805 0.420418 0.358419 0.821619
threshold=5.0742750870769691e-11 0.16971249701348964 3.5340709686279301 4.0999031243561462e-09 2.234052980685759e-10 3.1540213823318486 3.5254974852732161e-10 0.073252157882667632 3.8953565748840171e-10 1.3493168844025565e-10 0.098471897230465691 2.7238562349070857e-09 0.99064403772354137 1.1516352567361596e-10 1.0725811006407804e-10 -0.10152860830368642 5.7336093068346603e-10 0.64799505070021224 0.043640138068679134 2.6105660200119023 0.034792237288990009 0.2983176982758487 0.18972505701431674 1.654252350330353 1.2975105761752559e-09 0.19940793514251712 2.447700142860413 0.015172889456152918 0.11987994700082019 0.28254601359367376
decision_type=2 2 2 2 2 2 2 2 2 2 2 2 2 2 2 2 2 2 2 2 2 2 2 2 2 2 2 2 2 2
left_child=-1 2 3 5 -4 6 8 11 9 10 12 -7 13 14 -2 -11 -15 -8 19 22 21 -21 -14 -24 25 -25 -27 -10 29 -9
right_child=1 -3 4 -5 -6 7 17 28 27 15 -12 -13 18 16 -16 -17 -18 -19 -20 20 -22 -23 23 24 -26 26 -28 -29 -30 -31
leaf_value=-0.10043141386708268 -0.12299753324006604 0.10026106013947929 0.04039324605188449 -0.11430436463890448 -0.10625039586808289 -0.11742960920152555 -0.1087665334381913 0.10101253893663141 0.010071093225789458 0.071392806588123026 -0.10923699297442145 0.053140105627390626 -0.11130340882760903 -0.10647541750122534 0.086786162148903112 -0.11207424679994166 0.10098454212192454 0.080404748187389241 0.071627634569970206 0.041023673546515899 -0.12750358084541777 -0.11679377311705881 0.069064734513801407 0.088727821613802868 0.046562274013558821 -0.11066955813108754 0.068635516841909924 0.087579877344132473 0.064137897963137652 -0.057723220897834299
leaf_weight=2.0313237681402816 0.33391458675034191 1.5978127717971791 0.36898273456608777 0.44096350274048646 1.1736694590072145 0.93059228878700995 1.7959513398236588 0.5432658791542051 1.2032555161276826 0.25572778203058999 0.68164850340690364 0.34977597818942741 0.56332299654605122 1.5644682766287585 0.90602593799121678 1.3142636761767776 0.18562011420726765 0.21470338536892075 1.8976289012935001 2.3235582619672637 1.3100076048867775 0.65089672023896117 4.6793433749116939 0.29816612298600365 2.7596561959944665 1.3701074325945226 0.24052085692528624 1.6725652306340633 4.6358392325928435 0.81563710782211274
leaf_count=1548 78 32 31 65 434 107 378 3 46 7 106 31 75 308 18 88 1 8 20 90 64 68 70 8 48 141 12 26 94 71
internal_value=-0.001389 0.00403707 -0.000296292 0.00292556 -0.0711751 0.00446883 -0.00246923 0.0294754 0.00468098 -0.00212194 0.00423815 -0.0708327 0.00829146 -0.0368802 0.0302916 -0.0821902 -0.0844715 -0.0885663 0.0166841 0.00933938 -0.0344805 0.00648865 0.0282822 0.036694 0.00424779 -0.0569288 -0.0838933 0.0551499 0.0508993 0.00573659
internal_weight=39.1092 37.0779 35.4801 33.9374 1.54265 33.4965 26.2214 7.27511 24.2107 21.3349 19.7649 1.28037 19.0832 2.99003 1.23994 1.56999 1.75009 2.01065 16.0932 14.1956 4.28446 2.97445 9.91112 9.34779 4.66845 1.90879 1.61063 2.87582 5.99474 1.3589
internal_count=4076 2528 2496 2031 465 1966 1660 306 1274 1202 1107 138 1001 405 96 95 309 386 596 576 222 158 354 279 209 161 153 72 168 74
is_linear=0
shrinkage=0.1


Tree=54
num_leaves=31
num_cat=0
split_feature=4 3 14 7 5 19 10 8 14 17 1 17 12 2 18 4 3 9 6 18 17 9 19 19 8 17 1 1 3 19
split_gain=1.89633 1.40289 0.746212 0.479456 0.470489 0.755521 0.529445 1.03369 0.849203 1.01346 0.748517 0.700119 0.611352 1.03329 0.502827 0.675314 0.831403 0.633443 1.17259 0.823259 0.810924 0.828333 0.549388 0.538571 0.993257 0.479792 0.791302 0.46348 1.06375 0.447553
threshold=5.0742750870769691e-11 0.16971249701348964 0.027585116215050224 0.13257460872202437 0.029645626973896954 2.5783989429473881 3.2385919094085698 3.5254974852732161e-10 0.015452877618372442 0.14397638494318185 0.33887475274150064 0.13150301846590912 0.44526697695255285 2.4332521093109341e-10 -0.18981606097341597 1.3493168844025565e-10 0.10279808254254774 0.064266018094679009 2.0182217789965613e-10 -0.062737173252654335 0.12282492897727275 0.058801985896029328 2.8797445297241215 2.1112518310546879 1.736468044414701e-10 0.16490589488636367 0.31503395387754302 0.3591575695196656 0.10279808254254774 0.30193346738815313
decision_type=2 2 2 2 2 2 2 2 2 2 2 2 2 2 2 2 2 2 2 2 2 2 2 2 2 2 2 2 2 2
left_child=-1 2 3 4 5 25 7 8 9 14 -9 29 -8 -14 -6 17 -17 18 19 -16 22 -22 -21 24 -19 26 -2 -28 -29 -12
right_child=1 -3 -4 -5 6 -7 12 10 -10 -11 11 -13 13 -15 15 16 -18 23 -20 20 21 -23 -24 -25 -26 -27 27 28 -30 -31
leaf_value=-0.10039136984560518 -0.10300657695880847 0.10023615958742967 -0.10319200929277875 -0.11138421792086535 0.064721832966373197 -0.11047959234721971 0.061605631648149708 -0.11088423928217539 0.070794339187415303 -0.10686545177965222 0.10068562834520221 0.097777775227047031 0.07547294849441466 -0.11004700814414339 -0.12113866930547834 -0.11226244968727779 0.0285994665242712 0.075004406631359127 -0.1196077657860871 0.038542002744267723 -0.10664001860149622 0.043064319120032717 -0.028260047079499209 0.069522434662042248 -0.10849967706976221 0.072618687984611463 0.051668242256919378 -0.10957643389492121 0.083691424370161957 -0.10682451269330351
leaf_weight=1.8387136126984831 0.89086149254580949 1.4461016654968251 0.69114938026177597 0.37000895739765738 1.4141986108152291 0.86435464373789717 3.312487718067131 1.3142438924696755 2.0201118603581554 0.80994793953141098 0.13003203272819497 0.44453352538403124 0.57368668634444453 0.62981565832160413 0.48142372805160327 1.0522199100814749 0.69627839582972217 0.62503112154081397 0.7959390345495202 6.4820733901578915 1.0161912189214479 0.58087719877948973 1.5197608001180922 2.6534275383455679 0.55856133415363729 0.63181049493141461 1.1899184669600802 0.75048234086716525 0.4589425049489364 0.51789504606858827
leaf_count=1548 272 32 475 73 20 226 65 169 57 247 1 4 10 34 28 48 12 9 30 141 133 11 33 36 31 53 64 129 8 77
internal_value=-0.00140902 0.00380255 -0.000363176 0.00180458 0.0030966 -0.0258487 0.00811105 0.00199204 0.00920198 0.00254331 -0.0600385 0.00112953 0.039428 -0.0216132 0.00750054 0.00258477 -0.0561691 0.00956697 -0.00275715 0.00646933 0.0128694 -0.0521904 0.0258545 0.0445004 -0.0115949 -0.00719731 -0.0225242 0.00735842 -0.0362368 -0.0651794
internal_weight=36.7611 34.9224 33.4763 32.7851 32.4151 4.78637 27.6287 23.1127 20.706 18.6859 2.4067 1.09246 4.51599 1.2035 17.876 16.4618 1.7485 14.7133 10.8763 10.0803 9.5989 1.59707 8.00183 3.83702 1.18359 3.92202 3.2902 2.39934 1.20942 0.647927
internal_count=4076 2528 2496 2021 1948 752 1196 1087 836 779 251 82 109 44 532 512 60 452 376 346 318 144 174 76 40 526 473 201 137 78
is_linear=0
shrinkage=0.1


Tree=55
num_leaves=31
num_cat=0
split_feature=4 3 8 0 9 0 2 13 17 7 7 13 3 7 6 13 15 13 7 5 5 19 13 3 13 19 19 5 7 14
split_gain=1.71067 1.27335 0.682831 0.629424 0.52299 0.470905 1.15608 0.990802 0.625222 0.655295 0.701281 0.599697 0.719522 0.60948 0.923001 0.677493 0.71252 1.14193 1.00809 1.74941 0.530819 0.62318 1.24464 0.661863 0.508315 0.462377 0.328021 0.868615 0.44973 0.803713
threshold=5.0742750870769691e-11 0.16971249701348964 8.9987058968708963e-10 1.0461084329511929e-09 0.19190490702001861 1.2745858053893335e-09 3.5787941033155955e-10 1.8975875973701479 0.078768643465909102 0.099129633681763182 0.12244350737140283 1.8518514037132265 0.10620609861595905 0.097528578319457895 2.48314932514045e-10 1.7641201019287112 3.9618573282496079e-05 1.621868968009949 0.059131716898932977 0.033053475661907999 0.02456434915456748 0.92106446623802196 2.2919250726699834 0.10390341597499431 1.5470073819160464 0.39117422699928289 2.2758564949035649 0.032324866084207794 0.088234547256337434 0.013591536320745947
decision_type=2 2 2 2 2 2 2 2 2 2 2 2 2 2 2 2 2 2 2 2 2 2 2 2 2 2 2 2 2 2
left_child=-1 2 5 4 -4 6 7 8 -2 11 -11 12 13 14 15 16 17 18 -10 -20 -7 -22 23 26 -12 -5 27 -23 29 -28
right_child=1 -3 3 25 -6 20 -8 -9 9 10 24 -13 -14 -15 -16 -17 -18 -19 19 -21 21 22 -24 -25 -26 -27 28 -29 -30 -31
leaf_value=-0.10035496187365429 -0.10719741809885459 0.10021363136429778 -0.10397253871924701 0.070256918718228256 0.083116529851750026 -0.10137913039143126 -0.11410216076628106 -0.10683557364695671 0.050513807327615068 -0.1068966785185447 0.072781915073881737 0.067190152974186498 -0.11232949057521631 0.090771368596312671 -0.10797678393301169 -0.10820658028721966 0.069430732708299039 -0.11032738204190529 0.043932738541277355 -0.11697131462024975 0.088872575848030655 0.051502088827034387 -0.10512424591138776 -0.05647464077460887 -0.10409599232309129 -0.10875158247465799 0.062120211720873619 -0.062521711555334147 0.070597884489295992 -0.063908482727373803
leaf_weight=1.6643097972264502 0.48265999241268076 1.3087660074233998 0.21696678380249013 0.16134919895557676 0.47990703827235848 0.35352577193407242 0.94696464741718855 0.8344670637161461 3.8503266520565287 0.95758612151257583 0.55207105376757681 1.9380138764972787 0.48300948500400487 0.91051316470839161 0.67123660369543436 0.43949179677292782 2.1500717545859516 0.78103208084939968 1.4916993374936285 1.2352374004549345 1.2759482826804731 1.6717226859764145 0.79816574085271064 0.89816897379933003 0.23023195104906335 1.3651028667809439 1.2672962526557969 1.1128245441941542 3.3927396520739421 0.84235293144593004
leaf_count=1548 40 32 62 10 30 118 60 158 93 183 43 68 78 14 94 81 26 132 63 161 28 37 100 36 53 549 29 35 80 35
internal_value=-0.0014285 0.00354573 -0.000433913 -0.0538795 0.0248677 0.00358494 -0.00656445 -0.000576882 0.00490561 0.00835404 -0.0495136 0.0155712 0.00724339 0.0122526 0.00552022 0.0131785 0.0187891 0.00399176 0.0175668 -0.028953 0.019277 0.0230655 0.0146548 0.0250633 0.0207267 -0.08983 0.0339007 0.00593329 0.0480539 0.0117987
internal_weight=34.7638 33.0994 31.7907 2.22333 0.696874 29.5674 17.9546 17.0076 16.1732 15.6905 1.73989 13.9506 12.0126 11.5296 10.6191 9.94786 9.50837 7.3583 6.57726 2.72694 11.6127 11.2592 9.98327 9.18511 0.782303 1.52645 8.28694 2.78455 5.50239 2.10965
internal_count=4076 2528 2496 651 92 1845 1347 1287 1129 1089 279 810 742 664 650 556 475 449 317 224 498 380 352 252 96 559 216 72 144 64
is_linear=0
shrinkage=0.1


Tree=56
num_leaves=31
num_cat=0
split_feature=4 3 7 2 5 0 0 1 17 7 19 7 8 5 19 6 10 14 5 5 19 2 13 18 6 8 13 17 0 2
split_gain=1.54405 1.15505 0.619293 0.787875 0.654212 0.498199 0.510709 1.02159 0.676181 0.452993 0.987326 0.935811 0.856116 0.680189 1.17566 0.731617 0.70845 1.06159 1.07035 1.07333 0.783985 0.806565 0.695363 0.575338 0.618607 0.507877 0.409737 0.538893 0.754326 0.379563
threshold=5.0742750870769691e-11 0.16971249701348964 0.10719780800952299 2.6540221793864611e-10 0.03418562098287823 2.4004115472466637e-10 2.6120104792781207e-10 0.18626537836721044 0.10815429687500001 0.097528578319457895 2.1112518310546879 0.09410431230356911 1.7906007389590462e-10 0.038648396307966335 3.4117336273193364 4.6079726212798044e-10 3.1540213823318486 0.014869335107505323 0.034792237288990009 0.034350309739932354 2.8598670959472661 1.6588983199664192e-10 1.4619840979576113 0.2096697369548069 1.989712261319698e-10 3.6026941821257271e-11 1.654252350330353 0.088356711647727279 1.9644456917374368e-09 1.7387014044826563e-10
decision_type=2 2 2 2 2 2 2 2 2 2 2 2 2 2 2 2 2 2 2 2 2 2 2 2 2 2 2 2 2 2
left_child=-1 2 5 4 -4 -2 -7 8 -8 11 12 13 -11 14 15 16 17 18 19 20 21 -9 -16 24 25 -23 -25 -28 -29 -15
right_child=1 -3 3 -5 -6 6 7 9 -10 10 -12 -13 -14 29 22 -17 -18 -19 -20 -21 -22 23 -24 26 -26 -27 27 28 -30 -31
leaf_value=-0.10032187320801909 -0.10128608974041203 0.100193259197299 -0.10260174679102521 -0.1041600901007568 0.037507209580041674 0.068041227795308551 0.060299186345025402 -0.10726687643686042 -0.11038299039098132 0.10143173133495097 0.072663305765961639 -0.10845389921866624 -0.11170828728181743 0.087323761113392018 0.051127424185298392 -0.11124612739636969 0.065767038982824169 -0.10917579079031761 -0.083694113833220063 0.090497107681324684 -0.11500306788002773 0.042390918728477611 -0.11664058663198545 0.095889900902232428 0.054760374088013368 -0.10626155606500171 0.09345620783109293 -0.11450452090262536 0.05426301172195537 0.022431069813648011
leaf_weight=1.5064012577640813 0.43997065653094125 1.1844490766525257 0.45391360932262559 1.2523445278347933 1.253803579660598 1.2639270346262517 0.2876406498253371 0.50286462751683192 1.202194863988552 0.26755517721176092 2.5862905926769599 0.73635738273151119 0.63742063625250012 1.1007942234282371 0.30324809718876977 0.51956994208740148 1.9046042128466076 0.82887413050048131 1.0847898727224672 1.7785378539701922 0.52333067229483266 0.32085717516019918 1.3332326108939012 1.2739623769884931 0.71464831847697485 0.81016364271636121 0.64087141526397307 0.48600491666002177 0.58197281300090253 4.9747473152820021
leaf_count=1548 197 32 182 500 66 33 3 96 199 1 90 67 61 10 4 126 29 121 61 13 42 25 157 14 34 150 12 54 8 141
internal_value=-0.00143543 0.00333154 -0.000484517 -0.0439146 0.000266054 0.00425846 0.00599998 0.00291281 -0.0774296 0.00791881 0.0412062 0.00222741 -0.0486937 0.00636808 -0.00605334 0.00481442 0.0100803 -0.00102928 0.00925288 0.022462 0.00179423 0.0132592 -0.0855523 0.0258114 -0.0180712 -0.0640906 0.0529646 0.0209634 -0.0225381 0.0341886
internal_weight=32.7553 31.2489 30.0645 2.96006 1.70772 27.1044 26.6645 25.4005 1.48984 23.9107 3.49127 20.4194 0.904976 19.6831 13.6075 11.9711 11.4515 9.54688 8.718 7.63321 5.85468 5.33135 1.63648 4.82848 1.84567 1.13102 2.98281 1.70885 1.06798 6.07554
internal_count=4076 2528 2496 748 248 1748 1551 1518 202 1316 152 1164 62 1097 946 785 659 630 509 448 435 393 161 297 209 175 88 74 62 151
is_linear=0
shrinkage=0.1


Tree=57
num_leaves=31
num_cat=0
split_feature=4 3 8 0 9 9 10 1 5 17 19 15 19 4 7 6 4 5 11 19 15 3 13 0 14 19 10 11 5 0
split_gain=1.39395 1.04752 0.564234 0.538906 0.436307 0.411065 0.797763 0.674595 0.545487 0.530954 0.41068 0.38439 0.435973 0.997633 0.704908 0.532262 1.18678 0.754272 0.920319 0.928789 1.20963 0.79914 0.473179 1.25738 0.513145 0.502538 0.436602 1.04745 0.414501 1.00774
threshold=5.0742750870769691e-11 0.16971249701348964 8.9987058968708963e-10 1.0461084329511929e-09 0.19190490702001861 0.12639027049153298 3.2493721246719365 0.25123536309060662 0.046279090444158365 0.15553977272727273 0.39117422699928289 2.5809687031141951e-05 0.48823061585426336 2.7568234219878571e-10 0.10187346638950993 3.9665338899043612e-10 1.3493168844025565e-10 0.043640138068679134 9.8435021245180131e-10 2.6105660200119023 3.0330265872180465e-05 0.10470253407061376 1.654252350330353 1.2975105761752559e-09 0.0072442220989614734 2.447700142860413 2.7059392929077153 8.9843771311493025e-10 0.038187609152249093 5.7807587205088229e-10
decision_type=2 2 2 2 2 2 2 2 2 2 2 2 2 2 2 2 2 2 2 2 2 2 2 2 2 2 2 2 2 2
left_child=-1 2 5 4 -4 6 9 8 -7 11 -5 -2 26 14 15 16 17 18 -14 22 -21 -22 28 24 -24 -26 27 -13 29 -20
right_child=1 -3 3 10 -6 7 -8 -9 -10 -11 -12 12 13 -15 -16 -17 -18 -19 19 20 21 -23 23 -25 25 -27 -28 -29 -30 -31
leaf_value=-0.10029181867717044 -0.10518276077560251 0.10017483466274849 -0.10349444817444969 0.06744640515565746 0.080883041070719336 -0.10600429428066767 -0.11037664475136469 0.053764550377180212 0.10089237168394086 -0.10172647569707867 -0.10845474672292221 0.082418473788868879 -0.11284776855793527 -0.10567781323726516 -0.10392855627653641 0.056655238443117074 -0.10938949240242773 0.069733790368199364 -0.061762282795004557 0.10064392763868713 -0.087861708817417283 0.037920953293384158 0.064201799181486718 0.045308105055590631 -0.10839179542016385 0.066496306991248408 0.094750362266923294 -0.10592884017499322 0.091746352658332087 0.070591231792317494
leaf_weight=1.3634359847637849 0.31901582638967951 1.071920871734618 0.18393222190206771 0.14966667781118292 0.42467098555061966 0.5223761696252035 0.65724569722078641 3.0913326148875058 0.16854843497276306 0.48789651118568045 1.1728452268871477 0.73317421856336584 0.67404049224570073 0.84614477440481906 0.57094979198882256 2.0656789169879621 0.89154851195053275 1.8173675121506683 0.87316610361449276 0.54898198111914043 2.3504716942552482 0.64335898292483751 0.26744144747499365 2.7150652925483882 1.2984296380600424 0.18810750090051431 1.0346905705519018 0.49435552037903108 1.4924530138960106 1.6862522282171992
leaf_count=1548 72 32 62 10 30 107 78 81 1 263 549 27 69 119 128 41 77 22 61 3 179 22 11 75 230 11 15 110 12 31
internal_value=-0.00144193 0.00313587 -0.000530717 -0.0527123 0.0251604 0.00328077 -0.00181401 0.0337987 -0.0555326 0.00142949 -0.0885483 0.00376923 0.00540937 0.000450927 0.00541685 0.0089818 0.00260645 0.00946656 0.000867899 0.00722157 -0.03581 -0.0608317 0.0251132 0.00267485 -0.0633192 -0.0862613 0.0468999 0.00656652 0.0498617 0.0254378
internal_weight=30.8046 29.4411 28.3692 1.93112 0.608603 26.4381 22.6558 3.78226 0.690925 21.9986 1.32251 21.5107 21.1917 18.9295 18.0833 17.5124 15.4467 14.5551 12.7378 12.0637 3.54281 2.99383 8.52092 4.46904 1.75398 1.48654 2.26222 1.22753 4.05187 2.55942
internal_count=4076 2528 2496 651 92 1845 1656 189 108 1578 559 1315 1243 1091 972 844 803 726 704 635 204 201 431 327 252 241 152 137 104 92
is_linear=0
shrinkage=0.1


Tree=58
num_leaves=31
num_cat=0
split_feature=4 3 14 15 4 19 5 5 12 18 5 3 10 5 5 6 5 18 5 17 17 18 19 17 17 19 19 11 18 6
split_gain=1.25879 0.949742 0.515014 0.353705 0.876035 0.396453 0.333741 0.875716 0.590921 0.525333 0.858175 1.08997 0.44138 0.513143 0.563079 1.19689 1.09131 0.632725 0.532482 0.480651 0.590459 0.56948 0.627991 0.530117 0.415358 0.880762 0.783533 0.60617 0.450961 0.377029
threshold=5.0742750870769691e-11 0.16971249701348964 0.027585116215050224 0.00010910960190813058 4.3823993662351793e-10 0.32233068346977239 0.041886386975833446 0.039795240931108651 0.45817209780216223 0.28402147365903313 0.042329135159351015 0.070909289907735443 3.2598855495452885 0.039629783939431729 0.034792237288990009 3.9665338899043612e-10 0.034350309739932354 0.01157886110013351 0.034122098390002527 0.14397638494318185 0.1690118963068182 0.055899099245752128 0.41779704391956335 0.1435990767045455 0.12244762073863637 3.6886004209518437 2.9475910663604741 7.9018556142784763e-09 0.13814638267186558 4.4018747757410974e-10
decision_type=2 2 2 2 2 2 2 2 2 2 2 2 2 2 2 2 2 2 2 2 2 2 2 2 2 2 2 2 2 2
left_child=-1 2 3 4 5 -2 7 8 12 10 -8 -12 13 14 16 17 18 -16 19 21 -21 22 -7 -24 26 27 -23 -26 -28 -14
right_child=1 -3 -4 -5 -6 6 9 -9 -10 -11 11 -13 29 -15 15 -17 -18 -19 -20 20 -22 24 23 -25 25 -27 28 -29 -30 -31
leaf_value=-0.1002645238418978 -0.1038498307221109 0.10015816868897745 -0.10223025363669616 0.068017102522555037 -0.10543293066449183 0.058505764969084599 0.081964143323931482 -0.11721052231216796 -0.10274098954931364 0.063999533347267754 0.082730145160508403 -0.11166490104962828 0.078049032528726817 0.079643361321795392 -0.002307634845172127 0.0515586064753248 0.073368291360334639 -0.11430582198303114 -0.11814141963908405 -0.10884195902999075 0.052106928008228873 0.051834139026033677 -0.10487642828333975 0.094662294523428725 -0.10691206542503261 0.061674325032203471 0.047178400699378391 0.073064622660110157 -0.11198058839289136 0.0049780058252885629
leaf_weight=1.2340066916658567 0.34506043998409808 0.97006732225417991 0.48918334659538132 0.77190697213518333 0.77427682428969902 0.42621384304949028 0.7214905804721633 0.63121790505829167 0.51963178504956786 2.168998958892189 0.413575305836275 0.9532290524803102 1.424076180905103 0.75173162261489856 0.72923057177104222 0.98189850640483189 1.9610336188343342 1.6362197257112709 0.42180866020498875 0.82463018965791046 0.31500833205063827 3.9935070251813158 1.1376429430965798 0.150790286483243 0.99999537388794146 0.79777981230290596 0.27138406084850419 0.23022120719542727 0.51748468726873398 1.4006350494455544
leaf_count=1548 145 32 475 46 164 12 8 54 131 27 11 69 15 9 42 33 34 175 21 266 58 175 195 3 179 40 4 8 50 47
internal_value=-0.00144032 0.00295744 -0.000566163 0.00132691 -0.000691955 0.00258813 0.00409463 -0.00128711 0.00246709 0.0295315 -0.00626862 -0.0528438 0.00534879 -0.00103097 -0.00497031 -0.0412526 0.00511058 -0.0797786 -0.00816023 -0.00336017 -0.064354 0.00479358 -0.0467162 -0.0815236 0.0177622 -0.0201618 0.0338441 -0.0732315 -0.0572272 0.0418167
internal_weight=28.9639 27.7299 26.7599 26.2707 25.4988 24.7245 24.3794 20.1221 19.4909 4.25729 2.08829 1.3668 18.9713 16.1466 15.3948 3.34735 12.0475 2.36545 10.0865 9.66466 1.13964 8.52502 1.71465 1.28843 6.81037 2.028 4.78238 1.23022 0.788869 2.82471
internal_count=4076 2528 2496 2021 1975 1811 1666 1551 1497 115 88 80 1366 1304 1295 250 1045 217 1011 990 324 666 210 198 456 227 229 187 54 62
is_linear=0
shrinkage=0.1


Tree=59
num_leaves=31
num_cat=0
split_feature=4 3 14 5 19 1 4 13 13 13 11 13 6 15 13 13 10 3 17 5 3 5 6 13 11 18 17 1 14 7
split_gain=1.13611 0.861624 0.464087 0.342353 0.531465 0.340669 0.776229 0.488732 0.747512 1.48335 0.649693 0.672129 0.562473 0.844633 0.911756 0.618612 0.788843 0.447455 0.676831 0.436684 1.11748 0.994342 0.458782 0.875623 0.466227 0.449478 0.329301 0.526259 0.348466 0.380684
threshold=5.0742750870769691e-11 0.16971249701348964 0.027585116215050224 0.029645626973896954 2.5783989429473881 0.50960948109586879 4.3823993662351793e-10 2.224845409393311 2.1689146757125859 2.0138945579528813 3.3862669335249511e-09 1.8886741995811465 2.6466405015196744e-10 3.8865333408466547e-05 1.621868968009949 1.5436939597129824 2.7935285568237309 0.0793280560932553 0.15831409801136367 0.034792237288990009 0.085812365380081565 0.038187609152249093 9.3709657408922133e-11 1.4619840979576113 1.0219349810824953e-09 -0.015944306230680504 0.16490589488636367 0.31503395387754302 0.018901372328400615 0.08123376785753246
decision_type=2 2 2 2 2 2 2 2 2 2 2 2 2 2 2 2 2 2 2 2 2 2 2 2 2 2 2 2 2 2
left_child=-1 2 3 4 26 6 7 8 9 10 11 12 13 14 19 16 -14 18 -12 22 21 -21 -5 24 25 -24 27 -2 29 -29
right_child=1 -3 -4 5 -6 -7 -8 -9 -10 -11 17 -13 15 -15 -16 -17 -18 -19 -20 20 -22 -23 23 -25 -26 -27 -28 28 -30 -31
leaf_value=-0.10023973829973037 -0.10206300289403594 0.1001430980871664 -0.10203032853220767 0.06517080230518929 -0.10925304714457199 0.074966121325508228 -0.10525374627990236 -0.10393120226726821 0.071791221696012972 -0.11461787853213463 -0.1109189689959212 -0.1098712032648954 -0.10684810856954026 0.051348433030133839 -0.10742662545018694 -0.10642653891046393 0.073671597981060086 0.065033056309196091 0.074293809833041735 -0.11123978492545035 -0.12569498643626029 0.063305822862001773 0.084892906750119512 -0.10847645166510361 0.092910937181106906 -0.10808115984254872 0.067837206304263611 -0.013324682392263115 -0.11346221860866386 0.0918797049116159
leaf_weight=1.1168374657863775 0.63750899489970114 0.87787860631942649 0.44345467770472069 1.7337426223675882 0.65018120573949989 0.6925642522983243 0.63420533263706502 0.38857431634096329 1.7449880710919377 1.0079834237112653 0.40087114449124728 0.53610214465879913 0.38330757268704541 3.790036057238467 0.80563457083189849 0.88955097514553916 0.6569593928870745 2.9409159150673077 0.38854159193579108 0.4380252429400574 0.77707703362102609 1.2804429949028415 0.19850859709549684 0.57676954782800738 0.71641584439203143 0.30794085469096888 0.46546385204419483 1.085810810967814 0.22309366351691995 0.50341831939294923
leaf_count=1548 276 32 475 34 231 21 150 41 20 49 29 45 76 72 176 111 29 57 12 97 50 72 10 55 9 38 60 143 49 9
internal_value=-0.0014657 0.00274864 -0.000631083 0.00117808 -0.0275002 0.00598108 0.00366144 0.00712168 0.00932627 0.00321254 0.0102735 -0.000217712 0.00446474 0.0134857 -0.00751064 -0.0452003 0.00715543 0.0470894 -0.019759 0.00584096 -0.0261831 0.0188154 0.0284588 -0.006909 0.0409957 -0.0324428 -0.00926739 -0.0239171 0.00357174 0.0200008
internal_weight=27.2928 26.176 25.2981 24.8546 3.56548 21.2892 20.5966 19.9624 19.5738 17.8288 16.8208 13.0905 12.5544 10.6246 6.83456 1.92982 1.04027 3.73033 0.789413 6.02892 2.49555 1.71847 3.53338 1.79963 1.22287 0.506449 2.9153 2.44983 1.81232 1.58923
internal_count=4076 2528 2496 2021 768 1253 1232 1082 1041 1021 972 874 829 613 541 216 105 98 41 365 219 169 146 112 57 48 537 477 201 152
is_linear=0
shrinkage=0.1


Tree=60
num_leaves=31
num_cat=0
split_feature=4 3 7 2 5 0 0 1 17 7 19 7 8 5 19 6 10 5 5 18 19 14 7 13 0 18 10 18 9 4
split_gain=1.02557 0.781528 0.437797 0.595613 0.475586 0.366264 0.341473 0.737278 0.487086 0.345397 0.742585 0.675006 0.654809 0.460001 0.842638 0.569736 0.503884 0.706511 0.92466 0.603449 0.661647 0.563037 0.660942 0.498165 0.371285 0.361559 0.360074 0.319324 0.284502 0.629567
threshold=5.0742750870769691e-11 0.16971249701348964 0.10719780800952299 2.6540221793864611e-10 0.03418562098287823 2.4004115472466637e-10 2.6120104792781207e-10 0.18626537836721044 0.10815429687500001 0.097528578319457895 2.1112518310546879 0.09410431230356911 1.7906007389590462e-10 0.038648396307966335 3.4117336273193364 4.6079726212798044e-10 3.2385919094085698 0.034792237288990009 0.034350309739932354 0.080962517309341245 2.8598670959472661 0.010014030151069166 0.073957577861366947 1.4619840979576113 6.7166797307480598e-09 0.18320371210575107 3.0479056835174565 0.02109873989088969 0.040770714542234694 6.4086701750914467e-11
decision_type=2 2 2 2 2 2 2 2 2 2 2 2 2 2 2 2 2 2 2 2 2 2 2 2 2 2 2 2 2 2
left_child=-1 2 5 4 -4 -2 -7 8 -8 11 12 13 -11 14 15 16 17 18 19 24 21 28 -23 -16 -9 -24 -27 -19 29 -21
right_child=1 -3 3 -5 -6 6 7 9 -10 10 -12 -13 -14 -15 23 -17 -18 27 -20 20 -22 22 25 -25 -26 26 -28 -29 -30 -31
leaf_value=-0.10021724580550516 -0.10093211171697823 0.10012945949703392 -0.10225116792405382 -0.1034958707490264 0.034587997077244852 0.063013868576462836 0.057046468303002487 -0.084212667555502399 -0.10776564308528352 0.10111038984809238 0.070460999582808978 -0.10639610539824169 -0.10935219297367636 0.030909774194209719 0.04502845834478475 -0.11071492394239342 0.074308214735850184 0.02309067409349945 0.083686096548461458 -0.10505627893939647 -0.11022952634494923 -0.10955551496981018 0.082391900596639742 -0.112764074232129 0.078230043385028036 -0.11422718410630622 0.05942850444220979 -0.11074885738439005 0.099429977986677437 0.059865885570641944
leaf_weight=1.0107715940685036 0.32930048462004435 0.79444009065627952 0.33912865800084491 0.93796028930228192 1.0116298687062224 0.97942376762512395 0.22288102656603104 1.181131843914043 0.91748102454585023 0.20882482826709692 2.0524592892325018 0.55810510151786807 0.50612675715819933 4.9102586527005778 0.2481984025798728 0.41282775394211135 1.0573805963504135 0.23432741846772831 1.4321645033778621 0.28664775853394608 0.40304949620622199 0.55827813100768242 0.53571818844648056 1.0319901469338217 0.15973235602723423 0.26811891415854916 0.21526968758553267 0.74507795626414008 0.89608666027197603 1.2023301294539122
leaf_count=1548 197 32 182 500 66 33 3 207 199 1 90 67 61 151 4 126 19 11 14 65 47 137 20 157 5 40 4 55 10 25
internal_value=-0.00149271 0.00255773 -0.000693475 -0.0422774 0.000232425 0.00372229 0.00534606 0.00255611 -0.0755535 0.00721863 0.039888 0.00168447 -0.0478798 0.0055074 -0.00596927 0.00420513 0.00937576 0.000918155 0.0118455 -0.00618485 0.0118377 0.024254 -0.0220979 -0.0821718 -0.0648614 0.0258123 -0.0368923 -0.0787271 0.0549093 0.0281162
internal_weight=25.6471 24.6363 23.8419 2.28872 1.35076 21.5532 21.2239 20.2445 1.14036 19.1041 2.76741 16.3367 0.714952 15.7786 10.8683 9.58814 9.17531 8.11793 7.13853 5.70636 4.3655 3.96245 1.57738 1.28019 1.34086 1.01911 0.483389 0.979405 2.38506 1.48898
internal_count=4076 2528 2496 748 248 1748 1551 1518 202 1316 152 1164 62 1097 946 785 659 640 574 560 348 301 201 161 212 64 44 66 100 90
is_linear=0
shrinkage=0.1


Tree=61
num_leaves=31
num_cat=0
split_feature=5 1 3 15 12 7 14 18 0 10 3 9 4 5 6 5 6 4 7 10 15 13 13 4 6 5 14 11 3 2
split_gain=0.936033 0.721178 1.06116 0.362615 0.372689 0.358663 0.482028 0.508401 0.358069 0.358569 0.60298 0.604225 0.448386 0.402761 0.964983 0.385608 0.350087 0.849443 0.565767 0.46579 0.392118 0.843871 0.45369 0.631367 0.417396 0.544066 0.550545 0.520903 0.333336 0.384662
threshold=0.028058106685736214 0.3988898005772879 0.10279808254254774 2.5809687031141951e-05 0.57091164588928234 0.067674780156878181 0.010014030151069166 -0.13323858200403096 5.630488955522061e-09 3.2274066209793095 0.10620609861595905 0.1247071105030841 2.7568234219878571e-10 0.034122098390002527 4.5159264019326223e-10 0.046279090444158365 3.9665338899043612e-10 1.2781485033282384e-10 0.098471897230465691 2.9608497619628911 3.8865333408466547e-05 1.621868968009949 1.8886741995811465 1.0883353633749536e-10 1.0015219611161383e-10 0.03187447057498214 0.011747895739972593 7.8211104259651176e-10 0.0839916972326053 2.3745855489070892e-10
decision_type=2 2 2 2 2 2 2 2 2 2 2 2 2 2 2 2 2 2 2 2 2 2 2 2 2 2 2 2 2 2
left_child=5 3 -3 -2 8 -1 -7 -8 9 10 11 12 16 14 -11 -12 17 18 19 20 21 24 -22 -24 -5 -26 27 -27 29 -15
right_child=1 2 -4 4 -6 6 7 -9 -10 13 15 -13 -14 28 -16 -17 -18 -19 -20 -21 22 -23 23 -25 25 26 -28 -29 -30 -31
leaf_value=-0.10140432986256112 -0.10329365675717875 -0.10374320011738938 0.096930265910762772 0.043721669920997436 -0.10269604919136609 0.099356407077789019 0.070612646170311322 -0.10070142320281893 -0.10666007792640411 0.061976993267690232 -0.10812935003828264 -0.11233766623137434 -0.10520328752355633 0.077682095926265904 -0.11234310820535681 0.031911524136214689 0.052070136996759254 -0.11019625940365269 -0.10454909921512762 -0.10691275323661001 0.05864204356575508 -0.1060922671454248 -0.10621496101861889 0.046190846317795249 0.05813959734293668 0.06415381512930661 0.041163342843044688 -0.11205107455665009 0.0768250009934381 -0.056256801842557796
leaf_weight=1.1551986824779334 0.33874275922426633 0.3158622440387252 1.589966369239846 2.4719012315908913 0.34020402809255657 0.2530325789703054 0.23306344333104789 0.67475036965333857 0.29382602183613826 0.71930179081391432 0.82010115752927848 0.43942226705257859 0.34804851736407805 0.37894311477430198 0.56857482012128457 0.25863279082113877 1.7043643906654313 0.62152716574200972 0.4144025699351922 0.30612562652095299 3.3706237919977866 0.65477759191708163 0.45153365525766254 0.68294104561209679 0.72334618950844776 0.20169064588844754 0.51538698299555097 0.99764408686314709 1.8565316985332172 0.49386975532979704
leaf_count=1364 191 71 45 68 292 5 35 608 80 19 103 74 49 5 65 18 99 55 112 32 80 180 53 7 95 16 56 87 71 41
internal_value=-0.00150241 0.00489723 0.0636717 -0.000711192 0.00105867 -0.061956 -0.0226995 -0.0567199 0.00288819 0.00458233 -0.00253119 0.00305674 0.00682276 0.0311126 -0.0149823 -0.0745537 0.00979545 0.00348173 0.0100296 0.0146057 0.0182999 0.000544688 0.0402314 -0.0144684 0.0147654 -0.0145926 -0.0452743 -0.0824189 0.0528631 0.00189452
internal_weight=24.1943 21.8783 1.90583 19.9725 19.6337 2.31605 1.16085 0.907814 19.2935 18.9997 14.9825 13.9037 13.4643 4.01722 1.28788 1.07873 13.1163 11.4119 10.7904 10.376 10.0698 5.56475 4.5051 1.13447 4.90997 2.43807 1.71472 1.19933 2.72934 0.872813
internal_count=4076 2064 116 1948 1757 2012 648 643 1465 1385 1184 1063 989 201 84 121 940 841 786 674 642 502 140 60 322 254 159 103 117 46
is_linear=0
shrinkage=0.1


Tree=62
num_leaves=31
num_cat=0
split_feature=5 3 18 4 7 1 4 17 19 19 6 7 6 7 18 18 3 6 4 19 4 6 19 7 2 11 3 7 2 8
split_gain=0.845134 0.632244 0.48378 0.401309 0.397712 0.351465 0.739068 0.308308 0.273665 0.266607 0.301042 0.776767 0.590762 1.03983 0.453076 0.930624 0.565649 0.29644 0.449209 0.657252 0.29457 0.777043 0.508103 0.405166 0.729505 0.544288 0.916103 0.383869 0.275622 0.578163
threshold=0.026291591781486937 0.16971249701348964 0.40092023954176431 5.3094337421729198e-11 0.13257460872202437 0.50960948109586879 4.3823993662351793e-10 0.071133700284090925 1.7303653359413149 0.32233068346977239 3.7132891609267512e-11 0.022387357546960463 5.876834472304105e-11 0.046591986859455155 0.50495140872557065 0.40092023954176431 0.062590724074668119 9.4731854049152807e-11 7.7969445244803494e-11 0.48823061585426336 1.3149441742516958e-10 4.0406260980939607e-10 2.5425839424133305 0.089560242296233536 2.2990794670415686e-10 2.909301244358176e-09 0.085812365380081565 0.084454368559825591 2.568812336535301e-10 2.1520109767659892e-10
decision_type=2 2 2 2 2 2 2 2 2 2 2 2 2 2 2 2 2 2 2 2 2 2 2 2 2 2 2 2 2 2
left_child=2 3 -1 -2 5 6 7 -5 -4 -9 -11 -12 -13 -14 15 16 -15 -18 19 -19 23 -22 27 25 -25 26 -20 -23 29 -16
right_child=1 -3 8 4 -6 -7 -8 9 -10 10 11 12 13 14 28 -17 17 18 20 -21 21 22 -24 24 -26 -27 -28 -29 -30 -31
leaf_value=-0.10111187956491392 -0.10084098925991317 0.10010745735153621 0.092784012976393743 -0.10321684126849258 -0.10540172482306626 0.073530757786079634 -0.10417117522626194 -0.10357185011966052 -0.10049518420652299 0.094485442012109302 -0.12536016851886422 0.067620224135592641 -0.10834384644743539 -0.10512325556641054 -0.10787380434046934 -0.11064567737761161 0.080944060175067306 0.07031802461380611 0.062635002147321844 -0.078025721038996118 -0.082577607231837102 0.068672148880497788 0.052348133648619233 0.036654961751995799 -0.11007886219511723 0.083185400465130593 -0.074822674308713338 -0.10569123994995805 0.069151494525200849 0.07305086572220848
leaf_weight=1.2394871235883353 0.38244295836194098 0.65951674431562324 0.23709076084196556 0.2573522772290876 0.33552353947015845 0.70891338330693443 0.63592946718563226 0.21546205773484217 0.10601327248150483 0.39662485843291762 0.43641709390795114 1.5990443716873439 0.78522081012488243 0.42182725525344444 0.30740950029576142 0.69435529955080788 0.60458665346959506 0.40049492358229954 1.2898094829288296 1.1747386268252737 0.9486658084788363 0.17936612223275039 1.7297034884104503 1.0020547071762846 0.51190704881446425 2.1077130784397013 0.77688518428476516 0.42646428509033285 1.807162223907653 0.41516422166023403
leaf_count=1574 420 32 4 33 309 30 210 112 114 8 11 64 109 174 37 89 13 24 30 226 57 5 99 43 49 40 35 68 39 18
internal_value=-0.00152866 0.00373109 -0.0720227 0.000638246 0.00256251 0.00438896 0.00182597 0.00547186 0.033064 0.00700612 0.0083286 0.00638911 0.00973538 0.00379575 0.00974605 0.00180057 0.00854639 0.0128458 0.00894252 -0.0403101 0.0175894 -0.00625659 0.0247441 0.0313569 -0.0129593 0.0474294 0.0109637 -0.0540681 0.0482796 -0.00392116
internal_weight=22.7933 21.2108 1.58259 20.5512 20.1688 19.8333 19.1244 18.4884 0.343104 18.2311 18.0156 17.619 17.1826 15.5835 14.7983 12.2686 11.5742 11.1524 10.5478 1.57523 8.97257 3.2842 2.33553 5.68837 1.51396 4.17441 2.06669 0.60583 2.52974 0.722574
internal_count=4076 2384 1692 2352 1932 1623 1593 1383 118 1350 1238 1230 1219 1155 1046 952 863 689 676 250 426 229 172 197 92 105 65 73 94 55
is_linear=0
shrinkage=0.1


Tree=63
num_leaves=31
num_cat=0
split_feature=4 3 7 2 3 4 3 5 19 11 13 0 19 1 17 6 7 6 7 18 18 3 1 1 2 19 2 5 13 13
split_gain=0.762301 0.590425 0.345731 0.273501 0.286254 0.32666 0.320679 0.34309 0.36524 0.29044 0.277408 0.373583 0.351796 0.334727 0.263485 0.263132 0.792921 0.578692 0.793438 0.413667 0.687722 0.370174 0.327999 0.564346 0.662118 0.829989 0.547185 0.956135 0.368268 0.31113
threshold=5.0742750870769691e-11 0.16971249701348964 0.13257460872202437 4.0999031243561462e-09 0.13067473720221698 4.3823993662351793e-10 0.113723186237098 0.029645626973896954 2.5783989429473881 7.1022340786264248e-10 1.8607185482978823 8.4980859470607981e-10 2.5425839424133305 0.62438249533292034 0.071133700284090925 3.7132891609267512e-11 0.022810946330708595 5.876834472304105e-11 0.046591986859455155 0.50495140872557065 0.40092023954176431 0.062590724074668119 0.30783822187224053 0.26770327380335324 2.2013354952808329e-10 3.6886004209518437 8.2914228615840496e-10 0.030544959220441356 1.3961172699928286 1.4485540390014651
decision_type=2 2 2 2 2 2 2 2 2 2 2 2 2 2 2 2 2 2 2 2 2 2 2 2 2 2 2 2 2 2
left_child=-1 2 3 4 5 6 7 8 10 -9 11 -2 13 -12 -11 -16 -17 -18 -19 20 21 -20 23 24 28 -26 27 -24 -23 -30
right_child=1 -3 -4 -5 -6 -7 -8 9 -10 14 12 -13 -14 -15 15 16 17 18 19 -21 -22 22 26 -25 25 -27 -28 -29 29 -31
leaf_value=-0.10016610675717655 -0.10029486624914852 0.10009721991321392 -0.10479504635489148 -0.10550230569302788 0.062262348009471259 -0.076851862125529302 -0.10676661656050684 -0.10350567948379204 -0.10655182835726587 -0.1030265023238868 -0.10388696380347034 0.050792028444510556 0.09217643002154173 0.070963261358923863 0.097344546461637677 -0.12125151676431969 0.080672207094329387 -0.10721515702560232 -0.10138182078056468 0.051792708095452125 -0.11062410685535445 -0.10513739863519489 0.082669682195846514 0.058882802052982887 -0.10755727633485623 0.066416258101350698 0.077852346661388738 -0.11019342163672455 0.083702027264892176 0.014578173479374183
leaf_weight=0.75583739546709949 0.20057331584396443 0.59681334346532722 0.31486943924392008 0.23900200449861486 0.76066791720222582 0.54152762518788122 0.26728084386559103 0.22521830184268665 0.50456475291866798 0.20034021593164553 0.6894789621583185 0.88917140406556427 0.14638585614738986 0.13015365204773843 0.35616201080847432 0.44392271828837593 1.2079379319329735 0.56850089036743057 0.28554821625584459 2.3079414549574713 0.49057873181300315 0.20395453146193032 0.35446930216858141 2.7855238510528579 0.95242048092768505 0.38510511920321733 0.39101567948819127 0.93532732452149503 0.89364846213720772 2.3996904478262877
leaf_count=1548 205 32 329 69 20 174 48 79 255 27 280 53 5 5 7 11 47 70 138 68 62 29 11 74 94 23 15 66 28 204
internal_value=-0.00152687 0.00208044 -0.000834103 0.000822808 0.00212484 -0.000314037 0.00196142 0.00358063 -0.0303142 0.00922047 -0.0116025 0.0229837 -0.0506185 -0.0761216 0.0108949 0.0124203 0.0103494 0.0144747 0.00830177 0.0136042 0.00485807 0.0107676 0.0142106 0.0230301 0.00237393 -0.0574662 -0.0257742 -0.0571897 0.0252595 0.033335
internal_weight=21.4236 20.6678 20.071 19.7561 19.5171 18.7564 18.2149 17.9476 2.56033 15.3873 2.05576 1.08974 0.966018 0.819633 15.1621 14.9617 14.6056 14.1617 12.9537 12.3852 10.0773 9.5867 9.30116 7.62034 4.83482 1.33753 1.68081 1.2898 3.49729 3.29334
internal_count=4076 2528 2496 2167 2098 2078 1904 1856 803 1053 548 258 290 285 974 947 940 929 882 812 744 682 544 452 378 117 92 77 261 232
is_linear=0
shrinkage=0.1


Tree=64
num_leaves=31
num_cat=0
split_feature=4 3 12 2 5 5 17 5 13 15 13 19 14 11 11 5 15 7 5 19 0 13 5 11 18 12 6 2 6 19
split_gain=0.688392 0.535362 0.321573 0.247714 0.257982 0.288087 0.510252 0.337725 0.266357 0.374532 0.838485 0.610037 0.505853 0.334962 0.388534 0.902501 0.426256 0.365454 0.347819 0.778969 0.273321 0.5949 0.439167 0.262318 0.736778 0.261214 0.544894 0.346697 0.409051 0.302029
threshold=5.0742750870769691e-11 0.16971249701348964 0.57091164588928234 4.0999031243561462e-09 0.041886386975833446 0.039795240931108651 0.065784801136363646 0.039629783939431729 2.6288012266159062 6.1614307924173786e-05 1.9732021093368532 3.8945217132568364 0.023406691849231723 4.109486972936339e-09 2.909301244358176e-09 0.035874266780674936 4.3310614273650578e-05 0.09804920199840586 0.034122098390002527 2.3975245952606206 6.3214253447879057e-10 1.4568428397178652 0.034350309739932354 5.9894822435069281e-09 0.18635099093345081 0.20098752528429034 9.8566316661576658e-11 3.4836906999828365e-10 5.635973009101349e-10 2.2249928712844853
decision_type=2 2 2 2 2 2 2 2 2 2 2 2 2 2 2 2 2 2 2 2 2 2 2 2 2 2 2 2 2 2
left_child=-1 2 3 4 5 7 -7 8 9 10 11 13 23 14 15 16 20 -17 19 -16 21 -2 -23 -11 -25 -6 -27 29 -29 -28
right_child=1 -3 -4 -5 25 6 -8 -9 -10 12 -12 -13 -14 -15 18 17 -18 -19 -20 -21 -22 22 -24 24 -26 26 27 28 -30 -31
leaf_value=-0.10015044817377106 0.039497824633190737 0.10008796397237835 -0.1022493878698426 -0.10494720712462585 0.085362361295412525 0.099914794218271319 -0.11164254985934581 0.074215957537325336 -0.1026740922525963 0.073265980675365383 -0.10686062679528577 -0.10476207213065669 -0.10539137290940766 -0.10700823401605418 0.066045271445612383 -0.11302958729354573 -0.10289564460843836 0.013309885761302801 0.080678163713876996 -0.10996164264755466 0.040743011996561156 -0.10368163015971624 0.028590311053385033 0.072976421301432642 -0.10652656781942227 -0.11188132541203105 -0.0078223735025955213 -0.1092963710841999 0.032410289173059562 0.079538881238849501
leaf_weight=0.68401143973460676 1.3579200382810088 0.54006646946072479 0.30787665366369665 0.21897025940415815 0.61486118161701542 0.14441799250198606 0.54138481835252605 0.57680096887634213 0.26768646301934573 1.4175151555100471 0.82880280990502875 0.54703373892698515 0.24387475650291879 0.26457643334288228 0.69369581612409115 0.93395475426223107 0.30308121006237332 0.3033148800896015 1.176959098113002 0.39443105153623037 2.7573741308879107 0.74181502626743145 0.37938713139737956 0.61212909055757325 0.36501260331715457 0.30933180512511205 0.57327533434727262 0.34153639926807944 0.5047517279163003 1.2778870388865469
leaf_count=1548 136 32 333 76 16 3 82 13 97 41 160 109 166 57 46 138 102 37 20 40 153 331 57 47 59 21 53 21 58 24
internal_value=-0.00154185 0.00191006 -0.000880655 0.000789013 0.00204237 -0.00379344 -0.0670923 -0.000728882 -0.00391011 -0.00192542 -0.0102589 -0.00213351 0.0318134 0.00389896 0.00714422 -0.00484006 0.0124066 -0.0820576 0.0429997 0.00224518 0.0190801 -0.00501424 -0.0589241 0.0457866 0.00592284 0.0259731 0.0138285 0.0282444 -0.0247783 0.0524845
internal_weight=20.2237 19.5397 18.9997 18.6918 18.4728 14.8512 0.685803 14.1654 13.5886 13.3209 10.6823 9.85354 2.63853 9.30651 9.04193 6.77685 5.53958 1.23727 2.26509 1.08813 5.2365 2.47912 1.1212 2.39466 0.977142 3.62164 3.00678 2.69745 0.846288 1.85116
internal_count=4076 2528 2496 2163 2087 1894 85 1809 1796 1699 1386 1226 313 1117 1060 954 779 175 106 86 677 524 388 147 106 193 177 156 79 77
is_linear=0
shrinkage=0.1


Tree=65
num_leaves=31
num_cat=0
split_feature=4 3 7 12 15 5 1 14 18 3 8 12 9 5 17 17 18 9 12 3 12 7 6 11 13 14 17 17 5 7
split_gain=0.621673 0.485412 0.294647 0.229976 0.229807 0.241436 0.406268 0.499448 0.391486 0.390472 0.344752 0.339565 0.624464 0.412924 0.822254 0.596221 0.504466 0.550271 0.497389 0.38969 0.417639 0.388646 0.399807 0.519216 0.578518 0.376383 0.290251 0.310955 0.351466 0.212406
threshold=5.0742750870769691e-11 0.16971249701348964 0.13257460872202437 0.57091164588928234 2.5809687031141951e-05 0.031196635103069834 0.3067959279214888 0.023650969378650192 0.20191268152980643 0.0839916972326053 8.6059674368028687e-10 0.36314603686332708 0.081243872809984671 0.032007876409015174 0.13350053267045456 0.13150301846590912 -0.18981606097341597 0.044115390493135419 0.2900874018669129 0.081113210616286957 0.29969717562198644 0.022810946330708595 5.876834472304105e-11 2.7531081858711563e-09 1.5134586691856386 0.01216529216617346 0.12484463778409093 0.16097745028409094 0.048402366067695039 0.02686619898452353
decision_type=2 2 2 2 2 2 2 2 2 2 2 2 2 2 2 2 2 2 2 2 2 2 2 2 2 2 2 2 2 2
left_child=-1 2 3 4 -2 6 7 -6 9 -8 -9 12 13 -7 15 16 -15 21 -19 -20 -21 -18 -23 24 -24 -14 -13 -28 -29 -11
right_child=1 -3 -4 -5 5 11 8 10 -10 29 -12 26 25 14 -16 -17 17 18 19 20 -22 22 23 -25 -26 -27 27 28 -30 -31
leaf_value=-0.10013625732213852 -0.10322880443511191 0.10007958385762146 -0.10394060338099674 -0.10265188554518963 -0.10401238709068353 0.064670807674469338 -0.10474078510275937 0.090614814382446937 0.044537200183530558 0.080862615675168198 -0.10398216159850047 -0.10260918266051181 0.069782071513660851 0.081663096090285506 -0.10531010182947154 0.087515396837646364 -0.065412629828556695 -0.10827832012043981 0.062121678526514151 0.024601698343315635 -0.11373377910127967 0.088840231547121118 0.040610413158893688 0.055452542197895041 -0.082137686010287758 -0.10473484115015555 0.059494021286394666 -0.1026709708801385 0.10066235302682319 -0.040612490452811928
leaf_weight=0.61900241009425627 0.20540243593860807 0.48871117830276389 0.27344325752346677 0.21286097691336081 0.93091779330279967 1.1519637443270738 0.48389153514290251 0.28182782779913396 1.2220245882053857 0.27402776380768046 0.13448376022279263 0.13745996673242133 0.14668015763163644 0.68662997405044368 0.67177338838519052 0.88021488682716142 0.54970472284185401 0.86030321594444137 0.47344180189247687 0.40248017339035869 0.47675422113388777 0.76835386414313722 0.6609318304108458 1.2571826615458119 0.91624323761789128 0.78477606703381753 2.4282140158902625 0.26270830696739711 0.1256767213344574 0.30322417528077494
leaf_count=1548 88 32 329 116 526 42 159 10 155 15 92 27 2 16 176 13 35 66 11 14 30 31 13 62 60 129 112 117 1 49
internal_value=-0.00156053 0.0017463 -0.000928922 0.000663368 0.00192167 0.00317215 -0.0197463 -0.0632952 0.00595063 -0.0384861 0.0277529 0.00927141 0.000976659 0.00844567 0.000917863 0.0099142 0.000228228 -0.00855608 -0.0488313 -0.0110229 -0.050409 0.0129081 0.0248583 0.00751373 -0.0306988 -0.077253 0.0392809 0.0462056 -0.0368748 0.0170531
internal_weight=19.0713 18.4523 17.9636 17.6902 17.4773 17.2719 3.6304 1.34723 2.28317 1.06114 0.416312 13.6415 10.6874 9.75598 8.60401 7.93224 7.05203 6.3654 2.21298 1.35268 0.879234 4.15242 3.60271 2.83436 1.57718 0.931456 2.95406 2.8166 0.388385 0.577252
internal_count=4076 2528 2496 2167 2051 1963 1006 628 378 223 102 957 700 569 527 351 338 322 121 55 44 201 166 135 73 131 257 230 118 64
is_linear=0
shrinkage=0.1


Tree=66
num_leaves=31
num_cat=0
split_feature=5 1 3 18 4 11 19 15 6 7 7 18 6 4 13 5 10 3 6 13 7 19 6 7 7 14 5 3 7 15
split_gain=0.563401 0.438979 0.800401 0.388778 0.284066 0.257129 0.204056 0.178892 0.204649 0.73479 0.392303 0.384876 0.283394 0.327023 0.604418 0.512547 0.461192 0.311189 0.53539 0.537092 0.436427 0.421649 0.537499 0.421883 0.297897 0.445195 0.285557 0.230882 0.402463 0.204729
threshold=0.026291591781486937 0.3988898005772879 0.10279808254254774 0.40092023954176431 5.3094337421729198e-11 9.5386680776243809e-09 1.7303653359413149 2.5809687031141951e-05 5.876834472304105e-11 0.044175723535681367 0.022387357546960463 0.64799505070021224 9.4731854049152807e-11 7.7969445244803494e-11 1.4568428397178652 0.032007876409015174 2.7935285568237309 0.085812365380081565 1.7752112753550772e-10 2.0138945579528813 0.094626678589188315 1.4110429883003237 2.113498321389474e-10 0.084121165288982558 0.10719780800952299 0.025707135908305648 0.046279090444158365 0.078563631162034173 0.09804920199840586 4.8559857532382018e-05
decision_type=2 2 2 2 2 2 2 2 2 2 2 2 2 2 2 2 2 2 2 2 2 2 2 2 2 2 2 2 2 2
left_child=3 4 -3 -1 -2 7 -5 -6 10 -10 -9 12 -11 14 15 -14 -17 21 -19 20 29 -15 -23 -24 27 -26 -22 28 -25 -20
right_child=1 2 -4 6 5 -7 -8 8 9 11 -12 -13 13 17 -16 16 -18 18 19 -21 26 22 23 24 25 -27 -28 -29 -30 -31
leaf_value=-0.10121406727068689 -0.100847698570844 -0.10247565101492165 0.095032676955227685 0.092504369784222024 -0.10323919167268594 -0.080822836358627706 -0.10037589493861046 -0.02449446467844512 -0.10175521975995477 0.060053931904312123 0.06879341054109718 0.074804418178940069 0.084485839177991198 -0.10394184976768316 -0.10283412741593423 -0.10751254959284971 0.094501511487763437 -0.11081542380416368 -0.014057747319590717 -0.087475825498876225 -0.10493173297186556 0.085724171552991751 -0.10738751106775186 -0.10447797389853203 -0.10405936194694132 0.05162521606658093 0.054016679972576156 0.063623401186158987 0.038100438664376686 0.056685426601866457
leaf_weight=0.88351052986399981 0.28364876506384717 0.25270281512348347 1.0910675953782627 0.18921940540894866 0.15904293108905854 0.3822428414277973 0.077239354213816114 0.72142722312128071 0.6874815157498223 0.73447749888873382 1.2016323216084854 0.73213505637249987 0.49020162428496294 0.25564983415824638 0.8756154803559183 0.42890509788412601 0.15343964006751776 0.5265727937803607 0.55581955861998844 0.60225871420698229 0.4087138441245769 1.1930188761325551 0.29135105050227172 0.26966273010475628 0.4228964403446297 0.32471261061436962 0.15623058538767509 1.321840160351712 0.74475736130261794 1.549553494871361
leaf_count=1574 420 88 47 4 69 354 114 29 106 20 66 31 36 86 365 94 2 36 34 49 71 22 28 37 83 88 12 37 38 36
internal_value=-0.00156498 0.00306564 0.0578902 -0.0692828 -0.00169558 0.000155968 0.0365935 0.00224638 0.00339168 -0.00120319 0.0337969 0.00453936 -1.08792e-05 -0.00418413 -0.0411878 0.00913964 -0.0542847 0.00417593 -0.0172302 -0.00217185 0.0170675 0.0210347 0.0280287 0.00763544 0.0185023 -0.0364401 -0.0609759 0.0360841 0.000198898 0.0380092
internal_weight=17.967 16.8171 1.34377 1.14997 15.4733 15.1896 0.266459 14.8074 14.6484 12.7253 1.92306 12.0378 11.3057 10.5712 1.94816 1.07255 0.582345 8.62304 3.79915 3.27258 2.67032 4.82389 4.56824 3.37522 3.08387 0.747609 0.564944 2.33626 1.01442 2.10537
internal_count=4076 2384 135 1692 2249 1829 118 1475 1406 1311 95 1205 1174 1154 497 132 96 657 238 202 153 419 333 311 283 171 83 112 75 70
is_linear=0
shrinkage=0.1


Tree=67
num_leaves=31
num_cat=0
split_feature=4 3 7 2 7 7 10 8 6 4 3 19 2 2 2 2 18 13 9 17 13 17 17 10 19 5 12 17 17 13
split_gain=0.5085 0.42373 0.248657 0.370683 0.284234 0.261741 0.22942 0.600783 0.32503 0.383061 0.318874 0.294082 0.405787 0.42374 0.333303 0.287332 0.266375 0.253073 0.530525 0.266926 0.365094 0.332302 0.553141 0.343269 0.283998 0.325159 0.243631 0.228229 0.212044 0.589531
threshold=5.0742750870769691e-11 0.16971249701348964 0.10719780800952299 2.6540221793864611e-10 0.12117186999913314 0.13257460872202437 3.1540213823318486 3.5254974852732161e-10 3.8953565748840171e-10 1.3493168844025565e-10 0.073252157882667632 0.99064403772354137 1.1516352567361596e-10 1.0725811006407804e-10 5.7336093068346603e-10 4.6703770140249782e-10 0.64799505070021224 1.9176855087280276 0.064708763001716629 0.13350053267045456 1.3554862737655642 0.13150301846590912 0.12282492897727275 2.8557490110397343 2.8598670959472661 0.037652880911582511 0.3812157958745957 0.055619673295454551 0.099054509943181837 1.5858708620071413
decision_type=2 2 2 2 2 2 2 2 2 2 2 2 2 2 2 2 2 2 2 2 2 2 2 2 2 2 2 2 2 2
left_child=-1 2 6 4 -4 -6 7 8 9 11 15 12 13 -2 -14 -8 -9 19 -19 21 -21 22 24 -24 28 -26 -22 -11 -13 -30
right_child=1 -3 3 -5 5 -7 10 16 -10 27 -12 17 14 -15 -16 -17 -18 18 -20 20 26 -23 23 -25 25 -27 -28 -29 29 -31
leaf_value=-0.10011553821949826 -0.1086430018049056 0.10006975418111906 -0.10160061144964437 -0.10222757390405993 0.058623861657669668 -0.10561683000224456 -0.10681460107615837 -0.10423710491404817 0.055882734628169894 0.059012476229610811 0.042745362345512149 0.072005283815811158 -0.10361774972474283 0.084861529180191478 0.10046881914644266 0.073634329772022958 0.086316964545265468 -0.10705249241874551 0.044365198316214501 0.090069873339342577 -0.10342485106544799 0.085212865963426046 -0.10792662510414118 0.053826333713620958 -0.070595243366030666 0.043515090097105573 0.047201429698846095 -0.10447381849634865 0.081963252224683772 -0.023503857514804934
leaf_weight=0.50785029692633799 0.1603808866057006 0.4247016981244095 0.2109651146602125 0.58324792195344344 0.57627187311300077 0.1166767094982788 0.29062371999316328 0.74518302550859594 1.0485432811547077 0.10183088900521475 2.3782220106659224 1.3670550097594971 0.77033855335321277 0.38440832181368023 0.089298427104949951 0.12671687618421856 0.081370004627387971 0.51271961435850233 0.42171981296269223 0.17817693081451569 0.50891077177948318 0.77455423981882621 0.52650321077089746 0.17474309340468608 0.55233218683861174 0.45577744767069817 0.13609935148269869 0.52888707087549847 0.92750583583256263 1.2366367205686399
leaf_count=1548 88 32 117 500 77 54 77 297 40 10 148 30 315 19 1 32 5 96 51 6 203 17 69 8 42 7 33 82 14 58
internal_value=-0.00156666 0.00148684 -0.00113555 -0.040075 2.88454e-05 0.0309695 0.00286411 -0.00329349 0.00296362 -0.00269387 0.0285974 0.00248709 -0.039626 0.0278956 -0.0824174 -0.052025 -0.085478 0.0100964 -0.0387165 0.0167665 -0.03664 0.0240754 0.0150393 -0.0676195 0.0278087 -0.0190047 -0.0716422 -0.0780786 0.0411732 0.0216971
internal_weight=16.8983 16.3904 15.9657 1.48716 0.903914 0.692949 14.4785 11.683 10.8564 9.80788 2.79556 9.17716 1.40443 0.544789 0.859637 0.417341 0.826553 7.77273 0.934439 6.83829 0.823187 6.01511 5.24055 0.701246 4.53931 1.00811 0.64501 0.630718 3.5312 2.16414
internal_count=4076 2528 2496 748 248 131 1748 1491 1189 1149 257 1057 423 107 316 109 302 634 147 487 242 245 228 77 151 49 236 92 102 72
is_linear=0
shrinkage=0.1


Tree=68
num_leaves=31
num_cat=0
split_feature=5 3 18 1 4 4 12 17 15 13 19 3 3 17 1 3 2 14 5 5 5 9 4 2 2 5 2 8 17 2
split_gain=0.472591 0.373078 0.321158 0.250998 0.50801 0.249443 0.224691 0.215696 0.192487 0.468228 0.289489 0.328813 0.277295 0.284617 0.595479 0.271601 0.473902 0.354613 0.361516 0.386462 0.431891 0.343185 0.297224 0.59198 0.456289 0.373175 0.563501 0.289121 0.214928 0.205893
threshold=0.026291591781486937 0.16971249701348964 0.40092023954176431 0.50960948109586879 4.3823993662351793e-10 5.3094337421729198e-11 0.57091164588928234 0.071133700284090925 6.1614307924173786e-05 2.0138945579528813 2.4252033233642583 0.13067473720221698 0.113723186237098 0.094948508522727279 0.30783822187224053 0.09571364593728017 3.5787941033155955e-10 0.021461897529661659 0.031408495556944187 0.03187447057498214 0.033279429983362661 0.042682368337656686 8.0057413921784037e-11 1.2214235930873302e-10 1.1402011604842722e-10 0.034792237288990009 1.7387014044826563e-10 2.9186720854165119e-10 0.10344904119318184 8.2914228615840496e-10
decision_type=2 2 2 2 2 2 2 2 2 2 2 2 2 2 2 2 2 2 2 2 2 2 2 2 2 2 2 2 2 2
left_child=2 3 -1 4 5 -2 7 -7 9 12 11 29 13 -9 15 16 17 18 -15 -20 -21 28 23 24 -22 -24 -27 -28 -17 -10
right_child=1 -3 -4 -5 -6 6 -8 8 10 -11 -12 -13 -14 14 -16 21 -18 -19 19 20 22 -23 25 -25 -26 26 27 -29 -30 -31
leaf_value=-0.1010238385295642 -0.1007105145726265 0.10006310918113906 0.034919763667403812 0.071137072950267458 -0.10291050870282466 -0.10241775782874457 -0.1021422815523821 0.049868074038149128 -0.10494430188170992 -0.078126793500278652 0.059972710429646518 0.10044169496982061 -0.10599270471450327 -0.1016135190387447 -0.10642242904868045 0.047012095605786973 -0.1083295427898629 0.065232116441343913 0.080656720646127861 -0.10465579843894667 -0.10593899492301587 0.058285778411946654 0.084690822337155164 -0.10429111018120124 0.066213243373778985 0.073432653771492773 -0.10873751608909279 0.01880664781867486 -0.11024765524750263 0.03484023543902872
leaf_weight=0.74291541823186058 0.235145582395483 0.38431020732969123 0.22684309989563189 0.48298110972973596 0.48348078574054021 0.18509831302799007 0.1995317584951416 1.4460819651139853 0.33940054665435981 0.6997385170398055 1.4047625488747142 0.16810637712478638 0.21486215933691788 0.3613643469725466 0.47905629809247408 0.14298500106087919 0.39477179147070263 0.83330923352332309 0.55260571427061211 0.41869911011599503 0.20398855084204137 1.7113528687623327 0.73214660480152849 0.63379246526164934 0.62780171248596162 0.53931673237821065 0.46893888479098678 0.28619897103635594 0.22159415076021105 0.15281477435200941
leaf_count=1574 420 32 118 30 314 33 230 31 64 79 73 2 46 239 52 7 49 76 23 62 127 65 13 137 34 29 32 23 41 21
internal_value=-0.00156756 0.00280525 -0.0692243 0.000248656 -0.00217321 0.00139399 0.00318329 0.00477313 0.0062954 0.00102238 0.0343028 -0.020307 0.00641574 0.008818 0.00192182 0.00830685 -0.00239786 0.00499303 -0.00541097 0.00237759 -0.00868321 0.0395193 0.00282353 -0.0314827 0.0239946 0.0276328 -0.00463929 -0.060398 -0.0485717 -0.0615463
internal_weight=15.974 15.0042 0.969759 14.6199 14.1369 13.6535 13.4183 13.2188 13.0337 10.9686 2.06508 0.660322 10.2689 10.054 8.60792 8.12887 6.05293 5.65816 4.82485 4.46349 3.91088 2.07593 3.49218 1.46558 0.83179 2.0266 1.29445 0.755138 0.364579 0.492215
internal_count=4076 2384 1692 2352 2322 2008 1588 1358 1325 1165 160 87 1086 1040 1009 957 844 795 719 480 457 113 395 298 161 97 84 55 48 85
is_linear=0
shrinkage=0.1


Tree=69
num_leaves=31
num_cat=0
split_feature=4 3 12 2 3 4 5 19 7 5 5 18 13 12 10 5 6 5 10 3 17 2 2 13 18 17 0 3 17 2
split_gain=0.418102 0.347921 0.215786 0.179691 0.178299 0.198137 0.164426 0.336443 0.395706 0.280079 0.240219 0.196238 0.245244 0.18153 0.242715 0.435087 0.603016 0.514376 0.390202 0.320919 0.313109 0.279031 0.382568 0.289695 0.286282 0.270735 0.339476 0.369733 0.321196 0.251816
threshold=5.0742750870769691e-11 0.16971249701348964 0.57091164588928234 4.0999031243561462e-09 0.13909685373941569 7.4050446434831414e-10 0.041886386975833446 2.1112518310546879 0.029629199529156301 0.039795240931108651 0.039629783939431729 0.28402147365903313 2.0001097321510319 0.45817209780216223 3.1540213823318486 0.034792237288990009 2.600395808572263e-10 0.034350309739932354 2.8259247541427617 0.073413649031107767 0.14397638494318185 1.1144471703190577e-10 1.6588983199664192e-10 1.621868968009949 0.25777936256913986 0.1141690340909091 9.897506751992515e-10 0.0789811668668461 0.13425514914772732 2.8318637608098926e-10
decision_type=2 2 2 2 2 2 2 2 2 2 2 2 2 2 2 2 2 2 2 2 2 2 2 2 2 2 2 2 2 2
left_child=-1 2 3 4 5 6 9 8 -8 10 13 12 -9 14 15 17 -17 20 -18 -16 21 -2 -23 24 -24 26 -25 -28 -27 -29
right_child=1 -3 -4 -5 -6 -7 7 11 -10 -11 -12 -13 -14 -15 19 16 18 -19 -20 -21 -22 22 23 25 -26 28 27 29 -30 -31
leaf_value=-0.10010156831070056 0.075365241103775515 0.10005709979505678 -0.10170234349265675 -0.10373613267668043 0.073625770614597366 -0.1022603428945202 0.095870753999772226 -0.051777953156972825 -0.10491062108607903 -0.082891616864944465 0.071412309705111227 0.070526638873435854 0.057634370018356688 -0.10102190486361202 -0.055359058076832758 -0.10850116043236131 0.061721435493989285 0.065260699829611385 -0.10313089839849941 0.043509897656762296 -0.10216826674561913 -0.10369632146359867 -0.033925497640955191 -0.10646624268196887 0.081726134053880226 -0.10425681072155973 -0.10289317683677351 0.095509345871760715 0.035078420016151128 0.0068311073163049634
leaf_weight=0.41884949716040942 0.39708179826264345 0.34775807615369636 0.21039220484090115 0.16399732014542756 0.33499094168655652 0.18767937195662021 0.13573033540160517 0.38634100754279632 0.35459823338896967 0.43252543076232619 0.4415282428381041 1.1233963920967651 0.43612918980943505 0.18902649410301897 0.39699600014137137 0.94220335004501954 0.49693716387264431 1.0532281399355268 0.20192465139552951 1.8973615529539527 0.35547295829019265 0.41306274247472163 0.31597281733411398 0.25071039129397865 0.6634647021710407 0.60868481974466693 0.2178520335437496 0.48510412365430944 0.22719572768255603 0.94212022678402718
leaf_count=1548 18 32 333 76 10 122 6 31 71 67 12 23 12 168 79 220 29 39 38 118 351 135 40 60 20 182 83 15 74 64
internal_value=-0.00159292 0.00123129 -0.00117848 0.000326677 0.00155557 -0.000225885 0.00120698 0.0246995 -0.0493313 -0.00403003 -0.000780235 0.0433542 0.00623984 -0.00395049 -0.00209055 -0.0107252 -0.0562946 0.00188576 0.0140901 0.0264025 -0.0118014 -0.00469647 -0.0124049 -0.0022438 0.0444162 -0.0189737 0.00193061 0.0184503 -0.0663849 0.0369723
internal_weight=15.0283 14.6095 14.2617 14.0513 13.8873 13.5523 13.3646 2.4362 0.490329 10.9285 10.4959 1.94587 0.82247 10.0544 9.86537 7.57102 1.64107 5.92995 0.698862 2.29436 4.87672 4.52125 4.12417 3.7111 0.979438 2.73167 1.89579 1.64508 0.835881 1.42722
internal_count=4076 2528 2496 2163 2087 2077 1955 143 77 1812 1745 66 43 1733 1565 1368 287 1081 67 197 1042 691 673 538 60 478 222 162 256 79
is_linear=0
shrinkage=0.1


Tree=70
num_leaves=31
num_cat=0
split_feature=5 3 18 1 4 4 17 7 2 7 9 0 0 10 0 10 14 3 0 13 18 5 4 13 2 19 19 7 13 9
split_gain=0.385282 0.306602 0.273587 0.212022 0.422194 0.210397 0.180097 0.16794 0.267211 0.221025 0.175713 0.363895 0.36739 0.408052 0.319609 0.299335 0.472192 0.643864 0.363947 0.314414 0.289213 0.277244 0.336752 0.484474 0.24151 0.239848 0.37466 0.222805 0.270775 0.179024
threshold=0.026291591781486937 0.16971249701348964 0.40092023954176431 0.50960948109586879 4.3823993662351793e-10 5.3094337421729198e-11 0.071133700284090925 0.10719780800952299 2.6540221793864611e-10 0.12117186999913314 0.11987994700082019 2.3674065586095001e-09 1.9644456917374368e-09 2.9608497619628911 1.7370353905254989e-09 2.7237545251846318 0.0094402036629617232 0.066600190758836011 6.3214253447879057e-10 1.4169341921806338 0.57066242628603847 0.035200079964334399 1.1493914217109024e-10 2.2112821340560918 2.6092005120965179e-10 0.99064403772354137 0.3471894264221192 0.028257423326120006 1.5289217233657839 0.058801985896029328
decision_type=2 2 2 2 2 2 2 2 2 2 2 2 2 2 2 2 2 2 2 2 2 2 2 2 2 2 2 2 2 2
left_child=2 3 -1 4 5 -2 -7 10 9 -9 11 12 13 14 15 16 20 29 19 -17 24 22 -12 -24 25 26 -8 -27 -29 -18
right_child=1 -3 -4 -5 -6 6 7 8 -10 -11 21 -13 -14 -15 -16 18 17 -19 -20 -21 -22 -23 23 -25 -26 27 -28 28 -30 -31
leaf_value=-0.10086040662655323 -0.10066227212579111 0.10005166182021728 0.031978013716322466 0.068533834152933168 -0.10241543392078681 -0.10215257722644228 0.071340439757019189 -0.10153194537181952 -0.10226556183382639 0.030144611943454337 0.063477142210325951 -0.10446070266843875 0.06604114972368523 -0.077934956122274288 -0.11017194179169119 0.10053569235088618 -0.10251790724623772 -0.10391021920319919 0.063141251663289683 -0.10693984423946659 -0.065612800985148115 0.083306589018317168 -0.10891261858123176 0.0728559519068879 -0.032003403881771308 0.095385761187118071 -0.10584957850721995 0.069218069211947092 -0.029342433252885422 0.0639165776989922
leaf_weight=0.62213542709651015 0.19975331480963454 0.31468075513839799 0.20650387564091943 0.43834538944065649 0.4069217630967622 0.16125823478796419 0.22401876257208408 0.16270739493484032 0.36915783751464915 0.58869007157045417 0.53932133980560937 0.3091316944628496 0.90985250860103395 0.63507757095794648 0.22981518063170359 0.10190069675445546 0.076388327361200714 0.88854212893784279 1.5981388347427126 0.25790298014180735 0.38220433861715708 0.74340084973664478 0.40972771267115604 0.22835849897819571 0.56814124336233351 0.82606886603753071 0.25535975497041363 0.65348758250183869 0.48607418817118742 0.4198114159371471
leaf_count=1574 420 32 118 30 314 33 21 91 290 96 67 39 27 95 14 1 38 291 74 78 18 27 43 12 29 15 67 21 35 66
internal_value=-0.00158577 0.00251093 -0.067756 0.000162408 -0.00221031 0.00112531 0.00281622 0.00424307 -0.0325966 0.00163141 0.00808576 0.00211808 0.00598836 -0.00119823 0.00579585 0.00975118 -0.00373825 -0.0529535 0.0426841 -0.0481803 0.0163334 0.0354942 0.00530601 -0.0438612 0.0267279 0.0403752 -0.0230468 0.0558425 0.0271776 0.0382945
internal_weight=14.2129 13.3842 0.828639 13.0696 12.6312 12.2243 12.0245 11.8633 1.12056 0.751397 10.7427 8.82192 8.51278 7.60293 6.96785 6.73804 4.7801 1.38474 1.95794 0.359804 3.39535 1.92081 1.17741 0.638086 3.01315 2.44501 0.479379 1.96563 1.13956 0.4962
internal_count=4076 2384 1692 2352 2322 2008 1588 1555 477 187 1078 929 890 863 768 754 601 395 153 79 206 149 122 55 188 159 88 71 56 104
is_linear=0
shrinkage=0.1


Tree=71
num_leaves=31
num_cat=0
split_feature=4 3 7 12 2 10 8 14 17 19 7 13 6 19 2 1 5 6 9 19 19 18 18 18 3 15 13 5 15 4
split_gain=0.344481 0.285374 0.194462 0.150461 0.152061 0.159039 0.470259 0.257605 0.320976 0.312458 0.265285 0.235789 0.304392 0.246941 0.370285 0.234871 0.201214 0.406751 0.265012 0.242672 0.361151 0.193521 0.174743 0.214016 0.578286 0.305017 0.388626 0.321356 0.173834 0.357955
threshold=5.0742750870769691e-11 0.16971249701348964 0.13257460872202437 0.57091164588928234 4.0999031243561462e-09 3.1540213823318486 3.5254974852732161e-10 0.015452877618372442 0.14397638494318185 4.2143588066101083 0.098471897230465691 2.0138945579528813 2.6808521307003686e-10 0.99064403772354137 1.1516352567361596e-10 0.3988898005772879 0.034122098390002527 5.0221210973411495e-10 0.14815073698277348 2.4956868886947636 1.3277488946914675 0.64799505070021224 -0.20074696174230086 0.080962517309341245 0.0694620449066643 3.726881732291077e-05 1.6162637472152712 0.034792237288990009 4.2267078242730356e-05 1.0253673971289603e-10
decision_type=2 2 2 2 2 2 2 2 2 2 2 2 2 2 2 2 2 2 2 2 2 2 2 2 2 2 2 2 2 2
left_child=-1 2 3 4 5 6 7 8 9 10 11 13 -13 14 -2 -16 17 18 -7 20 -18 -8 -15 24 -24 26 27 -25 -27 -30
right_child=1 -3 -4 -5 -6 16 21 -9 -10 -11 -12 12 -14 22 15 -17 19 -19 -20 -21 -22 -23 23 25 -26 28 -28 -29 29 -31
leaf_value=-0.10009045017674381 0.049153741995780466 0.10004674696517933 -0.10284267620200682 -0.10187075826895756 -0.1030393892886798 0.06292741993723848 -0.10293794191527346 0.061318032404978212 -0.10269767163715229 -0.1034813716992302 -0.10317165401492084 -0.10474902103020096 0.014091104764788705 0.080078575050102185 -0.10305829648690386 0.10033350239865164 0.091757965488768745 -0.10245086838325806 -0.05317950385215179 0.071158582459085504 -0.10407235782635323 0.075846850326862655 0.056977348763242834 0.052254189926135189 -0.10474926279301239 0.075490664003929189 -0.10659809486704126 -0.047376377189820497 -0.048131410947271955 0.064953053064229799
leaf_weight=0.34578127435816064 0.3488168733019722 0.28474819939583618 0.18539754387165963 0.14243364347203247 0.13761344631348116 0.64684569498058342 0.59510599232453465 0.68894603177614122 0.30682647330831958 0.27332862111506973 0.21876897443144105 0.39788606396905368 0.47026579044177197 0.4909035200253048 0.52265170012833551 0.063694745302200317 0.16410891324630927 0.32418795907869935 0.28241327498108149 1.1438921499939168 0.22098550311056897 0.067400340165477246 0.42548686100054389 0.91567281604511641 0.46025980166450609 1.2656106734066273 0.30990770830248937 0.50080770839122124 0.44964410505781394 0.7415330531221116
leaf_count=1548 29 32 329 116 69 53 348 101 299 69 48 105 41 14 211 1 9 178 16 52 48 8 22 32 66 58 57 40 55 22
internal_value=-0.00157569 0.00103539 -0.00117387 0.000324945 0.00149566 0.00266559 -0.00348494 0.00259777 -0.00235871 0.00156054 0.00534731 0.00857156 -0.040375 0.015114 -0.0324299 -0.0809639 0.0236951 -0.00600552 0.0276411 0.0480433 -0.0206188 -0.0847492 0.0231109 0.0175938 -0.0270605 0.0270489 -0.00516355 0.017029 0.0496846 0.0222661
internal_weight=13.3919 13.0461 12.7614 12.576 12.4336 12.296 9.51352 8.85101 8.16207 7.85524 7.58191 7.36314 0.868152 6.49499 0.935163 0.586346 2.78243 1.25345 0.929259 1.52899 0.385094 0.662506 5.55983 5.06892 0.885747 4.18318 1.72639 1.41648 2.45679 1.19118
internal_count=4076 2528 2496 2167 2051 1982 1626 1270 1169 870 801 753 146 607 241 212 356 247 69 109 57 356 366 352 88 264 129 72 135 77
is_linear=0
shrinkage=0.1


Tree=72
num_leaves=31
num_cat=0
split_feature=5 19 4 4 18 19 1 3 18 2 19 2 5 7 9 19 7 18 10 14 9 9 18 18 17 1 15 13 19 19
split_gain=0.315948 0.26309 0.333886 0.326017 0.360745 0.38957 0.242679 0.303996 0.233458 0.23273 0.222285 0.224844 0.198902 0.289392 0.316065 0.17226 0.41909 0.29015 0.173086 0.274152 0.290932 0.404119 0.182011 0.15884 0.25395 0.43019 0.252239 0.317146 0.259191 0.151114
threshold=0.026291591781486937 0.48823061585426336 5.8357398873030629e-11 1.8208736793561285e-10 0.071999208028004941 3.6886004209518437 0.37497274225469729 0.07036760975139994 0.40092023954176431 1.0725811006407804e-10 0.90112340450286876 5.7336093068346603e-10 0.046279090444158365 0.10719780800952299 0.19944862071357122 3.7302103042602544 0.074637751064135213 0.64799505070021224 3.1540213823318486 0.012333159334957601 0.071885383673824341 0.086823535674230609 0.3262549102219055 -0.1120971881001341 0.099054509943181837 0.2983176982758487 4.1806510125752545e-05 1.5072732567787173 1.9597042202949526 1.7303653359413149
decision_type=2 2 2 2 2 2 2 2 2 2 2 2 2 2 2 2 2 2 2 2 2 2 2 2 2 2 2 2 2 2
left_child=8 6 -3 10 5 -5 7 9 -1 -2 11 -4 13 15 -15 18 -17 -18 19 23 -21 22 -22 -12 -25 26 27 -26 -29 -10
right_child=1 2 3 4 -6 -7 -8 -9 29 -11 12 -13 -14 14 -16 16 17 -19 -20 20 21 -23 -24 24 25 -27 -28 28 -30 -31
leaf_value=-0.10071761735714778 -0.1003046574864241 -0.10159394771673223 -0.10427859311379151 -0.075179032963017589 -0.09494241253167672 0.075723909652638366 0.099945751451289311 -0.093636413453193346 0.090146110459779299 0.085514977455044758 0.078061814209825775 0.10027129616234727 0.061862060151121251 -0.10268705584267267 0.095801686602205186 -0.10933874036969611 -0.048602104650254253 0.09489004733402151 0.050236389339694355 -0.10544151435628624 -0.028770647259573564 -0.10353852966576436 0.087985864061596739 0.049915840097596226 0.044859720915590838 -0.106052567867159 0.071438036829076221 0.0092766809211637016 -0.10775838874709059 -0.10031407653421148
leaf_weight=0.52322564061614762 0.081857027893419199 0.33031793643021856 0.30576789745100441 0.31464912796945899 0.70267223999326234 0.3749255561051541 0.50106280361069366 0.20462566145579331 0.12889337027445436 0.3816748841345543 0.44478918873937212 0.065196248702704906 0.69907003272965074 0.42746834521676635 0.098758247622754425 0.38258979746024113 0.27025994569703471 0.29444864293327555 1.2693944279308196 0.37711544494959504 0.20718020910862833 0.25958191329846159 0.37551808705029543 1.297345795377628 0.59894882197841093 0.35862812398408994 0.53654747159453098 0.35868949347059242 0.40053267037001206 0.061550851285574026
leaf_count=1574 191 391 131 222 347 92 31 181 4 29 15 2 25 162 6 59 47 6 43 57 38 93 15 39 37 33 14 41 37 114
internal_value=-0.00158194 0.00228767 -0.00261189 0.000525859 -0.0445162 0.00686773 0.0473366 0.00788417 -0.0662116 0.0527003 0.00747213 -0.0683293 0.0107204 0.00622772 -0.0654362 0.0113022 -0.0285304 0.0262171 0.0171214 0.00906066 -0.0324429 0.000240828 0.0464727 0.0217273 0.0146704 -0.00562193 0.0133874 -0.00954565 -0.0524659 0.0285901
internal_weight=12.6333 11.9196 10.7504 10.4201 1.39225 0.689575 1.16922 0.668158 0.71367 0.463532 9.02783 0.370964 8.65687 7.9578 0.526227 7.43157 0.947298 0.564709 6.48427 5.21488 1.2194 0.84228 0.582698 3.99548 3.55069 2.25335 1.89472 1.35817 0.759222 0.190444
internal_count=4076 2384 1952 1561 661 314 432 401 1692 220 900 133 767 742 168 574 112 53 462 419 203 146 53 216 201 162 129 115 78 118
is_linear=0
shrinkage=0.1


Tree=73
num_leaves=31
num_cat=0
split_feature=5 3 18 7 4 19 4 19 18 3 6 7 6 7 18 14 12 19 8 8 19 8 9 9 12 14 12 2 8 19
split_gain=0.28415 0.242281 0.211719 0.161759 0.161347 0.167939 0.373639 0.248915 0.197627 0.187168 0.173995 0.433165 0.28763 0.500108 0.19606 0.15066 0.413749 0.29807 0.234471 0.286245 0.335756 0.424034 0.275017 0.214819 0.28309 0.25459 0.247155 0.457507 0.187918 0.212845
threshold=0.026291591781486937 0.16971249701348964 0.40092023954176431 0.13257460872202437 5.3094337421729198e-11 0.48823061585426336 4.3823993662351793e-10 0.90112340450286876 0.09424211067909545 0.13909685373941569 3.7132891609267512e-11 0.022387357546960463 5.876834472304105e-11 0.046591986859455155 0.64799505070021224 0.0094402036629617232 0.28505116701126104 1.4635564684867861 1.4731526950017716e-10 1.7100355616545739e-10 2.1112518310546879 6.4049545194725917e-10 0.065531183422065847 0.081243872809984671 0.3660047054290772 0.011557305231690409 0.39422464370727545 3.2546827348505457e-10 7.3108434186093854e-10 0.92106446623802196
decision_type=2 2 2 2 2 2 2 2 2 2 2 2 2 2 2 2 2 2 2 2 2 2 2 2 2 2 2 2 2 2
left_child=2 3 -1 4 -2 8 7 9 -6 -7 -9 -12 -13 -14 15 -15 17 -17 -18 -20 21 -21 -22 -24 25 -25 -26 -28 -23 -30
right_child=1 -3 -4 -5 5 6 -8 10 -10 -11 11 12 13 14 -16 16 18 -19 19 20 22 28 23 24 26 -27 27 -29 29 -31
leaf_value=-0.10065461631911235 -0.10053725438094777 0.10004117039985319 0.028134928226539669 -0.10235821513472208 0.061062182035323501 -0.10341044821343992 -0.10206037565258984 0.092374364598608705 -0.10237382802320064 0.10027288391456829 -0.11183551639318774 0.070117550827899736 -0.10444912831850223 0.037884308962320874 0.069266542957583069 0.023248120248624663 -0.10626020605609186 -0.10412320508335099 0.076186754944906121 -0.10349511863825851 -0.10675066962705936 0.09449031411059812 0.066627374020949731 0.10039588211562778 0.072883067481428532 -0.10280422294951615 0.04155249267516483 -0.10658237881021899 0.10039997906154992 -0.10420369791727489
leaf_weight=0.47371544018096834 0.15318387106526188 0.24716002400964576 0.17472318741783965 0.15246951140579845 0.77131687165092344 0.333189983146437 0.35182179482944853 0.22853469452820618 0.081836243793077301 0.052180346101522446 0.31147872708970581 0.69015204269089547 0.41210222717927525 1.1246894037467425 0.49896199937211339 0.26326863348367613 0.17022177619946877 0.60811233587446623 0.62657002963533148 0.56938562128925674 0.16291557028307613 0.21352386509533972 0.92786973311740473 0.075516052544117307 0.68932812656566944 0.33600531830597902 0.65519234751991462 0.30579642889642855 0.076290488243103027 0.15243170411122264
leaf_count=1574 420 32 118 309 184 180 214 4 46 1 12 29 82 52 31 19 69 94 30 150 15 9 47 1 40 97 69 90 1 57
internal_value=-0.00158518 0.00212766 -0.065952 -7.34978e-05 0.00136493 0.00282533 -0.000866375 0.00288766 0.0453851 -0.0758311 0.00622188 0.00400213 0.00821801 0.00278854 0.00871563 0.00437294 -0.00208919 -0.0656408 0.0090733 0.0131712 0.00368963 -0.0464369 0.0197745 0.0266692 0.00868713 -0.0655161 0.0271904 -0.00558553 0.0270247 -0.035958
internal_weight=11.8899 11.2415 0.648439 10.9943 10.8419 10.6887 9.83554 9.48372 0.853153 0.38537 9.09835 8.86981 8.55833 7.86818 7.45608 6.95712 5.83243 0.871381 4.96105 4.79083 4.16426 1.01163 3.15262 2.98971 2.06184 0.411521 1.65032 0.960989 0.442246 0.228722
internal_count=4076 2384 1692 2352 2043 1623 1393 1179 230 181 998 994 982 953 871 840 788 113 675 606 576 217 359 344 297 98 199 159 67 58
is_linear=0
shrinkage=0.1


Tree=74
num_leaves=31
num_cat=0
split_feature=4 3 12 14 9 7 6 8 2 17 3 18 19 4 0 18 13 0 7 6 15 7 7 5 3 2 9 8 5 11
split_gain=0.257908 0.225184 0.151832 0.124536 0.169256 0.341989 0.194376 0.248467 0.229457 0.218965 0.2084 0.187655 0.180809 0.307628 0.236569 0.280216 0.227815 0.433071 0.31007 0.234184 0.278104 0.262209 0.236849 0.236866 0.181519 0.198629 0.143973 0.33916 0.156827 0.156299
threshold=5.0742750870769691e-11 0.16971249701348964 0.57091164588928234 0.0052034186664968738 0.0078141945104628491 0.022387357546960463 5.876834472304105e-11 6.8043224908945185e-11 1.1858458028666459e-10 0.10642311789772728 0.064982450139760242 0.64799505070021224 0.48823061585426336 4.3823993662351793e-10 4.4021626860284163e-10 0.39459394826553768 1.6450549960136416 7.9664713438699029e-10 0.050852743960693746 2.113498321389474e-10 4.8559857532382018e-05 0.069148088485664019 0.10719780800952299 0.048402366067695039 0.073252157882667632 4.6703770140249782e-10 0.11987994700082019 3.5254974852732161e-10 0.031196635103069834 3.7051783863262248e-09
decision_type=2 2 2 2 2 2 2 2 2 2 2 2 2 2 2 2 2 2 2 2 2 2 2 2 2 2 2 2 2 2
left_child=-1 2 3 -2 -5 -6 9 8 -8 -7 -11 12 -9 14 15 -14 -16 -18 -19 -20 -21 -22 24 -24 25 -23 27 -26 29 -28
right_child=1 -3 -4 4 5 6 7 11 -10 10 -12 -13 13 -15 16 -17 17 18 19 20 21 22 23 -25 26 -27 28 -29 -30 -31
leaf_value=-0.10007991830518247 -0.10306543287723641 0.10003724824648007 -0.10142081195875541 0.089777601877994301 -0.10994358951633523 0.080054305048170918 0.028391137318682032 0.047744407004750238 -0.10450319488324906 0.10039140294497005 -0.10444271821786069 0.063189012607494877 -0.10325544910434624 -0.10184867721947458 0.042033038758557066 0.021046985275672489 -0.10226080905378868 -0.10358574495683814 0.053472931583937566 -0.10400599059966285 -0.10506714403590289 -0.10354715998070195 -0.10236847771746822 0.09635325902890296 0.037568450812829918 0.07491951187265565 0.078255284983847831 -0.10236872586190549 0.089275682697872172 -0.04640519782571649
leaf_weight=0.25983332503528878 0.11579295182309124 0.22364795533940274 0.14949631161289367 0.21142187545774405 0.27833302866929344 0.60500877612503146 0.18793343173456278 0.69495127598201722 0.42091332477139076 0.074668951332569122 0.14835687866434455 0.48290815293148703 0.45775741138641013 0.31785025586941618 1.3202540487836811 0.30035231810325058 0.41686728814238438 0.25160709014744487 0.98249536505318236 0.24799426531535607 0.19806712970603291 0.20303185733791984 0.28945491442573246 0.075658941525034606 0.84487668728979792 0.090011016429343726 0.18641544846468583 0.21785578492563218 0.69584101179498248 0.21842407286021626
leaf_count=1548 38 32 333 16 44 28 15 215 85 1 69 42 291 240 109 59 246 79 76 63 38 72 146 2 48 30 5 50 18 38
internal_value=-0.00161696 0.000728422 -0.00135029 6.97402e-05 0.00121591 -0.000618343 0.00244613 -0.00177398 -0.0634825 0.0488324 -0.0358643 0.00264996 -0.000999939 -0.00563094 -0.00126007 -0.0540086 0.00514962 -0.00475065 0.00427894 0.0106645 -0.0022069 0.00615357 0.013961 -0.0611893 0.0251309 -0.0487294 0.0351356 0.00888191 0.0604841 0.0109969
internal_weight=11.1681 10.9082 10.6846 10.5351 10.4193 10.2079 9.92956 9.10152 0.608847 0.828035 0.223026 8.49267 8.00977 7.31481 6.99696 0.75811 6.23885 4.9186 4.50173 4.25013 3.26763 3.01964 2.82157 0.365114 2.45646 0.293043 2.16341 1.06273 1.10068 0.40484
internal_count=4076 2528 2496 2163 2125 2109 2065 1967 100 98 70 1867 1825 1610 1370 350 1020 911 665 586 510 447 409 148 261 102 159 98 61 43
is_linear=0
shrinkage=0.1


Tree=75
num_leaves=31
num_cat=0
split_feature=4 3 12 0 12 19 0 19 8 7 6 7 18 5 1 6 4 5 13 2 15 11 11 17 8 9 3 13 0 4
split_gain=0.233027 0.204053 0.137022 0.117943 0.119047 0.138989 0.327417 0.230658 0.159019 0.283145 0.219636 0.414517 0.160877 0.152381 0.142006 0.126521 0.191964 0.288666 0.346391 0.19672 0.246527 0.197067 0.196184 0.25985 0.235022 0.318603 0.242312 0.283977 0.203126 0.156422
threshold=5.0742750870769691e-11 0.16971249701348964 0.57091164588928234 2.1591779031540135e-10 0.14317614585161212 0.48823061585426336 3.6467808650536312e-09 0.90112340450286876 1.7371535183922302e-11 0.022387357546960463 5.876834472304105e-11 0.046591986859455155 0.64799505070021224 0.028850266728713627 0.3988898005772879 9.4731854049152807e-11 7.7969445244803494e-11 0.032007876409015174 1.5833843350410464 1.7387014044826563e-10 3.9618573282496079e-05 1.8901871179366485e-09 2.7531081858711563e-09 0.13150301846590912 1.1600399916222833e-10 0.069550354702299436 0.073252157882667632 2.183539986610413 1.4407023298079117e-09 1.1493914217109024e-10
decision_type=2 2 2 2 2 2 2 2 2 2 2 2 2 2 2 2 2 2 2 2 2 2 2 2 2 2 2 2 2 2
left_child=-1 2 3 -2 -5 13 7 14 -9 -10 -11 -12 15 -6 -7 -13 17 18 -17 -18 -21 -22 23 -23 -24 28 27 -27 -26 -28
right_child=1 -3 -4 4 5 6 -8 8 9 10 11 12 -14 -15 -16 16 19 -19 -20 20 21 22 24 -25 25 26 29 -29 -30 -31
leaf_value=-0.10007236296361921 -0.10026795840182401 0.10003370301206196 -0.10128809090871815 -0.10267647122284101 -0.10336791245006144 -0.10310117316685014 -0.10147968558699601 0.09718953089944371 -0.11071899118778816 0.064203472716647642 -0.10351009602806319 0.06073488322625073 0.065282440875980216 0.056418977019348837 0.078643861341865851 0.067034444637146473 0.070577663027534238 -0.10309630545101367 -0.10060805030332221 -0.10469957741803911 0.093918923565332324 -0.10433686229682682 0.096948876445865445 0.020893375093518522 0.027356185585625959 -0.10348435516766014 0.071747682265889762 0.0529643575772763 -0.10444683368085612 0.013997861288551303
leaf_weight=0.23512375984864853 0.11600365513003907 0.20237184921279627 0.13543809542170571 0.10919705804553714 0.065167747234226137 0.29996889326139076 0.3141234070244544 0.18613668403122474 0.21064182135159892 0.61383919461513858 0.35477792817255238 0.36228632544225536 0.44780105045356311 0.70910124806687236 0.050183532090159133 0.34654403861350136 0.45181056350702409 0.42175340907124337 0.19128714927501278 0.20888564272172505 0.24352747263037589 0.36995010700775299 0.29034083732403848 0.30010212415072601 0.16595928237075019 0.31517925023945315 0.66732291552034473 0.18361179133353289 0.39576093736104667 1.5783935689032658
leaf_count=1548 230 32 333 48 35 191 268 4 15 35 107 9 38 117 8 58 37 109 270 37 6 34 5 37 18 130 49 30 50 188
internal_value=-0.00163556 0.000609882 -0.00138125 -2.40128e-05 0.00115612 0.00231968 -0.0011891 0.00245038 0.00580203 0.00370708 0.00675456 0.0019207 0.00731 0.0429702 -0.0770536 0.00331165 -8.18527e-05 -0.0411593 0.00741006 0.00754114 0.00150589 0.00642475 0.00143081 -0.0482489 0.0106863 0.00311104 0.0171549 -0.0458934 -0.0655059 0.0311584
internal_weight=10.5426 10.3075 10.1051 9.96966 9.85365 9.74446 8.97019 8.65606 8.30591 8.11978 7.90913 7.29529 6.94052 0.774269 0.350152 6.49272 6.13043 0.959585 0.537831 5.17084 4.71903 4.51015 4.26662 0.670052 3.59657 3.30623 2.74451 0.498791 0.56172 2.24572
internal_count=4076 2528 2496 2163 1933 1885 1733 1465 1266 1262 1247 1212 1105 152 199 1067 1058 437 328 621 584 547 541 71 470 465 397 160 68 237
is_linear=0
shrinkage=0.1


Tree=76
num_leaves=31
num_cat=0
split_feature=4 3 14 19 15 9 8 0 2 13 17 7 7 9 8 15 11 19 1 5 18 14 9 5 6 9 9 12 4 3
split_gain=0.21058 0.184876 0.126262 0.119699 0.117061 0.112886 0.20867 0.13402 0.320113 0.25939 0.201552 0.178761 0.194536 0.167907 0.217115 0.157089 0.173554 0.150419 0.213481 0.409612 0.260084 0.148805 0.423423 0.21618 0.194919 0.25893 0.249764 0.17338 0.220834 0.167971
threshold=5.0742750870769691e-11 0.16971249701348964 0.027585116215050224 6.2197077274322519 2.5809687031141951e-05 0.19190490702001861 8.9987058968708963e-10 1.2745858053893335e-09 3.5787941033155955e-10 1.8975875973701479 0.078768643465909102 0.099129633681763182 0.12244350737140283 0.11987994700082019 3.5254974852732161e-10 4.9987271268037155e-05 2.3445656527343321e-09 0.91236203908920299 0.30895027131479064 0.032208753770584901 0.25358397965531126 0.0079288976266980189 0.041831298515101117 0.048402366067695039 1.0015219611161383e-10 0.05640587837958367 0.042218785297243967 0.3082509338855744 9.4960209164115321e-11 0.087928405121009565
decision_type=2 2 2 2 2 2 2 2 2 2 2 2 2 2 2 2 2 2 2 2 2 2 2 2 2 2 2 2 2 2
left_child=-1 2 3 4 -2 6 7 8 9 10 -6 15 -13 14 17 16 21 -9 -19 20 -20 29 23 -23 -24 26 -26 -27 -29 -12
right_child=1 -3 -4 -5 5 -7 -8 13 -10 -11 11 12 -14 -15 -16 -17 -18 18 19 -21 -22 22 24 -25 25 27 -28 28 -30 -31
leaf_value=-0.10006551581440576 -0.10202051519416232 0.10003049571008954 -0.10096285985079981 -0.10188040250990769 -0.10278680853204658 0.089945642168572315 -0.079635340570391483 0.082943825882947006 -0.10519551624759958 -0.10180413130853044 0.086474889840999061 -0.10210603754896477 0.02282817231620134 0.057318701695750998 -0.064125032591740613 0.081586863244436647 -0.10301863462092507 0.043872737247689669 -0.10122209706937491 -0.10389265506045814 0.061111825542373967 -0.10368683997857982 0.094478699241371492 0.072317997251739152 0.098611244995861019 0.05415797415494699 -0.10284403841030594 -0.10102387156749382 0.034599843415587223 0.0026468809275438519
leaf_weight=0.21276259248406937 0.10865806094079111 0.18311919411644417 0.12571365559415504 0.11410350949154313 0.1672576178098043 0.14492059007170688 0.31006768136649121 0.31018963450333226 0.3069505199237027 0.23845150719716901 0.51884770285687487 0.28333689754799696 0.22251249327382538 0.86725554187432852 0.37288245487434313 0.33395053495769378 0.13107460337778309 0.87082489946624242 0.12431508800364099 0.38956800810410641 0.47888905541913118 0.45964821081724982 0.31597197770315721 0.082277180736127775 0.076684925064910092 0.94465554484486325 0.3116556628519902 0.19724393337673973 0.30680810532066971 0.44322304829256609
leaf_count=1548 88 32 475 57 39 6 180 31 53 153 21 173 83 65 181 13 47 49 66 40 42 169 25 4 2 55 107 230 16 26
internal_value=-0.00164886 0.000500742 -0.00140613 -7.92328e-05 0.00116736 0.00238482 0.000984931 0.00384035 -0.00605208 -6.28478e-06 0.00505588 0.00895345 -0.0471501 0.0193155 0.00637373 0.0158384 0.0100421 0.0184668 0.00773481 -0.0239641 0.0276562 0.0140944 0.00204202 -0.0769651 0.0219285 0.00944987 -0.063063 0.0288877 -0.018472 0.0478556
internal_weight=9.95382 9.74106 9.55794 9.43222 9.31812 9.20946 9.06454 8.75448 5.34055 5.0336 4.79515 4.62789 0.505849 3.41392 2.54667 4.12204 3.78809 2.17379 1.8636 0.992772 0.603204 3.65702 2.69495 0.541925 2.15302 1.83705 0.388341 1.44871 0.504052 0.962071
internal_count=4076 2528 2496 2021 1964 1876 1870 1690 1216 1163 1010 971 256 474 409 715 702 228 197 148 108 655 608 173 435 410 109 301 246 47
is_linear=0
shrinkage=0.1


Tree=77
num_leaves=31
num_cat=0
split_feature=5 1 3 18 3 3 3 3 13 13 13 10 4 11 2 3 0 5 13 14 13 9 9 6 5 17 17 8 7 12
split_gain=0.191901 0.192485 0.377138 0.163891 0.121927 0.232321 0.132945 0.19923 0.123726 0.163586 0.417583 0.182456 0.153291 0.202682 0.295888 0.2064 0.165637 0.163395 0.262337 0.1446 0.255269 0.408581 0.199759 0.217286 0.20238 0.186549 0.190456 0.162077 0.192297 0.138162
threshold=0.026291591781486937 0.3988898005772879 0.10279808254254774 0.40092023954176431 0.113723186237098 0.16971249701348964 0.11276407542571633 0.10620609861595905 2.2919250726699834 2.1689146757125859 2.0138945579528813 3.5340709686279301 2.7568234219878571e-10 3.3467432158929004e-09 3.028595806808652e-10 0.10390341597499431 1.9644456917374368e-09 0.034122098390002527 1.9129671454429629 0.0079288976266980189 1.5939640402793886 0.025516512308810708 0.041831298515101117 1.0015219611161383e-10 0.048402366067695039 0.13150301846590912 0.13318980823863638 1.4977464513258576e-10 0.067674780156878181 0.36762331426143652
decision_type=2 2 2 2 2 2 2 2 2 2 2 2 2 2 2 2 2 2 2 2 2 2 2 2 2 2 2 2 2 2
left_child=3 4 -3 -1 6 -6 7 8 9 10 11 12 13 14 15 16 19 18 -15 20 21 -2 24 -24 -21 27 -27 28 -25 -28
right_child=1 2 -4 -5 5 -7 -8 -9 -10 -11 -12 -13 -14 17 -16 -17 -18 -19 -20 22 -22 -23 23 25 -26 26 29 -29 -30 -31
leaf_value=-0.10055113101727364 -0.10681862572119244 -0.1011923540596921 0.093757598637642325 0.025808961429265389 -0.1025374443962242 0.10003147976779221 0.094513251081334043 -0.1029410832427171 -0.10125268953597429 0.04854824160933234 -0.10378324824732284 -0.10153859975263889 -0.10194573605939752 -0.065816304024192182 -0.10468885166739583 0.076385705260810538 0.10040479630128288 0.074915068317457659 0.064660832596744808 -0.10300623258296011 0.064840971365389771 0.090602822270281158 0.088912171393760508 -0.10572460394353514 0.075342407555257285 0.082859202978234861 -0.046106867733874672 -0.10323493900235335 0.033830560582644151 0.025519745955232903
leaf_weight=0.34224089943018121 0.28018076821899407 0.12370272825865036 0.50164347370446194 0.14661756050190888 0.27326981668375072 0.071411785669624805 0.1466527840020716 0.18924321554368351 0.11666705698735302 0.70010441253180022 0.38204808875525476 0.160188197831303 0.12756520573748265 0.28307673217204843 0.25971821019265906 0.37239079477149051 0.1539880484342574 0.73312357597751543 0.33819683552428614 0.41232543678052058 0.66104765769705409 0.16750287843751721 0.22230581077019484 0.14824766390665933 0.075234189629554749 0.2701515568915055 0.55008536417153642 0.3576759908683016 0.29564499754633289 0.52759312761190813
leaf_count=1574 74 88 47 118 106 12 14 78 61 54 127 311 74 44 50 18 2 28 27 229 52 17 48 33 2 14 450 66 28 230
internal_value=-0.00165252 0.00169777 0.0551936 -0.0626534 -0.00234463 -0.0605688 0.000185808 -0.00159128 0.000934016 0.00252818 -0.00222506 0.00384102 0.00654795 0.00881366 -0.000908879 0.0050883 -0.0013529 0.0429409 0.0052103 -0.00530186 0.0253539 -0.0329525 -0.0171892 -0.00520498 -0.0754857 -0.0149392 0.00777982 -0.0531411 -0.0127769 -0.011041
internal_weight=9.38984 8.90099 0.625346 0.488858 8.27564 0.344682 7.93096 7.78431 7.59506 7.4784 6.77829 6.39624 6.23605 6.10849 4.75409 4.49437 4.12198 1.3544 0.621274 3.968 1.10873 0.447684 2.85926 2.3717 0.48756 2.1494 1.34783 0.801569 0.443893 1.07768
internal_count=4076 2384 135 1692 2249 118 2131 2117 2039 1978 1924 1797 1486 1412 1313 1263 1245 99 71 1243 143 91 1100 869 231 821 694 127 61 680
is_linear=0
shrinkage=0.1


Tree=78
num_leaves=31
num_cat=0
split_feature=4 3 1 4 5 19 5 12 14 18 0 5 9 8 10 5 6 5 8 19 17 2 2 13 17 0 3 17 7 18
split_gain=0.176425 0.153717 0.34425 0.199614 0.114149 0.213852 0.209745 0.189262 0.158622 0.14144 0.145472 0.130253 0.117802 0.195902 0.143415 0.258269 0.336188 0.288571 0.187462 0.200297 0.181692 0.154242 0.232862 0.159868 0.176896 0.209995 0.21659 0.19865 0.151954 0.177581
threshold=5.0742750870769691e-11 0.12557358794495779 0.37122218131756884 4.3823993662351793e-10 0.041886386975833446 2.1112518310546879 0.039795240931108651 0.45817209780216223 0.0064252284355461606 0.28402147365903313 1.4407023298079117e-09 0.039629783939431729 0.19190490702001861 8.8176458673425986e-10 3.1816707849502568 0.034792237288990009 2.600395808572263e-10 0.034350309739932354 1.7578159615729669e-10 0.51214683055877697 0.14397638494318185 1.1144471703190577e-10 1.6588983199664192e-10 1.621868968009949 0.1141690340909091 9.897506751992515e-10 0.0789811668668461 0.13425514914772732 0.089924825872324185 0.079385683173313751
decision_type=2 2 2 2 2 2 2 2 2 2 2 2 2 2 2 2 2 2 2 2 2 2 2 2 2 2 2 2 2 2
left_child=-1 3 -3 4 6 8 7 11 -6 10 -7 12 13 14 15 17 -17 20 -18 -20 21 -2 -23 -24 25 -25 -27 -26 -16 -30
right_child=1 2 -4 -5 5 9 -8 -9 -10 -11 -12 -13 -14 -15 28 16 18 -19 19 -21 -22 22 23 24 27 26 -28 -29 29 -31
leaf_value=-0.10006033425096872 0.071842509707620406 -0.085377728589138044 0.098879790209712173 -0.10096712640755211 0.094253662779690828 -0.051896334031818196 -0.10400454589371255 -0.10074657918027141 -0.10276733847110789 0.07322148578710562 0.05484248098461493 0.071137979159838327 0.095454903413820458 -0.10293258149683014 0.078975749573263893 -0.104585035044073 0.094344276602718546 0.066463089658550953 0.087898579557898454 -0.10215385758190894 -0.10111255185884818 -0.10219716630313996 0.045991554276377883 -0.10386998800231784 -0.10271750901021184 -0.10210227078832708 0.042878392560876916 0.033321186228226891 0.061332036973988313 -0.044900166574133038
leaf_weight=0.17848386189143717 0.25177656768937362 0.13576773257955288 0.4005236799166596 0.2029722042098 0.052055299805942812 0.24710625670559216 0.21188681284547772 0.19144497295201279 0.190069860262156 0.66443362826248631 0.26420019067154499 0.24850411109946424 0.11956148281024059 0.19659119364223432 0.41466130103799492 0.56697121613979096 0.17014551980537362 0.60448739369167004 0.081616112860501744 0.17298899300658377 0.20153788666357275 0.24800001837138586 0.5621704179211523 0.14726488733140264 0.37370073634156131 0.11790655941149453 0.81738441326160682 0.15059750225918833 0.27833927363099065 0.36202226008754224
leaf_count=1548 18 34 44 327 3 34 82 367 68 21 22 11 14 120 18 216 5 36 9 50 307 134 57 59 180 82 73 74 20 43
internal_value=-0.00164932 0.000382063 0.0522331 -0.00304653 -0.00053305 0.0251715 -0.00614907 -0.00284621 -0.0604091 0.0427954 0.00325731 0.000233286 -0.00278503 -0.00483914 -0.0013466 -0.0091793 -0.0541906 0.00366701 0.0130776 -0.0412307 -0.00955771 -0.00264383 -0.0104029 9.25624e-05 -0.0159656 0.00712499 0.0246015 -0.0636423 0.0318139 0.00127468
internal_weight=8.82517 8.64669 0.536291 8.1104 7.90742 1.41787 6.48956 6.27767 0.242125 1.17574 0.511306 6.08623 5.83772 5.71816 5.52157 4.46655 0.991722 3.47483 0.424751 0.254605 2.87034 2.6688 2.41702 2.16902 1.60685 1.08256 0.935291 0.524298 1.05502 0.640362
internal_count=4076 2528 78 2450 2123 148 1975 1893 71 77 56 1526 1515 1501 1381 1300 280 1020 64 59 984 677 659 525 468 214 155 254 81 63
is_linear=0
shrinkage=0.1


Tree=79
num_leaves=31
num_cat=0
split_feature=5 3 0 7 1 0 15 13 2 18 3 7 19 5 5 5 4 18 18 11 2 0 10 6 5 7 14 13 5 2
split_gain=0.161339 0.139965 0.113096 0.100858 0.0957961 0.193955 0.109606 0.223452 0.194158 0.177894 0.144488 0.134234 0.128442 0.171129 0.107918 0.244585 0.397352 0.205719 0.316023 0.131959 0.130143 0.293405 0.234419 0.228287 0.168152 0.139498 0.253477 0.130049 0.106306 0.123109
threshold=0.022681084575069028 0.16971249701348964 2.1591779031540135e-10 0.13257460872202437 0.50960948109586879 3.6467808650536312e-09 6.1614307924173786e-05 2.0053713321685795 1.6922807901289453e-10 0.010752349234694109 0.113723186237098 0.073957577861366947 4.3190870285034189 0.050956059784542464 0.038008958266814469 0.035874266780674936 1.1974400219804724e-10 0.16277533941055566 -0.06087467161176556 2.5365025635437637e-09 1.8379829378992757e-10 2.8346594665932465e-10 2.1856861114501958 4.637092690589569e-11 0.022780869262697848 0.089560242296233536 0.023650969378650192 1.7466335892677309 0.036363784805474475 3.2546827348505457e-10
decision_type=2 2 2 2 2 2 2 2 2 2 2 2 2 2 2 2 2 2 2 2 2 2 2 2 2 2 2 2 2 2
left_child=-1 2 -2 4 5 6 7 10 -9 -8 12 -11 14 -14 15 16 20 18 -16 -17 21 -4 -22 -23 -25 -24 -27 -19 -13 -30
right_child=1 -3 3 -5 -6 -7 9 8 -10 11 -12 28 13 -15 17 19 -18 27 -20 -21 22 23 25 24 -26 26 -28 -29 29 -31
leaf_value=-0.10016393310727599 -0.10017275484715978 0.10002323282682216 0.055844583351799065 -0.10146881248753314 0.062502828861132412 -0.1011284576198625 -0.10150841894887466 0.09225815948495697 -0.10298985432193937 -0.053701145027027344 -0.10240277438504859 0.069974998147458695 -0.10182034589706707 0.091588340437314827 0.037258491330096559 -0.1054008956747997 -0.10479770833345606 0.024678341647945124 -0.10249042882965863 0.025712621048624776 -0.10539314165478111 0.063121273975909234 0.055867561620038288 0.097098283687078776 -0.10189824026891148 -0.10149980797937777 0.077613027137125229 0.095589407046865693 0.087935605603032499 -0.10139636831282046
leaf_weight=0.1630016538838398 0.11428735011577185 0.13839461212046433 0.41026078868162696 0.096713286908197804 0.24748189508682106 0.18761601601363498 0.093985313484154065 0.059569392025878076 0.35120961311986321 0.12836171269736929 0.13045715231419297 0.77858840015687747 0.22225564063410264 0.05760493699926883 0.43884477630490426 0.32030153473169765 0.28913207380537631 0.5880927222970056 0.2563356557438965 0.10095619577987236 0.11368489222513734 0.13470334097655723 1.4521973626106044 0.046808709346805699 0.45737398195706191 0.1681424898924887 0.14904918382671895 0.46165810366801452 0.058053938671946526 0.084087710187304765
leaf_count=988 482 32 185 309 41 229 54 11 103 26 66 119 112 3 23 66 44 48 80 15 23 82 196 9 578 81 13 13 2 43
internal_value=-0.00165702 0.000316479 -0.00140885 2.29265e-05 0.00128347 -0.000726085 0.00183619 -0.00340299 -0.0746758 0.0302929 0.0016467 0.0421006 0.0040418 -0.0620102 0.00747293 -0.00232274 0.00704778 0.0279217 -0.0142715 -0.073979 0.0180763 -0.0101483 0.0338016 -0.0525257 -0.0834232 0.042745 -0.0173342 0.0558635 0.0554566 -0.0240688
internal_weight=8.29921 8.13621 7.99781 7.88353 7.78681 7.53933 7.35172 6.20864 0.410779 1.14308 5.79786 1.04909 5.6674 0.279861 5.38754 3.64261 3.22135 1.74493 0.69518 0.421258 2.93222 1.04915 1.88307 0.638886 0.504183 1.76939 0.317192 1.04975 0.92073 0.142142
internal_count=4076 3088 3056 2574 2265 2224 1995 1751 114 244 1637 190 1571 115 1456 1292 1211 164 103 81 1167 854 313 669 587 290 94 61 164 45
is_linear=0
shrinkage=0.1


Tree=80
num_leaves=31
num_cat=0
split_feature=4 3 1 4 3 3 3 3 3 3 13 0 13 2 17 5 12 1 19 0 0 8 10 13 14 5 5 4 17 19
split_gain=0.147718 0.133708 0.266277 0.171331 0.0907173 0.0885916 0.0959123 0.153313 0.154262 0.208129 0.160881 0.132329 0.203582 0.164143 0.136769 0.129088 0.179795 0.12809 0.120005 0.180185 0.161834 0.145623 0.275566 0.132251 0.11776 0.220392 0.128515 0.147404 0.188998 0.103806
threshold=5.0742750870769691e-11 0.12557358794495779 0.37497274225469729 4.3823993662351793e-10 0.058303159313682469 0.113723186237098 0.11276407542571633 0.10620609861595905 0.10279808254254774 0.098736268249820888 2.2919250726699834 1.2975105761752559e-09 1.8975875973701479 3.5787941033155955e-10 0.078768643465909102 0.039629783939431729 0.42029066383838659 0.31237016667746037 4.5727443695068368 1.4214773132244863e-09 1.6812731237596248e-09 1.1600399916222833e-10 3.0318727493286137 2.1935585737228398 0.02308483608067036 0.031408495556944187 0.03187447057498214 6.4543869331813223e-11 0.10815429687500001 2.4956868886947636
decision_type=2 2 2 2 2 2 2 2 2 2 2 2 2 2 2 2 2 2 2 2 2 2 2 2 2 2 2 2 2 2
left_child=-1 3 -3 4 -2 6 7 8 9 10 11 12 13 14 -6 16 18 24 19 -13 -21 -22 -23 -24 25 -16 -27 28 -28 -29
right_child=1 2 -4 -5 5 -7 -8 -9 -10 -11 -12 15 -14 -15 17 -17 -18 -19 -20 20 21 22 23 -25 -26 26 27 29 -30 -31
leaf_value=-0.10004997362867106 -0.10026812141996795 -0.074858965788840562 0.098531902076133326 -0.1008489669664237 -0.10224193348506716 -0.10201631509364294 0.093131612386012363 -0.10230300056352015 0.052327360225685043 -0.076685881358899907 -0.10084304765937804 0.078903317433977493 -0.10139384840213486 -0.10496196256054068 -0.10089096214834191 0.087077482544443002 -0.10218291603026464 0.076151059707568747 0.092975229913752427 -0.10223055713328962 0.075958841118045448 -0.10324368286801103 -0.035175225922124222 0.097504262399505576 0.060929211806406404 0.065131991095509337 0.042682239396951469 0.026880122561781346 -0.10221564539855173 -0.025112015247329908
leaf_weight=0.14973159622604715 0.09024087539728487 0.12033198170684034 0.33553659951576265 0.17489194851441414 0.11578290694160509 0.083053053807816357 0.11330068036477303 0.14240525416607841 0.56934606862341741 0.35251102734764561 0.14675293141772261 0.30998124866164267 0.21004211121180549 0.14282458631714678 0.21705448715511133 0.29922962222917693 0.12007473437188299 0.25660998061357521 0.22109453965094861 0.15554363336559618 0.23119738393870648 0.2249603353702696 0.12876318832422839 0.18035004210105399 0.30855915561187419 0.30367572548857458 0.13036660663783584 1.1009595063369486 0.29085642333666328 0.58970136351126701
leaf_count=1548 279 35 43 327 35 43 11 59 37 51 125 21 152 39 316 44 205 26 19 53 12 46 38 11 54 29 5 181 164 68
internal_value=-0.00168064 0.0002407 0.0527633 -0.0030801 -0.000649623 0.000644785 0.00188734 0.000355468 0.00256839 -0.00212443 0.00249942 0.0052381 -0.00580533 3.51178e-06 0.00452784 0.0268767 0.0154172 0.00839368 0.025143 0.012958 -0.00924175 0.00965851 -0.0190425 0.0422357 0.00248201 -0.00436837 0.00430484 -0.00444172 -0.0573704 0.0087453
internal_weight=7.81573 7.666 0.455869 7.21013 7.03524 6.945 6.86194 6.74864 6.60624 6.03689 5.68438 5.53763 3.66643 3.45639 3.31357 1.87119 1.57197 3.19778 1.45189 1.2308 0.920815 0.765271 0.534074 0.309113 2.94117 2.63261 2.41556 2.11188 0.421223 1.69066
internal_count=4076 2528 78 2450 2123 1844 1801 1790 1731 1694 1643 1518 1069 917 878 449 405 843 200 181 160 107 95 49 817 763 447 418 169 249
is_linear=0
shrinkage=0.1


Tree=81
num_leaves=31
num_cat=0
split_feature=5 3 1 4 0 19 5 19 5 12 18 5 15 13 19 19 2 3 13 5 12 4 5 19 15 11 19 5 18 19
split_gain=0.133756 0.118516 0.275843 0.150864 0.09727 0.0831874 0.0854861 0.167 0.164545 0.130314 0.117139 0.103592 0.105909 0.286529 0.195519 0.167297 0.155492 0.102252 0.0945546 0.128331 0.465604 0.269991 0.149917 0.160091 0.207469 0.19069 0.172065 0.141715 0.120106 0.251906
threshold=0.022681084575069028 0.12557358794495779 0.34337102540020809 4.3823993662351793e-10 2.1591779031540135e-10 6.2197077274322519 0.041886386975833446 2.1112518310546879 0.039795240931108651 0.45817209780216223 0.28402147365903313 0.039629783939431729 6.1614307924173786e-05 1.9732021093368532 3.8945217132568364 2.4252033233642583 8.2914228615840496e-10 0.085812365380081565 1.9610120058059695 0.034792237288990009 0.31921441853046423 1.1974400219804724e-10 0.034350309739932354 3.6886004209518437 3.9618573282496079e-05 1.3332322468251336e-09 2.4689368009567265 0.031681848862422431 0.080962517309341245 2.3315814733505253
decision_type=2 2 2 2 2 2 2 2 2 2 2 2 2 2 2 2 2 2 2 2 2 2 2 2 2 2 2 2 2 2
left_child=-1 3 -3 4 -2 6 8 -8 9 11 17 12 13 14 18 16 -14 -9 19 21 -21 22 23 24 25 27 28 -6 29 -26
right_child=1 2 -4 -5 5 -7 7 10 -10 -11 -12 -13 15 -15 -16 -17 -18 -19 -20 20 -22 -23 -24 -25 26 -27 -28 -29 -30 -31
leaf_value=-0.1001422161149773 -0.10016168688931511 -0.090656622506587126 0.097930321626586714 -0.10078054278106925 -0.10044368062773359 -0.10125400747508606 -0.057804565236344474 0.056778655327989126 -0.10371829133581011 -0.10063523430807673 0.072403365857778512 0.069997173486554445 -0.10198305932670187 -0.10277018337049244 -0.10173713389598632 0.058912336204640904 0.056542376060559965 -0.040607220959222638 0.091262412040981178 -0.10395441754361778 0.050688516865613834 -0.10445912492822872 0.075149413680818622 0.098782349157712224 -0.10270711766602388 -0.10322995241935336 -0.10112667643341351 0.025536326253213733 0.071102129629626101 0.097657750261720744
leaf_weight=0.13537702833855281 0.096955109722330124 0.10269808189332241 0.31686257551336894 0.15418932507236593 0.11341401005847973 0.07901309474982543 0.19843038654653344 0.19709249484003499 0.1588848924038756 0.12648988932778582 0.57011801976477727 0.21529889917292155 0.15157817264116591 0.29451178786985099 0.18027912708203064 0.61508462758501992 0.10455252364045009 0.2380153519261512 0.12280119441857085 0.42697554936239601 0.35788886170485057 0.18224521751835698 0.43154372196295288 0.18358729204919644 0.13737394244526513 0.27951951125578489 0.087032412804546766 0.41981827681229333 0.59395426106857485 0.11550598556641489
leaf_count=988 482 33 47 323 505 79 52 24 61 283 17 9 64 128 89 74 30 23 10 109 64 39 21 12 65 222 59 69 92 3
internal_value=-0.00165771 0.000180823 0.0517689 -0.00298719 -0.000729209 0.000735686 0.00197508 0.0260322 -0.00349012 -0.000391591 0.0425814 0.00213781 -0.000907429 -0.00790608 -0.000213612 0.0306346 -0.037273 0.00350604 0.00508893 0.00191 -0.0334391 0.0128158 0.0218653 0.0099524 0.000615473 -0.0363283 0.0327679 -0.00125856 0.0465288 -0.011188
internal_weight=7.38709 7.25171 0.419561 6.83215 6.67796 6.58101 6.502 1.20366 5.29834 5.13946 1.00523 5.01297 4.79767 3.92645 3.63194 0.871215 0.256131 0.435108 3.45166 3.32886 0.784864 2.54399 2.36175 1.93021 1.74662 0.812752 0.933867 0.533232 0.846834 0.25288
internal_count=4076 3088 80 3008 2685 2203 2124 116 2008 1947 64 1664 1655 1487 1359 168 94 47 1270 1260 173 1087 1048 1027 1015 796 219 574 160 68
is_linear=0
shrinkage=0.1


Tree=82
num_leaves=31
num_cat=0
split_feature=4 3 7 12 9 7 6 17 6 3 18 19 15 7 1 19 1 1 6 15 7 9 13 19 9 0 2 17 11 6
split_gain=0.121089 0.107976 0.0820871 0.071884 0.0872902 0.196564 0.116667 0.132624 0.127901 0.119727 0.112469 0.0909018 0.15671 0.133447 0.125005 0.213845 0.110783 0.204568 0.166049 0.285552 0.164752 0.142165 0.17342 0.170445 0.114556 0.108998 0.0966974 0.234701 0.0939704 0.132596
threshold=5.0742750870769691e-11 0.16971249701348964 0.13257460872202437 0.14317614585161212 0.0078141945104628491 0.022387357546960463 5.876834472304105e-11 0.10642311789772728 8.2339216096835058e-11 0.064982450139760242 0.64799505070021224 0.48823061585426336 7.8661094448762028e-05 0.046591986859455155 0.18972505701431674 2.3975245952606206 0.19934304952009987 0.21711021552209517 2.113498321389474e-10 4.8559857532382018e-05 0.069148088485664019 0.040770714542234694 1.7309508919715884 2.0208156108856206 0.064708763001716629 1.2495172237879887e-09 3.028595806808652e-10 0.15862482244318185 1.030936169765795e-09 7.7119938171662095e-10
decision_type=2 2 2 2 2 2 2 2 2 2 2 2 2 2 2 2 2 2 2 2 2 2 2 2 2 2 2 2 2 2
left_child=-1 2 3 -2 -5 -6 7 -7 -8 -9 11 -10 13 -13 15 -15 -16 -18 21 -20 -21 25 -23 -24 -25 -19 27 -22 -17 -30
right_child=1 -3 -4 4 5 6 8 9 10 -11 -12 12 -14 14 16 28 17 18 19 20 26 22 23 24 -26 -27 -28 -29 29 -31
leaf_value=-0.10004139855601329 -0.10181014747436962 0.10001847947988791 -0.10103781874582839 0.08210624081957503 -0.10599722916446797 0.077517036740416809 -0.10163997905476081 0.10022283765419858 0.039646155608025098 -0.10272702821165912 0.058337727747691415 -0.10251415175506416 -0.10080032517655851 -0.10213225258684716 0.066584330240749084 0.07771472246133157 -0.10338088001371321 -0.10208514477512956 -0.10265738741320724 -0.10280242219094725 -0.10170668483026131 0.087253295894597807 -0.10192298236001317 -0.019937338191455961 0.095274404441977822 0.033416777660860292 0.023899847381130709 0.057101669042000619 -0.10157518586856458 0.098716945559595759
leaf_weight=0.12291058023038193 0.068966596263635327 0.10647513973526646 0.081808094088046235 0.12949386287073128 0.17290523027986626 0.38321369132609095 0.12603039268287819 0.042653050273656845 0.45224563882220525 0.091264020029484527 0.31436135432159051 0.13297187986245251 0.1726210458218701 0.30450291290253506 0.27665839728069874 0.13775777411501622 0.17873678843170671 0.11953125502986983 0.29063650895113857 0.13498099534626806 0.21516486710970628 0.58091242567752466 0.11253041741656489 0.1665258274806547 0.17914575634495122 0.11793734806997236 1.4023278282002136 0.16398761291929986 0.10180056332319509 0.048943302012048662
leaf_count=1548 48 32 329 12 37 28 81 1 208 69 42 87 306 278 47 16 93 32 127 41 92 45 75 36 17 10 241 28 66 4
internal_value=-0.0016694 0.000106826 -0.0014808 -0.000250286 0.00081909 -0.000820415 0.00209048 0.0475801 -0.00201472 -0.0380868 0.000225673 -0.00322772 -0.00723575 -0.00377358 -0.000876515 -0.0436803 0.00556735 0.000958135 0.00631144 -0.0102926 0.00371482 0.0350183 0.0509713 0.00497267 0.0397716 -0.0347889 0.0117855 -0.0330203 0.0180135 -0.0365446
internal_weight=6.93 6.80709 6.70062 6.61881 6.54984 6.42035 6.24744 0.517131 5.73031 0.133917 5.60428 5.28992 4.83767 4.66505 4.53208 0.593005 3.93908 3.66242 3.48368 2.2071 1.91646 1.27658 1.03911 0.458202 0.345672 0.237469 1.78148 0.379152 0.288502 0.150744
internal_count=4076 2528 2496 2167 2119 2107 2070 98 1972 70 1891 1849 1641 1335 1248 364 884 837 744 529 402 215 173 128 53 42 361 120 86 70
is_linear=0
shrinkage=0.1


Tree=83
num_leaves=31
num_cat=0
split_feature=5 1 3 13 1 4 8 9 9 1 5 17 13 3 5 13 13 17 12 3 0 0 18 18 2 14 14 13 5 5
split_gain=0.114271 0.11493 0.236615 0.10458 0.0963006 0.0808423 0.0787807 0.168112 0.0920797 0.128031 0.130135 0.124885 0.116245 0.101066 0.15938 0.0909068 0.275885 0.117992 0.18131 0.254761 0.170637 0.150936 0.106343 0.137008 0.143661 0.10119 0.195946 0.142844 0.0731717 0.0726042
threshold=0.026291591781486937 0.3988898005772879 0.10279808254254774 1.5833843350410464 0.31503395387754302 5.3094337421729198e-11 8.9987058968708963e-10 0.19190490702001861 0.12639027049153298 0.25123536309060662 0.046279090444158365 0.15553977272727273 2.224845409393311 0.10620609861595905 0.046279090444158365 2.183539986610413 2.0138945579528813 0.12089399857954546 0.36762331426143652 0.10279808254254774 2.6408894283050886e-10 2.4004115472466637e-10 -0.18981606097341597 0.055899099245752128 1.206923404237825e-10 0.012045571580529215 0.012280056718736889 1.4202944040298464 0.035200079964334399 0.028343834031621957
decision_type=2 2 2 2 2 2 2 2 2 2 2 2 2 2 2 2 2 2 2 2 2 2 2 2 2 2 2 2 2 2
left_child=3 5 -3 4 -1 -2 8 -8 11 10 -10 12 13 15 -15 16 17 22 19 20 21 -19 -7 24 -24 -22 -27 -28 29 -11
right_child=1 2 -4 -5 -6 6 7 -9 9 28 -12 -13 -14 14 -16 -17 -18 18 -20 -21 25 -23 23 -25 -26 26 27 -29 -30 -31
leaf_value=-0.10007897911641156 -0.10053587632305744 -0.10074401851796383 0.091741889911513941 -0.10049358052662334 0.099012519137098173 0.089348436473571505 -0.10174033890067301 0.053978546982838341 -0.10155142648344187 0.075583673254139033 0.10022859624398926 -0.10095436168824652 -0.092191107795988061 -0.10189893341225079 0.050481444976348017 0.063285535450847683 -0.10284988879296464 -0.10037533487157915 0.068817429107167497 0.09165383068878788 -0.1027006582187001 0.077683983113992078 0.050278071855222539 0.028928917492172069 -0.10232412745828692 0.054250667238626454 0.083332303524165208 -0.10201384855332976 0.092734480406486658 -0.010092654756375219
leaf_weight=0.039479900086007436 0.082515429199702228 0.079840043492367729 0.31911361988386489 0.21237522486626403 0.063168231568852207 0.22998497608932678 0.20760874354346004 0.10408914163417649 0.11863395865293558 0.16821512335445732 0.043749250471591949 0.12806493257448881 0.1349791163811459 0.21227522349727213 0.10144139939075103 0.26176308227877587 0.23384328272004484 0.064512078733969025 0.23789694441802556 0.16098466110270226 0.3737716753857967 0.18166258884593844 0.095327303308295641 1.4887609798461197 0.17483005691246944 0.16837923459388549 0.04812724981456995 0.30569907168319332 0.26435897601186298 0.24007100937888026
leaf_count=459 420 88 47 1225 8 11 244 257 80 14 1 224 52 98 27 14 67 100 46 10 155 12 4 143 54 14 2 160 13 27
internal_value=-0.00167627 0.00129475 0.0532209 -0.0604368 0.0224392 -0.00225767 -0.000847091 -0.0497392 0.00195567 0.0325067 -0.0471879 -0.00358742 -0.000800509 0.00204233 -0.0526262 0.00630273 0.0023397 0.00930806 -0.0114623 -0.0261179 -0.0427176 0.0310221 0.0254012 0.0170399 -0.0484772 -0.062978 -0.0345464 -0.0768032 0.0517458 0.0252063
internal_weight=6.54552 6.2305 0.398954 0.315023 0.102648 5.83155 5.74903 0.311698 5.43733 0.835028 0.162383 4.6023 4.47424 4.33926 0.313717 4.02554 3.76378 3.52994 1.54103 1.30314 1.14215 0.246175 1.9889 1.75892 0.270157 0.895977 0.522206 0.353826 0.672645 0.408286
internal_count=4076 2384 135 1692 467 2249 1829 501 1328 135 81 1193 969 917 125 792 778 711 499 453 443 112 212 201 58 331 176 162 54 41
is_linear=0
shrinkage=0.1


Tree=84
num_leaves=31
num_cat=0
split_feature=5 19 0 17 5 10 12 8 14 7 19 3 1 17 1 1 7 3 17 1 18 18 3 17 13 1 7 19 5 19
split_gain=0.104351 0.110849 0.128351 0.0910119 0.117897 0.0993735 0.182897 0.148373 0.162074 0.131967 0.136059 0.104947 0.0870712 0.120112 0.0863325 0.20869 0.112544 0.127381 0.102117 0.127547 0.0897385 0.168649 0.261458 0.108895 0.115527 0.213599 0.119474 0.0770433 0.131533 0.076309
threshold=0.029645626973896954 2.5783989429473881 8.4980859470607981e-10 0.16097745028409094 0.048402366067695039 3.2385919094085698 0.45817209780216223 3.5254974852732161e-10 0.015452877618372442 0.098471897230465691 4.2143588066101083 0.075485447817416493 0.33887475274150064 0.13150301846590912 0.38628514017405219 0.33115441139532215 0.024181082453698665 0.087928405121009565 0.13924893465909091 0.26260188259928102 -0.18981606097341597 0.17014561381868343 0.075485447817416493 0.1007412997159091 1.5165151953697207 0.24517213614002101 0.072484099370136043 0.46417568624019628 0.038187609152249093 1.7749216556549074
decision_type=2 2 2 2 2 2 2 2 2 2 2 2 2 2 2 2 2 2 2 2 2 2 2 2 2 2 2 2 2 2
left_child=1 2 -1 5 -5 7 11 8 9 10 14 -7 -9 -14 15 16 17 -2 20 -20 -18 22 27 -23 -25 -26 -27 -22 29 -29
right_child=3 -3 -4 4 -6 6 -8 12 -10 -11 -12 -13 13 -15 -16 -17 18 -19 19 -21 21 23 -24 24 25 26 -28 28 -30 -31
leaf_value=-0.10009082979573032 0.031229861529160886 -0.10262028781322925 0.0066110869307186154 -0.10112479673165407 0.094050119271545593 -0.035170581990627441 -0.10109477079673207 -0.10149897822552079 0.071812820329988383 -0.10142779939018159 -0.10173355252882527 0.070141290576304305 -0.071123752563732059 0.095191338083466276 0.075407156165937794 -0.10226624405744622 0.082550875222339171 -0.10582202918523571 -0.1016702717399969 0.10021043657799678 0.096270660781539119 0.0872103028009589 -0.083075443833755452 0.07107458179358471 -0.10327213189213753 0.059878078231584336 -0.030801071260113441 -0.10268170237098445 0.080582458516150521 0.023362154725565389
leaf_weight=0.14186584396520618 0.11378737501218239 0.18412391501988168 0.54898890519689303 0.15870437231205858 0.038447530485427706 0.11158122334018106 0.084646944673295366 0.21377183826552926 0.34162005496909831 0.12453342790104205 0.11886951374981425 0.62275646297530329 0.11380694406216207 0.070213695784332231 0.17551129584899161 0.17657601516111743 0.21819227073138137 0.16785859204173903 0.14019103798273125 0.040289517492055893 0.12680462421485428 0.32321153362863686 0.36992271807685029 0.32838231350615366 0.15849442765465938 0.39690776450152043 0.22920403745956719 0.11039602488381206 0.13473985166638158 0.085026267712237313
leaf_count=1565 22 364 403 401 9 19 128 144 29 82 49 138 80 4 18 37 12 31 210 1 16 11 135 19 42 37 18 34 8 10
internal_value=-0.0016833 -0.033675 -0.0153 0.00360376 -0.0630628 0.00618227 0.038095 7.33115e-05 0.00603577 -0.000313879 0.00337409 0.0541394 -0.0580913 -0.00766567 0.00716535 0.00332648 0.00966103 -0.0504519 0.0160217 -0.0566035 0.0213042 0.0153992 -0.0205777 0.0361129 0.0212742 0.000431155 0.0266827 0.0300153 0.00456871 -0.0478413
internal_weight=6.16943 0.874979 0.690855 5.29445 0.197152 5.0973 0.818985 4.27831 3.88052 3.5389 3.41437 0.734338 0.397792 0.184021 3.2955 3.11998 2.94341 0.281646 2.66176 0.180481 2.48128 2.26309 0.826889 1.4362 1.11299 0.784606 0.626112 0.456967 0.330162 0.195422
internal_count=4076 2332 1968 1744 410 1334 285 1049 821 792 710 157 228 84 661 643 606 53 553 211 342 330 203 127 116 97 55 68 52 44
is_linear=0
shrinkage=0.1


Tree=85
num_leaves=31
num_cat=0
split_feature=5 12 5 15 13 19 11 18 5 19 7 9 15 6 2 2 18 1 11 3 5 3 6 10 18 4 2 4 9 10
split_gain=0.0996144 0.111146 0.0851962 0.0843381 0.219079 0.187462 0.139493 0.173954 0.101004 0.0898179 0.149579 0.129891 0.127431 0.11983 0.139838 0.141305 0.117427 0.0829099 0.0923841 0.0749581 0.0722263 0.143651 0.0960038 0.185821 0.10164 0.237033 0.0698767 0.116749 0.0628259 0.15048
threshold=0.041886386975833446 0.45817209780216223 0.022681084575069028 6.1614307924173786e-05 1.9732021093368532 3.8945217132568364 5.9894822435069281e-09 0.18320371210575107 0.039795240931108651 1.0811972022056582 0.099129633681763182 0.19944862071357122 3.0071941182541199e-05 4.3076069774026766e-10 1.1433629574803679e-10 1.0725811006407804e-10 0.57066242628603847 0.19769803602111935 7.9306231026698992e-10 0.0793280560932553 0.038648396307966335 0.098736268249820888 5.876834472304105e-11 2.403481245040894 0.29628202429210604 5.9975272940366496e-11 1.8379829378992757e-10 1.0425871247850525e-10 0.018815237489104943 2.538573265075684
decision_type=2 2 2 2 2 2 2 2 2 2 2 2 2 2 2 2 2 2 2 2 2 2 2 2 2 2 2 2 2 2
left_child=1 2 -1 4 5 8 -5 19 9 13 12 -12 -11 14 15 -4 20 18 -2 -8 21 22 -14 -24 26 -26 27 -25 -19 -30
right_child=17 -3 3 6 -6 -7 7 -9 -10 10 11 -13 16 -15 -16 -17 -18 28 -20 -21 -22 -23 23 24 25 -27 -28 -29 29 -31
leaf_value=-0.10011173325375905 0.067192750261933526 -0.10044270894955538 -0.101491815304393 0.06237645266919746 -0.10216143154478374 -0.10141571456562914 -0.10036901468741043 -0.10161537767309409 -0.10272617649434575 -0.10160207050570835 -0.10144243991601141 0.10020317706537718 0.088160450318856054 0.062116896430147922 -0.10123618286097938 0.070935139345051038 -0.057698122586575334 0.090191311163573692 -0.10179465166947524 0.052069859131835164 0.082080331319563771 -0.055804021217702372 -0.10188796878277473 -0.10155648410537771 0.08432766957449668 -0.10374837016290234 0.064990768483714975 0.10025566435215433 -0.10266186822870521 0.036374396090005472
leaf_weight=0.09371783041206061 0.048047383745142613 0.12754374769247068 0.074196263594787371 0.45537201313709363 0.24375655330004509 0.18576863717316872 0.037409566462883959 0.15528227330287336 0.089349469300941453 0.080831542702072379 0.17855350837635331 0.038905441761016846 0.2847782038697918 0.11332497536932351 0.26046465999934298 0.13223016215488315 0.15403546592642658 0.16521341602856388 0.099028716693283059 0.23421079448962701 0.2598371828207745 0.1927502920552796 0.10747513754176896 0.069264641359040757 0.12382996353335329 0.14603950471791904 0.71290093145216815 0.048904713243246078 0.086047839213279076 0.81642690298031084
leaf_count=951 16 480 354 43 130 117 65 118 45 115 151 1 28 65 510 66 28 22 61 100 12 36 66 114 41 62 73 1 13 192
internal_value=-0.00166998 -0.0083951 -0.00577056 -0.00375172 -0.0107219 -0.00387098 0.0238769 -0.0171901 0.00203602 0.00517888 0.0137208 -0.0653662 0.0216075 -0.030126 -0.0525155 0.00895937 0.0263504 0.0238004 -0.0465892 0.0310748 0.0330041 0.0254404 0.0359279 0.0236187 0.0358708 -0.0174494 0.0531852 -0.018036 0.0334967 0.0231178
internal_weight=5.8155 4.60073 4.47319 4.37947 3.4972 3.25344 0.882275 0.426903 3.06767 2.97832 2.39811 0.217459 2.18065 0.580216 0.466891 0.206426 2.09982 1.21476 0.147076 0.27162 1.94578 1.68594 1.49319 1.20841 1.10094 0.269869 0.83107 0.118169 1.06769 0.902475
internal_count=4076 3772 3292 2341 2015 1885 326 283 1768 1723 728 152 576 995 930 420 461 304 77 165 433 421 385 357 291 103 188 115 227 205
is_linear=0
shrinkage=0.1


Tree=86
num_leaves=31
num_cat=0
split_feature=5 13 1 3 1 8 9 9 17 1 5 13 13 13 13 6 3 3 12 14 18 17 9 0 0 18 3 3 3 17
split_gain=0.0864598 0.0892526 0.0872265 0.16664 0.075204 0.0677878 0.134304 0.0854849 0.101721 0.0985107 0.104787 0.0923386 0.0675483 0.166976 0.103751 0.0940262 0.0933624 0.102624 0.121953 0.189505 0.10498 0.0993709 0.206115 0.110325 0.13551 0.0966839 0.126588 0.0979838 0.127091 0.0928361
threshold=0.026291591781486937 1.5833843350410464 0.41315260709361584 0.10279808254254774 0.31503395387754302 8.9987058968708963e-10 0.19190490702001861 0.12639027049153298 0.15553977272727273 0.25123536309060662 0.046279090444158365 2.224845409393311 2.183539986610413 2.0138945579528813 1.9937528967857363 4.4018747757410974e-10 0.10620609861595905 0.10279808254254774 0.36762331426143652 0.01223474368453026 0.57066242628603847 0.1134366122159091 0.058801985896029328 2.6120104792781207e-10 2.5841228734644798e-10 0.25358397965531126 0.07068634843712325 0.083817697201086436 0.085481187809097345 0.13150301846590912
decision_type=2 2 2 2 2 2 2 2 2 2 2 2 2 2 2 2 2 2 2 2 2 2 2 2 2 2 2 2 2 2
left_child=1 4 5 -4 -1 7 -7 8 11 10 -9 12 13 14 15 16 17 18 19 20 21 25 23 24 -23 26 -2 -28 -29 -24
right_child=2 -3 3 -5 -6 6 -8 9 -10 -11 -12 -13 -14 -15 -16 -17 -18 -19 -20 -21 -22 22 29 -25 -26 -27 27 28 -30 -31
leaf_value=-0.10006153112179972 0.075434801228833392 -0.10042210349570482 -0.10077731031068499 0.09050894289982879 0.098878712536326796 -0.10139036365377514 0.050633024599607612 -0.10126655019645479 -0.10066715262112724 0.050672721073216923 0.10018589610469492 -0.087718927931018972 0.052347433041376248 -0.085721837857716546 0.087165713735493186 -0.088743571013767814 -0.064158508502972306 0.062194980618943643 0.079066374873786385 -0.078173579053998368 -0.063753781940073348 -0.1004644010486891 -0.012812821294232134 -0.10167587754874011 0.099868716667990534 0.069927738463936323 -0.10203220430003535 0.077942258304162959 -0.062409195598266069 0.080261373955080137
leaf_weight=0.029846195517165941 0.18164612796681934 0.16942222014404251 0.056307166207261505 0.23820812591293361 0.052297499158157734 0.17686697655335581 0.086549610883594141 0.093934519833055563 0.10810708075950959 0.57265893785370281 0.035608429461717606 0.12257155048428092 0.23534620325517597 0.22809578984561074 0.1394583142682676 0.11751092963822873 0.19676245090522559 0.3017512230471765 0.18305632799092553 0.31241891886747897 0.19733779027956178 0.061751634311804082 0.20573592741493485 0.26465615393681219 0.074500927756162127 0.43233952870650683 0.11731559489999199 0.1298179249279201 0.12826317496001138 0.22367927649247576
leaf_count=459 18 1225 64 39 8 256 259 80 355 54 1 64 18 85 10 89 110 25 32 173 45 173 27 222 4 26 45 7 51 52
internal_value=-0.00168531 -0.0589471 0.00107309 0.0539377 0.0265955 -0.00208645 -0.0514407 0.000700816 -0.00499843 0.0328584 -0.0458918 -0.00231487 0.000490503 -0.00300034 0.00277335 -0.000988536 0.00243626 0.0070923 0.000474518 -0.00570147 0.0055237 0.0130365 -0.0124722 -0.0640362 0.00907485 0.0344442 0.00690427 -0.0262561 0.00818929 0.0356689
internal_weight=5.47382 0.251566 5.22226 0.294515 0.0821437 4.92774 0.263417 4.66432 3.96212 0.702202 0.129543 3.85402 3.73144 3.4961 3.268 3.12854 3.01103 2.81427 2.51252 2.32946 2.01704 1.81971 0.830324 0.400909 0.136253 0.989382 0.557043 0.375397 0.258081 0.429415
internal_count=4076 1692 2384 103 467 2281 515 1766 1631 135 81 1276 1212 1194 1109 1099 1010 900 875 843 670 625 478 399 177 147 121 103 58 79
is_linear=0
shrinkage=0.1


Tree=87
num_leaves=31
num_cat=0
split_feature=5 12 18 1 2 5 19 14 5 15 13 19 11 18 5 19 7 9 15 6 2 2 18 17 5 13 5 13 18 4
split_gain=0.092611 0.0961892 0.0716406 0.0885862 0.106184 0.159492 0.132237 0.0841736 0.0692116 0.0697938 0.185591 0.154197 0.1135 0.148277 0.0856569 0.0702553 0.121216 0.111382 0.106882 0.0996499 0.118532 0.113877 0.0913575 0.0660057 0.128797 0.151252 0.177609 0.114793 0.0819252 0.104404
threshold=0.041886386975833446 0.45817209780216223 0.67675273507748834 0.37122218131756884 3.4836906999828365e-10 0.042329135159351015 2.1112518310546879 0.0070565969217568645 0.022681084575069028 6.1614307924173786e-05 1.9732021093368532 3.8945217132568364 5.9894822435069281e-09 0.18320371210575107 0.039795240931108651 1.0811972022056582 0.099129633681763182 0.19944862071357122 3.0071941182541199e-05 4.3076069774026766e-10 1.1433629574803679e-10 1.0725811006407804e-10 0.57066242628603847 0.094948508522727279 0.033279429983362661 1.4228760004043581 0.02636642649648651 1.9610120058059695 0.21302324866304514 1.0253673971289603e-10
decision_type=2 2 2 2 2 2 2 2 2 2 2 2 2 2 2 2 2 2 2 2 2 2 2 2 2 2 2 2 2 2
left_child=1 8 3 4 6 -6 7 -2 -1 10 11 14 -11 -14 15 19 18 -18 -17 20 21 -10 23 -20 25 -25 -27 -28 -26 -30
right_child=2 -3 -4 -5 5 -7 -8 -9 9 12 -12 -13 13 -15 -16 16 17 -19 22 -21 -22 -23 -24 24 28 26 27 -29 29 -31
leaf_value=-0.10009144163345396 0.072270664019665184 -0.10039239787146698 0.10019456936304766 0.089383481436466905 0.098557352892248817 -0.091914395988643968 0.052681876692208356 -0.10174886213947872 -0.10121907227550847 0.058621110347670785 -0.10185071117654987 -0.10117121641642242 0.029295690796384655 -0.10148591067782874 -0.10243269073745737 -0.10141513296764924 -0.1012599140600457 0.10017472918756082 0.073192461976932743 0.058747500794827538 -0.10102520895901422 0.06731361972853353 -0.053228330283243863 0.10023419245036325 0.07076281906903463 0.067410064324077909 -0.10246104988747239 0.085962615788330407 -0.030829584892665851 0.071595800276985866
leaf_weight=0.076791109169790039 0.037470692535862105 0.11120225360718894 0.11082090437412251 0.13952558209348354 0.056255481173138833 0.20117358401876118 0.45945536160434131 0.10765345580875874 0.061393796017002678 0.41178367603060895 0.20965142958084459 0.15565110504394386 0.24353643275026116 0.13461022308547399 0.07750479082824302 0.070444290508021701 0.1524769090610788 0.033477239310741425 0.29792248699231993 0.10180922741710674 0.2206594871076959 0.11555565203889273 0.14142816541425407 0.088744938373565452 0.50804742059699493 0.10825070814826177 0.2820018271850131 0.036520247602311429 0.24498412588218343 0.16760049235017505
leaf_count=951 4 480 3 56 5 137 37 62 354 43 130 117 165 118 45 115 151 1 29 65 510 66 28 2 41 131 173 3 45 9
internal_value=-0.00165618 -0.00867244 0.0239024 0.0154606 0.00349536 -0.050291 0.0263975 -0.0568175 -0.0060843 -0.00421607 -0.0110288 -0.00438152 0.0222966 -0.0172591 0.0011801 0.00423199 0.0121406 -0.0649957 0.0195118 -0.0295281 -0.0521314 0.00884007 0.0240538 0.0303568 0.0214708 -0.018549 -0.0432493 -0.0808573 0.0438803 0.0107777
internal_weight=5.1644 4.05205 1.11236 1.00153 0.862009 0.257429 0.60458 0.145124 3.94085 3.86405 3.07412 2.86447 0.78993 0.378147 2.70882 2.63132 2.1319 0.185954 1.94594 0.499418 0.397609 0.176949 1.8755 1.73407 1.43615 0.515518 0.426773 0.318522 0.920632 0.412585
internal_count=4076 3772 304 301 245 142 103 66 3292 2341 2015 1885 326 283 1768 1723 728 152 576 995 930 420 461 433 404 309 307 176 95 54
is_linear=0
shrinkage=0.1


Tree=88
num_leaves=31
num_cat=0
split_feature=5 10 10 17 18 7 17 9 18 8 18 17 0 13 11 17 1 2 15 19 6 5 1 13 3 1 18 19 0 14
split_gain=0.0805449 0.0881491 0.071045 0.101703 0.170773 0.0776404 0.0990994 0.155996 0.131827 0.140781 0.116478 0.136244 0.0807278 0.164107 0.147941 0.119493 0.0912783 0.109503 0.0768275 0.100339 0.0731659 0.159718 0.0666369 0.0731953 0.0594287 0.191616 0.0522957 0.0692544 0.119305 0.0636463
threshold=0.041886386975833446 3.4551696777343754 3.3186950683593754 0.14397638494318185 -0.13323858200403096 0.10187346638950993 0.13150301846590912 0.058801985896029328 0.57066242628603847 3.5254974852732161e-10 0.46159718476701533 0.12484463778409093 1.9644456917374368e-09 1.6813863515853884 3.6534358871520571e-09 0.078768643465909102 0.28388033057057904 2.2013354952808329e-10 3.022709552169545e-05 0.33940993249416357 4.4018747757410974e-10 0.03418562098287823 0.19769803602111935 1.3995719552040102 0.10279808254254774 0.30517210621091884 0.67675273507748834 1.2304531335830691 1.6261375249820855e-09 0.012976392172276975
decision_type=2 2 2 2 2 2 2 2 2 2 2 2 2 2 2 2 2 2 2 2 2 2 2 2 2 2 2 2 2 2
left_child=1 2 3 5 -5 6 8 -8 9 10 11 12 13 15 -15 -1 17 18 19 -17 -4 -22 23 -2 25 -14 27 -24 29 -29
right_child=22 -3 20 4 -6 -7 7 -9 -10 -11 -12 -13 24 14 -16 16 -18 -19 -20 -21 21 -23 26 -25 -26 -27 -28 28 -30 -31
leaf_value=-0.10133579763165804 0.065112672270852767 -0.10051266147466452 0.089794284608539832 0.044332722851518076 -0.10079728451083476 -0.10054607629473489 -0.1005218494599973 0.053810633875502549 -0.10354638008451655 -0.1016472648398174 0.062215145349975187 -0.1017489379545157 0.097975967424987931 -0.084980100554528995 0.041150887292835205 0.061856629216732496 0.09638171781478938 -0.10203465546980635 0.066809612568857882 -0.10142258368409429 -0.10338354576583607 0.062644023252038702 0.080341343909070717 -0.10158879846030429 0.0994971822877498 -0.1011046981341274 0.10017602101829444 -0.01148632687666939 -0.087970953762311954 0.057306495734831958
leaf_weight=0.072688223008302133 0.039077970664948003 0.10116128537447355 0.14792565245443245 0.11445110191925778 0.27805518137392926 0.081417513509222661 0.074818067772866814 0.5255195685531362 0.14453039614090801 0.14006769265324681 0.27698047426383698 0.14130334412766377 0.11093581875320513 0.38361404925126408 0.12274703629009309 0.071474929605756188 0.1714034384021943 0.072355928139586467 0.24162918944421108 0.079497346720017958 0.092212179202761035 0.15590716262522619 0.17119384750549216 0.080800365212780889 0.1245466242544353 0.085694154902739683 0.10029252246022224 0.23605292214779183 0.10645610981737264 0.312576609714597
leaf_count=105 14 420 21 48 1051 108 266 173 58 145 34 191 7 518 34 70 16 17 69 254 55 21 53 63 7 84 3 28 120 23
internal_value=-0.00166488 -0.00841266 -0.0059012 -0.0106854 -0.0584788 -0.00426368 -0.00150325 0.0345767 -0.0111753 -0.00480255 0.00213644 -0.00778116 0.00086005 -0.0109226 -0.0544047 0.0201297 0.0340041 0.011009 0.0318428 -0.0241212 0.0341282 0.000940797 0.022909 -0.0472474 0.0454485 0.0112138 0.0319857 0.0237089 0.00890913 0.0277077
internal_weight=4.85739 3.81094 3.70978 3.31373 0.392506 2.92122 2.83981 0.600338 2.23947 2.09494 1.95487 1.67789 1.53659 1.21541 0.506361 0.709049 0.636361 0.464957 0.392601 0.150972 0.396045 0.248119 1.04645 0.119878 0.321177 0.19663 0.926572 0.826279 0.655086 0.54863
internal_count=4076 3772 3352 3255 1099 2156 2048 439 1609 1551 1406 1372 1181 1083 552 531 426 410 393 324 97 76 304 77 98 91 227 224 171 51
is_linear=0
shrinkage=0.1


Tree=89
num_leaves=31
num_cat=0
split_feature=3 5 13 1 1 4 18 19 15 11 4 4 5 19 18 0 13 15 15 3 15 19 19 18 18 5 5 15 13 18
split_gain=0.0737449 0.0645905 0.070842 0.0578745 0.0531181 0.090415 0.149935 0.129563 0.0775168 0.113954 0.0655854 0.0938675 0.0781393 0.133412 0.119563 0.115027 0.0896826 0.0896985 0.18871 0.0718741 0.0717805 0.135371 0.0747925 0.0732352 0.115789 0.0759452 0.135248 0.0869943 0.182639 0.0879928
threshold=0.16971249701348964 0.026291591781486937 1.5833843350410464 0.31503395387754302 0.58069211615752636 1.8208736793561285e-10 0.071999208028004941 3.6886004209518437 6.1614307924173786e-05 4.109486972936339e-09 1.5292452158498701e-10 1.3493168844025565e-10 0.043640138068679134 3.8945217132568364 0.39459394826553768 1.0461084329511929e-09 1.9732021093368532 5.0377917432342663e-05 4.3310614273650578e-05 0.10620609861595905 3.0071941182541199e-05 0.41779704391956335 0.32233068346977239 -0.054323662358166817 0.080962517309341245 0.034792237288990009 0.039629783939431729 3.9618573282496079e-05 1.6162637472152712 0.25777936256913986
decision_type=2 2 2 2 2 2 2 2 2 2 2 2 2 2 2 2 2 2 2 2 2 2 2 2 2 2 2 2 2 2
left_child=1 2 3 -1 5 8 7 -7 9 10 11 12 13 16 15 -14 17 18 19 20 21 22 -3 -22 -25 27 -27 28 29 -26
right_child=-2 4 -4 -5 -6 6 -8 -9 -10 -11 -12 -13 14 -15 -16 -17 -18 -19 -20 -21 23 -23 -24 24 25 26 -28 -29 -30 -31
leaf_value=-0.10004518569271525 0.10001337357497037 -0.10059193820689352 -0.10031510767696722 0.098660108753142226 0.071834046162729065 -0.072811503576374587 -0.10096599189318617 0.072303604092554596 0.040776547030966705 -0.10167382438781523 0.061230811242649445 -0.10157447316763768 -0.10160783363946786 -0.10126550192819916 0.099326188097557958 0.07294266264698121 -0.10174958126192896 0.049504820796277549 -0.10171398994657221 -0.10134065075725102 0.061194601328118707 -0.10138166066588339 0.084416381577969185 -0.10122121298557898 -0.048988485973640437 -0.1037946491465902 0.040214421870288904 0.079121178489870062 -0.10203333291420869 0.065518583361047211
leaf_weight=0.022808767007518216 0.070226593175902852 0.028613124633924403 0.13427536569543008 0.041016718249011319 0.098687353951390722 0.10723456383857399 0.23234028494698578 0.14434094416355947 0.4719196035821368 0.11208704600721819 0.17062187511692162 0.092691719968570285 0.080921861823298857 0.13720877363448369 0.18687364691868424 0.070770935155451298 0.08337939491138957 0.36223558330675576 0.18174119032482838 0.06099396451099881 0.30904181598271119 0.15032702392090869 0.092463708127979771 0.092082808163466257 0.085933452981407532 0.12859669862518786 0.13231761799397646 0.25707547701676958 0.11676532288583985 0.30635821679607034
leaf_count=459 32 144 1225 8 16 227 342 92 89 44 27 30 38 119 7 3 50 37 89 80 76 296 54 150 33 68 18 49 119 55
internal_value=-0.0016692 -0.00325897 -0.0590863 0.0276505 -0.000683188 -0.00238918 -0.0430447 0.010448 0.00291228 -0.00260434 0.000946785 -0.00253238 0.000673396 -0.00537515 0.0457853 -0.0201728 0.000134656 0.00382087 -0.00469906 0.00531566 0.00914331 -0.0379995 0.0406948 0.0181021 0.00620237 0.0158337 -0.0307633 0.0317028 0.0077564 0.0404352
internal_weight=4.56195 4.49172 0.198101 0.0638255 4.29362 4.19494 0.483916 0.251576 3.71102 3.2391 3.12701 2.95639 2.8637 2.52513 0.338566 0.151693 2.38793 2.30455 1.94231 1.76057 1.69958 0.271404 0.121077 1.42817 1.11913 1.02705 0.260914 0.766132 0.509057 0.392292
internal_count=4076 4044 1692 467 2352 2336 661 319 1675 1586 1542 1515 1485 1437 48 41 1318 1268 1231 1142 1062 494 198 568 492 342 86 256 207 88
is_linear=0
shrinkage=0.1


Tree=90
num_leaves=31
num_cat=0
split_feature=3 1 5 13 13 13 17 10 10 7 0 13 19 19 12 12 0 17 3 17 7 11 13 19 0 19 4 13 2 15
split_gain=0.0689123 0.0935485 0.065833 0.0944626 0.0969412 0.159712 0.103635 0.0912037 0.138768 0.0853385 0.104847 0.0707122 0.0783154 0.0703183 0.0739448 0.0840105 0.0586323 0.0551522 0.113997 0.104069 0.144763 0.0659766 0.0638288 0.182173 0.0965511 0.0864447 0.0719401 0.0977041 0.0488473 0.0488107
threshold=0.13067473720221698 0.37906676542240236 0.029645626973896954 2.224845409393311 2.1689146757125859 2.0138945579528813 0.16097745028409094 3.2274066209793095 2.9798703193664555 0.10785698969355366 6.549870980184074e-10 2.0001097321510319 4.2143588066101083 2.5783989429473881 0.39244084060192114 0.24673997610807422 9.897506751992515e-10 0.13350053267045456 0.067992257014846597 0.13150301846590912 0.082429264731124066 2.909301244358176e-09 1.654252350330353 3.6364746093750004 1.2975105761752559e-09 2.5783989429473881 6.4086701750914467e-11 1.4275459647178652 2.2587872276516851e-10 4.2267078242730356e-05
decision_type=2 2 2 2 2 2 2 2 2 2 2 2 2 2 2 2 2 2 2 2 2 2 2 2 2 2 2 2 2 2
left_child=2 -2 13 4 5 6 7 8 11 -9 -11 12 17 14 15 16 -1 19 -19 20 21 22 25 24 -24 26 27 -4 -16 -18
right_child=1 -3 3 -5 -6 -7 -8 9 -10 10 -12 -13 -14 -15 28 -17 29 18 -20 -21 -22 -23 23 -25 -26 -27 -28 -29 -30 -31
leaf_value=-0.10062346361587189 -0.047354420718390806 0.098303926519817383 0.04695673937098175 -0.081646964075586803 0.05806355505052993 -0.10154342743131593 -0.10075387096801902 0.080844813289947554 -0.10119244565916657 0.079267776691579084 -0.10089493478756242 0.10013815991228028 -0.10091670636784554 -0.10203982961221109 -0.10021353004482925 -0.10073628767297407 0.089200350610341747 0.01338124332280273 -0.101489737529735 0.080941376727876574 -0.10155318726602043 0.066986884795944598 -0.1017734041473569 0.099320776444947773 0.0093094703048302568 -0.037079973512067328 0.062356108508966369 -0.10137343400416479 0.065579252712015201 -0.031708224342530657
leaf_weight=0.042386006247397634 0.063182594287354621 0.14593493292341009 0.11102414633933599 0.13404313435967186 0.30142091356174194 0.1513050725297943 0.091725926738945307 0.28708825842295471 0.12888524686422886 0.060535668788361363 0.069257209060197056 0.07626776997494733 0.071273690562520531 0.1249370849236584 0.020745223508129129 0.14485753145891067 0.073446392383630155 0.23177574705914583 0.13772851097564853 0.20013854769422312 0.11922054570459284 0.19631950856819447 0.21140833875870157 0.090337192174047232 0.1242236885955208 0.19342307460829034 0.42408670176155283 0.07400939625040337 0.12394739894625673 0.061218960590849747
leaf_count=630 27 37 21 139 37 99 383 27 78 4 122 3 54 364 146 989 10 196 183 20 35 39 114 4 9 23 47 46 82 108
internal_value=-0.00169272 0.0542948 -0.00456441 0.000670492 0.00396282 -0.00138371 0.00384433 0.00726234 -0.000265678 0.0504231 -0.0168667 0.00548691 0.00218305 -0.0354098 -0.017569 -0.0442583 0.00195013 0.00565957 -0.0294356 0.0130944 0.00430017 0.0131573 0.00455518 -0.0267318 -0.0606596 0.0211615 0.0396558 -0.0123721 0.0418088 0.0342352
internal_weight=4.28615 0.209118 4.07704 3.4855 3.35146 3.05003 2.89873 2.807 2.39012 0.416881 0.129793 2.26124 2.18497 0.591539 0.466602 0.321909 0.177051 2.1137 0.369504 1.74419 1.54405 1.42483 1.22851 0.425969 0.335632 0.802543 0.60912 0.185034 0.144693 0.134665
internal_count=4076 64 4012 1683 1544 1507 1408 1025 872 153 126 794 791 2329 1965 1737 748 737 379 358 338 303 264 127 123 137 114 67 228 118
is_linear=0
shrinkage=0.1


Tree=91
num_leaves=31
num_cat=0
split_feature=3 3 11 5 19 15 6 5 5 18 7 6 4 18 1 18 4 0 2 17 5 19 2 18 2 13 2 7 7 3
split_gain=0.0629865 0.0564463 0.0447963 0.0466249 0.0978857 0.0984242 0.0730751 0.0574731 0.0700484 0.0660099 0.0590547 0.129565 0.0915909 0.0874039 0.108902 0.220866 0.0893767 0.131007 0.0940394 0.0865842 0.0686928 0.107719 0.0734369 0.126827 0.0501934 0.0801935 0.0476165 0.0473029 0.0641436 0.0423396
threshold=0.16971249701348964 0.058303159313682469 7.1022340786264248e-10 0.031196635103069834 2.5783989429473881 3.9618573282496079e-05 5.0221210973411495e-10 0.032007876409015174 0.03276487404582714 0.60519299814900906 0.022810946330708595 5.876834472304105e-11 6.5413034280357569e-11 0.64799505070021224 0.3067959279214888 0.071999208028004941 2.7568234219878571e-10 1.2745858053893335e-09 3.4836906999828365e-10 0.11228249289772728 0.036363784805474475 2.5206896066665654 1.7387014044826563e-10 0.16277533941055566 3.4836906999828365e-10 1.9732021093368532 1.437470625072181e-09 0.083618905261706497 0.12117186999913314 0.090377203226391839
decision_type=2 2 2 2 2 2 2 2 2 2 2 2 2 2 2 2 2 2 2 2 2 2 2 2 2 2 2 2 2 2
left_child=1 -1 -3 4 5 -4 24 -5 9 -9 -10 -12 -13 14 16 26 17 18 19 -14 27 22 -22 -24 25 -7 -16 -21 -29 -26
right_child=-2 2 3 7 -6 6 -8 8 10 -11 11 12 13 -15 15 -17 -18 -19 -20 20 21 -23 23 -25 29 -27 -28 28 -30 -31
leaf_value=-0.10012098717470624 0.10001202193048041 -0.10049808089311772 -0.10079338403843377 0.04653434372806578 -0.082730958447265204 0.025777187206550575 -0.10059779811599878 -0.10103968971545466 -0.059838881978230778 0.058522967023013031 0.090392421118297789 -0.101220521019635 -0.1011161986452041 0.082118819978298618 -0.039472397341954214 -0.10170006586915191 -0.10071030394828689 0.063588796192947078 -0.10118756755897013 0.075824751404397109 0.063132863266079323 -0.072695149996924155 -0.10152239921816258 0.065330165858533393 -0.0020886860129722758 -0.10109947716677106 0.079547631229729021 -0.051111655626256518 0.076315136906951186 0.093774440396013459
leaf_weight=0.059221673226602767 0.059993649600073584 0.045412164974550584 0.087743106656489878 0.30249406618349928 0.19892172798790853 0.2281861180854321 0.051173547806683928 0.11716585519752731 0.13531842752672707 0.03329400134680327 0.17713508914675946 0.083465176358004434 0.06869109550825736 0.13944083265596408 0.04689695681008732 0.26208054383096169 0.067212236986961105 0.43526936945818295 0.086612889175739727 0.23374200252146693 0.20484943519295484 0.17401449237513589 0.098069479263358517 0.085076793457119493 0.068609926660428755 0.063730061761816614 0.11867560517202946 0.089277206137921894 0.07085484391063801 0.14025912756187608
leaf_count=780 32 298 899 96 375 142 158 89 34 4 34 100 27 12 50 156 191 74 42 32 61 50 44 13 64 116 46 35 13 9
internal_value=-0.00168696 -0.00322269 -0.00175643 -0.000597231 -0.0214644 -0.0024129 0.0132263 0.00517893 0.000591795 -0.0657314 0.0044646 0.00802877 0.0015853 0.00552003 0.000287634 -0.0445791 0.0121782 0.0170845 -0.0011319 0.00732634 0.0151192 -0.00732272 0.0219965 -0.0240145 0.0248576 -0.00192206 0.0458363 0.047141 0.00527184 0.062285
internal_weight=4.03289 3.97289 3.91367 3.86826 0.838624 0.639702 0.551959 3.02964 2.72714 0.15046 2.57668 2.44136 2.26423 2.18076 2.04132 0.427653 1.61367 1.54646 1.11119 1.02458 0.955884 0.56201 0.387996 0.183146 0.500785 0.291916 0.165573 0.393874 0.160132 0.208869
internal_count=4076 4044 3264 2966 1763 1388 489 1203 1107 93 1014 980 946 846 834 252 582 391 317 275 248 168 118 57 331 258 96 80 48 73
is_linear=0
shrinkage=0.1


Tree=92
num_leaves=31
num_cat=0
split_feature=3 3 12 12 9 7 18 7 4 18 9 8 10 6 4 0 13 11 17 17 6 17 19 8 12 9 8 8 3 3
split_gain=0.0569422 0.0511172 0.0422883 0.0423735 0.0483618 0.10327 0.0592084 0.0669752 0.0509785 0.0561774 0.0425021 0.11242 0.091312 0.0892462 0.115272 0.0894495 0.0820055 0.127548 0.116832 0.100741 0.0983364 0.0966146 0.0808248 0.0776974 0.111168 0.0574065 0.0730188 0.0566011 0.0468986 0.0460545
threshold=0.16971249701348964 0.058303159313682469 0.57091164588928234 0.14317614585161212 0.0078141945104628491 0.022387357546960463 0.64799505070021224 0.02755351756494202 6.4086701750914467e-11 -0.24156847613101654 0.11987994700082019 3.5254974852732161e-10 3.1816707849502568 3.8953565748840171e-10 1.3493168844025565e-10 1.9644456917374368e-09 1.6412434577941897 3.3862669335249511e-09 0.13150301846590912 0.12524414062500003 2.438542709871959e-10 0.13350053267045456 0.38378582894802099 7.7558733848230457e-10 0.42639072239398962 0.041831298515101117 5.1255173715208887e-11 4.3037202569702909e-11 0.062765403256064486 0.062590724074668119
decision_type=2 2 2 2 2 2 2 2 2 2 2 2 2 2 2 2 2 2 2 2 2 2 2 2 2 2 2 2 2 2
left_child=1 -1 3 -3 -5 -6 7 8 9 -7 11 13 -12 14 15 16 19 18 -18 25 28 -20 -13 -14 -25 26 27 -9 29 -21
right_child=-2 2 -4 4 5 6 -8 10 -10 -11 12 22 23 -15 -16 -17 17 -19 21 20 -22 -23 -24 24 -26 -27 -28 -29 -30 -31
leaf_value=-0.10010951033971938 0.10001087849396102 -0.10099483144837024 -0.10049336805107603 0.081105153114109818 -0.10300997689674302 0.10011201825993388 0.058788829692296179 -0.10064031346443657 0.075575337047000146 -0.1008057100937019 -0.10132008900060728 0.08711425500999341 0.055578576318491446 0.047897626898752259 -0.1010626774662655 0.075966614842130575 -0.10133579546970839 0.037407895658297718 0.088932784124361758 -0.10035346518001316 0.030220424926946671 -0.058746667558721669 -0.10093864929466279 -0.10223619603453259 0.033723131142186773 0.063320611702336091 -0.058789225320352217 0.093275386238576216 -0.10120053928050893 0.097131895875992122
leaf_weight=0.053591816938934111 0.054285088088363298 0.04154638027284896 0.042859358967689221 0.073064558084297793 0.096694577267044557 0.021488428115844727 0.17299607159475261 0.018403814268823426 0.18286699805321405 0.039492417483416697 0.060547677076101425 0.025838067349468363 0.38648508139158366 0.27985488242848067 0.13673526201091579 0.12453713667491673 0.31220975076666946 0.16538355197189958 0.072519416447903495 0.020943582141626393 0.14665048034294159 0.11384327159430541 0.19797260240284231 0.09372664606962644 0.16782627312932163 0.30974379556209897 0.11400690011032566 0.082651314447502955 0.16624915206557489 0.027073915287473937
leaf_count=780 32 109 300 33 155 1 61 68 40 151 104 10 56 56 81 28 406 38 19 80 60 338 313 91 125 42 56 37 399 7
internal_value=-0.00167346 -0.00314631 -0.00173966 -0.000580498 0.000575202 -0.00108844 0.00177642 -0.00124249 0.0491717 -0.0300063 -0.00530884 -0.0118692 0.0161208 -0.0046587 -0.0127805 -0.00557037 -0.0121229 -0.0386922 -0.0639357 0.00779394 -0.0328737 -0.00128008 -0.0792287 0.0270936 -0.0149975 0.0357617 -0.00393007 0.0579601 -0.0760572 0.0109956
internal_weight=3.80209 3.7478 3.69421 3.65135 3.60981 3.53674 3.44005 3.26705 0.243848 0.0609808 3.0232 2.31462 0.708586 2.09081 1.81095 1.67422 1.54968 0.663956 0.498572 0.885723 0.360917 0.186363 0.223811 0.648038 0.261553 0.524806 0.215062 0.101055 0.214267 0.0480175
internal_count=4076 4044 3264 2964 2855 2822 2667 2606 192 152 2414 2038 376 1715 1659 1578 1550 801 763 749 546 357 323 272 216 203 161 105 486 87
is_linear=0
shrinkage=0.1


Tree=93
num_leaves=31
num_cat=0
split_feature=5 12 12 8 9 10 8 18 18 4 14 10 6 15 13 3 17 17 18 15 19 2 2 0 3 1 9 1 11 2
split_gain=0.051856 0.068077 0.0563657 0.109317 0.0756414 0.0724148 0.052976 0.0763997 0.0744215 0.0617266 0.0605625 0.0551377 0.0508941 0.0499592 0.0986267 0.0594869 0.0601568 0.0846369 0.0714244 0.076207 0.0725764 0.153152 0.0573422 0.0567541 0.048731 0.0958113 0.0486605 0.0456246 0.0572854 0.0381957
threshold=0.041886386975833446 0.43542952835559851 0.40867368876934057 7.3108434186093854e-10 0.14470002857713757 3.2385919094085698 3.5254974852732161e-10 0.57066242628603847 0.46159718476701533 5.3094337421729198e-11 0.018348912708461288 2.8177106380462651 4.6079726212798044e-10 6.1614307924173786e-05 1.9176855087280276 0.10470253407061376 0.078768643465909102 0.089177911931818191 0.29628202429210604 4.3106230805278763e-05 1.4110429883003237 1.2214235930873302e-10 1.0725811006407804e-10 1.3853738243391202e-09 0.10279808254254774 0.33115441139532215 0.19944862071357122 0.19769803602111935 7.9306231026698992e-10 1.8379829378992757e-10
decision_type=2 2 2 2 2 2 2 2 2 2 2 2 2 2 2 2 2 2 2 2 2 2 2 2 2 2 2 2 2 2
left_child=1 2 3 5 -4 6 7 8 9 -1 -8 -9 -12 14 15 16 -11 -18 19 20 21 22 -19 -20 25 -15 -3 28 -2 -22
right_child=27 26 4 -5 -6 -7 10 11 -10 13 12 -13 -14 24 -16 -17 17 18 23 -21 29 -23 -24 -25 -26 -27 -28 -29 -30 -31
leaf_value=-0.10017347756642683 0.066318773753758095 -0.10066053618800397 -0.10085685389897531 -0.10165814521394152 0.071169216261027388 0.057555847870661647 -0.10139022206142001 -0.10221087821184571 0.050483819159592908 -0.10105207798147849 0.06868512614254868 0.032641858505425565 -0.1003166940012835 0.087487727904179288 -0.10100072519545336 -0.10191002904865987 0.093929719458405433 -0.10096235430436247 -0.1015536666396953 -0.10059528218155663 -0.0046868493439099577 -0.10089458503394728 0.063018850871557841 0.022455486392085215 0.099434239971700936 -0.10058690741557737 0.035965970694874845 0.030566036899381199 -0.10111256252917473 0.06636926383785452
leaf_weight=0.066937888959730851 0.030810598706011549 0.12394272178426025 0.029912107072959659 0.11948434115583939 0.17570285610236169 0.17885025141731592 0.12278876207165001 0.12338573400666053 0.27215756579244033 0.051664190821611444 0.052023055988684064 0.040197962342062965 0.027102133866719669 0.058083411771803983 0.1073073799470875 0.055388714332366251 0.10662151675205656 0.024494890541973291 0.10956540471215703 0.055250061199330958 0.10014418003083847 0.12482520466073765 0.16477767410106026 0.055650330148637295 0.089356815995415673 0.050756647891830653 0.033010874227329623 0.66853351430745533 0.06068052290356718 0.30930028858529113
leaf_count=1534 16 322 63 191 72 27 171 97 88 34 30 6 63 3 138 66 6 79 97 47 63 173 45 6 7 69 232 227 61 43
internal_value=-0.00168826 -0.00791918 -0.0041591 -0.00835313 0.0461435 -0.00360228 -0.00864807 -0.00363806 0.00230113 -0.00626894 -0.0574263 -0.0690731 0.0107983 -0.001973 -0.00928713 -0.00078605 0.00429529 0.00947569 -6.30148e-05 0.0126062 0.0212503 -0.0149098 0.0417971 -0.0597831 0.0447094 -0.000219299 -0.0719249 0.0215022 -0.0447283 0.04899
internal_weight=3.58871 2.82868 2.67173 2.46611 0.205615 2.34663 2.16778 1.96587 1.80228 1.53012 0.201914 0.163584 0.0791252 1.46319 1.26499 1.15768 1.10229 1.05063 0.944008 0.778792 0.723542 0.314098 0.189273 0.165216 0.198197 0.10884 0.156954 0.760025 0.0914911 0.409444
internal_count=4076 3772 3218 3083 135 2892 2865 2601 2498 2410 264 103 93 876 797 659 593 559 553 450 403 297 124 103 79 72 554 304 77 106
is_linear=0
shrinkage=0.1


Tree=94
num_leaves=31
num_cat=0
split_feature=3 5 7 0 14 9 8 9 10 5 4 17 12 17 7 7 10 18 13 1 18 7 7 12 12 1 19 5 17 13
split_gain=0.0499928 0.0431025 0.0428349 0.0387435 0.0343274 0.0338699 0.0603336 0.0529413 0.0657279 0.062147 0.0826489 0.0473764 0.0472161 0.106425 0.0562397 0.0504969 0.05488 0.0431003 0.0503342 0.0808374 0.162208 0.0508589 0.115933 0.0538897 0.0960585 0.0841468 0.0439797 0.118676 0.054023 0.103657
threshold=0.16971249701348964 0.022681084575069028 0.13257460872202437 2.1591779031540135e-10 0.027585116215050224 0.19190490702001861 8.9987058968708963e-10 0.12639027049153298 3.2493721246719365 0.035200079964334399 1.1493914217109024e-10 0.15553977272727273 0.36314603686332708 0.13924893465909091 0.10187346638950993 0.077025137922728817 2.7778192758560185 -0.20074696174230086 1.4275459647178652 0.22897615670322521 -0.019042714901099145 0.099753497673884847 0.088958214531440968 0.28863306343555456 0.25563511252403265 0.30783822187224053 2.8598670959472661 0.045437767453395984 0.088356711647727279 1.599553167819977
decision_type=2 2 2 2 2 2 2 2 2 2 2 2 2 2 2 2 2 2 2 2 2 2 2 2 2 2 2 2 2 2
left_child=1 -1 3 -3 5 6 7 8 11 10 -9 12 13 14 17 16 -14 -5 -19 20 -20 22 23 24 26 -25 28 -28 -21 -30
right_child=-2 2 -4 4 -6 -7 -8 9 -10 -11 -12 -13 15 -15 -16 -17 -18 18 19 21 -22 -23 -24 25 -26 -27 27 -29 29 -31
leaf_value=-0.10006610457741889 0.1000095473180812 -0.10012832542935315 -0.10062244547602808 0.059508898433578039 -0.10044393912462371 0.087125584707188772 -0.076587201302412408 0.057662092277369882 -0.10099375530976991 0.082273601562682624 -0.053704589989468358 -0.10045304463099053 0.094097418990770981 -0.10110237573351427 -0.10091541985364683 0.083114901284702863 -0.10071239628305964 0.048848776292753568 0.045855757225379989 0.051026621432642652 -0.10129782406015596 0.084879932203839673 -0.10099122385907285 0.067508759085246048 -0.079928116127312834 -0.051302100430059498 -0.10200295381598719 0.093812604174145636 0.060238630751752766 -0.051798525649227239
leaf_weight=0.045273222751348707 0.047641264274716266 0.038583146523706868 0.043310655434652179 0.13637004236625694 0.033224425286789372 0.045779292260703985 0.098386148065401247 0.14104224928996689 0.065942598030232946 0.17073660067399032 0.12632275179203134 0.045981604872394999 0.023396243239403591 0.10356223922281049 0.051227038453362073 0.13534569714465761 0.037863607920371578 0.20126994062957226 0.11633856498156092 0.3173202810976361 0.21034943105769333 0.077584428177942644 0.10193455209446245 0.28483324688204448 0.13794538854654093 0.075388415887573501 0.097570790137979202 0.045329883636441082 0.13914813509654778 0.20313157577220409
leaf_count=988 32 467 324 31 195 5 144 69 59 21 36 239 19 256 65 38 56 47 61 108 268 11 48 75 125 48 61 4 11 165
internal_value=-0.00170805 -0.00315439 -0.00182694 -0.000515166 0.000677202 0.00173036 0.000487064 0.00297662 -0.00242699 0.0351421 0.00504434 0.000130061 0.00198308 -0.00203881 0.00263353 0.0490191 -0.026311 0.00510705 0.0014127 -0.00387126 -0.0488942 0.00606563 0.00170605 0.00975453 -0.00284307 0.0426436 0.0104074 -0.0398878 0.0213038 -0.00625168
internal_weight=3.39813 3.35049 3.30522 3.26191 3.22333 3.1901 3.14432 3.04594 2.60783 0.438102 0.267365 2.54189 2.49591 2.2993 2.19574 0.196606 0.0612599 2.14451 2.00814 1.80687 0.326688 1.48019 1.4026 1.30067 0.940446 0.360222 0.802501 0.142901 0.6596 0.34228
internal_count=4076 4044 3056 2732 2265 2070 2065 1921 1795 126 105 1736 1497 1384 1128 113 75 1063 1032 985 329 656 645 597 474 123 349 65 284 176
is_linear=0
shrinkage=0.1


Tree=95
num_leaves=31
num_cat=0
split_feature=3 6 3 19 12 9 7 18 7 9 8 8 6 9 7 17 8 10 10 11 6 12 9 17 15 0 15 3 18 7
split_gain=0.0452117 0.0463592 0.0388606 0.0329578 0.03368 0.0440605 0.0771363 0.0588139 0.0544546 0.0557582 0.0414017 0.0775501 0.0529072 0.0812683 0.0522926 0.0594978 0.0461504 0.0736029 0.0625622 0.1105 0.0603953 0.0713017 0.065564 0.0503659 0.0540871 0.0714708 0.0875232 0.0767631 0.0713478 0.0799179
threshold=0.13909685373941569 9.050902568741116e-10 0.058303159313682469 6.2197077274322519 0.14317614585161212 0.0078141945104628491 0.022387357546960463 0.64799505070021224 0.02755351756494202 0.021004155909845269 5.1255173715208887e-11 6.8043224908945185e-11 1.0015219611161383e-10 0.042682368337656686 0.050852743960693746 0.058749112215909095 7.3250066613669934e-11 2.4312239885330205 2.4480400085449223 1.4158937911012972e-09 2.113498321389474e-10 0.28863306343555456 0.040770714542234694 0.10975230823863637 6.1614307924173786e-05 5.9374824111155255e-10 4.8559857532382018e-05 0.073252157882667632 -0.11938256355510515 0.089560242296233536
decision_type=2 2 2 2 2 2 2 2 2 2 2 2 2 2 2 2 2 2 2 2 2 2 2 2 2 2 2 2 2 2
left_child=1 2 -1 4 -4 -6 -7 8 -8 -10 -11 -12 13 -13 15 -14 -16 -18 -19 -20 22 -22 -21 -23 25 -25 -27 -28 -29 -30
right_child=-2 -3 3 -5 5 6 7 -9 9 10 11 12 14 -15 16 -17 17 18 19 20 21 23 -24 24 -26 26 27 28 29 -31
leaf_value=-0.10009412981493526 0.059336439034428062 -0.10007026021508068 -0.10093080273094153 -0.10066682777910976 0.087684612826136238 -0.10225515116788896 0.048126448588032222 0.065169423996075768 -0.10091405524686602 0.068996519114750576 -0.1015072661668989 -0.10114591903789012 0.098169555295968866 0.093841827432623981 0.091297445274300754 -0.10125873625979601 -0.10074562507340251 0.082730410122046252 -0.10089322849206109 -0.1010497499089904 -0.077479091002991302 -0.10118960645823777 0.051305965521425079 0.046712288741433412 0.037036415309247832 -0.10122305226477422 -0.10109175986669394 0.08809720273312352 0.031015532576543388 -0.069494402087030394
leaf_weight=0.040211118146545544 0.11697299857041787 0.049424905288105836 0.032717822130508334 0.032902712949180457 0.057609373347077386 0.072814615018615192 0.20558481926309546 0.14002114920185693 0.05969264067243818 0.077151803872766656 0.08113812790361441 0.026289513114534535 0.017627249515499321 0.11434337481659895 0.051486024733094271 0.098860434163725586 0.076523962574356008 0.085784851455173228 0.11190845096825786 0.030915037317754357 0.13342994543927478 0.047503385867457726 0.32709089445597783 0.1702122973383664 0.34299447364901425 0.12490664483266301 0.07409523417300079 0.090152230579409687 0.18253278189876798 0.13961974031371938
leaf_count=739 48 582 99 60 29 149 185 52 69 187 181 116 3 110 13 116 167 30 271 14 60 33 182 146 155 106 65 4 40 65
internal_value=-0.00169148 -0.00399757 -0.00243874 -0.00113237 -3.08055e-05 0.00109195 -0.000638574 0.00199471 -0.00131852 -0.00544354 -0.00307352 -0.00546258 -0.00199333 0.0573914 -0.00595955 -0.0710807 -0.00214597 -0.00462886 -0.000676867 -0.00470708 0.00176383 -0.0082146 0.0381495 -0.000329079 0.00393162 -0.0105975 -0.0265548 -0.00738013 0.00946077 -0.0125451
internal_weight=3.21252 3.09555 3.04612 3.00591 2.97301 2.94029 2.88268 2.80987 2.66984 2.46426 2.40457 2.32741 2.24628 0.140633 2.10564 0.116488 1.98916 1.93767 1.86115 1.77536 1.66345 1.30545 0.358006 1.17202 1.12451 0.781519 0.611307 0.4864 0.412305 0.322153
internal_count=4076 4028 3446 2707 2647 2548 2519 2370 2318 2133 2064 1877 1696 226 1470 119 1351 1338 1171 1141 870 674 196 614 581 426 280 174 109 105
is_linear=0
shrinkage=0.1


Tree=96
num_leaves=31
num_cat=0
split_feature=3 5 18 13 13 13 4 17 11 13 1 5 17 19 12 13 5 17 5 4 8 6 0 14 0 5 9 12 14 3
split_gain=0.0425925 0.0377613 0.041147 0.0491778 0.0395366 0.118191 0.0750633 0.066297 0.0683277 0.0839826 0.0506818 0.0653986 0.0660927 0.0501372 0.121264 0.0726593 0.0819083 0.0492702 0.0469713 0.0843691 0.0410789 0.0400454 0.0675243 0.0552685 0.0485797 0.0909205 0.103092 0.0630947 0.123035 0.0611187
threshold=0.16971249701348964 0.028058106685736214 -0.13323858200403096 1.5833843350410464 2.1689146757125859 2.0138945579528813 2.7568234219878571e-10 0.16541637073863638 3.3467432158929004e-09 1.8886741995811465 0.35599877198569213 0.031408495556944187 0.080211292613636381 0.92106446623802196 0.29694935679435736 2.224845409393311 0.028277061556284212 0.085116299715909102 0.034122098390002527 1.1729237096061632e-10 4.6672460058772231e-10 2.6466405015196744e-10 5.9374824111155255e-10 0.01379236811771989 4.9023157325718428e-10 0.03187447057498214 0.036187794849186279 0.2900874018669129 0.0092139858752489107 0.07036760975139994
decision_type=2 2 2 2 2 2 2 2 2 2 2 2 2 2 2 2 2 2 2 2 2 2 2 2 2 2 2 2 2 2
left_child=1 2 -1 -4 5 6 7 8 9 10 11 17 -13 -6 -15 -16 -17 -3 19 -10 -21 24 23 -23 25 -14 29 28 -26 -27
right_child=-2 4 3 -5 13 -7 -8 -9 18 -11 -12 12 21 14 15 16 -18 -19 -20 20 -22 22 -24 -25 27 26 -28 -29 -30 -31
leaf_value=0.055595865964043645 0.10000814106688725 0.085484444834088513 0.025316227867998083 -0.10022705260345133 0.095858103845001943 -0.10100929247119615 -0.1006591161058227 -0.10091044443574278 0.06627122343330423 -0.10120304916234678 0.09809150206089455 -0.10096843467309247 0.065435681494142361 -0.10096485931891541 0.075012234146708073 0.1001597481604319 -0.10059388796218223 -0.10079265049677757 0.069925161852599213 0.037072624601067722 -0.10173232503537188 -0.10149359629315675 -0.10092289732105203 0.051365580512571708 0.042447728935929248 0.089048230601306844 -0.10094776005536735 0.070274175255558971 -0.071064639553951786 -0.0435230499261402
leaf_weight=0.033117808270617388 0.040624909859616198 0.016591663092187736 0.042493110478972862 0.1174258718465353 0.085711033316329011 0.12236349793965917 0.071812541021245013 0.0594159364918595 0.11037309082530544 0.083211843390017637 0.052918724773917236 0.056982775931828544 0.10986126456191392 0.076576183234465134 0.19574784267206269 0.030615359544754028 0.06045778649058775 0.098472992114693625 0.24723317283132928 0.030470248348137829 0.071007398294568702 0.031175336693195166 0.083436617984261829 0.098034697079128819 0.32761645283244434 0.066404193095877417 0.14434060488656542 0.2689963817183525 0.13476567686666385 0.073011543627217179
leaf_count=117 32 10 541 1354 15 124 292 232 25 56 4 25 33 64 33 1 105 338 58 9 49 18 41 55 45 23 224 37 47 69
internal_value=-0.00169866 -0.00307565 -0.0458579 -0.0668681 -0.00013415 -0.00531248 -7.58499e-05 0.00326152 0.00620202 -0.00331359 0.0018992 -0.0014726 0.00450577 0.0270599 0.0108331 0.0406812 -0.0331081 -0.0739326 0.0403156 0.00576077 -0.060054 0.00899891 -0.0307983 0.0144843 0.0165214 -0.0118047 -0.0417096 0.031766 0.00936347 0.0196211
internal_weight=3.04127 3.00064 0.193037 0.159919 2.8076 2.3585 2.23613 2.16432 2.1049 1.64582 1.56261 1.50969 1.39463 0.449108 0.363397 0.286821 0.0910731 0.115065 0.459084 0.211851 0.101478 1.33764 0.212647 0.12921 1.125 0.393618 0.283756 0.731379 0.462382 0.139416
internal_count=4076 4044 2012 1895 2032 1814 1690 1398 1166 1025 969 965 617 218 203 139 106 348 141 83 58 592 114 73 478 349 316 129 92 92
is_linear=0
shrinkage=0.1


Tree=97
num_leaves=31
num_cat=0
split_feature=3 3 7 11 5 1 17 6 18 3 11 4 5 18 1 5 19 3 3 5 5 1 1 6 4 2 18 17 18 3
split_gain=0.0385329 0.0347841 0.0331215 0.0315349 0.0303875 0.0728144 0.0777187 0.0510187 0.0479187 0.0409711 0.0665856 0.0660245 0.0735798 0.0720294 0.0872331 0.066196 0.0645338 0.0605178 0.0535864 0.0593441 0.0853947 0.0666359 0.0633299 0.0611122 0.0711624 0.0771138 0.047946 0.0639662 0.0395332 0.0532983
threshold=0.16971249701348964 0.058303159313682469 0.13257460872202437 7.1022340786264248e-10 0.031196635103069834 0.3067959279214888 0.16490589488636367 4.4018747757410974e-10 0.11978475979148327 0.085812365380081565 1.1885274986411789e-09 7.0717883951185897e-11 0.038648396307966335 0.28402147365903313 0.50960948109586879 0.042329135159351015 2.979026317596436 0.097198942317209866 0.083817697201086436 0.031767594336466164 0.03276487404582714 0.31031981038164463 0.25515374387778017 8.4990791520833439e-11 7.27061891299302e-11 2.1874108143491648e-10 0.441632314643357 0.13998135653409094 0.20191268152980643 0.0839916972326053
decision_type=2 2 2 2 2 2 2 2 2 2 2 2 2 2 2 2 2 2 2 2 2 2 2 2 2 2 2 2 2 2
left_child=1 -1 3 -3 5 6 -5 28 -8 18 -11 -12 16 14 15 -14 17 26 19 -6 -21 22 23 -22 -25 -26 27 -13 29 -7
right_child=-2 2 -4 4 9 7 8 -9 -10 10 11 12 13 -15 -16 -17 -18 -19 -20 20 21 -23 -24 24 25 -27 -28 -29 -30 -31
leaf_value=-0.10008691281390097 0.10000736573950647 -0.10033839678166941 -0.10053263244939664 -0.10085424335285548 0.075341997270629679 -0.10101257571550225 0.079371409519629968 -0.10048125078805802 -0.10118280996608604 -0.10112192193057012 0.064754724365943553 -0.100794732631541 0.016722748944102955 0.051514127312109304 0.096460279408850047 -0.1010440002466253 -0.10151149658782227 -0.078129457172781178 0.074840838391784556 -0.10082218509543095 0.088232114911576953 -0.10078353068907142 0.060673798051036815 -0.10074000095789311 0.03300877449653427 -0.10076354909331503 0.094491433715839249 0.074189301243417688 0.049683486969675644 0.029697858317692172
leaf_weight=0.036457155339122305 0.036759208654984721 0.031316400778451547 0.033546964456945605 0.16296357297142128 0.12320299282146174 0.051094349868435529 0.048951577266052482 0.03843723176214553 0.021006981293794524 0.071022076661392708 0.13274987656950543 0.046575848680731724 0.079790573472564574 0.25245172012546391 0.04803004530549515 0.11878446613445703 0.1303999709944037 0.090047193024929584 0.15352631699170161 0.07494814686015161 0.061019717722956557 0.049114613475467195 0.2408233821442991 0.08346191554392135 0.20788031469601265 0.054360962027203641 0.06019283807836473 0.037881984007071878 0.19646323468987248 0.080101110977921053
leaf_count=780 32 298 287 1101 33 155 75 131 79 85 27 32 45 55 9 79 67 41 40 60 14 64 46 128 69 50 4 13 129 48
internal_value=-0.00171512 -0.00304269 -0.00177011 -0.000563821 0.000586918 -0.0192971 -0.0630071 0.00851257 0.025155 0.00621519 -0.00757067 -0.00090583 -0.0109925 0.0139657 -0.0244729 -0.0537235 -0.0451082 -0.01377 0.0202586 0.0108938 0.000603292 0.0115148 0.0200324 -0.0040317 -0.0203171 0.00527862 0.0262947 -0.0223089 0.0212985 -0.0212076
internal_weight=2.85336 2.8166 2.78015 2.7466 2.71528 0.599018 0.232922 0.366096 0.0699586 2.11626 1.06793 0.996905 0.864155 0.499057 0.246605 0.198575 0.365098 0.234698 1.04834 0.894812 0.771609 0.696661 0.647546 0.406723 0.345703 0.262241 0.144651 0.0844578 0.327659 0.131195
internal_count=4076 4044 3264 2977 2679 1718 1255 463 154 961 457 372 345 188 133 124 157 90 504 464 431 371 307 261 247 119 49 45 332 203
is_linear=0
shrinkage=0.1


Tree=98
num_leaves=31
num_cat=0
split_feature=3 5 7 15 14 9 8 9 10 5 6 19 17 0 1 7 15 7 7 10 8 14 15 13 17 17 2 12 7 6
split_gain=0.0348636 0.0323645 0.0313153 0.0293041 0.0272354 0.0257039 0.0490341 0.0395703 0.0499926 0.0449658 0.0644469 0.0450378 0.0428422 0.0329447 0.0648335 0.0471342 0.0454471 0.0332222 0.0490364 0.0506806 0.0759321 0.0607348 0.0437698 0.0953446 0.0898608 0.0683316 0.0398348 0.0358751 0.138574 0.0358675
threshold=0.16971249701348964 0.022681084575069028 0.13257460872202437 2.5809687031141951e-05 0.027585116215050224 0.19190490702001861 8.9987058968708963e-10 0.12639027049153298 3.2493721246719365 0.035200079964334399 5.0221210973411495e-10 2.5783989429473881 0.15553977272727273 2.6120104792781207e-10 0.18626537836721044 0.10187346638950993 2.5903894311340995e-05 0.097528578319457895 0.09410431230356911 3.1540213823318486 2.4899201605367178e-10 0.013699776958674194 3.8865333408466547e-05 1.621868968009949 0.11914062500000001 0.087091619318181837 2.2587872276516851e-10 0.19940793514251712 0.050852743960693746 2.113498321389474e-10
decision_type=2 2 2 2 2 2 2 2 2 2 2 2 2 2 2 2 2 2 2 2 2 2 2 2 2 2 2 2 2 2
left_child=1 -1 3 -3 5 6 7 8 12 10 11 -9 13 -5 16 17 -15 18 19 20 22 -22 23 24 25 -16 -26 -24 -29 -30
right_child=-2 2 -4 4 -6 -7 -8 9 -10 -11 -12 -13 -14 14 15 -17 -18 -19 -20 -21 21 -23 27 -25 26 -27 -28 28 29 -31
leaf_value=-0.10005149050409595 0.10000666543839026 -0.10032913474284694 -0.10046152340078063 0.04863265090902745 -0.10036413915242065 0.085720591149065758 -0.07601267383282595 0.069989290756974937 -0.10069649473563164 0.078634431734814617 -0.10067681236312086 -0.039660485060767595 -0.10027864503050143 0.099822074575558362 -0.051089356835605906 -0.10075615169601924 -0.1008059074609067 0.054018521528001046 -0.10086934762455585 0.081734732415945061 0.031644504568771575 -0.10087321830004006 0.067966800133493571 -0.10090254428742612 -0.10118319213358387 0.065094652513370974 0.033509223204748188 -0.090807956976149129 0.053326937890979392 -0.004775240799435105
leaf_weight=0.033930834368221308 0.033261328935623058 0.029101226687999637 0.031753310127896728 0.14237230902927223 0.026448336579960485 0.035845224236254469 0.081175765615171147 0.11322880062471075 0.050355464521999127 0.1375014698060113 0.045219197605547379 0.055978919736844546 0.041575882818506105 0.012826291656892752 0.065881597867700981 0.042391382603454875 0.094311228403057612 0.1327639804330828 0.045082190277753287 0.081362762342905515 0.048674111665604758 0.11948347070665477 0.15035763662672252 0.10060470291591628 0.085449690972382086 0.21853210462359129 0.029550422972533852 0.10538078847002907 0.34457452690185164 0.15361222518549766
leaf_count=988 32 312 324 134 199 5 154 42 59 25 50 28 363 2 39 83 177 31 31 16 30 139 36 382 83 41 3 99 111 58
internal_value=-0.00173841 -0.00301289 -0.00175684 -0.000546561 0.000587494 0.00164113 0.000434742 0.00300218 -0.00227974 0.0339969 0.00537306 0.0337139 0.00017998 0.00229666 -0.00130659 0.00338494 -0.0767871 0.00601069 0.00189475 0.00497619 0.0005846 -0.0625153 0.00904648 -0.0138949 0.00802066 0.0381818 -0.0665726 0.0242617 0.0133741 0.0354116
internal_weight=2.68859 2.65533 2.6214 2.58964 2.56054 2.53409 2.49825 2.41707 2.06514 0.351928 0.214427 0.169208 2.01479 1.97321 1.83084 1.7237 0.107138 1.68131 1.54855 1.50346 1.4221 0.168158 1.25394 0.500019 0.399414 0.284414 0.115 0.753925 0.603568 0.498187
internal_count=4076 4044 3056 2732 2420 2221 2216 2062 1917 145 120 70 1858 1495 1361 1182 179 1099 1068 1037 1021 169 852 548 166 80 86 304 268 169
is_linear=0
shrinkage=0.1


Tree=99
num_leaves=31
num_cat=0
split_feature=5 12 10 6 5 5 5 18 3 3 10 8 13 15 17 15 3 0 3 17 0 9 12 18 12 6 2 12 19 8
split_gain=0.0335771 0.0472308 0.036938 0.0840101 0.0687613 0.038994 0.0881031 0.0579106 0.0792536 0.054069 0.0371444 0.0479577 0.0459204 0.109398 0.063466 0.0618068 0.0532553 0.0525182 0.0607093 0.0891998 0.0529883 0.0338935 0.0329795 0.0328598 0.0391012 0.0535664 0.105147 0.0326363 0.0315472 0.0260172
threshold=0.041886386975833446 0.43542952835559851 3.2385919094085698 4.4018747757410974e-10 0.035200079964334399 0.034792237288990009 0.034350309739932354 -0.029246859009038995 0.098019420374400493 0.10470253407061376 2.0836529731750493 1.7371535183922302e-11 1.5043211579322817 3.9618573282496079e-05 0.13924893465909091 4.0543018258176751e-05 0.07268101688358472 1.9644456917374368e-09 0.073825131021554774 0.088356711647727279 2.3674065586095001e-09 0.19944862071357122 0.22520948946475985 0.67675273507748834 0.20098752528429034 5.635973009101349e-10 1.7387014044826563e-10 0.36314603686332708 0.45100817084312445 9.5874527210657326e-10
decision_type=2 2 2 2 2 2 2 2 2 2 2 2 2 2 2 2 2 2 2 2 2 2 2 2 2 2 2 2 2 2
left_child=1 2 5 -4 -5 6 10 -7 -9 -10 -1 -12 14 -14 -13 -15 -17 18 -18 -20 -19 -3 -11 24 -2 26 -26 28 -22 -27
right_child=23 21 3 4 -6 7 -8 8 9 22 11 12 13 15 -16 16 17 20 19 -21 27 -23 -24 -25 25 29 -28 -29 -30 -31
leaf_value=-0.1004172987480841 0.07972014611333586 -0.1004574760808294 0.08254050853435245 -0.10126748895704787 0.043093734428110132 0.023614488391626491 0.066971751280770181 -0.10102784666294554 0.059925585139875961 0.038592850211971744 0.10010406438348184 0.059807004283793479 -0.10091936130941444 0.075819923300164765 -0.10025002613602914 -0.1004749567901323 0.084101169857059177 0.076509758818699244 0.054911146370995395 -0.10084728538379251 0.065428754529902697 0.035970776195792101 -0.10132859623702346 0.10008203400166898 0.048635581551913297 0.065089664414536577 -0.079423910648476717 0.096232768469420374 -0.10076834221573017 -0.031485702376493861
leaf_weight=0.044846774507277809 0.074166960101137991 0.086328384523312596 0.14395107602467749 0.064932362702165847 0.067081039142976806 0.12449486672085186 0.16747035622847761 0.18106335840730015 0.071820818306150613 0.024033590007093153 0.039837734773755074 0.14935876122126501 0.14502221636166723 0.083534333501120273 0.029699979551878641 0.066448923216739786 0.034798514323483687 0.1167470260297705 0.049997209413959354 0.1389465299753283 0.014932450094420346 0.023077887543877296 0.056319554306355712 0.046906714327633381 0.10867106478326605 0.13440463593633467 0.15638736864275415 0.016482860302858171 0.048572552317637019 0.035200862227611651
leaf_count=662 25 322 16 87 38 73 47 261 14 17 2 58 932 49 286 290 9 28 23 189 6 232 39 3 43 68 65 6 86 100
internal_value=-0.00173789 -0.00780752 -0.00409127 0.0297032 -0.0279121 -0.00990398 -5.43432e-05 -0.034579 -0.0563196 -0.00312374 -0.0115174 -0.00725049 -0.0120314 -0.0233659 0.0332588 -0.0036503 -0.0172838 -0.00413689 -0.0372767 -0.0596314 0.0335523 -0.0716796 -0.0594782 0.0199942 0.0126113 0.00116047 -0.0269209 -0.0291466 -0.0616891 0.0450459
internal_weight=2.54554 1.9898 1.88039 0.275964 0.132013 1.60443 1.1467 0.457732 0.333237 0.152174 0.979226 0.934379 0.894541 0.715483 0.179059 0.57046 0.486926 0.420477 0.223742 0.188944 0.196735 0.109406 0.0803531 0.555738 0.508831 0.434664 0.265058 0.0799879 0.063505 0.169605
internal_count=4076 3772 3218 141 125 3077 2673 404 331 70 2626 1964 1962 1618 344 686 637 347 221 212 126 554 56 304 301 276 108 98 92 168
is_linear=0
shrinkage=0.1


end of trees

feature_importances:
rel_bp_alpha=329
rel_bp_theta=268
kurtosis=225
hjorth_complexity=224
skewness=220
zero_crossing_rate=189
bp_alpha=177
bp_delta=169
rel_bp_beta=154
bp_beta=146
bp_theta=132
rel_bp_delta=129
rel_bp_gamma=117
spectral_entropy=111
bp_gamma=100
line_length=99
hjorth_mobility=89
rms_amplitude=71
hjorth_activity=51

parameters:
[boosting: gbdt]
[objective: binary]
[metric: binary_logloss]
[tree_learner: serial]
[device_type: cpu]
[data_sample_strategy: bagging]
[data: ]
[valid: ]
[num_iterations: 100]
[learning_rate: 0.1]
[num_leaves: 31]
[num_threads: 2]
[seed: 42]
[deterministic: 0]
[force_col_wise: 0]
[force_row_wise: 0]
[histogram_pool_size: -1]
[max_depth: -1]
[min_data_in_leaf: 20]
[min_sum_hessian_in_leaf: 0.001]
[bagging_fraction: 1]
[pos_bagging_fraction: 1]
[neg_bagging_fraction: 1]
[bagging_freq: 0]
[bagging_seed: 400]
[bagging_by_query: 0]
[feature_fraction: 1]
[feature_fraction_bynode: 1]
[feature_fraction_seed: 30056]
[extra_trees: 0]
[extra_seed: 12879]
[early_stopping_round: 0]
[early_stopping_min_delta: 0]
[first_metric_only: 0]
[max_delta_step: 0]
[lambda_l1: 0]
[lambda_l2: 0]
[linear_lambda: 0]
[min_gain_to_split: 0]
[drop_rate: 0.1]
[max_drop: 50]
[skip_drop: 0.5]
[xgboost_dart_mode: 0]
[uniform_drop: 0]
[drop_seed: 17869]
[top_rate: 0.2]
[other_rate: 0.1]
[min_data_per_group: 100]
[max_cat_threshold: 32]
[cat_l2: 10]
[cat_smooth: 10]
[max_cat_to_onehot: 4]
[top_k: 20]
[monotone_constraints: ]
[monotone_constraints_method: basic]
[monotone_penalty: 0]
[feature_contri: ]
[forcedsplits_filename: ]
[refit_decay_rate: 0.9]
[cegb_tradeoff: 1]
[cegb_penalty_split: 0]
[cegb_penalty_feature_lazy: ]
[cegb_penalty_feature_coupled: ]
[path_smooth: 0]
[interaction_constraints: ]
[verbosity: -1]
[saved_feature_importance_type: 0]
[use_quantized_grad: 0]
[num_grad_quant_bins: 4]
[quant_train_renew_leaf: 0]
[stochastic_rounding: 1]
[linear_tree: 0]
[max_bin: 255]
[max_bin_by_feature: ]
[min_data_in_bin: 3]
[bin_construct_sample_cnt: 200000]
[data_random_seed: 175]
[is_enable_sparse: 1]
[enable_bundle: 1]
[use_missing: 1]
[zero_as_missing: 0]
[feature_pre_filter: 1]
[pre_partition: 0]
[two_round: 0]
[header: 0]
[label_column: ]
[weight_column: ]
[group_column: ]
[ignore_column: ]
[categorical_feature: ]
[forcedbins_filename: ]
[precise_float_parser: 0]
[parser_config_file: ]
[objective_seed: 16083]
[num_class: 1]
[is_unbalance: 0]
[scale_pos_weight: 1]
[sigmoid: 1]
[boost_from_average: 1]
[reg_sqrt: 0]
[alpha: 0.9]
[fair_c: 1]
[poisson_max_delta_step: 0.7]
[tweedie_variance_power: 1.5]
[lambdarank_truncation_level: 30]
[lambdarank_norm: 1]
[label_gain: ]
[lambdarank_position_bias_regularization: 0]
[eval_at: ]
[multi_error_top_k: 1]
[auc_mu_weights: ]
[num_machines: 1]
[local_listen_port: 12400]
[time_out: 120]
[machine_list_filename: ]
[machines: ]
[gpu_platform_id: -1]
[gpu_device_id: -1]
[gpu_use_dp: 0]
[num_gpu: 1]

end of parameters

pandas_categorical:[]
