tree
version=v4
num_class=1
num_tree_per_iteration=1
label_index=0
max_feature_idx=19
objective=binary sigmoid:1
feature_names=bp_delta rel_bp_delta bp_theta rel_bp_theta bp_alpha rel_bp_alpha bp_beta rel_bp_beta bp_gamma rel_bp_gamma spectral_entropy hjorth_activity hjorth_mobility hjorth_complexity line_length rms_amplitude variance zero_crossing_rate skewness kurtosis
feature_infos=[5.4795647896016039e-11:1.3547339314750656e-08] [0.044077496503835217:0.81708207872869909] [2.9206722701647317e-11:2.0748840169678502e-09] [0.023995220579389753:0.28862773668914099] [1.1803869826711388e-11:5.8454041782535844e-10] [0.0057381259366141805:0.16585446114336302] [1.0266290576567282e-11:2.5547859089168779e-09] [0.0030658975922159882:0.22273231459231593] [5.0273677632395566e-12:2.3182081762425492e-09] [0.0007491153091784725:0.2506505632979486] [0.9961438775062561:4.5864348411560059] [1.8027529469222259e-10:2.5224188959782623e-08] [0.073591597378253937:0.64321321249008179] [0.99378186464309692:4.3145370483398438] [0.0035491436719894409:0.036119226366281509] [1.3350264453038108e-05:0.0001402324705850333] [1.8027529469222259e-10:2.5224188959782623e-08] [0.0234375:0.27565696022727271] [-1.2613649720495397:1.7298814589157701] [-0.43475416302680969:66.247322082519531]
tree_sizes=3413 3419 3417 3428 3416 3427 3404 3421 3435 3419 3428 3439 3439 3441 3429 3435 3418 3433 3423 3432 3420 3453 3421 3434 3439 3462 3452 3458 3448 3453 3444 3462 3465 3450 3471 3467 3432 3457 3459 3442 3438 3463 3439 3438 3458 3450 3448 3442 3466 3456 3434 3470 3466 3454 3448 3454 3464 3472 3448 3443 3469 3438 3437 3459 3468 3462 3468 3460 3457 3485 3443 3474 3472 3446 3507 3466 3456 3456 3486 3486 3461 3464 3455 3444 3497 3460 3484 3439 3465 3470 3457 3484 3456 3476 3467 3460 3498 3459 3485 3466

Tree=0
num_leaves=31
num_cat=0
split_feature=17 8 2 15 3 13 12 4 14 17 4 14 6 5 7 14 12 12 14 14 3 5 7 14 10 7 14 12 14 8
split_gain=6093.07 567.882 535.604 493.843 423.443 325.065 221.846 160.014 134.457 115.091 108.672 106.864 83.9754 150.591 90.9412 108.516 77.9291 76.4649 69.4188 68.6799 66.269 56.0957 52.6634 83.5886 189.867 72.4654 65.7272 71.6993 65.3314 51.4896
threshold=0.083340731534090925 1.0804311902072802e-11 9.2852898231670201e-10 6.8665714934468283e-05 0.08999968807101362 1.180421829223633 0.14400495588779452 3.6161889362696093e-11 0.0050388814415782699 0.056174538352272735 8.7857966901733777e-11 0.0062647839076817044 5.2360361577389557e-11 0.030309564885620376 0.016643247970197034 0.0057612790260463962 0.1430047228932381 0.12722242623567584 0.0055877629201859244 0.007056969916447998 0.18689837506175852 0.097567285911192486 0.021237744838119101 0.0054285624064505109 2.0787638425827031 0.013393510290812137 0.0054062644485384235 0.15103743225336078 0.0052620093338191518 1.09137896920004e-11
decision_type=2 2 2 2 2 2 2 2 2 2 2 2 2 2 2 2 2 2 2 2 2 2 2 2 2 2 2 2 2 2
left_child=1 4 5 9 22 8 7 -6 10 11 16 -3 13 18 15 -15 -2 -7 -9 -17 29 -8 23 24 25 28 -24 -28 -1 -11
right_child=2 3 -4 -5 6 17 21 12 -10 20 -12 -13 -14 14 -16 19 -18 -19 -20 -21 -22 -23 26 -25 -26 -27 27 -29 -30 -31
leaf_value=-0.13115342308774322 0.10540501154189995 0.10225153828771871 0.19476906078829584 0.16107591895209969 -0.1999999515443055 0.07830449188106578 -0.1999999515443055 -0.025602006497439069 -0.1999999515443055 0.0016263056604615062 0.16783136561582832 -0.1999999515443055 0.14848049920029255 -0.1999999515443055 0.10501927217389138 0.037453103986041639 -0.1537695299069983 -0.19640221893270551 0.13075652801085061 -0.1999999515443055 0.089306787060861537 0.052679517981919229 0.18122522640054514 0.16701148544117628 -0.1999999515443055 0.13497055253872034 0.13220895570309452 -0.1999999515443055 0.1645736289814595 -0.1999999515443055
leaf_weight=20.65658837556839 18.626212030649185 37.641088888049126 39.626915752887726 94.526464864611626 20.858345702290535 10.219990611076353 40.032477155327797 32.618145793676376 30.963631197810173 14.106638878583906 38.662678599357605 16.971697434782982 142.83356174826622 36.016273945569992 51.286860555410385 83.847653791308403 30.761873871088028 1185.8588891476393 219.28173400461674 14.251043647527693 9.8313257843255979 11.256430149078367 615.52119188010693 348.74143704771996 20.340125933289528 246.24196507036686 21.404218375682834 9.3279558420181257 11.702447533607481 123.98407973349094
leaf_count=133 38 79 15 95 161 26 309 146 239 56 34 131 177 278 105 277 211 9074 344 110 23 34 388 312 157 367 33 72 11 957
internal_value=5.33013e-08 0.101128 -0.167457 -0.0276556 0.120785 -0.178372 0.0550885 0.0721252 -0.020761 -0.11574 0.0422696 0.0083226 0.0819092 0.0601654 -0.00823615 -0.0515461 -0.0560245 -0.194055 0.11051 0.0029577 -0.161544 -0.144544 0.153903 0.133751 0.0949489 0.116483 0.174099 0.0313755 -0.0242055 -0.179403
internal_weight=3598 2243.28 1354.72 297.061 1946.22 1315.09 652.283 600.994 119.014 202.535 88.0508 54.6128 580.135 437.302 185.402 134.115 49.3881 1196.08 251.9 98.0987 147.922 51.2889 1293.94 647.683 298.941 278.601 646.253 30.7322 32.359 138.091
internal_count=14392 4755 9637 1341 3414 9622 1941 1598 522 1246 283 210 1437 1260 770 665 249 9100 490 387 1036 343 1473 980 668 511 493 105 144 1013
is_linear=0
shrinkage=1


Tree=1
num_leaves=31
num_cat=0
split_feature=17 8 2 8 3 13 12 17 4 14 4 5 6 5 7 14 12 12 14 17 14 3 5 5 7 14 7 8 14 17
split_gain=4979.09 462.958 438.213 406.249 347.206 266.839 180.853 146.725 130.572 110.037 88.681 83.5574 68.6377 122.514 73.9354 89.0108 66.8504 62.7843 56.6112 56.6033 56.1324 47.5425 54.6337 46.0764 43.6816 68.6636 158.213 87.2002 53.8792 58.7991
threshold=0.083340731534090925 1.0804311902072802e-11 9.2852898231670201e-10 1.0369142289860931e-10 0.08999968807101362 1.180421829223633 0.14400495588779452 0.045609907670454551 3.6161889362696093e-11 0.0050388814415782699 8.7857966901733777e-11 0.071359364527727259 5.2360361577389557e-11 0.030309564885620376 0.016643247970197034 0.0057612790260463962 0.14791201800107959 0.12722242623567584 0.0055877629201859244 0.068781072443181837 0.007056969916447998 0.13870995935733124 0.080256039059077175 0.097567285911192486 0.021237744838119101 0.0054285624064505109 0.012751499326136647 8.0165471212769988e-12 0.0054062644485384235 0.07091175426136366
decision_type=2 2 2 2 2 2 2 2 2 2 2 2 2 2 2 2 2 2 2 2 2 2 2 2 2 2 2 2 2 2
left_child=1 4 5 7 24 9 8 -3 -6 10 16 -9 13 18 15 -15 -2 -7 -10 -13 -17 -19 -23 -8 25 26 27 -1 -26 -30
right_child=2 3 -4 -5 6 17 23 11 12 -11 -12 19 -14 14 -16 20 -18 21 -20 -21 -22 22 -24 -25 28 -27 -28 -29 29 -31
leaf_value=0.12995836206256223 0.050010581086532814 0.10567471003643968 0.17702172232512603 0.17323882624330844 -0.18187307524617741 0.07058608604163169 -0.18187307524617741 -0.15933484148380886 -0.023045778054194162 -0.18187307524617741 0.15215389922253172 0.099568674654364267 0.1343976534162788 -0.18187307524617741 0.094787810850506499 0.033720001653654373 -0.18574695424427345 -0.18094003013542317 0.11820322885579462 -0.18423839085854543 -0.18187307524617741 -0.18216816951570419 0.18190193882205544 0.047445639744680766 0.1644953391545457 0.15139984796665676 0.11561446307430295 -0.18536356020934153 0.11797293944465786 -0.1865041071875978
leaf_weight=12.399468183517454 28.16220386326313 31.349159881472588 39.253466904163361 76.494533911347389 20.651146158576012 10.204340577125548 39.634808465838432 153.52939391136169 32.612800717353821 30.656049266457558 38.391695141792297 23.541936442255974 142.049202054739 35.658500820398331 51.145710080862045 83.818258330225945 20.99311588704586 1157.9584697782993 218.34712220728397 10.017771750688551 14.10947874188423 8.7253228425979632 7.8124205470085135 11.248624324798582 610.49491441249847 346.32085409760475 255.09057028591633 29.96352855861187 21.560269027948383 8.985983878374098
leaf_count=17 86 58 15 39 161 26 309 1116 146 239 34 50 177 278 105 277 163 8998 344 78 110 68 8 34 388 312 418 233 35 70
internal_value=-8.54144e-06 0.0916163 -0.152177 -0.025089 0.109413 -0.162095 0.0498109 -0.0945411 0.0652011 -0.0188241 0.0382703 -0.12809 0.0740327 0.0543518 -0.00745466 -0.0465999 -0.0506761 -0.17639 0.0998476 0.0148506 0.00265724 -0.178536 -0.0101817 -0.131178 0.139532 0.121133 0.0858938 -0.0930702 0.15801 0.028403
internal_weight=3571.18 2229.02 1342.16 294.933 1934.09 1302.9 649.276 218.438 598.392 118.203 87.547 187.089 577.741 435.692 184.732 133.586 49.1553 1184.7 250.96 33.5597 97.9277 1174.5 16.5377 50.8834 1284.82 643.774 297.454 42.363 641.041 30.5463
internal_count=14392 4755 9637 1341 3414 9622 1941 1302 1598 522 283 1244 1437 1260 770 665 249 9100 490 128 387 9074 76 343 1473 980 668 250 493 105
is_linear=0
shrinkage=0.1


Tree=2
num_leaves=31
num_cat=0
split_feature=17 8 2 8 3 13 12 17 4 14 12 5 19 5 6 14 2 9 17 5 13 14 14 7 12 9 5 7 7 14
split_gain=4129.67 381.643 364.716 335.876 290.309 224.879 149.057 120.927 107.899 89.0211 84.9699 69.3235 59.1221 106.121 54.1763 53.6692 52.3435 49.5429 46.6624 43.9158 62.3646 67.2996 42.6626 43.581 80.3026 54.7875 38.7414 37.9041 37.807 57.9873
threshold=0.083340731534090925 1.0804311902072802e-11 9.2852898231670201e-10 1.0369142289860931e-10 0.08999968807101362 1.1506015062332156 0.14400495588779452 0.045609907670454551 3.6161889362696093e-11 0.0050388814415782699 0.12780433148145678 0.071359364527727259 0.30946846306324011 0.030309564885620376 2.4009913899048899e-11 0.0058922674506902703 2.0604369773844262e-10 0.0074326760434561441 0.068781072443181837 0.067901919787979534 1.898370683193207 0.0049374629743397245 0.0055877629201859244 0.007470525451965469 0.11091778054833414 0.0032553094203792679 0.097567285911192486 0.0056941587261634605 0.021237744838119101 0.0054285624064505109
decision_type=2 2 2 2 2 2 2 2 2 2 2 2 2 2 2 2 2 2 2 2 2 2 2 2 2 2 2 2 2 2
left_child=1 4 5 7 28 9 8 -3 -6 17 -7 -9 13 22 -15 16 -16 -2 -13 -12 21 -21 27 24 -24 -26 -8 -10 29 -1
right_child=2 3 -4 -5 6 10 26 11 12 -11 19 18 -14 14 15 -17 -18 -19 -20 20 -22 -23 23 -25 25 -27 -28 -29 -30 -31
leaf_value=0.078253106559144553 0.12958759133952541 0.095961742450649062 0.1635360000225165 0.15939810432457335 -0.16825817272951379 0.080534588290898712 -0.16825817272951379 -0.14609357586888502 0.17779753381814523 -0.16825817272951379 -0.16755462019133865 0.08993216395459136 0.09874268761454906 -0.19745633866726206 0.10306706349403971 0.049754575556193802 -0.18146705772360464 -0.086892083552294205 -0.17009593151804914 0.1665699643037139 0.2014605895525671 -0.16958881064309692 0.10885909452407283 0.16054288164745067 -0.22826902871119947 0.086268277229328741 0.042782356253646903 -0.19575487843637032 0.14540227023290586 0.13889856655013402
leaf_weight=293.96211890876293 44.038150176405907 31.083096250891685 38.288466691970825 74.899810031056404 20.116025015711784 14.455265790224074 38.607774719595909 150.83058407902718 3.8121900260448447 19.741192251443863 1126.7900274395943 23.461466759443283 292.98189048469067 18.722111254930496 8.6622796207666379 55.985169246792793 25.492705523967743 13.911285743117331 9.7772158682346326 7.0567678660154334 7.1102981567382804 38.164866700768471 67.494072824716568 65.599537923932076 14.287618398666384 9.0427072048187238 11.2282657623291 9.4494364410638791 627.62326093018055 340.04932871460915
leaf_count=668 56 58 15 39 161 33 309 1116 3 158 8982 50 551 146 15 171 203 83 78 3 2 305 106 39 112 18 34 73 493 312
internal_value=-3.53866e-05 0.0838683 -0.140552 -0.0229849 0.100154 -0.149711 0.04538 -0.0864769 0.0593702 0.0151421 -0.160441 -0.117285 0.067382 0.0343963 -0.0426647 -0.0105144 -0.109304 0.0776197 0.0134445 -0.163396 -0.0738449 -0.117132 0.083835 0.0984348 0.0535762 -0.106356 -0.12071 -0.0883734 0.128004 0.11078
internal_weight=3502.72 2193.17 1309.56 290.052 1903.12 1271.27 641.482 215.152 591.646 77.6906 1193.58 184.069 571.53 278.548 108.862 90.1402 34.155 57.9494 33.2387 1179.12 52.3319 45.2216 169.686 156.424 90.8244 23.3303 49.836 13.2616 1261.63 634.011
internal_count=14392 4755 9637 1341 3414 9622 1941 1302 1598 297 9325 1244 1437 886 535 389 218 139 128 9292 310 308 351 275 236 130 343 76 1473 980
is_linear=0
shrinkage=0.1


Tree=3
num_leaves=31
num_cat=0
split_feature=17 8 2 2 3 8 14 12 17 4 4 19 5 7 14 12 14 12 2 14 0 3 9 14 3 13 5 0 5 1
split_gain=3460.74 318.608 324.327 307.481 254.307 195.038 137.256 114.436 106.302 87.8464 69.1336 55.7223 74.2959 51.5306 81.6326 51.5264 48.1322 40.6356 39.4499 37.2684 39.2288 36.4026 36.2737 34.9531 34.381 37.5079 34.1336 35.3566 33.5499 32.5288
threshold=0.083340731534090925 1.0702371866014246e-11 6.3363896382050025e-10 9.2852898231670201e-10 0.090336797047047571 9.9930193779677607e-12 0.0049038161523640164 0.14400495588779452 0.056174538352272735 3.6161889362696093e-11 4.6936574031924695e-11 0.30946846306324011 0.028304924558716634 0.0076711100214104412 0.0058922674506902703 0.13440583646297458 0.0065382530447095641 0.11007017642259599 2.0604369773844262e-10 0.0066430370789021262 3.3930940683420249e-09 0.081275746329686788 0.0032553094203792679 0.0059411523398011932 0.13870995935733124 1.898370683193207 0.071359364527727259 4.4063099054097754e-10 0.097567285911192486 0.6499350275621335
decision_type=2 2 2 2 2 2 2 2 2 2 2 2 2 2 2 2 2 2 2 2 2 2 2 2 2 2 2 2 2 2
left_child=1 4 8 5 21 6 10 9 16 -6 15 12 17 -14 18 -2 -3 -11 -15 -13 -21 -1 23 -19 -7 -26 -10 -28 -9 -18
right_child=3 2 -4 -5 7 24 -8 28 26 11 -12 19 13 14 -16 -17 29 22 -20 20 -22 -23 -24 -25 25 -27 27 -29 -30 -31
leaf_value=0.12821983746911736 0.07429374402789482 0.081131979481753963 0.13514684910227345 0.15293300059199263 -0.15768740506416579 -0.15630219223854733 -0.14152764440580032 -0.15768740506416579 -0.15630078987657159 0.11567767162211706 0.15061831765505374 0.10000911241321785 -0.12467389608874171 0.072221306117131664 0.096097710195113706 -0.16149549720703724 -0.16963643908285567 0.040496518904053549 -0.16866500665403256 -0.20458011167799939 0.09700843431604167 0.087555030703164088 0.089343265600542524 -0.21190135003218991 -0.16071719380133831 0.14655652789545603 0.062573747173632718 -0.17880503493718639 0.041566550944192683 0.1695786555877789
leaf_weight=951.52643763273954 19.394591361284256 42.850891500711441 95.318342283368111 36.918187916278839 19.23627495765686 1072.9253395795822 59.796349301934242 35.707335390150547 120.71094493567944 91.105729386210442 40.408706434071064 263.12062831223011 39.087281867861748 9.3003646954894048 49.849477410316467 17.749908365309238 15.843277022242548 10.441087707877161 25.274319440126419 8.5080803334713 8.7470849454402906 286.39618983119726 22.050450757145882 11.563098222017286 7.9996366053819639 7.8913843929767609 15.920409649610521 9.8062175288796407 11.070258170366285 3.44091773033142
leaf_count=946 47 100 88 15 160 8849 469 297 962 120 36 447 254 21 99 146 129 30 207 67 16 519 43 90 66 9 47 79 33 1
internal_value=-7.32002e-05 0.0771988 -0.0176707 -0.131413 0.092842 -0.139974 -0.0276825 0.0397088 -0.0875087 0.0522972 0.0600963 0.0597907 0.0263175 -0.0297458 0.0142046 -0.0383807 0.0220888 0.077549 -0.103868 0.0906727 -0.0516972 0.118812 -0.00130177 -0.0921374 -0.15414 -0.00812693 -0.134012 -0.0294326 -0.110533 -0.10911
internal_weight=3409.96 2146.88 303.891 1263.08 1842.98 1226.17 137.35 605.061 208.573 558.284 77.5532 539.048 258.672 123.511 84.4242 37.1445 62.1351 135.16 34.5747 280.376 17.2552 1237.92 44.0546 22.0042 1088.82 15.891 146.438 25.7266 46.7776 19.2842
internal_count=14392 4755 1406 9637 3349 9622 698 1884 1318 1554 229 1394 864 581 327 193 230 283 228 530 83 1465 163 120 8924 75 1088 126 330 130
is_linear=0
shrinkage=0.1


Tree=4
num_leaves=31
num_cat=0
split_feature=17 8 1 2 3 12 12 8 1 7 11 14 3 5 14 13 14 7 5 7 7 5 18 1 5 13 5 18 17 10
split_gain=2922.45 294.445 295.209 267.229 218.249 136.311 103.777 100.787 75.6441 70.489 84.4426 59.8674 58.3422 45.4795 58.6666 63.5283 43.3184 118.787 73.7132 70.9997 44.7539 59.8813 42.8416 41.3489 39.8866 40.5269 39.5968 39.0886 38.5316 40.6127
threshold=0.084761186079545456 1.0702371866014246e-11 0.50350389626826286 9.2852898231670201e-10 0.081529335596411581 0.14536267518997195 0.14491584151983264 9.610465256926077e-12 0.17305957657078788 0.024840519002399766 4.0242649212984824e-09 0.0065146584529429683 0.15881062186194497 0.060021481694947205 0.0050388814415782699 1.898370683193207 0.0055877629201859244 0.013852859483848646 0.04074460626367659 0.0056941587261634605 0.0062054307155453257 0.022087412453373412 0.47509785216640349 0.38958901765010767 0.027632620976785545 1.848871171474457 0.10695731949728962 0.036770150832704865 0.056174538352272735 2.2092895507812504
decision_type=2 2 2 2 2 2 2 2 2 2 2 2 2 2 2 2 2 2 2 2 2 2 2 2 2 2 2 2 2 2
left_child=1 4 12 5 -1 7 9 -2 -8 10 11 16 28 -7 -15 -16 17 19 20 -6 21 -18 -21 -13 -12 -26 -20 -19 29 -3
right_child=3 2 -4 -5 6 13 8 -9 -10 -11 24 23 -14 14 15 -17 18 27 26 22 -22 -23 -24 -25 25 -27 -28 -29 -30 -31
leaf_value=0.11812182430392706 0.11350166826040098 0.063355702761357158 0.10515024009210501 0.14436965212278349 0.11772018207792521 -0.14991846123666092 0.082986121589173845 -0.12109074187212993 -0.14157472576244598 0.12023438261835309 0.12333608525595921 0.18049096148999932 0.062925747702114371 0.10296832221087021 -0.1498934227225239 0.17163999146503855 0.069997940556595209 0.074330182361502434 -0.21339616065518874 -0.17269734281971885 0.10384873974157427 -0.21848819932461483 0.18606184573102147 -0.19112131429266591 0.057546041978884577 -0.19711309675840571 0.16712867546448462 -0.082112861187877834 -0.13975826334819894 -0.17354367302662091
leaf_weight=952.66059567779303 36.839453585445881 21.054713398218155 115.36218934506178 35.28116899728775 11.668694779276846 988.94870350509882 22.137814521789551 36.418068066239357 46.527391761541367 151.92228879034519 151.3168647736311 3.5137982368469265 20.220402784645557 15.593882992863653 55.079069040715694 6.9165444374084464 21.574898511171341 111.4283225312829 13.680217497050764 56.904022976756096 144.83056759089231 10.795428723096846 3.5353844165801993 20.249419875442982 68.787549272179604 6.873664788901805 3.4178011417388907 18.643417611718178 137.71488615870476 11.026429049670694
leaf_count=1008 62 61 170 15 16 8600 51 282 367 164 155 1 57 23 479 2 45 243 111 468 221 86 1 161 181 55 1 100 1114 92
internal_value=-0.000123271 0.0698324 -0.0210351 -0.126681 0.0850752 -0.135071 0.0487972 -0.00311984 -0.0691758 0.0589339 0.0445448 0.0179989 -0.0976444 -0.144134 -0.0704111 -0.114022 0.0272393 -0.00516426 0.0609571 -0.108112 0.0800899 -0.0262115 -0.151712 -0.136172 0.0936936 0.0344108 -0.137331 0.0519069 -0.116766 -0.0180676
internal_weight=3300.92 2125.85 305.379 1175.08 1820.47 1139.8 867.808 73.2575 68.6652 799.142 647.22 420.242 190.016 1066.54 77.5895 61.9956 396.479 202.18 194.299 72.1081 177.201 32.3703 60.4394 23.7632 226.978 75.6612 17.098 130.072 169.796 32.0811
internal_count=14392 4929 1494 9463 3435 9448 2427 344 418 2009 1845 1454 1324 9104 504 481 1292 828 464 485 352 131 469 162 391 236 112 343 1267 153
is_linear=0
shrinkage=0.1


Tree=5
num_leaves=31
num_cat=0
split_feature=17 2 8 0 3 13 10 17 14 12 12 14 7 5 12 17 1 18 8 17 7 14 7 8 14 12 14 5 14 5
split_gain=2489.86 224.668 222.103 240.372 189.41 157.912 84.35 74.5636 59.4814 56.0769 55.8001 55.0174 45.4728 60.0076 59.8269 59.0926 55.4601 43.9625 46.9754 39.5022 37.8958 54.2305 125.265 66.0291 48.2137 46.7796 37.1318 36.0503 35.1244 46.1096
threshold=0.083340731534090925 9.2852898231670201e-10 1.0702371866014246e-11 2.60392017902863e-09 0.090336797047047571 1.1506015062332156 1.9796821475028994 0.056174538352272735 0.0050388814415782699 0.12780433148145678 0.14400495588779452 0.0065382530447095641 0.025855831974518403 0.033233005877709561 0.1295832768082619 0.050847833806818191 0.54867553362568733 -0.098234580406411115 9.3807716379576659e-12 0.038773970170454551 0.021237744838119101 0.0054285624064505109 0.012751499326136647 8.0165471212769988e-12 0.0054062644485384235 0.15103743225336078 0.0055877629201859244 0.071359364527727259 0.0048686247318983087 0.071359364527727259
decision_type=2 2 2 2 2 2 2 2 2 2 2 2 2 2 2 2 2 2 2 2 2 2 2 2 2 2 2 2 2 2
left_child=2 5 4 7 20 8 -6 11 -2 -7 12 -4 13 14 26 16 -15 -17 -19 -18 21 22 23 -1 -22 -26 -8 -9 -24 -30
right_child=1 -3 3 -5 6 9 10 27 -10 -11 -12 -13 -14 15 -16 17 19 18 -20 -21 24 -23 28 -25 25 -27 -28 -29 29 -31
leaf_value=0.095752431306842897 0.06923027233176543 0.13729921387575766 0.071631260409538017 0.10911438427900851 -0.10763841282715919 0.063239447423322118 -0.038137906165613251 -0.14982041322532225 -0.14368329987520309 -0.13819260832456756 -0.081560035173680739 -0.15747267014671831 0.119885526369774 -0.14627428401900197 -0.1968929780431834 0.10534285577045913 -0.19300739739750128 0.062723396168566564 -0.20932559588258168 0.07546998316483243 0.1280212117486785 0.11364813493220226 0.091139747328992743 -0.1866129743005164 0.08144634738501752 -0.19427091491920212 0.088005145941755847 -0.016164667493827483 -0.236751332232432 0.11133871867014487
leaf_weight=11.483695596456526 54.439047254621983 33.480972498655319 41.729554124176502 100.75341501832008 39.710105746984482 14.008888117969034 25.908388651907444 105.11674824357033 17.288098134100437 1028.2001409679651 33.534119181334972 13.997783243656157 81.851876564323902 44.06605114787817 8.3216215148568136 50.965680539608002 6.8201832473278037 14.703197568655016 11.168234139680861 27.895806916058064 542.62463831156492 315.83357620984316 221.9513957425952 29.699949815869331 19.546143002808098 8.9810381084680539 234.99361269921064 24.975399523973465 7.7515358328819257 7.4753560051321983
leaf_count=17 139 15 97 128 287 33 133 934 158 9292 239 121 80 343 67 74 55 40 90 65 379 320 342 233 33 70 411 126 62 9
internal_value=-0.000173086 -0.117936 0.0663293 -0.0152626 0.0797265 -0.125608 0.0330278 -0.0827011 0.0179126 -0.135485 0.0433676 0.0140842 0.0516356 0.0384863 0.0670598 -0.0109464 -0.0718029 0.0514505 -0.0547153 0.0227258 0.102966 0.0852864 0.0531068 -0.107878 0.121359 -0.00535603 0.0754787 -0.124161 0.0810601 -0.0658631
internal_weight=3179.28 1147.42 2031.86 286.573 1745.29 1113.94 579.939 185.819 71.7271 1042.21 540.229 55.7273 506.695 424.843 269.224 155.619 78.782 76.8371 25.8714 34.716 1165.35 594.196 278.362 41.1836 571.152 28.5272 260.902 130.092 237.178 15.2269
internal_count=14392 9637 4755 1406 3349 9622 1884 1278 297 9325 1597 218 1358 1278 611 667 463 204 130 120 1465 983 663 250 482 103 544 1060 413 71
is_linear=0
shrinkage=0.1


Tree=6
num_leaves=31
num_cat=0
split_feature=17 8 1 3 3 12 17 13 7 13 12 12 13 14 19 12 5 19 10 12 13 4 14 6 3 19 0 6 5 12
split_gain=2133.59 276.706 254.716 192.105 173.612 117.41 70.9312 65.0001 50.2114 59.9083 62.3939 51.5694 49.5622 48.5087 52.0822 40.2851 35.6834 33.6745 32.9636 32.5388 51.1101 35.698 51.4558 28.9124 26.0769 47.6623 78.1895 38.3516 37.2977 38.4363
threshold=0.088312322443181837 1.0702371866014246e-11 0.57201107988377353 0.13870995935733124 0.081861821651965691 0.14400495588779452 0.068781072443181837 1.1041480302810671 0.024840519002399766 1.7320613861083987 0.1163834221661091 0.1036028452217579 1.1506015062332156 0.0065382530447095641 0.58631837368011486 0.14536267518997195 0.015419785135343459 1.9716795086860659 2.0117973089218144 0.15481539070606234 1.0725304484367373 3.243660643605001e-11 0.0044117302168160686 7.4625800526033087e-11 0.094792897126099382 1.5545114874839785 1.3199073030094955e-09 4.8561622494504827e-11 0.031747931193065487 0.12273795902729036
decision_type=2 2 2 2 2 2 2 2 2 2 2 2 2 2 2 2 2 2 2 2 2 2 2 2 2 2 2 2 2 2
left_child=1 4 6 12 19 8 13 -7 9 11 -11 -6 15 14 18 -2 -13 -15 -3 21 -21 22 -1 -24 -18 26 27 -26 -28 -30
right_child=3 2 -4 -5 5 7 -8 -9 -10 10 -12 16 -14 17 -16 -17 24 -19 -20 20 -22 -23 23 -25 25 -27 28 -29 29 -31
leaf_value=0.079016861282355771 0.15127289383440376 -0.1767297328240533 0.11551610189612392 0.092863065359705843 -0.16330529899283461 0.098949356407310549 -0.13646524954025449 -0.13145091402475434 0.10508875015280757 0.091662551070299983 -0.113286231131647 -0.16085105009503262 -0.13674376233196492 -0.14991488872790393 -0.16396060131546414 -0.08294753828371107 0.058127923735277323 0.16083125937623666 0.085265248394376048 0.13071072259503647 -0.19647270273887357 0.11413619550004275 -0.21513103213137927 0.14208472150144844 -0.17858692782224217 0.12061476132503579 0.073669016157569656 0.010181775211048611 -0.1058823879928712 0.076297801065092027
leaf_weight=162.6216796040535 10.150573782622812 5.2726097553968421 88.403050251305103 39.593077138066292 15.762339144945143 15.571016296744345 121.9879098534584 57.319531388580799 138.45356882363558 220.95527654886246 15.924867928028105 10.427732862532137 891.79984342306852 33.557886011898518 12.341762527823446 26.552770890295506 151.79298298805952 3.8917245939373961 53.837790824472904 9.8884454965591448 9.2319349199533445 741.35490676015615 9.6123085990548116 2.9646284580230704 35.32072788476944 29.494865767657757 70.544084757566452 15.479629211127756 31.67640894651413 18.254686094820499
leaf_count=277 7 46 83 80 135 27 1119 494 160 340 106 95 8666 308 109 187 365 4 122 8 82 710 83 1 299 32 141 50 212 44
internal_value=-0.000205139 0.056828 -0.0288292 -0.122858 0.0723442 0.0389615 -0.0840961 -0.0822324 0.0506761 0.038439 0.0778843 0.013769 -0.132057 -0.025434 0.0228839 -0.0181722 0.0214582 -0.117622 0.0618955 0.101849 -0.027264 0.104542 0.0639456 -0.130928 0.0268503 0.00320285 -0.0170163 -0.121066 0.0268581 -0.0392778
internal_weight=3050.04 2081.94 319.293 968.096 1762.65 826.978 230.89 72.8905 754.087 615.634 236.88 378.753 928.503 108.902 71.4522 36.7033 362.991 37.4496 59.1104 935.674 19.1204 916.554 175.199 12.5769 352.563 200.77 171.276 50.8004 120.475 49.9311
internal_count=14392 5452 1791 8940 3661 2500 1708 521 1979 1819 446 1373 8860 589 277 194 1238 312 168 1161 90 1071 361 84 1143 778 746 349 397 256
is_linear=0
shrinkage=0.1


Tree=7
num_leaves=31
num_cat=0
split_feature=17 8 2 2 3 12 17 13 13 7 11 14 14 19 12 1 5 13 4 14 12 13 10 12 3 13 2 8 9 17
split_gain=1834.56 232.633 223.797 174.344 151.141 98.4671 73.3214 55.2232 44.6228 43.3524 52.8742 44.6988 35.6211 44.6383 33.6361 30.2149 30.1492 32.814 29.2813 39.2589 27.3476 55.2662 27.2414 26.5187 25.3622 27.8387 25.146 25.1186 39.4298 39.5358
threshold=0.088312322443181837 1.0702371866014246e-11 6.3363896382050025e-10 9.2852898231670201e-10 0.081861821651965691 0.14400495588779452 0.068781072443181837 1.1041480302810671 1.1506015062332156 0.024840519002399766 4.0242649212984824e-09 0.0065146584529429683 0.0065382530447095641 0.58631837368011486 0.14536267518997195 0.40862473308548503 0.027632620976785545 1.848871171474457 2.8387955136654729e-11 0.0042823571711778649 0.15205423533916476 1.0725304484367373 2.0117973089218144 0.1036028452217579 0.13870995935733124 1.898370683193207 5.4936876591421058e-10 6.3728231883383812e-12 0.0027030734621199043 0.043878728693181823
decision_type=2 2 2 2 2 2 2 2 2 2 2 2 2 2 2 2 2 2 2 2 2 2 2 2 2 2 2 2 2 2
left_child=1 4 6 8 18 9 12 -7 14 10 11 23 13 22 -2 -13 -12 27 19 -1 -20 -22 -3 -6 -10 -26 -14 -18 29 -29
right_child=3 2 -4 -5 5 7 -8 -9 24 -11 16 15 26 -15 -16 -17 17 -19 20 -21 21 -23 -24 -25 25 -27 -28 28 -30 -31
leaf_value=0.070176291580248101 0.14139147806551325 -0.16595989758739577 0.10955582571859246 0.12821169938278451 -0.10219751710364602 0.091146051955369803 -0.13805229705447586 -0.1241181408711996 -0.1327322160034386 0.098446819363095919 0.10334177774963407 0.15603704841651758 -0.14394657662517271 -0.15704851629835281 -0.075906811671594521 -0.17312213236760543 0.13414565216649948 -0.18712672148998627 0.1079217091317505 -0.11609370904643797 0.13371222565613314 -0.10188928097146564 0.076722351059058017 0.027729438103198046 -0.14242418572961371 0.13739791228511608 0.048427089037726814 -0.21235694061502008 0.090093340688998255 0.067704458676921778
leaf_weight=126.65302634984255 9.7924200445413572 5.063943773508071 85.943391963839531 27.867311954498291 16.441462717950344 15.231634847819803 110.79176528006792 54.768205128610134 831.9210537597537 133.28700231015682 137.71581334620714 3.2731089591980007 29.648061417043209 11.861796230077742 26.136391118168831 18.84516403824091 21.450032100081444 6.6964668259024611 719.07546420395374 12.424968421459196 21.175390735268593 18.792407408356667 53.415265366435051 352.71111907809973 6.8941623270511609 7.3413544297218323 8.8150904625654203 12.339547246694567 23.953877225518227 8.5216641724109632
leaf_count=228 7 46 90 14 122 27 1107 494 8661 160 155 1 290 110 187 156 19 55 716 85 12 120 123 1149 64 7 25 99 44 19
internal_value=-0.000257046 0.0530999 -0.0272484 -0.118053 0.0675123 0.0360534 -0.0807895 -0.0772777 -0.125833 0.0468434 0.035417 0.0136693 -0.0224807 0.0198299 -0.016682 -0.124412 0.0758068 0.0238343 0.0957177 0.0535353 0.103447 0.0229351 0.0557075 0.0219427 -0.130468 0.00188201 -0.0998579 0.0451532 0.00255831 -0.0979537
internal_weight=2918.85 2008.9 305.539 909.953 1703.36 805.235 219.596 69.9998 882.085 735.235 601.948 391.271 108.804 70.341 35.9288 22.1183 210.677 72.9616 898.121 139.078 759.043 39.9678 58.4792 369.153 846.157 14.2355 38.4632 66.2651 44.8151 20.8612
internal_count=14392 5452 1791 8940 3661 2500 1701 521 8926 1979 1819 1428 594 279 194 157 391 236 1161 313 848 132 169 1271 8732 71 315 181 162 118
is_linear=0
shrinkage=0.1


Tree=8
num_leaves=31
num_cat=0
split_feature=17 8 2 2 3 4 17 12 12 7 12 13 14 10 13 19 19 7 14 0 14 8 12 14 5 14 19 14 3 14
split_gain=1584.95 195.299 191.244 152.242 133.515 66.4897 65.8646 41.8418 41.6553 44.3295 77.7191 42.5596 41.9875 101.282 41.4782 36.4352 43.0858 35.3321 48.003 32.8511 41.1902 31.8071 50.5697 31.3265 30.9535 30.5507 37.8362 29.4599 27.5506 27.0506
threshold=0.088312322443181837 1.0702371866014246e-11 6.3363896382050025e-10 9.2852898231670201e-10 0.08999968807101362 5.4526850177163342e-11 0.068781072443181837 0.14400495588779452 0.15481539070606234 0.021237744838119101 0.14156157523393634 1.0725304484367373 0.0054285624064505109 2.0787638425827031 1.1506015062332156 0.30946846306324011 0.20959372818470004 0.012751499326136647 0.0052620093338191518 3.1960003965058781e-09 0.0065146584529429683 8.5235803052660843e-12 0.11820780113339426 0.0048310265410691508 0.12466802045118115 0.0065382530447095641 0.58631837368011486 0.0066430370789021262 0.097490436636922959 0.0059411523398011932
decision_type=2 2 2 2 2 2 2 2 2 2 2 2 2 2 2 2 2 2 2 2 2 2 2 2 2 2 2 2 2 2
left_child=1 4 6 14 8 -6 25 15 9 10 12 -10 13 17 23 16 19 18 -1 20 21 29 -23 -2 -12 26 -3 -17 -9 -7
right_child=3 2 -4 -5 5 7 -8 28 11 -11 24 -13 -14 -15 -16 27 -18 -19 -20 -21 -22 22 -24 -25 -26 -27 -28 -29 -30 -31
leaf_value=-0.19246617445101036 0.054733217763467429 0.050890575075917148 0.10331073842328305 0.12343991819765852 -0.079472081010126844 0.11994525809701009 -0.13333642063854059 0.047344683297064871 0.1124601035391182 0.10714692297726412 -0.20720526736302736 -0.17003183040122993 0.10038593459063461 -0.17861043036967605 -0.12642611480254343 0.079116891906243464 -0.13414478296829949 0.073651987187352386 0.10898496328480481 0.11999711797755917 -0.10030684059949047 -0.13222654907767548 0.057712107692933057 -0.14269780340693605 0.1448963653106532 -0.094965572907456275 -0.14978383983411228 -0.061340869687229654 -0.13899990265228757 0.010489582546009546
leaf_weight=12.086151652038099 22.645828649401665 57.620174385607243 82.220235921442509 26.139371514320374 56.765757583081722 47.394623316824436 103.60882063955069 12.418761074542997 9.1051720306277293 516.24607965350151 13.94734148681164 12.87367323040962 274.61816299706697 18.893520131707191 788.86193565279245 223.76588340103626 18.114452473819256 221.21397174149752 9.3837417736649495 31.916673764586449 28.507491566240788 25.483449764549732 31.153208054602146 12.457971110939978 3.0411429405212393 36.53599126636982 11.22611992061138 16.000518605113029 21.970889367163181 43.121999986469746
leaf_count=95 69 169 90 14 414 44 1107 56 9 485 127 121 290 154 8732 386 133 380 9 28 189 211 81 125 1 315 110 84 226 138
internal_value=-0.000304921 0.049604 -0.0258899 -0.114156 0.0629441 0.0230874 -0.0767193 0.0347347 0.0832708 0.0860715 0.0664033 -0.053004 0.0730752 0.0444028 -0.121693 0.042599 0.0137616 0.061765 -0.0607124 0.0266688 0.00971147 0.0310249 -0.0277501 -0.015333 -0.144175 -0.021055 0.0181685 0.0697436 -0.0717073 0.0678007
internal_weight=2789.34 1939.23 291.211 850.105 1648.02 556.614 208.991 499.848 1091.41 1069.43 553.184 21.9788 536.196 261.577 823.966 465.458 225.692 242.684 21.4699 207.577 175.661 147.153 56.6367 35.1038 16.9885 105.382 68.8463 239.766 34.3897 90.5166
internal_count=14392 5452 1791 8940 3661 1990 1701 1576 1671 1541 1056 130 928 638 8926 1294 824 484 104 691 663 474 292 194 128 594 279 470 282 182
is_linear=0
shrinkage=0.1


Tree=9
num_leaves=31
num_cat=0
split_feature=17 8 1 3 3 12 17 13 13 14 7 11 19 14 4 14 14 1 19 4 8 5 13 10 12 13 13 4 17 14
split_gain=1373.33 165.045 169.598 137.021 119.861 72.4118 49.2694 43.722 39.5657 34.7607 34.6171 43.6622 31.7822 31.6112 27.1509 37.4368 26.9276 26.3733 24.7207 24.5635 25.7741 24.401 26.5952 22.891 22.8581 49.0394 22.427 23.0451 50.4126 26.3006
threshold=0.088312322443181837 1.0702371866014246e-11 0.57201107988377353 0.13870995935733124 0.081861821651965691 0.14400495588779452 0.068781072443181837 1.0725304484367373 1.1506015062332156 0.0065382530447095641 0.024840519002399766 4.0242649212984824e-09 0.58631837368011486 0.0065146584529429683 3.5929030714622497e-11 0.0044696636032313117 0.0048310265410691508 0.40862473308548503 1.9716795086860659 8.1594930319619347e-11 8.7372080086981492e-12 0.027632620976785545 1.8080143332481386 2.0117973089218144 0.15378531813621524 1.0725304484367373 1.1727491617202761 1.4841364815909304e-10 0.064120205965909102 0.0055877629201859244
decision_type=2 2 2 2 2 2 2 2 2 2 2 2 2 2 2 2 2 2 2 2 2 2 2 2 2 2 2 2 2 2
left_child=1 4 6 8 14 10 9 -7 16 12 11 13 23 26 15 -1 -2 -15 -11 20 -12 -13 -23 -3 -16 -26 -6 29 -29 -28
right_child=3 2 -4 -5 5 7 -8 -9 -10 18 19 21 -14 17 24 -17 -18 -19 -20 -21 -22 22 -24 -25 25 -27 27 28 -30 -31
leaf_value=0.063609680877601479 0.049613571597873635 -0.15974173565856264 0.10108655129289856 0.083481966352029424 -0.22792224469636127 0.13152719574253957 -0.12235925514004349 -0.10454747296743308 -0.12446347100654297 -0.13992986451109787 0.14138998208091841 0.093453184876947468 -0.14296664273039836 0.1529995229150003 0.098914860320734307 -0.11919027934688919 -0.13760214048890315 -0.15826164378074278 0.13456865994458597 0.10651139220456862 -0.10665166750028093 0.049244797017947595 -0.11009014257791144 0.066270499885173376 0.11738633739318441 -0.1823077591965411 -0.0014919821784666143 -0.14326487262780327 0.10074588869302348 0.056123888426945281
leaf_weight=173.8751270994544 22.492652177810669 4.902004972100257 77.541825123131275 34.781987130641937 3.7128684818744651 9.143641881644724 100.82379879802465 55.243810594081879 723.86008467525244 28.650706000626087 6.4807074666023281 128.2175180464983 10.429367840290068 3.2198264598846462 614.24146976321936 11.974879048764704 11.668054677546023 17.612132139503956 3.7050857320427886 105.04349016398191 11.847942546010016 57.135544680058956 12.827537626028059 52.210260964930058 13.562129251658918 9.1393430903553945 155.67070247232914 23.609794810414314 13.200874909758566 161.34530805796385
leaf_count=316 69 46 83 80 31 6 1119 515 8666 308 4 155 109 1 657 91 125 156 4 96 60 151 85 122 10 87 688 183 16 353
internal_value=-0.000340543 0.0465189 -0.0245196 -0.110595 0.0589739 0.0304607 -0.0730433 -0.0710226 -0.1195 -0.0232699 0.0397963 0.0295088 0.017558 0.00959271 0.0854605 0.0518313 -0.0143325 -0.110153 -0.108497 0.0878726 -0.0189482 0.0675332 0.0200312 0.0468716 0.095273 -0.00326695 0.0165696 0.0191352 -0.0557588 0.0278316
internal_weight=2658.17 1865.37 278.263 792.803 1587.1 764.312 200.721 64.3875 758.021 99.8974 699.924 576.552 67.5416 378.372 822.793 185.85 34.1607 20.832 32.3558 123.372 18.3287 198.181 69.9631 57.1123 636.943 22.7015 357.54 353.827 36.8107 317.016
internal_count=14392 5452 1791 8940 3661 2500 1708 521 8860 589 1979 1819 277 1428 1161 407 194 157 312 160 64 391 236 168 754 97 1271 1240 199 1041
is_linear=0
shrinkage=0.1


Tree=10
num_leaves=31
num_cat=0
split_feature=17 8 1 2 3 4 17 5 5 4 12 7 19 5 13 13 7 12 18 1 14 12 5 18 11 14 14 17 12 10
split_gain=1191.95 139.436 150.374 123.62 109.888 51.3332 45.9284 39.3095 38.3398 36.7706 36.1063 46.8711 36.8566 46.301 40.3343 35.8315 33.4372 79.3444 35.1925 34.404 33.1875 30.9871 32.0613 28.6758 25.3133 34.5164 33.9167 25.1657 24.6368 22.8072
threshold=0.088312322443181837 1.0658543653742464e-11 0.53421194013602891 9.2852898231670201e-10 0.08999968807101362 3.6161889362696093e-11 0.068781072443181837 0.071359364527727259 0.033681291790051034 5.4526850177163342e-11 0.137740433216095 0.028077199343036017 0.97310361266136181 0.030309564885620376 1.5546970367431643 1.1506015062332156 0.024682477703536512 0.14400495588779452 -0.045661509793717407 0.14382861473123867 0.0054062644485384235 0.1295832768082619 0.043991795069130459 -0.020382987716319884 4.9938118085179903e-09 0.006362135987728835 0.0057612790260463962 0.072332208806818191 0.14536267518997195 2.9377992153167729
decision_type=2 2 2 2 2 2 2 2 2 2 2 2 2 2 2 2 2 2 2 2 2 2 2 2 2 2 2 2 2 2
left_child=1 4 6 15 16 -6 7 8 9 -3 12 -12 13 14 27 28 17 18 -1 -19 -18 22 24 -22 25 26 -15 -7 -2 -8
right_child=3 2 -4 -5 5 10 29 -9 -10 -11 11 -13 -14 21 -16 -17 20 19 -20 -21 23 -23 -24 -25 -26 -27 -28 -29 -30 -31
leaf_value=0.09192669820426487 0.12720514207906561 -0.15306899178155375 0.086930735266930625 0.11780158941508499 -0.13266042796109873 -0.18975412700723571 -0.12901293226900018 0.080046028257579532 -0.14966115430158516 0.064366573263411567 -0.12772948784935434 0.034678061695590727 0.098812220449907395 -0.11830599403009288 0.066181543225485986 -0.1197752745925949 0.10559687351051875 0.061345209771779867 0.043413279225053052 -0.20297132614054508 -0.18928116863355526 0.052162500325534128 -0.16228150417056425 0.060005150249528995 0.072877277148845704 -0.17352265133385411 0.052700893043911207 0.10170570628704295 -0.066156066548053866 0.14700378616616491
leaf_weight=299.4393022954464 9.0608064606785756 10.84805194288492 87.496579967439175 23.59771391749382 21.595313489437103 10.400677248835562 92.960604712367058 27.00354491174221 28.942400053143501 27.477155894041061 33.286614887416363 38.121651366353035 76.253468900918961 18.308472983539104 186.19400434941053 681.09620057046413 355.57820953428745 7.1260369941592243 298.6788979023695 15.93966795504093 7.0120826214551952 43.148187249898911 20.025792762637138 13.495197616517542 21.284957058727741 17.399536594748497 31.643870644271374 4.1423140391707411 24.158464521169662 3.0932602882385245
leaf_count=373 7 114 126 14 231 85 1133 54 315 94 327 138 99 155 355 8732 320 18 677 158 66 108 186 33 50 149 80 7 187 1
internal_value=-0.000381857 0.043562 -0.0215756 -0.10739 0.0554749 0.0182925 -0.0714584 -0.0218722 -0.0627857 0.00282086 0.0248095 -0.0410274 0.0357733 0.0221385 0.0536539 -0.114829 0.07493 0.0606824 0.0677008 -0.121312 0.0984629 -0.0195339 -0.0480035 -0.0252337 -0.0221845 -0.0522265 -0.00997635 -0.106737 -0.0134153 -0.120124
internal_weight=2534.81 1796.9 277.822 737.913 1519.07 521.805 190.325 94.2712 67.2676 38.3252 500.21 71.4083 428.801 352.548 200.737 714.315 997.269 621.184 598.118 23.0657 376.085 151.811 108.663 20.5073 88.6368 67.3519 49.9523 14.543 33.2193 96.0539
internal_count=14392 5452 1837 8940 3615 1970 1711 577 523 208 1739 465 1274 1175 447 8926 1645 1226 1050 176 419 728 620 99 434 384 235 92 194 1134
is_linear=0
shrinkage=0.1


Tree=11
num_leaves=31
num_cat=0
split_feature=17 8 1 3 3 12 5 13 2 6 14 12 11 6 17 4 0 12 8 19 19 15 9 5 17 0 9 4 4 19
split_gain=1036.69 117.613 128.883 113.975 96.5931 45.3003 38.4623 34.9541 33.2786 31.3525 69.666 66.3583 53.2771 38.6187 29.7375 26.308 26.2209 26.6837 26.9141 36.7326 26.0968 25.9085 40.7705 25.3135 67.0604 27.1269 46.7855 31.8933 24.4763 30.0885
threshold=0.088312322443181837 1.0658543653742464e-11 0.50350389626826286 0.13870995935733124 0.081275746329686788 0.15248601138591769 0.071359364527727259 1.1506015062332156 9.2852898231670201e-10 2.7044909486573157e-11 0.0062843735795468101 0.13232654333114627 7.4964742746708179e-10 2.4610790754506579e-11 0.068781072443181837 2.8387955136654729e-11 2.9472238081216449e-10 0.11967239901423456 9.3807716379576659e-12 0.10257753729820253 0.14260150492191317 8.5673360445071025e-05 0.003583809610677544 0.026406495529566688 0.038152521306818191 7.9136146954793533e-10 0.0044740276060805462 2.2200748707145682e-10 7.4546525138712341e-11 1.2878133058547976
decision_type=2 2 2 2 2 2 2 2 2 2 2 2 2 2 2 2 2 2 2 2 2 2 2 2 2 2 2 2 2 2
left_child=1 4 6 7 15 9 8 -2 -3 10 11 -6 -11 -12 -8 16 17 -1 -19 -20 -15 22 -4 -14 -25 28 27 -27 29 -26
right_child=3 2 21 -5 5 -7 14 -9 -10 12 13 -13 23 20 -16 -17 -18 18 19 -21 -22 -23 -24 24 25 26 -28 -29 -30 -31
leaf_value=0.12114709345753223 -0.012335457023108927 -0.10943343250904206 -0.25238007450389655 0.078973228005677965 0.042231873930663251 -0.10088978251326948 0.073647988387000027 -0.11888556149527332 0.12049474140683643 -0.14948234407736946 -0.20179505220865451 -0.15161797597765556 0.098627489932122434 -0.1977685538591821 -0.12823871677003626 0.086068264628775495 -0.13476793917030974 0.042465992647236772 0.035141493876579048 -0.29504751807536467 0.06163421841068735 0.11945470766757144 0.050518046598214517 -0.18094682675093221 -0.2304329324508971 0.042597971883093742 -0.22860964970140443 -0.17735806336826143 0.086543656228818544 0.081397098950333147
leaf_weight=34.317327558994293 32.396252438426018 126.01088620722294 5.046921342611312 32.253020606935024 213.22537210583687 26.981393627822399 26.444393970072269 620.42421245574951 6.6257589608430854 13.251472048461435 22.783231064677238 19.253450900316238 98.100485578179359 5.3542536720633533 10.076073445379732 610.39897806197405 8.4679965153336507 63.805211439728737 7.5437302291393262 6.0884210281074047 14.068676829338072 52.67605147510767 37.184614904224873 13.106833025813101 5.6179064586758596 119.50483608990908 7.377034679055213 6.9770251363515845 161.20247548818588 6.8884258940815926
leaf_count=22 194 1474 47 80 581 277 54 8666 6 102 208 203 121 48 124 801 54 151 19 57 32 30 102 119 51 375 65 63 254 12
internal_value=-0.00043059 0.0408318 -0.0205966 -0.104532 0.0519094 0.0262796 -0.0729263 -0.113598 -0.0979476 0.0311347 0.0047196 0.0261776 0.0479296 -0.113475 0.017947 0.0776469 0.0348895 0.0477449 0.0152159 -0.112328 -0.00987447 0.0726723 0.0143199 0.0541764 0.040578 0.0500182 0.016187 0.0304647 0.0760882 -0.0586785
internal_weight=2413.45 1728.38 264.065 685.073 1464.31 733.693 169.157 652.82 132.637 706.711 274.685 232.479 432.026 42.2062 36.5205 730.622 120.223 111.755 77.4374 13.6322 19.4229 94.9076 42.2315 418.775 320.675 307.568 133.859 126.482 173.709 12.5063
internal_count=14392 5452 1837 8940 3615 2511 1658 8860 1480 2234 1072 784 1162 288 178 1104 303 249 227 76 80 179 149 1060 939 820 503 438 317 63
is_linear=0
shrinkage=0.1


Tree=12
num_leaves=31
num_cat=0
split_feature=17 8 15 3 3 12 13 8 9 14 6 19 7 12 6 14 14 1 6 11 18 18 8 17 9 13 5 17 1 5
split_gain=902.568 105.852 117.909 105.822 83.0753 47.8924 44.8507 38.3117 37.9495 39.9029 34.7618 31.1406 27.8016 79.4303 27.23 60.1565 43.1785 63.2188 32.6673 32.3429 26.5061 26.0776 28.8242 35.7241 23.7683 22.1427 21.2356 57.166 27.0634 52.9349
threshold=0.089200106534090925 1.0702371866014246e-11 8.5673360445071025e-05 0.12703465625383512 0.081861821651965691 0.14400495588779452 1.898370683193207 1.0369142289860931e-10 0.0066062169263897833 0.0065382530447095641 7.3583340188472271e-11 0.58631837368011486 0.024682477703536512 0.14346636831760409 2.7044909486573157e-11 0.0062843735795468101 0.0054820200894027957 0.14915419057450849 2.4610790754506579e-11 7.4964742746708179e-10 0.47509785216640349 -0.030189948018894273 9.9138075650128842e-12 0.065274325284090925 0.0070050214345830824 1.1041480302810671 0.026406495529566688 0.038152521306818191 0.31593535096539849 0.053269893958036572
decision_type=2 2 2 2 2 2 2 2 2 2 2 2 2 2 2 2 2 2 2 2 2 2 2 2 2 2 2 2 2 2
left_child=1 4 7 25 12 14 -5 8 9 11 -7 -3 13 21 15 16 17 -6 -17 24 -19 -1 -23 -24 -16 -2 -21 -28 -29 -30
right_child=3 2 -4 6 5 10 -8 -9 -10 -11 -12 -13 -14 -15 19 18 -18 20 -20 26 -22 22 23 -25 -26 -27 27 28 29 -31
leaf_value=0.085660558458733452 0.023039259070418462 0.047399408087442217 0.11503204443252626 -0.12787123272777709 0.11551659428681378 -0.11495803981131179 0.12151993075545303 0.084065098277489092 -0.11680365592757197 -0.14138108478391972 0.05225125808814305 -0.13774464178572057 0.094825542817427111 -0.16463740730064441 -0.2249812065458707 -0.18853172115706732 0.054909694183201498 -0.13328068216027131 -0.0091459391731682597 0.094214500850591271 0.16026297533450501 0.048552519264487115 0.0022403841313101149 -0.30850516557882379 0.1030400729984655 -0.11652020423418151 -0.17021752873935028 0.079081584396029164 0.040308750684322915 -0.14977178979244224
leaf_weight=232.96400355547667 11.598686054348944 52.897083595395088 49.203738331794739 9.6619393825530988 17.45653411000967 40.227551944553852 28.429849870502949 17.238756187260151 91.659262660890818 21.691221140325069 17.994846671819687 10.968343336135147 303.73198573291302 15.822566218674181 7.285439580678938 21.864833351224661 155.86131116002798 39.377165198326111 18.949971333146095 93.294477097690105 3.336758852005004 157.5011500865221 13.451633013784887 5.1030513048171988 3.1702172383666039 573.48753510415554 12.457092735916374 142.45943915098906 116.29782655090094 16.762712083756924
leaf_count=295 61 157 31 117 23 467 22 32 1233 281 73 130 344 141 67 205 316 351 80 115 1 318 40 48 4 8622 118 211 359 130
internal_value=-0.000463327 0.0376823 -0.0232589 -0.103239 0.0480272 0.0236017 0.0582621 -0.0582513 -0.0720951 -0.0241976 -0.0632785 0.0156025 0.0717227 0.0552057 0.031401 0.00609636 0.0271319 -0.0448216 -0.105244 0.0479926 -0.110349 0.0637102 0.0346646 -0.0832232 -0.125523 -0.113754 0.0527509 0.0393182 0.0487919 0.0163628
internal_weight=2302.21 1679.03 243.658 623.178 1435.37 706.796 38.0918 194.455 177.216 85.5566 58.2224 63.8654 728.574 424.842 648.574 256.847 216.032 60.1705 40.8148 391.727 42.7139 409.02 176.056 18.5547 10.4557 585.086 381.272 287.977 275.52 133.061
internal_count=14392 5570 1864 8822 3706 2520 139 1833 1801 568 540 287 1186 842 1980 976 691 375 285 1004 352 701 406 88 71 8683 933 818 700 489
is_linear=0
shrinkage=0.1


Tree=13
num_leaves=31
num_cat=0
split_feature=17 3 8 15 3 13 12 4 5 5 7 12 14 12 9 14 2 19 14 7 12 8 7 4 12 12 13 14 0 13
split_gain=789.505 93.9545 89.271 102.503 72.6105 39.1554 36.4507 34.8044 41.6603 32.0133 26.1181 62.3153 30.7285 62.8193 25.5148 48.0242 38.9489 29.6213 49.9124 40.1911 63.5096 25.9291 45.0835 23.4204 47.1798 21.6187 32.715 20.8697 47.3343 20.7219
threshold=0.089200106534090925 0.12703465625383512 1.0702371866014246e-11 8.5673360445071025e-05 0.081275746329686788 1.898370683193207 0.15248601138591769 5.4526850177163342e-11 0.035893418677008203 0.071359364527727259 0.021086778581558881 0.14156157523393634 0.0053704429883509883 0.10569313168525697 0.0018763555847294354 0.0065146584529429683 6.3363896382050025e-10 0.38611428439617163 0.0056580486707389363 0.0062054307155453257 0.10847007483243944 9.2150308978545236e-12 0.027205601089923249 6.5930549456035954e-11 0.13085825741291049 0.15205423533916476 1.0725304484367373 0.0059097348712384709 3.3930940683420249e-09 1.1041480302810671
decision_type=2 2 2 2 2 2 2 2 2 2 2 2 2 2 2 2 2 2 2 2 2 2 2 2 2 2 2 2 2 2
left_child=2 29 4 7 10 -3 14 -4 -9 -10 11 12 13 -1 -6 17 -17 18 21 20 27 -16 -23 24 -19 -12 -27 -20 -29 -2
right_child=1 5 3 -5 6 -7 -8 8 9 -11 25 -13 -14 -15 15 16 -18 23 19 -21 -22 22 -24 -25 -26 26 -28 28 -30 -31
leaf_value=-0.21193975177662719 0.020710172157467191 -0.12462613157238545 -0.12441216242187414 0.11170683875978873 0.0771076075317087 0.11702311013941308 -0.09428362127533936 0.033875189262456695 -0.13313219679118768 0.0022150525754973884 0.094029930320348842 -0.18644632833038943 0.092520809087511646 0.043317679007486287 0.0042896412695819655 -0.15910394754729995 0.06450014448671447 0.048678082895601431 0.099251410467438947 0.063294425272109447 -0.24349492624069213 -0.14680387574610404 0.043158063305349215 0.065961182911732252 -0.16339467828728013 0.1095012282599685 -0.097248772440147999 -0.33331789511836224 0.12071554663826392 -0.11433577795003541
leaf_weight=10.235318586230276 11.612021438777445 8.9583208374679071 52.412328585982323 45.778443768620491 87.98027540743351 26.661894641816616 25.77662318572402 59.579471301287413 43.610109694302082 29.161046452820301 331.72702994942665 11.007119152694939 130.43477416038513 166.12827509641647 52.469385158270597 25.645427722483873 11.18857818096876 39.153070539236069 17.194626830518249 137.19917884096503 11.974113568663595 43.074937518686056 17.597532868385315 210.56247831881046 14.329585075378416 15.318284548819067 15.295404668897389 4.2327472642064077 5.0186192989349365 528.31765841320157
leaf_count=80 61 117 784 31 147 22 292 265 609 175 341 116 135 355 254 262 28 107 18 286 102 405 42 414 160 12 107 40 3 8622
internal_value=-0.000496563 -0.101054 0.0353601 -0.022252 0.0449601 0.0562494 0.022433 -0.0554428 -0.0281302 -0.0788955 0.0682572 0.0473331 0.0557205 0.0285037 0.0268729 0.0193774 -0.0911827 0.0267441 0.00460885 0.0379792 -0.0524223 -0.0471887 -0.091707 0.0509514 -0.00814248 0.0866096 0.00620349 0.0340908 -0.0870169 -0.111431
internal_weight=2189.63 575.55 1614.08 230.541 1383.54 35.6202 703.397 184.763 132.351 72.7712 680.146 317.805 306.798 176.364 677.621 589.64 36.834 552.806 288.761 175.619 38.4201 113.142 60.6725 264.045 53.4827 362.341 30.6137 26.446 9.25137 539.93
internal_count=14392 8822 5570 1864 3706 139 2560 1833 1049 784 1146 686 570 435 2268 2121 290 1831 1150 449 163 701 447 681 267 460 119 61 43 8683
is_linear=0
shrinkage=0.1


Tree=14
num_leaves=31
num_cat=0
split_feature=17 3 8 1 3 10 4 17 7 14 12 14 9 6 5 12 5 14 19 5 13 5 5 9 13 13 1 18 13 10
split_gain=691.697 83.5387 75.7372 86.1638 67.0424 34.4095 33.9855 32.4591 28.0875 49.2528 45.637 34.0122 77.8231 29.1821 25.7393 23.5344 38.6695 36.4893 25.9678 32.3152 26.6959 22.8941 35.3377 21.6737 21.4103 21.1817 26.4093 20.3966 42.2719 31.3711
threshold=0.089200106534090925 0.12703465625383512 1.0658543653742464e-11 0.50350389626826286 0.08999968807101362 2.7466858625411992 3.6161889362696093e-11 0.068781072443181837 0.021237744838119101 0.0054285624064505109 0.14156157523393634 0.0054285624064505109 0.0054575284892394568 1.6951587926216348e-11 0.071359364527727259 0.13701061904430392 0.050448002329287277 0.0058028637431561956 0.97310361266136181 0.029636015319185072 1.5546970367431643 0.033681291790051034 0.025748329559099184 0.0052013677596807915 1.1041480302810671 1.1506015062332156 0.091938762178127353 0.045906502584164802 1.2124302983283999 1.5188114047050478
decision_type=2 2 2 2 2 2 2 2 2 2 2 2 2 2 2 2 2 2 2 2 2 2 2 2 2 2 2 2 2 2
left_child=2 25 4 7 8 -3 -6 14 10 -10 11 12 13 -1 21 18 -17 -18 19 20 -8 22 -4 -11 -12 26 -2 -14 -29 -30
right_child=1 5 3 -5 6 -7 15 -9 9 23 24 -13 27 -15 -16 16 17 -19 -20 -21 -22 -23 -24 -25 -26 -27 -28 28 29 -31
leaf_value=0.046243673807030004 0.069318630822058899 -0.12249385410297849 -0.14582067281929262 0.06264354145380388 -0.12448689880861602 0.11289631251349928 -0.095620874917189486 -0.11086238031492604 0.086319460225989422 0.031870231795168645 0.12876384578775943 0.077003162750206078 0.063336052967705031 -0.16252495595052269 0.064781727758608909 -0.16202576260251011 0.05550431131432465 -0.1494459221937236 0.083194498844763182 -0.02012394866568195 0.055338288493849613 -0.13850953055770707 0.087320331014534208 -0.18366700194768204 -0.16519481100070033 -0.11410138937192918 -0.1360076096084277 -0.34036813138175792 0.093335248750163025 -0.11239078856588046
leaf_weight=8.8239135891199094 14.326630756258966 8.2637745775282365 10.410280145704748 82.253266248852015 17.558137264102697 24.98938911408186 12.6483743712306 75.591175504028797 379.45586241409183 8.9909291602671164 2.9814530238509205 213.84425470232964 151.19875881075859 27.758905075490475 25.039240568876266 18.127771902829409 38.089736301451921 11.253537543117998 67.549594715237617 143.59677921235561 158.6704818457365 21.070086400955915 17.314127486199141 9.6973623111844045 14.664707101881502 472.13992071151733 11.131321139633654 3.7101376056671134 19.821985170245174 11.839608304202555
leaf_count=22 48 116 129 179 233 23 85 1197 465 27 2 289 264 220 54 233 113 142 98 744 333 293 58 100 168 8503 132 35 23 64
internal_value=-0.000521319 -0.0990555 0.0331825 -0.0195533 0.0424364 0.0543993 0.0120013 -0.0647998 0.0591207 0.078514 0.0421375 0.0485041 0.0211939 -0.112169 -0.0176407 0.0173276 -0.0371243 0.00876207 0.0269335 0.0148655 0.0441931 -0.0599364 -0.00022214 -0.0799721 -0.115528 -0.10931 -0.0204589 0.0473438 -0.0210164 0.0164056
internal_weight=2082.81 530.851 1551.96 231.678 1320.28 33.2532 467.494 149.425 852.788 398.144 454.644 436.998 223.153 36.5828 73.8337 449.936 67.471 49.3433 382.465 314.916 171.319 48.7945 27.7244 18.6883 17.6462 497.598 25.458 186.57 35.3717 31.6616
internal_count=14392 8822 5570 1910 3660 139 1981 1731 1679 592 1087 917 628 242 534 1748 488 255 1260 1162 418 480 187 127 170 8683 180 386 122 87
is_linear=0
shrinkage=0.1


Tree=15
num_leaves=31
num_cat=0
split_feature=17 3 8 3 1 5 12 2 12 5 13 4 14 19 6 12 13 2 6 14 8 12 2 19 18 13 1 5 12 9
split_gain=607.569 74.5674 65.9686 71.995 65.2101 47.8243 35.2626 36.4242 30.4534 36.3312 30.3703 25.6324 25.3821 23.2293 29.2958 23.1314 25.768 23.1145 22.7449 99.365 41.4269 21.1383 20.4227 27.5446 23.3654 20.3145 22.7691 18.9023 24.6312 17.5414
threshold=0.089200106534090925 0.12703465625383512 1.0281644634401196e-11 0.084906333069707948 0.53421194013602891 0.069741187201511332 0.13827073574066165 9.2852898231670201e-10 0.14400495588779452 0.12466802045118115 1.898370683193207 3.5929030714622497e-11 0.0044696636032313117 0.10257753729820253 1.6093399555739734e-11 0.15378531813621524 1.0725304484367373 3.1182522462387614e-10 2.7750099827222796e-11 0.0059097348712384709 8.5235803052660843e-12 0.15854197740554812 2.5246243565359724e-10 0.29095734655857092 0.073374047600240883 1.1506015062332156 0.091938762178127353 0.033233005877709561 0.13322083652019504 0.0025527311815083235
decision_type=2 2 2 2 2 2 2 2 2 2 2 2 2 2 2 2 2 2 2 2 2 2 2 2 2 2 2 2 2 2
left_child=2 25 3 11 5 6 17 -8 13 -10 -3 12 -1 18 -15 -13 -17 22 19 20 -5 -7 23 -4 -25 26 -2 -20 -29 -14
right_child=1 10 4 8 -6 21 7 -9 9 -11 -12 15 29 14 -16 16 -18 -19 27 -21 -22 -23 -24 24 -26 -27 -28 28 -30 -31
leaf_value=0.039816471094261348 0.062551124095626409 -0.11967954925492966 -0.18565214146747411 0.085001097801918002 0.066566576676982167 0.051351882948261644 -0.1318362742391431 0.1205767016522904 -0.12674449270112229 0.14064685475030222 0.10947538940803124 0.079124886809063363 0.12545873682532507 -0.16537412613209534 0.038394973177067721 0.096359928095766156 -0.15837979349439493 -0.15171318262368205 0.076396051024575085 -0.18899782807050783 -0.17189071258978217 -0.12772047679854287 0.071022237631379478 0.031239528209608399 -0.16748846199897846 -0.11260029439393658 -0.13224320116229205 -0.15204336068423224 0.088901182015174857 -0.18602217978949842
leaf_weight=147.02008561789989 14.290770597755911 7.6902958713471916 10.1144448146224 38.396721951663494 85.546788908541203 64.945813361555338 73.760384108871222 6.1973201483488074 27.652991335839033 6.2253829911351195 23.32527632266283 483.50937174260616 2.3002531528472892 7.2063728198409072 337.01070216298103 7.2588670179247883 8.7664806731045228 11.78084449470043 35.751793295145035 30.881364189088345 7.5042906627058974 7.3366110101342192 25.98363533616066 35.350495748221874 7.1055757254362097 432.61244448646903 10.343863897025583 10.084038469940426 7.3245477974414817 8.4489334411919099
leaf_count=314 48 117 108 66 162 190 1263 5 413 4 22 676 1 86 954 8 100 146 64 268 81 109 85 135 104 8503 132 111 13 104
internal_value=-0.000554335 -0.0973925 0.0311053 0.0422575 -0.00850252 -0.0349765 -0.0639045 -0.112272 0.0139853 -0.0776095 0.0526565 0.0641094 0.0289709 0.0205297 0.034129 0.0752073 -0.0429925 -0.0210929 -0.0154947 -0.0503067 0.0430022 0.0331762 -0.0015037 -0.0373505 -0.00202019 -0.10757 -0.0192413 0.0347862 -0.0506675 -0.119367
internal_weight=1981.73 488.263 1493.46 1165.34 328.122 242.575 170.293 79.9577 508.038 33.8784 31.0156 657.304 157.769 474.16 344.217 499.535 16.0253 90.335 129.943 76.7824 45.901 72.2824 78.5542 52.5705 42.4561 457.247 24.6346 53.1604 17.4086 10.7492
internal_count=14392 8822 5570 3263 2307 2145 1846 1268 2060 417 139 1203 419 1643 1040 784 108 578 603 415 147 299 432 347 239 8683 180 188 124 105
is_linear=0
shrinkage=0.1


Tree=16
num_leaves=31
num_cat=0
split_feature=17 3 8 3 15 8 10 11 10 12 5 4 10 14 13 12 13 7 9 13 1 13 12 7 19 12 14 7 14 13
split_gain=533.96 66.6454 55.6709 62.7503 57.1212 35.3038 45.2772 29.3419 26.7896 26.2958 31.886 23.1685 24.3029 40.8654 21.5547 19.735 22.4095 19.7112 27.5549 19.5048 19.7092 17.7601 19.6299 24.2311 21.0259 17.6026 25.6758 14.7754 19.9179 21.6826
threshold=0.089200106534090925 0.12703465625383512 1.0281644634401196e-11 0.084906333069707948 8.5673360445071025e-05 1.130691848916518e-11 2.4858506917953496 6.1219573854742758e-10 2.7466858625411992 0.14400495588779452 0.12466802045118115 3.5929030714622497e-11 1.5384795665740969 0.0039911910425871619 1.1630250811576845 0.15378531813621524 1.0725304484367373 0.025537479978423632 0.0019905574824004607 1.1506015062332156 0.091938762178127353 1.1548790931701662 0.14660716056823733 0.030295737265513791 0.69728875160217296 0.11007017642259599 0.0063426711130887279 0.032694259862284615 0.0065602657850831756 1.56629353761673
decision_type=2 2 2 2 2 2 2 2 2 2 2 2 2 2 2 2 2 2 2 2 2 2 2 2 2 2 2 2 2 2
left_child=2 19 3 11 5 7 -7 -4 -3 17 -11 12 -1 -14 -9 21 -17 18 25 20 -2 -13 -23 24 -24 -5 -27 28 29 -16
right_child=1 8 4 9 -6 6 -8 14 -10 10 -12 15 13 -15 27 16 -18 -19 -20 -21 -22 22 23 -25 -26 26 -28 -29 -30 -31
leaf_value=0.053698941441878749 0.05650859432116543 -0.11827412613499169 -0.16167686198286677 0.077358585672275937 0.10532778711796652 -0.1146837718458831 0.027585313218016147 -0.11700929341238564 0.10582192725229432 -0.12412814948453313 0.13346175502510099 0.1079813275642455 -0.35134856157784355 -0.0054644198286542276 -0.0091568399108230055 0.092866848414197067 -0.15247820815466284 0.067198402359331791 -0.0041642133002664028 -0.11127698099708253 -0.12897787168007491 0.068895734991209212 -0.35833390609183202 0.04758166557675543 0.016219547507562559 0.11390447753534277 -0.17544040189945062 0.094307578080052898 -0.16167923213674637 0.08345530966846873
leaf_weight=105.42125051096082 14.239676110446455 7.0602301172912147 10.093828413635491 75.898467130959034 38.891399942338467 71.404211420565844 32.57463862746954 11.641257315874098 21.825140975415707 25.521692480891947 5.9202888011932364 120.8041122853756 3.6973413228988639 44.860788688063622 81.80167555436492 6.8025319576263419 8.2232576198875886 71.417604550719261 304.83387834578753 395.86009093001485 9.5842044055461866 321.95234587788582 3.545450288802388 11.092846967279909 2.5962349995970726 5.3913250267505628 7.1131833903491497 25.068343378603458 6.3982271403074256 36.586472932249308
leaf_count=205 48 116 142 115 31 1257 156 122 23 413 4 92 36 178 400 8 100 113 1344 8503 132 515 37 23 9 4 67 48 82 69
internal_value=-0.000610019 -0.0958761 0.0290752 0.0394717 -0.00812213 -0.0241335 -0.0701135 0.00372919 0.0510478 0.0128795 -0.0756259 0.0604453 0.0267362 -0.0318009 0.0140674 0.0713724 -0.0414047 0.0188685 0.010091 -0.105988 -0.0181115 0.0750563 0.0633297 -0.0406468 -0.200001 0.0592464 -0.0506892 0.0242499 0.010176 0.0194639
internal_weight=1888.12 448.569 1439.55 1125.09 314.46 275.569 103.979 171.59 28.8854 496.096 31.442 628.996 153.979 48.5581 161.496 475.017 15.0258 464.654 393.237 419.684 23.8239 459.991 339.187 17.2345 6.14169 88.403 12.5045 149.855 124.786 118.388
internal_count=14392 8822 5570 3263 2307 2276 1413 863 139 2060 417 1203 419 214 721 784 108 1643 1530 8683 180 676 584 69 46 186 71 599 551 469
is_linear=0
shrinkage=0.1


Tree=17
num_leaves=31
num_cat=0
split_feature=17 3 8 7 15 12 8 10 14 12 12 5 11 13 13 12 18 18 14 14 6 5 8 3 5 17 12 13 17 10
split_gain=469.87 59.6448 47.6544 47.3897 45.9769 43.2838 42.5151 40.5088 27.1544 27.0102 29.0762 25.7624 24.336 23.7259 22.0236 44.5248 21.045 33.0263 32.9759 20.1146 58.687 23.0507 25.9603 19.0109 40.6156 26.3408 21.5037 18.7531 18.6632 18.5106
threshold=0.089200106534090925 0.12703465625383512 9.846275770178369e-12 0.024682477703536512 8.5673360445071025e-05 0.14400495588779452 1.130691848916518e-11 2.4858506917953496 0.0065382530447095641 0.099847946316003813 0.14833038300275805 0.097567285911192486 5.5343987725997589e-10 1.898370683193207 1.7665586471557619 0.10237753018736841 0.045906502584164802 0.055926077906571503 0.006189801264554263 0.0062843735795468101 2.4957024092952116e-11 0.022878789325825103 6.2302158620525984e-12 0.089399586166628894 0.022357741415647159 0.041748046875000007 0.10759640112519266 1.1506015062332156 0.08018909801136366 2.2309174537658696
decision_type=2 2 2 2 2 2 2 2 2 2 2 2 2 2 2 2 2 2 2 2 2 2 2 2 2 2 2 2 2 2
left_child=2 27 3 5 6 14 8 -8 9 -4 12 -12 -11 -3 15 -1 23 -18 -19 -16 -21 -22 -23 -17 -25 26 -26 -2 -13 -24
right_child=1 13 4 -5 -6 -7 7 -9 -10 10 11 28 -14 -15 19 16 17 18 -20 20 21 22 29 24 25 -27 -28 -29 -30 -31
leaf_value=-0.17509972491959885 -0.017054162952811962 -0.11598035280778794 -0.17999183541792538 0.078003971467192124 0.10304073143046651 -0.10789864511314864 -0.11144959300032085 0.024994305374588938 -0.15447458121660174 -0.13765852252896268 -0.14988965770798485 -0.15030681063645915 0.034755017121594178 0.10280349124150356 0.083782954014198538 0.054736053332367696 -0.24205698193709493 0.016301930864292762 -0.19144228889027654 -0.24791902278927327 0.10787004814906537 0.087417997658209748 0.047818243183414211 -0.1616323288507493 0.02327409666431771 0.040089693698206121 -0.21766770919671755 -0.11010695206643586 0.11115122949759781 -0.19558927877698876
leaf_weight=11.415033649653195 23.036829080432653 6.5535260401666191 7.0209871716797343 242.56296123191714 39.790233880281448 23.099624080583453 66.38887407258153 32.367722567170858 9.8959241360425931 8.4570460468530637 18.151946501806382 3.8727239146828643 256.06531858444214 20.342778012156487 124.42575726658106 220.44543406367302 6.0011060684919348 93.600177317857742 8.319976728409527 7.5038386508822432 30.972601309418678 12.086757846176626 4.7323532551527014 12.832229994237421 7.1718904040753824 119.99360993504524 7.6608496867120266 361.80009478703141 9.2534049674868566 9.1944485716521722
leaf_count=109 180 117 65 397 34 377 1257 156 127 92 231 39 815 22 160 413 61 306 80 76 23 19 9 147 31 368 69 8503 23 86
internal_value=-0.000619091 -0.0944746 0.0271164 0.0399167 0.00039585 0.0267084 -0.00953009 -0.0667298 0.00853366 0.0138606 0.0184618 -0.0727141 0.0292428 0.0494948 0.0313057 0.0200718 0.024752 -0.0140801 -0.000656708 0.0602914 0.0149671 0.0495835 -0.0198144 0.0361368 0.00836933 0.0245494 -0.101168 -0.104537 0.0340108 -0.112879
internal_weight=1805.02 411.733 1393.28 942.019 451.264 699.456 411.474 98.7566 312.717 302.821 295.8 31.2781 264.522 26.8963 676.356 487.44 476.025 107.921 101.92 188.916 64.49 56.9862 26.0136 368.104 147.659 134.826 14.8327 384.837 13.1261 13.9268
internal_count=14392 8822 5570 2731 2839 2334 2805 1413 1392 1265 1200 293 907 139 1957 1584 1475 447 386 373 213 137 114 1028 615 468 100 8683 62 95
is_linear=0
shrinkage=0.1


Tree=18
num_leaves=31
num_cat=0
split_feature=17 3 8 7 15 12 8 10 14 12 13 1 7 7 12 5 6 14 10 13 12 13 13 18 14 18 13 8 3 14
split_gain=413.315 53.2878 40.4798 41.6026 40.395 36.8452 36.7483 42.1678 24.2881 22.6236 27.836 42.1837 38.8778 32.905 30.6686 33.0656 23.5996 24.4177 20.9852 19.71 37.7336 18.8371 18.5324 17.6084 27.7635 27.3394 17.9129 29.5967 17.5512 17.243
threshold=0.089200106534090925 0.12703465625383512 9.846275770178369e-12 0.024682477703536512 8.5673360445071025e-05 0.14400495588779452 1.1529229014202898e-11 2.4858506917953496 0.0065382530447095641 0.099847946316003813 1.626212000846863 0.31593535096539849 0.009699496711463208 0.047136011468056051 0.14491584151983264 0.094792305698907509 3.0403490502350481e-11 0.0041178641840815553 2.7466858625411992 1.7665586471557619 0.10237753018736841 1.1506015062332156 1.0725304484367373 0.045906502584164802 0.006189801264554263 0.055926077906571503 1.676620662212372 8.2212470422049805e-12 0.0454915300124345 0.0062843735795468101
decision_type=2 2 2 2 2 2 2 2 2 2 2 2 2 2 2 2 2 2 2 2 2 2 2 2 2 2 2 2 2 2
left_child=2 21 3 5 6 19 8 -8 9 -4 11 14 -13 -14 16 22 17 -11 -3 20 -1 28 -16 -22 25 -25 27 -27 -2 -21
right_child=1 18 4 -5 -6 -7 7 -9 -10 10 -12 12 13 -15 15 -17 -18 -19 -20 29 23 -23 -24 24 -26 26 -28 -29 -30 -31
leaf_value=-0.16541547685596816 0.10521950501665639 -0.11513565141078877 -0.1692927394841148 0.074033197317951591 0.10048276846542226 -0.10274026671328973 -0.12020293319398501 0.024516735061840451 -0.14783233472632959 0.057112669318290038 0.090642214268484608 0.061071009937881761 -0.1983472805737736 0.11891227511153205 0.11022382440720713 0.04736652814026826 0.061344719401574967 -0.11875434878959663 0.099436422977682293 0.079736007446985946 0.033412337215238577 -0.1090697352503926 -0.13995811360004345 -0.22509496621672029 -0.1821056700875209 -0.21261073995928625 0.08357184219685404 0.0092310033038348546 -0.078769420421887906 0.014347665005841108
leaf_weight=10.901387039571999 7.9084726609289673 5.9937505610287216 6.7329737730324259 230.6463404931128 36.873527031391859 21.897112691774964 54.4212013669312 31.956560492515564 9.8170164581388217 15.088705115020277 42.855941604822874 11.799869965761898 24.15555011108518 3.7808152437210074 3.3222735337913063 22.328456025570631 130.61683449149132 16.55840053781867 19.026753351092339 118.00519750267267 358.7345871925354 330.32399189472198 27.219142066314816 5.0075788199901572 8.883634001016615 6.6911666169762603 26.897909604012966 59.415870383381844 15.053754497319458 61.266375068575144
leaf_count=109 20 116 65 397 34 377 1184 154 137 42 62 38 235 2 4 86 291 157 23 160 1028 8503 348 52 89 72 35 199 160 213
internal_value=-0.000645261 -0.0929937 0.0253126 0.0373489 0.000324113 0.0248639 -0.00889383 -0.066662 0.00698358 0.0119755 0.0160748 0.00353643 -0.0911252 -0.15541 0.0210209 -0.0451245 0.0425728 -0.0349045 0.0480349 0.0291246 0.0184914 -0.102982 -0.112743 0.022797 -0.0128272 0.00251581 0.0147708 -0.0132232 -0.0154014 0.0573894
internal_weight=1724.18 378.307 1345.87 908.347 437.527 677.701 400.654 86.3778 314.276 304.459 297.726 254.87 39.7362 27.9364 215.134 52.8699 162.264 31.6471 25.0205 655.804 476.532 353.286 30.5414 465.631 106.896 98.0125 93.0049 66.107 22.9622 179.272
internal_count=14392 8822 5570 2731 2839 2334 2805 1338 1467 1330 1265 1203 275 237 928 438 490 199 139 1957 1584 8683 352 1475 447 358 306 271 180 373
is_linear=0
shrinkage=0.1


Tree=19
num_leaves=31
num_cat=0
split_feature=17 3 3 2 14 9 2 13 7 14 12 14 8 6 12 5 5 8 18 13 13 3 1 13 7 5 8 5 9 14
split_gain=364.183 47.7337 35.0161 39.3111 65.6328 61.262 46.8982 28.0887 45.9955 33.5664 30.998 27.6632 41.4567 26.6033 26.3364 31.3645 22.4318 20.9733 26.5578 18.6311 18.4052 17.7936 16.4496 14.4253 33.9433 38.3055 24.9882 24.3123 22.888 32.4693
threshold=0.089200106534090925 0.12703465625383512 0.053531774806873364 9.2852898231670201e-10 0.0065382530447095641 0.0071342726321395383 5.4936876591421058e-10 1.7391805648803713 0.024840519002399766 0.0058028637431561956 0.1036028452217579 0.0056580486707389363 8.1303736301018128e-12 5.8071690152012389e-11 0.14400495588779452 0.12466802045118115 0.01553657304499847 6.0794638877770121e-12 -0.088016160594468748 1.898370683193207 1.1506015062332156 0.13423800056632612 0.091938762178127353 1.6416568756103518 0.016643247970197034 0.04074460626367659 7.4597760828692908e-12 0.015419785135343459 0.0029172599466305506 0.0058028637431561956
decision_type=2 2 2 2 2 2 2 2 2 2 2 2 2 2 2 2 2 2 2 2 2 2 2 2 2 2 2 2 2 2
left_child=2 20 -1 4 5 7 -6 8 10 -10 21 12 -9 14 23 -16 -8 -18 -19 -3 22 -4 -2 24 25 26 -12 -28 29 -25
right_child=1 19 3 -5 6 -7 16 11 9 -11 13 -13 -14 -15 15 -17 17 18 -20 -21 -22 -23 -24 28 -26 -27 27 -29 -30 -31
leaf_value=0.073995064557661624 0.052237949935166894 -0.11319902939724441 -0.15136008135907222 0.10585167561881036 -0.12422781327981683 -0.10483984352244305 0.082451808045605479 0.10853118950942187 0.058845421850412721 -0.12071405906779703 -0.13227252075261353 0.07352069740224558 -0.218788964241037 -0.19603469932026871 -0.14412526896774494 0.12393413448428062 0.11962383044183145 0.036483163351251097 -0.17694204581466055 0.096669078110993178 -0.10814807655379373 0.13050034803857144 -0.12458258390155744 0.097466054218610765 0.03373965447161438 -0.13994010101776441 -0.13567151510124573 0.020239297993745849 0.085692678897684518 -0.067787695633980127
leaf_weight=124.66121817007661 13.993650786578657 5.5556056797504452 18.567490808665756 49.099665798246861 55.119204878807068 36.542481569573283 22.783484663814306 7.2648932933807364 265.51678588613868 10.835771869868038 14.442731909453867 171.22954681701958 8.2790949083864671 6.4120845310389987 20.903295280411843 5.5169465243816367 5.9207136109471348 9.809648044407373 14.373275969177479 17.728929117321968 301.3063214533031 2.5469598770141593 8.4311482757329923 19.226292066276073 186.83932386338711 25.973708838224411 10.958595804870127 114.54330752231181 62.99538847245276 31.158182673156261
leaf_count=293 48 117 199 42 943 703 34 6 614 111 133 262 92 58 384 4 5 32 151 22 8503 1 132 19 492 248 97 404 94 149
internal_value=-0.000671365 -0.0916965 0.0235981 0.0182597 0.0144461 0.0222972 -0.0596807 0.0270225 0.0188373 0.0518049 0.00131965 0.0619253 -0.0658072 0.00634172 0.00897624 -0.0881504 0.00759066 -0.0490669 -0.0903675 0.0465953 -0.101643 -0.11736 -0.014242 0.0144813 0.00450808 -0.0284094 -0.00770926 0.00662545 0.0455108 -0.00472825
internal_weight=1648.54 347.016 1301.52 1176.86 1127.76 1019.75 108.006 983.21 796.437 276.353 520.084 186.774 15.544 498.97 492.558 26.4202 52.8871 30.1036 24.1829 23.2845 323.731 21.1145 22.4248 466.138 352.758 165.918 139.945 125.502 113.38 50.3845
internal_count=14392 8822 5570 5277 5235 4070 1165 3367 3007 725 2282 360 98 2082 2024 388 222 188 183 139 8683 200 180 1636 1374 882 634 501 262 168
is_linear=0
shrinkage=0.1


Tree=20
num_leaves=31
num_cat=0
split_feature=17 3 5 14 12 8 8 13 12 3 13 14 7 5 9 12 19 8 17 5 13 0 4 18 14 7 12 18 3 17
split_gain=321.69 42.8302 32.0078 64.0174 43.7653 69.9191 36.4345 29.7986 31.9241 25.6315 45.2639 26.204 45.4374 36.1563 33.2306 66.2115 60.2103 30.1934 31.4262 24.2028 53.6248 37.657 23.0853 22.8308 22.1857 20.5921 19.6003 20.8596 19.4546 19.3737
threshold=0.089200106534090925 0.12703465625383512 0.067901919787979534 0.0054285624064505109 0.14156157523393634 1.0369142289860931e-10 1.1529229014202898e-11 1.202514708042145 0.14876860380172732 0.074684561602702884 1.1657907366752627 0.005608445033431054 0.013393510290812137 0.043991795069130459 0.0033342596283908389 0.11091778054833414 0.30946846306324011 8.1303736301018128e-12 0.047074751420454551 0.017141825088174755 1.199063301086426 1.4230242489416352e-10 5.2283960815217827e-11 0.47509785216640349 0.0038776068249717359 0.0082483514334482731 0.1260071396827698 -0.07699623028747736 0.18689837506175852 0.055064808238636374
decision_type=2 2 2 2 2 2 2 2 2 2 2 2 2 2 2 2 2 2 2 2 2 2 2 2 2 2 2 2 2 2
left_child=2 -2 4 -4 6 7 9 8 -6 19 -11 12 17 14 15 -13 22 18 -12 20 21 -1 -17 -19 -22 -24 -26 -28 -15 -14
right_child=1 -3 3 -5 5 -7 -8 -9 -10 10 11 13 29 28 -16 16 -18 23 -20 -21 24 -23 25 -25 26 -27 27 -29 -30 -31
leaf_value=0.058416699554065789 -0.1004539972821777 0.045221090710088133 0.091925405315415543 -0.027401181021339267 0.040614306234655492 0.089230141618960382 -0.12312155275810682 -0.11524374537195894 -0.17497408517510574 -0.23912510666916878 0.11314877884749482 0.056491882350166535 -0.11427559872826157 -0.16368486356239242 0.098317699346588003 0.078982709329374887 0.048606734255829419 -0.14657600578074842 -0.1340135985517473 0.068941474477338865 0.094869745316509657 -0.39793376313310413 -0.19040476626941616 0.14153678573166947 0.014401646864479953 -0.013130603560968034 0.031311330510916315 -0.3236244884905195 0.12903226506283302 0.026944366598004268
leaf_weight=2.748010613024233 296.30217890068889 21.657932618632913 153.57108173891902 63.570869414135814 31.215230565518141 33.727168828248978 16.749877583235502 69.15018573589623 8.8063532374799234 6.9709998629987231 13.242028411477806 186.53742868080735 10.337527822703121 13.158894762396811 78.23863947018981 4.7691544443368903 33.303392991423607 40.891658786684275 8.412394240498541 201.8178569637239 30.165259353816509 5.28726452216506 31.718829065561295 2.9487290382385245 28.670448876917362 8.2586064934730512 2.8558116629719734 3.9404665753245345 2.7439841441810122 161.18086005374789
leaf_count=5 8683 139 217 460 128 51 297 1452 133 60 10 364 80 147 108 8 86 445 113 348 32 56 316 1 82 34 12 47 2 476
internal_value=-0.000686046 -0.0905313 0.0220769 0.0569911 0.014772 -0.0366185 0.0229777 -0.0754978 -0.00682378 0.0257642 0.0142141 0.0171786 -0.00862336 0.0342259 0.0410636 0.0241336 -0.0532019 -0.0794786 0.0171302 0.0510337 0.00197386 -0.241865 -0.128975 -0.127197 0.0318269 -0.153783 -0.0217926 -0.17448 -0.113178 0.0184329
internal_weight=1572.95 317.96 1254.99 217.142 1037.85 142.899 894.948 109.172 40.0216 878.198 602.713 595.742 237.013 358.729 342.826 264.587 78.05 65.4948 21.6544 275.485 73.6673 8.03528 44.7466 43.8404 65.632 39.9774 35.4667 6.79628 15.9029 171.518
internal_count=14392 8822 5570 677 4893 1764 3129 1713 261 2832 2250 2190 1125 1065 916 808 444 569 123 582 234 61 358 446 173 350 141 59 149 556
is_linear=0
shrinkage=0.1


Tree=21
num_leaves=31
num_cat=0
split_feature=17 15 8 2 3 12 5 13 4 8 18 14 0 12 1 11 7 12 5 6 4 17 3 3 14 19 19 3 9 5
split_gain=286.015 36.844 34.1623 46.2507 35.3306 30.6669 39.2964 35.1956 27.5517 27.3896 32.5613 38.2686 50.7366 21.6922 42.1203 32.2402 23.7848 21.6194 20.0833 19.1711 18.8327 58.0223 24.3035 22.8337 18.6177 25.6689 17.4436 17.424 16.8594 26.348
threshold=0.093461470170454572 7.2309820097871138e-05 1.0658543653742464e-11 9.2852898231670201e-10 0.053531774806873364 0.15205423533916476 0.069741187201511332 1.0725304484367373 5.4526850177163342e-11 9.2472085028379433e-12 -0.15117192358328874 0.0058028637431561956 7.6932570125421513e-10 0.13945068418979648 0.17767693701937967 6.1219573854742758e-10 0.02138882273716251 0.12407883256673814 0.067901919787979534 4.9260009724405152e-11 3.243660643605001e-11 0.076416015625000014 0.055543201483891011 0.081529335596411581 0.0053704429883509883 0.27159394323825842 0.14260150492191317 0.081000290569932201 0.023013605659327304 0.071359364527727259
decision_type=2 2 2 2 2 2 2 2 2 2 2 2 2 2 2 2 2 2 2 2 2 2 2 2 2 2 2 2 2 2
left_child=2 -2 4 8 -1 6 9 -7 -4 20 -11 12 13 15 19 16 -12 -10 -16 -15 21 22 -6 -22 -8 -26 -23 -24 29 -19
right_child=1 -3 3 -5 5 7 24 -9 17 10 11 -13 -14 14 18 -17 -18 28 -20 -21 23 26 27 -25 25 -27 -28 -29 -30 -31
leaf_value=0.078260203634226644 -0.10262447505456791 0.087703933450228269 -0.1171942969999622 0.097495493671884537 0.10373238083475177 0.088558290904769549 0.10187825322366773 -0.1227891302893261 0.058426683732504897 0.054206876300634803 -0.24717030442835705 0.045340216118603525 -0.15164919129508095 -0.11252232482989251 -0.31982760186453624 0.020571332779149368 -0.0053308706302283085 -0.11815896812460898 0.044340180738472713 0.10304989908954723 0.069311334224866017 -0.21175712574242822 -0.38345776307038676 0.020626833228727187 -0.21670378054241268 0.046954870362850849 0.058054490724847946 -0.14735504187005921 0.042976201852708597 0.0070855669215660715
leaf_weight=116.66671630181372 254.13762138038874 10.594932120293377 37.265709819272161 27.941257547587156 2.374690130352973 10.790951468050478 85.792023722082376 29.203389985486865 27.860231570899487 65.403127335011959 8.504135478287937 57.459766648709774 37.616650745272636 7.9969607759267154 8.754591060802337 96.230881787836552 7.7937688305973998 39.854545352980494 1.8311191163957126 8.5210990943014604 146.55963012576103 2.5676666144281617 5.3052770718932134 281.13360847346485 4.1969529613852492 30.722192101180553 35.872913463041186 7.6081415191292763 18.143251245841384 29.033176252618432
leaf_count=196 8200 40 1038 31 2 19 84 529 82 147 82 182 403 94 112 275 25 818 5 11 230 44 56 1012 43 85 116 114 119 198
internal_value=-0.000657465 -0.0950073 0.0195018 -0.0207616 0.0263498 0.0199224 0.0237207 -0.0657651 -0.0424777 0.0155188 -0.00819168 -0.0255794 -0.0485698 -0.0208005 -0.101112 -0.00145669 -0.131521 -0.0182429 -0.256834 -0.00131603 0.0302996 -0.0255032 -0.190286 0.0373098 0.0768231 0.0152656 0.0400322 -0.244354 -0.0427862 -0.0653738
internal_weight=1503.74 264.733 1239 180.098 1058.91 942.24 902.245 39.9943 152.157 781.534 300.112 234.709 177.249 139.633 27.1038 112.529 16.2979 114.891 10.5857 16.5181 481.422 53.7287 15.2881 427.693 120.711 34.9191 38.4406 12.9134 87.031 68.8877
internal_count=14392 8240 6152 2286 3866 3670 3122 548 2255 2910 1336 1189 1007 604 222 382 107 1217 117 105 1574 332 172 1242 212 128 160 170 1135 1016
is_linear=0
shrinkage=0.1


Tree=22
num_leaves=31
num_cat=0
split_feature=17 3 2 14 12 7 12 2 13 5 13 3 14 8 12 5 5 12 3 13 5 3 19 9 8 18 3 18 13 9
split_gain=252.391 33.4055 29.7599 55.3532 35.6366 37.2809 51.6278 33.1163 24.1037 20.6479 20.3664 28.8974 24.8708 30.6652 23.0884 18.8602 18.3404 26.4264 22.2961 17.4419 17.4355 22.7772 19.2131 23.6537 17.1102 21.5908 14.7085 14.5627 32.1662 18.9992
threshold=0.093461470170454572 0.1479324893419591 9.2852898231670201e-10 0.0065382530447095641 0.15378531813621524 0.028077199343036017 0.14491584151983264 5.4936876591421058e-10 1.0725304484367373 0.10160624632928199 1.7391805648803713 0.056395096150487663 0.0056580486707389363 8.1303736301018128e-12 0.1036028452217579 0.01553657304499847 0.021313203573429081 0.1212780885398388 0.052621105355467622 1.0725304484367373 0.044742308983526047 0.078975681754958102 1.2878133058547976 0.0070050214345830824 6.0794638877770121e-12 -0.088016160594468748 0.18689837506175852 0.030626694470067214 1.6492465138435366 0.0029886054133578814
decision_type=2 2 2 2 2 2 2 2 2 2 2 2 2 2 2 2 2 2 2 2 2 2 2 2 2 2 2 2 2 2
left_child=2 19 3 4 5 6 10 -5 -6 -8 11 16 13 -12 -13 -9 17 -1 -19 -2 21 -7 23 -23 -17 -26 -10 29 -29 -16
right_child=1 -3 -4 7 8 20 9 15 26 -11 12 14 -14 -15 27 24 -18 18 -20 -21 -22 22 -24 -25 25 -27 -28 28 -30 -31
leaf_value=0.098012172112991638 0.10931514436782852 0.070008763655592096 0.10077262735673316 -0.10971778384355653 0.069509552670376978 0.056133294242728997 -0.15402814586900887 0.077214794541084653 -0.11886075534486643 0.052124838915340893 0.10336498204192093 -0.108065600415478 0.063948818717975392 -0.18522559453199836 -0.045662411293340734 0.11091559209312125 0.10468488742802169 -0.016694635833687906 -0.30077414457910973 -0.10551123212456137 0.079023204962586677 -0.29759454671052427 0.053174479869881108 0.053742994098115407 0.031508193758311674 -0.16759363597855129 0.12715587200990738 -0.05208342601965326 0.048864481763427933 0.027097493793273399
leaf_weight=21.789608614519238 3.8432386927306643 11.878706250339745 42.121285937726498 53.213230296969414 10.665109213441609 32.182211328297853 24.014880269765857 20.559949614107609 34.042836546897888 6.0906318426132193 6.1429824605584136 18.083543423563242 153.67145917378366 9.1907292958348972 40.794183660298586 5.4068382307887104 49.974696995690465 21.793312029913071 3.1638943869620553 227.4118217267096 162.54698249138892 6.0514231622219068 5.3861398398876181 2.8042185101658106 9.1425778307020718 13.472526431083674 2.617000948637723 97.96918111667037 46.569167206063867 298.40931683778763
leaf_count=22 11 49 43 1074 30 79 525 34 917 16 6 200 292 139 197 5 56 120 35 8180 293 64 14 14 33 160 2 620 115 1047
internal_value=-0.000646411 -0.0935401 0.0182084 0.0151993 0.0220006 0.0259877 0.0161375 -0.0552192 -0.0628054 -0.112321 0.021176 0.0125203 0.0518311 -0.0696106 0.00287387 0.00447474 0.0625693 0.0175455 -0.0527082 -0.101941 0.0635864 0.00953678 -0.0957576 -0.18634 -0.0488953 -0.087103 -0.101299 0.00702108 -0.0195588 0.0183471
internal_weight=1441 243.134 1197.87 1155.75 1053.95 1006.63 797.658 101.795 47.3249 30.1055 767.552 598.547 169.005 15.3337 501.825 48.5819 96.7215 46.7468 24.9572 231.255 208.971 46.424 14.2418 8.85564 28.0219 22.6151 36.6598 483.742 144.538 339.204
internal_count=14392 8240 6152 6109 4803 3854 3390 1306 949 541 2849 2412 437 145 2179 232 233 177 155 8191 464 171 92 78 198 193 919 1979 735 1244
is_linear=0
shrinkage=0.1


Tree=23
num_leaves=31
num_cat=0
split_feature=17 15 2 14 12 13 12 6 2 7 14 7 13 8 17 7 12 1 5 8 4 8 3 5 9 13 19 5 8 11
split_gain=223.484 31.5973 26.6839 47.0224 31.8001 29.707 36.1047 28.6904 28.669 23.3481 26.7189 54.2878 40.5363 34.1604 32.0845 31.9849 51.6732 20.7753 19.7907 16.532 31.092 39.0894 16.1731 16.1275 16.0159 27.3593 19.449 21.804 15.9446 16.3493
threshold=0.093461470170454572 7.2309820097871138e-05 9.2852898231670201e-10 0.0065382530447095641 0.1607613489031792 1.1196660399436953 0.14536267518997195 4.6318775169264429e-11 5.4936876591421058e-10 0.024682477703536512 0.0055877629201859244 0.013393510290812137 1.5058790445327761 8.1303736301018128e-12 0.047074751420454551 0.0062054307155453257 0.11091778054833414 0.22462751012022067 0.10695731949728962 8.2212470422049805e-12 6.5930549456035954e-11 9.2150308978545236e-12 0.1412104054789402 0.01553657304499847 0.0033342596283908389 1.6693882346153261 0.30946846306324011 0.027632620976785545 1.0484422787015421e-11 3.0919176940980014e-10
decision_type=2 2 2 2 2 2 2 2 2 2 2 2 2 2 2 2 2 2 2 2 2 2 2 2 2 2 2 2 2 2
left_child=2 -2 3 4 5 -1 9 -8 -5 10 11 13 18 14 -7 16 19 -9 -12 -14 -21 -22 -15 -10 25 26 27 -17 -13 -30
right_child=1 -3 -4 8 -6 6 7 17 23 -11 12 28 15 22 -16 24 -18 -19 -20 20 21 -23 -24 -25 -26 -27 -28 -29 29 -31
leaf_value=0.08272682106899662 -0.10037660881463815 0.085120583346741607 0.098276624532307552 -0.10478360214941425 -0.1150571877047124 0.11085695088014387 -0.13903173196516724 0.026527620132842867 0.073331306896054535 0.056637519150173177 -0.18571722063388307 0.024982938333972592 0.049456965717693084 -0.13266209284028876 -0.13056192096543498 0.0037261949092059427 -0.22186416011000773 -0.13354900340278261 0.12817172691336276 0.072985913679141853 -0.35272672307019459 0.060813416747395627 0.093460015147874637 -0.046074534595729008 0.10282926434481401 0.070251228053913303 0.052272935688204361 -0.20903554120833753 0.15754180402243032 -0.078668872074507831
leaf_weight=76.341617835685611 213.09896028973162 9.5963145606219751 39.031723994761705 50.300836319103837 17.025869524106383 15.299826182425024 24.004237921908498 39.851090541109443 19.5379768460989 171.39663471281528 11.3898907341063 263.80815635994077 53.213377226144075 52.230905110947788 8.5988458190113288 9.9980995655059832 9.9661580212414247 10.178333781659601 2.4387633800506583 8.9952471852302569 5.6824124269187433 3.8238550014793873 3.3669594042003146 26.864235401153564 73.612208658829331 107.42626854032278 15.273140966892241 9.2943782582879049 3.2971029281616238 26.332707723602653
leaf_count=157 8200 40 43 1074 564 12 658 209 34 362 110 740 103 646 136 30 94 131 1 13 57 8 8 198 115 180 37 89 1 342
internal_value=-0.000636552 -0.0923832 0.0169984 0.0141648 0.0204663 0.0227603 0.0178351 -0.0491601 -0.0524876 0.0236331 0.0153634 -0.00268788 0.0370017 -0.0759904 0.0239934 0.0447868 -0.0085042 -0.00603948 -0.130361 0.0211463 -0.06028 -0.186382 -0.118968 0.00420213 0.064976 0.0453519 -0.0320327 -0.0987743 0.0171708 -0.0523842
internal_weight=1381.28 222.695 1158.58 1119.55 1022.85 1005.82 929.479 74.0337 96.703 855.445 684.048 372.935 311.114 79.4965 23.8987 297.285 81.681 50.0294 13.8287 71.7149 18.5015 9.50627 55.5979 46.4022 215.604 141.992 34.5656 19.2925 293.438 29.6298
internal_count=14392 8240 6152 6109 4803 4239 4082 998 1306 3084 2722 1885 837 802 148 726 275 340 111 181 78 65 654 232 451 336 156 119 1083 343
is_linear=0
shrinkage=0.1


Tree=24
num_leaves=31
num_cat=0
split_feature=17 4 3 4 14 2 14 12 2 5 8 14 17 13 1 19 14 3 7 4 13 3 13 19 2 6 14 2 13 13
split_gain=197.348 31.2963 24.3901 27.5259 44.1124 22.9167 39.2687 25.7199 24.1781 20.0072 26.3144 28.417 48.427 27.608 21.1201 20.9551 30.0843 37.9947 26.7753 22.3717 19.5633 19.0806 14.8947 26.0508 17.8904 14.7983 34.1666 30.2128 28.3792 22.1288
threshold=0.093461470170454572 1.2274743333110592e-10 0.053531774806873364 3.9474621855383839e-11 0.0041737460996955642 9.2852898231670201e-10 0.0065382530447095641 0.15205423533916476 5.4936876591421058e-10 0.069741187201511332 9.2472085028379433e-12 0.0057009391020983466 0.055064808238636374 1.5058790445327761 0.31166409483454932 1.4047595858573916 0.0050087422132492074 0.081529335596411581 0.01624636602208775 1.2274743333110592e-10 1.0725304484367373 0.13019782666382479 1.1842007637023928 0.53992998600006115 1.1626596603878105e-10 2.7044909486573157e-11 0.0062843735795468101 5.3051396907697983e-10 1.5479825139045718 1.1727491617202761
decision_type=2 2 2 2 2 2 2 2 2 2 2 2 2 2 2 2 2 2 2 2 2 2 2 2 2 2 2 2 2 2
left_child=2 -2 -1 4 22 6 7 9 -8 10 25 12 -12 -13 -11 16 18 -18 -14 -19 -9 -16 23 24 -4 26 28 -28 29 -5
right_child=1 -3 3 5 -6 -7 8 20 -10 14 11 13 15 -15 21 -17 17 19 -20 -21 -22 -23 -24 -25 -26 -27 27 -29 -30 -31
leaf_value=0.06113027515727109 -0.10471916056795821 0.019728583449676738 -0.32749122810887865 0.099170712020041712 -0.095695704960619077 0.095829444274796463 -0.099289321701912042 0.06530423477304706 0.0039349806949738921 0.074862145820562206 -0.13166519305884014 -0.19759103503480946 -0.21212481083526347 0.067989222880590242 -0.20273849978285569 0.072056061578216007 -0.35288473436981116 -0.18285159311388191 0.026811806882123614 0.0084654042958848576 -0.096844220136052581 0.077183064130019324 0.033147153252253474 0.075167282621870515 -0.0038966359710270668 0.062958239633641458 -0.22996523727922208 0.10855659993773631 0.041377683253493121 -0.20797188618696916
leaf_weight=107.82058968581259 181.92645627446473 22.732859507203102 4.6167693957686406 3.2760268040001383 59.11354504339397 36.173502683639526 45.264498651959002 9.9300790727138502 45.500933274626732 115.28988298773766 35.269715692847967 4.1858491692692033 5.0008593872189513 60.314169539138675 5.4505557846277934 30.90307629108429 5.0912413671612731 9.1795528801158088 75.439940696582198 18.291135609149933 29.681670797988772 4.4015871062874794 75.071732738986611 5.8552587442100048 2.7122121155261993 132.90729749388993 9.4994904771447164 3.649227373301982 168.25618062540889 8.2604625485837442
leaf_count=377 7863 377 44 3 1141 43 989 29 232 226 419 46 71 133 54 93 70 101 298 77 610 7 200 8 11 281 96 3 393 97
internal_value=-0.000624752 -0.0908959 0.0159237 0.011091 -0.0288451 0.0179248 0.0145091 0.0221795 -0.0475427 0.0266487 0.0186935 -0.00616317 -0.0266523 0.0507539 0.0628529 -0.000914811 -0.0208703 -0.101968 0.0119575 -0.0554647 -0.056196 -0.0776795 0.0159311 -0.0820977 -0.20774 0.0372817 0.0195945 -0.136014 0.0309745 -0.120752
internal_weight=1321.07 204.659 1116.41 1008.59 147.37 861.217 825.043 734.278 90.7654 694.666 569.524 243.676 179.176 64.5 125.142 143.906 113.003 32.5619 80.4408 27.4707 39.6117 9.85214 88.256 13.1842 7.32898 325.849 192.941 13.1487 179.793 11.5365
internal_count=14392 8240 6152 5775 1404 4371 4328 3107 1221 2468 2181 1308 1129 179 287 710 617 248 369 178 639 61 263 63 55 873 592 99 493 100
is_linear=0
shrinkage=0.1


Tree=25
num_leaves=31
num_cat=0
split_feature=17 4 18 3 2 12 8 7 12 14 4 10 5 6 4 2 5 19 13 9 2 18 8 2 4 14 14 1 8 15
split_gain=174.105 30.179 22.2964 20.0941 24.4809 21.758 17.8404 17.3252 34.0877 24.3056 16.7073 25.6167 24.8759 19.0173 16.2949 16.134 15.8672 16.9381 16.9985 32.8143 15.6788 17.1544 15.6634 21.5283 14.7785 19.5324 14.2555 14.7855 13.8246 20.0352
threshold=0.093461470170454572 1.0755918604137831e-10 -0.011769365942613644 0.097490436636922959 9.2852898231670201e-10 0.15378531813621524 6.2302158620525984e-12 0.021086778581558881 0.12656825780868533 0.0065146584529429683 3.5929030714622497e-11 1.5384795665740969 0.019757470301592497 2.5941551113953102e-11 6.9269008071591183e-11 9.2852898231670201e-10 0.043991795069130459 0.31487315893173223 1.7665586471557619 0.0026381744930831182 3.3235823653669408e-10 0.013704686801330272 1.0236249237689244e-11 4.7069577536461174e-10 1.3955264170123274e-10 0.0051659808959811935 0.0068351912777870902 0.24026574883944077 9.2472085028379433e-12 8.5673360445071025e-05
decision_type=2 2 2 2 2 2 2 2 2 2 2 2 2 2 2 2 2 2 2 2 2 2 2 2 2 2 2 2 2 2
left_child=2 -2 3 5 14 10 -4 8 9 16 11 -1 13 -13 -5 -11 17 18 19 -8 21 -21 -9 24 -24 -26 -16 -28 -10 -30
right_child=1 -3 6 4 -6 -7 7 22 28 15 -12 12 -14 -15 26 -17 -18 -19 -20 20 -22 -23 23 -25 25 -27 27 -29 29 -31
leaf_value=0.039810931240554306 -0.10505300205126472 0.012470771264776314 0.066381172159118165 -0.11195760716862252 0.092870408498750334 -0.051163666807772248 -0.23562590148363027 0.038842734973981149 -0.02892314703238031 -0.1593411146073809 0.053041400700003731 -0.18143566575009412 -0.33432995627874562 0.039049417334105246 0.0075329816204186967 0.10728543037908188 -0.13563520930685424 0.04919664306950098 0.038673679294121771 -0.23423925148540914 0.052793320777975494 -0.030385678386893697 -0.14901333482893453 0.079120459959398787 0.10059848379982538 -0.11437732222906423 0.11922081096152413 -0.13567134099152761 -0.14449832301341589 0.10066202678160426
leaf_weight=45.265370509587228 163.18699917756021 25.2280536852777 36.048587730154395 16.305015927180648 23.220690872520208 25.3278240384534 7.7404874749481669 115.79590848274529 26.916169359348714 14.31939364038408 347.9189970549196 6.2786336028948488 3.5885031800717107 10.37790124863386 107.90253773517907 2.6969774365425101 7.4600662542507044 77.201605151407421 42.470286455005407 4.6294435262680045 21.155553555116057 38.109999306499958 14.610252940095963 12.643166497349737 8.0865979231894034 8.8539920421317202 2.7352571506053236 13.546266078948973 35.976074586622417 3.6738609671592704
leaf_count=145 7797 443 115 247 29 456 72 336 287 181 940 101 54 41 545 3 105 237 99 54 74 214 472 33 9 120 7 328 844 4
internal_value=-0.000610808 -0.089317 0.0148525 0.0276509 -0.00224708 0.0388065 -0.00126546 -0.00677834 -0.0216759 -0.00237743 0.0443183 -0.00200891 -0.0955128 -0.0440618 -0.0179685 -0.117083 0.00744242 0.0130218 -0.0114534 -0.0411721 -0.0176152 -0.0524667 0.0195128 -0.0311351 -0.0753171 -0.0117585 -0.00562804 -0.0928501 -0.0842345 -0.121782
internal_weight=1269.27 188.415 1080.86 602.467 163.71 438.757 478.388 442.34 282.35 215.784 413.429 65.5104 20.245 16.6565 140.489 17.0164 198.767 191.307 114.106 71.6355 63.895 42.7394 159.99 44.194 31.5508 16.9406 124.184 16.2815 66.5661 39.6499
internal_count=14392 8240 6152 2893 1156 1737 3259 3144 2174 1039 1281 341 196 142 1127 184 855 750 513 414 342 268 970 634 601 129 880 335 1135 848
is_linear=0
shrinkage=0.1


Tree=26
num_leaves=31
num_cat=0
split_feature=17 4 3 2 9 14 8 11 10 8 8 5 12 17 13 1 5 12 12 5 14 6 18 12 13 5 5 2 3 8
split_gain=153.441 28.9184 20.2108 22.0823 30.3403 23.2993 21.4076 25.2187 18.3226 15.1368 25.1228 21.5711 16.5083 16.2912 21.029 27.64 22.8492 26.8286 17.162 22.4307 30.486 19.9144 15.0828 18.4654 21.6768 17.4048 14.4929 14.4134 14.0895 13.4068
threshold=0.093461470170454572 1.0755918604137831e-10 0.053531774806873364 9.2852898231670201e-10 0.0071342726321395383 0.0065382530447095641 6.0794638877770121e-12 8.7461122788568007e-09 2.5391123294830327 9.3807716379576659e-12 9.411526474461303e-12 0.050448002329287277 0.14006477594375613 0.038773970170454551 1.626212000846863 0.31593535096539849 0.053269893958036572 0.12343641743063928 0.15205423533916476 0.069741187201511332 0.0051153467502444991 8.6669149990474379e-11 -0.09444271107945082 0.12343641743063928 1.2930669784545901 0.023511565938331772 0.019259259126434194 1.5517254682987226e-10 0.18689837506175852 8.7372080086981492e-12
decision_type=2 2 2 2 2 2 2 2 2 2 2 2 2 2 2 2 2 2 2 2 2 2 2 2 2 2 2 2 2 2
left_child=2 -2 26 4 5 9 -7 28 -6 11 -11 12 29 -12 15 18 17 -17 19 20 22 -22 -15 -24 25 -25 -1 -27 -8 -4
right_child=1 -3 3 -5 8 6 7 -9 -10 10 13 -13 -14 14 -16 16 -18 -19 -20 -21 21 -23 23 24 -26 27 -28 -29 -30 -31
leaf_value=0.0032730230297948492 -0.10457997117410665 0.011220438329861693 0.035999990634061223 0.091524607084282242 -0.093271051095315763 0.086877643683967054 -0.1236901515095936 0.11051821782980456 0.034856688265408137 -0.243906086190672 -0.10280969430230058 0.076416505419227218 -0.088781116446775443 0.05953776955576584 0.068700948290092864 -0.12583760619383999 -0.1827723393099579 0.052559280451797946 -0.074416550633741127 0.061428543227628266 -0.20380986630013145 0.055037582616871555 0.067080563986620725 -0.21689354990271792 -0.19113117594266707 0.026982699722691184 0.083272319455376956 -0.12856910465189231 0.11534797691310546 -0.0042460493308849453
leaf_weight=34.20225434936583 148.29154570773244 25.235001126304269 237.29689503088593 31.527448993176222 45.760386591777205 9.3206123374402505 37.524602347053587 6.0821353197097769 14.761141756549476 4.1762737799435845 13.999149357900022 75.490345136262476 13.977099084295331 42.389184964820743 47.751534986309707 15.519478922709821 13.48816094920039 18.453670226037502 21.366176742129028 80.029637111350894 11.544039490632711 4.0028076414018861 20.061560995876789 4.0215775258839122 8.5689935097470862 35.337593155913055 67.020175216719508 7.1645620334893456 2.6392489653080693 127.1064315456897
leaf_count=217 7797 443 668 43 1370 17 741 5 77 53 169 183 347 99 136 170 154 54 294 188 144 11 47 44 91 114 160 64 4 488
internal_value=-0.00062476 -0.0877398 0.0137642 0.0092352 0.00640857 0.0112393 -0.0513807 -0.0792459 -0.0620208 0.0155793 -0.000115413 0.0276087 0.0178711 0.00284689 0.00733311 -0.00306035 -0.0726547 -0.0289353 0.0110259 0.0195919 -0.00556524 -0.137165 0.0118408 -0.0150617 -0.0449732 -0.018053 0.0562412 0.000761428 -0.107982 0.0219619
internal_weight=1224.11 173.527 1050.58 949.361 917.833 857.312 55.5666 46.246 60.5215 801.745 347.874 453.871 378.38 343.698 329.699 281.947 47.4613 33.9731 234.486 213.12 133.09 15.5468 117.543 75.1543 55.0927 46.5237 101.222 42.5022 40.1639 364.403
internal_count=14392 8240 6152 5775 5732 4285 767 750 1447 3518 1832 1686 1503 1779 1610 1474 378 224 1096 802 614 155 459 360 313 222 377 178 745 1156
is_linear=0
shrinkage=0.1


Tree=27
num_leaves=31
num_cat=0
split_feature=17 4 13 12 6 7 2 1 9 4 8 3 18 9 3 13 5 14 6 11 8 14 7 7 19 2 14 9 13 5
split_gain=135.282 27.7482 18.2777 26.0892 34.7195 19.5788 19.3192 22.6654 15.9604 15.9325 15.5331 14.4131 17.5444 13.9781 12.7666 21.2046 29.1289 11.208 19.6059 17.2704 13.1292 33.4829 22.5709 30.2527 18.2634 35.321 38.4103 49.6245 18.6374 15.6159
threshold=0.093461470170454572 1.0755918604137831e-10 1.1196660399436953 0.14536267518997195 4.6318775169264429e-11 0.024682477703536512 6.3363896382050025e-10 0.17546252854434383 0.0018763555847294354 1.8921771726702614e-10 1.0192897991229372e-11 0.043339791514058049 -0.09444271107945082 0.0058320593610499604 0.078975681754958102 1.1915706396102907 0.057497704551311243 0.0065382530447095641 5.2648446003902194e-11 3.6757441534973628e-10 9.3807716379576659e-12 0.0058028637431561956 0.017454755900701471 0.019419295504147654 0.13797897845506671 1.1626596603878105e-10 0.0058543058112263688 0.0032553094203792679 1.7791578173637392 0.045945975921582984
decision_type=2 2 2 2 2 2 2 2 2 2 2 2 2 2 2 2 2 2 2 2 2 2 2 2 2 2 2 2 2 2
left_child=2 -2 10 5 -5 8 7 -6 -4 -9 -1 -10 -13 -11 -7 16 -16 19 -19 -14 24 22 -22 -24 25 -21 -27 28 -28 -25
right_child=1 -3 3 4 6 14 -8 9 11 13 -12 12 17 -15 15 -17 -18 18 -20 20 21 -23 23 29 -26 26 27 -29 -30 -31
leaf_value=0.079088260548814501 -0.10415243637150602 0.010095155301313379 0.053266141692164981 -0.12940115023220738 0.051806999157483449 0.0751225019455838 0.073783400444813615 -0.12078998782103885 0.079329482140639368 -0.1015493180698533 -0.081490126287405679 0.02724589131812942 -0.28450772140143427 0.069061705107832369 -0.33374718314299318 0.037122055594138038 0.039869515877171191 -0.13578002362285624 0.068520323849384848 -0.29877946149552814 -0.10763322448204633 0.048084222979865567 0.055683300161395582 -0.19485399962552272 0.031122069462725249 0.038862203680005716 -0.23637616823284971 0.075551935939184148 -0.058515624341285356 -0.032899023856760468
leaf_weight=60.653340943157673 134.70247548259795 25.242682095617056 70.786150012165308 29.048655729740858 22.388570291921496 81.092031743377447 23.70021846704185 26.833212568424642 23.832907173782587 8.2640603333711642 6.688230061903595 168.33743612747639 2.2301717083901158 11.463337033055721 3.8682051412761194 61.954433300532401 4.5311437174677849 16.73719105869532 6.529953157529234 4.4765172339975825 50.142709790728986 40.24419355019927 28.75797008164227 9.58300429582596 146.35170580260456 58.944854374974966 15.911164883524181 12.129968537017701 9.3556992523372156 15.719719566404818
leaf_count=139 7797 443 171 1137 151 147 56 758 64 111 91 623 26 87 41 165 11 327 21 45 683 127 95 102 469 210 155 21 40 79
internal_value=-0.000611237 -0.0861218 0.0127903 0.00923323 -0.034011 0.0155623 -0.00410308 -0.0308754 0.00832114 -0.070633 0.0631399 0.00309947 -3.74101e-06 -0.00240945 0.048079 0.0169078 -0.132195 -0.011001 -0.0784429 -0.0070168 -0.00543656 -0.029388 -0.0593084 -0.0144858 0.0085608 -0.02419 -0.0114312 -0.0907037 -0.170519 -0.0942369
internal_weight=1180.5 159.945 1020.56 953.215 121.698 831.517 92.6494 68.9492 680.071 46.5606 67.3416 609.285 585.452 19.7274 151.446 70.3538 8.39935 417.115 23.2671 393.848 391.618 144.448 104.203 54.0607 247.17 100.818 96.3417 37.3968 25.2669 25.3027
internal_count=14392 8240 6152 5922 2300 3622 1163 1107 3258 956 230 3087 3023 198 364 217 52 2400 348 2052 2026 1086 959 276 940 471 426 216 195 181
is_linear=0
shrinkage=0.1


Tree=28
num_leaves=31
num_cat=0
split_feature=17 3 0 8 3 5 12 19 13 2 8 12 7 8 12 8 2 12 14 2 17 1 1 18 7 12 5 12 1 13
split_gain=119.209 27.1819 16.7461 25.6243 21.5159 19.2919 31.4606 16.7095 16.0467 15.7985 14.4934 33.9737 21.9226 19.4536 27.4679 19.1292 25.5445 15.0341 16.8526 14.4896 12.2668 15.3959 21.4433 23.0881 17.4254 12.2185 16.9544 21.6265 20.8022 15.5366
threshold=0.093461470170454572 0.1479324893419591 4.69284354904938e-09 1.0702371866014246e-11 0.074684561602702884 0.017141825088174755 0.1260071396827698 0.58631837368011486 1.0725304484367373 6.1285017430372433e-11 6.2302158620525984e-12 0.11732418835163118 0.0063361183401801626 7.3157206434822613e-12 0.10847007483243944 9.3807716379576659e-12 1.287234199933032e-10 0.10928791016340257 0.0053704429883509883 2.4074780916646254e-10 0.038773970170454551 0.50962807788723608 0.28671810887333321 -0.13832712266594169 0.047136011468056051 0.15205423533916476 0.062432204355945466 0.1362835839390755 0.21451841303574681 1.2164528965950014
decision_type=2 2 2 2 2 2 2 2 2 2 2 2 2 2 2 2 2 2 2 2 2 2 2 2 2 2 2 2 2 2
left_child=2 8 3 4 5 6 -1 19 -2 -8 11 -6 17 14 -14 -15 -17 -12 -19 -5 -18 22 25 -24 -25 26 27 29 -29 -22
right_child=1 -3 -4 7 10 -7 9 -9 -10 -11 12 -13 13 15 -16 16 20 18 -20 -21 21 -23 23 24 -26 -27 -28 28 -30 -31
leaf_value=0.024911561090858014 0.10740307434140783 0.072163712511691402 0.086352898616159787 -0.070334103786810417 0.080068314782104258 0.050119818989511726 0.0021962160542216016 -0.10231954612582611 -0.10195824077461996 -0.22344861368602303 -0.023683069235771063 -0.15366284870625732 0.068958815388097464 0.030969403579594237 -0.18716554786056064 -0.21354261245911621 -0.13303974686003106 0.084504036957491035 -0.16724269006642672 0.020590974921702782 -0.094091104347354917 0.06623790564844434 0.018872608520051366 -0.15237402470016248 0.11014897579835398 -0.093572042868184407 0.066176219725835345 -0.02313221286591324 -0.27931969180624105 0.054232677141989899
leaf_weight=50.165889080613852 3.7641732022166243 10.307238932698963 29.301537964493036 27.59548010956496 50.421298369765282 235.81576071865857 4.7299956232309333 28.599520043469965 133.49435010366142 9.0200526015833002 44.548899220302701 7.0937770204618564 6.5416255481541183 220.23416916374117 11.633925347588955 6.0878464900888494 7.2527714269235721 3.1529659107327488 16.977660962380469 48.031789456494153 9.1852106638252717 29.142289048060775 17.869965888559818 25.480339235626165 2.8069446235895148 10.100204536691306 46.146882319822907 7.7278629685752076 5.3733530114404857 30.552677694708109
leaf_count=131 11 49 48 690 75 637 16 1046 8180 133 178 131 11 926 210 77 130 11 188 468 57 83 69 334 3 175 109 79 64 73
internal_value=-0.000599303 -0.0844556 0.01188 0.00961227 0.0152995 0.0369118 -0.011819 -0.037209 -0.0962167 -0.145827 0.00369733 0.0512405 -0.00176266 0.00629446 -0.0949829 0.0106986 -0.0118796 -0.056092 -0.127813 -0.0125865 -0.00547332 -0.000455525 -0.0129752 -0.0701105 -0.126324 0.0112002 0.0218908 -0.0167857 -0.128205 0.0199484
internal_weight=1139.16 147.566 991.591 962.289 858.062 299.732 63.9159 104.227 137.259 13.75 558.331 57.5151 500.816 436.136 18.1756 417.961 197.726 64.6795 20.1306 75.6273 191.639 184.386 155.243 46.1572 28.2873 109.086 98.986 52.8391 13.1012 39.7379
internal_count=14392 8240 6152 6104 3900 917 280 2204 8191 149 2983 206 2777 2400 221 2179 1253 377 199 1158 1176 1046 963 406 337 557 382 273 143 130
is_linear=0
shrinkage=0.1


Tree=29
num_leaves=31
num_cat=0
split_feature=17 4 5 14 12 8 13 8 18 3 12 5 18 15 18 3 13 17 5 12 15 12 5 7 14 17 5 12 14 9
split_gain=105.613 25.471 15.8901 35.6426 21.4055 28.1801 25.7683 18.6889 18.6872 18.267 15.0248 14.0161 13.508 12.2756 12.1421 10.7024 24.102 47.0082 17.3199 19.3768 13.2053 13.8509 12.6287 11.4534 19.3365 39.0246 23.8994 18.1923 16.5079 16.0651
threshold=0.093461470170454572 1.0755918604137831e-10 0.067901919787979534 0.0054285624064505109 0.14006477594375613 1.0369142289860931e-10 1.202514708042145 1.1529229014202898e-11 -0.15117192358328874 0.13019782666382479 0.14876860380172732 0.090911428166448996 -0.24675826110284435 1.9679460820043463e-05 -0.042876491047949945 0.074684561602702884 1.1884955167770388 0.077792080965909102 0.018297240036553229 0.12407883256673814 1.8962517970066987e-05 0.1295832768082619 0.012448729853069279 0.0062054307155453257 0.0055877629201859244 0.055064808238636374 0.043991795069130459 0.10847007483243944 0.0057426660787314185 0.0033342596283908389
decision_type=2 2 2 2 2 2 2 2 2 2 2 2 2 2 2 2 2 2 2 2 2 2 2 2 2 2 2 2 2 2
left_child=2 -2 4 -4 7 6 10 15 -8 11 -6 12 -5 -12 -13 18 17 -17 19 -1 -21 22 -22 27 25 -25 29 -18 -29 -26
right_child=1 -3 3 9 5 -7 8 -9 -10 -11 13 14 -14 -15 -16 16 23 -19 -20 20 21 -23 -24 24 26 -27 -28 28 -30 -31
leaf_value=0.03326625178981648 -0.10344664932248034 0.010235320163481451 0.074979535716078863 0.045361204596660029 0.037816955570860955 0.070365232799269969 0.00098146143009013287 -0.11913464648047332 -0.13223701490741654 0.074179936039638045 0.10958261312634328 -0.10063129192223258 -0.17845951158727602 -0.1509417299795773 0.043816786442740896 -0.26567142910216263 0.0083124674731195527 0.078927922124275657 0.055468654811849698 0.011191914142813425 -0.03388794294827599 -0.011008164419119448 -0.28014786793426205 -0.10361670231471153 0.028595436947494331 0.016660405958953014 -0.097401335572634362 0.042802140283379808 -0.13990387647592697 0.092388888522350721
leaf_weight=47.137331729754806 111.36889575049281 23.946808831766248 102.24810866825283 3.420239699073135 31.798969051800668 21.555704409256577 13.930217801593242 10.665901935659347 43.134197117760777 13.853555449284611 2.2763387337326995 9.4077509269118327 12.741645114496352 8.8023405242711288 15.256346767768262 9.0141632854938525 56.512267844751477 7.0583481453359118 129.61613253876567 10.879908372648062 2.9985109306871873 5.8973494675010434 6.8162087723612785 33.710969470907003 137.32962963730097 135.01644473243505 12.198315832763909 6.6574014946818378 19.228591844439507 55.401077187620103
leaf_count=122 7797 443 229 14 167 73 195 279 1730 66 3 134 226 191 78 90 180 11 292 40 12 42 68 439 481 540 145 24 192 89
internal_value=-0.000595763 -0.0833284 0.0110105 0.0401282 0.00535284 -0.0333352 -0.0557015 0.0122035 -0.0997165 -0.0250422 0.00287672 -0.0587114 -0.131094 -0.0974117 -0.0112808 0.0142774 0.00601653 -0.114338 0.0334574 -0.00523848 -0.0734925 -0.132133 -0.204913 0.0102581 0.0177 -0.00737041 0.0383416 -0.0234889 -0.0929152 0.0469331
internal_weight=1099.88 135.316 964.564 156.928 807.636 121.498 99.9421 686.139 57.0644 54.6795 42.8776 40.826 16.1619 11.0787 24.6641 675.473 472.127 16.0725 203.345 73.7293 26.592 15.7121 9.81472 456.055 373.656 168.727 204.929 82.3983 25.886 192.731
internal_count=14392 8240 6152 747 5405 2359 2286 3046 1925 518 361 452 240 194 212 2767 2191 101 576 284 162 122 80 2090 1694 979 715 396 216 570
is_linear=0
shrinkage=0.1


Tree=30
num_leaves=31
num_cat=0
split_feature=17 2 8 7 12 17 3 14 4 10 14 4 17 3 10 3 8 18 14 12 19 6 8 5 12 13 9 17 5 12
split_gain=93.6887 18.8491 28.9063 19.6226 25.24 19.2925 14.8847 14.6934 12.7973 25.0624 15.6241 26.0108 15.3625 13.9841 12.1928 11.3838 11.825 17.903 25.2577 14.4104 13.0295 18.0305 18.0814 16.8601 20.2878 12.9843 39.9457 18.4915 15.0004 12.8835
threshold=0.10105202414772728 9.2852898231670201e-10 1.0658543653742464e-11 0.024682477703536512 0.14346636831760409 0.070379083806818191 0.12703465625383512 0.0058028637431561956 6.7492500067303033e-11 1.7993683218955996 0.0051659808959811935 1.2274743333110592e-10 0.08018909801136366 0.063771367452525624 2.7466858625411992 0.043339791514058049 6.2302158620525984e-12 -0.09444271107945082 0.0065146584529429683 0.11271032318472864 0.31487315893173223 1.7868128499459316e-11 8.6728184912210879e-12 0.019078909953385209 0.1212780885398388 1.7665586471557619 0.0028432326802777892 0.036954012784090919 0.016708078623880105 0.11732418835163118
decision_type=2 2 2 2 2 2 2 2 2 2 2 2 2 2 2 2 2 2 2 2 2 2 2 2 2 2 2 2 2 2
left_child=1 2 3 4 15 -4 -2 8 9 12 -10 -12 -5 -14 -7 -1 19 -18 20 -17 25 -22 -23 24 -24 26 27 -19 -27 -21
right_child=6 -3 5 7 -6 14 -8 -9 10 -11 11 -13 13 -15 -16 16 17 18 -20 29 21 22 23 -25 -26 28 -28 -29 -30 -31
leaf_value=0.080968137377473284 -0.103233530248035 0.0882525551307064 -0.0068171126297788716 0.059775613157706048 -0.096411345421567221 -0.1094430107751026 0.029503950023834713 -0.10326198660755603 0.078693092576244392 -0.1722128265011009 -0.17616037178335783 0.038117926973026739 -0.29896633717159971 -0.0039601989777374351 0.04824779936664364 0.076158894413476286 0.029580246210082803 0.017348611430306731 -0.13081857721891219 0.052193960290918467 -0.23796029723974318 0.079657083514007465 0.017437914392609145 0.016897228804586301 -0.21669401880550168 -0.13726662276877069 -0.016358231722216825 -0.21769793248790822 0.044799968183513179 -0.15531882327793778
leaf_weight=20.673089802265167 93.630089233629405 29.202027812600136 69.131911853328347 31.123721517622471 24.073536160867661 40.497376119717956 9.2858138233423215 7.0337455216795197 109.12079540267587 7.3597031254321328 6.3851512260735026 50.225773045793176 2.405420438386499 4.8400140479207039 5.5788016384467474 43.252449538558722 148.36474264785647 4.2412665579468039 16.990928460843861 6.2111495286226255 2.7125693913549176 39.346119992434978 7.4469035081565362 83.247486812062562 7.3574836328625679 5.1043958440423003 125.55854469724 15.875435726717113 39.88397566601634 5.7724226824939251
leaf_count=43 7133 48 730 61 781 2259 112 110 200 67 71 189 49 42 25 66 484 23 272 15 46 61 24 298 87 32 726 161 92 85
internal_value=-0.000586311 0.00914392 0.00665941 0.0132902 0.00389384 -0.0402252 -0.091257 0.0389261 0.0436556 -0.00317749 0.0565779 0.0139495 0.0292457 -0.1019 -0.0903502 0.00811506 0.00538348 0.000497027 -0.0119106 0.0492736 -0.00580259 0.0173499 0.0223903 -0.00058961 -0.098921 -0.0228163 -0.0373185 -0.168142 0.0241426 -0.0477638
internal_weight=1061.93 959.017 929.815 814.607 596.113 115.208 102.916 218.494 211.461 45.7289 165.732 56.6109 38.3692 7.24543 46.0762 572.039 551.366 496.13 347.765 55.236 330.774 140.111 137.398 98.0519 14.8044 190.664 145.675 20.1167 44.9884 11.9836
internal_count=14392 7147 7099 4085 3296 3014 7245 789 679 219 460 260 152 91 2284 2515 2472 2306 1822 166 1550 516 470 409 111 1034 910 184 124 100
is_linear=0
shrinkage=0.1


Tree=31
num_leaves=31
num_cat=0
split_feature=17 2 8 5 14 12 19 7 3 2 3 8 18 9 13 12 13 0 3 14 11 19 9 12 6 7 3 7 2 14
split_gain=83.3832 16.734 24.4323 17.7513 30.5286 22.3831 16.1694 14.7062 14.5056 14.0996 13.9975 12.495 18.2319 19.0408 20.5103 19.7516 19.1548 27.4109 17.4375 17.3482 25.6833 24.102 29.6104 16.4514 18.0732 15.0831 14.5886 16.7255 13.1777 31.1126
threshold=0.10105202414772728 9.2852898231670201e-10 1.0702371866014246e-11 0.067901919787979534 0.0054285624064505109 0.14536267518997195 0.58631837368011486 0.039035673470521975 0.057011301364960416 2.1145002599007694e-10 0.12703465625383512 8.6728184912210879e-12 0.036770150832704865 0.0029172599466305506 1.2650254964828493 0.13322083652019504 1.33042448759079 1.7303684358162391e-09 0.13634923234734533 0.005819158162921668 3.7347571701928936e-09 0.30946846306324011 0.0033342596283908389 0.1303217560052872 2.5353608061656828e-11 0.0050500347743418468 0.067576617992195609 0.032268771538326864 1.7108779450962952e-10 0.0057612790260463962
decision_type=2 2 2 2 2 2 2 2 2 2 2 2 2 2 2 2 2 2 2 2 2 2 2 2 2 2 2 2 2 2
left_child=1 2 3 5 -5 8 9 -7 -1 -4 -2 18 28 -14 26 16 -16 -18 19 23 21 22 -21 -10 -25 -22 -15 -28 -13 -30
right_child=10 -3 6 4 -6 7 -8 -9 11 -11 -12 12 13 14 15 -17 17 -19 -20 20 25 -23 -24 24 -26 -27 27 -29 29 -31
leaf_value=0.049039244777479292 -0.10294364485175454 0.085922983381199441 -0.077997188506327586 0.079945243184876336 -0.026495736400122028 -0.12421753644320171 -0.10149149975638752 0.042393668155446346 0.077333667617902779 0.015635362760765683 0.026724547296881247 0.028173209845074071 -0.19281071527642468 -0.0051599062000109884 0.081716825696798362 -0.18232910007730085 -0.15453627009185789 0.042656379254857206 -0.14656583391902173 -0.17887286547564443 -0.093259491108179868 0.050123075097660841 0.08856651338873156 -0.17600484901959654 0.075846346861514452 0.043269110553642375 -0.23267975135396896 0.0087537305848850947 -0.065152678545336892 0.036538762767855573
leaf_weight=81.032041375525296 84.946440609171987 27.103288035839796 23.660438244696707 86.151312679052353 39.209258183836937 20.864140199031684 29.919615285936743 7.1007841313257805 77.133108763024211 50.213584487326443 9.2295361012220365 126.94146225601435 8.1213762117549759 8.259028337895872 24.817826874554157 5.4672438418492666 11.906314461492004 17.279971187934279 5.9840954095125189 19.797061531804506 8.9105821512639505 11.858652032911776 5.2345870323479167 5.7579195536673051 5.640733364969492 88.053836165927351 11.161268346011637 3.8622632399201384 64.818120727315545 56.148180599324405
leaf_count=220 7133 48 857 171 365 757 1549 42 141 555 112 368 104 29 42 64 154 87 87 214 45 30 8 110 13 254 108 11 520 194
internal_value=-0.000559998 0.00849752 0.00617953 0.0120913 0.0466535 0.00568332 -0.0394718 -0.081912 0.00946248 -0.0143534 -0.0902358 0.00380795 -0.00837851 -0.0466943 -0.0323546 -0.00120495 0.0171316 -0.0377868 0.0218863 0.0264191 0.00370446 -0.0673119 -0.122946 0.0607623 -0.0513739 0.0307228 -0.111921 -0.170612 0.00566686 -0.0179512
internal_weight=1026.58 932.408 905.305 801.511 125.361 676.151 103.794 27.9649 648.186 73.874 94.176 567.154 338.783 90.8753 82.7539 59.4714 54.0041 29.1863 228.371 222.386 133.855 36.8903 25.0316 88.5318 11.3987 96.9644 23.2826 15.0235 247.908 120.966
internal_count=14392 7147 7099 4138 536 3602 2961 799 2803 1412 7245 2583 1681 599 495 347 283 241 902 815 551 252 222 264 123 299 148 119 1082 714
is_linear=0
shrinkage=0.1


Tree=32
num_leaves=31
num_cat=0
split_feature=17 2 12 13 12 6 1 5 7 10 3 14 14 8 14 11 6 18 6 14 14 13 8 9 13 19 12 8 18 13
split_gain=74.2116 14.8218 22.2061 20.9771 21.9817 17.5688 15.5827 16.25 14.6495 14.3359 13.2039 11.1938 10.6203 10.3773 11.6985 20.6459 13.1833 12.5548 11.9448 16.7542 13.2913 31.4432 52.2066 20.0354 33.3096 20.0479 23.4402 18.3299 14.5261 12.7087
threshold=0.10105202414772728 9.2852898231670201e-10 0.1607613489031792 1.1196660399436953 0.14536267518997195 4.6318775169264429e-11 0.17546252854434383 0.090911428166448996 0.024682477703536512 2.5391123294830327 0.12703465625383512 0.0055682982783764609 0.013961593154817821 6.2302158620525984e-12 0.0065382530447095641 8.7461122788568007e-09 5.8071690152012389e-11 -0.11847111330875616 1.4921487497725678e-11 0.005608445033431054 0.0057009391020983466 1.4339864253997805 8.6059352467117721e-12 0.0029886054133578814 1.7665586471557619 0.17284093797206881 0.10459606349468233 8.3269750362178193e-12 -0.017865497192939402 1.5351131558418276
decision_type=2 2 2 2 2 2 2 2 2 2 2 2 2 2 2 2 2 2 2 2 2 2 2 2 2 2 2 2 2 2
left_child=1 2 3 -1 8 -6 -7 -8 13 -4 -2 -10 -12 -5 16 17 18 -16 19 -15 21 27 -23 24 25 26 -22 -20 -27 -25
right_child=10 -3 9 4 5 6 7 -9 11 -11 12 -13 -14 14 15 -17 -18 -19 20 -21 23 22 -24 29 -26 28 -28 -29 -30 -31
leaf_value=0.069756704673977363 -0.10268028995358161 0.083556601136016859 -0.10915816371695586 0.04637348892600926 -0.13150103528235776 0.054412005759591299 -0.15252687145717658 0.015729937780234349 0.048130064026986483 0.015212345202652605 -0.12245159744779457 -0.071707170550712393 0.10306864089405564 -0.019504186843038392 0.010534577469899055 0.095060102698041549 -0.15912916842463831 -0.13850925011306658 -0.18338656997852973 -0.29591821316628303 0.072533932389051647 0.074560578479038603 -0.14555062271751576 -0.073257065034919772 0.048645058789557397 -0.1553895946382513 -0.18747143007570102 0.012058220723840057 0.039108734491993313 0.076168625080354935
leaf_weight=53.650855712592602 77.049833530560136 25.183518519625068 26.79647310404107 51.172201035544276 19.332146004773676 17.819092448800802 11.731483127921821 11.238868955522774 121.19960153661668 14.168583970516918 3.2115109823644143 8.3303705295547825 5.9698976054787636 7.4963234276510757 7.9151829015463617 7.1186968572437754 4.9603660460561505 19.763939240947366 4.8910797210410228 3.0994726084172726 4.337618917226794 15.562901858240364 35.030018092598766 6.152680665254592 58.266144149005413 4.8536091186106232 17.281820043921471 253.67310757702217 18.385001122951508 75.983431403525174
leaf_count=175 7133 48 1668 170 1023 102 241 69 312 126 102 52 10 75 61 10 56 414 68 35 9 29 674 51 124 37 168 1144 46 160
internal_value=-0.000528542 0.00791404 0.00574985 0.00925902 0.00512744 -0.0529794 -0.0157641 -0.0702027 0.00994288 -0.0661421 -0.0891724 0.0404231 0.0241852 0.00331793 -0.000726428 -0.0568254 0.00310146 -0.0958883 0.00469493 -0.100361 0.00694636 -0.00574586 -0.0778422 0.0281268 -0.0012223 -0.065995 -0.135305 0.00836113 -0.00151413 0.0649754
internal_weight=991.626 905.395 880.211 839.246 785.595 60.1216 40.7894 22.9704 725.474 40.9651 86.2312 129.53 9.18141 595.944 544.771 34.7978 509.974 27.6791 505.013 10.5958 494.417 309.157 50.5929 185.26 103.124 44.858 21.6194 258.564 23.2386 82.1361
internal_count=14392 7147 7099 5305 5130 1435 412 310 3695 1794 7245 364 112 3331 3161 485 2676 475 2620 110 2510 1915 703 595 384 260 177 1212 83 211
is_linear=0
shrinkage=0.1


Tree=33
num_leaves=31
num_cat=0
split_feature=17 4 14 3 7 15 14 6 8 12 14 8 14 13 4 5 13 2 14 11 3 7 19 5 10 13 19 12 18 12
split_gain=66.5019 13.3786 29.0041 14.214 13.5606 12.8684 14.5137 22.2699 13.0686 26.8008 21.8527 23.67 13.4841 17.1302 27.3955 15.8745 15.4435 31.0369 12.1442 34.8446 12.0048 11.8092 11.8736 11.336 22.1564 14.5515 11.1616 10.8024 21.019 10.7225
threshold=0.10105202414772728 5.1208540547268284e-11 0.0044979196973145017 0.055543201483891011 0.007470525451965469 8.5673360445071025e-05 0.0063836078625172385 2.4957024092952116e-11 8.5235803052660843e-12 0.115408543497324 0.0057009391020983466 8.9397126759441669e-12 0.0051659808959811935 1.56629353761673 1.2098465836624331e-10 0.067901919787979534 1.2164528965950014 1.5252320056804614e-10 0.005819158162921668 3.337977561024275e-09 0.12703465625383512 0.01624636602208775 0.62984207272529613 0.022357741415647159 1.7426096796989443 1.1630250811576845 0.046658607199788101 0.137740433216095 -0.10061245476192031 0.12407883256673814
decision_type=2 2 2 2 2 2 2 2 2 2 2 2 2 2 2 2 2 2 2 2 2 2 2 2 2 2 2 2 2 2
left_child=1 2 23 -3 -4 6 8 -8 18 10 -10 -12 15 14 -14 16 17 -11 -5 -20 -2 22 -18 24 25 -1 -13 -23 -29 -16
right_child=20 3 4 5 -6 -7 7 -9 9 12 11 26 13 -15 29 -17 21 -19 19 -21 -22 27 -24 -25 -26 -27 -28 28 -30 -31
leaf_value=-0.17049743200845691 -0.1024408347017696 0.071454958293855342 -0.0090902945002080838 0.08167014235553427 -0.11409140981943632 0.082387189635372893 -0.160612261526178 -0.010352288187909744 -0.12694387891733758 0.014249745696451759 -0.18877386780240013 -0.11760699527400907 -0.16120181379358314 0.064040862521266437 -0.15301055915902487 0.087335929101815313 -0.16907384701022432 -0.20004749888143164 -0.13942403980992965 0.043194691792410811 0.023656897845474714 0.075568349839875176 0.051491891155523301 0.046460016005639163 -0.19518290586578788 0.0076253329576029469 0.060470044993792806 0.065451933820846811 -0.20557271015511158 0.0013179872501034189
leaf_weight=4.7944259606301776 69.872251422144473 41.095213587395847 18.877310903742909 47.223753520753235 35.298216726863757 24.067585926502943 11.299120992422102 77.630940775386989 25.528043164871633 29.101281504612416 5.7560575027018777 4.1341118682175901 12.759805936831979 28.110171869397163 4.719779201783239 44.140522614121437 4.9704042170196754 8.8027418162673694 12.024518324062226 79.705573791638017 8.4645086396485549 56.267176507040858 4.7953666183166206 50.172474912833422 6.1460351860150686 105.67944882065058 23.68419810757041 8.4547636061906797 4.3254531170241526 97.560974654275924
leaf_count=53 7133 186 118 95 1899 49 276 1161 414 179 47 27 247 90 68 83 74 112 138 186 112 105 19 136 82 543 60 31 63 606
internal_value=-0.000536423 0.00734786 -0.0139342 0.0145148 -0.0775041 0.0107104 0.00779141 -0.0294438 0.0143868 0.00440637 -0.0572098 -0.00418799 0.0163852 -0.00593987 -0.0230397 0.0362527 0.0169339 -0.0355181 0.0404675 0.019256 -0.0888156 0.04216 -0.0607676 0.00671384 -0.0103859 -0.000104969 0.0340058 0.0567176 -0.0262761 -0.00580355
internal_weight=955.462 877.125 220.968 656.158 54.1755 615.062 590.995 88.9301 502.065 363.111 59.1024 33.5744 304.008 143.151 115.041 160.858 116.717 37.904 138.954 91.7301 78.3368 78.8132 9.76577 166.792 116.62 110.474 27.8183 69.0474 12.7802 102.281
internal_count=14392 7147 2831 4316 2017 4130 4081 1437 2644 2225 548 134 1677 1011 921 666 583 291 419 324 7245 292 93 814 678 596 87 199 94 674
is_linear=0
shrinkage=0.1


Tree=34
num_leaves=31
num_cat=0
split_feature=17 2 12 5 12 14 10 7 10 4 9 18 18 3 8 14 11 3 8 12 7 19 2 9 14 7 15 17 11 9
split_gain=59.1817 12.2662 17.7505 16.6827 21.4616 19.6658 13.2232 11.8855 11.4502 10.493 12.5404 9.76319 11.8069 11.791 12.264 15.2353 18.0605 10.4704 15.5797 20.6989 18.0886 15.6731 28.1611 17.0908 19.4458 15.1093 25.1692 14.6648 16.8158 13.1892
threshold=0.10105202414772728 9.2852898231670201e-10 0.1607613489031792 0.067901919787979534 0.14536267518997195 0.0052816958632320174 2.5391123294830327 0.039035673470521975 2.9377992153167729 1.7559958998047652e-10 0.0047229014243479004 -0.11264782845550639 -0.10513872433644295 0.1479324893419591 6.0794638877770121e-12 0.0065382530447095641 8.7461122788568007e-09 0.045070779581203174 9.2472085028379433e-12 0.13322083652019504 0.026868888561958213 0.12017158418893815 1.3520513124097328e-10 0.0033342596283908389 0.0058543058112263688 0.0059051384741205101 5.971301834506449e-05 0.038773970170454551 6.1219573854742758e-10 0.0021681899383230443
decision_type=2 2 2 2 2 2 2 2 2 2 2 2 2 2 2 2 2 2 2 2 2 2 2 2 2 2 2 2 2 2
left_child=1 2 3 4 11 -5 -4 -6 -2 -7 -11 -1 -13 14 -14 17 -17 -16 21 27 -21 22 -19 24 -24 29 -27 -20 -29 -26
right_child=8 -3 6 5 7 9 -8 -9 -10 10 -12 12 13 -15 15 16 -18 18 19 20 -22 -23 23 -25 25 26 -28 28 -30 -31
leaf_value=0.028330153657249731 -0.1023947117203419 0.07988856519968722 -0.10785023022892828 0.07719035747438846 -0.11500442390237486 -0.11547712228191392 0.014566355399761845 0.03433742157466195 0.020940863987921245 -0.11161058670154481 0.034104732144121207 -0.15061183276075227 0.060903650596791925 -0.15239215759108155 0.065831889740046085 -0.13679585760585419 0.085664763066425523 -0.27023621166573514 -0.1335001965802603 -0.15759223053609511 -0.023607510337503784 0.032970879446983674 0.027185251744055686 0.063567487064949232 -0.43898825287886734 -0.20076836783519353 0.024133877535948318 -0.11770797222613577 0.015496889233861591 -0.13479653941612577
leaf_weight=146.16174350958318 63.231582616455853 22.379583755508065 23.641374395228922 69.254554269835353 23.216071053873751 7.1408645305782548 14.078294414095579 6.9168385230004779 8.5443909307941777 6.8446409171447149 43.072080127894878 5.2264399593695989 33.01371927279979 4.9924393324181429 24.103166317567229 15.984906830359252 4.7290710881352416 4.3004399011842898 8.3524667154997569 19.348320486489683 21.026017020456493 155.93821850605309 24.363404039293528 23.600825620815158 2.0056052766740349 7.5998153099790242 14.413036009296773 10.402062627486883 106.58651754027233 4.9266663063317537
leaf_count=594 6978 48 1668 156 1197 76 126 56 267 81 195 48 100 77 108 376 8 46 169 374 102 484 88 69 26 84 46 81 617 47
internal_value=-0.000501261 0.00683184 0.00486492 0.00805093 0.00174214 0.0413753 -0.0621601 -0.0807239 -0.0877125 -0.00209576 0.0141241 0.00564269 -0.00111215 0.000496601 0.00208449 -0.00225307 -0.0860073 0.00181021 -0.00202018 -0.0255451 -0.0878161 0.0144187 -0.0212051 -0.00728032 -0.0386462 -0.0940571 -0.0535124 -0.00548665 0.00365295 -0.222804
internal_weight=925.395 853.619 831.24 793.52 667.208 126.312 37.7197 30.1329 71.776 57.0576 49.9167 637.075 490.913 485.687 480.694 447.681 20.714 426.967 402.863 165.715 40.3743 237.148 81.2098 76.9094 53.3085 28.9451 22.0129 125.341 116.989 6.93227
internal_count=14392 7147 7099 5305 4797 508 1794 1253 7245 352 276 3544 2950 2902 2825 2725 384 2341 2233 1343 476 890 406 360 291 203 130 867 698 73
is_linear=0
shrinkage=0.1


Tree=35
num_leaves=31
num_cat=0
split_feature=17 3 2 8 19 7 12 11 14 4 3 6 14 4 12 14 3 4 9 1 9 6 8 8 14 15 7 5 14 6
split_gain=52.5878 11.3706 10.8119 15.3488 13.6771 12.9921 17.7498 12.0091 10.5587 9.61389 18.3162 18.5465 10.6195 17.3401 11.4316 8.92116 7.57928 8.37496 25.7664 10.9622 24.9585 19.6507 14.4441 26.7074 16.1276 17.452 20.8744 16.5487 15.302 20.4569
threshold=0.10105202414772728 0.12703465625383512 9.2852898231670201e-10 1.0702371866014246e-11 0.58631837368011486 0.024682477703536512 0.14346636831760409 9.9276220577593242e-10 0.0058028637431561956 6.7492500067303033e-11 0.075698537854296324 4.3608034354216886e-11 0.0051659808959811935 1.2274743333110592e-10 0.12656825780868533 0.013961593154817821 0.043339791514058049 3.243660643605001e-11 0.0061714045206190107 0.2663000598500001 0.0048010721460420265 3.1696917402839022e-11 8.5235803052660843e-12 9.1514523470275865e-12 0.005819158162921668 5.7014311096281751e-05 0.0080780746084688129 0.016708078623880105 0.0062843735795468101 2.4610790754506579e-11
decision_type=2 2 2 2 2 2 2 2 2 2 2 2 2 2 2 2 2 2 2 2 2 2 2 2 2 2 2 2 2 2
left_child=2 -2 3 5 7 6 16 -5 9 10 -7 -12 -11 14 -14 -3 -1 18 -18 -19 22 -22 24 -24 -21 26 -26 -27 -29 -30
right_child=1 15 -4 4 -6 8 -8 -9 -10 12 11 -13 13 -15 -16 -17 17 19 -20 20 21 -23 23 -25 25 27 -28 28 29 -31
leaf_value=0.069259801285335987 -0.10207463073352717 -0.12219654799805346 0.07738643522645422 -0.11359139422838567 -0.099996263058523452 0.036016724554209213 -0.093245792953814327 0.0065018584243632192 -0.093969578807618415 0.069830419512192418 0.024272065918932512 -0.22707332823128118 0.11242855602240241 0.034346686561760383 -0.21078126674340758 0.099571786674831006 -0.17574181951300852 0.037594065918329894 -0.005826789672168921 0.07266070541224226 0.0083889584208281763 -0.2377776741958528 -0.099183002673166029 0.0063099440270818312 -0.19269612357280491 -0.19600102351963886 0.02428781403533363 0.058635114532327275 -0.19825700885615216 0.0088429603014661008
leaf_weight=17.637403100728989 57.749800749588758 2.7430677795782668 20.871496837586164 9.7692535789683443 23.532973523717374 29.207856752444059 19.13683362188749 56.389603563584387 6.452463360503315 88.390881370287389 5.4339399663731438 6.3857677020132542 1.3983243703842152 47.976355006918311 5.0332774296402931 5.3552809283137321 10.115684697404502 98.413465455174446 75.797538528684527 49.274431897327304 5.5818229122087342 7.738599106669426 31.975164615083486 96.200083366129547 9.0883058467879909 3.4078964181244364 8.6566788787022215 61.530539862811565 5.6344589265063396 31.072554416023195
leaf_count=45 7133 102 48 680 1549 115 789 732 111 203 29 78 1 197 72 10 174 276 317 111 35 76 269 691 122 23 37 124 93 150
internal_value=-0.000486783 -0.0865134 0.0063209 0.00449251 -0.0345213 0.00934216 0.00131152 -0.0112315 0.0317638 0.0361772 -0.00648767 -0.111521 0.0484352 0.0136767 -0.140511 0.0244546 0.0048449 0.00254734 -0.0258331 0.00851506 -0.000711661 -0.134623 0.0052975 -0.0200068 0.0245273 0.00466178 -0.0868431 0.0206365 0.0281517 -0.0229465
internal_weight=897.952 65.8481 832.104 811.232 89.6918 721.54 531.261 66.1589 190.279 183.826 41.0276 11.8197 142.799 54.408 6.4316 8.09835 512.125 494.487 85.9132 408.574 310.161 13.3204 296.84 128.175 168.665 119.39 17.745 101.645 98.2376 36.707
internal_count=14392 7245 7147 7099 2961 4138 3332 1412 806 695 222 107 473 270 73 112 2543 2498 491 2007 1731 111 1620 960 660 549 159 390 367 243
is_linear=0
shrinkage=0.1


Tree=36
num_leaves=31
num_cat=0
split_feature=17 3 4 14 3 7 0 14 9 12 13 12 5 2 5 10 12 8 14 19 1 14 18 7 17 9 14 7 12 5
split_gain=47.1954 10.3419 9.85795 21.651 11.2921 11.1792 10.0166 10.019 18.7656 10.3367 10.5709 13.2063 11.2021 8.96286 7.96512 17.8498 11.3969 9.03041 9.95662 21.37 7.99265 24.621 10.8167 9.78618 10.4974 9.63624 7.9321 7.87725 12.1989 9.93725
threshold=0.10105202414772728 0.12703465625383512 5.1208540547268284e-11 0.0044979196973145017 0.055543201483891011 0.007470525451965469 4.69284354904938e-09 0.0068564414978027352 0.019117990859369941 0.1607613489031792 1.0725304484367373 0.15205423533916476 0.10695731949728962 9.2852898231670201e-10 0.022357741415647159 1.7426096796989443 0.11889617517590524 1.0157775576389687e-11 0.003786639892496169 0.69728875160217296 0.14696081613790218 0.0040348181501030931 0.10260811744427141 0.016925588175796324 0.081964666193181837 0.0074326760434561441 0.013961593154817821 0.028077199343036017 0.14400495588779452 0.10160624632928199
decision_type=2 2 2 2 2 2 2 2 2 2 2 2 2 2 2 2 2 2 2 2 2 2 2 2 2 2 2 2 2 2
left_child=2 -2 3 14 -4 -5 7 9 13 10 -6 27 -13 -9 15 16 -1 18 19 -18 23 22 -22 -20 -25 -26 -3 28 -12 -30
right_child=1 26 4 5 6 -7 -8 8 -10 -11 11 12 -14 -15 -16 -17 17 -19 20 -21 21 -23 -24 24 25 -27 -28 -29 29 -31
leaf_value=0.063186015128622319 -0.10189210499147278 -0.12184085013443864 0.066566782816601472 -0.0096521281194027683 0.10001508552507195 -0.10931488665782677 0.079009949865131268 -0.11273144183906268 0.052322367015649823 -0.11475609583815807 0.0095940958338498281 -0.14014408776039508 0.047063286708547793 0.038378128979375162 0.039527468432206982 -0.1814107679857706 -0.28035036236676347 -0.13951880359375676 0.085628595190791079 0.068346117177845875 -0.27369052300339197 0.017757356979649121 -0.01916389611478048 0.023512711643306664 -0.23671692960310839 0.033567314749539202 0.09680828828905351 0.039585276080723514 -0.14773778793005968 0.04615439832108334
leaf_weight=22.323421368375421 52.343030230142176 2.4888994954526416 36.080671963747591 18.034817074425519 13.26107797026634 29.938736969605088 19.657781050540507 23.561635600402955 14.51457808492705 6.5250773988664141 370.73616293398663 10.424079490359871 4.6098488252609959 4.7098357118666163 46.648853268940002 5.7390720704570404 3.8588716462254515 5.6274619139730921 18.182522499933839 3.2275955304503441 5.1945465728640583 20.892676840536296 2.460539199411869 19.893535427749161 3.4028863324783734 2.1540353479795158 4.9769865013659 87.267782451119274 8.9081184018868935 3.7585700228810301
leaf_count=45 7133 102 186 118 21 1899 50 826 163 391 1848 300 24 11 136 82 37 232 37 5 51 77 9 52 37 14 10 293 190 13
internal_value=-0.000458631 -0.0861874 0.00585899 -0.0129409 0.0123199 -0.0718484 0.00887359 0.00635894 -0.0401053 0.0102918 0.0119271 0.00952202 -0.0827407 -0.0875576 0.00476521 -0.00959084 -0.000393823 -0.0171124 -0.00842235 -0.121533 0.00268252 -0.0384567 -0.191879 0.0295987 -0.0104306 -0.131946 0.0239173 0.012469 0.006297 -0.0902044
internal_weight=871.404 59.8089 811.595 207.58 604.015 47.9736 567.935 548.277 42.786 505.491 498.966 485.705 15.0339 28.2715 159.606 112.957 107.218 84.8947 79.2672 7.08647 72.1807 28.5478 7.65509 43.633 25.4505 5.55692 7.46589 470.671 383.403 12.6667
internal_count=14392 7245 7147 2831 4316 2017 4130 4080 1000 3080 2689 2668 324 837 814 678 596 551 319 42 277 137 60 140 103 51 112 2344 2051 203
is_linear=0
shrinkage=0.1


Tree=37
num_leaves=31
num_cat=0
split_feature=17 3 13 12 10 7 12 8 18 4 12 3 4 5 1 11 14 13 8 9 5 4 3 11 7 14 13 17 14 2
split_gain=42.3391 9.41205 8.83407 13.2742 21.5575 15.0439 13.1515 11.4325 9.23044 9.78884 16.885 12.8039 12.7175 12.8435 9.61906 21.8502 15.0216 12.7094 12.2124 15.5373 13.0585 26.8273 12.7045 10.2085 22.6709 14.2947 13.014 16.9077 11.7272 10.8806
threshold=0.10105202414772728 0.12703465625383512 1.1196660399436953 0.14536267518997195 2.4858506917953496 0.029145248437072838 0.15378531813621524 1.0192897991229372e-11 -0.045661509793717407 3.9725578240209671e-11 0.11967239901423456 0.075196793338647386 3.3968658866440021e-11 0.013303238998307572 0.1569898596461039 6.0017280034685438e-10 0.0042447773739695558 1.1915706396102907 8.4385978301656795e-12 0.0028432326802777892 0.016373440615443536 4.1586978704165248e-11 0.095645814013127689 3.3701658130880223e-09 0.016643247970197034 0.0051796915940940389 1.202514708042145 0.070379083806818191 0.0056580486707389363 2.7295171556212838e-10
decision_type=2 2 2 2 2 2 2 2 2 2 2 2 2 2 2 2 2 2 2 2 2 2 2 2 2 2 2 2 2 2
left_child=2 -2 7 8 5 -5 -7 -1 9 10 -4 -11 13 -12 16 -16 -10 -18 20 22 21 -17 -20 24 29 26 27 -26 -25 -21
right_child=1 -3 3 4 -6 6 -8 -9 14 11 12 -13 -14 -15 15 18 17 -19 19 23 -22 -23 -24 28 25 -27 -28 -29 -30 -31
leaf_value=0.065610698347821725 -0.10172554847096377 0.023369332173130215 0.076511638283375705 -0.11896745302722214 0.040000256705143754 0.020646339539150849 -0.11956832625354033 -0.087686063143732812 0.044415091066966311 0.067296672134356181 -0.23923440941595475 0.015141280519962847 -0.29989531061491131 -0.021390112484567118 -0.21520113356242698 -0.010297532999798072 0.040719580876634992 -0.22067280590501573 -0.26055758580162924 -0.12942341995594683 0.02942271833866866 -0.51973451221312483 -0.063436080490926777 -0.13015482631169117 -0.22174354665979557 -0.066788971515374607 0.041059268653989976 0.019073191783393853 0.062918152789997683 -0.026351959807704384
leaf_weight=41.273058830760419 47.435540458187461 6.8879282902926198 11.36280566267669 28.894773857900873 27.557453305926174 23.164579961914569 9.4055166356265527 5.5149690327234557 67.027285363990813 63.137926083989441 3.0896928189322415 184.95689185103402 2.1875378107652059 21.816288068890572 5.1396588645875445 4.7025797693058839 3.3478082818910471 4.1858861343935132 4.3138561788946417 24.255305647850037 96.800727085210383 1.3249481655657289 13.506325097288935 3.5710042128339436 4.6472102981060726 23.297341024968773 63.583006453933194 7.8239417206496 26.42987001221627 17.72702071769163
leaf_count=157 7133 112 28 2060 227 160 716 109 217 153 61 841 36 163 73 63 29 96 46 406 413 17 151 89 49 178 202 28 135 244
internal_value=-0.000454496 -0.0858642 0.00538868 0.00274938 -0.0334924 -0.0664424 -0.0198445 0.0475414 0.00765086 0.0211376 -0.0258074 0.0284144 -0.0687192 -0.0484146 -0.00274679 -0.0108055 0.029367 -0.104516 -0.00720764 -0.0222865 0.0205303 -0.12228 -0.111155 -0.0130435 -0.0242896 0.00174537 0.0227392 -0.070664 0.0399367 -0.0859015
internal_weight=848.369 54.3235 794.045 747.257 89.0223 61.4649 32.5701 46.788 658.235 286.551 38.4563 248.095 27.0935 24.906 371.684 297.123 74.561 7.53369 291.983 189.155 102.828 6.02753 17.8202 171.335 141.334 99.3515 76.0542 12.4712 30.0009 41.9823
internal_count=14392 7245 7147 6881 3163 2936 876 266 3718 1282 288 994 260 224 2436 2094 342 125 2021 1528 493 80 197 1331 1107 457 279 77 224 650
is_linear=0
shrinkage=0.1


Tree=38
num_leaves=31
num_cat=0
split_feature=17 10 5 14 12 0 14 8 5 4 11 1 7 11 2 3 13 17 18 5 14 11 7 8 5 18 3 14 7 8
split_gain=37.6591 8.91707 8.49969 18.1101 12.3571 17.9934 21.557 12.3063 12.2341 10.2949 11.3135 10.3933 10.2495 8.90546 11.8238 8.77808 8.78192 20.564 11.404 10.1099 8.28145 11.5685 8.09766 13.9541 19.9922 15.6875 13.6467 11.805 27.6677 18.6942
threshold=0.10105202414772728 2.9377992153167729 0.069741187201511332 0.0052135330624878415 0.14006477594375613 2.60392017902863e-09 0.0051153467502444991 1.1529229014202898e-11 0.029974096550990929 1.7559958998047652e-10 1.3285094691006807e-09 0.33058271289522112 0.019159291676206332 3.6757441534973628e-10 4.2005157327700694e-11 0.057011301364960416 1.1884955167770388 0.074196555397727279 -0.07699623028747736 0.048904146894872186 0.0047063510864973077 7.6331033160848005e-10 0.0062054307155453257 8.2212470422049805e-12 0.014398304779516655 -0.23520908142778682 0.089668986930316219 0.0056809592060744771 0.013852859483848646 8.6059352467117721e-12
decision_type=2 2 2 2 2 2 2 2 2 2 2 2 2 2 2 2 2 2 2 2 2 2 2 2 2 2 2 2 2 2
left_child=2 -2 4 -4 7 6 8 13 -6 10 -5 -11 -10 14 -1 -15 17 18 -17 -20 -14 -22 23 -18 -25 -26 -27 28 29 -24
right_child=1 -3 3 9 5 -7 -8 -9 12 11 -12 -13 20 15 -16 16 22 -19 19 -21 21 -23 27 24 25 26 -28 -29 -30 -31
leaf_value=0.11257141688669692 -0.10170166486118332 0.020560489672432826 0.078905816516305016 -0.18801683596205609 -0.130685498561254 0.046111154603999546 -0.12830358997539532 -0.12235557278923855 -0.17335117822495227 0.024552892683526787 0.0328793310053501 -0.14305707696033165 0.083991637843192662 0.046456413851977796 -0.23378320577773373 -0.34409031275216623 0.0093540647266197371 0.014995316966773489 -0.17075846731724131 0.050021929044005854 -0.10823280246233619 0.038608673594843226 0.019414538788226052 0.059681080311289617 0.08109421909840156 -0.30041041169862592 -0.10706059701066593 0.034253991841737809 0.017174867528625484 -0.11766315750270953
leaf_weight=1.4108104705810536 42.904128318652511 6.9287491496652356 45.724834455177188 5.7081535351462644 7.7397846942767492 22.336451800074428 26.607658917782828 7.3434574026614419 2.9232171622570595 55.100902721751481 3.9045396158471704 3.9658700237050644 13.347176608163862 56.506038999650627 3.2704665958881378 2.4075949080288401 53.135057875886559 20.761892674490809 6.5271193366497737 3.0401341877877712 8.4411135141272116 14.722981479484586 15.026062945835291 7.5487583354115513 2.9452060014009538 5.3781887209042898 11.362751610111443 168.58129917876795 171.40320019889623 29.443821494001895
leaf_count=1 6978 267 114 147 543 116 2242 293 103 420 20 78 47 160 51 26 224 65 66 9 168 59 123 24 5 57 126 684 651 525
internal_value=-0.000432514 -0.0847024 0.00497481 0.0301444 0.000626488 -0.0325249 -0.0563308 0.00625535 -0.0157361 -0.00231961 -0.0982919 0.0132992 0.00682493 0.00794565 -0.129401 0.00910608 0.00486435 -0.0451965 -0.149557 -0.100602 0.0212504 -0.0149011 0.00839005 -0.0204776 -0.0786788 -0.131734 -0.169176 0.0144248 -0.00106035 -0.0713456
internal_weight=826.447 49.8329 776.615 114.404 662.21 96.1184 73.7819 566.092 47.1743 68.6795 9.61269 59.0668 39.4345 558.748 4.68128 554.067 497.561 32.7367 11.9748 9.56725 36.5113 23.1641 464.824 80.37 27.2349 19.6861 16.7409 384.454 215.873 44.4699
internal_count=14392 7245 7147 779 6368 3278 3162 3090 920 665 167 498 377 2797 52 2745 2585 166 101 75 274 227 2419 436 212 188 183 1983 1299 648
is_linear=0
shrinkage=0.1


Tree=39
num_leaves=31
num_cat=0
split_feature=17 3 0 14 10 12 13 12 5 1 12 3 18 18 2 8 10 18 4 14 0 6 9 19 12 14 19 6 8 3
split_gain=33.4451 8.87782 7.97686 9.68174 17.9395 10.6879 10.2933 9.59366 8.76965 12.5491 9.52263 8.83003 10.0454 8.10928 7.68691 7.43028 12.9982 12.1 7.24668 9.54635 18.5158 15.9395 12.6582 18.9193 36.3995 10.4276 14.8607 19.0139 9.79274 13.1138
threshold=0.10105202414772728 0.12703465625383512 4.69284354904938e-09 0.0065382530447095641 2.3390260934829716 0.1607613489031792 1.0725304484367373 0.15205423533916476 0.067901919787979534 0.31369090337581912 0.14876860380172732 0.1479324893419591 -0.24675826110284435 -0.25637551369568834 4.7069577536461174e-10 6.0794638877770121e-12 2.5391123294830327 -0.23520908142778682 1.5857400320239516e-10 0.0056580486707389363 1.7303684358162391e-09 1.4921487497725678e-11 0.0032553094203792679 0.30946846306324011 0.11091778054833414 0.0059097348712384709 0.024004437960684303 2.245582675634113e-11 1.0658543653742464e-11 0.12060189476175152
decision_type=2 2 2 2 2 2 2 2 2 2 2 2 2 2 2 2 2 2 2 2 2 2 2 2 2 2 2 2 2 2
left_child=2 -2 3 5 -5 6 -1 8 10 -10 11 18 -13 -11 -9 -6 17 -17 19 20 28 -21 23 24 25 -23 27 -27 -8 -30
right_child=1 -3 -4 4 15 -7 7 14 9 13 -12 12 -14 -15 -16 16 -18 -19 -20 21 -22 22 -24 -25 -26 26 -28 -29 29 -31
leaf_value=0.095920776229224944 -0.1014857542486185 0.024010680186646406 0.070758603798114952 -0.13582454013309481 0.09298825673505548 -0.11079499387673331 0.0064157812168004549 -0.087681388864808141 0.04909196752999917 0.090924162904446812 -0.14589471107405644 0.071677902205605479 -0.18307458070814403 -0.16230035133850249 0.1198466037913736 0.078604614732412037 0.029374950115513998 -0.12934042300232573 -0.060928651792756729 -0.17928135652056698 -0.12364896457362358 0.07215761756280463 0.073209710693310268 0.069593056443701659 -0.13233056074975616 -0.20270002245280261 0.037933363184687277 0.0082288803206220403 -0.12013332028326354 0.10602591780757607
leaf_weight=12.971642991527913 39.19489643862471 6.5838109320029607 17.786314082331955 13.760891816578804 6.5540247149765483 7.6985076616983852 314.74279214069247 16.43687204702292 78.206751842983067 1.7184084206819532 4.2367229174124068 2.2337995637208223 5.040702899452298 4.7893140166997901 2.0022575738839796 3.5151058603078136 21.711885429918766 13.721515950746834 15.684949041809885 3.7008383553475133 12.048770775552837 26.013501420617104 50.077256969641894 42.244163074530661 19.544005983509123 7.2981854043900993 28.15552363730967 10.312354080379007 12.617502651875837 3.217738965060561
leaf_count=26 7133 112 52 872 9 867 1628 674 250 2 251 5 73 61 2 19 176 553 161 36 198 46 150 74 186 60 77 33 591 15
internal_value=-0.000432651 -0.0834371 0.00458005 0.00298996 -0.0357772 0.00636367 0.00770327 0.00597029 0.00801323 0.0379895 0.0034555 0.00459987 -0.104847 -0.0954347 -0.0651465 -0.0055208 -0.0220973 -0.0869337 0.00605897 0.00804153 -0.00188285 0.0261917 0.0303324 0.0142568 -0.0113404 0.0216026 -0.007133 -0.0791846 0.00255523 -0.0741775
internal_weight=803.821 45.7787 758.042 740.256 59.2634 680.993 673.294 660.322 641.883 84.7145 557.169 552.932 7.2745 6.50772 18.4391 45.5025 38.9485 17.2366 545.658 529.973 342.627 187.346 183.645 133.568 91.3236 71.7796 45.7661 17.6105 330.578 15.8352
internal_count=14392 7245 7147 7095 1629 5466 4599 4573 3897 313 3584 3333 78 63 676 757 748 572 3255 3094 2432 662 626 476 402 216 170 93 2234 606
is_linear=0
shrinkage=0.1


Tree=40
num_leaves=31
num_cat=0
split_feature=17 10 2 12 13 12 6 1 9 7 8 14 5 8 6 19 5 1 4 19 8 12 12 8 12 18 10 19 10 2
split_gain=29.7282 8.40229 7.22789 9.6493 10.3448 10.708 11.2901 11.8267 10.2923 7.81313 7.55077 7.35934 7.80939 10.7503 12.11 11.8466 7.22436 9.32718 6.90362 6.89907 5.96004 9.43377 8.15562 7.60702 25.6184 7.44406 10.584 10.0954 9.65113 25.9037
threshold=0.10105202414772728 2.9377992153167729 9.2852898231670201e-10 0.1607613489031792 1.1196660399436953 0.14536267518997195 4.6318775169264429e-11 0.22462751012022067 0.023013605659327304 0.024682477703536512 9.9526386306221405e-12 0.0055682982783764609 0.037087574982734552 9.111528150633045e-12 4.3608034354216886e-11 0.83137318491935741 0.097567285911192486 0.17546252854434383 6.4265093909815276e-11 0.89777761697769176 6.2302158620525984e-12 0.11271032318472864 0.11732418835163118 7.1377283538780057e-12 0.10847007483243944 -0.07699623028747736 1.4700947999954226 0.078246816992759718 1.5188114047050478 9.8383888822822982e-11
decision_type=2 2 2 2 2 2 2 2 2 2 2 2 2 2 2 2 2 2 2 2 2 2 2 2 2 2 2 2 2 2
left_child=2 -2 3 4 10 9 -7 16 -5 20 -1 12 13 -11 -15 -16 17 -8 -10 -3 21 -6 -23 24 -22 26 27 -25 -27 -30
right_child=1 19 -4 8 5 6 7 -9 18 11 -12 -13 -14 14 15 -17 -18 -19 -20 -21 23 22 -24 25 -26 28 -28 -29 29 -31
leaf_value=0.076142848526821086 -0.10148869373409811 0.09549820993896975 0.06927694152553826 -0.11728699433368317 0.06150242048181518 -0.1312959062436487 0.03819427349467093 -0.12370906355018646 -0.13584002233061759 0.050013193015945347 -0.040545602620906951 -0.06103880360337588 0.056160362118210475 0.03374071135510795 -0.27585073905160512 -0.027256397340194097 0.09701427456120966 -0.11155422958236172 0.039551681201280331 -0.11958836391027845 0.020561018234751694 0.039019692404776929 -0.14320854150601883 0.053528575912695345 -0.18396055986677148 0.03030726617518641 0.023378488882787419 -0.24496259220794708 -0.21845060079100986 -0.012222367595387701
leaf_weight=31.507314442656934 35.450008028652519 4.3273562248796216 16.701853489503264 13.58257867395878 33.111092187464237 11.351611117948776 11.022267289925372 7.7868103201035401 2.8007536053191862 16.480598852038387 6.7299299496226004 8.1991532398387772 68.926971729844809 6.2751239929348213 3.8973304317332804 3.7725361697375774 7.8357249721884719 6.6801727134734383 11.293149125296621 2.275470111053437 16.520265029743317 5.0238909162580949 4.8049265025183558 1.860714052338152 9.7327692736871523 50.952134931692854 142.31186009175144 2.8975191516801715 6.2557277390733352 230.83333872212097
leaf_count=90 6978 19 48 1163 66 1023 99 191 455 39 85 52 185 25 46 17 20 102 176 248 51 15 89 5 167 248 666 60 79 1885
internal_value=-0.000413083 -0.0821976 0.00423993 0.00273638 0.00504302 0.00209822 -0.0451636 -0.015824 -0.0551678 0.00554919 0.0556051 0.0300187 0.0375333 -0.00466491 -0.0692851 -0.153576 0.017071 -0.0183147 0.00469768 0.0213749 0.000330635 0.0359651 -0.0500646 -0.00298592 -0.0552611 0.000168178 0.0184732 -0.128237 -0.00917812 -0.0176638
internal_weight=781.201 42.0528 739.148 722.446 694.77 656.533 44.6766 33.325 27.6765 611.856 38.2372 107.552 99.3526 30.4256 13.945 7.66987 25.5382 17.7024 14.0939 6.60283 504.304 42.9399 9.82882 461.364 26.253 435.111 147.07 4.75823 288.041 237.089
internal_count=14392 7245 7147 7099 5305 5130 1435 412 1794 3695 175 364 312 127 88 63 221 201 631 267 3331 170 104 3161 218 2943 731 65 2212 1964
is_linear=0
shrinkage=0.1


Tree=41
num_leaves=31
num_cat=0
split_feature=17 3 11 8 5 14 12 4 7 12 6 4 5 14 6 3 5 6 14 7 12 12 5 13 1 12 7 6 14 6
split_gain=26.714 7.65563 6.57318 8.07543 14.547 17.2523 13.2477 8.26259 8.22956 6.19267 6.06907 8.03347 9.88094 11.5861 10.2279 12.0755 9.85207 10.0357 11.5083 8.97133 9.10898 8.36996 8.08491 7.02748 19.4263 8.64444 6.44932 6.44433 6.019 26.6553
threshold=0.10105202414772728 0.1479324893419591 8.7461122788568007e-09 9.846275770178369e-12 0.046489785490088628 0.0054820200894027957 0.14006477594375613 1.7886570182286905e-10 0.0056941587261634605 0.14400495588779452 1.8160073879098421e-11 9.6507844462716092e-11 0.034059690371603439 0.0048310265410691508 4.237064123922663e-11 0.107983791839227 0.069741187201511332 8.6669149990474379e-11 0.0050087422132492074 0.018905012939620481 0.12343641743063928 0.1295832768082619 0.042130612353829422 1.2606259584426882 0.57201107988377353 0.1430047228932381 0.039035673470521975 2.7541303836265442e-11 0.0062843735795468101 2.4610790754506579e-11
decision_type=2 2 2 2 2 2 2 2 2 2 2 2 2 2 2 2 2 2 2 2 2 2 2 2 2 2 2 2 2 2
left_child=2 -2 3 4 6 -6 28 -7 -5 -8 -10 19 -13 -14 15 -15 17 18 -16 27 -21 -22 -20 25 -25 -23 -18 -12 -1 -30
right_child=1 -3 -4 8 5 7 9 -9 10 -11 11 12 13 14 16 -17 26 -19 22 20 21 23 -24 24 -26 -27 -28 -29 29 -31
leaf_value=0.0083166198750052739 -0.096611434385254227 0.05445719951750623 0.071972858956964925 -0.23625101792676984 0.060587485268191799 -0.16801045705706458 -0.20397655622674474 -0.0091905397769777592 0.062886669360683309 -0.04477582532959487 -0.053387134669530871 0.066915108075047899 0.093626848018907458 -0.1651337243092299 0.050952432789478266 0.0083147456674222513 0.027881300764217628 0.057637841430736386 -0.0079016944075497846 0.10965049151212768 -0.24652697250865546 0.048781921155250429 -0.16048492504506692 -0.16644790378603194 0.066510078914015835 -0.081135767183583174 -0.11704360819921517 -0.15497137626246163 -0.18197741533182157 0.005778086021103683
leaf_weight=323.89142783707939 34.4718625578098 3.7161612864583722 13.913700983859597 1.6482641987968225 90.447187404613942 3.9849057360552278 4.3014643173664791 18.40615530940704 10.313644971116444 5.6563307094620541 20.070703505189162 18.658372960053384 9.4793330505490285 9.7532991005573439 4.9418367780745092 6.8209511854220173 48.504992675036192 6.346237333957105 4.6780016890261349 5.2589561566710463 1.7120071053504933 17.912678000982854 13.477525292662902 9.1068264909554255 5.897850338369607 7.172181518864817 3.2781599615700534 9.0656221579993126 9.2735609747469407 40.952460105065256
leaf_count=1398 7205 40 47 26 283 135 89 213 81 497 648 103 18 247 17 197 318 50 37 6 18 82 325 1086 13 263 113 432 187 218
internal_value=-0.000391813 -0.0819106 0.00390248 0.00257042 0.00956578 0.0411323 0.00029178 -0.0374555 -0.0136656 -0.113546 -0.0119387 -0.0157565 -0.000249837 -0.0119313 -0.0221625 -0.0937529 -0.0075545 -0.0537408 -0.0843432 -0.0413861 -0.014387 -0.0299919 -0.12117 -0.0207448 -0.0748797 0.0116363 0.0187068 -0.0849946 0.00332176 -0.0288884
internal_weight=763.113 38.188 724.925 711.011 496.913 112.838 384.075 22.3911 214.097 9.9578 212.449 202.136 125.939 107.28 97.801 16.5743 81.2268 29.4436 23.0974 76.1968 47.0605 41.8015 18.1555 40.0895 15.0047 25.0849 51.7832 29.1363 374.117 50.226
internal_count=14392 7245 7147 7100 3020 631 2389 348 4080 586 4054 3973 1425 1322 1304 444 860 429 379 2548 1468 1462 362 1444 1099 345 431 1080 1803 405
is_linear=0
shrinkage=0.1


Tree=42
num_leaves=31
num_cat=0
split_feature=17 10 7 4 10 13 3 12 8 8 11 3 15 11 13 19 3 17 7 2 14 5 4 4 9 19 8 14 13 3
split_gain=23.6243 7.73733 6.03603 5.99369 18.5322 12.6604 10.8956 8.14934 11.7673 7.37429 9.30433 6.56818 7.8358 18.6554 13.9079 7.05253 9.22664 6.30219 6.27055 5.76411 7.5682 10.5439 7.54483 7.28674 7.2456 6.24638 10.0774 17.7389 17.5063 17.3194
threshold=0.10105202414772728 2.9377992153167729 0.078996323868987486 2.8078124603818306e-11 1.6427083015441897 1.1630250811576845 0.054984654076392574 0.11967239901423456 9.610465256926077e-12 1.0319089678919292e-11 3.5060750136484136e-10 0.08005593175988808 2.1132694200787231e-05 6.0017280034685438e-10 1.1727491617202761 0.15078465640544894 0.047421705243452406 0.08018909801136366 0.015707809160363208 9.2852898231670201e-10 0.0068564414978027352 0.01553657304499847 1.8921771726702614e-10 6.7492500067303033e-11 0.0076025813462381612 0.38611428439617163 8.6059352467117721e-12 0.005819158162921668 1.7355310916900637 0.10495676576337644
decision_type=2 2 2 2 2 2 2 2 2 2 2 2 2 2 2 2 2 2 2 2 2 2 2 2 2 2 2 2 2 2
left_child=3 -2 -3 4 5 -1 9 -7 11 -5 -11 12 15 14 -14 16 -9 -17 -19 20 24 23 -23 -22 25 26 27 -8 29 -29
right_child=1 2 -4 6 -6 7 19 8 -10 10 -12 -13 13 -15 -16 17 -18 18 -20 -21 21 22 -24 -25 -26 -27 -28 28 -30 -31
leaf_value=-0.21737533363976724 -0.10129027098395614 0.090380328003943411 -0.13172605837397788 0.075175220948619184 -0.15566200544266806 0.066621692495609272 0.06486396946812012 0.037826118427232269 -0.14397123672643986 0.1191672474994999 -0.16028806715682747 0.073656158419737744 0.07754945211936215 0.046811365853026976 -0.29167890039919109 0.079809611779188633 -0.20318807197144728 0.060845665036484746 -0.11655798841510523 0.064791689480468637 -0.063827910330569657 -0.13301058152103526 -0.014485132790835201 0.08723100965721764 -0.11850250500231332 0.017639841184560519 -0.020598156193371759 -0.17230669659075715 0.017561199363191938 0.0054778975758380307
leaf_weight=2.7052621582988641 29.351126270135865 4.1261405614204696 1.7393633248284457 33.70010421751067 9.179588297614826 15.710486898198722 48.115425305673853 3.2159953434020307 6.2709380339365444 1.9194935560226429 3.1409717965871096 10.037624885095282 1.3103789240121821 5.4272594000212848 4.6063139663310722 13.677876990288498 3.1385300126858056 3.8075823371764264 4.1794038924854249 14.971172314137219 5.2800808211322865 13.21613866183907 9.0471255104057473 8.0798795516602677 4.7168440818786612 246.92814212141093 161.18309816299006 11.552876556292178 55.162600933108479 10.423368376679717
leaf_count=50 6978 64 203 114 495 30 166 8 372 1 165 50 3 23 99 21 51 36 35 48 112 889 220 17 858 1505 1365 131 192 91
internal_value=-0.00038924 -0.0803365 0.0245166 0.00357228 -0.0216364 -0.00503043 0.00691773 0.00301705 -0.014932 0.058273 -0.0542874 0.00144814 -0.0169649 -0.087085 -0.209905 0.011424 -0.0812119 0.0385951 -0.0319855 0.00353632 0.00193783 -0.0427007 -0.0848454 0.02753 0.00489308 0.00598433 -0.00406349 0.0172141 -0.0125076 -0.0879832
internal_weight=745.921 35.2166 5.8655 710.705 83.2672 74.0877 627.437 71.3824 55.6719 38.7606 5.06047 49.401 39.3633 11.344 5.91669 28.0194 6.35453 21.6649 7.98699 588.677 573.706 35.6232 22.2633 13.36 538.082 533.366 286.437 125.254 77.1388 21.9762
internal_count=14392 7245 267 7147 1273 778 5874 728 698 280 166 326 276 125 102 151 59 92 71 5594 5546 1238 1109 129 4308 3450 1945 580 414 222
is_linear=0
shrinkage=0.1


Tree=43
num_leaves=31
num_cat=0
split_feature=17 10 13 12 10 12 7 7 3 4 6 14 4 19 14 12 7 12 13 9 5 12 10 1 8 13 19 14 19 14
split_gain=21.2059 7.06153 5.43713 7.51847 13.1727 8.55193 10.1954 7.18509 7.45522 11.9327 13.7473 7.04105 6.75935 5.9187 5.77137 15.008 12.9948 19.5629 14.4737 9.14676 11.5357 14.4207 13.4353 8.43532 8.17526 11.4776 7.61831 13.8288 7.75522 7.11146
threshold=0.10105202414772728 2.9377992153167729 1.0725304484367373 0.14791201800107959 2.4858506917953496 0.15378531813621524 0.030295737265513791 0.024682477703536512 0.076984039517402375 6.7492500067303033e-11 4.3608034354216886e-11 0.0055682982783764609 6.7492500067303033e-11 0.77678814530372631 0.0055877629201859244 0.10569313168525697 0.0062054307155453257 0.11091778054833414 1.4908927679061892 0.0033342596283908389 0.020717506368939514 0.11732418835163118 2.5895262956619267 0.24887417213082513 8.5235803052660843e-12 1.7130101323127749 0.024004437960684303 0.0058739662636071452 -0.076922994107007966 0.0065382530447095641
decision_type=2 2 2 2 2 2 2 2 2 2 2 2 2 2 2 2 2 2 2 2 2 2 2 2 2 2 2 2 2 2
left_child=2 -2 -1 7 5 6 13 14 -9 10 -10 -11 -6 -5 15 -4 17 26 23 20 -20 24 -23 -18 -22 -26 27 -16 -29 -21
right_child=1 -3 3 4 12 -7 -8 8 9 11 -12 -13 -14 -15 16 -17 18 -19 19 29 21 22 -24 -25 25 -27 -28 28 -30 -31
leaf_value=0.069965073439048231 -0.10117403327884136 0.023729804416104585 -0.11026695594493925 -0.14937130280889743 -0.10982846168727362 -0.11556909618303009 0.025536156498292731 0.0516594639182551 0.033493037785461879 0.037906976642030341 -0.20256792121007716 -0.059566720996062306 0.054334873355553807 0.022675372518384782 0.032429201029791195 -0.0044292313528946749 0.1105503043322435 -0.1675924461412871 0.088174461292102338 0.081379211660500078 0.038352521019507119 -0.14022105712582053 0.091209741790791055 -0.14603649434378149 -0.12501749709907081 0.024751959245890361 0.022024369734938265 -0.08108605076160838 -0.27293169822669183 -0.0520528907935527
leaf_weight=12.019523804541675 26.586959437001497 5.4550479748286298 14.178837171057237 7.4416091692983191 2.8857778287492719 17.693796054460108 15.591892753727732 61.76025504572317 4.4462190370541048 44.363327782135457 5.5419790493324399 8.8969719843007606 19.166717584244907 2.7342469048453495 9.754914768040182 243.31585650157649 1.561866907402871 8.5461639149580133 19.116772754117846 43.621600974351168 60.197036949917674 11.280274141812695 3.2257852945476762 7.1311137096490711 8.3680911436676997 13.169832700863479 36.566490697674453 8.0016484446823579 2.8603639826178542 4.3968819663859895
leaf_count=53 6978 267 289 390 36 2177 125 204 20 145 62 63 185 116 26 1856 2 171 32 136 194 222 7 110 93 58 119 50 34 172
internal_value=-0.000363231 -0.0799096 0.00328924 0.00212069 -0.0300971 -0.0620379 -0.0252799 0.00552341 0.0269462 0.0028144 -0.097486 0.0216243 0.0328525 -0.103142 0.000116446 -0.0102571 0.0113492 -0.0264733 0.0257973 0.0324873 0.0172215 0.00312778 -0.0887566 -0.0999356 0.0194351 -0.0334377 -0.00538282 -0.0539926 -0.131606 0.0691613
internal_weight=729.878 32.042 697.836 685.816 65.514 43.4615 25.7677 620.302 125.009 63.2485 9.9882 53.2603 22.0525 10.1759 495.294 257.495 237.799 65.7296 172.069 163.376 115.358 96.241 14.5061 8.69298 81.735 21.5379 57.1834 20.6169 10.862 48.0185
internal_count=14392 7245 7147 7094 3029 2808 631 4065 494 290 82 208 221 506 3571 2145 1426 400 1026 914 606 574 229 112 345 151 229 110 84 308
is_linear=0
shrinkage=0.1


Tree=44
num_leaves=31
num_cat=0
split_feature=17 3 5 14 10 1 4 2 12 14 13 5 2 2 12 8 11 15 19 14 4 19 5 19 3 11 2 9 7 10
split_gain=18.8199 6.75684 5.32191 11.3988 11.6664 13.5347 9.83238 8.52805 14.2073 8.16499 7.68316 7.20399 6.78634 6.73942 6.09445 5.70914 5.31744 10.1641 6.34957 14.1557 5.90273 10.9778 6.66543 6.68046 8.84904 6.49773 6.38761 8.79414 6.79916 13.5823
threshold=0.10105202414772728 0.12703465625383512 0.074969179310941422 0.00546310585923493 2.2018435001373295 0.24887417213082513 2.2200748707145682e-10 6.8219856196385941e-10 0.14876860380172732 0.0068564414978027352 1.2719610929489138 0.0099640662633993186 5.7671928320394353e-10 6.4008473848736007e-11 0.14006477594375613 1.1529229014202898e-11 4.3439107866305457e-09 6.2748778873356073e-05 0.092359412461519255 0.0062843735795468101 1.4841364815909304e-10 0.36334051191806799 0.066396842263031206 1.454023063182831 0.12703465625383512 3.7347571701928936e-09 2.5015574194247784e-10 0.0055185627899727819 0.027037226801403809 2.3174790143966679
decision_type=2 2 2 2 2 2 2 2 2 2 2 2 2 2 2 2 2 2 2 2 2 2 2 2 2 2 2 2 2 2
left_child=2 -2 6 -4 -5 -6 7 8 9 15 -7 -11 13 -10 -12 16 17 20 19 -18 22 -22 23 24 -1 -26 27 -23 29 -28
right_child=1 -3 3 4 5 10 -8 -9 12 11 14 -13 -14 -15 -16 -17 18 -19 -20 -21 21 26 -24 -25 25 -27 28 -29 -30 -31
leaf_value=0.0019248814084756299 -0.10097814357173727 0.023541548376784165 0.061011325607309014 -0.13574092795857293 0.076167695055006424 -0.18220016220354385 -0.1488168432994727 0.055719468302956578 0.062311874562093167 0.11250755218323212 -0.18256324296513127 -0.13491186566330529 0.027547469777408764 -0.12395771663083062 0.046378781158060371 -0.11599629511937036 0.03272703785434828 -0.12521776260734727 0.055847308173063673 -0.16051533962377681 -0.15851457648924389 -0.24652379586708417 0.068432823071516977 0.04961334722428299 -0.11968147294769871 0.08379081706699254 0.067496614778618708 0.025933115242554063 0.096947753043332738 -0.18474831992034696
leaf_weight=388.38479328877293 24.187353661749516 5.3154823896475127 43.947228048928082 6.6202402058988836 14.515141372103246 3.9850330436602217 4.4124318691901854 27.20064268540591 2.1891171932220521 1.4052369594573955 1.5094858929514883 7.2394120772369206 5.0121887801215044 17.234893294516951 5.0617987392470241 3.98441457748413 16.420051042921845 6.3351147151552132 39.353888842277229 4.9285710845142594 6.3174728064332184 2.3567598499357727 15.992648356594144 28.322352482704446 9.7077340695541334 1.8721324051730324 5.2370641706511361 2.3820614591240883 6.9352110065519801 3.6034457590430975
leaf_count=2337 7133 112 170 202 98 60 110 114 92 1 23 294 37 2310 74 395 48 53 106 48 135 27 41 118 158 8 17 13 12 46
internal_value=-0.000347128 -0.0785436 0.00303328 0.0280456 -0.0176684 0.0135092 -8.44071e-05 0.00100499 -0.00158233 0.00172798 -0.0726475 -0.0946924 -0.076195 -0.102965 -0.00621136 0.00326546 0.00414847 0.000604084 0.0320263 -0.0118852 0.00229603 -0.0432516 0.00504686 0.00267996 -0.000643491 -0.0867858 -0.00775628 -0.109568 0.0228266 -0.03532
internal_weight=711.969 29.5028 682.467 75.6389 31.6917 25.0715 606.828 602.415 575.215 550.778 10.5563 8.64465 24.4362 19.424 6.57128 542.134 538.149 477.447 60.7025 21.3486 471.112 26.832 444.28 428.287 399.965 11.5799 20.5145 4.73882 15.7757 8.84051
internal_count=14392 7245 7147 627 457 255 6520 6410 6296 3857 157 295 2439 2402 97 3562 3167 2965 202 96 2912 250 2662 2621 2503 166 115 40 75 63
is_linear=0
shrinkage=0.1


Tree=45
num_leaves=31
num_cat=0
split_feature=17 14 18 8 5 3 2 8 19 7 5 7 14 6 6 19 10 19 3 7 12 4 14 5 14 10 19 13 5 9
split_gain=16.6865 6.65828 5.00441 6.85241 11.4987 9.6046 12.4701 9.57524 6.75386 12.3931 8.92477 8.71523 12.1743 8.9818 8.81705 12.2611 8.13113 7.72448 10.0694 7.67777 9.85563 7.63957 7.55922 8.4256 7.46163 7.40798 7.32947 9.28821 7.11113 7.10836
threshold=0.10105202414772728 0.013961593154817821 -0.15117192358328874 9.3807716379576659e-12 0.050448002329287277 0.045070779581203174 7.6933520264024099e-11 9.411526474461303e-12 0.12017158418893815 0.0070395997297964912 0.074969179310941422 0.009699496711463208 0.005080119939520956 1.8250769975632576e-10 3.1024954089248442e-11 0.81852009892463695 1.4526258111000063 0.55865907669067394 0.068377943977724412 0.03810562190418388 0.13881981372833255 9.6507844462716092e-11 0.0052620093338191518 0.090911428166448996 0.0057009391020983466 2.3083273172378544 0.28656569123268133 1.2124302983283999 0.022357741415647159 0.0030667157228879633
decision_type=2 2 2 2 2 2 2 2 2 2 2 2 2 2 2 2 2 2 2 2 2 2 2 2 2 2 2 2 2 2
left_child=2 -2 -1 4 -4 -5 -7 -8 9 -9 11 24 14 19 15 16 -13 26 -19 29 -21 -20 -12 -24 -10 -26 27 -16 -17 -14
right_child=1 -3 3 5 -6 6 7 8 10 -11 22 12 13 -15 17 28 -18 18 21 20 -22 -23 23 -25 25 -27 -28 -29 -30 -31
leaf_value=0.022421624538474606 -0.10242964860604037 0.019735088134601703 0.0019180386931679635 0.066624387241088934 0.061797315255168718 -0.15710426881314268 -0.19652093083830069 -0.20005857211535572 -0.1174500417443019 0.031434329632922663 0.072782515285258462 0.070406172796368627 0.013065389378913789 0.071225861392369832 -0.24904476237817164 -0.1395531861818409 -0.15673078672664262 0.021948660300948705 -0.2371280745124012 0.099562824388890803 -0.15999038986525316 -0.0070961082960461584 -0.10945556808091012 0.019752062613094968 0.077605609423319899 -0.062753433316009341 0.045700605211585831 0.0097009757818545955 0.10149259672203109 -0.13682977691633325
leaf_weight=108.60667221492622 21.55853741965257 5.6255611372180274 271.74435704178177 14.21784057584591 36.360910944873467 6.2732057906687251 2.8460640511475495 2.4293511530850074 3.3324081221362603 48.12991490541026 16.186722395010293 1.8091146585065896 3.5502373478375366 3.2799695245921603 2.0215990564320228 1.6477991540450592 12.234943586983716 6.6223969720303995 4.033172795898281 3.8460058867931357 2.3610695014940575 2.2487282054498792 6.8491656014230129 19.179708540439606 15.633139953017237 4.9511898574419311 31.111923392280005 4.4220085658598691 4.7573276673210785 29.057077939505689
leaf_count=794 6786 459 1750 188 231 179 47 76 103 606 49 27 27 24 46 110 298 47 83 5 200 13 150 178 53 91 133 27 27 1585
internal_value=-0.000344229 -0.0771485 0.00277316 -0.00102975 0.00898467 -0.0132238 -0.0179776 -0.0142244 -0.0119656 0.0203112 -0.0210755 -0.0334694 -0.0450762 -0.0876768 -0.0197868 -0.0751786 -0.127472 0.00266112 -0.0640859 -0.101105 0.000833046 -0.154784 0.0191226 -0.0142473 0.021371 0.0438448 0.0255958 -0.0714772 0.0394805 -0.120509
internal_weight=696.928 27.1841 669.744 561.137 308.105 253.032 238.814 232.541 229.695 50.5593 179.136 136.92 113.003 42.0944 70.909 20.4492 14.0441 50.4598 12.9043 38.8144 6.20708 6.2819 42.2156 26.0289 23.9167 20.5843 37.5555 6.44361 6.40513 32.6073
internal_count=14392 7245 7147 6353 1981 4372 4184 4005 3958 682 3276 2899 2652 1841 811 462 325 349 143 1817 205 96 377 328 247 144 206 73 137 1612
is_linear=0
shrinkage=0.1


Tree=46
num_leaves=31
num_cat=0
split_feature=17 3 14 11 12 10 7 19 8 5 1 12 14 18 13 17 14 18 5 11 7 8 3 13 14 7 0 11 18 2
split_gain=14.7546 6.32993 4.80083 4.70235 7.12537 10.7302 8.88226 6.38748 5.17693 9.45318 12.9119 10.5671 6.7788 6.66436 6.2676 21.8799 13.9219 7.68281 7.49828 8.78137 7.06197 18.0025 9.85057 7.30183 6.41982 8.85949 7.50434 16.6578 6.05931 5.69359
threshold=0.10105202414772728 0.12703465625383512 0.013961593154817821 8.7461122788568007e-09 0.099847946316003813 2.2342889308929448 0.0066085306253508913 0.078246816992759718 9.846275770178369e-12 0.046489785490088628 0.39619730621097826 0.14006477594375613 0.0055682982783764609 -0.12110385942188175 1.1952499151229861 0.071444424715909102 0.0038776068249717359 -0.070230714664582819 0.04074460626367659 1.1110266040503804e-09 0.0062054307155453257 8.1303736301018128e-12 0.099509413921026205 1.798440217971802 0.0062843735795468101 0.0059051384741205101 2.353874807034024e-09 3.447248375643142e-09 -0.015405929890799927 2.5015574194247784e-10
decision_type=2 2 2 2 2 2 2 2 2 2 2 2 2 2 2 2 2 2 2 2 2 2 2 2 2 2 2 2 2 2
left_child=3 -2 -3 4 5 6 7 -1 9 11 12 14 -11 -14 15 -6 -17 -18 20 -20 21 24 23 -23 26 -26 27 -16 -15 -10
right_child=1 2 -4 -5 8 -7 -8 -9 29 10 -12 -13 13 28 18 16 17 -19 19 -21 -22 22 -24 -25 25 -27 -28 -29 -30 -31
leaf_value=-0.067619265838433321 -0.10085042676366462 -0.12204568136831839 0.088588210462344261 0.066430090701241437 -0.2020346160403248 -0.22178124411176633 -0.14655907590593392 0.066097694360533574 -0.023871939351326227 0.054608744864572949 -0.13642863330643712 -0.10678847086981308 -0.15318064263662276 0.059896269104238002 0.043887508187344389 -0.1419712916405162 -0.082173894183635313 0.047258861300766661 0.032682570553569455 -0.15840733451754729 0.020408070692487543 -0.22920112254425301 -0.0047682039045133144 -0.039393161247864877 -0.19934394648103798 0.049929049808828334 0.083237281467712268 -0.19455744491829297 -0.13016813396930255 0.012553836775965992
leaf_weight=5.9862471418455305 20.0338324662298 1.560352571774273 3.5302792005240917 11.319205666892229 6.3832443980500093 3.2506657938938579 4.6227221379522225 8.8592396085150522 117.79687311901944 82.046315506100655 4.1340300793526685 8.7904248915147019 3.0382558316923669 7.4003455368801943 12.076267033815386 5.9652549251914015 5.5617025829851654 26.140377955511212 4.2188169509172422 5.5930286273360252 225.33944504614919 6.8121679835021478 5.456505913520231 2.8851580619812012 2.9944920791313043 2.7217172584496439 15.82823061197996 3.8683122210204592 2.1689498815685502 67.499867537291721
leaf_count=40 7133 102 10 47 68 47 103 28 2715 289 113 586 70 84 51 48 31 70 11 105 999 75 53 15 49 25 24 31 73 1297
internal_value=-0.000336257 -0.0755484 0.0240259 0.00253227 0.00141514 -0.0535964 -0.025514 0.0121781 0.00341572 0.00932706 0.0365629 0.00142838 0.0441183 -0.0241504 0.00429499 -0.0308326 -0.00182007 0.0245516 0.00967172 -0.0762441 0.0127043 -0.0202721 -0.112251 -0.172729 0.0169075 -0.080655 0.0344599 -0.0139616 0.0168168 -0.0106028
internal_weight=683.882 25.1245 5.09063 658.758 647.439 22.7189 19.4682 14.8455 624.72 439.423 98.7879 340.635 94.6539 12.6076 331.845 44.0506 37.6673 31.7021 287.794 9.81185 277.982 52.6429 15.1538 9.69733 37.489 5.71621 31.7728 15.9446 9.5693 185.297
internal_count=14392 7245 112 7147 7100 218 171 68 6882 2870 629 2241 516 227 1655 217 149 101 1438 116 1322 323 143 90 180 74 106 82 157 4012
is_linear=0
shrinkage=0.1


Tree=47
num_leaves=31
num_cat=0
split_feature=17 15 18 4 4 1 3 1 2 18 19 1 8 18 13 9 17 6 0 14 13 3 12 4 19 8 13 5 3 4
split_gain=13.2624 5.76712 4.44173 8.93236 12.7238 10.7219 8.5272 9.37432 9.94475 6.34849 8.53953 18.402 8.84034 5.83452 5.50091 9.0643 5.42061 5.27338 5.95747 14.8942 7.70812 4.91311 14.5126 13.716 8.42261 9.22976 8.37844 11.4997 9.37804 8.36581
threshold=0.10105202414772728 7.7875753049738719e-05 0.045906502584164802 5.1208540547268284e-11 2.1862965110775092e-11 0.1411669030486353 0.1412104054789402 0.13588158881437537 7.2734771276641171e-11 0.1049565622392534 0.53170254826545726 0.1186688139286405 7.1377283538780057e-12 0.085967676206068572 1.2164528965950014 0.0062140577564233383 0.07921253551136366 1.6951587926216348e-11 5.983126291205208e-10 0.0060023081023246059 1.7091807126998904 0.097093383038354811 0.15378531813621524 6.7492500067303033e-11 0.38611428439617163 1.0603015485022522e-11 1.2164528965950014 0.10695731949728962 0.098534459065898305 2.2200748707145682e-10
decision_type=2 2 2 2 2 2 2 2 2 2 2 2 2 2 2 2 2 2 2 2 2 2 2 2 2 2 2 2 2 2
left_child=2 -2 21 4 5 -4 7 16 -9 10 12 -12 13 -5 15 -11 -6 -14 -19 -20 -21 22 24 -23 -1 -26 27 -25 -28 -30
right_child=1 -3 3 9 6 -7 -8 8 -10 14 11 -13 17 -15 -16 -17 -18 18 19 20 -22 23 -24 26 25 -27 28 -29 29 -31
leaf_value=0.0039182697371241849 -0.090981094586535471 0.084676589953892309 -0.1959723881387255 -0.31328971984255655 0.066185812275629419 0.056176848933100848 0.080573413627918811 -0.61552132867115927 -0.1407187685948055 -0.21591290251381723 0.11076918150445053 -0.22638331785681159 0.09124550383793939 -0.029754561009158555 0.026578788301227198 0.051640141582701721 -0.12906275209618837 0.037539196410892116 -0.18209100987826465 -0.17091866444565423 0.038624521827697295 -0.098269975562559633 -0.096073060318967174 -0.17322160838282027 0.041169495663406233 -0.095610446159569429 -0.18615953712324518 0.061348130673882152 0.019024211133271313 -0.13918234914604274
leaf_weight=193.97682012128644 20.792849133722488 2.053671939065679 1.9514445973327372 1.5132773055229329 3.733831884339458 12.415539573470594 2.468938471749424 0.45340344938449817 16.297494612168521 2.5163094131276003 2.3281823103316119 5.3136705427896231 5.8230657540261737 1.3945938327815381 71.200104279676452 2.5488410692196339 2.2964331535622478 14.316357440548016 5.7923577763140228 2.0531204929575315 12.110367935616521 15.238038908981251 11.666950102080589 5.8780506738694367 134.26367474009749 5.1215806555701411 2.3897214882308608 3.2430719919502735 106.82955340843182 3.4503556464333078
leaf_count=1194 7228 17 64 28 9 146 10 18 926 35 3 146 11 13 637 35 68 110 124 74 73 408 958 140 510 235 59 18 985 110
internal_value=-0.000308301 -0.0751912 0.00232946 -0.0117504 -0.0532026 0.0219278 -0.0959509 -0.115082 -0.15357 0.00118953 -0.0262566 -0.123666 -0.00894661 -0.177308 0.0194155 -0.0812772 -0.00816835 0.00326366 -0.011685 -0.0469985 0.00824942 0.00719338 0.0135556 -0.00882618 0.0173923 0.0361436 0.00236472 -0.0898189 0.0098274 0.0140744
internal_weight=671.432 22.8465 648.585 166.527 39.6171 14.367 25.2501 22.7812 16.7509 126.91 50.645 7.64185 43.0031 2.90787 76.2653 5.06515 6.03027 40.0953 34.2722 19.9558 14.1635 482.058 345.029 137.029 333.362 139.385 121.791 9.12112 112.67 110.28
internal_count=14392 7245 7147 2530 1241 210 1031 1021 944 1289 582 149 433 41 707 70 77 392 381 271 147 4617 2897 1720 1939 745 1312 158 1154 1095
is_linear=0
shrinkage=0.1


Tree=48
num_leaves=31
num_cat=0
split_feature=17 3 3 11 8 8 8 5 10 3 15 8 8 4 14 14 4 6 18 14 2 9 13 2 14 12 14 11 17 13
split_gain=11.6748 5.78894 4.34747 7.56127 5.64107 4.78519 11.3795 10.667 8.70345 8.58679 6.60912 6.41689 10.9616 9.85447 9.25164 9.10044 11.6096 14.5754 14.4258 9.07856 10.5364 13.8943 10.1385 23.9005 8.20565 7.95693 7.44071 10.1044 7.13734 6.93087
threshold=0.10105202414772728 0.12703465625383512 0.0454915300124345 3.6757441534973628e-10 8.886661743728171e-12 9.3807716379576659e-12 9.411526474461303e-12 0.050448002329287277 1.4440954923629763 0.1479324893419591 1.9679460820043463e-05 8.7372080086981492e-12 8.886661743728171e-12 9.4866959372250637e-11 0.0062395029235631236 0.0058543058112263688 9.6507844462716092e-11 2.7044909486573157e-11 -0.048661618703838685 0.0062843735795468101 4.4976626838628118e-10 0.0026381744930831182 1.7600145339965823 3.948812923488299e-10 0.0040735353250056514 0.13384518027305606 0.0060946077574044475 4.3439107866305457e-09 0.048850319602272735 1.1657907366752627
decision_type=2 2 2 2 2 2 2 2 2 2 2 2 2 2 2 2 2 2 2 2 2 2 2 2 2 2 2 2 2 2
left_child=2 -2 4 -4 -1 7 -7 9 -8 10 -5 15 24 29 -15 25 17 18 -17 22 21 -21 23 -18 -13 -12 27 -20 -16 -14
right_child=1 -3 3 5 -6 6 8 -9 -10 -11 11 12 13 14 28 16 19 -19 26 20 -22 -23 -24 -25 -26 -27 -28 -29 -30 -31
leaf_value=-0.11302253595950801 -0.10075768831422567 0.026543793720129539 -0.17565954726458499 0.076189039628757768 0.061073562456846565 -0.1894528166226285 -0.19775444267388653 0.05616797315721872 -0.0045129357311823621 -0.15859599157694354 0.049273579433227882 -0.27661650457450471 -0.097080694491987696 -0.17331926413915111 -0.12683577476777483 -0.017221148065298394 -0.15403769312322613 0.075424552679939125 -0.21304482878664879 -0.19971597423768137 0.017211774977221081 0.064583799195031197 0.10250327396329971 0.094602165626021237 -0.067218987186517254 -0.066298204946538611 -0.28530566092074239 -0.0026035504026325311 0.096178819141697333 0.016591242391954725
leaf_weight=2.047106952173638 16.60956196743064 4.550927720963954 2.4258516255067653 12.253843526472336 20.489441023790278 3.4290914572775355 2.3507259712787336 42.440889566903934 273.88604478130583 3.2715804261388248 68.256122205406427 2.2027544919401398 5.8043645899742833 6.2821104768663627 2.4979611437302083 13.74975575739518 6.4899607161060002 6.8236736869439474 4.9792163090314698 6.0714688661973941 19.803568053990602 2.9581195975188166 18.635088939219713 9.5621653255075199 12.441159652778877 6.5268442367087109 3.6543698327150187 4.2114908620715141 3.372576542547904 70.685099631547928
leaf_count=22 7133 112 76 26 242 56 82 272 4528 64 213 22 43 102 35 72 61 19 62 118 114 34 25 13 105 342 54 14 13 318
internal_value=-0.000303678 -0.0733793 0.00212153 0.000540912 0.0452595 0.00123861 -0.00840484 0.00933817 -0.00615739 0.0024973 0.00433197 0.00113015 -0.018566 -0.00532489 -0.0889741 0.0129769 -0.00724266 -0.0549542 -0.0884067 0.0178587 -0.0236071 -0.113131 0.0523265 -0.00592426 -0.0987168 0.0391868 -0.164606 -0.116614 0.00128431 0.0079653
internal_weight=658.763 21.1605 637.602 615.066 22.5365 612.64 279.666 332.974 276.237 290.533 287.262 275.008 103.286 88.6421 12.1526 171.722 96.9389 33.4185 26.5948 63.5204 28.8332 9.02959 34.6872 16.0521 14.6439 74.783 12.8451 9.19071 5.87054 76.4895
internal_count=14392 7245 7147 6883 264 6807 4666 2141 4610 1869 1805 1779 638 511 150 1141 586 221 202 365 266 152 99 74 127 555 130 76 48 361
is_linear=0
shrinkage=0.1


Tree=49
num_leaves=31
num_cat=0
split_feature=17 14 4 10 4 3 13 9 12 8 9 1 14 8 6 12 6 11 11 12 10 7 12 1 10 4 5 13 8 12
split_gain=10.3415 5.66611 4.4095 15.1497 9.04357 8.57167 6.92436 5.79359 5.26349 9.46887 5.45028 9.38142 10.3153 9.31133 6.72259 4.30975 6.30974 4.23165 10.6099 6.2439 9.03713 7.55382 5.17825 12.5742 13.047 8.58246 8.3871 13.7947 9.74374 8.53049
threshold=0.10105202414772728 0.013961593154817821 2.8078124603818306e-11 1.6427083015441897 2.7324618207049843e-11 0.053531774806873364 1.1630250811576845 0.0061714045206190107 0.11967239901423456 9.610465256926077e-12 0.0066062169263897833 0.1294538703676669 0.0040348181501030931 9.033087010431969e-12 2.3084336093814435e-11 0.14536267518997195 4.8561622494504827e-11 8.7461122788568007e-09 4.6241668827384791e-10 0.099847946316003813 2.2342889308929448 0.0066085306253508913 0.137740433216095 0.25591296861855811 2.2805336713790898 2.2200748707145682e-10 0.069741187201511332 1.2650254964828493 1.0192897991229372e-11 0.14876860380172732
decision_type=2 2 2 2 2 2 2 2 2 2 2 2 2 2 2 2 2 2 2 2 2 2 2 2 2 2 2 2 2 2
left_child=2 -2 3 4 6 15 -1 -8 -9 10 14 13 -13 -12 -10 -4 -17 18 -7 20 21 -20 25 26 -25 -21 27 28 29 -24
right_child=1 -3 5 -5 -6 17 7 8 9 -11 11 12 -14 -15 -16 16 -18 -19 19 22 -22 -23 23 24 -26 -27 -28 -29 -30 -31
leaf_value=-0.18293663679628211 -0.10244445858690572 0.022953512731725009 0.079975643409856259 -0.15473228169197573 -0.23378018694976346 -0.23704749803688097 -0.16612488916371188 0.066471275133448887 0.097871725168243162 -0.13850676727904901 -0.1021057944004771 -0.21949092924955524 0.028045051990399767 0.069476177385234913 -0.018719447976331603 -0.15850393320861553 0.047978415882475617 0.064037335186374417 0.010266121932860674 0.011707990792807533 -0.20996676759862254 -0.14358194036540572 0.032507823510132539 -0.14972692994093378 -0.020872346038530144 -0.14313664072280796 0.031650301430945958 -0.19657552832487535 -0.12056968390261087 -0.14224614337627972
leaf_weight=1.998843815177678 14.786762368283236 4.7643362367525688 21.902052918914709 7.5961526538594617 1.6936729715671379 1.8689383483724658 1.8938455868628796 13.537406913936136 11.627862244611608 4.7277849453967056 4.4369438232388374 4.1640441343188277 2.8259833044139668 11.013498670537954 8.6053989337524381 2.0282778333639717 5.4742875871015713 10.79845441225916 14.081886755069723 356.05955066240858 3.0741251648869357 4.1266409975942215 27.759104424738329 11.832800909294745 23.392471557832323 3.6158263394609085 54.177909910911694 4.3491578779648981 6.4097878535976625 3.1058450242853715
leaf_count=43 6786 459 68 495 32 88 123 26 38 358 32 40 18 33 35 86 87 47 65 2119 47 103 125 702 680 88 498 627 257 187
internal_value=-0.000263987 -0.0718867 0.00196516 -0.0209413 -0.00566449 0.00502958 0.000294848 0.00612383 0.0114769 -0.00422891 0.0106476 -0.0232873 -0.119415 0.0202025 0.0482844 0.0575688 -0.00784297 0.00208497 0.000783064 0.00165124 -0.0513756 -0.0246008 0.0039511 -0.0130688 -0.0641569 0.0101513 0.00571572 -0.0280409 -0.00837652 0.0149229
internal_weight=647.73 19.5511 628.179 74.1214 66.5253 554.057 64.8316 62.8328 60.9389 47.4015 42.6737 22.4405 6.99003 15.4504 20.2333 29.4046 7.50257 524.653 513.854 511.985 21.2827 18.2085 490.702 131.027 35.2253 359.675 95.8018 41.6239 37.2747 30.8649
internal_count=14392 7245 7147 1273 778 5874 746 703 580 554 196 123 58 65 73 241 173 5633 5586 5498 215 168 5283 3076 1382 2207 1694 1196 569 312
is_linear=0
shrinkage=0.1


Tree=50
num_leaves=31
num_cat=0
split_feature=17 4 4 10 10 10 1 4 13 7 9 1 9 13 18 1 6 12 5 3 12 7 1 7 4 11 18 14 5 12
split_gain=9.12214 5.44894 3.70114 13.4766 7.89226 11.3179 12.4554 7.66116 5.955 5.78122 5.01256 4.716 5.52489 5.09772 11.6836 9.16961 9.50134 9.41553 6.06325 9.05359 8.66246 6.06422 5.77093 9.59982 9.69458 9.08317 10.583 9.05427 8.45129 6.87482
threshold=0.10105202414772728 1.2508392963096813e-10 2.8078124603818306e-11 1.6427083015441897 1.5384795665740969 1.6014383435249331 0.13685749355510543 2.7141510931751947e-11 1.1630250811576845 0.022417419138614929 0.0061714045206190107 0.14915419057450849 0.00720743565095528 1.2124302983283999 0.071183496324176157 0.25010461872951162 3.2395270927450305e-11 0.15378531813621524 0.094792305698907509 0.1044063081828613 0.14711096137762072 0.029854387077322953 0.26791994075259645 0.016342200896498873 4.1586978704165248e-11 1.3684445798745062e-09 -0.070230714664582819 0.004810051992535592 0.022357741415647159 0.13945068418979648
decision_type=2 2 2 2 2 2 2 2 2 2 2 2 2 2 2 2 2 2 2 2 2 2 2 2 2 2 2 2 2 2
left_child=2 -2 3 7 -4 6 9 8 -1 -6 -10 12 -7 14 15 16 -13 18 19 20 -18 -22 23 24 28 26 27 -24 -15 -25
right_child=1 -3 4 -5 5 11 -8 -9 10 -11 -12 13 -14 22 -16 -17 17 -19 -20 -21 21 -23 25 29 -26 -27 -28 -29 -30 -31
leaf_value=-0.17507276474906003 -0.10197263663630783 0.024382011082285833 0.071301349206433426 -0.15111539743901167 -0.20064488261338714 0.05435617921025953 -0.2869959929349048 -0.21509730312951358 -0.15971265924150801 0.059974380707133283 0.010898343394043719 -0.155567786425129 -0.12542007251845641 -0.13721318807146884 -0.15961726275115118 -0.1318151726358002 0.036767441219469052 -0.12425412096131523 0.084531753269028703 -0.15594197510351801 -0.2006628741431758 -0.011632488574018137 0.10350802993889199 0.056981985894378889 -0.20019047673577944 0.0034350984236015563 -0.16192289999301235 -0.11148608759543505 0.099912347741586416 -0.0029310453196462519
leaf_weight=1.874791909707709 13.566278027486989 4.5601729531772426 17.171492882655002 7.0294304859708054 1.1917017480591301 27.397817186312754 2.8062378423055634 1.6937564919935528 1.7741032470948983 2.9784607077017426 58.691099723742809 3.7168363389791912 1.8232172034913663 2.4636115281027724 5.6961075651342972 5.7604116466827682 35.155894403811544 4.8848713478073469 11.719408284872769 3.2884138447698197 2.7417946713976553 4.4541454666759819 4.2665902823209763 59.981027443893254 3.4906188925378956 302.61231667746324 7.3591572443256137 3.6215408705174923 3.8548089094110765 28.136223257752135
leaf_count=41 6967 278 116 495 48 208 51 39 122 30 576 67 163 127 82 68 136 184 35 44 50 48 6 170 106 3183 110 43 31 768
internal_value=-0.000263357 -0.0701849 0.00178871 -0.0196799 0.00457996 0.00241581 -0.124112 -0.00525127 0.000450177 -0.0145024 0.00589246 0.00410545 0.0431392 0.0017928 -0.021768 -0.01082 -0.000253511 0.00902084 0.0203708 0.00389571 0.0163063 -0.0836568 0.00617973 0.0274051 -0.0664373 -0.000359398 -0.0756686 0.00480151 0.00745487 0.0378515
internal_weight=635.762 18.1265 617.636 71.0632 546.573 529.401 6.9764 64.0338 62.34 4.17016 60.4652 522.425 29.221 493.204 77.4179 71.7218 65.9614 62.2445 57.3597 45.6402 42.3518 7.19594 415.786 97.9263 9.80904 317.86 15.2473 7.88813 6.31842 88.1173
internal_count=14392 7245 7147 1273 5874 5758 129 778 739 78 698 5629 371 5258 714 632 564 497 313 278 234 98 4544 1202 264 3342 159 49 158 938
is_linear=0
shrinkage=0.1


Tree=51
num_leaves=31
num_cat=0
split_feature=17 14 12 5 4 12 7 8 2 5 14 10 9 19 13 8 7 14 13 8 8 7 9 12 18 8 5 18 1 2
split_gain=8.12513 4.57051 11.7962 5.64428 7.46876 6.9539 9.30734 12.1961 6.06086 5.89606 5.35363 9.62609 5.20411 6.3693 4.13546 3.61156 4.56621 8.78227 13.9214 20.4993 10.2802 10.0516 9.51742 12.4498 8.72903 7.81716 12.2355 10.4828 7.87717 9.21221
threshold=0.12169300426136366 0.013601812534034254 0.1607613489031792 0.090911428166448996 2.2200748707145682e-10 0.14536267518997195 0.029145248437072838 1.010860608363902e-11 9.2852898231670201e-10 0.067901919787979534 0.0054285624064505109 2.3267004489898686 0.023013605659327304 0.53170254826545726 1.199063301086426 5.7097980510391742e-12 0.0062054307155453257 0.0057009391020983466 1.4407589435577395 8.6059352467117721e-12 8.2212470422049805e-12 0.013852859483848646 0.0029886054133578814 0.10670435428619386 -0.15117192358328874 8.2212470422049805e-12 0.014398304779516655 -0.23520908142778682 0.54867553362568733 3.6239331221009997e-10
decision_type=2 2 2 2 2 2 2 2 2 2 2 2 2 2 2 2 2 2 2 2 2 2 2 2 2 2 2 2 2 2
left_child=1 2 3 4 5 9 8 14 -7 15 -11 -12 -4 -14 -8 -1 25 18 20 -20 -18 22 23 -19 -22 -17 -27 -28 29 -29
right_child=-2 -3 12 -5 -6 6 7 -9 -10 10 11 -13 13 -15 -16 16 17 21 19 -21 24 -23 -24 -25 -26 26 27 28 -30 -31
leaf_value=0.058839042002284236 -0.094721471279541225 0.062476035311155309 -0.11849779580397211 0.04780120012475475 -0.13572843083869995 -0.14276075795248433 0.057965335665191235 -0.15668562221933435 0.10882406742410317 0.061980565860431984 -0.13788767210833144 0.06706438119122117 0.054155613160594085 -0.12821450996668404 -0.077869770037225061 0.0013130471438936207 -0.15111950040913658 0.057397850326132552 0.059611877033153786 -0.12770504986268325 0.042248357844387741 -0.14671455147949253 0.061052274394630318 -0.027209931227338086 -0.0054133652793137733 0.046951691887360647 0.077369043990431791 -0.16993813858265019 -0.21418290661552222 0.073902177774720954
leaf_weight=10.584498890209941 8.9721666306722891 11.910655587562358 11.72529582824791 26.266280652023852 4.0034333271905771 9.9395119374094065 13.396653789212001 4.1689475141465655 1.0596427917480475 29.905613524839282 4.161612603813408 5.1000014431774616 5.0875234868144599 3.071106243529357 2.6916127167642108 40.512440668884665 4.3587887595640487 28.553610175848007 8.2556734262034315 19.985556148341857 47.643544197781011 3.3222942268475881 54.611146913841367 44.490302053978667 198.61943122243974 6.3225659895688322 2.3955934392288389 3.6010358887724534 8.0501503762789053 2.7193910200148821
leaf_count=50 4688 82 2490 145 129 1361 112 169 1 88 36 12 424 1072 28 211 121 77 28 652 174 85 280 353 1295 30 6 58 111 24
internal_value=-0.000243812 0.00113113 -7.73641e-05 0.00249845 0.000367676 0.00135037 -0.0444686 -0.00425862 -0.118523 0.00408766 0.0414061 -0.0250288 -0.0758233 -0.0144929 0.0352397 0.00106787 -0.000223696 0.00364505 -0.00638721 -0.0729473 0.00111309 0.0250047 0.0294737 0.00586411 0.00380756 -0.0251535 -0.0715929 -0.116296 -0.148581 -0.0650248
internal_weight=625.486 616.514 604.603 584.719 558.453 554.45 31.2564 20.2572 10.9992 523.193 39.1672 9.26161 19.8839 8.15863 16.0883 484.026 473.442 409.84 278.863 28.2412 250.622 130.977 127.655 73.0439 246.263 63.6012 23.0887 16.7662 14.3706 6.32043
internal_count=14392 9704 9622 5636 5491 5362 1671 309 1362 3691 136 48 3986 1496 140 3555 3505 3065 2270 680 1590 795 710 430 1469 440 229 199 193 82
is_linear=0
shrinkage=0.1


Tree=52
num_leaves=31
num_cat=0
split_feature=17 11 14 6 2 13 12 5 5 3 14 19 14 2 18 4 7 19 19 14 13 0 13 2 12 13 12 7 12 7
split_gain=7.23985 4.04402 5.23653 21.2797 7.30052 6.51193 7.06002 6.93865 6.44066 7.45733 6.11214 5.72787 5.39598 11.8103 8.80664 5.12666 5.85718 8.49163 6.23538 5.84942 7.85925 5.72374 4.9971 5.69856 4.40656 5.17664 8.35103 4.19108 12.2532 7.31538
threshold=0.12169300426136366 8.7461122788568007e-09 0.0062647839076817044 2.4009913899048899e-11 3.1406152916524225e-10 1.7320613861083987 0.1036028452217579 0.019436355303488358 0.017889207109683003 0.070849253767270789 0.0058543058112263688 0.17776663601398471 0.0060732336714863786 2.9247418551509664e-10 -0.046878567917949768 6.4265093909815276e-11 0.007470525451965469 0.024004437960684303 0.21855068951845172 0.0068564414978027352 1.7891407608985903 2.8883371959947446e-09 1.7130101323127749 4.8372728330214453e-10 0.1607613489031792 1.0725304484367373 0.15378531813621524 0.028077199343036017 0.14346636831760409 0.027205601089923249
decision_type=2 2 2 2 2 2 2 2 2 2 2 2 2 2 2 2 2 2 2 2 2 2 2 2 2 2 2 2 2 2
left_child=1 2 5 -4 -5 6 -1 8 9 11 -10 -7 24 -14 -15 -6 17 -17 -18 21 -21 -19 -20 -24 25 -8 27 28 29 -27
right_child=-2 -3 3 4 15 7 12 -9 10 -11 -12 -13 13 14 -16 16 18 19 22 20 -22 -23 23 -25 -26 26 -28 -29 -30 -31
leaf_value=-0.11696641104880337 -0.093436409664648196 0.062433162655156152 -0.16989953855765128 -0.11420161587241273 -0.1403374796747901 -0.27963416194100582 0.084649336536255393 0.054027727711869658 -0.0049399503853742909 0.025197862541124369 -0.34814022258474808 0.01635042233017275 -0.25302771718431177 -0.18539701375951323 0.024870105006136223 -0.18851760057314235 0.065754487009772086 -0.058261955891624945 -0.12143324708570223 0.045147561590247548 -0.1805193839908818 0.069447015808427104 0.078341575751628756 -0.04917720601969712 -0.11005914985770467 0.0042860015846717036 -0.12277924707378274 0.023106813735999255 -0.089622132820029968 -0.15498210680888513
leaf_weight=5.1754513015039256 8.2245239305775595 10.536483666161073 8.855242546880616 5.7331205476075402 2.3970464057056224 1.5260390937328403 7.7280583605170241 47.270809156470932 1.0173768345266574 19.829509032890201 1.05913313513156 1.1439125051256267 2.5829674608539781 2.499452114570885 9.8091548307565954 2.9655274883843985 23.289758402621374 5.3794731125235584 3.4330126071581644 2.6029248978011301 3.7909405338577926 10.095457423478363 6.8574025414418411 7.167146188672632 3.4411004643770857 296.1934060055064 5.2911714921938247 86.951205070712604 15.08971503927023 2.9122491460293523
leaf_count=191 4688 51 309 2165 420 16 26 174 21 143 21 114 254 27 64 52 203 42 191 26 62 20 129 133 956 1996 559 466 844 29
internal_value=-0.000247177 0.00102466 -6.81377e-05 -0.0234299 -0.00583406 0.00371761 -0.00086278 0.0316203 -0.0114795 0.00407263 -0.179991 -0.152823 0.000526563 -0.0586237 -0.0178279 0.00330534 0.00855556 -0.0297248 0.0318864 -0.00819166 -0.088651 0.0250522 -0.0132964 0.013174 0.00263582 0.00357215 0.00203053 0.00367679 -0.00170032 0.00273528
internal_weight=610.849 602.624 592.088 82.5671 73.7118 509.521 437.674 71.8468 24.576 22.4995 2.07651 2.66995 432.498 14.8916 12.3086 67.9787 65.5816 24.8343 40.7473 21.8688 6.39387 15.4749 17.4576 14.0245 417.607 414.166 406.438 401.147 314.195 299.106
internal_count=14392 9704 9653 3752 3443 5901 5412 489 315 273 42 130 5221 345 91 1278 858 202 656 150 88 62 453 262 4876 3920 3894 3335 2869 2025
is_linear=0
shrinkage=0.1


Tree=53
num_leaves=31
num_cat=0
split_feature=17 14 12 5 4 12 7 8 2 5 14 3 18 9 19 4 14 13 1 3 12 5 17 9 3 15 13 2 2 8
split_gain=6.4363 3.74383 9.60657 4.84797 6.4433 5.62811 7.57624 10.505 5.58406 5.124 4.60419 7.69817 5.81532 4.4841 5.47682 3.85192 3.75085 3.8494 3.70516 3.59354 8.40127 7.28266 11.4543 6.99313 8.0313 7.50449 6.69673 16.0046 7.22538 9.72834
threshold=0.12169300426136366 0.013601812534034254 0.1607613489031792 0.090911428166448996 2.2200748707145682e-10 0.14536267518997195 0.029145248437072838 1.010860608363902e-11 9.2852898231670201e-10 0.067901919787979534 0.0054285624064505109 0.12324790071395479 -0.16252399701625106 0.023013605659327304 0.53170254826545726 8.3005745215418368e-11 0.0051796915940940389 1.1506015062332156 0.24887417213082513 0.057011301364960416 0.13945068418979648 0.021313203573429081 0.073219992897727279 0.0062140577564233383 0.077879578667764307 3.0267131478467494e-05 1.1884955167770388 1.1992353930154726e-10 1.1140004174215975e-10 9.080176289809803e-12
decision_type=2 2 2 2 2 2 2 2 2 2 2 2 2 2 2 2 2 2 2 2 2 2 2 2 2 2 2 2 2 2
left_child=1 2 3 4 5 9 8 16 -7 19 -11 12 -12 -4 -15 -3 -8 -18 -5 21 26 22 -1 24 -22 -26 27 28 29 -21
right_child=-2 15 13 18 -6 6 7 -9 -10 10 11 -13 -14 14 -16 -17 17 -19 -20 20 23 -23 -24 -25 25 -27 -28 -29 -30 -31
leaf_value=0.060267124280991395 -0.091952777540414199 -0.05226731097842513 -0.11812128075345679 0.063515004506153813 -0.13417941825112353 -0.14046015266858186 0.056864359708808744 -0.15491917126792545 0.10831312555251243 0.058737773502233949 0.010476648152280615 0.094007890702243357 -0.19477493946022845 0.050377942053855318 -0.13008498094368778 0.090261432774299613 0.034023941908377403 -0.18942977974713901 -0.035543869336694005 0.028808548450561723 -0.29562351441921192 0.069747661858710175 -0.060364012208965048 -0.0031083962435299963 0.0072905970516276694 -0.16960550933149143 0.0043043716346722709 -0.16914045568460834 0.086319119533563582 -0.15249241106864103
leaf_weight=14.438666358240882 7.5560223836218929 2.4350957629503673 9.8146336522186193 20.349892051890496 3.5511327432468525 8.6230467722052708 12.063487973529847 3.7694920281646764 1.0077270269393928 28.425622875336558 2.648839658126235 3.4411858320236206 2.882581733632831 4.6694476266857228 2.6283081104047596 8.5672878419281897 1.7189256782876321 1.3978829567786304 4.6361312372609964 7.4400560632348114 2.0475954602006849 21.626768759102561 17.305662879254669 10.43404686951544 5.0037023834884149 4.6055723910685629 367.61657321313396 7.7036706153303376 6.5948263593018046 4.9146946705877781
leaf_count=44 4688 27 2490 110 129 1361 78 169 1 88 11 5 32 424 1072 55 27 35 35 21 30 72 290 214 59 127 2555 88 14 41
internal_value=-0.000242286 0.000927549 -0.000166118 0.00207251 7.72754e-05 0.00096724 -0.0422086 -0.00550402 -0.114429 0.00340052 0.0390246 -0.0234274 -0.0964858 -0.0739805 -0.0146163 0.0587163 0.031598 -0.0661946 0.0451347 0.000564263 -0.00256725 0.0249939 -0.00549586 -0.0625778 -0.115809 -0.0774929 0.000795139 -0.0476062 0.00180179 -0.0433126
internal_weight=599.919 592.363 581.36 564.248 539.262 535.711 28.5806 18.9498 9.63077 507.13 37.3982 8.97261 5.53142 17.1124 7.29776 11.0024 15.1803 3.11681 24.986 469.732 416.361 53.3711 31.7443 22.0909 11.6569 9.60927 394.27 26.6532 18.9496 12.3548
internal_count=14392 9704 9622 5636 5491 5362 1671 309 1362 3691 136 48 43 3986 1496 82 140 62 145 3555 3149 406 334 430 216 186 2719 164 76 62
is_linear=0
shrinkage=0.1


Tree=54
num_leaves=31
num_cat=0
split_feature=17 2 14 10 19 14 18 2 5 12 19 19 18 3 7 13 17 0 0 3 8 3 4 17 13 12 5 3 11 9
split_gain=5.70774 3.41064 7.22596 7.12419 6.38352 8.7795 6.96672 5.94944 4.95864 4.67804 4.26951 7.81791 4.77777 15.7469 8.8064 7.44357 6.40438 7.54637 6.55244 5.44688 5.38981 4.88217 11.4731 8.01176 9.57582 5.79085 7.18848 4.75924 6.51406 4.49239
threshold=0.12169300426136366 6.8219856196385941e-10 0.0065382530447095641 2.3390260934829716 0.33730520308017736 0.013601812534034254 -0.21008228337053544 9.2852898231670201e-10 0.0099640662633993186 0.1607613489031792 0.38611428439617163 0.41004285216331487 0.045906502584164802 0.098053729754132651 0.037862768174416375 1.2650254964828493 0.065851384943181837 2.1681375062576361e-10 2.0611080881799922e-10 0.084906333069707948 1.0702371866014246e-11 0.096176292484993084 6.9269008071591183e-11 0.057950106534090919 1.8032220602035525 0.1362835839390755 0.080256039059077175 0.042362385931789308 3.6757441534973628e-10 0.0052013677596807915
decision_type=2 2 2 2 2 2 2 2 2 2 2 2 2 2 2 2 2 2 2 2 2 2 2 2 2 2 2 2 2 2
left_child=1 2 9 8 -3 6 -6 -8 -4 10 27 -12 20 14 16 29 19 18 -18 -14 21 -13 -23 24 -24 -25 -27 -1 -29 -15
right_child=-2 4 3 -5 5 -7 7 -9 -10 -11 11 12 13 15 -16 -17 17 -19 -20 -21 -22 22 23 25 -26 26 -28 28 -30 -31
leaf_value=0.065709706527360592 -0.090248572551137343 0.07846503504540614 0.10222638412979133 -0.012599532400765801 0.066216029399917817 0.098834629437124136 -0.094015005465906909 -0.35613906406435453 -0.13278510335201785 -0.10665345407853191 0.070932213093268054 0.030733645377615276 0.0062754835667550345 0.053410066446777038 0.056949843566268477 0.058299477941308409 -0.1706328498399694 -0.2017174353342461 0.0981001695087651 -0.13313176123882781 -0.078048525866413698 -0.15778335811882738 -0.1633242072022526 0.058900934558010709 0.059676923237051087 -0.13805307911204176 0.062939725640103958 -0.17549957001364319 -0.0061082179776535683 -0.21833306544759382
leaf_weight=9.1728659777436388 6.9597116546938187 14.816701659932734 0.98570471454877662 20.941727991739754 1.7423520311713216 3.4817220943514258 2.9048173971241322 1.2336146421730516 10.06868677807506 3.9285954240476704 21.173057620588224 109.34046349104028 7.8569449537899398 0.95546831301180946 4.6131993501912794 22.214391963148955 1.7091145660961031 7.9649405499803834 1.9340603383025152 4.3568765101954341 5.8715609314385793 4.6345024928450576 5.0624839318916184 22.039273854345087 3.1075935158878565 3.8291056674206621 3.3241742078680545 2.2887875586748114 279.92839772446314 1.6745975987287236
leaf_count=132 4688 67 9 917 8 13 58 13 2158 1563 101 558 58 11 25 136 107 449 9 51 402 122 66 45 8 59 23 122 2371 43
internal_value=-0.000224138 0.000850265 -0.000740295 -0.0468826 0.0376209 -0.0270172 -0.101528 -0.172151 -0.111829 0.00206128 0.00287783 0.0130106 0.00718423 -0.0186953 -0.0695118 0.0394655 -0.0940016 -0.147187 -0.02797 -0.0434534 0.015955 0.0196022 -0.00937886 0.0090294 -0.0785029 0.0335269 -0.0446505 -0.00517793 -0.00748199 -0.119612
internal_weight=590.115 583.156 558.977 31.9961 24.1792 9.36251 5.88078 4.13843 11.0544 526.98 523.052 231.662 210.489 53.2796 28.4351 24.8445 23.8219 11.6081 3.64317 12.2138 157.209 151.338 41.9971 37.3626 8.17008 29.1926 7.15328 291.39 282.217 2.63007
internal_count=14392 9704 9545 3084 159 92 79 71 2167 6461 4898 2273 2172 889 699 190 674 565 116 109 1283 881 323 201 74 127 82 2625 2493 54
is_linear=0
shrinkage=0.1


Tree=55
num_leaves=31
num_cat=0
split_feature=17 5 14 3 9 2 12 2 8 13 1 18 4 14 13 17 14 18 13 12 8 12 7 19 6 7 18 19 11 8
split_gain=5.04586 3.09732 7.27512 6.86658 6.78188 8.72063 5.96912 8.88803 6.05385 5.2815 9.98175 6.58227 5.64909 4.82943 3.88345 13.1055 9.16943 9.02029 6.08137 15.5594 10.0906 9.59164 13.7412 8.91053 6.86812 5.83758 6.65394 5.76499 5.25533 4.7492
threshold=0.12169300426136366 0.069741187201511332 0.0052135330624878415 0.13019782666382479 0.0058761968486639215 2.2662782568343774e-10 0.14006477594375613 9.2852898231670201e-10 1.1529229014202898e-11 1.202514708042145 0.57201107988377353 -0.15117192358328874 1.2098465836624331e-10 0.0050970898009836682 1.1952499151229861 0.07091175426136366 0.0038776068249717359 -0.082295550319196817 1.2368597388267519 0.13564120233058932 9.3241051611994192e-12 0.1295832768082619 0.019159291676206332 0.75421637296676647 2.8774918931356101e-11 0.018345682911323252 -0.063479231682404949 1.5545114874839785 4.3588302411912144e-10 1.1089389868552655e-11
decision_type=2 2 2 2 2 2 2 2 2 2 2 2 2 2 2 2 2 2 2 2 2 2 2 2 2 2 2 2 2 2
left_child=1 6 -3 4 5 -4 8 9 14 12 11 13 -8 -11 15 17 -17 -1 21 27 24 22 28 -24 -21 -18 -27 29 -16 -20
right_child=-2 2 3 -5 -6 -7 7 -9 -10 10 -12 -13 -14 -15 18 16 25 -19 19 20 -22 -23 23 -25 -26 26 -28 -29 -30 -31
leaf_value=-0.31696654438964406 -0.088304034169518375 0.061395040651074075 0.021893273789654492 0.076171396742991906 -0.10628662607155626 -0.12063070728957709 0.0051540671002503549 0.082900358328683768 -0.11470681628617721 0.043569518192290213 0.031042247697237901 -0.1333315318568852 -0.23571625907907784 -0.1381541314081732 0.077862849352022437 -0.11578392616578376 0.094614062151224018 -0.07836868460888588 0.00018959052412821216 -0.1577178916961251 -0.17257086047154246 0.080775438144424422 -0.1984998197335007 0.007124218452196184 0.077921468912492908 -0.1035236980268361 0.023647237955426385 0.060698737937406683 -0.015754055368828339 0.075933156347913103
leaf_weight=2.0131719214841723 6.429226324777118 26.885071075055748 26.601306397118609 8.8250268641859275 7.5991811875719568 5.1192996695172033 20.240612756868362 6.0524353533983222 4.4046427155844858 4.4269535187049796 7.3843921725638202 17.782072981441164 1.0228761610342179 2.1838483645697124 14.111757407430561 5.6699894573539487 8.2773239691741747 7.4409106625244004 286.77780126570724 1.8365422416245554 8.2821854932699335 26.445212745806202 4.8408299749717099 3.7322790026664734 3.7884926041588187 5.1547802761197081 20.38488138187677 17.980082280468196 10.427162664011119 8.5241160108707827
leaf_count=23 4688 115 210 71 402 110 541 28 296 84 42 4586 31 375 24 52 15 69 2004 51 135 86 43 12 12 35 77 70 44 61
internal_value=-0.000205137 0.000781266 0.0197252 -0.00354414 -0.0214357 -0.00110827 -0.00206609 -0.031908 0.00194092 -0.0450087 -0.0708214 -0.101658 -0.00643295 -0.0164621 0.00312019 -0.0234196 0.00190093 -0.129176 0.00647868 0.00112867 -0.102372 0.03587 5.95665e-06 -0.108982 0.000986543 0.0216328 -0.00202022 0.00572328 0.0380828 0.00237599
internal_weight=580.644 574.215 75.0299 48.1448 39.3198 31.7206 499.185 59.0932 440.092 53.0408 31.7773 24.3929 21.2635 6.6108 435.688 48.9411 39.487 9.45408 386.746 327.189 13.9072 59.5572 33.112 8.57311 5.62503 33.817 25.5397 313.282 24.5389 295.302
internal_count=14392 9704 908 793 722 320 8796 5687 3109 5659 5087 5045 572 459 2813 271 179 92 2542 2333 198 209 123 55 63 127 112 2135 68 2065
is_linear=0
shrinkage=0.1


Tree=56
num_leaves=31
num_cat=0
split_feature=17 8 13 12 6 8 8 12 14 6 2 14 6 1 8 8 8 18 9 13 6 14 19 12 5 10 8 17 15 3
split_gain=4.44675 3.01631 5.85516 7.10311 5.82184 8.84939 9.79149 4.18407 3.22104 28.4146 12.0968 6.09424 12.4346 11.9076 23.1944 8.07992 7.96765 6.99163 6.39813 7.048 9.97836 7.38824 11.8314 5.78254 5.4035 11.0833 7.68215 5.87102 6.90545 12.2014
threshold=0.12169300426136366 6.0794638877770121e-12 1.8274623751640322 0.11271032318472864 1.4921487497725678e-11 7.6141056825342996e-12 8.1303736301018128e-12 0.10928791016340257 0.00611410802230239 2.2139604864865418e-11 2.8247644765418009e-10 0.0057009391020983466 3.9438808407291111e-11 0.36895415511281043 8.6059352467117721e-12 1.1215978434069034e-11 8.2212470422049805e-12 -0.34182830772955303 0.0032553094203792679 1.7320613861083987 1.9040088269376235e-11 0.005819158162921668 0.17284093797206881 0.13384518027305606 0.022357741415647159 1.7426096796989443 9.3571912202034562e-12 0.063543146306818191 2.4132765247486535e-05 0.057532988715562762
decision_type=2 2 2 2 2 2 2 2 2 2 2 2 2 2 2 2 2 2 2 2 2 2 2 2 2 2 2 2 2 2
left_child=1 2 3 -1 5 7 -7 -3 11 -10 23 13 18 15 -15 16 -6 -16 19 20 -13 -22 -23 -11 25 27 -26 -18 -29 -30
right_child=-2 4 -4 -5 8 6 -8 -9 9 10 -12 12 -14 14 17 -17 24 -19 -20 -21 21 22 -24 -25 26 -27 -28 28 29 -31
leaf_value=0.084024348126650064 -0.086103337151109544 -0.491995689992484 -0.084249839777291183 -0.052608428570914245 -0.1508666849972452 0.077819735471658047 -0.16909593757197361 -0.15776942346138292 -0.18819973752871272 -0.38436437597825202 0.0092096380802187544 -0.16967929902974233 -0.059154444611586789 0.058026098094690885 0.11080417664984202 -0.14531150120223502 0.054592670389552747 -0.13258662022256471 0.080584103950163619 0.052958543993407374 0.081939368743766255 -0.18977309386458285 0.029548147309198542 -0.10203310568388069 0.041642117151220487 -0.16421261855497252 0.0019582283036493316 -0.0040291575506071955 0.06423648611417726 -0.17239020657116738
leaf_weight=17.094011198729284 5.9587160694645709 0.65921792387962141 3.5826627369970074 4.8942420445382586 3.2130806601489885 3.5319298372487538 2.9452891417604405 0.86739685561042279 8.7255483720218745 0.92874799505807359 84.418406910379417 3.7543547609820989 14.397485897003206 11.207593548111616 1.2514685392379785 3.5818630406283765 13.672353155910967 20.73631039483007 27.790298504580278 30.263221964240074 7.9884200850501683 3.710834536701439 7.2950213514268398 3.313919460575562 75.383279344881885 4.6313295108848243 138.23497915924236 57.626229583023814 3.247433285112491 6.6241530819097534
leaf_count=30 4688 8 19 122 187 36 102 56 241 14 1723 49 634 33 1 1003 34 570 267 74 19 42 22 2138 305 119 1168 582 12 94
internal_value=-0.00016847 0.000736919 0.0342966 0.053612 -0.000852252 -0.0855045 -0.0344565 -0.302094 0.000421333 -0.0160165 0.000928884 0.00410469 0.0264638 -0.00216672 -0.0590551 0.0040003 0.0057675 -0.118734 0.0417194 0.0213455 -0.0207104 0.00873442 -0.0444002 -0.163837 0.00744835 -0.0137484 0.0159622 -0.00516335 -0.0172675 -0.0945477
internal_weight=571.53 565.571 25.5709 21.9883 540 8.00383 6.47722 1.52661 531.996 97.3866 88.6611 434.61 95.1996 339.41 33.1954 306.215 302.633 21.9878 80.8022 53.0119 22.7486 18.9943 11.0059 4.24267 299.42 85.8015 213.618 81.1702 67.4978 9.87159
internal_count=14392 9704 171 152 9533 202 138 64 9331 4116 3875 5215 1107 4108 604 3504 2501 571 473 206 132 83 64 2152 2314 841 1473 722 688 106
is_linear=0
shrinkage=0.1


Tree=57
num_leaves=31
num_cat=0
split_feature=17 5 14 10 1 13 4 2 12 1 14 18 11 15 19 11 18 11 14 4 9 18 8 4 19 14 7 13 12 13
split_gain=3.90144 2.90895 4.85477 7.80546 8.46178 5.04988 4.80874 5.05999 8.52145 5.85907 4.8337 6.62023 4.23623 6.74927 4.57586 9.97895 5.73008 4.28031 6.75995 16.6847 11.848 6.47337 5.81461 5.20564 7.53986 5.06982 7.80225 10.4391 5.66988 5.13232
threshold=0.12169300426136366 0.074969179310941422 0.00546310585923493 2.2018435001373295 0.24887417213082513 1.2719610929489138 2.2200748707145682e-10 7.5456128606661576e-10 0.14876860380172732 0.57201107988377353 0.006735291564837099 0.11702870238911024 4.3439107866305457e-09 6.2748778873356073e-05 0.092359412461519255 4.7409889347704856e-09 -0.026135477787730368 4.0242649212984824e-09 0.0060732336714863786 8.1594930319619347e-11 0.0031321936149094295 0.0096128106286579931 8.0165471212769988e-12 1.5857400320239516e-10 1.2483432292938235 0.0057009391020983466 0.0062054307155453257 1.7355310916900637 0.1036028452217579 1.5584331750869753
decision_type=2 2 2 2 2 2 2 2 2 2 2 2 2 2 2 2 2 2 2 2 2 2 2 2 2 2 2 2 2 2
left_child=1 6 -3 -4 -5 -6 7 8 10 -10 12 -12 13 17 15 -14 -17 18 23 -20 21 -21 -23 25 -25 28 27 -27 -1 -28
right_child=-2 2 3 4 5 -7 -8 -9 9 -11 11 -13 14 -15 -16 16 -18 -19 19 20 -22 22 -24 24 -26 26 29 -29 -30 -31
leaf_value=-0.094281117576937967 -0.08363656659394457 0.04846995024639994 -0.12706236747397706 0.071121893310311809 -0.15962396824405731 -0.00015094328612934592 -0.13700219266138688 0.054823282845745641 -0.10306134801653835 0.01621267667813717 -0.12902602602110327 0.028762154564669535 0.044944651499296662 -0.11108667448555554 0.051843521111522808 -0.0094347131603731704 -0.19814091546888593 0.052666489687347398 -0.26183422757921276 -0.16917227331615858 0.050729979851592361 0.036567601339441279 -0.17869046524860832 -0.14872780329343202 0.018691487675238386 -0.17318984614668262 -0.060453290631916401 0.025911622098434881 0.00010717470918342367 0.059483635275102732
leaf_weight=6.513728675665333 5.5427757006837046 31.289273934205994 4.6809727380750727 11.7597537052352 3.177487400476819 5.2939627458108589 2.615156317013315 15.698543979786335 13.765111627726585 5.8768050577491513 6.5989932038355601 4.4535927193937823 11.376173377968373 5.5853016928303978 31.735134321963415 3.0014761686325082 3.4687425214797241 14.643809942586811 3.2875849751872037 5.6291332270484435 11.588272702880202 4.6232513721333817 1.7223818538477642 5.5239806084427965 5.243332352489233 4.0071251951158029 3.9015276277787043 7.6813446637243032 277.07231504333322 41.718292673234828
leaf_count=195 4688 170 254 154 61 108 114 84 4746 37 301 62 41 50 131 13 34 60 72 91 53 43 32 124 22 55 41 28 2398 130
internal_value=-0.000155983 0.000679946 0.0222448 -0.0106936 0.0162311 -0.0599664 -0.00175701 -0.00104208 -0.00287292 -0.0673749 -0.000114954 -0.0654459 0.00149566 -0.00193208 0.0290621 -0.0114488 -0.110602 -0.000381397 -0.0024337 -0.0507971 -0.0213526 -0.0911087 -0.0218594 0.00125902 -0.0672 0.00342133 0.0305495 -0.0423458 -0.00206084 0.0492263
internal_weight=559.075 553.533 56.2015 24.9122 20.2312 8.47145 497.331 494.716 479.017 19.6419 459.375 11.0526 448.323 398.741 49.5815 17.8464 6.47022 393.156 378.512 26.8506 23.563 11.9748 6.34563 351.662 10.7673 340.894 57.3083 11.6885 283.586 45.6198
internal_count=14392 9704 747 577 323 169 8957 8843 8759 4783 3976 363 3613 3394 219 88 47 3344 3284 291 219 166 75 2993 146 2847 254 83 2593 171
is_linear=0
shrinkage=0.1


Tree=58
num_leaves=31
num_cat=0
split_feature=17 1 11 8 18 18 2 11 3 13 12 19 9 8 18 6 3 5 0 9 3 5 17 14 12 13 1 5 14 19
split_gain=3.40697 2.94456 6.74636 6.11565 5.47501 7.32147 5.31614 15.9833 11.2525 7.03629 7.15121 6.26012 4.9738 12.2571 8.71514 4.48643 4.93402 5.30522 4.41567 6.22263 7.24817 4.08787 9.50914 4.97995 4.29147 8.15666 6.98297 6.66358 4.0113 3.52497
threshold=0.12169300426136366 0.14915419057450849 6.1219573854742758e-10 8.3269750362178193e-12 -0.15117192358328874 -0.0844139302657409 1.0434156116163538e-10 7.3548314660776281e-10 0.06735558422820706 1.34801721572876 0.14156157523393634 0.26626190543174749 0.0063646089125678285 8.6728184912210879e-12 0.067858548168177643 4.4794132053470411e-11 0.054984654076392574 0.074969179310941422 2.5981609942723273e-10 0.0065650366085416838 0.044085549061347255 0.013303238998307572 0.074196555397727279 0.003786639892496169 0.12542177736759189 1.2368597388267519 0.1411669030486353 0.053269893958036572 0.0043816096149384984 0.53170254826545726
decision_type=2 2 2 2 2 2 2 2 2 2 2 2 2 2 2 2 2 2 2 2 2 2 2 2 2 2 2 2 2 2
left_child=1 3 4 -1 -3 -6 9 8 -8 10 -4 -11 -5 -14 21 -12 -17 -18 19 -7 -21 22 -15 -23 -25 26 -26 -28 -10 -9
right_child=-2 2 6 12 5 18 7 29 28 11 15 -13 13 14 -16 16 17 -19 -20 20 -22 23 -24 24 25 -27 27 -29 -30 -31
leaf_value=-0.17020128667902748 -0.080901543746815324 0.045583342195656934 0.06994700029753681 0.072738418441993788 -0.25980990273918886 0.025149288324204617 0.064670216463166993 0.0061431118794021801 -0.21423881913835352 -0.37600733906524553 -0.16964939338772836 -0.019149015933344025 -0.30044796588864436 0.056676523566200947 -0.12533437591259236 0.075682322247001818 -0.29189550616013243 0.050292626599144408 -0.17647883047794666 0.069475337406205137 -0.19371343325113019 -0.2011781331851602 -0.18656611128417411 0.089817647256432043 0.04961011981997452 -0.16882981312230955 -0.2274055115271193 0.030661466240106947 -0.079128391139654405 -0.015208475813272946
leaf_weight=1.6861804728396226 5.1763898317003614 4.1561627864721258 28.077539164572954 15.654605572344733 2.0472180655924666 7.3845343772554717 2.7063078749342813 285.86663339388906 6.1827608817256969 0.73117492912569959 1.9792240857495915 1.5001269878121091 1.2483995173242863 3.7185572059825054 4.0749492901959448 3.5204966826422606 0.94192086049588375 0.87301142106298357 2.6148897187085813 1.4665143729653207 3.6526089239050634 0.87443191930651565 2.83053698472213 12.702946443110703 31.761338288721163 2.1012275469256556 1.8834652663208533 2.1344462203560397 3.4089485387667082 105.98809778425493
leaf_count=105 4688 29 73 80 44 99 22 3055 81 32 62 268 17 10 397 47 38 11 127 11 125 10 134 18 444 497 47 30 224 3567
internal_value=-0.000157001 0.000611644 -0.00245968 0.0182428 -0.0573994 -0.0823335 0.000191939 -0.00315505 -0.11541 0.0361454 0.0470038 -0.136088 0.0222657 0.00978936 0.0160279 -0.0410643 0.00663544 -0.127298 -0.0583012 -0.0335867 -0.118316 0.0259585 -0.0484536 0.035429 0.0395192 0.022652 0.0338973 -0.0903119 -0.16622 0.000367976
internal_weight=548.946 543.769 463.098 80.6711 21.3219 17.1658 441.776 404.153 12.298 37.6235 35.3922 2.2313 78.9849 63.3303 62.0819 7.31465 5.33543 1.81493 15.1185 12.5037 5.11912 58.0069 6.54909 51.4579 50.5834 37.8805 35.7792 4.01791 9.59171 391.855
internal_count=14392 9704 7915 1789 435 406 7480 6949 327 531 231 300 1684 1604 1587 158 96 49 362 235 136 1190 144 1046 1036 1018 521 77 305 6622
is_linear=0
shrinkage=0.1


Tree=59
num_leaves=31
num_cat=0
split_feature=12 4 14 1 3 3 18 5 14 12 19 11 7 12 9 11 15 8 4 1 13 12 19 13 13 17 9 14 7 0
split_gain=3.25295 7.82294 6.47642 6.8791 5.35242 4.51018 5.27698 4.3545 3.92563 3.77543 3.66421 6.2077 3.43163 4.60896 7.84546 5.7723 9.07368 4.80225 4.26673 3.29778 3.24306 7.14176 10.5522 5.22556 3.43924 12.5561 7.54663 6.59261 4.68304 4.31931
threshold=0.14833038300275805 6.4265093909815276e-11 0.011271963361650707 0.17546252854434383 0.095645814013127689 0.096176292484993084 -0.19624474327164615 0.067901919787979534 0.0052816958632320174 0.1607613489031792 0.35370719432830816 1.7072069313783802e-09 0.043404426743564567 0.13945068418979648 0.0062140577564233383 8.9372012568311742e-10 3.0267131478467494e-05 1.1529229014202898e-11 3.9725578240209671e-11 0.6499350275621335 2.0858417749404912 0.097589220851659789 0.038888627663254745 1.9135520458221438 1.1952499151229861 0.07091175426136366 0.0068489426324916929 0.0038776068249717359 0.018345682911323252 1.470079652036804e-10
decision_type=2 2 2 2 2 2 2 2 2 2 2 2 2 2 2 2 2 2 2 2 2 2 2 2 2 2 2 2 2 2
left_child=7 -2 3 9 -5 -6 -7 12 -9 -3 11 -10 13 17 15 -15 -17 20 -16 -19 21 22 -1 -24 25 26 -23 29 -29 -27
right_child=1 2 -4 4 5 6 -8 8 10 -11 -12 -13 -14 14 18 16 -18 19 -20 -21 -22 24 23 -25 -26 27 -28 28 -30 -31
leaf_value=-0.22694233663254787 -0.11128761532903729 0.038700931673124349 0.055456987899405223 -0.13064247667630233 0.11656958844768782 0.060233727390241187 -0.12115464859534027 0.057950133056884803 -0.14335276482559337 -0.10892586967749854 0.027186953765082379 0.043653435325144589 0.076746959281739219 -0.24224716462845591 -0.12781890687288075 0.04481356400517799 -0.15966058089483598 -0.14984843158871361 0.01963097655424215 0.1046481048327329 0.085647537405788982 -0.18352651882254833 -0.13895098171918516 0.032750214944664818 0.0069163795957163342 0.022266487037754565 0.038179115580877131 0.091110464112125672 -0.00065849725670900602 -0.16570980581605954
leaf_weight=3.3073235845658919 8.5456921329023299 13.088157831109127 12.140775592823045 8.3760107272537443 1.9173794377129505 2.4910790807334671 4.5032227379269933 25.420496601145715 3.9066053957212743 1.9966243894305069 16.623718810151331 3.2533311266452074 5.6420963481068602 2.4286603128421147 2.2460156643937834 3.9318329988163878 4.8438999245408922 3.2542192434193562 15.54596959997434 0.60360652208328236 4.5903915241360655 6.5478090383112413 2.4926594477146846 6.1350962147116661 339.75598439900205 1.8879308206960548 2.0055918116122484 7.2433259007521 23.939271302893758 3.4674925021827221
leaf_count=67 7922 201 474 505 9 56 595 97 42 412 97 24 12 116 369 29 182 282 209 1 15 82 70 20 2321 11 8 15 108 41
internal_value=-0.000135163 -0.0236528 -0.0068286 -0.0301878 -0.0732483 -0.019304 -0.0565517 0.00241624 0.0306288 0.019161 0.00142723 -0.0583809 -0.00073965 -0.00174647 -0.0402608 -0.105808 -0.0680491 0.00100944 0.00101727 -0.110029 0.00207669 0.00110986 -0.0750731 -0.0168563 0.00347248 -0.0224767 -0.131541 0.00305487 0.0206583 -0.0994431
internal_weight=542.132 53.0589 44.5132 32.3725 17.2877 8.91168 6.9943 489.073 49.2042 15.0848 23.7837 7.15994 439.869 434.227 28.9964 11.2044 8.77573 405.231 17.792 3.85783 401.373 396.782 11.9351 8.62776 384.847 45.0914 8.5534 36.538 31.1826 5.35542
internal_count=14392 10174 2252 1778 1165 660 651 4218 260 613 163 66 3958 3946 905 327 211 3041 578 283 2758 2743 157 90 2586 265 90 175 123 52
is_linear=0
shrinkage=0.1


Tree=60
num_leaves=31
num_cat=0
split_feature=8 19 2 8 9 19 6 2 19 5 1 6 14 18 6 12 1 4 19 18 0 7 3 11 11 2 14 4 4 19
split_gain=2.96206 7.0338 5.93983 9.52982 9.77646 5.50461 5.1486 5.6775 4.67461 5.28352 11.2705 4.44388 14.7282 6.63633 5.83783 5.59882 6.35527 5.08685 4.33983 4.70666 4.16531 3.91225 3.52241 8.18703 7.59768 4.56104 7.91027 5.26571 4.48766 4.97379
threshold=9.846275770178369e-12 1.1740625500679018 2.5015574194247784e-10 1.1089389868552655e-11 0.0054575284892394568 0.58631837368011486 9.7352428669753121e-11 2.1722866116579561e-10 0.89777761697769176 0.055266093048133534 0.17681626402652259 4.237064123922663e-11 0.0047518168576061734 -0.026135477787730368 2.0305297516677604e-11 0.14437683671712878 0.22568524783819954 9.818155120882976e-11 0.50038146972656261 -0.08028041063384575 7.0359844580169335e-10 0.024840519002399766 0.084906333069707948 7.4964742746708179e-10 4.8611775715912141e-10 1.7964394210285363e-10 0.0050581330433487901 5.1208540547268284e-11 6.2569439843931178e-11 0.30946846306324011
decision_type=2 2 2 2 2 2 2 2 2 2 2 2 2 2 2 2 2 2 2 2 2 2 2 2 2 2 2 2 2 2
left_child=1 8 3 4 6 -4 7 -2 22 10 -10 12 13 -6 -15 17 18 -13 -17 -20 -7 -16 -1 24 -24 -25 -27 -28 -29 -30
right_child=2 -3 5 -5 11 20 -8 -9 9 -11 -12 15 -14 14 21 16 -18 -19 19 -21 -22 -23 23 25 -26 26 27 28 29 -31
leaf_value=0.012143587397514075 -0.19091094027096223 0.050945341493447864 0.031503982175711515 -0.12216338716745145 0.038645754190318821 0.048774686003571453 0.079803888891209374 -0.05573389988623334 0.034355905250799026 0.044181881935710848 -0.22202418940879079 -0.025521394995439525 -0.17439105567703117 0.035433569244177718 -0.17061947944783129 -0.077114951542425453 -0.20827644168555381 0.07152798387781148 -0.1411692491893721 0.073634756497012885 -0.059859492150308093 0.032765707502405123 0.076748149406015265 0.049146054171657114 -0.16718130573457951 -0.12887339240598822 -0.1449639269121579 0.059213621304755097 -0.023596043166336705 0.020512416279479345
leaf_weight=180.40480608047801 5.4316664532670966 30.300725853216136 44.697513197199441 9.4783455044089333 17.020812926464714 4.6963847999868475 1.5441386301536102 7.2600114061497152 2.9629878078412712 3.0171838696696796 4.069789060857147 7.3635776154696968 5.806497493889764 3.4910244340426306 4.5634491124365013 5.213145651330704 1.7710313636343915 20.262578007299453 1.2053701357217503 6.6353655033162795 14.205384801054604 1.1930293558980336 1.6506782596406981 14.860872040473621 5.6387766118423315 5.3099591623758888 2.6025146461615796 11.161808484524952 69.357391327212099 40.48901236342499
leaf_count=1218 89 152 766 7460 157 124 7 91 23 42 76 43 232 76 134 130 41 56 49 72 1713 17 15 108 211 99 97 48 766 280
internal_value=-0.000145126 0.00476999 -0.0114376 -0.026852 -0.0166743 0.0123726 -0.092609 -0.113586 0.000673238 -0.0665167 -0.114008 -0.00216936 -0.0302618 0.00159731 -0.0665935 0.0190565 -0.0305191 0.0456601 -0.00640263 0.0406126 -0.032868 -0.128468 0.00271036 -0.00855454 -0.111944 -0.00331288 -0.0093599 -0.00422595 -0.0011991 -0.00733781
internal_weight=533.666 371.827 161.839 98.24 88.7617 63.5993 14.2358 12.6917 341.526 10.05 7.03278 74.5259 32.0748 26.2683 9.2475 42.4511 14.8249 27.6262 13.0539 7.84074 18.9018 5.75648 331.476 151.071 7.28945 143.782 128.921 123.611 121.008 109.846
internal_count=14392 3135 11257 8654 1194 2603 187 180 2983 141 99 1007 616 384 227 391 292 99 251 121 1837 151 2842 1624 226 1398 1290 1191 1094 1046
is_linear=0
shrinkage=0.1


Tree=61
num_leaves=31
num_cat=0
split_feature=8 7 5 8 13 3 5 8 5 13 12 17 19 8 14 14 6 4 9 6 3 5 5 12 1 6 14 17 14 13
split_gain=2.72544 3.19161 6.03226 5.309 7.75539 8.83044 6.36536 9.37944 4.23674 3.80414 7.21827 6.92139 5.89416 5.31335 5.09979 4.19055 8.98576 4.74609 4.73044 10.6898 3.95836 3.70764 3.54307 5.0665 10.4159 6.51505 3.52884 8.63035 4.71532 3.38643
threshold=5.7097980510391742e-12 0.0062054307155453257 0.027632620976785545 8.2212470422049805e-12 1.7940230965614321 0.11533860178348498 0.016373440615443536 7.7609765465034841e-12 0.016908077632375566 1.6989584565162661 0.1607613489031792 0.041348544034090919 0.69728875160217296 8.2212470422049805e-12 0.0055877629201859244 0.0062647839076817044 2.6613955642154718e-11 6.7492500067303033e-11 0.0022514906881425678 3.2727913761940577e-11 0.1479324893419591 0.0099640662633993186 0.090911428166448996 0.14491584151983264 0.17546252854434383 4.4794132053470411e-11 0.0055877629201859244 0.040371981534090919 0.0058922674506902703 1.1196660399436953
decision_type=2 2 2 2 2 2 2 2 2 2 2 2 2 2 2 2 2 2 2 2 2 2 2 2 2 2 2 2 2 2
left_child=-1 2 3 6 5 -5 7 -2 -6 10 11 13 14 -3 -11 -16 -17 -18 19 -19 21 -14 23 -13 25 -25 -8 -28 -29 -26
right_child=1 9 -4 4 8 -7 26 -9 -10 12 -12 22 20 -15 15 16 17 18 -20 -21 -22 -23 -24 24 29 -27 27 28 -30 -31
leaf_value=0.054396840128493634 -0.20582001589642154 0.025881118082605362 -0.12712155945069589 -0.1852057570379407 0.055986433996663733 0.080159462635237794 0.10818914346520325 0.042493620300440405 -0.081616048905299013 -0.11676440333347303 -0.10322394499352612 0.0024379885115470971 0.10047452103875527 -0.1308062328836069 0.058653753766600758 -0.17496885081851768 -0.094724772294967952 -0.16035659217306308 0.062928757341525296 0.042008210865413342 0.060093622061893427 -0.11679204103932417 0.041883808684212667 -0.11797085748216295 0.019646203740455 0.043443728316598512 0.043247280517462565 -0.0077880184890117988 -0.21912631214705214 -0.15067501401082423
leaf_weight=9.001882304903118 3.0677969213575116 3.1331034777685982 5.1183568517444646 6.2514379114727516 5.7795054700691235 1.5686499942094085 4.8040261864662197 3.0172732379287481 3.6511607856955379 2.3183415103703728 7.0207821520452844 309.8161133613612 0.89588149270275419 6.9984356476925313 35.884469694516156 2.42422523771529 3.1112970327958456 3.5861579361371687 21.65620479529025 9.593443747609852 2.3170683678472415 6.371244939888129 20.445931540802121 3.2041841546160894 1.3616704391315568 11.386514107929541 18.55329554062337 2.0785635747015467 2.145432913210243 8.1805268495227192
leaf_count=57 29 15 126 98 27 7 6 11 33 77 5922 2353 8 249 99 108 135 44 183 54 18 2902 145 716 21 177 56 10 42 664
internal_value=-0.000153111 -0.00110524 -0.0236371 -0.0132345 -0.0583441 -0.131976 0.00987974 -0.0826941 0.00271249 0.00164127 -0.00278984 -0.000855483 0.0203164 -0.0823518 0.029347 0.0337891 0.0116879 0.0236124 0.0341814 -0.0130551 -0.0537193 -0.0900077 0.00147436 -0.0009997 -0.0451325 0.00799635 0.0303036 0.0138766 -0.11513 -0.12637
internal_weight=524.743 515.741 56.0355 50.9171 17.2508 7.82009 33.6664 6.08507 9.43067 459.706 371.547 364.526 88.1583 10.1315 78.5741 76.2558 40.3713 37.9471 34.8358 13.1796 9.58419 7.26713 354.395 333.949 24.1329 14.5907 27.5813 22.7773 4.224 9.5422
internal_count=14392 14335 445 319 165 105 154 40 60 13890 10262 4340 3628 264 700 623 524 416 281 98 2928 2910 4076 3931 1578 893 114 108 52 685
is_linear=0
shrinkage=0.1


Tree=62
num_leaves=31
num_cat=0
split_feature=18 18 17 18 5 6 8 1 10 18 19 10 17 19 19 9 4 5 5 13 3 4 12 8 10 0 2 12 17 1
split_gain=2.76579 5.99597 4.99388 7.89729 5.86469 7.07163 5.46428 5.24612 11.3301 6.08349 6.77403 4.63558 4.63612 4.10881 9.4336 3.84212 3.33587 3.078 2.98889 3.40188 2.77257 11.0582 7.10306 4.9709 3.26469 7.96986 4.51046 4.97428 4.20673 3.86041
threshold=0.045906502584164802 0.055926077906571503 0.069313742897727279 0.075150274978527304 0.012941330566254751 4.2021665346087256e-11 9.4770724683713671e-12 0.17681626402652259 1.8753685355186465 0.1049565622392534 0.52409365773201 2.1353566646575932 0.042280717329545463 0.078246816992759718 -0.026175710372626778 0.0022514906881425678 8.3005745215418368e-11 0.026406495529566688 0.071359364527727259 1.9055643081665041 0.048617660168789899 2.039518218062806e-11 0.1163834221661091 8.6728184912210879e-12 1.4807019829750063 1.8174549077673072e-10 7.4356988537139316e-11 0.13564120233058932 0.077392578125000014 0.14915419057450849
decision_type=2 2 2 2 2 2 2 2 2 2 2 2 2 2 2 2 2 2 2 2 2 2 2 2 2 2 2 2 2 2
left_child=20 18 7 -4 -5 -6 -7 -3 -9 10 11 16 15 14 -11 -13 -10 -16 19 -2 23 22 -22 -1 28 26 -26 -28 -23 -27
right_child=1 2 3 4 5 6 -8 8 9 13 -12 12 -14 -15 17 -17 -18 -19 -20 -21 21 24 -24 -25 25 29 27 -29 -30 -31
leaf_value=-0.34279876944966386 -0.15487755176593049 0.081678840929794688 0.036071779625408473 0.048468045085282296 -0.17281535409803586 0.035250633233233374 -0.11018585135020575 -0.19718461902145265 -0.032023335343242143 0.031857788867383878 -0.17625168843463357 -0.11150479598297849 -0.14902778810588976 0.035034964962909323 -0.2703242750267652 0.025332032031786873 0.076447910593098412 -0.069933218603342992 0.050336915435532474 0.039818975714481786 0.10823508593105149 -0.098069044429360708 -0.18452438263204662 0.042498028127132437 0.053632893696006823 0.039898686314059281 -0.55454167916322405 -0.16181926634274579 0.082057392787713512 0.00076508145300040664
leaf_weight=0.33964966755593451 5.5732468555506776 7.9638994862325481 8.9245581106806657 3.2045908464933772 7.4572055887838387 4.6610916109639202 5.795425055664964 2.9078542427741914 5.0401351188775205 6.4511007771361619 3.0106104369624509 3.0483920556725916 3.917986170272342 46.150423209386645 1.7086837014649048 6.2774190899217501 6.4806947531178594 1.3900762442499397 1.16167768149171 1.0696790961665099 0.99970602989196677 1.4997301539406169 4.8463276037218748 23.671825261844788 0.75374858503346276 27.419911250704899 0.38831939175725017 1.9034308350819626 9.5703173652582318 312.45106436005153
leaf_count=23 303 17 410 205 1125 32 3710 53 38 53 56 34 118 331 29 64 21 34 17 22 1 10 297 1402 150 522 6 392 167 4750
internal_value=-0.000149094 -0.012624 -0.0072894 -0.0427969 -0.0761267 -0.0984155 -0.0453562 0.0040172 -0.00314262 0.0036168 -0.0346125 -0.0173936 -0.0577462 0.02268 -0.037026 -0.0193968 0.0289939 -0.180431 -0.0976478 -0.123526 0.00414724 0.0019518 -0.134461 0.0370479 0.00420463 0.00247916 -0.15857 -0.228363 0.0576545 0.00392228
internal_weight=516.039 132.195 124.39 30.0429 21.1183 17.9137 10.4565 94.3473 86.3834 83.4755 27.7752 24.7646 13.2438 55.7003 9.54986 9.32581 11.5208 3.09876 7.8046 6.64293 383.844 359.833 5.84603 24.0115 353.987 342.916 3.0455 2.29175 11.07 339.871
internal_count=14392 6672 6330 5482 5072 4867 3742 848 831 778 331 275 216 447 116 98 59 63 342 325 7720 6295 298 1425 5997 5820 548 398 177 5272
is_linear=0
shrinkage=0.1


Tree=63
num_leaves=31
num_cat=0
split_feature=8 19 2 8 1 11 1 3 19 12 19 3 15 15 18 8 1 19 10 7 2 12 2 13 8 8 4 6 6 14
split_gain=2.40097 5.32469 4.42963 8.33946 7.88494 4.93112 8.27402 5.59804 4.16434 4.65615 3.89417 6.02715 3.79014 9.20738 4.43141 3.79667 5.15862 4.09956 3.76574 10.2801 4.944 3.73234 4.47736 3.66761 3.45198 6.5203 3.41935 3.08043 2.9961 12.1428
threshold=9.8799198469802621e-12 1.1740625500679018 2.5015574194247784e-10 1.1089389868552655e-11 0.31593535096539849 1.5412958132010603e-09 0.28671810887333321 0.10050949843061237 0.89777761697769176 0.12209840863943101 1.0239222645759585 0.13190669500020905 3.0399756724364128e-05 2.9367821298365019e-05 0.067858548168177643 1.0484422787015421e-11 0.11601111973245444 0.27159394323825842 2.205626487731934 0.0067527390946936815 3.0092807112984274e-10 0.1362835839390755 1.5648387646041584e-10 1.2719610929489138 1.010860608363902e-11 1.0157775576389687e-11 5.6961798640528187e-11 4.237064123922663e-11 2.4957024092952116e-11 0.0062843735795468101
decision_type=2 2 2 2 2 2 2 2 2 2 2 2 2 2 2 2 2 2 2 2 2 2 2 2 2 2 2 2 2 2
left_child=1 8 3 4 5 6 7 12 28 -10 18 -12 13 14 15 17 -17 24 -4 -20 -21 -3 -23 -11 -2 -26 -6 -14 29 -1
right_child=2 21 10 -5 26 -7 -8 -9 9 23 11 -13 27 -15 -16 16 -18 -19 19 20 -22 22 -24 -25 25 -27 -28 -29 -30 -31
leaf_value=-0.0012695039364737503 -0.20370644807648391 0.05921724298343644 0.07256257693892422 -0.12371603607103293 0.03128536116289226 0.077052486843780188 -0.17613812296779524 -0.17464007177495755 -0.25989329263530891 -0.0089321932457380997 -0.14355334377712731 0.028688970523668308 -0.037491989907216382 -0.24910015912743255 -0.15254702912852292 0.066987308606340126 -0.12903534414310833 0.034356341823447038 -0.23364391724301498 -0.12471001423855275 0.02674795772413488 0.054225104976034139 -0.15805325171950746 -0.17871390296959414 0.098363047467046827 -0.18693258816120537 -0.14065763774791767 0.047444978888793454 0.010660291111601257 -0.1279628930403755
leaf_weight=126.37442531678244 1.350872440496462 25.352573271840814 11.036415478505658 7.8011488237825679 1.4058203874155868 6.6300982104439745 2.9834969495423129 1.9034519256965712 1.077491683885454 7.083731678518232 3.8888958945753966 4.2537469558301382 5.4390714809414957 1.6907137633534137 2.0541158905398325 1.9184132171503723 4.4721950609819032 21.425091664394131 1.7061279644258309 2.2971488256298462 34.886203935340745 2.1298064181173681 1.8624834516667759 1.5508981446764663 2.0275108279893179 1.3243369215051641 6.5235420526005328 19.864017920335755 189.74004521402821 8.046749699424252
leaf_count=1174 33 75 140 7460 16 21 39 103 16 80 1526 84 37 39 136 105 167 191 54 183 592 27 56 49 8 42 115 109 1495 220
internal_value=-0.000138022 0.00422479 -0.0109266 -0.0249686 -0.0154597 -0.00518348 -0.0133882 -0.00573791 0.000635249 -0.0638865 0.0105502 -0.0535733 -0.00051595 -0.0212417 -0.0100986 -0.00110046 -0.0701908 0.0157984 0.0210084 0.00637784 0.017391 0.045065 -0.044807 -0.0394273 -0.0687498 -0.0143591 -0.110173 0.0291872 0.00256837 -0.00885365
internal_weight=510.101 363.218 146.882 88.8139 81.0127 73.0834 66.4533 63.4698 333.873 9.71212 58.0685 8.14264 61.5663 36.2632 34.5725 32.5184 6.39061 26.1278 49.9259 38.8895 37.1834 29.3449 3.99229 8.63463 4.70272 3.35185 7.92936 25.3031 324.161 134.421
internal_count=14392 3192 11200 8621 1161 1030 1009 970 3034 145 2579 1610 867 721 682 546 272 274 969 829 775 158 83 129 83 50 131 146 2889 1394
is_linear=0
shrinkage=0.1


Tree=64
num_leaves=31
num_cat=0
split_feature=8 8 2 12 12 13 12 1 7 14 12 13 13 13 14 17 8 4 11 3 9 18 9 13 17 5 8 5 4 10
split_gain=2.47488 4.89237 11.9611 10.8828 5.41427 4.66205 11.2345 3.51509 3.8568 6.34815 6.21491 4.87377 6.81313 4.7173 9.20464 7.40114 7.74674 7.01201 6.94043 5.32189 5.62425 6.21018 4.93311 4.29116 6.06408 4.00853 3.43117 3.30928 9.02948 6.39472
threshold=6.2302158620525984e-12 7.1377283538780057e-12 2.9247418551509664e-10 0.10847007483243944 0.10928791016340257 1.8274623751640322 0.11732418835163118 0.6499350275621335 0.0062054307155453257 0.0061554978601634511 0.099847946316003813 1.7706168889999392 1.6923885941505434 1.6793565750122073 0.0064457589760422715 0.045077237215909095 1.1215978434069034e-11 1.1761077986859996e-10 2.9048092820005426e-09 0.10205771448958703 0.019117990859369941 -0.21008228337053544 0.0021681899383230443 1.5584331750869753 0.049693714488636374 0.12466802045118115 7.4597760828692908e-12 0.022357741415647159 3.2890763532489199e-11 1.7426096796989443
decision_type=2 2 2 2 2 2 2 2 2 2 2 2 2 2 2 2 2 2 2 2 2 2 2 2 2 2 2 2 2 2
left_child=5 2 4 -4 -2 6 -1 8 9 11 -10 12 -3 15 22 17 23 18 -12 -16 21 -21 -15 24 -17 -18 -11 28 29 -26
right_child=1 7 3 -5 -6 -7 -8 -9 10 26 13 -13 -14 14 19 16 25 -19 -20 20 -22 -23 -24 -25 27 -27 -28 -29 -30 -31
leaf_value=0.072568994620736446 -0.4538343149695776 -0.0017938958862023049 0.035801005654975369 -0.14846589224437928 -0.15305132999995977 -0.049525550673763408 -0.13337529064809661 0.059100996882122336 -0.13355058092531744 0.039982645510442998 -0.14250463262040067 0.028360741500904008 -0.15969220583627666 -0.1078641672755581 -0.12046665763189607 -0.10703578240711252 -0.11977904549255436 -0.14787192414603428 0.019459449817686464 0.084717805791673872 0.05726158404232265 -0.093316454539868657 0.064301807388674651 0.048684749989119661 -0.0018954226108107504 0.096826832957915457 -0.15141190913206745 0.0095434026453258599 -0.18359261868018123 -0.15252303311054335
leaf_weight=21.415521806105978 0.79175497964024844 7.5711572226136941 11.453424945473669 4.4505827254033639 2.451303573398036 6.2762200096622101 3.0226869441539739 9.8940501529723388 3.3810701274196608 1.1206007637083519 3.5316171068698194 14.002944653388111 4.2760905411560088 1.7397220246493805 4.415121452300812 5.0995080014690748 7.2464227391756122 6.3321628999547093 10.547622542129828 2.6033385950722732 9.3666731112461985 7.9196044519776496 38.378775470831897 20.223742327158106 72.924127931415569 0.96856374165508885 5.7063980664534029 209.5780267597147 3.0359492233255869 2.9317735421645912
leaf_count=49 9 63 43 124 166 33 146 47 138 7 91 53 50 11 2703 92 6082 188 60 16 163 308 499 150 828 24 146 1910 82 111
internal_value=-0.00015263 -0.00194269 -0.0514552 -0.0157643 -0.226484 0.0273525 0.0470964 0.000151014 -0.00116588 -0.0342293 0.00146785 -0.0115785 -0.058785 0.00258993 0.0274151 -0.00208071 0.00162075 -0.0604745 -0.0211674 -0.0211483 0.000898472 -0.0492714 0.0568359 0.00413037 0.00106106 -0.0942408 -0.119996 0.00297197 -0.0144852 -0.00771707
internal_weight=502.657 471.942 19.1471 15.904 3.24306 30.7144 24.4382 452.795 442.901 32.6772 410.224 25.8502 11.8472 406.843 64.4232 342.42 322.008 20.4114 14.0792 24.3047 19.8896 10.5229 40.1185 313.793 293.569 8.21499 6.827 288.47 78.8919 75.8559
internal_count=14392 14164 342 167 175 228 195 13822 13775 319 13456 166 113 13318 3700 9618 9279 339 151 3190 487 324 510 3173 3023 6106 153 2931 1021 939
is_linear=0
shrinkage=0.1


Tree=65
num_leaves=31
num_cat=0
split_feature=18 18 13 1 5 17 0 10 15 17 14 0 8 5 1 4 14 18 0 14 14 18 18 8 1 3 4 12 8 19
split_gain=2.28751 5.1876 4.13544 5.82093 5.03563 4.54114 4.36069 4.58491 8.31418 4.5187 4.5342 8.93974 4.29003 3.48509 2.90271 6.94113 3.27327 10.3911 7.01344 5.51596 5.3443 2.50844 4.32008 3.81552 4.78673 2.67661 8.5126 5.99981 3.79678 2.86232
threshold=0.045906502584164802 0.055926077906571503 1.2091636657714846 0.14012996861754842 0.024015375975224483 0.076948686079545456 1.8450686535743062e-10 1.5188114047050478 2.6517353035160344e-05 0.032470703125000007 0.0064281583763659009 3.1960003965058781e-09 9.1833058006451601e-12 0.014477361674758667 0.16703392572665096 4.1229083059424032e-11 0.0051796915940940389 0.065638032149184844 1.6800032037870992e-09 0.0057426660787314185 0.0054820200894027957 0.040253978413106371 0.038673853840340271 9.2472085028379433e-12 0.57201107988377353 0.048617660168789899 2.039518218062806e-11 0.1163834221661091 8.6728184912210879e-12 -0.076922994107007966
decision_type=2 2 2 2 2 2 2 2 2 2 2 2 2 2 2 2 2 2 2 2 2 2 2 2 2 2 2 2 2 2
left_child=21 -2 3 4 -3 -5 -4 -8 -9 -10 13 -12 -7 -11 -15 -16 -17 -18 19 20 -19 22 25 -23 -25 28 27 -27 -1 -30
right_child=1 2 6 5 -6 12 7 8 9 10 11 -13 -14 14 15 16 17 18 -20 -21 -22 23 -24 24 -26 26 -28 -29 29 -31
leaf_value=-0.28116696277663783 -0.094309665130425518 -0.11176235920867326 -0.17017268879259273 -0.083387490997474778 0.081076051419237835 -0.50310063537063798 0.077413192444058546 -0.15285522834091506 -0.23415181256064754 -0.14659771671377975 -0.13553319096354741 0.034134517941158272 -0.13480799860747825 0.10801207200550272 -0.16204553234699889 0.051863422705239297 -0.20964054252571229 -0.1144432407147791 0.035867975250776181 -0.17691497232872488 0.041494523965802554 0.073443469925672786 -0.15953110590070235 -0.16296861668235538 0.090919772550455649 0.1074137237274238 0.0026683552657973822 -0.17445392527531256 -0.31415881663104123 0.045028475565154859
leaf_weight=0.37092318036593752 7.2018875851790645 2.0936410139256605 1.4865152875863703 5.7462994747329503 3.833847207512008 0.54822804260766111 7.5335054943425339 3.5926796228013691 0.80128751520533015 1.3376004296005692 6.2839675827563024 6.139561112417141 0.74756422714563087 3.2963027275691266 2.219672109509701 19.929674698971212 2.1784816503932225 3.4713301154843048 35.965830823610304 2.7366384290362467 5.9906530788284726 10.783720977575284 1.6448612163367204 1.7237036079313832 1.3046646267175672 0.91381329298019309 326.46234938703856 4.350037248848821 0.2241099925886435 22.083433921448883
leaf_count=23 342 43 745 73 71 12 85 840 14 168 3148 84 39 21 354 134 40 76 185 145 53 50 57 172 6 1 5785 278 3 1345
internal_value=-0.000152242 -0.0119578 -0.00684206 -0.0600573 0.0129638 -0.121521 -0.000138932 0.00235185 -0.00366745 0.0022648 0.00438024 -0.0516854 -0.290626 0.0134113 0.0162353 0.0120622 0.0175616 0.00398229 0.0136445 -0.0518783 -0.0157146 0.0037781 0.00215608 0.0455908 -0.0535898 0.0029065 0.000634236 -0.125521 0.0361438 0.0414199
internal_weight=492.997 123.135 115.933 12.9696 5.92749 7.04209 102.964 101.477 93.9437 90.351 89.5497 12.4235 1.29579 77.1262 75.7886 72.4923 70.2726 50.3429 48.1645 12.1986 9.46198 369.862 356.05 13.8121 3.02837 354.405 331.726 5.26385 22.6785 22.3075
internal_count=14392 6672 6330 238 114 124 6092 5347 5262 4422 4408 3232 51 1176 1008 987 633 499 459 274 129 7720 7492 228 178 7435 6064 279 1371 1348
is_linear=0
shrinkage=0.1


Tree=66
num_leaves=31
num_cat=0
split_feature=8 2 19 14 8 10 8 12 13 12 5 12 8 7 5 3 19 17 11 15 6 1 5 12 9 14 14 8 18 0
split_gain=2.16153 2.20003 5.99164 4.85424 4.49055 3.29587 5.0362 2.82115 2.80195 4.25756 3.27097 3.4746 7.81065 8.17462 2.86885 4.42768 3.89576 4.8517 3.10518 6.61997 4.35826 3.37318 5.04698 5.96662 3.29282 8.34656 7.45469 9.51184 8.85876 7.38436
threshold=5.7097980510391742e-12 7.5456128606661576e-10 0.30946846306324011 0.006735291564837099 2.1863196251666841e-11 2.5391123294830327 6.0794638877770121e-12 0.1607613489031792 1.0725304484367373 0.15205423533916476 0.090911428166448996 0.14491584151983264 9.9930193779677607e-12 0.029145248437072838 0.067901919787979534 0.08005593175988808 0.390961304306984 0.053866299715909095 4.3439107866305457e-09 6.2748778873356073e-05 2.639228530951785e-11 0.57201107988377353 0.027173310335358736 0.10759640112519266 0.0033342596283908389 0.0057009391020983466 0.0060732336714863786 8.5235803052660843e-12 0.10968045276372737 1.3901682282439389e-09
decision_type=2 2 2 2 2 2 2 2 2 2 2 2 2 2 2 2 2 2 2 2 2 2 2 2 2 2 2 2 2 2
left_child=-1 3 -3 7 -4 6 -5 8 -2 10 11 14 13 -13 18 -16 17 -17 19 24 -21 -20 -23 -24 26 29 27 -10 -29 -26
right_child=1 2 4 5 -6 -7 -8 -9 9 -11 -12 12 -14 -15 15 16 -18 -19 21 20 -22 22 23 -25 25 -27 -28 28 -30 -31
leaf_value=0.05103045940478599 0.074472653258728469 0.090858852893520511 -0.15060756948918641 0.064549688958292231 0.028524011100500665 0.00072281837321624617 -0.10508321401044117 -0.10504576948708177 0.02012720107593172 -0.069794529534334293 0.050388497138526771 -0.15455950335229379 -0.16515076798069753 0.045941988801775246 0.076861773028296873 0.049408617317050325 0.026697015568739071 -0.16333537070291781 0.074076003097124241 -0.23362820123384434 -0.037259926367678366 0.026443135242698458 -0.17067197866647904 0.038830187611966722 -0.0012388907759284997 0.05233875986959894 -0.079277397642849551 -0.14678795236782505 0.039370146789995793 -0.12470514996968596
leaf_weight=8.1165238293760904 5.0852162167429915 8.5630486551672202 2.2650248669087878 2.0687536611221757 3.6620124964974821 8.4593722494610102 11.365284411658648 2.5387256598623926 39.716877685859799 8.6136623807833512 13.112478130497037 2.6975061335760975 4.1044222757045636 8.2601046162890253 12.426447466015818 1.7468682122416819 12.9301865035668 2.7745742117986083 10.351571627892552 2.0166507598478338 2.5713747350964695 26.725692007690668 3.0932237035594872 2.4252751730382442 217.759314487339 29.834204787679482 17.086412843258586 7.5217027397593466 3.8722998822340742 4.9543447170872232
leaf_count=57 26 47 30 8 35 830 5977 2418 198 850 62 258 463 58 44 15 71 31 68 27 21 106 44 10 1832 165 236 178 31 196
internal_value=-0.000142862 -0.0010107 0.0373603 -0.00220868 -0.0399314 -0.048172 -0.0789609 6.68687e-05 0.000673792 -0.000189732 0.00121773 -0.000343906 -0.0474895 -0.00341676 0.00144115 0.0312417 -0.0012422 -0.0811413 -0.000978831 -0.00430298 -0.123573 0.02441 0.00846535 -0.0785998 -0.00259691 0.0026683 -0.022095 -0.00297887 -0.0835213 -0.00398544
internal_weight=486.719 478.603 14.4901 464.113 5.92704 21.8934 13.434 442.219 439.68 434.595 425.982 412.869 15.062 10.9576 397.807 29.8781 17.4516 4.52144 367.929 325.333 4.58803 42.5958 32.2442 5.5185 320.745 252.548 68.1973 51.1109 11.394 222.714
internal_count=14392 14335 112 14223 65 6815 5985 7408 4990 4964 4114 4052 779 316 3273 161 117 46 3112 2884 48 228 160 54 2836 2193 643 407 209 2028
is_linear=0
shrinkage=0.1


Tree=67
num_leaves=31
num_cat=0
split_feature=3 11 8 15 13 15 18 0 4 1 8 19 19 17 6 12 4 11 10 10 1 3 14 14 2 19 11 13 17 8
split_gain=1.93348 3.81672 2.90558 2.21562 4.31234 3.69558 3.14173 2.67139 2.18904 8.6041 5.52633 3.79744 9.8246 6.24273 2.68334 8.96783 3.11196 8.39136 2.56988 8.30965 5.87157 3.60244 2.85565 2.77696 7.56802 10.8665 6.43368 12.2242 6.25538 11.0885
threshold=0.043339791514058049 3.6757441534973628e-10 8.7914993937432276e-12 1.9679460820043463e-05 1.1842007637023928 2.0102100279473237e-05 -0.225471961163831 1.5431596503317794e-10 2.8078124603818306e-11 0.19212008935602046 9.6988449747040123e-12 1.0000000180025095e-35 0.2267270311713219 0.079745205965909102 2.5140702881862322e-11 0.1295832768082619 2.1272632253504972e-11 4.3588302411912144e-10 1.5384795665740969 1.6014383435249331 0.13685749355510543 0.067780952575158607 0.0039911910425871619 0.0047063510864973077 1.7529123259748557e-10 2.5067653656005864 8.7364904199915837e-10 1.2719610929489138 0.071932705965909102 9.5451373453163123e-12
decision_type=2 2 2 2 2 2 2 2 2 2 2 2 2 2 2 2 2 2 2 2 2 2 2 2 2 2 2 2 2 2
left_child=2 -2 -1 4 6 7 -3 -5 9 10 11 -7 13 -13 16 -16 17 -14 -10 20 21 -20 -21 24 26 -26 27 28 29 -24
right_child=1 3 -4 5 -6 8 -8 -9 18 -11 -12 12 14 -15 15 -17 -18 -19 19 22 -22 -23 23 -25 25 -27 -28 -29 -30 -31
leaf_value=-0.2292647356500328 -0.13753972048315752 0.10531026047733223 0.048586006588861801 0.034396195818767759 0.077294473607428679 0.085329827193435986 -0.14953424798465528 -0.17521100863384556 0.060889843950906943 -0.14857258989362987 -0.15404236231032895 -0.19478687384051871 0.084879004997504129 0.053915356375804628 -0.13302475389017696 0.077331131309501255 0.080184354817647296 -0.26480134833053276 0.057113966206375225 -0.17921727013554903 -0.24048551160718548 -0.1775789844047076 -0.16924907700838121 -0.0017246468292720443 -0.15221854660767864 0.094544090390746238 0.079787817417688256 -0.15962535959327889 0.052327856996794868 0.031771201022806617
leaf_weight=0.38901003618957375 2.0427892088919171 0.68095022439956698 11.579347461563883 0.86127758974907864 8.4939807946066122 5.0019150865409783 1.670391692809061 2.067866101526306 7.0931844640581394 4.8300414408004135 2.3327497212667359 3.9455268024466958 1.9734671597834705 1.3562172185338566 3.8705401038750988 4.2541587317246012 9.203389770962529 1.0521369890338972 1.8093123646394809 0.86952373199164767 2.391982777917292 1.0242844109016003 4.0183662241324773 327.25920626791776 5.4392496797372569 2.6559430577326566 19.226684895082144 3.8529915173276086 28.818784467293881 8.6530940765514952
leaf_count=18 518 1 1236 89 224 30 60 78 65 667 977 43 12 57 34 12 56 55 40 11 56 50 44 9553 106 9 60 61 127 43
internal_value=-0.000132618 -0.00115028 0.039555 -0.000550734 0.0441175 -0.00161811 -0.0757311 -0.113579 -0.000890842 -0.0239182 -0.0056677 0.00562229 -0.0099179 -0.131167 0.0216652 -0.0228807 0.0512607 -0.0367204 0.00121729 0.000174812 -0.125114 -0.0277225 0.00180833 0.00220192 0.0198859 -0.0712585 0.0313127 0.010758 0.0265807 -0.0319762
internal_weight=478.718 466.75 11.9684 464.707 10.8453 453.862 2.35134 2.92914 450.933 37.8201 32.9901 30.6574 25.6554 5.30174 20.3537 8.1247 12.229 3.0256 413.113 406.019 5.22558 2.8336 400.794 399.924 72.6651 8.09519 64.5699 45.3432 41.4902 12.6715
internal_count=14392 13138 1254 12620 285 12335 61 167 12168 1943 1276 299 269 100 169 46 123 67 10225 10160 146 90 10014 10003 450 115 335 275 214 87
is_linear=0
shrinkage=0.1


Tree=68
num_leaves=31
num_cat=0
split_feature=2 12 18 4 19 5 18 1 4 7 12 1 7 5 14 17 1 5 6 19 6 4 5 19 12 3 10 12 7 7
split_gain=1.90125 4.1712 3.5501 3.87873 3.47212 3.17009 3.14822 2.98655 2.87842 2.58966 5.87655 3.55111 2.65097 2.5746 2.72584 3.19634 2.52629 5.42041 2.45053 2.31745 2.30364 3.86978 2.88626 2.87206 8.01973 5.46407 5.86894 3.98386 3.39254 2.69981
threshold=9.2852898231670201e-10 0.15205423533916476 -0.044270477786829521 6.4265093909815276e-11 0.30946846306324011 0.090911428166448996 -0.19624474327164615 0.23427762439137764 2.2200748707145682e-10 0.043404426743564567 0.14618461579084399 0.16450912546417165 0.039575706307761319 0.067901919787979534 0.0049542102497071036 0.068781072443181837 0.57201107988377353 0.080256039059077175 4.780921720360636e-11 0.76489853858947765 7.3178540262143382e-11 1.5078779344838947e-10 0.065040697231269803 1.454023063182831 0.12273795902729036 0.13634923234734533 2.5895262956619267 0.1362835839390755 0.024682477703536512 0.031514848167581273
decision_type=2 2 2 2 2 2 2 2 2 2 2 2 2 2 2 2 2 2 2 2 2 2 2 2 2 2 2 2 2 2
left_child=1 5 6 -4 -2 8 19 -7 9 10 12 18 13 20 -15 -16 17 -5 -12 -3 22 -22 23 25 28 -1 -27 -26 -25 -29
right_child=4 2 3 16 -6 7 -8 -9 -10 -11 11 -13 -14 14 15 -17 -18 -19 -20 -21 21 -23 -24 24 27 26 -28 29 -30 -31
leaf_value=0.0010032560140379129 0.10165259524837673 0.072073431754245118 -0.11342892092231947 -0.1279492277230462 -0.021327272024896232 0.095142283325517565 -0.11465397439658219 0.00047985792796192289 -0.11432162972076459 0.066708524658481927 -0.11392796274023331 -0.13096018529279449 -0.09726398017114668 0.090998065535757428 0.032066575813460459 -0.065194757404547818 0.084003670146146778 0.039273530238353553 0.068108730583996621 -0.11570713286889259 -0.14686456014679336 0.019419610707498133 -0.10775860538220999 -0.18831889223518361 0.078136045159183418 -0.12691782377741143 0.11081563100103418 -0.14995819174177208 0.055837314283523704 0.083539547036172446
leaf_weight=338.07762553202338 4.9676341190934163 1.8886465973919269 2.8815825185447475 2.8393205640604702 4.2683470477350056 6.8864055052399618 8.144966837266109 6.4586602775380015 2.1976169360568738 5.8125656649353905 1.1634923112869713 5.4666622002259828 2.7143835574388495 5.9258226081728962 19.355237464886162 4.0934828834142527 3.7483251281082621 6.108944998588413 2.0293293542345054 1.0079760616790734 2.8087752505671224 2.7894334960728884 2.4408577880822113 2.0309666366665655 16.225157270790081 6.0750172065454526 1.2525371313095091 1.3859929352474858 0.7906523048877715 0.77045126724988211
leaf_count=3034 30 104 6030 950 26 25 2004 41 114 22 296 365 21 25 86 35 12 186 23 400 34 15 32 72 111 160 1 131 3 4
internal_value=-0.00010719 -0.00100265 -0.0394336 -0.00868849 0.0448183 0.00133969 -0.0828107 0.0493282 -0.000172823 0.000422738 -0.000504788 -0.0820204 0.00123069 0.00189242 0.0304012 0.0150875 0.0150831 -0.0137869 0.00177296 0.00672895 -0.000342834 -0.0640097 0.000622947 0.00134454 0.0370684 -0.000848421 -0.0862808 0.061164 -0.119903 -0.0665345
internal_weight=472.607 463.371 26.6198 15.5782 9.23598 436.751 11.0416 13.3451 423.406 421.208 415.396 8.65948 406.736 404.022 29.3745 23.4487 12.6966 8.94827 3.19282 2.89662 374.647 5.59821 369.049 366.608 21.2032 345.405 7.32755 18.3816 2.82162 2.15644
internal_count=14392 14336 9686 7178 56 4650 2508 66 4584 4470 4448 684 3764 3743 146 121 1148 1136 319 504 3597 49 3548 3516 321 3195 161 246 75 135
is_linear=0
shrinkage=0.1


Tree=69
num_leaves=31
num_cat=0
split_feature=8 7 5 4 14 2 2 13 17 12 8 14 14 6 4 9 1 19 19 4 8 0 2 3 5 17 11 13 8 8
split_gain=1.8983 1.87404 4.393 4.08857 7.4916 8.31574 3.00174 2.82316 4.44345 4.60938 4.43049 3.97822 4.27374 5.67926 4.54432 10.4792 8.20852 2.75269 5.54056 4.67966 5.10194 3.66066 2.98118 2.69785 3.80033 3.92643 5.57237 2.89861 7.36427 7.02201
threshold=5.7097980510391742e-12 0.0062054307155453257 0.027632620976785545 1.0636071328440104e-10 0.0060946077574044475 4.7069577536461174e-10 2.468124331558963e-10 1.6989584565162661 0.041348544034090919 0.1607613489031792 8.2212470422049805e-12 0.0055877629201859244 0.0062647839076817044 2.6613955642154718e-11 1.2274743333110592e-10 0.0020702026403990196 0.55943880420625514 -0.1763300150632858 -0.026175710372626778 8.3005745215418368e-11 8.5235803052660843e-12 6.1767940200366884e-10 6.3345007235371723e-11 0.054984654076392574 0.020498030262006247 0.069313742897727279 4.5204887055838588e-10 1.5584331750869753 8.3269750362178193e-12 8.7914993937432276e-12
decision_type=2 2 2 2 2 2 2 2 2 2 2 2 2 2 2 2 2 2 2 2 2 2 2 2 2 2 2 2 2 2
left_child=-1 2 3 4 6 -6 -2 8 10 17 -3 -9 -13 -14 15 -15 -17 -10 19 22 -21 -22 -19 24 25 -20 -27 28 -25 -30
right_child=1 7 -4 -5 5 -7 -8 11 9 -11 -12 12 13 14 -16 16 -18 18 23 20 21 -23 -24 27 -26 26 -28 -29 29 -31
leaf_value=0.048852814443147062 -0.087177298395308064 0.025099945309619009 -0.11500800664988745 0.046474944013589564 -0.19872240386163711 0.01984774670752016 0.0092659594321040338 -0.1128357052709059 0.06278072489621217 -0.10297910289805899 -0.12721330936470079 0.050366376198550236 -0.16297177641057695 -0.30959797942393252 0.037726688248348877 -0.13256949287510533 0.040340716910582879 0.020072683877800451 0.067929244822467996 0.055524801724831957 0.098062647458808994 -0.16934253503374536 -0.22888782980707278 -0.1220966213965268 0.05621815970365799 -0.0048723315439771903 -0.17234426511661427 0.027145249426415635 0.04900337013129441 -0.0089691587130862234
leaf_weight=7.7916133796970817 3.6908971914090243 2.9266050322912616 4.3566877226985516 10.057028061943127 4.5731323279615017 2.8104156721383333 25.688951537478715 2.2207762875041217 6.9781495715142219 4.3495010570550212 5.4964360050507821 31.896676336458768 1.9993847042060213 1.2550265602767456 23.108305258501787 3.8011901334248241 9.8858184798154962 0.60187153317383346 5.3413361012935665 3.4858190898085013 0.63366304041119326 2.6650820265349466 2.394635074713733 5.3188318332613553 20.310286705935141 12.089020531260756 2.3775529556078245 30.200619672439643 23.261840649400256 205.24160495219257
leaf_count=57 24 15 126 44 92 15 144 192 40 5922 249 251 117 14 322 2669 63 8 12 15 4 95 73 331 178 341 119 397 137 2326
internal_value=-9.27815e-05 -0.000923611 -0.0189614 -0.0100241 -0.02548 -0.115528 -0.0028499 0.00133982 -0.00258273 -0.000725667 -0.0742917 0.0189871 0.0230561 0.00130543 0.0099375 -0.0330393 -0.00768034 0.000660281 -0.000720589 -0.0748022 -0.0288336 -0.117976 -0.178882 0.00166185 0.0258232 -0.00534263 -0.032396 -0.00200946 -0.0057751 -0.00306751
internal_weight=466.809 459.017 51.1771 46.8204 36.7634 7.38355 29.3798 407.84 333.673 325.25 8.42304 74.1672 71.9464 40.0497 38.0503 14.942 13.687 320.9 313.922 9.78107 6.78456 3.29875 2.99651 304.141 40.1182 19.8079 14.4666 264.023 233.822 228.503
internal_count=14392 14335 445 319 275 107 168 13890 10262 9998 264 3628 3436 3185 3068 2746 2732 4076 4036 195 114 99 81 3841 650 472 460 3191 2794 2463
is_linear=0
shrinkage=0.1


Tree=70
num_leaves=31
num_cat=0
split_feature=4 9 14 0 14 6 19 7 7 0 12 13 19 10 13 7 14 9 18 14 7 7 12 9 13 19 18 12 18 6
split_gain=1.75885 12.0378 5.35555 16.7668 8.06145 7.32709 6.84779 5.75823 5.17404 4.49915 5.81487 7.83334 10.832 6.53916 7.82964 5.2545 9.15689 8.74022 7.89798 5.1397 5.58251 5.02787 5.02192 8.36982 8.76993 5.94063 10.281 4.41566 4.31212 4.62387
threshold=8.906121944530361e-11 0.001715177121073886 0.0058739662636071452 2.0909163983562355e-09 0.0056580486707389363 2.1752634546547293e-11 -0.10754979774355887 0.0050500347743418468 0.007171891396465035 1.8182608718853527e-09 0.1212780885398388 1.2399665713310244 1.2878133058547976 1.8753685355186465 1.2164528965950014 0.019159291676206332 0.0048686247318983087 0.0070584537510228551 0.21041328912939541 0.003786639892496169 0.016774694641164919 0.014083365292091655 0.1295832768082619 0.0069081884798945043 1.1884955167770388 0.14671458303928378 0.027981361670588907 0.13232654333114627 -0.042876491047949945 5.1683001585267012e-11
decision_type=2 2 2 2 2 2 2 2 2 2 2 2 2 2 2 2 2 2 2 2 2 2 2 2 2 2 2 2 2 2
left_child=1 -1 4 5 9 -4 -5 -8 -7 10 -3 13 15 19 -15 17 28 -13 -18 -12 -21 -19 23 24 -22 -26 -27 -14 -17 -30
right_child=-2 2 3 6 -6 8 7 -9 -10 -11 11 12 27 14 -16 16 18 21 -20 20 22 -23 -24 -25 25 26 -28 -29 29 -31
leaf_value=-0.28642612637403464 0.0062950069517763666 0.028265397629467576 -0.22450518194547928 -0.18642175700604569 0.055183464055957504 0.10648042257777471 -0.14252328109569143 0.040497806465907255 -0.11284354198842722 -0.1247126706776359 -0.10670365550787686 -0.15753117038037978 0.086383009158389923 -0.17870613198241328 0.017431560449394975 0.059524359632129868 -0.23296861198564228 0.091923683383173291 0.10641927746485252 0.069798989975384987 -0.22352536574290013 -0.14491475078932259 0.027304696690048869 0.03921004012749673 0.058323117532685986 -0.2454402203347833 -0.010820544146522924 -0.094706909089054242 -0.17638957093387697 0.041610312415984847
leaf_weight=1.521816249936818 222.55514686075185 43.434684032283258 5.332280970644204 1.6624938817694808 24.951523010116944 1.3710804879665373 1.8859604652971054 19.423004256081185 4.9913527809112566 3.1123465885175383 3.5512864431366316 12.55019373906544 6.7245519000862242 4.1716824666946177 3.9741475252085365 7.0640241700893966 3.2660950391000361 2.657891256894799 0.86788749120023556 15.606195242799002 3.2070019268430796 1.3524602528050307 35.887696617210167 10.511795762926338 4.2321153171360484 2.7579781496897322 5.785838313633576 1.6836281910291289 2.0222505529527539 1.8751268275082109
leaf_count=16 3360 295 157 21 406 2 17 347 6846 76 40 607 64 85 25 36 236 49 12 152 45 375 577 42 12 31 33 354 66 8
internal_value=-9.19504e-05 -0.00607861 -0.00427017 -0.0405728 0.00198316 -0.138043 0.00904909 0.0242994 -0.0655801 -0.00554635 -0.00340478 -0.0140066 -0.050769 0.00241579 -0.0830154 -0.0775668 -0.0348938 -0.116464 -0.161718 0.0109504 0.0163078 0.0120517 0.00292598 -0.0300955 -0.075677 -0.0385643 -0.0865567 0.0501221 0.0129365 -0.0715043
internal_weight=459.992 237.436 235.915 34.6662 201.248 11.6947 22.9715 21.309 6.36243 176.297 173.185 129.75 40.0641 89.6857 8.14583 31.6559 15.0954 16.5605 4.13398 81.5399 77.9886 4.01035 62.3824 26.4947 15.9829 12.7759 8.54382 8.40818 10.9614 3.89738
internal_count=14392 11032 11016 7390 3626 7005 385 364 6848 3220 3144 2849 1807 1042 110 1389 358 1031 248 932 892 424 740 163 121 76 64 418 110 74
is_linear=0
shrinkage=0.1


Tree=71
num_leaves=31
num_cat=0
split_feature=8 13 12 6 9 8 11 14 5 13 14 4 14 11 5 6 13 13 18 17 8 8 1 17 8 8 6 5 14 14
split_gain=1.73081 3.38302 3.89108 3.09955 2.2819 6.15702 12.3189 6.2808 9.40314 8.32905 7.03471 5.67 8.23824 7.37938 4.80109 4.56531 4.39392 4.29315 5.43077 4.94276 4.61185 4.10303 6.39603 5.58147 5.7591 4.82372 3.94555 3.44304 3.41961 3.82804
threshold=6.0794638877770121e-12 1.8274623751640322 0.11271032318472864 1.2549273106968885e-11 0.0028432326802777892 8.3269750362178193e-12 4.871930414651616e-09 0.005819158162921668 0.016708078623880105 1.6793565750122073 0.0066430370789021262 1.0915093635593198e-10 0.0060946077574044475 4.6317572000020854e-09 0.017141825088174755 6.5278766029099508e-11 1.7665586471557619 1.6449170112609866 0.20218244689220397 0.041748046875000007 8.0165471212769988e-12 8.7372080086981492e-12 0.1294538703676669 0.047918146306818191 1.0236249237689244e-11 1.1215978434069034e-11 1.4921487497725678e-11 0.12466802045118115 0.0052986126393079766 0.0059411523398011932
decision_type=2 2 2 2 2 2 2 2 2 2 2 2 2 2 2 2 2 2 2 2 2 2 2 2 2 2 2 2 2 2
left_child=1 2 -1 -2 5 7 -7 -5 -9 -10 11 12 -11 -14 -8 16 -16 19 26 -6 -21 22 -22 24 -23 -25 -19 -27 -28 -30
right_child=3 -3 -4 4 17 6 14 8 9 10 -12 -13 13 -15 15 -17 -18 18 -20 20 21 23 -24 25 -26 27 28 -29 29 -31
leaf_value=0.074227443150050212 -0.18739382726725087 -0.059138973427792813 -0.040203266792762232 0.066285864940343872 -0.12465077868750077 -0.1479989809397397 0.094774742012389515 -0.21141105659968529 -0.15248821629849257 0.034308335509178368 -0.12012517023822822 0.061845131298872952 -0.20284432115579587 -0.0018427220874280164 0.025990495653245366 0.099510949211323238 -0.14729683298055513 -0.16954346863724301 -0.13145392308354789 -0.13102933752209009 -0.13283965921617416 -0.14428146986401261 0.046285480671162053 0.00093566845166562066 0.026266583557440965 -0.12385039544881676 -0.11150552545243536 0.095889964472666012 0.078108568583499877 0.021069623453099515
leaf_weight=12.750751916319137 0.89440815820853359 3.6183304674923411 3.874526442756177 11.621821754146366 3.266458897443953 9.3901888799155149 3.9773036986589423 2.3361512906849375 3.5499605867080382 12.004558525979521 3.9217195485543916 17.575078081688844 3.5821254031034178 3.7267616614699364 2.377894184784962 1.8209849279373882 3.8041556980460882 0.93161242004134592 2.0508365690839119 2.7008555124630211 2.1375271510769407 5.5180687766987813 29.566604705119971 245.23012219389057 3.0880192103795707 4.8980759504411244 1.4839149805047771 0.83454440924106155 18.862651307659689 31.274490180032444
leaf_count=30 46 19 122 36 167 185 13 22 75 47 122 75 54 16 25 9 74 21 1755 319 36 134 212 2645 46 5697 126 24 156 2084
internal_value=-9.07692e-05 0.0284881 0.0475593 -0.00142866 -0.00104322 -0.016323 -0.0622409 0.000503414 -0.0158686 -0.00557067 0.00720924 0.0207465 -0.0166529 -0.100355 0.00497636 -0.0396511 -0.0806427 0.00241749 0.02819 -0.00231696 -0.000957666 0.000248436 0.0342087 -0.00389952 -0.0830858 -0.00118404 0.03442 -0.091861 0.038101 0.0425289
internal_weight=452.671 20.2436 16.6253 432.427 431.532 79.6887 21.3705 58.3182 46.6964 44.3602 40.8102 36.8885 19.3134 7.30889 11.9803 8.00303 6.18205 351.844 54.6035 297.24 293.974 291.273 31.7041 259.569 8.60609 250.963 52.5527 5.73262 51.6211 50.1371
internal_count=14392 171 152 14221 14175 753 306 447 411 389 314 192 117 70 121 108 99 13422 4142 9280 9113 8794 248 8546 180 8366 2387 5721 2366 2240
is_linear=0
shrinkage=0.1


Tree=72
num_leaves=31
num_cat=0
split_feature=8 5 1 5 8 8 12 11 13 7 2 1 8 11 1 3 8 17 12 5 0 13 19 9 18 19 8 0 18 6
split_gain=1.64992 4.06366 7.09739 6.20255 5.96033 4.28427 4.11525 7.22713 3.43658 3.29284 3.26913 6.24561 6.24521 4.15638 6.50348 4.43089 3.41158 9.17182 4.94366 6.99498 3.34098 6.15903 4.46229 3.89959 3.69831 2.9014 2.89582 2.81404 3.02309 2.79371
threshold=9.8799198469802621e-12 0.045945975921582984 0.39619730621097826 0.041697354363884553 9.8138870311444125e-12 9.7274608567736975e-12 0.14156157523393634 1.1767566920894981e-09 1.127483129501343 0.024682477703536512 2.5015574194247784e-10 0.31593535096539849 1.1089389868552655e-11 1.5412958132010603e-09 0.28671810887333321 0.10050949843061237 9.9930193779677607e-12 0.074640447443181837 0.14491584151983264 0.094792305698907509 7.0359844580169335e-10 1.56629353761673 0.17284093797206881 0.0022514906881425678 0.29944029008038348 0.6506234109401704 1.0365427553771804e-11 2.3097400233748626e-09 -0.28873856975273648 1.6951587926216348e-11
decision_type=2 2 2 2 2 2 2 2 2 2 2 2 2 2 2 2 2 2 2 2 2 2 2 2 2 2 2 2 2 2
left_child=1 3 4 5 6 8 -3 -8 -1 -5 11 12 13 14 15 16 17 -2 -18 -20 26 24 -23 -24 -22 -21 -12 28 -25 -13
right_child=10 2 -4 9 -6 -7 7 -9 -10 -11 20 29 -14 -15 -16 -17 18 -19 19 25 21 22 23 27 -26 -27 -28 -29 -30 -31
leaf_value=-0.12780393534344017 -0.20299229266967689 0.058386328873608534 -0.12885653405112282 -0.16749175325006371 -0.10632946436544843 0.049955387790755319 0.024844359148524179 -0.15478239103227687 -0.0019941863364610606 -0.017991874583844776 -0.15457296131297632 0.068622329153239223 -0.13056036206543489 0.074218659978135815 -0.1650506639650921 -0.16755177895381101 0.024875483396035236 0.030253257586597568 -0.1352036391437855 -0.061676898482079134 -0.12727936941700621 0.053327064703472184 -0.24997513635919302 0.084401778387049139 0.09418909597796396 0.091394152285917032 0.081971173370088746 0.013578301229668049 -0.12594768905031314 -0.12985242114557857
leaf_weight=2.1921048355288795 2.8912566169165066 39.346862513106316 2.8563255711487718 3.3948265422659452 2.9644033691147333 16.237856186824501 20.226668890085424 2.5188038734777356 227.56708471318416 2.6029042509617284 0.55280968226725136 0.79243090693489548 4.2567923215465262 5.9380047663289579 2.7037143483757964 1.6540225509452273 37.615942969539901 4.0438508135703159 5.1842367435674515 2.0805413321359083 5.1374839597556266 15.918221603817072 0.70788037031889217 0.8645590735541181 0.88371445747907262 3.0588339315727353 8.1127563812042336 12.362436808005439 3.2576341531530524 6.752500293070625
leaf_count=18 32 134 133 109 41 157 297 98 2186 19 19 8 7035 21 39 103 337 57 366 50 323 266 8 40 16 25 187 307 1413 548
internal_value=-8.90417e-05 0.00371505 0.0254253 -0.00213591 0.0321991 0.000313815 0.0388127 0.00495273 -0.00319452 -0.102612 -0.00984268 -0.0225982 -0.0132078 -0.00554257 -0.0135386 -0.00629189 -0.00143122 -0.0669872 0.00805233 -0.0532458 0.0106985 -0.00174283 0.0151751 -0.0201491 -0.0947751 0.0294274 0.0668811 -0.0102799 -0.0818305 -0.109007
internal_weight=444.677 319.908 67.9131 251.995 65.0567 245.997 62.0923 22.7455 229.759 5.99773 124.77 76.9721 69.4272 65.1704 59.2324 56.5287 54.8747 6.93511 47.9396 10.3236 47.7975 39.1319 33.1107 17.1925 6.0212 5.13938 8.66557 16.4846 4.12219 7.54493
internal_count=14392 3192 703 2489 570 2361 529 395 2204 128 11200 8621 8065 1030 1009 970 867 89 778 441 2579 2373 2034 1768 339 75 206 1760 1453 556
is_linear=0
shrinkage=0.1


Tree=73
num_leaves=31
num_cat=0
split_feature=4 14 0 17 7 2 0 18 9 1 9 19 4 13 7 18 7 7 17 12 3 6 13 18 12 18 13 9 5 17
split_gain=1.59676 8.28419 8.31685 7.76535 7.60001 6.44957 8.77769 10.8146 10.8903 7.24306 5.54242 4.15931 4.14124 4.59953 4.46693 4.31134 5.72026 7.58267 8.38838 4.91887 3.64748 3.61497 3.68183 3.95846 3.58245 3.71937 3.44793 8.08162 3.34348 3.29777
threshold=8.1594930319619347e-11 0.0058739662636071452 1.8949988265755018e-09 0.061190518465909095 0.0050500347743418468 1.2300169288446394e-10 2.2272760011400353e-10 -0.051630423573607739 0.0059776931794592618 0.14012996861754842 0.005698510927132183 -0.10754979774355887 4.866847721467985e-11 1.322246849536896 0.014479315416033848 -0.034876238893378854 0.01875602780970571 0.030082179802114455 0.077392578125000014 0.11967239901423456 0.12857146965668606 3.5838366333435183e-11 1.199063301086426 -0.11264782845550639 0.12407883256673814 -0.061527793105183672 1.2557580471038821 0.0062140577564233383 0.016121867882939026 0.047918146306818191
decision_type=2 2 2 2 2 2 2 2 2 2 2 2 2 2 2 2 2 2 2 2 2 2 2 2 2 2 2 2 2 2
left_child=1 3 29 24 -4 10 9 8 -8 -7 -5 -6 13 14 -12 16 19 21 -19 -16 -13 22 -18 -24 -1 -26 -14 -28 -2 -3
right_child=28 2 4 5 11 6 7 -9 -10 -11 12 20 26 -15 15 -17 17 18 -20 -21 -22 -23 23 -25 25 -27 27 -29 -30 -31
leaf_value=0.039898487374271437 0.096466432046341435 -0.23810899070717573 -0.18161468684127435 -0.20453466296503375 -0.19827680659228275 -0.1647065417767912 0.031693656931540068 -0.15353843933713607 -0.18845694150493542 0.10397824166674188 0.059951368616008562 0.021509223932133392 0.065736988124931922 -0.15302222938772819 0.10493868984131326 0.0046324629690887402 -0.13900225407635744 0.10331215116102394 -0.43214998599142257 -0.19498826513271558 -0.18491552776756232 0.067967057894241206 0.063825688929622426 -0.12399247720766159 0.027528581571629164 -0.14769921186902588 0.078076642416202935 -0.2204929030612498 0.0039411431446126043 -0.089948962534695642
leaf_weight=50.759300639503635 3.9724515672714906 2.9494557461002868 2.7731726567726609 1.3033806058920152 1.0241214076522798 1.2484792599425443 9.8716598340397521 11.039501674211346 2.9091667744942233 5.1092296356946463 9.5409083576596441 14.921963307220715 15.25780930153269 2.1215773297735714 0.63779526948929088 40.113737105188193 2.5821871979860571 0.44131428003311046 0.86798147384251934 3.832913751459273 0.90808227006346065 4.9475698467431357 3.6846729904209492 1.6135484586557143 2.755733588244766 2.1614300903165704 2.2745972536504264 1.5073758598737184 231.77597584416799 3.061874281251221
leaf_count=317 28 51 29 122 18 117 106 731 114 21 159 428 159 629 1 514 54 1 53 133 12 38 28 35 25 47 7 64 3668 6683
internal_value=-9.20262e-05 -0.00661147 -0.059729 0.00110088 -0.028209 -0.0131296 -0.0531763 -0.0810388 -0.0184169 0.0512159 0.00019082 -0.0029677 0.00317475 -0.00801786 -0.00351118 -0.0138224 -0.0536059 -0.0224268 -0.251666 -0.1522 0.00966778 0.000970601 -0.0410919 0.00662655 0.0320035 -0.049496 0.0445504 -0.0409238 0.00550023 -0.162644
internal_weight=437.969 202.221 25.6387 176.582 19.6273 120.905 30.178 23.8203 12.7808 6.35771 90.7274 16.8542 89.424 70.3842 68.2626 58.7217 18.608 14.1373 1.3093 4.47071 15.83 12.828 7.88041 5.29822 55.6765 4.91716 19.0398 3.78197 235.748 6.01133
internal_count=14392 10696 7221 3475 487 3086 1089 951 220 138 1997 458 1875 1645 1016 857 343 209 54 134 440 155 117 63 389 72 230 71 3696 6734
is_linear=0
shrinkage=0.1


Tree=74
num_leaves=31
num_cat=0
split_feature=3 15 8 18 15 4 5 6 0 8 10 10 0 1 15 9 3 18 3 4 4 8 3 8 4 18 13 12 18 18
split_gain=1.60301 3.06762 1.91764 1.93273 1.79209 3.33893 7.15813 3.8688 2.33252 3.10393 2.4571 1.97558 5.80295 2.9359 4.98862 7.45968 3.23365 2.82583 2.51009 5.48553 7.97475 4.40064 3.87401 3.86764 3.43458 2.71443 2.58561 10.9294 4.93446 6.99618
threshold=0.043339791514058049 1.8631178136274688e-05 8.7914993937432276e-12 0.11702870238911024 1.8962517970066987e-05 2.039518218062806e-11 0.012448729853069279 2.1298784502747112e-11 1.5431596503317794e-10 8.7372080086981492e-12 1.4349893331527712 1.4807019829750063 1.8174549077673072e-10 0.13685749355510543 2.2743802219338253e-05 0.0064129495759654136 0.085546040181841324 -0.12721470656635406 0.055543201483891011 2.8078124603818306e-11 2.1862965110775092e-11 9.2472085028379433e-12 0.056688771753057414 1.0365427553771804e-11 2.8571427034071422e-11 -0.051630423573607739 1.1952499151229861 0.13151253014802936 -0.08028041063384575 0.038673853840340271
decision_type=2 2 2 2 2 2 2 2 2 2 2 2 2 2 2 2 2 2 2 2 2 2 2 2 2 2 2 2 2 2
left_child=2 -2 -1 -4 -3 6 7 -6 9 -7 -10 -12 17 16 15 -15 -14 -13 23 20 21 -20 25 -16 -24 -21 27 -26 -29 -30
right_child=1 4 3 -5 5 8 -8 -9 10 -11 11 12 13 14 18 -17 -18 -19 19 22 -22 -23 24 -25 26 -27 -28 28 29 -31
leaf_value=-0.18042518205640246 -0.13653146061188445 0.07350579673632722 0.055855154263943378 -0.17112652375097887 -0.16522316593566241 -0.19129889230660546 -0.16630533284665547 0.056550836591472822 -0.12589932971871184 0.085776648321094912 0.050565230917364895 0.066311801991293468 0.060233402484752133 0.028457022302801695 0.057396995331246863 -0.17437313960875217 -0.13672805182473635 -0.19277133558800352 -0.16182005166213032 -0.41885686312792791 -0.15371071920252258 0.075770287304320436 0.10439363410907861 -0.14223992934640872 -0.1665294222377349 -0.067325174388808931 0.0030272169797650795 -0.062890313820423649 0.043598881653628435 -0.12449058001464329
leaf_weight=0.38484284408332214 1.6645239792633209 3.2461582687610635 9.6542843676579615 0.39030263202585125 0.96823249977751213 0.4384836792742125 3.770526061874989 4.1932083988940576 1.5603018342881103 5.1878043145479751 7.5318304942775276 0.51660636806627769 12.085618993143722 3.2877426448030738 12.585504366899839 4.0430355291027809 0.89529592420876802 2.2744533174918606 0.99654254937922626 0.35945093672489747 5.6266670087534294 3.5806222367209557 3.181159170693717 1.0515089244690887 4.7537148064002386 0.56481544420239416 304.8846580567515 9.8670723657705803 19.361313242072359 2.8392914103897047
leaf_count=18 479 93 1027 209 101 11 249 63 34 699 58 45 493 40 76 204 102 352 32 26 686 72 70 749 70 77 7721 227 228 81
internal_value=-8.61233e-05 -0.00104482 0.0386421 0.0470353 -0.000507417 -0.0010844 -0.0615658 0.0149483 0.000241374 0.0641828 -0.000653874 -0.000165672 -0.00113853 -0.000110197 -0.00172029 -0.0834069 0.0466489 -0.144817 -0.000100314 -0.00171309 -0.0739756 0.024042 0.000419159 0.0420036 0.000967083 -0.204037 4.21979e-06 -0.0250265 -0.00405008 0.0221015
internal_weight=431.746 421.316 10.4294 10.0446 419.652 416.405 8.93197 5.16144 407.473 5.62629 401.847 400.287 392.755 389.964 376.983 7.33078 12.9809 2.79106 369.652 356.015 10.2038 4.57716 345.811 13.637 344.887 0.924266 341.706 36.8214 32.0677 22.2006
internal_count=14392 13138 1254 1236 12659 12566 413 164 12153 710 11443 11409 11351 10954 10359 244 595 397 10115 9290 790 104 8500 825 8397 103 8327 606 536 309
is_linear=0
shrinkage=0.1


Tree=75
num_leaves=31
num_cat=0
split_feature=8 3 19 5 6 14 11 9 19 18 12 9 1 0 17 0 4 14 4 8 13 12 19 10 13 8 11 9 14 8
split_gain=1.59422 1.67392 2.14053 1.58126 3.53706 4.17716 4.65043 5.15441 4.57905 2.89531 2.83282 4.76987 4.53157 4.83325 5.5687 4.20708 3.77472 3.73838 3.21146 2.9835 2.41897 3.84262 5.9718 4.63423 2.40866 2.26208 2.23853 4.59276 9.63901 6.52931
threshold=5.7097980510391742e-12 0.082692237407075 0.43522128462791448 0.074969179310941422 3.550026959394299e-11 0.00546310585923493 1.5238826867047808e-09 0.0047229014243479004 0.74022659659385692 -0.042876491047949945 0.13945068418979648 0.0062140577564233383 0.22568524783819954 3.6226111459155983e-10 0.072731711647727279 5.0554349962101611e-10 4.6936574031924695e-11 0.0041737460996955642 1.3316430224034862e-10 1.1529229014202898e-11 2.0858417749404912 0.097589220851659789 0.078246816992759718 2.2309174537658696 1.2309515476226809 1.1089389868552655e-11 4.3439107866305457e-09 0.0029886054133578814 0.0060732336714863786 8.5235803052660843e-12
decision_type=2 2 2 2 2 2 2 2 2 2 2 2 2 2 2 2 2 2 2 2 2 2 2 2 2 2 2 2 2 2
left_child=1 -1 -3 10 -5 -6 8 -8 -7 -10 19 12 13 14 -12 -14 17 -13 -16 20 21 22 -2 -24 -17 26 27 28 29 -23
right_child=3 2 -4 4 5 6 7 -9 9 -11 11 16 15 -15 18 24 -18 -19 -20 -21 -22 25 23 -25 -26 -27 -28 -29 -30 -31
leaf_value=0.10276329726269658 -0.17903954394816152 -0.063136813035589129 0.085706080615421731 -0.13812326140502978 0.052268638681367711 -0.12739577921596146 -0.13536285441914325 0.062209204444171932 -0.15362864146595612 0.10002231949205283 0.02379077159310012 0.089774901400474935 -0.22991132850910675 0.044030178211466264 -0.1764026364932442 0.0061685165991730434 0.0092136958062332391 -0.13307387824803926 -0.68371649885028885 -0.10666216071722615 0.093485784455378404 0.014867841482417441 0.037712498348467141 -0.16454746948933882 -0.12950528415574933 0.064423071632396828 0.024590695480265792 0.0044704996354687134 -0.096858899067657642 -0.11985543038559354
leaf_weight=3.0594259147474068 2.9894042366067861 2.1431149219861259 1.759396587818628 1.405182486938428 22.068828539340757 5.0323582452256259 1.5644152828026552 8.4680190773506165 0.59255585732171345 1.870672888937406 1.9641930683865227 0.94592453561199263 2.5167103770836539 5.2050886337383417 2.1536090660556515 2.233074790914543 30.978172365532373 3.6865252420830075 0.13245591754093755 2.5726102663611519 2.8310703597962847 31.176406799349934 4.9995385692454875 1.4646827525575643 3.1605089697550284 5.7989608072966794 36.563096486032009 218.71083256334532 14.79315288653015 4.0665747261373317
leaf_count=11 78 29 17 77 152 291 51 128 56 29 12 41 86 86 349 28 2856 6721 5 284 14 169 54 25 322 98 264 1690 298 71
internal_value=-7.81004e-05 0.0473831 0.00396707 -0.000864923 0.0177898 0.0233227 -0.0131219 0.0314007 -0.0727129 0.0390039 -0.00288339 -0.0243305 -0.0672997 -0.0205761 -0.0996963 -0.123149 -0.00337642 -0.0875692 -0.205797 0.00060221 0.0014555 0.000642731 -0.0621652 -0.00811617 -0.073333 0.00255127 0.00137609 -0.00178226 -0.0291134 -0.000677445
internal_weight=426.907 6.96194 3.90251 419.945 41.002 39.5968 17.528 10.0324 7.49559 2.46323 378.943 52.9763 17.3656 9.45535 4.25026 7.91029 35.6106 4.63245 2.28606 325.966 323.394 320.563 9.45363 6.46422 5.39358 311.109 305.31 268.747 50.0361 35.243
internal_count=14392 57 46 14335 784 707 555 179 376 85 13551 10506 888 452 366 436 9618 6762 354 3045 2761 2747 157 79 350 2590 2492 2228 538 240
is_linear=0
shrinkage=0.1


Tree=76
num_leaves=31
num_cat=0
split_feature=8 19 12 12 0 19 2 1 8 11 1 3 7 6 0 13 2 6 18 3 15 0 4 19 17 5 11 19 5 8
split_gain=1.59977 3.45248 3.19113 3.51083 3.18924 2.85646 3.1218 5.31115 5.2932 3.66003 5.60608 3.51868 3.00357 2.99153 2.85552 5.47424 3.27611 4.2205 3.2459 2.81915 2.7645 6.07817 2.57098 2.40049 3.76033 3.3861 2.38339 4.25492 2.37851 2.24138
threshold=9.8799198469802621e-12 1.1740625500679018 0.12343641743063928 0.13440583646297458 5.3668632501733843e-10 2.5378491878509526 2.5015574194247784e-10 0.31593535096539849 1.1089389868552655e-11 1.5412958132010603e-09 0.28671810887333321 0.10050949843061237 0.047580089101965005 1.6951587926216348e-11 7.0359844580169335e-10 1.56629353761673 3.0343489666534825e-10 3.4701137401706446e-11 0.29944029008038348 0.087482730352624924 3.0399756724364128e-05 3.8929828430502911e-10 5.8230583800816747e-11 0.89777761697769176 0.070379083806818191 0.038174649020110384 1.0637586367323595e-09 0.4054191410541535 0.078478300680399155 1.0484422787015421e-11
decision_type=2 2 2 2 2 2 2 2 2 2 2 2 2 2 2 2 2 2 2 2 2 2 2 2 2 2 2 2 2 2
left_child=1 23 -3 -4 -5 6 7 8 9 10 11 20 13 -9 -8 18 -17 19 -16 -18 21 29 -19 -1 25 -25 -22 28 -28 -2
right_child=5 2 3 4 -6 -7 14 12 -10 -11 -12 -13 -14 -15 15 16 17 22 -20 -21 26 -23 -24 24 -26 -27 27 -29 -30 -31
leaf_value=0.0022458010342969576 0.0077861925538098391 -0.041800245948511672 0.078813663619865637 0.033059451706567378 -0.15074765931713291 -0.13386256350972159 0.068163986313100403 0.06739937505761838 -0.13441447533638609 0.074736958654993177 -0.15980434821256395 -0.15914616856311789 0.10171534396889961 -0.14923090926917268 -0.12467288980091562 0.081835664192053667 0.078378321455042796 -0.13467852473213068 0.092696249047009113 -0.13923525804579881 0.069778682563845618 -0.15761430215167183 0.02700046416380348 -0.21273142952090993 0.0064043089252349668 -0.021497012463012527 -0.17749844406216034 0.035383254057738352 -0.020607408150648782 -0.067291872636981082
leaf_weight=273.03023350935473 21.241581742910064 3.9764302801340845 15.564284208463507 3.2023612361590486 1.3385532065876757 1.8351086375405419 7.7106484380492466 0.71885418859892425 3.3452683070681806 5.2327601878205305 2.47684277803637 1.4555168270671845 0.64544906877563324 5.6301440118986648 4.5656186858395804 6.2827724412345587 0.7410240086610459 1.0363200531282952 0.8086482152721145 3.0275122628809186 7.7965732117882025 2.9534589970135121 19.310950831219088 2.0598307508043932 4.8924796475403127 1.6819582281168548 1.6755733343306922 10.05111564650724 2.2827233825810254 4.8922069307227494
leaf_count=2889 336 27 39 51 41 2333 178 8 5537 15 39 102 24 370 317 373 11 363 6 194 37 55 473 30 95 20 19 56 31 323
internal_value=-7.89803e-05 0.00371126 0.0400532 0.0562423 -0.0211225 -0.0100935 -0.0080991 -0.0211115 -0.0119886 -0.00516945 -0.012796 -0.00584042 -0.103809 -0.124703 0.0129675 0.00107017 0.0175184 0.000762087 -0.0919661 -0.0964449 -0.00145597 -0.0216357 0.0187659 0.000604111 -0.0513089 -0.12677 0.025462 0.000798642 -0.0870204 -0.00626831
internal_weight=421.463 305.746 24.0816 20.1052 4.54091 115.717 113.882 70.3981 63.4036 60.0584 54.8256 52.3488 6.99445 6.349 43.4835 35.7728 30.3986 24.1158 5.37427 3.76854 50.8932 29.0872 20.3473 281.665 8.63427 3.74179 21.806 14.0094 3.9583 26.1338
internal_count=14392 3192 158 131 92 11200 8867 6952 6550 1013 998 959 402 378 1915 1737 1414 1041 323 205 857 714 836 3034 145 50 143 106 50 659
is_linear=0
shrinkage=0.1


Tree=77
num_leaves=31
num_cat=0
split_feature=3 4 1 11 13 4 10 19 6 17 12 6 1 17 6 15 13 1 0 18 2 0 12 0 12 3 18 5 3 13
split_gain=1.48645 1.7579 6.26537 4.24569 3.9988 3.13983 3.11649 3.09935 2.76182 3.56604 3.48417 3.86472 4.61342 1.90702 3.42832 1.75995 5.39871 3.24833 3.39481 4.06663 2.62766 5.62129 6.83252 6.83265 4.61244 3.85104 2.9037 2.61696 2.64446 2.58929
threshold=0.034831773190458777 2.8078124603818306e-11 0.19212008935602046 3.6757441534973628e-10 1.1630250811576845 2.7141510931751947e-11 1.4807019829750063 0.84517028927803051 1.9487816137796116e-11 0.082852450284090925 0.1295832768082619 2.5353608061656828e-11 0.16569633327183828 0.078280362215909102 2.4009913899048899e-11 2.2972672923060603e-05 1.180421829223633 0.14915419057450849 2.474579805587165e-10 0.027981361670588907 1.0434156116163538e-10 3.0849156197909497e-10 0.14346636831760409 2.5981609942723273e-10 0.14156157523393634 0.077879578667764307 -0.46495055585083628 0.074969179310941422 0.055306024700278865 1.2500606775283816
decision_type=2 2 2 2 2 2 2 2 2 2 2 2 2 2 2 2 2 2 2 2 2 2 2 2 2 2 2 2 2 2
left_child=-1 2 3 -2 -5 7 -3 8 -6 10 11 13 -13 14 -10 16 -8 -17 19 -19 24 22 23 -22 29 -25 -23 28 -26 -20
right_child=1 6 -4 4 5 -7 15 -9 9 -11 -12 12 -14 -15 -16 17 -18 18 20 -21 21 26 -24 25 27 -27 -28 -29 -30 -31
leaf_value=0.086078441738211595 -0.13971095468958172 0.08683476516300874 -0.14204044517720224 -0.16524008431746839 0.078340083840597985 -0.16353613409051115 0.0055357374749505396 -0.14859956890986889 -0.058171241572311162 -0.14596891982634491 0.086924943216729056 -0.13818269664652127 0.033475138148501983 0.061767784272331462 0.049513997182892698 0.047153839874573195 -0.14734194256085351 -0.15917821494069556 0.082339831135714997 0.051603424860471585 0.026375492096907111 -0.21648113634162863 0.023183603094568711 -0.3795024241547289 -0.01510049023555776 -0.1584272724790057 0.0014826426101138684 0.04164987079581986 -0.1928640750867946 -0.0012462389951645859
leaf_weight=1.9926290164003138 2.3138218626299922 4.2638106552913078 3.785660894089232 1.4224128124187689 5.8364056845384757 1.0704763520952827 8.1289525077445415 1.1928914534473722 5.9902856850531077 1.5200563569524081 5.035355505457118 3.9571335501968852 2.590654777828604 6.6939561851322642 5.8374318648129702 15.300689295050686 3.2269115427370698 2.7837530782417153 12.689252361189579 1.3637059845168549 1.4798788030311678 0.61245230950589657 3.7258718658122234 1.153226313821506 1.712508157048432 2.4876497710356489 298.99742468852128 2.0424938554642722 1.636641203491308 5.2350345872982862
leaf_count=228 822 74 701 44 194 188 188 658 44 839 36 37 12 19 17 935 531 77 35 30 13 28 306 16 224 44 7830 37 145 40
internal_value=-8.4252e-05 -0.000498876 -0.0186542 -0.00790667 -0.000494922 0.00540408 0.00183941 0.0100827 0.0151356 0.00347117 0.0110167 -0.00422992 -0.0702657 0.0191151 -0.00502445 0.000839886 -0.0379064 0.00209265 4.01772e-05 -0.0898721 0.00116416 -0.00128261 -0.0798442 -0.154807 0.0335336 -0.228452 0.00103709 -0.0475624 -0.101969 0.0579274
internal_weight=416.079 414.087 47.2465 43.4609 41.1471 39.7246 366.84 38.6542 37.4613 31.6249 30.1048 25.0695 6.54779 18.5217 11.8277 362.576 11.3559 351.221 335.92 4.14746 331.772 308.457 8.84663 5.12075 23.3159 3.64088 299.61 5.39164 3.34915 17.9243
internal_count=14392 14164 3611 2910 2088 2044 10553 1856 1198 1004 165 129 49 80 61 10479 719 9760 8825 107 8718 8237 379 73 481 60 7858 406 369 75
is_linear=0
shrinkage=0.1


Tree=78
num_leaves=31
num_cat=0
split_feature=8 13 12 12 8 12 4 1 9 2 4 8 9 15 1 5 7 15 12 8 10 9 8 5 11 9 7 1 12 7
split_gain=1.46168 3.31874 4.44278 3.65033 2.77193 7.72485 2.86275 2.14514 2.70867 5.16878 5.56278 3.93404 10.0233 5.98537 5.80884 3.5889 2.98765 3.12702 6.05949 4.75117 4.61723 2.87697 2.66917 5.43315 5.83104 4.82624 4.27014 5.03085 5.63749 3.63714
threshold=6.2302158620525984e-12 1.8080143332481386 0.11271032318472864 0.11732418835163118 7.1377283538780057e-12 0.10847007483243944 9.2004759343989849e-11 0.6499350275621335 0.0022514906881425678 3.4671810560014477e-10 1.2508392963096813e-10 8.1303736301018128e-12 0.0028432326802777892 6.4413859945489107e-05 0.46122397804757259 0.027959629584689765 0.0050500347743418468 5.7014311096281751e-05 0.11091778054833414 1.0804311902072802e-11 2.5391123294830327 0.0029172599466305506 9.2472085028379433e-12 0.014745107940098262 4.3588302411912144e-10 0.0035148905759392938 0.009699496711463208 0.39619730621097826 0.11889617517590524 0.01624636602208775
decision_type=2 2 2 2 2 2 2 2 2 2 2 2 2 2 2 2 2 2 2 2 2 2 2 2 2 2 2 2 2 2
left_child=1 2 -1 -4 5 6 -2 8 9 -6 -11 14 13 -13 -10 -12 -14 18 21 -19 -21 -18 23 24 -20 -24 -27 28 -28 -30
right_child=4 -3 3 -5 7 -7 -8 -9 11 10 15 12 16 -15 -16 -17 17 19 22 20 -22 -23 25 -25 -26 26 27 -29 29 -31
leaf_value=0.078431725504686994 -0.05764931124287595 -0.035566630965900042 0.035575583245191049 -0.12842661187128795 0.044140011193368876 -0.13984324577570439 0.048705487041859119 0.053250826602085938 -0.13402753458995362 -0.21066436253058668 0.058015619775332032 -0.13785038174688902 -0.161823712798359 -0.014118530271416647 0.049947173030113437 -0.10707397453811418 0.098347897467602474 0.060261215805538997 -0.0072668094792745445 -0.13337677291143946 0.016945075538787581 -0.11670902789148015 -0.16828201173719054 0.021503062862292199 -0.19171091307810506 0.068894350015987385 0.065623955633903108 -0.13485797439250388 -0.055806617614162994 -0.0051510342654030516
leaf_weight=12.686286378651863 4.1553673073649424 6.975738465320318 3.5191892459988585 2.209101635733532 4.094622414559125 5.3896693667484206 6.473802178632468 7.4589722389355293 1.842046867765023 2.7066344802733493 2.3438957408070564 8.4022048627375607 1.1146242644754227 7.3117262965242835 25.124823174352059 3.0050559161463752 0.6930596474558105 20.56484063342214 5.5260740813901048 2.7596934332977963 7.8715838314965367 6.071772469120333 1.8206421076029062 89.059504929027753 2.4847007022617618 7.5548401145606467 10.396582544752162 3.0677820490527656 15.860336655827266 133.34701413315997
leaf_count=32 23 37 13 146 18 291 28 47 191 37 9 158 16 100 132 71 2 185 53 218 203 271 58 631 69 162 53 250 921 9967
internal_value=-6.82304e-05 0.0231739 0.0454258 -0.0276715 -0.00159507 -0.0423222 0.00712714 0.000165881 -0.000924843 -0.0473437 -0.0938445 0.000682568 -0.0023727 -0.0802777 0.0373803 -0.0347322 0.00159947 0.00219265 -0.0012007 0.0322017 -0.0220758 -0.0946764 0.00114901 0.0144076 -0.0644758 -0.00633159 -0.00459946 -0.00801268 -0.00557456 -0.0105356
internal_weight=411.892 25.3903 18.4146 5.72829 386.502 16.0188 10.6292 370.483 363.024 12.1502 8.05559 350.874 323.907 15.7139 26.9669 5.34895 308.193 307.078 275.882 31.1961 10.6313 6.76483 269.117 97.0703 8.01077 172.047 170.227 162.672 159.604 149.207
internal_count=14392 228 191 159 14164 342 51 13822 13775 135 117 13640 13317 258 323 80 13059 13043 12437 606 421 273 12164 753 122 11411 11353 11191 10941 10888
is_linear=0
shrinkage=0.1


Tree=79
num_leaves=31
num_cat=0
split_feature=3 3 18 10 11 15 6 4 10 5 2 8 11 10 14 14 12 10 1 0 1 10 3 2 11 17 8 10 18 14
split_gain=1.43475 4.05316 2.60962 1.94376 2.84259 2.41105 2.79095 1.92473 6.45182 3.76746 4.52032 4.06925 3.53964 3.12384 3.58255 2.53316 3.62408 2.28195 1.96263 3.62671 5.38572 3.6083 2.9352 2.65534 3.90461 7.76337 3.73674 3.70238 6.85452 6.11448
threshold=0.048617660168789899 0.049665003125718414 0.075150274978527304 1.3869627714157107 6.2521066102050337e-10 1.9679460820043463e-05 2.3697794836501958e-11 2.8078124603818306e-11 1.6201317906379702 0.01767396185624414 8.3243157661694208e-11 9.6988449747040123e-12 4.6241668827384791e-10 1.5384795665740969 0.0039911910425871619 0.0040348181501030931 0.12407883256673814 1.573992192745209 0.14915419057450849 2.474579805587165e-10 0.15249251732943678 1.6201317906379702 0.071598660007025555 1.0434156116163538e-10 8.3960294272600332e-10 0.071444424715909102 8.7914993937432276e-12 1.8978097438812258 0.033855702855031602 0.0043413385283201942
decision_type=2 2 2 2 2 2 2 2 2 2 2 2 2 2 2 2 2 2 2 2 2 2 2 2 2 2 2 2 2 2
left_child=2 -2 -1 4 -3 6 -5 8 9 11 -11 15 -9 -14 -15 16 -7 -16 -19 20 -20 -21 -22 -23 25 -25 -27 28 -26 -29
right_child=1 3 -4 5 -6 7 -8 12 -10 10 -12 -13 13 14 17 -17 -18 18 19 21 22 23 -24 24 27 26 -28 29 -30 -31
leaf_value=0.035263220087914438 -0.19306202859894517 -0.1402608501773181 -0.1010003750711601 0.10309237579741409 0.10471134848399709 0.031071431135937189 -0.14642301449582268 -0.18168279416061736 -0.13756058144795272 0.05306674131669066 -0.20254409385528552 -0.15119664301992433 0.085736026984124303 -0.16511536405833227 -0.12523636201769012 0.066536862468741825 -0.097137014326325544 0.035234844678508424 0.014874854477678685 -0.27170428373872346 -0.40432506919024286 0.038683837954923812 -0.13035225492326366 -0.153327257229119 0.082785697176314219 0.080487605843702126 -0.038837357000739661 -0.25244730425972289 -0.12467342999652842 0.00032736227928940864
leaf_weight=19.440999922921041 1.1008751836561703 2.1065874482337672 1.5149800696599403 3.8260060980173867 0.61108016967773426 7.0479944320395713 0.50778526502836019 1.0594055751389522 4.4079032797235405 1.0861801786923018 1.9056776825600534 1.436963790682056 4.3355675514540044 1.3040376915596414 1.4271563028305525 7.8152349232186671 3.2084581721574068 16.394424849378993 1.9125789490062737 0.48484876270958821 0.61526279342797341 17.940057132549555 1.0730162183244827 4.9082092515309368 11.346944512559274 3.6236085229611481 9.5173574822547362 0.96035951655357976 1.8526505491936394 270.11410089419223
leaf_count=1569 171 163 597 59 1 28 238 113 1181 30 76 184 29 17 33 166 32 1099 40 18 30 326 48 82 132 82 429 14 389 7016
internal_value=-6.73796e-05 -0.00145813 0.0254123 -0.000907147 -0.0851777 -0.000304642 0.0738569 -0.00115994 -0.0269295 -0.00525656 -0.109746 0.010768 0.000827675 0.00138359 0.000318836 0.0236465 -0.00903517 0.000949318 0.00147783 -0.00022844 -0.100028 0.000891954 -0.230197 0.00130464 -0.000913467 -0.0460152 -0.00593362 0.00195014 0.0536674 -0.000568165
internal_weight=404.886 383.93 20.956 382.829 2.71767 380.112 4.33379 375.778 26.9084 22.5005 2.99186 19.5087 348.87 347.81 343.475 18.0717 10.2565 342.171 340.743 324.349 3.60086 320.748 1.68828 320.263 302.323 18.0492 13.141 284.274 13.1996 271.074
internal_count=14392 12226 2166 12055 164 11891 297 11594 1697 516 106 410 9897 9784 9755 226 60 9738 9705 8606 118 8488 78 8470 8144 593 511 7551 521 7030
is_linear=0
shrinkage=0.1


Tree=80
num_leaves=31
num_cat=0
split_feature=12 6 5 8 2 1 3 12 1 1 1 13 1 0 5 8 18 12 19 10 13 11 14 2 9 19 13 10 14 0
split_gain=1.47786 3.65673 2.42074 2.88421 2.23091 3.53486 2.6435 2.35433 2.17897 4.57242 1.98259 1.69686 1.69388 1.49651 1.48513 2.05843 2.98511 1.69657 3.85167 2.72784 2.07385 1.90265 3.32186 11.0768 11.9475 6.00395 4.1918 4.11979 3.87187 3.37315
threshold=0.14745522290468219 5.2360361577389557e-11 0.078478300680399155 1.0484422787015421e-11 9.2852898231670201e-10 0.17546252854434383 0.095645814013127689 0.1607613489031792 0.2358654201628832 0.57201107988377353 0.14012996861754842 1.1112126111984255 0.22348953924628007 2.1414837233047946e-10 0.0099640662633993186 1.1529229014202898e-11 -0.28873856975273648 0.097589220851659789 0.078246816992759718 2.2309174537658696 2.0202747583389287 3.7347571701928936e-09 0.0058393070939928302 2.7295171556212838e-10 0.0029886054133578814 0.30946846306324011 1.728394150733948 2.1091820001602177 0.0057009391020983466 7.6932570125421513e-10
decision_type=2 2 2 2 2 2 2 2 2 2 2 2 2 2 2 2 2 2 2 2 2 2 2 2 2 2 2 2 2 2
left_child=2 10 14 -4 5 7 11 -3 12 -10 13 -7 -8 -2 -1 17 -17 18 20 -20 -16 22 28 26 25 27 -24 -25 29 -19
right_child=1 4 3 -5 -6 6 8 -9 9 -11 -12 -13 -14 -15 15 16 -18 21 19 -21 -22 -23 23 24 -26 -27 -28 -29 -30 -31
leaf_value=0.069406992128241807 -0.078774794239604401 0.055030474253175032 0.062153760524434845 -0.036280755868600904 0.064988691443985031 0.009976657361464766 -0.104779472078424 -0.10398869748365935 -0.14157083513320573 0.035363429793566735 -0.13102077425194039 -0.11411564918142897 0.096345257226322797 0.087102121574142446 -0.17653458601576483 0.093399700309200154 -0.13791838774050122 0.0035627919671357513 0.038893131956591526 -0.10765238183341175 0.0078240767925150338 0.01663068741459367 -0.21078816302318937 0.083940519924573881 0.046272171053219784 0.010735122477987984 -0.019926744168500925 -0.16084746826482352 0.046193000282288718 -0.031265065566901291
leaf_weight=3.0599587938049799 1.4019910426904965 7.614110649650689 12.721938020724339 3.8859069012105456 3.9757383991964153 1.370581704773939 0.50427943065369474 1.0607481273364099 2.6132699110130488 3.3112318720668554 4.0139015108379681 5.6218844781142252 2.4688383377942955 0.88861260901467165 2.42277872582781 0.73450025342754122 2.3200268369837422 180.93253858611206 5.1035090999794193 1.691097817267291 0.81556493416428555 65.682826000585919 4.1569483141065566 0.7637015804648416 17.576255702821072 4.3450502405758016 1.591161670949077 6.893667759897653 18.252532288897783 32.859196092904313
leaf_count=39 1474 118 71 34 33 24 155 2383 483 25 2192 3321 41 39 72 13 496 1650 54 27 7 524 54 2 164 29 17 186 110 555
internal_value=-5.41104e-05 -0.0197324 0.00182035 0.039122 -0.00450705 -0.0157547 -0.0437829 0.0355859 -0.00762491 -0.0426814 -0.0886582 -0.0897925 0.0622319 -0.0144248 4.63004e-05 -0.000566862 -0.082295 0.000160769 -0.0403553 0.00241968 -0.130105 0.00138128 -0.00236492 -0.030932 -0.00624732 -0.0831565 -0.157955 -0.136434 0.00198419 -0.00179015
internal_weight=400.654 34.8452 365.809 16.6078 28.5407 24.5649 15.8901 8.67486 8.89762 5.9245 6.30451 6.99247 2.97312 2.2906 349.201 346.141 3.05453 343.087 10.033 6.79461 3.23834 333.054 267.371 35.3268 29.5787 12.0024 5.74811 7.65737 232.044 213.792
internal_count=14392 10288 4104 105 6583 6550 4049 2501 704 508 3705 3345 196 1513 3999 3960 509 3451 160 81 79 3291 2767 452 381 217 71 188 2315 2205
is_linear=0
shrinkage=0.1


Tree=81
num_leaves=31
num_cat=0
split_feature=12 2 18 5 4 1 7 12 1 18 4 10 3 18 6 18 15 3 13 5 4 6 18 12 14 19 18 6 14 5
split_gain=1.3215 3.10798 2.90699 2.26572 2.64275 2.17044 2.1231 3.6363 2.14828 2.09867 1.97172 1.87551 2.55728 4.50908 1.78434 1.75862 3.70972 5.66523 8.02035 5.48273 8.21179 4.53586 5.62498 9.83166 6.89225 11.2484 3.92671 3.67128 4.15809 3.63099
threshold=0.15205423533916476 9.2852898231670201e-10 -0.044270477786829521 0.090911428166448996 2.2200748707145682e-10 0.23427762439137764 0.043404426743564567 0.14618461579084399 0.16450912546417165 -0.19624474327164615 6.4265093909815276e-11 2.5391123294830327 0.1479324893419591 -0.23520908142778682 4.780921720360636e-11 -0.045661509793717407 2.499598122085445e-05 0.073662266611045774 1.180421829223633 0.039283816750318883 3.1864012242557172e-11 5.2360361577389557e-11 -0.17585279632740738 0.13232654333114627 0.0060552961658686408 0.0087268785573542135 -0.057952898014760147 1.9040088269376235e-11 0.0042071084026247272 0.018144451707451294
decision_type=2 2 2 2 2 2 2 2 2 2 2 2 2 2 2 2 2 2 2 2 2 2 2 2 2 2 2 2 2 2
left_child=3 2 9 4 6 -5 7 11 14 -2 -4 12 15 -14 -9 16 19 -18 -19 20 27 22 29 24 -24 -26 -25 -1 -29 -20
right_child=1 -3 10 5 -6 -7 -8 8 -10 -11 -12 -13 13 -15 -16 -17 17 18 21 -21 -22 -23 23 26 25 -27 -28 28 -30 -31
leaf_value=0.074677436458662469 0.0042955543715508006 0.060724665550476287 -0.11519792289799249 0.09165091173328363 -0.11773759063816375 0.0018566397748414063 0.065480138436214474 -0.11219339801906179 -0.1085230341908045 -0.11315641463067504 0.010860477120273021 0.088116009619359753 0.061667485794340726 -0.12866094702305858 0.068415377712923775 -0.0046870634497413344 0.056277920703673094 -0.17276860375294809 0.064796183194371013 0.086399705037987287 -0.16973187464693731 0.050323550290494207 0.040983922858638472 -0.18803865503507944 -0.20504809063380691 0.011294745955820319 0.021193519406243914 -0.085168742285818874 0.061476745970593549 -0.078680072635200576
leaf_weight=3.5558699771936579 2.0134457153508265 3.6794325658120206 1.4284180351260154 5.3618633821606618 1.8957631258817844 5.405716554261744 4.9803132158704093 0.83152350989621426 4.8624004754856287 6.2243375405596488 9.4466883584645966 2.4649689805228254 1.8530961107462642 3.7916084384487467 1.5987436329669433 190.26705614087041 27.657345930325391 2.4707677615806451 2.0589260040869695 3.4363342513679518 4.414863863028585 21.43365289689973 44.810935482557397 3.2803663566592149 3.1840957767562932 9.8004325167275947 1.2345116275828321 6.9298333587648795 2.6818389487525565 12.308099604997549
leaf_count=37 504 32 6030 25 116 41 22 296 366 2004 1148 13 8 90 23 2397 162 37 17 22 50 103 296 89 60 101 19 82 65 137
internal_value=-6.29836e-05 -0.0234376 -0.0396397 0.00136698 2.16699e-05 0.0465709 0.00064195 -0.000267854 -0.070152 -0.0844493 -0.00569698 0.00119817 0.000577465 -0.0661782 0.00661952 0.0016873 0.00981304 0.0161956 0.00517401 -0.0291281 -0.051707 0.00965521 -0.00171283 0.0112928 0.022395 -0.0417573 -0.130828 -0.0121352 -0.0442519 -0.0581186
internal_weight=395.363 22.7923 19.1129 372.571 361.803 10.7676 359.908 354.927 7.29267 8.23778 10.8751 347.635 345.17 5.6447 2.43027 339.525 149.258 128.239 100.582 21.0187 17.5824 98.111 76.6774 62.3103 57.7955 12.9845 4.51488 13.1675 9.61167 14.367
internal_count=14392 9718 9686 4674 4608 66 4492 4470 685 2508 7178 3785 3772 98 319 3674 1277 1021 859 256 234 822 719 565 457 161 108 184 147 154
is_linear=0
shrinkage=0.1


Tree=82
num_leaves=31
num_cat=0
split_feature=8 5 1 5 12 11 18 19 13 2 9 8 12 8 7 3 8 11 12 5 6 9 15 7 18 11 5 8 12 14
split_gain=1.33203 3.73488 5.77379 4.31948 3.63373 5.42878 3.19832 2.64431 3.90794 3.00542 4.55828 3.96867 2.82984 2.88043 2.79942 3.82288 2.78456 6.73625 3.12691 4.58551 2.81951 7.59265 5.49133 2.7597 2.88102 2.63433 2.37211 3.23809 2.36014 2.33446
threshold=9.846275770178369e-12 0.045945975921582984 0.39619730621097826 0.041697354363884553 0.14156157523393634 1.1767566920894981e-09 0.21041328912939541 1.1083936691284182 1.273654103279114 2.5246243565359724e-10 0.0055185627899727819 1.1089389868552655e-11 0.1362835839390755 1.0065302104139452e-11 0.0064794330106162134 0.078459909671054887 9.9930193779677607e-12 8.5432999563650479e-10 0.14491584151983264 0.094792305698907509 4.237064123922663e-11 0.0067083124671860348 3.3394846468581825e-05 0.014479315416033848 -0.19624474327164615 6.6796590481033046e-10 0.060021481694947205 9.2472085028379433e-12 0.14006477594375613 0.0049938685260713109
decision_type=2 2 2 2 2 2 2 2 2 2 2 2 2 2 2 2 2 2 2 2 2 2 2 2 2 2 2 2 2 2
left_child=1 3 4 28 -3 26 -5 9 12 10 -2 16 -9 -14 15 -11 17 25 20 -20 21 22 -18 24 -10 -12 27 -6 -1 -28
right_child=7 2 -4 6 5 -7 -8 8 23 14 11 -13 13 -15 -16 -17 18 -19 19 -21 -22 -23 -24 -25 -26 -27 29 -29 -30 -31
leaf_value=0.0010321203036723588 -0.078260333977501206 0.051707469845676569 -0.12785469276557135 -0.12798484762981066 0.02210901493947498 -0.14527468718910905 0.078008378131511402 0.086080724545827533 0.10087470290628958 0.095362616186130678 -0.10728816987264973 -0.1271458827474988 0.045109765675589109 -0.18146519824203522 0.026416761722733641 -0.18359033422515883 -0.1757700227902329 -0.21017848970281597 -0.1234954493371398 0.030290463958811492 0.051185709491370024 0.042515166485215236 0.027939639178025562 -0.13823256356570218 -0.14261999936077238 0.064528473967488051 0.084782105415190823 -0.17055937074819322 -0.09036723108511982 0.0035007670729418233
leaf_weight=214.39330195850926 10.234221640086615 35.73058093059808 2.3428656901523928 4.3241621349152402 2.1709107815695527 2.3130792757438021 0.91284626637934696 2.6317911991645797 1.1707233952620302 0.73945499211549703 1.2907419632792869 2.5323203643201841 1.136442842485849 1.1082787620252927 33.342543495746213 1.4637971531192304 3.5620268940110718 2.0392824684968218 3.8898822794726575 3.865783308778191 17.736200921004638 10.940393835771827 2.1054632514715195 5.2395366472192109 0.83072360154619662 2.8911965235602111 5.7507996307685962 1.4582486675935795 2.862938210289939 9.1644766443496319
leaf_count=1718 202 138 128 118 35 104 7 9 7 3 51 3601 14 92 957 56 64 31 382 72 82 183 18 5216 199 18 33 35 615 204
internal_value=-3.8881e-05 0.00359327 0.0259776 -0.00233559 0.0323466 -0.000820114 -0.0920788 -0.00943812 -0.053473 -0.00391629 -0.0173689 -0.00511451 0.0157279 -0.0667563 0.0192028 -0.0899682 0.0012807 -0.0611665 0.0105087 -0.0468414 0.0234597 -0.00615003 -0.100092 -0.100077 -0.000190575 0.0114978 0.017198 -0.0553079 -0.000172313 0.03484
internal_weight=390.175 281.424 58.931 222.493 56.5881 20.8575 5.23701 108.751 12.1175 96.6333 61.0875 50.8533 4.87651 2.24472 35.5458 2.20325 48.321 6.22122 42.0998 7.75567 34.3441 16.6079 5.66749 7.24098 2.00145 4.18194 18.5444 3.62916 217.256 14.9153
internal_count=14392 3135 677 2458 549 411 125 11257 5537 5720 4704 4502 115 106 1016 59 901 100 801 454 347 265 82 5422 206 69 307 70 2333 237
is_linear=0
shrinkage=0.1


Tree=83
num_leaves=31
num_cat=0
split_feature=8 13 12 12 6 9 5 11 12 13 18 17 3 6 19 9 8 8 14 14 8 5 7 12 4 17 1 18 2 13
split_gain=1.32374 2.91977 3.17501 3.11374 2.39028 1.947 5.61269 4.41851 6.79473 2.28033 3.92851 3.19885 3.14384 2.97821 2.83361 3.37366 2.7185 2.71473 2.49352 2.43434 2.58894 2.22966 2.22364 4.33765 5.58944 2.17815 2.40841 4.3001 3.78929 2.0136
threshold=6.2302158620525984e-12 1.8274623751640322 0.11271032318472864 0.11732418835163118 1.2549273106968885e-11 0.0027030734621199043 0.029636015319185072 3.7866065838443327e-09 0.10459606349468233 1.6449170112609866 0.20218244689220397 0.045077237215909095 0.13423800056632612 1.4921487497725678e-11 -0.20909915119409558 0.0048010721460420265 1.1215978434069034e-11 7.9002143134392914e-12 0.0052620093338191518 0.0065382530447095641 4.0004820742432742e-11 0.12466802045118115 0.0068958936530541821 0.10847007483243944 5.7677048464661093e-11 0.038152521306818191 0.50962807788723608 -0.070230714664582819 1.9510817826222195e-10 2.051786065101624
decision_type=2 2 2 2 2 2 2 2 2 2 2 2 2 2 2 2 2 2 2 2 2 2 2 2 2 2 2 2 2 2
left_child=1 2 -1 -4 -2 6 7 8 -6 11 13 12 14 -11 -7 17 -13 -16 -15 22 -21 -18 23 -20 -25 -24 27 -27 -29 -9
right_child=4 -3 3 -5 5 9 -8 29 -10 10 -12 16 -14 18 15 -17 21 -19 19 20 -22 -23 25 24 -26 26 -28 28 -30 -31
leaf_value=0.06946518751201039 -0.17490470624585705 -0.039123143760102591 0.035411985082419911 -0.1243857778271454 0.074501543008827817 0.059348956013274626 -0.085495701452977482 0.0021725603899054998 -0.15441151994630833 -0.16859016382532088 -0.13929138548560727 0.001651949286985273 0.10176760822659757 -0.11021164966579487 0.049448424852599669 0.10376464937817081 -0.1199697707009432 -0.14061006523546901 0.058811636356755417 -0.11248166242139485 0.013905345991310582 0.094157912770927304 -0.049794563510245679 0.07077057505861388 -0.14671028397932248 0.078584843232433782 0.092334125461289968 0.10192787721058777 -0.21308570443631344 0.081769698402149371
leaf_weight=12.795188188552862 0.79367153022394532 5.7739765122532836 3.3479957496747366 1.9179201744300369 1.8886866290122259 1.344879294221754 10.197137251176171 34.309717273223214 4.1367632781038992 0.77576958292047393 1.4836060286888813 240.20076686615357 1.1272796951234347 1.2561211647953303 0.85113075841217867 0.75462861754931498 3.037924248790659 6.4227760025532916 7.8311198301962559 1.9109121729197784 10.67393129872289 0.57896308240015049 1.5500259733526061 1.9531783354468641 2.992079280083999 3.4874867967992049 15.95632543414831 0.55948991496916356 1.202716369207337 3.5026339944452038
leaf_count=36 46 33 13 146 6 22 291 213 84 22 1758 3258 2 124 4 3 5705 272 28 395 1528 24 30 12 36 94 47 60 83 17
internal_value=-4.62114e-05 0.0227782 0.0425676 -0.0227886 -0.00155412 -0.00117193 -0.0186715 -0.00312754 -0.0826584 0.00191873 0.0210789 -0.00197125 -0.0560133 0.0258233 -0.0749886 -0.0974918 0.000356227 -0.118371 0.028878 0.032509 -0.00528555 -0.0856939 0.045895 0.012509 -0.0608141 0.0646395 0.0730039 0.0142503 -0.113071 0.0095458
internal_weight=384.615 23.8351 18.0611 5.26592 360.78 359.986 54.0349 43.8378 6.02545 305.951 51.6328 254.318 10.5007 50.1492 9.37341 8.02854 243.818 7.27391 49.3734 48.1173 12.5848 3.61689 35.5324 12.7764 4.94526 22.756 21.206 5.24969 1.76221 37.8124
internal_count=14392 228 195 159 14164 14118 611 320 90 13507 4217 9290 303 2459 301 279 8987 276 2437 2313 1923 5729 390 76 48 314 284 237 143 230
is_linear=0
shrinkage=0.1


Tree=84
num_leaves=31
num_cat=0
split_feature=3 3 2 11 18 15 15 11 4 1 4 14 6 3 17 3 8 17 1 4 0 19 12 13 4 14 4 14 5 13
split_gain=1.30115 1.52457 1.32335 2.78676 1.59087 1.44723 1.89342 1.93602 1.71004 4.57647 2.64901 2.5007 9.13264 2.21761 2.1067 1.68395 3.85081 3.64131 4.55452 4.4709 2.86029 2.69159 2.67435 3.48006 2.43249 3.47949 2.38962 2.31367 2.96349 2.22338
threshold=0.034831773190458777 0.037965305647151129 5.5525500829353772e-11 3.6757441534973628e-10 0.11702870238911024 1.8962517970066987e-05 1.9283674191683534e-05 3.9685645047971013e-10 2.8078124603818306e-11 0.19212008935602046 2.7141510931751947e-11 0.0040348181501030931 2.5140702881862322e-11 0.060342254350254511 0.081964666193181837 0.066048049402578843 1.0157775576389687e-11 0.075972123579545456 0.14382861473123867 5.8913162521861524e-11 2.0611080881799922e-10 1.3861857652664187 0.14491584151983264 1.2475913763046267 2.8571427034071422e-11 0.0040735353250056514 2.9284728978117148e-11 0.0047311002854257831 0.069741187201511332 1.2341119050979616
decision_type=2 2 2 2 2 2 2 2 2 2 2 2 2 2 2 2 2 2 2 2 2 2 2 2 2 2 2 2 2 2
left_child=-1 -2 4 -4 -3 -5 -7 -8 9 10 11 12 13 -9 -13 16 17 29 -19 -20 21 -17 23 -18 -22 -26 -25 -21 -29 -10
right_child=1 2 3 5 -6 6 7 8 15 -11 -12 14 -14 -15 -16 20 22 18 19 27 24 -23 -24 26 25 -27 -28 28 -30 -31
leaf_value=0.086028213389363339 -0.14540694080585356 0.078445658329969303 -0.13286975685019758 0.072452764035198333 -0.19165726283628601 -0.14262698940325186 0.09255641887101114 0.036563036682701784 0.092152780156713132 -0.13742564098656315 -0.15530186450909972 0.045813487165722304 -0.16537400423776669 -0.050585961494578204 -0.1439268832943085 -0.13038077658877498 0.046257181254470696 0.050938827803201386 -0.21887159984202231 0.069373715694501972 0.095359329500061013 0.096107956391694338 -0.13794271777855069 0.10259995183930488 -0.10148482877641676 -1.6235780802863449e-05 -0.16764420037226568 -0.20492501097291516 0.010295076069044574 0.026792930422669281
leaf_weight=1.7483700473239867 0.72405128685932041 3.3108561932258449 1.589388425252763 2.7237391157577795 0.23343446231956466 0.93770398827109502 2.2294844217340133 9.6777080874890178 10.831470083445312 3.1470759920412084 1.2114386267585349 9.8203536731925816 3.7643315992318085 4.1814100120100184 0.62225030400441106 2.9535119546526398 4.0452187768532877 6.3311251439517928 1.5211826693375767 1.7464380860328672 2.6312825852764936 0.63805871671138437 2.1188964934854084 0.40877317429112769 3.4204330695793024 282.3748542760768 1.6396851839599547 1.0938642840774266 1.5412526834261369 10.018773466115816
leaf_count=228 285 395 497 67 57 118 61 40 43 688 175 87 45 35 1210 433 25 87 19 11 52 34 2136 4 34 7321 80 33 40 52
internal_value=-4.02152e-05 -0.000438849 -0.000160255 -0.000737799 0.0606561 -0.000172697 -0.000708911 -0.000347257 -0.000913582 -0.022837 -0.0105197 -0.00427031 -0.0272476 0.0102695 0.0345073 0.0012191 0.0201201 0.0353343 -0.00797618 -0.0711669 -0.00145384 -0.090144 -0.0411697 -0.00751979 -0.000349445 -0.00123062 -0.113717 -0.019887 -0.079045 0.0607466
internal_weight=379.236 377.488 376.764 373.22 3.54429 371.63 368.907 367.969 365.739 32.4246 29.2775 28.0661 17.6234 13.8591 10.4426 333.315 41.2967 33.0841 12.2339 5.90274 292.018 3.59157 8.21257 6.09368 288.427 285.795 2.04846 4.38156 2.63512 20.8502
internal_count=14392 14164 13879 13427 452 12930 12863 12745 12684 2280 1592 1417 120 75 1297 10404 2530 285 190 103 7874 467 2245 109 7407 7355 84 84 73 95
is_linear=0
shrinkage=0.1


Tree=85
num_leaves=31
num_cat=0
split_feature=8 3 19 7 5 4 5 5 12 14 2 9 5 10 3 12 0 9 0 5 8 5 6 17 8 14 17 13 13 11
split_gain=1.18879 1.49848 2.67746 1.34047 3.37733 2.78162 5.34105 3.07949 2.65221 2.62989 5.25729 2.40375 2.28975 2.12302 2.11965 1.97106 2.43522 5.64525 3.2262 2.92915 2.5971 4.95354 6.07247 3.71403 3.03392 2.88863 7.74729 3.88093 4.85044 6.20692
threshold=5.7097980510391742e-12 0.085248985496708687 0.43522128462791448 0.0062054307155453257 0.027632620976785545 1.0636071328440104e-10 0.022752670831591239 0.020915622047300683 0.10847007483243944 0.0058543058112263688 4.0443163204443509e-10 0.0029886054133578814 0.036699095066913025 2.1054906845092778 0.10050949843061237 0.099847946316003813 1.8949988265755018e-09 0.0024791231051101794 1.8497329410753621e-09 0.043991795069130459 9.2472085028379433e-12 0.016616978329359888 2.5140702881862322e-11 0.041748046875000007 9.2870313792304172e-12 0.0059411523398011932 0.047918146306818191 1.5931416153907778 1.34801721572876 2.8035657129166229e-09
decision_type=2 2 2 2 2 2 2 2 2 2 2 2 2 2 2 2 2 2 2 2 2 2 2 2 2 2 2 2 2 2
left_child=1 -1 -3 4 5 6 7 8 9 -2 13 -8 -6 -11 -7 -5 17 -17 20 -18 21 22 -19 -22 -25 27 -27 28 -23 -30
right_child=3 2 -4 15 12 14 11 -9 -10 10 -12 -13 -14 -15 -16 16 19 18 -20 -21 23 25 -24 24 -26 26 -28 -29 29 -31
leaf_value=0.093544970653421614 0.027291235091408607 -0.1075399411869344 0.085790464758387378 -0.072611435717284886 -0.14704097721699422 0.086600391330626025 -0.17680223551239171 0.058661545979270646 -0.11702651950983273 -0.052089255259254147 0.044290122035520768 0.0078343299965251498 0.061247686185026733 -0.17566748125870624 -0.014123099480671204 -0.15483911342601281 0.025114900147961063 -0.0046608483054986173 -0.12884696087510003 -0.11868893820234733 -0.15415721543178895 0.026209080924892075 -0.15487386681878546 -0.10446838463732283 -0.0038495096625939655 -0.14787390656282387 0.060199421936899082 0.074374283953405312 -0.12950195893121105 0.069786201050373683
leaf_weight=3.0302902808543868 9.0887124347500627 1.3814439273264727 1.4878907691163474 3.5559490683663162 2.966243142553139 4.7052805339917523 2.947276911407243 5.6373224358540019 2.7034322981926371 2.9896413125097734 3.6868331925943494 0.92684445856139053 0.64201778563437972 2.5984481498599052 3.757981521775946 2.3856971654458894 53.924399707117118 11.19976443589985 1.9388002179875901 1.4546577184228215 1.7055388756562013 60.573345946411791 3.5424510805969467 3.0558061328483737 154.97906850093477 3.4206925418111487 3.7524059794959612 14.354234741535036 4.6054561890086907 2.3655833869706839
leaf_count=13 52 27 17 148 99 16 65 27 53 17 20 18 27 23 28 67 894 293 73 88 116 536 46 44 11184 53 166 52 113 17
internal_value=-3.11431e-05 0.0445037 -0.00728864 -0.000742278 -0.017416 -0.0088612 -0.0229037 -0.00698529 -0.0245517 -0.0109378 -0.0483994 -0.13263 -0.10998 -0.109553 0.0418757 0.00143369 0.00224821 -0.00169816 -0.000322054 0.0213376 0.000623422 0.0129371 -0.040756 -0.00737916 -0.0057951 0.0218239 -0.0390262 0.0271534 0.0171182 -0.0618746
internal_weight=375.364 5.89962 2.86933 369.464 42.65 39.0418 30.5785 26.7044 21.0671 18.3636 9.27492 3.87412 3.60826 5.58809 8.46326 326.814 323.258 267.879 265.493 55.3791 263.554 103.814 14.7422 159.74 158.035 89.0717 7.1731 81.8986 67.5444 6.97104
internal_count=14392 57 44 14335 445 319 275 192 165 112 60 83 126 40 44 13890 13742 12760 12693 982 12620 1276 339 11344 11228 937 219 718 666 130
is_linear=0
shrinkage=0.1


Tree=86
num_leaves=31
num_cat=0
split_feature=3 3 18 10 17 3 13 10 11 11 11 19 19 2 6 14 10 11 13 12 3 19 9 8 4 4 6 15 17 4
split_gain=1.19327 3.21846 1.92045 2.30796 2.23978 3.67322 2.09714 1.66321 2.35569 1.95841 1.7068 1.52185 4.74115 3.30625 2.81628 2.85959 7.97398 4.9887 6.7778 6.24794 4.41025 5.29168 4.20624 4.62888 3.65294 5.74763 3.49241 3.4663 3.38103 2.8493
threshold=0.048617660168789899 0.049665003125718414 -0.012943694766280796 1.2801109552383425 0.078280362215909102 0.034831773190458777 1.1456995010375979 1.3869627714157107 6.2521066102050337e-10 3.9685645047971013e-10 4.0723317773494477e-10 0.38611428439617163 0.41004285216331487 7.5456128606661576e-10 2.1113617200777339e-11 0.0051659808959811935 2.2018435001373295 1.0146975482072664e-09 1.2557580471038821 0.1295832768082619 0.075698537854296324 0.50757464766502391 0.0054575284892394568 9.111528150633045e-12 3.1153350014165137e-11 1.3134456426912555e-10 7.6735013115053438e-11 2.5191891836584549e-05 0.038773970170454551 1.2274743333110592e-10
decision_type=2 2 2 2 2 2 2 2 2 2 2 2 2 2 2 2 2 2 2 2 2 2 2 2 2 2 2 2 2 2
left_child=2 -2 3 -1 -4 -6 -7 8 -3 -9 -11 13 -13 -12 -14 17 -17 18 20 -20 21 27 -22 -24 -25 26 -26 -16 -18 -30
right_child=1 7 4 -5 5 6 -8 9 -10 10 11 12 14 -15 15 16 28 -19 19 -21 22 -23 23 24 25 -27 -28 -29 29 -31
leaf_value=-0.088695219873116959 -0.18553749750594931 -0.13586364439980964 0.043540885472014262 0.068041532114893041 0.088403360108300133 0.055697984656350376 -0.15633569341694822 0.083318196498673336 0.1039786004216544 -0.16239339172928469 -0.009122573205090247 0.063978818739963458 0.04457361259262111 0.06476594137218282 -0.20932169623055394 -0.088586560734373571 -0.11178763595493467 0.040415605168323036 0.0018229196917435683 -0.19089959453813368 0.092464947256951868 0.05114146931846994 -0.16916628046832449 0.058896322407943215 -0.17182852014684233 0.091903972067997219 0.02409189010712743 0.0025220612084629192 -0.044035419426754825 0.022693442481858884
leaf_weight=1.041907353108402 0.946034640459401 1.8827972802664583 3.8618219054696947 9.5563304028692055 1.1902858966968777 0.56981375720351968 2.5718189599228936 2.7805587577258839 0.52333909273147572 0.65355188054854707 182.67232743367549 13.214000109297556 13.646565403518251 6.2636024944949886 1.3521078255726053 13.124382044382399 2.4914287864230564 30.690217523015235 3.0657359991455442 3.727423781525431 2.1295026242732993 19.849682797899732 2.9524352555163196 3.3260763393191137 3.7160539871947549 1.648126308689825 1.204832569521386 1.801471989310812 8.1351954914716753 29.983065202453872
leaf_count=137 171 163 27 820 134 13 1035 261 1 48 3643 156 294 58 33 4223 38 232 21 166 7 151 33 24 122 12 10 15 1703 641
internal_value=-2.75338e-05 -0.00133908 0.0245242 0.0526328 -0.0118331 -0.0611979 -0.117878 -0.000842381 -0.0836975 -0.00027021 -0.000942635 -0.000636785 0.00667114 -0.00667302 0.00136981 -0.00319361 -0.0208243 0.00936035 -0.0119267 -0.103924 0.00452807 0.0320241 -0.0377032 -0.0592789 -0.0264914 -0.0697255 -0.123859 -0.0883067 0.00107539 0.00845218
internal_weight=370.572 351.781 18.792 10.5982 8.19374 4.33192 3.14163 350.834 2.40614 348.428 345.648 344.994 156.058 188.936 142.844 129.198 53.7341 75.4637 44.7734 6.79316 37.9803 23.0033 14.977 12.8475 9.89509 6.56901 4.92089 3.15358 40.6097 38.1183
internal_count=14392 12226 2166 957 1209 1182 1048 12055 164 11891 11630 11582 7881 3701 7725 7431 6605 826 594 187 407 199 208 201 168 144 132 48 2382 2344
is_linear=0
shrinkage=0.1


Tree=87
num_leaves=31
num_cat=0
split_feature=8 19 12 12 13 19 13 12 7 18 14 2 1 8 0 13 12 1 5 12 6 18 3 12 5 7 5 6 18 4
split_gain=1.08166 3.2125 4.88783 2.63629 2.32209 2.27526 3.36258 2.38412 2.34787 2.42908 2.30746 2.18806 4.11475 3.5995 2.93256 4.86111 5.4626 2.96558 2.90998 2.71085 2.23137 4.0379 3.23566 3.13557 2.45114 2.20066 3.14859 2.30659 2.72647 3.65079
threshold=9.846275770178369e-12 1.1740625500679018 0.12273795902729036 0.13440583646297458 1.2580376267433169 1.1083936691284182 1.273654103279114 0.1362835839390755 0.014479315416033848 -0.19624474327164615 0.0050970898009836682 2.5246243565359724e-10 0.31593535096539849 1.1089389868552655e-11 7.3452733277847915e-10 1.2950316667556765 0.11442179977893831 0.28671810887333321 0.018684277810134698 0.15205423533916476 6.7106910069717601e-11 0.060110618148676374 0.090336797047047571 0.14491584151983264 0.097567285911192486 0.0064794330106162134 0.015243895744529458 2.7750099827222796e-11 -0.023147855800661171 1.0755918604137831e-10
decision_type=2 2 2 2 2 2 2 2 2 2 2 2 2 2 2 2 2 2 2 2 2 2 2 2 2 2 2 2 2 2
left_child=1 -1 -3 -4 -5 11 7 -7 9 -8 -9 12 13 14 15 17 -17 19 -14 20 21 22 23 -2 -25 26 -13 -27 29 -29
right_child=5 2 3 4 -6 6 8 10 -10 -11 -12 25 18 -15 -16 16 -18 -19 -20 -21 -22 -23 -24 24 -26 27 -28 28 -30 -31
leaf_value=0.00011594568378538005 0.038174608146843689 -0.088283568809006951 0.07783722316557086 0.030108895209114341 -0.15034785910194914 0.082795585700364965 0.099644649696418328 0.028303754847327375 -0.13481740168395787 -0.14350009707983413 -0.18762348699818621 0.094674841043037916 0.059015983667504428 -0.13574095230269986 0.089981591181684584 0.076855310423766338 -0.14712680020110669 -0.14570350887109623 -0.140475166373836 -0.079600832758109086 0.072406202122598615 -0.1277743445197343 -0.095015576281445885 -0.12082762643358842 0.084088371075857093 0.077358238109375602 -0.17619073598370896 -0.1469617698181038 0.033775123164459096 0.0019930946809771696
leaf_weight=243.61228389554162 23.195575499208655 2.5735396388918188 14.740009838948028 2.779836787609383 0.95909479989859381 2.3864481305499776 1.0232857689334194 1.1468060737315684 4.7036702326849991 0.68654305622658274 0.87061638021987153 0.64125647919718076 0.89717220538659503 2.0951548350303701 3.2450145492330185 1.4365662052296091 4.49872359692381 1.2842482468113292 3.9528805205263779 3.2001391385074376 5.9533966333256094 2.1161916346209173 2.4311492183733199 2.3099273011684995 0.78113475441932667 6.2844880931515972 1.2974275366432264 2.1978789114655246 16.289726814196911 6.546142493665684
leaf_count=2983 196 23 41 39 49 9 7 41 5216 199 65 6 50 3508 8 6 134 19 188 292 34 79 83 102 5 177 53 92 419 269
internal_value=-1.08101e-05 0.00335468 0.0408322 0.0588141 -0.0161811 -0.0087889 -0.0521377 0.0151454 -0.098338 0.00201538 -0.0648794 -0.00361629 -0.0154421 -0.00730773 -0.0019742 -0.00829525 -0.0929146 0.00387386 -0.103573 0.00867772 0.0163571 0.00553517 0.0153586 0.0255667 -0.0690438 0.0167936 -0.0865968 0.0231938 0.00959626 -0.0354479
internal_weight=366.136 264.665 21.0525 18.4789 3.73893 101.472 10.8174 4.40387 6.4135 1.70983 2.01742 90.6542 57.3973 52.5472 50.4521 47.2071 5.93529 41.2718 4.85005 39.9875 36.7874 30.834 28.7178 26.2866 3.09106 33.2569 1.93868 31.3182 25.0337 8.74402
internal_count=14392 3135 152 129 88 11257 5537 115 5422 206 106 5720 4704 4466 958 950 140 810 238 791 499 465 386 303 107 1016 59 957 780 361
is_linear=0
shrinkage=0.1


Tree=88
num_leaves=31
num_cat=0
split_feature=5 14 11 1 19 4 18 2 12 1 7 7 13 4 8 4 17 12 13 14 7 13 13 18 6 12 18 17 15 14
split_gain=1.14046 2.66887 3.74101 4.08852 2.93346 2.20606 2.12416 1.82716 3.29182 3.62352 1.92432 1.59547 1.70154 1.50981 1.47027 1.5406 2.23626 1.45845 9.72571 4.77833 4.53659 3.74064 2.99597 8.36329 3.47283 2.96766 2.93284 3.52682 2.94806 2.82122
threshold=0.078478300680399155 0.00546310585923493 1.5238826867047808e-09 0.29013865234593988 0.74022659659385692 2.2200748707145682e-10 -0.042876491047949945 9.2852898231670201e-10 0.15339156240224841 0.57201107988377353 0.044755486627899695 0.039575706307761319 1.1196660399436953 1.4841364815909304e-10 1.0157775576389687e-11 1.8489291940324825e-10 0.065274325284090925 0.1362835839390755 1.2557580471038821 0.0052464161999523648 0.019037376164833694 1.7391805648803713 1.1952499151229861 -0.070230714664582819 2.5751274374451749e-11 0.14437683671712878 0.044522400860759349 0.075572620738636367 2.0659465917560741e-05 0.0042447773739695558
decision_type=2 2 2 2 2 2 2 2 2 2 2 2 2 2 2 2 2 2 2 2 2 2 2 2 2 2 2 2 2 2
left_child=5 14 4 -4 -3 7 -6 8 10 -10 11 12 -1 -9 -2 16 -16 22 19 20 29 -20 23 24 -14 -22 27 -25 -29 -19
right_child=1 2 3 -5 6 -7 -8 13 9 -11 -12 -13 17 -15 15 -17 -18 18 21 -21 25 -23 -24 26 -26 -27 -28 28 -30 -31
leaf_value=0.056747321630631134 0.070462054966646689 -0.12187604157665897 0.079114511834044776 -0.12526527474776011 -0.16120840110327661 -0.11990803726221999 0.096191698837070738 -0.0081208591135864695 -0.12835859536601676 0.0061195114974169958 0.072494159076173126 -0.066586585619884606 -0.0025814554134668353 0.094106921744724445 0.063724088838824453 0.048973758963435213 -0.15076871806086187 0.076398051061878303 -0.11165468878754975 -0.10903915677239845 0.054130367725631734 0.067214037645755995 0.0049900662954667149 -0.052746146424756252 -0.17521643846002891 -0.024199890975737715 -0.071259513801525565 -0.012411810540906069 0.093176634803290012 -0.15034736026289602
leaf_weight=5.1049450695718397 9.8607540794182587 3.9411306488036626 4.9224137240380514 1.2217235558782702 0.4231325111031764 1.5688156975811569 1.3231273639976278 2.3973307374399146 4.2681679298075306 3.7765801977366209 3.5751491115952367 3.6976914516999377 1.554173544980588 3.6357809379696846 0.81841043662279789 3.054530446534045 1.1969644043711012 0.72719557578966787 11.215530922048854 3.0319702366177799 20.53381263163465 1.3052338034940465 235.00875113822622 4.5798309603706029 4.6567400782369077 6.3271253591119594 4.4100338795687994 4.3627389278262836 6.7129944870248437 2.2359371274287696
leaf_count=42 68 308 76 73 63 152 26 28 8942 38 22 39 15 22 4 17 37 32 899 86 139 138 2484 54 54 279 63 33 17 142
internal_value=-1.49169e-05 0.0198495 -0.0156255 0.0384749 -0.0740705 -0.00160331 0.0338216 -0.00104616 -0.002052 -0.0652283 -0.000458977 -0.00128575 -0.000511256 0.0534855 0.0479609 0.00419722 -0.0636667 -0.00146443 -0.0180128 0.0105665 0.0227258 -0.0930084 0.00140949 -0.030614 -0.132018 0.0356796 0.000773435 0.0210645 0.0515853 -0.0947008
internal_weight=361.449 26.7622 11.8315 6.14414 5.68739 334.687 1.74626 333.118 327.085 8.04475 319.04 315.465 311.767 6.03311 14.9307 5.06991 2.01537 306.662 45.3768 32.856 29.8241 12.5208 261.285 26.2765 6.21091 26.8609 20.0656 15.6556 11.0757 2.96313
internal_count=14392 672 546 149 397 13720 89 13568 13518 8980 4538 4516 4477 50 126 58 41 4435 1715 678 592 1037 2720 236 69 418 167 104 50 174
is_linear=0
shrinkage=0.1


Tree=89
num_leaves=31
num_cat=0
split_feature=3 15 7 12 9 15 4 5 6 0 8 10 8 14 2 19 3 5 8 14 9 10 11 13 2 4 17 4 6 18
split_gain=1.08688 1.73594 1.50754 4.88651 1.74823 1.32504 1.85444 4.97011 2.41283 1.57772 1.9434 1.72388 1.2637 5.8594 4.8201 9.05548 4.84762 3.7301 3.51924 3.66985 4.97942 3.91103 5.42747 2.94892 4.62625 5.17978 2.7997 2.34901 2.27644 2.26559
threshold=0.043339791514058049 1.8631178136274688e-05 0.02138882273716251 0.12058012560009958 0.0066600156541764734 1.8962517970066987e-05 2.039518218062806e-11 0.012448729853069279 2.1298784502747112e-11 1.5431596503317794e-10 8.7372080086981492e-12 1.4349893331527712 8.7372080086981492e-12 0.005819158162921668 3.0343489666534825e-10 0.024004437960684303 0.083012278316349719 0.016708078623880105 8.4385978301656795e-12 0.0062843735795468101 0.0024156076391914322 2.2987757921218877 5.6163389494656721e-09 1.7706168889999392 3.948812923488299e-10 9.2004759343989849e-11 0.038152521306818191 9.6507844462716092e-11 2.2313098796094642e-11 0.091128474313088445
decision_type=2 2 2 2 2 2 2 2 2 2 2 2 2 2 2 2 2 2 2 2 2 2 2 2 2 2 2 2 2 2
left_child=2 -2 3 -1 -5 -3 7 8 -7 10 -8 -11 13 29 15 28 -17 -16 19 23 21 22 -21 24 25 -19 -23 -25 -15 -13
right_child=1 5 -4 4 -6 6 9 -9 -10 11 -12 12 -14 14 17 16 -18 18 -20 20 -22 26 -24 27 -26 -27 -28 -29 -30 -31
leaf_value=0.099971014616566239 -0.12425640945428179 0.07388312016317955 0.081390164176691593 0.095051664053220658 -0.16085483463522263 -0.14367357603260913 -0.15232407059829933 -0.14515192376589514 0.056672421691489588 -0.10870729213651414 0.088431472654659324 0.048001026318775064 -0.0042920626022428495 -0.21323102031813887 -0.11039886320066739 0.055327207502173084 -0.14134974996424751 0.013181205551770324 -0.10683259746350567 -0.17562691040685627 0.081650199951344482 -0.13415941894799382 0.0083347860826279777 0.024915316636449785 0.062413662096435708 -0.16902321341210136 0.025110750965707668 0.10381388711867619 -0.061984532128440309 -0.024895676682663508
leaf_weight=2.105545944243203 1.1359856236595067 2.3825052882093578 3.8582770866596547 0.31866471088869719 1.6450535186568229 0.72985739290925167 0.37215558096067924 3.1642329409069134 3.4081363202203647 1.4684390130187228 3.3839506911244825 35.027840105974974 228.05387554102253 3.546840712282572 2.7389911515638223 5.1292752662848216 1.6583857960358726 4.1546116916579212 2.4745779358636346 3.9955534277833094 3.9404737871227544 1.3046758573036621 2.6791577273979783 6.8774148095399132 6.7143390541896224 2.4985764061566442 7.1640528108982835 8.3611378073692304 1.3832449357141738 4.854348136290354
leaf_count=9 479 93 907 16 322 101 11 249 63 34 699 378 10212 57 26 56 75 33 59 83 68 24 14 24 23 40 104 19 15 99
internal_value=-7.42971e-06 -0.000840048 0.0366058 -0.0058565 -0.119327 -0.000436559 -0.000949671 -0.0508076 0.0213355 0.000128165 0.0645774 -0.000596564 -0.00011919 0.00898711 -0.00961503 -0.0676461 0.00727438 0.00323842 0.00944303 0.0154764 -0.0184866 -0.0445431 -0.101787 0.0381341 0.00385351 -0.0552449 0.000573899 0.0682056 -0.170795 0.0391282
internal_weight=356.53 348.603 7.92754 4.06926 1.96372 347.467 345.084 7.30223 4.13799 337.782 3.75611 334.026 332.557 104.503 64.6213 11.7177 6.78766 52.9036 50.1646 47.69 19.0839 15.1434 6.67471 28.6061 13.3675 6.65319 8.46873 15.2386 4.93009 39.8822
internal_count=14392 13138 1254 347 338 12659 12566 413 164 12153 710 11443 11409 1197 720 203 131 517 491 432 293 225 97 139 96 73 128 43 72 477
is_linear=0
shrinkage=0.1


Tree=90
num_leaves=31
num_cat=0
split_feature=8 13 12 12 6 9 8 11 6 6 12 3 14 11 19 7 13 17 18 8 6 5 5 7 8 0 17 8 5 6
split_gain=1.05421 2.41303 2.88472 2.57195 2.01662 1.46908 4.10088 7.76574 3.7423 3.2973 7.80947 3.06834 3.04173 5.17071 4.80653 2.67248 2.51111 3.19938 3.17942 2.79434 2.62042 2.43413 2.34949 2.87507 2.34431 5.05103 4.13384 3.38207 2.63751 4.45632
threshold=6.2302158620525984e-12 1.8080143332481386 0.11271032318472864 0.11732418835163118 1.2549273106968885e-11 0.0028432326802777892 8.3269750362178193e-12 4.9938118085179903e-09 3.0403490502350481e-11 2.1934704817580574e-11 0.10459606349468233 0.078704390282443554 0.0060732336714863786 4.3439107866305457e-09 0.84517028927803051 0.0064794330106162134 1.6449170112609866 0.041748046875000007 0.20218244689220397 8.0165471212769988e-12 1.4921487497725678e-11 0.014745107940098262 0.017008777026644589 0.0070395997297964912 8.7372080086981492e-12 1.8450686535743062e-10 0.047918146306818191 1.0236249237689244e-11 0.016708078623880105 2.2313098796094642e-11
decision_type=2 2 2 2 2 2 2 2 2 2 2 2 2 2 2 2 2 2 2 2 2 2 2 2 2 2 2 2 2 2
left_child=1 2 -1 -4 -2 6 8 21 9 10 -6 -12 -11 14 -14 -15 17 -7 20 -19 -18 -8 -9 -24 25 -21 27 -26 29 -27
right_child=4 -3 3 -5 5 16 7 22 -10 12 11 -13 13 15 -16 -17 18 19 -20 24 -22 -23 23 -25 26 28 -28 -29 -30 -31
leaf_value=0.073534856796455716 -0.16727775137309206 -0.028554221769690354 0.033666485515012244 -0.12090769306168379 0.030613685409464422 -0.1205840946706242 -0.01550106638783217 0.10260697459251651 -0.10540476304478325 0.084578166626952264 0.0096226066919981555 -0.15091333791091935 -0.15273018936352548 -0.012914937442816516 0.10756925056230482 0.086663349960777014 -0.17031862772785517 -0.12519400240356637 -0.13655977296742566 -0.15081066737252977 0.033467120216144959 -0.15120503320202128 -0.10739030014589775 0.033064196406260203 -0.13424394711137849 0.086390187115862854 -0.00075011458066490393 0.020121847537381055 0.052471542897825296 -0.17901537988809846
leaf_weight=10.234022900462152 0.73125364150837313 6.6829379415139547 3.0406234748661509 1.6663543818858668 9.9839695356786269 2.250237285043112 1.6410315455868856 2.1066326126456243 3.0489090071350793 7.8609894812107113 1.5839696004986752 4.7938634693564381 2.9875169550068672 4.8037339267320913 0.93028753995895375 6.140123549150303 0.64158072712598269 1.790523441552067 1.1793580455941981 1.4646158451978433 38.233627659697959 6.7942358495929511 2.3312301103724167 3.8880393839208409 4.2409654120565383 1.1837356749347265 195.65253720944202 2.1332545723998919 20.690712658011762 1.3588880495044575
leaf_count=32 46 37 13 146 40 167 11 10 62 22 7 132 89 37 1 21 21 298 1755 37 2366 193 47 45 134 48 8366 46 146 17
internal_value=3.03925e-06 0.021394 0.0437353 -0.0210555 -0.00139676 -0.00102886 -0.0153427 -0.0571799 0.0013006 0.0096245 -0.0246043 -0.111043 0.0342714 0.007662 -0.0909218 0.0429541 0.00208394 -0.00192781 0.0251967 -0.000759373 0.0301039 -0.124805 0.0113331 -0.0195837 0.00022333 0.0293059 -0.00333204 -0.0825825 0.0406603 -0.055454
internal_weight=352.07 21.6239 14.941 4.70698 330.446 329.715 58.8945 16.7612 42.1334 39.0845 16.3618 6.37783 22.7227 14.8617 3.9178 10.9439 270.82 230.765 40.0546 228.515 38.8752 8.43527 8.3259 6.21927 226.725 24.698 202.027 6.37422 23.2333 2.54262
internal_count=14392 228 191 159 14164 14118 717 306 411 349 179 139 170 148 90 58 13401 9259 4142 9092 2387 204 102 92 8794 248 8546 180 211 65
is_linear=0
shrinkage=0.1


Tree=91
num_leaves=31
num_cat=0
split_feature=3 3 18 5 19 10 11 15 13 0 0 13 1 0 3 9 13 13 18 18 5 19 14 18 9 7 7 14 10 12
split_gain=1.05204 2.61048 1.52642 1.4057 1.28772 1.24235 1.83269 1.57478 2.09691 1.44927 2.9963 1.78846 1.51402 5.35642 1.93857 1.43848 3.00141 1.26377 4.43417 5.52945 4.1103 3.67789 2.67444 2.26194 1.95803 1.90066 4.62332 2.5548 4.24315 2.49937
threshold=0.048617660168789899 0.049665003125718414 0.075150274978527304 0.035893418677008203 -0.0084396032616496069 1.3869627714157107 6.2521066102050337e-10 1.9679460820043463e-05 1.1842007637023928 1.7663488922382844e-10 1.6927575250604642e-10 1.1691681146621706 0.13804137620160484 2.0611080881799922e-10 0.085248985496708687 0.0070050214345830824 1.1408441662788393 1.1884955167770388 -0.08028041063384575 0.038673853840340271 0.069741187201511332 0.83137318491935741 0.0050254634115844974 -0.12110385942188175 0.006758139104489024 0.028077199343036017 0.027378677024067977 0.0055682982783764609 2.3971505165100102 0.13564120233058932
decision_type=2 2 2 2 2 2 2 2 2 2 2 2 2 2 2 2 2 2 2 2 2 2 2 2 2 2 2 2 2 2
left_child=2 -2 4 -4 -1 6 -3 8 -7 10 11 -9 14 -14 15 -11 -17 18 20 24 21 -15 -22 -24 -20 26 29 -27 -29 -19
right_child=1 5 3 -5 -6 7 -8 9 -10 12 -12 -13 13 17 -16 16 -18 25 19 -21 22 -23 23 -25 -26 27 -28 28 -30 -31
leaf_value=-0.084862503499094799 -0.17865680888718391 -0.1279764669738519 -0.14934191756123508 0.081633539972947422 0.040161660560084744 -0.13697140420613071 0.10326795512839473 0.042076594156738645 0.10113643372752981 0.060102289022996858 -0.1941347408006675 -0.14647816360721885 -0.17439115972648878 -0.20365669184828966 -0.12722853503053105 0.054899351042558386 -0.19205487234205565 0.0036752513889320992 0.036779668308133555 -0.11871349247608237 0.10101564693250265 -0.033941167489541825 -0.15002361004693607 0.0096710242875860178 -0.089247304848301012 0.039251269106050465 -0.15423157796482698 -0.14545805732860981 0.019394162209986836 -0.026668441957064967
leaf_weight=0.87313454222930964 0.82735500643502646 1.6047391461743239 0.89198919382852071 0.3739520401104528 14.587597614314291 0.42665863035654128 0.43579837679862965 2.0666212302203348 2.7780792127032328 9.6163562703222798 1.1866420184787783 0.66488127084448922 1.7847929677745913 3.1443122667406005 0.70511605558567758 1.4349301219917845 0.74905032073638711 207.1385551146268 16.852606851665776 3.0124970320612183 1.5395536273717878 2.1500108019026811 1.5074949877161996 2.1546964981389469 1.330096125609997 25.505114768925523 1.9673203358161107 2.1565330715184237 5.6571658269567706 31.239073559193457
leaf_count=33 171 163 584 13 1536 50 1 100 247 85 105 494 73 65 124 17 445 2394 201 106 13 36 90 45 70 172 161 2440 1032 3326
internal_value=-9.1922e-06 -0.00125067 0.0244568 -0.081113 0.033101 -0.000804275 -0.0785895 -0.000318537 0.0694363 -0.00100942 -0.0614583 -0.00381995 -0.000268454 -0.00165717 0.033839 0.0434634 -0.0297997 -0.000647542 -0.0195522 0.00677048 -0.0727069 -0.134736 -0.00957423 -0.0560653 0.0275606 0.00154169 -0.00156123 0.0239246 -0.026104 -0.00030125
internal_weight=346.363 329.636 16.7267 1.26594 15.4607 328.809 2.04054 326.768 3.20474 323.563 3.91814 2.7315 319.645 307.14 12.5055 11.8003 2.18398 305.355 31.6913 21.1952 10.4961 5.29432 5.20175 3.66219 18.1827 273.664 240.345 33.3188 7.8137 238.378
internal_count=14392 12226 2166 597 1569 12055 164 11891 297 11594 699 594 10895 10224 671 547 462 10151 626 377 249 101 148 135 271 9525 5881 3644 3472 5720
is_linear=0
shrinkage=0.1


Tree=92
num_leaves=31
num_cat=0
split_feature=5 14 4 1 12 13 1 12 12 9 18 7 2 5 4 14 13 13 2 18 4 7 7 18 12 13 19 9 15 11
split_gain=1.06446 3.30158 3.16206 2.82752 2.64825 2.3268 2.57962 3.26298 2.17241 3.29569 2.37789 3.42426 2.76872 2.23099 2.22833 2.29241 2.06241 1.93925 5.56077 4.5312 7.3476 3.24267 5.02152 2.37033 2.29717 4.39029 4.52393 2.72099 2.55425 6.78359
threshold=0.067901919787979534 0.0052135330624878415 1.8921771726702614e-10 0.31369090337581912 0.1430047228932381 1.2164528965950014 0.24887417213082513 0.15205423533916476 0.13945068418979648 0.0062140577564233383 -0.15117192358328874 0.044755486627899695 1.7240964471566656e-10 0.065040697231269803 4.6936574031924695e-11 0.0041737460996955642 1.7391805648803713 1.1952499151229861 1.3322442606565624e-10 -0.070230714664582819 4.866847721467985e-11 0.024682477703536512 0.023779629191273629 0.044522400860759349 0.13564120233058932 1.2309515476226809 -0.059724157676100724 0.0068489426324916929 2.75747570412932e-05 6.2521066102050337e-10
decision_type=2 2 2 2 2 2 2 2 2 2 2 2 2 2 2 2 2 2 2 2 2 2 2 2 2 2 2 2 2 2
left_child=8 -2 4 5 -3 6 7 -4 13 10 12 -12 -10 17 15 -11 -5 18 19 20 -1 22 24 -21 27 -26 -27 28 29 -19
right_child=1 2 3 16 -6 -7 -8 -9 9 14 11 -13 -14 -15 -16 -17 -18 21 -20 23 -22 -23 -24 -25 25 26 -28 -29 -30 -31
leaf_value=-0.18511607776631592 0.048865062448902735 -0.00936785621893714 0.069919690961926739 -0.125025120441392 -0.13126546805910411 0.062481811477978537 -0.13882425457615566 -0.073986045733559866 0.05287806081386013 0.08607045424839975 -0.14177606239940085 0.066694239686621734 -0.14304615307539612 -0.10918005133955544 0.0063190906393484408 -0.1365124366497083 0.10088515021491627 0.0056238058731086357 -0.13757807081701387 0.03621061252937044 0.036552483991369962 0.040652782813740546 -0.14706383671157006 -0.049295941994431658 0.059218093039943756 0.094854611420516224 -0.15693009362950811 0.045815187430786448 0.0052519282464397587 -0.11548078284925059
leaf_weight=3.2095739957876566 17.103952287696302 3.9763451078906682 4.0592215114738854 2.1568017197569129 3.2299507460920722 9.194679094514866 1.3238570905523372 2.5752725438069319 2.3362645033594167 0.58679357122310039 5.4190222909628556 0.92196578532457341 1.0434127197731866 1.8317679124884296 19.538780845177826 2.1881426210284189 0.49728759203571815 15.271008274168709 3.6888925209641448 14.98278115456924 2.7997068092226982 22.507601266726851 2.2739456301205783 4.137178818229585 2.2941218076011856 0.87854946916922916 3.8008824949029076 14.631041447602909 167.73482050206076 6.6348507726797825
leaf_count=43 128 27 25 119 314 158 37 196 29 41 735 4 57 30 2751 6721 4 95 79 85 13 113 26 45 23 13 191 201 1984 105
internal_value=-1.36139e-05 0.0144857 -0.0072821 0.0133546 -0.0640039 0.0282167 -0.0113715 0.0140606 -0.00215505 -0.0267604 -0.0753567 -0.111465 -0.00760991 0.000800647 -0.00559009 -0.0894446 -0.0826971 0.00156132 -0.0229275 -0.0060972 -0.0818413 0.00455133 0.000745781 0.0177087 0.00233687 -0.0541022 -0.109658 0.00426363 0.00105787 -0.0310564
internal_weight=342.828 44.1174 27.0134 19.8071 7.2063 17.153 7.95835 6.63449 298.711 32.0344 9.72067 6.34099 3.37968 266.677 22.3137 2.77494 2.65409 264.845 28.8181 25.1292 6.00928 236.027 213.519 19.12 211.245 6.97355 4.67943 204.272 189.641 21.9059
internal_count=14392 1008 880 539 341 416 258 221 13384 10338 825 739 86 3046 9513 6762 123 3016 265 186 56 2751 2638 130 2612 227 204 2385 2184 200
is_linear=0
shrinkage=0.1


Tree=93
num_leaves=31
num_cat=0
split_feature=19 19 2 18 18 13 14 6 19 11 3 13 6 14 6 6 19 14 10 7 12 13 17 18 12 13 19 15 4 0
split_gain=0.957172 3.45025 2.55958 2.43009 6.39007 3.64625 3.21214 2.45449 2.27347 4.06276 5.57913 3.15658 1.877 3.40859 2.70705 5.28335 4.03067 3.38544 5.03238 3.15212 4.14415 2.91376 5.94203 3.84814 2.98733 3.06799 2.89246 3.96051 3.24083 2.73305
threshold=0.38611428439617163 0.41004285216331487 7.5456128606661576e-10 0.1575168075928973 0.12570144314403564 1.7600145339965823 0.006735291564837099 2.1113617200777339e-11 0.34800882637500768 4.3439107866305457e-09 0.055306024700278865 1.127483129501343 2.1113617200777339e-11 0.0061364327557384976 2.928060109641789e-11 2.7750099827222796e-11 0.47808961570262914 0.0051659808959811935 2.2018435001373295 0.0066085306253508913 0.1260071396827698 1.2164528965950014 0.069802024147727279 0.067858548168177643 0.13945068418979648 1.2557580471038821 0.43522128462791448 4.5197035433375283e-05 1.2508392963096813e-10 5.6826018870741819e-10
decision_type=2 2 2 2 2 2 2 2 2 2 2 2 2 2 2 2 2 2 2 2 2 2 2 2 2 2 2 2 2 2
left_child=2 -2 3 4 6 -6 8 -5 -1 10 -10 -12 13 -3 15 16 -14 21 29 -18 -21 22 -16 -24 -23 -26 -20 28 -28 -19
right_child=1 12 -4 7 5 -7 -8 -9 9 -11 11 -13 14 -15 17 -17 19 18 26 20 -22 24 23 -25 25 -27 27 -29 -30 -31
leaf_value=-0.0009965995732242577 0.056106906813585544 0.050248791970581047 0.061805239657095105 -0.075911799348732767 -0.065104899988490852 -0.26780930378656981 -0.08091767160325751 0.062709826286607526 0.064728364803802632 0.10390470420005554 0.066327707470686878 -0.14432582617467002 -0.16046814533924669 -0.15122682815020747 -0.12743401591119918 -0.17049365104227412 -0.17802735224206157 -0.037996763126618295 0.094491416983305529 0.043594970196788672 -0.08561401480867227 0.046461251198885389 0.024370171238622951 -0.14057877816321734 0.0044900274535028435 -0.19370594869352176 -0.13446730692096023 -0.052261129631426907 0.037298769174840089 -0.14443308302838984
leaf_weight=155.10237244789369 12.582465806676735 12.560575782053089 5.6156253251247099 1.507489081101993 2.5382864059565686 1.3644049212743992 5.6191543277500378 8.365704714016827 2.1766370424302277 1.4868573835119594 0.80740419885842118 5.9789476895548432 1.7348271342443755 0.89986952401886888 3.5736877915333052 2.5742184289697425 0.92378587927669187 6.1688733171786208 3.0266954807957545 10.424344607876263 3.2581068516446967 32.981850627766107 19.171057996238236 1.5269848013267608 3.3816819640342137 1.0155802101535298 1.1880920920266387 11.813276401635447 14.559151733606994 3.9619109353970998
leaf_count=3004 228 397 58 29 132 25 1385 121 69 4 18 183 82 27 42 160 16 2680 31 95 572 153 239 49 37 79 1212 949 280 2036
internal_value=-2.54474e-05 0.00602776 -0.00470527 -0.00672476 -0.00944686 -0.135972 -0.00656211 0.0415444 -0.00403834 -0.0491856 -0.0745815 -0.119263 0.00135136 0.0367796 -0.00258056 -0.0373361 -0.0163597 0.00384141 -0.0185355 0.000756542 0.0128273 0.0186205 -0.00835825 0.0122012 0.0361388 -0.0412848 0.0016968 -0.0084939 0.0243394 -0.0796215
internal_weight=337.89 147.327 190.563 184.947 175.074 3.90269 171.171 9.87319 165.552 10.4498 8.96299 6.78635 134.745 13.4604 121.284 18.9153 16.3411 102.369 40.718 14.6062 13.6825 61.6508 24.2717 20.698 37.3791 4.39726 30.5872 27.5605 15.7472 10.1308
internal_count=14392 9364 5028 4970 4820 157 4663 150 3278 274 270 201 9136 424 8712 925 765 7787 7188 683 667 599 330 288 269 116 2472 2441 1492 4716
is_linear=0
shrinkage=0.1


Tree=94
num_leaves=31
num_cat=0
split_feature=11 12 7 9 12 12 8 9 14 7 0 10 19 19 6 12 19 12 17 7 5 9 13 0 14 4 11 14 11 5
split_gain=0.939655 1.57372 3.69914 1.67198 1.43448 2.53444 2.28419 3.53795 3.7723 2.13891 2.00313 1.4114 2.28104 1.17561 3.70097 3.15377 8.54122 4.75872 3.01952 2.52164 2.76449 2.45677 5.33077 9.45255 4.19073 5.24931 4.2513 6.32469 4.1808 3.85187
threshold=8.7461122788568007e-09 0.099847946316003813 0.0066085306253508913 0.0020702026403990196 0.10459606349468233 0.10569313168525697 8.5235803052660843e-12 0.0027030734621199043 0.0057009391020983466 0.0052794288694911779 2.6746079451568276e-09 2.0458703041076665 0.078246816992759718 0.29513728618621832 1.6564129285780834e-11 0.1212780885398388 0.86023887991905224 0.12273795902729036 0.057950106534090919 0.028440065590128797 0.074969179310941422 0.0033342596283908389 1.5058790445327761 5.2968096741099195e-10 0.005819158162921668 1.4841364815909304e-10 3.6812779491413043e-09 0.0062647839076817044 9.6475927247041702e-10 0.021963300445649182
decision_type=2 2 2 2 2 2 2 2 2 2 2 2 2 2 2 2 2 2 2 2 2 2 2 2 2 2 2 2 2 2
left_child=1 2 11 -4 6 10 9 -8 -9 -3 -6 -1 -13 21 -15 16 -16 -17 19 20 -19 24 23 28 -7 26 29 -28 -23 -26
right_child=-2 4 3 -5 5 13 7 8 -10 -11 -12 12 -14 14 15 17 -18 18 -20 -21 -22 22 -24 -25 25 -27 27 -29 -30 -31
leaf_value=0.062460052231474286 0.04729132060994138 -0.01115592604526762 -0.34411171169932875 -0.11458052892052076 -0.17099200609026144 0.029856601274431599 -0.1422307900083554 -0.11047470873339456 0.078564639704855069 0.065487835961573745 0.010539924506279141 -0.10524001462182248 0.0088232731214099129 -0.16527668567329315 0.04673200810325865 -0.11822225478957071 -0.12581294153459352 -0.1301132809044005 0.0059217563104534505 0.077327401672271645 0.024685207358764581 -0.011250293292799795 0.042643506051356903 -0.10398123196489295 -0.01230928900159124 0.051866876474125669 0.018594632760637823 -0.11972617728313709 0.058498233112281563 -0.15372740590279357
leaf_weight=2.0720982220955175 4.1456830377283032 5.1485576126724544 0.39245814830064718 1.6584389097988603 1.5618156511336558 9.1856275292811898 1.8722417070530344 1.5371242575056383 3.3697380069643259 12.436329856514929 0.99518850274034765 2.673152560761082 5.0946999867446721 1.2650924991303316 33.904097631690092 3.3712554262274343 3.1341035019649999 4.2519997111703551 118.56804820892557 1.0940306079573927 1.5832405290566383 41.270013771724734 23.120028479122993 9.7547825528854428 2.6160895491484606 4.4679034964501616 9.1698733759112638 5.169169278087792 10.854081276473151 7.3017022801432176
leaf_count=15 56 27 5 126 46 85 29 118 10 43 11 36 36 135 208 62 95 143 9524 5 14 2005 523 336 34 106 55 121 155 228
internal_value=-2.01116e-05 -0.00061647 -0.0363323 -0.158503 0.000723241 -0.00121775 0.0240367 -0.0252779 0.0193462 0.0430478 -0.10034 -0.0108687 -0.0304293 -0.000344015 0.00511461 0.0064139 0.0321316 -0.000977638 0.00217192 -0.0619922 -0.0881127 -0.00776842 0.00167355 -0.0136342 -0.0289383 -0.0477398 -0.0660865 -0.0312695 0.00327382 -0.116424
internal_weight=333.039 328.893 11.8908 2.0509 317.002 292.638 24.364 6.7791 4.90686 17.5849 2.557 9.83995 7.76785 290.081 167.172 165.907 37.0382 128.869 125.497 6.92927 5.83524 122.909 84.9989 61.8789 37.9104 28.7247 24.2568 14.339 52.1241 9.91779
internal_count=14392 14336 218 131 14118 13891 227 157 128 70 57 87 72 13834 10186 10051 303 9748 9686 162 157 3648 3019 2496 629 544 438 176 2160 262
is_linear=0
shrinkage=0.1


Tree=95
num_leaves=31
num_cat=0
split_feature=5 4 14 5 6 12 9 19 19 0 0 1 17 8 4 14 12 8 2 1 18 19 19 1 11 19 12 18 3 14
split_gain=0.945552 1.1406 2.56271 1.33643 2.4968 1.51951 2.70486 2.52362 4.03381 2.46525 2.83901 2.45096 3.54367 2.12518 2.08408 2.06093 1.43308 2.82931 2.52425 1.84031 1.77406 1.51046 2.46317 1.44257 3.96071 1.41444 3.76071 2.64819 1.40921 1.40713
threshold=0.12466802045118115 2.3048657261988311e-10 0.0057220202870666989 0.074969179310941422 3.8223773049432176e-11 0.13945068418979648 0.0062140577564233383 0.45469601452350622 0.36334051191806799 3.9345404641099647e-10 3.4808693411875712e-10 0.17767693701937967 0.07921253551136366 9.2150308978545236e-12 4.6936574031924695e-11 0.0041737460996955642 0.14927525818347934 1.0369142289860931e-10 5.7671928320394353e-10 0.57201107988377353 -0.21008228337053544 0.30946846306324011 0.12978310883045199 0.16829380450985773 7.6331033160848005e-10 1.5545114874839785 0.12273795902729036 0.32822155380960222 0.18689837506175852 0.0052816958632320174
decision_type=2 2 2 2 2 2 2 2 2 2 2 2 2 2 2 2 2 2 2 2 2 2 2 2 2 2 2 2 2 2
left_child=1 3 -3 5 -5 25 7 8 9 10 -7 12 -9 -13 15 -8 21 20 -19 28 -18 22 -16 -23 -25 -1 27 -27 -20 -6
right_child=-2 2 -4 4 29 6 14 11 -10 -11 -12 13 -14 -15 16 -17 17 18 19 -21 -22 23 -24 24 -26 26 -28 -29 -30 -31
leaf_value=-0.00037789954810304636 0.074479037136097534 0.022214622220997137 -0.11205333942711926 -0.09844951239610894 0.061645471199011662 -0.15927729849212327 0.08321262366929881 -0.71037877467321897 0.086870235169958607 -0.16440280227038606 0.095940462705195476 0.025759713125557193 -0.11389982292708643 -0.1094959672974653 0.048832800519569369 -0.13488796547946821 0.051785654408697326 -0.13630204302756962 -0.11584741610714809 0.10243163893411866 -0.10570638989227238 0.087212738405788859 -0.16555292952575826 -0.15495928064469158 0.057133656279118955 -0.17713517124588929 0.056411769237516479 0.042108161668328647 0.05939530420490912 0.0095950968969185629
leaf_weight=245.24513358835611 1.6943751695798699 2.8475632451008996 2.8385579836321995 1.5546474268194312 9.3997034232015739 0.69029933507044772 0.55579910418601075 0.1543652862892485 2.574436204164158 1.7022176927221151 1.1824836496780333 1.473514080247696 0.28074574279344233 5.4892522191958051 1.2468739733449212 1.965171392851971 0.88132292074442364 0.79768857633462165 0.87370330143312436 3.1002875901758671 3.7954531689574633 4.9167105936539865 0.93991179642762279 1.1198638047317215 4.1190196844381717 1.3095896619961416 11.281025678275908 0.95100790849028261 0.96647306904196739 11.607632160252249
leaf_count=2817 56 28 308 81 77 192 41 7 94 226 21 135 59 148 19 6721 90 805 34 22 1637 64 36 29 72 37 138 37 9 352
internal_value=-3.04877e-05 -0.000417915 -0.044813 0.000370519 0.0238353 -0.00140834 -0.0198559 -0.0559105 -0.00857127 -0.0773008 0.00186835 -0.0952609 -0.325514 -0.0808721 -0.000533234 -0.0868033 0.00902344 -0.0182944 0.0287599 0.0554108 -0.0760275 0.0320752 -0.0433133 0.0483085 0.0117967 0.00135933 0.0328213 -0.084902 -0.0238088 0.032885
internal_weight=327.555 325.86 5.68612 320.174 22.562 297.612 38.8256 13.5473 6.14944 3.575 1.87278 7.39788 0.435111 6.96277 25.2783 2.52097 22.7573 10.4149 5.73815 4.94046 4.67678 12.3424 2.18679 10.1556 5.23888 258.787 13.5416 2.2606 1.84018 21.0073
internal_count=14392 14336 336 14000 510 13490 10461 882 533 439 213 349 66 283 9579 6762 2817 2597 870 65 1727 220 55 165 101 3029 212 74 43 429
is_linear=0
shrinkage=0.1


Tree=96
num_leaves=31
num_cat=0
split_feature=3 11 5 4 2 2 5 0 4 9 4 17 17 14 0 7 2 0 4 1 8 18 5 19 6 3 5 9 4 11
split_gain=0.940994 1.01954 1.80147 1.38849 1.78589 1.3539 2.03893 1.12826 1.08183 4.81439 4.31075 3.47745 3.26822 4.68968 5.98159 3.63664 3.61135 6.05934 4.54283 3.71105 3.61562 3.01307 2.95313 2.50278 3.17626 3.57195 2.12926 2.00435 2.32718 2.36622
threshold=0.034831773190458777 3.6757441534973628e-10 0.031361274456506154 1.4528485237484586e-11 5.3448589536075082e-11 6.1971260859484275e-11 0.013303238998307572 2.1681375062576361e-10 8.1594930319619347e-11 0.001715177121073886 7.9115468038709301e-11 0.069313742897727279 0.061190518465909095 0.0058543058112263688 1.8949988265755018e-09 0.0052794288694911779 1.2300169288446394e-10 2.2272760011400353e-10 6.5930549456035954e-11 0.14012996861754842 8.7372080086981492e-12 -0.051630423573607739 0.039719091147853471 0.14260150492191317 2.5140702881862322e-11 0.063566161037486843 0.016492600302532832 0.0057928955133796671 4.866847721467985e-11 4.4693017342556379e-10
decision_type=2 2 2 2 2 2 2 2 2 2 2 2 2 2 2 2 2 2 2 2 2 2 2 2 2 2 2 2 2 2
left_child=-1 2 -2 -3 -5 6 -6 -8 9 -7 12 -12 13 -11 -15 -16 23 19 20 -18 21 -19 -20 24 -14 -26 -10 -25 29 -29
right_child=1 3 -4 4 5 8 7 -9 26 10 11 -13 16 14 15 -17 17 18 22 -21 -22 -23 -24 27 25 -27 -28 28 -30 -31
leaf_value=0.083326048584039483 -0.1243146078455461 0.095999831597602059 0.099008496985774852 -0.17029281639796554 -0.17367782276408358 -0.2101047670380162 0.091293019555300156 -0.088816321821698518 0.09496141301370542 0.033497889587690205 -0.17552274400021228 0.044255982860790778 -0.14219233834115549 -0.14019174530110956 -0.10919648599456799 0.031929994328567496 -0.13397542431893392 0.07278045232054095 0.020618273558271033 0.10027915414337552 -0.1370793239207316 -0.14405564037231833 -0.18760665749885772 -0.1492081985283171 -0.12466743571680694 0.06899462771381569 0.0030537830196575876 0.04145383092743158 0.049506519398367969 -0.017783265932742948
leaf_weight=1.3487968935787638 1.5281958727996419 1.5017458158472425 0.47301443093238038 0.61740352677224919 0.35994711278180958 1.1621045749634493 3.7329960126071455 0.38354133884058672 2.5580643251814754 40.519573402169044 2.5755259894795013 0.99924426515281073 2.7327464453428538 3.801248075797047 2.2696966324001542 9.338883397751486 0.83277530623763851 1.7348679289771101 5.5790269422141128 3.5984819919794973 9.7824299700637294 1.0162074980335116 0.77582701818937483 0.81801353223545348 1.5145090494934264 2.5660361420523259 172.69804091889273 8.9142057698168156 10.78041548911642 27.688342260829359
leaf_count=228 855 19 11 222 25 12 384 49 30 359 47 65 122 105 24 71 245 59 297 22 4086 177 59 84 116 61 3648 387 300 2223
internal_value=-2.57306e-05 -0.000373953 -0.071529 6.9854e-05 -0.000381257 -5.21288e-05 0.0545555 0.0745121 -0.000829998 -0.00741821 -0.00570937 -0.114089 -0.00282376 0.0156405 -0.0313148 0.0043371 -0.016007 -0.048986 -0.0736758 0.0562552 -0.108597 -0.00731567 -0.00480269 -0.00202779 -0.0587591 -0.00288374 0.00439528 0.00599128 0.00867062 -0.00335663
internal_weight=324.202 322.853 2.00121 320.852 319.35 318.733 4.47648 4.11654 314.256 139 137.838 3.57477 134.263 55.9294 15.4098 11.6086 78.3339 23.3196 18.8884 4.43126 12.5335 2.75108 6.35485 55.0143 6.81329 4.08055 175.256 48.201 47.383 36.6025
internal_count=14392 14164 866 13298 13279 13057 458 433 12599 8921 8909 112 8797 559 200 95 8238 4945 4678 267 4322 236 356 3293 299 177 3678 2994 2910 2610
is_linear=0
shrinkage=0.1


Tree=97
num_leaves=31
num_cat=0
split_feature=8 13 12 1 12 6 9 8 11 14 6 6 19 10 10 19 5 12 6 6 2 14 2 15 3 14 1 8 7 6
split_gain=0.970418 1.95022 2.30853 2.72476 4.00637 1.74229 1.32631 3.24553 6.50461 3.24443 6.11462 3.50165 4.43273 3.91456 2.62629 2.62031 2.59202 2.53331 3.56528 2.37548 2.18094 2.68268 7.14887 6.30099 5.32455 3.22665 5.37817 7.4656 3.086 2.43344
threshold=6.2302158620525984e-12 1.8080143332481386 0.11007017642259599 0.50962807788723608 0.11889617517590524 1.2549273106968885e-11 0.0028432326802777892 8.3269750362178193e-12 4.871930414651616e-09 0.0060946077574044475 2.2884440376936295e-11 2.7750099827222796e-11 0.14260150492191317 2.1749848127365117 2.2472664117813115 -0.20909915119409558 0.017141825088174755 0.10459606349468233 2.1934704817580574e-11 6.5278766029099508e-11 3.1182522462387614e-10 0.0058393070939928302 2.7295171556212838e-10 6.02049294684548e-05 0.093035653367321322 0.0057009391020983466 0.34025895823643032 8.7914993937432276e-12 0.009699496711463208 5.8071690152012389e-11
decision_type=2 2 2 2 2 2 2 2 2 2 2 2 2 2 2 2 2 2 2 2 2 2 2 2 2 2 2 2 2 2
left_child=1 2 -1 4 -4 -2 7 9 15 17 -11 12 -12 -13 -15 -9 -10 -7 -19 -18 21 25 23 -23 -24 26 -8 -28 -27 -22
right_child=5 -3 3 -5 -6 6 20 8 16 10 11 13 -14 14 -16 -17 19 18 -20 -21 29 22 24 -25 -26 28 27 -29 -30 -31
leaf_value=0.084164504288768774 -0.16213982317208658 -0.02347246047760105 0.09423575684726633 -0.10094469703555538 -0.11748516929167661 0.05911911927933438 0.0027955359746370647 0.021045117573450126 0.091436214569025856 -0.15529122248007771 -0.10450098973507294 0.10214445589534418 0.065051290022864069 -0.25226710089756177 -0.067722804835439132 -0.15244950477329544 -0.062056893471590449 -0.083024712724663219 0.049626332503754839 0.099682217060560047 0.041004783955601518 -0.11644490908980823 0.063642588858668317 -0.88799333009399983 -0.15719278088328106 0.0874490178923754 0.028852379460002832 -0.11746376831796396 -0.037246403483681488 -0.012965671383254827
leaf_weight=6.7835495099425334 0.67320490043857617 6.5369721916504195 3.5792915904894471 1.8738183726090936 1.191218481128544 11.379872358404102 170.2618048391364 1.0230946028605092 2.4468108750879747 3.208497685322075 1.9133674093463904 1.0884005576372136 7.942844637989765 0.99842458497732867 3.3877959939127322 5.8374299077986507 4.742640265962109 3.8939663119963353 4.2240615673363209 1.1231148727238176 26.293481273748512 5.4559460281334378 5.6057605773503383 0.10794205644924648 1.3558864789538345 7.6688468467909825 5.7205639199819407 8.9323387459298811 2.6776884802493441 12.24487265850439
leaf_count=20 46 37 10 27 134 39 3539 12 13 109 48 4 46 13 77 173 99 58 17 9 812 6702 303 34 212 26 40 421 281 1031
internal_value=-2.64264e-05 0.021322 0.0431288 0.00123334 0.0413681 -0.00144616 -0.00108501 -0.0154021 -0.0545053 0.000196192 -0.0297548 -0.00348208 0.0321364 -0.0676077 -0.10973 -0.126577 0.00497658 0.0286747 -0.0140023 -0.0310887 0.00200773 -0.0020446 -0.0469073 -0.131413 0.0206315 0.00083323 -0.00220751 -0.0603412 0.0551778 0.0238566
internal_weight=320.174 19.9649 13.4279 6.64433 4.77051 300.209 299.535 53.2103 15.1731 38.0372 18.5393 15.3308 9.85621 5.47462 4.38622 6.86052 8.31257 19.4979 8.11803 5.86576 246.325 207.787 12.5255 5.56389 6.96165 195.261 184.915 14.6529 10.3465 38.5384
internal_count=14392 228 191 171 144 14164 14118 717 306 411 297 188 94 94 90 185 121 114 75 108 13401 11558 7251 6736 515 4307 4000 461 307 1843
is_linear=0
shrinkage=0.1


Tree=98
num_leaves=31
num_cat=0
split_feature=5 8 19 12 12 19 8 7 19 18 12 7 11 3 8 18 18 14 6 19 19 4 19 3 19 4 17 18 18 19
split_gain=0.883669 0.980929 2.24619 3.26381 2.16218 3.50173 1.61144 3.28485 1.83606 3.19383 1.91998 2.87554 3.13716 2.40874 2.03895 1.75887 1.72526 1.91055 1.76906 1.68209 4.82477 2.22718 2.07068 1.58441 4.2929 5.12243 4.08298 3.05068 3.58545 2.63195
threshold=0.12466802045118115 9.8799198469802621e-12 1.1740625500679018 0.12273795902729036 0.12836053222417834 1.9303829669952395 9.9930193779677607e-12 0.028248443685889472 1.1083936691284182 -0.15117192358328874 0.13085825741291049 0.020585434316198015 8.7461122788568007e-09 0.13634923234734533 1.010860608363902e-11 -0.16252399701625106 -0.28873856975273648 0.0044696636032313117 2.7314149930758658e-11 0.29095734655857092 0.097058165818452849 1.3955264170123274e-10 0.31487315893173223 0.08458304233307036 0.6142401695251466 1.127065303853622e-10 0.043301669034090919 0.1575168075928973 0.13221019620223989 0.29513728618621832
decision_type=2 2 2 2 2 2 2 2 2 2 2 2 2 2 2 2 2 2 2 2 2 2 2 2 2 2 2 2 2 2
left_child=1 2 23 -4 -5 -6 7 15 10 -10 13 12 16 -8 -13 -3 -12 18 -18 20 -16 22 -21 -1 27 -26 -27 28 29 -25
right_child=-2 6 3 4 5 -7 8 -9 9 -11 11 14 -14 -15 19 -17 17 -19 -20 21 -22 -23 -24 24 25 26 -28 -29 -30 -31
leaf_value=0.0078568809058417871 0.073460173516428154 -0.27088982464340955 -0.067319579820965911 0.093146992005641638 0.054712957800793299 -0.099747610976071557 0.029631895511795799 0.022246670967855389 0.015699914471215961 -0.11497272788729568 0.099019910543815703 0.062166226385082263 0.10183115095906528 -0.09503199438624757 0.020965099272738583 -0.08525914915967979 -0.11770884257382175 -0.13400880529161974 0.10279102844952762 0.082443814528409542 -0.12689248384980567 0.036349697187863732 -0.053258054973300932 -0.01778879211434067 -0.14813406892777439 -0.17315194967262218 0.018493730944884716 0.057695935400321641 -0.14107470048398871 0.021634474899920594
leaf_weight=117.37297252580311 1.6285803472419491 0.5902894228347576 2.5879352330230203 7.3940293435007325 6.267260473337954 1.9165763208457063 23.818378921816478 3.2654666359303519 3.5982328685640796 3.8952859517789893 0.44491529225979309 4.4848505895133703 0.95648718625307072 1.6577918691909861 4.8442041655175689 3.7727914739925827 0.70459035999192454 4.988070431795677 0.75238551502116024 1.3328181344586498 4.0537513661693083 10.784516781113778 7.1925766735253092 48.360743934911625 4.5975671251817385 1.3458537061233071 6.3890576751000481 7.9220480456060605 1.9579696562286688 26.059923547127255
leaf_count=1271 56 14 25 18 81 34 433 36 516 4990 12 57 13 37 310 118 252 1039 3 115 984 295 1937 958 153 22 93 83 59 378
internal_value=-1.05822e-05 -0.000392483 0.00291531 0.0366755 0.0539521 0.0185398 -0.00985761 -0.0536043 -0.0053177 -0.0522264 6.99053e-06 -0.0135123 -0.0678763 0.0215197 -0.000464667 -0.110373 -0.0914356 -0.104583 -0.00384223 -0.0104225 -0.0463962 0.00615404 -0.0320431 4.9592e-05 -0.00943333 -0.0645398 -0.0148521 -0.00137171 -0.00749825 -0.00398393
internal_weight=314.938 313.309 232.172 18.1658 15.5779 8.18384 81.1374 7.62855 73.5089 7.49352 66.0153 40.5392 7.84645 25.4762 32.6927 4.36308 6.88996 6.44505 1.45698 28.2079 8.89796 19.3099 8.52539 214.006 96.6332 12.3325 7.73491 84.3007 76.3786 74.4207
internal_count=14392 14336 3175 158 133 115 11161 168 10993 5506 5487 5017 1319 470 3698 132 1306 1294 255 3641 1294 2347 2052 3017 1746 268 115 1478 1395 1336
is_linear=0
shrinkage=0.1


Tree=99
num_leaves=31
num_cat=0
split_feature=8 13 12 1 12 6 8 12 7 1 12 13 6 19 9 8 8 7 1 9 17 1 12 2 18 18 8 8 14 10
split_gain=0.865471 1.7437 1.82255 2.35725 3.36818 1.51642 1.11237 4.15193 1.46207 1.20153 1.60274 2.91476 1.91062 1.81359 2.56113 2.99135 2.59497 4.75686 3.57514 2.99572 2.10279 1.83877 2.57213 6.08834 3.1301 3.89771 3.02985 1.83479 4.31566 6.13528
threshold=6.2302158620525984e-12 1.8274623751640322 0.11271032318472864 0.50350389626826286 0.11889617517590524 1.2549273106968885e-11 7.1377283538780057e-12 0.10847007483243944 0.0056941587261634605 0.6499350275621335 0.099847946316003813 1.9135520458221438 1.4184225419737581e-11 -0.20909915119409558 0.0022514906881425678 7.7609765465034841e-12 8.1303736301018128e-12 0.0060564551499126635 0.46122397804757259 0.0032553094203792679 0.037575461647727279 0.58644259885528582 0.11365875974297525 3.6719502876288043e-10 -0.040017967723542817 -0.05606036480854857 8.886661743728171e-12 9.3807716379576659e-12 0.0043413385283201942 1.709046006202698
decision_type=2 2 2 2 2 2 2 2 2 2 2 2 2 2 2 2 2 2 2 2 2 2 2 2 2 2 2 2 2 2
left_child=1 2 -1 4 -4 -2 7 8 -7 10 11 12 -8 -12 15 -15 18 19 -16 -18 -19 22 23 24 25 -22 -26 28 29 -24
right_child=5 -3 3 -5 -6 6 9 -9 -10 -11 13 -13 -14 14 16 -17 17 20 -20 -21 21 -23 27 -25 26 -27 -28 -29 -30 -31
leaf_value=0.062829184724925102 -0.15590133505378564 -0.027030544620454813 0.10472622266222101 -0.15684950178367107 -0.11632950448684287 -0.045715074713192472 0.099654965981847532 -0.1245037476037591 0.040570018234876354 0.04791174423806463 0.057396955405159468 0.023243811403631139 -0.14628806154495658 -0.17203844842192312 -0.1233688405888997 -0.019246438443469727 -0.1489232398449318 -0.11568661102017874 0.0480367869803296 0.034676464122402113 -0.1052479378801255 0.055556872276484648 0.000736953800846793 0.039827090143769082 -0.26809470344104469 0.080654707679973306 -0.092533967940338302 -0.0061650147917212371 0.031250591638752247 -0.13068262003815106
leaf_weight=9.7558717690408248 0.63357440341678639 5.4913334199227384 1.9193706186488269 0.93088109995005641 1.075504058518163 3.2176775815896672 0.35647958563640658 3.3891300645873335 5.0394387524574995 5.1879775365814558 5.4806008726445716 2.7212628861889243 2.7726453666909947 1.8209758891025547 1.3063558059466256 4.3238686647964641 3.4756311439996344 1.5618178157747014 17.763714854831051 1.1940083914159911 3.018732305499725 5.9611550412373608 35.888147170975571 5.7559556150226845 1.495611581718548 1.8004906445275981 2.8682880742380803 117.70658563226834 53.23580979311555 3.9425918870256274
leaf_count=36 46 33 4 21 134 28 2 283 22 47 65 16 167 39 176 74 100 60 120 25 79 53 225 69 29 12 152 11580 636 59
internal_value=-1.00874e-05 0.020571 0.0396766 -0.0178597 0.0253418 -0.00136184 -0.0010257 -0.0313067 0.00694598 0.000235431 -0.000665801 -0.0524457 -0.118269 0.000462017 -0.000723898 -0.0645251 0.000801732 -0.00204335 0.036295 -0.101978 -4.2553e-05 0.000737057 -0.000710757 -0.040808 -0.0913499 -0.0357936 -0.152703 0.00213124 0.012624 -0.0122714
internal_weight=311.091 19.173 13.6816 3.92576 2.99487 291.919 291.285 11.6462 8.25712 279.639 274.451 5.85039 3.12912 268.6 263.12 6.14484 256.975 237.905 19.0701 4.66964 233.235 231.673 225.712 14.9391 9.18312 4.81922 4.3639 210.773 93.0665 39.8307
internal_count=14392 228 195 159 138 14164 14118 333 50 13785 13738 185 169 13553 13488 113 13375 13079 296 125 12954 12894 12841 341 272 91 181 12500 920 284
is_linear=0
shrinkage=0.1


end of trees

feature_importances:
hjorth_mobility=293
line_length=280
bp_gamma=245
rel_bp_alpha=218
hjorth_complexity=218
rel_bp_theta=183
rel_bp_beta=158
zero_crossing_rate=158
kurtosis=158
bp_alpha=156
skewness=148
bp_theta=126
rel_bp_delta=125
bp_beta=122
rel_bp_gamma=109
hjorth_activity=95
spectral_entropy=92
bp_delta=67
rms_amplitude=49

parameters:
[boosting: gbdt]
[objective: binary]
[metric: binary_logloss]
[tree_learner: serial]
[device_type: cpu]
[data_sample_strategy: bagging]
[data: ]
[valid: ]
[num_iterations: 100]
[learning_rate: 0.1]
[num_leaves: 31]
[num_threads: 2]
[seed: 42]
[deterministic: 0]
[force_col_wise: 0]
[force_row_wise: 0]
[histogram_pool_size: -1]
[max_depth: -1]
[min_data_in_leaf: 20]
[min_sum_hessian_in_leaf: 0.001]
[bagging_fraction: 1]
[pos_bagging_fraction: 1]
[neg_bagging_fraction: 1]
[bagging_freq: 0]
[bagging_seed: 400]
[bagging_by_query: 0]
[feature_fraction: 1]
[feature_fraction_bynode: 1]
[feature_fraction_seed: 30056]
[extra_trees: 0]
[extra_seed: 12879]
[early_stopping_round: 0]
[early_stopping_min_delta: 0]
[first_metric_only: 0]
[max_delta_step: 0]
[lambda_l1: 0]
[lambda_l2: 0]
[linear_lambda: 0]
[min_gain_to_split: 0]
[drop_rate: 0.1]
[max_drop: 50]
[skip_drop: 0.5]
[xgboost_dart_mode: 0]
[uniform_drop: 0]
[drop_seed: 17869]
[top_rate: 0.2]
[other_rate: 0.1]
[min_data_per_group: 100]
[max_cat_threshold: 32]
[cat_l2: 10]
[cat_smooth: 10]
[max_cat_to_onehot: 4]
[top_k: 20]
[monotone_constraints: ]
[monotone_constraints_method: basic]
[monotone_penalty: 0]
[feature_contri: ]
[forcedsplits_filename: ]
[refit_decay_rate: 0.9]
[cegb_tradeoff: 1]
[cegb_penalty_split: 0]
[cegb_penalty_feature_lazy: ]
[cegb_penalty_feature_coupled: ]
[path_smooth: 0]
[interaction_constraints: ]
[verbosity: -1]
[saved_feature_importance_type: 0]
[use_quantized_grad: 0]
[num_grad_quant_bins: 4]
[quant_train_renew_leaf: 0]
[stochastic_rounding: 1]
[linear_tree: 0]
[max_bin: 255]
[max_bin_by_feature: ]
[min_data_in_bin: 3]
[bin_construct_sample_cnt: 200000]
[data_random_seed: 175]
[is_enable_sparse: 1]
[enable_bundle: 1]
[use_missing: 1]
[zero_as_missing: 0]
[feature_pre_filter: 1]
[pre_partition: 0]
[two_round: 0]
[header: 0]
[label_column: ]
[weight_column: ]
[group_column: ]
[ignore_column: ]
[categorical_feature: ]
[forcedbins_filename: ]
[precise_float_parser: 0]
[parser_config_file: ]
[objective_seed: 16083]
[num_class: 1]
[is_unbalance: 0]
[scale_pos_weight: 1]
[sigmoid: 1]
[boost_from_average: 1]
[reg_sqrt: 0]
[alpha: 0.9]
[fair_c: 1]
[poisson_max_delta_step: 0.7]
[tweedie_variance_power: 1.5]
[lambdarank_truncation_level: 30]
[lambdarank_norm: 1]
[label_gain: ]
[lambdarank_position_bias_regularization: 0]
[eval_at: ]
[multi_error_top_k: 1]
[auc_mu_weights: ]
[num_machines: 1]
[local_listen_port: 12400]
[time_out: 120]
[machine_list_filename: ]
[machines: ]
[gpu_platform_id: -1]
[gpu_device_id: -1]
[gpu_use_dp: 0]
[num_gpu: 1]

end of parameters

pandas_categorical:[]
