tree
version=v4
num_class=1
num_tree_per_iteration=1
label_index=0
max_feature_idx=19
objective=binary sigmoid:1
feature_names=bp_delta rel_bp_delta bp_theta rel_bp_theta bp_alpha rel_bp_alpha bp_beta rel_bp_beta bp_gamma rel_bp_gamma spectral_entropy hjorth_activity hjorth_mobility hjorth_complexity line_length rms_amplitude variance zero_crossing_rate skewness kurtosis
feature_infos=[1.9083913344010819e-10:2.8603481875984341e-08] [0.021905685699168322:0.87996460213622418] [5.3932168281895585e-11:7.9708897096969923e-09] [0.030457566923951022:0.3164204486870616] [1.262758422181808e-11:4.8233176734516969e-09] [0.0040954778428768266:0.12217749755453694] [1.0597129369331293e-11:2.1740787405204062e-08] [0.0026689715119655078:0.38308891399712669] [2.1808856038204341e-12:2.3234303583122159e-08] [0.00058001994533431894:0.49530154950508537] [1.3869221210479736:5.8551225662231445] [5.3427240409575916e-10:9.5508113417963614e-08] [0.061995521187782288:1.2306011915206909] [0.89050710201263428:5.6886491775512695] [0.0024315598420798779:0.29283860325813293] [2.231786675110925e-05:0.00030233661527745426] [5.3427240409575916e-10:9.5508113417963614e-08] [0.01416015625:0.40709339488636365] [-1.0775126011788168:1.4715626109391451] [-0.43581616878509521:68.727546691894531]
tree_sizes=3432 3428 3430 3446 3438 3436 3424 3423 3438 3432 3456 3440 3442 3452 3423 3451 3450 3441 3443 3457 3455 3450 3445 3438 3442 3453 3450 3461 3454 3437 3457 3447 3424 3449 3451 3458 3456 3449 3445 3465 3457 3440 3443 3465 3476 3436 3448 3437 3436 3492 3432 3419 3429 3433 3455 3443 3455 3460 3445 3480 3420 3454 3441 3429 3465 3424 3457 3432 3457 3465 3436 3431 3453 3444 3470 3460 3419 3453 3449 3435 3414 3434 3446 3453 3431 3450 3466 3462 3446 3459 3435 3425 3455 3440 3442 3431 3478 3428 3445 3420

Tree=0
num_leaves=31
num_cat=0
split_feature=14 1 17 6 14 9 2 0 5 5 11 14 3 17 11 5 15 19 5 6 18 19 10 19 17 3 8 17 7 4
split_gain=2784.36 915.392 548.431 304.351 274.552 129.227 117.872 102.953 77.6329 101.015 80.3027 71.4296 60.8709 63.078 74.7861 62.6006 57.5142 53.8047 53.3445 47.0472 44.7114 42.7542 42.1643 40.6656 56.5896 44.7223 39.9702 39.7004 103.991 62.0207
threshold=0.0058811588678509006 0.62067049754632098 0.13962624289772732 4.9365981861567711e-10 0.017033304087817672 0.06320310251009785 9.991778031833477e-10 1.9525603184489767e-09 0.011198210993463761 0.020220775330915094 1.2651338865410369e-09 0.015080599114298822 0.071730498630301329 0.10682262073863637 5.3953475021018002e-09 0.029773118895014997 7.0050016802269979e-05 2.0488473176956181 0.028365553511518531 4.5668803288211751e-10 -0.21964665286412291 0.47361518442630773 3.432140707969666 1.8389644026756289 0.1158780184659091 0.06256895938592312 3.7979150002778551e-10 0.15445223721590912 0.11362617229907231 4.1012557636172006e-11
decision_type=2 2 2 2 2 2 2 2 2 2 2 2 2 2 2 2 2 2 2 2 2 2 2 2 2 2 2 2 2 2
left_child=-1 2 4 27 8 -6 18 22 -2 11 -11 -10 15 20 26 -12 -9 -13 -5 -18 -14 -22 -7 24 -21 -26 -15 28 29 -4
right_child=1 -3 3 6 5 7 -8 16 9 10 12 17 13 14 -16 -17 19 -19 -20 23 21 -23 -24 -25 25 -27 -28 -29 -30 -31
leaf_value=-0.19862184887797618 0.12287601540418963 0.1896794859698599 -0.12249391742574087 -0.022741204515414986 0.15548863327299359 0.090680762078014718 -0.19999996629361155 -0.19999996629361155 -0.15217315689612276 0.093985765180793379 -0.14347588214499926 -0.14422738683789307 0.051657977515336184 -0.0050033435876920881 0.13964378635387384 0.025797649078100896 0.10268107807389402 0.11313792959232706 0.089558269332884036 -0.11770185698488274 0.048942635062489602 -0.15345380609513778 -0.12249391742574087 -0.1052072700490377 -0.19999996629361155 0.077526062290099396 -0.19999996629361155 0.15882530191581651 -0.19999996629361155 0.13577709554007475
leaf_weight=559.45886400341988 21.491223961114883 393.73130881786346 9.9476107358932477 108.7393362224102 78.078453630208969 137.92452090978622 27.93671903014183 18.84726020693779 177.32732224464417 39.338644087314606 109.12162706255913 13.823997586965559 18.382094174623489 98.847866326570511 36.320409148931503 27.316497653722763 28.019594222307205 19.697392463684082 69.229597479104996 28.105141550302505 12.388397961854933 66.256808340549469 9.9476107358932477 56.934766501188278 6.4160885810852042 61.118591904640198 11.762829065322874 298.66625910997391 10.960817992687224 142.36231616139412
leaf_count=4172 40 275 61 478 101 334 209 141 1179 93 709 90 57 404 57 97 62 40 169 170 39 442 61 332 48 162 88 369 82 233
internal_value=3.7077e-08 0.0519489 0.0208777 0.0920793 -0.0232549 0.0392429 -0.00903386 0.01311 -0.0640264 -0.0703963 -0.0420289 -0.126867 -0.0560949 -0.0261794 0.0151417 -0.109585 -0.0337707 0.00700219 0.0209431 -0.0164226 -0.0887529 -0.121572 0.0763401 -0.0382954 0.00153742 0.0511599 -0.0257401 0.13715 0.0974997 0.118909
internal_weight=2698.5 2139.04 1745.31 667.843 1077.47 425.392 205.906 347.314 652.075 630.584 419.735 210.849 380.397 243.958 146.931 136.438 199.441 33.5214 177.969 180.594 97.0273 78.6452 147.872 152.575 95.6398 67.5347 110.611 461.937 163.271 152.31
internal_count=10794 6622 6347 1601 4746 1411 856 1310 3335 3295 1986 1309 1893 1087 549 806 915 130 647 774 538 481 395 712 380 210 492 745 376 294
is_linear=0
shrinkage=1


Tree=1
num_leaves=31
num_cat=0
split_feature=8 1 17 6 14 19 2 5 1 11 19 17 4 12 17 11 14 6 10 5 2 9 6 4 19 17 7 4 12 13
split_gain=2283.43 788.26 483.219 248.788 207.646 97.988 92.9112 67.9922 81.9703 63.5678 58.856 84.1712 51.4631 50.7276 58.851 50.126 47.6713 58.5481 46.6623 46.0113 42.9873 42.7516 44.4757 38.3975 43.3052 36.758 102.312 50.4221 33.9834 41.3306
threshold=1.6729917142919449e-11 0.58138552312692937 0.13962624289772732 5.4818620159780386e-10 0.017033304087817672 1.7980626821517947 9.991778031833477e-10 0.020220775330915094 0.36072627884070213 1.2651338865410369e-09 0.30191001296043402 0.1158780184659091 6.4643549760852033e-11 0.32067543268203741 0.10682262073863637 5.3953475021018002e-09 0.010807982645928861 1.2172574389897829e-10 2.8840764760971074 0.028365553511518531 4.3877974546242256e-10 0.090987933807260543 6.9510444318190598e-10 3.0887905280963163e-10 0.13385410606861117 0.15445223721590912 0.11362617229907231 4.1012557636172006e-11 0.30565442144870764 1.7981299161911013
decision_type=2 2 2 2 2 2 2 2 2 2 2 2 2 2 2 2 2 2 2 2 2 2 2 2 2 2 2 2 2 2
left_child=-1 2 4 25 7 10 19 8 -2 -9 -6 20 -11 14 23 -16 -10 -18 -19 -5 -12 -13 -23 24 -14 26 27 -4 -7 -30
right_child=1 -3 3 6 5 28 -8 9 16 12 11 21 13 -15 15 -17 17 18 -20 -21 -22 22 -24 -25 -26 -27 -28 -29 29 -31
leaf_value=-0.18087549301625572 -0.17766897554789643 0.16899594374141655 -0.11067397607854537 -0.026995916017665551 0.17014909290517138 0.062065486998762867 -0.18187308001039948 0.082993973260746243 -0.14829281261190802 -0.13154158859446216 0.030779677887119855 0.13098196919725222 0.14706602637885605 -0.14795049128316093 -0.011999853613150179 0.11888114619473925 0.11702850643352453 -0.12026942179866269 0.061826323679053968 0.080479118418201184 -0.16502073909305259 -0.11435403453037207 0.061435807950660962 0.15489752659699993 -0.11690892472543082 0.1431743080085745 -0.18472503297254259 0.12251169701390033 0.10797074817527413 -0.087983911619240934
leaf_weight=553.8660182505846 93.208941921591759 424.44773744046688 9.9103888869285566 99.334941565990448 44.052886962890625 25.935961335897446 27.659203067421913 39.516617268323898 38.116913378238678 64.606393814086914 20.18942965567112 76.804005905985832 6.7045005261898032 34.347618296742439 138.843251734972 37.076572269201279 24.502284288406372 45.553193867206573 20.362872406840324 66.500322550535202 25.218731611967087 17.160664662718773 89.22257587313652 6.4445883631706229 85.053939789533615 304.17546339333057 12.989854991436003 144.16644850373268 12.151976898312567 94.21525602042675
leaf_count=4171 688 331 61 448 36 74 209 95 260 418 71 120 10 231 598 64 50 289 59 163 176 102 253 8 532 384 98 238 24 533
internal_value=-4.38892e-06 0.0470614 0.0166893 0.0832745 -0.025899 0.0300449 -0.0121978 -0.0616127 -0.106271 -0.0376114 0.0643113 0.0439152 -0.0503861 -0.0333888 -0.0190342 0.0155844 -0.0544963 -0.0149552 -0.0640162 0.0161018 -0.0779637 0.0741264 0.0330792 -0.0810495 -0.0976211 0.122476 0.0847907 0.107513 -0.0405708 -0.065597
internal_weight=2682.34 2128.47 1704.03 664.737 1039.29 404.951 193.494 634.338 221.744 412.593 272.648 228.595 373.077 308.47 274.123 175.92 128.535 90.4184 65.9161 165.835 45.4082 183.187 106.383 98.203 91.7584 471.242 167.067 154.077 132.303 106.367
internal_count=10794 6623 6292 1601 4691 1389 820 3302 1346 1956 758 722 1861 1443 1212 662 658 398 348 611 247 475 355 550 542 781 397 299 631 557
is_linear=0
shrinkage=0.1


Tree=2
num_leaves=31
num_cat=0
split_feature=8 1 17 6 14 19 2 0 6 15 5 1 4 11 3 17 5 19 17 11 4 12 15 9 18 19 18 13 5 10
split_gain=1897 662.749 379.324 206.578 184.995 89.7715 80.165 54.7691 57.7607 48.2357 46.7397 90.6438 56.774 51.7608 51.1887 48.9983 48.1756 48.2844 47.978 53.012 42.4861 41.0582 40.4498 42.9712 37.8206 37.5417 34.8387 53.3059 40.8967 31.9426
threshold=1.6729917142919449e-11 0.60960238033732772 0.13962624289772732 4.9365981861567711e-10 0.017171662300825122 0.33857852220535284 9.991778031833477e-10 1.9525603184489767e-09 4.4176588390533114e-10 7.1911974373506396e-05 0.020220775330915094 0.46106211796513996 4.1990038345245818e-11 1.2651338865410369e-09 0.071730498630301329 0.11330344460227275 0.027892674270027 0.7295726239681245 0.10682262073863637 5.3953475021018002e-09 7.4480862967226288e-11 0.32493098080158239 8.0434980191057561e-05 0.095404472704280693 -0.20905855060978365 2.285300731658936 0.066550957705740918 1.7322371006011965 0.020779699549758199 3.4543068408966069
decision_type=2 2 2 2 2 2 2 2 2 2 2 2 2 2 2 2 2 2 2 2 2 2 2 2 2 2 2 2 2 2
left_child=-1 2 4 -4 10 -6 22 21 -9 -10 11 20 -13 -12 16 -14 25 -18 24 26 -2 -7 23 -5 -16 -15 27 -20 -28 -23
right_child=1 -3 3 6 5 7 -8 8 9 -11 13 12 15 14 18 -17 17 -19 19 -21 -22 29 -24 -25 -26 -27 28 -29 -30 -31
leaf_value=-0.16723465296869619 -0.15257077472948796 0.16097254439616093 0.11361420031958608 0.11264131716998921 0.15554182926579563 0.1310742025705964 -0.1682581637017258 0.087886088961321038 -0.18019075723919586 -0.022003999262733151 0.0751295255109211 0.11224801468319834 -0.13278192947635653 -0.16901397689124514 0.054094819603474155 0.10030948781110854 0.062987703255695096 -0.18910810527062646 0.07248846285262503 0.11964278619266869 0.0058423986972289494 0.038113608406321872 0.075363354317372483 -0.052085840909461167 -0.10702480463864571 -0.027196711612206249 0.13260492925141068 -0.14127449829285399 -0.12951098473437711 -0.18683767697647125
leaf_weight=539.82263338565826 137.69250927865505 387.81546737253666 452.35134261846542 19.357415959239006 51.307431176304817 54.729827806353569 26.942490041255951 42.820688337087631 21.967174500226974 157.3786983191967 39.298650652170181 28.393356427550316 32.59526489675045 71.99272458255291 18.186797454953194 12.467991679906843 29.621470600366592 10.218512043356894 54.537378937005997 37.638345986604691 19.303842425346375 73.891682267189026 70.943876653909683 87.052810564637184 73.240059152245522 25.200021639466286 7.1020771563053122 14.84000341594219 36.775751188397408 6.9020114541053763
leaf_count=4171 1001 270 745 38 44 78 209 96 167 704 95 54 221 533 56 27 88 77 154 58 79 234 184 425 463 124 13 98 236 52
internal_value=-1.58488e-05 0.0429167 0.0162167 0.0759205 -0.0208349 0.0318411 -0.0075405 0.0140974 -0.0164647 -0.0413795 -0.0540259 -0.0901936 0.00149331 -0.0341168 -0.0454341 -0.0682908 -0.0942822 -0.00167207 -0.0178104 0.0168256 -0.133093 0.0641984 0.0168747 -0.0221198 -0.0749746 -0.132244 -0.0173438 0.026764 -0.0870848 0.0188966
internal_weight=2642.39 2102.57 1714.75 656.648 1058.1 408.998 204.297 357.69 222.167 179.346 649.105 230.453 73.4566 418.652 379.353 45.0633 137.033 39.84 242.32 150.894 156.996 135.524 177.354 106.41 91.4269 97.1927 113.255 69.3774 43.8778 80.7937
internal_count=10794 6623 6353 1601 4752 1375 856 1331 967 871 3377 1382 302 1995 1900 248 822 165 1078 559 1080 364 647 463 519 657 501 252 249 286
is_linear=0
shrinkage=0.1


Tree=3
num_leaves=31
num_cat=0
split_feature=8 1 17 7 14 19 2 15 6 5 0 11 5 6 5 10 9 15 12 14 18 14 13 12 18 17 2 8 18 17
split_gain=1594.82 562.623 312.339 176.847 152.802 73.3121 68.8899 47.3251 48.1319 42.6854 101.476 46.9818 42.2876 42.8796 41.8848 53.8369 35.2511 42.9605 34.228 34.5523 32.7535 32.3708 37.8683 30.792 31.7155 30.7565 32.1734 29.6449 30.6849 39.2527
threshold=1.6729917142919449e-11 0.60960238033732772 0.13962624289772732 0.11735206219379185 0.017305484972894195 0.30191001296043402 9.991778031833477e-10 6.187995677464643e-05 4.4176588390533114e-10 0.021330897411810875 1.4268195654332744e-09 1.2651338865410369e-09 0.023010385939789223 6.1927449053543806e-10 0.011198210993463761 2.7314964532852177 0.086230235492128562 8.0434980191057561e-05 0.32067543268203741 0.011022834572941067 0.26132951614404615 0.025435525923967365 2.3649901151657109 0.29202567040920263 -0.027491702952168202 0.12559925426136367 7.8946656901962325e-10 7.7311298017675709e-10 0.22032172718635679 0.13514293323863638
decision_type=2 2 2 2 2 2 2 2 2 2 2 2 2 2 2 2 2 2 2 2 2 2 2 2 2 2 2 2 2 2
left_child=-1 2 4 -4 9 -6 16 -7 25 10 -2 -11 -10 -14 -12 23 -5 -18 19 -13 -17 27 -23 24 -16 26 -9 28 -15 -30
right_child=1 -3 3 6 5 7 -8 8 12 11 14 18 13 21 15 20 17 -19 -20 -21 -22 22 -24 -25 -26 -27 -28 -29 29 -31
leaf_value=-0.15661155360249271 -0.14345726062397268 0.1502166284990368 0.10838445410385839 0.12244767221558568 0.14964180450253053 0.074977807191610776 -0.15768740993783559 -0.21776890559224263 -0.10488223090303289 0.084714979188444131 0.11240578414642131 -0.10175387046996219 -0.18526176931556132 0.041701260878087093 -0.015646674089759959 -0.069484878240011178 -0.035523380505435936 0.066212637845709452 -0.12445608004885589 -0.010255092638275926 0.075164390241485884 -0.19123584056078888 0.016627648071993417 0.16043764413382922 -0.17043365937710153 0.1346650237842108 0.095561490351527112 0.097258847304809243 -0.18259049197758254 0.17109459977587424
leaf_weight=519.80816350132227 129.24265502393246 374.69088765978813 415.73434802889824 28.072730258107185 45.197341710329056 94.369738355278969 24.932863689959049 5.9508224576711637 53.5522630661726 34.456774398684502 19.839366480708122 49.849027156829834 11.818991616368292 41.210749633610249 18.939178675413132 25.193654745817184 112.83944949507713 65.658746093511581 40.211072832345963 239.8408035337925 41.34115743637085 14.946624994277952 21.189123436808586 4.0560724735260001 43.969890132546425 33.66484808921814 7.2938049286603928 49.380813390016556 15.463407546281816 3.9367250502109519
leaf_count=4171 962 270 667 42 35 222 201 45 326 74 32 315 90 139 92 140 518 173 270 1062 114 113 79 4 341 43 15 118 118 3
internal_value=-3.76556e-05 0.0393404 0.0147893 0.0693778 -0.0190238 0.0297322 -0.000670219 0.0143696 -0.00776435 -0.0490168 -0.0781843 -0.0263956 -0.0280898 -0.00205304 -0.0231687 -0.0433164 0.0182816 0.00189918 -0.0380006 -0.0259999 0.0203924 0.0127651 -0.0693497 -0.106616 -0.123834 0.083876 -0.0452181 0.0397425 -0.00711718 -0.11082
internal_weight=2586.65 2066.84 1692.15 647.238 1044.91 397.975 231.504 352.778 258.408 646.94 282.582 364.358 211.499 157.946 153.339 133.5 206.571 178.498 329.901 289.69 66.5348 146.127 36.1357 66.9651 62.9091 46.9095 13.2446 109.992 60.6109 19.4001
internal_count=10794 6623 6353 1601 4752 1346 934 1311 1089 3406 1685 1721 986 660 723 691 733 691 1647 1377 254 570 192 437 433 103 60 378 260 121
is_linear=0
shrinkage=0.1


Tree=4
num_leaves=31
num_cat=0
split_feature=8 1 17 6 14 13 19 3 12 5 0 11 17 12 14 19 4 7 2 15 19 9 5 5 19 3 15 10 13 7
split_gain=1353.17 484.584 256.648 152.333 138.042 90.4762 80.7186 53.4745 58.3435 50.9158 97.35 52.5561 47.8665 39.7677 40.1768 37.3004 34.9948 41.3534 34.8434 34.2794 32.3171 31.0497 30.4613 28.6933 38.651 49.1256 41.2085 35.03 34.1453 27.1057
threshold=1.6729917142919449e-11 0.62067049754632098 0.1443314985795455 5.4818620159780386e-10 0.017033304087817672 1.8930847048759463 0.33857852220535284 0.059748825142186254 0.37173882126808172 0.021330897411810875 1.4268195654332744e-09 1.4846211482399953e-09 0.11973987926136366 0.32067543268203741 0.011022834572941067 1.7980626821517947 3.5434096359275979e-11 0.061557681118003013 1.9605019307591387e-10 9.228769340552391e-05 1.5628725886344912 0.12264338741280063 0.012982150002453034 0.023444100812090918 0.65163889527320873 0.092860534932554736 4.4230457206140279e-05 2.5497336387634282 2.2220803499221806 0.092934736706154361
decision_type=2 2 2 2 2 2 2 2 2 2 2 2 2 2 2 2 2 2 2 2 2 2 2 2 2 2 2 2 2 2
left_child=-1 2 4 -4 9 -5 -6 18 12 10 -2 -11 19 14 -13 -10 -12 22 -8 -9 -19 -7 -18 -16 26 -26 27 -25 -27 -17
right_child=1 -3 3 5 6 21 7 8 15 11 16 13 -14 -15 23 29 17 20 -20 -21 -22 -23 -24 24 25 28 -28 -29 -30 -31
leaf_value=-0.14812300518067748 -0.13787798227414333 0.14323874321915289 0.10202752271940825 -0.10351246358434876 0.13781410238657324 -0.12059967488294934 0.010749648128668784 -0.057588144326409699 0.011572343444915263 0.066718923735369404 0.1127111349857858 -0.11377873143908604 0.075310174910569697 -0.13239313808180062 0.049064730281662881 0.081583898420032663 0.02859024621581609 -0.16964673783646414 -0.18408578228800312 0.065032720546386355 0.044398157152501561 0.072053481216962076 -0.12789555683364273 0.19404349884170444 -0.11641912628314321 0.059936204379467894 0.097466446042462143 -0.14058669322854253 -0.18138110003779981 -0.15854962142819293
leaf_weight=495.86324182152748 131.75293860584497 349.80538332462311 400.27506630122662 66.016712784767151 58.733910918235779 9.366055101156233 15.961771532893179 60.441076464951038 44.90219734609127 60.363382034003735 17.421908758580685 40.813938647508621 185.87535179406404 37.095514491200447 66.994684636592865 5.5064253136515608 16.19910567253828 8.0204083025455457 21.599501624703407 36.606381922960281 58.527810588479042 78.330372005701065 53.595802515745163 3.8513408899307278 67.462474837899208 35.860480427742004 38.806228503584862 16.663557678461075 7.0095763802528372 32.121665850281715
leaf_count=4171 1014 251 645 423 58 58 56 317 166 158 29 278 451 266 221 15 59 63 166 105 195 204 385 2 435 112 91 113 54 233
internal_value=-5.72868e-05 0.0361821 0.0138402 0.0695321 -0.0136531 -0.0150873 0.0282925 0.0123312 0.0240091 -0.0429795 -0.0747968 -0.0187493 0.0455892 -0.0351506 -0.0221497 -0.0499698 -0.0207459 -0.037799 -0.10129 -0.0113355 0.0186014 0.051478 -0.0915759 -0.00634677 -0.0282283 -0.0632269 0.0368664 -0.0777653 0.020479 -0.123409
internal_weight=2521.84 2025.98 1676.18 553.988 1122.19 153.713 461.748 403.014 365.453 660.439 285.518 374.921 282.923 314.558 277.462 82.5303 153.765 136.343 37.5613 97.0475 66.5482 87.6964 69.7949 236.648 169.654 110.333 59.3211 20.5149 42.8701 37.6281
internal_count=10794 6623 6372 1330 5042 685 1567 1509 1287 3475 1745 1730 873 1572 1306 414 731 702 222 422 258 262 444 1028 807 601 206 115 166 248
is_linear=0
shrinkage=0.1


Tree=5
num_leaves=31
num_cat=0
split_feature=8 1 17 6 14 13 19 5 0 12 3 11 17 15 19 5 1 17 19 19 5 17 8 1 3 9 9 9 17 1
split_gain=1156.66 420.792 213.097 128.047 114.076 74.2146 70.1014 45.4686 83.8834 43.5641 45.4491 42.1756 40.6935 33.2673 55.5943 46.2058 44.3601 34.1644 32.167 29.3613 29.2516 37.7167 28.8267 27.9273 27.1387 26.4649 25.5719 25.3263 28.0159 25.2783
threshold=1.6729917142919449e-11 0.62067049754632098 0.1443314985795455 5.4818620159780386e-10 0.017171662300825122 1.8930847048759463 0.33857852220535284 0.021330897411810875 1.4268195654332744e-09 0.37173882126808172 0.059748825142186254 1.4846211482399953e-09 0.12302468039772728 4.4230457206140279e-05 0.65163889527320873 0.023358749087418397 0.22097941744278207 0.12013938210227275 1.7980626821517947 1.0830547213554385 0.011198210993463761 0.12471147017045457 1.775323644401039e-10 0.41930140109216912 0.092860534932554736 0.044200687843326612 0.090987933807260543 0.056667609903670806 0.089732776988636367 0.43140126590646438
decision_type=2 2 2 2 2 2 2 2 2 2 2 2 2 2 2 2 2 2 2 2 2 2 2 2 2 2 2 2 2 2
left_child=-1 2 4 -4 7 22 -6 8 -2 10 26 25 -12 -13 -15 17 -17 23 19 -11 -10 -22 -5 -16 -18 -9 -8 28 -26 -25
right_child=1 -3 3 5 6 -7 9 11 20 18 12 13 -14 14 15 16 24 -19 -20 -21 21 -23 -24 29 27 -27 -28 -29 -30 -31
leaf_value=-0.14120015606696878 -0.12956287723515211 0.13599395808506756 0.094385011365042015 0.17396236231732409 0.13071646885007221 0.046576102135905496 0.013776791027229835 -0.11587869171876042 0.096377308443461748 -0.18980560793000922 -0.0035668931603198839 -0.090690297629050953 0.074599634786933794 0.07936069243241993 -0.12708746767915066 0.18500767139625851 -0.12332944221112541 0.10848027343680776 -0.11739311126147874 0.03352024107919864 -0.062901874483297773 0.069720291218150807 -0.11097351406545175 0.15309458374816451 -0.16541649313429885 0.085572216865609063 -0.17650036111521983 -0.13116040810215268 0.072461497628561217 -0.080997565422933876
leaf_weight=469.51204533874989 127.23672483116388 332.4892351180315 389.96029853075743 3.7686390876770011 56.291088491678238 87.258976712822914 12.874804183840753 7.4470096454024306 19.047264993190765 6.8101625069975844 114.16643022745848 72.062408536672592 159.85793244093657 51.13903122395277 17.348178960382938 6.3437139615416518 75.35118942707777 30.199434712529182 39.459361582994461 43.431196853518486 106.19141315668821 26.869742676615715 61.366885177791119 10.384528160095217 6.1695365384221104 52.459202758967876 15.646643005311487 15.415997698903082 25.068135634064674 8.2997268959879857
leaf_count=4171 1018 251 645 2 56 262 47 44 32 52 476 457 371 134 122 9 523 60 268 142 629 74 421 13 49 114 123 106 72 51
internal_value=-8.27194e-05 0.0333731 0.012668 0.0640099 -0.0125185 -0.0137165 0.026359 -0.039059 -0.0696475 0.0113827 0.0295289 -0.0164352 0.0420332 -0.0309441 -0.0134223 -0.0378073 -0.0728128 0.0300288 -0.0498217 0.00324866 -0.0195292 -0.0361208 -0.0944876 -0.0357228 -0.0862183 0.0605296 -0.0906078 -0.0262795 0.0254799 0.0491086
internal_weight=2449.93 1980.41 1647.93 542.355 1105.57 152.395 448.538 657.033 279.345 392.247 302.546 377.688 274.024 317.782 245.719 194.58 128.349 66.2319 89.7007 50.2414 152.108 133.061 65.1355 36.0324 122.005 59.9062 28.5214 46.6537 31.2377 18.6843
internal_count=10794 6623 6372 1330 5042 685 1535 3507 1753 1479 1017 1754 847 1596 1139 1005 759 246 462 194 735 703 423 186 750 158 170 227 121 64
is_linear=0
shrinkage=0.1


Tree=6
num_leaves=31
num_cat=0
split_feature=14 1 17 9 10 9 13 17 6 4 18 12 3 10 18 14 8 4 1 4 10 11 19 5 11 1 5 9 18 14
split_gain=995.716 352.791 175.216 114.49 93.563 76.0717 75.45 58.7447 45.7704 44.861 44.2883 39.5019 38.8849 36.4017 35.2609 81.8789 57.5844 54.6554 36.3574 31.9791 28.924 28.1729 27.5929 29.5236 27.4959 26.2478 62.1436 31.083 29.6532 24.7127
threshold=0.0058811588678509006 0.62067049754632098 0.1443314985795455 0.086830301606520693 2.9436534643173222 0.056667609903670806 1.6596989035606386 0.1109952059659091 3.5217368010646708e-10 5.3576377795551261e-11 -0.063332090794574455 0.37173882126808172 0.10323871548015895 2.1800875663757329 0.089012292467735052 0.012744322884827854 1.7343819690641119e-10 6.5642560121754146e-11 0.21692784637574125 6.7121978237741933e-11 2.506434559822083 6.1821727737054752e-09 2.556902408599854 0.025755735821106483 1.0536217676104799e-08 0.40402812496636537 0.021330897411810875 0.044200687843326612 -0.18609904069241809 0.019271147437393669
decision_type=2 2 2 2 2 2 2 2 2 2 2 2 2 2 2 2 2 2 2 2 2 2 2 2 2 2 2 2 2 2
left_child=24 2 4 -4 8 -6 9 10 12 -5 29 19 13 -2 16 18 21 -17 -16 -9 -10 25 23 -13 -1 26 -15 28 -28 -7
right_child=1 -3 3 6 5 7 -8 11 20 -11 -12 22 -14 14 15 17 -18 -19 -20 -21 -22 -23 -24 -25 -26 -27 27 -29 -30 -31
leaf_value=-0.13726616729434635 -0.15217609412003452 0.12728863308601909 0.1002438948515374 0.012734572568813754 0.1152154055665406 -0.087911552379115576 0.039553862935471647 -0.17733656844451548 0.14538136255922482 -0.16512972712662319 -0.13102088246930135 -0.11600322800009684 -0.16077514099190701 -0.099496826516569645 0.04115059170392274 -0.16410348877321057 -0.086104390827979521 0.062254482158942415 -0.14370815172913537 0.036336885257357086 -0.11971507942086282 -0.16235157246515805 -0.16425459556333849 0.024435687818818046 0.2208996472534242 0.10915663614395971 0.079418541383906929 0.098775648914101469 -0.17691460900438172 0.14136305340013897
leaf_weight=439.73102168738842 20.208910673856735 317.22156718373299 296.87795896828175 24.151754766702652 68.842761322855949 8.0080114826560038 174.28555960208178 7.1513688489794722 4.3234962522983542 34.347154513001442 50.65965511649847 21.269449688494205 21.075841389596462 30.997048132121563 12.446911320090292 12.770763300359247 46.775208473205566 64.752913072705269 73.260603629052639 340.62225988507271 85.65972525626421 6.6577468290925017 15.50808100402355 50.534048847854137 2.1538818478584281 48.480500526726246 8.9672882854938525 64.84824363142252 9.0853367447853071 11.384701557457445
leaf_count=4165 178 275 434 76 99 49 527 58 6 293 358 140 176 243 45 106 299 190 605 1121 613 54 125 188 7 107 29 136 73 19
internal_value=-0.000104501 0.0308809 0.011932 0.0590748 -0.0110966 0.0166013 0.00657043 0.0031617 -0.0422504 -0.091697 -0.0818258 0.0168454 -0.0283936 -0.0214054 -0.0144333 -0.0495035 0.0120924 0.0249657 -0.116862 0.0319431 -0.106978 0.0392652 -0.0432905 -0.0171648 -0.13552 0.0475317 0.0213012 0.0664682 -0.0495861 0.0466866
internal_weight=2373.06 1931.17 1613.95 529.662 1084.29 573.98 232.784 505.138 510.311 58.4989 70.0524 435.085 420.327 399.251 379.043 163.231 215.811 77.5237 85.7075 347.774 89.9832 169.036 87.3116 71.8035 441.885 162.378 113.898 82.9009 18.0526 19.3927
internal_count=10794 6622 6347 1330 5017 2157 896 2058 2860 369 426 1632 2241 2065 1887 946 941 296 650 1179 619 642 453 328 4172 588 481 238 102 68
is_linear=0
shrinkage=0.1


Tree=7
num_leaves=31
num_cat=0
split_feature=8 1 17 7 10 9 17 2 9 15 10 3 19 18 10 13 8 5 4 14 12 0 5 15 10 12 17 11 12 1
split_gain=861.763 324.725 149.235 101.86 78.68 62.9904 42.5599 41.4375 38.0443 34.2085 32.1013 35.3902 31.3574 33.4091 48.0382 41.6591 34.3 33.1731 30.8115 30.536 28.9957 28.9019 28.6847 28.4559 27.0533 25.8733 30.7309 53.5716 25.5198 29.8357
threshold=1.6729917142919449e-11 0.62067049754632098 0.13962624289772732 0.11438548832980909 2.9312661886215214 0.056667609903670806 0.1109952059659091 9.991778031833477e-10 0.069725181453878335 8.9327859313925742e-05 2.1800875663757329 0.10323871548015895 0.067216735333204283 -0.015104803341356188 2.7448160648345952 1.5151777863502505 1.7343819690641119e-10 0.02617333916679496 7.0027544251028385e-11 0.010807982645928861 0.42232395708560949 3.8476541162460221e-09 0.028365553511518531 0.00010754128379630858 2.9877868890762334 0.41183161735534674 0.15853604403409094 2.3062741716373129e-09 0.29202567040920263 0.42826441594541403
decision_type=2 2 2 2 2 2 2 2 2 2 2 2 2 2 2 2 2 2 2 2 2 2 2 2 2 2 2 2 2 2
left_child=23 2 4 -4 8 -6 9 22 10 -7 -2 12 -12 16 15 -15 19 -16 -8 -14 -20 -11 25 -1 -23 26 27 -5 -17 -30
right_child=1 -3 3 7 5 6 18 -9 -10 21 11 -13 13 14 17 28 -18 -19 20 -21 -22 24 -24 -25 -26 -27 -28 -29 29 -31
leaf_value=-0.13255361817512776 -0.14531820225381425 0.12470835498670585 0.083058144939719081 -0.18598965759394548 0.10332691635511999 -0.11995420087888634 -0.16690103559876873 -0.1363422369266378 -0.11518544392421626 0.14313545650177495 0.082917919069755305 -0.15566137558269097 -0.020938523032518183 0.019150669611530041 0.039025398350124973 -0.13543035266184619 -0.086138930679060755 -0.16246570440550545 0.022956231529581605 0.093147009173531831 -0.11981580933747482 0.12450589311096449 0.064761860438566771 0.25337701022827724 -0.17364730729356484 -0.067435155061287264 0.093090664448966298 0.03693662016606257 -0.14791523105422411 0.18282203165414865
leaf_weight=412.0984016880393 23.478637017309666 296.1645160317421 365.00956898182631 15.263360954821108 67.506483480334282 47.714160464704037 9.2920865267515165 20.822496131062508 63.675102479755878 11.26862181723118 28.576997071504593 19.569069541990757 41.851395785808563 28.407623305916786 64.175460450351238 90.101492933928967 26.223827131092548 9.3631177842617017 365.78865049034357 53.39186680316925 14.800381317734717 4.5867214053869239 68.36452691257 1.9194296598434437 9.0437832027673704 55.414993934333324 34.6012022793293 36.69811050593853 5.1780960932373983 5.7633366733789444
leaf_count=4168 219 251 637 119 106 346 79 202 488 18 77 168 227 113 228 763 173 76 1313 142 106 8 171 3 71 290 60 122 46 4
internal_value=-0.000144741 0.0285886 0.0106387 0.0501636 -0.0131689 0.013091 -7.99556e-05 -0.00177694 -0.043441 -0.0703718 -0.0319071 -0.0247608 -0.0175048 -0.0263497 -0.0511723 -0.0878382 0.0151324 0.013371 0.0130115 0.043016 0.0174041 0.0246428 0.0115441 -0.130764 -0.0733175 -0.014081 0.0200748 -0.0285466 -0.117918 0.0262987
internal_weight=2296.11 1882.1 1585.93 596.174 989.757 530.001 462.494 231.165 459.756 72.6133 396.081 372.602 353.033 324.456 202.989 129.451 121.467 73.5386 389.881 95.2433 380.589 24.8991 210.342 414.018 13.6305 141.978 86.5627 51.9615 101.043 10.9414
internal_count=10794 6623 6372 1601 4771 2047 1941 964 2724 443 2236 2017 1849 1772 1230 926 542 304 1498 369 1419 97 762 4171 79 591 301 241 813 50
is_linear=0
shrinkage=0.1


Tree=8
num_leaves=31
num_cat=0
split_feature=8 1 17 9 4 1 0 19 19 17 3 5 5 2 18 5 8 1 15 13 10 13 9 18 3 5 5 10 5 0
split_gain=748.099 289.021 143.167 89.6005 72.137 56.7102 43.584 42.2456 38.2732 50.0352 43.7791 46.8479 44.9195 35.0989 34.0038 31.0183 37.4358 29.2421 27.4826 26.1911 23.902 33.3082 39.8261 27.8782 24.9591 23.2871 22.8767 22.6174 32.3918 22.5733
threshold=1.6729917142919449e-11 0.54925179035088689 0.13962624289772732 0.085001930777679827 6.4643549760852033e-11 0.20264826354330331 3.3935268484164288e-10 1.2116177678108218 0.042953372001647956 0.10948597301136366 0.059517289727514577 0.030768678828082659 0.033219597092512952 5.8925488991064896e-10 -0.16603933469477022 0.021452533740818864 1.4785865431936961e-10 0.23619221211350347 8.8721400970825939e-05 2.3008192777633671 3.218736052513123 2.1285216808319096 0.12058808868829921 0.048944391865833582 0.071730498630301329 0.028036605482628547 0.036629480021999887 2.5497336387634282 0.01885723875478237 3.8476541162460221e-09
decision_type=2 2 2 2 2 2 2 2 2 2 2 2 2 2 2 2 2 2 2 2 2 2 2 2 2 2 2 2 2 2
left_child=19 2 4 27 15 6 -5 -3 -6 14 11 -11 -12 -9 -10 -2 17 -17 -16 -1 -7 22 -22 -24 -25 -26 -14 28 -4 -20
right_child=1 7 3 5 8 20 -8 13 9 10 12 -13 26 -15 18 16 -18 -19 29 -21 21 -23 23 24 25 -27 -28 -29 -30 -31
leaf_value=-0.12854656497949538 -0.094189072374712246 0.1220818883913779 -0.26015330143549686 0.036749102399061234 0.12024624640346877 0.074237093117759612 -0.15093373068974447 -0.16186172774489252 0.044150686300780423 -0.1204136792831858 0.029163247461717324 0.12895400689135902 -0.18127753801644697 0.061914313166764927 -0.09780162413651472 0.073843399105524482 -0.16322223064787056 -0.079530006005840759 0.11345205028720112 0.24118143751499349 -0.20408268588836337 0.067618815018403569 0.06068558439854943 -0.13420377117176358 0.070231877943927615 -0.13117700384191508 -0.02206134324998317 0.091450615388897011 0.047176263141091128 -0.065507943099163968
leaf_weight=384.11857502907515 145.95077618956566 302.25169119983912 4.3231839388608959 18.916494697332382 24.795563973486423 73.669123791158199 35.769740000367165 8.7934998422861081 29.185306653380394 43.285995215177536 411.20555949211121 9.1212345883250219 14.883243165910242 34.542479127645493 108.23379002511501 37.425695978105068 13.388495787978171 18.613671436905861 12.469250224530699 1.9255727529525746 11.621879786252974 53.985153496265411 35.626292154192924 22.144215546548367 18.852113746106628 8.2540217339992505 22.924842789769173 280.17494366317987 16.589287847280502 16.212370254099369
leaf_count=4169 1222 289 35 51 30 155 317 66 106 317 1432 16 118 81 793 87 111 130 29 2 91 133 101 143 51 51 104 432 39 93
internal_value=-0.000181062 0.0264623 0.0073245 0.0461359 -0.0174721 0.00529094 -0.0860124 0.108843 -0.00174827 -0.00627985 0.00947773 -0.0770124 0.0195725 0.0165069 -0.0538484 -0.068015 -0.012992 0.0228999 -0.0747382 -0.126702 0.0275661 0.00471835 -0.0304707 -0.00669858 -0.0554424 0.00890136 -0.0847372 0.0839627 -0.0163572 0.0122944
internal_weight=2219.25 1833.21 1487.62 579.926 907.696 278.839 54.6862 345.588 692.317 667.522 501.421 52.4072 449.014 43.336 166.101 215.379 69.4279 56.0394 136.915 386.044 224.153 150.484 96.4985 84.8766 49.2504 27.1061 37.8081 301.087 20.9125 28.6816
internal_count=10794 6623 6187 1599 4588 1093 368 436 3038 3008 1987 333 1654 147 1021 1550 328 217 915 4171 725 570 437 346 245 102 222 506 74 122
is_linear=0
shrinkage=0.1


Tree=9
num_leaves=31
num_cat=0
split_feature=8 1 17 9 14 1 19 3 2 10 8 17 6 2 5 1 12 17 7 19 19 7 3 11 18 19 2 18 13 5
split_gain=652.047 256.1 107.959 75.185 62.4485 51.7163 47.4038 28.1585 31.0444 32.82 28.1383 32.6625 28.877 27.3582 25.8071 49.933 28.8951 35.8625 26.5004 24.0453 29.8952 28.8353 24.4798 23.9823 22.5899 22.4337 21.892 21.5359 21.4787 21.4064
threshold=1.6729917142919449e-11 0.62067049754632098 0.1443314985795455 0.086830301606520693 0.017171662300825122 0.28418139062041498 0.33857852220535284 0.059748825142186254 3.5531060298826805e-10 3.0468730926513676 1.1199058356697804e-09 0.15853604403409094 1.0062885789047214e-09 1.9605019307591387e-10 0.020220775330915094 0.36072627884070213 0.31820121407508856 0.13323419744318185 0.045899703389686873 1.8389644026756289 1.0032643079757693 0.11438548832980909 0.085084386528961858 1.6331052954399187e-08 0.76854418156753213 0.48811158537864691 1.8437463761778288e-10 0.086998932529240861 2.0615931749343877 0.013689391532952027
decision_type=2 2 2 2 2 2 2 2 2 2 2 2 2 2 2 2 2 2 2 2 2 2 2 2 2 2 2 2 2 2
left_child=23 2 4 -4 14 10 -6 13 -9 -10 11 12 -5 -8 15 -2 17 18 -16 20 -11 27 -21 -1 25 26 -18 -22 -24 -17
right_child=1 -3 3 5 6 -7 7 8 9 19 -12 -13 -14 -15 16 29 24 -19 -20 22 21 -23 28 -25 -26 -27 -28 -29 -30 -31
leaf_value=-0.125126521247164 -0.12519304013729987 0.11616853941084115 0.083255869574675512 -0.19035053562436099 0.11281609346047215 0.045107409161855745 0.021574705171838314 0.059538893874909127 0.07769080156981728 -0.14175661356280853 -0.14594772436975451 0.028059418968016954 0.066026973619607077 -0.15670779445289307 -0.14909148978769746 0.041704655208067404 -0.10681787329651747 0.092808112888516481 -0.009658105258872866 -0.12989504017564263 0.023079804014817688 0.056781690555771119 -0.18268907553619618 0.23194415506251251 0.13652411028898059 -0.15952247371478101 0.11816766629183273 -0.14653308889681996 0.016405729761448464 -0.048456053144668221
leaf_weight=356.74346902221441 73.3160500228405 260.41554667055607 267.56348377466202 16.007484227418903 48.566517174243927 130.17885991930962 15.453457318246363 112.99855253100395 40.2828364148736 12.175043620169161 23.995216049253941 45.91761826723814 6.0551706403493872 19.429102785885334 14.259746201336382 37.721700832247734 10.939136542379858 33.553253464400768 309.01218895614147 33.241601794958115 15.43184517323971 75.283624663949013 6.4170292466878882 1.8909395933151234 4.2021290063858023 29.262622974812984 7.1528704687952986 14.538515985012053 34.82661409676075 87.225823581218719
leaf_count=4170 738 251 434 128 56 362 54 285 89 84 244 143 19 164 128 138 83 68 1508 238 55 208 52 1 6 251 15 105 145 572
internal_value=-0.000198317 0.0245176 0.00886696 0.0475527 -0.00943236 0.00455169 0.0197855 0.00789804 0.0165505 -0.00436978 -0.0528495 -0.0199883 -0.119987 -0.0777262 -0.0300772 -0.0596787 -0.0157061 -0.00559508 -0.0158086 -0.0215943 0.00659657 0.023757 -0.0660384 -0.123244 -0.0856844 -0.105403 -0.0178674 -0.0591988 -0.0145711 -0.0212365
internal_weight=2144.06 1785.42 1525.01 489.718 1035.29 222.154 428.645 380.078 345.196 232.197 91.9755 67.9803 22.0627 34.8826 606.646 198.264 408.382 356.825 323.272 191.914 117.429 105.254 74.4852 358.634 51.5568 47.3546 18.092 29.9704 41.2436 124.948
internal_count=10794 6623 6372 1330 5042 896 1535 1479 1261 976 534 290 147 218 3507 1448 2059 1704 1636 887 452 368 435 4171 355 349 98 160 197 710
is_linear=0
shrinkage=0.1


Tree=10
num_leaves=31
num_cat=0
split_feature=14 1 17 2 9 13 13 15 19 17 3 5 6 13 9 6 3 5 4 2 18 6 0 9 18 15 13 17 15 14
split_gain=570.412 220.726 82.4663 68.6088 64.5786 43.3326 42.7241 42.9053 50.4243 47.8962 42.2522 39.2018 48.6061 41.7951 38.5924 35.8663 34.7852 37.6173 30.3186 21.666 24.3024 22.194 33.2498 31.6283 27.4763 25.7494 24.4049 23.5519 23.866 44.1685
threshold=0.0058811588678509006 0.66565249967652651 0.1443314985795455 1.9752577086981815e-09 0.086830301606520693 1.6596989035606386 3.366163015365601 4.4230457206140279e-05 0.73762759566307079 0.12422318892045457 0.091743824675546759 0.021452533740818864 2.2248721293791489e-10 1.5941667556762698 0.076438636747958963 2.2248721293791489e-10 0.060750999392696625 0.032926371076674878 5.3576377795551261e-11 7.8946656901962325e-10 0.29140430044869642 6.2711382950640822e-10 2.9680701405943792e-09 0.05606839408789769 -0.23091762673787095 6.2891329434933154e-05 1.7081571817398074 0.11143909801136366 6.4275638578692465e-05 0.016912980936467651
decision_type=2 2 2 2 2 2 2 2 2 2 2 2 2 2 2 2 2 2 2 2 2 2 2 2 2 2 2 2 2 2
left_child=-1 2 3 6 -4 18 7 11 10 19 -9 -2 13 -13 15 -11 -16 -18 -6 21 -21 23 -23 24 -10 26 -26 -25 -29 -30
right_child=1 -3 4 -5 5 -7 -8 8 9 14 -12 12 -14 -15 16 -17 17 -19 -20 20 -22 22 -24 27 25 -27 -28 28 29 -31
leaf_value=-0.12032192556657256 -0.10881804790520709 0.11906223331144156 0.077995257153509662 0.11121813703066752 0.0081266594286051146 0.028662345377394063 -0.2798725168688066 0.07215586787239564 0.067314271881555837 -0.083052289940685114 -0.11060820582436937 0.075568304116055904 -0.09012377962053135 -0.11202269704559419 -0.13132870170624689 0.10448045355659737 0.022687053375621661 -0.17610655371051129 -0.14670323900228296 -0.030106939454989719 0.11205527548665054 0.037520704124540893 -0.095966062583104306 -0.14868811426104653 0.07895834000407137 -0.010271014296912307 -0.14033404846794945 -0.1196821684170635 0.084673091942995687 -0.17515129666234863
leaf_weight=332.02872702479362 74.752835266292095 209.19060708582401 257.57901413738728 47.605862058699131 23.12006600946188 167.69256753474474 5.9033355116844168 128.61504090577364 25.558396562933922 11.899734444916247 14.029088534414766 56.780026912689209 52.714927420020103 15.018277511000631 19.317169301211834 71.331780061125755 155.12545879930258 10.141084864735602 27.920917473733425 29.532950550317764 20.283737629652023 65.17593140900135 26.145561762154102 50.228905156254768 5.9058678224682799 69.438234604895115 36.070288687944412 30.022274777293205 21.477532722055916 9.4088123068213445
leaf_count=4172 735 195 434 57 76 527 54 347 83 75 104 131 368 116 152 127 542 85 293 150 39 225 170 446 24 371 352 221 48 75
internal_value=-0.00022198 0.0227222 0.00953962 -0.00608472 0.0440639 0.00410665 -0.0116419 -0.0100568 0.00028813 -0.0114116 0.054181 -0.051574 -0.0172069 0.0363293 0.0211377 0.0776686 -0.00435288 0.0104887 -0.0765698 -0.0338066 0.0277769 -0.0428449 -0.000696876 -0.0583583 -0.0261974 -0.0476489 -0.109481 -0.0979954 -0.0561912 0.00552359
internal_weight=2070.02 1737.99 1528.8 1052.48 476.313 218.734 1004.88 998.974 799.708 657.064 142.644 199.266 124.513 71.7983 267.815 83.2315 184.584 165.267 51.041 389.248 49.8167 339.432 91.3215 248.11 136.973 111.414 41.9762 111.138 60.9086 30.8863
internal_count=10794 6622 6427 5097 1330 896 5040 4986 3636 3185 451 1350 615 247 981 202 779 627 369 2204 189 2015 395 1620 830 747 376 790 344 123
is_linear=0
shrinkage=0.1


Tree=11
num_leaves=31
num_cat=0
split_feature=8 1 17 10 15 5 8 19 17 12 19 17 13 13 10 14 9 15 13 13 17 0 2 1 6 10 7 2 1 19
split_gain=501.345 208.65 76.6664 72.001 55.7094 72.163 62.0053 59.786 62.8942 56.176 44.4622 41.6154 32.0676 27.4482 26.902 26.6993 41.3767 38.229 25.7031 25.2896 25.1725 24.1201 31.2116 23.7385 20.4723 19.6404 19.0512 37.3704 22.4742 32.6366
threshold=9.9357302285397593e-12 0.64849849514625968 0.15445223721590912 3.2289844751358037 4.4230457206140279e-05 0.021452533740818864 1.9328494688853061e-10 0.3629660308361054 0.12382368607954546 0.32493098080158239 1.8565658330917361 0.10624556107954546 1.9347296357154848 1.9246952533721926 2.506434559822083 0.010496987961232664 0.025209818122671371 4.4682506995741285e-05 1.6051859855651858 1.5941667556762698 0.13607510653409094 2.6223859235476429e-09 2.3875025233534237e-10 0.26919304734431088 5.5643661748019251e-10 2.7364683151245122 0.11803054801450187 4.7337284452321438e-10 0.40170873978328553 1.9384592771530154
decision_type=2 2 2 2 2 2 2 2 2 2 2 2 2 2 2 2 2 2 2 2 2 2 2 2 2 2 2 2 2 2
left_child=-1 2 4 -4 5 -2 11 -6 15 -10 13 -7 -5 18 -8 17 -17 -9 -11 -13 -20 22 -12 -22 -16 -21 28 -28 -18 -30
right_child=1 -3 3 12 7 6 14 8 9 10 21 19 -14 -15 24 16 26 -19 20 25 23 -23 -24 -25 -26 -27 27 -29 29 -31
leaf_value=-0.11967506018581314 -0.12097398889451523 0.11432899458094054 0.081170882633568101 -0.085554446329901584 0.087585973428001507 -0.15870680206055521 0.1661314905034823 0.18556303071176619 0.077943780552608047 0.068538596463755985 -0.20336288724581389 0.085846723646522891 0.040296388010184862 0.056397434684653705 -0.15334826152637546 0.097903122629729875 -0.076313380800455272 -0.12411179073782826 -0.21205687927334813 -0.16741680009794313 -0.19943641281607924 -0.12685177096990488 0.0039244087950939246 0.025815575359328654 -0.006514636554973874 0.070435269139061771 0.056709417142924171 -0.10588623316723669 -0.06241722230293878 0.022527798727608378
leaf_weight=298.88431540876627 85.241597972810268 209.05050376057625 226.05593150854111 44.566140979528427 83.666341632604599 9.4048070535063726 3.6947467327117911 4.3738208040595046 141.71262969076633 18.185519151389599 8.2249293699860555 74.223059490323067 37.10268347710371 124.89631207287312 35.289528757333755 28.260090701282024 105.19857506453991 45.004589356482029 10.011895880103109 7.7266950458288175 6.0725185871124294 30.424365274608135 62.169465400278568 20.381904631853104 12.991009600460528 6.3041314035654068 57.461109593510628 18.747317858040333 86.902743250131607 94.322297595441341
leaf_count=4085 872 219 368 361 181 85 2 9 324 44 68 139 106 328 316 50 722 451 82 69 48 215 249 63 68 16 175 124 557 398
internal_value=-0.000247995 0.0207778 0.0076402 0.0520967 -0.00394456 -0.0475348 -0.00569892 0.00687796 -0.000952436 0.0266296 0.00069262 0.0412626 -0.0283796 0.0305335 -0.0939371 -0.0273948 -0.0186424 -0.0966815 -0.0285735 0.0625724 -0.0770026 -0.0524511 -0.0202952 -0.0258902 -0.113839 -0.0605485 -0.0277248 0.0167108 -0.0395478 -0.0182058
internal_weight=1996.55 1697.67 1488.62 307.725 1180.89 234.876 149.634 946.016 862.35 422.08 280.367 97.6587 81.6688 179.548 51.9753 440.271 390.892 49.3784 54.6518 88.2539 36.4663 100.819 70.3944 26.4544 48.2805 14.0308 362.632 76.2084 286.424 181.225
internal_count=10794 6709 6490 835 5655 1567 695 4088 3907 1421 1097 309 467 565 386 2486 2026 460 237 224 193 532 317 111 384 85 1976 299 1677 955
is_linear=0
shrinkage=0.1


Tree=12
num_leaves=31
num_cat=0
split_feature=8 1 17 10 2 15 5 8 17 17 19 3 13 13 3 12 10 12 19 18 13 6 8 2 2 6 9 14 15 18
split_gain=441.24 186.227 63.1244 61.3372 51.6359 40.1053 62.6628 52.4657 43.63 35.3486 35.1521 33.3042 27.1068 25.7998 25.313 23.1031 22.8252 22.2694 41.6349 22.2859 21.161 18.4991 18.8787 18.462 22.4315 21.5617 24.4077 24.7472 28.4807 28.2709
threshold=9.9357302285397593e-12 0.66565249967652651 0.15445223721590912 3.2289844751358037 1.9752577086981815e-09 4.4230457206140279e-05 0.021452533740818864 1.9328494688853061e-10 0.12235884232954546 0.10624556107954546 0.73762759566307079 0.096018661679363224 1.8930847048759463 3.366163015365601 0.091743824675546759 0.2956878542900086 2.506434559822083 0.32493098080158239 1.8565658330917361 0.30760207886553631 1.5941667556762698 5.5643661748019251e-10 3.431046432652425e-10 7.8946656901962325e-10 6.3608464588290865e-10 6.2711382950640822e-10 0.05606839408789769 0.010923938825726511 4.4682506995741285e-05 0.36865179147571331
decision_type=2 2 2 2 2 2 2 2 2 2 2 2 2 2 2 2 2 2 2 2 2 2 2 2 2 2 2 2 2 2
left_child=-1 2 4 -4 5 6 -2 9 10 -8 14 17 -5 23 -7 -13 -9 -10 -19 -20 -11 -18 -23 24 25 26 27 28 -12 -29
right_child=1 -3 3 12 -6 8 7 16 11 20 13 15 -14 -15 -16 -17 21 18 19 -21 -22 22 -24 -25 -26 -27 -28 29 -30 -31
leaf_value=-0.11746186089416821 -0.11542776743512867 0.11488821754553143 0.076260811920331281 -0.084735785642158154 0.10531915649920567 0.059229226367098188 -0.15128643186035715 0.15600918776215666 0.063420659391597065 0.079545631540185999 0.16225464960605834 0.10767618759250613 0.031400038787298017 -0.24844270803615709 -0.094146693394892206 -0.13141366989926345 -0.14659880995359012 0.041322672372257313 -0.09950562625647684 -0.00029082025453496983 -0.056738516820568498 0.16355634092724086 -0.091724362382341398 0.029372198237710947 -0.12790360707126089 0.018315335540618437 -0.085546936687221742 0.038130096978246528 -0.10281291096813194 -0.15562043148570559
leaf_weight=275.27434241771698 80.643915191292763 181.41432666778564 217.02851619571447 39.730996556580067 42.430849246680737 74.517508178949356 8.9052165076136571 3.5484495162963858 140.5142902508378 72.200073629617691 4.5046024844050399 4.9994878172874477 40.670633427798748 5.5113666281104079 12.576500684022902 21.092866070568562 33.323966555297375 195.09567408263683 37.419663526117802 57.320984736084938 13.52787424623966 4.3649078682065001 8.613643102347849 45.073935143649578 26.066888153553009 67.551844246685505 91.543854862451553 68.993020690977573 40.483918823301792 8.4538016915321332
leaf_count=4085 872 193 368 345 55 233 85 2 358 139 9 7 122 50 101 150 316 566 247 236 85 7 61 170 207 272 687 291 397 78
internal_value=-0.000265315 0.0193092 0.00748721 0.0486205 -0.00297588 -0.00705367 -0.0448099 -0.00539454 0.00237275 0.0383418 -0.019898 0.0240987 -0.0259892 -0.0337528 0.0370815 -0.0856023 -0.0884203 0.0307499 0.014911 -0.0394776 0.05804 -0.107152 -0.00586911 -0.0303978 -0.0391562 -0.0309391 -0.0464884 -0.0172846 -0.0762723 0.016981
internal_weight=1923.4 1648.12 1466.71 297.43 1169.28 1126.85 225.128 144.484 901.72 94.6332 445.277 456.443 80.4016 358.183 87.094 26.0924 49.851 430.351 289.836 94.7406 85.7279 46.3025 12.9786 352.672 307.598 281.531 213.979 122.435 44.9885 77.4468
internal_count=10794 6709 6516 835 5681 5626 1567 695 4059 309 2495 1564 467 2161 334 157 386 1407 1049 483 224 384 68 2111 1941 1734 1462 775 406 369
is_linear=0
shrinkage=0.1


Tree=13
num_leaves=31
num_cat=0
split_feature=8 1 14 8 1 5 17 9 19 14 7 5 11 17 6 5 8 5 17 9 1 9 3 3 11 18 9 17 18 17
split_gain=389.167 167.62 56.0423 68.1845 57.1319 44.8311 45.7382 40.2055 30.0209 28.0506 28.2364 35.5677 26.2358 27.9471 30.4509 38.9895 26.9314 25.5111 22.6585 21.8254 20.2341 19.6419 19.6302 22.4329 18.4845 17.3705 29.8882 21.0418 27.1544 18.2396
threshold=9.9357302285397593e-12 0.64849849514625968 0.014924586284905674 2.9315177212549403e-10 0.20264826354330331 0.021330897411810875 0.13323419744318185 0.064389944708695704 0.3629660308361054 0.010807982645928861 0.029333057426153886 0.018477955790003931 2.3626043343938367e-09 0.1109952059659091 4.9973038231246119e-10 0.022264632701282067 5.0988407662663223e-10 0.025844222199817798 0.10566850142045457 0.070252236212225455 0.55417541843051576 0.061830396499048194 0.051470255553718057 0.063193157376320835 4.839305844939191e-09 -0.18609904069241809 0.044200687843326612 0.090664950284090925 0.067973316541280263 0.10504705255681819
decision_type=2 2 2 2 2 2 2 2 2 2 2 2 2 2 2 2 2 2 2 2 2 2 2 2 2 2 2 2 2 2
left_child=-1 2 5 -4 -5 7 19 9 -6 20 -11 -12 -10 16 17 -16 -14 -15 -18 22 21 -2 -7 -24 -22 -25 -27 -28 29 -29
right_child=1 -3 3 4 8 6 -8 -9 12 10 11 -13 13 14 15 -17 18 -19 -20 -21 24 -23 23 25 -26 26 27 28 -30 -31
leaf_value=-0.11553170202890928 -0.11524654064345533 0.10877861659659654 0.066287316237483365 -0.14470549816530853 0.078117561024550641 0.096135354219022903 0.068691870253594328 -0.14888296306233043 -0.15487996652638236 0.10481072034846024 -0.11252357407098119 0.026016419662830911 -0.12224813881744077 0.073410923387155408 -0.067458124976137998 0.015095718875955295 0.044777867199702469 -0.090073092405721575 -0.14556139702028895 -0.10306037171365892 0.12956147120872388 0.18026924631075852 -0.13782399853847518 0.059880576508777345 -0.10318961818415183 -0.11832822716610324 0.11179208347194731 -0.146923029874063 -0.10503321980809986 0.056997209125792009
leaf_weight=253.02540539950132 61.036985989660025 180.21245816349983 243.27174647897482 24.673516109585762 59.376035094261169 16.593958392739296 81.174537874758244 37.843731574714184 10.267628982663153 20.410822033882141 30.106829605996609 48.197973385453224 31.237947724759579 107.50653486698866 68.751469887793064 340.7977033406496 29.065294869244099 10.475115470588205 7.9689870849251738 27.617560990154743 7.8870424404740316 2.3352224379777899 14.254301525652407 30.924820117652416 6.0138771757483482 25.999265898019075 15.030698247253893 5.0300543233752242 23.473818875849247 34.271001279354095
leaf_count=4085 750 219 514 300 139 29 170 386 103 35 260 233 261 240 390 1278 110 64 72 233 12 8 118 96 51 253 44 47 188 106
internal_value=-0.00028227 0.0179228 0.00640522 0.0207647 0.00471767 -0.0210486 0.00570357 -0.0553744 0.010258 -0.0352668 5.55494e-05 -0.0272498 0.00360988 0.00634118 0.0141326 0.00123731 -0.053862 0.0588958 0.00382092 -0.0207621 -0.0803908 -0.104357 -0.00703516 -0.0185264 0.0288677 -0.00590477 -0.0255031 0.00551507 -0.0199317 0.0308979
internal_weight=1854.83 1601.81 1421.59 933.392 690.12 488.203 274.37 213.832 665.447 175.989 98.7156 78.3048 606.071 595.803 527.531 409.549 68.2722 117.982 37.0343 193.195 77.2731 63.3722 165.578 148.984 13.9009 134.73 103.805 77.8056 62.7749 39.3011
internal_count=10794 6709 6490 3471 2957 3019 1284 1735 2657 1349 528 493 2518 2415 1972 1668 443 304 182 1114 821 758 881 852 63 734 638 385 341 153
is_linear=0
shrinkage=0.1


Tree=14
num_leaves=31
num_cat=0
split_feature=8 1 17 9 2 15 5 8 17 12 19 13 1 5 10 17 3 7 10 5 18 12 3 3 19 6 2 17 4 1
split_gain=343.85 150.648 48.9352 45.2622 40.0332 30.7896 53.143 47.1301 33.0082 36.33 31.5468 32.2264 28.409 29.7057 36.3979 28.3987 23.2943 21.0262 18.3853 18.2166 18.9711 34.6825 18.4192 22.7485 18.2129 16.9067 16.2691 17.3552 22.9925 21.6372
threshold=9.9357302285397593e-12 0.66565249967652651 0.15853604403409094 0.17268197718969303 1.9752577086981815e-09 4.4230457206140279e-05 0.021452533740818864 1.9328494688853061e-10 0.12235884232954546 0.37173882126808172 2.189443945884705 1.9087545275688174 0.28867318412663473 0.013689391532952027 2.5497336387634282 0.10624556107954546 0.057767468912686401 0.15934111342287546 2.506434559822083 0.02908633962192848 0.33390613327818847 0.3973242193460465 0.075566172618975205 0.085084386528961858 1.20183402299881 5.5643661748019251e-10 4.0824701425993593e-10 0.14086914062500003 7.0027544251028385e-11 0.47779176052287897
decision_type=2 2 2 2 2 2 2 2 2 2 2 2 2 2 2 2 2 2 2 2 2 2 2 2 2 2 2 2 2 2
left_child=-1 2 4 -4 5 6 -2 15 12 26 11 -11 -7 16 -15 -8 -14 -12 -9 20 21 -13 -21 -24 -23 -20 27 28 29 -10
right_child=1 -3 3 -5 -6 8 7 18 9 10 17 19 13 14 -16 -17 -18 -19 25 22 -22 24 23 -25 -26 -27 -28 -29 -30 -31
leaf_value=-0.11384135491478727 -0.10723463032919184 0.11011965292648136 0.05940374284405589 -0.10683795559627676 0.098471736867881757 0.067447817854337608 -0.1423237003054591 0.14352667961669183 -0.16098369022208306 -0.13108552589874464 -0.15095855721546605 0.052825580309397373 -0.15370077425614101 -0.13471376680342703 -0.024987154860366085 0.053840771624417298 0.072405181649615555 0.021602468739595426 -0.14255513067470479 0.12548081787537704 0.089400272296325842 -0.008358528001159252 0.077632998701470474 -0.19215897284979394 -0.20643014190516268 -0.0049420162849554312 0.069762340315569743 0.064810512333763448 0.018037172630208827 0.11874240267616587
leaf_weight=232.17143958806992 75.524315930902958 155.12752598524094 223.73613236099482 17.671389281749725 38.167153835296631 35.980658423155546 8.0662730149924737 3.2581354379653922 13.747482769191267 14.912135712802408 25.638740796595812 18.168722048401833 5.0981717407703391 33.4589459374547 313.35081546008587 86.744714014232159 42.880283039063215 9.7450473904609662 30.879043951630592 26.95155581086874 13.677781470119951 7.1406947076320675 8.9295745566487295 4.8081519231200209 13.268398538231848 12.558660738170145 112.08239154517651 68.331185899674892 134.61034677177668 3.4615234136581412
leaf_count=4085 890 193 495 226 56 124 85 2 127 107 209 51 50 405 1800 230 116 39 321 34 30 29 19 40 106 68 251 141 461 4
internal_value=-0.00030996 0.0166086 0.00626814 0.0472346 -0.00224681 -0.00566908 -0.0395005 -0.00334981 0.00243303 0.0205985 -0.0214991 0.00538051 -0.0176177 -0.0253705 -0.0355732 0.0371516 0.0483793 -0.103434 -0.0855837 0.0272752 -0.0117904 -0.0476675 0.0774455 -0.0167932 -0.137129 -0.102769 0.0387487 0.0229592 0.00412266 -0.104718
internal_weight=1790.15 1557.98 1402.85 241.408 1161.44 1123.27 217.031 141.507 906.243 475.474 143.241 107.857 430.769 394.788 346.81 94.811 47.9785 35.3838 46.6958 92.9449 52.2556 38.5778 40.6893 13.7377 20.4091 43.4377 332.233 220.151 151.819 17.209
internal_count=10794 6709 6516 721 5795 5739 1596 706 4143 1648 664 416 2495 2371 2205 315 166 248 391 309 216 186 93 59 135 389 984 733 592 131
is_linear=0
shrinkage=0.1


Tree=15
num_leaves=31
num_cat=0
split_feature=8 1 17 9 2 13 15 5 8 17 14 13 9 3 17 9 8 1 12 1 15 17 11 14 18 19 6 0 19 5
split_gain=304.452 135.318 40.9909 38.8681 34.6369 28.7209 28.1643 45.9851 40.0156 24.1902 23.4154 22.9425 22.1379 23.4001 22.0503 22.7369 24.0494 20.8386 20.5088 20.2487 26.9003 19.9525 21.1885 20.8798 31.0737 19.6898 31.3989 27.2062 19.1086 18.6088
threshold=9.9357302285397593e-12 0.66565249967652651 0.15853604403409094 0.16203899340386443 1.9752577086981815e-09 3.366163015365601 4.4230457206140279e-05 0.021452533740818864 1.9328494688853061e-10 0.10624556107954546 0.010923938825726511 2.1552263498306279 0.025209818122671371 0.096018661679363224 0.12235884232954546 0.076438636747958963 3.2377536474312307e-10 0.33113999659512627 0.28051908314228063 0.55417541843051576 4.5349312131293125e-05 0.082186612215909102 8.2431070858035599e-09 0.01242793630808592 0.0048167915083467969 1.8565658330917361 4.70518170151681e-10 2.4307166047946786e-09 2.425906896591187 0.027751490736395917
decision_type=2 2 2 2 2 2 2 2 2 2 2 2 2 2 2 2 2 2 2 2 2 2 2 2 2 2 2 2 2 2
left_child=-1 2 4 -4 5 6 7 -2 9 -9 19 -5 -12 14 17 -16 -17 29 -15 20 -8 -19 23 24 -23 -18 -27 -28 -20 -14
right_child=1 -3 3 11 -6 -7 10 8 -10 -11 12 -13 13 18 15 16 25 21 28 -21 -22 22 -24 -25 -26 26 27 -29 -30 -31
leaf_value=-0.11235563297381575 -0.10205559282804576 0.10796908229099472 0.056481746306185146 -0.1393158972121907 0.0946064716064694 -0.22738504152985037 0.07709736518969991 -0.13743545325573445 -0.08121251933437855 0.049384518531366765 0.10134951335411493 0.12586950706331759 -0.040591935704848731 0.015491051491223241 0.062213858673692425 -0.13643554715018497 0.035521138883297658 0.057644041953574726 -0.13449831615815028 0.031709976275153144 -0.12814054666569002 0.096245510137259183 0.010001173254545451 -0.084561899835133111 -0.13135672817123697 0.071166975134090482 -0.006309961887256312 -0.12515678635904393 -0.0066678908267948289 0.070805717230572787
leaf_weight=212.71261370927095 71.626367326825857 143.01829092949629 213.80763161182404 16.592445075511936 35.873741928488016 5.7895247414708129 7.7457059100270262 7.5447303839027873 44.450297802686691 85.198823072016239 24.748380966484547 4.0608933269977561 21.780566897243261 33.531187899410725 119.6941470131278 10.674323689192532 195.60181365534663 24.475069716572762 30.675669088959694 18.845084764063358 36.3844896517694 17.046843856573108 60.05287578701973 94.662045206874609 9.2552104815840703 30.063493937253952 55.206722088158131 29.583153322339058 18.898100480437279 48.138318613171577
leaf_count=4085 890 193 478 238 56 54 35 85 391 230 41 5 140 157 286 77 587 92 240 85 464 45 278 695 102 67 240 224 97 137
internal_value=-0.000325731 0.0154035 0.00575444 0.0438273 -0.00209279 -0.00524161 -0.00406803 -0.0371094 -0.00320227 0.0341866 0.00371012 -0.0871747 0.00820142 0.00531746 0.0111456 0.0250144 0.011149 -0.0110528 -0.0449119 -0.0550625 -0.0921173 -0.027098 -0.0385558 -0.062662 0.0161565 0.0162234 -0.0166417 -0.0477756 -0.0857679 0.036104
internal_weight=1727.74 1515.03 1372.01 234.461 1137.55 1101.67 1095.88 208.82 137.194 92.7436 887.063 20.6533 824.088 799.34 716.235 440.824 321.13 275.411 83.105 62.9753 44.1302 205.492 181.017 120.964 26.3021 310.455 114.853 84.7899 49.5738 69.9189
internal_count=10794 6709 6516 721 5795 5739 5685 1596 706 315 4089 243 3505 3464 2970 1481 1195 1489 494 584 499 1212 1120 842 147 1118 531 464 337 277
is_linear=0
shrinkage=0.1


Tree=16
num_leaves=31
num_cat=0
split_feature=8 1 14 8 1 5 5 8 19 0 17 6 5 8 7 19 5 1 11 18 2 1 1 17 2 18 19 11 2 12
split_gain=270.005 121.602 34.6723 46.024 32.3069 30.3739 46.8638 27.1055 21.7468 23.8774 24.7024 27.8142 31.0324 21.805 21.4627 20.9979 20.1652 19.1871 22.0978 18.0682 17.5796 25.4302 24.2961 16.6463 16.4959 16.4099 21.3871 16.2496 15.2141 32.115
threshold=9.9357302285397593e-12 0.66565249967652651 0.014773776754736902 2.384842751344061e-10 0.20264826354330331 0.020288578335588624 0.013689391532952027 2.9696496246652199e-10 0.31402398645877844 5.8757622477288349e-10 0.11055131392045457 4.9973038231246119e-10 0.022264632701282067 5.0988407662663223e-10 0.053413039550868936 1.20183402299881 0.027892674270027 0.42282492951566614 1.2651338865410369e-09 -0.06708498409187251 2.0158462103641886e-10 0.20264826354330331 0.3524344748389498 0.11561168323863637 3.9597444400900984e-10 0.04149719336154787 2.5220285654067998 1.3864991932344142e-09 3.1672511360367829e-10 0.29702863097190862
decision_type=2 2 2 2 2 2 2 2 2 2 2 2 2 2 2 2 2 2 2 2 2 2 2 2 2 2 2 2 2 2
left_child=-1 2 5 -4 27 6 15 14 -6 -10 13 16 28 -11 -7 -2 24 18 -16 -15 21 -20 -22 -24 -12 26 -8 -5 -13 -30
right_child=1 -3 3 4 8 7 25 -9 9 10 11 12 -14 19 17 -17 -18 -19 20 -21 22 -23 23 -25 -26 -27 -28 -29 29 -31
leaf_value=-0.11104558360152024 0.059545733058736394 0.10595285790634079 0.063277263016345314 0.064953298434964848 0.072387036541272889 -0.0703336580138227 -0.084007421941088012 -0.12252331975126202 -0.16223191645592999 -0.10142814726513449 0.026772605756794784 -0.010600621519033258 0.012510862369687695 0.10215820420179922 0.058249252060566262 -0.11720603818200054 -0.096462130095511869 0.092028608528352138 0.046739286099178906 -0.045950993264554874 0.050025817367217368 -0.094177735686328021 -0.14001782124794207 0.028331547017480758 0.093013518639303489 -0.12918938851101622 0.076880978520265708 -0.13216853488880725 0.14650215681313236 -0.14076868881740215
leaf_weight=194.6244440972805 38.733735878020525 131.74541672691703 170.42325411364436 5.0655613541603115 51.538106083869934 30.361334066838026 38.657518789172173 16.662547387182713 8.4361577033996564 37.117812138050795 79.355851523578167 31.41308818757534 344.66144710406661 12.980782777070997 61.6544229388237 8.1323970034718496 8.9349745623767358 31.215908154845238 18.018298182636499 22.536891803145409 61.063467521220446 44.272271331399679 13.852778255939485 10.196898490190504 71.437355205416679 54.817431893199682 10.50828682258725 23.972103871405125 4.433334454894065 31.84510600566864
leaf_count=4085 144 193 353 10 135 272 474 163 96 310 265 146 1323 27 138 76 65 84 67 149 219 396 141 34 118 706 40 319 7 239
internal_value=-0.000343008 0.0142735 0.00527529 0.0164634 0.00558992 -0.0178122 -0.054148 0.00126633 0.00984945 0.00491481 0.00710194 0.0140767 0.000353369 -0.0478319 0.00888784 0.0288751 0.0495048 0.0188984 0.0079788 0.00817905 -0.0130478 -0.0534158 0.0164958 -0.0686388 0.0581538 -0.0915673 -0.0496205 -0.097781 -0.0615483 -0.105663
internal_weight=1668.67 1474.04 1342.3 904.152 733.729 438.147 150.849 287.298 704.691 653.153 644.717 572.081 412.353 72.6355 270.635 46.8661 159.728 240.274 209.058 35.5177 147.404 62.2906 85.1131 24.0497 150.793 103.983 49.1658 29.0377 67.6915 36.2784
internal_count=10794 6709 6516 3562 3209 2954 1440 1514 2880 2745 2649 2163 1715 486 1351 220 448 1079 995 176 857 463 394 175 383 1220 514 329 392 246
is_linear=0
shrinkage=0.1


Tree=17
num_leaves=31
num_cat=0
split_feature=8 1 17 9 2 10 13 18 0 13 11 8 13 17 4 19 17 3 9 15 9 8 2 19 12 5 3 4 1 7
split_gain=239.799 109.306 31.0018 29.2275 28.7215 21.201 19.9292 15.8436 14.4267 16.279 14.3517 40.9012 25.8871 21.2868 17.9188 17.7002 18.1774 25.5313 23.7165 24.9679 32.3959 22.6256 19.9559 17.9955 17.2507 16.4381 16.1884 23.1402 16.0993 16.0737
threshold=9.9357302285397593e-12 0.66565249967652651 0.15853604403409094 0.16203899340386443 2.4329653749948768e-09 2.1800875663757329 2.1552263498306279 0.76854418156753213 1.6742224287806908e-09 2.0724240541458134 2.3062741716373129e-09 1.9328494688853061e-10 1.5151777863502505 0.1282182173295455 6.5642560121754146e-11 0.70712995529174816 0.12599875710227273 0.09888434227857941 0.076438636747958963 6.9079502281965701e-05 0.11408878093268736 5.5571219707314932e-10 2.8471173957535803e-10 2.5887552499771123 0.36024434864521032 0.01841216752319844 0.091743824675546759 3.0887905280963163e-10 0.42417636922894858 0.076554995632734477
decision_type=2 2 2 2 2 2 2 2 2 2 2 2 2 2 2 2 2 2 2 2 2 2 2 2 2 2 2 2 2 2
left_child=-1 2 4 -4 5 -2 -5 10 -9 -10 11 12 25 -13 28 24 -17 18 29 20 21 -20 -23 -21 26 -7 -12 -28 -14 -18
right_child=1 -3 3 6 -6 7 -8 8 9 -11 15 13 14 -15 -16 16 17 -19 19 23 -22 22 -24 -25 -26 -27 27 -29 -30 -31
leaf_value=-0.10988722925270838 -0.12349220279372003 0.10404074644812177 0.049945900967749979 -0.13590899991905719 0.10154778951387376 -0.14122965697948062 0.11769372876413149 0.10144867838749805 -0.18794885791533972 0.067644451917527174 0.060320310958307616 -0.03546400637401087 -0.095534046434914546 -0.14657674464874929 0.050099155910254024 -0.020533551644024848 0.0074393369075125672 -0.13561823342984036 -0.066858540236297268 0.039541057470694634 -0.18050655207351915 0.097604253025897661 -0.061053962260495268 -0.079300619846091228 -0.10629736639701626 0.058141750287853768 -0.14366769132232124 0.12641320542542381 0.12419107628522673 0.094704146345887585
leaf_weight=177.86467342078686 14.79331738501787 121.28768977895379 202.63616322726011 14.476217634975912 26.109219804406166 4.4176145084202281 3.9426795914769164 26.085050538182259 4.2621137313544732 5.9996576979756355 98.667191911488771 34.146146684885025 40.016279280185699 34.827861122786999 14.801039285957811 375.19130251929164 34.488736186176538 11.336198493838308 39.753392849117517 120.34760794788599 14.07493634149432 23.133594803512096 12.060858860611914 14.250460240989922 7.9706179052591315 64.752505216747522 9.5146790929138643 4.7591008469462386 3.6377687379717818 54.402294151484966
leaf_count=4085 250 193 478 238 39 62 5 55 38 18 270 308 425 420 54 2294 120 94 211 378 118 43 61 92 52 202 94 5 6 86
internal_value=-0.000359222 0.0132057 0.0048267 0.0389832 -0.00207627 -0.00461028 -0.0816238 -0.00293998 0.0619333 -0.0385134 -0.00525953 -0.0295251 0.00400631 -0.0915695 -0.0449853 0.000558613 -0.00555191 0.0118049 0.0171526 -0.000215976 -0.0413029 -0.0151609 0.0432333 0.0269588 0.0358861 0.0454087 0.0459204 -0.0536185 -0.077224 0.0608464
internal_weight=1614.01 1436.14 1314.85 221.055 1093.8 1067.69 18.4189 1052.9 36.3468 10.2618 1016.55 196.599 127.625 68.974 58.4551 819.951 699.039 323.848 312.512 223.621 89.0228 74.9478 35.1945 134.598 120.912 69.1701 112.941 14.2738 43.654 88.891
internal_count=10794 6709 6516 721 5795 5756 243 5506 111 56 5395 1477 749 728 485 3918 3497 1203 1109 903 433 315 104 470 421 264 369 99 431 206
is_linear=0
shrinkage=0.1


Tree=18
num_leaves=31
num_cat=0
split_feature=8 1 14 8 1 13 8 5 1 18 10 19 0 6 5 5 4 1 9 18 5 18 6 2 17 15 13 10 18 19
split_gain=213.309 98.2257 26.504 35.4309 25.7563 25.6956 22.2963 20.1166 39.7485 20.7331 17.3455 17.9525 18.5215 19.2645 32.8906 22.4896 17.2969 20.3302 16.8852 19.3604 16.6055 16.7815 16.3378 25.0162 31.1383 17.5761 21.513 20.4771 19.4273 16.56
threshold=9.9357302285397593e-12 0.66565249967652651 0.014773776754736902 2.384842751344061e-10 0.20264826354330331 2.9932761192321782 2.422732992350822e-10 0.020288578335588624 0.40402812496636537 0.089012292467735052 2.8154946565628056 0.31402398645877844 5.8757622477288349e-10 4.7941107761583878e-10 0.028036605482628547 0.022264632701282067 1.0742624638008675e-10 0.64849849514625968 0.044200687843326612 -0.13729103152978825 0.020473669261987092 0.96764859112656942 6.774368823758188e-10 3.7773569847502622e-10 0.12693093039772732 6.187995677464643e-05 1.8930847048759463 3.2641757726669316 -0.045444107106463467 3.8104400634765629
decision_type=2 2 2 2 2 2 2 2 2 2 2 2 2 2 2 2 2 2 2 2 2 2 2 2 2 2 2 2 2 2
left_child=-1 2 5 -4 -5 6 7 8 -2 -10 -6 -12 -13 14 -14 -15 17 -11 19 -9 -21 -22 23 24 -17 -24 28 -28 -27 -25
right_child=1 -3 3 4 10 -7 -8 18 9 16 11 12 13 15 -16 22 -18 -19 -20 20 21 -23 25 29 -26 26 27 -29 -30 -31
leaf_value=-0.10886045250920291 -0.099126633183560298 0.10220680045119186 0.056836007676165826 -0.092800586990697348 -0.17501016661318483 -0.2053356976233221 -0.069674315540248805 0.041449324963834411 0.055826392037555822 -0.12957910813421963 0.069170830081350679 -0.15339030240521151 0.048028323811628928 -0.050220877117845987 -0.15557476197331802 0.03309267950531801 0.22226270430996267 0.11651194145845678 0.028947290200511025 0.10835151813810467 -0.13281604741401229 0.17134331299906724 0.060313792319344521 -0.15160427406737254 -0.13892699918718673 0.049299308337561437 -0.07600578689230239 0.025587664362086093 -0.16685686988710399 0.090972285594333832
leaf_weight=162.37883213534951 55.130286552011967 111.61496602743864 160.1663456633687 26.055781215429306 5.1129603497683993 7.0684900395572177 59.448015712201595 19.830621678382158 44.132963486015797 18.251256626099355 47.489447109401226 7.2590283006429663 150.82371636107564 82.840716168284416 8.3747705966234189 56.384661540389061 2.0052913501858702 4.1136057972908011 175.91997508704662 3.9167660400271442 25.930652435868982 1.9504053518176068 75.65729233622551 20.385663025081161 12.937472760677336 6.1351274326443699 22.367993928492069 175.52956671267748 12.901875972747801 3.2649824470281592
leaf_count=4085 803 193 353 329 53 71 553 77 177 240 129 93 442 485 86 199 4 5 704 13 305 2 189 194 98 21 134 642 107 8
internal_value=-0.000353142 0.0122051 0.00442627 0.0143319 0.00479085 -0.016293 -0.0130389 -0.00345163 -0.0359215 0.0149451 0.00848968 0.00986467 0.00542841 0.00726535 0.0373176 -0.00294861 -0.0590885 -0.0843152 0.0141901 -0.0360938 -0.0844533 -0.111539 0.0072081 -0.0293094 0.000988938 0.0188117 0.00433765 0.0141047 -0.0971954 -0.118116
internal_weight=1565.38 1403 1291.39 873.687 713.521 417.698 410.63 351.182 123.633 68.5031 687.465 682.352 634.863 627.604 159.198 468.405 24.3702 22.3649 227.548 51.6284 31.7978 27.8811 385.565 92.9728 69.3221 292.592 216.935 197.898 19.037 23.6506
internal_count=10794 6709 6516 3562 3209 2954 2883 2330 1229 426 2880 2827 2698 2605 528 2077 249 245 1101 397 320 307 1592 499 297 1093 904 776 128 202
is_linear=0
shrinkage=0.1


Tree=19
num_leaves=31
num_cat=0
split_feature=8 1 7 19 3 17 10 18 13 4 8 3 0 7 15 13 2 14 11 3 2 18 12 5 3 12 17 15 12 1
split_gain=190.308 87.0549 29.2753 24.5033 24.5595 22.1111 28.4959 25.0688 22.8387 22.4261 34.7814 36.2222 22.753 17.5062 17.7792 20.9026 16.924 23.9277 16.4094 15.2864 23.0151 19.5878 13.9686 21.9095 26.4141 21.4068 15.2812 23.0844 22.3192 25.4661
threshold=2.5130658561789616e-11 0.55417541843051576 0.052310981915592192 1.20183402299881 0.079005357003609347 0.15445223721590912 3.2289844751358037 0.38434600822140724 1.8930847048759463 6.4643549760852033e-11 1.9328494688853061e-10 0.053035583533118318 1.8495330661576091e-09 0.092934736706154361 4.4230457206140279e-05 1.8759847879409792 2.1104903255003788e-10 0.010807982645928861 1.6331052954399187e-08 0.059517289727514577 2.7212071576703162e-10 0.05752181437459182 0.37173882126808172 0.022264632701282067 0.084515264128768586 0.48178955912590032 0.12013938210227275 8.8721400970825939e-05 0.25066168606281286 0.28867318412663473
decision_type=2 2 2 2 2 2 2 2 2 2 2 2 2 2 2 2 2 2 2 2 2 2 2 2 2 2 2 2 2 2
left_child=18 2 16 -3 -5 9 -7 8 -8 10 11 -4 -12 14 -13 -16 17 -2 -1 20 21 -11 26 -24 25 -25 27 28 -21 -30
right_child=1 3 5 4 -6 6 7 -9 -10 19 12 13 -14 -15 15 -17 -18 -19 -20 22 -22 -23 23 24 -26 -27 -28 -29 29 -31
leaf_value=-0.10867272588599029 -0.093280134475320436 0.095638794962484563 0.075452468633866662 -0.14288994951191072 0.054522460504453266 0.054858839274251718 -0.065853597530856511 -0.21556826051852554 0.053027503131081732 -0.086982095146633978 -0.14584701680244552 -0.11004238203883815 0.040885295556987132 0.077931731739185564 0.076514334426698929 -0.12423202894239821 -0.11218274713549224 0.068198346010159547 0.13315103139890386 0.045487585547671454 -0.15123321179081767 0.03436608081882829 -0.14093702039326816 -0.0055790837873318103 -0.092325795801040902 0.11247123822336053 0.033303119994071144 0.064427080377177898 0.049660681709993555 -0.054286949603894498
leaf_weight=155.02711256220937 18.640698228031397 141.70061431452632 36.191124830394983 8.9086439795792121 21.536887634545565 170.99059347063303 30.280593626201153 6.0295907557010642 34.654824957251549 20.878250557929277 35.716393809765577 37.522482331842184 7.9839292354881755 9.5281768143177015 14.104032367467882 8.2039365842938405 33.367918588221073 18.073665913194418 2.85776662826538 45.972277425229549 14.348104774951933 36.657337285578251 13.2495816424489 65.972891569137573 26.47325661033392 20.023024193942547 288.35256192088127 44.264506585896015 29.244478762149811 121.43512868136168
leaf_count=4211 302 278 155 73 64 360 330 49 88 182 488 383 31 21 53 93 406 61 3 221 143 181 109 289 198 29 905 139 108 841
internal_value=-0.000372167 0.0116898 0.0020606 0.0781508 -0.00324224 0.0059905 0.0327503 -0.0205202 -0.00240897 -0.00139968 -0.0367071 -0.00564509 -0.111732 -0.0479615 -0.0680104 0.00268823 -0.0606361 -0.0137879 -0.104296 0.00585007 -0.0379248 -0.00966819 0.0106543 -0.0193096 -0.00498108 0.0219074 0.0177717 -0.000817882 -0.0155039 -0.0341124
internal_weight=1518.19 1360.31 1188.16 172.146 30.4455 1118.08 241.956 70.965 64.9354 876.121 149.25 105.55 43.7003 69.3586 59.8305 22.308 70.0823 36.7144 157.885 726.871 71.8837 57.5356 654.988 125.719 112.469 85.9959 529.269 240.916 196.652 150.68
internal_count=10794 6580 6165 415 137 5396 827 467 418 4569 1224 705 519 550 529 146 769 363 4214 3345 506 363 2839 625 516 318 2214 1309 1170 949
is_linear=0
shrinkage=0.1


Tree=20
num_leaves=31
num_cat=0
split_feature=8 1 19 17 9 10 6 12 17 17 19 4 2 4 4 17 6 7 17 1 19 11 17 19 15 11 10 13 15 13
split_gain=169.526 78.7431 20.8836 20.2943 20.0457 18.1297 25.2572 23.2415 20.1906 24.8434 20.9044 28.8936 21.6054 20.9192 21.405 19.0999 16.7683 22.1923 19.5807 16.0645 15.4546 28.6705 17.5834 15.0868 21.7541 14.6789 14.4099 14.3969 14.3842 24.3976
threshold=2.5130658561789616e-11 0.66565249967652651 0.012811384163796903 0.15853604403409094 0.17268197718969303 2.9170730113983159 3.5217368010646708e-10 0.32493098080158239 0.11667702414772728 0.071932705965909102 1.8565658330917361 2.1108260871429842e-10 2.3875025233534237e-10 1.3142584003856164e-10 1.0836486964428873e-10 0.13381125710227273 7.1098335224944705e-10 0.086842913540015984 0.12892844460227273 0.28241049880900043 2.0753259658813481 5.2072044454121177e-09 0.11143909801136366 0.68857002258300792 4.4230457206140279e-05 1.6331052954399187e-08 2.2035928964614873 3.366163015365601 5.8781010011443875e-05 1.5151777863502505
decision_type=2 2 2 2 2 2 2 2 2 2 2 2 2 2 2 2 2 2 2 2 2 2 2 2 2 2 2 2 2 2
left_child=25 2 -2 5 -5 6 26 15 9 -9 13 12 -12 14 16 20 17 -10 -19 -15 -7 -22 -23 24 -8 -1 -4 28 29 -28
right_child=1 -3 3 4 -6 7 23 8 10 -11 11 -13 -14 19 -16 -17 -18 18 -20 -21 21 22 -24 -25 -26 -27 27 -29 -30 -31
leaf_value=-0.10782499737378529 0.072370138098109812 0.1000091565569533 -0.12360397289043563 0.039572900911738929 -0.092165129061547849 0.033451897617090796 -0.12217223931139164 0.14778680404474157 0.061146779247584049 -0.1288530822963336 -0.16543546913475701 -0.15897097594496723 -0.002169778804092123 -0.12287112968788455 -0.11840523717887944 0.10247019541647887 0.071253150369785884 0.031383877423295146 -0.13439623445967622 0.049709895275655371 -0.16017227248891294 -0.10149410521275258 0.063594066552476347 -0.14596580154078195 0.05072501160756665 0.12956275819458626 0.027976419220289175 -0.21132514712369377 0.021258240233479105 -0.047031401319029553
leaf_weight=141.32079535722733 43.296485904604197 92.069367803633213 10.977936059236525 182.17834880948067 12.332324601709841 169.27227956801653 14.908408202230932 3.7545985579490688 17.280534721910954 23.976092662662268 8.887041646987198 16.577046275138855 92.153331466019154 5.6451716274023047 18.013947337865829 31.997772607952356 24.276898123323917 10.663128718733786 21.470027163624763 121.03942155838013 12.644438676536081 8.9428028017282468 23.160164408385754 23.121243305504322 14.216903477907179 2.6537262201309195 65.084255121648312 3.4161702767014495 126.87509527802467 129.94392023980618
leaf_count=4211 142 185 214 478 226 667 237 3 39 220 84 155 422 38 121 45 58 39 207 328 117 77 64 257 50 3 304 35 642 1126
internal_value=-0.000380767 0.0107919 0.0041467 0.00167033 0.0312205 -0.00408728 -0.0209692 0.00667013 -0.00938609 -0.0913974 -0.00261768 -0.0366056 -0.0165299 0.0156871 -0.0206896 0.0304093 0.00319734 -0.0302384 -0.0793834 0.0420195 0.0196356 -0.0326294 0.0176061 -0.0856545 -0.0377761 -0.103449 -0.0109199 -0.00711732 -0.00495018 -0.022
internal_weight=1472.15 1328.18 1236.11 1192.81 194.511 998.299 388.544 609.755 363.737 27.7307 336.007 117.617 101.04 218.389 91.7045 246.017 73.6906 49.4137 32.1332 126.685 214.02 44.7474 32.103 52.2466 29.1253 143.975 336.297 325.319 321.903 195.028
internal_count=10794 6580 6395 6253 704 5549 2865 2684 1714 223 1491 661 506 830 464 970 343 285 246 366 925 258 141 544 287 4214 2321 2107 2072 1430
is_linear=0
shrinkage=0.1


Tree=21
num_leaves=31
num_cat=0
split_feature=8 1 19 17 2 3 3 5 0 5 4 13 14 11 9 1 3 18 10 4 17 5 8 8 11 3 6 12 14 14
split_gain=151.155 70.9146 17.691 17.4444 17.1993 15.538 24.0056 17.4142 15.3644 13.4785 33.1528 18.7742 27.3898 13.1475 12.7094 19.2859 25.7648 21.4725 18.0091 22.9758 16.4009 14.221 12.5576 17.2663 19.2552 12.9499 12.4002 14.0393 21.8135 23.1867
threshold=2.5130658561789616e-11 0.66565249967652651 0.012811384163796903 0.1443314985795455 9.5791718650538466e-10 0.061801401929942108 0.053717367559231559 0.030768678828082659 2.1640132887970373e-09 0.013689391532952027 6.115356377041825e-11 1.6051859855651858 0.010923938825726511 1.6331052954399187e-08 0.08045616819563213 0.29117161095589134 0.060750999392696625 0.36865179147571331 2.5497336387634282 4.1294177569757632e-11 0.1594682173295455 0.025946963309405845 8.6011891846667005e-11 1.2892136444400296e-10 2.3062741716373129e-09 0.048969671583554732 1.729757870527319e-10 0.3000191748142243 0.017305484972894195 0.015675603412091735
decision_type=2 2 2 2 2 2 2 2 2 2 2 2 2 2 2 2 2 2 2 2 2 2 2 2 2 2 2 2 2 2
left_child=13 2 -2 5 14 6 8 -8 22 -7 -11 -12 -13 -1 18 16 20 -18 19 -5 21 -16 -4 -24 -25 -26 -14 -28 29 -29
right_child=1 -3 3 4 -6 9 7 -9 -10 10 11 12 26 -15 15 -17 17 -19 -20 -21 -22 -23 23 24 25 -27 27 28 -30 -31
leaf_value=-0.10706655259498932 0.067796580260992306 0.098507972665543175 -0.1327909333208068 -0.2454378636273932 -0.12292054570494676 0.066375317318940183 -0.089753865820282441 0.059485768723974465 -0.11016874170292841 -0.077429801886034946 0.05690622095874303 -0.12804010549159814 -0.10625749565618087 0.12639327309735995 -0.16006739278537158 0.032427408448363358 -0.18032437294295856 0.04686447064325646 0.054714744317374379 0.061062321805100954 0.034151822572133332 0.064286738778908989 0.13183550463480218 -0.08435575888648783 -0.084717127903585043 0.09189771012647055 0.024816129419024724 -0.0070438281231195408 0.0028161872444039584 -0.14219117974952622
leaf_weight=128.73189304210246 41.682218946516514 84.51323701813817 4.6266943719238034 4.6876713559031469 8.2157674469053728 29.265652019530535 70.72571156732738 8.7904957830905897 9.6678884513676149 54.764124132692814 60.041870530694723 16.724054096266627 10.362376965582369 2.458295226097106 9.3696006499230844 117.44420927762985 16.529468066990379 5.559324897825717 139.2393451705575 5.1137736663222313 43.237019520252943 4.045017357915639 14.673078391700981 15.114559005945919 5.1646930910646942 21.164023917168379 199.55606895312667 27.740472991019487 248.7329553514719 23.40592236071825
leaf_count=4211 142 185 95 40 202 90 730 30 94 680 211 235 96 3 95 342 159 17 296 10 131 14 56 216 48 58 914 144 1059 191
internal_value=-0.000389552 0.00993309 0.00377525 0.00150213 0.0200754 -0.00649834 -0.0356017 -0.0732555 0.00692134 8.41151e-06 -0.0030201 0.00392711 -0.00211436 -0.102692 0.0234784 0.00675474 -0.031537 -0.123145 0.0454921 -0.0855255 0.00418163 -0.0924161 0.0255574 0.038613 0.00560736 0.0572526 0.00201667 0.00426316 -0.00941391 -0.0688908
internal_weight=1431.35 1300.16 1215.64 1173.96 353.441 820.521 149.927 79.5162 70.4109 670.593 641.328 586.564 526.522 131.19 345.225 196.185 78.7404 22.0888 149.041 9.80145 56.6516 13.4146 60.743 56.1164 41.4433 26.3287 509.798 499.435 299.879 51.1464
internal_count=10794 6580 6395 6253 1306 4947 1327 760 567 3620 3530 2850 2639 4214 1104 758 416 176 346 50 240 109 473 378 322 106 2404 2308 1394 335
is_linear=0
shrinkage=0.1


Tree=22
num_leaves=31
num_cat=0
split_feature=8 1 3 17 9 18 11 3 18 10 5 5 7 5 12 4 15 11 10 5 9 13 9 19 12 19 17 17 1 4
split_gain=134.93 63.8115 16.4908 17.1456 23.6503 14.2137 11.789 10.7143 11.591 10.4606 10.2052 10.1941 17.8549 13.9198 14.5673 11.3511 11.4197 15.8011 27.4966 22.2242 12.9061 12.0735 11.3373 13.6775 11.0348 22.7905 26.3781 22.0972 19.7286 15.2556
threshold=2.5130658561789616e-11 0.66565249967652651 0.159705457553344 0.16341885653409094 0.17268197718969303 0.76854418156753213 1.6331052954399187e-08 0.060995282253390098 -0.1019416071728549 2.1800875663757329 0.02002645457729112 0.013689391532952027 0.052310981915592192 0.028857806587396676 0.26729573309421545 3.5079561892811373e-11 3.1817418857826858e-05 2.3062741716373129e-09 2.2620478868484502 0.02543173865288199 0.069725181453878335 1.6051859855651858 0.034766479009873702 3.308443665504456 0.32809095084667211 2.4543384313583378 0.11667702414772728 0.12382368607954546 0.41064859174893587 1.3041372051034094e-10
decision_type=2 2 2 2 2 2 2 2 2 2 2 2 2 2 2 2 2 2 2 2 2 2 2 2 2 2 2 2 2 2
left_child=6 2 3 5 7 9 -1 -5 -9 -2 -7 -11 13 14 -13 -14 -17 18 -18 -20 -21 -19 -16 -24 27 26 -26 -23 -27 -28
right_child=1 -3 -4 4 -6 10 -8 8 -10 11 -12 12 15 -15 22 16 17 21 19 20 -22 24 23 -25 25 28 29 -29 -30 -31
leaf_value=-0.10638665655106419 -0.11744999343303669 0.097025773514816116 0.079204330482739227 0.061432589307982455 -0.12561325331405473 -0.080105698893475574 0.12358919989065512 -0.20441430958552551 0.014558047454652083 0.044668541753931826 0.079613905886533734 -0.11887068862402149 -0.1400527105962644 0.074011431235263866 0.10657225719406341 0.058278533150939851 0.29164036807879201 0.054346176242607049 -0.076347717176731542 0.042332046283016379 -0.062432392961483854 -0.0060066184654511429 -0.16147053539635298 0.089939719691652681 -0.14432854594810288 -0.1035723245613933 -0.029856867305005877 0.048715927064033451 0.022234825946469833 0.022751939071872822
leaf_weight=117.18784134835005 8.242541551589964 77.580021362751722 28.052480094134808 97.963881611824036 8.8146997950971109 4.5923607461154452 2.2722230553627005 2.5734134390950194 39.865827426314354 40.703661933541298 31.036575444042683 32.423339355736971 6.003461090847849 6.6036491468548766 6.0064513012766829 30.26349088922143 2.5150305964052668 41.016817200928926 77.435492468997836 35.519862156361341 17.578264830633998 239.31117374449968 5.9198043011128885 3.4106570072472095 12.3730560131371 45.390716144815087 82.544949101284146 106.68867802992463 17.183656755834818 165.90685411915183
leaf_count=4211 193 185 72 213 218 40 3 18 126 157 76 484 94 22 18 78 10 116 857 127 170 1407 66 9 127 337 388 298 77 597
internal_value=-0.000393693 0.00913844 0.00343724 0.00161732 0.0332752 -0.00302002 -0.102012 0.0432505 0.00128009 -0.00526882 0.059027 -0.00432026 -0.00645497 -0.0620713 -0.080887 -0.0030181 -0.00207653 -0.00424207 -0.0358693 -0.0421795 0.00764952 0.00168117 -0.000586778 -0.06957 -0.00154583 -0.0148261 -0.00182351 0.010867 -0.0690242 0.00527333
internal_weight=1392.98 1273.52 1195.94 1167.89 149.218 1018.67 119.46 140.403 42.4392 983.042 35.6289 974.799 934.095 54.3639 47.7603 879.732 873.728 843.465 133.049 130.534 53.0981 710.416 15.3369 9.33046 669.399 323.399 260.825 346 62.5744 248.452
internal_count=10794 6580 6395 6323 575 5748 4214 357 144 5632 116 5439 5282 599 577 4683 4589 4511 1164 1154 297 3347 93 75 3231 1526 1112 1705 414 985
is_linear=0
shrinkage=0.1


Tree=23
num_leaves=31
num_cat=0
split_feature=8 1 2 17 9 1 3 13 0 7 12 3 10 15 19 4 14 13 9 6 7 10 12 13 11 4 12 8 3 2
split_gain=120.586 57.362 14.5908 14.7689 14.6477 17.9537 18.965 18.0907 13.0133 12.3496 22.6957 16.9398 19.376 14.4256 18.2472 25.4469 12.1487 20.7105 24.6601 18.361 20.7372 17.9086 17.8186 16.2877 16.187 19.8829 21.6363 19.6282 22.3241 16.1416
threshold=2.5130658561789616e-11 0.66565249967652651 2.4329653749948768e-09 0.1443314985795455 0.08045616819563213 0.29117161095589134 0.060504664851759676 1.851346015930176 9.19156723508018e-10 0.096010511459491257 0.36024434864521032 0.07926569404379584 2.9644614458084111 4.8702953790780164e-05 0.91474419832229625 3.7617096646629049e-11 0.025435525923967365 2.3008192777633671 0.12901108760847499 6.9510444318190598e-10 0.13040977251387023 3.2641757726669316 0.31028488278388983 3.366163015365601 3.2648952430491822e-09 1.4030276906735022e-10 0.32200717926025396 7.7311298017675709e-10 0.077922406304516426 5.7756808783611152e-10
decision_type=2 2 2 2 2 2 2 2 2 2 2 2 2 2 2 2 2 2 2 2 2 2 2 2 2 2 2 2 2 2
left_child=-1 2 3 16 9 6 8 -8 -6 10 11 13 -13 14 -5 -16 19 -18 -19 20 21 23 -22 29 -21 26 -26 -28 -29 -2
right_child=1 -3 -4 4 5 -7 7 -9 -10 -11 -12 12 -14 -15 15 -17 17 18 -20 24 22 -23 -24 -25 25 -27 27 28 -30 -31
leaf_value=-0.10140177655017907 -0.010701063020985946 0.09554840035749794 0.089399552126509407 0.003336414966124638 0.01071481291134827 0.02615059725478416 -0.16792756278924315 0.040365174131715142 -0.13983785172816607 0.091493515238415465 0.060388279910849975 -0.32352019074512817 0.0050475316355035873 0.058892613565712494 -0.013626202365459673 -0.44913835574838334 -0.13905665106384041 -0.073106788784010238 0.10598317392096622 0.085902317023453023 0.070479880003879641 -0.1189397100081632 -0.17588327582333366 -0.18030123441746021 0.04120792111323765 0.035039630944678511 -0.19899410486542315 -0.16425217710887496 0.1094029755958893 0.035935636826469518
leaf_weight=108.71279135718942 463.50515325181186 71.228047328069806 19.286459516733885 10.71616416424513 52.857191272079945 117.51862980052829 16.276090063154701 5.6058689355850211 6.4409184399992219 38.409287184476852 69.697862032800913 3.9015712775290003 3.3237874582409859 17.612783778458834 2.7982709705829611 2.577353872358799 18.046477612107992 20.408409051597118 12.336263682693241 35.915011025965214 3.7895672842860249 14.119637425988911 13.030503818765281 5.2443222943693391 16.024822793900967 96.470268119126558 12.039955016225578 5.5852805413305742 6.3933641612529755 88.363439969718456
leaf_count=4214 3389 185 47 38 252 363 184 19 141 59 144 34 10 36 12 29 161 134 22 64 10 124 140 54 51 349 104 54 11 360
internal_value=-0.000385198 0.00840359 0.00313568 0.00170021 0.0189423 0.00116725 -0.0349994 -0.114566 -0.00563811 0.0426402 0.0256786 -0.0334269 -0.172373 -0.00364051 -0.0720843 -0.222433 -0.00569026 -0.0530415 -0.00563624 -0.00252776 -0.0109417 -0.00771935 -0.120378 -0.00490055 0.0261673 0.0104518 -0.0487838 -0.108825 -0.0181942 -0.00323374
internal_weight=1358.24 1249.52 1178.29 1159.01 347.736 198.699 81.1801 21.882 59.2981 149.037 110.628 40.9299 7.22536 33.7046 16.0918 5.37562 811.272 50.7912 32.7447 760.481 588.053 571.233 16.8201 557.113 172.429 136.514 40.0434 24.0186 11.9786 551.869
internal_count=10794 6580 6395 6348 1321 959 596 203 393 362 303 159 44 115 79 41 5027 317 156 4710 4077 3927 150 3803 633 569 220 169 65 3749
is_linear=0
shrinkage=0.1


Tree=24
num_leaves=31
num_cat=0
split_feature=8 1 10 19 7 18 19 5 12 10 14 5 4 5 3 19 5 6 18 11 17 5 5 1 2 7 4 8 15 14
split_gain=108.33 52.7783 13.9494 15.6368 16.8203 19.4501 16.3317 14.363 23.1224 14.5304 13.548 22.1438 12.3847 14.6329 14.1484 11.7585 10.5715 11.126 21.9953 10.5312 10.2068 20.1489 23.0488 16.4789 21.3128 21.2628 20.1294 21.034 27.1896 16.25
threshold=9.9357302285397593e-12 0.66565249967652651 2.2946676015853886 0.50960257649421703 0.082423973947330642 -0.084232853580033393 0.57898694276809703 0.024584961262010364 0.31948974728584295 3.1011551618576054 0.016432126984000209 0.02072382958208048 1.0935456308630829e-10 0.045821474511975692 0.063413076545670716 0.28856012225151068 0.0087181611424872411 1.3209676797295883e-10 -0.063332090794574455 1.2304893215464576e-09 0.11330344460227275 0.032646796461951788 0.014745229377881015 0.47367817988597322 1.0372639178687539e-09 0.071878729065106839 4.4852963643157596e-11 2.0487983570591545e-10 4.5349312131293125e-05 0.014691689983010294
decision_type=2 2 2 2 2 2 2 2 2 2 2 2 2 2 2 2 2 2 2 2 2 2 2 2 2 2 2 2 2 2
left_child=-1 2 16 4 -4 -6 -5 8 -7 10 11 19 -9 14 -14 -13 -2 -18 -19 -10 21 22 -8 24 25 29 -27 -28 -29 -22
right_child=1 -3 3 6 5 7 20 12 9 -11 -12 15 13 -15 -16 -17 17 18 -20 -21 23 -23 -24 -25 -26 26 27 28 -30 -31
leaf_value=-0.10467635130460029 0.10398134729451194 0.092963188489854215 0.060275034638767058 -0.12254787314318186 -0.18793283429051422 -0.14430650210806253 0.052481892013816089 0.070320886886504008 -0.36899752972778166 -0.16821209365781134 0.073855818876476298 -0.088944882087990132 0.022680094615795225 0.11403080916210402 -0.21947482461960185 0.089814685076970838 -0.12080774198131186 0.25317393825409923 -0.15179676171061152 -0.098782765932095257 -0.12019911586073123 0.040710574781220726 -0.048583437450291672 0.071169844683953154 -0.13955502625495927 -0.13190680547219644 0.06271023319394374 -0.10740103608330996 0.01050924684084611 -0.012777081529983279
leaf_weight=92.589617708697915 3.2554110959172275 68.221377722918987 93.376289196312428 11.032886214554308 5.0318399127572766 12.238643497228621 26.470133364200592 48.942985376343131 2.1493370682001141 4.2898438572883597 25.591712020337582 5.5378996990621117 4.5770804136991483 4.455163061618804 5.1026250422000885 10.966362120583652 20.498652493581179 2.55746253952384 2.8200309891253701 4.3846463356167078 21.992809673771262 45.684946851804852 152.974578903988 36.698066487908363 10.424107033759354 9.7351752407848817 74.206450356170535 20.418897807598114 463.23847392946482 39.150058072060347
leaf_count=4085 7 193 331 119 73 201 114 165 22 44 62 48 18 6 44 25 412 10 41 55 239 210 1407 89 240 90 190 232 1881 141
internal_value=-0.000346696 0.00746856 0.00247408 0.00422222 0.0277297 0.00492635 -0.00161954 0.0124939 -0.0204345 0.00821315 0.0237763 -0.0318538 0.0465084 -0.035944 -0.104971 0.0298331 -0.0658558 -0.0872226 0.0408018 -0.187669 -0.00013874 -0.0185803 -0.0336752 0.00600411 0.00226259 0.00461382 0.0106495 0.0131372 0.00553135 -0.0514163
internal_weight=1328.61 1236.02 1167.8 1138.67 226.644 133.268 912.027 128.236 65.1584 52.9198 48.63 23.0382 63.0779 14.1349 9.67971 16.5043 29.1316 25.8761 5.37749 6.53398 900.994 225.13 179.445 675.864 639.166 628.742 567.599 557.864 483.657 61.1429
internal_count=10794 6709 6516 6046 1094 763 4952 690 457 256 212 150 233 68 62 73 470 463 51 77 4833 1731 1521 3102 3013 2773 2393 2303 2113 380
is_linear=0
shrinkage=0.1


Tree=25
num_leaves=31
num_cat=0
split_feature=8 0 5 10 6 18 11 14 6 9 18 2 19 7 0 13 14 15 3 19 4 5 18 5 13 1 18 17 9 2
split_gain=97.0665 47.3555 13.3534 21.0975 11.9003 21.2861 10.7154 12.4976 21.1049 15.9709 15.1155 12.539 19.9411 10.2576 8.91334 15.2886 8.51032 23.4102 16.5007 26.7609 18.3108 14.966 19.6138 14.8963 19.4642 14.6511 14.4706 12.9755 12.9098 17.4617
threshold=9.9357302285397593e-12 8.8832824423421777e-09 0.0087181611424872411 2.2946676015853886 1.3209676797295883e-10 -0.10587174953384831 1.2651338865410369e-09 0.010923938825726511 1.4697095951574882e-10 0.025209818122671371 -0.1451406907343136 1.0372639178687539e-09 0.81492245197296154 0.058576336963774678 3.1659195881203478e-10 1.4046977162361147 0.014845794066786768 4.640397128241603e-05 0.096018661679363224 1.4516324996948244 1.3041372051034094e-10 0.019329117240811447 0.044538573594763882 0.023358749087418397 1.9866397976875307 0.20264826354330331 -0.18609904069241809 0.14086914062500003 0.05606839408789769 2.3248971934606682e-10
decision_type=2 2 2 2 2 2 2 2 2 2 2 2 2 2 2 2 2 2 2 2 2 2 2 2 2 2 2 2 2 2
left_child=-1 2 -2 4 -4 -6 14 8 10 -9 -8 16 -13 -12 15 -5 17 25 26 -20 -21 22 -19 -23 28 -11 -18 -27 -25 -30
right_child=1 -3 3 6 5 -7 7 9 -10 11 13 12 -14 -15 -16 -17 18 21 19 20 -22 23 -24 24 -26 27 -28 -29 29 -31
leaf_value=-0.10421219588435737 0.10445227630374497 0.095297882692403649 -0.12655945189015477 0.066401014081194074 0.34001435222833171 -0.09913844398955568 0.086065222855492063 0.078850000784065191 -0.13167140261565738 0.011274923126242915 -0.079636845073341053 0.06519456676721247 -0.14661776515954458 0.08372110498158386 0.053261000611012244 -0.16784971935852744 -0.061491921067096916 0.028056539099234831 -0.16768410434072262 -0.19217193652173259 0.022212027413962058 0.053278506124299199 -0.13858984520273718 0.092142830990452396 -0.11195265153943806 -0.072354261796145625 0.015008324191374973 -0.22342069763565353 0.05253338244258024 -0.14800712195686314
leaf_weight=84.132657874375582 12.693001531064509 57.670417156070471 19.272335588932041 5.9516849927604181 1.6540316492319105 3.3175129331648341 12.855525640770791 27.18475604057312 18.79395505413413 18.691198790445924 19.735507395118479 6.6230004243552711 13.51424673385918 4.7735838815569869 65.992972096428275 5.2384124398231506 25.705093037337065 13.737632572650911 13.486926313489674 4.5279961042106143 33.162593182176352 68.910428136587143 14.535606015473602 15.132587522268294 15.395998092368243 41.469842864200473 649.37841804325581 6.5891586802899829 10.106384858489038 7.6123760677874079
leaf_count=4085 29 167 416 13 6 41 55 68 294 129 332 17 274 23 199 38 162 69 129 45 155 276 196 42 148 525 2679 61 37 84
internal_value=-0.000340083 0.00686017 0.00244836 0.00131595 -0.0909753 0.0469676 0.00331531 0.000652066 -0.0452333 0.00326614 -0.00175594 0.00112262 -0.0769542 -0.04782 0.0392675 -0.0432586 0.00279801 -0.0148202 0.00794527 -0.0467996 -0.0035432 0.0076831 -0.0576183 0.023442 -0.0191726 -0.063849 0.0120954 -0.0930663 0.0243094 -0.0336233
internal_weight=1297.85 1213.71 1156.04 1143.35 24.2439 4.97154 1119.11 1041.92 56.1586 985.764 37.3646 958.579 20.1372 24.5091 77.1831 11.1901 938.442 212.181 726.261 51.1775 37.6906 145.431 28.2732 117.158 48.2473 66.7502 675.084 48.059 32.8513 17.7188
internal_count=10794 6709 6542 6513 463 47 6050 5800 704 5096 410 5028 291 355 250 51 4737 1567 3170 329 200 852 265 587 311 715 2841 586 163 121
is_linear=0
shrinkage=0.1


Tree=26
num_leaves=31
num_cat=0
split_feature=8 1 19 10 3 8 3 14 5 17 8 12 9 18 5 5 14 8 18 2 1 8 5 8 9 4 12 17 1 0
split_gain=86.9959 42.6574 11.537 12.0553 10.4628 11.5192 13.905 10.9005 14.2825 14.5364 13.2045 16.2056 11.1055 10.6384 14.6562 8.70771 8.41522 17.3239 8.2494 13.442 8.64072 25.3717 25.4637 20.2135 12.0955 8.59961 8.03996 7.89834 12.3527 13.6651
threshold=9.9357302285397593e-12 0.66565249967652651 -0.11633747816085814 2.19892430305481 0.052315453022440027 1.2892136444400296e-10 0.049947385501753892 0.010923938825726511 0.026538738681093941 0.10682262073863637 7.1878262756439874e-11 0.27174174785614019 0.025209818122671371 -0.14141394426703544 0.010640315383764904 0.017240866519792647 0.020218713209033016 2.9315177212549403e-10 0.7171053575373002 3.3588647957533395e-10 0.22872451958752393 2.0155663797335712e-10 0.023090751111353409 5.7743199403703762e-10 0.13986373195859184 3.9580574108155354e-11 0.31600846350193029 0.10948597301136366 0.47367817988597322 5.5176675548627368e-09
decision_type=2 2 2 2 2 2 2 2 2 2 2 2 2 2 2 2 2 2 2 2 2 2 2 2 2 2 2 2 2 2
left_child=-1 2 -2 -4 5 15 16 8 10 -10 13 -12 -9 -6 -15 -5 17 -7 20 -20 21 22 25 -23 -25 -14 -8 -22 29 -29
right_child=1 -3 3 4 7 6 26 12 9 -11 11 -13 18 14 -16 -17 -18 -19 19 -21 27 23 -24 24 -26 -27 -28 28 -30 -31
leaf_value=-0.10379583579631112 0.096585434249947144 0.089738242887014041 -0.11460228689220281 -0.045872025876481565 0.1207574770944609 -0.010160268227283741 -0.064021798325838555 0.069481388856935208 -0.12296853808964725 0.091787518588020034 -0.13472360410187645 0.016882840719249892 -0.058444076024194859 0.066165231784955897 -0.13018952460001923 0.096664122570743749 0.039284872113348079 -0.16240314534425673 0.073740232697252356 -0.066502950231970712 -0.020918447507821149 -0.150936196655753 0.077378473803821471 0.081630380699636407 -0.11681557809490722 -0.28230775933767022 0.06858593279975847 0.0031456861837538619 0.062233332179271773 -0.16187208487122834
leaf_weight=76.416176227852702 12.74638103879988 58.233888586983085 8.9628696944564563 4.986712433397769 5.5422724746167686 33.46994081325829 5.176092328503727 23.235790081322193 4.1243949979543713 13.366701666265724 28.397629989311099 9.3794387560337764 5.5661694146692735 6.9713841639459124 8.3597901035100204 30.502827174961567 16.796979200094938 9.6233327705413085 31.737216370180249 8.7100527957081777 142.21461209841073 23.001144003123045 24.688297286629677 7.9731839615851623 4.9959743171930313 2.4807631075382233 39.18231404479593 582.25657197460532 35.793374337255955 5.0618668235838404
leaf_count=4085 33 193 276 35 19 216 59 59 70 31 501 62 40 16 175 77 69 127 77 54 1018 300 48 25 178 32 131 2646 94 48
internal_value=-0.000357648 0.00626497 0.00198333 0.000909141 0.00183884 0.0274277 0.0106756 -0.00183289 -0.0381602 0.0411481 -0.0618119 -0.0970822 0.00124829 0.00202061 -0.0409032 0.0766361 -0.0207556 -0.0441582 -0.000564731 0.0435398 -0.00270363 -0.0366748 0.0270258 -0.0946464 0.0051851 -0.127458 0.0531122 0.000346066 0.00519933 0.00172346
internal_weight=1269.95 1193.54 1135.3 1122.56 1113.59 139.738 104.249 973.857 76.1416 17.4911 58.6505 37.7771 897.715 20.8734 15.3312 35.4895 59.8903 43.0933 874.479 40.4473 834.032 68.7055 32.7352 35.9703 12.9692 8.04693 44.3584 765.326 623.112 587.318
internal_count=10794 6709 6516 6483 6207 714 602 5493 874 101 773 563 4619 210 191 112 412 343 4560 131 4429 623 120 503 203 72 190 3806 2788 2694
is_linear=0
shrinkage=0.1


Tree=27
num_leaves=31
num_cat=0
split_feature=8 0 5 14 17 6 12 12 13 0 12 17 1 10 6 10 17 0 19 1 13 7 4 6 9 1 13 2 8 11
split_gain=78.0657 38.619 10.9095 16.795 9.35076 27.1424 11.0208 10.7985 19.057 20.6731 33.2953 17.5443 16.6497 12.6698 19.7278 14.6095 13.2397 16.4022 16.3073 24.1677 14.4108 19.881 25.0116 14.1325 26.8628 13.5974 24.1753 13.0422 21.7161 15.8102
threshold=9.9357302285397593e-12 8.8832824423421777e-09 0.0087181611424872411 0.0075500942766666421 0.16741388494318185 6.774368823758188e-10 0.51845294237136852 0.3973242193460465 2.0392512083053593 2.3503304905207623e-09 0.47245155274868017 0.13691850142045456 0.23946846522046983 2.950693011283875 4.1871001369479332e-10 2.9948440790176396 0.14086914062500003 8.9410770773448234e-10 1.8389644026756289 0.42986572645415688 2.2895245552062993 0.14781680892972765 9.6818859444536311e-11 6.774368823758188e-10 0.09310528372551917 0.3834333510944109 2.5202537775039677 5.4910654655261376e-10 2.2716294805902933e-10 8.4883540196756274e-09
decision_type=2 2 2 2 2 2 2 2 2 2 2 2 2 2 2 2 2 2 2 2 2 2 2 2 2 2 2 2 2 2
left_child=-1 2 -2 -4 6 -6 7 13 12 -10 11 -11 -9 14 27 -15 18 -18 23 20 21 22 -20 24 -17 -25 -27 28 29 -5
right_child=1 -3 3 4 5 -7 -8 8 9 10 -12 -13 -14 15 -16 16 17 -19 19 -21 -22 -23 -24 25 -26 26 -28 -29 -30 -31
leaf_value=-0.10342200658997754 0.1014576632145071 0.092368041077181384 -0.12876419026377287 0.0025556515401820804 0.048911996098092547 -0.11467727266255889 0.077089765198223276 0.0086038104299780878 0.066884584608268197 -0.038214262306408883 0.057718294864230371 -0.19862049546508706 -0.12726179364742962 0.055672833040344719 -0.082212515344223525 0.0055666269291622167 -0.088987101803739171 0.064313386681281032 0.02404140725786965 -0.15235122843558679 0.054611431605942833 0.094744358960278149 -0.11676704733257331 0.054801732039219467 -0.14386583564021524 -0.095055294545527497 0.065807661403632159 0.041003916227729545 -0.071824275275281235 -0.181213964250594
leaf_weight=69.381400289013982 10.90946478769183 49.302361257374287 9.8901911638677102 264.63250045385212 91.66285964474082 11.404202426783739 17.831470981240273 13.129266269505022 28.315408326685429 14.720062263309957 19.773185774683952 12.702659416943787 28.815035017207265 68.52067375741899 35.63915609754622 77.752923874184489 7.9200762771069995 58.760218989104033 20.34130822494626 15.23060133308172 21.766143817454576 9.3513390049338323 33.211179375648499 90.498241581022739 14.231828050687907 19.224079497158527 18.175071738660336 54.22012291289866 51.057981928810477 4.7658596811816087
leaf_count=4085 29 167 283 1860 217 246 45 73 75 106 54 111 226 239 403 381 69 141 86 146 81 20 278 228 134 132 57 244 521 57
internal_value=-0.000350653 0.00574196 0.00194378 0.000968837 0.00213142 0.0308111 -0.000822784 -0.00223646 -0.030688 -0.000667263 -0.0411953 -0.112517 -0.0847336 0.00162555 -0.0111165 0.0131167 0.00557137 0.0461048 -0.00288057 -0.0363829 -0.0155223 -0.0397901 -0.0632825 0.0123408 -0.0175535 0.0338409 -0.0168798 -0.00435388 -0.0120283 -0.000695371
internal_weight=1243.14 1173.76 1124.45 1113.54 1103.65 103.067 1000.59 982.755 117.456 75.5113 47.1959 27.4227 41.9443 865.299 410.316 454.984 386.463 66.6803 319.783 99.9006 84.67 62.9038 53.5525 219.882 91.9848 127.897 37.3992 374.676 320.456 269.398
internal_count=10794 6709 6542 6513 6230 463 5767 5722 645 346 271 217 299 5077 3085 1992 1753 210 1543 611 465 384 364 932 515 417 189 2682 2438 1917
is_linear=0
shrinkage=0.1


Tree=28
num_leaves=31
num_cat=0
split_feature=8 1 19 4 17 14 18 12 18 13 14 17 17 12 8 18 13 3 5 12 17 17 19 19 18 9 10 17 19 5
split_gain=70.108 34.5637 9.55128 10.9156 8.89333 24.4878 11.3134 9.32464 9.33945 9.63395 28.1388 16.7192 13.6743 11.8562 16.5146 11.3117 20.2924 9.13155 16.2465 13.4832 9.06639 11.6544 13.2534 10.0683 9.86664 11.2782 13.2651 9.56501 9.00816 8.68213
threshold=9.9357302285397593e-12 0.66565249967652651 -0.11633747816085814 2.7903596420719527e-11 0.16741388494318185 0.025435525923967365 0.1961498643398624 0.51845294237136852 0.76854418156753213 2.1839852333068852 0.034858455881476409 0.089732776988636367 0.090664950284090925 0.46376407146453863 1.5055699081219789e-09 0.54565279412252676 1.8220368027687075 0.09888434227857941 0.03106590533689137 0.32960346341133123 0.12599875710227273 0.12346857244318184 3.5095558166503911 2.5887552499771123 0.50818715629760525 0.019735614596308508 2.5245251655578618 0.11192737926136366 2.2360498905181889 0.021330897411810875
decision_type=2 2 2 2 2 2 2 2 2 2 2 2 2 2 2 2 2 2 2 2 2 2 2 2 2 2 2 2 2 2
left_child=-1 2 -2 -4 7 6 -6 8 9 10 11 -5 -13 14 20 17 -17 29 -19 -20 21 24 -23 -22 25 -11 -27 -26 -18 -14
right_child=1 -3 3 4 5 -7 -8 -9 -10 13 -12 12 15 -15 -16 16 28 18 19 -21 23 22 -24 -25 27 26 -28 -29 -30 -31
leaf_value=-0.10308613029943731 0.093540745368760073 0.086536033435678936 -0.14297396167972845 -0.11828549519638271 0.062627834422407061 -0.11176930904758796 -0.039241972941491857 0.070899696105061707 0.050252904750819817 0.06405888014954679 -0.19704549812346925 0.14230485597761805 -0.027206870171774217 0.090587701412189567 -0.16769930336579864 0.044302983678276675 0.0015183710406464412 -0.15040462416537806 0.048839988089362414 -0.15443358575871272 0.045280881663857887 -0.20329865537935482 0.060437000384663299 -0.045246033463267117 -0.0327070770120289 -0.12912958368504598 -0.0074648820631155301 0.12587395990147304 -0.17911625795399677 0.0042877426323689018
leaf_weight=62.97300897911191 11.180069543421267 50.063807178288698 5.2669133264571419 13.849174450151621 74.372119631618261 10.826203271746634 12.774448268115519 17.468951892107725 32.068026624619961 20.616437438875437 8.1276352517306787 6.061510305851697 111.69152178242803 16.861606579273939 5.4705148749053469 9.3259656503796595 3.5130815058946636 11.838951645419003 13.705181732773783 4.2828001007437697 86.128728963434696 5.8572148121893388 2.8241303712129593 14.32969795539975 5.6867072470486191 9.4919899031519872 160.34214664809406 11.485352911055086 12.89251854456961 404.6104839798063
leaf_count=4085 33 193 122 336 165 243 50 45 116 79 70 16 1136 32 55 37 16 140 47 50 250 53 8 83 48 152 969 15 136 2014
internal_value=-0.000341427 0.00527008 0.00158135 0.000639657 0.00133584 0.030074 0.0476952 -0.00151239 -0.00281505 -0.0046274 -0.0122428 -0.00970463 -0.00710263 0.00884514 0.00456777 -0.00868629 -0.0734801 -0.00563345 -0.0594322 0.000442114 0.00754283 -0.00398669 -0.117503 0.0323678 0.000759769 -0.0057861 -0.0142647 0.0733582 -0.140435 -0.00252548
internal_weight=1215.99 1153.01 1102.95 1091.77 1086.5 97.9728 87.1466 988.53 971.061 938.993 599.899 591.771 577.922 339.095 322.233 571.861 25.7316 546.129 29.8269 17.988 316.762 216.304 8.68135 100.458 207.623 190.451 169.834 17.1721 16.4056 516.302
internal_count=10794 6709 6516 6483 6361 458 215 5903 5858 5742 3998 3928 3592 1744 1712 3576 189 3387 237 97 1657 1324 61 333 1263 1200 1121 63 152 3150
is_linear=0
shrinkage=0.1


Tree=29
num_leaves=31
num_cat=0
split_feature=13 0 19 9 14 10 6 11 2 9 15 8 13 14 17 12 7 13 1 0 13 9 7 5 14 9 8 8 4 9
split_gain=63.024 32.0126 10.6939 16.5064 15.57 14.9908 14.3589 13.9222 10.9516 14.5966 10.3606 22.4246 20.1036 26.3044 12.5316 15.1098 13.7276 13.7203 20.4988 16.0523 14.9732 12.5828 13.3669 10.964 16.9062 10.7212 10.1885 9.7627 9.53845 9.53668
threshold=1.3507130742073061 1.1310364550235185e-08 0.70712995529174816 0.097661923117799823 0.017305484972894195 2.3009991645812993 6.353913437278318e-10 3.2648952430491822e-09 1.0372639178687539e-09 0.023885308682119185 4.7249854105757556e-05 2.5386665395236377e-10 1.8220368027687075 0.015312004368752243 0.12599875710227273 0.32493098080158239 0.084159337685605559 2.2119383811950688 0.38901231988941171 3.6838941179443622e-09 2.1934225559234624 0.057776042005051348 0.066854335929448852 0.023178986581851992 0.014536592178046705 0.047102290641791354 3.7443371203095676e-10 1.9328494688853061e-10 2.6616580949161946e-11 0.10481395263502442
decision_type=2 2 2 2 2 2 2 2 2 2 2 2 2 2 2 2 2 2 2 2 2 2 2 2 2 2 2 2 2 2
left_child=-1 2 3 4 6 -4 28 29 10 -10 11 12 23 -14 -12 16 21 18 19 -17 26 25 -23 24 -7 -16 -20 -25 -2 -5
right_child=1 -3 5 7 -6 8 -8 -9 9 -11 14 -13 13 -15 15 17 -18 -19 20 -21 -22 22 -24 27 -26 -27 -28 -29 -30 -31
leaf_value=-0.10350275187045946 -0.1764227959071808 0.1013097287663704 -0.12265274311892922 -0.12585167263300012 0.07589095584741834 -0.11097867765215333 -0.17733790906686001 -0.17501442984403762 0.05190896819345997 -0.15687047576603708 -0.011097036053850026 -0.13551971352221637 -0.065919056283830157 -0.52361716519794477 -0.079852170261784677 0.0020991253841892948 0.079511136022067233 0.038510324901497417 -0.45070202735409348 -0.19253127593537542 0.0506748468802459 0.034228031504752995 -0.23717453525087345 0.05028067778632777 0.040730905257721862 0.08984223235554617 -0.16349478428539499 -0.09918167683709915 0.020307569737596946 0.02340033705493981
leaf_weight=56.40821794513613 2.4948586588725439 33.354408418759704 10.511582432314752 5.7185113001614871 51.138372184708714 16.265211956575516 3.836751412600278 7.0424592550843945 5.0335157550871363 10.00459067430347 315.16571000218391 16.984015949070454 5.5164915695786467 1.6256880424916742 5.3955901935696664 187.87162157334387 59.164086055010557 86.128494992852211 1.6626967787742595 4.3353542536497107 2.5038786306977272 3.2226462587714186 4.1536443680524826 42.730228334665298 13.394527627155183 12.011285718530415 4.8034365139901638 4.8681433107703915 202.7716732416302 17.031873783096671
leaf_count=4042 74 126 308 62 120 236 35 70 38 110 2149 211 70 20 33 800 118 273 19 36 7 11 36 150 37 26 47 46 1408 76
internal_value=-0.000329928 0.00478979 0.00187208 0.0183582 0.02643 -0.00400675 0.0143338 -0.0521489 -0.00245332 -0.0869884 -0.000839655 -0.0306793 -0.00958203 -0.170099 0.00356767 0.0160169 0.0533387 0.0051119 -0.00918673 -0.00229089 -0.156949 -0.0091418 -0.118601 0.0052571 -0.0424657 0.0372422 -0.237347 0.0349944 0.0179165 -0.0141155
internal_weight=1193.15 1136.74 1103.39 290.034 260.242 813.352 209.103 29.7928 802.841 15.0381 787.803 101.384 84.4003 7.14218 686.418 371.253 83.9473 287.305 201.177 192.207 8.97001 24.7832 7.37629 77.2581 29.6597 17.4069 6.46613 47.5984 205.267 22.7504
internal_count=10794 6752 6626 1845 1637 4781 1517 208 4473 148 4325 770 559 90 3555 1406 224 1182 909 836 73 106 47 469 273 59 66 196 1482 138
is_linear=0
shrinkage=0.1


Tree=30
num_leaves=31
num_cat=0
split_feature=8 0 5 10 1 5 19 7 14 9 7 12 8 10 4 4 6 14 7 6 15 5 4 14 12 5 3 17 15 7
split_gain=56.9125 28.7459 11.1176 16.0894 20.4359 9.08351 9.88233 8.93743 14.8516 8.53747 9.95908 14.4618 9.39833 23.7497 20.3286 18.9678 12.3689 12.0854 10.7321 11.2633 10.8349 19.337 19.1906 16.5216 28.2101 13.597 22.5651 20.0636 10.3342 18.9272
threshold=9.9357302285397593e-12 1.1310364550235185e-08 0.0087181611424872411 2.2946676015853886 0.62067049754632098 0.013689391532952027 1.2363876700401308 0.04105338713752324 0.01461561629548669 0.033926189775038459 0.052310981915592192 0.31214860081672674 2.0487983570591545e-10 2.8345258235931401 1.0646310421147877e-10 1.0935456308630829e-10 2.5027736457644014e-10 0.017893201671540741 0.092934736706154361 2.9791193468430233e-10 5.8781010011443875e-05 0.019866438855416682 8.5286801423645338e-11 0.014691689983010294 0.29702863097190862 0.026538738681093941 0.051470255553718057 0.13012695312500003 4.2344239773228771e-05 0.14390306146025558
decision_type=2 2 2 2 2 2 2 2 2 2 2 2 2 2 2 2 2 2 2 2 2 2 2 2 2 2 2 2 2 2
left_child=-1 2 -2 4 -4 6 -5 8 -7 -9 11 -11 18 14 17 -16 -15 -14 19 20 22 -22 23 24 25 26 -12 -28 29 -18
right_child=1 -3 3 5 -6 7 -8 9 -10 10 12 -13 13 16 15 -17 28 -19 -20 -21 21 -23 -24 -25 -26 -27 27 -29 -30 -31
leaf_value=-0.10253240351230447 0.10055147438406452 0.10020843244051279 -0.064901202049680029 0.075486535538470095 -0.53299269271814009 -0.12057623741521556 -0.058732971870926735 0.064028850899047487 0.073073251284558924 -0.13277233984729137 0.086081274250690593 0.055640952037926461 -0.12799365530840259 -0.1508525483781242 0.14631547324182942 -0.094369235883200578 -0.13601446318138533 0.09424017891952613 0.063365151076016091 -0.1569106169239719 -0.13141398411178826 0.074906746083883466 -0.19079685566751065 0.043970697654868114 -0.16279329700879189 0.077309601887932247 -0.11187901705972102 0.045381027144330933 0.0045853274801838416 0.06290920276220742
leaf_weight=52.035430091433227 11.275918992236255 30.495405862107873 19.270702663809065 30.242194814607501 0.98011553846299548 14.10260079894215 6.7011774741113177 21.690920123830438 5.5069336555898181 12.596739178523423 13.566849198192356 6.0209753289818755 32.481523588299751 5.3146733064204446 7.0453458987176401 6.1173525527119637 13.710252479650082 2.6463972702622405 44.337912987917662 4.0079032331705085 5.0707057528197756 43.615099601447582 5.1373102627694598 63.855365019291639 12.406561911106108 17.444859862327576 26.644041119143367 11.664517678320406 639.39880614820868 7.3459460679441682
leaf_count=4085 36 126 454 97 15 268 59 131 18 199 51 18 528 45 10 51 212 5 126 41 58 125 52 159 129 49 369 54 3193 31
internal_value=-0.00029757 0.00444934 0.00177073 0.000738367 -0.0875563 0.00242731 0.0511404 0.000665958 -0.0661938 0.00197427 0.000601383 -0.0718394 0.00200361 -0.00381904 -0.0715352 0.0344575 0.00109265 -0.111251 0.0187855 0.00906846 0.0124045 0.0534181 -0.000843801 0.00585927 -0.0239182 0.00093689 -0.024746 -0.0639951 0.00231536 -0.0666153
internal_weight=1172.73 1120.7 1090.2 1078.92 20.2508 1058.67 36.9434 1021.73 19.6095 1002.12 980.429 18.6177 961.811 714.06 48.2906 13.1627 665.77 35.1279 247.751 203.413 199.405 48.6858 150.72 145.582 81.7268 69.3203 51.8754 38.3086 660.455 21.0562
internal_count=10794 6709 6583 6547 469 6078 156 5922 286 5636 5505 217 5288 4075 594 61 3481 533 1213 1087 1046 183 863 811 652 523 474 423 3436 243
is_linear=0
shrinkage=0.1


Tree=31
num_leaves=31
num_cat=0
split_feature=13 0 5 14 19 9 10 19 11 14 4 8 5 10 2 9 8 10 5 15 8 19 3 8 0 10 19 2 10 10
split_gain=51.2957 25.8395 9.60249 15.6746 8.42465 13.4524 12.975 12.5417 12.4309 11.0602 10.1825 8.96848 23.7043 10.6612 8.92626 14.3022 8.29367 12.3428 12.7054 9.19012 18.0394 15.1323 21.6874 12.2795 10.3848 9.70872 9.39182 24.5039 8.19863 18.0595
threshold=1.3507130742073061 1.1310364550235185e-08 0.0087181611424872411 0.0075500942766666421 0.70712995529174816 0.097661923117799823 2.3009991645812993 0.6807926893234254 3.2648952430491822e-09 0.016432126984000209 2.7903596420719527e-11 1.2892136444400296e-10 0.02072382958208048 2.2946676015853886 1.0372639178687539e-09 0.023885308682119185 7.1878262756439874e-11 2.5497336387634282 0.02359770823968187 4.7249854105757556e-05 2.5386665395236377e-10 1.3763241767883303 0.054290932767360821 1.8066553808279874e-10 1.363678417740983e-09 3.2529875040054326 0.82507199048995983 1.7543081152848248e-10 3.0012884140014653 2.950693011283875
decision_type=2 2 2 2 2 2 2 2 2 2 2 2 2 2 2 2 2 2 2 2 2 2 2 2 2 2 2 2 2 2
left_child=-1 2 -2 -4 5 7 -6 9 -7 10 -5 13 -13 -12 16 -16 -8 18 -18 20 21 23 -23 -19 -24 -22 27 -21 29 -14
right_child=1 -3 3 4 6 8 14 -9 -10 -11 11 12 28 -15 15 -17 17 19 -20 26 25 22 24 -25 -26 -27 -28 -29 -30 -31
leaf_value=-0.10304032172257344 0.096890634448597912 0.099071664278809202 -0.12037420255428455 -0.19093452868799676 -0.1609982824434768 -0.011109281755732885 0.076225140403189937 0.10953197043517141 -0.16613463439016185 0.057040730345738977 -0.077301472307194821 -0.11592800424023558 -0.0053745230646974652 0.054611257856910046 0.075846935300335205 -0.15045347333923953 -0.11331774201823169 0.059630442822221887 0.01334606564341056 0.11832420272572881 -0.15458801564659463 0.071535668657631932 -0.16723296203771701 -0.10289353685414611 0.07759672122426764 0.09449178352725332 0.0060193549564715627 -0.17087711377568038 -0.078156118594577995 0.10757079834952231
leaf_weight=46.619068746455014 10.468524097464977 27.894175473600626 10.595744487829505 2.5917198657989493 5.1846162909641853 22.539329884573821 13.704665141180156 16.411976279690862 6.7129666134715071 56.488462021574378 6.9243231266736975 17.295929175801575 55.171352442353964 53.193621521815658 3.9720937982201567 9.4060420822352153 19.613928431645036 29.685925105586648 13.281942777335642 4.307651810348033 14.18879364710301 7.370756562799218 13.737700583413242 5.5120695848017922 1.9825080968439568 1.7588832974433888 635.50084247253835 9.1593424808233959 8.8623699694871885 19.043480753898621
leaf_count=4042 45 126 494 54 135 138 72 42 70 167 99 302 381 221 12 110 377 90 79 6 207 19 155 59 5 4 3090 92 60 41
internal_value=-0.000294059 0.00405031 0.00158393 0.000646394 0.00186346 0.01728 -0.00332321 0.025209 -0.0466853 0.0189063 0.00569731 0.00887265 -0.00942213 0.0394177 -0.00227942 -0.0832628 -0.000872038 -0.00226946 -0.0621763 0.00045548 -0.0328743 -0.00708985 -0.0699966 0.0341789 -0.136357 -0.127117 0.00426814 -0.0783711 0.0127514 0.0236072
internal_weight=1149.18 1102.56 1074.67 1064.2 1053.6 265.236 788.368 235.983 29.2523 219.571 163.083 160.491 100.373 60.1179 783.183 13.3781 769.805 756.1 32.8959 723.204 74.2366 58.289 23.091 35.198 15.7202 15.9477 648.968 13.467 83.0772 74.2148
internal_count=10794 6752 6626 6581 6087 1575 4512 1367 208 1325 1158 1104 784 320 4377 122 4255 4183 456 3727 539 328 179 149 160 211 3188 98 482 422
is_linear=0
shrinkage=0.1


Tree=32
num_leaves=31
num_cat=0
split_feature=13 1 19 3 14 5 5 12 10 11 14 13 1 19 7 14 12 18 6 8 12 3 10 14 10 7 4 7 9 18
split_gain=46.1662 23.3542 8.5535 6.71366 10.134 10.0869 12.8472 8.96477 11.0278 10.7666 8.21381 7.82254 7.13892 6.89358 8.22311 8.94504 7.54278 12.7919 6.75526 11.8949 13.4612 12.2131 9.11962 6.73338 11.7044 8.29594 8.0842 6.74545 14.0982 5.97168
threshold=1.3507130742073061 0.73721236210381036 -0.11633747816085814 0.053717367559231559 0.010923938825726511 0.028857806587396676 0.010640315383764904 0.21832423657178882 2.7364683151245122 6.7472407661028919e-09 0.01623118203133345 3.2234054803848271 0.66565249967652651 6.9575545787811288 0.0749149584891044 0.01029274705797434 0.21278492361307147 -0.1451406907343136 1.1880116648560861e-10 1.2892136444400296e-10 0.31214860081672674 0.048969671583554732 2.3639513254165654 0.019825028255581859 2.9436534643173222 0.11222211623757471 1.3266684064053923e-10 0.13405010146295809 0.083165314982738756 0.7171053575373002
decision_type=2 2 2 2 2 2 2 2 2 2 2 2 2 2 2 2 2 2 2 2 2 2 2 2 2 2 2 2 2 2
left_child=-1 2 -2 18 5 6 -5 8 9 -6 12 13 -11 14 16 -16 17 -8 -4 -20 22 23 -21 24 27 -25 -27 28 -22 -9
right_child=1 -3 3 4 7 -7 11 29 -10 10 -12 -13 -14 -15 15 -17 -18 -19 19 20 21 -23 -24 25 -26 26 -28 -29 -30 -31
leaf_value=-0.10283510049588601 0.090507175223455041 0.10049903723704341 -0.090731295719955668 0.053697618126767224 0.080550595190642157 0.055959886228966665 0.074734979351906497 -0.0036373025262115676 0.11065368692247191 -0.16684262387579601 0.099520572558134623 -0.35138495643393214 0.026472344448425358 0.12402853035403227 0.084759202713259263 -0.1044544755130298 -0.13605964640264642 -0.099263687001959658 0.081039429291060824 0.085331341066347155 0.000996796266051578 0.052336087594638474 -0.11560136250900671 0.092243854296384667 -0.21577134074977833 -0.16130405208839549 0.071263424828410513 0.095533664388371506 -0.22149555355496806 0.037417339299454976
leaf_weight=42.262575839646161 10.682011760771273 24.362530898302794 5.2671220051124683 9.6741029191762191 9.2692834008485097 9.8906538132578117 5.8578512761741832 757.38922513742 16.154902949929237 6.2954034451395255 2.4121117256581774 0.97950212378054757 2.7424888648092747 1.8393403701484192 6.0731071811169368 4.2448088563978672 20.463445889763534 15.159107988700276 29.530512744560838 2.7706648930907241 11.914464231580501 57.973706439137459 12.226298698224126 9.0475536771118623 3.7570853102952233 3.3947790376842013 2.6703416407108307 3.8516871221363536 3.7425586488097897 37.168806690722704
leaf_count=4042 45 126 120 71 32 52 54 4108 39 75 5 17 13 4 14 37 466 557 105 13 58 231 207 17 48 32 9 13 55 129
internal_value=-0.000293554 0.00369398 0.00147417 0.000569924 -0.00263962 -0.0380544 -0.0525176 0.000520142 0.0487213 0.000432424 -0.0644268 -0.0713311 -0.108182 -0.0662169 -0.0729724 0.00691636 -0.0928441 -0.0507667 0.0204582 0.0246153 0.00965129 0.0233686 -0.0784794 -0.0203891 -0.0541477 0.0315819 -0.0589096 -0.0230214 -0.0521864 -0.0017168
internal_weight=1129.07 1086.81 1062.44 1051.76 905.614 74.1819 64.2913 831.432 36.8742 20.7193 11.45 54.6172 9.03789 53.6377 51.7983 10.3179 41.4804 21.017 146.147 140.88 111.349 96.3522 14.997 38.3785 23.2658 15.1127 6.06512 19.5087 15.657 794.558
internal_count=10794 6752 6626 6581 5673 1272 1220 4401 164 125 93 1149 88 1132 1128 51 1077 611 908 788 683 463 220 232 174 58 41 126 113 4237
is_linear=0
shrinkage=0.1


Tree=33
num_leaves=31
num_cat=0
split_feature=13 0 5 14 19 10 9 11 14 6 4 2 9 14 6 8 9 3 4 14 10 8 18 7 7 14 15 8 13 14
split_gain=41.5734 21.2046 8.01857 13.3117 6.31978 10.9752 10.8124 10.8315 10.6192 12.0401 12.8893 8.40199 11.4539 7.65989 8.56278 9.06613 7.36284 11.3679 12.3189 10.4159 8.50389 12.4052 12.612 9.75756 12.9754 6.9419 6.90081 16.1131 13.959 13.6053
threshold=1.3507130742073061 1.1310364550235185e-08 0.0087181611424872411 0.0075500942766666421 0.70712995529174816 2.3009991645812993 0.097661923117799823 3.2648952430491822e-09 0.017305484972894195 6.353913437278318e-10 2.7903596420719527e-11 1.0372639178687539e-09 0.023885308682119185 0.018738416954874996 3.3350003251853254e-10 2.9315177212549403e-10 0.083165314982738756 0.062009322263331952 1.0836486964428873e-10 0.013188083190470936 2.950693011283875 1.7343819690641119e-10 0.022620941004292534 0.10697575024547067 0.10361061315930019 0.015312004368752243 4.7249854105757556e-05 2.5386665395236377e-10 1.8220368027687075 0.015383958816528322
decision_type=2 2 2 2 2 2 2 2 2 2 2 2 2 2 2 2 2 2 2 2 2 2 2 2 2 2 2 2 2 2
left_child=-1 2 -2 -4 6 -6 8 13 9 10 -5 26 -13 14 -8 -16 20 18 19 -18 21 -12 -23 24 -24 -22 27 28 -7 -30
right_child=1 -3 3 4 5 11 7 -9 -10 -11 16 12 -14 -15 15 -17 17 -19 -20 -21 25 22 23 -25 -26 -27 -28 -29 29 -31
leaf_value=-0.10264915001646729 0.094386263659823666 0.097331870100027987 -0.11977069178544913 -0.21123347190228922 -0.15980792773381661 0.0053149649359138379 -0.24902561954185237 -0.15795517150398652 0.066113805448864069 -0.16680340490285239 0.034844062944002593 0.069233164475386952 -0.14503045144158852 0.050398274854098958 0.10305961501774595 -0.10172256698684785 0.11679828477314017 -0.18245215936005327 0.12883334712083669 -0.12211093082032172 0.11604930518557355 -0.11139383056837063 -0.029346252737830404 -0.12996305348035858 0.13495329495918199 0.01277192470010477 0.0027890466890082223 -0.12174984629632409 -0.054940139305610015 -0.36514633634033783
leaf_weight=38.306511633098125 9.1668851701542717 23.491816684603691 9.1298429779708368 2.473594236187636 4.4363625515252343 70.226833400316536 2.1087938286364141 6.3533690506592384 44.756804225966334 3.7002630159258834 91.557205227203667 3.4848095886409274 8.7831926215440017 10.812482386827467 3.4367309696972352 5.8281922861933708 2.41943825222552 4.3269084617495528 5.0403649508953086 7.4256632253527641 16.913970444351438 13.364106521010397 11.540256405249243 4.1267758179455987 8.2379576303064805 10.578969437628983 668.42445091390982 14.866005276329814 4.9590797554701558 1.9777300655841825
leaf_count=4042 45 126 494 56 135 465 20 70 118 35 480 12 110 40 5 73 5 57 6 124 26 205 113 82 20 40 3490 211 70 19
internal_value=-0.000281905 0.00336942 0.00126809 0.000448338 0.00151172 -0.00297051 0.015172 -0.0428329 0.022482 0.0117348 0.0154462 -0.00207008 -0.0841674 -0.00986576 -0.0671561 -0.0257607 0.0186406 -0.0397793 0.00169284 -0.0633989 0.0258206 0.0150458 -0.0335917 0.0099037 0.0390873 0.0763093 -0.000745643 -0.0264186 -0.0080525 -0.143382
internal_weight=1112.26 1073.95 1050.46 1041.29 1032.16 777.158 255.002 28.5396 226.462 181.705 178.005 772.722 12.268 22.1862 11.3737 9.26492 175.532 19.2124 14.8855 9.8451 156.319 128.826 37.2691 23.905 19.7782 27.4929 760.454 92.0296 77.1636 6.93681
internal_count=10794 6752 6626 6581 6087 4512 1575 208 1367 1249 1214 4377 122 138 98 78 1158 192 135 129 966 900 420 215 133 66 4255 765 554 89
is_linear=0
shrinkage=0.1


Tree=34
num_leaves=31
num_cat=0
split_feature=13 1 5 3 5 7 4 15 3 8 3 2 8 12 2 2 4 19 7 2 4 2 0 15 5 17 18 7 17 6
split_gain=37.4527 19.4344 7.03019 6.63115 20.8073 14.3577 14.1417 12.5974 12.3791 9.91449 11.7021 9.72594 8.29339 22.1934 7.26362 8.98925 6.75917 21.0611 25.9139 18.0039 17.7966 14.3949 17.2732 12.3682 10.3143 10.0197 9.98279 13.1938 10.3781 9.90228
threshold=1.3507130742073061 0.73721236210381036 0.045821474511975692 0.096018661679363224 0.029617557877217784 0.10988485726533476 2.5541766508991838e-10 5.6796663557179279e-05 0.094715326740979974 2.0487983570591545e-10 0.1041722622995455 4.7337284452321438e-10 7.2678162805730984e-10 0.28051908314228063 4.848417963274949e-10 9.5791718650538466e-10 1.0469844197466244e-10 2.1414046287536626 0.15630037288465146 4.0824701425993593e-10 1.4172373149178022e-10 3.4393577865968764e-10 1.9933274886283947e-09 6.0477446822915233e-05 0.017773851629697995 0.1645951704545455 0.6101060521958227 0.092934736706154361 0.10682262073863637 2.4552010971941746e-10
decision_type=2 2 2 2 2 2 2 2 2 2 2 2 2 2 2 2 2 2 2 2 2 2 2 2 2 2 2 2 2 2
left_child=-1 2 3 8 6 12 9 -7 16 10 11 -5 13 14 -6 -16 19 25 20 21 26 -2 -23 -24 -25 -18 27 28 -19 -21
right_child=1 -3 -4 4 5 7 -8 -9 -10 -11 -12 -13 -14 -15 15 -17 17 18 -20 29 -22 22 23 24 -26 -27 -28 -29 -30 -31
leaf_value=-0.10247997304605656 0.0049695631949605258 0.0996458370741959 0.061147623783880473 -0.16214091514242479 0.13478317068535059 0.059493519333693602 0.075072093944271112 -0.14979007978866329 0.080687014583902955 -0.15458157667955952 -0.12927214915222382 0.055607213198941047 0.13851274286644874 -0.14814964391466354 -0.093172561586927008 0.082044266429652388 0.0063895125931868512 -0.13172145930933818 0.036689855630539683 -0.0086204510889586455 -0.15510979362209221 -0.23427497689403887 0.063928255026562922 -0.0082020919531524041 -0.16484660824093189 -0.12261122838801164 0.036474972454564825 -0.1523007875272894 0.062680175966609464 0.071709177821874026
leaf_weight=34.715477347373962 439.51738140685484 20.436862520873547 19.186865056864917 2.5685136467218426 9.8544971579685861 4.5345181822776777 5.596600115299224 7.8642587848007679 19.881034879945219 16.331497627310455 10.921693557873366 10.18613038305193 8.390840392559765 5.8560166954994193 4.5054267933592191 8.3629621807485801 267.47698957379907 4.2141587333753723 22.645391549915075 20.552699581254274 24.168218526989222 5.0816698893904713 8.7615955108776706 8.857474830932917 8.0001279432326537 6.1596949072554699 10.784075066447256 12.240589290857313 7.8829999528825283 60.569727402180433
leaf_count=4042 3174 126 77 57 16 14 24 90 67 189 328 52 11 67 41 36 1212 48 84 154 248 53 30 72 80 56 42 128 22 154
internal_value=-0.000270466 0.00307256 0.00117655 5.04053e-05 -0.0251154 0.0198716 -0.0738154 -0.0732502 0.00262926 -0.0946429 -0.0532983 0.0117574 0.0511024 0.0254385 0.0701747 0.0206981 0.000918105 -0.00983193 -0.0543081 0.00785105 -0.0890642 0.00034531 -0.0658561 -0.0324495 -0.082541 0.00348564 -0.0436165 -0.079105 -0.00504146 0.0513573
internal_weight=1096.11 1061.39 1040.95 1021.77 94.973 49.3685 45.6044 12.3988 926.794 40.0078 23.6763 12.7546 36.9697 28.5789 22.7229 12.8684 906.913 355.572 81.9354 551.341 59.29 470.218 30.7009 25.6192 16.8576 273.637 35.1218 24.3377 12.0972 81.1224
internal_count=10794 6752 6626 6549 925 275 650 104 5624 626 437 109 171 160 93 77 5557 1840 572 3717 488 3409 235 182 152 1268 240 198 70 308
is_linear=0
shrinkage=0.1


Tree=35
num_leaves=31
num_cat=0
split_feature=13 1 19 3 3 17 5 11 5 3 3 12 10 2 11 5 4 3 4 4 5 17 6 12 4 10 18 0 19 7
split_gain=33.742 17.5687 6.67915 5.24481 8.5762 24.3795 16.8679 13.6784 11.657 8.97605 8.88535 9.91825 14.7996 8.92897 10.1922 7.15128 13.7738 11.1038 7.8274 32.3879 16.1689 17.7277 13.6164 11.6673 13.1128 10.3849 9.75126 9.61623 12.3122 15.6553
threshold=1.3507130742073061 0.73721236210381036 -0.11633747816085814 0.053717367559231559 0.061801401929942108 0.1470392400568182 0.016277919887457377 1.0047085385878065e-09 0.032646796461951788 0.062009322263331952 0.056930102018547452 0.3373697698116303 3.054498672485352 5.9582871370341989e-10 1.2153934525471757e-09 0.013689391532952027 6.115356377041825e-11 0.092120641932526712 8.7263484684472957e-11 9.2638675233704198e-11 0.019612572290396851 0.1443314985795455 2.1792456262905045e-10 0.21539206057786944 1.0372471263467456e-10 2.9030021429061894 -0.16033619735389945 8.7877254841626443e-10 2.1414046287536626 0.15630037288465146
decision_type=2 2 2 2 2 2 2 2 2 2 2 2 2 2 2 2 2 2 2 2 2 2 2 2 2 2 2 2 2 2
left_child=-1 2 -2 -4 5 8 -7 -8 10 -6 -5 12 13 14 -12 17 -17 -11 20 -20 21 -18 -21 -24 26 -26 -25 -27 -29 -30
right_child=1 -3 3 4 9 6 7 -9 -10 15 11 -13 -14 -15 -16 16 18 -19 19 22 -22 -23 23 24 25 27 -28 28 29 -31
leaf_value=-0.10232536047358701 0.086902332218844872 0.099169588706859463 0.01838233445896751 -0.14355465359116773 0.098301811173882814 -0.50673290925771097 -0.3328999854844169 0.038340405964149761 0.074389425534310369 0.074659125273485269 0.04345728072160527 -0.15511676810410502 0.073830930311633694 0.12369516535469514 -0.11781669356264286 -0.043613255094615416 -0.11344792739699781 -0.08136778611074176 -0.14916874002763694 -0.097890762820951799 0.034876713092449177 0.054846342248192015 0.083201610104714441 -0.19422167704685123 -0.085213597789152995 -0.069730846379727124 0.048838830266900689 0.012188565462159608 -0.054597381120223956 0.045670188085054714
leaf_weight=31.456915251445025 8.9821355994790775 18.576396878808737 138.51285888813436 16.021095699630678 9.4265631837770325 0.59052539616823096 1.0129097551107396 49.217637360095978 5.3513163961470118 25.692310198210183 4.8177939718589249 8.4129314087331277 9.3719801865518075 2.1652536466717711 20.998199108056724 71.381862776353955 16.62072392413393 5.5456234058365217 14.851676871068774 13.57204269338399 140.42778301052749 10.040053717792032 17.763724882155657 1.6955194659531105 16.082337504252791 20.414565727114677 62.248322121798992 251.28152605611831 67.219074448570609 20.266780430451035
leaf_count=4042 45 126 908 283 31 7 10 171 18 144 36 100 28 4 339 863 235 95 152 222 673 23 66 16 137 135 209 1091 512 73
internal_value=-0.000276429 0.00278505 0.00104669 0.000291389 -0.00254811 -0.0276452 0.0246077 0.0308543 -0.0671984 0.00132413 -0.0794612 -0.0570243 -0.0349313 -0.0713599 -0.0877197 0.000113479 -0.00190815 0.0469599 0.0026544 -0.00377173 0.0213224 -0.0500708 0.000817408 0.00374904 0.000535585 -0.00659694 0.0423939 -0.00307688 0.00093977 -0.0313696
internal_weight=1080.02 1048.56 1029.99 1021 882.49 117.96 50.8211 50.2305 67.1386 764.53 61.7873 45.7662 37.3532 27.9812 25.816 755.104 723.866 31.2379 652.484 485.396 167.089 26.6608 470.544 456.972 439.208 375.264 63.9438 359.182 338.767 87.4859
internal_count=10794 6752 6626 6581 5673 996 188 181 808 4677 790 507 407 379 375 4646 4407 239 3544 2613 931 258 2461 2239 2173 1948 225 1811 1676 585
is_linear=0
shrinkage=0.1


Tree=36
num_leaves=31
num_cat=0
split_feature=8 1 19 11 13 1 4 3 0 15 14 5 17 8 12 8 18 3 9 6 17 7 10 3 1 19 12 3 19 2
split_gain=30.4354 15.8607 5.95084 5.62214 5.34502 5.66241 6.08445 5.70611 10.772 9.55374 7.64323 11.2997 10.0886 7.13252 7.01497 9.65906 8.91382 6.71161 7.08017 13.1895 8.09036 6.43114 9.43876 6.15721 12.6747 17.9412 13.7893 13.0382 12.0812 9.94799
threshold=9.9357302285397593e-12 0.73721236210381036 -0.11633747816085814 8.8444934709386313e-10 3.6961091756820683 0.60960238033732772 2.7903596420719527e-11 0.054290932767360821 2.4307166047946786e-09 9.9274282547412454e-05 0.010807982645928861 0.026538738681093941 0.10682262073863637 8.6011891846667005e-11 0.27174174785614019 7.1878262756439874e-11 -0.14141394426703544 0.048969671583554732 0.069725181453878335 2.141407353415896e-10 0.14626242897727273 0.066854335929448852 2.5686900615692143 0.071501119548126449 0.32978223950026664 0.77404275536537182 0.3043996542692185 0.056930102018547452 0.86124446988105785 2.4582224659408773e-10
decision_type=2 2 2 2 2 2 2 2 2 2 2 2 2 2 2 2 2 2 2 2 2 2 2 2 2 2 2 2 2 2
left_child=-1 2 -2 -4 5 6 -5 8 17 -10 11 14 -13 -12 15 16 -9 18 21 -20 -21 22 -8 24 25 26 -15 -26 -29 -30
right_child=1 -3 3 4 -6 -7 7 10 9 -11 13 12 -14 23 -16 -17 -18 -19 19 20 -22 -23 -24 -25 27 -27 -28 28 29 -31
leaf_value=-0.10138487590254992 0.085161288853355971 0.098688460158084079 -0.14198260749267336 -0.13928984208047721 -0.12263452209794899 0.045848501784460476 -0.19057809171719642 0.090952378834562031 -0.11226725174984149 0.11146954581067746 0.070622655460826939 -0.12142186793909962 0.07759917037957588 -0.11252909718541973 0.026327931448578791 -0.13682765263097715 -0.09272554802313919 0.046522069950997946 -0.24678731990001174 -0.12141565014791629 0.014904752422997878 0.062081209801980369 0.10493690628657926 0.0052152538863349564 -0.14396776638241734 -0.077936495518498738 0.016681939794332298 -0.13182917541472203 0.069702305564556283 0.0036341443966834137
leaf_weight=28.95333400182426 8.3272317387163621 16.886468235403299 2.7703808695077887 3.1332367104478172 3.5033327918499699 27.502430744469166 2.6436976455152061 4.4601681074127555 10.134827286005018 2.3513121902942649 13.856293208897112 3.2842328585684291 11.347050091251729 9.6523206345736963 6.0468323640525332 18.132014770526439 6.4817509087733942 75.542746599297971 2.6098584569990662 5.4068218944594291 22.349033327773213 21.424544597044587 1.8282863013446329 476.02594319172204 5.6695049051195374 58.081038244534284 57.228921870701015 5.7559409216046324 27.915268549695611 124.13842965103686
leaf_count=4085 42 126 89 81 31 121 57 27 108 4 45 66 28 151 45 468 243 447 24 126 96 85 4 2425 79 592 322 54 99 624
internal_value=-0.000262685 0.00256753 0.000972461 0.000277845 0.000669413 0.00110009 -0.000161504 0.000286806 0.0186383 -0.0701345 -0.00291091 -0.0409104 0.0329256 -0.000481904 -0.0716705 -0.0920523 -0.0178544 0.0270479 0.000900063 -0.0318598 -0.0116504 0.0393136 -0.0697624 -0.0017707 -0.0132999 -0.0372761 -0.00196584 0.00502736 0.0103802 0.0157635
internal_weight=1063.44 1034.49 1017.6 1009.28 1006.51 1003 975.5 972.367 144.291 12.4861 828.076 49.752 14.6313 778.324 35.1208 29.0739 10.9419 131.805 56.2622 30.3657 27.7559 25.8965 4.47198 764.467 288.441 124.962 66.8812 163.479 157.81 152.054
internal_count=10794 6709 6583 6541 6452 6421 6300 6219 951 112 5268 877 94 4391 783 738 270 839 392 246 222 146 61 4346 1921 1065 473 856 777 723
is_linear=0
shrinkage=0.1


Tree=37
num_leaves=31
num_cat=0
split_feature=13 0 5 10 14 10 15 5 3 17 19 18 9 12 17 13 8 9 19 0 0 3 1 8 17 0 5 12 9 9
split_gain=27.5171 14.6751 5.9967 11.1026 7.20502 9.81185 5.68048 5.33594 7.49929 5.74948 13.5366 17.551 15.0355 18.5802 14.513 14.9146 11.2897 14.9379 10.6594 11.4606 9.70249 8.47073 7.87574 10.7343 10.3011 8.49689 7.67016 8.52964 6.02911 14.3189
threshold=1.3507130742073061 1.1310364550235185e-08 0.0087181611424872411 2.2138382196426396 0.0075500942766666421 2.218401432037354 0.00011727239325409756 0.013689391532952027 0.057767468912686401 0.10948597301136366 0.12018250674009325 -0.16603933469477022 0.086830301606520693 0.31820121407508856 0.090664950284090925 2.865913033485413 1.3710387862054526e-10 0.05461483322532517 2.0256803035736088 3.8985047046246551e-09 4.0682742908766922e-10 0.076993261454617698 0.47367817988597322 4.3426926052861334e-10 0.1282182173295455 5.5176675548627368e-09 0.016131448086933595 0.38058610260486608 0.034766479009873702 0.044200687843326612
decision_type=2 2 2 2 2 2 2 2 2 2 2 2 2 2 2 2 2 2 2 2 2 2 2 2 2 2 2 2 2 2
left_child=-1 2 -2 6 -5 -6 -4 8 -7 10 -9 21 14 -14 15 16 -13 -18 -16 20 -20 -12 25 -24 -25 26 27 -11 -28 -30
right_child=1 -3 3 4 5 7 -8 9 -10 22 11 12 13 -15 18 -17 17 -19 19 -21 -22 -23 23 24 -26 -27 28 -29 29 -31
leaf_value=-0.10202570514343104 0.090834962593002833 0.09419900300333843 -0.11035549281159329 -0.13003071311715345 0.21755400162567981 -0.091377540728992776 -0.54520332933097204 0.078193316666274409 0.058396507862238135 -0.16429784588628704 -0.05398392399389601 -0.1166015699708472 0.098036961412711454 -0.12908966893873708 -0.12594796479717932 -0.12764916123980014 0.065035446045056469 -0.12746277232307265 0.13986682888812516 0.053120262163769694 -0.12415077037693914 0.070259038409487509 0.086859014546711077 -0.15780997988700085 0.057162671947238508 -0.14760672950556017 0.098015715117918914 0.0031930767970251173 -0.12417441849066263 0.0039211175587808757
leaf_weight=25.911780696362257 7.3373435586690894 17.094213508069515 5.990456318948417 4.1826784177683285 2.0973917972296467 3.7846709303557864 0.31626752391457547 13.673915749415753 28.652273675426841 5.8167952494695765 7.129258161410692 5.7337929503992191 13.993044933304192 4.8501615505665532 34.782167163677514 9.5508351977914554 26.702599884942178 4.7480182154104105 1.5712184906005884 8.5985466353595239 12.198417265899478 23.829830142203718 23.571588352322578 4.1252113841474038 4.849373783916235 3.8187780072912565 6.6511240461841217 6.3704472854733467 8.8331573298200947 722.8786623342894
leaf_count=4042 45 126 399 220 10 46 4 56 122 115 70 181 46 60 536 111 128 74 1 40 221 85 45 40 16 47 30 23 111 3744
internal_value=-0.000254517 0.00232142 0.000761204 9.98396e-05 0.000939864 0.00149387 -0.132162 0.00103461 0.0409212 -0.000321184 -0.0171523 -0.0256354 -0.0426081 0.0395755 -0.0575149 -0.0161828 0.0124474 0.0359745 -0.0913147 -0.0374606 -0.0940244 0.0416484 0.00325847 0.0514226 -0.0416505 0.0011805 0.00193752 -0.0767479 0.00323629 0.00237476
internal_weight=1049.64 1023.73 1006.64 999.301 992.994 988.811 6.30672 986.714 32.4369 954.277 167.362 153.688 122.729 18.8432 103.886 46.7352 37.1844 31.4506 57.1503 22.3682 13.7696 30.9591 786.915 32.5462 8.97459 754.369 750.55 12.1872 738.363 731.712
internal_count=10794 6752 6626 6581 6178 5958 403 5948 168 5780 1609 1553 1398 106 1292 494 383 202 798 262 222 155 4171 101 56 4070 4023 138 3885 3855
is_linear=0
shrinkage=0.1


Tree=38
num_leaves=31
num_cat=0
split_feature=13 1 5 15 19 3 5 6 8 3 9 7 19 8 12 7 5 7 17 9 5 14 13 12 3 3 14 17 3 13
split_gain=24.8106 13.1698 5.13699 5.41112 12.9586 5.12183 17.1556 11.5658 11.2986 9.89097 9.13034 10.75 7.3719 6.93658 13.4587 13.3186 6.58596 14.4732 17.4278 18.929 8.80741 12.7556 21.4289 25.2741 12.6833 9.07882 12.6803 7.29117 11.3835 17.743
threshold=1.3507130742073061 0.73721236210381036 0.042175784089126589 8.3021091995760812e-05 1.4263910055160525 0.096018661679363224 0.029617557877217784 9.3300660963288573e-10 2.1466664678689989e-09 0.094715326740979974 0.042783282415711353 0.052310981915592192 0.31972451508045202 7.2678162805730984e-10 0.28051908314228063 0.13040977251387023 0.032926371076674878 0.17874558563174467 0.11934037642045457 0.090181164549262088 0.030768678828082659 0.029997177422046665 2.0481292009353642 0.46376407146453863 0.084515264128768586 0.089183637410060967 0.014536592178046705 0.14086914062500003 0.061801401929942108 1.5049893260002138
decision_type=2 2 2 2 2 2 2 2 2 2 2 2 2 2 2 2 2 2 2 2 2 2 2 2 2 2 2 2 2 2
left_child=-1 2 5 4 -4 9 8 13 10 16 11 12 -7 14 -8 -16 20 18 19 -18 21 25 -23 -24 -22 27 -27 28 29 -2
right_child=1 -3 3 -5 -6 6 7 -9 -10 -11 -12 -13 -14 -15 15 -17 17 -19 -20 -21 24 22 23 -25 -26 26 -28 -29 -30 -31
leaf_value=-0.10190247412235719 0.034819730640491174 0.097806176477920836 0.088878383630925817 0.088454375293325976 -0.13854074888707696 0.032606187125994467 0.066709001688697853 -0.13676455152139441 0.12164869734805257 0.073176053116013023 -0.13123003116514623 0.077202686131793222 -0.13729172606087245 0.1232599180722026 -0.14755336773767774 0.073926973838639679 -0.11409913395932013 0.081748630217425886 -0.15390605475998595 0.078834280929843847 0.060445739459168861 -0.17137735957480354 -0.10691764706394782 0.066051189800557464 -0.070470429162661483 -0.039096552134027837 0.071052842496545948 0.013713964767891055 0.00036979175492165661 -0.064202130017775541
leaf_weight=23.472867448348552 24.342525696847588 14.174742318689821 5.8812829852104205 13.447364998050032 4.3652541236951947 3.6320600067265358 19.834725974593315 4.2508905343711367 2.8536726273596278 19.025523218326271 20.01015323586762 5.9293673615902653 8.6034154128283244 7.5166184157133094 7.5728674326091987 4.2326767481863499 9.2759064156562108 8.1345556816086155 13.7178474124521 11.256029412150381 48.021695291623473 11.290890365839003 15.463419944047926 18.619850244373083 8.748376823961733 14.172237661667166 39.805413553491235 234.76369139458984 341.55923631694168 70.508388615678996
leaf_count=4042 260 126 15 45 52 71 85 54 4 67 237 26 312 13 90 13 99 19 128 33 146 103 115 47 62 132 104 937 2337 1020
internal_value=-0.000265425 0.00209431 0.000733309 0.0467391 -0.00800726 -0.000386833 -0.0239232 0.0198994 -0.0702868 0.00184937 -0.0846345 -0.0333054 -0.0868581 0.0369069 0.0163925 -0.0681454 0.000288992 -0.0381576 -0.0666361 -0.00832907 0.0022587 -0.000541957 -0.0519779 -0.012424 0.0402713 0.00267649 0.0421323 -0.000496655 -0.00814116 -0.0387892
internal_weight=1034.48 1011.01 996.836 23.6939 10.2465 973.142 84.4364 43.4078 41.0287 888.706 38.175 18.1648 12.2355 39.1569 31.6403 11.8055 869.68 42.3843 34.2498 20.5319 827.296 770.526 45.3742 34.0833 56.7701 725.151 53.9777 671.174 436.41 94.8509
internal_count=10794 6752 6626 112 67 6514 905 255 650 5609 646 409 383 201 188 103 5542 279 260 132 5263 5055 265 162 208 4790 236 4554 3617 1280
is_linear=0
shrinkage=0.1


Tree=39
num_leaves=31
num_cat=0
split_feature=13 0 5 10 14 8 6 15 3 18 14 8 19 8 6 1 2 18 11 8 17 5 13 0 1 10 12 8 9 5
split_gain=22.3844 11.9503 5.25493 9.57823 6.07715 4.92645 19.3365 15.1274 11.7192 11.3586 18.2346 9.13912 8.9172 8.25593 10.9915 7.87106 13.7083 7.06078 10.7239 6.80269 8.43522 16.9802 11.1508 11.0388 10.0373 6.86402 12.0655 11.0459 13.5833 12.0261
threshold=1.3507130742073061 1.1310364550235185e-08 0.0087181611424872411 2.2138382196426396 0.0075500942766666421 2.0487983570591545e-10 2.5027736457644014e-10 4.2344239773228771e-05 0.054290932767360821 0.13505354184996002 0.01283691404387355 1.840196799373124e-10 4.2604179382324228 2.9315177212549403e-10 3.622843889846458e-10 0.38782811636418851 7.132122638687687e-10 -0.27924158057430754 6.1104084014829149e-09 2.422732992350822e-10 0.098832563920454572 0.032926371076674878 2.7194963693618779 5.5176675548627368e-09 0.64849849514625968 2.9436534643173222 0.32809095084667211 3.7979150002778551e-10 0.076438636747958963 0.031968499656903702
decision_type=2 2 2 2 2 2 2 2 2 2 2 2 2 2 2 2 2 2 2 2 2 2 2 2 2 2 2 2 2 2
left_child=-1 2 -2 -4 -5 9 -7 8 13 -6 12 15 -11 14 -8 -12 -17 18 -9 -19 21 24 23 25 -21 26 -22 29 -29 -27
right_child=1 -3 3 4 5 6 7 17 -10 10 11 -13 -14 -15 -16 16 -18 19 -20 20 22 -23 -24 -25 -26 27 -28 28 -30 -31
leaf_value=-0.10178752885677814 0.088885766564173893 0.091855841244616473 -0.12857182693030605 -0.12847558705229192 0.02462941955211773 -0.13718118211956751 -0.098580935752701215 -0.15066583274318124 -0.13356089268386193 -0.10988615637328965 0.010793904549201884 0.0691166547224938 0.027332315431232004 -0.14518181383219061 0.078425502237136444 -0.21009149798567114 0.062128306886569229 0.043149978361223536 0.018791813878454723 -0.12747124336516918 -0.022919877364904487 0.045747046652809292 0.067479959657655256 -0.14341549619239424 0.054739391614564162 0.045466816700602791 -0.23869749014015851 -0.15257303203662728 0.00012229939776458248 -0.084506555922445659
leaf_weight=21.261899494100362 6.6921881083399049 14.55442790314555 5.7627692152746013 3.6265817265957585 207.0290542752482 10.641462511382995 5.3515935540199306 7.4527473114430887 14.69243724318221 23.551187325268987 24.853167029097676 20.024283964186907 5.927966200746595 3.9060891382396212 10.184390989132224 4.7651350209489456 3.0237211659550667 41.065954542718828 7.4852769374847412 18.980194475501779 32.998680817894638 12.79501906223595 26.418219555169344 5.2486148308962575 3.5960023272782555 91.020738058723509 2.8122360520064822 5.9189819991588584 369.91581412404776 7.722972720861434
leaf_count=4042 45 126 403 220 1192 127 64 80 317 507 89 56 40 98 66 56 9 176 35 238 272 67 87 65 17 319 34 63 1812 72
internal_value=-0.000257482 0.00190553 0.000574339 -3.07124e-05 0.000732157 0.00121654 -0.00344326 -0.00131138 -0.0661582 0.0121453 -0.0193182 0.0159308 -0.0822929 -0.0152217 0.0174531 -0.0166961 -0.104413 0.0021831 -0.0657525 0.0038239 0.00102708 -0.0462877 0.00411454 0.000868075 -0.0984482 0.00235182 -0.0398649 0.00553743 -0.00228248 0.0353013
internal_weight=1019.28 998.018 983.463 976.771 971.009 967.382 678.207 667.566 34.1345 289.175 82.1455 52.6663 29.4792 19.4421 15.536 32.642 7.78886 633.431 14.938 618.493 577.427 35.3712 542.056 515.638 22.5762 510.389 35.8109 474.579 375.835 98.7437
internal_count=10794 6752 6626 6581 6178 5958 4009 3882 545 1949 757 210 547 228 130 154 65 3337 115 3222 3046 322 2724 2637 255 2572 306 2266 1875 391
is_linear=0
shrinkage=0.1


Tree=40
num_leaves=31
num_cat=0
split_feature=13 1 13 0 19 0 8 4 4 1 4 3 9 14 8 3 5 0 1 2 18 18 0 14 4 9 1 12 6 13
split_gain=20.1925 10.9677 4.35289 8.28912 13.9723 12.4246 9.21236 10.5977 15.7441 15.3437 12.7038 17.4341 12.3861 14.9583 13.3965 17.147 12.8815 11.9904 33.8296 11.6973 10.5986 19.4903 8.89854 8.74162 8.41835 8.40165 13.5512 8.19557 23.0767 10.497
threshold=1.3507130742073061 0.73721236210381036 2.47863781452179 2.3503304905207623e-09 1.414614796638489 2.3297812717863113e-09 1.5055699081219789e-09 1.8286283118450653e-10 1.5996623669392462e-10 0.40263776126872636 1.4030276906735022e-10 0.10128086750369004 0.097661923117799823 0.017033304087817672 3.7443371203095676e-10 0.062009322263331952 0.030146017004829984 1.1503172934392647e-09 0.35347626013698491 2.6653829583391479e-10 0.36865179147571331 0.084916297737932356 1.9115593692065314e-09 0.018738416954874996 2.7903596420719527e-11 0.13694310950086391 0.57615080541801789 0.4911294430494309 1.2227963832307826e-09 2.0326489210128789
decision_type=2 2 2 2 2 2 2 2 2 2 2 2 2 2 2 2 2 2 2 2 2 2 2 2 2 2 2 2 2 2
left_child=-1 2 3 5 25 6 7 8 10 -10 11 12 13 14 24 16 -16 20 -19 -20 21 23 -15 -14 -2 26 -5 28 29 -6
right_child=1 -3 -4 4 27 -7 -8 -9 9 -11 -12 -13 17 22 15 -17 -18 18 19 -21 -22 -23 -24 -25 -26 -27 -28 -29 -30 -31
leaf_value=-0.10167979080630296 -0.15020429959371306 0.096885245414890658 0.016580421376375953 -0.1337852073452159 -0.12055803712956142 0.1038102032686495 -0.14413978212940468 0.055808424077543134 -0.16673702177094984 0.12047055200922362 0.050519756922491325 -0.13584155922939825 -0.062824323018764436 0.051578978643328603 -0.1305223966027993 -0.15528238446607714 0.11304287867291188 -0.18154318931266517 0.11421232196825658 -0.060672058002291175 0.077477586754564634 -0.16788508781450301 -0.064112756935685897 0.03846176643803019 0.0039520478473812938 0.0038214879255801647 0.034923721917507582 0.055408615019397402 -0.13086949121751953 0.0065933664122013033
leaf_weight=19.257916034199297 3.5842634835280469 11.961913160979746 144.16086130077019 23.747075316961858 6.8809585878625503 12.070636635646222 4.320574906654655 35.028516877442598 9.9509096015244705 2.2877533491700879 48.522533709183335 9.6927826753817481 13.292145686689762 84.366249462589622 3.4298724890686589 12.533045264892278 5.9177733398973942 16.73622228205204 7.4260210953652841 7.8861013166606426 11.820985563099383 8.2467887597158533 7.2170822210609904 23.739264712668955 303.67949933512136 10.578604735434054 5.954950508195906 18.730582035146654 15.300687885843216 115.04842470679432
leaf_count=4042 147 126 841 298 108 27 53 122 98 6 166 245 113 219 62 131 9 157 12 50 28 99 40 94 2490 45 119 56 154 637
internal_value=-0.000269569 0.00171491 0.000543877 -0.00224824 -0.0202005 0.0033283 0.00137103 0.00239269 -0.000831466 -0.11305 0.00158611 -0.00298381 -0.00045817 0.00671629 -0.00322986 -0.0788309 0.023673 -0.0343177 -0.0832701 0.0241428 -0.00684191 -0.0288556 0.0424621 0.00210589 0.0021538 -0.0727052 -0.0999608 -0.00663985 -0.0151089 -0.000582291
internal_weight=1003.37 984.113 972.151 827.99 196.241 631.749 619.678 615.358 580.329 12.2387 568.091 519.568 509.875 420.728 329.144 21.8807 9.34765 89.1475 32.0483 15.3121 57.0992 45.2782 91.5833 37.0314 307.264 40.2806 29.702 155.961 137.23 121.929
internal_count=10794 6752 6626 5785 1417 4368 4341 4288 4166 104 4062 3896 3651 3098 2839 202 71 553 219 62 334 306 259 207 2637 462 417 955 899 745
is_linear=0
shrinkage=0.1


Tree=41
num_leaves=31
num_cat=0
split_feature=13 0 5 10 14 5 1 15 7 19 6 13 12 4 3 17 19 17 12 12 12 17 1 19 2 12 19 1 6 9
split_gain=18.2219 9.8924 4.53924 8.50655 5.31626 4.39813 8.0982 5.91862 5.32507 8.75703 8.55065 7.85543 6.26456 6.57943 11.5158 6.22289 8.9536 8.55418 8.40358 15.045 14.2196 13.9225 12.2101 11.1344 11.0853 17.2353 10.2705 7.16438 8.51999 6.58277
threshold=1.3507130742073061 1.1310364550235185e-08 0.0087181611424872411 2.2138382196426396 0.0075500942766666421 0.014745229377881015 0.42417636922894858 0.00010048720287159087 0.052310981915592192 0.33857852220535284 2.5489919598327073e-10 1.5469109416007998 0.23652543872594836 3.6786056563565216e-11 0.073606314381171753 0.11330344460227275 0.12018250674009325 0.11232688210227275 0.29202567040920263 0.2538996040821076 0.31715972721576696 0.091641512784090925 0.45633242297732585 1.1888137459754946 4.511771207190884e-10 0.29333667457103735 1.0282444953918459 0.31731278577045735 4.4984031697738392e-10 0.040572577058844851
decision_type=2 2 2 2 2 2 2 2 2 2 2 2 2 2 2 2 2 2 2 2 2 2 2 2 2 2 2 2 2 2
left_child=-1 2 -2 -4 -5 6 -6 -8 9 -7 11 -11 13 -10 -15 16 -14 18 19 22 24 -22 26 27 -20 -26 -18 -21 -29 -17
right_child=1 -3 3 4 5 8 7 -9 12 10 -12 -13 15 14 -16 29 17 -19 20 23 21 -23 -24 -25 25 -27 -28 28 -30 -31
leaf_value=-0.1015783677930457 0.086972223833894358 0.089586600154998183 -0.12950147729984049 -0.12763311092380392 -0.089080585726176983 0.066558041874643231 0.067105475702316175 -0.048495976718157724 0.22099267178735515 0.11462052776936577 0.024661896481483356 -0.11307335358833595 0.069835623001086325 -0.084023687398156174 0.064672535003590756 -0.14304461030883367 -0.13029313593560915 -0.15457348857547457 0.083137801294862423 -0.13483461394467208 0.071355520405980255 -0.1269596272358304 -0.14004385520136253 -0.13261576241438275 0.12965886636589916 -0.14119964222858411 0.066015095291738601 0.05541174517405998 -0.13299812992964791 0.0038136731870828757
leaf_weight=17.441803260240704 6.0172352138906708 12.597229313105343 5.0575687333475789 3.2253339421004048 4.7510514319874337 6.5259014479815951 29.962186217308044 5.1970881447195998 1.9733251659199584 1.6432985188439548 8.2695789691060764 19.435944562545046 10.161430722102521 6.6383451903238919 24.176444438286126 3.0655585983768097 3.0698489779606524 5.1042694589123121 23.725541595369577 4.5266351364553001 5.0791434831917313 11.682032318785785 4.4857139624655238 21.926390656270087 3.7094386368989927 6.406945001333952 20.214668900240213 10.143801799044011 3.14401676878333 699.92508528986946
leaf_count=4042 45 126 403 220 84 38 127 44 7 5 42 453 44 115 129 27 60 63 95 68 19 169 52 295 6 81 114 56 41 3724
internal_value=-0.000271586 0.00154658 0.000390403 -0.000156144 0.000533789 0.000971255 0.0334591 0.0500178 -0.000461399 -0.0382174 -0.0615148 -0.0953228 0.00109699 0.0439752 0.0326393 -0.000583962 -0.0203867 -0.0278271 -0.0223498 -0.0454429 0.00845938 -0.0668641 0.0110297 -0.084905 0.0457655 -0.0418822 0.0401337 -0.0261815 0.0108323 0.00317326
internal_weight=989.283 971.841 959.244 953.227 948.169 944.944 39.9103 35.1593 905.033 35.8747 29.3488 21.0792 869.159 32.7881 30.8148 836.371 133.38 123.218 118.114 67.5111 50.6031 16.7612 27.7702 39.7408 33.8419 10.1164 23.2845 17.8145 13.2878 702.991
internal_count=10794 6752 6626 6581 6178 5958 255 171 5703 538 500 458 5165 251 244 4914 1163 1119 1056 686 370 188 226 460 182 87 174 165 97 3751
is_linear=0
shrinkage=0.1


Tree=42
num_leaves=31
num_cat=0
split_feature=13 1 18 0 5 5 18 14 13 4 7 2 9 8 10 8 2 4 9 8 2 3 3 0 17 18 19 18 18 8
split_gain=16.4428 9.25514 4.16837 8.58785 8.09826 6.76444 4.72385 12.4907 11.6193 8.30692 13.6135 11.0565 10.096 10.6968 15.9639 11.564 8.05928 10.9101 7.84651 17.734 14.1389 12.7341 12.1778 9.10435 8.89086 15.0006 14.0105 7.50641 12.5404 10.1037
threshold=1.3507130742073061 0.73721236210381036 0.7171053575373002 2.0086461542746544e-09 0.02002645457729112 0.017904052664585186 0.12783541289073502 0.011775415856391193 2.2774454355239873 1.9567546245729845e-10 0.16309320039467531 5.5411570707506677e-10 0.13423647934646157 8.238698118106098e-10 3.1524842977523808 5.447039130337934e-10 3.5234321723077939e-10 1.3041372051034094e-10 0.088358761850670972 3.9726285099045134e-10 5.9582871370341989e-10 0.076653329042020699 0.063413076545670716 2.9680701405943792e-09 0.12693093039772732 0.50818715629760525 0.91474419832229625 0.11353652090342209 0.10817257258432537 1.7343819690641119e-10
decision_type=2 2 2 2 2 2 2 2 2 2 2 2 2 2 2 2 2 2 2 2 2 2 2 2 2 2 2 2 2 2
left_child=-1 2 6 4 -4 -5 27 -8 9 11 -11 12 13 14 15 -9 17 -16 19 20 21 22 -10 -20 25 26 -25 28 29 -2
right_child=1 -3 3 5 -6 -7 7 8 18 10 -12 -13 -14 -15 16 -17 -18 -19 23 -21 -22 -23 -24 24 -26 -27 -28 -29 -30 -31
leaf_value=-0.10148251088455867 0.023363911812126308 0.095973619668509383 -0.082552064605970005 0.039448225235932624 0.071688368609733141 -0.16604424059102549 -0.085688457217603875 -0.021164969899316998 -0.13084760757813296 -0.14077265918509235 0.009184040292849447 0.044797569643858809 -0.11469385821613219 0.058022817854634846 -0.11393005637320802 0.069566176021033641 -0.17044128269750472 0.051383763060142335 0.098274194407405438 -0.11558095153638058 0.067621314417706913 -0.15917286026866215 0.047845484070253297 0.15138767022406779 0.051846546069563286 0.13769723927534802 -0.15009381477320435 0.052635776904815038 -0.17243774348171317 -0.0066897050890984246
leaf_weight=15.796151264803482 169.44260065304115 10.232916805893181 3.8635542416013768 2.9308130964636794 28.62125183083117 3.5329507132992148 20.39075985038653 103.03517792699859 5.0409874357283178 13.559394402429463 10.937050137668846 29.172984777018428 10.945417293347417 17.656091565266252 11.105254213325685 16.264831994660199 9.1649446096271259 6.2327909357845774 20.826990559697151 11.916302772238849 28.731508195400238 6.1854453943669787 15.665252007078378 1.8422476612031449 26.400229728780687 3.4389656260609618 9.4408928230404836 31.209252899745479 4.0834154107142231 329.18976008379832
leaf_count=4042 1375 126 41 11 74 41 596 705 60 138 44 112 100 56 85 46 95 18 44 126 85 65 79 2 85 3 105 167 67 2201
internal_value=-0.00028451 0.0013788 0.000360757 0.032398 0.0533439 -0.0728694 -0.00100763 -0.00956225 -0.005221 -0.0188039 -0.0738207 -0.0121837 -0.0217151 -0.0154891 -0.0243911 -0.00879509 -0.0945947 -0.054502 0.0187031 -0.00487241 0.018845 -0.0332684 0.00434219 0.0444061 0.0171238 -0.0451423 -0.10087 0.00504799 0.00209368 0.00352296
internal_weight=976.856 961.06 950.827 38.9486 32.4848 6.46376 911.879 377.954 357.563 228.074 24.4964 203.577 174.405 163.459 145.803 119.3 26.503 17.338 129.489 67.5395 55.6232 26.8917 20.7062 61.9493 41.1223 14.7221 11.2831 533.925 502.716 498.632
internal_count=10794 6752 6626 167 115 52 6459 2649 2053 1399 182 1217 1105 1005 949 751 198 103 654 415 289 204 139 239 195 110 107 3810 3643 3576
is_linear=0
shrinkage=0.1


Tree=43
num_leaves=31
num_cat=0
split_feature=8 1 19 15 3 15 8 10 10 11 12 2 17 6 3 3 1 12 14 14 3 13 15 17 11 12 18 4 17 12
split_gain=14.9354 8.32799 4.11215 3.97026 3.95568 6.00882 18.1415 16.9865 9.6428 14.5575 15.3055 7.90831 9.35374 23.9584 8.31626 8.3146 10.0333 11.473 9.35783 13.5432 13.2023 9.17181 7.86584 8.45372 7.73293 7.45867 7.67002 12.2258 7.43625 11.3001
threshold=9.9357302285397593e-12 0.73721236210381036 -0.11633747816085814 2.8884964194730859e-05 0.052315453022440027 4.4052980229025713e-05 1.7343819690641119e-10 2.3974676132202153 2.7009140253067021 1.2651338865410369e-09 0.24560573697090152 2.4802427272851794e-10 0.17407226562500003 6.6752100993138603e-10 0.061801401929942108 0.077307614946468914 0.40739730685386755 0.29822713136672979 0.015312004368752243 0.017033304087817672 0.062009322263331952 1.6800814867019656 8.5153424151940285e-05 0.14934747869318185 2.5666924141631857e-09 0.32493098080158239 0.086998932529240861 8.282007518680441e-11 0.12599875710227273 0.32200717926025396
decision_type=2 2 2 2 2 2 2 2 2 2 2 2 2 2 2 2 2 2 2 2 2 2 2 2 2 2 2 2 2 2
left_child=-1 2 -2 -4 -5 6 7 -6 9 -9 -11 15 14 -14 22 16 17 21 -19 20 -20 -7 23 -13 -16 -21 -27 -28 -26 -30
right_child=1 -3 3 4 5 11 -8 8 -10 10 -12 12 13 -15 24 -17 -18 18 19 25 -22 -23 -24 -25 28 26 27 -29 29 -31
leaf_value=-0.10070984627546385 0.080642260457371717 0.095350958253387103 -0.10892579206789572 0.018126411836606553 -0.13747568135179286 0.035577525785783076 -0.083098061857036928 0.040977283310999008 0.067340896251089272 0.062710958561770974 -0.13833515206586683 -0.13010660644790814 -0.6212172411780057 -0.036910532066602088 -0.11135521839418715 0.070018449914829362 0.087598705089378309 0.069763249748160741 0.012430897457077579 0.10978890491350941 -0.14888104848612879 -0.12807151118990956 0.011959882996097853 0.00011547527922007537 -0.010512041942503672 0.033843349780704843 0.01641939036061137 -0.17845721184208446 0.056301638804556312 0.0030833637076557638
leaf_weight=14.581409117905421 6.3338470328599206 9.3165857158601266 3.3468601061031213 108.57456139754504 7.6566700993571422 4.93279551714659 35.240038729738444 23.990024130791426 26.111930754035711 5.4118761792778995 12.609380430541931 14.776303405873479 0.86300487816333671 3.7553465939126909 6.1605830718763164 28.433815054129809 14.794024412985889 22.354894932359457 9.5313162934035081 8.2557939607650024 10.848173872567711 11.202242020051925 12.889089206233619 7.5233422704040995 259.68897772184573 31.221719015389681 8.7048321925103647 5.1085387803614131 49.746207647025585 201.56070689577609
leaf_count=4085 42 126 99 752 277 27 574 82 66 62 187 190 12 168 78 111 80 80 47 11 90 235 77 32 1966 122 36 53 129 898
internal_value=-0.000270563 0.00126954 0.000338681 -0.000205139 0.000185305 -0.00218051 -0.0238198 0.00374643 0.019619 -0.0100423 -0.07796 0.00119197 -0.00437335 -0.146097 -0.00318835 0.02114 0.0101927 -1.72199e-05 0.013093 -0.00410328 -0.0734368 -0.0780408 -0.0502284 -0.0861729 1.23821e-05 0.0224112 0.00639324 -0.055651 0.00135503 0.0136179
internal_weight=965.525 950.943 941.627 935.293 931.946 823.372 111.02 75.7799 68.1232 42.0113 18.0213 712.352 556.964 4.61835 552.345 155.388 126.954 112.16 96.0253 73.6704 20.3795 16.135 35.1887 22.2996 517.156 53.2909 45.0351 13.8134 510.996 251.307
internal_count=10794 6709 6583 6541 6442 5690 1248 674 397 331 249 4442 3550 180 3370 892 781 701 439 359 137 262 299 222 3071 222 211 89 2993 1027
is_linear=0
shrinkage=0.1


Tree=44
num_leaves=31
num_cat=0
split_feature=8 0 5 10 10 10 4 5 3 13 5 0 3 17 18 12 12 5 4 2 12 18 17 19 17 18 17 7 6 12
split_gain=13.4944 7.61608 4.06826 6.94848 4.57045 6.49392 5.79609 5.35067 5.26112 4.98546 7.0048 6.01266 4.91538 5.75243 11.6567 16.0104 7.21124 6.76228 5.98129 8.60189 6.27738 14.1341 16.7779 12.8322 15.1294 12.0135 10.6665 14.5524 11.1725 9.21444
threshold=9.9357302285397593e-12 1.1310364550235185e-08 0.0087181611424872411 2.2138382196426396 2.218401432037354 2.2946676015853886 3.0202162792187729e-11 0.014745229377881015 0.093177716739988994 1.4196203947067263 0.022713041059279866 2.6706632486303317e-10 0.041232248027699626 0.16741388494318185 0.10433032465252011 0.40402661263942724 0.51845294237136852 0.023740548513586101 4.2666143770689168e-11 7.910270015359366e-11 0.32493098080158239 0.010578206740319731 0.11667702414772728 1.2757189869880678 0.07872425426136366 -0.063332090794574455 0.13323419744318185 0.085876928774591618 7.3757601140376496e-10 0.32067543268203741
decision_type=2 2 2 2 2 2 2 2 2 2 2 2 2 2 2 2 2 2 2 2 2 2 2 2 2 2 2 2 2 2
left_child=-1 2 -2 -4 -5 -6 -7 8 -8 10 -9 -11 -13 16 -15 -16 18 -17 19 -14 26 23 -23 25 -25 -22 28 -28 29 -20
right_child=1 -3 3 4 5 6 7 9 -10 11 -12 12 13 14 15 17 -18 -19 20 -21 21 22 -24 24 -26 -27 27 -29 -30 -31
leaf_value=-0.10064197884477 0.088181364678090415 0.086397129700357053 -0.13291626446082447 0.13789576107192578 -0.094405450731001359 -0.13425033493099212 0.053200603755217096 -0.064192959736070004 -0.076241588923526435 -0.18457874613338662 0.087179762870363497 -0.11110727378364421 0.12774981809391581 0.051046556231975473 0.013724095878684547 -0.34342465302530234 0.064177655164032232 -0.10494390569209661 -0.0042748816167394281 -0.092429109445802043 0.033643774555802572 -0.12453943290178289 0.0024318161447702772 0.12002955396682197 -0.11648734428685598 -0.076892794549434484 -0.044244831633379555 0.078273261691009663 0.050565671323125651 -0.10881359245782851
leaf_weight=13.202249287860466 5.2279316782951346 10.36857323721051 3.9330254972446701 2.4072158029302946 7.2406089834403238 3.1727855242788783 30.687254679389298 3.9598608887754407 3.4978837040252975 1.7891394719481457 13.408362385351209 4.0400722329504779 2.0299234800040749 52.860906491987407 15.299073729664089 1.841181308031081 15.624967893585561 3.3567786738276482 291.5734636601992 14.093848010059444 23.262354854494333 10.824580227956174 269.81092743901536 2.958484321832656 31.511716766282916 17.030810688622296 12.901202166453002 39.006227863952518 37.540952388197184 8.6827795393764955
leaf_count=4085 36 126 305 11 153 45 177 35 36 12 201 50 4 163 48 23 45 27 2481 257 107 170 1352 3 283 145 71 121 128 94
internal_value=-0.000244056 0.00116611 0.000215437 -0.000282082 0.000284678 -7.61686e-05 0.000673752 0.00114542 0.0399559 -0.000373616 0.0526676 -0.00144977 -0.00106623 -0.000543328 0.0262242 -0.0377915 -0.00307098 -0.189417 -0.00445132 -0.0647094 -0.00314736 -0.0127588 -0.00246568 -0.0513958 -0.0961877 -0.013077 0.00561802 0.0478223 -0.000867275 -0.00729792
internal_weight=953.145 939.943 929.574 924.346 920.413 918.006 910.766 907.593 34.1851 873.408 17.3682 856.039 854.25 850.21 73.3579 20.497 776.852 5.19796 761.227 16.1238 745.103 355.399 280.636 74.7634 34.4702 40.2932 389.705 51.9074 337.797 300.256
internal_count=10794 6709 6583 6547 6242 6231 6078 6033 213 5820 236 5584 5572 5522 261 98 5261 50 5216 261 4955 2060 1522 538 286 252 2895 192 2703 2575
is_linear=0
shrinkage=0.1


Tree=45
num_leaves=31
num_cat=0
split_feature=13 1 5 19 15 5 15 11 5 3 19 15 18 1 12 17 12 5 11 4 0 8 17 17 14 7 17 5 19 6
split_gain=12.3055 6.88759 3.54673 3.96287 3.89955 10.5508 6.43131 14.8434 14.6155 7.31476 8.06922 6.06503 5.73129 6.9211 13.6598 6.37738 18.3273 5.44546 5.3987 5.11815 4.72715 10.4347 5.97799 6.59026 4.6451 4.63343 5.75463 9.51222 7.91795 7.89629
threshold=1.3507130742073061 0.73721236210381036 0.045821474511975692 1.5949273705482485 0.00010439687684993261 0.02908633962192848 9.1265457740519209e-05 9.4150007790005946e-09 0.031738495707103305 0.1110400169134685 4.1139938831329355 8.8721400970825939e-05 0.50818715629760525 0.3834333510944109 0.51845294237136852 0.13088156960227273 0.34676492214202886 0.03743628770783846 1.4965310768388921e-08 2.7903596420719527e-11 3.8476541162460221e-09 5.2053856132234317e-10 0.10127397017045457 0.068048650568181837 0.01623118203133345 0.029333057426153886 0.10313831676136366 0.033219597092512952 2.2096050977706914 1.8655683457138847e-10
decision_type=2 2 2 2 2 2 2 2 2 2 2 2 2 2 2 2 2 2 2 2 2 2 2 2 2 2 2 2 2 2
left_child=-1 2 4 -4 6 18 7 9 -9 11 17 19 13 14 -8 16 20 -11 24 -2 -15 22 23 -22 -6 -21 27 28 -27 -30
right_child=1 -3 3 -5 5 -7 12 8 -10 10 -12 -13 -14 15 -16 -17 -18 -19 -20 25 21 -23 -24 -25 -26 26 -28 -29 29 -31
leaf_value=-0.10124186123130204 -0.12168943674617866 0.094163836663436612 0.094572132354662608 -0.01141360728622059 -0.30175141969081221 0.044706619925907541 -0.17149429193210997 -0.14920916372560661 0.036397474059828849 -0.12909936516098292 0.10333592385836009 0.079490308247761987 0.11307464476144245 0.10295305881805378 0.071339138320954537 0.081004483368864955 -0.15474600824484105 0.041961995622759658 -0.043046195825837567 0.049613077409427012 0.05264495615167343 -0.14201063096586822 0.10475881417567377 -0.11804930938360539 -0.10868249383190186 -0.077168805178134639 0.0023193785889095244 0.063238398233514612 0.071401094242947896 -0.06592335311133167
leaf_weight=11.903808526694773 3.4143770539667448 7.8817333653569213 8.2901124693453294 6.1413624193519345 1.8157790070399666 8.7482316717505437 5.0421534068882448 12.999642672250049 6.2979077110067001 10.674147947225718 2.3180654384195796 9.8378135748207551 7.325422251597046 8.5224145138636249 4.285183722153306 18.530124703422189 5.7590095177292815 2.2538717724382868 8.1796322632580978 19.129743225639686 6.3166964587289893 3.5422501359134904 8.8599746711552125 3.5235521178692579 3.9722903147339821 32.028795233462006 688.57223810139112 9.1251636464148742 9.0047591854818183 7.8266400620341292
leaf_count=4042 152 126 32 45 32 54 52 148 28 342 5 26 11 22 13 50 65 12 64 254 48 42 16 39 36 609 4162 50 111 106
internal_value=-0.000213005 0.00107984 0.0002844 0.0494695 -0.000497415 -0.0414084 0.000552451 -0.00197823 -0.088635 0.000127402 -0.0684706 0.00147006 0.029262 0.0197256 -0.0599313 0.0332212 0.00897871 -0.0992765 -0.0953438 0.000472083 0.039627 0.0153631 0.0451732 -0.00847648 -0.16925 0.00101683 -0.000228398 -0.0304831 -0.0479866 0.0075449
internal_weight=942.123 930.219 922.337 14.4315 907.906 22.7159 885.19 813.483 19.2976 794.186 15.2461 778.94 71.7068 64.3814 9.32734 55.054 36.5239 12.928 13.9677 769.102 30.7649 22.2425 18.7002 9.84025 5.78807 765.687 746.558 57.9854 48.8602 16.8314
internal_count=10794 6752 6626 77 6549 186 6363 6005 176 5829 359 5470 358 347 65 282 232 354 132 5444 167 145 103 87 68 5292 5038 876 826 217
is_linear=0
shrinkage=0.1


Tree=46
num_leaves=31
num_cat=0
split_feature=13 0 12 18 14 13 10 11 1 8 9 2 9 15 8 5 0 9 12 1 1 19 13 12 14 14 0 13 8 8
split_gain=11.115 6.19373 3.53118 6.79792 4.21337 17.4253 22.7428 11.5418 10.506 10.0021 9.49405 9.28948 6.77735 10.5146 9.36694 19.6336 8.61588 7.06136 20.5884 16.3075 15.4759 14.4277 16.6067 13.4903 12.2807 8.38082 15.6068 16.3384 9.53942 9.09105
threshold=1.3507130742073061 1.1310364550235185e-08 0.51845294237136852 0.054374371104958387 0.026393831707537178 2.1097078323364262 3.6054564714431767 6.4394698462422192e-09 0.45074281815377032 1.0248330920035212e-09 0.18841562022386618 7.8946656901962325e-10 0.13423647934646157 7.8181183198466911e-05 7.7311298017675709e-10 0.023010385939789223 9.9718914431074986e-10 0.096322291998379508 0.35035218298435217 0.29249047858240645 0.3524344748389498 1.3173649907112124 1.6051859855651858 0.34133419394493109 0.018738416954874996 0.017033304087817672 1.9525603184489767e-09 2.1839852333068852 5.6827907975686366e-10 3.8429136272744002e-10
decision_type=2 2 2 2 2 2 2 2 2 2 2 2 2 2 2 2 2 2 2 2 2 2 2 2 2 2 2 2 2 2
left_child=-1 2 4 -4 12 7 8 9 -7 -6 -9 -8 14 -14 17 16 -16 25 19 23 21 24 -23 -19 -20 29 -27 -28 -29 -2
right_child=1 -3 3 -5 5 6 11 10 -10 -11 -12 -13 13 -15 15 -17 -18 18 20 -21 -22 22 -24 -25 -26 26 27 28 -30 -31
leaf_value=-0.10116294738411019 -0.00042897375296131149 0.083235152251627476 0.091048346766807314 -0.029129745921511581 -0.15791086775583368 -0.16551189997990973 0.075762022994576947 -0.16333644701011307 0.0014343372889826938 0.034323746295300682 0.054909100003381672 -0.044459025349493184 -0.12602007732034015 0.06949391330082802 0.11425982316301896 0.064032702877176884 -0.1504692730545355 0.05589306338717176 -0.089882039166357092 -0.16302572118987682 0.060034707963832562 0.086047268101256416 -0.17288278593476772 -0.18584577257940926 0.044096903677168939 0.048623960442758005 -0.12158053677503114 0.020210895768871577 -0.088702356828773948 -0.062918873696235084
leaf_weight=10.778990117367355 417.67013122793287 9.0633680298924428 11.589194246567788 7.9257230758666983 3.6159778628498342 8.5133072808384878 32.164757756516337 15.269127090461554 6.7648177444934836 10.762788433581589 2.2925104368478051 8.0324013289064151 9.4620396271347982 3.8780239336192599 1.5033627301454524 51.073602626100183 6.7465527132153511 8.6661845580674726 9.7675216919742507 16.189312126487494 28.925267124548554 3.1734740473330012 11.285499899648128 3.1467190817929795 22.837898291647434 98.817926537245512 11.292586356401442 67.59107294678688 9.1279772706329805 24.654842379502952
leaf_count=4042 3974 126 28 49 35 88 79 153 42 56 11 79 95 12 2 155 79 44 98 175 96 9 114 42 82 271 107 322 94 235
internal_value=-0.000204842 0.000975698 0.000158875 0.0422396 -0.000760492 -0.0216129 0.012265 -0.0804532 -0.0915918 -0.0140195 -0.134846 0.0517388 0.00150161 -0.0691832 0.00269149 0.0409114 -0.102228 -0.000401126 -0.0245406 -0.0978387 0.00246976 -0.032909 -0.116052 -0.00850128 0.00396118 0.00358885 0.0213476 -0.00927781 0.00725248 -0.00391211
internal_weight=932.583 921.804 912.741 19.5149 893.226 87.4157 55.4753 31.9404 15.2781 14.3788 17.5616 40.1972 805.81 13.3401 792.47 59.3235 8.24992 733.146 103.992 28.0022 75.9897 47.0644 14.459 11.8129 32.6054 629.155 186.83 88.0116 76.7191 442.325
internal_count=10794 6752 6626 77 6549 543 288 255 130 91 164 158 6006 107 5899 236 81 5663 660 261 399 303 123 86 180 5003 794 523 416 4209
is_linear=0
shrinkage=0.1


Tree=47
num_leaves=31
num_cat=0
split_feature=8 1 18 2 12 13 19 0 6 8 13 14 1 12 4 2 5 12 1 17 15 18 17 19 5 14 8 3 6 14
split_gain=10.0841 5.81291 3.23446 6.7482 6.03752 3.5505 7.0793 5.51308 4.95746 9.91768 4.897 11.6155 5.59757 6.23789 5.29682 4.6388 5.40776 8.07591 8.00105 6.1283 4.4521 9.90549 4.70252 9.76564 4.22207 8.77135 17.389 15.9681 11.2896 11.5513
threshold=9.9357302285397593e-12 0.73721236210381036 0.7171053575373002 3.3588647957533395e-10 0.36514855921268469 2.47863781452179 5.7188594341278085 5.9888246115719088e-09 1.3249166182783994e-09 9.4083676554567119e-10 2.9311504364013676 0.018006269820034507 0.41700307783302021 0.3778375387191773 8.0713206194877562e-11 7.8946656901962325e-10 0.016277919887457377 0.35177370905876165 0.49982047103527533 0.065407492897727279 8.8721400970825939e-05 0.096055389170280933 0.12013938210227275 2.4543384313583378 0.029273434073180987 0.028543251566588882 1.9015666623298382e-09 0.10020388252936548 1.1116074016070416e-09 0.025435525923967365
decision_type=2 2 2 2 2 2 2 2 2 2 2 2 2 2 2 2 2 2 2 2 2 2 2 2 2 2 2 2 2 2
left_child=-1 2 5 -4 -5 6 7 24 9 10 12 14 13 -7 -12 16 -14 18 20 -20 21 -18 23 -23 25 27 -27 28 29 -2
right_child=1 -3 3 4 -6 8 -8 -9 -10 -11 11 -13 15 -15 -16 -17 17 -19 19 -21 -22 22 -24 -25 -26 26 -28 -29 -30 -31
leaf_value=-0.10049479854970218 -0.0024713864352832529 0.092978266980395796 0.052394180408775484 -0.13641477632759327 0.037275868286395515 -0.16309884769989089 -0.15670472111025185 -0.14445108909594814 0.086861353954326509 -0.14987769841145895 -0.020122231379442017 0.031943832369134971 0.062203996925790872 0.057692808171409454 -0.15060696973011328 0.076276999913949123 -0.14034314447940199 -0.16417047312001054 0.063472572583752593 -0.14355099199676497 0.081740554637235147 -0.13328404080525388 0.081180739900635318 0.084586382784662129 0.011218664344647057 -0.1046647486370454 0.035600126855147463 -0.12836082251111344 0.068266752505123249 -0.147107811350322
leaf_weight=9.9181284070946258 484.01927360915579 6.802892640233039 28.277035453356802 4.0976720564067346 3.9117253981530666 3.1554692173376671 3.0127199892885974 2.7489153766073278 8.7500599902123195 3.8092913497239342 5.5148521247319895 17.564530223608017 20.331740841269493 2.1524448357522488 7.1370244128629565 18.640450428240001 3.8652908448129919 2.8112438209354869 1.9864928731694806 5.1031147576868534 11.530653534457086 3.9717885004356521 10.183402724564074 4.2681993059813976 170.34584134630859 24.055177189409733 13.972240710631011 10.026873935479669 22.536519359797239 5.5854298323392859
leaf_count=4085 3717 126 106 45 16 43 55 40 32 41 45 104 96 8 99 66 51 35 14 71 38 60 19 17 1076 216 59 277 74 63
internal_value=-0.000206353 0.000886493 0.000192986 0.029443 -0.0515857 -0.0010311 -0.00372792 -0.00309941 0.0141527 0.00893898 0.0140565 -0.0206768 0.0259828 -0.0735643 -0.0937297 0.0323726 0.0195955 -0.000219257 0.0110474 -0.0855434 0.0312959 0.00519926 0.0357346 -0.0204302 -0.00256753 -0.00675967 -0.0531279 -0.00338286 -0.000936 -0.0041214
internal_weight=920.086 910.168 903.365 36.2864 8.0094 867.079 736.303 733.29 130.776 122.026 118.217 30.2164 88.0003 5.30791 12.6519 82.6924 64.0519 43.7202 40.9089 7.08961 33.8193 22.2887 18.4234 8.23999 730.541 560.196 38.0274 522.168 512.141 489.605
internal_count=10794 6709 6583 167 61 6416 5577 5522 839 807 766 248 518 51 144 467 401 305 270 85 185 147 96 77 5482 4406 275 4131 3854 3780
is_linear=0
shrinkage=0.1


Tree=48
num_leaves=31
num_cat=0
split_feature=13 1 3 1 5 8 6 7 13 17 3 4 12 7 18 18 3 5 9 6 7 13 17 19 19 13 4 5 14 5
split_gain=9.15902 5.21742 3.10533 6.49653 16.7326 14.172 11.0434 6.85664 6.29855 6.16937 5.50833 5.61613 8.81773 5.36299 5.07058 4.83108 5.45997 12.8809 5.44927 11.9478 6.64742 4.83003 13.0503 14.1484 7.6978 7.39528 5.86134 5.57529 5.22499 6.77546
threshold=1.3507130742073061 0.73721236210381036 0.052315453022440027 0.23040379089971749 0.023090751111353409 2.0890643651877538e-10 7.5171030679037939e-10 0.14781680892972765 1.3638074398040774 0.19420276988636367 0.048969671583554732 4.8756583622897038e-11 0.31337898969650274 0.0921267217569504 -0.078569909229620608 0.41308711254069669 0.047904153029824259 0.019612572290396851 0.069725181453878335 2.1792456262905045e-10 0.06297977229041167 1.6051859855651858 0.1212491122159091 1.10896772146225 0.13385410606861117 1.6173689961433413 6.5642560121754146e-11 0.028036605482628547 0.010923938825726511 0.012982150002453034
decision_type=2 2 2 2 2 2 2 2 2 2 2 2 2 2 2 2 2 2 2 2 2 2 2 2 2 2 2 2 2 2
left_child=-1 2 10 4 7 13 -7 8 -4 -10 15 -12 -13 -6 -8 16 18 -18 20 -20 -2 22 23 -5 -23 -26 -25 -24 29 -27
right_child=1 -3 3 21 5 6 14 -9 9 -11 11 12 -14 -15 -16 -17 17 -19 19 -21 -22 24 27 26 25 28 -28 -29 -30 -31
leaf_value=-0.10110883677459091 -0.086805186584364397 0.092151595675438652 0.093238191711988674 -0.13196545921936648 -0.0010599889800961856 -0.14753157704111838 0.095556976724595732 0.01593735732830252 -0.16930603995283167 0.031278775672658105 0.075243922625390661 -0.1407821338693436 0.030215123325712814 0.083497626305463105 -0.057783476458743155 -0.14012749987859485 0.030505259031229512 -0.27119360114691454 -0.23089333426568751 0.0025157004817744997 0.069046718602222307 0.070207487540898006 0.076757106718095033 -0.12727313554094297 -0.15415524791502339 0.021786633918789475 0.096610051827427379 -0.026817908386187472 -0.00062722868122836568 -0.086226272955887709
leaf_weight=8.9075518506579083 3.1810691715218153 6.2079903259873381 1.1588668404147089 8.8144169995794091 14.312353891320528 8.9605452949181217 3.8876639977097511 3.8236352130770674 14.493690333561972 1.7147780358791358 23.836829306324944 3.4389813225716379 24.49682545941323 15.760157253593205 4.8426967244595271 2.5514682908542445 3.5437196600250891 2.3559463042765856 2.4347955025732544 22.090766588691622 19.591537759639323 14.610070326598359 33.027214061003178 1.4429775086464349 3.2288143602199844 9.1026710553560424 6.1672898250399157 6.1675669513642779 620.94746340811253 16.042600807966664
leaf_count=4042 82 126 7 387 62 158 10 24 326 5 119 61 120 34 46 30 31 38 24 187 85 98 154 63 55 86 58 40 3636 600
internal_value=-0.000204022 0.000792187 0.000159217 -0.00201468 -0.0313363 0.00147533 -0.0695441 -0.105292 -0.131982 -0.148085 0.0161014 0.0395886 0.00916485 0.0432543 0.0104996 -0.00571043 0.000736464 -0.0899738 0.0120511 -0.0206562 0.047276 0.000795201 0.0291021 -0.0457256 -0.00157615 -0.00319132 0.0541597 0.0604589 -0.00243688 -0.0471252
internal_weight=911.143 902.235 896.027 788.505 68.9544 47.7634 17.6909 21.191 17.3673 16.2085 107.522 51.7726 27.9358 30.0725 8.73036 55.7493 53.1978 5.89967 47.2982 24.5256 22.7726 719.551 55.6195 16.4247 663.932 649.322 7.61027 39.1948 646.093 25.1453
internal_count=10794 6752 6626 5849 672 310 214 362 338 331 777 300 181 96 56 477 447 69 378 211 167 5177 702 508 4475 4377 121 194 4322 686
is_linear=0
shrinkage=0.1


Tree=49
num_leaves=31
num_cat=0
split_feature=13 0 5 10 4 4 4 15 10 13 5 0 0 5 6 6 18 6 6 7 1 10 0 15 11 5 5 2 17 4
split_gain=8.27542 4.79575 3.13941 6.07007 3.81131 3.96508 3.8962 5.75169 5.74735 5.41369 5.31642 4.77089 3.89735 3.49148 5.36181 4.10429 6.50576 4.22891 4.15826 4.47402 10.7848 4.8732 5.71066 3.85845 12.2935 9.36895 5.30226 9.27577 4.50864 4.24626
threshold=1.3507130742073061 1.1310364550235185e-08 0.0082051409848735418 2.2138382196426396 3.0202162792187729e-11 2.7903596420719527e-11 3.578252154116221e-11 3.2291640309267684e-05 2.2946676015853886 1.4196203947067263 0.022713041059279866 3.1659195881203478e-10 3.1659195881203478e-10 0.010457860310318924 7.2287063158257508e-11 1.0715725126436385e-10 -0.018093091848475688 1.1880116648560861e-10 1.2172574389897829e-10 0.05114156125885843 0.57615080541801789 2.6358612775802617 6.3079513028694005e-09 9.1265457740519209e-05 9.629053998594374e-09 0.031738495707103305 0.016049381037599664 5.6035416714714247e-10 0.15001331676136367 1.3266684064053923e-10
decision_type=2 2 2 2 2 2 2 2 2 2 2 2 2 2 2 2 2 2 2 2 2 2 2 2 2 2 2 2 2 2
left_child=-1 2 -2 -4 5 -5 7 -6 -8 10 11 -10 -11 -14 -15 16 -16 -17 -19 20 -20 22 -22 24 26 -26 27 28 -21 -25
right_child=1 -3 3 4 6 -7 8 -9 9 12 -12 -13 13 14 15 17 -18 18 19 23 21 -23 -24 29 25 -27 -28 -29 -30 -31
leaf_value=-0.10103789992282147 0.093594491697137155 0.080131934355586812 -0.12888790187075289 -0.19691073981912521 -0.07607410676413319 -0.014141800276229072 -0.11300722462220536 0.063920135046736604 -0.18650049261350965 -0.077103865622370815 0.092845346400430642 0.048458770208611356 0.080588979770601379 -0.15522398328320297 0.098278803756826835 -0.1089791498099878 -0.083968015830672996 0.082363097520370035 -0.12428122408311766 -0.099378058591602147 -0.20850272073959189 0.055912686898722169 0.016760520525366789 0.067123252832101285 -0.15690841057896929 0.019087264636558431 0.00049223828852957554 0.099800162227653866 -0.3132163435517023 0.0091177498733663979
leaf_weight=8.0652602873742563 3.5721782869659355 7.5392078086733809 3.6582460663048542 1.9804521114565421 3.4792083641514209 2.9626810988411307 4.5077196195488787 18.754882550798357 1.4517514165490859 6.6520212199538937 11.474346999661064 2.1353067273739725 5.308087494224309 2.2415971423033616 9.0503904712386412 3.6241632322780779 2.4997626054100683 5.9799913382157674 9.825388071592899 4.933354879729448 1.8169084410183121 9.0435791257768852 2.9569157529622316 16.045182425528765 8.8802223745733482 4.5872010234743348 675.64884977135807 2.1333732344210148 1.232283793389797 59.123454391025007
leaf_count=4042 35 126 407 40 43 29 148 123 17 36 36 40 26 107 36 78 71 22 256 92 32 40 20 63 101 23 4346 5 12 342
internal_value=-0.000197715 0.000712937 3.68037e-05 -0.000342119 0.000193275 -0.0873677 0.000688847 0.0420137 -0.000390656 0.000208939 0.0596267 -0.0466338 -0.000867219 -0.000252467 -0.000776017 -0.000352457 0.0588357 -0.00120081 -0.000713899 -0.00133784 -0.0441882 0.0127651 -0.0689742 -2.65268e-05 -0.00234662 -0.0969617 -0.000483586 -0.0799285 -0.142116 0.0214994
internal_weight=901.164 893.099 885.56 881.987 878.329 4.94313 873.386 22.2341 851.152 846.644 15.0614 3.58706 831.583 824.931 819.623 817.381 11.5502 805.831 802.207 796.227 23.6428 13.8174 4.77382 772.584 697.415 13.4674 683.948 8.29901 6.16564 75.1686
internal_count=10794 6752 6626 6591 6184 69 6115 166 5949 5801 93 57 5708 5672 5646 5539 107 5432 5354 5332 348 92 52 4984 4579 124 4455 109 104 405
is_linear=0
shrinkage=0.1


Tree=50
num_leaves=31
num_cat=0
split_feature=13 1 11 3 3 11 0 2 8 19 1 15 7 6 2 12 5 11 14 18 7 1 5 8 8 6 13 12 13 5
split_gain=7.47874 4.28687 3.52998 3.18101 7.962 8.43275 6.02112 7.13468 6.99305 13.255 8.55345 6.0985 4.99098 5.11908 14.7316 6.98935 4.86661 8.60828 8.32495 4.74607 15.2179 4.69485 17.4772 7.56666 10.6542 5.62105 7.26772 4.95609 4.09379 10.6554
threshold=1.3507130742073061 0.73721236210381036 8.8444934709386313e-10 0.054618526562694801 0.056067729247217424 1.1980507141906573e-09 2.4307166047946786e-09 2.4582224659408773e-10 2.9315177212549403e-10 1.2886969447135928 0.20756045365420878 9.9274282547412454e-05 0.13405010146295809 2.6408526060333633e-10 1.142120297189097e-10 0.36514855921268469 0.028365553511518531 3.0671232220669258e-09 0.017640245147049431 0.18344420323741031 0.077441730076782858 0.23040379089971749 0.024584961262010364 2.0890643651877538e-10 6.3415635559810877e-10 7.5171030679037939e-10 1.4196203947067263 0.41849976778030401 1.6051859855651858 0.021607649704820271
decision_type=2 2 2 2 2 2 2 2 2 2 2 2 2 2 2 2 2 2 2 2 2 2 2 2 2 2 2 2 2 2
left_child=-1 2 -2 6 5 -5 7 8 12 10 -10 -8 13 19 15 -15 17 18 -12 -4 -21 22 25 -24 -25 26 -6 -28 29 -23
right_child=1 -3 3 4 21 -7 11 -9 9 -11 16 -13 -14 14 -16 -17 -18 -19 -20 20 -22 28 23 24 -26 -27 27 -29 -30 -31
leaf_value=-0.10096987928112407 -0.14255345527196117 0.090536632749564874 0.043738003623635668 0.03923772976036452 0.0057156262512080966 -0.15109379248481858 -0.099470780748605325 0.104638425911729 -0.14203056854364879 -0.1600287521318694 -0.11762361578216091 0.067037264240216235 0.10861712320951838 -0.082686002269928616 0.049387585151909115 -0.32341665829013366 0.10666346092704081 -0.1676995480858329 0.089701400039608026 0.041780921140425573 -0.31596645427241138 -0.11541923807254605 0.054317803117453545 -0.14228287760405298 0.048760347887777659 0.020078562502708074 -0.17536014738761763 0.0086238385869959987 -0.00085151764696170034 0.043366839501478287
leaf_weight=7.3024177688639602 1.7310242748353619 5.2737747430801383 53.790684435516596 3.4706259908853081 3.5562908151187065 7.0693470111582428 8.2567962510511261 9.4793697781860811 3.2819185149855974 6.0373512310907236 2.5750613273121434 2.9984450787305823 7.1954863257706156 3.7498072301968923 8.5448230607435089 1.777916897088289 6.069144954904913 2.5204236302524796 7.813547670841217 4.7505946529563507 1.586032625287771 4.6552844602847463 20.165586081333462 5.8429883271455747 5.8336473042145371 3.2880429346114388 12.634752613026647 1.6560300067067135 635.12410979205742 45.847167854313739
leaf_count=4042 82 126 291 18 22 140 109 18 68 77 79 10 14 99 53 17 12 32 15 53 21 389 62 98 31 18 261 6 4263 268
internal_value=-0.000183996 0.000646143 0.000108232 0.000388994 -0.00212028 -0.088421 0.0148017 0.0214047 0.0142119 -0.0286104 0.00703265 -0.0551123 0.0290993 0.0213881 -0.0329049 -0.160114 0.0328103 -0.00191151 0.038311 0.0340951 -0.0477618 -0.000888762 -0.0295704 0.0172238 -0.0468377 -0.100071 -0.122206 -0.15404 0.00132743 0.02873
internal_weight=893.878 886.576 881.302 879.571 749.144 10.54 130.427 119.172 109.693 28.2974 22.2601 11.2552 81.3953 74.1999 14.0725 5.52772 18.9782 12.909 10.3886 60.1273 6.33663 738.604 52.9773 31.8422 11.6766 21.1351 17.8471 14.2908 685.627 50.5025
internal_count=10794 6752 6626 6544 5576 158 968 849 831 283 206 119 548 534 169 116 138 126 94 365 74 5418 498 191 129 307 289 267 4920 657
is_linear=0
shrinkage=0.1


Tree=51
num_leaves=31
num_cat=0
split_feature=8 1 19 5 14 3 18 0 5 18 12 2 17 4 18 13 0 6 18 18 18 5 14 18 4 3 3 1 5 9
split_gain=6.77095 4.11122 5.01998 3.8789 3.19951 3.16036 2.84826 5.9979 5.51397 3.74302 7.89614 6.31125 9.14661 9.67274 7.38597 3.09168 7.84148 4.25122 3.07591 8.19363 3.95173 14.4747 9.73781 6.10921 5.7147 6.48401 8.17163 9.92789 5.53824 5.20101
threshold=9.9357302285397593e-12 0.60960238033732772 1.2232958674430849 0.012982150002453034 0.015845098532736305 0.064476922098577236 0.7171053575373002 2.0086461542746544e-09 0.017904052664585186 0.52517612170512717 0.3973242193460465 6.6021798892428311e-10 0.1470392400568182 1.0646310421147877e-10 0.6101060521958227 2.0789747238159184 1.6742224287806908e-09 3.2824519788397164e-10 0.50818715629760525 0.48040712907360023 0.3265098508193412 0.030362920423116595 0.01283691404387355 0.3132002324881879 1.9567546245729845e-10 0.089183637410060967 0.081845637685670339 0.35347626013698491 0.029617557877217784 0.15120037331954569
decision_type=2 2 2 2 2 2 2 2 2 2 2 2 2 2 2 2 2 2 2 2 2 2 2 2 2 2 2 2 2 2
left_child=-1 6 5 -4 -5 -3 9 15 -9 18 11 12 13 -11 -15 16 17 -8 19 20 23 22 -22 -2 25 26 -24 -28 -25 -26
right_child=1 2 3 4 -6 -7 7 8 -10 10 -12 -13 -14 14 -16 -17 -18 -19 -20 -21 21 -23 24 28 29 -27 27 -29 -30 -31
leaf_value=-0.10035251511454933 -0.0021086064604461303 -0.050751127958712783 0.042004035179239924 -0.16962722690333459 -0.0024813539439413512 0.075309581866794581 -0.032714865238928491 0.037619800247224236 -0.15755307687112774 -0.15997298208313518 -0.17038687998469357 0.073068651347466346 0.038380629152104065 -0.13097243426897098 0.056766159758407167 0.10656656397287866 -0.10306443241371258 0.080177761437122852 0.053729168807938911 -0.1193082587912498 -0.11922973543069285 -0.14935954286136788 0.037315615776185772 -0.15948458399045626 -0.1576110529373036 0.094943755298594903 0.03680748817356818 -0.21831427426027206 0.046992784000450705 0.042593533950770257
leaf_weight=6.6968656382523468 653.03978798049502 2.2144346404820743 4.2436751239001733 2.4221036487724632 2.172382541000843 19.512149496702477 4.3178699698764929 2.7365195695310822 3.0730640143156052 8.301819049753254 3.7542898021638385 6.2633924670517436 9.9259445704519731 3.2713887169957143 5.8302831836044788 6.4798428025096646 3.7891256846487513 14.663878435268996 10.345692070201038 5.8255432280711821 4.3432031439151606 4.8936917111277571 61.445634649135172 4.5498358956538132 2.8757498608902088 17.305998163297772 3.2248618975281707 2.8942912966012955 1.8181715123355386 2.364509766921401
leaf_count=4085 5165 30 18 33 11 196 39 11 41 127 39 18 30 47 23 13 28 35 37 76 161 59 277 61 33 39 14 31 7 10
internal_value=-0.00018223 0.000581898 0.0366132 -0.026928 -0.0905967 0.0624611 -0.00071781 0.0271887 -0.0656197 -0.00192234 -0.0328439 -0.0174723 -0.0382226 -0.0819126 -0.0107122 0.0456218 0.0282789 0.0544975 -0.000432099 -0.00116497 -0.00025789 0.0183347 0.027023 -0.0030591 0.0340721 0.0403297 0.0263409 -0.0838623 -0.100532 -0.0672747
internal_weight=884.596 877.899 30.5647 8.83816 4.59449 21.7266 847.334 35.0603 5.80958 812.274 37.3471 33.5928 27.3294 17.4035 9.10167 29.2507 22.7709 18.9817 774.927 764.581 758.756 99.3479 94.4542 659.408 90.111 84.8708 67.5648 6.11915 6.36801 5.24026
internal_count=10794 6709 288 62 44 226 6421 167 52 6254 284 245 227 197 70 115 102 74 5970 5933 5857 624 565 5233 404 361 322 45 68 43
is_linear=0
shrinkage=0.1


Tree=52
num_leaves=31
num_cat=0
split_feature=13 0 12 18 6 3 5 17 3 5 3 13 8 19 19 13 19 5 12 6 2 4 1 3 5 3 6 3 3 12
split_gain=6.17587 3.67633 3.05028 5.13287 3.68133 3.52509 15.8873 7.91807 7.32298 8.4786 15.5389 9.52931 7.00897 6.89816 6.04491 7.61434 5.18884 4.72649 7.34244 7.54228 5.12036 11.303 4.62672 11.803 4.5217 7.90115 6.01686 5.00423 9.40046 7.28578
threshold=1.3507130742073061 1.1310364550235185e-08 0.51845294237136852 0.054374371104958387 2.1183168166780696e-09 0.096018661679363224 0.029617557877217784 0.12733043323863638 0.094715326740979974 0.032926371076674878 0.081018590924142139 1.9087545275688174 2.2261247049172058e-10 0.74567160010337841 3.6726746559143071 2.5570725202560429 1.5490638017654421 0.030362920423116595 0.28051908314228063 7.7957781503356792e-10 4.848417963274949e-10 3.0887905280963163e-10 0.31992764050914263 0.079005357003609347 0.030768678828082659 0.084515264128768586 7.3757601140376496e-10 0.093177716739988994 0.089183637410060967 0.37421652674674993
decision_type=2 2 2 2 2 2 2 2 2 2 2 2 2 2 2 2 2 2 2 2 2 2 2 2 2 2 2 2 2 2
left_child=-1 2 5 -4 -5 8 12 17 9 24 11 13 14 -11 15 -7 -10 -8 20 -20 -19 -22 -13 -24 27 -26 -27 28 -2 -30
right_child=1 -3 3 4 -6 6 7 -9 16 10 -12 22 -14 -15 -16 -17 -18 18 19 -21 21 -23 23 -25 25 26 -28 -29 29 -31
leaf_value=-0.10093494602475267 -0.0026009636631913625 0.075571706882643142 0.084047271164490664 -0.08192528847681034 0.057684666171174716 -0.13294369269480732 0.10781472985049892 -0.10422628632303216 0.1056203957998348 0.0033963976734418867 -0.1393175178717582 0.11649906345436863 -0.13940545341379509 -0.15621446064713013 0.078391692135520399 0.018884364316998387 -0.0079157442395057717 0.11047075778781204 -0.13405441125182721 0.022629606844111513 -0.13604749388944723 0.074188456548259216 -0.14632975841683438 0.12613241443977152 0.049724385957890867 -0.16468003525395969 0.013229699061704282 -0.099233229766213543 0.058574953897229276 -0.071953801582975596
leaf_weight=6.0409901593811801 621.23969657963607 6.4790563415735951 10.932589703239502 4.4331270381808272 3.2907843105494976 7.8600810487987527 6.5697118605021378 4.9146721875295034 11.248168244957926 5.9294332098215836 12.237879438325761 6.5433455146849138 11.70647836383432 4.9835435627028346 3.4928405079990616 5.6974845067597926 6.2686899381224057 8.6116258611436951 5.4359518764540535 7.0653182519599795 3.6963188555091611 8.2987425662577134 3.0265415105968714 3.3495436385273933 39.91436299495399 3.2318848203867665 4.6160424612462521 5.059358150465413 40.258109075482935 4.7844662107527247
leaf_count=4042 4779 126 28 37 12 402 16 63 33 32 142 10 187 61 13 42 36 18 83 46 50 35 37 6 140 38 23 54 168 35
internal_value=-0.000173492 0.000525218 -3.70952e-05 0.0399591 -0.0224443 -0.000919073 -0.0218696 0.0155043 0.0010697 -0.000412978 -0.0477237 -0.000690501 -0.0798241 -0.0694918 -0.0389167 -0.0691389 0.0649897 0.0303348 0.0149602 -0.0455016 0.05164 0.00940354 0.0574256 -0.00319743 0.00196013 0.0316894 -0.060036 -0.000154946 0.000597396 0.0447101
internal_weight=877.217 871.176 864.697 18.6565 7.72391 846.04 73.3492 44.5923 772.691 755.174 36.0703 23.8324 28.7569 10.913 17.0504 13.5576 17.5169 39.6777 33.108 12.5013 20.6067 11.9951 12.9194 6.37609 719.104 47.7623 7.84793 671.342 666.282 45.0426
internal_count=10794 6752 6626 77 49 6549 955 311 5594 5525 288 146 644 93 457 444 69 248 232 129 103 85 53 43 5237 201 61 5036 4982 203
is_linear=0
shrinkage=0.1


Tree=53
num_leaves=31
num_cat=0
split_feature=13 5 10 19 3 11 4 14 12 5 3 7 7 3 3 9 6 4 4 17 15 1 5 7 8 13 3 17 3 5
split_gain=5.58173 3.3769 4.99136 3.75935 2.41446 4.15136 6.49819 4.1311 8.02034 6.7221 5.39268 5.18405 8.80337 6.15666 4.93608 5.72309 6.94425 4.0027 8.24531 4.21934 3.83163 4.91685 13.1051 6.94664 6.94175 9.29897 5.18116 14.2504 8.06189 6.75818
threshold=1.3507130742073061 0.0087181611424872411 2.2138382196426396 -0.11633747816085814 0.053717367559231559 1.0246753445741776e-09 4.4525331832636386e-11 0.0099104535765945929 0.31214860081672674 0.021330897411810875 0.047904153029824259 0.077441730076782858 0.088936356124664426 0.051470255553718057 0.049947385501753892 0.1057267545817708 1.4602175130623114e-09 4.4245878265588464e-11 3.3608184863263749e-11 0.13691850142045456 3.1817418857826858e-05 0.23040379089971749 0.025146049690049108 0.14577730133998959 2.0890643651877538e-10 1.6659478545188906 0.061801401929942108 0.16741388494318185 0.062009322263331952 0.032646796461951788
decision_type=2 2 2 2 2 2 2 2 2 2 2 2 2 2 2 2 2 2 2 2 2 2 2 2 2 2 2 2 2 2
left_child=-1 -2 -3 -4 7 6 -6 -5 9 -9 -11 -10 13 -13 17 -16 -17 18 -14 -19 -7 22 23 -22 -24 -26 27 29 -28 -23
right_child=1 2 3 4 5 20 -8 8 11 10 -12 12 14 -15 15 16 -18 19 -20 -21 21 26 24 -25 25 -27 28 -29 -30 -31
leaf_value=-0.10087202986036979 0.082717859765404383 -0.12489624709144123 0.089610822693417969 0.07848199219510571 -0.19281993921586368 0.06813661659307188 0.030243707236857559 -0.12793253954258008 0.064473207149900888 0.069690194076649184 -0.095870660074725278 -0.16772044898978397 0.050259528000543764 0.01279486850306317 0.07040800550407933 -0.085502492751108286 0.1081896849171976 -0.12168873693372902 -0.22757250437357124 0.0190441519169861 -0.13401969341799266 -0.057565535216683908 0.056972827925823949 -0.0044612586776548455 -0.14139180947104868 0.040862284690469215 0.10102759673035544 0.07618288218026964 0.001455196084813009 0.072169374243866505
leaf_weight=5.4693515859544268 4.9631921644322565 3.1882032683352 4.7039474218618116 9.0280941007658821 2.8507155617699018 7.8217674321494988 2.4100915864109993 7.3251919727772465 19.947947449050844 4.9457512684166414 3.2669579461216927 4.5918604619801036 1.9695106856524969 3.210271030664444 24.272504642605782 5.885389097966252 2.7002024315297604 2.3739482443779734 2.3340733014047146 20.762174885254353 13.867867516819389 51.079214011086151 15.000897068530323 5.8988669719547024 5.4076990527100843 5.804324715398252 8.2422514026984555 11.226010594516991 603.95573170715943 4.3578478358685961
leaf_count=4042 75 406 60 51 40 28 8 191 60 21 47 37 9 14 104 58 6 63 33 119 267 624 44 49 101 30 25 29 4138 15
internal_value=-0.000168373 0.000469556 -5.97964e-06 0.000459591 -3.34648e-05 -0.00211486 -0.0906296 0.0136052 0.00795087 -0.0582875 0.00383125 0.01964 0.00650741 -0.0934455 0.0194406 0.0455869 -0.0245855 -0.0118685 -0.100424 0.00460385 -0.00147929 -0.00223051 -0.0338773 -0.0953564 0.012483 -0.0470411 -8.70582e-05 -0.0265615 0.00279578 -0.0473672
internal_weight=868.862 863.393 858.429 855.241 850.537 737.923 5.26081 112.614 103.586 15.5379 8.21271 88.0479 68.0999 7.80213 60.2978 32.8581 8.58559 27.4397 4.30358 23.1361 732.662 724.841 45.9797 19.7667 26.2129 11.212 678.861 66.6631 612.198 55.4371
internal_count=10794 6752 6677 6271 6211 5398 48 813 762 259 68 503 443 51 392 168 64 224 42 182 5350 5322 491 316 175 131 4831 668 4163 639
is_linear=0
shrinkage=0.1


Tree=54
num_leaves=31
num_cat=0
split_feature=8 1 19 4 1 5 2 19 18 15 7 6 2 0 3 0 2 10 6 10 15 15 11 12 12 5 0 17 17 1
split_gain=5.05051 3.22733 4.20058 3.60163 3.71716 2.99627 2.77478 11.1422 15.4645 25.9949 13.9957 11.6909 9.54677 9.42863 8.96531 7.80856 7.43706 12.6435 12.3176 13.9241 12.8225 16.378 14.0544 11.6898 12.3156 9.80617 10.7939 9.78092 9.83916 9.5613
threshold=9.9357302285397593e-12 0.60960238033732772 1.2232958674430849 2.7903596420719527e-11 0.55883635039771307 0.012982150002453034 2.703989819300121e-10 1.2757189869880678 -0.026260924393268808 9.4610317319165929e-05 0.13040977251387023 2.1792456262905045e-10 3.9889763333928292e-10 5.3282105642051122e-09 0.061801401929942108 5.5176675548627368e-09 4.0824701425993593e-10 3.0614540576934819 3.2824519788397164e-10 2.8154946565628056 5.3589332310366451e-05 7.0050016802269979e-05 4.7003949621426963e-09 0.4911294430494309 0.41183161735534674 0.024101558159380858 2.3503304905207623e-09 0.11330344460227275 0.071932705965909102 0.34320422288868774
decision_type=2 2 2 2 2 2 2 2 2 2 2 2 2 2 2 2 2 2 2 2 2 2 2 2 2 2 2 2 2 2
left_child=-1 3 -3 4 -2 -4 -5 8 10 -10 12 -9 -8 -14 -13 16 18 25 19 -16 -20 22 29 24 27 -18 -27 28 -19 -22
right_child=1 2 5 6 -6 -7 7 11 9 -11 -12 14 13 -15 15 -17 17 23 20 -21 21 -23 -24 -25 -26 26 -28 -29 -30 -31
leaf_value=-0.10028040256200571 -0.17442318660211206 0.058767410087801689 0.037566896279069922 0.0062178727916866808 0.10431824813790419 -0.081254123442660003 0.079255583193167486 -0.065003039789182746 -0.10962003775084578 0.034706648674488548 -0.18428854094809424 -0.05618392566985856 -0.14435278147427397 0.071075417518520576 0.032948243011300157 -0.080374059753575644 0.073837104574105597 0.10866630336394381 0.074923715942649155 -0.16369839349932411 -0.085924220072446961 0.044757571304082651 -0.13360035067597786 0.070535708585285614 -0.075862540476783258 0.068129555031959096 -0.12875510752535196 0.022071390021743766 -0.10756422702680579 0.04152417444057338
leaf_weight=5.0081844598753369 2.1975877549266438 19.873400101670999 4.0190871767699701 363.40401670872234 0.61155641078948964 4.4966551524121314 20.034714800422087 24.170362045289949 41.931192125193775 17.767256129067391 3.0255576884374014 21.132329751853831 4.5743930410826561 3.6548580378293991 5.720392712391912 9.0843383064493519 61.445499914698303 2.5746112372726193 20.638160007074475 9.717546556144951 9.8863689471036214 26.875005243346095 14.77050564996898 23.928004457382485 20.843697899952531 5.6958581078797561 5.4478553608059883 82.388948310632259 11.521858578547834 14.548751395195721
leaf_count=4085 124 226 18 2998 2 44 77 371 517 87 31 359 73 17 39 103 186 5 59 91 72 97 145 83 198 26 59 361 178 63
internal_value=-0.000151199 0.000434638 0.0335875 -0.000702616 -0.113741 -0.0251754 -0.000317618 -0.00546529 -0.0368194 -0.066666 0.020126 0.00223699 0.0420078 -0.0486746 0.00693117 0.011034 0.0136617 0.0242649 -0.00853415 -0.0908327 0.00611689 -0.0153727 -0.0565913 0.00683431 -0.0061569 0.0581846 -0.0281219 0.00890158 -0.0680714 -0.010041
internal_weight=860.989 855.98 28.3891 827.591 2.80914 8.51574 824.782 461.378 90.988 59.6984 31.2895 370.39 28.264 8.22925 346.22 325.087 316.003 213.846 102.157 15.4379 86.7188 66.0806 39.2056 141.257 117.329 72.5892 11.1437 96.4854 14.0965 24.4351
internal_count=10794 6709 288 6421 126 62 6295 3297 802 604 198 2495 167 90 2124 1765 1662 1096 566 130 436 377 280 825 742 271 85 544 183 135
is_linear=0
shrinkage=0.1


Tree=55
num_leaves=31
num_cat=0
split_feature=13 0 13 0 17 17 13 17 19 18 12 18 18 1 7 11 17 9 19 17 8 14 13 6 7 1 1 17 17 4
split_gain=4.60293 2.98528 2.76648 6.5869 7.32197 5.40204 7.87956 6.75626 5.32796 4.23351 4.01118 12.1827 10.4914 8.22212 7.35159 8.49972 6.01315 13.2282 17.4595 5.91396 5.6661 8.16201 8.72192 5.60899 6.01573 5.4689 9.51266 13.2837 18.0199 5.64032
threshold=1.3507130742073061 1.1310364550235185e-08 2.9311504364013676 4.6988406078017517e-09 0.099498401988636367 0.082186612215909102 2.2774454355239873 0.089732776988636367 0.23258551210165027 -0.10587174953384831 0.2538996040821076 -0.10822637254816733 -0.18609904069241809 0.42417636922894858 0.065250117888203951 2.3457671360915815e-09 0.10948597301136366 0.086830301606520693 0.38945716619491583 0.10429243607954546 5.0988407662663223e-10 0.017893201671540741 1.6596989035606386 1.4148391012014781e-10 0.058576336963774678 0.47367817988597322 0.43140126590646438 0.14495294744318185 0.12693093039772732 1.0742624638008675e-10
decision_type=2 2 2 2 2 2 2 2 2 2 2 2 2 2 2 2 2 2 2 2 2 2 2 2 2 2 2 2 2 2
left_child=-1 2 5 -4 9 6 8 -7 -2 -5 11 -9 20 23 15 -15 17 18 -14 -19 21 22 -12 24 -13 26 -18 28 -28 -27
right_child=1 -3 3 4 -6 7 -8 10 -10 -11 12 13 16 14 -16 -17 25 19 -20 -21 -22 -23 -24 -25 -26 29 27 -29 -30 -31
leaf_value=-0.10085553127374279 0.046177770034831311 0.07237039973013 -0.12908572325129106 0.066045694338326508 0.077784120943130683 -0.086785914091182081 0.059408435710867319 0.079261708876664783 -0.12501640504970929 -0.073620391508225691 0.021188695051918689 -0.11242998037662214 0.065906893465676894 0.11459051318770466 0.098877684339638228 -0.1290555791840155 0.0042627120324512753 0.089131814250163907 -0.1193022479886601 -0.050783653457653857 -0.14493345816451428 0.046541840228127067 -0.12159694350525362 -0.11537944502096709 0.078636358939334655 0.086666184607299079 -0.1210587594866839 -0.26667989005937048 0.042502060407484672 -0.018879210385956885
leaf_weight=4.5138142416253677 3.0867167897522441 5.7237144205719224 5.517526798881593 2.6707895980216607 6.9431748986244193 9.0479747131466848 31.31358238030225 24.207866330514662 4.4228262574179098 11.581402167677876 6.4751578983850839 2.7136323051527205 6.6764881666749742 2.2050336096435776 8.5345397386699897 4.0831600627861917 582.11626983992755 9.3933363799005729 21.418472219258547 4.4531367672607294 5.9780271761119357 8.1227398570626956 12.60771742928773 9.2909187476616335 4.1957204830832779 15.142908398061993 12.474513489753013 2.6658572293817988 14.642257371917365 7.6065262965857974
leaf_count=4042 84 126 90 20 21 183 228 126 471 127 48 216 28 4 28 84 3556 36 425 60 69 27 140 238 22 32 134 22 55 52
internal_value=-0.000141788 0.000396006 -9.46644e-05 -0.0317599 -0.00642426 0.000945925 0.0373464 -0.000879764 -0.0546489 -0.0474477 0.000136278 0.0260944 -0.00188365 -0.0153931 0.0384272 -0.043618 0.00080886 -0.035863 -0.0752891 0.0441339 -0.0567819 -0.0374119 -0.0731472 -0.0646371 0.0035955 0.00323236 0.00144246 -0.0536807 -0.0327407 0.0513759
internal_weight=849.826 845.312 839.588 26.7129 21.1954 812.875 38.8231 774.052 7.50954 14.2522 765.004 55.2309 709.773 31.023 14.8227 6.28819 676.59 41.9414 28.095 13.8465 33.1836 27.2056 19.0829 16.2003 6.90935 634.648 611.899 29.7826 27.1168 22.7494
internal_count=10794 6752 6626 258 168 6368 783 5585 555 147 5402 718 4684 592 116 88 4400 549 453 96 284 215 188 476 238 3851 3767 211 189 84
is_linear=0
shrinkage=0.1


Tree=56
num_leaves=31
num_cat=0
split_feature=13 15 11 19 11 4 15 18 2 12 2 18 19 11 0 0 13 5 18 18 19 17 17 6 3 3 7 3 8 17
split_gain=4.16012 2.9416 11.706 9.81419 9.81245 9.15171 10.1393 8.97596 8.1548 9.04711 8.0545 7.76333 7.16326 7.74663 6.18931 8.14727 7.18899 12.7362 5.62513 10.2191 10.7326 9.80879 9.57375 8.75839 14.6775 8.34723 8.30696 6.90813 13.5075 7.50572
threshold=1.3507130742073061 8.0434980191057561e-05 6.5106122715263845e-09 1.4263910055160525 5.9881430924946252e-09 1.5755403159867028e-10 7.401798575301656e-05 0.027421908368441193 5.2259177301415245e-10 0.29333667457103735 3.3858409812285132e-10 0.23624940352006393 1.3875927925109866 6.0393441358996833e-09 3.004499701351269e-09 3.286153047435908e-09 2.1285216808319096 0.034934444092087812 0.12783541289073502 0.24310948750512171 0.8362778127193452 0.16961115056818185 0.14792702414772732 3.3350003251853254e-10 0.080153732562033272 0.06256895938592312 0.090475438003117678 0.080153732562033272 2.8976476327446704e-10 0.13514293323863638
decision_type=2 2 2 2 2 2 2 2 2 2 2 2 2 2 2 2 2 2 2 2 2 2 2 2 2 2 2 2 2 2
left_child=-1 2 4 -4 8 7 -7 -5 18 11 -6 -10 13 -12 16 -16 17 -3 -2 20 25 22 -22 24 26 -20 -21 28 -25 -30
right_child=1 14 3 5 10 6 -8 -9 9 -11 12 -13 -14 -15 15 -17 -18 -19 19 23 21 -23 -24 27 -26 -27 -28 -29 29 -31
leaf_value=-0.10079615377115575 0.007775276836290492 -0.10098645244492177 -0.11651470553728674 -0.14077521115142741 -0.072132538880679622 0.025745390321231878 -0.1517363268725348 0.019191127002499184 -0.11405908798058316 -0.15018309191521684 0.1099985128656476 0.058578657952723184 0.071720104064477611 -0.16420987918614818 -0.10725986275172886 0.0070170966585632868 0.074001985992611471 0.095840732603247825 0.048946907154017144 0.0030548654224127475 -0.110329965802428 -0.32532269142711723 0.016232924426075029 0.091312775790216127 -0.15463438102375693 -0.07936691737727318 -0.19583809648589168 0.05911109889965728 -0.084815876941925772 0.0041233838116239837
leaf_weight=4.0865525901899664 343.22160015028203 7.5221138112246972 14.09420596930431 3.9055228913202873 5.2993143871426573 4.8986714184284201 9.38667876832187 34.436771400971338 4.2682563635753485 7.6957031022757283 1.6375572698889289 6.6837236613500863 39.837459209491499 2.7781395631027408 6.5680922530591479 124.40495974605437 28.363228778354824 5.8398250173777342 14.095244776573965 38.214395674993284 21.469122178095866 1.653635300695895 8.2826155051588994 12.233520404435692 8.1957725678803381 7.9177570727188131 2.2220259392634025 30.072824573144317 14.975428741425274 25.898167237639427
leaf_count=4042 2749 62 195 63 59 26 112 200 123 97 8 34 133 51 75 1032 105 11 110 382 349 19 37 41 144 100 31 120 161 123
internal_value=-0.000145737 0.000346221 -0.00268024 -0.0424042 0.00176197 -0.0225566 -0.0908751 0.00289705 -0.0020975 -0.0670901 0.0443737 -0.00870252 0.0583253 -0.0625199 0.0119716 0.00128629 0.045512 -0.0149633 0.000195921 -0.0138482 -0.0507445 -0.0882716 -0.075096 0.00110447 -0.0326073 0.00279429 -0.00787452 0.0208145 -0.000871622 -0.0284625
internal_weight=840.159 836.072 663.374 66.7219 596.652 52.6276 14.2854 38.3423 547.1 18.6477 49.5525 10.952 44.2532 4.4157 172.698 130.973 41.7252 13.3619 528.452 185.231 53.4184 31.4054 29.7517 131.812 48.6322 22.013 40.4364 83.1799 53.1071 40.8736
internal_count=10794 6752 5467 596 4871 401 138 263 4620 254 251 157 192 59 1285 1107 178 73 4366 1617 615 405 386 1002 557 210 413 445 325 284
is_linear=0
shrinkage=0.1


Tree=57
num_leaves=31
num_cat=0
split_feature=8 5 4 19 10 18 11 13 5 5 19 3 14 5 8 14 1 17 12 18 17 2 18 5 3 1 18 5 2 0
split_gain=3.76774 2.99138 5.74946 3.32573 2.35089 7.35421 4.31323 3.13377 4.72214 3.24894 4.16956 4.10771 4.00628 11.9054 10.9145 10.1468 9.70121 8.1384 7.78171 7.38107 7.29558 5.97182 5.61868 6.73516 12.104 5.26509 6.10868 5.0272 4.99387 9.8631
threshold=9.9357302285397593e-12 0.0082051409848735418 2.7903596420719527e-11 -0.11633747816085814 2.2946676015853886 -0.022331628937866877 1.1786144837877546e-09 1.4196203947067263 0.02072382958208048 0.013689391532952027 1.2363876700401308 0.088035417448121628 0.014845794066786768 0.019202148503079865 2.9696496246652199e-10 0.015312004368752243 0.28867318412663473 0.12644264914772732 0.34133419394493109 0.044538573594763882 0.16741388494318185 8.0289772179261006e-10 -0.18609904069241809 0.022264632701282067 0.13006290137016227 0.3834333510944109 -0.07050078059282068 0.021452533740818864 2.0158462103641886e-10 5.4524691102870884e-10
decision_type=2 2 2 2 2 2 2 2 2 2 2 2 2 2 2 2 2 2 2 2 2 2 2 2 2 2 2 2 2 2
left_child=-1 -2 -3 -4 5 6 -5 8 -6 10 11 -9 13 19 18 16 -14 21 28 25 -20 -18 23 27 -25 -11 -27 -17 29 -15
right_child=1 2 3 4 7 -7 -8 9 -10 12 -12 -13 15 14 -16 22 17 -19 20 -21 -22 -23 -24 24 -26 26 -28 -29 -30 -31
leaf_value=-0.10022227105131587 0.095132846316817454 -0.17178761377652843 0.089577919240610954 -0.14831247261307764 -0.15361943741947998 -0.1404797111589686 0.071156711595420891 0.086683165482580413 0.065749167939345779 -0.10398046361514929 -0.043576087923413387 -0.030040500677228289 0.08694964213812284 0.012673015597040874 -0.10844620580634474 -0.050346082396060081 -0.13282495964669108 0.044018270445239406 -0.18046494427797308 -0.12918029128180705 0.0024568598387176848 0.073897538031941448 0.00088796317115528403 -0.16321066252412025 0.10360210017197741 -0.12051639290395247 0.075893307503216295 0.096321534389817165 0.021154240842138725 -0.076157503001814841
leaf_weight=3.7449374622665337 3.3135126940906039 1.9452960284543213 4.1545538641512385 1.1109823974547905 1.0657446676632378 4.6715034784865548 4.6164788046735339 13.428434632718568 12.380186242051421 5.066291426774117 4.9525505618657908 3.8878642176277927 26.720425324048847 38.475977350026369 9.4593324470333737 6.0181502522900718 6.0003620497882393 13.213668862357734 4.3999674194492382 13.160236010444349 4.3221746236085892 1.8216883204877374 505.94205853994936 8.3169670030474645 2.1371638104319564 2.1313292579725385 6.1607974672224355 3.8206432685256004 96.421617237152532 18.513854614458978
leaf_count=4085 56 123 62 49 18 244 81 70 219 154 60 43 108 286 189 51 93 40 58 448 16 6 2913 101 4 45 51 9 766 346
internal_value=-0.000144489 0.000308352 -7.28151e-05 0.000333372 -0.000119774 -0.0473634 0.0285852 0.000488389 0.0483617 -0.000321938 0.0373352 0.0604763 -0.00140804 -0.0136692 -0.00403213 0.00282386 0.0469593 -0.00383808 0.00205968 -0.0760271 -0.0898198 -0.0846811 -0.00118146 -0.0527762 -0.108665 -0.0236624 0.02541 0.00660853 0.00728344 -0.0161847
internal_weight=831.375 827.63 824.316 822.371 818.216 10.399 5.72746 807.817 13.4459 794.372 22.2688 17.3163 772.103 198.112 171.593 573.991 47.7561 21.0357 162.134 26.5187 8.72214 7.82205 526.235 20.2929 10.4541 13.3584 8.29213 9.83879 153.411 56.9898
internal_count=10794 6709 6653 6530 6468 374 130 6094 237 5857 173 113 5684 2359 1661 3325 247 139 1472 698 74 99 3078 165 105 250 96 60 1398 632
is_linear=0
shrinkage=0.1


Tree=58
num_leaves=31
num_cat=0
split_feature=13 1 18 18 14 14 19 7 5 0 6 6 4 4 10 8 15 15 18 9 8 10 12 5 4 7 3 3 19 13
split_gain=3.46224 2.65332 2.33191 2.3491 9.37456 3.87664 11.2598 6.42032 7.17593 6.20292 6.23386 5.29112 4.2484 5.59242 9.20374 6.33617 4.79537 7.63783 10.7801 7.81984 5.53432 5.23432 7.33011 5.37793 4.53421 10.6583 9.14569 7.8985 8.36807 4.92548
threshold=1.3507130742073061 0.73721236210381036 0.96764859112656942 -0.4416891982016915 0.011775415856391193 0.011775415856391193 1.1265081167221072 0.059300981811886477 0.028857806587396676 3.2879031319671159e-10 2.1792456262905045e-10 1.9431868425814645e-10 4.8756583622897038e-11 5.044384792045821e-11 2.6358612775802617 2.121394095430612e-10 3.321917029097677e-05 4.19783900724724e-05 0.043108349115672441 0.057776042005051348 1.5578482907709984e-10 2.682158470153809 0.21539206057786944 0.014631382659999631 4.5754205947486945e-11 0.077893926317759446 0.056930102018547452 0.049947385501753892 0.07417465373873712 1.5513896346092226
decision_type=2 2 2 2 2 2 2 2 2 2 2 2 2 2 2 2 2 2 2 2 2 2 2 2 2 2 2 2 2 2
left_child=-1 2 3 4 -2 6 9 8 -8 11 -11 -5 24 14 -14 -16 -15 18 19 -18 -21 23 -23 -19 25 -7 27 28 -27 -30
right_child=1 -3 -4 5 -6 12 7 -9 -10 10 -12 -13 13 16 15 -17 17 21 -20 20 -22 22 -24 -25 -26 26 -28 -29 29 -31
leaf_value=-0.10082487753026598 0.10105637837631649 0.085795236843718606 0.045846236238300198 -0.19694039390594265 -0.068588617831463847 0.049627288021645316 -0.071133177631253319 -0.13684158928810608 0.083192249492187426 0.024000695785978021 -0.097231615687579334 0.090239579935132763 0.077595370709817327 0.093799305676345326 -0.36930797245999997 -0.095086480341369614 -0.38915262972174536 0.014909108563764113 -0.00016945459991219821 0.10538140625122416 -0.13193726083214324 0.086267913224855566 0.00070324770436572216 -0.10714184041172098 0.060254337681276797 -0.34656046169256322 -0.19165909132320433 0.040383634062373448 0.016693031432932406 -0.16768072624921371
leaf_weight=3.4016428913455448 9.0082413670606893 3.6115539632737628 10.895076432032509 2.5863641811301927 5.1024150643497697 25.719487381633371 13.676571532385429 10.221265476662664 3.8643686180002979 46.764382563531399 4.6645869095809749 0.85320521891117085 1.886051452718674 5.3184849210083476 1.3219030452892186 2.3238957463763654 1.0698534585535551 6.0705295437946907 14.658715717028825 1.1145420968532551 8.3040008093230409 10.18893659301102 576.60804155212827 8.9077542156446707 23.374835328198969 1.1237580059096277 3.587722710799425 10.235103965271263 3.9924805690534413 2.2743377136066556
leaf_count=4042 33 126 42 77 53 115 542 227 19 825 84 3 11 13 21 31 12 36 179 3 226 53 3558 155 99 22 67 60 36 24
internal_value=-0.000146834 0.000271156 -0.000107499 -0.000729586 0.0397127 -0.0014513 -0.0219483 -0.0738438 -0.0371344 0.00430968 0.013005 -0.125704 0.00094063 -0.00163119 -0.10174 -0.194514 -0.000755275 -0.00155743 -0.0555521 -0.132956 -0.103854 0.000698915 0.00218896 -0.057676 0.02427 0.00634807 -0.0461244 -0.0165007 -0.0952789 -0.0502194
internal_weight=822.73 819.328 815.717 804.822 14.1107 790.711 82.6307 27.7622 17.5409 54.8685 51.429 3.43957 708.08 637.773 5.53185 3.6458 632.241 626.922 25.1471 10.4884 9.41854 601.775 586.797 14.9783 70.3077 46.9329 21.2134 17.6257 7.39058 6.26682
internal_count=10794 6752 6626 6584 86 6498 1777 788 561 989 909 80 4721 4298 63 52 4235 4222 420 241 229 3802 3611 191 423 324 209 142 82 60
is_linear=0
shrinkage=0.1


Tree=59
num_leaves=31
num_cat=0
split_feature=13 11 5 4 19 14 13 4 4 4 3 10 6 10 9 19 9 1 6 12 17 17 17 18 3 19 6 11 6 13
split_gain=3.13051 2.47363 2.44931 4.98487 2.79552 2.73537 2.41665 2.85839 2.4491 3.9139 3.55072 3.28475 4.96383 3.43511 7.15728 6.98003 5.47185 9.89163 6.30047 5.40021 8.43156 8.15765 9.36075 6.98732 10.5203 6.67051 16.2723 16.7769 9.95895 7.51706
threshold=1.3507130742073061 8.8444934709386313e-10 0.0082051409848735418 2.7903596420719527e-11 -0.11633747816085814 0.0075500942766666421 1.4196203947067263 4.4525331832636386e-11 3.7945439887206931e-11 4.033190642946226e-11 0.047904153029824259 2.2946676015853886 1.2532334954902511e-10 2.9170730113983159 0.08045616819563213 5.4674537181854257 0.040572577058844851 0.63408931384267131 4.9365981861567711e-10 0.32493098080158239 0.13381125710227273 0.11667702414772728 0.071932705965909102 -0.1142149641369046 0.063962888127827258 2.5887552499771123 3.1993218936384148e-10 5.1596442673940154e-09 1.7846840006264383e-09 2.2774454355239873
decision_type=2 2 2 2 2 2 2 2 2 2 2 2 2 2 2 2 2 2 2 2 2 2 2 2 2 2 2 2 2 2
left_child=-1 -2 -3 -4 -5 -6 7 -7 -8 10 -10 -11 -13 14 15 16 17 -14 -18 20 -15 22 -21 24 -23 29 -27 -28 -29 -25
right_child=1 2 3 4 5 6 8 -9 9 11 -12 12 13 19 -16 -17 18 -19 -20 21 -22 23 -24 25 -26 26 27 28 -30 -31
leaf_value=-0.10076704272636723 -0.14093566130378307 0.090050112351839462 -0.17004611321275476 0.087059181413072173 -0.10414669848106486 -0.032177867290478779 0.027636204365150904 0.074327147442729544 0.01864201515372263 -0.10540776868155433 -0.13064934503354661 0.046349705605976114 -0.10022508012952212 0.0092142797332151697 -0.079122445079921 -0.16935345248041719 0.0036181087707621361 0.03974985444220603 -0.12303804048359308 0.1066338723514728 0.078782179297452515 0.011768225807187484 -0.11232351494684845 -0.0015619705911917919 -0.13791007263017338 -0.28928410802700211 0.028719306437404852 -0.13435775546819947 0.021658481893578364 0.037234137014797615
leaf_weight=3.0796112985699429 1.2391117436345656 3.0403033331967881 1.7177327026147384 3.7128782344516358 2.5097828571451819 3.5145524409599593 30.230897838133387 8.9037751108407956 2.5017813735175869 2.9841360808350137 4.3862414790783077 22.150571680394933 14.601045543211514 154.84447134751827 14.909950353438033 2.62380133755505 172.25510166003369 7.716750865802168 4.0191801302134982 2.320031337440013 19.630296636372805 9.7315458725206572 12.325172459706662 180.02721758489497 9.0747179924510402 2.3137178346514693 30.377728204708546 14.181821833830329 5.7503930423408738 69.116909043863416
leaf_count=4042 82 62 113 64 399 29 319 34 21 76 88 229 322 938 248 36 1432 80 79 3 47 61 218 1052 97 23 127 177 37 259
internal_value=-0.00013447 0.000246857 0.000462442 0.000125526 0.000487871 8.75874e-05 0.000414393 0.0441848 -0.000275333 -0.00138875 -0.0764256 -0.00070048 -0.000282736 -0.00170586 -0.0122706 -0.00731689 -0.00517607 -0.0518264 0.000730258 0.00277389 0.0170414 -0.00465206 -0.0776372 -0.00131779 -0.0604571 0.00236779 -0.0299825 -0.0180574 -0.0893475 0.00920074
internal_weight=815.791 812.712 811.473 808.432 806.714 803.002 800.492 12.4183 788.073 757.843 6.88802 750.955 747.97 725.82 216.126 201.216 198.592 22.3178 176.274 509.694 174.475 335.219 14.6452 320.574 18.8063 301.768 52.6237 50.3099 19.9322 249.144
internal_count=10794 6752 6670 6608 6495 6431 6032 63 5969 5650 109 5541 5465 5236 2197 1949 1913 402 1511 3039 985 2054 221 1833 158 1675 364 341 214 1311
is_linear=0
shrinkage=0.1


Tree=60
num_leaves=31
num_cat=0
split_feature=13 1 18 2 3 18 12 0 19 12 5 10 8 8 10 2 3 10 12 17 12 19 3 5 10 9 9 17 15 7
split_gain=2.83008 2.202 2.08386 4.11823 4.81023 2.63231 7.28044 5.76942 8.38714 4.0721 2.54891 2.32469 7.24009 5.93624 11.6543 9.54344 6.57892 7.43961 10.9872 10.2937 8.88901 12.4033 5.9448 5.57206 5.53987 5.35385 8.147 11.0578 5.29738 8.96291
threshold=1.3507130742073061 0.73721236210381036 0.7171053575373002 3.3588647957533395e-10 0.080153732562033272 0.54565279412252676 0.38829930126667028 2.8605025993485504e-09 3.0439568758010869 0.35795530676841741 0.029773118895014997 2.5497336387634282 1.263243968450949e-10 1.9814163840216751e-10 2.8345258235931401 5.5411570707506677e-10 0.067664875065724259 2.682158470153809 0.23863875120878222 0.098832563920454572 0.29899576306343084 1.7050819396972658 0.090207105171673893 0.016824304689219863 2.3583248853683476 0.049133066659061433 0.053365878609039789 0.16741388494318185 4.4854794396087534e-05 0.059956430766988436
decision_type=2 2 2 2 2 2 2 2 2 2 2 2 2 2 2 2 2 2 2 2 2 2 2 2 2 2 2 2 2 2
left_child=-1 2 5 -4 -5 11 7 8 9 10 -7 12 -2 16 15 23 25 18 19 -18 -19 28 -23 -15 -14 -13 27 -27 -22 -30
right_child=1 -3 3 4 -6 6 -8 -9 -10 -11 -12 13 24 14 -16 -17 17 20 -20 -21 21 22 -24 -25 -26 26 -28 -29 29 -31
leaf_value=-0.10071183329738331 -0.0050409404730628569 0.083618632914536625 0.044695969662242215 -0.1601009436312886 0.01550154752807301 -0.13525816990058678 -0.16825474950354657 0.048832038990853116 -0.14283420518651249 0.053835046171038695 0.044433927391726885 0.097124579762256566 0.036259841001133185 0.0089955797941301385 0.00073800441107219181 0.034793683690165444 -0.10500015138609431 0.046204063762169671 -0.13665359561863713 0.10197187017470984 0.061551323622897662 -0.23304459613198014 -0.038571263127888243 -0.10945248440947049 -0.14876883818361961 -0.2424802604459535 0.039962496098682548 0.062786528640068021 0.050198539608359363 -0.1556416482118117
leaf_weight=2.7879980645957394 57.944901455426589 3.1530883349478236 24.308603282086555 2.3181368205696335 4.769300339743495 2.4873220188310463 3.3955743741244069 9.6178971133194846 5.9908290987368664 6.4993517100811005 1.1564092766493557 14.092638075817375 2.1507874326780421 4.8505018628202405 488.52206277498044 8.2912857262417656 4.080124325584622 39.085231139324605 8.7841285965405387 5.8458791945595294 9.8216557307168895 3.6791548430919638 2.744370561093092 21.917011358775198 6.5342512605711818 2.4908488923683754 49.45281822886318 2.2662288583815098 4.5127869918942434 3.9819151423871517
leaf_count=4042 1296 126 106 27 34 48 40 42 86 21 9 40 24 80 3132 52 89 226 145 23 28 36 18 526 195 38 212 6 16 31
internal_value=-0.000133975 0.000214472 -0.000113601 0.0251399 -0.041934 -0.00114303 -0.0306206 -0.0124724 -0.0490178 0.00639313 -0.0782294 1.64028e-05 -0.0178028 0.00177688 -0.00325876 -0.0589511 0.0192563 0.000257753 -0.0551937 0.0168952 0.0165132 -0.0303939 -0.149958 -0.0879887 -0.102948 0.0422138 0.0279389 -0.0970539 0.0115372 -0.0462896
internal_weight=807.533 804.745 801.592 31.396 7.08744 770.196 29.1474 25.7518 16.1339 10.1431 3.64373 741.049 66.6299 674.419 523.581 35.0588 150.838 82.5352 18.7101 9.926 63.8251 24.7399 6.42353 26.7675 8.68504 68.3025 54.2099 4.75708 18.3164 8.4947
internal_count=10794 6752 6626 167 61 6459 246 206 164 78 57 6213 1515 4698 3790 658 908 612 257 112 355 129 54 606 219 296 256 44 75 47
is_linear=0
shrinkage=0.1


Tree=61
num_leaves=31
num_cat=0
split_feature=8 5 10 4 10 10 8 3 17 13 10 5 6 13 1 14 10 14 14 12 17 8 14 19 18 9 12 10 19 18
split_gain=2.59391 2.25869 3.3376 2.191 3.64218 4.28555 2.79569 6.83824 2.8953 2.78554 3.80982 8.18316 5.71341 6.25348 5.29236 4.73028 4.32612 3.78597 5.74857 5.02051 4.16935 7.17674 7.87957 6.69233 5.43609 5.42693 5.39334 9.61448 10.6119 5.58259
threshold=9.9357302285397593e-12 0.0082051409848735418 2.2138382196426396 3.0202162792187729e-11 2.218401432037354 2.2946676015853886 7.1878262756439874e-11 0.091392825910086739 0.043168501420454551 1.4196203947067263 2.5497336387634282 0.02543173865288199 1.7031951791639702e-10 1.4954285025596621 0.64849849514625968 0.015080599114298822 2.5594208240509038 0.011022834572941067 0.01029274705797434 0.23652543872594836 0.10948597301136366 5.0988407662663223e-10 0.012635985855013134 0.24690813571214679 0.25546295597979973 0.05606839408789769 0.28235629200935369 2.9436534643173222 2.6580145359039311 -0.18609904069241809
decision_type=2 2 2 2 2 2 2 2 2 2 2 2 2 2 2 2 2 2 2 2 2 2 2 2 2 2 2 2 2 2
left_child=-1 -2 -3 -4 -5 -6 7 -7 -9 -8 11 12 13 -11 15 -15 -12 18 -18 -19 21 22 25 -24 -25 -21 27 28 -22 -28
right_child=1 2 3 4 5 6 9 8 -10 10 16 -13 -14 14 -16 -17 17 19 -20 20 26 -23 23 24 -26 -27 29 -29 -30 -31
leaf_value=-0.10018592984928004 0.091402487490827078 -0.12182294841380188 -0.073881549603999272 0.13779157627622485 -0.096434082229654536 0.076276021857087817 0.048088538050259179 0.024974940326406153 -0.17099343775828915 0.041458719525774103 0.079063673447511806 0.048617168505415753 -0.14476397944353753 -0.11906005121387329 0.064662886932465635 0.091606457468003499 0.031242693301590636 0.039620825135217808 -0.13600595451302619 0.041498381225946485 -0.061225536059064938 0.023674669993793973 0.078721238451557138 -0.11738687443783516 -0.030085626221434087 -0.12285957304003688 -0.05100999091355455 0.10260612387204585 0.063604936442732116 0.0011287441088949442
leaf_weight=2.5828616543731178 2.7056467626243821 2.247021276241866 3.9696525640320024 1.9303121818229545 4.5569448856404042 12.353452139999716 11.847061238018794 1.2882226358051405 1.8176941626006735 7.149263025261468 7.001245147548615 9.4294025464914721 6.0913438450079402 11.131973308045415 2.3573599532246581 1.1787071898579586 3.5190333449281734 31.915755872381851 4.9401320368051529 12.488050446845589 13.546067303046586 21.743687087669969 2.6951478403061619 19.592689769808207 11.215459265746174 2.394107519183307 21.353283406700939 14.37842647731304 13.695151516236363 536.51356731774285
leaf_count=4085 56 310 69 7 139 80 224 46 62 32 38 43 192 382 25 4 61 253 124 86 173 178 11 377 142 61 191 30 51 3262
internal_value=-0.00013425 0.000189971 -0.000120713 0.000224534 0.000597795 0.000260948 0.00082468 0.0429275 -0.0897128 -2.48398e-05 -0.00078048 -0.0319229 -0.0591347 -0.0352272 -0.0726043 -0.0988894 0.000841293 6.99386e-05 -0.0664301 0.000871806 -0.000975081 -0.0240458 -0.0454907 -0.0723864 -0.0856056 0.015058 0.00172378 0.0364498 0.00153128 -0.000866953
internal_weight=799.629 797.046 794.34 792.093 788.124 786.193 781.636 15.4594 3.10592 766.177 754.33 37.338 27.9086 21.8173 14.668 12.3107 716.992 709.991 8.45917 701.531 669.616 70.1291 48.3855 33.5033 30.8081 14.8822 599.486 41.6196 27.2412 557.867
internal_count=10794 6709 6653 6343 6274 6267 6128 188 108 5940 5716 678 635 443 411 386 5038 5000 185 4815 4562 855 677 530 519 147 3707 254 224 3453
is_linear=0
shrinkage=0.1


Tree=62
num_leaves=31
num_cat=0
split_feature=13 0 13 13 1 10 1 12 18 3 4 4 15 1 2 3 18 7 17 18 5 9 8 6 14 18 10 12 5 9
split_gain=2.35851 1.99613 2.90422 2.53667 3.51159 3.07266 2.87247 2.28642 4.00519 3.62756 2.83335 8.43189 7.11517 6.73567 5.36549 5.31266 5.12756 6.76156 4.94858 4.49513 3.7261 3.58154 13.8894 5.07114 8.5693 7.86856 6.27901 5.96899 4.92908 4.21102
threshold=1.3507130742073061 1.1310364550235185e-08 3.0764595270156865 3.366163015365601 0.66565249967652651 2.5328242778778081 0.60960238033732772 0.51845294237136852 0.054374371104958387 0.081845637685670339 2.7296197238573064e-10 3.0887905280963163e-10 0.00010439687684993261 0.35581239864867936 8.4238556134148584e-10 0.1110400169134685 0.10264960358406165 0.17874558563174467 0.10864257812500001 -0.16033619735389945 0.03743628770783846 0.18841562022386618 1.5055699081219789e-09 1.1116074016070416e-09 0.025903580710291866 -0.027491702952168202 3.7548339366912846 0.4911294430494309 0.02993519084990626 0.13423647934646157
decision_type=2 2 2 2 2 2 2 2 2 2 2 2 2 2 2 2 2 2 2 2 2 2 2 2 2 2 2 2 2 2
left_child=-1 3 -3 6 -5 -6 7 10 -9 -10 12 -12 14 -13 15 21 -15 -18 19 -16 -17 22 23 24 29 -25 -27 -26 -28 -2
right_child=1 2 -4 4 5 -7 -8 8 9 -11 11 13 -14 16 18 20 17 -19 -20 -21 -22 -23 -24 25 27 26 28 -29 -30 -31
leaf_value=-0.10073840721233079 0.00065275403690930696 -0.10405725034941748 0.10289818684366954 -0.14235630925994372 -0.083622030055408525 0.081262013871299443 0.044373109409267343 0.07644379713655286 -0.080132649220283125 0.066369319853465239 -0.14751557037804636 -0.14128255645129753 -0.16801129869253834 0.059478557506037158 0.10839467916329325 -0.12047153635741725 -0.14463033289671445 0.087337655762948385 0.067635961136465514 -0.12675928814205759 0.015372205850722584 0.08555636647781889 -0.14817119487385574 -0.14627754312819499 -0.12623955999434097 0.053967731414108926 -0.15059412171874015 0.059910298404260445 0.033171256643104746 -0.073210312562895938
leaf_weight=2.3235352922056327 606.43594606258557 0.82623024843633075 3.7813657112419605 2.980814285692758 2.2985753752291203 2.2234886363148689 14.533106692135332 9.9906371617689747 4.2561491038650265 2.8034336678683758 5.2186994897201684 3.0394306145608452 2.5175477489829055 11.133270186372103 1.1621341092977675 6.2460375268128683 3.414024149067699 1.988465506583452 19.694531492423266 2.7050752622890313 2.9837548639625311 4.838022928684949 6.3348163962364188 2.3743619211018077 8.7706812117248756 41.425903467461467 2.85919733531773 2.1435578614473334 2.9818430356681347 7.8180016549304119
leaf_count=4042 5092 11 115 58 28 18 150 28 41 8 63 46 32 59 3 277 51 4 80 70 24 20 70 28 99 154 29 7 11 76
internal_value=-0.000136531 0.00015944 0.0657871 -0.00022568 -0.0580929 -0.00254892 0.000332618 -0.000506087 0.035702 -0.0219552 -0.00133355 -0.0345718 -0.000191004 -0.00446132 0.000396796 -0.00119378 0.0206877 -0.0592511 0.0473282 -0.0560932 -0.0765567 -0.000179778 -0.000788744 0.000594818 -0.00184797 0.0313586 0.0402817 -0.0896797 -0.0567822 -0.000287348
internal_weight=792.103 789.779 4.6076 785.172 7.50288 4.52206 777.669 763.136 17.0502 7.05958 746.085 24.7939 721.291 19.5752 718.774 695.212 16.5358 5.40249 23.5617 3.86721 9.22979 685.982 681.144 674.809 625.168 49.6413 47.2669 10.9142 5.84104 614.254
internal_count=10794 6752 126 6626 104 46 6522 6372 77 49 6295 223 6072 160 6040 5887 114 55 153 73 301 5586 5566 5496 5274 222 194 106 40 5168
is_linear=0
shrinkage=0.1


Tree=63
num_leaves=31
num_cat=0
split_feature=8 5 10 3 3 1 5 8 6 7 17 13 17 13 5 17 8 13 5 4 2 19 12 7 1 17 5 17 9 11
split_gain=2.14928 1.99124 2.93815 1.80031 2.41178 4.61109 7.95412 7.40337 7.43949 4.7658 4.37535 4.51256 4.22583 3.98923 7.82464 6.9498 10.583 5.93512 5.68932 3.96677 5.03147 7.72452 4.64863 5.56368 20.1329 4.05347 4.6699 5.37194 5.58615 5.77929
threshold=9.9357302285397593e-12 0.0082051409848735418 2.2138382196426396 0.039242224119105489 0.052315453022440027 0.23040379089971749 0.023090751111353409 2.0890643651877538e-10 7.5171030679037939e-10 0.14781680892972765 0.19420276988636367 1.3638074398040774 0.12160422585227275 1.6051859855651858 0.021607649704820271 0.1212491122159091 1.4512487865538773e-10 1.6173689961433413 0.024802285055214989 4.7344580873965795e-11 9.0152902361441495e-11 0.35719230771064764 0.46376407146453863 0.088936356124664426 0.33351990698004347 0.16208718039772732 0.028857806587396676 0.13381125710227273 0.095404472704280693 7.1284775859936653e-09
decision_type=2 2 2 2 2 2 2 2 2 2 2 2 2 2 2 2 2 2 2 2 2 2 2 2 2 2 2 2 2 2
left_child=-1 -2 -3 -4 19 6 9 12 -9 10 11 -6 -8 14 -7 16 -16 -15 -17 20 21 -5 23 24 -21 26 27 -25 -29 -30
right_child=1 2 3 4 5 13 7 8 -10 -11 -12 -13 -14 17 15 18 -18 -19 -20 22 -22 -23 -24 25 -26 -27 -28 28 29 -31
leaf_value=-0.10016769295819131 0.089534875856138882 -0.120387146940546 -0.080716411398486579 0.03085082125145466 0.082945389190540272 -0.11701068666515915 -0.056742475996394939 -0.13661863662451931 0.0043222084683906207 0.015902578871795799 0.042595933000214928 -0.15424940195167394 0.050066395327757009 -0.14622639164316231 0.061286976126873983 0.10184477137366146 -0.13774806811441995 -0.00064431732881503644 0.019120934976939896 -0.3412307729860955 0.063134115777557773 -0.14622905372696993 -0.14800506301602809 -0.12248816373526079 0.026376600164742942 0.062810695125823157 0.091237855115407912 0.059672809196666447 -0.14071753605829079 0.09052938147784971
leaf_weight=2.1421298923087297 2.483583570457994 2.0270146456896319 2.742353026289492 10.388680226169525 0.86757474578917104 3.4166733809979624 4.5695276441983905 6.8361199381761244 8.2829478753847052 3.5310242725536218 1.550969876348973 10.622970090946181 19.561445154249668 2.8138339482247821 5.8378989107150101 17.53584989067167 4.925377344712615 584.71749520394951 15.808780478313563 2.062676931731402 27.619947655126452 3.2290742788463822 2.1481525474227956 4.5922762616537574 5.3645307333208621 13.366927998140453 3.9086446203291407 7.4234359175898117 3.7876003533601761 1.5122408103197811
leaf_count=4085 56 310 35 65 5 178 33 158 201 24 5 275 62 54 43 38 93 4375 81 28 147 41 55 135 50 36 11 41 68 6
internal_value=-0.000137599 0.000135876 -0.000148394 0.000164466 0.000450191 -0.00150955 -0.0290647 -0.00453645 -0.0594045 -0.0871567 -0.11506 -0.13634 0.0298407 0.000912599 0.0287799 0.0400731 -0.0297933 -0.00134155 0.0626252 0.0163035 0.0386073 -0.0111388 -0.00452125 0.00281424 -0.075715 0.0196756 -0.00749076 -0.0297768 0.00368598 -0.0747342
internal_weight=785.678 783.536 781.052 779.025 776.283 690.878 55.8226 39.25 15.1191 16.5725 13.0415 11.4905 24.131 635.056 47.5246 44.1079 10.7633 587.531 33.3446 85.4042 41.2377 13.6178 44.1665 42.0183 7.42721 34.5911 21.2242 17.3156 12.7233 5.29984
internal_count=10794 6709 6653 6343 6308 5625 763 454 359 309 285 280 95 4862 433 255 136 4429 119 683 253 106 430 375 78 297 261 250 115 74
is_linear=0
shrinkage=0.1


Tree=64
num_leaves=31
num_cat=0
split_feature=11 13 5 14 0 6 11 5 2 0 2 19 2 4 15 9 3 7 11 8 12 1 5 4 3 2 5 3 9 10
split_gain=2.06133 1.89332 1.90431 2.44384 2.09367 8.23696 13.7343 12.5431 12.443 8.17342 7.73554 10.6039 8.84007 12.6106 7.12761 15.3499 6.67584 7.03627 6.34299 7.01806 8.76299 6.20867 5.41253 11.5386 9.52906 7.34487 7.1725 6.74316 6.56687 5.58615
threshold=8.8444934709386313e-10 1.3507130742073061 0.045821474511975692 0.016506187617778782 2.3503304905207623e-09 4.5668803288211751e-10 7.5196804338872897e-09 0.023262010651852353 6.913671851517093e-10 2.5635778616710115e-09 4.0824701425993593e-10 1.1158793568611147 3.5531060298826805e-10 1.1272494017521244e-10 7.0817215600982322e-05 0.074323900943690804 0.061801401929942108 0.059956430766988436 4.9014428071814117e-09 8.4927569467831901e-10 0.36957298219203955 0.48929264863071359 0.024802285055214989 1.1272494017521244e-10 0.081223766095368646 6.7480881762736516e-10 0.026980250524081918 0.082480476538420763 0.13423647934646157 3.432140707969666
decision_type=2 2 2 2 2 2 2 2 2 2 2 2 2 2 2 2 2 2 2 2 2 2 2 2 2 2 2 2 2 2
left_child=-1 -2 4 -4 10 7 18 9 -9 -6 12 -12 -3 -14 15 -15 -11 21 -7 -20 -21 -18 23 -8 25 -25 -24 -26 -27 -28
right_child=1 2 3 -5 5 6 22 8 -10 16 11 -13 13 14 -16 -17 17 -19 19 20 -22 -23 26 24 27 28 29 -29 -30 -31
leaf_value=-0.13616370804085637 -0.10085573007001269 0.0022739742364987561 -0.034620959513388484 0.074814209219337083 -0.10224474642007525 0.073840026032080605 0.068337847816863098 -0.16043990729570035 0.018317278396121194 -0.044627234802043059 -0.14004419304063662 0.043820964149832838 -0.15424227580033745 0.080684586735468744 0.060132319988109278 -0.15911468479445445 -0.13354436205642736 0.062644774877752385 -0.13679733190030965 0.065030270183354541 -0.14779130531669415 0.017450066604933506 0.051393359342473188 -0.14618304642063512 0.12688940109758051 -0.097207907805901689 -0.083899722326692738 -0.037777694810731816 0.087284546147786829 0.0035451199859941728
leaf_weight=1.1124053480452847 1.8546760481258378 417.50174826735747 2.8539532278664392 7.1602764027193189 4.7791949392703819 2.2491570785641697 8.4677613861858827 7.8044337852625159 7.7716820007772185 10.182298006722702 3.2970505431876509 64.471136662410572 8.8758466517610959 4.4674497880041617 8.2480434663593751 6.6322353053838015 3.033558179507966 53.938677040860057 17.484669428318742 4.6489295307546845 3.3138482728973031 26.616090287425322 25.289103223010898 13.759609866887333 3.4505923986434928 5.0292958235368115 9.4050723956897837 8.9039618754759413 3.1300276760011911 32.723133658058941
leaf_count=258 3866 3623 31 46 103 9 43 125 98 136 93 338 138 16 29 78 77 161 251 15 44 455 115 173 3 62 126 82 8 192
internal_value=-0.000134596 6.00662e-05 0.000301419 0.0436263 -0.000265374 -0.0077311 -0.0241816 0.0121399 -0.0712493 0.0253198 0.0033982 0.0348756 -0.00138763 -0.0555524 -0.0102781 -0.0625992 0.0318213 0.0411339 -0.0871304 -0.101358 -0.0235391 0.0020013 -0.00835476 -0.0361937 -0.0620198 -0.101606 0.00929459 0.00821336 -0.0264341 -0.0159768
internal_weight=778.456 777.344 775.489 10.0142 765.475 251.981 137.855 114.126 15.5761 98.5498 513.494 67.7682 445.725 28.2236 19.3477 11.0997 93.7706 83.5883 27.6966 25.4474 7.96278 29.6496 110.159 42.7412 34.2735 21.9189 67.4173 12.3546 8.15932 42.1282
internal_count=10794 10536 6670 77 6593 2278 1123 1155 223 932 4315 431 3884 261 123 94 829 693 319 310 59 532 804 371 328 243 433 85 70 318
is_linear=0
shrinkage=0.1


Tree=65
num_leaves=31
num_cat=0
split_feature=5 3 9 14 8 13 2 6 10 3 3 1 4 19 6 12 19 3 1 9 5 19 4 13 19 5 2 18 19 19
split_gain=1.85017 8.74205 6.93055 6.62641 10.6601 10.5253 8.53732 7.38335 11.5289 10.5309 8.5162 7.71309 6.62544 6.7131 6.60137 12.9645 8.62416 6.99275 8.58179 7.19407 7.51913 6.19309 5.94933 8.33645 5.96147 11.3042 7.82876 7.72476 7.48928 5.83637
threshold=0.029273434073180987 0.096018661679363224 0.16203899340386443 0.028543251566588882 1.3523375026014499e-09 2.1097078323364262 7.2335062531411634e-10 1.1116074016070416e-09 3.3200992345809941 0.063667207776994347 0.085651622328518653 0.35347626013698491 2.5541766508991838e-10 3.6726746559143071 5.1372911253226322e-10 0.28051908314228063 1.978831470012665 0.063193157376320835 0.28241049880900043 0.077443834865039432 0.029773118895014997 2.2360498905181889 1.162005197541244e-10 1.7163345217704775 0.99346897006034862 0.038744250123362883 6.913671851517093e-10 0.3265098508193412 1.3469066023826601 2.8246421813964848
decision_type=2 2 2 2 2 2 2 2 2 2 2 2 2 2 2 2 2 2 2 2 2 2 2 2 2 2 2 2 2 2
left_child=1 3 14 6 -5 -6 7 8 -1 11 -11 -10 13 -3 15 16 -2 -16 19 -19 -21 -8 -20 -24 25 -25 27 -26 -29 -28
right_child=2 12 -4 4 5 -7 21 -9 9 10 -12 -13 -14 -15 17 -17 -18 18 22 20 -22 -23 23 24 26 -27 29 28 -30 -31
leaf_value=0.0010092452690163066 0.050508991774825464 -0.10195363203042627 -0.15722866001350555 -0.13510444412374009 -0.097501713067366561 0.032970367034649846 0.06971525059253017 0.057725575426715386 -0.069782722049280654 -0.1545033641348513 0.0011669732094078354 0.089768901115130195 0.069359631353773973 0.046999631151563075 0.078312949880120691 -0.093707131528851559 -0.1328172205308977 0.079606006822161124 0.11838701003776553 0.046497268314569525 -0.13847472367693378 -0.077374652293616772 -0.12010302368245525 -0.15161941659131051 0.062298241113364052 0.080134744059632848 -0.063597076642380249 0.11753768033297243 -0.140275375871737 0.061625186956406244
leaf_weight=456.40910935978172 18.593998582306089 19.300257822207648 2.4682557674241243 9.0977908466011268 9.2645894782617706 18.588992751203477 27.126570941414688 20.93216073513031 6.1570184519514459 12.925085579976441 4.8265860602259627 5.9655327619984746 3.4874254778842433 3.5881998325057785 19.020820759236813 15.944671389646826 2.9768894036533302 3.0292524024844161 6.2041590586304656 2.9128364119678727 8.9504388561472279 3.2001649653539053 4.2181420233100644 5.0322671453468484 52.700420458801091 3.61773263476789 12.238066081888975 1.6051700767129649 3.7804950131103396 5.3487766310572615
leaf_count=5430 292 2979 200 110 98 90 179 77 64 150 23 19 45 26 52 209 62 10 9 13 92 34 31 68 195 32 119 3 57 26
internal_value=-0.000147939 -0.00274565 0.00910766 -0.000161145 -0.0411238 -0.0104269 0.00265468 -0.000426882 -0.00293007 -0.0631136 -0.112177 0.00873296 -0.0590388 -0.0786024 0.0115783 -0.0253321 0.0252091 0.022341 0.0126306 -0.0579367 -0.0930578 0.0541939 0.0237227 0.0170895 0.0239523 -0.0546917 0.032942 0.0506404 -0.0634355 -0.0255126
internal_weight=769.512 600.869 168.642 574.494 36.9514 27.8536 537.542 507.215 486.283 29.8742 17.7517 12.1226 26.3759 22.8885 166.174 37.5156 21.5709 128.659 109.638 14.8925 11.8633 30.3267 94.7452 88.5411 84.3229 8.65 75.6729 58.0861 5.38567 17.5868
internal_count=10794 9324 1470 6274 298 188 5976 5763 5686 256 173 83 3050 3005 1270 563 354 707 655 115 105 213 540 531 500 100 400 255 60 145
is_linear=0
shrinkage=0.1


Tree=66
num_leaves=31
num_cat=0
split_feature=8 5 4 19 4 4 15 5 0 2 15 11 5 2 3 5 10 17 18 10 13 9 3 0 2 13 9 10 10 5
split_gain=1.68215 1.79177 2.01301 2.28316 2.25947 2.63476 1.88452 7.77689 5.80698 3.99877 4.36094 7.12701 5.57206 4.27333 3.63388 5.06444 3.77732 3.32141 3.23378 3.10853 11.841 8.97983 7.58167 7.22794 6.26199 5.74418 10.1528 5.7433 8.30519 4.54687
threshold=9.9357302285397593e-12 0.0082051409848735418 3.0202162792187729e-11 -0.11633747816085814 2.7903596420719527e-11 2.8506394848114075e-11 0.00010439687684993261 0.02908633962192848 7.0593075870353048e-09 1.0372639178687539e-09 9.1265457740519209e-05 9.629053998594374e-09 0.031738495707103305 9.3172178722880834e-10 0.1110400169134685 0.03743628770783846 3.9672157764434819 0.1470392400568182 0.50818715629760525 3.4769328832626347 1.9246952533721926 0.11269357939406731 0.045672128426601642 2.7426533012805203e-09 7.132122638687687e-10 2.1285216808319096 0.14662227326182029 3.397292017936707 3.3663973808288579 0.024101558159380858
decision_type=2 2 2 2 2 2 2 2 2 2 2 2 2 2 2 2 2 2 2 2 2 2 2 2 2 2 2 2 2 2
left_child=-1 -2 4 -4 -3 -6 9 8 -8 10 11 13 -13 14 16 -16 19 -9 -12 27 22 -22 -21 25 -25 26 -23 28 -5 -29
right_child=1 2 3 6 5 -7 7 17 -10 -11 18 12 -14 -15 15 -17 -18 -19 -20 20 21 23 -24 24 -26 -27 -28 29 -30 -31
leaf_value=-0.10014775452752905 0.088226077356715227 -0.16474809558853423 0.086582033495517061 0.0012698747369732201 0.08039108834740416 -0.12474165787411942 -0.15539949883771542 0.061082553360368587 -0.015942644510434728 -0.081850687735881181 0.020663144145215778 -0.12800094307424434 0.021995880992344122 0.09192837001801421 -0.11916564151748255 0.020372362774996284 0.077611749610852016 -0.15015374022938446 0.10188053165804659 0.075289963377254562 -0.13863018107540959 0.035096837223946326 -0.13349765747676381 -0.15091536906653893 0.060273712482186249 0.082123050014128507 -0.15241775318964199 -0.045579055813518086 -0.11429147084890899 0.063293241326415409
leaf_weight=1.6783981257176481 2.2988237682729951 1.5612641484476615 3.0464823655784121 544.82420284929685 1.3935871929861607 1.1369882893050087 5.6998617661884072 7.9958829330280405 6.2708344785496593 5.8234679540619245 46.757243275875226 7.658868412836453 3.6601166911423206 5.0762285566888741 5.9646699014992901 4.6123640692094341 6.3353847954422227 0.82077173539437343 5.4766586860641828 2.0396815650165072 4.0468269819393745 14.975929737091066 11.806869739200918 4.2077996935695401 2.1070701964199543 15.025739412754772 3.577163938432931 4.5646203123033073 6.2908646427094927 24.031129536218941
leaf_count=4085 56 123 61 4546 11 54 87 53 94 99 280 102 18 17 234 36 23 179 11 8 59 70 168 50 7 38 37 41 61 86
internal_value=-0.00014644 7.46704e-05 -0.000193099 0.000187165 -0.0701428 -0.0117751 -0.000163933 -0.0298529 -0.0823452 0.000682803 0.00134754 -0.000819599 -0.0794978 0.000530781 -0.000178185 -0.0583168 0.000776929 0.0414179 0.0291787 1.33528e-05 -0.0221037 0.00330699 -0.102742 0.0177051 -0.0804483 0.036164 -0.00105726 0.00221804 -4.92341e-05 0.0459144
internal_weight=760.766 759.087 756.789 752.697 4.09184 2.53058 749.65 20.7874 11.9707 728.863 723.039 670.806 11.319 659.487 654.41 10.577 643.833 8.81665 52.2339 637.498 57.7871 43.9405 13.8466 39.8937 6.31487 33.5788 18.5531 579.711 551.115 28.5957
internal_count=10794 6709 6653 6465 188 65 6404 413 181 5991 5892 5601 120 5481 5464 270 5194 232 291 5171 437 261 176 202 57 145 107 4734 4607 127
is_linear=0
shrinkage=0.1


Tree=67
num_leaves=31
num_cat=0
split_feature=18 5 13 4 12 3 7 18 12 0 19 12 2 3 3 11 0 19 5 6 3 19 6 18 2 6 8 12 10 2
split_gain=1.68461 3.79461 3.78117 2.90835 4.4224 2.7556 2.60523 2.46568 5.38856 3.97882 6.86441 3.22464 2.39361 1.96871 5.64221 6.00457 4.86196 7.87521 5.58048 3.87866 3.82183 3.31998 3.82841 4.92483 3.56404 2.87137 6.11727 5.70016 4.59599 4.45447
threshold=0.7171053575373002 0.02002645457729112 2.0789747238159184 8.7263484684472957e-11 0.36514855921268469 0.070636983381953969 0.08986527595397302 0.54565279412252676 0.38829930126667028 2.8605025993485504e-09 3.0439568758010869 0.35795530676841741 1.6182011504329059e-10 0.054618526562694801 0.056067729247217424 1.1980507141906573e-09 4.5881387081344395e-10 0.74567160010337841 0.023090751111353409 1.6015492136084772e-10 0.056629963864221533 3.2326769828796391 1.1450621388748156e-09 0.41308711254069669 2.802831019873162e-10 1.2833622596187925e-10 1.263243968450949e-10 0.31214860081672674 2.3639513254165654 8.2353130406239452e-11
decision_type=2 2 2 2 2 2 2 2 2 2 2 2 2 2 2 2 2 2 2 2 2 2 2 2 2 2 2 2 2 2
left_child=7 2 -2 6 5 -5 -3 13 9 10 11 12 -9 21 15 -15 17 18 19 -16 -19 22 23 24 25 -1 -27 28 -28 -29
right_child=1 3 -4 4 -6 -7 -8 8 -10 -11 -12 -13 -14 14 16 -17 -18 20 -20 -21 -22 -23 -24 -25 -26 26 27 29 -30 -31
leaf_value=-0.071485932547011036 -0.1215518996079365 0.023659502480584967 0.033548946623797524 0.013966264051847359 0.073158141731598139 -0.12820608265152503 0.11180649161163259 0.060609399344267678 -0.15760334892298039 0.03893495096203374 -0.13405135617796468 0.048599798596333676 -0.12832988110642707 0.033930563068699342 0.016997778680413158 -0.14600690004282924 0.00073211812544257009 0.041042953833330093 0.022112064886851007 -0.16039894976236027 -0.21229406513943749 0.083284004848558316 0.077492455671843652 -0.15596426271502856 -0.094640930706993587 0.067297359754992278 0.064874254709867338 -0.11230271960396004 -0.12875081168321159 0.016764364961444848
leaf_weight=4.1175914964696849 3.2215912281535592 6.1383014433085936 3.0692970133386552 2.6201093737035972 4.5890708416700363 2.8420388214290142 7.3892879486083984 0.93981945916312382 2.9834959926083675 8.6706257585901749 5.5808700933121136 6.1476270146667957 2.3399622449069284 2.8204172405239643 1.863382957468281 5.4154581621405669 564.11955143336672 0.71597303566522796 11.494546107016502 3.6404094700701535 3.5386769057513447 6.2648481038049786 7.3722533127292982 1.9183709849603463 3.3854524397756895 17.076160906348377 1.5827799986582238 2.8126827976666382 5.436962196836248 54.242496105842292
leaf_count=215 46 32 19 12 15 32 12 9 40 42 86 21 54 38 166 169 8642 6 66 74 89 86 28 39 62 85 11 27 187 384
internal_value=-0.00014855 0.0231249 -0.0458789 0.0415353 0.000791384 -0.0600082 0.0718088 -0.0011081 -0.0309535 -0.0149958 -0.0461529 0.0058816 -0.0741894 3.22427e-05 -0.00219324 -0.0843864 -0.00103682 -0.04799 -0.0175356 -0.100339 -0.169662 0.0127092 0.00819505 0.00255451 0.00598467 0.00997984 0.0141134 -6.02818e-05 -0.0850931 0.0104017
internal_weight=754.35 29.8697 6.29089 23.5788 10.0512 5.46215 13.5276 724.48 26.6624 23.6789 15.0083 9.42741 3.27978 697.818 593.608 8.23588 585.373 21.253 16.9983 5.50379 4.25465 104.21 97.9448 90.5725 88.6541 85.2687 81.1511 64.0749 7.01974 57.0552
internal_count=10794 168 65 103 59 44 44 10626 252 212 170 84 63 10374 9250 207 9043 401 306 240 95 1124 1038 1010 971 909 694 609 198 411
is_linear=0
shrinkage=0.1


Tree=68
num_leaves=31
num_cat=0
split_feature=11 0 13 13 17 1 1 14 7 19 4 14 17 17 14 8 8 6 12 18 1 18 1 6 19 3 10 8 2 7
split_gain=1.71357 1.63081 2.72237 2.2592 4.73829 3.85528 3.71358 4.55084 5.55463 4.24238 2.45485 2.68935 2.42572 4.83005 4.64272 7.40683 3.20763 5.51367 3.07192 6.67076 5.90269 5.73874 5.67886 4.78334 4.52956 4.85281 4.16672 6.80871 3.99625 3.93599
threshold=8.8444934709386313e-10 1.1310364550235185e-08 2.9932761192321782 2.9311504364013676 0.10864257812500001 0.63408931384267131 0.60960238033732772 0.01623118203133345 0.02172474496719282 0.051322843879461295 2.7903596420719527e-11 0.0075500942766666421 0.082186612215909102 0.089732776988636367 0.011775415856391193 5.2912779381300028e-11 2.336236952288959e-10 6.0193120311183452e-10 0.2538996040821076 -0.10822637254816733 0.42417636922894858 -0.18609904069241809 0.45633242297732585 1.4148391012014781e-10 0.8362778127193452 0.053035583533118318 2.875234961509705 2.336236952288959e-10 1.13377914758648e-09 0.058576336963774678
decision_type=2 2 2 2 2 2 2 2 2 2 2 2 2 2 2 2 2 2 2 2 2 2 2 2 2 2 2 2 2 2
left_child=-1 3 -3 5 6 10 9 8 -8 -5 -2 -12 14 -14 15 -13 -16 -18 19 -15 23 24 -22 29 -20 -26 -27 -28 -23 -21
right_child=1 2 -4 4 -6 -7 7 -9 -10 -11 11 12 13 18 16 -17 17 -19 21 20 22 28 -24 -25 25 26 27 -29 -30 -31
leaf_value=-0.1328713033378203 -0.10881321351247673 -0.11788917105212696 0.10218950386765679 0.10158427176390082 0.06057684229806129 0.077921803969341896 0.0085076437953279412 0.048997066996578388 -0.18247482595044001 -0.14234457289044858 -0.10389143592523714 0.083185771263618244 -0.08279952910807957 0.067370967900808862 0.094277041640914591 -0.12203621196074727 -0.11976582562585865 0.08291470492302605 0.041735013891397887 -0.11048726044216542 0.083143020403670775 0.0012332628851965521 -0.069718791616365308 -0.11155149993580755 0.04083658120656123 -0.16124614961464212 0.076850079339181254 -0.091959080894960687 -0.11834879121605352 0.073753703222734099
leaf_weight=0.97142878534214006 2.0682950299960785 0.67926532030105535 3.2578296894207597 0.81041545420885697 4.4877411937341085 6.4020265426952383 3.3709472566843015 5.2493937266990542 2.7778229822870344 5.9308424539631233 2.4692487471329505 3.0661104487953734 7.0453256765613324 20.719390030018985 10.616881370544435 4.1243045618757606 2.2612088937312356 3.3024502508342266 4.9067043340764966 1.7167537788627685 8.6469661723822338 604.16042483714409 3.3804215653799465 7.1312339452560991 3.7075971446465728 5.1386459362693158 3.0292759053409091 11.309815553715451 2.8075948618352404 3.5723871806985699
leaf_count=258 741 8 118 9 20 94 41 29 39 120 3414 24 175 112 32 193 41 11 30 145 49 4286 63 239 27 76 10 151 216 23
internal_value=-0.000142936 2.94047e-05 0.0642194 -0.00031018 -0.0314243 0.000665488 -0.0541857 -0.019389 -0.0777723 -0.11302 -2.60811e-05 0.000289442 0.000651436 -0.000425941 0.032334 -0.0345262 0.0620458 0.000540317 0.000427228 0.0256257 -0.00975331 -0.00136495 0.0401796 -0.0581063 -0.0455517 -0.0640242 -0.0839844 -0.0562965 0.000680123 0.0139526
internal_weight=749.119 748.147 3.9371 744.21 22.6272 721.583 18.1394 11.3982 6.14877 6.74126 715.181 713.113 710.643 687.273 23.371 7.19042 16.1805 5.56366 680.227 45.1672 24.4478 635.06 12.0274 12.4204 28.092 23.1853 19.4777 14.3391 606.968 5.28914
internal_count=10794 10536 126 10410 258 10152 238 109 80 129 10058 9317 5903 5602 301 217 84 52 5427 631 519 4796 112 407 294 264 237 161 4502 168
is_linear=0
shrinkage=0.1


Tree=69
num_leaves=31
num_cat=0
split_feature=5 4 10 19 10 10 4 5 3 1 19 5 14 8 18 14 12 7 1 12 17 17 17 8 8 9 6 3 2 10
split_gain=1.54656 3.56038 2.98009 2.13282 1.75568 1.87779 3.18975 2.03534 2.83147 3.31989 2.9227 2.60613 6.64377 4.01852 6.08061 4.01716 5.56506 2.57654 4.25486 2.57093 7.32765 6.72661 5.10945 7.31769 9.03665 8.54387 8.24582 7.31682 6.70159 15.6084
threshold=0.0082051409848735418 2.7903596420719527e-11 2.2138382196426396 -0.11633747816085814 2.218401432037354 2.2946676015853886 4.4245878265588464e-11 0.014745229377881015 0.093177716739988994 0.42417636922894858 0.090176463127136244 0.017439633971431397 0.016145952045917514 4.0397347984791296e-10 -0.16603933469477022 0.015760195441544059 0.34238649904727941 0.090475438003117678 0.47367817988597322 0.32296323776245123 0.11667702414772728 0.071932705965909102 0.13323419744318185 4.7122680783795997e-10 3.8429136272744002e-10 0.09310528372551917 7.3757601140376496e-10 0.065220247261685557 4.511771207190884e-10 3.0012884140014653
decision_type=2 2 2 2 2 2 2 2 2 2 2 2 2 2 2 2 2 2 2 2 2 2 2 2 2 2 2 2 2 2
left_child=-1 -2 -3 -4 -5 6 -6 8 9 10 -7 12 15 17 -15 16 -9 18 -14 22 21 -21 23 24 27 26 -26 -13 -25 -30
right_child=1 2 3 4 5 7 -8 11 -10 -11 -12 19 13 14 -16 -17 -18 -19 -20 20 -22 -23 -24 28 25 -27 -28 -29 29 -31
leaf_value=0.084075545660644874 -0.14891921679080469 -0.11517908250745933 0.089321927495853271 0.095903107412133842 0.0054080664196812581 0.089457887308949213 -0.15544015336984474 -0.098286404568007024 -0.069234171774306102 0.054529661366496202 -0.13110410580881179 -0.042088507214086704 -0.076247031561590739 0.09926444001225046 -0.12431868081245834 -0.29433614261210106 0.052686478756451487 0.070203445363196226 0.054053999257559576 0.096821893489299898 -0.0022409439289273422 -0.11048186603420396 0.040982658270365832 0.061145064445787024 -0.12402150981750087 0.086685319293011112 0.04914285031136597 0.010750814543460567 0.10507254744173067 -0.098184060397625728
leaf_weight=2.1742542551073702 1.6103130820556533 2.2420338365482158 2.6807075542164958 1.9024222868902132 2.9946451483992851 0.87462260760367572 2.0956726858275943 11.253833777358517 2.6622926889103828 19.453207313083112 1.9189381909091023 31.959879613481462 4.5550376083701902 1.6684784237295387 4.4890653230249873 0.81062679132446724 3.1180698946118364 8.4615330034866911 5.5711131617426872 1.834139011800288 360.4232839307515 10.676488690078257 39.801859021419659 34.537093004211783 15.232666522730147 3.095094945980235 3.3556908052414647 145.5740409984428 6.2645397987216702 9.5186211429536325
leaf_count=86 915 2428 59 41 85 4 493 375 48 156 55 599 24 5 64 11 11 29 22 3 2380 231 199 121 206 13 15 1984 17 115
internal_value=-0.000139898 -0.000387126 -6.34796e-05 0.000286817 -3.83102e-05 -0.000287588 -0.0608128 0.000136134 0.0282273 0.0398906 -0.0620494 -0.00086034 -0.0256716 0.0062803 -0.0637355 -0.0777483 -0.0655319 0.0294744 -0.0045592 0.000635502 -0.0048525 -0.0800898 0.00770907 0.00240185 -0.00620465 -0.0671466 -0.0927608 0.00123861 0.0364749 -0.0175089
internal_weight=742.81 740.636 739.026 736.784 734.103 732.201 5.09032 727.11 24.9091 22.2468 2.79356 702.201 39.9278 24.7452 6.15754 15.1825 14.3719 18.5877 10.1262 662.273 372.934 12.5106 289.339 249.538 199.217 21.6835 18.5884 177.534 50.3203 15.7832
internal_count=10794 10708 9793 7365 7306 7265 578 6687 263 215 59 6424 541 144 69 397 386 75 46 5883 2614 234 3269 3070 2817 234 221 2583 253 132
is_linear=0
shrinkage=0.1


Tree=70
num_leaves=31
num_cat=0
split_feature=7 7 9 8 13 1 17 13 14 5 3 3 5 12 10 9 6 14 0 7 7 19 4 6 11 14 10 19 3 8
split_gain=1.55149 13.7837 5.34542 9.31301 3.66824 5.79598 4.46447 4.60764 5.56523 6.28418 5.55868 3.86439 2.37354 2.18052 6.06516 5.4779 5.53966 2.87084 2.57809 2.52432 4.34663 11.3523 9.43013 5.98488 7.86842 3.55283 7.63635 7.0109 10.231 7.63384
threshold=0.15630037288465146 0.15218255174125467 0.1057267545817708 7.5253691767097693e-10 2.1285216808319096 0.33683864973296812 0.14626242897727273 1.9866397976875307 0.023682948201894764 0.034934444092087812 0.045672128426601642 0.094715326740979974 0.038744250123362883 0.47245155274868017 3.717852115631104 0.13694310950086391 1.1851713110371186e-09 0.03644420579075814 1.1310364550235185e-08 0.14781680892972765 0.13405010146295809 1.5490638017654421 8.0238946028740195e-11 6.9510444318190598e-10 1.4112895851958742e-09 0.017033304087817672 3.0683966875076298 2.6897321939468388 0.086919786802909751 4.1194854713721632e-10
decision_type=2 2 2 2 2 2 2 2 2 2 2 2 2 2 2 2 2 2 2 2 2 2 2 2 2 2 2 2 2 2
left_child=1 13 -2 -4 5 6 -5 8 -8 10 -10 -12 -11 14 17 16 -15 18 19 20 25 23 -23 24 -22 26 -1 -27 29 -29
right_child=2 -3 3 4 -6 -7 7 -9 9 12 11 -13 -14 15 -16 -17 -18 -19 -20 -21 21 22 -24 -25 -26 27 -28 28 -30 -31
leaf_value=-0.0021090603366292768 0.084414011528886904 -0.14641680545709423 -0.13910762006159635 -0.13926624799134771 0.067000694858148357 -0.15319504436055051 0.11744102752558261 0.081789617562054676 0.095255647930931581 0.11313014749120938 -0.13075373890464814 0.044236574078711961 -0.12966395052629701 0.027995863436213731 -0.13448675278326558 0.069238327921735357 -0.14890914365049687 -0.13819771496973612 0.089966444963479802 0.039953231166277248 0.09128885962554191 0.046351834764367758 -0.14618839684242221 0.027424685976539825 -0.1434811247027365 0.016733466895363924 -0.068554219428207122 -0.021879106072843324 0.05332624712191051 -0.14438259102912193
leaf_weight=328.05748833630059 9.4655714686959964 6.4947174582630387 4.2510762666352084 1.8392683155834735 10.610280804336069 2.3207405582070342 2.9515752047300401 8.6067988909780961 1.6946192011237133 3.1129969321191306 7.6521084895357472 1.5112082655541597 0.46245946089038614 4.8621813058853176 3.3894042968749991 13.707005885429679 2.7834684336557984 1.5077094370499242 3.1662671035155645 15.073129016906021 1.9861303158104444 3.2697842754423609 11.456111360341309 23.689785540103912 5.0763734499923885 208.83186953887343 18.259236143901944 12.039790146052843 9.1247989945113641 8.8083595409989339
leaf_count=7880 30 84 56 24 31 26 5 21 5 6 110 14 176 21 58 46 38 20 122 62 4 13 146 92 98 1140 232 60 48 126
internal_value=-0.000133503 -0.00143149 0.0161057 0.00174146 0.0164306 -0.00136479 0.0112959 0.0219502 -0.00767465 -0.0332603 -0.0711249 -0.101894 0.0817265 -3.66558e-05 -0.00106378 0.03141 -0.036408 -0.000368424 -4.81494e-05 -0.000489565 -0.00145626 -0.031236 -0.103436 0.0033374 -0.0774587 0.000858348 -0.00561232 0.0102422 -0.034985 -0.0736369
internal_weight=736.062 681.584 54.4787 45.0131 40.7621 30.1518 27.831 25.9918 17.385 14.4334 10.8579 9.16332 3.57546 675.089 653.736 21.3527 7.64565 650.347 648.839 645.673 630.6 45.4782 14.7259 30.7523 7.0625 585.122 346.317 238.805 29.9729 20.8481
internal_count=10794 10290 504 474 418 387 361 337 316 311 129 124 182 10206 10101 105 59 10043 10023 9901 9839 353 159 194 102 9486 8112 1374 234 186
is_linear=0
shrinkage=0.1


Tree=71
num_leaves=31
num_cat=0
split_feature=3 13 12 10 7 5 12 19 15 19 13 5 4 17 11 19 19 15 10 18 5 13 14 13 9 11 8 10 1 13
split_gain=1.53944 8.34248 5.8912 18.4638 7.77407 7.15013 7.11542 7.45595 6.40019 8.76167 6.20594 5.70647 8.35349 5.69664 5.52151 6.24724 5.00991 4.26465 8.0463 4.31328 4.21545 6.83008 9.52326 6.85896 5.11493 7.83919 4.62995 9.74854 5.7904 8.62384
threshold=0.082759187281509647 1.7010735273361208 0.34856890141963964 3.1181657314300542 0.085876928774591618 0.035481874681418855 0.26166751980781561 2.189443945884705 5.3589332310366451e-05 1.2757189869880678 1.8930847048759463 0.026876696987602981 1.0372471263467456e-10 0.12049449573863637 4.6040611323405764e-09 1.7223526239395144 0.63683652877807628 6.8078668846283122e-05 3.3200992345809941 0.54565279412252676 0.030768678828082659 1.7823751568794253 0.015383958816528322 1.5513896346092226 0.088966076794103302 3.0987034049800859e-09 2.0155663797335712e-10 2.8345258235931401 0.46106211796513996 2.5570725202560429
decision_type=2 2 2 2 2 2 2 2 2 2 2 2 2 2 2 2 2 2 2 2 2 2 2 2 2 2 2 2 2 2
left_child=20 11 4 -4 6 10 -3 13 -6 16 -5 -2 -13 -8 15 -11 -10 -16 19 -19 26 22 -22 -24 25 -23 -1 -28 29 -29
right_child=1 2 3 5 8 -7 7 -9 9 14 -12 12 -14 -15 17 -17 -18 18 -20 -21 21 24 23 -25 -26 -27 27 28 -30 -31
leaf_value=0.013477203850956899 -0.14431613784970748 0.011955673088959154 -0.31177339337924748 -0.14209655923320461 0.085019000838587377 -0.13656846566332803 -0.095406939370198479 -0.15092302307080632 0.054044472970447857 0.026013409412297284 0.010564134375986928 0.056689120340045911 -0.10345906944478898 0.021812459121423173 0.09185665351126597 -0.16184236358292012 -0.14703187490346234 -0.13478473097349739 0.06263224151699251 0.051261092447568039 0.037341666680408378 0.078010760646852348 0.062502755344149619 -0.16565794772216069 0.064996085661657821 -0.13597774158025444 -0.067527752158801677 -0.0051569544656158818 0.037272714439631309 -0.16030948857702099
leaf_weight=158.15902673099481 6.7067360041110105 36.735264451359399 2.251519438927061 2.9042331837117663 17.950040352530777 4.4604935641400507 6.8413885443005773 6.3609649692662051 1.6822266373783339 4.6627211524173608 32.044049825519323 5.9510672867181693 7.1947782578645274 10.522730933502315 13.863869023509322 2.8537254463881254 4.7040065159089863 4.096293569076809 13.056108515709637 1.7909835465252397 10.301340306526983 3.4081051032990208 1.7239417820819642 5.5896387314423919 35.123071897309273 3.4398320075124502 24.889276552246884 262.43784739426337 32.772231214679778 3.6320535894483319
leaf_count=2495 3194 529 28 41 50 80 107 81 14 23 231 170 232 49 42 45 74 73 52 9 62 11 182 62 115 55 623 1827 186 52
internal_value=-0.000143287 -0.00797539 -0.000681008 -0.0332521 0.0101639 -0.0173395 -0.0156137 -0.0583014 0.0342673 0.014764 -0.0021221 -0.0692552 -0.0309607 -0.0243715 0.0319998 -0.0453087 -0.0940654 0.0497119 0.018868 -0.0781873 0.00255624 0.0276482 -0.0246125 -0.111876 0.0495816 -0.0294792 -0.000546386 -0.00739761 -0.00238963 -0.0072749
internal_weight=728.11 186.633 166.781 41.6603 125.12 39.4088 60.4603 23.7251 64.66 46.7099 34.9483 19.8526 13.1458 17.3641 40.3237 7.51645 6.38623 32.8073 18.9434 5.88728 541.476 59.5859 17.6149 7.31358 41.971 6.84794 481.89 323.731 298.842 266.07
internal_count=10794 5124 1528 380 1148 352 766 237 382 332 272 3596 402 156 244 68 88 176 134 82 5670 487 306 244 181 66 5183 2688 2065 1879
is_linear=0
shrinkage=0.1


Tree=72
num_leaves=31
num_cat=0
split_feature=19 11 13 15 8 6 18 7 13 15 15 18 19 12 19 15 19 19 18 10 12 7 18 1 17 2 2 17 14 2
split_gain=1.59 8.64743 5.48052 19.9893 5.89932 6.41557 4.20031 9.91058 3.53569 4.35296 11.0802 8.54552 8.58137 6.48433 6.16925 4.57311 7.67026 6.40209 5.79062 6.54942 5.29343 4.27166 4.16151 5.18885 4.0988 4.01714 3.8233 6.25122 3.66374 3.49303
threshold=0.3629660308361054 1.0441202902278237e-09 1.5049893260002138 3.6041981729795232e-05 2.336236952288959e-10 1.3209676797295883e-10 -0.084232853580033393 0.069754817142087006 1.5941667556762698 4.7041898142197176e-05 4.551614438241814e-05 -0.026260924393268808 1.1756540536880495 0.21278492361307147 2.6254981756210332 4.7628383981646045e-05 0.82507199048995983 0.8362778127193452 -0.047084366659295142 3.0761779546737675 0.31600846350193029 0.071878729065106839 0.08320131322199649 0.28090903196910327 0.065407492897727279 1.254808252352606e-10 9.4765984216082512e-11 0.16084428267045456 0.011775415856391193 1.0372639178687539e-09
decision_type=2 2 2 2 2 2 2 2 2 2 2 2 2 2 2 2 2 2 2 2 2 2 2 2 2 2 2 2 2 2
left_child=6 -2 4 -4 5 -3 7 -1 22 10 11 13 -13 -10 -12 -11 18 -18 -17 20 24 -21 -5 -24 28 -14 -15 -28 -20 -19
right_child=1 2 3 8 -6 -7 -8 -9 9 15 14 12 25 26 -16 16 17 29 19 21 -22 -23 23 -25 -26 -27 27 -29 -30 -31
leaf_value=0.065620622200322623 -0.18059852100623375 -0.14148376175061916 -0.18380002760658842 0.049566592474763568 -0.11892440366622246 0.080262951833554447 0.017472134002034817 -0.20170595455347781 0.095082117843295413 0.062317008585942739 -0.16889518738275447 0.051500053202631763 0.025302963428564303 0.062306031085804785 0.0025121363256489699 0.0099062710815921717 0.11967247484013695 0.0017380017091602066 -0.16805400776829138 0.037862549898722724 0.038690424994246075 -0.15910275053944883 -0.08530769582501492 0.10915281804270599 -0.1371775538498359 -0.1019213980812011 -0.12704569275015398 -0.41000402773646077 0.099838569178730463 -0.068041003489247978
leaf_weight=2.6892714699788476 2.6978193432369144 1.4045862251659915 6.0506041929766061 25.730859602830606 1.9242401912633784 18.352390436688438 87.007311912981095 2.8633987922221422 1.3441808443167236 11.431292398076037 7.6801026403554697 21.699656943063019 3.8239447543164697 0.75945803150534619 2.8898876861203462 12.288518133980686 4.5628046458587042 454.02156545856269 0.72573377686785745 1.2546069091185916 6.2382503934204578 8.9976927358657104 5.4274591451976439 1.8364653544849714 5.0734134735539556 7.0713976415572688 4.3762801493285224 0.95030715316534031 1.7214302239008246 7.2890376023715353
leaf_count=282 214 2445 141 208 241 69 2264 62 15 62 124 173 38 8 30 92 10 3449 40 9 22 127 104 25 87 169 113 10 26 135
internal_value=-0.000144675 -0.0019491 -0.00117787 -0.00295325 0.0482192 0.0644983 0.0120907 -0.0722342 -0.00112096 -0.0029817 -0.0309673 -0.00691881 0.0151423 -0.103697 -0.122032 -0.000224831 -0.00164851 0.0018013 -0.0459238 -0.0744967 -0.0294135 -0.134999 0.030697 -0.0361442 -0.0859051 -0.0572694 -0.1476 -0.177528 0.020392 0.000635443
internal_weight=720.184 627.624 624.926 603.245 21.6812 19.757 92.56 5.55267 597.194 564.2 50.5952 40.0252 32.595 7.43023 10.57 513.604 502.173 465.873 36.2996 24.0111 13.7588 10.2523 32.9948 7.26392 7.52058 10.8953 6.08605 5.32659 2.44716 461.311
internal_count=10794 8186 7972 5217 2755 2514 2608 344 5076 4739 680 526 380 146 154 4059 3997 3594 403 311 175 136 337 129 153 207 131 123 66 3584
is_linear=0
shrinkage=0.1


Tree=73
num_leaves=31
num_cat=0
split_feature=18 1 4 13 1 17 13 18 11 10 4 4 8 11 17 12 7 2 0 17 19 7 3 17 8 6 15 8 17 18
split_gain=1.45443 3.32445 3.12482 2.93178 3.14381 4.9398 3.89323 1.90692 6.25632 8.80322 11.5519 10.4317 9.714 6.90592 5.87491 9.43715 6.24087 8.9966 8.33869 8.1726 7.14661 5.54445 5.52357 5.28825 4.93272 7.18466 7.45473 5.74848 4.76253 7.9955
threshold=0.7171053575373002 0.38001805176276132 6.6547095359993567e-11 2.0724240541458134 0.29117161095589134 0.1470392400568182 1.9695600867271426 0.12783541289073502 5.8609954667332439e-09 3.1792198419570927 1.3041372051034094e-10 1.4673863432840937e-10 5.447039130337934e-10 6.5106122715263845e-09 0.14626242897727273 0.32493098080158239 0.083162390617588358 3.9597444400900984e-10 1.0287989794633804e-09 0.12266956676136366 4.2604179382324228 0.13888078534016249 0.066922159953145946 0.17407226562500003 1.6246382029768132e-10 3.5217368010646708e-10 7.7219185186550035e-05 8.7402734975907435e-10 0.12302468039772728 0.15715090647890151
decision_type=2 2 2 2 2 2 2 2 2 2 2 2 2 2 2 2 2 2 2 2 2 2 2 2 2 2 2 2 2 2
left_child=7 3 -3 4 -2 6 -6 -1 9 12 -11 -12 14 22 15 16 20 18 19 -18 -9 -17 -10 -16 -15 -26 27 -27 29 -24
right_child=1 2 -4 -5 5 -7 -8 8 13 10 11 -13 -14 24 23 21 17 -19 -20 -21 -22 -23 28 -25 25 26 -28 -29 -30 -31
leaf_value=0.0034143483828578142 0.073548793606674642 0.055677942743148523 -0.10748573558893958 0.10390339880210209 -0.16805214027393206 0.045714317681248277 0.011598429429995668 -0.098096280807022748 -0.062120645230744599 -0.15692769660028749 0.054656553061913249 -0.13595946301052095 0.063616127408463716 -0.1097737769101155 0.026260582795470042 -0.16384897428546197 0.043376610436513599 0.071324177502821592 -0.12024058201109222 -0.13122258247667204 0.064546256994426662 0.044037539459307523 0.11605761098259509 -0.073907118893619547 0.049905159031376829 -0.15052752244929618 -0.0016295515769558532 -0.0097981887165377486 0.088049329254597741 -0.11215912277334811
leaf_weight=398.74370941110101 6.6059185813646861 1.8056175038218487 3.3541541190352291 5.2711502588354042 2.7315369375719438 6.195367343723774 2.1603341614827514 15.936588888798726 3.9041000157594707 10.409504561685027 7.9513497399166209 4.4934772113338113 15.064644293859599 4.253304073266917 30.919536129804328 8.2174636858981085 12.543473352212461 11.864832052029668 7.7750988234765819 3.4095881411340079 3.253162575652822 1.5202929214574386 2.7442184153042062 6.3535886928439131 22.8924839948304 6.4502425501123053 77.191705380566418 5.2773689143359661 20.837068459484726 3.4843202765769092
leaf_count=7182 26 15 37 12 39 23 16 1342 52 137 29 65 49 163 123 122 100 46 113 75 22 11 12 32 110 89 575 40 49 88
internal_value=-0.000143903 0.0221444 -0.050388 0.0384414 0.018939 -0.0135983 -0.0887154 -0.00105834 -0.00727794 -0.0224311 -0.0791919 -0.0141695 -0.0113302 0.00712056 -0.0224216 -0.0406812 -0.0245569 0.000226038 -0.0353253 0.00606018 -0.0705241 -0.131393 0.0490755 0.00918596 -0.0040743 -5.35051e-05 -0.0129155 -0.0872 0.0651151 -0.0116096
internal_weight=713.615 28.1241 5.15977 22.9643 17.6932 11.0872 4.89187 685.491 286.747 139.713 22.8543 12.4448 116.858 147.035 101.794 64.5205 54.7827 35.593 23.7282 15.9531 19.1898 9.73776 30.9697 37.2731 116.065 111.812 88.9193 11.7276 27.0656 6.22854
internal_count=10794 168 52 116 104 78 55 10626 3444 2266 231 94 2035 1178 1986 1831 1698 334 288 175 1364 133 201 155 977 814 704 129 149 100
is_linear=0
shrinkage=0.1


Tree=74
num_leaves=31
num_cat=0
split_feature=5 19 6 0 6 11 5 2 9 3 2 19 2 5 15 9 19 8 0 11 8 12 14 6 12 12 3 4 2 3
split_gain=1.44074 1.98226 3.09962 1.71084 5.77141 10.4439 10.1876 9.59904 6.77781 5.74606 5.31841 7.74837 6.4305 9.72581 7.67444 10.067 6.99306 5.2586 5.12936 4.87275 5.51733 6.33815 4.76501 12.9249 12.0533 7.37663 5.93478 6.53439 8.7684 6.59478
threshold=0.045821474511975692 1.5949273705482485 8.6661580509740773e-10 2.3503304905207623e-09 4.5668803288211751e-10 7.5196804338872897e-09 0.023262010651852353 6.913671851517093e-10 0.088966076794103302 0.063193157376320835 4.0824701425993593e-10 1.1158793568611147 3.5531060298826805e-10 0.022637495805626493 7.0817215600982322e-05 0.074323900943690804 1.515051066875458 3.2377536474312307e-10 2.6223859235476429e-09 4.9014428071814117e-09 8.4927569467831901e-10 0.36957298219203955 0.017171662300825122 6.1927449053543806e-10 0.32493098080158239 0.33454914391040808 0.083440195563608446 6.115356377041825e-11 2.556007285659126e-10 0.098444283212483483
decision_type=2 2 2 2 2 2 2 2 2 2 2 2 2 2 2 2 2 2 2 2 2 2 2 2 2 2 2 2 2 2
left_child=3 -2 -3 10 6 19 8 -8 9 17 12 -12 22 -14 15 16 -15 -5 -11 -6 -21 -22 23 26 -24 -26 -1 -28 -29 -30
right_child=1 2 -4 4 5 -7 7 -9 -10 18 11 -13 13 14 -16 -17 -18 -19 -20 20 21 -23 24 -25 25 -27 27 28 29 -31
leaf_value=0.0030972239994910829 0.088532211660980575 -0.12322714343584318 0.058607235580521666 -0.11582413143489714 0.067747205305378533 -0.008226074941972205 -0.15288433875903829 0.014535735890848221 0.091302555148369408 -0.079354958830588448 -0.13359741427507613 0.038364101160355983 -0.16655821447640842 0.11439221974920306 0.070930426394344159 -0.15020590365767086 -0.10249255711462997 0.024098068472514965 0.02972583112205698 -0.13075075087377971 0.056955609850734383 -0.13926002615682162 0.075984194302442506 -0.13267050671654379 -0.10976513967866064 0.0079319534599914133 -0.15494747577376755 0.056076986327959912 -0.12618105169277052 0.028149592918657595
leaf_weight=210.98235621101048 4.2887518439674732 1.4961317377164958 2.5105805187195074 6.2861894547240791 1.978980135172608 98.060788076370955 6.9759811924595834 6.7270314474008046 12.15843259077519 4.6355799583543549 2.7453790800209381 57.504293438323657 5.6032897059049018 3.7480964560672891 6.5610953955911091 6.4191731382161379 2.4639629161683843 4.6897718484979123 61.545520434970967 14.698646994307639 4.0883137695491305 2.7560161710716784 27.412174504250288 7.8718672143295398 5.5946498038247219 110.52017894154415 4.6630146030292989 8.2648254156083585 8.5732608245016291 4.0896166096354127
leaf_count=3270 36 30 186 136 9 804 178 226 27 177 555 490 369 92 23 87 41 38 867 251 15 44 58 98 43 605 1712 53 134 140
internal_value=-0.000145553 0.0412836 -0.00929087 -0.000638192 -0.00782488 -0.0225805 0.00958971 -0.0706951 0.0219072 0.0109719 0.00277424 0.0305284 -0.0012769 -0.0506491 -0.0168089 -0.0623837 0.0283666 -0.0560386 0.0220854 -0.0824225 -0.0962174 -0.0220548 0.00187852 -0.00661344 0.0163414 0.00226107 -0.00241895 -0.047897 -0.0240445 -0.0763383
internal_weight=705.914 8.29546 4.00671 697.618 224.601 121.583 103.019 13.703 89.3155 77.1571 473.017 60.2497 412.768 24.7956 19.1923 12.6312 6.21206 10.976 66.1811 23.522 21.543 6.84433 387.972 244.445 143.527 116.115 236.573 25.5907 20.9277 12.6629
internal_count=10794 252 216 10542 2772 1123 1649 404 1245 1218 7770 1045 6725 612 243 220 133 174 1044 319 310 59 6113 5407 706 648 5309 2039 327 274
is_linear=0
shrinkage=0.1


Tree=75
num_leaves=31
num_cat=0
split_feature=5 4 10 19 2 11 2 1 1 14 14 5 8 10 14 7 0 13 0 12 6 12 7 14 9 13 19 17 3 18
split_gain=1.46109 2.54525 2.26237 1.70892 1.50167 6.10757 3.7996 3.91534 5.88767 4.89422 8.32492 7.66982 6.61434 5.73673 5.69881 4.79283 6.6427 7.06488 6.29308 7.10435 4.83894 4.76897 4.47434 9.28855 10.0464 7.20637 5.50043 7.7404 7.23214 5.35677
threshold=0.0074184648173198694 2.7903596420719527e-11 2.2138382196426396 -0.11633747816085814 2.703989819300121e-10 2.6082229709345488e-09 2.6876491640468098e-10 0.40739730685386755 0.38901231988941171 0.014845794066786768 0.015312004368752243 0.020543970521938581 2.8530071078221502e-10 2.950693011283875 0.0089573091827332991 0.092934736706154361 3.2879031319671159e-10 1.5736931562423708 1.5638256016841203e-09 0.26166751980781561 2.0597080771407695e-10 0.24076225608587268 0.085153208554017853 0.017305484972894195 0.090987933807260543 1.5781558752059939 4.2604179382324228 0.11854137073863637 0.062009322263331952 0.14973964992995292
decision_type=2 2 2 2 2 2 2 2 2 2 2 2 2 2 2 2 2 2 2 2 2 2 2 2 2 2 2 2 2 2
left_child=-1 -2 -3 -4 6 -6 7 8 9 11 13 14 15 -11 -5 16 -13 20 19 -19 -18 -9 -12 25 -25 -24 27 28 -27 -26
right_child=1 2 3 4 5 -7 -8 21 -10 10 22 12 -14 -15 -16 -17 17 18 -20 -21 -22 -23 23 24 29 26 -28 -29 -30 -31
leaf_value=0.10030114841806721 -0.12194924354010912 -0.109236298889306 0.086483373442270237 0.085696369957773189 -0.15569969538496453 -0.0031347965687061976 0.081694174843617379 -0.078826779407263917 -0.14306107400933929 0.017617503733349856 0.033630436434752546 -0.20231013214076321 -0.10559278426952817 0.10959723135586059 -0.10256520375425569 0.034563276973555851 0.045478427255783133 -0.003801901004557177 0.081789255698605123 -0.1278236110952258 -0.077647666756954767 0.071432650845499865 0.0064003827204565517 0.06722969812454796 0.0058212558207530679 0.081363015555385415 0.078245125019351658 -0.14268819033245311 -0.13887596714456693 -0.070777540215421972
leaf_weight=1.4449046778026957 1.7174297076198843 1.892900705221108 2.2898494069231665 1.8239423402119417 2.6420113266940453 384.3231096611853 6.3612658208003259 2.465707701980139 2.8187452172860494 13.665040432475509 36.043807531706989 1.8340384988114227 5.9262992383446536 13.45965001080185 13.575260976445859 31.152100369799882 21.73963211406954 8.3886808836832696 3.0989855499938121 10.27767620468512 3.741204274352639 14.733949373941867 14.29901557206176 23.534846869297326 40.492214000783861 3.6821979675442043 1.8839020654559124 13.624703168869017 2.5055553913116455 11.78747207764536
leaf_count=43 941 2430 59 48 222 4287 24 83 70 102 119 19 154 35 547 248 100 157 12 162 60 72 156 62 247 15 6 179 27 108
internal_value=-0.000153122 -0.000361732 -6.08692e-05 0.000237696 -4.85701e-05 -0.00417644 0.00522464 0.00358433 0.000733217 0.00219892 0.0123341 -0.0152634 -0.00364526 0.0632591 -0.0802668 0.00388501 -0.015587 -0.00833867 -0.0501788 -0.0720881 0.0274005 0.0498918 0.00299155 -0.00688542 0.0129747 -0.0487153 -0.0850394 -0.100566 -0.00781652 -0.0114494
internal_weight=697.226 695.781 694.064 692.171 689.881 386.965 302.916 296.555 279.355 276.536 174.978 101.558 86.1586 27.1247 15.3992 80.2323 49.0802 47.2462 21.7653 18.6664 25.4808 17.1997 147.854 111.81 75.8145 35.9954 21.6964 19.8125 6.18775 52.2797
internal_count=10794 10751 9810 7380 7321 4509 2812 2788 2633 2563 1056 1507 912 137 595 758 510 491 331 319 160 155 919 800 417 383 227 221 42 355
is_linear=0
shrinkage=0.1


Tree=76
num_leaves=31
num_cat=0
split_feature=18 1 13 1 14 10 4 5 3 9 3 19 3 4 6 12 19 4 3 5 13 9 6 2 12 7 4 19 18 7
split_gain=1.39845 2.77901 2.45825 2.70522 4.73606 4.4182 2.4377 1.55675 5.4495 5.24546 5.01415 9.12402 7.23469 5.32913 4.96262 8.38754 6.0381 4.85583 4.84283 5.88773 5.65769 8.74382 8.27773 5.3907 5.74359 10.7629 4.80806 5.59158 4.19885 3.85684
threshold=0.7171053575373002 0.38001805176276132 2.0724240541458134 0.29117161095589134 0.017413475550711158 3.0252345800399785 6.6547095359993567e-11 0.029273434073180987 0.096018661679363224 0.16203899340386443 0.089183637410060967 2.8246421813964848 0.087343409287065271 1.9058877136686347e-10 5.1372911253226322e-10 0.28051908314228063 1.978831470012665 6.0741384543874871e-11 0.063193157376320835 0.031968499656903702 1.9087545275688174 0.084411133918745621 7.3757601140376496e-10 3.5743531092035269e-10 0.51845294237136852 0.11155804261731098 2.5541766508991838e-10 3.6726746559143071 0.11905042825012722 0.029333057426153886
decision_type=2 2 2 2 2 2 2 2 2 2 2 2 2 2 2 2 2 2 2 2 2 2 2 2 2 2 2 2 2 2
left_child=7 2 3 -2 5 -5 -3 8 10 14 12 13 29 17 15 16 28 -12 -16 -20 21 22 -21 -22 25 -25 27 -10 -9 -1
right_child=1 6 -4 4 -6 -7 -8 9 26 -11 11 -13 -14 -15 18 -17 -18 -19 19 20 23 -23 -24 24 -26 -27 -28 -29 -30 -31
leaf_value=0.050748156950035719 0.071159990566093081 0.051250778585809856 0.099488179206448424 -0.045076772739549666 -0.11632445872472991 0.1086214930402578 -0.09641956142967302 0.059694462624977122 -0.093481805721460101 -0.14987802125353861 -0.088630441033484345 -0.1837121958838269 -0.10607635738692532 -0.12289482029619964 0.071371300335103055 -0.082430873482331357 -0.12637037586761418 0.058795642030091716 0.034583742086482648 -0.10031116385238814 0.10210516775327166 -0.15331133911826439 0.11546563648383606 0.04087543331325974 0.092686804725041275 -0.10643033144451652 0.066789702951573493 0.056027390609205897 -0.12246751128018658 -0.0045539046335089919
leaf_weight=12.988910068350377 6.3147986526601114 1.7075004461221386 4.9595636054873458 3.7644192941515922 3.0637633465230465 3.7170228650793433 3.2372734013479203 14.242797368671747 16.226588060402726 2.0713097629486574 2.3819697098733732 1.8812360644806165 6.9072523476643246 1.8776076119393099 15.976068989373742 13.971301352605222 2.415542755770729 36.004326656038756 51.691657283809036 3.5582480989396554 5.1449919119477299 6.445632902905345 3.5532624647021294 9.8202942581847363 4.4062328319996587 10.022055689711122 2.9454053913941598 2.957402239117072 1.3887400396633882 433.41656996440724
leaf_count=1232 26 15 12 38 32 8 37 223 2976 200 375 26 166 28 51 207 61 183 259 41 9 87 5 91 9 149 45 22 68 4113
internal_value=-0.000148236 0.0222618 0.0376015 0.0193969 -0.0116005 0.0312855 -0.0454269 -0.00105386 -0.00361739 0.00811529 -0.00144885 0.031544 -0.00451624 0.0416014 0.0104096 -0.0242604 0.0207728 0.0496475 0.0204448 0.0118482 -0.0155144 -0.0689556 0.0075016 0.00913424 -0.0105921 -0.0335264 -0.0521692 -0.0704335 0.0435108 -0.0029448
internal_weight=689.06 26.7643 21.8196 16.86 10.5452 7.48144 4.94477 662.295 517.587 144.708 495.458 42.1451 453.313 40.2639 142.637 32.0184 18.0471 38.3863 110.618 94.6424 42.9507 13.5571 7.11151 29.3936 24.2486 19.8423 22.1294 19.184 15.6315 446.405
internal_count=10794 168 116 104 78 46 52 10626 9166 1460 6123 612 5511 586 1260 559 352 558 701 650 391 133 46 258 249 240 3043 2998 291 5345
is_linear=0
shrinkage=0.1


Tree=77
num_leaves=31
num_cat=0
split_feature=5 18 2 6 0 11 4 15 2 3 14 12 19 4 12 19 8 9 14 6 10 10 10 13 1 9 7 8 5 14
split_gain=1.30678 1.71358 1.66461 3.54193 2.39268 3.20091 2.82374 2.34743 2.26293 1.70177 1.57034 1.50886 6.14439 5.18249 7.02778 5.12779 3.23682 6.82926 3.14996 4.40631 4.53185 3.05802 3.49383 11.3247 4.7564 2.2739 6.38609 3.868 8.76285 5.22955
threshold=0.045821474511975692 0.18344420323741031 9.991778031833477e-10 9.3300660963288573e-10 1.1310364550235185e-08 1.2639550295290293e-08 2.7296197238573064e-10 9.4610317319165929e-05 9.5791718650538466e-10 0.13341502591725998 0.016506187617778782 0.4911294430494309 1.515051066875458 2.7296197238573064e-10 0.48178955912590032 1.3324228525161745 1.5055699081219789e-09 0.18841562022386618 0.033485244959592826 1.4602175130623114e-09 3.717852115631104 3.6506708860397343 3.5379695892333989 2.3649901151657109 0.23946846522046983 0.13694310950086391 0.11222211623757471 7.7311298017675709e-10 0.023010385939789223 0.027758364565670494
decision_type=2 2 2 2 2 2 2 2 2 2 2 2 2 2 2 2 2 2 2 2 2 2 2 2 2 2 2 2 2 2
left_child=2 10 8 4 5 7 -7 -4 9 11 -2 13 15 16 -15 -13 18 -18 19 20 21 22 25 24 -24 27 -27 -1 29 -29
right_child=1 -3 3 -5 -6 6 -8 -9 -10 -11 -12 12 -14 14 -16 -17 17 -19 -20 -21 -22 -23 23 -25 -26 26 -28 28 -30 -31
leaf_value=-0.0009047496794457985 -0.018471488482602688 -0.11476732982786074 -0.070683028467220355 -0.120780382312767 0.097353245374938183 -0.19418421626865767 -0.0074341567493294378 0.082485175521234563 0.069626301846299476 -0.11045164028192359 0.087043349722295257 -0.14591714801319908 0.052600305290827203 -0.14163769687401703 0.081742360324466398 0.030648620200253419 -0.13195598381674009 0.066988649140112641 -0.14146841652258324 0.068754824276287999 -0.13299128331502233 0.061304805294548737 0.054758910819558519 0.079911436754961818 -0.14598125043550991 0.083820911397293779 -0.13017465906235573 -0.10056858494892965 0.051419517433205955 0.06583259863644135
leaf_weight=527.42300071114732 1.9931720525200933 0.64142389711923886 1.5649551623500864 3.5747348077129564 1.8709666738286612 1.6781312961829828 1.5644920404301954 2.7745686095149722 4.649274711176985 1.4017401367018454 4.8246972245106008 3.3626010431908098 18.946174273267388 5.4943021638318887 1.893890146166086 3.2197610586881638 5.0927788484841576 2.6096508232876658 1.5550150973722328 9.4610156780108792 2.5523147915955624 8.1701027117669565 1.3961471766233424 4.4524362385272971 7.636457234621048 2.0899576228111973 4.1908963406458497 7.0246087438426894 36.790866028517485 2.5831645056605339
leaf_count=8358 28 16 111 86 100 33 23 31 42 875 208 47 74 75 6 16 71 13 18 37 40 38 9 14 113 6 63 97 135 11
internal_value=-0.000130737 0.0414954 -0.000590723 -0.0359895 -0.00392544 -0.0289169 -0.104082 0.0272484 0.000105912 -0.000385791 0.0561966 -0.000150583 0.0236831 -0.00111572 -0.0843764 -0.05955 -0.000128372 -0.0645518 0.000678057 0.00103819 -2.19733e-05 0.000542007 -0.000294328 -0.0506137 -0.114953 0.000875393 -0.0589675 0.00153041 0.0292114 -0.0558296
internal_weight=682.483 7.45929 675.024 13.0278 9.45311 7.58215 3.24262 4.33952 661.996 657.347 6.81787 655.945 25.5285 630.417 7.38819 6.58236 623.028 7.70243 615.326 613.771 604.31 601.758 593.588 13.485 9.0326 580.102 6.28085 573.822 46.3986 9.60777
internal_count=10794 252 10542 384 298 198 56 142 10158 10116 236 9241 137 9104 81 63 9023 84 8939 8921 8884 8844 8806 136 122 8670 69 8601 243 108
is_linear=0
shrinkage=0.1


Tree=78
num_leaves=31
num_cat=0
split_feature=3 18 4 18 14 12 3 19 1 4 8 14 6 13 10 17 12 2 13 1 10 15 11 5 17 9 7 12 12 6
split_gain=1.26507 2.01064 1.56664 3.788 3.17824 8.73895 4.18656 9.7409 6.21526 5.35859 4.25714 4.05021 3.68214 4.36582 3.13644 2.9608 12.3959 6.48726 4.98863 3.14112 2.63456 2.55493 4.2001 7.91836 6.47715 5.62358 6.33963 10.047 9.83901 4.62022
threshold=0.039242224119105489 -0.1142149641369046 4.8756583622897038e-11 -0.20159045602618289 0.016432126984000209 0.40402661263942724 0.054970407161108577 1.2363876700401308 0.23040379089971749 4.4525331832636386e-11 1.4785865431936961e-10 0.011343393940478565 1.2833622596187925e-10 2.7514588832855229 2.3009991645812993 0.17407226562500003 0.39141969382762914 1.1968224098597778e-10 1.9617166519165041 0.21692784637574125 2.3444476127624516 3.2523566915187991e-05 2.3457671360915815e-09 0.023178986581851992 0.16961115056818185 0.083165314982738756 0.071878729065106839 0.2580839097499848 0.27174174785614019 8.4573154532731722e-10
decision_type=2 2 2 2 2 2 2 2 2 2 2 2 2 2 2 2 2 2 2 2 2 2 2 2 2 2 2 2 2 2
left_child=1 -1 3 -2 5 6 12 8 9 -8 11 -10 13 -5 -4 20 -17 -18 19 -19 -16 -22 23 24 -23 26 27 -25 -28 -27
right_child=2 -3 14 4 -6 -7 7 -9 10 -11 -12 -13 -14 -15 15 16 17 18 -20 -21 21 22 -24 25 -26 29 28 -29 -30 -31
leaf_value=0.037447873350535794 -0.11564897633689007 -0.14357173169254381 -0.12774210111868597 -0.1331778510328214 0.060779234764157669 -0.17029493808465879 -0.15629087864305957 -0.14268905928736519 -0.024309348517124067 0.010171958059983093 -0.22289655624926683 0.080162023779722438 0.049446261400674929 0.087640353046758171 0.069847088644521868 -0.29059466061955908 -0.25894902687976845 -0.099932648096298191 -0.18750264606280559 0.056202399666173311 0.073631988780278643 -0.13002231771729073 0.0015186262245460412 0.024873956962667951 0.087902093970157399 -0.13022621282788871 -0.1598995561938644 -0.19525891616499608 0.041751584752999886 0.11537475875745402
leaf_weight=1.0293758277548479 2.2369762061716747 1.5191363080084546 1.9678345897773386 2.4870211716042827 13.426510597579179 2.6547686904668799 3.457374181452912 4.8184114747709819 5.1470346155983924 4.3883853172883391 0.58542664279229839 13.300080175977198 31.746039970777929 1.3990185260772703 5.3242891925619906 1.8136676512658585 0.96831703558564086 1.5137100511929009 1.1414062194526184 8.6603439589962345 4.5714179128408423 10.07803335401695 504.17486544614076 4.7043715782929194 1.5773272924125183 5.4759888462722293 2.6343515515327445 3.7071358128450811 29.686721367761493 0.89051473140716542
leaf_count=9 118 34 1333 222 46 19 173 345 2197 35 36 57 240 6 255 17 8 192 12 36 15 372 4473 51 4 156 43 55 234 1
internal_value=-0.000133147 -0.0704557 0.000132543 0.0127695 0.0162136 0.00766355 0.0146804 -0.0117584 0.0117133 -0.0631829 0.0425876 0.0510129 0.0381992 -0.0536808 -0.00170535 -0.00128278 -0.0465574 -0.0105259 0.0107328 0.0329724 -0.000168551 -0.000825438 -0.00143009 -0.0267332 -0.10053 -0.00847094 0.00518997 -0.0721434 0.0253159 -0.0958728
internal_weight=677.086 2.54851 674.537 85.647 83.4101 69.9836 67.3288 31.6967 26.8783 7.84576 19.0325 18.4471 35.6321 3.88604 588.89 586.922 14.0974 12.2838 11.3155 10.1741 572.825 567.501 562.929 58.7544 11.6554 47.0991 40.7326 8.41151 32.3211 6.3665
internal_count=10794 43 10751 3494 3376 3330 3311 2843 2498 208 2290 2254 468 228 7257 5924 265 248 240 228 5659 5404 5389 916 376 540 383 106 277 157
is_linear=0
shrinkage=0.1


Tree=79
num_leaves=31
num_cat=0
split_feature=18 6 8 3 4 4 18 11 10 4 0 8 11 2 17 12 5 11 19 18 7 17 18 14 3 10 18 0 3 5
split_gain=1.31514 2.5384 3.77011 8.12202 3.08459 3.28673 1.34193 4.7763 7.44587 9.60743 8.19907 7.40366 5.68834 5.44236 6.01017 7.6258 5.32806 5.06794 7.39482 5.09539 4.95691 4.76063 4.64061 4.34087 4.29931 4.44568 4.28075 4.20256 4.16708 3.93962
threshold=0.7171053575373002 3.2824519788397164e-10 4.5353866319524453e-10 0.07867948787056013 6.9017120099601182e-11 6.163689359204429e-11 0.12783541289073502 5.8609954667332439e-09 3.1792198419570927 1.3041372051034094e-10 1.2616624551147085e-09 5.447039130337934e-10 6.5106122715263845e-09 9.2677669456840325e-11 0.14626242897727273 0.32493098080158239 0.019917230963160507 4.7003949621426963e-09 0.69791066646575939 0.29140430044869642 0.13888078534016249 0.1470392400568182 0.42531180682470393 0.017305484972894195 0.06256895938592312 3.0614540576934819 0.23624940352006393 1.793253624665395e-09 0.066922159953145946 0.024428752764448305
decision_type=2 2 2 2 2 2 2 2 2 2 2 2 2 2 2 2 2 2 2 2 2 2 2 2 2 2 2 2 2 2
left_child=6 4 -3 -4 5 -2 -1 8 11 -10 -11 13 28 -8 15 16 -15 18 24 -20 -17 -12 26 27 -18 -26 -19 -21 29 -9
right_child=1 2 3 -5 -6 -7 7 12 9 10 21 -13 -14 14 -16 20 17 22 19 23 -22 -23 -24 -25 25 -27 -28 -29 -30 -31
leaf_value=0.0028302765610916506 -0.069852780298459038 0.081627003350216609 -0.1434994193242505 0.075467298226278623 -0.11264576157626938 0.086491953946890993 -0.2264755057134222 -0.12920064896317435 -0.15014793780666336 0.072553870363504122 -0.15311196768743615 0.057474365523580123 -0.0037934846534386467 -0.10117255784139852 0.015882765659868837 -0.1564666856487518 0.086449185315996518 -0.062279530400428808 -0.13732857668075077 -0.12305735089472575 0.046324100599227175 0.05480182358696109 -0.094365698215048879 0.095706952119757438 -0.13314793388101398 0.11855686993904145 0.089414185692609727 0.016069544847776351 0.061298997442536821 0.086591923224326739
leaf_weight=378.05585993533896 2.372005973360503 10.457686655689033 2.8436067905277005 4.1900530578568578 2.6502921122591943 3.1043982624541968 1.2587406868697133 2.3830056753940911 9.3688928049523401 5.6104590171016735 4.1589263952337205 14.219135620165614 110.42349858571833 7.1899988256918723 34.609704020433128 7.2840952472761256 6.2523707076907176 2.2652571250655447 7.0641391480676274 4.8097570298050396 1.4443638380616901 1.4979312270879743 2.2224170294939531 2.2406997233629218 2.2589501759866835 1.0179010629653933 10.406429489572472 3.9576954391304753 24.627345964538108 1.3117068093270061
leaf_count=7182 38 37 36 16 29 12 47 45 137 21 66 49 977 890 142 119 30 57 300 152 11 7 39 4 97 1 56 41 149 7
internal_value=-0.000125185 0.022096 0.0435521 -0.0130578 -0.0240848 0.018774 -0.00100648 -0.00642118 -0.0202618 -0.0753216 -0.0131026 -0.00978985 0.00646103 -0.0199342 -0.0171395 -0.0367048 -0.0215609 -0.00809107 -0.033459 -0.0710444 -0.122909 -0.0980566 0.0389203 -0.0285086 0.0378223 -0.0549599 0.0622966 -0.0602544 0.0464419 -0.0525894
internal_weight=671.557 25.618 17.4913 7.03366 8.1267 5.4764 645.939 267.883 129.138 20.6362 11.2673 108.502 138.746 94.2825 93.0238 58.4141 49.6856 42.4956 27.6015 18.0723 8.72846 5.65686 14.8941 11.0082 9.52922 3.27685 12.6717 8.76745 28.3221 3.69471
internal_count=10794 168 89 52 79 50 10626 3444 2266 231 94 2035 1178 1986 1939 1797 1667 777 625 497 130 73 152 197 128 98 113 193 201 52
is_linear=0
shrinkage=0.1


Tree=80
num_leaves=31
num_cat=0
split_feature=18 5 14 5 14 10 4 5 5 3 5 18 7 5 5 15 4 2 7 5 18 7 18 13 7 5 5 18 1 1
split_gain=1.29638 5.91277 5.69044 7.02428 5.35251 7.39632 11.0527 5.06378 4.77255 4.68434 6.19411 4.36977 3.92416 3.69871 4.11824 4.51674 3.45731 4.66678 3.88668 3.06069 3.03781 2.6986 4.20614 7.30919 3.3551 2.66966 6.33368 5.73218 5.35328 6.72536
threshold=0.3265098508193412 0.030362920423116595 0.015080599114298822 0.020288578335588624 0.018738416954874996 3.4172688722610478 1.0084357193696979e-10 0.020473669261987092 0.026980250524081918 0.076653329042020699 0.020598605525851733 0.3132002324881879 0.020011862526785069 0.022326453139485298 0.025755735821106483 7.3673803854035227e-05 9.2638675233704198e-11 3.4706541795322506e-10 0.08986527595397302 0.031280096497550113 0.7171053575373002 0.069754817142087006 0.7171053575373002 1.7911037206649782 0.099841479399912739 0.030768678828082659 0.031738495707103305 0.18021607631817463 0.28241049880900043 0.24130514531495362
decision_type=2 2 2 2 2 2 2 2 2 2 2 2 2 2 2 2 2 2 2 2 2 2 2 2 2 2 2 2 2 2
left_child=11 2 3 12 16 6 7 -6 -8 -5 -11 25 -2 -7 -15 -16 17 21 -19 -13 -3 -4 23 -23 -25 -1 -27 28 29 -28
right_child=1 20 4 9 5 13 8 -9 -10 10 -12 19 -14 14 15 -17 -18 18 -20 -21 -22 22 -24 24 -26 26 27 -29 -30 -31
leaf_value=-0.0048956111771600377 0.09576556348252141 -0.13018272792359556 0.1007951794015382 0.03934879948481676 0.053035277669648495 -0.05404873787215253 -0.15112271156524981 -0.07138431511745906 -0.0013321167738197604 0.10680871853191157 -0.12674614960502065 -0.14100643452844089 -0.13165596825765136 0.087854108741842643 0.076030429082546203 -0.077674932153000073 0.068836791486632576 -0.12768797599580589 0.023815623357496429 0.049183542827074093 0.057677552494948839 0.066223885217980213 0.089015502932021151 -0.19549895473066897 -0.024808294347702778 0.055155842885015086 0.01349882055031585 -0.092730396188398054 0.021090031347967424 -0.14138364414481572
leaf_weight=426.22927863687073 0.8492226221133049 4.403460323897888 5.7563128946349087 12.628967184107752 11.308391915634276 3.6479084864258793 8.3037916803732497 4.6024568937718859 2.8595601394772521 1.5185333490371693 4.502258487555082 3.6954243407162712 7.1197272795834579 13.649768438655885 3.6825468987226477 3.9759837246965617 28.312224209774286 3.4348655585199586 3.3396488837897778 1.0974186975508926 1.0699218506924806 4.7558009335771185 5.5692764669656745 2.3129210071638227 2.2933989949524403 26.493947294220561 6.3381237168796343 6.3824827569478648 49.51184616444516 5.0273180301155662
leaf_count=8374 81 93 14 107 53 43 119 27 22 4 108 79 275 44 12 48 121 26 17 5 9 19 16 23 21 145 227 113 476 73
internal_value=-0.000130945 0.00842257 0.012571 -0.0288348 0.0227947 -0.000275331 -0.0364738 0.017045 -0.112753 0.00474448 -0.0678401 -0.00241118 -0.10742 0.0389953 0.0549241 -0.00376686 0.0443161 0.0190365 -0.0530009 -0.0974586 -0.0934603 0.0426262 0.0202011 -0.0207348 -0.110515 -0.0015351 0.0137427 -0.00257014 0.00688242 -0.0550109
internal_weight=664.673 139.897 134.424 26.6187 107.805 52.0304 27.0742 15.9108 11.1634 18.6498 6.02079 524.776 7.96895 24.9562 21.3083 7.65853 55.7744 27.4622 6.77451 4.79284 5.47338 20.6877 14.9314 9.36212 4.60632 519.983 93.7537 67.2598 60.8773 11.3654
internal_count=10794 1302 1200 575 625 368 221 80 141 219 112 9492 356 147 104 60 257 136 43 84 102 93 79 63 44 9408 1034 889 776 300
is_linear=0
shrinkage=0.1


Tree=81
num_leaves=31
num_cat=0
split_feature=4 15 4 19 7 7 10 4 3 17 2 2 0 11 7 6 19 18 3 13 5 19 2 0 5 17 17 19 12 7
split_gain=1.31702 5.76244 5.53536 4.64254 8.81232 8.80775 7.93341 4.54217 4.494 4.1658 4.15022 5.55914 4.95613 7.62682 4.7648 4.7 4.02377 10.7629 6.19785 5.81977 7.97687 6.87285 7.9517 6.35026 6.02769 5.80416 5.77159 6.36247 4.55583 6.90939
threshold=1.0935456308630829e-10 4.740052645502147e-05 1.0836486964428873e-10 2.1414046287536626 0.14781680892972765 0.11943118799632434 3.432140707969666 1.2071132592252225e-10 0.10128086750369004 0.12013938210227275 4.0824701425993593e-10 3.7285652157113895e-10 2.1040993992119624e-09 4.7954449300391397e-09 0.10289449790992543 1.729757870527319e-10 1.4516324996948244 -0.063332090794574455 0.061801401929942108 2.4016414880752568 0.027240900017156729 0.99346897006034862 1.7019629522795697e-10 2.6527670730850587e-09 0.031968499656903702 0.13088156960227273 0.11472389914772728 1.7980626821517947 0.29702863097190862 0.11580410953861919
decision_type=2 2 2 2 2 2 2 2 2 2 2 2 2 2 2 2 2 2 2 2 2 2 2 2 2 2 2 2 2 2
left_child=2 -2 8 16 5 6 7 9 10 -5 11 -1 -12 -14 15 -13 17 -3 -18 20 -19 22 -22 24 -23 -21 27 -20 -28 -30
right_child=1 3 -4 4 -6 -7 -8 -9 -10 -11 12 14 13 -15 -16 -17 18 19 26 25 21 23 -24 -25 -26 -27 28 -29 29 -31
leaf_value=0.00071971613963467754 -0.11860483473642308 0.047884539246551845 0.08458496644083674 -0.11942843499579919 0.023588378310797319 -0.1287290090256519 0.067252457147818273 -0.094015247340733465 -0.10153969050707141 0.053352926706320893 0.081544565989961917 0.014190498447516131 -0.17118226350687799 0.020524305990222036 0.025421825412205692 -0.17197723631097467 -0.096688582752092966 -0.10613933369131792 -0.10443013310183398 -0.016773608501932959 0.074674797631229903 0.057295351831865841 -0.11764613887771987 -0.093263993729168188 -0.054360428715444845 0.085867640499121031 0.11756719303408854 0.025704263853127414 -0.043317895414861342 0.044074855153264023
leaf_weight=308.32382040285302 4.4344163754140018 25.52728705300251 8.252678893019036 1.9145810645859516 21.108369050023612 11.802714332472531 6.9100074488669625 12.37489206738246 4.161661571757576 5.146072837524116 12.975135670043526 1.8578580843750367 2.1708763277638345 47.109361628390616 3.2375164162367582 5.0211108855437487 4.3850866649299851 15.204707831901031 6.608986083767376 19.550533441128213 2.6661195550113908 17.693795315441101 11.102062481426399 5.3799984197830772 6.6528240497864308 7.6709400676190844 6.4227723758667699 8.7062194768222962 10.897712064906953 53.260992909781635
leaf_count=4951 74 189 42 52 315 226 39 243 2377 20 43 45 47 374 18 83 62 295 153 279 8 79 202 71 68 17 9 102 83 228
internal_value=-0.00012386 -0.00556634 0.00355081 -0.00364571 -0.0282542 -0.05694 -0.0247788 -0.0574991 0.00181315 0.00650119 0.00294298 -0.00167361 0.0265571 0.0120793 -0.0746158 -0.121697 0.00358286 -0.00912857 0.0192745 -0.0260673 -0.0437905 -0.0219948 -0.0804044 0.00505815 0.0267849 0.0121504 0.0251945 -0.0304528 0.0372692 0.0292307
internal_weight=658.531 265.421 393.11 260.987 59.2566 38.1483 26.3456 19.4355 384.857 7.06065 380.696 318.44 62.2554 49.2802 10.1165 6.87897 201.73 111.448 90.2818 85.921 58.6995 43.4948 13.7682 29.7266 24.3466 27.2215 85.8967 15.3152 70.5815 64.1587
internal_count=10794 2814 7980 2740 895 580 354 315 7938 72 5561 5097 464 421 146 128 1845 1208 637 1019 723 428 210 218 147 296 575 255 320 311
is_linear=0
shrinkage=0.1


Tree=82
num_leaves=31
num_cat=0
split_feature=1 11 14 9 17 5 10 12 10 4 10 1 3 13 3 18 5 1 17 12 18 17 1 12 7 19 15 11 18 17
split_gain=1.39276 2.70117 5.04882 3.62069 1.84404 4.57374 9.84823 5.22673 5.70076 6.37316 3.23322 3.117 8.77029 5.0661 4.82851 3.98001 3.78773 8.49147 6.2245 4.34194 5.19915 3.97722 3.90287 4.04719 6.06587 3.75185 4.21741 3.28013 3.2008 3.10274
threshold=0.60960238033732772 1.0297375396817189e-08 0.016011703759431842 0.017802665699877668 0.098832563920454572 0.032926371076674878 2.7860447168350224 0.25995089113712316 2.7448160648345952 5.5515008071038303e-11 2.3327324390411381 0.46664995001563553 0.072892883005496775 2.5751346349716191 0.080153732562033272 -0.098713302445089926 0.017439633971431397 0.38901231988941171 0.14495294744318185 0.25066168606281286 -0.1040071868589042 0.10948597301136366 0.32978223950026664 0.42681360244750982 0.076554995632734477 0.13385410606861117 6.7116070567863076e-05 6.3330019006713209e-09 0.13049245856448335 0.1100186434659091
decision_type=2 2 2 2 2 2 2 2 2 2 2 2 2 2 2 2 2 2 2 2 2 2 2 2 2 2 2 2 2 2
left_child=4 -2 3 -3 5 6 7 8 9 10 -1 13 -13 16 -14 -15 17 18 -6 20 -18 25 23 24 -20 -21 -27 -28 -16 -23
right_child=1 2 -4 -5 11 -7 -8 -9 -10 -11 -12 12 14 15 28 -17 19 -19 22 21 -22 29 -24 -25 -26 26 27 -29 -30 -31
leaf_value=-0.083561248951818184 0.07103472569444079 -0.0036673139827697343 0.057643323122290403 -0.16599933614528017 -0.11694121724535783 0.034690767574085714 -0.12086839474693807 0.094114275832150304 0.075333608070343158 -0.11390326826709821 0.042722002431207134 0.065377315711750955 -0.13488073424428104 0.066637555045504934 -0.1016683203615843 -0.14103977233856985 0.089460569129675593 -0.15895093799479013 0.017631906065277241 0.06457644738415623 -0.0092965250176105293 0.081269161601599846 0.080048801782046874 0.05209258262446527 -0.18000696333022226 -0.11612549151428408 0.040474251784544675 -0.11134012213316367 0.038780571618015264 0.00058010439814695509
leaf_weight=2.8844331340369624 7.9605516691153779 3.2132129789242736 6.2368537560105324 2.4004260100191459 4.3831841726059855 11.788972610920608 10.134391701780258 4.4244991126470259 4.5486035589128724 8.3625717826726014 6.8236368557118112 23.232096401043236 3.6940470281988373 1.1730246637016533 2.19344589486718 4.3258996666409066 11.980336234555581 4.7118851357954545 3.4375894556287694 2.53315535001457 9.6045279075915442 4.8142507770098737 6.1882995478808871 4.5691772764548659 2.8324746526777744 7.9800444333814067 4.4683426183182746 2.0883550667203963 6.2353355130180717 471.46477849365328
leaf_count=2853 131 103 105 39 295 193 238 38 30 1694 133 113 48 8 27 79 51 102 23 11 238 26 16 19 36 230 51 62 39 3763
internal_value=-0.00012553 0.0259823 -0.00428168 -0.0730815 -0.000945376 -0.0195829 -0.0367928 -0.00528627 -0.0247298 -0.049917 0.0052011 0.000622954 0.0293991 -0.00123848 -0.0395493 -0.0967383 -0.000267888 -0.0374159 -0.0106695 0.00161663 0.045517 -0.000304086 0.0166866 -0.0194879 -0.0716506 -0.0477314 -0.067302 -0.00787971 0.00223115 0.00139571
internal_weight=650.688 19.811 11.8505 5.61364 630.877 48.9671 37.1781 27.0437 22.6192 18.0706 9.70807 581.91 35.3549 546.555 12.1228 5.49892 541.056 26.1226 21.4107 514.934 21.5849 493.349 17.0275 10.8392 6.27006 17.0699 14.5367 6.5567 8.42878 476.279
internal_count=10794 378 247 142 10416 5179 4986 4748 4710 4680 2986 5237 227 5010 114 87 4923 491 389 4432 289 4143 94 78 59 354 343 113 66 3789
is_linear=0
shrinkage=0.1


Tree=83
num_leaves=31
num_cat=0
split_feature=5 10 2 11 17 18 4 13 3 1 4 1 1 0 8 17 1 7 10 10 1 3 17 8 6 3 2 6 18 6
split_gain=1.30005 1.95634 1.39866 4.9013 2.97439 3.23167 2.92729 4.73914 2.96954 5.41236 7.32131 6.46712 4.4133 9.68717 7.66586 5.54698 5.97243 6.2237 4.6003 7.18546 5.98648 4.84083 4.52698 4.41009 4.33477 4.13008 4.07123 3.5996 5.16624 4.93664
threshold=0.0082051409848735418 2.2138382196426396 2.703989819300121e-10 2.6082229709345488e-09 0.17407226562500003 -0.056144126892005174 1.4030276906735022e-10 1.7981299161911013 0.077307614946468914 0.25395875278254476 6.2556309978207491e-11 0.33576370933371846 0.32978223950026664 7.2332347426991934e-10 5.5571219707314932e-10 0.1470392400568182 0.40739730685386755 0.11803054801450187 2.758127093315125 2.6358612775802617 0.27562478971806165 0.071730498630301329 0.16084428267045456 1.8848494182545889e-10 7.6666501006102236e-10 0.089183637410060967 2.4032309944949348e-10 6.1927449053543806e-10 -0.076613103531682006 6.9510444318190598e-10
decision_type=2 2 2 2 2 2 2 2 2 2 2 2 2 2 2 2 2 2 2 2 2 2 2 2 2 2 2 2 2 2
left_child=-1 -2 6 -4 -5 -6 8 -8 12 10 -10 -11 13 24 18 16 17 26 19 -15 21 -20 -21 -12 27 -13 -14 28 -3 -29
right_child=1 2 3 4 5 -7 7 -9 9 11 23 25 15 14 -16 -17 -18 -19 20 22 -22 -23 -24 -25 -26 -27 -28 29 -30 -31
leaf_value=0.083820283158890646 -0.10955121436615012 -0.050445891849680846 -0.1510780391604972 -0.0024422848445315119 0.043422527285454059 -0.16922654339940316 -0.044811464710547227 0.086493280806126047 -0.16463361212851002 0.059208377073229984 0.10015680128535512 -0.15623896075574228 -0.12774051391190097 -0.018745377534735756 -0.1555041637473778 0.073069895315283365 0.049315061658163933 0.056961523496662406 -0.15287299648832892 -0.13960675511762294 0.0023528078975901248 0.022905184325740374 -0.41051938235217333 -0.060427224239425453 0.061545285894224346 0.06063025945887196 -0.014097961087411699 -0.14256986347675746 0.012676844275697041 0.014248551919844915
leaf_weight=1.8392860504827684 1.6370579653666926 15.064328471431507 2.2592155932870801 351.82028672332672 1.0680147310777104 2.1600774746912057 3.7994975023902944 9.9397438429295999 3.1638398086652142 31.736347410769667 3.3977410048246384 2.4506200569448988 6.804096715874044 3.5924298964673644 5.8019067025743416 16.009413715451956 14.139138434489722 4.9677718612365416 5.1084846742451182 1.7631757506169381 27.969577082432806 2.2597548477351665 0.94868486747145642 3.4433007379993796 12.287032864987848 1.3685278133489189 5.8738272773334756 4.0847027241252345 93.081154750543647 3.9473054260015488
leaf_count=86 3303 228 223 4121 146 58 38 30 62 190 7 58 215 88 79 39 146 29 58 47 200 10 10 39 51 21 68 72 1049 23
internal_value=-0.00013243 -0.000372969 -9.38367e-05 -0.00425328 -0.00331902 -0.0988716 0.00515771 0.0501818 0.00286034 0.0261304 -0.0388447 0.0444137 -0.00187896 -0.0092003 -0.0478153 0.0250675 0.000889624 -0.0379127 -0.0328112 -0.111503 -0.0187726 -0.0989638 -0.23438 0.0193301 0.00506084 -0.0785275 -0.0750886 -0.000913002 0.00388404 -0.0655019
internal_weight=643.786 641.947 640.31 357.308 355.048 3.22809 283.002 13.7392 269.263 45.5604 10.0049 35.5555 223.703 175.909 47.444 47.7942 31.7848 17.6457 41.6421 6.30429 35.3378 7.36824 2.71186 6.84104 128.465 3.81915 12.6779 116.177 108.145 8.03201
internal_count=10794 10708 7405 4548 4325 204 2857 68 2789 377 108 269 2412 1915 492 497 458 312 413 145 268 68 57 46 1423 79 283 1372 1277 95
is_linear=0
shrinkage=0.1


Tree=84
num_leaves=31
num_cat=0
split_feature=5 19 18 5 14 5 14 10 4 10 12 5 18 13 8 1 9 13 18 18 17 1 14 15 11 12 17 3 5 3
split_gain=1.25242 1.77488 1.35871 4.48564 4.48682 6.16491 4.13662 5.96077 8.94148 4.27213 6.85577 4.20751 3.60771 6.82019 7.38398 5.49107 4.63706 4.72591 4.04402 4.61401 7.52666 11.0968 8.18469 6.81758 3.95055 3.67042 5.88814 3.60445 5.05532 3.5395
threshold=0.055099918064717861 3.5095558166503911 0.3265098508193412 0.030362920423116595 0.014924586284905674 0.020288578335588624 0.018738416954874996 3.4172688722610478 1.0084357193696979e-10 3.1792198419570927 0.36249209940433508 0.026980250524081918 0.26623099449683324 2.3138719797134404 2.5386665395236377e-10 0.3420274265152658 0.08045616819563213 2.0615931749343877 0.24310948750512171 0.16180671995971355 0.1212491122159091 0.35798071129820563 0.015445876866579058 9.4610317319165929e-05 2.076686023144703e-08 0.36514855921268469 0.14626242897727273 0.076653329042020699 0.020598605525851733 0.064225412994521405
decision_type=2 2 2 2 2 2 2 2 2 2 2 2 2 2 2 2 2 2 2 2 2 2 2 2 2 2 2 2 2 2
left_child=2 -2 12 4 5 -4 -6 8 9 -8 -11 -10 18 15 -15 16 -14 -18 19 -1 24 22 -22 29 -21 -23 -27 -7 -29 -24
right_child=1 -3 3 -5 6 27 7 -9 11 10 -12 -13 13 14 -16 -17 17 -19 -20 20 21 25 23 -25 -26 26 -28 28 -30 -31
leaf_value=0.0010001563879263728 0.083305550823191035 -0.10914993738670756 -0.11091232508859294 -0.086469352461123583 0.039998415233959528 0.037098331892805973 0.058737460481129912 0.036111225734180671 -0.1455542780437846 0.048163075437729796 -0.16365472710101026 -0.0011659085285499488 0.039518073700876899 -0.16044054940240526 0.039924040224813238 -0.15417707410076534 -0.17282324229523308 0.014082195454307264 0.039353493054286634 -0.11141374435122164 0.037777748102633457 0.061959917929913448 -0.064948290420742308 0.056975938347006906 0.10727314371306247 -0.13854122553579259 0.050262863669491224 0.10459130830855733 -0.12161030350116464 -0.184371992440581
leaf_weight=393.27106439686031 3.3847550237551327 0.55821976717561472 6.4352082470868508 4.7813715708107329 54.47077680635266 11.033082673617175 9.0220200307667273 23.600239018211141 7.4076717060524953 3.3195122834295026 2.8313443842343986 2.7739286702126265 4.5861883664692922 2.1337979736854313 13.325778627302496 6.2363166132017787 3.2974886555457488 2.2939274050295353 24.004374002244731 12.101836141664531 5.2125390679866568 16.462232701946053 3.8366074713412655 2.0414600372314444 0.88657778035849411 2.7458178852684787 4.1457224767655134 1.3264214182272542 3.8724027403040964 7.0278098580893129
leaf_count=7568 24 186 351 98 274 99 36 147 119 12 32 22 65 39 85 208 53 11 209 722 65 54 47 6 13 43 15 4 104 83
internal_value=-0.000125554 0.056059 -0.000474711 0.00860295 0.012208 -0.0280859 0.021039 -5.66508e-05 -0.0337221 0.0149244 -0.0493403 -0.106216 -0.00283374 -0.0353952 0.0122688 -0.0802879 -0.0350123 -0.0961436 -0.000633683 -0.00277753 -0.030057 -0.00925234 -0.0679795 -0.110694 -0.0964864 0.0363096 -0.0249629 0.00475095 -0.0638975 -0.142199
internal_weight=638.426 3.94297 634.484 130.874 126.093 22.6671 103.425 48.9547 25.3545 15.1729 6.15086 10.1816 503.61 31.8735 15.4596 16.4139 10.1776 5.59142 471.736 447.732 54.4606 41.4722 18.1184 12.9059 12.9884 23.3538 6.89154 16.2319 5.19882 10.8644
internal_count=10794 210 10584 1298 1200 558 642 368 221 80 44 141 9286 461 124 337 129 64 8825 8616 1048 313 201 136 735 112 58 207 108 130
is_linear=0
shrinkage=0.1


Tree=85
num_leaves=31
num_cat=0
split_feature=1 2 19 14 2 3 4 3 19 12 18 14 1 0 5 15 11 5 13 12 2 0 19 7 15 19 3 2 5 3
split_gain=1.3071 3.70794 3.47756 3.05021 2.59783 3.49459 2.40256 4.48282 2.34505 2.25659 2.28312 2.2141 1.76849 1.73508 5.08175 2.82425 5.72777 4.76398 2.94322 5.30277 2.68227 3.19557 8.08286 6.46848 7.91157 6.36086 5.41232 9.10094 6.74739 6.50863
threshold=0.55417541843051576 1.13377914758648e-09 0.051322843879461295 0.0082945763133466261 3.5988743282826127e-10 0.073890493711521593 3.0887905280963163e-10 0.093177716739988994 0.31972451508045202 0.14847882837057116 -0.072569463137452564 0.018137747421860698 0.64849849514625968 5.5176675548627368e-09 0.020543970521938581 9.1265457740519209e-05 9.629053998594374e-09 0.031738495707103305 2.2295433282852177 0.51845294237136852 8.6660022860381299e-10 2.3503304905207623e-09 1.3324228525161745 0.12078638955952585 7.8695520642213537e-05 2.0488473176956181 0.077922406304516426 5.8925488991064896e-10 0.025755735821106483 0.061801401929942108
decision_type=2 2 2 2 2 2 2 2 2 2 2 2 2 2 2 2 2 2 2 2 2 2 2 2 2 2 2 2 2 2
left_child=1 3 -3 -1 -2 11 7 -7 -9 10 -10 -6 -11 15 -15 16 20 -18 19 -17 21 -5 -23 26 -25 -26 29 -28 -29 -24
right_child=4 2 -4 13 5 6 -8 8 9 12 -12 -13 -14 14 -16 18 17 -19 -20 -21 -22 22 23 24 25 -27 27 28 -30 -31
leaf_value=-0.11101066148970017 0.08941252738246977 0.10114183169940161 -0.12633122979327804 0.0032731925760829147 -0.12557124624744265 0.047442361095318138 0.10272667805993983 0.050029922725878945 -0.56254322610146479 -0.14161960250801992 -0.16316272005058402 0.0054641379653425437 0.021046675327020349 0.036845950398652981 -0.13320296606950432 -0.10028702992043242 -0.1387343912654225 0.01890001107126555 0.042994863300279018 0.067685153634170617 0.057414563149690505 -0.086525913408201385 -0.054337722035224273 -0.13982697385873458 0.034200814802591011 -0.12509342191060699 -0.10050023626256435 0.040913302724295414 -0.12587081025657607 0.042820307686295883
leaf_weight=2.4843151064123949 4.608535368373853 0.80668957717716594 4.0273160115903011 422.08311382359534 2.8028864848311086 10.82195340001636 3.4516468308866015 1.3145632414089039 0.16605125647766694 1.2344046139623972 1.0373157603171335 2.3882196946069598 1.4575169403105972 3.46672341012163 3.5641459990292788 4.3102889698930076 5.43304479960352 2.9626636505126953 27.907043755054474 3.3325511580333114 8.0510115588549507 14.082270806073209 8.2388587282039207 7.2551613969262716 9.2596838865429145 3.4373254813253871 10.706715154461564 15.743454765412027 2.8674365095794192 42.270258091739379
leaf_count=4087 45 12 271 4024 81 148 65 60 62 33 258 36 10 28 64 49 85 16 150 13 46 227 130 121 41 62 169 85 69 247
internal_value=-0.000138409 -0.00114152 -0.088371 -0.000435745 0.0204934 0.00762113 0.0270466 0.0107526 -0.0654596 -0.104434 -0.218273 -0.0652871 -0.0535454 2.59628e-05 -0.0493566 0.000616503 -0.00114175 -0.0831086 0.027937 -0.0270452 0.000123283 -0.000737353 -0.0156044 -0.00559495 -0.0565234 -0.00892321 0.0071343 -0.027043 0.0152164 0.0269723
internal_weight=631.573 602.29 4.83401 597.456 29.2831 24.6746 19.4835 16.0318 5.20985 3.89529 1.20337 5.19111 2.69192 594.972 7.03087 587.941 552.391 8.39571 35.5499 7.64284 543.995 535.944 113.861 99.7789 19.9522 12.697 79.8267 29.3176 18.6109 50.5091
internal_count=10794 9996 283 9713 798 753 636 571 423 363 320 117 43 5626 92 5534 5322 101 212 62 5221 5175 1151 924 224 103 700 323 154 377
is_linear=0
shrinkage=0.1


Tree=86
num_leaves=31
num_cat=0
split_feature=1 11 14 19 12 18 6 0 0 8 8 10 19 11 2 9 19 19 0 18 3 3 15 17 3 4 17 2 17 0
split_gain=1.18683 2.42738 3.65699 3.697 1.88377 1.82435 1.49599 1.47448 3.7896 4.11632 4.53722 7.05838 7.8645 5.42957 4.83457 4.26711 4.75129 5.06534 3.54964 3.94309 3.71937 6.38985 4.78487 4.81491 3.54018 3.48082 7.77338 12.7894 8.05774 6.40283
threshold=0.60960238033732772 1.1762853802110841e-08 0.018006269820034507 0.38945716619491583 0.19085435569286349 0.11905042825012722 4.7520986876746595e-11 2.3503304905207623e-09 2.3297812717863113e-09 1.5055699081219789e-09 8.238698118106098e-10 3.4543068408966069 3.411168217658997 6.3330019006713209e-09 5.2259177301415245e-10 0.11408878093268736 1.0400307774543764 2.5220285654067998 2.4625705056248578e-09 0.58803656463384302 0.061801401929942108 0.06551405025786268 9.1265457740519209e-05 0.16741388494318185 0.066922159953145946 1.162005197541244e-10 0.12693093039772732 8.4238556134148584e-10 0.12892844460227273 2.9680701405943792e-09
decision_type=2 2 2 2 2 2 2 2 2 2 2 2 2 2 2 2 2 2 2 2 2 2 2 2 2 2 2 2 2 2
left_child=6 -2 3 -3 5 -5 -1 8 9 10 11 13 -13 14 -8 -12 -17 -18 19 -9 22 -22 23 -20 -23 -26 27 29 -28 -27
right_child=1 2 -4 4 -6 -7 7 18 -10 -11 15 12 -14 -15 -16 16 17 -19 20 -21 21 24 -24 -25 25 26 28 -29 -30 -31
leaf_value=-0.12215832041281141 0.060252545732074253 0.10000866904906891 0.056043106922583158 0.001637928665260943 -0.23168160152968681 -0.16226829936233819 0.0031011475752394913 -0.12692167312136043 0.070961278310166687 -0.12175282124535883 0.097063882672405635 -0.1378959657591918 0.083754525691183579 -0.12894761519397385 -0.12506760704476141 -0.12155334860861421 0.048425523662668099 -0.073124268870504591 -0.10755845023832405 0.055627260492905763 0.04802891253364483 -0.088191469131271141 0.032444616506797495 0.092715972809782485 0.016958271820978244 -0.017829713600488992 0.090719980403783401 0.021579221526341313 -0.011511697907435489 -0.13197972672138311
leaf_weight=1.015707157916039 9.4402570528254746 0.98714672171626983 4.1572952419519424 1.4770248158019974 1.0429508546367285 1.2569817897165192 362.66578461744939 4.7765307969675623 7.9398003717651582 2.704339023504871 8.6476027071475965 7.0985672026872617 2.0668893589172512 3.1910936990752807 2.9670986436103695 2.2837633537128594 21.45018521882594 4.0807079155929378 10.518438442843037 1.5728951562196014 22.89295869669877 5.4326466210186473 4.9361965397838494 1.3550828918814648 44.270257170253899 7.047530176794683 9.7036200091242772 14.757284539606188 37.522189494920895 16.230197958022472
leaf_count=4058 163 61 80 33 14 27 3701 94 29 224 21 104 15 50 89 46 106 60 244 16 124 59 44 3 369 109 27 196 310 318
internal_value=-0.000140958 0.0249067 -0.0124947 -0.0723029 -0.117338 -0.0737193 -0.000898488 -0.000695284 0.00252325 0.00122065 0.00202307 -0.00122661 -0.0879119 0.000927565 0.00206106 0.0357111 0.0166365 0.0289977 -0.00825365 -0.0817002 -0.00558374 -0.000821858 -0.0503016 -0.0847018 -0.00910808 -0.00579125 -0.0176036 -0.0512491 0.00949413 -0.0974198
internal_weight=625.489 18.3617 8.9214 4.7641 3.77696 2.73401 607.127 606.112 425.096 417.156 414.452 377.989 9.16546 368.824 365.633 36.4623 27.8147 25.5309 181.016 6.34943 174.666 157.857 16.8097 11.8735 134.964 129.531 85.2608 38.035 47.2258 23.2777
internal_count=10794 378 215 135 74 60 10416 6358 4445 4416 4192 3959 119 3840 3790 233 212 166 1913 110 1803 1512 291 247 1388 1329 960 623 337 427
is_linear=0
shrinkage=0.1


Tree=87
num_leaves=31
num_cat=0
split_feature=5 14 9 12 10 12 14 3 19 18 4 2 5 5 1 6 4 17 4 2 9 12 7 5 10 0 5 12 7 18
split_gain=1.14537 1.6071 1.16572 2.41168 4.15935 3.32198 2.0003 2.74493 2.4691 2.0796 1.73513 1.69456 2.93752 2.64649 1.67116 1.65027 1.57444 1.43308 3.17876 4.52531 3.32257 3.12341 7.74678 5.37691 5.33441 7.82206 5.89109 5.4936 5.27861 5.84206
threshold=0.0082051409848735418 0.0075500942766666421 0.019735614596308508 0.20726077258586886 2.7080705165863042 0.21278492361307147 0.011546346824616196 0.093177716739988994 0.61969462037086498 1.0000000180025095e-35 1.5325776675492448e-10 1.0372639178687539e-09 0.042175784089126589 0.020598605525851733 0.46441234103479179 3.3350003251853254e-10 3.0202162792187729e-11 0.14086914062500003 2.7296197238573064e-10 8.4238556134148584e-10 0.06903330418064893 0.34346534311771398 0.08986527595397302 0.020152646811212729 3.6506708860397343 1.9321249585264248e-09 0.021671207620880397 0.44636441767215734 0.064430869281436334 -0.14141394426703544
decision_type=2 2 2 2 2 2 2 2 2 2 2 2 2 2 2 2 2 2 2 2 2 2 2 2 2 2 2 2 2 2
left_child=-1 -2 6 4 10 -5 7 9 -9 -3 15 16 13 -13 -14 -4 -7 18 19 -18 -21 22 28 -23 25 27 -27 -25 -19 -30
right_child=1 2 3 5 -6 11 -8 8 -10 -11 -12 12 14 -15 -16 -17 17 21 -20 20 -22 23 -24 24 -26 26 -28 -29 29 -31
leaf_value=0.083239019642052117 -0.094265508531653108 0.093051903479630563 -0.11136479787808838 0.079544627388877673 0.046569700114521245 -0.092369729815723944 0.081330503666316473 0.029309194397087863 -0.18824275933214671 -0.037115426463408471 0.048186637641023371 0.075241753426935537 -0.11375327785087375 -0.12755187648244512 0.089822776748456998 -0.29651057631853617 -0.0048104376236526398 0.018421144371696906 -0.078653165975701475 -0.020988162801853016 0.080443901346942751 0.02799577092718343 0.059602100303220454 -0.0083535305251532192 0.01757629138464863 -0.0025552958940010455 -0.16923669519332593 -0.13901299362358749 0.045299304705567506 -0.16352586990876294
leaf_weight=1.6428989585401712 1.8174240048683703 2.9009788467956223 3.564379545627161 5.203228930826298 2.4764899543952197 1.8443446127639607 4.7358202352188528 0.89736199588514898 1.246153106621932 2.1274792624608381 0.5812595763709395 0.768423086614347 0.52237912827695288 3.9590140086365864 1.7680496778339145 0.55660249106585968 347.79982400563313 10.302421484142544 5.558499402832239 4.5873328438028684 10.909641210921107 49.280076703289524 30.255452958168462 63.149549525231123 41.255397432018071 3.2197256293147785 6.2104308125562966 3.3907037703320375 1.9498471822589643 4.2810552320443076
leaf_count=86 4340 20 217 65 29 89 94 13 29 40 16 16 185 101 22 10 3948 43 84 37 52 243 156 385 272 21 75 43 8 55
internal_value=-0.000146372 -0.000368361 -9.1016e-05 -0.000702476 -0.0583176 -8.76078e-06 0.030893 -0.00241203 -0.0971667 0.0379797 -0.113558 -0.000709143 -0.0495554 -0.0945887 0.0433931 -0.136372 -0.000122157 0.000170098 -0.00360285 -0.00245456 0.0504185 0.00669474 0.0295228 0.000279972 -0.0113714 -0.0270913 -0.112327 -0.0150116 -0.0255214 -0.0981778
internal_weight=618.762 617.119 615.302 603.394 7.17873 596.215 11.9078 7.17197 2.14352 5.02846 4.70224 591.012 7.01787 4.72744 2.29043 4.12098 583.994 582.15 368.855 363.297 15.497 213.295 46.7888 166.506 117.226 75.9704 9.43016 66.5403 16.5333 6.2309
internal_count=10794 10708 6368 6172 272 5900 196 102 42 60 243 5835 324 117 207 227 5511 5422 4121 4037 89 1301 262 1039 796 524 96 428 106 63
is_linear=0
shrinkage=0.1


Tree=88
num_leaves=31
num_cat=0
split_feature=5 19 0 2 14 14 8 14 2 3 12 19 19 4 12 6 13 18 1 3 1 6 7 9 5 13 1 13 17 8
split_gain=1.09077 1.33959 1.0802 1.85774 1.83372 1.95851 2.6189 2.75568 1.50885 1.55218 1.42137 4.10759 4.26895 3.62213 5.46221 2.55715 1.36874 2.99357 1.20283 4.42925 4.13411 3.7574 5.16971 4.47473 5.39333 3.73712 3.33717 3.57244 5.73165 6.57312
threshold=0.055099918064717861 3.5095558166503911 1.1310364550235185e-08 9.991778031833477e-10 0.022935322485864166 0.02162420749664307 2.5770395702347665e-10 0.013256130740046503 9.5791718650538466e-10 0.13341502591725998 0.4911294430494309 1.515051066875458 1.3324228525161745 2.7296197238573064e-10 0.48178955912590032 1.7846840006264383e-09 2.0169774293899541 0.04762643744999713 0.21460432694961659 0.067430176745215273 0.2191738066831018 1.5551178931402478e-10 0.075621490581190318 0.1057267545817708 0.028857806587396676 1.5049893260002138 0.22872451958752393 1.5941667556762698 0.1212491122159091 1.4512487865538773e-10
decision_type=2 2 2 2 2 2 2 2 2 2 2 2 2 2 2 2 2 2 2 2 2 2 2 2 2 2 2 2 2 2
left_child=2 -2 3 8 5 6 7 -5 9 10 13 12 -12 15 -15 18 17 -13 19 21 -20 22 25 -23 -25 -1 -22 28 29 -28
right_child=1 -3 -4 4 -6 -7 -8 -9 -10 -11 11 16 -14 14 -16 -17 -18 -19 20 -21 26 23 -24 24 -26 -27 27 -29 -30 -31
leaf_value=-0.16388257872074463 0.08098901819514262 -0.10708744266532273 0.068292674421392863 -0.14969605345746151 -0.11193967093564335 0.072239435458332057 -0.13862165861501161 0.086221447204087143 0.060405374608467621 -0.11033178104626273 -0.13638102301522095 0.069041374801652122 0.033713732161599716 -0.13308536297506962 0.078582333907600749 -0.1292995316183975 0.076912474695480348 -0.047228520185591358 0.069229485810337762 -0.084686004904590453 -0.057733034296447217 0.01911519798618002 -0.28439572225053589 -0.13675500001664442 0.07583647799939075 0.021797836117763182 0.030655572636769116 -0.0010588355172636288 0.053507625572771347 -0.12663678121868457
leaf_weight=1.5710953731468169 2.9279885794967409 0.43496413898537856 2.2776779914274803 0.69680088333552559 2.859649860765785 1.8136290023103354 1.9211370015982536 1.7105881748721001 4.1034760075854129 1.282591940351266 2.8490847828798023 5.3788230307400244 3.060482956469059 4.5924585177563122 1.659775875508785 1.5339039899408806 8.5033481419086439 3.7639712705276906 8.8718580913337046 7.6179434213481718 9.6955405381158908 39.242573914816603 1.0017224354669449 4.1108706442173562 1.6814507152885196 3.495728536916431 6.796935473001211 445.17649726908712 29.009668686252553 4.3616727718617767
leaf_count=102 24 186 124 131 88 10 38 16 41 884 47 17 16 79 6 24 21 37 83 130 205 387 13 73 7 43 3279 4339 213 131
internal_value=-0.000132129 0.0566632 -0.000444916 -0.000702265 -0.0457934 -0.0149971 -0.0515488 0.0179369 -2.50424e-05 -0.000441626 -0.000204336 0.023868 -0.0482913 -0.00119841 -0.0768941 -0.000359535 0.0480336 0.0211745 -8.00718e-06 -0.0135527 0.00157037 -0.00294889 -0.076816 0.00700485 -0.0750419 -0.035777 0.000357814 0.00151827 0.0300798 -0.0308268
internal_weight=614.004 3.36295 610.641 608.363 9.0018 6.14216 4.32853 2.40739 599.361 595.258 593.975 23.5557 5.90957 570.42 6.25223 564.167 17.6461 9.14279 562.634 58.7214 503.912 51.1034 6.06855 45.0349 5.79232 5.06682 495.04 485.345 40.1683 11.1586
internal_count=10794 210 10584 10460 283 195 185 147 10177 10136 9252 138 63 9114 85 9029 75 54 9005 755 8250 625 158 467 80 145 8167 7962 3623 3410
is_linear=0
shrinkage=0.1


Tree=89
num_leaves=31
num_cat=0
split_feature=5 3 8 12 12 2 17 18 8 5 1 7 12 4 14 2 4 17 3 1 13 6 4 18 8 4 18 2 6 15
split_gain=1.03066 3.53191 3.61031 4.10243 3.49228 5.55721 6.63669 8.47941 4.61615 4.31067 6.32395 3.6985 3.57506 5.37728 5.12426 3.46659 5.9115 3.77943 4.65567 6.68074 10.6876 4.49578 7.35409 4.48778 4.38021 9.48177 4.22918 7.28702 5.7433 4.08942
threshold=0.029273434073180987 0.096018661679363224 2.1466664678689989e-09 0.21832423657178882 0.40060010552406317 9.6375509342699525e-11 0.15853604403409094 0.26623099449683324 2.1466664678689989e-09 0.021881103109839418 0.38448227231000692 0.13627902413337203 0.46376407146453863 1.3142584003856164e-10 0.018738416954874996 7.2335062531411634e-10 1.9058877136686347e-10 0.14086914062500003 0.064976326304571674 0.41220405107622543 1.5049893260002138 3.3350003251853254e-10 8.0713206194877562e-11 -0.33886303225616837 2.0155663797335712e-10 6.20853258730839e-11 0.086998932529240861 1.8896691493377649e-10 4.6403256400134185e-10 5.0413431381457492e-05
decision_type=2 2 2 2 2 2 2 2 2 2 2 2 2 2 2 2 2 2 2 2 2 2 2 2 2 2 2 2 2 2
left_child=1 4 3 -3 15 -6 7 8 -7 -8 12 -9 13 14 -11 17 -17 18 19 20 -1 22 24 -22 -19 -26 -25 28 -28 -20
right_child=-2 2 -4 -5 5 6 9 11 -10 10 -12 -13 -14 -15 -16 16 -18 21 29 -21 23 -23 -24 26 25 -27 27 -29 -30 -31
leaf_value=0.02144812426853698 0.0079585673094886532 0.006091453889785936 0.10578686932912569 -0.096688943684050108 -0.14464279360652757 -0.1343723403457687 0.044332931273661114 -0.074778490542319581 0.020301842959135449 -0.0017152154815883464 0.10291172383173451 0.046150724281278026 -0.13045195679962959 0.080918462212540787 -0.18075085673665975 0.059420409768143882 -0.096274586304499282 0.021432880271998578 0.02445432280356042 0.014418299450685155 0.031061893111890809 0.040305817802625515 -0.11752436796330207 -0.1333664792327067 -0.12442868776783961 0.033822850054060612 -0.1112444847916539 -0.13163604928705419 0.060376941536767148 -0.0077978820586689567
leaf_weight=14.747831151686112 125.24033226125175 6.1600692732208762 1.4504321869462717 10.508014457824173 3.491666752845048 11.315876059234144 19.503390623256564 3.6946334638632825 2.3261294085532418 4.0263226572424191 3.2058215402066699 8.0168642415665072 4.1674058646894983 3.4520436245948076 2.6513696312904358 20.236481651198122 2.772783603926654 56.50030893611256 57.222149694127438 24.918397779241786 3.2353556470479807 44.935640299110673 4.9415817856788626 13.880271454647302 7.0114485505037001 8.2305025253444892 2.9202526631561359 7.338152043579611 5.8684406741522253 125.61608851773053
leaf_count=552 1470 2763 4 283 26 184 94 41 16 19 6 53 76 10 37 160 72 261 1657 341 37 276 31 458 81 30 243 147 44 1322
internal_value=-0.000127656 -0.00221856 -0.0455362 -0.0587041 -0.000535153 -0.0218758 -0.0150018 -0.054415 -0.107998 0.0120007 -0.0240267 0.00800111 -0.0524899 -0.0204161 -0.0728011 0.00297483 0.040658 0.000677161 -0.00622409 -0.0275904 -0.0494029 0.0151894 0.00047157 -0.0808356 0.00859909 -0.0389744 -0.0929004 -0.0580714 0.00335164 0.00229596
internal_weight=609.586 484.346 18.1185 16.6681 466.227 65.8515 62.3599 25.3535 13.642 37.0064 17.503 11.7115 14.2971 10.1297 6.67769 400.376 23.0093 377.366 255.747 72.9087 47.9903 121.619 76.6838 33.2425 71.7423 15.242 30.0071 16.1268 8.78869 182.838
internal_count=10794 9324 3050 3046 6274 562 536 294 200 242 148 94 142 66 56 5712 232 5480 4801 1822 1481 679 403 929 372 111 892 434 287 2979
is_linear=0
shrinkage=0.1


Tree=90
num_leaves=31
num_cat=0
split_feature=5 8 13 5 7 15 13 7 5 14 0 4 19 7 7 7 11 5 9 18 8 6 7 6 14 19 8 17 12 14
split_gain=0.970455 1.43335 1.03613 2.77837 2.20951 1.87325 3.62824 5.72724 4.2243 1.76398 1.74122 1.73343 3.32201 5.58626 4.4458 5.04375 2.83392 8.22639 7.48505 4.87183 5.8497 4.1143 3.97754 6.56673 4.21385 4.50472 4.3156 4.29561 3.9126 4.52455
threshold=0.0082051409848735418 3.1619864393784438e-11 1.4196203947067263 0.022713041059279866 0.078794808946854408 3.2291640309267684e-05 1.4703722000122073 0.077893926317759446 0.019425279629231025 0.0099104535765945929 3.1659195881203478e-10 4.8756583622897038e-11 1.20183402299881 0.12442065724996372 0.10607954013449235 0.13405010146295809 2.3457671360915815e-09 0.023178986581851992 0.083165314982738756 -0.074416994286531743 1.2391094299261387e-10 8.4573154532731722e-10 0.071878729065106839 1.3562195584630512e-10 0.014845794066786768 1.1888137459754946 1.7343819690641119e-10 0.1100186434659091 0.43349318206310278 0.01623118203133345
decision_type=2 2 2 2 2 2 2 2 2 2 2 2 2 2 2 2 2 2 2 2 2 2 2 2 2 2 2 2 2 2
left_child=-1 -2 3 10 -5 6 9 8 -8 -4 -3 12 14 -14 -7 -16 17 28 19 20 -19 -20 23 -21 25 26 -24 -28 29 -13
right_child=1 2 5 4 -6 11 7 -9 -10 -11 -12 16 13 -15 15 -17 -18 18 21 22 -22 -23 24 -25 -26 -27 27 -29 -30 -31
leaf_value=0.079755751673435918 -0.11814464802254786 -0.134528680369118 0.059045786051873862 -0.083709939845288947 0.086802169541361829 0.039029405886095103 0.060365347243796733 -0.26918352081894453 -0.21002008862522012 -0.040252207339943273 0.024117034458799338 -0.0771674398029214 -0.071785569964228801 0.079041909566054572 -0.14402011879430121 0.050747021602007274 0.00096856441964631205 0.0020212086380918429 -0.13660573438401913 0.070938662881750228 -0.17917115466850175 0.11234739956024538 0.08396349766349645 -0.13904887917095915 0.080560936000430808 -0.13239536509559427 0.060375615219530124 -0.092567647520466825 0.10639087112707846 -0.22797683305104141
leaf_weight=1.5164937802328484 1.0310729790871835 1.3399788572569362 3.1032135785062547 0.86736906797159452 6.1364210935571464 42.347634938778356 1.8054528651409785 1.5278057919349519 0.84977326617809001 4.2243943996727467 1.430274431062571 7.501019574090602 8.8969881997327303 3.3917571264319113 2.9910021224059156 2.3936730211135 456.93620289899991 5.0568504761904469 5.5389547152444711 2.6167756534414357 2.7511404766701162 0.75422996282577504 6.6988870762288624 3.4561647507362068 13.900049136485903 2.0659469510428599 3.2319410690106452 4.2528666434809566 0.84790599346160966 2.7074335727375001
leaf_count=86 4216 43 45 10 191 467 61 22 18 35 42 318 311 12 72 18 4191 38 164 19 49 1 21 59 48 39 23 112 2 61
internal_value=-0.000139288 -0.000341003 -0.000138435 0.0321541 0.0656855 -0.000673537 -0.0406191 -0.114927 -0.0261683 0.00180011 -0.0526203 0.0001215 0.0162097 -0.0301564 0.0281468 -0.0574394 -0.00174152 -0.0219164 -0.00475665 0.00982372 -0.0618218 -0.106769 0.0252673 -0.0485671 0.0401395 0.00556275 0.0256572 -0.0265267 -0.10002 -0.117164
internal_weight=602.17 600.653 599.622 9.77404 7.00379 589.848 11.5106 4.18303 2.65523 7.32761 2.77025 578.337 60.0211 12.2887 47.7323 5.38468 518.316 61.3802 50.3238 44.0306 7.80799 6.29318 36.2226 6.07294 30.1497 16.2496 14.1837 7.48481 11.0564 10.2085
internal_count=10794 10708 6492 286 201 6206 181 101 79 80 85 6025 880 323 557 90 5145 954 573 408 87 165 321 78 243 195 156 135 381 379
is_linear=0
shrinkage=0.1


Tree=91
num_leaves=31
num_cat=0
split_feature=18 5 14 5 14 10 5 19 6 0 2 13 6 17 3 5 18 13 8 1 3 15 18 18 17 1 14 6 3 3
split_gain=0.916829 3.6539 3.6512 4.69775 3.65527 4.52757 7.45668 4.80868 4.29553 3.33306 4.61041 3.26004 3.2387 3.2322 3.21806 4.37051 3.02668 5.10892 5.94936 4.67868 4.22119 3.47054 3.17685 3.83218 6.05505 9.69797 6.33723 5.1338 3.31419 3.24251
threshold=0.3265098508193412 0.03106590533689137 0.015080599114298822 0.020288578335588624 0.018738416954874996 3.4172688722610478 0.020473669261987092 1.6879149675369265 4.4984031697738392e-10 2.3792998099672114e-09 7.2335062531411634e-10 1.8682059645652773 1.4148391012014781e-10 0.1645951704545455 0.076653329042020699 0.020598605525851733 0.26623099449683324 2.3138719797134404 2.5386665395236377e-10 0.3420274265152658 0.076133173337942436 4.0146591345546774e-05 0.24310948750512171 0.16180671995971355 0.1212491122159091 0.35798071129820563 0.015445876866579058 2.1183168166780696e-09 0.060504664851759676 0.064225412994521405
decision_type=2 2 2 2 2 2 2 2 2 2 2 2 2 2 2 2 2 2 2 2 2 2 2 2 2 2 2 2 2 2
left_child=16 2 3 12 -4 6 8 -8 -6 -7 -11 -10 -2 -9 -5 -16 22 19 -19 20 21 -18 23 -1 28 26 -26 29 -25 -28
right_child=1 -3 4 14 5 9 7 13 11 10 -12 -13 -14 -15 15 -17 17 18 -20 -21 -22 -23 -24 24 25 -27 27 -29 -30 -31
leaf_value=0.0014380295195187197 0.019806326157161245 -0.093803341151311656 0.037922457915771063 0.032158323138153554 0.071721370836626427 0.066246041679140041 0.023149438293007377 -0.14399079887082969 0.085974122134613806 -0.086229174831505273 0.052426891222757045 -0.12605789786897661 -0.14052010517060823 0.018104753242494106 0.10329652690374702 -0.11572702433089395 0.018460463826511196 -0.15528124267558724 0.035409054830426785 -0.14745694492288428 0.03415993537597032 -0.16097522958472582 0.036542873293561297 0.028634983433300239 0.031434557322333939 0.035774420214221739 -0.05807667875404985 0.048503104883012627 -0.11571316322394942 -0.17635438271356785
leaf_weight=374.39995624470976 1.7192427837435413 3.4515353105271052 49.802074226317927 11.512215420021677 7.4481825586408394 12.196817489340903 3.1556553207337847 8.0714595322497171 1.032162416726351 4.5068187322467548 5.1251584636047482 2.4377848538570106 4.7166058676084504 1.4513401240110386 1.1948052393272508 3.8364425228246546 1.6526288253589898 1.8886995940993063 12.233848291449247 5.4854658980839295 4.8322553152684122 3.0995002578129061 22.502061873245111 1.906890928177744 4.7487010259355911 21.285284607904032 3.638407740974797 1.8350745551288117 9.5887173648025037 6.385750166606158
leaf_count=7770 177 87 262 107 24 54 19 121 4 60 35 52 179 5 4 112 27 39 86 208 41 61 210 75 65 112 47 8 662 81
internal_value=-0.000130117 0.00761632 0.0105777 -0.0251998 0.0192111 -0.001303 -0.031668 -0.0838342 0.0289089 0.0315211 -0.0124505 -0.0629873 -0.0976912 -0.119286 0.00300135 -0.063714 -0.00211214 -0.0333075 0.00990681 -0.0738053 -0.031652 -0.0985736 -7.16162e-05 -0.00201575 -0.0281977 -0.00891222 -0.0661841 -0.105273 -0.0917687 -0.133424
internal_weight=597.142 121.658 118.207 22.9793 95.2275 45.4254 23.5966 12.6785 10.9181 21.8288 9.63198 3.46995 6.43585 9.5228 16.5435 5.03125 475.483 29.1924 14.1225 15.0699 9.58438 4.75213 446.291 423.789 49.3888 37.8932 16.6079 11.8592 11.4956 10.0242
internal_count=10794 1302 1215 579 636 374 225 145 80 149 95 56 356 126 223 116 9492 462 125 337 129 88 9030 8820 1050 313 201 136 737 128
is_linear=0
shrinkage=0.1


Tree=92
num_leaves=31
num_cat=0
split_feature=1 11 14 17 7 9 14 15 9 8 11 3 15 13 18 5 10 14 7 14 19 3 5 3 5 8 12 2 19 19
split_gain=0.966098 2.0928 3.04665 2.38352 1.43198 4.09097 5.42646 3.9413 3.45413 3.77785 5.51708 5.90341 4.40964 12.633 11.1835 6.36344 3.42916 4.18101 6.86346 5.31092 14.8552 5.46094 6.25507 5.01207 5.27473 4.95677 4.91529 4.4245 5.55089 4.36839
threshold=0.60960238033732772 1.0297375396817189e-08 0.016011703759431842 0.055308948863636374 0.066268093382407606 0.049133066659061433 0.017305484972894195 8.8721400970825939e-05 0.048493888449666421 1.9328494688853061e-10 2.0986887783180923e-09 0.057192015676383552 4.9560971092432744e-05 1.8220368027687075 -0.076613103531682006 0.02543173865288199 2.8011130094528203 0.015312004368752243 0.096010511459491257 0.017171662300825122 2.3602732419967656 0.085940882514307385 0.027634199402743496 0.062009322263331952 0.027751490736395917 2.3054349148727966e-10 0.24560573697090152 3.9597444400900984e-10 3.5892401933670048 2.5887552499771123
decision_type=2 2 2 2 2 2 2 2 2 2 2 2 2 2 2 2 2 2 2 2 2 2 2 2 2 2 2 2 2 2
left_child=4 -2 3 -3 5 -1 7 -7 -6 12 11 -11 13 14 15 -10 -12 18 25 20 21 22 -19 -24 -25 -18 -27 28 -22 -21
right_child=1 2 -4 -5 8 6 -8 -9 9 10 16 -13 -14 -15 -16 -17 17 19 -20 29 27 -23 23 24 -26 26 -28 -29 -30 -31
leaf_value=0.00064283063557253758 0.066369220947287949 0.013255445049900172 0.048236165792792884 -0.12776311917415559 -0.059283709563059644 -0.11317781089527533 0.011464509332755786 0.054054046888244348 -0.19794187356042156 -0.016666088583319468 -0.087012963897559872 -0.12550421087634941 0.062118736963580869 -0.16729658406485343 0.034330947689127152 -0.0017829828922808237 0.039740597987961972 -0.14420787068879631 0.057008789423881469 0.0085739854239758554 -0.12860253787292761 -0.0064411737056339 0.063781959954239825 0.084838093471194434 -0.13196227313984277 0.073464441993157603 -0.089605644306374715 0.084892812890388011 0.047266232357030702 -0.028099659387852329
leaf_weight=56.01307655434357 6.7826871694414903 2.2260346297043707 5.0913443407043815 2.5967879546806216 9.2862692908820446 11.150567627220882 8.3973839022219163 1.613178034313022 3.4229427101090542 17.344184218440208 4.3573958202032363 6.9928630857029921 20.237478226656094 3.8387085355352601 55.381495544104837 3.1996773146092892 8.9777914104051906 13.0322647606954 32.365138434572145 231.9312049417058 2.7878957018256214 8.949730775319038 3.2127758704591525 1.4118485674262045 5.4706315454095602 2.2835675738751879 9.7001000451855344 10.05002870573662 5.0374940973706543 37.768959936569445
leaf_count=5350 131 102 105 40 147 255 55 13 58 333 153 309 85 45 383 17 55 213 210 1636 53 95 17 3 87 12 173 43 23 593
internal_value=-0.000145823 0.0235662 -0.00571704 -0.0626742 -0.000835316 -0.0135086 -0.0509673 -0.0920418 0.00113244 0.00228269 -0.00179146 -0.047939 0.0212938 0.00874579 0.0196447 -0.103169 0.00118492 0.0022153 0.0281371 -0.00210915 -0.0320598 -0.0727688 -0.0984358 -0.0393473 -0.0874886 -0.0164416 -0.0585316 0.0409919 -0.0153893 0.00343819
internal_weight=590.912 16.6969 9.91417 4.82282 574.215 77.1742 21.1611 12.7637 497.04 487.754 401.674 24.337 86.0803 65.8428 62.0041 6.62262 377.337 372.979 53.3266 319.653 49.9527 32.0773 23.1275 10.0953 6.88248 20.9615 11.9837 17.8754 7.82539 269.7
internal_count=10794 378 247 142 10416 5673 323 268 4743 4596 4008 642 588 503 458 75 3366 3213 450 2763 534 415 320 107 90 240 185 119 76 2229
is_linear=0
shrinkage=0.1


Tree=93
num_leaves=31
num_cat=0
split_feature=11 19 10 9 2 15 15 11 4 17 1 4 3 19 5 19 1 11 5 9 11 10 12 6 6 19 1 13 15 10
split_gain=0.985107 4.62132 3.28456 2.96358 2.40279 2.85802 2.14679 3.72243 2.13055 3.13346 4.38784 2.96265 2.54536 2.60114 2.73762 2.69408 2.70937 2.31898 6.99974 6.36223 4.07211 4.18243 3.7578 4.27905 3.58522 3.16672 4.93693 3.30993 4.24006 3.67263
threshold=1.0246753445741776e-09 0.35719230771064764 2.682158470153809 0.051168468227342008 7.910270015359366e-11 3.1817418857826858e-05 3.2291640309267684e-05 1.1262617505281016e-09 4.8756583622897038e-11 0.16599343039772732 0.21460432694961659 4.6361364728007242e-11 0.091743824675546759 1.20183402299881 0.02241769294641675 2.556902408599854 0.64849849514625968 2.3457671360915815e-09 0.023178986581851992 0.083165314982738756 2.2583250824936844e-09 2.875234961509705 0.3973242193460465 1.496204436431215e-10 8.4573154532731722e-10 0.45262205600738531 0.19393994019804672 1.5691986083984377 4.0146591345546774e-05 2.7799067497253422
decision_type=2 2 2 2 2 2 2 2 2 2 2 2 2 2 2 2 2 2 2 2 2 2 2 2 2 2 2 2 2 2
left_child=1 2 3 -1 -2 -6 7 -7 9 10 11 -8 13 14 -12 16 -15 18 22 20 21 25 23 -10 -21 26 -20 -27 29 -29
right_child=4 -3 -4 -5 5 6 8 -9 17 -11 12 -13 -14 15 -16 -17 -18 -19 19 24 -22 -23 -24 -25 -26 27 -28 28 -30 -31
leaf_value=-0.12951781532913167 -0.13146703660090328 -0.1673636957977794 -0.25203296633514227 0.056675265272601194 0.06004224476801262 -0.24301351130615456 -0.13656388856120172 0.005495380944366364 0.08042374474661107 0.045368442343380555 0.045500054865276598 0.012461363260189125 -0.13457715133060696 -0.12624942162854819 -0.16506186154783625 0.037186549958714933 0.104460183786976 0.00058749691103153034 0.060957804339627865 -0.13314464517979069 -0.14499452746124053 0.064927042115623487 0.021360220348054446 -0.14988287723687702 0.11092535243065321 0.056952797285065748 -0.11834871555219406 -0.174208818964106 0.024181453960427538 0.025226079496048111
leaf_weight=1.02568927391985 1.3794350746029511 1.9895777480414834 0.45758023858070362 5.1323485914617777 7.9950302650067888 0.99276302112048087 3.598687363381031 1.5343299886917519 0.9046727134154916 24.715742321684957 19.569353269500436 2.1198255165945739 1.0967505920016254 3.1627721834192921 0.63758534667431277 3.0594244912499562 0.60665807127952565 446.71223181015012 2.224602417554709 4.979811839060857 1.6422920036238782 12.040999906137584 2.2221180046908549 7.4525962332845666 0.68458622694015492 9.6705233172360767 4.9575503876440052 2.6391701176762563 6.954787410562858 1.4202836863696573
leaf_count=326 37 198 4 31 171 44 116 40 241 94 950 23 1162 257 15 79 2 5893 18 165 50 69 14 352 1 149 153 51 82 7
internal_value=-0.000148423 -0.0337327 0.00645546 0.0256627 0.000354206 0.000671222 -0.000168016 -0.0921308 0.000244716 0.0182986 -0.00146595 -0.0813209 0.0147662 0.0208246 0.0388562 -0.0325321 -0.0891187 -0.00185111 -0.0207001 -0.00422635 0.00932732 0.015678 -0.0942204 -0.124952 -0.103647 -0.00560202 -0.0628103 0.0142618 -0.023221 -0.104432
internal_weight=583.58 8.6052 6.61562 6.15804 574.975 573.595 565.6 2.52709 563.073 58.5668 33.8511 5.71851 28.1325 27.0358 20.2069 6.82885 3.76943 504.506 57.794 47.2146 41.5502 39.9079 10.5794 8.35727 5.6644 27.8669 7.18215 20.6848 11.0142 4.05945
internal_count=10794 559 361 357 10235 10198 10027 84 9943 2698 2604 139 2465 1303 965 338 259 7245 1352 745 579 529 607 593 166 460 171 289 140 58
is_linear=0
shrinkage=0.1


Tree=94
num_leaves=31
num_cat=0
split_feature=2 17 11 2 12 10 17 4 19 7 12 12 17 6 2 3 10 7 12 10 13 13 2 17 13 13 12 8 17 19
split_gain=0.948889 3.85867 3.82416 2.79214 2.39328 5.01704 4.59132 4.44975 3.97629 3.85411 3.22116 4.29733 2.96433 13.6794 6.9639 12.4985 6.8422 4.95989 4.91723 4.89015 3.98188 3.15649 4.92271 5.0645 7.77013 7.2523 5.26831 7.853 4.50365 3.81771
threshold=2.703989819300121e-10 0.1760919744318182 2.6082229709345488e-09 2.7212071576703162e-10 0.29333667457103735 2.9228700399398808 0.12049449573863637 7.7932865778922781e-11 0.61107087135314953 0.10436189610396611 0.29202567040920263 0.28335857391357427 0.12599875710227273 6.2711382950640822e-10 4.7337284452321438e-10 0.092120641932526712 2.9564932584762578 0.10988485726533476 0.31600846350193029 3.3492825031280522 2.3251907825469975 2.2774454355239873 2.8471173957535803e-10 0.14153497869318185 2.0867602825164799 2.0615931749343877 0.36514855921268469 9.0488738550176765e-10 0.13234641335227273 1.1158793568611147
decision_type=2 2 2 2 2 2 2 2 2 2 2 2 2 2 2 2 2 2 2 2 2 2 2 2 2 2 2 2 2 2
left_child=-1 2 -2 -4 6 7 9 -6 -7 10 11 -5 13 16 19 -16 -10 -17 -14 -15 -19 22 -20 24 25 28 -25 -28 -24 -29
right_child=1 -3 3 4 5 8 -8 -9 12 -11 -12 -13 18 14 15 17 -18 20 21 -21 -22 -23 23 26 -26 -27 27 29 -30 -31
leaf_value=0.0044285152864250296 -0.14194672689980356 -0.16605205865885828 -0.15450838724160559 0.0060247714534389192 -0.0086428987688903156 -0.1165225855140104 0.058135538590950088 -0.12330961025382151 0.040017876471236752 -0.12158838181511607 0.10568127928657541 -0.12261888136431208 0.078873010586298711 0.050694274977431092 -0.11803606059606041 0.082321531811000825 -0.12941812469935701 -0.12890431843989594 0.053982014522497693 -0.070533977706678755 0.069117414716025366 0.024836705616122001 -0.0076447249009935925 0.07103422472494321 -0.13807446135384341 0.08516808513761838 -0.10894503431007735 -0.13148418519410768 -0.11418947883059745 0.013490250674019599
leaf_weight=253.86300157655387 1.9687384257522342 1.4579433984035848 1.1983262790599827 65.666562314036128 6.7545435777865332 3.0593135156668714 17.512345328461379 6.7824710262939334 2.9033434716984656 2.4712790418416253 3.0677521731704465 2.7036094428040078 8.8220957368612272 27.584699862636629 10.246887831948699 7.4624579530209285 13.306707659037782 2.6364771295338869 11.111816139891742 3.7839134165551505 1.6515752193517981 41.143520363839343 9.484195677563557 9.0254313033074123 7.516309715807437 5.0273378910496822 7.1225655432790509 1.9173219690565009 6.820401551318354 34.521279316395521
leaf_count=4816 983 191 26 2678 45 49 78 78 16 54 9 61 28 126 177 37 282 52 43 46 16 205 64 26 140 19 69 34 97 249
internal_value=-0.00015167 -0.00373229 -0.00300024 -0.00214887 -0.00157851 -0.00704558 0.012097 -0.0660945 -0.00333024 0.00118845 0.00543572 0.000937726 -0.00169748 -0.0186175 0.00582037 -0.0373172 -0.0990708 0.0330726 0.00656307 0.0360708 -0.0526348 0.00179141 -0.00845386 -0.0169733 -0.0506431 -0.0198366 0.00149752 -0.0129098 -0.0522136 0.005862
internal_weight=578.594 324.731 323.273 321.305 320.106 228.685 91.4215 13.537 215.148 73.9092 71.4379 68.3702 212.088 69.5761 53.366 21.9974 16.2101 11.7505 142.512 31.3686 4.28805 133.69 92.5467 81.4348 28.8482 21.3319 52.5866 43.5612 16.3046 36.4386
internal_count=10794 5978 5787 4804 4778 1898 2880 123 1775 2802 2748 2739 1726 752 454 282 298 105 974 172 68 946 741 698 320 180 378 352 161 283
is_linear=0
shrinkage=0.1


Tree=95
num_leaves=31
num_cat=0
split_feature=5 9 3 13 5 3 1 6 12 8 15 3 5 4 13 17 2 11 4 13 17 19 13 9 5 19 9 10 6 0
split_gain=0.944326 1.06677 0.974768 4.51081 3.7426 5.06516 7.50241 3.88588 4.10351 3.9888 4.74794 3.32244 3.17078 3.84986 3.10483 6.27559 2.91865 3.81501 8.08409 5.91089 4.14896 4.47811 4.91994 6.20903 3.15558 5.10731 5.17686 2.64827 3.71374 2.98611
threshold=0.055099918064717861 0.067388924325846547 0.082759187281509647 1.7010735273361208 0.022020145831386898 0.085940882514307385 0.55417541843051576 1.6015492136084772e-10 0.36698766052722936 8.238698118106098e-10 9.5967945526354028e-05 0.086547167794042548 0.026876696987602981 1.0372471263467456e-10 2.1387386322021489 0.15853604403409094 3.3069178468013568e-10 4.6040611323405764e-09 1.5325776675492448e-10 1.7242562770843508 0.11667702414772728 2.556902408599854 1.9434056878089907 0.026399210320764862 0.02433621261623688 1.4867675900459292 0.06903330418064893 3.2891356945037846 2.7386829564583916e-10 3.0467268764696039e-09
decision_type=2 2 2 2 2 2 2 2 2 2 2 2 2 2 2 2 2 2 2 2 2 2 2 2 2 2 2 2 2 2
left_child=2 -2 -1 11 5 6 -5 -6 16 -10 14 -4 -13 -14 15 -11 -9 18 19 -18 21 22 -19 -24 -22 -26 -27 28 29 -7
right_child=1 -3 3 4 7 27 -8 8 9 10 -12 12 13 -15 -16 -17 17 20 -20 -21 24 -23 23 -25 25 26 -28 -29 -30 -31
leaf_value=0.0018768385263482281 0.077786260387483486 -0.10587776152212819 -0.15162727177710189 -0.18241877791053324 -0.13331114249857492 -0.129079782617152 0.056218846652436975 0.058430242299622376 -0.11168233227542959 -0.12730876311502398 -0.13606201569483978 -0.12869786643038081 0.064050859174047639 -0.075239855343887441 0.065535243441415689 0.07014834834193015 0.083954192603293579 0.09988672140264919 0.069647728005877027 -0.13467385449949631 0.094946406870978439 0.055063542476840782 0.095570029130692902 -0.11008852342547988 0.067127293452497669 0.079597223232196535 -0.14257140675122304 -0.13999678301536461 0.032648599481548982 -0.0071806141997747723
leaf_weight=431.1178411820365 2.640925476327538 0.35926394569105458 3.1814281291262878 4.4733560509048429 1.9078350597992528 3.2045836357792776 1.8673581141047177 16.857669880613685 4.5296646584756699 3.3154314567800593 2.3488415561150751 2.7042053496897989 4.1016625215415843 3.8437881151003239 6.7683033598586917 3.1282756261061877 1.5090913199819604 1.9400327429175401 4.6184692983515552 6.8495104929315858 10.327345358207824 6.8830681354738763 1.7810770506039251 8.3517837603576464 8.4309426844120008 1.6228887848556031 2.9650095030665398 1.4876566816819821 12.579646081663666 5.3889433464501053
leaf_count=5495 24 186 208 68 76 153 19 85 78 75 50 3005 166 213 48 14 5 4 21 125 24 71 44 235 27 7 45 24 98 101
internal_value=-0.000162476 0.055793 -0.00045799 -0.00780706 -0.00172498 -0.0331343 -0.112139 0.00795172 0.0108739 -0.0290958 -0.00505537 -0.0619552 -0.035167 -0.00333412 0.0182351 -0.0314478 0.0220057 0.0108979 -0.0365329 -0.095202 0.0254482 -0.00930727 -0.0460067 -0.0739394 0.053668 0.0209234 -0.0639831 -0.0110279 -0.00196641 -0.0526376
internal_weight=571.086 3.00019 568.086 136.968 123.137 29.0015 6.34071 94.1352 92.2274 20.0905 15.5609 13.8311 10.6497 7.94545 13.212 6.44371 72.1369 55.2792 12.9771 8.3586 42.3021 18.956 12.0729 10.1329 23.3462 13.0188 4.5879 22.6608 21.1732 8.59353
internal_count=10794 210 10584 5089 1497 463 87 1034 958 265 187 3592 3384 379 137 89 693 608 151 130 457 354 283 279 103 79 52 376 352 254
is_linear=0
shrinkage=0.1


Tree=96
num_leaves=31
num_cat=0
split_feature=11 19 10 9 2 15 4 12 15 13 4 18 17 17 5 5 15 10 11 1 18 12 11 5 9 9 12 11 18 8
split_gain=0.873003 4.06758 2.66018 2.5584 1.98534 2.36978 2.05664 2.92233 1.73544 3.16912 1.72606 2.62774 2.32044 4.01908 2.45894 3.03717 4.76473 3.74947 2.27489 2.16548 3.45747 2.92152 2.06259 6.09619 5.58728 3.63128 5.19681 3.53057 3.68603 5.23696
threshold=1.0246753445741776e-09 0.35719230771064764 2.682158470153809 0.051168468227342008 7.910270015359366e-11 3.1817418857826858e-05 4.5121576936756666e-11 0.33332191407680517 3.2291640309267684e-05 1.4508283734321596 4.8756583622897038e-11 -0.20159045602618289 0.16599343039772732 0.16208718039772732 0.022713041059279866 0.021330897411810875 4.4357091610436335e-05 2.218401432037354 2.3213602151628269e-09 0.56766117422559992 0.029096898368813778 0.32493098080158239 2.3457671360915815e-09 0.023178986581851992 0.083165314982738756 0.091728113208776316 0.36698766052722936 2.2583250824936844e-09 -0.074416994286531743 1.2391094299261387e-10
decision_type=2 2 2 2 2 2 2 2 2 2 2 2 2 2 2 2 2 2 2 2 2 2 2 2 2 2 2 2 2 2
left_child=1 2 3 -1 -2 6 7 -6 9 -7 11 -10 13 14 15 16 17 -13 -18 20 21 -20 23 25 27 26 -12 28 29 -25
right_child=4 -3 -4 -5 5 8 -8 -9 10 -11 22 12 -14 -15 -16 -17 18 -19 19 -21 -22 -23 -24 24 -26 -27 -28 -29 -30 -31
leaf_value=-0.12707677424170402 -0.1200115574904954 -0.16288219831033723 -0.22630682786346581 0.052148470703924171 -0.15435189730844978 0.025657738481700366 0.10056877282415651 0.055182225961547565 -0.10427703782692455 -0.19847862087554674 -0.094789928548007385 0.077771912147473546 0.044246346633406777 -0.13678824952743418 -0.16034424076131221 0.077421636880754 0.093219126737658253 -0.10032703503507395 -0.045023613061849085 0.090083261520868083 -0.12096201303279129 0.10446580629946844 0.00062202854164017992 0.0075967156959093887 -0.10188735128101765 -0.00090089474081336395 -0.33749825796183414 -0.14112016669710495 0.028806396406580781 -0.17852344794563629
leaf_weight=0.9485412945286934 1.3678914809133846 1.8536875508161754 0.45972289144992817 4.9680282295448706 0.92813531736464883 1.3029360272957995 4.3901150203673751 2.3532098177820444 1.7372387890081871 1.2229315111471804 5.7222652555192308 1.4700377023873574 23.634206743910909 1.9381129182875145 0.80535160037106734 6.4026569872003156 4.355691348839172 6.0345911162021366 2.7722698770157859 2.3649277064760099 2.3278417593519407 2.4740421874448657 434.08940266619175 4.7562297378717586 5.2015981217846265 3.0581572173396125 1.0430002915672956 1.5211389089527063 31.434115063097128 2.2162360849324614
leaf_count=326 37 198 4 31 142 59 18 11 83 25 513 1267 92 15 25 48 109 374 254 42 382 7 5893 72 166 82 12 50 413 44
internal_value=-0.000163759 -0.0324951 0.00541052 0.0234152 0.000314019 0.000610285 0.0558048 -0.00408494 -0.000162547 -0.0828608 0.000220476 0.0167988 0.0206526 0.00263313 0.0119485 0.0168686 -0.000916358 -0.0654403 0.0329581 0.00654942 -0.0195329 0.0254722 -0.00168864 -0.0199414 -0.00440191 -0.0913306 -0.132208 0.00829804 0.0142159 -0.0515626
internal_weight=565.154 8.22998 6.37629 5.91657 556.924 555.556 7.67146 3.28135 547.885 2.52587 545.359 56.317 54.5797 30.9455 29.0074 28.2021 21.7994 7.50463 14.2948 9.93908 7.57415 5.24631 489.042 54.9527 45.1293 9.82342 6.76527 39.9277 38.4066 6.97247
internal_count=10794 559 361 357 10235 10198 171 153 10027 84 9943 2698 2615 2523 2508 2483 2435 1641 794 685 643 261 7245 1352 745 607 525 579 529 116
is_linear=0
shrinkage=0.1


Tree=97
num_leaves=31
num_cat=0
split_feature=5 3 8 13 9 6 2 19 9 3 4 3 4 12 12 14 4 13 2 7 9 1 12 14 14 17 3 1 13 18
split_gain=0.85976 2.83268 3.97905 3.68261 9.07718 4.75215 5.67851 4.54976 4.7042 4.51209 3.24678 2.8079 4.03842 3.35035 4.7681 5.32881 4.56212 4.91452 4.82459 3.7125 5.26958 3.68911 3.37001 3.48401 2.93412 2.7383 4.42035 5.09437 8.08403 3.79898
threshold=0.029273434073180987 0.063193157376320835 3.7979150002778551e-10 1.9087545275688174 0.091728113208776316 2.7386829564583916e-10 3.04385407730801e-10 1.7223526239395144 0.090987933807260543 0.067932787966873395 1.5100698902134301e-10 0.10073446585108591 2.5541766508991838e-10 0.40060010552406317 0.41495807468891149 0.024938679300248626 6.0741384543874871e-11 2.0022948980331425 1.0638628856148105e-10 0.13627902413337203 0.16203899340386443 0.18971899273490764 0.47245155274868017 0.033485244959592826 0.025435525923967365 0.14086914062500003 0.064976326304571674 0.41220405107622543 1.5049893260002138 -0.33886303225616837
decision_type=2 2 2 2 2 2 2 2 2 2 2 2 2 2 2 2 2 2 2 2 2 2 2 2 2 2 2 2 2 2
left_child=11 2 -2 4 7 -5 -7 9 -9 -3 -8 13 -13 25 15 21 18 -18 -16 20 -19 -15 23 -21 -17 26 27 28 -1 -30
right_child=1 3 -4 5 -6 6 10 8 -10 -11 -12 12 -14 14 16 24 17 19 -20 22 -22 -23 -24 -25 -26 -27 -28 -29 29 -31
leaf_value=0.019695422843549745 -0.073855908359217737 -0.12452770487685282 0.06785686693645121 -0.13930292390081411 -0.10244694902365724 0.099192434485055381 -0.11584760088760462 -0.1408009724759382 0.10967925565760901 0.030076810772727471 0.01524568410359751 -0.08813177577394482 0.08133361902455305 -0.012554219228162798 -0.050175576273741557 0.10767172637745021 -0.084729896166566121 -0.10920875408010407 0.077186457765234737 0.027443847358526181 0.044164876087364247 -0.16378731322634613 0.077462016810706302 -0.12724964908238018 -0.057822824681355245 0.015415010418023865 0.0044796627172206012 0.011318398447873015 0.029286409488310516 -0.08822934324784297
leaf_weight=12.771914148310314 2.3245960192289195 2.0294700106605914 13.418584252285653 1.8600603019585822 10.33160636568209 8.3572966447100026 1.9709569651167829 3.5860540152025342 0.94800060614943493 27.023310816945013 45.579380106646568 7.5541804954973468 1.7278471746831199 2.186340067535637 4.2372002713382235 1.8525803573429573 10.601467831642365 5.8996357261203247 9.9788489472120983 4.6888573658652586 3.6114236880093813 6.1505753700621426 7.23421267606318 2.1115590920671821 2.5402635373175144 114.67429356963839 192.77698295739174 23.846201270847814 3.0770510284928632 25.952942884192453
leaf_count=552 40 30 205 50 159 20 61 101 2 326 476 2661 38 17 28 5 191 86 34 37 15 67 24 32 39 696 3511 361 37 893
internal_value=-0.000148976 0.00745937 0.0469319 0.00134818 -0.0204774 0.0179413 0.0231728 0.00473715 -0.0884294 0.019277 0.00981188 -0.00216362 -0.0565858 -0.0010002 -0.0227082 -0.0771616 -0.00837548 -0.0281925 0.0392252 -0.00273646 -0.0509716 -0.124127 0.0299518 -0.0205892 0.0119707 0.00255437 -0.00315244 -0.0255643 -0.0466043 -0.0757732
internal_weight=560.904 117.429 15.7432 101.686 43.9184 57.7677 55.9076 33.5868 4.53405 29.0528 47.5503 443.474 9.28203 434.192 61.093 12.7298 48.3632 34.1472 14.216 23.5457 9.51106 8.33692 14.0346 6.80042 4.39284 373.099 258.425 65.6481 41.8019 29.03
internal_count=10794 1470 245 1225 618 607 557 459 103 356 537 9324 2699 6625 575 128 447 385 62 194 101 84 93 69 44 6050 5354 1843 1482 930
is_linear=0
shrinkage=0.1


Tree=98
num_leaves=31
num_cat=0
split_feature=18 4 19 11 2 11 2 4 8 7 8 18 2 3 18 13 10 1 3 15 18 18 17 1 10 6 10 6 11 12
split_gain=0.833795 3.06482 2.77892 3.54646 5.67138 3.38684 3.53172 4.79139 3.31829 5.31439 3.77519 3.13888 3.03404 3.01258 2.44123 3.91745 4.60837 3.83866 3.63003 2.52603 2.41973 3.22261 4.79927 7.21969 5.26152 5.05011 4.57621 3.56819 2.84992 2.55729
threshold=0.3265098508193412 2.3670859306501455e-10 1.8389644026756289 8.3523117311301592e-09 8.6660022860381299e-10 9.2304364152084889e-09 3.3588647957533395e-10 8.282007518680441e-11 4.1908523536497428e-10 0.15630037288465146 2.6157823159303728e-10 0.39319700696928944 4.1890604333676774e-10 0.087651204213154185 0.26623099449683324 2.3138719797134404 2.9814301729202275 0.3420274265152658 0.076133173337942436 4.0146591345546774e-05 0.24310948750512171 0.16180671995971355 0.1212491122159091 0.35798071129820563 2.9436534643173222 2.1183168166780696e-09 2.7799067497253422 2.141407353415896e-10 2.076686023144703e-08 0.36514855921268469
decision_type=2 2 2 2 2 2 2 2 2 2 2 2 2 2 2 2 2 2 2 2 2 2 2 2 2 2 2 2 2 2
left_child=14 2 3 -2 -5 6 11 -8 10 13 12 -4 -9 -10 20 17 -17 18 19 -16 21 -1 28 24 26 -26 27 -24 -23 -25
right_child=1 -3 5 4 -6 -7 7 8 9 -11 -12 -13 -14 -15 15 16 -18 -19 -20 -21 -22 22 23 29 25 -27 -28 -29 -30 -31
leaf_value=0.0012769147585700719 0.049893666777743317 -0.11727444491717859 -0.10531039326328767 -0.15295438884828694 0.078002724131595494 0.058948635051685683 -0.12605650503481733 0.037365718149258147 -0.13069244926091445 0.054200750920700737 0.047859375457003063 0.018614363448278503 -0.16047505599391468 -0.00089010061002833818 0.011242309311321535 -0.13437237335653249 0.032104082740471912 -0.14021058793947469 0.032561087689866507 -0.15238684746178177 0.03286750399996282 -0.10267195170955264 -0.21463476260998549 0.053455123930550422 -0.15082089193746323 0.043259004648867165 0.064442796817648515 0.034954696204518458 0.10550645384278808 -0.025838469211294547
leaf_weight=349.95367454414554 25.59503455893719 1.9318753809202451 2.1583035668863877 2.3473752639256409 1.9435383070667738 8.6921384037123044 4.6829041902019553 1.3417732231755537 6.3704270636662823 3.3132520020008078 10.229115860071031 38.558055876825165 1.8356025124921869 2.4857055461034179 1.433359484050017 1.9515023701533198 11.240110367070882 4.8639284795444828 4.5430552738980623 2.7602835018769838 21.002202064441008 9.3469968479621421 1.3447629089932882 13.978773258393632 6.9070976328803209 1.6636544801294801 4.4371985842008144 0.99779244430828828 0.70736603345722038 5.7363208606839171
leaf_count=7770 274 46 58 34 8 63 106 13 135 17 68 391 50 39 27 47 78 208 41 61 210 724 33 54 111 8 31 18 13 58
internal_value=-0.000145949 0.00758379 0.00978556 0.0357891 -0.048344 3.0747e-05 -0.00718477 -0.0330609 -0.0160335 -0.0538399 0.0182842 0.0120453 -0.0769289 -0.09426 -0.00209179 -0.0313501 0.00747637 -0.0690089 -0.0293692 -0.0964595 -0.000207772 -0.00196606 -0.0271188 -0.00965496 -0.0610779 -0.113148 0.00474798 -0.108324 -0.0880257 0.0303838
internal_weight=554.353 111.485 109.553 29.8859 4.29091 79.6673 70.9751 30.2588 25.5759 12.1694 13.4065 40.7164 3.17738 8.85613 442.868 26.7922 13.1916 13.6006 8.7367 4.19364 416.076 395.074 45.12 35.0656 15.3505 8.57075 6.77975 2.34256 10.0544 19.7151
internal_count=10794 1302 1256 316 42 940 877 428 322 191 131 449 63 174 9492 462 125 337 129 88 9030 8820 1050 313 201 119 82 51 737 112
is_linear=0
shrinkage=0.1


Tree=99
num_leaves=31
num_cat=0
split_feature=12 19 2 5 9 8 13 10 10 10 13 3 14 13 13 12 1 8 5 18 10 9 18 9 10 8 10 8 17 10
split_gain=0.876106 3.45313 1.59593 2.84847 1.21917 2.24701 5.41229 6.15168 2.23748 1.96347 5.28361 4.42171 3.74684 4.20988 3.08219 3.83021 2.90773 2.48248 4.2249 4.13587 3.49822 3.49138 4.87257 3.48234 2.47569 6.57088 3.29234 2.57877 4.70575 1.80016
threshold=0.51845294237136852 1.3324228525161745 6.6021798892428311e-10 0.029273434073180987 0.18841562022386618 1.5055699081219789e-09 2.1839852333068852 3.7924004793167119 3.871893167495728 3.6506708860397343 2.0481292009353642 0.063193157376320835 0.026393831707537178 2.3649901151657109 2.37782895565033 0.38058610260486608 0.30764848556949126 7.95780777749116e-10 0.023358749087418397 0.40250538781666284 3.4769328832626347 0.1174026751143753 0.36865179147571331 0.085468199007683252 3.397292017936707 7.5253691767097693e-10 3.3663973808288579 7.5253691767097693e-10 0.12786310369318185 3.3492825031280522
decision_type=2 2 2 2 2 2 2 2 2 2 2 2 2 2 2 2 2 2 2 2 2 2 2 2 2 2 2 2 2 2
left_child=4 -2 -3 -4 5 8 -7 -8 9 12 11 -11 17 16 -15 -16 -14 20 19 -19 24 29 -23 -22 25 26 -1 28 -26 -20
right_child=1 2 3 -5 -6 6 7 -9 -10 10 -12 -13 13 14 15 -17 -18 18 21 -21 23 22 -24 -25 27 -27 -28 -29 -30 -31
leaf_value=-0.00021833108088275857 -0.12239374696825184 0.073527213084502843 0.079405712977530615 -0.1461581688837961 0.06032368077470316 -0.12687929689375685 -0.12658084264321376 0.064026449462112167 -0.14340000731944055 0.040880357411153603 0.067801857881845159 -0.12414147703893429 0.030642588533777992 0.097695549989929298 0.030122644223097857 -0.12715094953675599 -0.13241591586757837 -0.12793026320628967 0.10174387397140341 0.025762731586217249 0.072816190412843207 -0.099974767270056608 0.052778909657647116 -0.12703212072923542 0.060865261095896017 -0.15417443003807074 -0.12990340045521154 0.095160123020948853 -0.088994432793861808 0.039546007339502379
leaf_weight=426.4252268075661 1.3293280331417907 7.0037176320329291 1.231337506324053 1.0266259733471086 3.2522016926668575 4.769697589101269 2.4093234667088819 5.6968722050078213 1.0868996197823424 3.2141114342957762 13.113792706979437 3.2814112459309399 1.3304916340857769 2.3196721170097572 3.6253000623546541 2.7030864506959915 6.1427956246770918 3.1437583421356967 8.7366490466520244 3.951828699442558 1.1143097798340011 3.4690909963101131 5.2460748106241226 4.008106654509902 5.9294196143746358 2.8121402659453443 1.9666313277557481 5.3714550146833053 3.2405067435465753 9.9560593189671618
leaf_count=9429 28 33 5 185 23 96 48 33 24 21 63 66 17 5 36 48 106 72 22 39 6 46 25 82 36 45 41 14 41 59
internal_value=-0.000157781 0.0283248 0.0499574 -0.0231512 -0.000718155 -0.00108918 -0.0423582 0.00737415 -7.15837e-05 0.000227367 0.0312695 -0.0424855 -0.000986441 -0.0484146 -0.000910579 -0.0370547 -0.103386 0.00058886 0.0264412 -0.0423322 -0.00138953 0.0442458 -0.00802503 -0.0835579 -0.00044527 -0.00181384 -0.00081368 0.0401377 0.00790722 0.0686162
internal_weight=548.908 10.591 9.26168 2.25796 538.317 535.065 12.8759 8.1062 522.189 521.102 19.6093 6.49552 501.493 16.1213 8.64806 6.32839 7.47329 485.371 34.5035 7.09559 450.868 27.4079 8.71517 5.12242 445.745 431.204 428.392 14.5414 9.16993 18.6927
internal_count=10794 251 223 190 10543 10520 177 81 10343 10319 150 87 10169 212 89 84 123 9957 263 111 9694 152 71 88 9606 9515 9470 91 77 81
is_linear=0
shrinkage=0.1


end of trees

feature_importances:
rel_bp_alpha=258
zero_crossing_rate=209
kurtosis=200
rel_bp_theta=196
rel_bp_delta=181
bp_gamma=178
hjorth_complexity=177
skewness=174
hjorth_mobility=167
spectral_entropy=156
bp_alpha=149
line_length=147
bp_theta=140
bp_beta=128
rel_bp_gamma=128
rel_bp_beta=113
bp_delta=101
hjorth_activity=101
rms_amplitude=97

parameters:
[boosting: gbdt]
[objective: binary]
[metric: binary_logloss]
[tree_learner: serial]
[device_type: cpu]
[data_sample_strategy: bagging]
[data: ]
[valid: ]
[num_iterations: 100]
[learning_rate: 0.1]
[num_leaves: 31]
[num_threads: 2]
[seed: 42]
[deterministic: 0]
[force_col_wise: 0]
[force_row_wise: 0]
[histogram_pool_size: -1]
[max_depth: -1]
[min_data_in_leaf: 20]
[min_sum_hessian_in_leaf: 0.001]
[bagging_fraction: 1]
[pos_bagging_fraction: 1]
[neg_bagging_fraction: 1]
[bagging_freq: 0]
[bagging_seed: 400]
[bagging_by_query: 0]
[feature_fraction: 1]
[feature_fraction_bynode: 1]
[feature_fraction_seed: 30056]
[extra_trees: 0]
[extra_seed: 12879]
[early_stopping_round: 0]
[early_stopping_min_delta: 0]
[first_metric_only: 0]
[max_delta_step: 0]
[lambda_l1: 0]
[lambda_l2: 0]
[linear_lambda: 0]
[min_gain_to_split: 0]
[drop_rate: 0.1]
[max_drop: 50]
[skip_drop: 0.5]
[xgboost_dart_mode: 0]
[uniform_drop: 0]
[drop_seed: 17869]
[top_rate: 0.2]
[other_rate: 0.1]
[min_data_per_group: 100]
[max_cat_threshold: 32]
[cat_l2: 10]
[cat_smooth: 10]
[max_cat_to_onehot: 4]
[top_k: 20]
[monotone_constraints: ]
[monotone_constraints_method: basic]
[monotone_penalty: 0]
[feature_contri: ]
[forcedsplits_filename: ]
[refit_decay_rate: 0.9]
[cegb_tradeoff: 1]
[cegb_penalty_split: 0]
[cegb_penalty_feature_lazy: ]
[cegb_penalty_feature_coupled: ]
[path_smooth: 0]
[interaction_constraints: ]
[verbosity: -1]
[saved_feature_importance_type: 0]
[use_quantized_grad: 0]
[num_grad_quant_bins: 4]
[quant_train_renew_leaf: 0]
[stochastic_rounding: 1]
[linear_tree: 0]
[max_bin: 255]
[max_bin_by_feature: ]
[min_data_in_bin: 3]
[bin_construct_sample_cnt: 200000]
[data_random_seed: 175]
[is_enable_sparse: 1]
[enable_bundle: 1]
[use_missing: 1]
[zero_as_missing: 0]
[feature_pre_filter: 1]
[pre_partition: 0]
[two_round: 0]
[header: 0]
[label_column: ]
[weight_column: ]
[group_column: ]
[ignore_column: ]
[categorical_feature: ]
[forcedbins_filename: ]
[precise_float_parser: 0]
[parser_config_file: ]
[objective_seed: 16083]
[num_class: 1]
[is_unbalance: 0]
[scale_pos_weight: 1]
[sigmoid: 1]
[boost_from_average: 1]
[reg_sqrt: 0]
[alpha: 0.9]
[fair_c: 1]
[poisson_max_delta_step: 0.7]
[tweedie_variance_power: 1.5]
[lambdarank_truncation_level: 30]
[lambdarank_norm: 1]
[label_gain: ]
[lambdarank_position_bias_regularization: 0]
[eval_at: ]
[multi_error_top_k: 1]
[auc_mu_weights: ]
[num_machines: 1]
[local_listen_port: 12400]
[time_out: 120]
[machine_list_filename: ]
[machines: ]
[gpu_platform_id: -1]
[gpu_device_id: -1]
[gpu_use_dp: 0]
[num_gpu: 1]

end of parameters

pandas_categorical:[]
