subject_id,edf_file,window_id,feature,cached,recomputed,absolute_error,pass
chb01,chb01_01.edf,chb01|chb01_01.edf|000000,bp_delta,3.4687505692924822e-10,3.4687505692924822e-10,0,True
chb01,chb01_01.edf,chb01|chb01_01.edf|000000,rel_bp_delta,0.18480845046435238,0.18480845046435238,0,True
chb01,chb01_01.edf,chb01|chb01_01.edf|000000,bp_theta,1.2554717732401454e-10,1.2554717732401454e-10,0,True
chb01,chb01_01.edf,chb01|chb01_01.edf|000000,rel_bp_theta,0.066487840935734774,0.066487840935734774,0,True
chb01,chb01_01.edf,chb01|chb01_01.edf|000000,bp_alpha,4.3342657681621477e-11,4.3342657681621477e-11,0,True
chb01,chb01_01.edf,chb01|chb01_01.edf|000000,rel_bp_alpha,0.023731947223960395,0.023731947223960395,0,True
chb01,chb01_01.edf,chb01|chb01_01.edf|000000,bp_beta,1.0470729973762106e-10,1.0470729973762106e-10,0,True
chb01,chb01_01.edf,chb01|chb01_01.edf|000000,rel_bp_beta,0.04950666339443284,0.04950666339443284,0,True
chb01,chb01_01.edf,chb01|chb01_01.edf|000000,bp_gamma,8.0653807476436615e-11,8.0653807476436615e-11,0,True
chb01,chb01_01.edf,chb01|chb01_01.edf|000000,rel_bp_gamma,0.038637863903758798,0.038637863903758798,0,True
chb01,chb01_01.edf,chb01|chb01_01.edf|000000,spectral_entropy,2.1850740909576416,2.1850740909576416,0,True
chb01,chb01_01.edf,chb01|chb01_01.edf|000000,hjorth_activity,9.149394020191437e-10,9.149394020191437e-10,0,True
chb01,chb01_01.edf,chb01|chb01_01.edf|000000,hjorth_mobility,0.27565962076187134,0.27565962076187134,0,True
chb01,chb01_01.edf,chb01|chb01_01.edf|000000,hjorth_complexity,1.4959772825241089,1.4959772825241089,0,True
chb01,chb01_01.edf,chb01|chb01_01.edf|000000,line_length,0.0086155449971556664,0.0086155449971556664,0,True
chb01,chb01_01.edf,chb01|chb01_01.edf|000000,rms_amplitude,2.8922479032189585e-05,2.8922479032189585e-05,0,True
chb01,chb01_01.edf,chb01|chb01_01.edf|000000,variance,9.149394020191437e-10,9.149394020191437e-10,0,True
chb01,chb01_01.edf,chb01|chb01_01.edf|000000,zero_crossing_rate,0.12069424715909091,0.12069424715909091,0,True
chb01,chb01_01.edf,chb01|chb01_01.edf|000000,skewness,0.020072529769756577,0.020072529769756577,0,True
chb01,chb01_01.edf,chb01|chb01_01.edf|000000,kurtosis,0.68922924995422363,0.68922924995422363,0,True
chb01,chb01_01.edf,chb01|chb01_01.edf|000899,bp_delta,9.0596631136164406e-10,9.0596631136164406e-10,0,True
chb01,chb01_01.edf,chb01|chb01_01.edf|000899,rel_bp_delta,0.20670502494888676,0.20670502494888676,0,True
chb01,chb01_01.edf,chb01|chb01_01.edf|000899,bp_theta,2.1548664414352788e-10,2.1548664414352788e-10,0,True
chb01,chb01_01.edf,chb01|chb01_01.edf|000899,rel_bp_theta,0.065629658052591452,0.065629658052591452,0,True
chb01,chb01_01.edf,chb01|chb01_01.edf|000899,bp_alpha,5.0602286294443618e-11,5.0602286294443618e-11,0,True
chb01,chb01_01.edf,chb01|chb01_01.edf|000899,rel_bp_alpha,0.017611584072041411,0.017611584072041411,0,True
chb01,chb01_01.edf,chb01|chb01_01.edf|000899,bp_beta,8.5657039303737575e-11,8.5657039303737575e-11,0,True
chb01,chb01_01.edf,chb01|chb01_01.edf|000899,rel_bp_beta,0.034785364130903711,0.034785364130903711,0,True
chb01,chb01_01.edf,chb01|chb01_01.edf|000899,bp_gamma,6.6998178022371704e-11,6.6998178022371704e-11,0,True
chb01,chb01_01.edf,chb01|chb01_01.edf|000899,rel_bp_gamma,0.025506367917687848,0.025506367917687848,0,True
chb01,chb01_01.edf,chb01|chb01_01.edf|000899,spectral_entropy,1.9156676530838013,1.9156676530838013,0,True
chb01,chb01_01.edf,chb01|chb01_01.edf|000899,hjorth_activity,1.804271954064518e-09,1.804271954064518e-09,0,True
chb01,chb01_01.edf,chb01|chb01_01.edf|000899,hjorth_mobility,0.22846247255802155,0.22846247255802155,0,True
chb01,chb01_01.edf,chb01|chb01_01.edf|000899,hjorth_complexity,1.7262085676193237,1.7262085676193237,0,True
chb01,chb01_01.edf,chb01|chb01_01.edf|000899,line_length,0.0078979870304465294,0.0078979870304465294,0,True
chb01,chb01_01.edf,chb01|chb01_01.edf|000899,rms_amplitude,3.2781354093458503e-05,3.2781354093458503e-05,0,True
chb01,chb01_01.edf,chb01|chb01_01.edf|000899,variance,1.804271954064518e-09,1.804271954064518e-09,0,True
chb01,chb01_01.edf,chb01|chb01_01.edf|000899,zero_crossing_rate,0.13631924715909091,0.13631924715909091,0,True
chb01,chb01_01.edf,chb01|chb01_01.edf|000899,skewness,0.7090121612630107,0.7090121612630107,0,True
chb01,chb01_01.edf,chb01|chb01_01.edf|000899,kurtosis,3.5446455478668213,3.5446455478668213,0,True
chb01,chb01_01.edf,chb01|chb01_01.edf|001798,bp_delta,8.2253864112861371e-11,8.2253864112861371e-11,0,True
chb01,chb01_01.edf,chb01|chb01_01.edf|001798,rel_bp_delta,0.063244530317534589,0.063244530317534589,0,True
chb01,chb01_01.edf,chb01|chb01_01.edf|001798,bp_theta,5.3773746326180796e-11,5.3773746326180796e-11,0,True
chb01,chb01_01.edf,chb01|chb01_01.edf|001798,rel_bp_theta,0.041312841575209223,0.041312841575209223,0,True
chb01,chb01_01.edf,chb01|chb01_01.edf|001798,bp_alpha,2.7672915130283156e-11,2.7672915130283156e-11,0,True
chb01,chb01_01.edf,chb01|chb01_01.edf|001798,rel_bp_alpha,0.021293141010952445,0.021293141010952445,0,True
chb01,chb01_01.edf,chb01|chb01_01.edf|001798,bp_beta,7.259819353676635e-11,7.259819353676635e-11,0,True
chb01,chb01_01.edf,chb01|chb01_01.edf|001798,rel_bp_beta,0.05343066807090105,0.05343066807090105,0,True
chb01,chb01_01.edf,chb01|chb01_01.edf|001798,bp_gamma,5.5578226264172311e-11,5.5578226264172311e-11,0,True
chb01,chb01_01.edf,chb01|chb01_01.edf|001798,rel_bp_gamma,0.040778691598415122,0.040778691598415122,0,True
chb01,chb01_01.edf,chb01|chb01_01.edf|001798,spectral_entropy,1.6185164451599121,1.6185164451599121,0,True
chb01,chb01_01.edf,chb01|chb01_01.edf|001798,hjorth_activity,4.5514525481848978e-10,4.5514525481848978e-10,0,True
chb01,chb01_01.edf,chb01|chb01_01.edf|001798,hjorth_mobility,0.23820716142654419,0.23820716142654419,0,True
chb01,chb01_01.edf,chb01|chb01_01.edf|001798,hjorth_complexity,1.3037530183792114,1.3037530183792114,0,True
chb01,chb01_01.edf,chb01|chb01_01.edf|001798,line_length,0.0073523628525435925,0.0073523628525435925,0,True
chb01,chb01_01.edf,chb01|chb01_01.edf|001798,rms_amplitude,2.049981958407443e-05,2.049981958407443e-05,0,True
chb01,chb01_01.edf,chb01|chb01_01.edf|001798,variance,4.5514525481848978e-10,4.5514525481848978e-10,0,True
chb01,chb01_01.edf,chb01|chb01_01.edf|001798,zero_crossing_rate,0.14901455965909091,0.14901455965909091,0,True
chb01,chb01_01.edf,chb01|chb01_01.edf|001798,skewness,-0.0049050250513987112,-0.0049050250513987112,0,True
chb01,chb01_01.edf,chb01|chb01_01.edf|001798,kurtosis,1.3902989625930786,1.3902989625930786,0,True
chb01,chb01_02.edf,chb01|chb01_02.edf|000000,bp_delta,8.7473015868996297e-11,8.7473015868996297e-11,0,True
chb01,chb01_02.edf,chb01|chb01_02.edf|000000,rel_bp_delta,0.06653040148740956,0.06653040148740956,0,True
chb01,chb01_02.edf,chb01|chb01_02.edf|000000,bp_theta,5.1260488613441314e-11,5.1260488613441314e-11,0,True
chb01,chb01_02.edf,chb01|chb01_02.edf|000000,rel_bp_theta,0.03987094988473406,0.03987094988473406,0,True
chb01,chb01_02.edf,chb01|chb01_02.edf|000000,bp_alpha,2.5384689492273073e-11,2.5384689492273073e-11,0,True
chb01,chb01_02.edf,chb01|chb01_02.edf|000000,rel_bp_alpha,0.019819821767448152,0.019819821767448152,0,True
chb01,chb01_02.edf,chb01|chb01_02.edf|000000,bp_beta,5.8746999325673735e-11,5.8746999325673735e-11,0,True
chb01,chb01_02.edf,chb01|chb01_02.edf|000000,rel_bp_beta,0.043284535477140111,0.043284535477140111,0,True
chb01,chb01_02.edf,chb01|chb01_02.edf|000000,bp_gamma,5.7727519851017334e-11,5.7727519851017334e-11,0,True
chb01,chb01_02.edf,chb01|chb01_02.edf|000000,rel_bp_gamma,0.042223630937110609,0.042223630937110609,0,True
chb01,chb01_02.edf,chb01|chb01_02.edf|000000,spectral_entropy,1.5476393699645996,1.5476393699645996,0,True
chb01,chb01_02.edf,chb01|chb01_02.edf|000000,hjorth_activity,4.1131073547084895e-10,4.1131073547084895e-10,0,True
chb01,chb01_02.edf,chb01|chb01_02.edf|000000,hjorth_mobility,0.23443283140659332,0.23443283140659332,0,True
chb01,chb01_02.edf,chb01|chb01_02.edf|000000,hjorth_complexity,1.3035330772399902,1.3035330772399902,0,True
chb01,chb01_02.edf,chb01|chb01_02.edf|000000,line_length,0.0070344586856663227,0.0070344586856663227,0,True
chb01,chb01_02.edf,chb01|chb01_02.edf|000000,rms_amplitude,1.9287130271550268e-05,1.9287130271550268e-05,0,True
chb01,chb01_02.edf,chb01|chb01_02.edf|000000,variance,4.1131073547084895e-10,4.1131073547084895e-10,0,True
chb01,chb01_02.edf,chb01|chb01_02.edf|000000,zero_crossing_rate,0.15167791193181818,0.15167791193181818,0,True
chb01,chb01_02.edf,chb01|chb01_02.edf|000000,skewness,0.38175405680455943,0.38175405680455943,0,True
chb01,chb01_02.edf,chb01|chb01_02.edf|000000,kurtosis,1.7899776697158813,1.7899776697158813,0,True
chb01,chb01_02.edf,chb01|chb01_02.edf|000899,bp_delta,9.5714633622625856e-11,9.5714633622625856e-11,0,True
chb01,chb01_02.edf,chb01|chb01_02.edf|000899,rel_bp_delta,0.073699951318177845,0.073699951318177845,0,True
chb01,chb01_02.edf,chb01|chb01_02.edf|000899,bp_theta,5.1622576813773416e-11,5.1622576813773416e-11,0,True
chb01,chb01_02.edf,chb01|chb01_02.edf|000899,rel_bp_theta,0.040397823388882752,0.040397823388882752,0,True
chb01,chb01_02.edf,chb01|chb01_02.edf|000899,bp_alpha,2.1430487484423721e-11,2.1430487484423721e-11,0,True
chb01,chb01_02.edf,chb01|chb01_02.edf|000899,rel_bp_alpha,0.016769621208257906,0.016769621208257906,0,True
chb01,chb01_02.edf,chb01|chb01_02.edf|000899,bp_beta,5.3320836600644911e-11,5.3320836600644911e-11,0,True
chb01,chb01_02.edf,chb01|chb01_02.edf|000899,rel_bp_beta,0.04026346295535229,0.04026346295535229,0,True
chb01,chb01_02.edf,chb01|chb01_02.edf|000899,bp_gamma,4.5503606018920275e-11,4.5503606018920275e-11,0,True
chb01,chb01_02.edf,chb01|chb01_02.edf|000899,rel_bp_gamma,0.033911212624368241,0.033911212624368241,0,True
chb01,chb01_02.edf,chb01|chb01_02.edf|000899,spectral_entropy,1.4470691680908203,1.4470691680908203,0,True
chb01,chb01_02.edf,chb01|chb01_02.edf|000899,hjorth_activity,3.1664962318878054e-10,3.1664962318878054e-10,0,True
chb01,chb01_02.edf,chb01|chb01_02.edf|000899,hjorth_mobility,0.21159328520298004,0.21159328520298004,0,True
chb01,chb01_02.edf,chb01|chb01_02.edf|000899,hjorth_complexity,1.2487143278121948,1.2487143278121948,0,True
chb01,chb01_02.edf,chb01|chb01_02.edf|000899,line_length,0.0061751757748425007,0.0061751757748425007,0,True
chb01,chb01_02.edf,chb01|chb01_02.edf|000899,rms_amplitude,1.7520405890536495e-05,1.7520405890536495e-05,0,True
chb01,chb01_02.edf,chb01|chb01_02.edf|000899,variance,3.1664962318878054e-10,3.1664962318878054e-10,0,True
chb01,chb01_02.edf,chb01|chb01_02.edf|000899,zero_crossing_rate,0.13463245738636365,0.13463245738636365,0,True
chb01,chb01_02.edf,chb01|chb01_02.edf|000899,skewness,0.059502283957871521,0.059502283957871521,0,True
chb01,chb01_02.edf,chb01|chb01_02.edf|000899,kurtosis,0.2327035516500473,0.2327035516500473,0,True
chb01,chb01_02.edf,chb01|chb01_02.edf|001798,bp_delta,5.205001824119689e-10,5.205001824119689e-10,0,True
chb01,chb01_02.edf,chb01|chb01_02.edf|001798,rel_bp_delta,0.2589563236688201,0.2589563236688201,0,True
chb01,chb01_02.edf,chb01|chb01_02.edf|001798,bp_theta,1.7507546422702478e-10,1.7507546422702478e-10,0,True
chb01,chb01_02.edf,chb01|chb01_02.edf|001798,rel_bp_theta,0.092858964095753505,0.092858964095753505,0,True
chb01,chb01_02.edf,chb01|chb01_02.edf|001798,bp_alpha,1.1289509553686047e-10,1.1289509553686047e-10,0,True
chb01,chb01_02.edf,chb01|chb01_02.edf|001798,rel_bp_alpha,0.05907629134482608,0.05907629134482608,0,True
chb01,chb01_02.edf,chb01|chb01_02.edf|001798,bp_beta,2.9293878368975305e-11,2.9293878368975305e-11,0,True
chb01,chb01_02.edf,chb01|chb01_02.edf|001798,rel_bp_beta,0.01572541388055403,0.01572541388055403,0,True
chb01,chb01_02.edf,chb01|chb01_02.edf|001798,bp_gamma,1.0523306987732986e-11,1.0523306987732986e-11,0,True
chb01,chb01_02.edf,chb01|chb01_02.edf|001798,rel_bp_gamma,0.0057715461889585604,0.0057715461889585604,0,True
chb01,chb01_02.edf,chb01|chb01_02.edf|001798,spectral_entropy,2.0725901126861572,2.0725901126861572,0,True
chb01,chb01_02.edf,chb01|chb01_02.edf|001798,hjorth_activity,1.143083183663407e-09,1.143083183663407e-09,0,True
chb01,chb01_02.edf,chb01|chb01_02.edf|001798,hjorth_mobility,0.13492575287818909,0.13492575287818909,0,True
chb01,chb01_02.edf,chb01|chb01_02.edf|001798,hjorth_complexity,1.2299637794494629,1.2299637794494629,0,True
chb01,chb01_02.edf,chb01|chb01_02.edf|001798,line_length,0.0050364569760859013,0.0050364569760859013,0,True
chb01,chb01_02.edf,chb01|chb01_02.edf|001798,rms_amplitude,3.2659769203746691e-05,3.2659769203746691e-05,0,True
chb01,chb01_02.edf,chb01|chb01_02.edf|001798,variance,1.143083183663407e-09,1.143083183663407e-09,0,True
chb01,chb01_02.edf,chb01|chb01_02.edf|001798,zero_crossing_rate,0.065118963068181823,0.065118963068181823,0,True
chb01,chb01_02.edf,chb01|chb01_02.edf|001798,skewness,0.048710830350914461,0.048710830350914461,0,True
chb01,chb01_02.edf,chb01|chb01_02.edf|001798,kurtosis,0.62516748905181885,0.62516748905181885,0,True
chb01,chb01_03.edf,chb01|chb01_03.edf|000000,bp_delta,4.5957686204613842e-10,4.5957686204613842e-10,0,True
chb01,chb01_03.edf,chb01|chb01_03.edf|000000,rel_bp_delta,0.21966423259863685,0.21966423259863685,0,True
chb01,chb01_03.edf,chb01|chb01_03.edf|000000,bp_theta,1.683599976406423e-10,1.683599976406423e-10,0,True
chb01,chb01_03.edf,chb01|chb01_03.edf|000000,rel_bp_theta,0.082303369954730546,0.082303369954730546,0,True
chb01,chb01_03.edf,chb01|chb01_03.edf|000000,bp_alpha,2.6943394686268751e-10,2.6943394686268751e-10,0,True
chb01,chb01_03.edf,chb01|chb01_03.edf|000000,rel_bp_alpha,0.11567938057401271,0.11567938057401271,0,True
chb01,chb01_03.edf,chb01|chb01_03.edf|000000,bp_beta,7.068694705565366e-11,7.068694705565366e-11,0,True
chb01,chb01_03.edf,chb01|chb01_03.edf|000000,rel_bp_beta,0.031958543629445696,0.031958543629445696,0,True
chb01,chb01_03.edf,chb01|chb01_03.edf|000000,bp_gamma,9.1594496808086452e-12,9.1594496808086452e-12,0,True
chb01,chb01_03.edf,chb01|chb01_03.edf|000000,rel_bp_gamma,0.0050043275475179141,0.0050043275475179141,0,True
chb01,chb01_03.edf,chb01|chb01_03.edf|000000,spectral_entropy,2.1833600997924805,2.1833600997924805,0,True
chb01,chb01_03.edf,chb01|chb01_03.edf|000000,hjorth_activity,1.1145853129335137e-09,1.1145853129335137e-09,0,True
chb01,chb01_03.edf,chb01|chb01_03.edf|000000,hjorth_mobility,0.16032180190086365,0.16032180190086365,0,True
chb01,chb01_03.edf,chb01|chb01_03.edf|000000,hjorth_complexity,1.1471612453460693,1.1471612453460693,0,True
chb01,chb01_03.edf,chb01|chb01_03.edf|000000,line_length,0.0058427969925105572,0.0058427969925105572,0,True
chb01,chb01_03.edf,chb01|chb01_03.edf|000000,rms_amplitude,3.2259558793157339e-05,3.2259558793157339e-05,0,True
chb01,chb01_03.edf,chb01|chb01_03.edf|000000,variance,1.1145853129335137e-09,1.1145853129335137e-09,0,True
chb01,chb01_03.edf,chb01|chb01_03.edf|000000,zero_crossing_rate,0.073641690340909088,0.073641690340909088,0,True
chb01,chb01_03.edf,chb01|chb01_03.edf|000000,skewness,-0.15896487746662882,-0.15896487746662882,0,True
chb01,chb01_03.edf,chb01|chb01_03.edf|000000,kurtosis,0.2198779433965683,0.2198779433965683,0,True
chb01,chb01_03.edf,chb01|chb01_03.edf|000899,bp_delta,4.7387329469181477e-10,4.7387329469181477e-10,0,True
chb01,chb01_03.edf,chb01|chb01_03.edf|000899,rel_bp_delta,0.23897551364933947,0.23897551364933947,0,True
chb01,chb01_03.edf,chb01|chb01_03.edf|000899,bp_theta,2.7418020923413269e-10,2.7418020923413269e-10,0,True
chb01,chb01_03.edf,chb01|chb01_03.edf|000899,rel_bp_theta,0.13957700831635544,0.13957700831635544,0,True
chb01,chb01_03.edf,chb01|chb01_03.edf|000899,bp_alpha,6.526985601498844e-11,6.526985601498844e-11,0,True
chb01,chb01_03.edf,chb01|chb01_03.edf|000899,rel_bp_alpha,0.032868598098392855,0.032868598098392855,0,True
chb01,chb01_03.edf,chb01|chb01_03.edf|000899,bp_beta,6.465576731295323e-11,6.465576731295323e-11,0,True
chb01,chb01_03.edf,chb01|chb01_03.edf|000899,rel_bp_beta,0.032143418783147241,0.032143418783147241,0,True
chb01,chb01_03.edf,chb01|chb01_03.edf|000899,bp_gamma,1.0086842741792569e-11,1.0086842741792569e-11,0,True
chb01,chb01_03.edf,chb01|chb01_03.edf|000899,rel_bp_gamma,0.0055115166978323398,0.0055115166978323398,0,True
chb01,chb01_03.edf,chb01|chb01_03.edf|000899,spectral_entropy,2.1884410381317139,2.1884410381317139,0,True
chb01,chb01_03.edf,chb01|chb01_03.edf|000899,hjorth_activity,1.0863131505445267e-09,1.0863131505445267e-09,0,True
chb01,chb01_03.edf,chb01|chb01_03.edf|000899,hjorth_mobility,0.13961446285247803,0.13961446285247803,0,True
chb01,chb01_03.edf,chb01|chb01_03.edf|000899,hjorth_complexity,1.3393322229385376,1.3393322229385376,0,True
chb01,chb01_03.edf,chb01|chb01_03.edf|000899,line_length,0.0050265644676983356,0.0050265644676983356,0,True
chb01,chb01_03.edf,chb01|chb01_03.edf|000899,rms_amplitude,3.239522993681021e-05,3.239522993681021e-05,0,True
chb01,chb01_03.edf,chb01|chb01_03.edf|000899,variance,1.0863131505445267e-09,1.0863131505445267e-09,0,True
chb01,chb01_03.edf,chb01|chb01_03.edf|000899,zero_crossing_rate,0.064098011363636367,0.064098011363636367,0,True
chb01,chb01_03.edf,chb01|chb01_03.edf|000899,skewness,-0.158586709336801,-0.158586709336801,0,True
chb01,chb01_03.edf,chb01|chb01_03.edf|000899,kurtosis,1.3285236358642578,1.3285236358642578,0,True
chb01,chb01_03.edf,chb01|chb01_03.edf|001798,bp_delta,3.5885416268898791e-10,3.5885416268898791e-10,0,True
chb01,chb01_03.edf,chb01|chb01_03.edf|001798,rel_bp_delta,0.21100134347964311,0.21100134347964311,0,True
chb01,chb01_03.edf,chb01|chb01_03.edf|001798,bp_theta,1.0100578498792376e-10,1.0100578498792376e-10,0,True
chb01,chb01_03.edf,chb01|chb01_03.edf|001798,rel_bp_theta,0.062054001564792391,0.062054001564792391,0,True
chb01,chb01_03.edf,chb01|chb01_03.edf|001798,bp_alpha,3.7908055866927252e-11,3.7908055866927252e-11,0,True
chb01,chb01_03.edf,chb01|chb01_03.edf|001798,rel_bp_alpha,0.022730344976339099,0.022730344976339099,0,True
chb01,chb01_03.edf,chb01|chb01_03.edf|001798,bp_beta,5.2802706026269207e-11,5.2802706026269207e-11,0,True
chb01,chb01_03.edf,chb01|chb01_03.edf|001798,rel_bp_beta,0.032260765221107122,0.032260765221107122,0,True
chb01,chb01_03.edf,chb01|chb01_03.edf|001798,bp_gamma,4.3924782463602024e-11,4.3924782463602024e-11,0,True
chb01,chb01_03.edf,chb01|chb01_03.edf|001798,rel_bp_gamma,0.027115220476066248,0.027115220476066248,0,True
chb01,chb01_03.edf,chb01|chb01_03.edf|001798,spectral_entropy,1.8746474981307983,1.8746474981307983,0,True
chb01,chb01_03.edf,chb01|chb01_03.edf|001798,hjorth_activity,8.4391360566371532e-10,8.4391360566371532e-10,0,True
chb01,chb01_03.edf,chb01|chb01_03.edf|001798,hjorth_mobility,0.17602486908435822,0.17602486908435822,0,True
chb01,chb01_03.edf,chb01|chb01_03.edf|001798,hjorth_complexity,1.4008452892303467,1.4008452892303467,0,True
chb01,chb01_03.edf,chb01|chb01_03.edf|001798,line_length,0.0057674767449498177,0.0057674767449498177,0,True
chb01,chb01_03.edf,chb01|chb01_03.edf|001798,rms_amplitude,2.847956602636259e-05,2.847956602636259e-05,0,True
chb01,chb01_03.edf,chb01|chb01_03.edf|001798,variance,8.4391360566371532e-10,8.4391360566371532e-10,0,True
chb01,chb01_03.edf,chb01|chb01_03.edf|001798,zero_crossing_rate,0.083895596590909088,0.083895596590909088,0,True
chb01,chb01_03.edf,chb01|chb01_03.edf|001798,skewness,0.23025566610423001,0.23025566610423001,0,True
chb01,chb01_03.edf,chb01|chb01_03.edf|001798,kurtosis,0.48612672090530396,0.48612672090530396,0,True
chb01,chb01_04.edf,chb01|chb01_04.edf|000000,bp_delta,4.5905402285626655e-10,4.5905402285626655e-10,0,True
chb01,chb01_04.edf,chb01|chb01_04.edf|000000,rel_bp_delta,0.21982572903851727,0.21982572903851727,0,True
chb01,chb01_04.edf,chb01|chb01_04.edf|000000,bp_theta,1.894006450255493e-10,1.894006450255493e-10,0,True
chb01,chb01_04.edf,chb01|chb01_04.edf|000000,rel_bp_theta,0.097525430138416136,0.097525430138416136,0,True
chb01,chb01_04.edf,chb01|chb01_04.edf|000000,bp_alpha,1.257237424864422e-10,1.257237424864422e-10,0,True
chb01,chb01_04.edf,chb01|chb01_04.edf|000000,rel_bp_alpha,0.061043370429910919,0.061043370429910919,0,True
chb01,chb01_04.edf,chb01|chb01_04.edf|000000,bp_beta,8.2755970967022391e-11,8.2755970967022391e-11,0,True
chb01,chb01_04.edf,chb01|chb01_04.edf|000000,rel_bp_beta,0.041970720152553161,0.041970720152553161,0,True
chb01,chb01_04.edf,chb01|chb01_04.edf|000000,bp_gamma,4.2886662119806034e-11,4.2886662119806034e-11,0,True
chb01,chb01_04.edf,chb01|chb01_04.edf|000000,rel_bp_gamma,0.022319187010099981,0.022319187010099981,0,True
chb01,chb01_04.edf,chb01|chb01_04.edf|000000,spectral_entropy,2.2155728340148926,2.2155728340148926,0,True
chb01,chb01_04.edf,chb01|chb01_04.edf|000000,hjorth_activity,9.9526953345474567e-10,9.9526953345474567e-10,0,True
chb01,chb01_04.edf,chb01|chb01_04.edf|000000,hjorth_mobility,0.19028109312057495,0.19028109312057495,0,True
chb01,chb01_04.edf,chb01|chb01_04.edf|000000,hjorth_complexity,1.3305180072784424,1.3305180072784424,0,True
chb01,chb01_04.edf,chb01|chb01_04.edf|000000,line_length,0.006497485563158989,0.006497485563158989,0,True
chb01,chb01_04.edf,chb01|chb01_04.edf|000000,rms_amplitude,3.0625724320998415e-05,3.0625724320998415e-05,0,True
chb01,chb01_04.edf,chb01|chb01_04.edf|000000,variance,9.9526953345474567e-10,9.9526953345474567e-10,0,True
chb01,chb01_04.edf,chb01|chb01_04.edf|000000,zero_crossing_rate,0.089399857954545456,0.089399857954545456,0,True
chb01,chb01_04.edf,chb01|chb01_04.edf|000000,skewness,-0.087114546680822968,-0.087114546680822968,0,True
chb01,chb01_04.edf,chb01|chb01_04.edf|000000,kurtosis,0.66220587491989136,0.66220587491989136,0,True
chb01,chb01_04.edf,chb01|chb01_04.edf|000899,bp_delta,2.1714679131517136e-10,2.1714679131517136e-10,0,True
chb01,chb01_04.edf,chb01|chb01_04.edf|000899,rel_bp_delta,0.14232226210476676,0.14232226210476676,0,True
chb01,chb01_04.edf,chb01|chb01_04.edf|000899,bp_theta,1.1666691571154963e-10,1.1666691571154963e-10,0,True
chb01,chb01_04.edf,chb01|chb01_04.edf|000899,rel_bp_theta,0.077685938484971989,0.077685938484971989,0,True
chb01,chb01_04.edf,chb01|chb01_04.edf|000899,bp_alpha,5.3915427552295198e-11,5.3915427552295198e-11,0,True
chb01,chb01_04.edf,chb01|chb01_04.edf|000899,rel_bp_alpha,0.03448319638962364,0.03448319638962364,0,True
chb01,chb01_04.edf,chb01|chb01_04.edf|000899,bp_beta,2.0667544022539352e-11,2.0667544022539352e-11,0,True
chb01,chb01_04.edf,chb01|chb01_04.edf|000899,rel_bp_beta,0.014461329245293142,0.014461329245293142,0,True
chb01,chb01_04.edf,chb01|chb01_04.edf|000899,bp_gamma,7.3680081129659058e-12,7.3680081129659058e-12,0,True
chb01,chb01_04.edf,chb01|chb01_04.edf|000899,rel_bp_gamma,0.0050362279919626057,0.0050362279919626057,0,True
chb01,chb01_04.edf,chb01|chb01_04.edf|000899,spectral_entropy,1.5821574926376343,1.5821574926376343,0,True
chb01,chb01_04.edf,chb01|chb01_04.edf|000899,hjorth_activity,5.5346399685518577e-10,5.5346399685518577e-10,0,True
chb01,chb01_04.edf,chb01|chb01_04.edf|000899,hjorth_mobility,0.13072644174098969,0.13072644174098969,0,True
chb01,chb01_04.edf,chb01|chb01_04.edf|000899,hjorth_complexity,1.2958483695983887,1.2958483695983887,0,True
chb01,chb01_04.edf,chb01|chb01_04.edf|000899,line_length,0.00434125866740942,0.00434125866740942,0,True
chb01,chb01_04.edf,chb01|chb01_04.edf|000899,rms_amplitude,2.2636422727373429e-05,2.2636422727373429e-05,0,True
chb01,chb01_04.edf,chb01|chb01_04.edf|000899,variance,5.5346399685518577e-10,5.5346399685518577e-10,0,True
chb01,chb01_04.edf,chb01|chb01_04.edf|000899,zero_crossing_rate,0.076793323863636367,0.076793323863636367,0,True
chb01,chb01_04.edf,chb01|chb01_04.edf|000899,skewness,0.21656731041994962,0.21656731041994962,0,True
chb01,chb01_04.edf,chb01|chb01_04.edf|000899,kurtosis,0.68631827831268311,0.68631827831268311,0,True
chb01,chb01_04.edf,chb01|chb01_04.edf|001798,bp_delta,1.3369993247783711e-10,1.3369993247783711e-10,0,True
chb01,chb01_04.edf,chb01|chb01_04.edf|001798,rel_bp_delta,0.10556955778555575,0.10556955778555575,0,True
chb01,chb01_04.edf,chb01|chb01_04.edf|001798,bp_theta,4.6959499696310042e-11,4.6959499696310042e-11,0,True
chb01,chb01_04.edf,chb01|chb01_04.edf|001798,rel_bp_theta,0.03745512079967659,0.03745512079967659,0,True
chb01,chb01_04.edf,chb01|chb01_04.edf|001798,bp_alpha,2.0423706294185702e-11,2.0423706294185702e-11,0,True
chb01,chb01_04.edf,chb01|chb01_04.edf|001798,rel_bp_alpha,0.016374621486351663,0.016374621486351663,0,True
chb01,chb01_04.edf,chb01|chb01_04.edf|001798,bp_beta,2.0391959877869333e-11,2.0391959877869333e-11,0,True
chb01,chb01_04.edf,chb01|chb01_04.edf|001798,rel_bp_beta,0.016397297624346076,0.016397297624346076,0,True
chb01,chb01_04.edf,chb01|chb01_04.edf|001798,bp_gamma,1.2149353066198138e-11,1.2149353066198138e-11,0,True
chb01,chb01_04.edf,chb01|chb01_04.edf|001798,rel_bp_gamma,0.0097202508602937804,0.0097202508602937804,0,True
chb01,chb01_04.edf,chb01|chb01_04.edf|001798,spectral_entropy,1.2938042879104614,1.2938042879104614,0,True
chb01,chb01_04.edf,chb01|chb01_04.edf|001798,hjorth_activity,5.0784793037550457e-10,5.0784793037550457e-10,0,True
chb01,chb01_04.edf,chb01|chb01_04.edf|001798,hjorth_mobility,0.13506625592708588,0.13506625592708588,0,True
chb01,chb01_04.edf,chb01|chb01_04.edf|001798,hjorth_complexity,1.4118529558181763,1.4118529558181763,0,True
chb01,chb01_04.edf,chb01|chb01_04.edf|001798,line_length,0.0042370613664388657,0.0042370613664388657,0,True
chb01,chb01_04.edf,chb01|chb01_04.edf|001798,rms_amplitude,2.2185557099874131e-05,2.2185557099874131e-05,0,True
chb01,chb01_04.edf,chb01|chb01_04.edf|001798,variance,5.0784793037550457e-10,5.0784793037550457e-10,0,True
chb01,chb01_04.edf,chb01|chb01_04.edf|001798,zero_crossing_rate,0.088734019886363633,0.088734019886363633,0,True
chb01,chb01_04.edf,chb01|chb01_04.edf|001798,skewness,-0.038118785564703023,-0.038118785564703023,0,True
chb01,chb01_04.edf,chb01|chb01_04.edf|001798,kurtosis,0.46773740649223328,0.46773740649223328,0,True
chb01,chb01_05.edf,chb01|chb01_05.edf|000000,bp_delta,1.9588545463719323e-10,1.9588545463719323e-10,0,True
chb01,chb01_05.edf,chb01|chb01_05.edf|000000,rel_bp_delta,0.14069436015085399,0.14069436015085399,0,True
chb01,chb01_05.edf,chb01|chb01_05.edf|000000,bp_theta,8.7380485413239816e-11,8.7380485413239816e-11,0,True
chb01,chb01_05.edf,chb01|chb01_05.edf|000000,rel_bp_theta,0.061960064904999772,0.061960064904999772,0,True
chb01,chb01_05.edf,chb01|chb01_05.edf|000000,bp_alpha,2.1798629086104505e-11,2.1798629086104505e-11,0,True
chb01,chb01_05.edf,chb01|chb01_05.edf|000000,rel_bp_alpha,0.016107550238853317,0.016107550238853317,0,True
chb01,chb01_05.edf,chb01|chb01_05.edf|000000,bp_beta,2.2908532030839433e-11,2.2908532030839433e-11,0,True
chb01,chb01_05.edf,chb01|chb01_05.edf|000000,rel_bp_beta,0.01649301640956341,0.01649301640956341,0,True
chb01,chb01_05.edf,chb01|chb01_05.edf|000000,bp_gamma,1.4912576150307746e-11,1.4912576150307746e-11,0,True
chb01,chb01_05.edf,chb01|chb01_05.edf|000000,rel_bp_gamma,0.010527510192434402,0.010527510192434402,0,True
chb01,chb01_05.edf,chb01|chb01_05.edf|000000,spectral_entropy,1.5200355052947998,1.5200355052947998,0,True
chb01,chb01_05.edf,chb01|chb01_05.edf|000000,hjorth_activity,5.487470478016121e-10,5.487470478016121e-10,0,True
chb01,chb01_05.edf,chb01|chb01_05.edf|000000,hjorth_mobility,0.16506649553775787,0.16506649553775787,0,True
chb01,chb01_05.edf,chb01|chb01_05.edf|000000,hjorth_complexity,1.402741551399231,1.402741551399231,0,True
chb01,chb01_05.edf,chb01|chb01_05.edf|000000,line_length,0.0048649483360350132,0.0048649483360350132,0,True
chb01,chb01_05.edf,chb01|chb01_05.edf|000000,rms_amplitude,2.3057531507220119e-05,2.3057531507220119e-05,0,True
chb01,chb01_05.edf,chb01|chb01_05.edf|000000,variance,5.487470478016121e-10,5.487470478016121e-10,0,True
chb01,chb01_05.edf,chb01|chb01_05.edf|000000,zero_crossing_rate,0.095525568181818177,0.095525568181818177,0,True
chb01,chb01_05.edf,chb01|chb01_05.edf|000000,skewness,0.45141978561878204,0.45141978561878204,0,True
chb01,chb01_05.edf,chb01|chb01_05.edf|000000,kurtosis,3.3624939918518066,3.3624939918518066,0,True
chb01,chb01_05.edf,chb01|chb01_05.edf|000899,bp_delta,1.6704099616300018e-09,1.6704099616300018e-09,0,True
chb01,chb01_05.edf,chb01|chb01_05.edf|000899,rel_bp_delta,0.28181734027645394,0.28181734027645394,0,True
chb01,chb01_05.edf,chb01|chb01_05.edf|000899,bp_theta,3.5090290001356508e-10,3.5090290001356508e-10,0,True
chb01,chb01_05.edf,chb01|chb01_05.edf|000899,rel_bp_theta,0.066732758886757115,0.066732758886757115,0,True
chb01,chb01_05.edf,chb01|chb01_05.edf|000899,bp_alpha,1.7878468700364717e-10,1.7878468700364717e-10,0,True
chb01,chb01_05.edf,chb01|chb01_05.edf|000899,rel_bp_alpha,0.036842345709522391,0.036842345709522391,0,True
chb01,chb01_05.edf,chb01|chb01_05.edf|000899,bp_beta,5.9839338507661742e-10,5.9839338507661742e-10,0,True
chb01,chb01_05.edf,chb01|chb01_05.edf|000899,rel_bp_beta,0.11526871751448674,0.11526871751448674,0,True
chb01,chb01_05.edf,chb01|chb01_05.edf|000899,bp_gamma,7.0545295988532354e-10,7.0545295988532354e-10,0,True
chb01,chb01_05.edf,chb01|chb01_05.edf|000899,rel_bp_gamma,0.13751046772100123,0.13751046772100123,0,True
chb01,chb01_05.edf,chb01|chb01_05.edf|000899,spectral_entropy,3.7266068458557129,3.7266068458557129,0,True
chb01,chb01_05.edf,chb01|chb01_05.edf|000899,hjorth_activity,4.4009293986846387e-09,4.4009293986846387e-09,0,True
chb01,chb01_05.edf,chb01|chb01_05.edf|000899,hjorth_mobility,0.54663068056106567,0.54663068056106567,0,True
chb01,chb01_05.edf,chb01|chb01_05.edf|000899,hjorth_complexity,1.8269580602645874,1.8269580602645874,0,True
chb01,chb01_05.edf,chb01|chb01_05.edf|000899,line_length,0.02459036186337471,0.02459036186337471,0,True
chb01,chb01_05.edf,chb01|chb01_05.edf|000899,rms_amplitude,5.9552177845034748e-05,5.9552177845034748e-05,0,True
chb01,chb01_05.edf,chb01|chb01_05.edf|000899,variance,4.4009293986846387e-09,4.4009293986846387e-09,0,True
chb01,chb01_05.edf,chb01|chb01_05.edf|000899,zero_crossing_rate,0.16290838068181818,0.16290838068181818,0,True
chb01,chb01_05.edf,chb01|chb01_05.edf|000899,skewness,-0.10514833211941137,-0.10514833211941137,0,True
chb01,chb01_05.edf,chb01|chb01_05.edf|000899,kurtosis,4.0506982803344727,4.0506982803344727,0,True
chb01,chb01_05.edf,chb01|chb01_05.edf|001798,bp_delta,1.0269412150673057e-09,1.0269412150673057e-09,0,True
chb01,chb01_05.edf,chb01|chb01_05.edf|001798,rel_bp_delta,0.24077829998525652,0.24077829998525652,0,True
chb01,chb01_05.edf,chb01|chb01_05.edf|001798,bp_theta,3.0570633116574916e-10,3.0570633116574916e-10,0,True
chb01,chb01_05.edf,chb01|chb01_05.edf|001798,rel_bp_theta,0.079586856506874484,0.079586856506874484,0,True
chb01,chb01_05.edf,chb01|chb01_05.edf|001798,bp_alpha,3.5739820371660033e-11,3.5739820371660033e-11,0,True
chb01,chb01_05.edf,chb01|chb01_05.edf|001798,rel_bp_alpha,0.015337378943516429,0.015337378943516429,0,True
chb01,chb01_05.edf,chb01|chb01_05.edf|001798,bp_beta,5.9930966025557227e-11,5.9930966025557227e-11,0,True
chb01,chb01_05.edf,chb01|chb01_05.edf|001798,rel_bp_beta,0.021670650822518848,0.021670650822518848,0,True
chb01,chb01_05.edf,chb01|chb01_05.edf|001798,bp_gamma,4.9597757797569175e-11,4.9597757797569175e-11,0,True
chb01,chb01_05.edf,chb01|chb01_05.edf|001798,rel_bp_gamma,0.015558282326519552,0.015558282326519552,0,True
chb01,chb01_05.edf,chb01|chb01_05.edf|001798,spectral_entropy,1.8270329236984253,1.8270329236984253,0,True
chb01,chb01_05.edf,chb01|chb01_05.edf|001798,hjorth_activity,1.8375302390793991e-09,1.8375302390793991e-09,0,True
chb01,chb01_05.edf,chb01|chb01_05.edf|001798,hjorth_mobility,0.17260953783988953,0.17260953783988953,0,True
chb01,chb01_05.edf,chb01|chb01_05.edf|001798,hjorth_complexity,1.6584259271621704,1.6584259271621704,0,True
chb01,chb01_05.edf,chb01|chb01_05.edf|001798,line_length,0.0068624885752797127,0.0068624885752797127,0,True
chb01,chb01_05.edf,chb01|chb01_05.edf|001798,rms_amplitude,3.3671207347651944e-05,3.3671207347651944e-05,0,True
chb01,chb01_05.edf,chb01|chb01_05.edf|001798,variance,1.8375302390793991e-09,1.8375302390793991e-09,0,True
chb01,chb01_05.edf,chb01|chb01_05.edf|001798,zero_crossing_rate,0.10626775568181818,0.10626775568181818,0,True
chb01,chb01_05.edf,chb01|chb01_05.edf|001798,skewness,0.28161823224614968,0.28161823224614968,0,True
chb01,chb01_05.edf,chb01|chb01_05.edf|001798,kurtosis,1.4374213218688965,1.4374213218688965,0,True
chb01,chb01_06.edf,chb01|chb01_06.edf|000000,bp_delta,5.799734302346977e-10,5.799734302346977e-10,0,True
chb01,chb01_06.edf,chb01|chb01_06.edf|000000,rel_bp_delta,0.23310185407864348,0.23310185407864348,0,True
chb01,chb01_06.edf,chb01|chb01_06.edf|000000,bp_theta,1.3698824053092926e-10,1.3698824053092926e-10,0,True
chb01,chb01_06.edf,chb01|chb01_06.edf|000000,rel_bp_theta,0.062381758730623502,0.062381758730623502,0,True
chb01,chb01_06.edf,chb01|chb01_06.edf|000000,bp_alpha,1.8651682481088267e-11,1.8651682481088267e-11,0,True
chb01,chb01_06.edf,chb01|chb01_06.edf|000000,rel_bp_alpha,0.011631787612419705,0.011631787612419705,0,True
chb01,chb01_06.edf,chb01|chb01_06.edf|000000,bp_beta,2.9508495861602073e-11,2.9508495861602073e-11,0,True
chb01,chb01_06.edf,chb01|chb01_06.edf|000000,rel_bp_beta,0.017228857912108261,0.017228857912108261,0,True
chb01,chb01_06.edf,chb01|chb01_06.edf|000000,bp_gamma,2.0234332721814069e-11,2.0234332721814069e-11,0,True
chb01,chb01_06.edf,chb01|chb01_06.edf|000000,rel_bp_gamma,0.011373027010258963,0.011373027010258963,0,True
chb01,chb01_06.edf,chb01|chb01_06.edf|000000,spectral_entropy,1.7140258550643921,1.7140258550643921,0,True
chb01,chb01_06.edf,chb01|chb01_06.edf|000000,hjorth_activity,1.3906222839921156e-09,1.3906222839921156e-09,0,True
chb01,chb01_06.edf,chb01|chb01_06.edf|000000,hjorth_mobility,0.16455741226673126,0.16455741226673126,0,True
chb01,chb01_06.edf,chb01|chb01_06.edf|000000,hjorth_complexity,1.5978693962097168,1.5978693962097168,0,True
chb01,chb01_06.edf,chb01|chb01_06.edf|000000,line_length,0.0053630638867616653,0.0053630638867616653,0,True
chb01,chb01_06.edf,chb01|chb01_06.edf|000000,rms_amplitude,3.12212468998041e-05,3.12212468998041e-05,0,True
chb01,chb01_06.edf,chb01|chb01_06.edf|000000,variance,1.3906222839921156e-09,1.3906222839921156e-09,0,True
chb01,chb01_06.edf,chb01|chb01_06.edf|000000,zero_crossing_rate,0.097389914772727279,0.097389914772727279,0,True
chb01,chb01_06.edf,chb01|chb01_06.edf|000000,skewness,-0.16353790993658054,-0.16353790993658054,0,True
chb01,chb01_06.edf,chb01|chb01_06.edf|000000,kurtosis,2.140047550201416,2.140047550201416,0,True
chb01,chb01_06.edf,chb01|chb01_06.edf|000899,bp_delta,2.1153746009438333e-10,2.1153746009438333e-10,0,True
chb01,chb01_06.edf,chb01|chb01_06.edf|000899,rel_bp_delta,0.11599132577575282,0.11599132577575282,0,True
chb01,chb01_06.edf,chb01|chb01_06.edf|000899,bp_theta,1.0135111282227566e-10,1.0135111282227566e-10,0,True
chb01,chb01_06.edf,chb01|chb01_06.edf|000899,rel_bp_theta,0.057149918835794941,0.057149918835794941,0,True
chb01,chb01_06.edf,chb01|chb01_06.edf|000899,bp_alpha,3.5432982438875534e-11,3.5432982438875534e-11,0,True
chb01,chb01_06.edf,chb01|chb01_06.edf|000899,rel_bp_alpha,0.020251651227616619,0.020251651227616619,0,True
chb01,chb01_06.edf,chb01|chb01_06.edf|000899,bp_beta,1.5475033604736888e-10,1.5475033604736888e-10,0,True
chb01,chb01_06.edf,chb01|chb01_06.edf|000899,rel_bp_beta,0.056174291587318306,0.056174291587318306,0,True
chb01,chb01_06.edf,chb01|chb01_06.edf|000899,bp_gamma,1.9504444837094027e-10,1.9504444837094027e-10,0,True
chb01,chb01_06.edf,chb01|chb01_06.edf|000899,rel_bp_gamma,0.065188789427444188,0.065188789427444188,0,True
chb01,chb01_06.edf,chb01|chb01_06.edf|000899,spectral_entropy,2.0846860408782959,2.0846860408782959,0,True
chb01,chb01_06.edf,chb01|chb01_06.edf|000899,hjorth_activity,9.4495700153629514e-10,9.4495700153629514e-10,0,True
chb01,chb01_06.edf,chb01|chb01_06.edf|000899,hjorth_mobility,0.27599510550498962,0.27599510550498962,0,True
chb01,chb01_06.edf,chb01|chb01_06.edf|000899,hjorth_complexity,1.4734916687011719,1.4734916687011719,0,True
chb01,chb01_06.edf,chb01|chb01_06.edf|000899,line_length,0.010635640472173691,0.010635640472173691,0,True
chb01,chb01_06.edf,chb01|chb01_06.edf|000899,rms_amplitude,2.6670290026231669e-05,2.6670290026231669e-05,0,True
chb01,chb01_06.edf,chb01|chb01_06.edf|000899,variance,9.4495700153629514e-10,9.4495700153629514e-10,0,True
chb01,chb01_06.edf,chb01|chb01_06.edf|000899,zero_crossing_rate,0.14470880681818182,0.14470880681818182,0,True
chb01,chb01_06.edf,chb01|chb01_06.edf|000899,skewness,-0.10596910237588665,-0.10596910237588665,0,True
chb01,chb01_06.edf,chb01|chb01_06.edf|000899,kurtosis,0.70901584625244141,0.70901584625244141,0,True
chb01,chb01_06.edf,chb01|chb01_06.edf|001798,bp_delta,6.4371820216407351e-10,6.4371820216407351e-10,0,True
chb01,chb01_06.edf,chb01|chb01_06.edf|001798,rel_bp_delta,0.23425353628333256,0.23425353628333256,0,True
chb01,chb01_06.edf,chb01|chb01_06.edf|001798,bp_theta,2.4734051091990228e-10,2.4734051091990228e-10,0,True
chb01,chb01_06.edf,chb01|chb01_06.edf|001798,rel_bp_theta,0.10193603772978793,0.10193603772978793,0,True
chb01,chb01_06.edf,chb01|chb01_06.edf|001798,bp_alpha,5.3421967281918539e-11,5.3421967281918539e-11,0,True
chb01,chb01_06.edf,chb01|chb01_06.edf|001798,rel_bp_alpha,0.022766083878896001,0.022766083878896001,0,True
chb01,chb01_06.edf,chb01|chb01_06.edf|001798,bp_beta,1.0811245697265733e-10,1.0811245697265733e-10,0,True
chb01,chb01_06.edf,chb01|chb01_06.edf|001798,rel_bp_beta,0.037329572627732219,0.037329572627732219,0,True
chb01,chb01_06.edf,chb01|chb01_06.edf|001798,bp_gamma,1.6448989408993588e-10,1.6448989408993588e-10,0,True
chb01,chb01_06.edf,chb01|chb01_06.edf|001798,rel_bp_gamma,0.04750911690472049,0.04750911690472049,0,True
chb01,chb01_06.edf,chb01|chb01_06.edf|001798,spectral_entropy,2.4259374141693115,2.4259374141693115,0,True
chb01,chb01_06.edf,chb01|chb01_06.edf|001798,hjorth_activity,1.7556065490254014e-09,1.7556065490254014e-09,0,True
chb01,chb01_06.edf,chb01|chb01_06.edf|001798,hjorth_mobility,0.26728570461273193,0.26728570461273193,0,True
chb01,chb01_06.edf,chb01|chb01_06.edf|001798,hjorth_complexity,1.7659012079238892,1.7659012079238892,0,True
chb01,chb01_06.edf,chb01|chb01_06.edf|001798,line_length,0.010715808719396591,0.010715808719396591,0,True
chb01,chb01_06.edf,chb01|chb01_06.edf|001798,rms_amplitude,3.7644578696927056e-05,3.7644578696927056e-05,0,True
chb01,chb01_06.edf,chb01|chb01_06.edf|001798,variance,1.7556065490254014e-09,1.7556065490254014e-09,0,True
chb01,chb01_06.edf,chb01|chb01_06.edf|001798,zero_crossing_rate,0.12677556818181818,0.12677556818181818,0,True
chb01,chb01_06.edf,chb01|chb01_06.edf|001798,skewness,0.39994405379349535,0.39994405379349535,0,True
chb01,chb01_06.edf,chb01|chb01_06.edf|001798,kurtosis,1.8999232053756714,1.8999232053756714,0,True
chb01,chb01_14.edf,chb01|chb01_14.edf|000000,bp_delta,8.6342403271291973e-10,8.6342403271291973e-10,0,True
chb01,chb01_14.edf,chb01|chb01_14.edf|000000,rel_bp_delta,0.28908820471141428,0.28908820471141428,0,True
chb01,chb01_14.edf,chb01|chb01_14.edf|000000,bp_theta,3.3916720046047404e-10,3.3916720046047404e-10,0,True
chb01,chb01_14.edf,chb01|chb01_14.edf|000000,rel_bp_theta,0.12831639364876601,0.12831639364876601,0,True
chb01,chb01_14.edf,chb01|chb01_14.edf|000000,bp_alpha,4.767933269436382e-11,4.767933269436382e-11,0,True
chb01,chb01_14.edf,chb01|chb01_14.edf|000000,rel_bp_alpha,0.021909502317369375,0.021909502317369375,0,True
chb01,chb01_14.edf,chb01|chb01_14.edf|000000,bp_beta,4.1345741519117577e-11,4.1345741519117577e-11,0,True
chb01,chb01_14.edf,chb01|chb01_14.edf|000000,rel_bp_beta,0.018592220940442359,0.018592220940442359,0,True
chb01,chb01_14.edf,chb01|chb01_14.edf|000000,bp_gamma,2.2908577648953852e-11,2.2908577648953852e-11,0,True
chb01,chb01_14.edf,chb01|chb01_14.edf|000000,rel_bp_gamma,0.0082345593867989963,0.0082345593867989963,0,True
chb01,chb01_14.edf,chb01|chb01_14.edf|000000,spectral_entropy,2.1665112972259521,2.1665112972259521,0,True
chb01,chb01_14.edf,chb01|chb01_14.edf|000000,hjorth_activity,1.6707862871001566e-09,1.6707862871001566e-09,0,True
chb01,chb01_14.edf,chb01|chb01_14.edf|000000,hjorth_mobility,0.18256755173206329,0.18256755173206329,0,True
chb01,chb01_14.edf,chb01|chb01_14.edf|000000,hjorth_complexity,1.6262862682342529,1.6262862682342529,0,True
chb01,chb01_14.edf,chb01|chb01_14.edf|000000,line_length,0.0069849793799221516,0.0069849793799221516,0,True
chb01,chb01_14.edf,chb01|chb01_14.edf|000000,rms_amplitude,3.6452212953008711e-05,3.6452212953008711e-05,0,True
chb01,chb01_14.edf,chb01|chb01_14.edf|000000,variance,1.6707862871001566e-09,1.6707862871001566e-09,0,True
chb01,chb01_14.edf,chb01|chb01_14.edf|000000,zero_crossing_rate,0.1005859375,0.1005859375,0,True
chb01,chb01_14.edf,chb01|chb01_14.edf|000000,skewness,0.43212745220146398,0.43212745220146398,0,True
chb01,chb01_14.edf,chb01|chb01_14.edf|000000,kurtosis,3.2073676586151123,3.2073676586151123,0,True
chb01,chb01_14.edf,chb01|chb01_14.edf|000899,bp_delta,1.5522346945516646e-10,1.5522346945516646e-10,0,True
chb01,chb01_14.edf,chb01|chb01_14.edf|000899,rel_bp_delta,0.10611836437951262,0.10611836437951262,0,True
chb01,chb01_14.edf,chb01|chb01_14.edf|000899,bp_theta,8.8926064901891216e-11,8.8926064901891216e-11,0,True
chb01,chb01_14.edf,chb01|chb01_14.edf|000899,rel_bp_theta,0.063773464615291348,0.063773464615291348,0,True
chb01,chb01_14.edf,chb01|chb01_14.edf|000899,bp_alpha,3.0474243531892914e-11,3.0474243531892914e-11,0,True
chb01,chb01_14.edf,chb01|chb01_14.edf|000899,rel_bp_alpha,0.02125186844693298,0.02125186844693298,0,True
chb01,chb01_14.edf,chb01|chb01_14.edf|000899,bp_beta,5.2979850175141864e-11,5.2979850175141864e-11,0,True
chb01,chb01_14.edf,chb01|chb01_14.edf|000899,rel_bp_beta,0.032629200444398244,0.032629200444398244,0,True
chb01,chb01_14.edf,chb01|chb01_14.edf|000899,bp_gamma,5.7221965450865256e-11,5.7221965450865256e-11,0,True
chb01,chb01_14.edf,chb01|chb01_14.edf|000899,rel_bp_gamma,0.029194937351344933,0.029194937351344933,0,True
chb01,chb01_14.edf,chb01|chb01_14.edf|000899,spectral_entropy,1.6305588483810425,1.6305588483810425,0,True
chb01,chb01_14.edf,chb01|chb01_14.edf|000899,hjorth_activity,6.2011934476302599e-10,6.2011934476302599e-10,0,True
chb01,chb01_14.edf,chb01|chb01_14.edf|000899,hjorth_mobility,0.25353339314460754,0.25353339314460754,0,True
chb01,chb01_14.edf,chb01|chb01_14.edf|000899,hjorth_complexity,1.2613707780838013,1.2613707780838013,0,True
chb01,chb01_14.edf,chb01|chb01_14.edf|000899,line_length,0.010291841812431812,0.010291841812431812,0,True
chb01,chb01_14.edf,chb01|chb01_14.edf|000899,rms_amplitude,2.2300229829852469e-05,2.2300229829852469e-05,0,True
chb01,chb01_14.edf,chb01|chb01_14.edf|000899,variance,6.2011934476302599e-10,6.2011934476302599e-10,0,True
chb01,chb01_14.edf,chb01|chb01_14.edf|000899,zero_crossing_rate,0.14537464488636365,0.14537464488636365,0,True
chb01,chb01_14.edf,chb01|chb01_14.edf|000899,skewness,0.08986192150041461,0.08986192150041461,0,True
chb01,chb01_14.edf,chb01|chb01_14.edf|000899,kurtosis,0.24646009504795074,0.24646009504795074,0,True
chb01,chb01_14.edf,chb01|chb01_14.edf|001798,bp_delta,1.8004130027116094e-09,1.8004130027116094e-09,0,True
chb01,chb01_14.edf,chb01|chb01_14.edf|001798,rel_bp_delta,0.51164511645769839,0.51164511645769839,0,True
chb01,chb01_14.edf,chb01|chb01_14.edf|001798,bp_theta,3.1275641420126408e-10,3.1275641420126408e-10,0,True
chb01,chb01_14.edf,chb01|chb01_14.edf|001798,rel_bp_theta,0.095394186935022593,0.095394186935022593,0,True
chb01,chb01_14.edf,chb01|chb01_14.edf|001798,bp_alpha,1.4487685764999608e-10,1.4487685764999608e-10,0,True
chb01,chb01_14.edf,chb01|chb01_14.edf|001798,rel_bp_alpha,0.043378327983585027,0.043378327983585027,0,True
chb01,chb01_14.edf,chb01|chb01_14.edf|001798,bp_beta,2.0103201383769321e-11,2.0103201383769321e-11,0,True
chb01,chb01_14.edf,chb01|chb01_14.edf|001798,rel_bp_beta,0.0066146478618014622,0.0066146478618014622,0,True
chb01,chb01_14.edf,chb01|chb01_14.edf|001798,bp_gamma,1.1684474648265501e-11,1.1684474648265501e-11,0,True
chb01,chb01_14.edf,chb01|chb01_14.edf|001798,rel_bp_gamma,0.004194326279660837,0.004194326279660837,0,True
chb01,chb01_14.edf,chb01|chb01_14.edf|001798,spectral_entropy,2.2344691753387451,2.2344691753387451,0,True
chb01,chb01_14.edf,chb01|chb01_14.edf|001798,hjorth_activity,3.2830074214729166e-09,3.2830074214729166e-09,0,True
chb01,chb01_14.edf,chb01|chb01_14.edf|001798,hjorth_mobility,0.13021887838840485,0.13021887838840485,0,True
chb01,chb01_14.edf,chb01|chb01_14.edf|001798,hjorth_complexity,1.6501141786575317,1.6501141786575317,0,True
chb01,chb01_14.edf,chb01|chb01_14.edf|001798,line_length,0.0067388787865638733,0.0067388787865638733,0,True
chb01,chb01_14.edf,chb01|chb01_14.edf|001798,rms_amplitude,5.5585427617188543e-05,5.5585427617188543e-05,0,True
chb01,chb01_14.edf,chb01|chb01_14.edf|001798,variance,3.2830074214729166e-09,3.2830074214729166e-09,0,True
chb01,chb01_14.edf,chb01|chb01_14.edf|001798,zero_crossing_rate,0.05211292613636364,0.05211292613636364,0,True
chb01,chb01_14.edf,chb01|chb01_14.edf|001798,skewness,-0.12347794518890706,-0.12347794518890706,0,True
chb01,chb01_14.edf,chb01|chb01_14.edf|001798,kurtosis,-0.04944673553109169,-0.04944673553109169,0,True
chb01,chb01_15.edf,chb01|chb01_15.edf|000000,bp_delta,1.7658723328292407e-09,1.7658723328292407e-09,0,True
chb01,chb01_15.edf,chb01|chb01_15.edf|000000,rel_bp_delta,0.51529478226441916,0.51529478226441916,0,True
chb01,chb01_15.edf,chb01|chb01_15.edf|000000,bp_theta,3.5252000695118973e-10,3.5252000695118973e-10,0,True
chb01,chb01_15.edf,chb01|chb01_15.edf|000000,rel_bp_theta,0.10673239865101397,0.10673239865101397,0,True
chb01,chb01_15.edf,chb01|chb01_15.edf|000000,bp_alpha,9.1658741661364724e-11,9.1658741661364724e-11,0,True
chb01,chb01_15.edf,chb01|chb01_15.edf|000000,rel_bp_alpha,0.026637102102020714,0.026637102102020714,0,True
chb01,chb01_15.edf,chb01|chb01_15.edf|000000,bp_beta,1.5881432395939626e-11,1.5881432395939626e-11,0,True
chb01,chb01_15.edf,chb01|chb01_15.edf|000000,rel_bp_beta,0.0051138737423543973,0.0051138737423543973,0,True
chb01,chb01_15.edf,chb01|chb01_15.edf|000000,bp_gamma,1.0680635710017499e-11,1.0680635710017499e-11,0,True
chb01,chb01_15.edf,chb01|chb01_15.edf|000000,rel_bp_gamma,0.0034659018102964341,0.0034659018102964341,0,True
chb01,chb01_15.edf,chb01|chb01_15.edf|000000,spectral_entropy,2.1950967311859131,2.1950967311859131,0,True
chb01,chb01_15.edf,chb01|chb01_15.edf|000000,hjorth_activity,3.4483904620685735e-09,3.4483904620685735e-09,0,True
chb01,chb01_15.edf,chb01|chb01_15.edf|000000,hjorth_mobility,0.14442315697669983,0.14442315697669983,0,True
chb01,chb01_15.edf,chb01|chb01_15.edf|000000,hjorth_complexity,1.7674899101257324,1.7674899101257324,0,True
chb01,chb01_15.edf,chb01|chb01_15.edf|000000,line_length,0.0067087044008076191,0.0067087044008076191,0,True
chb01,chb01_15.edf,chb01|chb01_15.edf|000000,rms_amplitude,5.7534154620952904e-05,5.7534154620952904e-05,0,True
chb01,chb01_15.edf,chb01|chb01_15.edf|000000,variance,3.4483904620685735e-09,3.4483904620685735e-09,0,True
chb01,chb01_15.edf,chb01|chb01_15.edf|000000,zero_crossing_rate,0.04381214488636364,0.04381214488636364,0,True
chb01,chb01_15.edf,chb01|chb01_15.edf|000000,skewness,0.05044593391093341,0.05044593391093341,0,True
chb01,chb01_15.edf,chb01|chb01_15.edf|000000,kurtosis,0.89494228363037109,0.89494228363037109,0,True
chb01,chb01_15.edf,chb01|chb01_15.edf|000899,bp_delta,2.7997025985427759e-09,2.7997025985427759e-09,0,True
chb01,chb01_15.edf,chb01|chb01_15.edf|000899,rel_bp_delta,0.59148918721302191,0.59148918721302191,0,True
chb01,chb01_15.edf,chb01|chb01_15.edf|000899,bp_theta,4.7729039939864687e-10,4.7729039939864687e-10,0,True
chb01,chb01_15.edf,chb01|chb01_15.edf|000899,rel_bp_theta,0.10229450422763975,0.10229450422763975,0,True
chb01,chb01_15.edf,chb01|chb01_15.edf|000899,bp_alpha,6.2579373609783368e-11,6.2579373609783368e-11,0,True
chb01,chb01_15.edf,chb01|chb01_15.edf|000899,rel_bp_alpha,0.013592177670248555,0.013592177670248555,0,True
chb01,chb01_15.edf,chb01|chb01_15.edf|000899,bp_beta,8.6257996657895439e-11,8.6257996657895439e-11,0,True
chb01,chb01_15.edf,chb01|chb01_15.edf|000899,rel_bp_beta,0.018368546702116503,0.018368546702116503,0,True
chb01,chb01_15.edf,chb01|chb01_15.edf|000899,bp_gamma,5.7032658003352697e-11,5.7032658003352697e-11,0,True
chb01,chb01_15.edf,chb01|chb01_15.edf|000899,rel_bp_gamma,0.01244455554491445,0.01244455554491445,0,True
chb01,chb01_15.edf,chb01|chb01_15.edf|000899,spectral_entropy,2.4464259147644043,2.4464259147644043,0,True
chb01,chb01_15.edf,chb01|chb01_15.edf|000899,hjorth_activity,4.502862971378363e-09,4.502862971378363e-09,0,True
chb01,chb01_15.edf,chb01|chb01_15.edf|000899,hjorth_mobility,0.19259868562221527,0.19259868562221527,0,True
chb01,chb01_15.edf,chb01|chb01_15.edf|000899,hjorth_complexity,2.6418759822845459,2.6418759822845459,0,True
chb01,chb01_15.edf,chb01|chb01_15.edf|000899,line_length,0.011074596084654331,0.011074596084654331,0,True
chb01,chb01_15.edf,chb01|chb01_15.edf|000899,rms_amplitude,6.5001768234651536e-05,6.5001768234651536e-05,0,True
chb01,chb01_15.edf,chb01|chb01_15.edf|000899,variance,4.502862971378363e-09,4.502862971378363e-09,0,True
chb01,chb01_15.edf,chb01|chb01_15.edf|000899,zero_crossing_rate,0.064009232954545456,0.064009232954545456,0,True
chb01,chb01_15.edf,chb01|chb01_15.edf|000899,skewness,0.081815960817039013,0.081815960817039013,0,True
chb01,chb01_15.edf,chb01|chb01_15.edf|000899,kurtosis,0.0023911974858492613,0.0023911974858492613,0,True
chb01,chb01_15.edf,chb01|chb01_15.edf|001798,bp_delta,2.8280666346468378e-10,2.8280666346468378e-10,0,True
chb01,chb01_15.edf,chb01|chb01_15.edf|001798,rel_bp_delta,0.15776606544995059,0.15776606544995059,0,True
chb01,chb01_15.edf,chb01|chb01_15.edf|001798,bp_theta,1.4137297679187412e-10,1.4137297679187412e-10,0,True
chb01,chb01_15.edf,chb01|chb01_15.edf|001798,rel_bp_theta,0.077994501150840181,0.077994501150840181,0,True
chb01,chb01_15.edf,chb01|chb01_15.edf|001798,bp_alpha,2.1806049524460768e-10,2.1806049524460768e-10,0,True
chb01,chb01_15.edf,chb01|chb01_15.edf|001798,rel_bp_alpha,0.11713910025235728,0.11713910025235728,0,True
chb01,chb01_15.edf,chb01|chb01_15.edf|001798,bp_beta,3.2391459291662139e-11,3.2391459291662139e-11,0,True
chb01,chb01_15.edf,chb01|chb01_15.edf|001798,rel_bp_beta,0.01870481362371661,0.01870481362371661,0,True
chb01,chb01_15.edf,chb01|chb01_15.edf|001798,bp_gamma,1.0293853693514798e-11,1.0293853693514798e-11,0,True
chb01,chb01_15.edf,chb01|chb01_15.edf|001798,rel_bp_gamma,0.0066342837995267143,0.0066342837995267143,0,True
chb01,chb01_15.edf,chb01|chb01_15.edf|001798,spectral_entropy,2.0341269969940186,2.0341269969940186,0,True
chb01,chb01_15.edf,chb01|chb01_15.edf|001798,hjorth_activity,8.373942095296627e-10,8.373942095296627e-10,0,True
chb01,chb01_15.edf,chb01|chb01_15.edf|001798,hjorth_mobility,0.18139201402664185,0.18139201402664185,0,True
chb01,chb01_15.edf,chb01|chb01_15.edf|001798,hjorth_complexity,1.1211370229721069,1.1211370229721069,0,True
chb01,chb01_15.edf,chb01|chb01_15.edf|001798,line_length,0.0065061864443123341,0.0065061864443123341,0,True
chb01,chb01_15.edf,chb01|chb01_15.edf|001798,rms_amplitude,2.7992042305413634e-05,2.7992042305413634e-05,0,True
chb01,chb01_15.edf,chb01|chb01_15.edf|001798,variance,8.373942095296627e-10,8.373942095296627e-10,0,True
chb01,chb01_15.edf,chb01|chb01_15.edf|001798,zero_crossing_rate,0.098677201704545456,0.098677201704545456,0,True
chb01,chb01_15.edf,chb01|chb01_15.edf|001798,skewness,-0.18857548589056189,-0.18857548589056189,0,True
chb01,chb01_15.edf,chb01|chb01_15.edf|001798,kurtosis,0.59831136465072632,0.59831136465072632,0,True
chb01,chb01_16.edf,chb01|chb01_16.edf|000000,bp_delta,2.3619412586994219e-10,2.3619412586994219e-10,0,True
chb01,chb01_16.edf,chb01|chb01_16.edf|000000,rel_bp_delta,0.13960266689510528,0.13960266689510528,0,True
chb01,chb01_16.edf,chb01|chb01_16.edf|000000,bp_theta,1.1199117199809447e-10,1.1199117199809447e-10,0,True
chb01,chb01_16.edf,chb01|chb01_16.edf|000000,rel_bp_theta,0.065088996483770672,0.065088996483770672,0,True
chb01,chb01_16.edf,chb01|chb01_16.edf|000000,bp_alpha,1.9603038797454182e-10,1.9603038797454182e-10,0,True
chb01,chb01_16.edf,chb01|chb01_16.edf|000000,rel_bp_alpha,0.10565722158922264,0.10565722158922264,0,True
chb01,chb01_16.edf,chb01|chb01_16.edf|000000,bp_beta,3.354325974442701e-11,3.354325974442701e-11,0,True
chb01,chb01_16.edf,chb01|chb01_16.edf|000000,rel_bp_beta,0.019082964239262298,0.019082964239262298,0,True
chb01,chb01_16.edf,chb01|chb01_16.edf|000000,bp_gamma,1.0263966952818703e-11,1.0263966952818703e-11,0,True
chb01,chb01_16.edf,chb01|chb01_16.edf|000000,rel_bp_gamma,0.0068858852783326352,0.0068858852783326352,0,True
chb01,chb01_16.edf,chb01|chb01_16.edf|000000,spectral_entropy,1.8861428499221802,1.8861428499221802,0,True
chb01,chb01_16.edf,chb01|chb01_16.edf|000000,hjorth_activity,8.1101458881960298e-10,8.1101458881960298e-10,0,True
chb01,chb01_16.edf,chb01|chb01_16.edf|000000,hjorth_mobility,0.18076908588409424,0.18076908588409424,0,True
chb01,chb01_16.edf,chb01|chb01_16.edf|000000,hjorth_complexity,1.1366375684738159,1.1366375684738159,0,True
chb01,chb01_16.edf,chb01|chb01_16.edf|000000,line_length,0.006268450990319252,0.006268450990319252,0,True
chb01,chb01_16.edf,chb01|chb01_16.edf|000000,rms_amplitude,2.7221378331887536e-05,2.7221378331887536e-05,0,True
chb01,chb01_16.edf,chb01|chb01_16.edf|000000,variance,8.1101458881960298e-10,8.1101458881960298e-10,0,True
chb01,chb01_16.edf,chb01|chb01_16.edf|000000,zero_crossing_rate,0.093705610795454544,0.093705610795454544,0,True
chb01,chb01_16.edf,chb01|chb01_16.edf|000000,skewness,-0.063651969063688404,-0.063651969063688404,0,True
chb01,chb01_16.edf,chb01|chb01_16.edf|000000,kurtosis,1.3848408460617065,1.3848408460617065,0,True
chb01,chb01_16.edf,chb01|chb01_16.edf|000899,bp_delta,2.3988495135214436e-10,2.3988495135214436e-10,0,True
chb01,chb01_16.edf,chb01|chb01_16.edf|000899,rel_bp_delta,0.15457479674269051,0.15457479674269051,0,True
chb01,chb01_16.edf,chb01|chb01_16.edf|000899,bp_theta,1.3492274512758533e-10,1.3492274512758533e-10,0,True
chb01,chb01_16.edf,chb01|chb01_16.edf|000899,rel_bp_theta,0.086756966494941204,0.086756966494941204,0,True
chb01,chb01_16.edf,chb01|chb01_16.edf|000899,bp_alpha,6.8087401114327178e-11,6.8087401114327178e-11,0,True
chb01,chb01_16.edf,chb01|chb01_16.edf|000899,rel_bp_alpha,0.043009090835796245,0.043009090835796245,0,True
chb01,chb01_16.edf,chb01|chb01_16.edf|000899,bp_beta,1.9269912161800172e-11,1.9269912161800172e-11,0,True
chb01,chb01_16.edf,chb01|chb01_16.edf|000899,rel_bp_beta,0.012612649846121605,0.012612649846121605,0,True
chb01,chb01_16.edf,chb01|chb01_16.edf|000899,bp_gamma,7.5811931149457256e-12,7.5811931149457256e-12,0,True
chb01,chb01_16.edf,chb01|chb01_16.edf|000899,rel_bp_gamma,0.0053858300539652076,0.0053858300539652076,0,True
chb01,chb01_16.edf,chb01|chb01_16.edf|000899,spectral_entropy,1.7780303955078125,1.7780303955078125,0,True
chb01,chb01_16.edf,chb01|chb01_16.edf|000899,hjorth_activity,6.6711897117599506e-10,6.6711897117599506e-10,0,True
chb01,chb01_16.edf,chb01|chb01_16.edf|000899,hjorth_mobility,0.16897465288639069,0.16897465288639069,0,True
chb01,chb01_16.edf,chb01|chb01_16.edf|000899,hjorth_complexity,1.2012245655059814,1.2012245655059814,0,True
chb01,chb01_16.edf,chb01|chb01_16.edf|000899,line_length,0.0057583660818636417,0.0057583660818636417,0,True
chb01,chb01_16.edf,chb01|chb01_16.edf|000899,rms_amplitude,2.5424205887247808e-05,2.5424205887247808e-05,0,True
chb01,chb01_16.edf,chb01|chb01_16.edf|000899,variance,6.6711897117599506e-10,6.6711897117599506e-10,0,True
chb01,chb01_16.edf,chb01|chb01_16.edf|000899,zero_crossing_rate,0.091397372159090912,0.091397372159090912,0,True
chb01,chb01_16.edf,chb01|chb01_16.edf|000899,skewness,-0.077697615223852073,-0.077697615223852073,0,True
chb01,chb01_16.edf,chb01|chb01_16.edf|000899,kurtosis,0.52342498302459717,0.52342498302459717,0,True
chb01,chb01_16.edf,chb01|chb01_16.edf|001798,bp_delta,1.6449706145837961e-09,1.6449706145837961e-09,0,True
chb01,chb01_16.edf,chb01|chb01_16.edf|001798,rel_bp_delta,0.51279297670402479,0.51279297670402479,0,True
chb01,chb01_16.edf,chb01|chb01_16.edf|001798,bp_theta,2.4779262673470123e-10,2.4779262673470123e-10,0,True
chb01,chb01_16.edf,chb01|chb01_16.edf|001798,rel_bp_theta,0.08216233257714034,0.08216233257714034,0,True
chb01,chb01_16.edf,chb01|chb01_16.edf|001798,bp_alpha,6.7052100717778391e-11,6.7052100717778391e-11,0,True
chb01,chb01_16.edf,chb01|chb01_16.edf|001798,rel_bp_alpha,0.021316722928115622,0.021316722928115622,0,True
chb01,chb01_16.edf,chb01|chb01_16.edf|001798,bp_beta,1.5521999994568806e-11,1.5521999994568806e-11,0,True
chb01,chb01_16.edf,chb01|chb01_16.edf|001798,rel_bp_beta,0.0058206746971685231,0.0058206746971685231,0,True
chb01,chb01_16.edf,chb01|chb01_16.edf|001798,bp_gamma,1.2266767242989001e-11,1.2266767242989001e-11,0,True
chb01,chb01_16.edf,chb01|chb01_16.edf|001798,rel_bp_gamma,0.0047219766516978573,0.0047219766516978573,0,True
chb01,chb01_16.edf,chb01|chb01_16.edf|001798,spectral_entropy,2.1314160823822021,2.1314160823822021,0,True
chb01,chb01_16.edf,chb01|chb01_16.edf|001798,hjorth_activity,2.6508846229233995e-09,2.6508846229233995e-09,0,True
chb01,chb01_16.edf,chb01|chb01_16.edf|001798,hjorth_mobility,0.12662173807621002,0.12662173807621002,0,True
chb01,chb01_16.edf,chb01|chb01_16.edf|001798,hjorth_complexity,1.6773204803466797,1.6773204803466797,0,True
chb01,chb01_16.edf,chb01|chb01_16.edf|001798,line_length,0.0061710551381111145,0.0061710551381111145,0,True
chb01,chb01_16.edf,chb01|chb01_16.edf|001798,rms_amplitude,5.0114282203139737e-05,5.0114282203139737e-05,0,True
chb01,chb01_16.edf,chb01|chb01_16.edf|001798,variance,2.6508846229233995e-09,2.6508846229233995e-09,0,True
chb01,chb01_16.edf,chb01|chb01_16.edf|001798,zero_crossing_rate,0.04798473011363636,0.04798473011363636,0,True
chb01,chb01_16.edf,chb01|chb01_16.edf|001798,skewness,0.014223431660370394,0.014223431660370394,0,True
chb01,chb01_16.edf,chb01|chb01_16.edf|001798,kurtosis,-0.23540878295898438,-0.23540878295898438,0,True
chb01,chb01_17.edf,chb01|chb01_17.edf|000000,bp_delta,1.8868231798628439e-09,1.8868231798628439e-09,0,True
chb01,chb01_17.edf,chb01|chb01_17.edf|000000,rel_bp_delta,0.53118819848062448,0.53118819848062448,0,True
chb01,chb01_17.edf,chb01|chb01_17.edf|000000,bp_theta,3.6049557270825561e-10,3.6049557270825561e-10,0,True
chb01,chb01_17.edf,chb01|chb01_17.edf|000000,rel_bp_theta,0.10334352143138315,0.10334352143138315,0,True
chb01,chb01_17.edf,chb01|chb01_17.edf|000000,bp_alpha,1.3918918034406459e-10,1.3918918034406459e-10,0,True
chb01,chb01_17.edf,chb01|chb01_17.edf|000000,rel_bp_alpha,0.039573427857472754,0.039573427857472754,0,True
chb01,chb01_17.edf,chb01|chb01_17.edf|000000,bp_beta,1.9145602953705533e-11,1.9145602953705533e-11,0,True
chb01,chb01_17.edf,chb01|chb01_17.edf|000000,rel_bp_beta,0.0058251921254925737,0.0058251921254925737,0,True
chb01,chb01_17.edf,chb01|chb01_17.edf|000000,bp_gamma,1.0439692097156487e-11,1.0439692097156487e-11,0,True
chb01,chb01_17.edf,chb01|chb01_17.edf|000000,rel_bp_gamma,0.0034176747071604525,0.0034176747071604525,0,True
chb01,chb01_17.edf,chb01|chb01_17.edf|000000,spectral_entropy,2.30971360206604,2.30971360206604,0,True
chb01,chb01_17.edf,chb01|chb01_17.edf|000000,hjorth_activity,3.4962894801537914e-09,3.4962894801537914e-09,0,True
chb01,chb01_17.edf,chb01|chb01_17.edf|000000,hjorth_mobility,0.13919748365879059,0.13919748365879059,0,True
chb01,chb01_17.edf,chb01|chb01_17.edf|000000,hjorth_complexity,1.8873085975646973,1.8873085975646973,0,True
chb01,chb01_17.edf,chb01|chb01_17.edf|000000,line_length,0.006976863369345665,0.006976863369345665,0,True
chb01,chb01_17.edf,chb01|chb01_17.edf|000000,rms_amplitude,5.8002016885438934e-05,5.8002016885438934e-05,0,True
chb01,chb01_17.edf,chb01|chb01_17.edf|000000,variance,3.4962894801537914e-09,3.4962894801537914e-09,0,True
chb01,chb01_17.edf,chb01|chb01_17.edf|000000,zero_crossing_rate,0.051491477272727272,0.051491477272727272,0,True
chb01,chb01_17.edf,chb01|chb01_17.edf|000000,skewness,0.048312578180974182,0.048312578180974182,0,True
chb01,chb01_17.edf,chb01|chb01_17.edf|000000,kurtosis,-0.061111971735954285,-0.061111971735954285,0,True
chb01,chb01_17.edf,chb01|chb01_17.edf|000899,bp_delta,9.3458677499958453e-10,9.3458677499958453e-10,0,True
chb01,chb01_17.edf,chb01|chb01_17.edf|000899,rel_bp_delta,0.40996157299098412,0.40996157299098412,0,True
chb01,chb01_17.edf,chb01|chb01_17.edf|000899,bp_theta,1.5043662969378829e-10,1.5043662969378829e-10,0,True
chb01,chb01_17.edf,chb01|chb01_17.edf|000899,rel_bp_theta,0.069469822705499784,0.069469822705499784,0,True
chb01,chb01_17.edf,chb01|chb01_17.edf|000899,bp_alpha,2.3694866290313556e-11,2.3694866290313556e-11,0,True
chb01,chb01_17.edf,chb01|chb01_17.edf|000899,rel_bp_alpha,0.010958518516193418,0.010958518516193418,0,True
chb01,chb01_17.edf,chb01|chb01_17.edf|000899,bp_beta,1.066365567828592e-11,1.066365567828592e-11,0,True
chb01,chb01_17.edf,chb01|chb01_17.edf|000899,rel_bp_beta,0.0052085485651651104,0.0052085485651651104,0,True
chb01,chb01_17.edf,chb01|chb01_17.edf|000899,bp_gamma,8.3954543828432444e-12,8.3954543828432444e-12,0,True
chb01,chb01_17.edf,chb01|chb01_17.edf|000899,rel_bp_gamma,0.0042391162650201493,0.0042391162650201493,0,True
chb01,chb01_17.edf,chb01|chb01_17.edf|000899,spectral_entropy,1.9331828355789185,1.9331828355789185,0,True
chb01,chb01_17.edf,chb01|chb01_17.edf|000899,hjorth_activity,1.925391623913697e-09,1.925391623913697e-09,0,True
chb01,chb01_17.edf,chb01|chb01_17.edf|000899,hjorth_mobility,0.12597209215164185,0.12597209215164185,0,True
chb01,chb01_17.edf,chb01|chb01_17.edf|000899,hjorth_complexity,1.6623305082321167,1.6623305082321167,0,True
chb01,chb01_17.edf,chb01|chb01_17.edf|000899,line_length,0.0055677476339042187,0.0055677476339042187,0,True
chb01,chb01_17.edf,chb01|chb01_17.edf|000899,rms_amplitude,4.2905641748802736e-05,4.2905641748802736e-05,0,True
chb01,chb01_17.edf,chb01|chb01_17.edf|000899,variance,1.925391623913697e-09,1.925391623913697e-09,0,True
chb01,chb01_17.edf,chb01|chb01_17.edf|000899,zero_crossing_rate,0.051669034090909088,0.051669034090909088,0,True
chb01,chb01_17.edf,chb01|chb01_17.edf|000899,skewness,-0.15642827698452907,-0.15642827698452907,0,True
chb01,chb01_17.edf,chb01|chb01_17.edf|000899,kurtosis,0.055858384817838669,0.055858384817838669,0,True
chb01,chb01_17.edf,chb01|chb01_17.edf|001798,bp_delta,4.7397316595522052e-10,4.7397316595522052e-10,0,True
chb01,chb01_17.edf,chb01|chb01_17.edf|001798,rel_bp_delta,0.23100154734242942,0.23100154734242942,0,True
chb01,chb01_17.edf,chb01|chb01_17.edf|001798,bp_theta,1.8451067705743925e-10,1.8451067705743925e-10,0,True
chb01,chb01_17.edf,chb01|chb01_17.edf|001798,rel_bp_theta,0.097128201974494344,0.097128201974494344,0,True
chb01,chb01_17.edf,chb01|chb01_17.edf|001798,bp_alpha,1.2068651922404183e-10,1.2068651922404183e-10,0,True
chb01,chb01_17.edf,chb01|chb01_17.edf|001798,rel_bp_alpha,0.062155858584986262,0.062155858584986262,0,True
chb01,chb01_17.edf,chb01|chb01_17.edf|001798,bp_beta,3.5473334674206612e-11,3.5473334674206612e-11,0,True
chb01,chb01_17.edf,chb01|chb01_17.edf|001798,rel_bp_beta,0.018184541768254212,0.018184541768254212,0,True
chb01,chb01_17.edf,chb01|chb01_17.edf|001798,bp_gamma,7.5287178700583837e-12,7.5287178700583837e-12,0,True
chb01,chb01_17.edf,chb01|chb01_17.edf|001798,rel_bp_gamma,0.0044737385865208316,0.0044737385865208316,0,True
chb01,chb01_17.edf,chb01|chb01_17.edf|001798,spectral_entropy,2.0970220565795898,2.0970220565795898,0,True
chb01,chb01_17.edf,chb01|chb01_17.edf|001798,hjorth_activity,1.1520291387512316e-09,1.1520291387512316e-09,0,True
chb01,chb01_17.edf,chb01|chb01_17.edf|001798,hjorth_mobility,0.1710849404335022,0.1710849404335022,0,True
chb01,chb01_17.edf,chb01|chb01_17.edf|001798,hjorth_complexity,1.2975255250930786,1.2975255250930786,0,True
chb01,chb01_17.edf,chb01|chb01_17.edf|001798,line_length,0.0064449505880475044,0.0064449505880475044,0,True
chb01,chb01_17.edf,chb01|chb01_17.edf|001798,rms_amplitude,3.2526430004509166e-05,3.2526430004509166e-05,0,True
chb01,chb01_17.edf,chb01|chb01_17.edf|001798,variance,1.1520291387512316e-09,1.1520291387512316e-09,0,True
chb01,chb01_17.edf,chb01|chb01_17.edf|001798,zero_crossing_rate,0.085893110795454544,0.085893110795454544,0,True
chb01,chb01_17.edf,chb01|chb01_17.edf|001798,skewness,-0.19937224923209709,-0.19937224923209709,0,True
chb01,chb01_17.edf,chb01|chb01_17.edf|001798,kurtosis,0.6847074031829834,0.6847074031829834,0,True
chb01,chb01_18.edf,chb01|chb01_18.edf|000000,bp_delta,1.5382416331861053e-10,1.5382416331861053e-10,0,True
chb01,chb01_18.edf,chb01|chb01_18.edf|000000,rel_bp_delta,0.11054809687768694,0.11054809687768694,0,True
chb01,chb01_18.edf,chb01|chb01_18.edf|000000,bp_theta,8.5323817968383208e-11,8.5323817968383208e-11,0,True
chb01,chb01_18.edf,chb01|chb01_18.edf|000000,rel_bp_theta,0.062755839460741952,0.062755839460741952,0,True
chb01,chb01_18.edf,chb01|chb01_18.edf|000000,bp_alpha,3.4886890564602089e-11,3.4886890564602089e-11,0,True
chb01,chb01_18.edf,chb01|chb01_18.edf|000000,rel_bp_alpha,0.025059854047009788,0.025059854047009788,0,True
chb01,chb01_18.edf,chb01|chb01_18.edf|000000,bp_beta,2.4424092885138436e-11,2.4424092885138436e-11,0,True
chb01,chb01_18.edf,chb01|chb01_18.edf|000000,rel_bp_beta,0.017836734131085996,0.017836734131085996,0,True
chb01,chb01_18.edf,chb01|chb01_18.edf|000000,bp_gamma,1.0987508729216768e-11,1.0987508729216768e-11,0,True
chb01,chb01_18.edf,chb01|chb01_18.edf|000000,rel_bp_gamma,0.0080116184702301706,0.0080116184702301706,0,True
chb01,chb01_18.edf,chb01|chb01_18.edf|000000,spectral_entropy,1.4714206457138062,1.4714206457138062,0,True
chb01,chb01_18.edf,chb01|chb01_18.edf|000000,hjorth_activity,5.0034504317508777e-10,5.0034504317508777e-10,0,True
chb01,chb01_18.edf,chb01|chb01_18.edf|000000,hjorth_mobility,0.17609968781471252,0.17609968781471252,0,True
chb01,chb01_18.edf,chb01|chb01_18.edf|000000,hjorth_complexity,1.2320274114608765,1.2320274114608765,0,True
chb01,chb01_18.edf,chb01|chb01_18.edf|000000,line_length,0.0056984261609613895,0.0056984261609613895,0,True
chb01,chb01_18.edf,chb01|chb01_18.edf|000000,rms_amplitude,2.1243740775389597e-05,2.1243740775389597e-05,0,True
chb01,chb01_18.edf,chb01|chb01_18.edf|000000,variance,5.0034504317508777e-10,5.0034504317508777e-10,0,True
chb01,chb01_18.edf,chb01|chb01_18.edf|000000,zero_crossing_rate,0.11123934659090909,0.11123934659090909,0,True
chb01,chb01_18.edf,chb01|chb01_18.edf|000000,skewness,0.043854149862785234,0.043854149862785234,0,True
chb01,chb01_18.edf,chb01|chb01_18.edf|000000,kurtosis,1.8535686731338501,1.8535686731338501,0,True
chb01,chb01_18.edf,chb01|chb01_18.edf|000899,bp_delta,4.9176595649160571e-09,4.9176595649160571e-09,0,True
chb01,chb01_18.edf,chb01|chb01_18.edf|000899,rel_bp_delta,0.67979002579129966,0.67979002579129966,0,True
chb01,chb01_18.edf,chb01|chb01_18.edf|000899,bp_theta,6.1098668978512062e-10,6.1098668978512062e-10,0,True
chb01,chb01_18.edf,chb01|chb01_18.edf|000899,rel_bp_theta,0.095812865716911513,0.095812865716911513,0,True
chb01,chb01_18.edf,chb01|chb01_18.edf|000899,bp_alpha,6.8226272672401213e-11,6.8226272672401213e-11,0,True
chb01,chb01_18.edf,chb01|chb01_18.edf|000899,rel_bp_alpha,0.011065131350255384,0.011065131350255384,0,True
chb01,chb01_18.edf,chb01|chb01_18.edf|000899,bp_beta,6.4955471414131273e-11,6.4955471414131273e-11,0,True
chb01,chb01_18.edf,chb01|chb01_18.edf|000899,rel_bp_beta,0.0094396036422937264,0.0094396036422937264,0,True
chb01,chb01_18.edf,chb01|chb01_18.edf|000899,bp_gamma,6.8137495652029052e-11,6.8137495652029052e-11,0,True
chb01,chb01_18.edf,chb01|chb01_18.edf|000899,rel_bp_gamma,0.010869531185123855,0.010869531185123855,0,True
chb01,chb01_18.edf,chb01|chb01_18.edf|000899,spectral_entropy,2.461519718170166,2.461519718170166,0,True
chb01,chb01_18.edf,chb01|chb01_18.edf|000899,hjorth_activity,9.1065066598616795e-09,9.1065066598616795e-09,0,True
chb01,chb01_18.edf,chb01|chb01_18.edf|000899,hjorth_mobility,0.17296849191188812,0.17296849191188812,0,True
chb01,chb01_18.edf,chb01|chb01_18.edf|000899,hjorth_complexity,3.4845654964447021,3.4845654964447021,0,True
chb01,chb01_18.edf,chb01|chb01_18.edf|000899,line_length,0.011767556890845299,0.011767556890845299,0,True
chb01,chb01_18.edf,chb01|chb01_18.edf|000899,rms_amplitude,9.0054811153095216e-05,9.0054811153095216e-05,0,True
chb01,chb01_18.edf,chb01|chb01_18.edf|000899,variance,9.1065066598616795e-09,9.1065066598616795e-09,0,True
chb01,chb01_18.edf,chb01|chb01_18.edf|000899,zero_crossing_rate,0.052734375,0.052734375,0,True
chb01,chb01_18.edf,chb01|chb01_18.edf|000899,skewness,0.14732756074623798,0.14732756074623798,0,True
chb01,chb01_18.edf,chb01|chb01_18.edf|000899,kurtosis,0.080663330852985382,0.080663330852985382,0,True
chb01,chb01_18.edf,chb01|chb01_18.edf|001798,bp_delta,7.3037155490229821e-10,7.3037155490229821e-10,0,True
chb01,chb01_18.edf,chb01|chb01_18.edf|001798,rel_bp_delta,0.29487204339288253,0.29487204339288253,0,True
chb01,chb01_18.edf,chb01|chb01_18.edf|001798,bp_theta,4.0880295167803791e-10,4.0880295167803791e-10,0,True
chb01,chb01_18.edf,chb01|chb01_18.edf|001798,rel_bp_theta,0.16146925654851013,0.16146925654851013,0,True
chb01,chb01_18.edf,chb01|chb01_18.edf|001798,bp_alpha,1.7145317479129452e-10,1.7145317479129452e-10,0,True
chb01,chb01_18.edf,chb01|chb01_18.edf|001798,rel_bp_alpha,0.066238947580649826,0.066238947580649826,0,True
chb01,chb01_18.edf,chb01|chb01_18.edf|001798,bp_beta,3.3548387687433905e-11,3.3548387687433905e-11,0,True
chb01,chb01_18.edf,chb01|chb01_18.edf|001798,rel_bp_beta,0.013475204725075253,0.013475204725075253,0,True
chb01,chb01_18.edf,chb01|chb01_18.edf|001798,bp_gamma,1.6738375199000088e-11,1.6738375199000088e-11,0,True
chb01,chb01_18.edf,chb01|chb01_18.edf|001798,rel_bp_gamma,0.0076294170945723078,0.0076294170945723078,0,True
chb01,chb01_18.edf,chb01|chb01_18.edf|001798,spectral_entropy,2.4267640113830566,2.4267640113830566,0,True
chb01,chb01_18.edf,chb01|chb01_18.edf|001798,hjorth_activity,1.6889195597613593e-09,1.6889195597613593e-09,0,True
chb01,chb01_18.edf,chb01|chb01_18.edf|001798,hjorth_mobility,0.17449736595153809,0.17449736595153809,0,True
chb01,chb01_18.edf,chb01|chb01_18.edf|001798,hjorth_complexity,1.303557276725769,1.303557276725769,0,True
chb01,chb01_18.edf,chb01|chb01_18.edf|001798,line_length,0.007319791242480278,0.007319791242480278,0,True
chb01,chb01_18.edf,chb01|chb01_18.edf|001798,rms_amplitude,4.015449303551577e-05,4.015449303551577e-05,0,True
chb01,chb01_18.edf,chb01|chb01_18.edf|001798,variance,1.6889195597613593e-09,1.6889195597613593e-09,0,True
chb01,chb01_18.edf,chb01|chb01_18.edf|001798,zero_crossing_rate,0.0751953125,0.0751953125,0,True
chb01,chb01_18.edf,chb01|chb01_18.edf|001798,skewness,0.040084647353399887,0.040084647353399887,0,True
chb01,chb01_18.edf,chb01|chb01_18.edf|001798,kurtosis,0.84322887659072876,0.84322887659072876,0,True
chb01,chb01_19.edf,chb01|chb01_19.edf|000000,bp_delta,5.9515558721831313e-10,5.9515558721831313e-10,0,True
chb01,chb01_19.edf,chb01|chb01_19.edf|000000,rel_bp_delta,0.27914428620179116,0.27914428620179116,0,True
chb01,chb01_19.edf,chb01|chb01_19.edf|000000,bp_theta,3.1538851190551271e-10,3.1538851190551271e-10,0,True
chb01,chb01_19.edf,chb01|chb01_19.edf|000000,rel_bp_theta,0.14597708837496243,0.14597708837496243,0,True
chb01,chb01_19.edf,chb01|chb01_19.edf|000000,bp_alpha,4.0652751125759365e-11,4.0652751125759365e-11,0,True
chb01,chb01_19.edf,chb01|chb01_19.edf|000000,rel_bp_alpha,0.0194541711323423,0.0194541711323423,0,True
chb01,chb01_19.edf,chb01|chb01_19.edf|000000,bp_beta,3.2261517938962554e-11,3.2261517938962554e-11,0,True
chb01,chb01_19.edf,chb01|chb01_19.edf|000000,rel_bp_beta,0.014938730164876533,0.014938730164876533,0,True
chb01,chb01_19.edf,chb01|chb01_19.edf|000000,bp_gamma,1.0005853857988017e-11,1.0005853857988017e-11,0,True
chb01,chb01_19.edf,chb01|chb01_19.edf|000000,rel_bp_gamma,0.0051484605557203418,0.0051484605557203418,0,True
chb01,chb01_19.edf,chb01|chb01_19.edf|000000,spectral_entropy,2.1358253955841064,2.1358253955841064,0,True
chb01,chb01_19.edf,chb01|chb01_19.edf|000000,hjorth_activity,1.3101826290551344e-09,1.3101826290551344e-09,0,True
chb01,chb01_19.edf,chb01|chb01_19.edf|000000,hjorth_mobility,0.17976079881191254,0.17976079881191254,0,True
chb01,chb01_19.edf,chb01|chb01_19.edf|000000,hjorth_complexity,1.388129711151123,1.388129711151123,0,True
chb01,chb01_19.edf,chb01|chb01_19.edf|000000,line_length,0.0071443929336965084,0.0071443929336965084,0,True
chb01,chb01_19.edf,chb01|chb01_19.edf|000000,rms_amplitude,3.4941534977406263e-05,3.4941534977406263e-05,0,True
chb01,chb01_19.edf,chb01|chb01_19.edf|000000,variance,1.3101826290551344e-09,1.3101826290551344e-09,0,True
chb01,chb01_19.edf,chb01|chb01_19.edf|000000,zero_crossing_rate,0.08935546875,0.08935546875,0,True
chb01,chb01_19.edf,chb01|chb01_19.edf|000000,skewness,-0.030036735221404921,-0.030036735221404921,0,True
chb01,chb01_19.edf,chb01|chb01_19.edf|000000,kurtosis,0.64044755697250366,0.64044755697250366,0,True
chb01,chb01_19.edf,chb01|chb01_19.edf|000899,bp_delta,1.8240705604741477e-09,1.8240705604741477e-09,0,True
chb01,chb01_19.edf,chb01|chb01_19.edf|000899,rel_bp_delta,0.52219119217058896,0.52219119217058896,0,True
chb01,chb01_19.edf,chb01|chb01_19.edf|000899,bp_theta,2.9067886221456114e-10,2.9067886221456114e-10,0,True
chb01,chb01_19.edf,chb01|chb01_19.edf|000899,rel_bp_theta,0.083488613910823989,0.083488613910823989,0,True
chb01,chb01_19.edf,chb01|chb01_19.edf|000899,bp_alpha,1.2894107648706273e-10,1.2894107648706273e-10,0,True
chb01,chb01_19.edf,chb01|chb01_19.edf|000899,rel_bp_alpha,0.036124035516122747,0.036124035516122747,0,True
chb01,chb01_19.edf,chb01|chb01_19.edf|000899,bp_beta,4.3817918433918894e-11,4.3817918433918894e-11,0,True
chb01,chb01_19.edf,chb01|chb01_19.edf|000899,rel_bp_beta,0.012636576747268875,0.012636576747268875,0,True
chb01,chb01_19.edf,chb01|chb01_19.edf|000899,bp_gamma,1.7243252660431111e-11,1.7243252660431111e-11,0,True
chb01,chb01_19.edf,chb01|chb01_19.edf|000899,rel_bp_gamma,0.0060647384986442206,0.0060647384986442206,0,True
chb01,chb01_19.edf,chb01|chb01_19.edf|000899,spectral_entropy,2.3066380023956299,2.3066380023956299,0,True
chb01,chb01_19.edf,chb01|chb01_19.edf|000899,hjorth_activity,3.0210991486256944e-09,3.0210991486256944e-09,0,True
chb01,chb01_19.edf,chb01|chb01_19.edf|000899,hjorth_mobility,0.1582835465669632,0.1582835465669632,0,True
chb01,chb01_19.edf,chb01|chb01_19.edf|000899,hjorth_complexity,1.6478676795959473,1.6478676795959473,0,True
chb01,chb01_19.edf,chb01|chb01_19.edf|000899,line_length,0.0081659667193889618,0.0081659667193889618,0,True
chb01,chb01_19.edf,chb01|chb01_19.edf|000899,rms_amplitude,5.3436098824022338e-05,5.3436098824022338e-05,0,True
chb01,chb01_19.edf,chb01|chb01_19.edf|000899,variance,3.0210991486256944e-09,3.0210991486256944e-09,0,True
chb01,chb01_19.edf,chb01|chb01_19.edf|000899,zero_crossing_rate,0.070134943181818177,0.070134943181818177,0,True
chb01,chb01_19.edf,chb01|chb01_19.edf|000899,skewness,-0.28309988814660092,-0.28309988814660092,0,True
chb01,chb01_19.edf,chb01|chb01_19.edf|000899,kurtosis,1.6179642677307129,1.6179642677307129,0,True
chb01,chb01_19.edf,chb01|chb01_19.edf|001798,bp_delta,1.088779264229317e-10,1.088779264229317e-10,0,True
chb01,chb01_19.edf,chb01|chb01_19.edf|001798,rel_bp_delta,0.08677757598453921,0.08677757598453921,0,True
chb01,chb01_19.edf,chb01|chb01_19.edf|001798,bp_theta,5.1238441194705308e-11,5.1238441194705308e-11,0,True
chb01,chb01_19.edf,chb01|chb01_19.edf|001798,rel_bp_theta,0.040602296722157497,0.040602296722157497,0,True
chb01,chb01_19.edf,chb01|chb01_19.edf|001798,bp_alpha,1.2797038673866663e-11,1.2797038673866663e-11,0,True
chb01,chb01_19.edf,chb01|chb01_19.edf|001798,rel_bp_alpha,0.0099717615730765385,0.0099717615730765385,0,True
chb01,chb01_19.edf,chb01|chb01_19.edf|001798,bp_beta,2.1319485170706714e-11,2.1319485170706714e-11,0,True
chb01,chb01_19.edf,chb01|chb01_19.edf|001798,rel_bp_beta,0.016911785798748098,0.016911785798748098,0,True
chb01,chb01_19.edf,chb01|chb01_19.edf|001798,bp_gamma,3.2153270056881366e-11,3.2153270056881366e-11,0,True
chb01,chb01_19.edf,chb01|chb01_19.edf|001798,rel_bp_gamma,0.022469154861144262,0.022469154861144262,0,True
chb01,chb01_19.edf,chb01|chb01_19.edf|001798,spectral_entropy,1.2836124897003174,1.2836124897003174,0,True
chb01,chb01_19.edf,chb01|chb01_19.edf|001798,hjorth_activity,3.5381653162858129e-10,3.5381653162858129e-10,0,True
chb01,chb01_19.edf,chb01|chb01_19.edf|001798,hjorth_mobility,0.22332720458507538,0.22332720458507538,0,True
chb01,chb01_19.edf,chb01|chb01_19.edf|001798,hjorth_complexity,1.2275843620300293,1.2275843620300293,0,True
chb01,chb01_19.edf,chb01|chb01_19.edf|001798,line_length,0.0075646652840077877,0.0075646652840077877,0,True
chb01,chb01_19.edf,chb01|chb01_19.edf|001798,rms_amplitude,1.7473897969466634e-05,1.7473897969466634e-05,0,True
chb01,chb01_19.edf,chb01|chb01_19.edf|001798,variance,3.5381653162858129e-10,3.5381653162858129e-10,0,True
chb01,chb01_19.edf,chb01|chb01_19.edf|001798,zero_crossing_rate,0.14084694602272727,0.14084694602272727,0,True
chb01,chb01_19.edf,chb01|chb01_19.edf|001798,skewness,0.054273042936322534,0.054273042936322534,0,True
chb01,chb01_19.edf,chb01|chb01_19.edf|001798,kurtosis,0.21677488088607788,0.21677488088607788,0,True
chb01,chb01_20.edf,chb01|chb01_20.edf|000000,bp_delta,1.5905943631340134e-10,1.5905943631340134e-10,0,True
chb01,chb01_20.edf,chb01|chb01_20.edf|000000,rel_bp_delta,0.12018738077589268,0.12018738077589268,0,True
chb01,chb01_20.edf,chb01|chb01_20.edf|000000,bp_theta,5.2880818785560913e-11,5.2880818785560913e-11,0,True
chb01,chb01_20.edf,chb01|chb01_20.edf|000000,rel_bp_theta,0.040514288979681776,0.040514288979681776,0,True
chb01,chb01_20.edf,chb01|chb01_20.edf|000000,bp_alpha,2.0320759725815053e-11,2.0320759725815053e-11,0,True
chb01,chb01_20.edf,chb01|chb01_20.edf|000000,rel_bp_alpha,0.015232513898937565,0.015232513898937565,0,True
chb01,chb01_20.edf,chb01|chb01_20.edf|000000,bp_beta,2.0437096883426829e-11,2.0437096883426829e-11,0,True
chb01,chb01_20.edf,chb01|chb01_20.edf|000000,rel_bp_beta,0.015282140738264744,0.015282140738264744,0,True
chb01,chb01_20.edf,chb01|chb01_20.edf|000000,bp_gamma,1.6591886997960067e-11,1.6591886997960067e-11,0,True
chb01,chb01_20.edf,chb01|chb01_20.edf|000000,rel_bp_gamma,0.011583800598361725,0.011583800598361725,0,True
chb01,chb01_20.edf,chb01|chb01_20.edf|000000,spectral_entropy,1.4355573654174805,1.4355573654174805,0,True
chb01,chb01_20.edf,chb01|chb01_20.edf|000000,hjorth_activity,5.2308474218776269e-10,5.2308474218776269e-10,0,True
chb01,chb01_20.edf,chb01|chb01_20.edf|000000,hjorth_mobility,0.21927189826965332,0.21927189826965332,0,True
chb01,chb01_20.edf,chb01|chb01_20.edf|000000,hjorth_complexity,1.3225096464157104,1.3225096464157104,0,True
chb01,chb01_20.edf,chb01|chb01_20.edf|000000,line_length,0.0082030678167939186,0.0082030678167939186,0,True
chb01,chb01_20.edf,chb01|chb01_20.edf|000000,rms_amplitude,2.0798230252694339e-05,2.0798230252694339e-05,0,True
chb01,chb01_20.edf,chb01|chb01_20.edf|000000,variance,5.2308474218776269e-10,5.2308474218776269e-10,0,True
chb01,chb01_20.edf,chb01|chb01_20.edf|000000,zero_crossing_rate,0.13853870738636365,0.13853870738636365,0,True
chb01,chb01_20.edf,chb01|chb01_20.edf|000000,skewness,-0.067426648107357323,-0.067426648107357323,0,True
chb01,chb01_20.edf,chb01|chb01_20.edf|000000,kurtosis,0.65921992063522339,0.65921992063522339,0,True
chb01,chb01_20.edf,chb01|chb01_20.edf|000665,bp_delta,3.5555313022235903e-10,3.5555313022235903e-10,0,True
chb01,chb01_20.edf,chb01|chb01_20.edf|000665,rel_bp_delta,0.20768786885314655,0.20768786885314655,0,True
chb01,chb01_20.edf,chb01|chb01_20.edf|000665,bp_theta,1.0955581405374595e-10,1.0955581405374595e-10,0,True
chb01,chb01_20.edf,chb01|chb01_20.edf|000665,rel_bp_theta,0.066524902129125957,0.066524902129125957,0,True
chb01,chb01_20.edf,chb01|chb01_20.edf|000665,bp_alpha,2.7285085777330944e-11,2.7285085777330944e-11,0,True
chb01,chb01_20.edf,chb01|chb01_20.edf|000665,rel_bp_alpha,0.017169496942820748,0.017169496942820748,0,True
chb01,chb01_20.edf,chb01|chb01_20.edf|000665,bp_beta,2.8698467713356779e-11,2.8698467713356779e-11,0,True
chb01,chb01_20.edf,chb01|chb01_20.edf|000665,rel_bp_beta,0.01823538749425295,0.01823538749425295,0,True
chb01,chb01_20.edf,chb01|chb01_20.edf|000665,bp_gamma,3.2450148580122201e-11,3.2450148580122201e-11,0,True
chb01,chb01_20.edf,chb01|chb01_20.edf|000665,rel_bp_gamma,0.018836752933386873,0.018836752933386873,0,True
chb01,chb01_20.edf,chb01|chb01_20.edf|000665,spectral_entropy,1.8748968839645386,1.8748968839645386,0,True
chb01,chb01_20.edf,chb01|chb01_20.edf|000665,hjorth_activity,1.2463173826304796e-09,1.2463173826304796e-09,0,True
chb01,chb01_20.edf,chb01|chb01_20.edf|000665,hjorth_mobility,0.24402351677417755,0.24402351677417755,0,True
chb01,chb01_20.edf,chb01|chb01_20.edf|000665,hjorth_complexity,1.7186523675918579,1.7186523675918579,0,True
chb01,chb01_20.edf,chb01|chb01_20.edf|000665,line_length,0.0093251103535294533,0.0093251103535294533,0,True
chb01,chb01_20.edf,chb01|chb01_20.edf|000665,rms_amplitude,3.3717104088282213e-05,3.3717104088282213e-05,0,True
chb01,chb01_20.edf,chb01|chb01_20.edf|000665,variance,1.2463173826304796e-09,1.2463173826304796e-09,0,True
chb01,chb01_20.edf,chb01|chb01_20.edf|000665,zero_crossing_rate,0.10413707386363637,0.10413707386363637,0,True
chb01,chb01_20.edf,chb01|chb01_20.edf|000665,skewness,0.059624758210371838,0.059624758210371838,0,True
chb01,chb01_20.edf,chb01|chb01_20.edf|000665,kurtosis,0.28683668375015259,0.28683668375015259,0,True
chb01,chb01_20.edf,chb01|chb01_20.edf|001329,bp_delta,3.5607078420548462e-10,3.5607078420548462e-10,0,True
chb01,chb01_20.edf,chb01|chb01_20.edf|001329,rel_bp_delta,0.18618832864581145,0.18618832864581145,0,True
chb01,chb01_20.edf,chb01|chb01_20.edf|001329,bp_theta,1.4883096414456223e-10,1.4883096414456223e-10,0,True
chb01,chb01_20.edf,chb01|chb01_20.edf|001329,rel_bp_theta,0.083895671099338945,0.083895671099338945,0,True
chb01,chb01_20.edf,chb01|chb01_20.edf|001329,bp_alpha,1.4117353680675069e-10,1.4117353680675069e-10,0,True
chb01,chb01_20.edf,chb01|chb01_20.edf|001329,rel_bp_alpha,0.077054444887428769,0.077054444887428769,0,True
chb01,chb01_20.edf,chb01|chb01_20.edf|001329,bp_beta,3.454031664498888e-11,3.454031664498888e-11,0,True
chb01,chb01_20.edf,chb01|chb01_20.edf|001329,rel_bp_beta,0.019355205482281063,0.019355205482281063,0,True
chb01,chb01_20.edf,chb01|chb01_20.edf|001329,bp_gamma,6.8060647117671217e-12,6.8060647117671217e-12,0,True
chb01,chb01_20.edf,chb01|chb01_20.edf|001329,rel_bp_gamma,0.0040650762257270516,0.0040650762257270516,0,True
chb01,chb01_20.edf,chb01|chb01_20.edf|001329,spectral_entropy,1.8946651220321655,1.8946651220321655,0,True
chb01,chb01_20.edf,chb01|chb01_20.edf|001329,hjorth_activity,7.4348849299354924e-10,7.4348849299354924e-10,0,True
chb01,chb01_20.edf,chb01|chb01_20.edf|001329,hjorth_mobility,0.13725943863391876,0.13725943863391876,0,True
chb01,chb01_20.edf,chb01|chb01_20.edf|001329,hjorth_complexity,1.1392397880554199,1.1392397880554199,0,True
chb01,chb01_20.edf,chb01|chb01_20.edf|001329,line_length,0.0046040364541113377,0.0046040364541113377,0,True
chb01,chb01_20.edf,chb01|chb01_20.edf|001329,rms_amplitude,2.6018835342256352e-05,2.6018835342256352e-05,0,True
chb01,chb01_20.edf,chb01|chb01_20.edf|001329,variance,7.4348849299354924e-10,7.4348849299354924e-10,0,True
chb01,chb01_20.edf,chb01|chb01_20.edf|001329,zero_crossing_rate,0.083451704545454544,0.083451704545454544,0,True
chb01,chb01_20.edf,chb01|chb01_20.edf|001329,skewness,0.0031655245481736279,0.0031655245481736279,0,True
chb01,chb01_20.edf,chb01|chb01_20.edf|001329,kurtosis,1.1833834648132324,1.1833834648132324,0,True
chb01,chb01_21.edf,chb01|chb01_21.edf|000000,bp_delta,6.7496401972932431e-10,6.7496401972932431e-10,0,True
chb01,chb01_21.edf,chb01|chb01_21.edf|000000,rel_bp_delta,0.24648907648086632,0.24648907648086632,0,True
chb01,chb01_21.edf,chb01|chb01_21.edf|000000,bp_theta,1.6049041617452212e-10,1.6049041617452212e-10,0,True
chb01,chb01_21.edf,chb01|chb01_21.edf|000000,rel_bp_theta,0.075111961421187839,0.075111961421187839,0,True
chb01,chb01_21.edf,chb01|chb01_21.edf|000000,bp_alpha,2.361822003754172e-10,2.361822003754172e-10,0,True
chb01,chb01_21.edf,chb01|chb01_21.edf|000000,rel_bp_alpha,0.098235113578432828,0.098235113578432828,0,True
chb01,chb01_21.edf,chb01|chb01_21.edf|000000,bp_beta,6.5793250682906913e-11,6.5793250682906913e-11,0,True
chb01,chb01_21.edf,chb01|chb01_21.edf|000000,rel_bp_beta,0.028081978318746936,0.028081978318746936,0,True
chb01,chb01_21.edf,chb01|chb01_21.edf|000000,bp_gamma,6.0742720485317299e-12,6.0742720485317299e-12,0,True
chb01,chb01_21.edf,chb01|chb01_21.edf|000000,rel_bp_gamma,0.0034524557568348449,0.0034524557568348449,0,True
chb01,chb01_21.edf,chb01|chb01_21.edf|000000,spectral_entropy,2.0760965347290039,2.0760965347290039,0,True
chb01,chb01_21.edf,chb01|chb01_21.edf|000000,hjorth_activity,1.3285368360982375e-09,1.3285368360982375e-09,0,True
chb01,chb01_21.edf,chb01|chb01_21.edf|000000,hjorth_mobility,0.14246517419815063,0.14246517419815063,0,True
chb01,chb01_21.edf,chb01|chb01_21.edf|000000,hjorth_complexity,1.1830400228500366,1.1830400228500366,0,True
chb01,chb01_21.edf,chb01|chb01_21.edf|000000,line_length,0.005086646880954504,0.005086646880954504,0,True
chb01,chb01_21.edf,chb01|chb01_21.edf|000000,rms_amplitude,3.4017914003925398e-05,3.4017914003925398e-05,0,True
chb01,chb01_21.edf,chb01|chb01_21.edf|000000,variance,1.3285368360982375e-09,1.3285368360982375e-09,0,True
chb01,chb01_21.edf,chb01|chb01_21.edf|000000,zero_crossing_rate,0.067782315340909088,0.067782315340909088,0,True
chb01,chb01_21.edf,chb01|chb01_21.edf|000000,skewness,-0.10546065460551869,-0.10546065460551869,0,True
chb01,chb01_21.edf,chb01|chb01_21.edf|000000,kurtosis,0.86140745878219604,0.86140745878219604,0,True
chb01,chb01_21.edf,chb01|chb01_21.edf|000899,bp_delta,3.9680693965813118e-10,3.9680693965813118e-10,0,True
chb01,chb01_21.edf,chb01|chb01_21.edf|000899,rel_bp_delta,0.21921721502461963,0.21921721502461963,0,True
chb01,chb01_21.edf,chb01|chb01_21.edf|000899,bp_theta,1.8049196051103162e-10,1.8049196051103162e-10,0,True
chb01,chb01_21.edf,chb01|chb01_21.edf|000899,rel_bp_theta,0.102483796813581,0.102483796813581,0,True
chb01,chb01_21.edf,chb01|chb01_21.edf|000899,bp_alpha,6.4266611070876677e-11,6.4266611070876677e-11,0,True
chb01,chb01_21.edf,chb01|chb01_21.edf|000899,rel_bp_alpha,0.035782931882256404,0.035782931882256404,0,True
chb01,chb01_21.edf,chb01|chb01_21.edf|000899,bp_beta,3.3844167482811246e-11,3.3844167482811246e-11,0,True
chb01,chb01_21.edf,chb01|chb01_21.edf|000899,rel_bp_beta,0.018496490273165769,0.018496490273165769,0,True
chb01,chb01_21.edf,chb01|chb01_21.edf|000899,bp_gamma,6.5147309147879022e-12,6.5147309147879022e-12,0,True
chb01,chb01_21.edf,chb01|chb01_21.edf|000899,rel_bp_gamma,0.003953441437337453,0.003953441437337453,0,True
chb01,chb01_21.edf,chb01|chb01_21.edf|000899,spectral_entropy,1.9384614229202271,1.9384614229202271,0,True
chb01,chb01_21.edf,chb01|chb01_21.edf|000899,hjorth_activity,9.4410679274403719e-10,9.4410679274403719e-10,0,True
chb01,chb01_21.edf,chb01|chb01_21.edf|000899,hjorth_mobility,0.14278335869312286,0.14278335869312286,0,True
chb01,chb01_21.edf,chb01|chb01_21.edf|000899,hjorth_complexity,1.3695235252380371,1.3695235252380371,0,True
chb01,chb01_21.edf,chb01|chb01_21.edf|000899,line_length,0.0052017848938703537,0.0052017848938703537,0,True
chb01,chb01_21.edf,chb01|chb01_21.edf|000899,rms_amplitude,2.9682478270842694e-05,2.9682478270842694e-05,0,True
chb01,chb01_21.edf,chb01|chb01_21.edf|000899,variance,9.4410679274403719e-10,9.4410679274403719e-10,0,True
chb01,chb01_21.edf,chb01|chb01_21.edf|000899,zero_crossing_rate,0.076926491477272721,0.076926491477272721,0,True
chb01,chb01_21.edf,chb01|chb01_21.edf|000899,skewness,0.12108680199493062,0.12108680199493062,0,True
chb01,chb01_21.edf,chb01|chb01_21.edf|000899,kurtosis,0.86429983377456665,0.86429983377456665,0,True
chb01,chb01_21.edf,chb01|chb01_21.edf|001798,bp_delta,4.1474622475342416e-09,4.1474622475342416e-09,0,True
chb01,chb01_21.edf,chb01|chb01_21.edf|001798,rel_bp_delta,0.46045871213018008,0.46045871213018008,0,True
chb01,chb01_21.edf,chb01|chb01_21.edf|001798,bp_theta,9.4117431741928456e-10,9.4117431741928456e-10,0,True
chb01,chb01_21.edf,chb01|chb01_21.edf|001798,rel_bp_theta,0.11757119726977612,0.11757119726977612,0,True
chb01,chb01_21.edf,chb01|chb01_21.edf|001798,bp_alpha,1.4977559867160979e-10,1.4977559867160979e-10,0,True
chb01,chb01_21.edf,chb01|chb01_21.edf|001798,rel_bp_alpha,0.020797048289719813,0.020797048289719813,0,True
chb01,chb01_21.edf,chb01|chb01_21.edf|001798,bp_beta,7.8088056594091069e-11,7.8088056594091069e-11,0,True
chb01,chb01_21.edf,chb01|chb01_21.edf|001798,rel_bp_beta,0.0098522525624288471,0.0098522525624288471,0,True
chb01,chb01_21.edf,chb01|chb01_21.edf|001798,bp_gamma,4.383079155533194e-11,4.383079155533194e-11,0,True
chb01,chb01_21.edf,chb01|chb01_21.edf|001798,rel_bp_gamma,0.0067362004878537274,0.0067362004878537274,0,True
chb01,chb01_21.edf,chb01|chb01_21.edf|001798,spectral_entropy,2.1918554306030273,2.1918554306030273,0,True
chb01,chb01_21.edf,chb01|chb01_21.edf|001798,hjorth_activity,6.9554357828849334e-09,6.9554357828849334e-09,0,True
chb01,chb01_21.edf,chb01|chb01_21.edf|001798,hjorth_mobility,0.12528873980045319,0.12528873980045319,0,True
chb01,chb01_21.edf,chb01|chb01_21.edf|001798,hjorth_complexity,2.4116156101226807,2.4116156101226807,0,True
chb01,chb01_21.edf,chb01|chb01_21.edf|001798,line_length,0.0070325047709047794,0.0070325047709047794,0,True
chb01,chb01_21.edf,chb01|chb01_21.edf|001798,rms_amplitude,7.0666552346665412e-05,7.0666552346665412e-05,0,True
chb01,chb01_21.edf,chb01|chb01_21.edf|001798,variance,6.9554357828849334e-09,6.9554357828849334e-09,0,True
chb01,chb01_21.edf,chb01|chb01_21.edf|001798,zero_crossing_rate,0.06019176136363636,0.06019176136363636,0,True
chb01,chb01_21.edf,chb01|chb01_21.edf|001798,skewness,0.50613752583211113,0.50613752583211113,0,True
chb01,chb01_21.edf,chb01|chb01_21.edf|001798,kurtosis,4.1688137054443359,4.1688137054443359,0,True
chb01,chb01_22.edf,chb01|chb01_22.edf|000000,bp_delta,1.5971418267785031e-09,1.5971418267785031e-09,0,True
chb01,chb01_22.edf,chb01|chb01_22.edf|000000,rel_bp_delta,0.37152162549761331,0.37152162549761331,0,True
chb01,chb01_22.edf,chb01|chb01_22.edf|000000,bp_theta,3.9407278773810996e-10,3.9407278773810996e-10,0,True
chb01,chb01_22.edf,chb01|chb01_22.edf|000000,rel_bp_theta,0.089803876933315305,0.089803876933315305,0,True
chb01,chb01_22.edf,chb01|chb01_22.edf|000000,bp_alpha,7.2986790464199097e-11,7.2986790464199097e-11,0,True
chb01,chb01_22.edf,chb01|chb01_22.edf|000000,rel_bp_alpha,0.021739700574321234,0.021739700574321234,0,True
chb01,chb01_22.edf,chb01|chb01_22.edf|000000,bp_beta,6.7844992179013654e-11,6.7844992179013654e-11,0,True
chb01,chb01_22.edf,chb01|chb01_22.edf|000000,rel_bp_beta,0.019562732756320294,0.019562732756320294,0,True
chb01,chb01_22.edf,chb01|chb01_22.edf|000000,bp_gamma,4.1953205211170102e-11,4.1953205211170102e-11,0,True
chb01,chb01_22.edf,chb01|chb01_22.edf|000000,rel_bp_gamma,0.012465150427349388,0.012465150427349388,0,True
chb01,chb01_22.edf,chb01|chb01_22.edf|000000,spectral_entropy,2.1293618679046631,2.1293618679046631,0,True
chb01,chb01_22.edf,chb01|chb01_22.edf|000000,hjorth_activity,3.8360745691079501e-09,3.8360745691079501e-09,0,True
chb01,chb01_22.edf,chb01|chb01_22.edf|000000,hjorth_mobility,0.15869903564453125,0.15869903564453125,0,True
chb01,chb01_22.edf,chb01|chb01_22.edf|000000,hjorth_complexity,2.2004015445709229,2.2004015445709229,0,True
chb01,chb01_22.edf,chb01|chb01_22.edf|000000,line_length,0.0065044285729527473,0.0065044285729527473,0,True
chb01,chb01_22.edf,chb01|chb01_22.edf|000000,rms_amplitude,5.6310334912268445e-05,5.6310334912268445e-05,0,True
chb01,chb01_22.edf,chb01|chb01_22.edf|000000,variance,3.8360745691079501e-09,3.8360745691079501e-09,0,True
chb01,chb01_22.edf,chb01|chb01_22.edf|000000,zero_crossing_rate,0.060990767045454544,0.060990767045454544,0,True
chb01,chb01_22.edf,chb01|chb01_22.edf|000000,skewness,0.27738207510926505,0.27738207510926505,0,True
chb01,chb01_22.edf,chb01|chb01_22.edf|000000,kurtosis,1.9583190679550171,1.9583190679550171,0,True
chb01,chb01_22.edf,chb01|chb01_22.edf|000899,bp_delta,3.3479785468592085e-10,3.3479785468592085e-10,0,True
chb01,chb01_22.edf,chb01|chb01_22.edf|000899,rel_bp_delta,0.18780631230476894,0.18780631230476894,0,True
chb01,chb01_22.edf,chb01|chb01_22.edf|000899,bp_theta,1.6267534604728274e-10,1.6267534604728274e-10,0,True
chb01,chb01_22.edf,chb01|chb01_22.edf|000899,rel_bp_theta,0.092406317212685649,0.092406317212685649,0,True
chb01,chb01_22.edf,chb01|chb01_22.edf|000899,bp_alpha,3.3538860747194104e-11,3.3538860747194104e-11,0,True
chb01,chb01_22.edf,chb01|chb01_22.edf|000899,rel_bp_alpha,0.021130431321180296,0.021130431321180296,0,True
chb01,chb01_22.edf,chb01|chb01_22.edf|000899,bp_beta,2.1472174724686827e-11,2.1472174724686827e-11,0,True
chb01,chb01_22.edf,chb01|chb01_22.edf|000899,rel_bp_beta,0.013665339886595029,0.013665339886595029,0,True
chb01,chb01_22.edf,chb01|chb01_22.edf|000899,bp_gamma,1.0690964107364777e-11,1.0690964107364777e-11,0,True
chb01,chb01_22.edf,chb01|chb01_22.edf|000899,rel_bp_gamma,0.0069308163825669983,0.0069308163825669983,0,True
chb01,chb01_22.edf,chb01|chb01_22.edf|000899,spectral_entropy,1.7333163022994995,1.7333163022994995,0,True
chb01,chb01_22.edf,chb01|chb01_22.edf|000899,hjorth_activity,8.4914880682518401e-10,8.4914880682518401e-10,0,True
chb01,chb01_22.edf,chb01|chb01_22.edf|000899,hjorth_mobility,0.12937125563621521,0.12937125563621521,0,True
chb01,chb01_22.edf,chb01|chb01_22.edf|000899,hjorth_complexity,1.460023045539856,1.460023045539856,0,True
chb01,chb01_22.edf,chb01|chb01_22.edf|000899,line_length,0.0041986810974776745,0.0041986810974776745,0,True
chb01,chb01_22.edf,chb01|chb01_22.edf|000899,rms_amplitude,2.7312669772072695e-05,2.7312669772072695e-05,0,True
chb01,chb01_22.edf,chb01|chb01_22.edf|000899,variance,8.4914880682518401e-10,8.4914880682518401e-10,0,True
chb01,chb01_22.edf,chb01|chb01_22.edf|000899,zero_crossing_rate,0.071377840909090912,0.071377840909090912,0,True
chb01,chb01_22.edf,chb01|chb01_22.edf|000899,skewness,0.32281631183815823,0.32281631183815823,0,True
chb01,chb01_22.edf,chb01|chb01_22.edf|000899,kurtosis,2.2249705791473389,2.2249705791473389,0,True
chb01,chb01_22.edf,chb01|chb01_22.edf|001798,bp_delta,1.3257833025465001e-09,1.3257833025465001e-09,0,True
chb01,chb01_22.edf,chb01|chb01_22.edf|001798,rel_bp_delta,0.32709464704291968,0.32709464704291968,0,True
chb01,chb01_22.edf,chb01|chb01_22.edf|001798,bp_theta,2.3513217118106264e-10,2.3513217118106264e-10,0,True
chb01,chb01_22.edf,chb01|chb01_22.edf|001798,rel_bp_theta,0.070769412036381291,0.070769412036381291,0,True
chb01,chb01_22.edf,chb01|chb01_22.edf|001798,bp_alpha,2.7211418051666829e-11,2.7211418051666829e-11,0,True
chb01,chb01_22.edf,chb01|chb01_22.edf|001798,rel_bp_alpha,0.014198984832630261,0.014198984832630261,0,True
chb01,chb01_22.edf,chb01|chb01_22.edf|001798,bp_beta,2.8914444765014661e-11,2.8914444765014661e-11,0,True
chb01,chb01_22.edf,chb01|chb01_22.edf|001798,rel_bp_beta,0.014308267943278134,0.014308267943278134,0,True
chb01,chb01_22.edf,chb01|chb01_22.edf|001798,bp_gamma,2.3084474939763161e-11,2.3084474939763161e-11,0,True
chb01,chb01_22.edf,chb01|chb01_22.edf|001798,rel_bp_gamma,0.011273976357229392,0.011273976357229392,0,True
chb01,chb01_22.edf,chb01|chb01_22.edf|001798,spectral_entropy,1.953459620475769,1.953459620475769,0,True
chb01,chb01_22.edf,chb01|chb01_22.edf|001798,hjorth_activity,1.842446972766254e-09,1.842446972766254e-09,0,True
chb01,chb01_22.edf,chb01|chb01_22.edf|001798,hjorth_mobility,0.16894303262233734,0.16894303262233734,0,True
chb01,chb01_22.edf,chb01|chb01_22.edf|001798,hjorth_complexity,1.9448363780975342,1.9448363780975342,0,True
chb01,chb01_22.edf,chb01|chb01_22.edf|001798,line_length,0.0059721614234149456,0.0059721614234149456,0,True
chb01,chb01_22.edf,chb01|chb01_22.edf|001798,rms_amplitude,3.6937799450242892e-05,3.6937799450242892e-05,0,True
chb01,chb01_22.edf,chb01|chb01_22.edf|001798,variance,1.842446972766254e-09,1.842446972766254e-09,0,True
chb01,chb01_22.edf,chb01|chb01_22.edf|001798,zero_crossing_rate,0.095303622159090912,0.095303622159090912,0,True
chb01,chb01_22.edf,chb01|chb01_22.edf|001798,skewness,0.99889947778799315,0.99889947778799315,0,True
chb01,chb01_22.edf,chb01|chb01_22.edf|001798,kurtosis,5.9353656768798828,5.9353656768798828,0,True
chb01,chb01_23.edf,chb01|chb01_23.edf|000000,bp_delta,6.7479275221526459e-10,6.7479275221526459e-10,0,True
chb01,chb01_23.edf,chb01|chb01_23.edf|000000,rel_bp_delta,0.28910645347615965,0.28910645347615965,0,True
chb01,chb01_23.edf,chb01|chb01_23.edf|000000,bp_theta,1.8841697368593297e-10,1.8841697368593297e-10,0,True
chb01,chb01_23.edf,chb01|chb01_23.edf|000000,rel_bp_theta,0.081161331430628147,0.081161331430628147,0,True
chb01,chb01_23.edf,chb01|chb01_23.edf|000000,bp_alpha,4.0067698586871125e-11,4.0067698586871125e-11,0,True
chb01,chb01_23.edf,chb01|chb01_23.edf|000000,rel_bp_alpha,0.020467996275997276,0.020467996275997276,0,True
chb01,chb01_23.edf,chb01|chb01_23.edf|000000,bp_beta,5.3142511903760172e-11,5.3142511903760172e-11,0,True
chb01,chb01_23.edf,chb01|chb01_23.edf|000000,rel_bp_beta,0.028368036181114619,0.028368036181114619,0,True
chb01,chb01_23.edf,chb01|chb01_23.edf|000000,bp_gamma,7.8688829826079084e-11,7.8688829826079084e-11,0,True
chb01,chb01_23.edf,chb01|chb01_23.edf|000000,rel_bp_gamma,0.043413795238840654,0.043413795238840654,0,True
chb01,chb01_23.edf,chb01|chb01_23.edf|000000,spectral_entropy,2.3446626663208008,2.3446626663208008,0,True
chb01,chb01_23.edf,chb01|chb01_23.edf|000000,hjorth_activity,1.9972732356876577e-09,1.9972732356876577e-09,0,True
chb01,chb01_23.edf,chb01|chb01_23.edf|000000,hjorth_mobility,0.24680820107460022,0.24680820107460022,0,True
chb01,chb01_23.edf,chb01|chb01_23.edf|000000,hjorth_complexity,1.8753811120986938,1.8753811120986938,0,True
chb01,chb01_23.edf,chb01|chb01_23.edf|000000,line_length,0.0095340562984347343,0.0095340562984347343,0,True
chb01,chb01_23.edf,chb01|chb01_23.edf|000000,rms_amplitude,4.2552073864499107e-05,4.2552073864499107e-05,0,True
chb01,chb01_23.edf,chb01|chb01_23.edf|000000,variance,1.9972732356876577e-09,1.9972732356876577e-09,0,True
chb01,chb01_23.edf,chb01|chb01_23.edf|000000,zero_crossing_rate,0.11585582386363637,0.11585582386363637,0,True
chb01,chb01_23.edf,chb01|chb01_23.edf|000000,skewness,0.77017111527013848,0.77017111527013848,0,True
chb01,chb01_23.edf,chb01|chb01_23.edf|000000,kurtosis,3.9944090843200684,3.9944090843200684,0,True
chb01,chb01_23.edf,chb01|chb01_23.edf|000899,bp_delta,2.2922976455770753e-09,2.2922976455770753e-09,0,True
chb01,chb01_23.edf,chb01|chb01_23.edf|000899,rel_bp_delta,0.44194010913062787,0.44194010913062787,0,True
chb01,chb01_23.edf,chb01|chb01_23.edf|000899,bp_theta,8.1163547647276272e-10,8.1163547647276272e-10,0,True
chb01,chb01_23.edf,chb01|chb01_23.edf|000899,rel_bp_theta,0.15705525618558441,0.15705525618558441,0,True
chb01,chb01_23.edf,chb01|chb01_23.edf|000899,bp_alpha,2.1097958778937148e-10,2.1097958778937148e-10,0,True
chb01,chb01_23.edf,chb01|chb01_23.edf|000899,rel_bp_alpha,0.038263984907870356,0.038263984907870356,0,True
chb01,chb01_23.edf,chb01|chb01_23.edf|000899,bp_beta,1.2819574991888312e-10,1.2819574991888312e-10,0,True
chb01,chb01_23.edf,chb01|chb01_23.edf|000899,rel_bp_beta,0.023343271624931019,0.023343271624931019,0,True
chb01,chb01_23.edf,chb01|chb01_23.edf|000899,bp_gamma,5.4449634769196123e-11,5.4449634769196123e-11,0,True
chb01,chb01_23.edf,chb01|chb01_23.edf|000899,rel_bp_gamma,0.013423735570181294,0.013423735570181294,0,True
chb01,chb01_23.edf,chb01|chb01_23.edf|000899,spectral_entropy,2.6528952121734619,2.6528952121734619,0,True
chb01,chb01_23.edf,chb01|chb01_23.edf|000899,hjorth_activity,6.1709908294460547e-09,6.1709908294460547e-09,0,True
chb01,chb01_23.edf,chb01|chb01_23.edf|000899,hjorth_mobility,0.20961065590381622,0.20961065590381622,0,True
chb01,chb01_23.edf,chb01|chb01_23.edf|000899,hjorth_complexity,2.4805471897125244,2.4805471897125244,0,True
chb01,chb01_23.edf,chb01|chb01_23.edf|000899,line_length,0.01108488067984581,0.01108488067984581,0,True
chb01,chb01_23.edf,chb01|chb01_23.edf|000899,rms_amplitude,7.0386944571509957e-05,7.0386944571509957e-05,0,True
chb01,chb01_23.edf,chb01|chb01_23.edf|000899,variance,6.1709908294460547e-09,6.1709908294460547e-09,0,True
chb01,chb01_23.edf,chb01|chb01_23.edf|000899,zero_crossing_rate,0.078258167613636367,0.078258167613636367,0,True
chb01,chb01_23.edf,chb01|chb01_23.edf|000899,skewness,0.29704229398207233,0.29704229398207233,0,True
chb01,chb01_23.edf,chb01|chb01_23.edf|000899,kurtosis,2.4018547534942627,2.4018547534942627,0,True
chb01,chb01_23.edf,chb01|chb01_23.edf|001798,bp_delta,4.2685282171257957e-10,4.2685282171257957e-10,0,True
chb01,chb01_23.edf,chb01|chb01_23.edf|001798,rel_bp_delta,0.17361452489602922,0.17361452489602922,0,True
chb01,chb01_23.edf,chb01|chb01_23.edf|001798,bp_theta,1.5586456186633175e-10,1.5586456186633175e-10,0,True
chb01,chb01_23.edf,chb01|chb01_23.edf|001798,rel_bp_theta,0.072846747559752331,0.072846747559752331,0,True
chb01,chb01_23.edf,chb01|chb01_23.edf|001798,bp_alpha,4.5967860692917486e-11,4.5967860692917486e-11,0,True
chb01,chb01_23.edf,chb01|chb01_23.edf|001798,rel_bp_alpha,0.02664138816706527,0.02664138816706527,0,True
chb01,chb01_23.edf,chb01|chb01_23.edf|001798,bp_beta,7.0017681273721645e-11,7.0017681273721645e-11,0,True
chb01,chb01_23.edf,chb01|chb01_23.edf|001798,rel_bp_beta,0.034556370952080334,0.034556370952080334,0,True
chb01,chb01_23.edf,chb01|chb01_23.edf|001798,bp_gamma,7.196093919128126e-11,7.196093919128126e-11,0,True
chb01,chb01_23.edf,chb01|chb01_23.edf|001798,rel_bp_gamma,0.035526189335705019,0.035526189335705019,0,True
chb01,chb01_23.edf,chb01|chb01_23.edf|001798,spectral_entropy,2.15860915184021,2.15860915184021,0,True
chb01,chb01_23.edf,chb01|chb01_23.edf|001798,hjorth_activity,8.4999124405626958e-10,8.4999124405626958e-10,0,True
chb01,chb01_23.edf,chb01|chb01_23.edf|001798,hjorth_mobility,0.31564128398895264,0.31564128398895264,0,True
chb01,chb01_23.edf,chb01|chb01_23.edf|001798,hjorth_complexity,1.6233036518096924,1.6233036518096924,0,True
chb01,chb01_23.edf,chb01|chb01_23.edf|001798,line_length,0.010768432170152664,0.010768432170152664,0,True
chb01,chb01_23.edf,chb01|chb01_23.edf|001798,rms_amplitude,2.6589934350340627e-05,2.6589934350340627e-05,0,True
chb01,chb01_23.edf,chb01|chb01_23.edf|001798,variance,8.4999124405626958e-10,8.4999124405626958e-10,0,True
chb01,chb01_23.edf,chb01|chb01_23.edf|001798,zero_crossing_rate,0.17231889204545456,0.17231889204545456,0,True
chb01,chb01_23.edf,chb01|chb01_23.edf|001798,skewness,0.45251368037001655,0.45251368037001655,0,True
chb01,chb01_23.edf,chb01|chb01_23.edf|001798,kurtosis,2.2436363697052002,2.2436363697052002,0,True
chb01,chb01_24.edf,chb01|chb01_24.edf|000000,bp_delta,1.8528933205461118e-09,1.8528933205461118e-09,0,True
chb01,chb01_24.edf,chb01|chb01_24.edf|000000,rel_bp_delta,0.37241853651668694,0.37241853651668694,0,True
chb01,chb01_24.edf,chb01|chb01_24.edf|000000,bp_theta,2.7120132737546131e-10,2.7120132737546131e-10,0,True
chb01,chb01_24.edf,chb01|chb01_24.edf|000000,rel_bp_theta,0.084981844624883007,0.084981844624883007,0,True
chb01,chb01_24.edf,chb01|chb01_24.edf|000000,bp_alpha,6.7444310198225532e-11,6.7444310198225532e-11,0,True
chb01,chb01_24.edf,chb01|chb01_24.edf|000000,rel_bp_alpha,0.022295941756218501,0.022295941756218501,0,True
chb01,chb01_24.edf,chb01|chb01_24.edf|000000,bp_beta,1.6185378005175889e-10,1.6185378005175889e-10,0,True
chb01,chb01_24.edf,chb01|chb01_24.edf|000000,rel_bp_beta,0.039967600133917848,0.039967600133917848,0,True
chb01,chb01_24.edf,chb01|chb01_24.edf|000000,bp_gamma,1.4916994143594347e-10,1.4916994143594347e-10,0,True
chb01,chb01_24.edf,chb01|chb01_24.edf|000000,rel_bp_gamma,0.034633673159391802,0.034633673159391802,0,True
chb01,chb01_24.edf,chb01|chb01_24.edf|000000,spectral_entropy,2.5015716552734375,2.5015716552734375,0,True
chb01,chb01_24.edf,chb01|chb01_24.edf|000000,hjorth_activity,3.8896241782993002e-09,3.8896241782993002e-09,0,True
chb01,chb01_24.edf,chb01|chb01_24.edf|000000,hjorth_mobility,0.28606078028678894,0.28606078028678894,0,True
chb01,chb01_24.edf,chb01|chb01_24.edf|000000,hjorth_complexity,2.1983082294464111,2.1983082294464111,0,True
chb01,chb01_24.edf,chb01|chb01_24.edf|000000,line_length,0.013508430682122707,0.013508430682122707,0,True
chb01,chb01_24.edf,chb01|chb01_24.edf|000000,rms_amplitude,5.3085062972968444e-05,5.3085062972968444e-05,0,True
chb01,chb01_24.edf,chb01|chb01_24.edf|000000,variance,3.8896241782993002e-09,3.8896241782993002e-09,0,True
chb01,chb01_24.edf,chb01|chb01_24.edf|000000,zero_crossing_rate,0.14351029829545456,0.14351029829545456,0,True
chb01,chb01_24.edf,chb01|chb01_24.edf|000000,skewness,0.42578135650943627,0.42578135650943627,0,True
chb01,chb01_24.edf,chb01|chb01_24.edf|000000,kurtosis,2.9266951084136963,2.9266951084136963,0,True
chb01,chb01_24.edf,chb01|chb01_24.edf|000899,bp_delta,1.8272610370029504e-10,1.8272610370029504e-10,0,True
chb01,chb01_24.edf,chb01|chb01_24.edf|000899,rel_bp_delta,0.12005986024824172,0.12005986024824172,0,True
chb01,chb01_24.edf,chb01|chb01_24.edf|000899,bp_theta,1.2575989074294208e-10,1.2575989074294208e-10,0,True
chb01,chb01_24.edf,chb01|chb01_24.edf|000899,rel_bp_theta,0.084085842575987835,0.084085842575987835,0,True
chb01,chb01_24.edf,chb01|chb01_24.edf|000899,bp_alpha,3.1637831470410591e-11,3.1637831470410591e-11,0,True
chb01,chb01_24.edf,chb01|chb01_24.edf|000899,rel_bp_alpha,0.021598678280317009,0.021598678280317009,0,True
chb01,chb01_24.edf,chb01|chb01_24.edf|000899,bp_beta,3.2755606061730946e-11,3.2755606061730946e-11,0,True
chb01,chb01_24.edf,chb01|chb01_24.edf|000899,rel_bp_beta,0.020869188360822247,0.020869188360822247,0,True
chb01,chb01_24.edf,chb01|chb01_24.edf|000899,bp_gamma,2.1302233820384587e-11,2.1302233820384587e-11,0,True
chb01,chb01_24.edf,chb01|chb01_24.edf|000899,rel_bp_gamma,0.013099720817021132,0.013099720817021132,0,True
chb01,chb01_24.edf,chb01|chb01_24.edf|000899,spectral_entropy,1.617695689201355,1.617695689201355,0,True
chb01,chb01_24.edf,chb01|chb01_24.edf|000899,hjorth_activity,4.3811967942453123e-10,4.3811967942453123e-10,0,True
chb01,chb01_24.edf,chb01|chb01_24.edf|000899,hjorth_mobility,0.16079440712928772,0.16079440712928772,0,True
chb01,chb01_24.edf,chb01|chb01_24.edf|000899,hjorth_complexity,1.3284579515457153,1.3284579515457153,0,True
chb01,chb01_24.edf,chb01|chb01_24.edf|000899,line_length,0.0050445911474525928,0.0050445911474525928,0,True
chb01,chb01_24.edf,chb01|chb01_24.edf|000899,rms_amplitude,2.0293764464440756e-05,2.0293764464440756e-05,0,True
chb01,chb01_24.edf,chb01|chb01_24.edf|000899,variance,4.3811967942453123e-10,4.3811967942453123e-10,0,True
chb01,chb01_24.edf,chb01|chb01_24.edf|000899,zero_crossing_rate,0.10986328125,0.10986328125,0,True
chb01,chb01_24.edf,chb01|chb01_24.edf|000899,skewness,0.56467918108550785,0.56467918108550785,0,True
chb01,chb01_24.edf,chb01|chb01_24.edf|000899,kurtosis,2.3254168033599854,2.3254168033599854,0,True
chb01,chb01_24.edf,chb01|chb01_24.edf|001798,bp_delta,3.4489850140961338e-10,3.4489850140961338e-10,0,True
chb01,chb01_24.edf,chb01|chb01_24.edf|001798,rel_bp_delta,0.18930657335676432,0.18930657335676432,0,True
chb01,chb01_24.edf,chb01|chb01_24.edf|001798,bp_theta,1.9910593750589606e-10,1.9910593750589606e-10,0,True
chb01,chb01_24.edf,chb01|chb01_24.edf|001798,rel_bp_theta,0.11283893171006366,0.11283893171006366,0,True
chb01,chb01_24.edf,chb01|chb01_24.edf|001798,bp_alpha,4.6222027266082816e-11,4.6222027266082816e-11,0,True
chb01,chb01_24.edf,chb01|chb01_24.edf|001798,rel_bp_alpha,0.027264923373145355,0.027264923373145355,0,True
chb01,chb01_24.edf,chb01|chb01_24.edf|001798,bp_beta,3.3965507003249189e-11,3.3965507003249189e-11,0,True
chb01,chb01_24.edf,chb01|chb01_24.edf|001798,rel_bp_beta,0.02116087902092537,0.02116087902092537,0,True
chb01,chb01_24.edf,chb01|chb01_24.edf|001798,bp_gamma,1.4776959226856052e-11,1.4776959226856052e-11,0,True
chb01,chb01_24.edf,chb01|chb01_24.edf|001798,rel_bp_gamma,0.0094450340617919983,0.0094450340617919983,0,True
chb01,chb01_24.edf,chb01|chb01_24.edf|001798,spectral_entropy,1.9125590324401855,1.9125590324401855,0,True
chb01,chb01_24.edf,chb01|chb01_24.edf|001798,hjorth_activity,7.6036515972432994e-10,7.6036515972432994e-10,0,True
chb01,chb01_24.edf,chb01|chb01_24.edf|001798,hjorth_mobility,0.14281655848026276,0.14281655848026276,0,True
chb01,chb01_24.edf,chb01|chb01_24.edf|001798,hjorth_complexity,1.2825850248336792,1.2825850248336792,0,True
chb01,chb01_24.edf,chb01|chb01_24.edf|001798,line_length,0.0046882722526788712,0.0046882722526788712,0,True
chb01,chb01_24.edf,chb01|chb01_24.edf|001798,rms_amplitude,2.6339646865380928e-05,2.6339646865380928e-05,0,True
chb01,chb01_24.edf,chb01|chb01_24.edf|001798,variance,7.6036515972432994e-10,7.6036515972432994e-10,0,True
chb01,chb01_24.edf,chb01|chb01_24.edf|001798,zero_crossing_rate,0.079456676136363633,0.079456676136363633,0,True
chb01,chb01_24.edf,chb01|chb01_24.edf|001798,skewness,0.26442047009583225,0.26442047009583225,0,True
chb01,chb01_24.edf,chb01|chb01_24.edf|001798,kurtosis,1.7162681818008423,1.7162681818008423,0,True
chb01,chb01_25.edf,chb01|chb01_25.edf|000000,bp_delta,8.5270509048604698e-10,8.5270509048604698e-10,0,True
chb01,chb01_25.edf,chb01|chb01_25.edf|000000,rel_bp_delta,0.27401140545013863,0.27401140545013863,0,True
chb01,chb01_25.edf,chb01|chb01_25.edf|000000,bp_theta,2.9697929240475216e-10,2.9697929240475216e-10,0,True
chb01,chb01_25.edf,chb01|chb01_25.edf|000000,rel_bp_theta,0.10742351130861884,0.10742351130861884,0,True
chb01,chb01_25.edf,chb01|chb01_25.edf|000000,bp_alpha,4.5644441312152212e-11,4.5644441312152212e-11,0,True
chb01,chb01_25.edf,chb01|chb01_25.edf|000000,rel_bp_alpha,0.023686344904401878,0.023686344904401878,0,True
chb01,chb01_25.edf,chb01|chb01_25.edf|000000,bp_beta,3.1179010828020285e-11,3.1179010828020285e-11,0,True
chb01,chb01_25.edf,chb01|chb01_25.edf|000000,rel_bp_beta,0.01451594465589302,0.01451594465589302,0,True
chb01,chb01_25.edf,chb01|chb01_25.edf|000000,bp_gamma,1.5253000321808651e-11,1.5253000321808651e-11,0,True
chb01,chb01_25.edf,chb01|chb01_25.edf|000000,rel_bp_gamma,0.0067093197652282974,0.0067093197652282974,0,True
chb01,chb01_25.edf,chb01|chb01_25.edf|000000,spectral_entropy,1.9708815813064575,1.9708815813064575,0,True
chb01,chb01_25.edf,chb01|chb01_25.edf|000000,hjorth_activity,1.7975380073309566e-09,1.7975380073309566e-09,0,True
chb01,chb01_25.edf,chb01|chb01_25.edf|000000,hjorth_mobility,0.12390226870775223,0.12390226870775223,0,True
chb01,chb01_25.edf,chb01|chb01_25.edf|000000,hjorth_complexity,1.6089116334915161,1.6089116334915161,0,True
chb01,chb01_25.edf,chb01|chb01_25.edf|000000,line_length,0.0046498398296535015,0.0046498398296535015,0,True
chb01,chb01_25.edf,chb01|chb01_25.edf|000000,rms_amplitude,3.6304056266089901e-05,3.6304056266089901e-05,0,True
chb01,chb01_25.edf,chb01|chb01_25.edf|000000,variance,1.7975380073309566e-09,1.7975380073309566e-09,0,True
chb01,chb01_25.edf,chb01|chb01_25.edf|000000,zero_crossing_rate,0.075417258522727279,0.075417258522727279,0,True
chb01,chb01_25.edf,chb01|chb01_25.edf|000000,skewness,-0.19567532524127851,-0.19567532524127851,0,True
chb01,chb01_25.edf,chb01|chb01_25.edf|000000,kurtosis,2.9971833229064941,2.9971833229064941,0,True
chb01,chb01_25.edf,chb01|chb01_25.edf|000899,bp_delta,1.034202972313966e-09,1.034202972313966e-09,0,True
chb01,chb01_25.edf,chb01|chb01_25.edf|000899,rel_bp_delta,0.33430441857818455,0.33430441857818455,0,True
chb01,chb01_25.edf,chb01|chb01_25.edf|000899,bp_theta,3.521109471701922e-10,3.521109471701922e-10,0,True
chb01,chb01_25.edf,chb01|chb01_25.edf|000899,rel_bp_theta,0.12845189914816729,0.12845189914816729,0,True
chb01,chb01_25.edf,chb01|chb01_25.edf|000899,bp_alpha,8.0104140393907387e-11,8.0104140393907387e-11,0,True
chb01,chb01_25.edf,chb01|chb01_25.edf|000899,rel_bp_alpha,0.031218685202799457,0.031218685202799457,0,True
chb01,chb01_25.edf,chb01|chb01_25.edf|000899,bp_beta,6.4075412492097308e-11,6.4075412492097308e-11,0,True
chb01,chb01_25.edf,chb01|chb01_25.edf|000899,rel_bp_beta,0.025171447553375879,0.025171447553375879,0,True
chb01,chb01_25.edf,chb01|chb01_25.edf|000899,bp_gamma,4.3608955533348213e-11,4.3608955533348213e-11,0,True
chb01,chb01_25.edf,chb01|chb01_25.edf|000899,rel_bp_gamma,0.016345941873633748,0.016345941873633748,0,True
chb01,chb01_25.edf,chb01|chb01_25.edf|000899,spectral_entropy,2.3795063495635986,2.3795063495635986,0,True
chb01,chb01_25.edf,chb01|chb01_25.edf|000899,hjorth_activity,2.0855255300489262e-09,2.0855255300489262e-09,0,True
chb01,chb01_25.edf,chb01|chb01_25.edf|000899,hjorth_mobility,0.17478705942630768,0.17478705942630768,0,True
chb01,chb01_25.edf,chb01|chb01_25.edf|000899,hjorth_complexity,1.7997821569442749,1.7997821569442749,0,True
chb01,chb01_25.edf,chb01|chb01_25.edf|000899,line_length,0.0070443693548440933,0.0070443693548440933,0,True
chb01,chb01_25.edf,chb01|chb01_25.edf|000899,rms_amplitude,4.2015963117592037e-05,4.2015963117592037e-05,0,True
chb01,chb01_25.edf,chb01|chb01_25.edf|000899,variance,2.0855255300489262e-09,2.0855255300489262e-09,0,True
chb01,chb01_25.edf,chb01|chb01_25.edf|000899,zero_crossing_rate,0.076793323863636367,0.076793323863636367,0,True
chb01,chb01_25.edf,chb01|chb01_25.edf|000899,skewness,0.18885573304512285,0.18885573304512285,0,True
chb01,chb01_25.edf,chb01|chb01_25.edf|000899,kurtosis,1.5313400030136108,1.5313400030136108,0,True
chb01,chb01_25.edf,chb01|chb01_25.edf|001798,bp_delta,2.0078766967419261e-10,2.0078766967419261e-10,0,True
chb01,chb01_25.edf,chb01|chb01_25.edf|001798,rel_bp_delta,0.1324865855504872,0.1324865855504872,0,True
chb01,chb01_25.edf,chb01|chb01_25.edf|001798,bp_theta,1.311625809541866e-10,1.311625809541866e-10,0,True
chb01,chb01_25.edf,chb01|chb01_25.edf|001798,rel_bp_theta,0.087599646291480177,0.087599646291480177,0,True
chb01,chb01_25.edf,chb01|chb01_25.edf|001798,bp_alpha,8.4330009910124371e-11,8.4330009910124371e-11,0,True
chb01,chb01_25.edf,chb01|chb01_25.edf|001798,rel_bp_alpha,0.056636610034952989,0.056636610034952989,0,True
chb01,chb01_25.edf,chb01|chb01_25.edf|001798,bp_beta,2.7538450441304217e-11,2.7538450441304217e-11,0,True
chb01,chb01_25.edf,chb01|chb01_25.edf|001798,rel_bp_beta,0.01860939050130261,0.01860939050130261,0,True
chb01,chb01_25.edf,chb01|chb01_25.edf|001798,bp_gamma,1.2493466368806106e-11,1.2493466368806106e-11,0,True
chb01,chb01_25.edf,chb01|chb01_25.edf|001798,rel_bp_gamma,0.0084273364194801647,0.0084273364194801647,0,True
chb01,chb01_25.edf,chb01|chb01_25.edf|001798,spectral_entropy,1.7909183502197266,1.7909183502197266,0,True
chb01,chb01_25.edf,chb01|chb01_25.edf|001798,hjorth_activity,7.3360290064883316e-10,7.3360290064883316e-10,0,True
chb01,chb01_25.edf,chb01|chb01_25.edf|001798,hjorth_mobility,0.14875714480876923,0.14875714480876923,0,True
chb01,chb01_25.edf,chb01|chb01_25.edf|001798,hjorth_complexity,1.3398456573486328,1.3398456573486328,0,True
chb01,chb01_25.edf,chb01|chb01_25.edf|001798,line_length,0.004928066860884428,0.004928066860884428,0,True
chb01,chb01_25.edf,chb01|chb01_25.edf|001798,rms_amplitude,2.6671186788007617e-05,2.6671186788007617e-05,0,True
chb01,chb01_25.edf,chb01|chb01_25.edf|001798,variance,7.3360290064883316e-10,7.3360290064883316e-10,0,True
chb01,chb01_25.edf,chb01|chb01_25.edf|001798,zero_crossing_rate,0.083984375,0.083984375,0,True
chb01,chb01_25.edf,chb01|chb01_25.edf|001798,skewness,0.17975708029486917,0.17975708029486917,0,True
chb01,chb01_25.edf,chb01|chb01_25.edf|001798,kurtosis,1.3614716529846191,1.3614716529846191,0,True
chb01,chb01_26.edf,chb01|chb01_26.edf|000000,bp_delta,2.0797432450445834e-09,2.0797432450445834e-09,0,True
chb01,chb01_26.edf,chb01|chb01_26.edf|000000,rel_bp_delta,0.43023429074783709,0.43023429074783709,0,True
chb01,chb01_26.edf,chb01|chb01_26.edf|000000,bp_theta,2.9518929243831977e-10,2.9518929243831977e-10,0,True
chb01,chb01_26.edf,chb01|chb01_26.edf|000000,rel_bp_theta,0.10391449717067756,0.10391449717067756,0,True
chb01,chb01_26.edf,chb01|chb01_26.edf|000000,bp_alpha,7.9032943078635095e-11,7.9032943078635095e-11,0,True
chb01,chb01_26.edf,chb01|chb01_26.edf|000000,rel_bp_alpha,0.030864941413969338,0.030864941413969338,0,True
chb01,chb01_26.edf,chb01|chb01_26.edf|000000,bp_beta,3.3792269364785052e-11,3.3792269364785052e-11,0,True
chb01,chb01_26.edf,chb01|chb01_26.edf|000000,rel_bp_beta,0.012460561252796959,0.012460561252796959,0,True
chb01,chb01_26.edf,chb01|chb01_26.edf|000000,bp_gamma,1.6073603910797533e-11,1.6073603910797533e-11,0,True
chb01,chb01_26.edf,chb01|chb01_26.edf|000000,rel_bp_gamma,0.0062660609140242204,0.0062660609140242204,0,True
chb01,chb01_26.edf,chb01|chb01_26.edf|000000,spectral_entropy,2.1685173511505127,2.1685173511505127,0,True
chb01,chb01_26.edf,chb01|chb01_26.edf|000000,hjorth_activity,6.6870216031134078e-09,6.6870216031134078e-09,0,True
chb01,chb01_26.edf,chb01|chb01_26.edf|000000,hjorth_mobility,0.11650696396827698,0.11650696396827698,0,True
chb01,chb01_26.edf,chb01|chb01_26.edf|000000,hjorth_complexity,2.3719606399536133,2.3719606399536133,0,True
chb01,chb01_26.edf,chb01|chb01_26.edf|000000,line_length,0.0053868615068495274,0.0053868615068495274,0,True
chb01,chb01_26.edf,chb01|chb01_26.edf|000000,rms_amplitude,6.7281740484759212e-05,6.7281740484759212e-05,0,True
chb01,chb01_26.edf,chb01|chb01_26.edf|000000,variance,6.6870216031134078e-09,6.6870216031134078e-09,0,True
chb01,chb01_26.edf,chb01|chb01_26.edf|000000,zero_crossing_rate,0.05091441761363636,0.05091441761363636,0,True
chb01,chb01_26.edf,chb01|chb01_26.edf|000000,skewness,-0.10564908060372215,-0.10564908060372215,0,True
chb01,chb01_26.edf,chb01|chb01_26.edf|000000,kurtosis,1.3938344717025757,1.3938344717025757,0,True
chb01,chb01_26.edf,chb01|chb01_26.edf|000580,bp_delta,7.3678049031118816e-10,7.3678049031118816e-10,0,True
chb01,chb01_26.edf,chb01|chb01_26.edf|000580,rel_bp_delta,0.29723960901618712,0.29723960901618712,0,True
chb01,chb01_26.edf,chb01|chb01_26.edf|000580,bp_theta,2.167906235289351e-10,2.167906235289351e-10,0,True
chb01,chb01_26.edf,chb01|chb01_26.edf|000580,rel_bp_theta,0.10132800964749443,0.10132800964749443,0,True
chb01,chb01_26.edf,chb01|chb01_26.edf|000580,bp_alpha,8.9074873986027709e-11,8.9074873986027709e-11,0,True
chb01,chb01_26.edf,chb01|chb01_26.edf|000580,rel_bp_alpha,0.041156430834324617,0.041156430834324617,0,True
chb01,chb01_26.edf,chb01|chb01_26.edf|000580,bp_beta,7.4838039470214848e-11,7.4838039470214848e-11,0,True
chb01,chb01_26.edf,chb01|chb01_26.edf|000580,rel_bp_beta,0.033940162202156378,0.033940162202156378,0,True
chb01,chb01_26.edf,chb01|chb01_26.edf|000580,bp_gamma,8.324661127975645e-12,8.324661127975645e-12,0,True
chb01,chb01_26.edf,chb01|chb01_26.edf|000580,rel_bp_gamma,0.0039070678785637072,0.0039070678785637072,0,True
chb01,chb01_26.edf,chb01|chb01_26.edf|000580,spectral_entropy,2.1503469944000244,2.1503469944000244,0,True
chb01,chb01_26.edf,chb01|chb01_26.edf|000580,hjorth_activity,1.3925159914052188e-09,1.3925159914052188e-09,0,True
chb01,chb01_26.edf,chb01|chb01_26.edf|000580,hjorth_mobility,0.12150266766548157,0.12150266766548157,0,True
chb01,chb01_26.edf,chb01|chb01_26.edf|000580,hjorth_complexity,1.1641405820846558,1.1641405820846558,0,True
chb01,chb01_26.edf,chb01|chb01_26.edf|000580,line_length,0.0046780952252447605,0.0046780952252447605,0,True
chb01,chb01_26.edf,chb01|chb01_26.edf|000580,rms_amplitude,3.527636727085337e-05,3.527636727085337e-05,0,True
chb01,chb01_26.edf,chb01|chb01_26.edf|000580,variance,1.3925159914052188e-09,1.3925159914052188e-09,0,True
chb01,chb01_26.edf,chb01|chb01_26.edf|000580,zero_crossing_rate,0.056463068181818184,0.056463068181818184,0,True
chb01,chb01_26.edf,chb01|chb01_26.edf|000580,skewness,-0.059708774936470116,-0.059708774936470116,0,True
chb01,chb01_26.edf,chb01|chb01_26.edf|000580,kurtosis,1.3316344022750854,1.3316344022750854,0,True
chb01,chb01_26.edf,chb01|chb01_26.edf|001160,bp_delta,3.7744413875949836e-10,3.7744413875949836e-10,0,True
chb01,chb01_26.edf,chb01|chb01_26.edf|001160,rel_bp_delta,0.21042867499873852,0.21042867499873852,0,True
chb01,chb01_26.edf,chb01|chb01_26.edf|001160,bp_theta,2.8340886284327298e-10,2.8340886284327298e-10,0,True
chb01,chb01_26.edf,chb01|chb01_26.edf|001160,rel_bp_theta,0.15510225533341063,0.15510225533341063,0,True
chb01,chb01_26.edf,chb01|chb01_26.edf|001160,bp_alpha,5.7116009256849437e-11,5.7116009256849437e-11,0,True
chb01,chb01_26.edf,chb01|chb01_26.edf|001160,rel_bp_alpha,0.031668112560756606,0.031668112560756606,0,True
chb01,chb01_26.edf,chb01|chb01_26.edf|001160,bp_beta,2.5679891487359573e-11,2.5679891487359573e-11,0,True
chb01,chb01_26.edf,chb01|chb01_26.edf|001160,rel_bp_beta,0.014173615097606024,0.014173615097606024,0,True
chb01,chb01_26.edf,chb01|chb01_26.edf|001160,bp_gamma,6.7628371361987062e-12,6.7628371361987062e-12,0,True
chb01,chb01_26.edf,chb01|chb01_26.edf|001160,rel_bp_gamma,0.0038002340542285006,0.0038002340542285006,0,True
chb01,chb01_26.edf,chb01|chb01_26.edf|001160,spectral_entropy,2.0231881141662598,2.0231881141662598,0,True
chb01,chb01_26.edf,chb01|chb01_26.edf|001160,hjorth_activity,8.7048096508723916e-10,8.7048096508723916e-10,0,True
chb01,chb01_26.edf,chb01|chb01_26.edf|001160,hjorth_mobility,0.1197039857506752,0.1197039857506752,0,True
chb01,chb01_26.edf,chb01|chb01_26.edf|001160,hjorth_complexity,1.1855067014694214,1.1855067014694214,0,True
chb01,chb01_26.edf,chb01|chb01_26.edf|001160,line_length,0.0041515463963150978,0.0041515463963150978,0,True
chb01,chb01_26.edf,chb01|chb01_26.edf|001160,rms_amplitude,2.8966762329218909e-05,2.8966762329218909e-05,0,True
chb01,chb01_26.edf,chb01|chb01_26.edf|001160,variance,8.7048096508723916e-10,8.7048096508723916e-10,0,True
chb01,chb01_26.edf,chb01|chb01_26.edf|001160,zero_crossing_rate,0.051580255681818184,0.051580255681818184,0,True
chb01,chb01_26.edf,chb01|chb01_26.edf|001160,skewness,0.11129061513665048,0.11129061513665048,0,True
chb01,chb01_26.edf,chb01|chb01_26.edf|001160,kurtosis,0.35974261164665222,0.35974261164665222,0,True
chb01,chb01_27.edf,chb01|chb01_27.edf|000000,bp_delta,6.7103984852984698e-10,6.7103984852984698e-10,0,True
chb01,chb01_27.edf,chb01|chb01_27.edf|000000,rel_bp_delta,0.29955434697741984,0.29955434697741984,0,True
chb01,chb01_27.edf,chb01|chb01_27.edf|000000,bp_theta,3.4324665671323339e-10,3.4324665671323339e-10,0,True
chb01,chb01_27.edf,chb01|chb01_27.edf|000000,rel_bp_theta,0.14677011321694719,0.14677011321694719,0,True
chb01,chb01_27.edf,chb01|chb01_27.edf|000000,bp_alpha,1.0121190450607867e-10,1.0121190450607867e-10,0,True
chb01,chb01_27.edf,chb01|chb01_27.edf|000000,rel_bp_alpha,0.041759256990744321,0.041759256990744321,0,True
chb01,chb01_27.edf,chb01|chb01_27.edf|000000,bp_beta,2.4168428327583623e-11,2.4168428327583623e-11,0,True
chb01,chb01_27.edf,chb01|chb01_27.edf|000000,rel_bp_beta,0.01057013777744182,0.01057013777744182,0,True
chb01,chb01_27.edf,chb01|chb01_27.edf|000000,bp_gamma,6.0487868812037451e-12,6.0487868812037451e-12,0,True
chb01,chb01_27.edf,chb01|chb01_27.edf|000000,rel_bp_gamma,0.0027708205071115123,0.0027708205071115123,0,True
chb01,chb01_27.edf,chb01|chb01_27.edf|000000,spectral_entropy,2.1929872035980225,2.1929872035980225,0,True
chb01,chb01_27.edf,chb01|chb01_27.edf|000000,hjorth_activity,1.6741599218050851e-09,1.6741599218050851e-09,0,True
chb01,chb01_27.edf,chb01|chb01_27.edf|000000,hjorth_mobility,0.11672811955213547,0.11672811955213547,0,True
chb01,chb01_27.edf,chb01|chb01_27.edf|000000,hjorth_complexity,1.2470990419387817,1.2470990419387817,0,True
chb01,chb01_27.edf,chb01|chb01_27.edf|000000,line_length,0.0046355421654880047,0.0046355421654880047,0,True
chb01,chb01_27.edf,chb01|chb01_27.edf|000000,rms_amplitude,3.9204573113238439e-05,3.9204573113238439e-05,0,True
chb01,chb01_27.edf,chb01|chb01_27.edf|000000,variance,1.6741599218050851e-09,1.6741599218050851e-09,0,True
chb01,chb01_27.edf,chb01|chb01_27.edf|000000,zero_crossing_rate,0.055708451704545456,0.055708451704545456,0,True
chb01,chb01_27.edf,chb01|chb01_27.edf|000000,skewness,-0.44620683323591948,-0.44620683323591948,0,True
chb01,chb01_27.edf,chb01|chb01_27.edf|000000,kurtosis,2.1926958560943604,2.1926958560943604,0,True
chb01,chb01_27.edf,chb01|chb01_27.edf|000149,bp_delta,6.2058053629622143e-10,6.2058053629622143e-10,0,True
chb01,chb01_27.edf,chb01|chb01_27.edf|000149,rel_bp_delta,0.27167234960061587,0.27167234960061587,0,True
chb01,chb01_27.edf,chb01|chb01_27.edf|000149,bp_theta,4.3928899026507808e-10,4.3928899026507808e-10,0,True
chb01,chb01_27.edf,chb01|chb01_27.edf|000149,rel_bp_theta,0.189028464090542,0.189028464090542,0,True
chb01,chb01_27.edf,chb01|chb01_27.edf|000149,bp_alpha,7.6488802108493764e-11,7.6488802108493764e-11,0,True
chb01,chb01_27.edf,chb01|chb01_27.edf|000149,rel_bp_alpha,0.032591388695806238,0.032591388695806238,0,True
chb01,chb01_27.edf,chb01|chb01_27.edf|000149,bp_beta,2.3943397868377066e-11,2.3943397868377066e-11,0,True
chb01,chb01_27.edf,chb01|chb01_27.edf|000149,rel_bp_beta,0.010720882315714199,0.010720882315714199,0,True
chb01,chb01_27.edf,chb01|chb01_27.edf|000149,bp_gamma,6.302931090196677e-12,6.302931090196677e-12,0,True
chb01,chb01_27.edf,chb01|chb01_27.edf|000149,rel_bp_gamma,0.0029805524918756323,0.0029805524918756323,0,True
chb01,chb01_27.edf,chb01|chb01_27.edf|000149,spectral_entropy,2.2516124248504639,2.2516124248504639,0,True
chb01,chb01_27.edf,chb01|chb01_27.edf|000149,hjorth_activity,1.2908057955840491e-09,1.2908057955840491e-09,0,True
chb01,chb01_27.edf,chb01|chb01_27.edf|000149,hjorth_mobility,0.11644374579191208,0.11644374579191208,0,True
chb01,chb01_27.edf,chb01|chb01_27.edf|000149,hjorth_complexity,1.1654196977615356,1.1654196977615356,0,True
chb01,chb01_27.edf,chb01|chb01_27.edf|000149,line_length,0.0044801062904298306,0.0044801062904298306,0,True
chb01,chb01_27.edf,chb01|chb01_27.edf|000149,rms_amplitude,3.4989963751286268e-05,3.4989963751286268e-05,0,True
chb01,chb01_27.edf,chb01|chb01_27.edf|000149,variance,1.2908057955840491e-09,1.2908057955840491e-09,0,True
chb01,chb01_27.edf,chb01|chb01_27.edf|000149,zero_crossing_rate,0.053178267045454544,0.053178267045454544,0,True
chb01,chb01_27.edf,chb01|chb01_27.edf|000149,skewness,0.14464267212050883,0.14464267212050883,0,True
chb01,chb01_27.edf,chb01|chb01_27.edf|000149,kurtosis,0.58085453510284424,0.58085453510284424,0,True
chb01,chb01_27.edf,chb01|chb01_27.edf|000298,bp_delta,1.0607090354411682e-09,1.0607090354411682e-09,0,True
chb01,chb01_27.edf,chb01|chb01_27.edf|000298,rel_bp_delta,0.030507492851993889,0.030507492851993889,0,True
chb01,chb01_27.edf,chb01|chb01_27.edf|000298,bp_theta,1.4121567084882354e-09,1.4121567084882354e-09,0,True
chb01,chb01_27.edf,chb01|chb01_27.edf|000298,rel_bp_theta,0.042698043680206084,0.042698043680206084,0,True
chb01,chb01_27.edf,chb01|chb01_27.edf|000298,bp_alpha,3.1588725457988198e-09,3.1588725457988198e-09,0,True
chb01,chb01_27.edf,chb01|chb01_27.edf|000298,rel_bp_alpha,0.086317174722063503,0.086317174722063503,0,True
chb01,chb01_27.edf,chb01|chb01_27.edf|000298,bp_beta,1.5164585271853038e-08,1.5164585271853038e-08,0,True
chb01,chb01_27.edf,chb01|chb01_27.edf|000298,rel_bp_beta,0.36396465489394242,0.36396465489394242,0,True
chb01,chb01_27.edf,chb01|chb01_27.edf|000298,bp_gamma,1.9821661196954554e-08,1.9821661196954554e-08,0,True
chb01,chb01_27.edf,chb01|chb01_27.edf|000298,rel_bp_gamma,0.43707335758011934,0.43707335758011934,0,True
chb01,chb01_27.edf,chb01|chb01_27.edf|000298,spectral_entropy,4.8718729019165039,4.8718729019165039,0,True
chb01,chb01_27.edf,chb01|chb01_27.edf|000298,hjorth_activity,8.3404636086470418e-08,8.3404636086470418e-08,0,True
chb01,chb01_27.edf,chb01|chb01_27.edf|000298,hjorth_mobility,1.2023900747299194,1.2023900747299194,0,True
chb01,chb01_27.edf,chb01|chb01_27.edf|000298,hjorth_complexity,1.2862763404846191,1.2862763404846191,0,True
chb01,chb01_27.edf,chb01|chb01_27.edf|000298,line_length,0.27666887640953064,0.27666887640953064,0,True
chb01,chb01_27.edf,chb01|chb01_27.edf|000298,rms_amplitude,0.00027281043003313243,0.00027281043003313243,0,True
chb01,chb01_27.edf,chb01|chb01_27.edf|000298,variance,8.3404636086470418e-08,8.3404636086470418e-08,0,True
chb01,chb01_27.edf,chb01|chb01_27.edf|000298,zero_crossing_rate,0.38259055397727271,0.38259055397727271,0,True
chb01,chb01_27.edf,chb01|chb01_27.edf|000298,skewness,-0.14687049546046183,-0.14687049546046183,0,True
chb01,chb01_27.edf,chb01|chb01_27.edf|000298,kurtosis,6.9068465232849121,6.9068465232849121,0,True
chb02,chb02_01.edf,chb02|chb02_01.edf|000000,bp_delta,4.453499818766143e-10,4.453499818766143e-10,0,True
chb02,chb02_01.edf,chb02|chb02_01.edf|000000,rel_bp_delta,0.22729968062628284,0.22729968062628284,0,True
chb02,chb02_01.edf,chb02|chb02_01.edf|000000,bp_theta,2.3521159712171349e-10,2.3521159712171349e-10,0,True
chb02,chb02_01.edf,chb02|chb02_01.edf|000000,rel_bp_theta,0.12482663393927367,0.12482663393927367,0,True
chb02,chb02_01.edf,chb02|chb02_01.edf|000000,bp_alpha,6.1915050383067177e-11,6.1915050383067177e-11,0,True
chb02,chb02_01.edf,chb02|chb02_01.edf|000000,rel_bp_alpha,0.033921862080330517,0.033921862080330517,0,True
chb02,chb02_01.edf,chb02|chb02_01.edf|000000,bp_beta,2.0480837771395189e-11,2.0480837771395189e-11,0,True
chb02,chb02_01.edf,chb02|chb02_01.edf|000000,rel_bp_beta,0.0118309343522724,0.0118309343522724,0,True
chb02,chb02_01.edf,chb02|chb02_01.edf|000000,bp_gamma,7.3479881299038225e-12,7.3479881299038225e-12,0,True
chb02,chb02_01.edf,chb02|chb02_01.edf|000000,rel_bp_gamma,0.0044167547335634463,0.0044167547335634463,0,True
chb02,chb02_01.edf,chb02|chb02_01.edf|000000,spectral_entropy,1.9853992462158203,1.9853992462158203,0,True
chb02,chb02_01.edf,chb02|chb02_01.edf|000000,hjorth_activity,9.2973928556006058e-10,9.2973928556006058e-10,0,True
chb02,chb02_01.edf,chb02|chb02_01.edf|000000,hjorth_mobility,0.15072353184223175,0.15072353184223175,0,True
chb02,chb02_01.edf,chb02|chb02_01.edf|000000,hjorth_complexity,1.5112960338592529,1.5112960338592529,0,True
chb02,chb02_01.edf,chb02|chb02_01.edf|000000,line_length,0.0051126293838024139,0.0051126293838024139,0,True
chb02,chb02_01.edf,chb02|chb02_01.edf|000000,rms_amplitude,2.9254948458401486e-05,2.9254948458401486e-05,0,True
chb02,chb02_01.edf,chb02|chb02_01.edf|000000,variance,9.2973928556006058e-10,9.2973928556006058e-10,0,True
chb02,chb02_01.edf,chb02|chb02_01.edf|000000,zero_crossing_rate,0.080166903409090912,0.080166903409090912,0,True
chb02,chb02_01.edf,chb02|chb02_01.edf|000000,skewness,0.035184675277295435,0.035184675277295435,0,True
chb02,chb02_01.edf,chb02|chb02_01.edf|000000,kurtosis,0.29029938578605652,0.29029938578605652,0,True
chb02,chb02_01.edf,chb02|chb02_01.edf|000899,bp_delta,1.6157610374340945e-10,1.6157610374340945e-10,0,True
chb02,chb02_01.edf,chb02|chb02_01.edf|000899,rel_bp_delta,0.10642030267042989,0.10642030267042989,0,True
chb02,chb02_01.edf,chb02|chb02_01.edf|000899,bp_theta,1.0021515640693232e-10,1.0021515640693232e-10,0,True
chb02,chb02_01.edf,chb02|chb02_01.edf|000899,rel_bp_theta,0.065964867005635128,0.065964867005635128,0,True
chb02,chb02_01.edf,chb02|chb02_01.edf|000899,bp_alpha,4.2232948785666513e-11,4.2232948785666513e-11,0,True
chb02,chb02_01.edf,chb02|chb02_01.edf|000899,rel_bp_alpha,0.027460694386894104,0.027460694386894104,0,True
chb02,chb02_01.edf,chb02|chb02_01.edf|000899,bp_beta,1.2703779522441917e-10,1.2703779522441917e-10,0,True
chb02,chb02_01.edf,chb02|chb02_01.edf|000899,rel_bp_beta,0.070240861728372503,0.070240861728372503,0,True
chb02,chb02_01.edf,chb02|chb02_01.edf|000899,bp_gamma,1.1255822499098484e-10,1.1255822499098484e-10,0,True
chb02,chb02_01.edf,chb02|chb02_01.edf|000899,rel_bp_gamma,0.060466322969517157,0.060466322969517157,0,True
chb02,chb02_01.edf,chb02|chb02_01.edf|000899,spectral_entropy,2.4271242618560791,2.4271242618560791,0,True
chb02,chb02_01.edf,chb02|chb02_01.edf|000899,hjorth_activity,7.3811512457666595e-10,7.3811512457666595e-10,0,True
chb02,chb02_01.edf,chb02|chb02_01.edf|000899,hjorth_mobility,0.36736968159675598,0.36736968159675598,0,True
chb02,chb02_01.edf,chb02|chb02_01.edf|000899,hjorth_complexity,1.5578250885009766,1.5578250885009766,0,True
chb02,chb02_01.edf,chb02|chb02_01.edf|000899,line_length,0.013266057707369328,0.013266057707369328,0,True
chb02,chb02_01.edf,chb02|chb02_01.edf|000899,rms_amplitude,2.62689427472651e-05,2.62689427472651e-05,0,True
chb02,chb02_01.edf,chb02|chb02_01.edf|000899,variance,7.3811512457666595e-10,7.3811512457666595e-10,0,True
chb02,chb02_01.edf,chb02|chb02_01.edf|000899,zero_crossing_rate,0.18177379261363635,0.18177379261363635,0,True
chb02,chb02_01.edf,chb02|chb02_01.edf|000899,skewness,0.02707029818768867,0.02707029818768867,0,True
chb02,chb02_01.edf,chb02|chb02_01.edf|000899,kurtosis,0.56228762865066528,0.56228762865066528,0,True
chb02,chb02_01.edf,chb02|chb02_01.edf|001798,bp_delta,4.4077956625552454e-10,4.4077956625552454e-10,0,True
chb02,chb02_01.edf,chb02|chb02_01.edf|001798,rel_bp_delta,0.23336292006302595,0.23336292006302595,0,True
chb02,chb02_01.edf,chb02|chb02_01.edf|001798,bp_theta,1.5215329174146514e-10,1.5215329174146514e-10,0,True
chb02,chb02_01.edf,chb02|chb02_01.edf|001798,rel_bp_theta,0.084226147772445664,0.084226147772445664,0,True
chb02,chb02_01.edf,chb02|chb02_01.edf|001798,bp_alpha,3.7230433348185143e-11,3.7230433348185143e-11,0,True
chb02,chb02_01.edf,chb02|chb02_01.edf|001798,rel_bp_alpha,0.021975786365371352,0.021975786365371352,0,True
chb02,chb02_01.edf,chb02|chb02_01.edf|001798,bp_beta,5.527295945861234e-11,5.527295945861234e-11,0,True
chb02,chb02_01.edf,chb02|chb02_01.edf|001798,rel_bp_beta,0.028960014571284064,0.028960014571284064,0,True
chb02,chb02_01.edf,chb02|chb02_01.edf|001798,bp_gamma,5.5586399962937735e-11,5.5586399962937735e-11,0,True
chb02,chb02_01.edf,chb02|chb02_01.edf|001798,rel_bp_gamma,0.028058039903287924,0.028058039903287924,0,True
chb02,chb02_01.edf,chb02|chb02_01.edf|001798,spectral_entropy,2.1381120681762695,2.1381120681762695,0,True
chb02,chb02_01.edf,chb02|chb02_01.edf|001798,hjorth_activity,1.0166698594105128e-09,1.0166698594105128e-09,0,True
chb02,chb02_01.edf,chb02|chb02_01.edf|001798,hjorth_mobility,0.21352420747280121,0.21352420747280121,0,True
chb02,chb02_01.edf,chb02|chb02_01.edf|001798,hjorth_complexity,1.6796916723251343,1.6796916723251343,0,True
chb02,chb02_01.edf,chb02|chb02_01.edf|001798,line_length,0.0075496765784919262,0.0075496765784919262,0,True
chb02,chb02_01.edf,chb02|chb02_01.edf|001798,rms_amplitude,3.0805254937149584e-05,3.0805254937149584e-05,0,True
chb02,chb02_01.edf,chb02|chb02_01.edf|001798,variance,1.0166698594105128e-09,1.0166698594105128e-09,0,True
chb02,chb02_01.edf,chb02|chb02_01.edf|001798,zero_crossing_rate,0.10049715909090909,0.10049715909090909,0,True
chb02,chb02_01.edf,chb02|chb02_01.edf|001798,skewness,0.18158923692747272,0.18158923692747272,0,True
chb02,chb02_01.edf,chb02|chb02_01.edf|001798,kurtosis,0.47611677646636963,0.47611677646636963,0,True
chb02,chb02_15.edf,chb02|chb02_15.edf|000000,bp_delta,1.2693522237893571e-09,1.2693522237893571e-09,0,True
chb02,chb02_15.edf,chb02|chb02_15.edf|000000,rel_bp_delta,0.27771640047892393,0.27771640047892393,0,True
chb02,chb02_15.edf,chb02|chb02_15.edf|000000,bp_theta,2.6304282316076802e-10,2.6304282316076802e-10,0,True
chb02,chb02_15.edf,chb02|chb02_15.edf|000000,rel_bp_theta,0.095206959014749515,0.095206959014749515,0,True
chb02,chb02_15.edf,chb02|chb02_15.edf|000000,bp_alpha,6.0865103262817087e-11,6.0865103262817087e-11,0,True
chb02,chb02_15.edf,chb02|chb02_15.edf|000000,rel_bp_alpha,0.028156177578335061,0.028156177578335061,0,True
chb02,chb02_15.edf,chb02|chb02_15.edf|000000,bp_beta,1.4234755161735704e-10,1.4234755161735704e-10,0,True
chb02,chb02_15.edf,chb02|chb02_15.edf|000000,rel_bp_beta,0.046354841575520361,0.046354841575520361,0,True
chb02,chb02_15.edf,chb02|chb02_15.edf|000000,bp_gamma,1.2521053392996749e-10,1.2521053392996749e-10,0,True
chb02,chb02_15.edf,chb02|chb02_15.edf|000000,rel_bp_gamma,0.043176161912278722,0.043176161912278722,0,True
chb02,chb02_15.edf,chb02|chb02_15.edf|000000,spectral_entropy,2.4787652492523193,2.4787652492523193,0,True
chb02,chb02_15.edf,chb02|chb02_15.edf|000000,hjorth_activity,2.5432962402760495e-09,2.5432962402760495e-09,0,True
chb02,chb02_15.edf,chb02|chb02_15.edf|000000,hjorth_mobility,0.28300538659095764,0.28300538659095764,0,True
chb02,chb02_15.edf,chb02|chb02_15.edf|000000,hjorth_complexity,1.7926464080810547,1.7926464080810547,0,True
chb02,chb02_15.edf,chb02|chb02_15.edf|000000,line_length,0.012091322802007198,0.012091322802007198,0,True
chb02,chb02_15.edf,chb02|chb02_15.edf|000000,rms_amplitude,4.2384650441817939e-05,4.2384650441817939e-05,0,True
chb02,chb02_15.edf,chb02|chb02_15.edf|000000,variance,2.5432962402760495e-09,2.5432962402760495e-09,0,True
chb02,chb02_15.edf,chb02|chb02_15.edf|000000,zero_crossing_rate,0.14315518465909091,0.14315518465909091,0,True
chb02,chb02_15.edf,chb02|chb02_15.edf|000000,skewness,0.36930601730604062,0.36930601730604062,0,True
chb02,chb02_15.edf,chb02|chb02_15.edf|000000,kurtosis,0.91736012697219849,0.91736012697219849,0,True
chb02,chb02_15.edf,chb02|chb02_15.edf|000899,bp_delta,7.3615111476645198e-09,7.3615111476645198e-09,0,True
chb02,chb02_15.edf,chb02|chb02_15.edf|000899,rel_bp_delta,0.39602306504450802,0.39602306504450802,0,True
chb02,chb02_15.edf,chb02|chb02_15.edf|000899,bp_theta,1.3918766925009999e-09,1.3918766925009999e-09,0,True
chb02,chb02_15.edf,chb02|chb02_15.edf|000899,rel_bp_theta,0.11129427547258662,0.11129427547258662,0,True
chb02,chb02_15.edf,chb02|chb02_15.edf|000899,bp_alpha,2.4223481999461791e-10,2.4223481999461791e-10,0,True
chb02,chb02_15.edf,chb02|chb02_15.edf|000899,rel_bp_alpha,0.031895947012058549,0.031895947012058549,0,True
chb02,chb02_15.edf,chb02|chb02_15.edf|000899,bp_beta,7.2803933357587275e-10,7.2803933357587275e-10,0,True
chb02,chb02_15.edf,chb02|chb02_15.edf|000899,rel_bp_beta,0.09728674041239059,0.09728674041239059,0,True
chb02,chb02_15.edf,chb02|chb02_15.edf|000899,bp_gamma,5.2465562320368794e-10,5.2465562320368794e-10,0,True
chb02,chb02_15.edf,chb02|chb02_15.edf|000899,rel_bp_gamma,0.093962249420479357,0.093962249420479357,0,True
chb02,chb02_15.edf,chb02|chb02_15.edf|000899,spectral_entropy,3.2379195690155029,3.2379195690155029,0,True
chb02,chb02_15.edf,chb02|chb02_15.edf|000899,hjorth_activity,1.4181670948687497e-08,1.4181670948687497e-08,0,True
chb02,chb02_15.edf,chb02|chb02_15.edf|000899,hjorth_mobility,0.33289039134979248,0.33289039134979248,0,True
chb02,chb02_15.edf,chb02|chb02_15.edf|000899,hjorth_complexity,2.4495279788970947,2.4495279788970947,0,True
chb02,chb02_15.edf,chb02|chb02_15.edf|000899,line_length,0.019508954137563705,0.019508954137563705,0,True
chb02,chb02_15.edf,chb02|chb02_15.edf|000899,rms_amplitude,8.5385785496328026e-05,8.5385785496328026e-05,0,True
chb02,chb02_15.edf,chb02|chb02_15.edf|000899,variance,1.4181670948687497e-08,1.4181670948687497e-08,0,True
chb02,chb02_15.edf,chb02|chb02_15.edf|000899,zero_crossing_rate,0.12491122159090909,0.12491122159090909,0,True
chb02,chb02_15.edf,chb02|chb02_15.edf|000899,skewness,0.35613215096633544,0.35613215096633544,0,True
chb02,chb02_15.edf,chb02|chb02_15.edf|000899,kurtosis,3.4502809047698975,3.4502809047698975,0,True
chb02,chb02_15.edf,chb02|chb02_15.edf|001798,bp_delta,4.6090095021794619e-09,4.6090095021794619e-09,0,True
chb02,chb02_15.edf,chb02|chb02_15.edf|001798,rel_bp_delta,0.36123446652131774,0.36123446652131774,0,True
chb02,chb02_15.edf,chb02|chb02_15.edf|001798,bp_theta,1.7422144214196663e-09,1.7422144214196663e-09,0,True
chb02,chb02_15.edf,chb02|chb02_15.edf|001798,rel_bp_theta,0.10622315021427382,0.10622315021427382,0,True
chb02,chb02_15.edf,chb02|chb02_15.edf|001798,bp_alpha,3.340489494472768e-10,3.340489494472768e-10,0,True
chb02,chb02_15.edf,chb02|chb02_15.edf|001798,rel_bp_alpha,0.025781478959898744,0.025781478959898744,0,True
chb02,chb02_15.edf,chb02|chb02_15.edf|001798,bp_beta,8.5456800374345411e-10,8.5456800374345411e-10,0,True
chb02,chb02_15.edf,chb02|chb02_15.edf|001798,rel_bp_beta,0.083765852134183916,0.083765852134183916,0,True
chb02,chb02_15.edf,chb02|chb02_15.edf|001798,bp_gamma,1.6787746295330002e-09,1.6787746295330002e-09,0,True
chb02,chb02_15.edf,chb02|chb02_15.edf|001798,rel_bp_gamma,0.19058245841065394,0.19058245841065394,0,True
chb02,chb02_15.edf,chb02|chb02_15.edf|001798,spectral_entropy,3.4824004173278809,3.4824004173278809,0,True
chb02,chb02_15.edf,chb02|chb02_15.edf|001798,hjorth_activity,1.2726342646374178e-08,1.2726342646374178e-08,0,True
chb02,chb02_15.edf,chb02|chb02_15.edf|001798,hjorth_mobility,0.41489246487617493,0.41489246487617493,0,True
chb02,chb02_15.edf,chb02|chb02_15.edf|001798,hjorth_complexity,2.4596607685089111,2.4596607685089111,0,True
chb02,chb02_15.edf,chb02|chb02_15.edf|001798,line_length,0.031377580016851425,0.031377580016851425,0,True
chb02,chb02_15.edf,chb02|chb02_15.edf|001798,rms_amplitude,9.6043404482770711e-05,9.6043404482770711e-05,0,True
chb02,chb02_15.edf,chb02|chb02_15.edf|001798,variance,1.2726342646374178e-08,1.2726342646374178e-08,0,True
chb02,chb02_15.edf,chb02|chb02_15.edf|001798,zero_crossing_rate,0.15056818181818182,0.15056818181818182,0,True
chb02,chb02_15.edf,chb02|chb02_15.edf|001798,skewness,0.32864046469330788,0.32864046469330788,0,True
chb02,chb02_15.edf,chb02|chb02_15.edf|001798,kurtosis,2.3803339004516602,2.3803339004516602,0,True
chb02,chb02_16+.edf,chb02|chb02_16+.edf|000000,bp_delta,5.498163468070134e-10,5.498163468070134e-10,0,True
chb02,chb02_16+.edf,chb02|chb02_16+.edf|000000,rel_bp_delta,0.16506075673080764,0.16506075673080764,0,True
chb02,chb02_16+.edf,chb02|chb02_16+.edf|000000,bp_theta,2.2104002238098659e-10,2.2104002238098659e-10,0,True
chb02,chb02_16+.edf,chb02|chb02_16+.edf|000000,rel_bp_theta,0.066829745553705647,0.066829745553705647,0,True
chb02,chb02_16+.edf,chb02|chb02_16+.edf|000000,bp_alpha,2.0013010082002696e-10,2.0013010082002696e-10,0,True
chb02,chb02_16+.edf,chb02|chb02_16+.edf|000000,rel_bp_alpha,0.056341748265897003,0.056341748265897003,0,True
chb02,chb02_16+.edf,chb02|chb02_16+.edf|000000,bp_beta,8.6341610980698045e-10,8.6341610980698045e-10,0,True
chb02,chb02_16+.edf,chb02|chb02_16+.edf|000000,rel_bp_beta,0.22778704510002734,0.22778704510002734,0,True
chb02,chb02_16+.edf,chb02|chb02_16+.edf|000000,bp_gamma,6.4998823071425228e-10,6.4998823071425228e-10,0,True
chb02,chb02_16+.edf,chb02|chb02_16+.edf|000000,rel_bp_gamma,0.16613407603986091,0.16613407603986091,0,True
chb02,chb02_16+.edf,chb02|chb02_16+.edf|000000,spectral_entropy,3.6726861000061035,3.6726861000061035,0,True
chb02,chb02_16+.edf,chb02|chb02_16+.edf|000000,hjorth_activity,1.1992887571921074e-08,1.1992887571921074e-08,0,True
chb02,chb02_16+.edf,chb02|chb02_16+.edf|000000,hjorth_mobility,1.0618947744369507,1.0618947744369507,0,True
chb02,chb02_16+.edf,chb02|chb02_16+.edf|000000,hjorth_complexity,1.4660934209823608,1.4660934209823608,0,True
chb02,chb02_16+.edf,chb02|chb02_16+.edf|000000,line_length,0.10424308478832245,0.10424308478832245,0,True
chb02,chb02_16+.edf,chb02|chb02_16+.edf|000000,rms_amplitude,0.00010281282447976992,0.00010281282447976992,0,True
chb02,chb02_16+.edf,chb02|chb02_16+.edf|000000,variance,1.1992887571921074e-08,1.1992887571921074e-08,0,True
chb02,chb02_16+.edf,chb02|chb02_16+.edf|000000,zero_crossing_rate,0.42205255681818182,0.42205255681818182,0,True
chb02,chb02_16+.edf,chb02|chb02_16+.edf|000000,skewness,0.12646131336011671,0.12646131336011671,0,True
chb02,chb02_16+.edf,chb02|chb02_16+.edf|000000,kurtosis,0.94505536556243896,0.94505536556243896,0,True
chb02,chb02_16+.edf,chb02|chb02_16+.edf|000899,bp_delta,5.7625446286578943e-10,5.7625446286578943e-10,0,True
chb02,chb02_16+.edf,chb02|chb02_16+.edf|000899,rel_bp_delta,0.16600996136879104,0.16600996136879104,0,True
chb02,chb02_16+.edf,chb02|chb02_16+.edf|000899,bp_theta,3.0159228184594258e-10,3.0159228184594258e-10,0,True
chb02,chb02_16+.edf,chb02|chb02_16+.edf|000899,rel_bp_theta,0.077369397209515231,0.077369397209515231,0,True
chb02,chb02_16+.edf,chb02|chb02_16+.edf|000899,bp_alpha,2.3146899248957268e-10,2.3146899248957268e-10,0,True
chb02,chb02_16+.edf,chb02|chb02_16+.edf|000899,rel_bp_alpha,0.056553734255898942,0.056553734255898942,0,True
chb02,chb02_16+.edf,chb02|chb02_16+.edf|000899,bp_beta,8.0952414151902626e-10,8.0952414151902626e-10,0,True
chb02,chb02_16+.edf,chb02|chb02_16+.edf|000899,rel_bp_beta,0.18953671308436801,0.18953671308436801,0,True
chb02,chb02_16+.edf,chb02|chb02_16+.edf|000899,bp_gamma,9.0658191550295366e-10,9.0658191550295366e-10,0,True
chb02,chb02_16+.edf,chb02|chb02_16+.edf|000899,rel_bp_gamma,0.20857864011264507,0.20857864011264507,0,True
chb02,chb02_16+.edf,chb02|chb02_16+.edf|000899,spectral_entropy,3.7427871227264404,3.7427871227264404,0,True
chb02,chb02_16+.edf,chb02|chb02_16+.edf|000899,hjorth_activity,9.9753618698628088e-09,9.9753618698628088e-09,0,True
chb02,chb02_16+.edf,chb02|chb02_16+.edf|000899,hjorth_mobility,1.104242205619812,1.104242205619812,0,True
chb02,chb02_16+.edf,chb02|chb02_16+.edf|000899,hjorth_complexity,1.4030442237854004,1.4030442237854004,0,True
chb02,chb02_16+.edf,chb02|chb02_16+.edf|000899,line_length,0.10071289539337158,0.10071289539337158,0,True
chb02,chb02_16+.edf,chb02|chb02_16+.edf|000899,rms_amplitude,9.3526461569126695e-05,9.3526461569126695e-05,0,True
chb02,chb02_16+.edf,chb02|chb02_16+.edf|000899,variance,9.9753618698628088e-09,9.9753618698628088e-09,0,True
chb02,chb02_16+.edf,chb02|chb02_16+.edf|000899,zero_crossing_rate,0.419921875,0.419921875,0,True
chb02,chb02_16+.edf,chb02|chb02_16+.edf|000899,skewness,0.016132523760792206,0.016132523760792206,0,True
chb02,chb02_16+.edf,chb02|chb02_16+.edf|000899,kurtosis,-0.091566234827041626,-0.091566234827041626,0,True
chb02,chb02_16+.edf,chb02|chb02_16+.edf|001798,bp_delta,4.252166297415276e-10,4.252166297415276e-10,0,True
chb02,chb02_16+.edf,chb02|chb02_16+.edf|001798,rel_bp_delta,0.21165037151483207,0.21165037151483207,0,True
chb02,chb02_16+.edf,chb02|chb02_16+.edf|001798,bp_theta,1.4411428344088262e-10,1.4411428344088262e-10,0,True
chb02,chb02_16+.edf,chb02|chb02_16+.edf|001798,rel_bp_theta,0.073996097162907115,0.073996097162907115,0,True
chb02,chb02_16+.edf,chb02|chb02_16+.edf|001798,bp_alpha,4.4337536187469776e-11,4.4337536187469776e-11,0,True
chb02,chb02_16+.edf,chb02|chb02_16+.edf|001798,rel_bp_alpha,0.02127684875110002,0.02127684875110002,0,True
chb02,chb02_16+.edf,chb02|chb02_16+.edf|001798,bp_beta,1.805686614733843e-10,1.805686614733843e-10,0,True
chb02,chb02_16+.edf,chb02|chb02_16+.edf|001798,rel_bp_beta,0.068801818004373932,0.068801818004373932,0,True
chb02,chb02_16+.edf,chb02|chb02_16+.edf|001798,bp_gamma,1.4018857593370304e-10,1.4018857593370304e-10,0,True
chb02,chb02_16+.edf,chb02|chb02_16+.edf|001798,rel_bp_gamma,0.05490919880536043,0.05490919880536043,0,True
chb02,chb02_16+.edf,chb02|chb02_16+.edf|001798,spectral_entropy,2.7423300743103027,2.7423300743103027,0,True
chb02,chb02_16+.edf,chb02|chb02_16+.edf|001798,hjorth_activity,1.2816616656863289e-09,1.2816616656863289e-09,0,True
chb02,chb02_16+.edf,chb02|chb02_16+.edf|001798,hjorth_mobility,0.40174224972724915,0.40174224972724915,0,True
chb02,chb02_16+.edf,chb02|chb02_16+.edf|001798,hjorth_complexity,1.8180626630783081,1.8180626630783081,0,True
chb02,chb02_16+.edf,chb02|chb02_16+.edf|001798,line_length,0.014699325896799564,0.014699325896799564,0,True
chb02,chb02_16+.edf,chb02|chb02_16+.edf|001798,rms_amplitude,3.3923162845894694e-05,3.3923162845894694e-05,0,True
chb02,chb02_16+.edf,chb02|chb02_16+.edf|001798,variance,1.2816616656863289e-09,1.2816616656863289e-09,0,True
chb02,chb02_16+.edf,chb02|chb02_16+.edf|001798,zero_crossing_rate,0.14723899147727273,0.14723899147727273,0,True
chb02,chb02_16+.edf,chb02|chb02_16+.edf|001798,skewness,-0.11557391529310156,-0.11557391529310156,0,True
chb02,chb02_16+.edf,chb02|chb02_16+.edf|001798,kurtosis,0.5379217267036438,0.5379217267036438,0,True
chb02,chb02_16.edf,chb02|chb02_16.edf|000000,bp_delta,2.0005890515860255e-09,2.0005890515860255e-09,0,True
chb02,chb02_16.edf,chb02|chb02_16.edf|000000,rel_bp_delta,0.33906550648529266,0.33906550648529266,0,True
chb02,chb02_16.edf,chb02|chb02_16.edf|000000,bp_theta,3.7527307346699179e-10,3.7527307346699179e-10,0,True
chb02,chb02_16.edf,chb02|chb02_16.edf|000000,rel_bp_theta,0.076193322357310966,0.076193322357310966,0,True
chb02,chb02_16.edf,chb02|chb02_16.edf|000000,bp_alpha,1.2314146619812579e-10,1.2314146619812579e-10,0,True
chb02,chb02_16.edf,chb02|chb02_16.edf|000000,rel_bp_alpha,0.029675110887290659,0.029675110887290659,0,True
chb02,chb02_16.edf,chb02|chb02_16.edf|000000,bp_beta,4.157254035377228e-10,4.157254035377228e-10,0,True
chb02,chb02_16.edf,chb02|chb02_16.edf|000000,rel_bp_beta,0.10020832377273269,0.10020832377273269,0,True
chb02,chb02_16.edf,chb02|chb02_16.edf|000000,bp_gamma,4.3115268921946006e-10,4.3115268921946006e-10,0,True
chb02,chb02_16.edf,chb02|chb02_16.edf|000000,rel_bp_gamma,0.098849370738409534,0.098849370738409534,0,True
chb02,chb02_16.edf,chb02|chb02_16.edf|000000,spectral_entropy,3.0415842533111572,3.0415842533111572,0,True
chb02,chb02_16.edf,chb02|chb02_16.edf|000000,hjorth_activity,5.4411470884474511e-09,5.4411470884474511e-09,0,True
chb02,chb02_16.edf,chb02|chb02_16.edf|000000,hjorth_mobility,0.33844316005706787,0.33844316005706787,0,True
chb02,chb02_16.edf,chb02|chb02_16.edf|000000,hjorth_complexity,2.1936664581298828,2.1936664581298828,0,True
chb02,chb02_16.edf,chb02|chb02_16.edf|000000,line_length,0.01849190890789032,0.01849190890789032,0,True
chb02,chb02_16.edf,chb02|chb02_16.edf|000000,rms_amplitude,6.5792555687949061e-05,6.5792555687949061e-05,0,True
chb02,chb02_16.edf,chb02|chb02_16.edf|000000,variance,5.4411470884474511e-09,5.4411470884474511e-09,0,True
chb02,chb02_16.edf,chb02|chb02_16.edf|000000,zero_crossing_rate,0.13427734375,0.13427734375,0,True
chb02,chb02_16.edf,chb02|chb02_16.edf|000000,skewness,0.65857767466117034,0.65857767466117034,0,True
chb02,chb02_16.edf,chb02|chb02_16.edf|000000,kurtosis,4.5825176239013672,4.5825176239013672,0,True
chb02,chb02_16.edf,chb02|chb02_16.edf|000239,bp_delta,2.3000969776221739e-09,2.3000969776221739e-09,0,True
chb02,chb02_16.edf,chb02|chb02_16.edf|000239,rel_bp_delta,0.38759723824981795,0.38759723824981795,0,True
chb02,chb02_16.edf,chb02|chb02_16.edf|000239,bp_theta,8.7626676921470636e-10,8.7626676921470636e-10,0,True
chb02,chb02_16.edf,chb02|chb02_16.edf|000239,rel_bp_theta,0.082154812093196,0.082154812093196,0,True
chb02,chb02_16.edf,chb02|chb02_16.edf|000239,bp_alpha,3.1171085537945074e-10,3.1171085537945074e-10,0,True
chb02,chb02_16.edf,chb02|chb02_16.edf|000239,rel_bp_alpha,0.025954424236710048,0.025954424236710048,0,True
chb02,chb02_16.edf,chb02|chb02_16.edf|000239,bp_beta,3.7209082664623817e-10,3.7209082664623817e-10,0,True
chb02,chb02_16.edf,chb02|chb02_16.edf|000239,rel_bp_beta,0.05712886524415315,0.05712886524415315,0,True
chb02,chb02_16.edf,chb02|chb02_16.edf|000239,bp_gamma,3.7695588277382208e-10,3.7695588277382208e-10,0,True
chb02,chb02_16.edf,chb02|chb02_16.edf|000239,rel_bp_gamma,0.074025826751113674,0.074025826751113674,0,True
chb02,chb02_16.edf,chb02|chb02_16.edf|000239,spectral_entropy,2.8811159133911133,2.8811159133911133,0,True
chb02,chb02_16.edf,chb02|chb02_16.edf|000239,hjorth_activity,5.3796105348169476e-09,5.3796105348169476e-09,0,True
chb02,chb02_16.edf,chb02|chb02_16.edf|000239,hjorth_mobility,0.30109179019927979,0.30109179019927979,0,True
chb02,chb02_16.edf,chb02|chb02_16.edf|000239,hjorth_complexity,2.2193441390991211,2.2193441390991211,0,True
chb02,chb02_16.edf,chb02|chb02_16.edf|000239,line_length,0.012869548983871937,0.012869548983871937,0,True
chb02,chb02_16.edf,chb02|chb02_16.edf|000239,rms_amplitude,6.311688048299402e-05,6.311688048299402e-05,0,True
chb02,chb02_16.edf,chb02|chb02_16.edf|000239,variance,5.3796105348169476e-09,5.3796105348169476e-09,0,True
chb02,chb02_16.edf,chb02|chb02_16.edf|000239,zero_crossing_rate,0.082652698863636367,0.082652698863636367,0,True
chb02,chb02_16.edf,chb02|chb02_16.edf|000239,skewness,0.19900792837142944,0.19900792837142944,0,True
chb02,chb02_16.edf,chb02|chb02_16.edf|000239,kurtosis,1.6097928285598755,1.6097928285598755,0,True
chb02,chb02_16.edf,chb02|chb02_16.edf|000477,bp_delta,2.9245133264256665e-10,2.9245133264256665e-10,0,True
chb02,chb02_16.edf,chb02|chb02_16.edf|000477,rel_bp_delta,0.19664047087424111,0.19664047087424111,0,True
chb02,chb02_16.edf,chb02|chb02_16.edf|000477,bp_theta,9.7745403370853219e-11,9.7745403370853219e-11,0,True
chb02,chb02_16.edf,chb02|chb02_16.edf|000477,rel_bp_theta,0.065105940543817742,0.065105940543817742,0,True
chb02,chb02_16.edf,chb02|chb02_16.edf|000477,bp_alpha,1.678013640433623e-11,1.678013640433623e-11,0,True
chb02,chb02_16.edf,chb02|chb02_16.edf|000477,rel_bp_alpha,0.011832573976772447,0.011832573976772447,0,True
chb02,chb02_16.edf,chb02|chb02_16.edf|000477,bp_beta,1.1305861565390374e-11,1.1305861565390374e-11,0,True
chb02,chb02_16.edf,chb02|chb02_16.edf|000477,rel_bp_beta,0.0080535167067358106,0.0080535167067358106,0,True
chb02,chb02_16.edf,chb02|chb02_16.edf|000477,bp_gamma,5.3410398400584841e-12,5.3410398400584841e-12,0,True
chb02,chb02_16.edf,chb02|chb02_16.edf|000477,rel_bp_gamma,0.0040229694436837837,0.0040229694436837837,0,True
chb02,chb02_16.edf,chb02|chb02_16.edf|000477,spectral_entropy,1.5172308683395386,1.5172308683395386,0,True
chb02,chb02_16.edf,chb02|chb02_16.edf|000477,hjorth_activity,5.5820598143796474e-10,5.5820598143796474e-10,0,True
chb02,chb02_16.edf,chb02|chb02_16.edf|000477,hjorth_mobility,0.11963579058647156,0.11963579058647156,0,True
chb02,chb02_16.edf,chb02|chb02_16.edf|000477,hjorth_complexity,1.4153643846511841,1.4153643846511841,0,True
chb02,chb02_16.edf,chb02|chb02_16.edf|000477,line_length,0.0037971802521497011,0.0037971802521497011,0,True
chb02,chb02_16.edf,chb02|chb02_16.edf|000477,rms_amplitude,2.3147409592638724e-05,2.3147409592638724e-05,0,True
chb02,chb02_16.edf,chb02|chb02_16.edf|000477,variance,5.5820598143796474e-10,5.5820598143796474e-10,0,True
chb02,chb02_16.edf,chb02|chb02_16.edf|000477,zero_crossing_rate,0.069424715909090912,0.069424715909090912,0,True
chb02,chb02_16.edf,chb02|chb02_16.edf|000477,skewness,0.072144964117218144,0.072144964117218144,0,True
chb02,chb02_16.edf,chb02|chb02_16.edf|000477,kurtosis,0.14740465581417084,0.14740465581417084,0,True
chb02,chb02_17.edf,chb02|chb02_17.edf|000000,bp_delta,3.6954151583791631e-10,3.6954151583791631e-10,0,True
chb02,chb02_17.edf,chb02|chb02_17.edf|000000,rel_bp_delta,0.21979040329275765,0.21979040329275765,0,True
chb02,chb02_17.edf,chb02|chb02_17.edf|000000,bp_theta,1.0596677823212988e-10,1.0596677823212988e-10,0,True
chb02,chb02_17.edf,chb02|chb02_17.edf|000000,rel_bp_theta,0.066265483903298214,0.066265483903298214,0,True
chb02,chb02_17.edf,chb02|chb02_17.edf|000000,bp_alpha,2.0836993367133273e-11,2.0836993367133273e-11,0,True
chb02,chb02_17.edf,chb02|chb02_17.edf|000000,rel_bp_alpha,0.012901846128684473,0.012901846128684473,0,True
chb02,chb02_17.edf,chb02|chb02_17.edf|000000,bp_beta,2.9894291795843885e-11,2.9894291795843885e-11,0,True
chb02,chb02_17.edf,chb02|chb02_17.edf|000000,rel_bp_beta,0.017697315172613734,0.017697315172613734,0,True
chb02,chb02_17.edf,chb02|chb02_17.edf|000000,bp_gamma,3.5008191256433712e-11,3.5008191256433712e-11,0,True
chb02,chb02_17.edf,chb02|chb02_17.edf|000000,rel_bp_gamma,0.019464821775550981,0.019464821775550981,0,True
chb02,chb02_17.edf,chb02|chb02_17.edf|000000,spectral_entropy,1.8562958240509033,1.8562958240509033,0,True
chb02,chb02_17.edf,chb02|chb02_17.edf|000000,hjorth_activity,1.0753981039002269e-09,1.0753981039002269e-09,0,True
chb02,chb02_17.edf,chb02|chb02_17.edf|000000,hjorth_mobility,0.19449402391910553,0.19449402391910553,0,True
chb02,chb02_17.edf,chb02|chb02_17.edf|000000,hjorth_complexity,1.7660179138183594,1.7660179138183594,0,True
chb02,chb02_17.edf,chb02|chb02_17.edf|000000,line_length,0.0069100330583751202,0.0069100330583751202,0,True
chb02,chb02_17.edf,chb02|chb02_17.edf|000000,rms_amplitude,3.1152103474596515e-05,3.1152103474596515e-05,0,True
chb02,chb02_17.edf,chb02|chb02_17.edf|000000,variance,1.0753981039002269e-09,1.0753981039002269e-09,0,True
chb02,chb02_17.edf,chb02|chb02_17.edf|000000,zero_crossing_rate,0.080965909090909088,0.080965909090909088,0,True
chb02,chb02_17.edf,chb02|chb02_17.edf|000000,skewness,0.062787482006983322,0.062787482006983322,0,True
chb02,chb02_17.edf,chb02|chb02_17.edf|000000,kurtosis,0.11797067523002625,0.11797067523002625,0,True
chb02,chb02_17.edf,chb02|chb02_17.edf|000899,bp_delta,1.4901637728379187e-09,1.4901637728379187e-09,0,True
chb02,chb02_17.edf,chb02|chb02_17.edf|000899,rel_bp_delta,0.31970942149540227,0.31970942149540227,0,True
chb02,chb02_17.edf,chb02|chb02_17.edf|000899,bp_theta,6.0005982841233245e-10,6.0005982841233245e-10,0,True
chb02,chb02_17.edf,chb02|chb02_17.edf|000899,rel_bp_theta,0.090361086460870363,0.090361086460870363,0,True
chb02,chb02_17.edf,chb02|chb02_17.edf|000899,bp_alpha,3.091427327738977e-10,3.091427327738977e-10,0,True
chb02,chb02_17.edf,chb02|chb02_17.edf|000899,rel_bp_alpha,0.040836098619936492,0.040836098619936492,0,True
chb02,chb02_17.edf,chb02|chb02_17.edf|000899,bp_beta,1.7832455917935508e-10,1.7832455917935508e-10,0,True
chb02,chb02_17.edf,chb02|chb02_17.edf|000899,rel_bp_beta,0.035903817915948794,0.035903817915948794,0,True
chb02,chb02_17.edf,chb02|chb02_17.edf|000899,bp_gamma,1.3769343544132166e-10,1.3769343544132166e-10,0,True
chb02,chb02_17.edf,chb02|chb02_17.edf|000899,rel_bp_gamma,0.027762977913113426,0.027762977913113426,0,True
chb02,chb02_17.edf,chb02|chb02_17.edf|000899,spectral_entropy,2.4210579395294189,2.4210579395294189,0,True
chb02,chb02_17.edf,chb02|chb02_17.edf|000899,hjorth_activity,2.9690567782125754e-09,2.9690567782125754e-09,0,True
chb02,chb02_17.edf,chb02|chb02_17.edf|000899,hjorth_mobility,0.21169532835483551,0.21169532835483551,0,True
chb02,chb02_17.edf,chb02|chb02_17.edf|000899,hjorth_complexity,1.9012107849121094,1.9012107849121094,0,True
chb02,chb02_17.edf,chb02|chb02_17.edf|000899,line_length,0.0088767241686582565,0.0088767241686582565,0,True
chb02,chb02_17.edf,chb02|chb02_17.edf|000899,rms_amplitude,4.6049346565268934e-05,4.6049346565268934e-05,0,True
chb02,chb02_17.edf,chb02|chb02_17.edf|000899,variance,2.9690567782125754e-09,2.9690567782125754e-09,0,True
chb02,chb02_17.edf,chb02|chb02_17.edf|000899,zero_crossing_rate,0.095703125,0.095703125,0,True
chb02,chb02_17.edf,chb02|chb02_17.edf|000899,skewness,-0.05714677409692244,-0.05714677409692244,0,True
chb02,chb02_17.edf,chb02|chb02_17.edf|000899,kurtosis,2.2251379489898682,2.2251379489898682,0,True
chb02,chb02_17.edf,chb02|chb02_17.edf|001798,bp_delta,1.1258720131222431e-09,1.1258720131222431e-09,0,True
chb02,chb02_17.edf,chb02|chb02_17.edf|001798,rel_bp_delta,0.24281749956023721,0.24281749956023721,0,True
chb02,chb02_17.edf,chb02|chb02_17.edf|001798,bp_theta,1.5592891281356679e-10,1.5592891281356679e-10,0,True
chb02,chb02_17.edf,chb02|chb02_17.edf|001798,rel_bp_theta,0.078599434623186873,0.078599434623186873,0,True
chb02,chb02_17.edf,chb02|chb02_17.edf|001798,bp_alpha,7.9734223879347372e-11,7.9734223879347372e-11,0,True
chb02,chb02_17.edf,chb02|chb02_17.edf|001798,rel_bp_alpha,0.041473171284356528,0.041473171284356528,0,True
chb02,chb02_17.edf,chb02|chb02_17.edf|001798,bp_beta,3.7966389166228318e-11,3.7966389166228318e-11,0,True
chb02,chb02_17.edf,chb02|chb02_17.edf|001798,rel_bp_beta,0.017380186429654661,0.017380186429654661,0,True
chb02,chb02_17.edf,chb02|chb02_17.edf|001798,bp_gamma,2.2419340891951755e-11,2.2419340891951755e-11,0,True
chb02,chb02_17.edf,chb02|chb02_17.edf|001798,rel_bp_gamma,0.0077731479401084271,0.0077731479401084271,0,True
chb02,chb02_17.edf,chb02|chb02_17.edf|001798,spectral_entropy,1.8774707317352295,1.8774707317352295,0,True
chb02,chb02_17.edf,chb02|chb02_17.edf|001798,hjorth_activity,2.0499579811428248e-09,2.0499579811428248e-09,0,True
chb02,chb02_17.edf,chb02|chb02_17.edf|001798,hjorth_mobility,0.14826895296573639,0.14826895296573639,0,True
chb02,chb02_17.edf,chb02|chb02_17.edf|001798,hjorth_complexity,1.5794049501419067,1.5794049501419067,0,True
chb02,chb02_17.edf,chb02|chb02_17.edf|001798,line_length,0.0054273377172648907,0.0054273377172648907,0,True
chb02,chb02_17.edf,chb02|chb02_17.edf|001798,rms_amplitude,3.4130334825022146e-05,3.4130334825022146e-05,0,True
chb02,chb02_17.edf,chb02|chb02_17.edf|001798,variance,2.0499579811428248e-09,2.0499579811428248e-09,0,True
chb02,chb02_17.edf,chb02|chb02_17.edf|001798,zero_crossing_rate,0.088689630681818177,0.088689630681818177,0,True
chb02,chb02_17.edf,chb02|chb02_17.edf|001798,skewness,0.32122408336197789,0.32122408336197789,0,True
chb02,chb02_17.edf,chb02|chb02_17.edf|001798,kurtosis,0.96041160821914673,0.96041160821914673,0,True
chb02,chb02_18.edf,chb02|chb02_18.edf|000000,bp_delta,8.4137465843102009e-10,8.4137465843102009e-10,0,True
chb02,chb02_18.edf,chb02|chb02_18.edf|000000,rel_bp_delta,0.17958493173864751,0.17958493173864751,0,True
chb02,chb02_18.edf,chb02|chb02_18.edf|000000,bp_theta,1.1384149310970168e-10,1.1384149310970168e-10,0,True
chb02,chb02_18.edf,chb02|chb02_18.edf|000000,rel_bp_theta,0.062275071578382211,0.062275071578382211,0,True
chb02,chb02_18.edf,chb02|chb02_18.edf|000000,bp_alpha,5.5047455289607769e-11,5.5047455289607769e-11,0,True
chb02,chb02_18.edf,chb02|chb02_18.edf|000000,rel_bp_alpha,0.036449284363297647,0.036449284363297647,0,True
chb02,chb02_18.edf,chb02|chb02_18.edf|000000,bp_beta,3.0418362174285644e-11,3.0418362174285644e-11,0,True
chb02,chb02_18.edf,chb02|chb02_18.edf|000000,rel_bp_beta,0.015813768203840315,0.015813768203840315,0,True
chb02,chb02_18.edf,chb02|chb02_18.edf|000000,bp_gamma,1.5634151657648848e-11,1.5634151657648848e-11,0,True
chb02,chb02_18.edf,chb02|chb02_18.edf|000000,rel_bp_gamma,0.006804269631883058,0.006804269631883058,0,True
chb02,chb02_18.edf,chb02|chb02_18.edf|000000,spectral_entropy,1.5415859222412109,1.5415859222412109,0,True
chb02,chb02_18.edf,chb02|chb02_18.edf|000000,hjorth_activity,1.8510092347767682e-09,1.8510092347767682e-09,0,True
chb02,chb02_18.edf,chb02|chb02_18.edf|000000,hjorth_mobility,0.15596288442611694,0.15596288442611694,0,True
chb02,chb02_18.edf,chb02|chb02_18.edf|000000,hjorth_complexity,1.5201964378356934,1.5201964378356934,0,True
chb02,chb02_18.edf,chb02|chb02_18.edf|000000,line_length,0.0051495172083377838,0.0051495172083377838,0,True
chb02,chb02_18.edf,chb02|chb02_18.edf|000000,rms_amplitude,2.9376644306466915e-05,2.9376644306466915e-05,0,True
chb02,chb02_18.edf,chb02|chb02_18.edf|000000,variance,1.8510092347767682e-09,1.8510092347767682e-09,0,True
chb02,chb02_18.edf,chb02|chb02_18.edf|000000,zero_crossing_rate,0.10830965909090909,0.10830965909090909,0,True
chb02,chb02_18.edf,chb02|chb02_18.edf|000000,skewness,0.48865965736860578,0.48865965736860578,0,True
chb02,chb02_18.edf,chb02|chb02_18.edf|000000,kurtosis,1.9109538793563843,1.9109538793563843,0,True
chb02,chb02_18.edf,chb02|chb02_18.edf|000899,bp_delta,2.4135062828486986e-10,2.4135062828486986e-10,0,True
chb02,chb02_18.edf,chb02|chb02_18.edf|000899,rel_bp_delta,0.14594302733422748,0.14594302733422748,0,True
chb02,chb02_18.edf,chb02|chb02_18.edf|000899,bp_theta,1.6490296643972331e-10,1.6490296643972331e-10,0,True
chb02,chb02_18.edf,chb02|chb02_18.edf|000899,rel_bp_theta,0.10180692152966463,0.10180692152966463,0,True
chb02,chb02_18.edf,chb02|chb02_18.edf|000899,bp_alpha,9.8612107599362319e-11,9.8612107599362319e-11,0,True
chb02,chb02_18.edf,chb02|chb02_18.edf|000899,rel_bp_alpha,0.061697452663756612,0.061697452663756612,0,True
chb02,chb02_18.edf,chb02|chb02_18.edf|000899,bp_beta,4.5484813063859959e-11,4.5484813063859959e-11,0,True
chb02,chb02_18.edf,chb02|chb02_18.edf|000899,rel_bp_beta,0.028723514491793924,0.028723514491793924,0,True
chb02,chb02_18.edf,chb02|chb02_18.edf|000899,bp_gamma,3.7798602873109534e-11,3.7798602873109534e-11,0,True
chb02,chb02_18.edf,chb02|chb02_18.edf|000899,rel_bp_gamma,0.024437184866694106,0.024437184866694106,0,True
chb02,chb02_18.edf,chb02|chb02_18.edf|000899,spectral_entropy,2.1185297966003418,2.1185297966003418,0,True
chb02,chb02_18.edf,chb02|chb02_18.edf|000899,hjorth_activity,7.5985090441932357e-10,7.5985090441932357e-10,0,True
chb02,chb02_18.edf,chb02|chb02_18.edf|000899,hjorth_mobility,0.20016661286354065,0.20016661286354065,0,True
chb02,chb02_18.edf,chb02|chb02_18.edf|000899,hjorth_complexity,1.3797013759613037,1.3797013759613037,0,True
chb02,chb02_18.edf,chb02|chb02_18.edf|000899,line_length,0.0067733689211308956,0.0067733689211308956,0,True
chb02,chb02_18.edf,chb02|chb02_18.edf|000899,rms_amplitude,2.7391553885536268e-05,2.7391553885536268e-05,0,True
chb02,chb02_18.edf,chb02|chb02_18.edf|000899,variance,7.5985090441932357e-10,7.5985090441932357e-10,0,True
chb02,chb02_18.edf,chb02|chb02_18.edf|000899,zero_crossing_rate,0.10786576704545454,0.10786576704545454,0,True
chb02,chb02_18.edf,chb02|chb02_18.edf|000899,skewness,-0.0051380998708985071,-0.0051380998708985071,0,True
chb02,chb02_18.edf,chb02|chb02_18.edf|000899,kurtosis,0.5195610523223877,0.5195610523223877,0,True
chb02,chb02_18.edf,chb02|chb02_18.edf|001798,bp_delta,3.8745199898816316e-10,3.8745199898816316e-10,0,True
chb02,chb02_18.edf,chb02|chb02_18.edf|001798,rel_bp_delta,0.16533401191098351,0.16533401191098351,0,True
chb02,chb02_18.edf,chb02|chb02_18.edf|001798,bp_theta,1.2970402963469185e-10,1.2970402963469185e-10,0,True
chb02,chb02_18.edf,chb02|chb02_18.edf|001798,rel_bp_theta,0.063981133165537676,0.063981133165537676,0,True
chb02,chb02_18.edf,chb02|chb02_18.edf|001798,bp_alpha,6.9408813746223789e-11,6.9408813746223789e-11,0,True
chb02,chb02_18.edf,chb02|chb02_18.edf|001798,rel_bp_alpha,0.03948364534092464,0.03948364534092464,0,True
chb02,chb02_18.edf,chb02|chb02_18.edf|001798,bp_beta,1.3859506070741916e-10,1.3859506070741916e-10,0,True
chb02,chb02_18.edf,chb02|chb02_18.edf|001798,rel_bp_beta,0.071854671897687059,0.071854671897687059,0,True
chb02,chb02_18.edf,chb02|chb02_18.edf|001798,bp_gamma,1.3318851860483764e-10,1.3318851860483764e-10,0,True
chb02,chb02_18.edf,chb02|chb02_18.edf|001798,rel_bp_gamma,0.066317028383550233,0.066317028383550233,0,True
chb02,chb02_18.edf,chb02|chb02_18.edf|001798,spectral_entropy,2.5835983753204346,2.5835983753204346,0,True
chb02,chb02_18.edf,chb02|chb02_18.edf|001798,hjorth_activity,1.3321698189017184e-09,1.3321698189017184e-09,0,True
chb02,chb02_18.edf,chb02|chb02_18.edf|001798,hjorth_mobility,0.32891160249710083,0.32891160249710083,0,True
chb02,chb02_18.edf,chb02|chb02_18.edf|001798,hjorth_complexity,1.755154013633728,1.755154013633728,0,True
chb02,chb02_18.edf,chb02|chb02_18.edf|001798,line_length,0.011718823574483395,0.011718823574483395,0,True
chb02,chb02_18.edf,chb02|chb02_18.edf|001798,rms_amplitude,3.4980908822035417e-05,3.4980908822035417e-05,0,True
chb02,chb02_18.edf,chb02|chb02_18.edf|001798,variance,1.3321698189017184e-09,1.3321698189017184e-09,0,True
chb02,chb02_18.edf,chb02|chb02_18.edf|001798,zero_crossing_rate,0.14910333806818182,0.14910333806818182,0,True
chb02,chb02_18.edf,chb02|chb02_18.edf|001798,skewness,-0.15221629042009061,-0.15221629042009061,0,True
chb02,chb02_18.edf,chb02|chb02_18.edf|001798,kurtosis,0.84917449951171875,0.84917449951171875,0,True
chb02,chb02_19.edf,chb02|chb02_19.edf|000000,bp_delta,5.8775100135655632e-10,5.8775100135655632e-10,0,True
chb02,chb02_19.edf,chb02|chb02_19.edf|000000,rel_bp_delta,0.14677168978312263,0.14677168978312263,0,True
chb02,chb02_19.edf,chb02|chb02_19.edf|000000,bp_theta,1.3990577332220251e-10,1.3990577332220251e-10,0,True
chb02,chb02_19.edf,chb02|chb02_19.edf|000000,rel_bp_theta,0.045400168728706863,0.045400168728706863,0,True
chb02,chb02_19.edf,chb02|chb02_19.edf|000000,bp_alpha,1.2185738402199333e-10,1.2185738402199333e-10,0,True
chb02,chb02_19.edf,chb02|chb02_19.edf|000000,rel_bp_alpha,0.035383757669491166,0.035383757669491166,0,True
chb02,chb02_19.edf,chb02|chb02_19.edf|000000,bp_beta,6.3606612364281226e-10,6.3606612364281226e-10,0,True
chb02,chb02_19.edf,chb02|chb02_19.edf|000000,rel_bp_beta,0.13686379897511369,0.13686379897511369,0,True
chb02,chb02_19.edf,chb02|chb02_19.edf|000000,bp_gamma,8.5987870739635428e-10,8.5987870739635428e-10,0,True
chb02,chb02_19.edf,chb02|chb02_19.edf|000000,rel_bp_gamma,0.16672886496747044,0.16672886496747044,0,True
chb02,chb02_19.edf,chb02|chb02_19.edf|000000,spectral_entropy,3.7144920825958252,3.7144920825958252,0,True
chb02,chb02_19.edf,chb02|chb02_19.edf|000000,hjorth_activity,3.9507921378856281e-09,3.9507921378856281e-09,0,True
chb02,chb02_19.edf,chb02|chb02_19.edf|000000,hjorth_mobility,0.6479790210723877,0.6479790210723877,0,True
chb02,chb02_19.edf,chb02|chb02_19.edf|000000,hjorth_complexity,1.8374077081680298,1.8374077081680298,0,True
chb02,chb02_19.edf,chb02|chb02_19.edf|000000,line_length,0.03193313255906105,0.03193313255906105,0,True
chb02,chb02_19.edf,chb02|chb02_19.edf|000000,rms_amplitude,5.2616276661865413e-05,5.2616276661865413e-05,0,True
chb02,chb02_19.edf,chb02|chb02_19.edf|000000,variance,3.9507921378856281e-09,3.9507921378856281e-09,0,True
chb02,chb02_19.edf,chb02|chb02_19.edf|000000,zero_crossing_rate,0.25377308238636365,0.25377308238636365,0,True
chb02,chb02_19.edf,chb02|chb02_19.edf|000000,skewness,0.12311255262995308,0.12311255262995308,0,True
chb02,chb02_19.edf,chb02|chb02_19.edf|000000,kurtosis,1.8016365766525269,1.8016365766525269,0,True
chb02,chb02_19.edf,chb02|chb02_19.edf|000899,bp_delta,4.7798396246389642e-10,4.7798396246389642e-10,0,True
chb02,chb02_19.edf,chb02|chb02_19.edf|000899,rel_bp_delta,0.22587190578368424,0.22587190578368424,0,True
chb02,chb02_19.edf,chb02|chb02_19.edf|000899,bp_theta,1.1333018377912563e-10,1.1333018377912563e-10,0,True
chb02,chb02_19.edf,chb02|chb02_19.edf|000899,rel_bp_theta,0.059412044459251682,0.059412044459251682,0,True
chb02,chb02_19.edf,chb02|chb02_19.edf|000899,bp_alpha,7.1567100641781815e-11,7.1567100641781815e-11,0,True
chb02,chb02_19.edf,chb02|chb02_19.edf|000899,rel_bp_alpha,0.040617697590489388,0.040617697590489388,0,True
chb02,chb02_19.edf,chb02|chb02_19.edf|000899,bp_beta,1.1399990391045457e-10,1.1399990391045457e-10,0,True
chb02,chb02_19.edf,chb02|chb02_19.edf|000899,rel_bp_beta,0.054642296511347783,0.054642296511347783,0,True
chb02,chb02_19.edf,chb02|chb02_19.edf|000899,bp_gamma,1.434279868877124e-10,1.434279868877124e-10,0,True
chb02,chb02_19.edf,chb02|chb02_19.edf|000899,rel_bp_gamma,0.062459906912774373,0.062459906912774373,0,True
chb02,chb02_19.edf,chb02|chb02_19.edf|000899,spectral_entropy,2.4998419284820557,2.4998419284820557,0,True
chb02,chb02_19.edf,chb02|chb02_19.edf|000899,hjorth_activity,1.6777849110027887e-09,1.6777849110027887e-09,0,True
chb02,chb02_19.edf,chb02|chb02_19.edf|000899,hjorth_mobility,0.25987148284912109,0.25987148284912109,0,True
chb02,chb02_19.edf,chb02|chb02_19.edf|000899,hjorth_complexity,1.7412319183349609,1.7412319183349609,0,True
chb02,chb02_19.edf,chb02|chb02_19.edf|000899,line_length,0.010050836950540543,0.010050836950540543,0,True
chb02,chb02_19.edf,chb02|chb02_19.edf|000899,rms_amplitude,3.7824847822776064e-05,3.7824847822776064e-05,0,True
chb02,chb02_19.edf,chb02|chb02_19.edf|000899,variance,1.6777849110027887e-09,1.6777849110027887e-09,0,True
chb02,chb02_19.edf,chb02|chb02_19.edf|000899,zero_crossing_rate,0.13614169034090909,0.13614169034090909,0,True
chb02,chb02_19.edf,chb02|chb02_19.edf|000899,skewness,-0.076125400648875671,-0.076125400648875671,0,True
chb02,chb02_19.edf,chb02|chb02_19.edf|000899,kurtosis,3.5824401378631592,3.5824401378631592,0,True
chb02,chb02_19.edf,chb02|chb02_19.edf|001798,bp_delta,2.2930986820553852e-09,2.2930986820553852e-09,0,True
chb02,chb02_19.edf,chb02|chb02_19.edf|001798,rel_bp_delta,0.32977448124165448,0.32977448124165448,0,True
chb02,chb02_19.edf,chb02|chb02_19.edf|001798,bp_theta,3.2542464658924015e-10,3.2542464658924015e-10,0,True
chb02,chb02_19.edf,chb02|chb02_19.edf|001798,rel_bp_theta,0.077352101178859725,0.077352101178859725,0,True
chb02,chb02_19.edf,chb02|chb02_19.edf|001798,bp_alpha,1.4527005347351324e-10,1.4527005347351324e-10,0,True
chb02,chb02_19.edf,chb02|chb02_19.edf|001798,rel_bp_alpha,0.032990635795577324,0.032990635795577324,0,True
chb02,chb02_19.edf,chb02|chb02_19.edf|001798,bp_beta,5.0809998033099534e-10,5.0809998033099534e-10,0,True
chb02,chb02_19.edf,chb02|chb02_19.edf|001798,rel_bp_beta,0.097041541562934416,0.097041541562934416,0,True
chb02,chb02_19.edf,chb02|chb02_19.edf|001798,bp_gamma,3.0233450387989833e-10,3.0233450387989833e-10,0,True
chb02,chb02_19.edf,chb02|chb02_19.edf|001798,rel_bp_gamma,0.087675571288327814,0.087675571288327814,0,True
chb02,chb02_19.edf,chb02|chb02_19.edf|001798,spectral_entropy,3.0928611755371094,3.0928611755371094,0,True
chb02,chb02_19.edf,chb02|chb02_19.edf|001798,hjorth_activity,6.4969953861293561e-09,6.4969953861293561e-09,0,True
chb02,chb02_19.edf,chb02|chb02_19.edf|001798,hjorth_mobility,0.33321034908294678,0.33321034908294678,0,True
chb02,chb02_19.edf,chb02|chb02_19.edf|001798,hjorth_complexity,2.2387752532958984,2.2387752532958984,0,True
chb02,chb02_19.edf,chb02|chb02_19.edf|001798,line_length,0.01339055597782135,0.01339055597782135,0,True
chb02,chb02_19.edf,chb02|chb02_19.edf|001798,rms_amplitude,6.3187813793774694e-05,6.3187813793774694e-05,0,True
chb02,chb02_19.edf,chb02|chb02_19.edf|001798,variance,6.4969953861293561e-09,6.4969953861293561e-09,0,True
chb02,chb02_19.edf,chb02|chb02_19.edf|001798,zero_crossing_rate,0.12420099431818182,0.12420099431818182,0,True
chb02,chb02_19.edf,chb02|chb02_19.edf|001798,skewness,0.30397327210415492,0.30397327210415492,0,True
chb02,chb02_19.edf,chb02|chb02_19.edf|001798,kurtosis,3.641911506652832,3.641911506652832,0,True
chb02,chb02_20.edf,chb02|chb02_20.edf|000000,bp_delta,5.2484358368192809e-10,5.2484358368192809e-10,0,True
chb02,chb02_20.edf,chb02|chb02_20.edf|000000,rel_bp_delta,0.24708687214291289,0.24708687214291289,0,True
chb02,chb02_20.edf,chb02|chb02_20.edf|000000,bp_theta,1.6377628447703467e-10,1.6377628447703467e-10,0,True
chb02,chb02_20.edf,chb02|chb02_20.edf|000000,rel_bp_theta,0.083523226114341903,0.083523226114341903,0,True
chb02,chb02_20.edf,chb02|chb02_20.edf|000000,bp_alpha,6.612017090135715e-11,6.612017090135715e-11,0,True
chb02,chb02_20.edf,chb02|chb02_20.edf|000000,rel_bp_alpha,0.037709853210851213,0.037709853210851213,0,True
chb02,chb02_20.edf,chb02|chb02_20.edf|000000,bp_beta,6.4137082799358813e-11,6.4137082799358813e-11,0,True
chb02,chb02_20.edf,chb02|chb02_20.edf|000000,rel_bp_beta,0.034130076187234931,0.034130076187234931,0,True
chb02,chb02_20.edf,chb02|chb02_20.edf|000000,bp_gamma,4.5281366974887092e-11,4.5281366974887092e-11,0,True
chb02,chb02_20.edf,chb02|chb02_20.edf|000000,rel_bp_gamma,0.02260719658827065,0.02260719658827065,0,True
chb02,chb02_20.edf,chb02|chb02_20.edf|000000,spectral_entropy,2.1768689155578613,2.1768689155578613,0,True
chb02,chb02_20.edf,chb02|chb02_20.edf|000000,hjorth_activity,1.2410388272598993e-09,1.2410388272598993e-09,0,True
chb02,chb02_20.edf,chb02|chb02_20.edf|000000,hjorth_mobility,0.21400284767150879,0.21400284767150879,0,True
chb02,chb02_20.edf,chb02|chb02_20.edf|000000,hjorth_complexity,1.623640775680542,1.623640775680542,0,True
chb02,chb02_20.edf,chb02|chb02_20.edf|000000,line_length,0.0078094345517456532,0.0078094345517456532,0,True
chb02,chb02_20.edf,chb02|chb02_20.edf|000000,rms_amplitude,3.3438336686231196e-05,3.3438336686231196e-05,0,True
chb02,chb02_20.edf,chb02|chb02_20.edf|000000,variance,1.2410388272598993e-09,1.2410388272598993e-09,0,True
chb02,chb02_20.edf,chb02|chb02_20.edf|000000,zero_crossing_rate,0.11186079545454546,0.11186079545454546,0,True
chb02,chb02_20.edf,chb02|chb02_20.edf|000000,skewness,0.26060802311721171,0.26060802311721171,0,True
chb02,chb02_20.edf,chb02|chb02_20.edf|000000,kurtosis,1.7314217090606689,1.7314217090606689,0,True
chb02,chb02_20.edf,chb02|chb02_20.edf|000899,bp_delta,1.8527470088428285e-10,1.8527470088428285e-10,0,True
chb02,chb02_20.edf,chb02|chb02_20.edf|000899,rel_bp_delta,0.11521876065560471,0.11521876065560471,0,True
chb02,chb02_20.edf,chb02|chb02_20.edf|000899,bp_theta,1.4310999956496727e-10,1.4310999956496727e-10,0,True
chb02,chb02_20.edf,chb02|chb02_20.edf|000899,rel_bp_theta,0.089914995712877185,0.089914995712877185,0,True
chb02,chb02_20.edf,chb02|chb02_20.edf|000899,bp_alpha,9.0497956203119828e-11,9.0497956203119828e-11,0,True
chb02,chb02_20.edf,chb02|chb02_20.edf|000899,rel_bp_alpha,0.057181759027249528,0.057181759027249528,0,True
chb02,chb02_20.edf,chb02|chb02_20.edf|000899,bp_beta,9.4724532764534931e-11,9.4724532764534931e-11,0,True
chb02,chb02_20.edf,chb02|chb02_20.edf|000899,rel_bp_beta,0.058617959857354449,0.058617959857354449,0,True
chb02,chb02_20.edf,chb02|chb02_20.edf|000899,bp_gamma,4.5525378917897217e-11,4.5525378917897217e-11,0,True
chb02,chb02_20.edf,chb02|chb02_20.edf|000899,rel_bp_gamma,0.028261734269848567,0.028261734269848567,0,True
chb02,chb02_20.edf,chb02|chb02_20.edf|000899,spectral_entropy,2.1821191310882568,2.1821191310882568,0,True
chb02,chb02_20.edf,chb02|chb02_20.edf|000899,hjorth_activity,6.5685362704570593e-10,6.5685362704570593e-10,0,True
chb02,chb02_20.edf,chb02|chb02_20.edf|000899,hjorth_mobility,0.23403738439083099,0.23403738439083099,0,True
chb02,chb02_20.edf,chb02|chb02_20.edf|000899,hjorth_complexity,1.385741114616394,1.385741114616394,0,True
chb02,chb02_20.edf,chb02|chb02_20.edf|000899,line_length,0.0077348784543573856,0.0077348784543573856,0,True
chb02,chb02_20.edf,chb02|chb02_20.edf|000899,rms_amplitude,2.5264207579311915e-05,2.5264207579311915e-05,0,True
chb02,chb02_20.edf,chb02|chb02_20.edf|000899,variance,6.5685362704570593e-10,6.5685362704570593e-10,0,True
chb02,chb02_20.edf,chb02|chb02_20.edf|000899,zero_crossing_rate,0.12064985795454546,0.12064985795454546,0,True
chb02,chb02_20.edf,chb02|chb02_20.edf|000899,skewness,-0.022215271834284067,-0.022215271834284067,0,True
chb02,chb02_20.edf,chb02|chb02_20.edf|000899,kurtosis,0.082805916666984558,0.082805916666984558,0,True
chb02,chb02_20.edf,chb02|chb02_20.edf|001798,bp_delta,8.7477130977660477e-09,8.7477130977660477e-09,0,True
chb02,chb02_20.edf,chb02|chb02_20.edf|001798,rel_bp_delta,0.42784966534585783,0.42784966534585783,0,True
chb02,chb02_20.edf,chb02|chb02_20.edf|001798,bp_theta,2.4809909259591238e-09,2.4809909259591238e-09,0,True
chb02,chb02_20.edf,chb02|chb02_20.edf|001798,rel_bp_theta,0.11790976382248246,0.11790976382248246,0,True
chb02,chb02_20.edf,chb02|chb02_20.edf|001798,bp_alpha,4.8746567071309495e-10,4.8746567071309495e-10,0,True
chb02,chb02_20.edf,chb02|chb02_20.edf|001798,rel_bp_alpha,0.046557091528303292,0.046557091528303292,0,True
chb02,chb02_20.edf,chb02|chb02_20.edf|001798,bp_beta,4.8011326116917353e-10,4.8011326116917353e-10,0,True
chb02,chb02_20.edf,chb02|chb02_20.edf|001798,rel_bp_beta,0.086371012951883,0.086371012951883,0,True
chb02,chb02_20.edf,chb02|chb02_20.edf|001798,bp_gamma,3.0374809630622965e-10,3.0374809630622965e-10,0,True
chb02,chb02_20.edf,chb02|chb02_20.edf|001798,rel_bp_gamma,0.07115895391663575,0.07115895391663575,0,True
chb02,chb02_20.edf,chb02|chb02_20.edf|001798,spectral_entropy,3.2334115505218506,3.2334115505218506,0,True
chb02,chb02_20.edf,chb02|chb02_20.edf|001798,hjorth_activity,1.5940422315452452e-08,1.5940422315452452e-08,0,True
chb02,chb02_20.edf,chb02|chb02_20.edf|001798,hjorth_mobility,0.30763104557991028,0.30763104557991028,0,True
chb02,chb02_20.edf,chb02|chb02_20.edf|001798,hjorth_complexity,2.7270057201385498,2.7270057201385498,0,True
chb02,chb02_20.edf,chb02|chb02_20.edf|001798,line_length,0.017681483179330826,0.017681483179330826,0,True
chb02,chb02_20.edf,chb02|chb02_20.edf|001798,rms_amplitude,9.8018354037776589e-05,9.8018354037776589e-05,0,True
chb02,chb02_20.edf,chb02|chb02_20.edf|001798,variance,1.5940422315452452e-08,1.5940422315452452e-08,0,True
chb02,chb02_20.edf,chb02|chb02_20.edf|001798,zero_crossing_rate,0.099343039772727279,0.099343039772727279,0,True
chb02,chb02_20.edf,chb02|chb02_20.edf|001798,skewness,0.21583334089849482,0.21583334089849482,0,True
chb02,chb02_20.edf,chb02|chb02_20.edf|001798,kurtosis,1.3728847503662109,1.3728847503662109,0,True
chb02,chb02_21.edf,chb02|chb02_21.edf|000000,bp_delta,6.3897005587504833e-09,6.3897005587504833e-09,0,True
chb02,chb02_21.edf,chb02|chb02_21.edf|000000,rel_bp_delta,0.42866278124024243,0.42866278124024243,0,True
chb02,chb02_21.edf,chb02|chb02_21.edf|000000,bp_theta,1.8614909540414074e-09,1.8614909540414074e-09,0,True
chb02,chb02_21.edf,chb02|chb02_21.edf|000000,rel_bp_theta,0.1322472154160704,0.1322472154160704,0,True
chb02,chb02_21.edf,chb02|chb02_21.edf|000000,bp_alpha,8.2064720505992366e-10,8.2064720505992366e-10,0,True
chb02,chb02_21.edf,chb02|chb02_21.edf|000000,rel_bp_alpha,0.045492230976199581,0.045492230976199581,0,True
chb02,chb02_21.edf,chb02|chb02_21.edf|000000,bp_beta,8.3107910127247118e-10,8.3107910127247118e-10,0,True
chb02,chb02_21.edf,chb02|chb02_21.edf|000000,rel_bp_beta,0.075975566026458038,0.075975566026458038,0,True
chb02,chb02_21.edf,chb02|chb02_21.edf|000000,bp_gamma,4.0965447888231446e-10,4.0965447888231446e-10,0,True
chb02,chb02_21.edf,chb02|chb02_21.edf|000000,rel_bp_gamma,0.05643636585984068,0.05643636585984068,0,True
chb02,chb02_21.edf,chb02|chb02_21.edf|000000,spectral_entropy,3.2857840061187744,3.2857840061187744,0,True
chb02,chb02_21.edf,chb02|chb02_21.edf|000000,hjorth_activity,1.4117278901437658e-08,1.4117278901437658e-08,0,True
chb02,chb02_21.edf,chb02|chb02_21.edf|000000,hjorth_mobility,0.30630630254745483,0.30630630254745483,0,True
chb02,chb02_21.edf,chb02|chb02_21.edf|000000,hjorth_complexity,2.5018148422241211,2.5018148422241211,0,True
chb02,chb02_21.edf,chb02|chb02_21.edf|000000,line_length,0.016141794621944427,0.016141794621944427,0,True
chb02,chb02_21.edf,chb02|chb02_21.edf|000000,rms_amplitude,9.3242029834073037e-05,9.3242029834073037e-05,0,True
chb02,chb02_21.edf,chb02|chb02_21.edf|000000,variance,1.4117278901437658e-08,1.4117278901437658e-08,0,True
chb02,chb02_21.edf,chb02|chb02_21.edf|000000,zero_crossing_rate,0.10427024147727272,0.10427024147727272,0,True
chb02,chb02_21.edf,chb02|chb02_21.edf|000000,skewness,0.17497980391437357,0.17497980391437357,0,True
chb02,chb02_21.edf,chb02|chb02_21.edf|000000,kurtosis,2.9975106716156006,2.9975106716156006,0,True
chb02,chb02_21.edf,chb02|chb02_21.edf|000899,bp_delta,3.7312485720302564e-10,3.7312485720302564e-10,0,True
chb02,chb02_21.edf,chb02|chb02_21.edf|000899,rel_bp_delta,0.17369717274833835,0.17369717274833835,0,True
chb02,chb02_21.edf,chb02|chb02_21.edf|000899,bp_theta,1.3330609550643707e-10,1.3330609550643707e-10,0,True
chb02,chb02_21.edf,chb02|chb02_21.edf|000899,rel_bp_theta,0.067672836263817163,0.067672836263817163,0,True
chb02,chb02_21.edf,chb02|chb02_21.edf|000899,bp_alpha,6.5868629906095573e-11,6.5868629906095573e-11,0,True
chb02,chb02_21.edf,chb02|chb02_21.edf|000899,rel_bp_alpha,0.032421056059960561,0.032421056059960561,0,True
chb02,chb02_21.edf,chb02|chb02_21.edf|000899,bp_beta,2.5400577403845179e-10,2.5400577403845179e-10,0,True
chb02,chb02_21.edf,chb02|chb02_21.edf|000899,rel_bp_beta,0.090922955706813843,0.090922955706813843,0,True
chb02,chb02_21.edf,chb02|chb02_21.edf|000899,bp_gamma,2.3253142829871045e-10,2.3253142829871045e-10,0,True
chb02,chb02_21.edf,chb02|chb02_21.edf|000899,rel_bp_gamma,0.077760499189283669,0.077760499189283669,0,True
chb02,chb02_21.edf,chb02|chb02_21.edf|000899,spectral_entropy,2.5243380069732666,2.5243380069732666,0,True
chb02,chb02_21.edf,chb02|chb02_21.edf|000899,hjorth_activity,1.2675485105972939e-09,1.2675485105972939e-09,0,True
chb02,chb02_21.edf,chb02|chb02_21.edf|000899,hjorth_mobility,0.28323054313659668,0.28323054313659668,0,True
chb02,chb02_21.edf,chb02|chb02_21.edf|000899,hjorth_complexity,1.4144319295883179,1.4144319295883179,0,True
chb02,chb02_21.edf,chb02|chb02_21.edf|000899,line_length,0.011859127320349216,0.011859127320349216,0,True
chb02,chb02_21.edf,chb02|chb02_21.edf|000899,rms_amplitude,3.3255346352234483e-05,3.3255346352234483e-05,0,True
chb02,chb02_21.edf,chb02|chb02_21.edf|000899,variance,1.2675485105972939e-09,1.2675485105972939e-09,0,True
chb02,chb02_21.edf,chb02|chb02_21.edf|000899,zero_crossing_rate,0.12233664772727272,0.12233664772727272,0,True
chb02,chb02_21.edf,chb02|chb02_21.edf|000899,skewness,0.029168443965979597,0.029168443965979597,0,True
chb02,chb02_21.edf,chb02|chb02_21.edf|000899,kurtosis,-0.049178503453731537,-0.049178503453731537,0,True
chb02,chb02_21.edf,chb02|chb02_21.edf|001798,bp_delta,4.4001096957932163e-10,4.4001096957932163e-10,0,True
chb02,chb02_21.edf,chb02|chb02_21.edf|001798,rel_bp_delta,0.21064668747611739,0.21064668747611739,0,True
chb02,chb02_21.edf,chb02|chb02_21.edf|001798,bp_theta,1.5286673185968547e-10,1.5286673185968547e-10,0,True
chb02,chb02_21.edf,chb02|chb02_21.edf|001798,rel_bp_theta,0.090460583567143579,0.090460583567143579,0,True
chb02,chb02_21.edf,chb02|chb02_21.edf|001798,bp_alpha,5.1601220228948951e-11,5.1601220228948951e-11,0,True
chb02,chb02_21.edf,chb02|chb02_21.edf|001798,rel_bp_alpha,0.032821421092920335,0.032821421092920335,0,True
chb02,chb02_21.edf,chb02|chb02_21.edf|001798,bp_beta,3.6473582806202618e-11,3.6473582806202618e-11,0,True
chb02,chb02_21.edf,chb02|chb02_21.edf|001798,rel_bp_beta,0.019204165363717992,0.019204165363717992,0,True
chb02,chb02_21.edf,chb02|chb02_21.edf|001798,bp_gamma,2.2227130257993721e-11,2.2227130257993721e-11,0,True
chb02,chb02_21.edf,chb02|chb02_21.edf|001798,rel_bp_gamma,0.010522107997108178,0.010522107997108178,0,True
chb02,chb02_21.edf,chb02|chb02_21.edf|001798,spectral_entropy,1.8991249799728394,1.8991249799728394,0,True
chb02,chb02_21.edf,chb02|chb02_21.edf|001798,hjorth_activity,7.619584407869695e-10,7.619584407869695e-10,0,True
chb02,chb02_21.edf,chb02|chb02_21.edf|001798,hjorth_mobility,0.17002025246620178,0.17002025246620178,0,True
chb02,chb02_21.edf,chb02|chb02_21.edf|001798,hjorth_complexity,1.4876563549041748,1.4876563549041748,0,True
chb02,chb02_21.edf,chb02|chb02_21.edf|001798,line_length,0.0059036253951489925,0.0059036253951489925,0,True
chb02,chb02_21.edf,chb02|chb02_21.edf|001798,rms_amplitude,2.6169802367803641e-05,2.6169802367803641e-05,0,True
chb02,chb02_21.edf,chb02|chb02_21.edf|001798,variance,7.619584407869695e-10,7.619584407869695e-10,0,True
chb02,chb02_21.edf,chb02|chb02_21.edf|001798,zero_crossing_rate,0.10262784090909091,0.10262784090909091,0,True
chb02,chb02_21.edf,chb02|chb02_21.edf|001798,skewness,0.55177293074401945,0.55177293074401945,0,True
chb02,chb02_21.edf,chb02|chb02_21.edf|001798,kurtosis,2.3640897274017334,2.3640897274017334,0,True
chb03,chb03_01.edf,chb03|chb03_01.edf|000000,bp_delta,8.2342134999476325e-11,8.2342134999476325e-11,0,True
chb03,chb03_01.edf,chb03|chb03_01.edf|000000,rel_bp_delta,0.064783199421782553,0.064783199421782553,0,True
chb03,chb03_01.edf,chb03|chb03_01.edf|000000,bp_theta,1.1841616667855793e-11,1.1841616667855793e-11,0,True
chb03,chb03_01.edf,chb03|chb03_01.edf|000000,rel_bp_theta,0.01061621599054614,0.01061621599054614,0,True
chb03,chb03_01.edf,chb03|chb03_01.edf|000000,bp_alpha,1.0862152779289749e-11,1.0862152779289749e-11,0,True
chb03,chb03_01.edf,chb03|chb03_01.edf|000000,rel_bp_alpha,0.010098068593270408,0.010098068593270408,0,True
chb03,chb03_01.edf,chb03|chb03_01.edf|000000,bp_beta,6.6577869482590367e-12,6.6577869482590367e-12,0,True
chb03,chb03_01.edf,chb03|chb03_01.edf|000000,rel_bp_beta,0.0059889558429618737,0.0059889558429618737,0,True
chb03,chb03_01.edf,chb03|chb03_01.edf|000000,bp_gamma,3.2697814141613044e-12,3.2697814141613044e-12,0,True
chb03,chb03_01.edf,chb03|chb03_01.edf|000000,rel_bp_gamma,0.0028411110822164592,0.0028411110822164592,0,True
chb03,chb03_01.edf,chb03|chb03_01.edf|000000,spectral_entropy,0.65974551439285278,0.65974551439285278,0,True
chb03,chb03_01.edf,chb03|chb03_01.edf|000000,hjorth_activity,2.3632107382098866e-10,2.3632107382098866e-10,0,True
chb03,chb03_01.edf,chb03|chb03_01.edf|000000,hjorth_mobility,0.089824482798576355,0.089824482798576355,0,True
chb03,chb03_01.edf,chb03|chb03_01.edf|000000,hjorth_complexity,1.2701741456985474,1.2701741456985474,0,True
chb03,chb03_01.edf,chb03|chb03_01.edf|000000,line_length,0.0024689445272088051,0.0024689445272088051,0,True
chb03,chb03_01.edf,chb03|chb03_01.edf|000000,rms_amplitude,1.3120044059178326e-05,1.3120044059178326e-05,0,True
chb03,chb03_01.edf,chb03|chb03_01.edf|000000,variance,2.3632107382098866e-10,2.3632107382098866e-10,0,True
chb03,chb03_01.edf,chb03|chb03_01.edf|000000,zero_crossing_rate,0.094371448863636367,0.094371448863636367,0,True
chb03,chb03_01.edf,chb03|chb03_01.edf|000000,skewness,-0.0058356128971685066,-0.0058356128971685066,0,True
chb03,chb03_01.edf,chb03|chb03_01.edf|000000,kurtosis,0.56514817476272583,0.56514817476272583,0,True
chb03,chb03_01.edf,chb03|chb03_01.edf|000899,bp_delta,3.8085218651448793e-10,3.8085218651448793e-10,0,True
chb03,chb03_01.edf,chb03|chb03_01.edf|000899,rel_bp_delta,0.14708225909823283,0.14708225909823283,0,True
chb03,chb03_01.edf,chb03|chb03_01.edf|000899,bp_theta,5.0442369743857191e-11,5.0442369743857191e-11,0,True
chb03,chb03_01.edf,chb03|chb03_01.edf|000899,rel_bp_theta,0.022692616798821303,0.022692616798821303,0,True
chb03,chb03_01.edf,chb03|chb03_01.edf|000899,bp_alpha,1.6567101802835577e-11,1.6567101802835577e-11,0,True
chb03,chb03_01.edf,chb03|chb03_01.edf|000899,rel_bp_alpha,0.012907795998338479,0.012907795998338479,0,True
chb03,chb03_01.edf,chb03|chb03_01.edf|000899,bp_beta,5.6009576799222926e-11,5.6009576799222926e-11,0,True
chb03,chb03_01.edf,chb03|chb03_01.edf|000899,rel_bp_beta,0.034661359373844076,0.034661359373844076,0,True
chb03,chb03_01.edf,chb03|chb03_01.edf|000899,bp_gamma,5.8915814993022844e-11,5.8915814993022844e-11,0,True
chb03,chb03_01.edf,chb03|chb03_01.edf|000899,rel_bp_gamma,0.03561230166601273,0.03561230166601273,0,True
chb03,chb03_01.edf,chb03|chb03_01.edf|000899,spectral_entropy,1.4930605888366699,1.4930605888366699,0,True
chb03,chb03_01.edf,chb03|chb03_01.edf|000899,hjorth_activity,8.7653906355456002e-10,8.7653906355456002e-10,0,True
chb03,chb03_01.edf,chb03|chb03_01.edf|000899,hjorth_mobility,0.23714490234851837,0.23714490234851837,0,True
chb03,chb03_01.edf,chb03|chb03_01.edf|000899,hjorth_complexity,1.6148991584777832,1.6148991584777832,0,True
chb03,chb03_01.edf,chb03|chb03_01.edf|000899,line_length,0.0080195358023047447,0.0080195358023047447,0,True
chb03,chb03_01.edf,chb03|chb03_01.edf|000899,rms_amplitude,2.3481052267015912e-05,2.3481052267015912e-05,0,True
chb03,chb03_01.edf,chb03|chb03_01.edf|000899,variance,8.7653906355456002e-10,8.7653906355456002e-10,0,True
chb03,chb03_01.edf,chb03|chb03_01.edf|000899,zero_crossing_rate,0.19611150568181818,0.19611150568181818,0,True
chb03,chb03_01.edf,chb03|chb03_01.edf|000899,skewness,0.62070414536124607,0.62070414536124607,0,True
chb03,chb03_01.edf,chb03|chb03_01.edf|000899,kurtosis,2.0069618225097656,2.0069618225097656,0,True
chb03,chb03_01.edf,chb03|chb03_01.edf|001798,bp_delta,7.6686947235890789e-11,7.6686947235890789e-11,0,True
chb03,chb03_01.edf,chb03|chb03_01.edf|001798,rel_bp_delta,0.065620812944096621,0.065620812944096621,0,True
chb03,chb03_01.edf,chb03|chb03_01.edf|001798,bp_theta,3.1677724664706241e-11,3.1677724664706241e-11,0,True
chb03,chb03_01.edf,chb03|chb03_01.edf|001798,rel_bp_theta,0.027472406681143383,0.027472406681143383,0,True
chb03,chb03_01.edf,chb03|chb03_01.edf|001798,bp_alpha,1.7498833022987972e-11,1.7498833022987972e-11,0,True
chb03,chb03_01.edf,chb03|chb03_01.edf|001798,rel_bp_alpha,0.01496612395518781,0.01496612395518781,0,True
chb03,chb03_01.edf,chb03|chb03_01.edf|001798,bp_beta,1.1537664330221012e-11,1.1537664330221012e-11,0,True
chb03,chb03_01.edf,chb03|chb03_01.edf|001798,rel_bp_beta,0.0098321299429048898,0.0098321299429048898,0,True
chb03,chb03_01.edf,chb03|chb03_01.edf|001798,bp_gamma,1.5041278690640436e-12,1.5041278690640436e-12,0,True
chb03,chb03_01.edf,chb03|chb03_01.edf|001798,rel_bp_gamma,0.0013182566663665627,0.0013182566663665627,0,True
chb03,chb03_01.edf,chb03|chb03_01.edf|001798,spectral_entropy,0.86953812837600708,0.86953812837600708,0,True
chb03,chb03_01.edf,chb03|chb03_01.edf|001798,hjorth_activity,1.7307809352384851e-10,1.7307809352384851e-10,0,True
chb03,chb03_01.edf,chb03|chb03_01.edf|001798,hjorth_mobility,0.090550117194652557,0.090550117194652557,0,True
chb03,chb03_01.edf,chb03|chb03_01.edf|001798,hjorth_complexity,1.1673849821090698,1.1673849821090698,0,True
chb03,chb03_01.edf,chb03|chb03_01.edf|001798,line_length,0.0025384572800248861,0.0025384572800248861,0,True
chb03,chb03_01.edf,chb03|chb03_01.edf|001798,rms_amplitude,1.3263473192637321e-05,1.3263473192637321e-05,0,True
chb03,chb03_01.edf,chb03|chb03_01.edf|001798,variance,1.7307809352384851e-10,1.7307809352384851e-10,0,True
chb03,chb03_01.edf,chb03|chb03_01.edf|001798,zero_crossing_rate,0.080388849431818177,0.080388849431818177,0,True
chb03,chb03_01.edf,chb03|chb03_01.edf|001798,skewness,-0.038250377232378181,-0.038250377232378181,0,True
chb03,chb03_01.edf,chb03|chb03_01.edf|001798,kurtosis,0.5636516809463501,0.5636516809463501,0,True
chb03,chb03_02.edf,chb03|chb03_02.edf|000000,bp_delta,1.8563365822414507e-10,1.8563365822414507e-10,0,True
chb03,chb03_02.edf,chb03|chb03_02.edf|000000,rel_bp_delta,0.12808768875001786,0.12808768875001786,0,True
chb03,chb03_02.edf,chb03|chb03_02.edf|000000,bp_theta,8.8039062713415247e-11,8.8039062713415247e-11,0,True
chb03,chb03_02.edf,chb03|chb03_02.edf|000000,rel_bp_theta,0.06128000742150342,0.06128000742150342,0,True
chb03,chb03_02.edf,chb03|chb03_02.edf|000000,bp_alpha,4.1887876463269306e-11,4.1887876463269306e-11,0,True
chb03,chb03_02.edf,chb03|chb03_02.edf|000000,rel_bp_alpha,0.029582615652145539,0.029582615652145539,0,True
chb03,chb03_02.edf,chb03|chb03_02.edf|000000,bp_beta,1.8531776356467479e-11,1.8531776356467479e-11,0,True
chb03,chb03_02.edf,chb03|chb03_02.edf|000000,rel_bp_beta,0.013075039916929359,0.013075039916929359,0,True
chb03,chb03_02.edf,chb03|chb03_02.edf|000000,bp_gamma,1.6054396042461732e-12,1.6054396042461732e-12,0,True
chb03,chb03_02.edf,chb03|chb03_02.edf|000000,rel_bp_gamma,0.0012268983778863881,0.0012268983778863881,0,True
chb03,chb03_02.edf,chb03|chb03_02.edf|000000,spectral_entropy,1.381467342376709,1.381467342376709,0,True
chb03,chb03_02.edf,chb03|chb03_02.edf|000000,hjorth_activity,3.9792122374926464e-10,3.9792122374926464e-10,0,True
chb03,chb03_02.edf,chb03|chb03_02.edf|000000,hjorth_mobility,0.10457436740398407,0.10457436740398407,0,True
chb03,chb03_02.edf,chb03|chb03_02.edf|000000,hjorth_complexity,1.1585527658462524,1.1585527658462524,0,True
chb03,chb03_02.edf,chb03|chb03_02.edf|000000,line_length,0.0029529049061238766,0.0029529049061238766,0,True
chb03,chb03_02.edf,chb03|chb03_02.edf|000000,rms_amplitude,1.9016899386770092e-05,1.9016899386770092e-05,0,True
chb03,chb03_02.edf,chb03|chb03_02.edf|000000,variance,3.9792122374926464e-10,3.9792122374926464e-10,0,True
chb03,chb03_02.edf,chb03|chb03_02.edf|000000,zero_crossing_rate,0.068314985795454544,0.068314985795454544,0,True
chb03,chb03_02.edf,chb03|chb03_02.edf|000000,skewness,0.081164914775978439,0.081164914775978439,0,True
chb03,chb03_02.edf,chb03|chb03_02.edf|000000,kurtosis,1.3693228960037231,1.3693228960037231,0,True
chb03,chb03_02.edf,chb03|chb03_02.edf|000899,bp_delta,5.5484794000465968e-11,5.5484794000465968e-11,0,True
chb03,chb03_02.edf,chb03|chb03_02.edf|000899,rel_bp_delta,0.050614786905557159,0.050614786905557159,0,True
chb03,chb03_02.edf,chb03|chb03_02.edf|000899,bp_theta,1.4853705061626153e-11,1.4853705061626153e-11,0,True
chb03,chb03_02.edf,chb03|chb03_02.edf|000899,rel_bp_theta,0.013613990245706737,0.013613990245706737,0,True
chb03,chb03_02.edf,chb03|chb03_02.edf|000899,bp_alpha,3.9621435331128646e-12,3.9621435331128646e-12,0,True
chb03,chb03_02.edf,chb03|chb03_02.edf|000899,rel_bp_alpha,0.0036690924765276993,0.0036690924765276993,0,True
chb03,chb03_02.edf,chb03|chb03_02.edf|000899,bp_beta,3.8938023327099469e-12,3.8938023327099469e-12,0,True
chb03,chb03_02.edf,chb03|chb03_02.edf|000899,rel_bp_beta,0.003596387352112844,0.003596387352112844,0,True
chb03,chb03_02.edf,chb03|chb03_02.edf|000899,bp_gamma,1.6140031353720045e-12,1.6140031353720045e-12,0,True
chb03,chb03_02.edf,chb03|chb03_02.edf|000899,rel_bp_gamma,0.0014954684334061369,0.0014954684334061369,0,True
chb03,chb03_02.edf,chb03|chb03_02.edf|000899,spectral_entropy,0.60098648071289062,0.60098648071289062,0,True
chb03,chb03_02.edf,chb03|chb03_02.edf|000899,hjorth_activity,1.2959473771889662e-10,1.2959473771889662e-10,0,True
chb03,chb03_02.edf,chb03|chb03_02.edf|000899,hjorth_mobility,0.0805482417345047,0.0805482417345047,0,True
chb03,chb03_02.edf,chb03|chb03_02.edf|000899,hjorth_complexity,1.3481457233428955,1.3481457233428955,0,True
chb03,chb03_02.edf,chb03|chb03_02.edf|000899,line_length,0.0022469796240329742,0.0022469796240329742,0,True
chb03,chb03_02.edf,chb03|chb03_02.edf|000899,rms_amplitude,1.0960705367324408e-05,1.0960705367324408e-05,0,True
chb03,chb03_02.edf,chb03|chb03_02.edf|000899,variance,1.2959473771889662e-10,1.2959473771889662e-10,0,True
chb03,chb03_02.edf,chb03|chb03_02.edf|000899,zero_crossing_rate,0.085094105113636367,0.085094105113636367,0,True
chb03,chb03_02.edf,chb03|chb03_02.edf|000899,skewness,-0.061727810587564651,-0.061727810587564651,0,True
chb03,chb03_02.edf,chb03|chb03_02.edf|000899,kurtosis,0.3454553484916687,0.3454553484916687,0,True
chb03,chb03_02.edf,chb03|chb03_02.edf|001798,bp_delta,3.6099932867827473e-10,3.6099932867827473e-10,0,True
chb03,chb03_02.edf,chb03|chb03_02.edf|001798,rel_bp_delta,0.18199280120518624,0.18199280120518624,0,True
chb03,chb03_02.edf,chb03|chb03_02.edf|001798,bp_theta,3.9166017557668587e-11,3.9166017557668587e-11,0,True
chb03,chb03_02.edf,chb03|chb03_02.edf|001798,rel_bp_theta,0.022831357334757437,0.022831357334757437,0,True
chb03,chb03_02.edf,chb03|chb03_02.edf|001798,bp_alpha,1.9850572584443161e-11,1.9850572584443161e-11,0,True
chb03,chb03_02.edf,chb03|chb03_02.edf|001798,rel_bp_alpha,0.011705920557628556,0.011705920557628556,0,True
chb03,chb03_02.edf,chb03|chb03_02.edf|001798,bp_beta,8.9511837512420273e-11,8.9511837512420273e-11,0,True
chb03,chb03_02.edf,chb03|chb03_02.edf|001798,rel_bp_beta,0.045564911827679855,0.045564911827679855,0,True
chb03,chb03_02.edf,chb03|chb03_02.edf|001798,bp_gamma,8.7993505885679832e-11,8.7993505885679832e-11,0,True
chb03,chb03_02.edf,chb03|chb03_02.edf|001798,rel_bp_gamma,0.045665078394741633,0.045665078394741633,0,True
chb03,chb03_02.edf,chb03|chb03_02.edf|001798,spectral_entropy,1.8405619859695435,1.8405619859695435,0,True
chb03,chb03_02.edf,chb03|chb03_02.edf|001798,hjorth_activity,1.307019048546465e-09,1.307019048546465e-09,0,True
chb03,chb03_02.edf,chb03|chb03_02.edf|001798,hjorth_mobility,0.27499571442604065,0.27499571442604065,0,True
chb03,chb03_02.edf,chb03|chb03_02.edf|001798,hjorth_complexity,1.8242268562316895,1.8242268562316895,0,True
chb03,chb03_02.edf,chb03|chb03_02.edf|001798,line_length,0.0097365565598011017,0.0097365565598011017,0,True
chb03,chb03_02.edf,chb03|chb03_02.edf|001798,rms_amplitude,3.1328589102486148e-05,3.1328589102486148e-05,0,True
chb03,chb03_02.edf,chb03|chb03_02.edf|001798,variance,1.307019048546465e-09,1.307019048546465e-09,0,True
chb03,chb03_02.edf,chb03|chb03_02.edf|001798,zero_crossing_rate,0.14422052556818182,0.14422052556818182,0,True
chb03,chb03_02.edf,chb03|chb03_02.edf|001798,skewness,0.11148789228702133,0.11148789228702133,0,True
chb03,chb03_02.edf,chb03|chb03_02.edf|001798,kurtosis,1.3174759149551392,1.3174759149551392,0,True
chb03,chb03_03.edf,chb03|chb03_03.edf|000000,bp_delta,5.9741606902951651e-11,5.9741606902951651e-11,0,True
chb03,chb03_03.edf,chb03|chb03_03.edf|000000,rel_bp_delta,0.047818387193090568,0.047818387193090568,0,True
chb03,chb03_03.edf,chb03|chb03_03.edf|000000,bp_theta,2.1404189022317804e-11,2.1404189022317804e-11,0,True
chb03,chb03_03.edf,chb03|chb03_03.edf|000000,rel_bp_theta,0.017469733631802438,0.017469733631802438,0,True
chb03,chb03_03.edf,chb03|chb03_03.edf|000000,bp_alpha,1.2107293438064167e-11,1.2107293438064167e-11,0,True
chb03,chb03_03.edf,chb03|chb03_03.edf|000000,rel_bp_alpha,0.010074126422294849,0.010074126422294849,0,True
chb03,chb03_03.edf,chb03|chb03_03.edf|000000,bp_beta,3.5673352676769335e-11,3.5673352676769335e-11,0,True
chb03,chb03_03.edf,chb03|chb03_03.edf|000000,rel_bp_beta,0.029458219490563861,0.029458219490563861,0,True
chb03,chb03_03.edf,chb03|chb03_03.edf|000000,bp_gamma,3.8391233222468782e-11,3.8391233222468782e-11,0,True
chb03,chb03_03.edf,chb03|chb03_03.edf|000000,rel_bp_gamma,0.0314729621617909,0.0314729621617909,0,True
chb03,chb03_03.edf,chb03|chb03_03.edf|000000,spectral_entropy,1.1625555753707886,1.1625555753707886,0,True
chb03,chb03_03.edf,chb03|chb03_03.edf|000000,hjorth_activity,2.5723240204555964e-10,2.5723240204555964e-10,0,True
chb03,chb03_03.edf,chb03|chb03_03.edf|000000,hjorth_mobility,0.22388029098510742,0.22388029098510742,0,True
chb03,chb03_03.edf,chb03|chb03_03.edf|000000,hjorth_complexity,1.3862141370773315,1.3862141370773315,0,True
chb03,chb03_03.edf,chb03|chb03_03.edf|000000,line_length,0.0063090147450566292,0.0063090147450566292,0,True
chb03,chb03_03.edf,chb03|chb03_03.edf|000000,rms_amplitude,1.4861663657939062e-05,1.4861663657939062e-05,0,True
chb03,chb03_03.edf,chb03|chb03_03.edf|000000,variance,2.5723240204555964e-10,2.5723240204555964e-10,0,True
chb03,chb03_03.edf,chb03|chb03_03.edf|000000,zero_crossing_rate,0.18217329545454544,0.18217329545454544,0,True
chb03,chb03_03.edf,chb03|chb03_03.edf|000000,skewness,0.0057354393330487337,0.0057354393330487337,0,True
chb03,chb03_03.edf,chb03|chb03_03.edf|000000,kurtosis,0.84766995906829834,0.84766995906829834,0,True
chb03,chb03_03.edf,chb03|chb03_03.edf|000899,bp_delta,2.1662411084461238e-09,2.1662411084461238e-09,0,True
chb03,chb03_03.edf,chb03|chb03_03.edf|000899,rel_bp_delta,0.37713401169741145,0.37713401169741145,0,True
chb03,chb03_03.edf,chb03|chb03_03.edf|000899,bp_theta,3.0253717817331748e-10,3.0253717817331748e-10,0,True
chb03,chb03_03.edf,chb03|chb03_03.edf|000899,rel_bp_theta,0.054261061772019101,0.054261061772019101,0,True
chb03,chb03_03.edf,chb03|chb03_03.edf|000899,bp_alpha,6.0044978633998433e-11,6.0044978633998433e-11,0,True
chb03,chb03_03.edf,chb03|chb03_03.edf|000899,rel_bp_alpha,0.014632171028061079,0.014632171028061079,0,True
chb03,chb03_03.edf,chb03|chb03_03.edf|000899,bp_beta,2.9364710066748928e-10,2.9364710066748928e-10,0,True
chb03,chb03_03.edf,chb03|chb03_03.edf|000899,rel_bp_beta,0.07195686734445958,0.07195686734445958,0,True
chb03,chb03_03.edf,chb03|chb03_03.edf|000899,bp_gamma,2.1039826403189559e-10,2.1039826403189559e-10,0,True
chb03,chb03_03.edf,chb03|chb03_03.edf|000899,rel_bp_gamma,0.052573199439789282,0.052573199439789282,0,True
chb03,chb03_03.edf,chb03|chb03_03.edf|000899,spectral_entropy,2.7415125370025635,2.7415125370025635,0,True
chb03,chb03_03.edf,chb03|chb03_03.edf|000899,hjorth_activity,4.5430064155027594e-09,4.5430064155027594e-09,0,True
chb03,chb03_03.edf,chb03|chb03_03.edf|000899,hjorth_mobility,0.36266198754310608,0.36266198754310608,0,True
chb03,chb03_03.edf,chb03|chb03_03.edf|000899,hjorth_complexity,2.4395210742950439,2.4395210742950439,0,True
chb03,chb03_03.edf,chb03|chb03_03.edf|000899,line_length,0.011937910690903664,0.011937910690903664,0,True
chb03,chb03_03.edf,chb03|chb03_03.edf|000899,rms_amplitude,5.854716437170282e-05,5.854716437170282e-05,0,True
chb03,chb03_03.edf,chb03|chb03_03.edf|000899,variance,4.5430064155027594e-09,4.5430064155027594e-09,0,True
chb03,chb03_03.edf,chb03|chb03_03.edf|000899,zero_crossing_rate,0.11709872159090909,0.11709872159090909,0,True
chb03,chb03_03.edf,chb03|chb03_03.edf|000899,skewness,0.71429239704527636,0.71429239704527636,0,True
chb03,chb03_03.edf,chb03|chb03_03.edf|000899,kurtosis,9.3069086074829102,9.3069086074829102,0,True
chb03,chb03_03.edf,chb03|chb03_03.edf|001798,bp_delta,3.1288308427129379e-10,3.1288308427129379e-10,0,True
chb03,chb03_03.edf,chb03|chb03_03.edf|001798,rel_bp_delta,0.12932884129072628,0.12932884129072628,0,True
chb03,chb03_03.edf,chb03|chb03_03.edf|001798,bp_theta,3.074777471233627e-11,3.074777471233627e-11,0,True
chb03,chb03_03.edf,chb03|chb03_03.edf|001798,rel_bp_theta,0.015354918019097542,0.015354918019097542,0,True
chb03,chb03_03.edf,chb03|chb03_03.edf|001798,bp_alpha,6.5000853272272865e-12,6.5000853272272865e-12,0,True
chb03,chb03_03.edf,chb03|chb03_03.edf|001798,rel_bp_alpha,0.0042175690484197231,0.0042175690484197231,0,True
chb03,chb03_03.edf,chb03|chb03_03.edf|001798,bp_beta,7.1302765698354808e-11,7.1302765698354808e-11,0,True
chb03,chb03_03.edf,chb03|chb03_03.edf|001798,rel_bp_beta,0.035483320548137992,0.035483320548137992,0,True
chb03,chb03_03.edf,chb03|chb03_03.edf|001798,bp_gamma,4.5712190277051797e-11,4.5712190277051797e-11,0,True
chb03,chb03_03.edf,chb03|chb03_03.edf|001798,rel_bp_gamma,0.025443542660652782,0.025443542660652782,0,True
chb03,chb03_03.edf,chb03|chb03_03.edf|001798,spectral_entropy,1.2396317720413208,1.2396317720413208,0,True
chb03,chb03_03.edf,chb03|chb03_03.edf|001798,hjorth_activity,4.8175646805148631e-10,4.8175646805148631e-10,0,True
chb03,chb03_03.edf,chb03|chb03_03.edf|001798,hjorth_mobility,0.20897746086120605,0.20897746086120605,0,True
chb03,chb03_03.edf,chb03|chb03_03.edf|001798,hjorth_complexity,1.404083251953125,1.404083251953125,0,True
chb03,chb03_03.edf,chb03|chb03_03.edf|001798,line_length,0.0067740250378847122,0.0067740250378847122,0,True
chb03,chb03_03.edf,chb03|chb03_03.edf|001798,rms_amplitude,1.7271742763114162e-05,1.7271742763114162e-05,0,True
chb03,chb03_03.edf,chb03|chb03_03.edf|001798,variance,4.8175646805148631e-10,4.8175646805148631e-10,0,True
chb03,chb03_03.edf,chb03|chb03_03.edf|001798,zero_crossing_rate,0.19668856534090909,0.19668856534090909,0,True
chb03,chb03_03.edf,chb03|chb03_03.edf|001798,skewness,0.43983467668294907,0.43983467668294907,0,True
chb03,chb03_03.edf,chb03|chb03_03.edf|001798,kurtosis,2.0769209861755371,2.0769209861755371,0,True
chb03,chb03_04.edf,chb03|chb03_04.edf|000000,bp_delta,4.4669968073702345e-10,4.4669968073702345e-10,0,True
chb03,chb03_04.edf,chb03|chb03_04.edf|000000,rel_bp_delta,0.158675843040326,0.158675843040326,0,True
chb03,chb03_04.edf,chb03|chb03_04.edf|000000,bp_theta,7.8301336656499479e-11,7.8301336656499479e-11,0,True
chb03,chb03_04.edf,chb03|chb03_04.edf|000000,rel_bp_theta,0.030002689979621813,0.030002689979621813,0,True
chb03,chb03_04.edf,chb03|chb03_04.edf|000000,bp_alpha,6.8905669276086361e-12,6.8905669276086361e-12,0,True
chb03,chb03_04.edf,chb03|chb03_04.edf|000000,rel_bp_alpha,0.0045141039391021704,0.0045141039391021704,0,True
chb03,chb03_04.edf,chb03|chb03_04.edf|000000,bp_beta,6.4489768033965377e-11,6.4489768033965377e-11,0,True
chb03,chb03_04.edf,chb03|chb03_04.edf|000000,rel_bp_beta,0.032417446214393443,0.032417446214393443,0,True
chb03,chb03_04.edf,chb03|chb03_04.edf|000000,bp_gamma,5.1744749281231717e-11,5.1744749281231717e-11,0,True
chb03,chb03_04.edf,chb03|chb03_04.edf|000000,rel_bp_gamma,0.025733133868804624,0.025733133868804624,0,True
chb03,chb03_04.edf,chb03|chb03_04.edf|000000,spectral_entropy,1.4204238653182983,1.4204238653182983,0,True
chb03,chb03_04.edf,chb03|chb03_04.edf|000000,hjorth_activity,7.985594407955432e-10,7.985594407955432e-10,0,True
chb03,chb03_04.edf,chb03|chb03_04.edf|000000,hjorth_mobility,0.20839203894138336,0.20839203894138336,0,True
chb03,chb03_04.edf,chb03|chb03_04.edf|000000,hjorth_complexity,1.5293400287628174,1.5293400287628174,0,True
chb03,chb03_04.edf,chb03|chb03_04.edf|000000,line_length,0.0069679473526775837,0.0069679473526775837,0,True
chb03,chb03_04.edf,chb03|chb03_04.edf|000000,rms_amplitude,2.1813404600834474e-05,2.1813404600834474e-05,0,True
chb03,chb03_04.edf,chb03|chb03_04.edf|000000,variance,7.985594407955432e-10,7.985594407955432e-10,0,True
chb03,chb03_04.edf,chb03|chb03_04.edf|000000,zero_crossing_rate,0.16876775568181818,0.16876775568181818,0,True
chb03,chb03_04.edf,chb03|chb03_04.edf|000000,skewness,0.46667655224287458,0.46667655224287458,0,True
chb03,chb03_04.edf,chb03|chb03_04.edf|000000,kurtosis,1.2039878368377686,1.2039878368377686,0,True
chb03,chb03_04.edf,chb03|chb03_04.edf|000899,bp_delta,1.8217629787915928e-10,1.8217629787915928e-10,0,True
chb03,chb03_04.edf,chb03|chb03_04.edf|000899,rel_bp_delta,0.11091887499812766,0.11091887499812766,0,True
chb03,chb03_04.edf,chb03|chb03_04.edf|000899,bp_theta,4.4231450701035843e-11,4.4231450701035843e-11,0,True
chb03,chb03_04.edf,chb03|chb03_04.edf|000899,rel_bp_theta,0.028003892664089421,0.028003892664089421,0,True
chb03,chb03_04.edf,chb03|chb03_04.edf|000899,bp_alpha,5.7117863634355628e-12,5.7117863634355628e-12,0,True
chb03,chb03_04.edf,chb03|chb03_04.edf|000899,rel_bp_alpha,0.0044879927140888736,0.0044879927140888736,0,True
chb03,chb03_04.edf,chb03|chb03_04.edf|000899,bp_beta,1.1458900370767405e-11,1.1458900370767405e-11,0,True
chb03,chb03_04.edf,chb03|chb03_04.edf|000899,rel_bp_beta,0.0085609398684200911,0.0085609398684200911,0,True
chb03,chb03_04.edf,chb03|chb03_04.edf|000899,bp_gamma,7.5751674918885458e-12,7.5751674918885458e-12,0,True
chb03,chb03_04.edf,chb03|chb03_04.edf|000899,rel_bp_gamma,0.0051402779611210625,0.0051402779611210625,0,True
chb03,chb03_04.edf,chb03|chb03_04.edf|000899,spectral_entropy,0.92730212211608887,0.92730212211608887,0,True
chb03,chb03_04.edf,chb03|chb03_04.edf|000899,hjorth_activity,3.5181860202904147e-10,3.5181860202904147e-10,0,True
chb03,chb03_04.edf,chb03|chb03_04.edf|000899,hjorth_mobility,0.11475391685962677,0.11475391685962677,0,True
chb03,chb03_04.edf,chb03|chb03_04.edf|000899,hjorth_complexity,1.4188053607940674,1.4188053607940674,0,True
chb03,chb03_04.edf,chb03|chb03_04.edf|000899,line_length,0.0034298496320843697,0.0034298496320843697,0,True
chb03,chb03_04.edf,chb03|chb03_04.edf|000899,rms_amplitude,1.60791114467429e-05,1.60791114467429e-05,0,True
chb03,chb03_04.edf,chb03|chb03_04.edf|000899,variance,3.5181860202904147e-10,3.5181860202904147e-10,0,True
chb03,chb03_04.edf,chb03|chb03_04.edf|000899,zero_crossing_rate,0.13179154829545456,0.13179154829545456,0,True
chb03,chb03_04.edf,chb03|chb03_04.edf|000899,skewness,0.53278190731494268,0.53278190731494268,0,True
chb03,chb03_04.edf,chb03|chb03_04.edf|000899,kurtosis,2.9851877689361572,2.9851877689361572,0,True
chb03,chb03_04.edf,chb03|chb03_04.edf|001798,bp_delta,5.3929845043624002e-11,5.3929845043624002e-11,0,True
chb03,chb03_04.edf,chb03|chb03_04.edf|001798,rel_bp_delta,0.047331072173500917,0.047331072173500917,0,True
chb03,chb03_04.edf,chb03|chb03_04.edf|001798,bp_theta,1.9070419170586948e-11,1.9070419170586948e-11,0,True
chb03,chb03_04.edf,chb03|chb03_04.edf|001798,rel_bp_theta,0.016661662195313339,0.016661662195313339,0,True
chb03,chb03_04.edf,chb03|chb03_04.edf|001798,bp_alpha,3.797239412899687e-11,3.797239412899687e-11,0,True
chb03,chb03_04.edf,chb03|chb03_04.edf|001798,rel_bp_alpha,0.032438768045922238,0.032438768045922238,0,True
chb03,chb03_04.edf,chb03|chb03_04.edf|001798,bp_beta,1.4394505019934251e-11,1.4394505019934251e-11,0,True
chb03,chb03_04.edf,chb03|chb03_04.edf|001798,rel_bp_beta,0.012521155369390885,0.012521155369390885,0,True
chb03,chb03_04.edf,chb03|chb03_04.edf|001798,bp_gamma,1.3606065917159506e-12,1.3606065917159506e-12,0,True
chb03,chb03_04.edf,chb03|chb03_04.edf|001798,rel_bp_gamma,0.0012047295023884753,0.0012047295023884753,0,True
chb03,chb03_04.edf,chb03|chb03_04.edf|001798,spectral_entropy,0.83855551481246948,0.83855551481246948,0,True
chb03,chb03_04.edf,chb03|chb03_04.edf|001798,hjorth_activity,1.4729083230857754e-10,1.4729083230857754e-10,0,True
chb03,chb03_04.edf,chb03|chb03_04.edf|001798,hjorth_mobility,0.093306399881839752,0.093306399881839752,0,True
chb03,chb03_04.edf,chb03|chb03_04.edf|001798,hjorth_complexity,1.0754179954528809,1.0754179954528809,0,True
chb03,chb03_04.edf,chb03|chb03_04.edf|001798,line_length,0.0025847218930721283,0.0025847218930721283,0,True
chb03,chb03_04.edf,chb03|chb03_04.edf|001798,rms_amplitude,1.1898970114998519e-05,1.1898970114998519e-05,0,True
chb03,chb03_04.edf,chb03|chb03_04.edf|001798,variance,1.4729083230857754e-10,1.4729083230857754e-10,0,True
chb03,chb03_04.edf,chb03|chb03_04.edf|001798,zero_crossing_rate,0.088334517045454544,0.088334517045454544,0,True
chb03,chb03_04.edf,chb03|chb03_04.edf|001798,skewness,-0.051615080034190956,-0.051615080034190956,0,True
chb03,chb03_04.edf,chb03|chb03_04.edf|001798,kurtosis,0.39218541979789734,0.39218541979789734,0,True
chb03,chb03_05.edf,chb03|chb03_05.edf|000000,bp_delta,6.2043077548956151e-11,6.2043077548956151e-11,0,True
chb03,chb03_05.edf,chb03|chb03_05.edf|000000,rel_bp_delta,0.055515831607435,0.055515831607435,0,True
chb03,chb03_05.edf,chb03|chb03_05.edf|000000,bp_theta,1.8820017002806639e-11,1.8820017002806639e-11,0,True
chb03,chb03_05.edf,chb03|chb03_05.edf|000000,rel_bp_theta,0.01685961236441038,0.01685961236441038,0,True
chb03,chb03_05.edf,chb03|chb03_05.edf|000000,bp_alpha,1.3347341834555575e-11,1.3347341834555575e-11,0,True
chb03,chb03_05.edf,chb03|chb03_05.edf|000000,rel_bp_alpha,0.01196348771460809,0.01196348771460809,0,True
chb03,chb03_05.edf,chb03|chb03_05.edf|000000,bp_beta,6.4829846900934885e-12,6.4829846900934885e-12,0,True
chb03,chb03_05.edf,chb03|chb03_05.edf|000000,rel_bp_beta,0.0058365494727359683,0.0058365494727359683,0,True
chb03,chb03_05.edf,chb03|chb03_05.edf|000000,bp_gamma,1.4264703422973778e-12,1.4264703422973778e-12,0,True
chb03,chb03_05.edf,chb03|chb03_05.edf|000000,rel_bp_gamma,0.001286460433077629,0.001286460433077629,0,True
chb03,chb03_05.edf,chb03|chb03_05.edf|000000,spectral_entropy,0.70822656154632568,0.70822656154632568,0,True
chb03,chb03_05.edf,chb03|chb03_05.edf|000000,hjorth_activity,1.2704974572397276e-10,1.2704974572397276e-10,0,True
chb03,chb03_05.edf,chb03|chb03_05.edf|000000,hjorth_mobility,0.084009118378162384,0.084009118378162384,0,True
chb03,chb03_05.edf,chb03|chb03_05.edf|000000,hjorth_complexity,1.2033882141113281,1.2033882141113281,0,True
chb03,chb03_05.edf,chb03|chb03_05.edf|000000,line_length,0.0022760527208447456,0.0022760527208447456,0,True
chb03,chb03_05.edf,chb03|chb03_05.edf|000000,rms_amplitude,1.1069026186305564e-05,1.1069026186305564e-05,0,True
chb03,chb03_05.edf,chb03|chb03_05.edf|000000,variance,1.2704974572397276e-10,1.2704974572397276e-10,0,True
chb03,chb03_05.edf,chb03|chb03_05.edf|000000,zero_crossing_rate,0.088734019886363633,0.088734019886363633,0,True
chb03,chb03_05.edf,chb03|chb03_05.edf|000000,skewness,0.025096536275338043,0.025096536275338043,0,True
chb03,chb03_05.edf,chb03|chb03_05.edf|000000,kurtosis,0.23957926034927368,0.23957926034927368,0,True
chb03,chb03_05.edf,chb03|chb03_05.edf|000899,bp_delta,7.1147913016829378e-10,7.1147913016829378e-10,0,True
chb03,chb03_05.edf,chb03|chb03_05.edf|000899,rel_bp_delta,0.23650982439506257,0.23650982439506257,0,True
chb03,chb03_05.edf,chb03|chb03_05.edf|000899,bp_theta,3.1548565734666745e-11,3.1548565734666745e-11,0,True
chb03,chb03_05.edf,chb03|chb03_05.edf|000899,rel_bp_theta,0.014919643001164336,0.014919643001164336,0,True
chb03,chb03_05.edf,chb03|chb03_05.edf|000899,bp_alpha,9.6984888505202574e-12,9.6984888505202574e-12,0,True
chb03,chb03_05.edf,chb03|chb03_05.edf|000899,rel_bp_alpha,0.0054507351800348889,0.0054507351800348889,0,True
chb03,chb03_05.edf,chb03|chb03_05.edf|000899,bp_beta,4.4579230697002105e-11,4.4579230697002105e-11,0,True
chb03,chb03_05.edf,chb03|chb03_05.edf|000899,rel_bp_beta,0.02702014986699245,0.02702014986699245,0,True
chb03,chb03_05.edf,chb03|chb03_05.edf|000899,bp_gamma,5.7017977413888107e-11,5.7017977413888107e-11,0,True
chb03,chb03_05.edf,chb03|chb03_05.edf|000899,rel_bp_gamma,0.035038321912776532,0.035038321912776532,0,True
chb03,chb03_05.edf,chb03|chb03_05.edf|000899,spectral_entropy,1.7201920747756958,1.7201920747756958,0,True
chb03,chb03_05.edf,chb03|chb03_05.edf|000899,hjorth_activity,1.8295824855130149e-09,1.8295824855130149e-09,0,True
chb03,chb03_05.edf,chb03|chb03_05.edf|000899,hjorth_mobility,0.27003908157348633,0.27003908157348633,0,True
chb03,chb03_05.edf,chb03|chb03_05.edf|000899,hjorth_complexity,2.1248586177825928,2.1248586177825928,0,True
chb03,chb03_05.edf,chb03|chb03_05.edf|000899,line_length,0.008645753376185894,0.008645753376185894,0,True
chb03,chb03_05.edf,chb03|chb03_05.edf|000899,rms_amplitude,3.5383422073209658e-05,3.5383422073209658e-05,0,True
chb03,chb03_05.edf,chb03|chb03_05.edf|000899,variance,1.8295824855130149e-09,1.8295824855130149e-09,0,True
chb03,chb03_05.edf,chb03|chb03_05.edf|000899,zero_crossing_rate,0.13902698863636365,0.13902698863636365,0,True
chb03,chb03_05.edf,chb03|chb03_05.edf|000899,skewness,0.26312715678729792,0.26312715678729792,0,True
chb03,chb03_05.edf,chb03|chb03_05.edf|000899,kurtosis,1.3896431922912598,1.3896431922912598,0,True
chb03,chb03_05.edf,chb03|chb03_05.edf|001798,bp_delta,9.5716850678079224e-11,9.5716850678079224e-11,0,True
chb03,chb03_05.edf,chb03|chb03_05.edf|001798,rel_bp_delta,0.078623818728895192,0.078623818728895192,0,True
chb03,chb03_05.edf,chb03|chb03_05.edf|001798,bp_theta,3.5997973595639135e-11,3.5997973595639135e-11,0,True
chb03,chb03_05.edf,chb03|chb03_05.edf|001798,rel_bp_theta,0.02958591398063927,0.02958591398063927,0,True
chb03,chb03_05.edf,chb03|chb03_05.edf|001798,bp_alpha,2.3916965573525422e-11,2.3916965573525422e-11,0,True
chb03,chb03_05.edf,chb03|chb03_05.edf|001798,rel_bp_alpha,0.019486855406713147,0.019486855406713147,0,True
chb03,chb03_05.edf,chb03|chb03_05.edf|001798,bp_beta,2.4650427339400821e-11,2.4650427339400821e-11,0,True
chb03,chb03_05.edf,chb03|chb03_05.edf|001798,rel_bp_beta,0.020279566039216195,0.020279566039216195,0,True
chb03,chb03_05.edf,chb03|chb03_05.edf|001798,bp_gamma,1.8136074713954835e-12,1.8136074713954835e-12,0,True
chb03,chb03_05.edf,chb03|chb03_05.edf|001798,rel_bp_gamma,0.0015384846147711072,0.0015384846147711072,0,True
chb03,chb03_05.edf,chb03|chb03_05.edf|001798,spectral_entropy,1.0334442853927612,1.0334442853927612,0,True
chb03,chb03_05.edf,chb03|chb03_05.edf|001798,hjorth_activity,2.350197536582499e-10,2.350197536582499e-10,0,True
chb03,chb03_05.edf,chb03|chb03_05.edf|001798,hjorth_mobility,0.099167704582214355,0.099167704582214355,0,True
chb03,chb03_05.edf,chb03|chb03_05.edf|001798,hjorth_complexity,1.0808488130569458,1.0808488130569458,0,True
chb03,chb03_05.edf,chb03|chb03_05.edf|001798,line_length,0.0028305740561336279,0.0028305740561336279,0,True
chb03,chb03_05.edf,chb03|chb03_05.edf|001798,rms_amplitude,1.4973796169215348e-05,1.4973796169215348e-05,0,True
chb03,chb03_05.edf,chb03|chb03_05.edf|001798,variance,2.350197536582499e-10,2.350197536582499e-10,0,True
chb03,chb03_05.edf,chb03|chb03_05.edf|001798,zero_crossing_rate,0.075328480113636367,0.075328480113636367,0,True
chb03,chb03_05.edf,chb03|chb03_05.edf|001798,skewness,-7.330704565075311e-05,-7.330704565075311e-05,0,True
chb03,chb03_05.edf,chb03|chb03_05.edf|001798,kurtosis,0.22875870764255524,0.22875870764255524,0,True
chb03,chb03_31.edf,chb03|chb03_31.edf|000000,bp_delta,2.9110297702979811e-10,2.9110297702979811e-10,0,True
chb03,chb03_31.edf,chb03|chb03_31.edf|000000,rel_bp_delta,0.16577030761508996,0.16577030761508996,0,True
chb03,chb03_31.edf,chb03|chb03_31.edf|000000,bp_theta,7.2734253515893688e-11,7.2734253515893688e-11,0,True
chb03,chb03_31.edf,chb03|chb03_31.edf|000000,rel_bp_theta,0.042336683015270847,0.042336683015270847,0,True
chb03,chb03_31.edf,chb03|chb03_31.edf|000000,bp_alpha,6.1647484029583207e-11,6.1647484029583207e-11,0,True
chb03,chb03_31.edf,chb03|chb03_31.edf|000000,rel_bp_alpha,0.039649430593735872,0.039649430593735872,0,True
chb03,chb03_31.edf,chb03|chb03_31.edf|000000,bp_beta,3.626096926447203e-11,3.626096926447203e-11,0,True
chb03,chb03_31.edf,chb03|chb03_31.edf|000000,rel_bp_beta,0.023844427144151633,0.023844427144151633,0,True
chb03,chb03_31.edf,chb03|chb03_31.edf|000000,bp_gamma,4.1589209853168803e-11,4.1589209853168803e-11,0,True
chb03,chb03_31.edf,chb03|chb03_31.edf|000000,rel_bp_gamma,0.027622200873488337,0.027622200873488337,0,True
chb03,chb03_31.edf,chb03|chb03_31.edf|000000,spectral_entropy,1.8847190141677856,1.8847190141677856,0,True
chb03,chb03_31.edf,chb03|chb03_31.edf|000000,hjorth_activity,1.1432752522466672e-09,1.1432752522466672e-09,0,True
chb03,chb03_31.edf,chb03|chb03_31.edf|000000,hjorth_mobility,0.29754820466041565,0.29754820466041565,0,True
chb03,chb03_31.edf,chb03|chb03_31.edf|000000,hjorth_complexity,1.9172940254211426,1.9172940254211426,0,True
chb03,chb03_31.edf,chb03|chb03_31.edf|000000,line_length,0.0081249242648482323,0.0081249242648482323,0,True
chb03,chb03_31.edf,chb03|chb03_31.edf|000000,rms_amplitude,3.0083216188359074e-05,3.0083216188359074e-05,0,True
chb03,chb03_31.edf,chb03|chb03_31.edf|000000,variance,1.1432752522466672e-09,1.1432752522466672e-09,0,True
chb03,chb03_31.edf,chb03|chb03_31.edf|000000,zero_crossing_rate,0.123046875,0.123046875,0,True
chb03,chb03_31.edf,chb03|chb03_31.edf|000000,skewness,0.086447745709764684,0.086447745709764684,0,True
chb03,chb03_31.edf,chb03|chb03_31.edf|000000,kurtosis,3.2317755222320557,3.2317755222320557,0,True
chb03,chb03_31.edf,chb03|chb03_31.edf|000899,bp_delta,3.1403511912887633e-11,3.1403511912887633e-11,0,True
chb03,chb03_31.edf,chb03|chb03_31.edf|000899,rel_bp_delta,0.027482803649355084,0.027482803649355084,0,True
chb03,chb03_31.edf,chb03|chb03_31.edf|000899,bp_theta,2.9701369505632877e-11,2.9701369505632877e-11,0,True
chb03,chb03_31.edf,chb03|chb03_31.edf|000899,rel_bp_theta,0.025234753258183338,0.025234753258183338,0,True
chb03,chb03_31.edf,chb03|chb03_31.edf|000899,bp_alpha,6.8991278249240194e-11,6.8991278249240194e-11,0,True
chb03,chb03_31.edf,chb03|chb03_31.edf|000899,rel_bp_alpha,0.05696603418975292,0.05696603418975292,0,True
chb03,chb03_31.edf,chb03|chb03_31.edf|000899,bp_beta,1.4551367702573603e-11,1.4551367702573603e-11,0,True
chb03,chb03_31.edf,chb03|chb03_31.edf|000899,rel_bp_beta,0.012422547612996023,0.012422547612996023,0,True
chb03,chb03_31.edf,chb03|chb03_31.edf|000899,bp_gamma,4.331242430716828e-12,4.331242430716828e-12,0,True
chb03,chb03_31.edf,chb03|chb03_31.edf|000899,rel_bp_gamma,0.0037967086355826063,0.0037967086355826063,0,True
chb03,chb03_31.edf,chb03|chb03_31.edf|000899,spectral_entropy,0.91256976127624512,0.91256976127624512,0,True
chb03,chb03_31.edf,chb03|chb03_31.edf|000899,hjorth_activity,2.2102715491190139e-10,2.2102715491190139e-10,0,True
chb03,chb03_31.edf,chb03|chb03_31.edf|000899,hjorth_mobility,0.14345186948776245,0.14345186948776245,0,True
chb03,chb03_31.edf,chb03|chb03_31.edf|000899,hjorth_complexity,1.2565224170684814,1.2565224170684814,0,True
chb03,chb03_31.edf,chb03|chb03_31.edf|000899,line_length,0.0041988054290413857,0.0041988054290413857,0,True
chb03,chb03_31.edf,chb03|chb03_31.edf|000899,rms_amplitude,1.4507456398860086e-05,1.4507456398860086e-05,0,True
chb03,chb03_31.edf,chb03|chb03_31.edf|000899,variance,2.2102715491190139e-10,2.2102715491190139e-10,0,True
chb03,chb03_31.edf,chb03|chb03_31.edf|000899,zero_crossing_rate,0.11261541193181818,0.11261541193181818,0,True
chb03,chb03_31.edf,chb03|chb03_31.edf|000899,skewness,0.20197952242398803,0.20197952242398803,0,True
chb03,chb03_31.edf,chb03|chb03_31.edf|000899,kurtosis,0.3922705352306366,0.3922705352306366,0,True
chb03,chb03_31.edf,chb03|chb03_31.edf|001798,bp_delta,8.9011784675578886e-11,8.9011784675578886e-11,0,True
chb03,chb03_31.edf,chb03|chb03_31.edf|001798,rel_bp_delta,0.066623087852354074,0.066623087852354074,0,True
chb03,chb03_31.edf,chb03|chb03_31.edf|001798,bp_theta,3.3405349637434777e-11,3.3405349637434777e-11,0,True
chb03,chb03_31.edf,chb03|chb03_31.edf|001798,rel_bp_theta,0.027050588239265653,0.027050588239265653,0,True
chb03,chb03_31.edf,chb03|chb03_31.edf|001798,bp_alpha,6.8552324500969474e-11,6.8552324500969474e-11,0,True
chb03,chb03_31.edf,chb03|chb03_31.edf|001798,rel_bp_alpha,0.056682429822883025,0.056682429822883025,0,True
chb03,chb03_31.edf,chb03|chb03_31.edf|001798,bp_beta,1.6903088752816756e-11,1.6903088752816756e-11,0,True
chb03,chb03_31.edf,chb03|chb03_31.edf|001798,rel_bp_beta,0.013848892029348699,0.013848892029348699,0,True
chb03,chb03_31.edf,chb03|chb03_31.edf|001798,bp_gamma,5.2804237278455207e-12,5.2804237278455207e-12,0,True
chb03,chb03_31.edf,chb03|chb03_31.edf|001798,rel_bp_gamma,0.0041194079509997142,0.0041194079509997142,0,True
chb03,chb03_31.edf,chb03|chb03_31.edf|001798,spectral_entropy,1.1162141561508179,1.1162141561508179,0,True
chb03,chb03_31.edf,chb03|chb03_31.edf|001798,hjorth_activity,4.1086831159553583e-10,4.1086831159553583e-10,0,True
chb03,chb03_31.edf,chb03|chb03_31.edf|001798,hjorth_mobility,0.14107443392276764,0.14107443392276764,0,True
chb03,chb03_31.edf,chb03|chb03_31.edf|001798,hjorth_complexity,1.2763432264328003,1.2763432264328003,0,True
chb03,chb03_31.edf,chb03|chb03_31.edf|001798,line_length,0.0043657138012349606,0.0043657138012349606,0,True
chb03,chb03_31.edf,chb03|chb03_31.edf|001798,rms_amplitude,1.8706090486375615e-05,1.8706090486375615e-05,0,True
chb03,chb03_31.edf,chb03|chb03_31.edf|001798,variance,4.1086831159553583e-10,4.1086831159553583e-10,0,True
chb03,chb03_31.edf,chb03|chb03_31.edf|001798,zero_crossing_rate,0.10347123579545454,0.10347123579545454,0,True
chb03,chb03_31.edf,chb03|chb03_31.edf|001798,skewness,0.21049645140936429,0.21049645140936429,0,True
chb03,chb03_31.edf,chb03|chb03_31.edf|001798,kurtosis,0.064501620829105377,0.064501620829105377,0,True
chb03,chb03_32.edf,chb03|chb03_32.edf|000000,bp_delta,5.6415499944833953e-11,5.6415499944833953e-11,0,True
chb03,chb03_32.edf,chb03|chb03_32.edf|000000,rel_bp_delta,0.046735840264525735,0.046735840264525735,0,True
chb03,chb03_32.edf,chb03|chb03_32.edf|000000,bp_theta,3.7746917654581542e-11,3.7746917654581542e-11,0,True
chb03,chb03_32.edf,chb03|chb03_32.edf|000000,rel_bp_theta,0.030834219640951597,0.030834219640951597,0,True
chb03,chb03_32.edf,chb03|chb03_32.edf|000000,bp_alpha,6.9744139197046469e-11,6.9744139197046469e-11,0,True
chb03,chb03_32.edf,chb03|chb03_32.edf|000000,rel_bp_alpha,0.056655451146549483,0.056655451146549483,0,True
chb03,chb03_32.edf,chb03|chb03_32.edf|000000,bp_beta,1.8732000493430261e-11,1.8732000493430261e-11,0,True
chb03,chb03_32.edf,chb03|chb03_32.edf|000000,rel_bp_beta,0.015533382929326158,0.015533382929326158,0,True
chb03,chb03_32.edf,chb03|chb03_32.edf|000000,bp_gamma,5.4690508387066021e-12,5.4690508387066021e-12,0,True
chb03,chb03_32.edf,chb03|chb03_32.edf|000000,rel_bp_gamma,0.0045552033687036681,0.0045552033687036681,0,True
chb03,chb03_32.edf,chb03|chb03_32.edf|000000,spectral_entropy,1.0896978378295898,1.0896978378295898,0,True
chb03,chb03_32.edf,chb03|chb03_32.edf|000000,hjorth_activity,2.7354885023811448e-10,2.7354885023811448e-10,0,True
chb03,chb03_32.edf,chb03|chb03_32.edf|000000,hjorth_mobility,0.15360261499881744,0.15360261499881744,0,True
chb03,chb03_32.edf,chb03|chb03_32.edf|000000,hjorth_complexity,1.2080304622650146,1.2080304622650146,0,True
chb03,chb03_32.edf,chb03|chb03_32.edf|000000,line_length,0.0044480138458311558,0.0044480138458311558,0,True
chb03,chb03_32.edf,chb03|chb03_32.edf|000000,rms_amplitude,1.6001935364329256e-05,1.6001935364329256e-05,0,True
chb03,chb03_32.edf,chb03|chb03_32.edf|000000,variance,2.7354885023811448e-10,2.7354885023811448e-10,0,True
chb03,chb03_32.edf,chb03|chb03_32.edf|000000,zero_crossing_rate,0.11976207386363637,0.11976207386363637,0,True
chb03,chb03_32.edf,chb03|chb03_32.edf|000000,skewness,0.25121432060206478,0.25121432060206478,0,True
chb03,chb03_32.edf,chb03|chb03_32.edf|000000,kurtosis,0.61817640066146851,0.61817640066146851,0,True
chb03,chb03_32.edf,chb03|chb03_32.edf|000899,bp_delta,1.0003063954806949e-10,1.0003063954806949e-10,0,True
chb03,chb03_32.edf,chb03|chb03_32.edf|000899,rel_bp_delta,0.077898909053973606,0.077898909053973606,0,True
chb03,chb03_32.edf,chb03|chb03_32.edf|000899,bp_theta,1.8757100976202074e-11,1.8757100976202074e-11,0,True
chb03,chb03_32.edf,chb03|chb03_32.edf|000899,rel_bp_theta,0.016406858005502872,0.016406858005502872,0,True
chb03,chb03_32.edf,chb03|chb03_32.edf|000899,bp_alpha,2.0278126566590299e-11,2.0278126566590299e-11,0,True
chb03,chb03_32.edf,chb03|chb03_32.edf|000899,rel_bp_alpha,0.018055441125739931,0.018055441125739931,0,True
chb03,chb03_32.edf,chb03|chb03_32.edf|000899,bp_beta,9.8582744582833651e-12,9.8582744582833651e-12,0,True
chb03,chb03_32.edf,chb03|chb03_32.edf|000899,rel_bp_beta,0.0085990594503983532,0.0085990594503983532,0,True
chb03,chb03_32.edf,chb03|chb03_32.edf|000899,bp_gamma,4.4859675859032348e-12,4.4859675859032348e-12,0,True
chb03,chb03_32.edf,chb03|chb03_32.edf|000899,rel_bp_gamma,0.0038227719503273945,0.0038227719503273945,0,True
chb03,chb03_32.edf,chb03|chb03_32.edf|000899,spectral_entropy,0.9160647988319397,0.9160647988319397,0,True
chb03,chb03_32.edf,chb03|chb03_32.edf|000899,hjorth_activity,3.1436211966884287e-10,3.1436211966884287e-10,0,True
chb03,chb03_32.edf,chb03|chb03_32.edf|000899,hjorth_mobility,0.14057068526744843,0.14057068526744843,0,True
chb03,chb03_32.edf,chb03|chb03_32.edf|000899,hjorth_complexity,1.4013031721115112,1.4013031721115112,0,True
chb03,chb03_32.edf,chb03|chb03_32.edf|000899,line_length,0.0042136171832680702,0.0042136171832680702,0,True
chb03,chb03_32.edf,chb03|chb03_32.edf|000899,rms_amplitude,1.570425956742838e-05,1.570425956742838e-05,0,True
chb03,chb03_32.edf,chb03|chb03_32.edf|000899,variance,3.1436211966884287e-10,3.1436211966884287e-10,0,True
chb03,chb03_32.edf,chb03|chb03_32.edf|000899,zero_crossing_rate,0.12659801136363635,0.12659801136363635,0,True
chb03,chb03_32.edf,chb03|chb03_32.edf|000899,skewness,0.089163807898082523,0.089163807898082523,0,True
chb03,chb03_32.edf,chb03|chb03_32.edf|000899,kurtosis,0.23681207001209259,0.23681207001209259,0,True
chb03,chb03_32.edf,chb03|chb03_32.edf|001798,bp_delta,9.686963380271933e-11,9.686963380271933e-11,0,True
chb03,chb03_32.edf,chb03|chb03_32.edf|001798,rel_bp_delta,0.073793664665712022,0.073793664665712022,0,True
chb03,chb03_32.edf,chb03|chb03_32.edf|001798,bp_theta,3.3970622420640874e-11,3.3970622420640874e-11,0,True
chb03,chb03_32.edf,chb03|chb03_32.edf|001798,rel_bp_theta,0.027231516592705507,0.027231516592705507,0,True
chb03,chb03_32.edf,chb03|chb03_32.edf|001798,bp_alpha,6.2165399344857921e-11,6.2165399344857921e-11,0,True
chb03,chb03_32.edf,chb03|chb03_32.edf|001798,rel_bp_alpha,0.050460088412868691,0.050460088412868691,0,True
chb03,chb03_32.edf,chb03|chb03_32.edf|001798,bp_beta,1.7529899106445259e-11,1.7529899106445259e-11,0,True
chb03,chb03_32.edf,chb03|chb03_32.edf|001798,rel_bp_beta,0.014421647263846406,0.014421647263846406,0,True
chb03,chb03_32.edf,chb03|chb03_32.edf|001798,bp_gamma,4.9533503462989111e-12,4.9533503462989111e-12,0,True
chb03,chb03_32.edf,chb03|chb03_32.edf|001798,rel_bp_gamma,0.0040005511320402466,0.0040005511320402466,0,True
chb03,chb03_32.edf,chb03|chb03_32.edf|001798,spectral_entropy,1.1462123394012451,1.1462123394012451,0,True
chb03,chb03_32.edf,chb03|chb03_32.edf|001798,hjorth_activity,3.4424196826421394e-10,3.4424196826421394e-10,0,True
chb03,chb03_32.edf,chb03|chb03_32.edf|001798,hjorth_mobility,0.15123093128204346,0.15123093128204346,0,True
chb03,chb03_32.edf,chb03|chb03_32.edf|001798,hjorth_complexity,1.3673317432403564,1.3673317432403564,0,True
chb03,chb03_32.edf,chb03|chb03_32.edf|001798,line_length,0.0046350983902812004,0.0046350983902812004,0,True
chb03,chb03_32.edf,chb03|chb03_32.edf|001798,rms_amplitude,1.7431457308703102e-05,1.7431457308703102e-05,0,True
chb03,chb03_32.edf,chb03|chb03_32.edf|001798,variance,3.4424196826421394e-10,3.4424196826421394e-10,0,True
chb03,chb03_32.edf,chb03|chb03_32.edf|001798,zero_crossing_rate,0.11421342329545454,0.11421342329545454,0,True
chb03,chb03_32.edf,chb03|chb03_32.edf|001798,skewness,0.3194093486632813,0.3194093486632813,0,True
chb03,chb03_32.edf,chb03|chb03_32.edf|001798,kurtosis,0.95850598812103271,0.95850598812103271,0,True
chb03,chb03_33.edf,chb03|chb03_33.edf|000000,bp_delta,6.3063220306314426e-11,6.3063220306314426e-11,0,True
chb03,chb03_33.edf,chb03|chb03_33.edf|000000,rel_bp_delta,0.053119516441337923,0.053119516441337923,0,True
chb03,chb03_33.edf,chb03|chb03_33.edf|000000,bp_theta,2.7512390546797922e-11,2.7512390546797922e-11,0,True
chb03,chb03_33.edf,chb03|chb03_33.edf|000000,rel_bp_theta,0.02346964218336103,0.02346964218336103,0,True
chb03,chb03_33.edf,chb03|chb03_33.edf|000000,bp_alpha,4.8811956425002887e-11,4.8811956425002887e-11,0,True
chb03,chb03_33.edf,chb03|chb03_33.edf|000000,rel_bp_alpha,0.041163047021936822,0.041163047021936822,0,True
chb03,chb03_33.edf,chb03|chb03_33.edf|000000,bp_beta,1.6819228230924874e-11,1.6819228230924874e-11,0,True
chb03,chb03_33.edf,chb03|chb03_33.edf|000000,rel_bp_beta,0.014406262430412082,0.014406262430412082,0,True
chb03,chb03_33.edf,chb03|chb03_33.edf|000000,bp_gamma,4.7910186159416303e-12,4.7910186159416303e-12,0,True
chb03,chb03_33.edf,chb03|chb03_33.edf|000000,rel_bp_gamma,0.004090810410487828,0.004090810410487828,0,True
chb03,chb03_33.edf,chb03|chb03_33.edf|000000,spectral_entropy,1.0222808122634888,1.0222808122634888,0,True
chb03,chb03_33.edf,chb03|chb03_33.edf|000000,hjorth_activity,2.5476498688448146e-10,2.5476498688448146e-10,0,True
chb03,chb03_33.edf,chb03|chb03_33.edf|000000,hjorth_mobility,0.15444201231002808,0.15444201231002808,0,True
chb03,chb03_33.edf,chb03|chb03_33.edf|000000,hjorth_complexity,1.3195724487304688,1.3195724487304688,0,True
chb03,chb03_33.edf,chb03|chb03_33.edf|000000,line_length,0.0043929759413003922,0.0043929759413003922,0,True
chb03,chb03_33.edf,chb03|chb03_33.edf|000000,rms_amplitude,1.5431347492267378e-05,1.5431347492267378e-05,0,True
chb03,chb03_33.edf,chb03|chb03_33.edf|000000,variance,2.5476498688448146e-10,2.5476498688448146e-10,0,True
chb03,chb03_33.edf,chb03|chb03_33.edf|000000,zero_crossing_rate,0.11838600852272728,0.11838600852272728,0,True
chb03,chb03_33.edf,chb03|chb03_33.edf|000000,skewness,0.27918791728602216,0.27918791728602216,0,True
chb03,chb03_33.edf,chb03|chb03_33.edf|000000,kurtosis,1.1680366992950439,1.1680366992950439,0,True
chb03,chb03_33.edf,chb03|chb03_33.edf|000899,bp_delta,1.6347234889925582e-10,1.6347234889925582e-10,0,True
chb03,chb03_33.edf,chb03|chb03_33.edf|000899,rel_bp_delta,0.11130962289131441,0.11130962289131441,0,True
chb03,chb03_33.edf,chb03|chb03_33.edf|000899,bp_theta,3.6692547911039558e-11,3.6692547911039558e-11,0,True
chb03,chb03_33.edf,chb03|chb03_33.edf|000899,rel_bp_theta,0.028179506647475774,0.028179506647475774,0,True
chb03,chb03_33.edf,chb03|chb03_33.edf|000899,bp_alpha,5.2588605604135056e-11,5.2588605604135056e-11,0,True
chb03,chb03_33.edf,chb03|chb03_33.edf|000899,rel_bp_alpha,0.042592285233461966,0.042592285233461966,0,True
chb03,chb03_33.edf,chb03|chb03_33.edf|000899,bp_beta,1.9979227453492069e-11,1.9979227453492069e-11,0,True
chb03,chb03_33.edf,chb03|chb03_33.edf|000899,rel_bp_beta,0.015767884917602473,0.015767884917602473,0,True
chb03,chb03_33.edf,chb03|chb03_33.edf|000899,bp_gamma,1.2188879967833505e-11,1.2188879967833505e-11,0,True
chb03,chb03_33.edf,chb03|chb03_33.edf|000899,rel_bp_gamma,0.0093477808927132523,0.0093477808927132523,0,True
chb03,chb03_33.edf,chb03|chb03_33.edf|000899,spectral_entropy,1.335086464881897,1.335086464881897,0,True
chb03,chb03_33.edf,chb03|chb03_33.edf|000899,hjorth_activity,4.7579945539055757e-10,4.7579945539055757e-10,0,True
chb03,chb03_33.edf,chb03|chb03_33.edf|000899,hjorth_mobility,0.18335480988025665,0.18335480988025665,0,True
chb03,chb03_33.edf,chb03|chb03_33.edf|000899,hjorth_complexity,1.5837913751602173,1.5837913751602173,0,True
chb03,chb03_33.edf,chb03|chb03_33.edf|000899,line_length,0.0054920371621847153,0.0054920371621847153,0,True
chb03,chb03_33.edf,chb03|chb03_33.edf|000899,rms_amplitude,2.0807159671676345e-05,2.0807159671676345e-05,0,True
chb03,chb03_33.edf,chb03|chb03_33.edf|000899,variance,4.7579945539055757e-10,4.7579945539055757e-10,0,True
chb03,chb03_33.edf,chb03|chb03_33.edf|000899,zero_crossing_rate,0.12406782670454546,0.12406782670454546,0,True
chb03,chb03_33.edf,chb03|chb03_33.edf|000899,skewness,0.26208864131265064,0.26208864131265064,0,True
chb03,chb03_33.edf,chb03|chb03_33.edf|000899,kurtosis,0.25735273957252502,0.25735273957252502,0,True
chb03,chb03_33.edf,chb03|chb03_33.edf|001798,bp_delta,2.7189497222898022e-10,2.7189497222898022e-10,0,True
chb03,chb03_33.edf,chb03|chb03_33.edf|001798,rel_bp_delta,0.13990430936931156,0.13990430936931156,0,True
chb03,chb03_33.edf,chb03|chb03_33.edf|001798,bp_theta,5.7337710475233675e-11,5.7337710475233675e-11,0,True
chb03,chb03_33.edf,chb03|chb03_33.edf|001798,rel_bp_theta,0.033549022920825601,0.033549022920825601,0,True
chb03,chb03_33.edf,chb03|chb03_33.edf|001798,bp_alpha,5.7104192108618842e-11,5.7104192108618842e-11,0,True
chb03,chb03_33.edf,chb03|chb03_33.edf|001798,rel_bp_alpha,0.036938754188797752,0.036938754188797752,0,True
chb03,chb03_33.edf,chb03|chb03_33.edf|001798,bp_beta,1.4691702103673015e-10,1.4691702103673015e-10,0,True
chb03,chb03_33.edf,chb03|chb03_33.edf|001798,rel_bp_beta,0.077432953176233527,0.077432953176233527,0,True
chb03,chb03_33.edf,chb03|chb03_33.edf|001798,bp_gamma,1.2644586966676537e-10,1.2644586966676537e-10,0,True
chb03,chb03_33.edf,chb03|chb03_33.edf|001798,rel_bp_gamma,0.067933714902225495,0.067933714902225495,0,True
chb03,chb03_33.edf,chb03|chb03_33.edf|001798,spectral_entropy,2.6048455238342285,2.6048455238342285,0,True
chb03,chb03_33.edf,chb03|chb03_33.edf|001798,hjorth_activity,1.1599329274858405e-09,1.1599329274858405e-09,0,True
chb03,chb03_33.edf,chb03|chb03_33.edf|001798,hjorth_mobility,0.46209537982940674,0.46209537982940674,0,True
chb03,chb03_33.edf,chb03|chb03_33.edf|001798,hjorth_complexity,1.8412250280380249,1.8412250280380249,0,True
chb03,chb03_33.edf,chb03|chb03_33.edf|001798,line_length,0.013342889957129955,0.013342889957129955,0,True
chb03,chb03_33.edf,chb03|chb03_33.edf|001798,rms_amplitude,3.1293366191675887e-05,3.1293366191675887e-05,0,True
chb03,chb03_33.edf,chb03|chb03_33.edf|001798,variance,1.1599329274858405e-09,1.1599329274858405e-09,0,True
chb03,chb03_33.edf,chb03|chb03_33.edf|001798,zero_crossing_rate,0.18905362215909091,0.18905362215909091,0,True
chb03,chb03_33.edf,chb03|chb03_33.edf|001798,skewness,0.10174957391890613,0.10174957391890613,0,True
chb03,chb03_33.edf,chb03|chb03_33.edf|001798,kurtosis,2.9951386451721191,2.9951386451721191,0,True
chb03,chb03_34.edf,chb03|chb03_34.edf|000000,bp_delta,3.0951473066586557e-11,3.0951473066586557e-11,0,True
chb03,chb03_34.edf,chb03|chb03_34.edf|000000,rel_bp_delta,0.027465671757977029,0.027465671757977029,0,True
chb03,chb03_34.edf,chb03|chb03_34.edf|000000,bp_theta,2.7870716171336165e-11,2.7870716171336165e-11,0,True
chb03,chb03_34.edf,chb03|chb03_34.edf|000000,rel_bp_theta,0.024428213166013277,0.024428213166013277,0,True
chb03,chb03_34.edf,chb03|chb03_34.edf|000000,bp_alpha,3.2171851365821226e-11,3.2171851365821226e-11,0,True
chb03,chb03_34.edf,chb03|chb03_34.edf|000000,rel_bp_alpha,0.028216655938975797,0.028216655938975797,0,True
chb03,chb03_34.edf,chb03|chb03_34.edf|000000,bp_beta,1.7079371127904786e-11,1.7079371127904786e-11,0,True
chb03,chb03_34.edf,chb03|chb03_34.edf|000000,rel_bp_beta,0.014989032373302159,0.014989032373302159,0,True
chb03,chb03_34.edf,chb03|chb03_34.edf|000000,bp_gamma,1.3273026158255961e-11,1.3273026158255961e-11,0,True
chb03,chb03_34.edf,chb03|chb03_34.edf|000000,rel_bp_gamma,0.011411641752697942,0.011411641752697942,0,True
chb03,chb03_34.edf,chb03|chb03_34.edf|000000,spectral_entropy,0.96968305110931396,0.96968305110931396,0,True
chb03,chb03_34.edf,chb03|chb03_34.edf|000000,hjorth_activity,2.6845711764700297e-10,2.6845711764700297e-10,0,True
chb03,chb03_34.edf,chb03|chb03_34.edf|000000,hjorth_mobility,0.23297910392284393,0.23297910392284393,0,True
chb03,chb03_34.edf,chb03|chb03_34.edf|000000,hjorth_complexity,1.4349396228790283,1.4349396228790283,0,True
chb03,chb03_34.edf,chb03|chb03_34.edf|000000,line_length,0.0070801018737256527,0.0070801018737256527,0,True
chb03,chb03_34.edf,chb03|chb03_34.edf|000000,rms_amplitude,1.5006904504843988e-05,1.5006904504843988e-05,0,True
chb03,chb03_34.edf,chb03|chb03_34.edf|000000,variance,2.6845711764700297e-10,2.6845711764700297e-10,0,True
chb03,chb03_34.edf,chb03|chb03_34.edf|000000,zero_crossing_rate,0.18354936079545456,0.18354936079545456,0,True
chb03,chb03_34.edf,chb03|chb03_34.edf|000000,skewness,0.18214986511421474,0.18214986511421474,0,True
chb03,chb03_34.edf,chb03|chb03_34.edf|000000,kurtosis,4.2117857933044434,4.2117857933044434,0,True
chb03,chb03_34.edf,chb03|chb03_34.edf|000899,bp_delta,1.7451939640897055e-10,1.7451939640897055e-10,0,True
chb03,chb03_34.edf,chb03|chb03_34.edf|000899,rel_bp_delta,0.13144439202631208,0.13144439202631208,0,True
chb03,chb03_34.edf,chb03|chb03_34.edf|000899,bp_theta,3.4852359762792776e-11,3.4852359762792776e-11,0,True
chb03,chb03_34.edf,chb03|chb03_34.edf|000899,rel_bp_theta,0.027191134109754489,0.027191134109754489,0,True
chb03,chb03_34.edf,chb03|chb03_34.edf|000899,bp_alpha,2.8819710600579962e-11,2.8819710600579962e-11,0,True
chb03,chb03_34.edf,chb03|chb03_34.edf|000899,rel_bp_alpha,0.021870614382113154,0.021870614382113154,0,True
chb03,chb03_34.edf,chb03|chb03_34.edf|000899,bp_beta,1.8898738741825987e-11,1.8898738741825987e-11,0,True
chb03,chb03_34.edf,chb03|chb03_34.edf|000899,rel_bp_beta,0.014510556330008258,0.014510556330008258,0,True
chb03,chb03_34.edf,chb03|chb03_34.edf|000899,bp_gamma,9.4760282183559106e-12,9.4760282183559106e-12,0,True
chb03,chb03_34.edf,chb03|chb03_34.edf|000899,rel_bp_gamma,0.0072849183058213756,0.0072849183058213756,0,True
chb03,chb03_34.edf,chb03|chb03_34.edf|000899,spectral_entropy,1.3433903455734253,1.3433903455734253,0,True
chb03,chb03_34.edf,chb03|chb03_34.edf|000899,hjorth_activity,5.5866239412338814e-10,5.5866239412338814e-10,0,True
chb03,chb03_34.edf,chb03|chb03_34.edf|000899,hjorth_mobility,0.16819651424884796,0.16819651424884796,0,True
chb03,chb03_34.edf,chb03|chb03_34.edf|000899,hjorth_complexity,1.4507362842559814,1.4507362842559814,0,True
chb03,chb03_34.edf,chb03|chb03_34.edf|000899,line_length,0.0059655546210706234,0.0059655546210706234,0,True
chb03,chb03_34.edf,chb03|chb03_34.edf|000899,rms_amplitude,2.2583357349503785e-05,2.2583357349503785e-05,0,True
chb03,chb03_34.edf,chb03|chb03_34.edf|000899,variance,5.5866239412338814e-10,5.5866239412338814e-10,0,True
chb03,chb03_34.edf,chb03|chb03_34.edf|000899,zero_crossing_rate,0.096413352272727279,0.096413352272727279,0,True
chb03,chb03_34.edf,chb03|chb03_34.edf|000899,skewness,0.035305717684836549,0.035305717684836549,0,True
chb03,chb03_34.edf,chb03|chb03_34.edf|000899,kurtosis,0.54199695587158203,0.54199695587158203,0,True
chb03,chb03_34.edf,chb03|chb03_34.edf|001798,bp_delta,1.2599115258421628e-10,1.2599115258421628e-10,0,True
chb03,chb03_34.edf,chb03|chb03_34.edf|001798,rel_bp_delta,0.10178812602597165,0.10178812602597165,0,True
chb03,chb03_34.edf,chb03|chb03_34.edf|001798,bp_theta,2.3238427818127119e-11,2.3238427818127119e-11,0,True
chb03,chb03_34.edf,chb03|chb03_34.edf|001798,rel_bp_theta,0.019429588387365259,0.019429588387365259,0,True
chb03,chb03_34.edf,chb03|chb03_34.edf|001798,bp_alpha,1.351145423399699e-11,1.351145423399699e-11,0,True
chb03,chb03_34.edf,chb03|chb03_34.edf|001798,rel_bp_alpha,0.0109970350071085,0.0109970350071085,0,True
chb03,chb03_34.edf,chb03|chb03_34.edf|001798,bp_beta,1.5128001005632706e-11,1.5128001005632706e-11,0,True
chb03,chb03_34.edf,chb03|chb03_34.edf|001798,rel_bp_beta,0.012019547877831754,0.012019547877831754,0,True
chb03,chb03_34.edf,chb03|chb03_34.edf|001798,bp_gamma,9.7378672674724795e-12,9.7378672674724795e-12,0,True
chb03,chb03_34.edf,chb03|chb03_34.edf|001798,rel_bp_gamma,0.0073169652241722727,0.0073169652241722727,0,True
chb03,chb03_34.edf,chb03|chb03_34.edf|001798,spectral_entropy,1.1313621997833252,1.1313621997833252,0,True
chb03,chb03_34.edf,chb03|chb03_34.edf|001798,hjorth_activity,6.4890187667643318e-10,6.4890187667643318e-10,0,True
chb03,chb03_34.edf,chb03|chb03_34.edf|001798,hjorth_mobility,0.18470820784568787,0.18470820784568787,0,True
chb03,chb03_34.edf,chb03|chb03_34.edf|001798,hjorth_complexity,1.5149490833282471,1.5149490833282471,0,True
chb03,chb03_34.edf,chb03|chb03_34.edf|001798,line_length,0.0068513709120452404,0.0068513709120452404,0,True
chb03,chb03_34.edf,chb03|chb03_34.edf|001798,rms_amplitude,2.3847795091569424e-05,2.3847795091569424e-05,0,True
chb03,chb03_34.edf,chb03|chb03_34.edf|001798,variance,6.4890187667643318e-10,6.4890187667643318e-10,0,True
chb03,chb03_34.edf,chb03|chb03_34.edf|001798,zero_crossing_rate,0.11962890625,0.11962890625,0,True
chb03,chb03_34.edf,chb03|chb03_34.edf|001798,skewness,0.10038878188061062,0.10038878188061062,0,True
chb03,chb03_34.edf,chb03|chb03_34.edf|001798,kurtosis,0.28435987234115601,0.28435987234115601,0,True
chb03,chb03_35.edf,chb03|chb03_35.edf|000000,bp_delta,1.1209165417985526e-10,1.1209165417985526e-10,0,True
chb03,chb03_35.edf,chb03|chb03_35.edf|000000,rel_bp_delta,0.086463131599564078,0.086463131599564078,0,True
chb03,chb03_35.edf,chb03|chb03_35.edf|000000,bp_theta,3.5239122048895024e-11,3.5239122048895024e-11,0,True
chb03,chb03_35.edf,chb03|chb03_35.edf|000000,rel_bp_theta,0.027685835246848593,0.027685835246848593,0,True
chb03,chb03_35.edf,chb03|chb03_35.edf|000000,bp_alpha,4.0703753518764318e-11,4.0703753518764318e-11,0,True
chb03,chb03_35.edf,chb03|chb03_35.edf|000000,rel_bp_alpha,0.031421123259279239,0.031421123259279239,0,True
chb03,chb03_35.edf,chb03|chb03_35.edf|000000,bp_beta,3.4271459258979287e-11,3.4271459258979287e-11,0,True
chb03,chb03_35.edf,chb03|chb03_35.edf|000000,rel_bp_beta,0.026038842425260302,0.026038842425260302,0,True
chb03,chb03_35.edf,chb03|chb03_35.edf|000000,bp_gamma,6.9793454584138024e-12,6.9793454584138024e-12,0,True
chb03,chb03_35.edf,chb03|chb03_35.edf|000000,rel_bp_gamma,0.0051001407194642637,0.0051001407194642637,0,True
chb03,chb03_35.edf,chb03|chb03_35.edf|000000,spectral_entropy,1.2931618690490723,1.2931618690490723,0,True
chb03,chb03_35.edf,chb03|chb03_35.edf|000000,hjorth_activity,6.3087934876193685e-10,6.3087934876193685e-10,0,True
chb03,chb03_35.edf,chb03|chb03_35.edf|000000,hjorth_mobility,0.19820503890514374,0.19820503890514374,0,True
chb03,chb03_35.edf,chb03|chb03_35.edf|000000,hjorth_complexity,1.3847376108169556,1.3847376108169556,0,True
chb03,chb03_35.edf,chb03|chb03_35.edf|000000,line_length,0.0071736988611519337,0.0071736988611519337,0,True
chb03,chb03_35.edf,chb03|chb03_35.edf|000000,rms_amplitude,2.3125265215639956e-05,2.3125265215639956e-05,0,True
chb03,chb03_35.edf,chb03|chb03_35.edf|000000,variance,6.3087934876193685e-10,6.3087934876193685e-10,0,True
chb03,chb03_35.edf,chb03|chb03_35.edf|000000,zero_crossing_rate,0.11412464488636363,0.11412464488636363,0,True
chb03,chb03_35.edf,chb03|chb03_35.edf|000000,skewness,0.12237493211234157,0.12237493211234157,0,True
chb03,chb03_35.edf,chb03|chb03_35.edf|000000,kurtosis,0.48025491833686829,0.48025491833686829,0,True
chb03,chb03_35.edf,chb03|chb03_35.edf|000899,bp_delta,3.7787490324292516e-10,3.7787490324292516e-10,0,True
chb03,chb03_35.edf,chb03|chb03_35.edf|000899,rel_bp_delta,0.23989411162238714,0.23989411162238714,0,True
chb03,chb03_35.edf,chb03|chb03_35.edf|000899,bp_theta,6.8426552027133815e-11,6.8426552027133815e-11,0,True
chb03,chb03_35.edf,chb03|chb03_35.edf|000899,rel_bp_theta,0.044668684491022542,0.044668684491022542,0,True
chb03,chb03_35.edf,chb03|chb03_35.edf|000899,bp_alpha,3.2538867497884331e-11,3.2538867497884331e-11,0,True
chb03,chb03_35.edf,chb03|chb03_35.edf|000899,rel_bp_alpha,0.020868105567206276,0.020868105567206276,0,True
chb03,chb03_35.edf,chb03|chb03_35.edf|000899,bp_beta,1.2226974735345791e-11,1.2226974735345791e-11,0,True
chb03,chb03_35.edf,chb03|chb03_35.edf|000899,rel_bp_beta,0.0080763627979463411,0.0080763627979463411,0,True
chb03,chb03_35.edf,chb03|chb03_35.edf|000899,bp_gamma,9.2351691796555995e-12,9.2351691796555995e-12,0,True
chb03,chb03_35.edf,chb03|chb03_35.edf|000899,rel_bp_gamma,0.0063241128265697387,0.0063241128265697387,0,True
chb03,chb03_35.edf,chb03|chb03_35.edf|000899,spectral_entropy,1.672613263130188,1.672613263130188,0,True
chb03,chb03_35.edf,chb03|chb03_35.edf|000899,hjorth_activity,1.0450141862961004e-09,1.0450141862961004e-09,0,True
chb03,chb03_35.edf,chb03|chb03_35.edf|000899,hjorth_mobility,0.15742707252502441,0.15742707252502441,0,True
chb03,chb03_35.edf,chb03|chb03_35.edf|000899,hjorth_complexity,1.6549659967422485,1.6549659967422485,0,True
chb03,chb03_35.edf,chb03|chb03_35.edf|000899,line_length,0.0066389250569045544,0.0066389250569045544,0,True
chb03,chb03_35.edf,chb03|chb03_35.edf|000899,rms_amplitude,3.164462759741582e-05,3.164462759741582e-05,0,True
chb03,chb03_35.edf,chb03|chb03_35.edf|000899,variance,1.0450141862961004e-09,1.0450141862961004e-09,0,True
chb03,chb03_35.edf,chb03|chb03_35.edf|000899,zero_crossing_rate,0.074973366477272721,0.074973366477272721,0,True
chb03,chb03_35.edf,chb03|chb03_35.edf|000899,skewness,0.078240049325607033,0.078240049325607033,0,True
chb03,chb03_35.edf,chb03|chb03_35.edf|000899,kurtosis,-0.054743234068155289,-0.054743234068155289,0,True
chb03,chb03_35.edf,chb03|chb03_35.edf|001798,bp_delta,4.4595428478483301e-11,4.4595428478483301e-11,0,True
chb03,chb03_35.edf,chb03|chb03_35.edf|001798,rel_bp_delta,0.040522161501541004,0.040522161501541004,0,True
chb03,chb03_35.edf,chb03|chb03_35.edf|001798,bp_theta,1.8927436086249834e-11,1.8927436086249834e-11,0,True
chb03,chb03_35.edf,chb03|chb03_35.edf|001798,rel_bp_theta,0.017178160101490082,0.017178160101490082,0,True
chb03,chb03_35.edf,chb03|chb03_35.edf|001798,bp_alpha,1.1340641189750198e-11,1.1340641189750198e-11,0,True
chb03,chb03_35.edf,chb03|chb03_35.edf|001798,rel_bp_alpha,0.010266495190906161,0.010266495190906161,0,True
chb03,chb03_35.edf,chb03|chb03_35.edf|001798,bp_beta,6.2330086170010915e-12,6.2330086170010915e-12,0,True
chb03,chb03_35.edf,chb03|chb03_35.edf|001798,rel_bp_beta,0.0055994888025369879,0.0055994888025369879,0,True
chb03,chb03_35.edf,chb03|chb03_35.edf|001798,bp_gamma,5.209380642650708e-12,5.209380642650708e-12,0,True
chb03,chb03_35.edf,chb03|chb03_35.edf|001798,rel_bp_gamma,0.004459995128312408,0.004459995128312408,0,True
chb03,chb03_35.edf,chb03|chb03_35.edf|001798,spectral_entropy,0.73253804445266724,0.73253804445266724,0,True
chb03,chb03_35.edf,chb03|chb03_35.edf|001798,hjorth_activity,1.6353071674579667e-10,1.6353071674579667e-10,0,True
chb03,chb03_35.edf,chb03|chb03_35.edf|001798,hjorth_mobility,0.17094232141971588,0.17094232141971588,0,True
chb03,chb03_35.edf,chb03|chb03_35.edf|001798,hjorth_complexity,1.3842883110046387,1.3842883110046387,0,True
chb03,chb03_35.edf,chb03|chb03_35.edf|001798,line_length,0.0055556888692080975,0.0055556888692080975,0,True
chb03,chb03_35.edf,chb03|chb03_35.edf|001798,rms_amplitude,1.1738139619410504e-05,1.1738139619410504e-05,0,True
chb03,chb03_35.edf,chb03|chb03_35.edf|001798,variance,1.6353071674579667e-10,1.6353071674579667e-10,0,True
chb03,chb03_35.edf,chb03|chb03_35.edf|001798,zero_crossing_rate,0.15669389204545456,0.15669389204545456,0,True
chb03,chb03_35.edf,chb03|chb03_35.edf|001798,skewness,0.042567673816599629,0.042567673816599629,0,True
chb03,chb03_35.edf,chb03|chb03_35.edf|001798,kurtosis,0.36173722147941589,0.36173722147941589,0,True
chb03,chb03_36.edf,chb03|chb03_36.edf|000000,bp_delta,1.8820866404982051e-09,1.8820866404982051e-09,0,True
chb03,chb03_36.edf,chb03|chb03_36.edf|000000,rel_bp_delta,0.39373030985213381,0.39373030985213381,0,True
chb03,chb03_36.edf,chb03|chb03_36.edf|000000,bp_theta,2.2412558439127074e-10,2.2412558439127074e-10,0,True
chb03,chb03_36.edf,chb03|chb03_36.edf|000000,rel_bp_theta,0.051504914595946083,0.051504914595946083,0,True
chb03,chb03_36.edf,chb03|chb03_36.edf|000000,bp_alpha,6.9917838271031177e-11,6.9917838271031177e-11,0,True
chb03,chb03_36.edf,chb03|chb03_36.edf|000000,rel_bp_alpha,0.023102774347298936,0.023102774347298936,0,True
chb03,chb03_36.edf,chb03|chb03_36.edf|000000,bp_beta,6.4442154898841248e-11,6.4442154898841248e-11,0,True
chb03,chb03_36.edf,chb03|chb03_36.edf|000000,rel_bp_beta,0.026718897736294246,0.026718897736294246,0,True
chb03,chb03_36.edf,chb03|chb03_36.edf|000000,bp_gamma,7.1661600062277621e-11,7.1661600062277621e-11,0,True
chb03,chb03_36.edf,chb03|chb03_36.edf|000000,rel_bp_gamma,0.032815581327404988,0.032815581327404988,0,True
chb03,chb03_36.edf,chb03|chb03_36.edf|000000,spectral_entropy,2.1837449073791504,2.1837449073791504,0,True
chb03,chb03_36.edf,chb03|chb03_36.edf|000000,hjorth_activity,4.322167512782471e-09,4.322167512782471e-09,0,True
chb03,chb03_36.edf,chb03|chb03_36.edf|000000,hjorth_mobility,0.24917478859424591,0.24917478859424591,0,True
chb03,chb03_36.edf,chb03|chb03_36.edf|000000,hjorth_complexity,2.5111496448516846,2.5111496448516846,0,True
chb03,chb03_36.edf,chb03|chb03_36.edf|000000,line_length,0.010906675830483437,0.010906675830483437,0,True
chb03,chb03_36.edf,chb03|chb03_36.edf|000000,rms_amplitude,5.6913202570285648e-05,5.6913202570285648e-05,0,True
chb03,chb03_36.edf,chb03|chb03_36.edf|000000,variance,4.322167512782471e-09,4.322167512782471e-09,0,True
chb03,chb03_36.edf,chb03|chb03_36.edf|000000,zero_crossing_rate,0.11976207386363637,0.11976207386363637,0,True
chb03,chb03_36.edf,chb03|chb03_36.edf|000000,skewness,-0.022889919579029083,-0.022889919579029083,0,True
chb03,chb03_36.edf,chb03|chb03_36.edf|000000,kurtosis,3.2166717052459717,3.2166717052459717,0,True
chb03,chb03_36.edf,chb03|chb03_36.edf|000899,bp_delta,4.5349215039746198e-09,4.5349215039746198e-09,0,True
chb03,chb03_36.edf,chb03|chb03_36.edf|000899,rel_bp_delta,0.57701031818399728,0.57701031818399728,0,True
chb03,chb03_36.edf,chb03|chb03_36.edf|000899,bp_theta,4.1561314585587941e-10,4.1561314585587941e-10,0,True
chb03,chb03_36.edf,chb03|chb03_36.edf|000899,rel_bp_theta,0.072423903665514239,0.072423903665514239,0,True
chb03,chb03_36.edf,chb03|chb03_36.edf|000899,bp_alpha,1.2406744400581424e-10,1.2406744400581424e-10,0,True
chb03,chb03_36.edf,chb03|chb03_36.edf|000899,rel_bp_alpha,0.02411069796408298,0.02411069796408298,0,True
chb03,chb03_36.edf,chb03|chb03_36.edf|000899,bp_beta,1.1376014259438217e-10,1.1376014259438217e-10,0,True
chb03,chb03_36.edf,chb03|chb03_36.edf|000899,rel_bp_beta,0.025921609123890198,0.025921609123890198,0,True
chb03,chb03_36.edf,chb03|chb03_36.edf|000899,bp_gamma,9.9755451713482845e-11,9.9755451713482845e-11,0,True
chb03,chb03_36.edf,chb03|chb03_36.edf|000899,rel_bp_gamma,0.022936296600146643,0.022936296600146643,0,True
chb03,chb03_36.edf,chb03|chb03_36.edf|000899,spectral_entropy,2.4794812202453613,2.4794812202453613,0,True
chb03,chb03_36.edf,chb03|chb03_36.edf|000899,hjorth_activity,1.201300925401938e-08,1.201300925401938e-08,0,True
chb03,chb03_36.edf,chb03|chb03_36.edf|000899,hjorth_mobility,0.29745346307754517,0.29745346307754517,0,True
chb03,chb03_36.edf,chb03|chb03_36.edf|000899,hjorth_complexity,3.7687685489654541,3.7687685489654541,0,True
chb03,chb03_36.edf,chb03|chb03_36.edf|000899,line_length,0.014392879791557789,0.014392879791557789,0,True
chb03,chb03_36.edf,chb03|chb03_36.edf|000899,rms_amplitude,9.6571588073857129e-05,9.6571588073857129e-05,0,True
chb03,chb03_36.edf,chb03|chb03_36.edf|000899,variance,1.201300925401938e-08,1.201300925401938e-08,0,True
chb03,chb03_36.edf,chb03|chb03_36.edf|000899,zero_crossing_rate,0.066450639204545456,0.066450639204545456,0,True
chb03,chb03_36.edf,chb03|chb03_36.edf|000899,skewness,-0.1195712421851402,-0.1195712421851402,0,True
chb03,chb03_36.edf,chb03|chb03_36.edf|000899,kurtosis,1.6688613891601562,1.6688613891601562,0,True
chb03,chb03_36.edf,chb03|chb03_36.edf|001798,bp_delta,5.1565361848684485e-11,5.1565361848684485e-11,0,True
chb03,chb03_36.edf,chb03|chb03_36.edf|001798,rel_bp_delta,0.04422550852912184,0.04422550852912184,0,True
chb03,chb03_36.edf,chb03|chb03_36.edf|001798,bp_theta,2.6851902961245632e-11,2.6851902961245632e-11,0,True
chb03,chb03_36.edf,chb03|chb03_36.edf|001798,rel_bp_theta,0.02230508845670845,0.02230508845670845,0,True
chb03,chb03_36.edf,chb03|chb03_36.edf|001798,bp_alpha,1.1907528213233806e-11,1.1907528213233806e-11,0,True
chb03,chb03_36.edf,chb03|chb03_36.edf|001798,rel_bp_alpha,0.0096093560810697771,0.0096093560810697771,0,True
chb03,chb03_36.edf,chb03|chb03_36.edf|001798,bp_beta,2.3193446334440998e-11,2.3193446334440998e-11,0,True
chb03,chb03_36.edf,chb03|chb03_36.edf|001798,rel_bp_beta,0.014406687011743696,0.014406687011743696,0,True
chb03,chb03_36.edf,chb03|chb03_36.edf|001798,bp_gamma,9.1276262503354894e-11,9.1276262503354894e-11,0,True
chb03,chb03_36.edf,chb03|chb03_36.edf|001798,rel_bp_gamma,0.036288469304335387,0.036288469304335387,0,True
chb03,chb03_36.edf,chb03|chb03_36.edf|001798,spectral_entropy,1.1129206418991089,1.1129206418991089,0,True
chb03,chb03_36.edf,chb03|chb03_36.edf|001798,hjorth_activity,4.6630671546310509e-10,4.6630671546310509e-10,0,True
chb03,chb03_36.edf,chb03|chb03_36.edf|001798,hjorth_mobility,0.332842618227005,0.332842618227005,0,True
chb03,chb03_36.edf,chb03|chb03_36.edf|001798,hjorth_complexity,1.4590849876403809,1.4590849876403809,0,True
chb03,chb03_36.edf,chb03|chb03_36.edf|001798,line_length,0.013029300607740879,0.013029300607740879,0,True
chb03,chb03_36.edf,chb03|chb03_36.edf|001798,rms_amplitude,1.7072201444534585e-05,1.7072201444534585e-05,0,True
chb03,chb03_36.edf,chb03|chb03_36.edf|001798,variance,4.6630671546310509e-10,4.6630671546310509e-10,0,True
chb03,chb03_36.edf,chb03|chb03_36.edf|001798,zero_crossing_rate,0.24942294034090909,0.24942294034090909,0,True
chb03,chb03_36.edf,chb03|chb03_36.edf|001798,skewness,0.0064460607245564461,0.0064460607245564461,0,True
chb03,chb03_36.edf,chb03|chb03_36.edf|001798,kurtosis,0.17411206662654877,0.17411206662654877,0,True
chb03,chb03_37.edf,chb03|chb03_37.edf|000000,bp_delta,1.182661634245795e-09,1.182661634245795e-09,0,True
chb03,chb03_37.edf,chb03|chb03_37.edf|000000,rel_bp_delta,0.26535341046883887,0.26535341046883887,0,True
chb03,chb03_37.edf,chb03|chb03_37.edf|000000,bp_theta,1.6510611380982182e-10,1.6510611380982182e-10,0,True
chb03,chb03_37.edf,chb03|chb03_37.edf|000000,rel_bp_theta,0.046174986408716777,0.046174986408716777,0,True
chb03,chb03_37.edf,chb03|chb03_37.edf|000000,bp_alpha,2.5285384556943946e-11,2.5285384556943946e-11,0,True
chb03,chb03_37.edf,chb03|chb03_37.edf|000000,rel_bp_alpha,0.011450946645794718,0.011450946645794718,0,True
chb03,chb03_37.edf,chb03|chb03_37.edf|000000,bp_beta,7.6928562567863326e-11,7.6928562567863326e-11,0,True
chb03,chb03_37.edf,chb03|chb03_37.edf|000000,rel_bp_beta,0.038662064382184488,0.038662064382184488,0,True
chb03,chb03_37.edf,chb03|chb03_37.edf|000000,bp_gamma,6.6688697229747213e-11,6.6688697229747213e-11,0,True
chb03,chb03_37.edf,chb03|chb03_37.edf|000000,rel_bp_gamma,0.029593669224326533,0.029593669224326533,0,True
chb03,chb03_37.edf,chb03|chb03_37.edf|000000,spectral_entropy,1.8722716569900513,1.8722716569900513,0,True
chb03,chb03_37.edf,chb03|chb03_37.edf|000000,hjorth_activity,3.4139737703497985e-09,3.4139737703497985e-09,0,True
chb03,chb03_37.edf,chb03|chb03_37.edf|000000,hjorth_mobility,0.25799855589866638,0.25799855589866638,0,True
chb03,chb03_37.edf,chb03|chb03_37.edf|000000,hjorth_complexity,2.0705301761627197,2.0705301761627197,0,True
chb03,chb03_37.edf,chb03|chb03_37.edf|000000,line_length,0.0095042204484343529,0.0095042204484343529,0,True
chb03,chb03_37.edf,chb03|chb03_37.edf|000000,rms_amplitude,4.4877164327772334e-05,4.4877164327772334e-05,0,True
chb03,chb03_37.edf,chb03|chb03_37.edf|000000,variance,3.4139737703497985e-09,3.4139737703497985e-09,0,True
chb03,chb03_37.edf,chb03|chb03_37.edf|000000,zero_crossing_rate,0.16020063920454544,0.16020063920454544,0,True
chb03,chb03_37.edf,chb03|chb03_37.edf|000000,skewness,0.64619044959545135,0.64619044959545135,0,True
chb03,chb03_37.edf,chb03|chb03_37.edf|000000,kurtosis,2.5752530097961426,2.5752530097961426,0,True
chb03,chb03_37.edf,chb03|chb03_37.edf|000899,bp_delta,1.1712934933632302e-10,1.1712934933632302e-10,0,True
chb03,chb03_37.edf,chb03|chb03_37.edf|000899,rel_bp_delta,0.081267015355109495,0.081267015355109495,0,True
chb03,chb03_37.edf,chb03|chb03_37.edf|000899,bp_theta,2.7590085149640497e-11,2.7590085149640497e-11,0,True
chb03,chb03_37.edf,chb03|chb03_37.edf|000899,rel_bp_theta,0.020368283506379873,0.020368283506379873,0,True
chb03,chb03_37.edf,chb03|chb03_37.edf|000899,bp_alpha,1.3550729113953907e-11,1.3550729113953907e-11,0,True
chb03,chb03_37.edf,chb03|chb03_37.edf|000899,rel_bp_alpha,0.011582435548613894,0.011582435548613894,0,True
chb03,chb03_37.edf,chb03|chb03_37.edf|000899,bp_beta,2.9874507399653237e-11,2.9874507399653237e-11,0,True
chb03,chb03_37.edf,chb03|chb03_37.edf|000899,rel_bp_beta,0.024420784399381012,0.024420784399381012,0,True
chb03,chb03_37.edf,chb03|chb03_37.edf|000899,bp_gamma,2.3150631428704306e-11,2.3150631428704306e-11,0,True
chb03,chb03_37.edf,chb03|chb03_37.edf|000899,rel_bp_gamma,0.018508390746456702,0.018508390746456702,0,True
chb03,chb03_37.edf,chb03|chb03_37.edf|000899,spectral_entropy,1.1209182739257812,1.1209182739257812,0,True
chb03,chb03_37.edf,chb03|chb03_37.edf|000899,hjorth_activity,2.6225083216147027e-10,2.6225083216147027e-10,0,True
chb03,chb03_37.edf,chb03|chb03_37.edf|000899,hjorth_mobility,0.19524325430393219,0.19524325430393219,0,True
chb03,chb03_37.edf,chb03|chb03_37.edf|000899,hjorth_complexity,1.4267462491989136,1.4267462491989136,0,True
chb03,chb03_37.edf,chb03|chb03_37.edf|000899,line_length,0.005541462916880846,0.005541462916880846,0,True
chb03,chb03_37.edf,chb03|chb03_37.edf|000899,rms_amplitude,1.4611891856475268e-05,1.4611891856475268e-05,0,True
chb03,chb03_37.edf,chb03|chb03_37.edf|000899,variance,2.6225083216147027e-10,2.6225083216147027e-10,0,True
chb03,chb03_37.edf,chb03|chb03_37.edf|000899,zero_crossing_rate,0.19078480113636365,0.19078480113636365,0,True
chb03,chb03_37.edf,chb03|chb03_37.edf|000899,skewness,0.73556390794163395,0.73556390794163395,0,True
chb03,chb03_37.edf,chb03|chb03_37.edf|000899,kurtosis,3.706432580947876,3.706432580947876,0,True
chb03,chb03_37.edf,chb03|chb03_37.edf|001798,bp_delta,4.0441637373214457e-11,4.0441637373214457e-11,0,True
chb03,chb03_37.edf,chb03|chb03_37.edf|001798,rel_bp_delta,0.036619729280461991,0.036619729280461991,0,True
chb03,chb03_37.edf,chb03|chb03_37.edf|001798,bp_theta,2.3876356004964786e-11,2.3876356004964786e-11,0,True
chb03,chb03_37.edf,chb03|chb03_37.edf|001798,rel_bp_theta,0.02151353645913576,0.02151353645913576,0,True
chb03,chb03_37.edf,chb03|chb03_37.edf|001798,bp_alpha,1.2030619014023747e-11,1.2030619014023747e-11,0,True
chb03,chb03_37.edf,chb03|chb03_37.edf|001798,rel_bp_alpha,0.010855321952715165,0.010855321952715165,0,True
chb03,chb03_37.edf,chb03|chb03_37.edf|001798,bp_beta,1.8200989822094177e-11,1.8200989822094177e-11,0,True
chb03,chb03_37.edf,chb03|chb03_37.edf|001798,rel_bp_beta,0.015903974061957218,0.015903974061957218,0,True
chb03,chb03_37.edf,chb03|chb03_37.edf|001798,bp_gamma,8.8295490916911791e-12,8.8295490916911791e-12,0,True
chb03,chb03_37.edf,chb03|chb03_37.edf|001798,rel_bp_gamma,0.0077463282089185763,0.0077463282089185763,0,True
chb03,chb03_37.edf,chb03|chb03_37.edf|001798,spectral_entropy,0.80874925851821899,0.80874925851821899,0,True
chb03,chb03_37.edf,chb03|chb03_37.edf|001798,hjorth_activity,1.7307956456935614e-10,1.7307956456935614e-10,0,True
chb03,chb03_37.edf,chb03|chb03_37.edf|001798,hjorth_mobility,0.16338974237442017,0.16338974237442017,0,True
chb03,chb03_37.edf,chb03|chb03_37.edf|001798,hjorth_complexity,1.4826477766036987,1.4826477766036987,0,True
chb03,chb03_37.edf,chb03|chb03_37.edf|001798,line_length,0.00447103101760149,0.00447103101760149,0,True
chb03,chb03_37.edf,chb03|chb03_37.edf|001798,rms_amplitude,1.305299792875303e-05,1.305299792875303e-05,0,True
chb03,chb03_37.edf,chb03|chb03_37.edf|001798,variance,1.7307956456935614e-10,1.7307956456935614e-10,0,True
chb03,chb03_37.edf,chb03|chb03_37.edf|001798,zero_crossing_rate,0.14089133522727273,0.14089133522727273,0,True
chb03,chb03_37.edf,chb03|chb03_37.edf|001798,skewness,0.090545938858254391,0.090545938858254391,0,True
chb03,chb03_37.edf,chb03|chb03_37.edf|001798,kurtosis,0.11492765694856644,0.11492765694856644,0,True
chb03,chb03_38.edf,chb03|chb03_38.edf|000000,bp_delta,3.8858797591464032e-11,3.8858797591464032e-11,0,True
chb03,chb03_38.edf,chb03|chb03_38.edf|000000,rel_bp_delta,0.034995101840546182,0.034995101840546182,0,True
chb03,chb03_38.edf,chb03|chb03_38.edf|000000,bp_theta,3.0496789102101649e-11,3.0496789102101649e-11,0,True
chb03,chb03_38.edf,chb03|chb03_38.edf|000000,rel_bp_theta,0.027331588413758191,0.027331588413758191,0,True
chb03,chb03_38.edf,chb03|chb03_38.edf|000000,bp_alpha,1.240666339860507e-11,1.240666339860507e-11,0,True
chb03,chb03_38.edf,chb03|chb03_38.edf|000000,rel_bp_alpha,0.011120731622870595,0.011120731622870595,0,True
chb03,chb03_38.edf,chb03|chb03_38.edf|000000,bp_beta,1.1463396863956635e-11,1.1463396863956635e-11,0,True
chb03,chb03_38.edf,chb03|chb03_38.edf|000000,rel_bp_beta,0.010216942614661297,0.010216942614661297,0,True
chb03,chb03_38.edf,chb03|chb03_38.edf|000000,bp_gamma,1.2229992999417969e-11,1.2229992999417969e-11,0,True
chb03,chb03_38.edf,chb03|chb03_38.edf|000000,rel_bp_gamma,0.010637670979433848,0.010637670979433848,0,True
chb03,chb03_38.edf,chb03|chb03_38.edf|000000,spectral_entropy,0.83025705814361572,0.83025705814361572,0,True
chb03,chb03_38.edf,chb03|chb03_38.edf|000000,hjorth_activity,1.775556923711008e-10,1.775556923711008e-10,0,True
chb03,chb03_38.edf,chb03|chb03_38.edf|000000,hjorth_mobility,0.18022677302360535,0.18022677302360535,0,True
chb03,chb03_38.edf,chb03|chb03_38.edf|000000,hjorth_complexity,1.3627264499664307,1.3627264499664307,0,True
chb03,chb03_38.edf,chb03|chb03_38.edf|000000,line_length,0.0047920611687004566,0.0047920611687004566,0,True
chb03,chb03_38.edf,chb03|chb03_38.edf|000000,rms_amplitude,1.3514595593733247e-05,1.3514595593733247e-05,0,True
chb03,chb03_38.edf,chb03|chb03_38.edf|000000,variance,1.775556923711008e-10,1.775556923711008e-10,0,True
chb03,chb03_38.edf,chb03|chb03_38.edf|000000,zero_crossing_rate,0.13902698863636365,0.13902698863636365,0,True
chb03,chb03_38.edf,chb03|chb03_38.edf|000000,skewness,0.026624453550373964,0.026624453550373964,0,True
chb03,chb03_38.edf,chb03|chb03_38.edf|000000,kurtosis,1.7315047979354858,1.7315047979354858,0,True
chb03,chb03_38.edf,chb03|chb03_38.edf|000899,bp_delta,1.8274877111511519e-10,1.8274877111511519e-10,0,True
chb03,chb03_38.edf,chb03|chb03_38.edf|000899,rel_bp_delta,0.1086024788465227,0.1086024788465227,0,True
chb03,chb03_38.edf,chb03|chb03_38.edf|000899,bp_theta,3.5953810251374383e-11,3.5953810251374383e-11,0,True
chb03,chb03_38.edf,chb03|chb03_38.edf|000899,rel_bp_theta,0.025747883063881902,0.025747883063881902,0,True
chb03,chb03_38.edf,chb03|chb03_38.edf|000899,bp_alpha,3.9766563521784505e-11,3.9766563521784505e-11,0,True
chb03,chb03_38.edf,chb03|chb03_38.edf|000899,rel_bp_alpha,0.030695333934892401,0.030695333934892401,0,True
chb03,chb03_38.edf,chb03|chb03_38.edf|000899,bp_beta,5.4705928229463527e-11,5.4705928229463527e-11,0,True
chb03,chb03_38.edf,chb03|chb03_38.edf|000899,rel_bp_beta,0.037041887247186982,0.037041887247186982,0,True
chb03,chb03_38.edf,chb03|chb03_38.edf|000899,bp_gamma,5.0343658192993085e-11,5.0343658192993085e-11,0,True
chb03,chb03_38.edf,chb03|chb03_38.edf|000899,rel_bp_gamma,0.032582253707426886,0.032582253707426886,0,True
chb03,chb03_38.edf,chb03|chb03_38.edf|000899,spectral_entropy,1.6177299022674561,1.6177299022674561,0,True
chb03,chb03_38.edf,chb03|chb03_38.edf|000899,hjorth_activity,4.9100568055848726e-10,4.9100568055848726e-10,0,True
chb03,chb03_38.edf,chb03|chb03_38.edf|000899,hjorth_mobility,0.27385157346725464,0.27385157346725464,0,True
chb03,chb03_38.edf,chb03|chb03_38.edf|000899,hjorth_complexity,1.5896866321563721,1.5896866321563721,0,True
chb03,chb03_38.edf,chb03|chb03_38.edf|000899,line_length,0.0083390204235911369,0.0083390204235911369,0,True
chb03,chb03_38.edf,chb03|chb03_38.edf|000899,rms_amplitude,2.0233517716405913e-05,2.0233517716405913e-05,0,True
chb03,chb03_38.edf,chb03|chb03_38.edf|000899,variance,4.9100568055848726e-10,4.9100568055848726e-10,0,True
chb03,chb03_38.edf,chb03|chb03_38.edf|000899,zero_crossing_rate,0.20050603693181818,0.20050603693181818,0,True
chb03,chb03_38.edf,chb03|chb03_38.edf|000899,skewness,0.49240865219723096,0.49240865219723096,0,True
chb03,chb03_38.edf,chb03|chb03_38.edf|000899,kurtosis,2.0208263397216797,2.0208263397216797,0,True
chb03,chb03_38.edf,chb03|chb03_38.edf|001798,bp_delta,1.1591231359369984e-09,1.1591231359369984e-09,0,True
chb03,chb03_38.edf,chb03|chb03_38.edf|001798,rel_bp_delta,0.24753321674552523,0.24753321674552523,0,True
chb03,chb03_38.edf,chb03|chb03_38.edf|001798,bp_theta,2.7069129362352571e-10,2.7069129362352571e-10,0,True
chb03,chb03_38.edf,chb03|chb03_38.edf|001798,rel_bp_theta,0.061957644614581288,0.061957644614581288,0,True
chb03,chb03_38.edf,chb03|chb03_38.edf|001798,bp_alpha,3.7575747699004584e-11,3.7575747699004584e-11,0,True
chb03,chb03_38.edf,chb03|chb03_38.edf|001798,rel_bp_alpha,0.014309539821903678,0.014309539821903678,0,True
chb03,chb03_38.edf,chb03|chb03_38.edf|001798,bp_beta,1.1634550195942181e-10,1.1634550195942181e-10,0,True
chb03,chb03_38.edf,chb03|chb03_38.edf|001798,rel_bp_beta,0.051879018099461272,0.051879018099461272,0,True
chb03,chb03_38.edf,chb03|chb03_38.edf|001798,bp_gamma,1.1506351210805905e-10,1.1506351210805905e-10,0,True
chb03,chb03_38.edf,chb03|chb03_38.edf|001798,rel_bp_gamma,0.051388104701078553,0.051388104701078553,0,True
chb03,chb03_38.edf,chb03|chb03_38.edf|001798,spectral_entropy,2.1224141120910645,2.1224141120910645,0,True
chb03,chb03_38.edf,chb03|chb03_38.edf|001798,hjorth_activity,2.2643182884252155e-09,2.2643182884252155e-09,0,True
chb03,chb03_38.edf,chb03|chb03_38.edf|001798,hjorth_mobility,0.24876493215560913,0.24876493215560913,0,True
chb03,chb03_38.edf,chb03|chb03_38.edf|001798,hjorth_complexity,1.8247314691543579,1.8247314691543579,0,True
chb03,chb03_38.edf,chb03|chb03_38.edf|001798,line_length,0.010023948736488819,0.010023948736488819,0,True
chb03,chb03_38.edf,chb03|chb03_38.edf|001798,rms_amplitude,3.8275324186543003e-05,3.8275324186543003e-05,0,True
chb03,chb03_38.edf,chb03|chb03_38.edf|001798,variance,2.2643182884252155e-09,2.2643182884252155e-09,0,True
chb03,chb03_38.edf,chb03|chb03_38.edf|001798,zero_crossing_rate,0.16597123579545456,0.16597123579545456,0,True
chb03,chb03_38.edf,chb03|chb03_38.edf|001798,skewness,0.39834790609099646,0.39834790609099646,0,True
chb03,chb03_38.edf,chb03|chb03_38.edf|001798,kurtosis,3.7318613529205322,3.7318613529205322,0,True
chb05,chb05_01.edf,chb05|chb05_01.edf|000000,bp_delta,1.8868764552709191e-09,1.8868764552709191e-09,0,True
chb05,chb05_01.edf,chb05|chb05_01.edf|000000,rel_bp_delta,0.4574061450405475,0.4574061450405475,0,True
chb05,chb05_01.edf,chb05|chb05_01.edf|000000,bp_theta,5.7352355980685998e-10,5.7352355980685998e-10,0,True
chb05,chb05_01.edf,chb05|chb05_01.edf|000000,rel_bp_theta,0.15994722248853688,0.15994722248853688,0,True
chb05,chb05_01.edf,chb05|chb05_01.edf|000000,bp_alpha,4.4388332449000779e-11,4.4388332449000779e-11,0,True
chb05,chb05_01.edf,chb05|chb05_01.edf|000000,rel_bp_alpha,0.0143988973676605,0.0143988973676605,0,True
chb05,chb05_01.edf,chb05|chb05_01.edf|000000,bp_beta,8.6875732807622334e-11,8.6875732807622334e-11,0,True
chb05,chb05_01.edf,chb05|chb05_01.edf|000000,rel_bp_beta,0.025943313060343653,0.025943313060343653,0,True
chb05,chb05_01.edf,chb05|chb05_01.edf|000000,bp_gamma,5.5838704214005356e-11,5.5838704214005356e-11,0,True
chb05,chb05_01.edf,chb05|chb05_01.edf|000000,rel_bp_gamma,0.016535899120228147,0.016535899120228147,0,True
chb05,chb05_01.edf,chb05|chb05_01.edf|000000,spectral_entropy,2.5054275989532471,2.5054275989532471,0,True
chb05,chb05_01.edf,chb05|chb05_01.edf|000000,hjorth_activity,3.5980483037434396e-09,3.5980483037434396e-09,0,True
chb05,chb05_01.edf,chb05|chb05_01.edf|000000,hjorth_mobility,0.16211789846420288,0.16211789846420288,0,True
chb05,chb05_01.edf,chb05|chb05_01.edf|000000,hjorth_complexity,1.897489070892334,1.897489070892334,0,True
chb05,chb05_01.edf,chb05|chb05_01.edf|000000,line_length,0.0083158621564507484,0.0083158621564507484,0,True
chb05,chb05_01.edf,chb05|chb05_01.edf|000000,rms_amplitude,5.6214652431663126e-05,5.6214652431663126e-05,0,True
chb05,chb05_01.edf,chb05|chb05_01.edf|000000,variance,3.5980483037434396e-09,3.5980483037434396e-09,0,True
chb05,chb05_01.edf,chb05|chb05_01.edf|000000,zero_crossing_rate,0.080877130681818177,0.080877130681818177,0,True
chb05,chb05_01.edf,chb05|chb05_01.edf|000000,skewness,0.23522385482845659,0.23522385482845659,0,True
chb05,chb05_01.edf,chb05|chb05_01.edf|000000,kurtosis,2.3992500305175781,2.3992500305175781,0,True
chb05,chb05_01.edf,chb05|chb05_01.edf|000902,bp_delta,1.2310929412890309e-09,1.2310929412890309e-09,0,True
chb05,chb05_01.edf,chb05|chb05_01.edf|000902,rel_bp_delta,0.36412388543433,0.36412388543433,0,True
chb05,chb05_01.edf,chb05|chb05_01.edf|000902,bp_theta,3.9653092820012383e-10,3.9653092820012383e-10,0,True
chb05,chb05_01.edf,chb05|chb05_01.edf|000902,rel_bp_theta,0.1333157484269096,0.1333157484269096,0,True
chb05,chb05_01.edf,chb05|chb05_01.edf|000902,bp_alpha,4.5404171209569398e-11,4.5404171209569398e-11,0,True
chb05,chb05_01.edf,chb05|chb05_01.edf|000902,rel_bp_alpha,0.015106294665262004,0.015106294665262004,0,True
chb05,chb05_01.edf,chb05|chb05_01.edf|000902,bp_beta,2.1478726137424381e-10,2.1478726137424381e-10,0,True
chb05,chb05_01.edf,chb05|chb05_01.edf|000902,rel_bp_beta,0.064483721968850702,0.064483721968850702,0,True
chb05,chb05_01.edf,chb05|chb05_01.edf|000902,bp_gamma,1.2001580711956883e-10,1.2001580711956883e-10,0,True
chb05,chb05_01.edf,chb05|chb05_01.edf|000902,rel_bp_gamma,0.03619609054453355,0.03619609054453355,0,True
chb05,chb05_01.edf,chb05|chb05_01.edf|000902,spectral_entropy,2.7136542797088623,2.7136542797088623,0,True
chb05,chb05_01.edf,chb05|chb05_01.edf|000902,hjorth_activity,2.5376698520318541e-09,2.5376698520318541e-09,0,True
chb05,chb05_01.edf,chb05|chb05_01.edf|000902,hjorth_mobility,0.22192101180553436,0.22192101180553436,0,True
chb05,chb05_01.edf,chb05|chb05_01.edf|000902,hjorth_complexity,1.6862801313400269,1.6862801313400269,0,True
chb05,chb05_01.edf,chb05|chb05_01.edf|000902,line_length,0.010497484356164932,0.010497484356164932,0,True
chb05,chb05_01.edf,chb05|chb05_01.edf|000902,rms_amplitude,4.811312464880757e-05,4.811312464880757e-05,0,True
chb05,chb05_01.edf,chb05|chb05_01.edf|000902,variance,2.5376698520318541e-09,2.5376698520318541e-09,0,True
chb05,chb05_01.edf,chb05|chb05_01.edf|000902,zero_crossing_rate,0.090287642045454544,0.090287642045454544,0,True
chb05,chb05_01.edf,chb05|chb05_01.edf|000902,skewness,0.13308715422383763,0.13308715422383763,0,True
chb05,chb05_01.edf,chb05|chb05_01.edf|000902,kurtosis,1.2843012809753418,1.2843012809753418,0,True
chb05,chb05_01.edf,chb05|chb05_01.edf|001803,bp_delta,9.8058204327864588e-10,9.8058204327864588e-10,0,True
chb05,chb05_01.edf,chb05|chb05_01.edf|001803,rel_bp_delta,0.23921115630713635,0.23921115630713635,0,True
chb05,chb05_01.edf,chb05|chb05_01.edf|001803,bp_theta,4.8170543548316366e-10,4.8170543548316366e-10,0,True
chb05,chb05_01.edf,chb05|chb05_01.edf|001803,rel_bp_theta,0.12483305239328736,0.12483305239328736,0,True
chb05,chb05_01.edf,chb05|chb05_01.edf|001803,bp_alpha,8.0248669865946737e-11,8.0248669865946737e-11,0,True
chb05,chb05_01.edf,chb05|chb05_01.edf|001803,rel_bp_alpha,0.018557696284669623,0.018557696284669623,0,True
chb05,chb05_01.edf,chb05|chb05_01.edf|001803,bp_beta,9.0149433273385086e-10,9.0149433273385086e-10,0,True
chb05,chb05_01.edf,chb05|chb05_01.edf|001803,rel_bp_beta,0.15010505561361623,0.15010505561361623,0,True
chb05,chb05_01.edf,chb05|chb05_01.edf|001803,bp_gamma,8.4458907789660917e-10,8.4458907789660917e-10,0,True
chb05,chb05_01.edf,chb05|chb05_01.edf|001803,rel_bp_gamma,0.13954626713067,0.13954626713067,0,True
chb05,chb05_01.edf,chb05|chb05_01.edf|001803,spectral_entropy,3.5594558715820312,3.5594558715820312,0,True
chb05,chb05_01.edf,chb05|chb05_01.edf|001803,hjorth_activity,3.6552731952355089e-09,3.6552731952355089e-09,0,True
chb05,chb05_01.edf,chb05|chb05_01.edf|001803,hjorth_mobility,0.41646155714988708,0.41646155714988708,0,True
chb05,chb05_01.edf,chb05|chb05_01.edf|001803,hjorth_complexity,1.6610268354415894,1.6610268354415894,0,True
chb05,chb05_01.edf,chb05|chb05_01.edf|001803,line_length,0.023366589099168777,0.023366589099168777,0,True
chb05,chb05_01.edf,chb05|chb05_01.edf|001803,rms_amplitude,5.6032931752270088e-05,5.6032931752270088e-05,0,True
chb05,chb05_01.edf,chb05|chb05_01.edf|001803,variance,3.6552731952355089e-09,3.6552731952355089e-09,0,True
chb05,chb05_01.edf,chb05|chb05_01.edf|001803,zero_crossing_rate,0.15336470170454544,0.15336470170454544,0,True
chb05,chb05_01.edf,chb05|chb05_01.edf|001803,skewness,-0.03848764503544027,-0.03848764503544027,0,True
chb05,chb05_01.edf,chb05|chb05_01.edf|001803,kurtosis,0.33562880754470825,0.33562880754470825,0,True
chb05,chb05_05.edf,chb05|chb05_05.edf|000000,bp_delta,6.7779831857608182e-10,6.7779831857608182e-10,0,True
chb05,chb05_05.edf,chb05|chb05_05.edf|000000,rel_bp_delta,0.22766821145832444,0.22766821145832444,0,True
chb05,chb05_05.edf,chb05|chb05_05.edf|000000,bp_theta,4.5654807114828657e-10,4.5654807114828657e-10,0,True
chb05,chb05_05.edf,chb05|chb05_05.edf|000000,rel_bp_theta,0.16139983792585999,0.16139983792585999,0,True
chb05,chb05_05.edf,chb05|chb05_05.edf|000000,bp_alpha,7.4658886071099877e-11,7.4658886071099877e-11,0,True
chb05,chb05_05.edf,chb05|chb05_05.edf|000000,rel_bp_alpha,0.024835350171808216,0.024835350171808216,0,True
chb05,chb05_05.edf,chb05|chb05_05.edf|000000,bp_beta,3.8165617110113523e-10,3.8165617110113523e-10,0,True
chb05,chb05_05.edf,chb05|chb05_05.edf|000000,rel_bp_beta,0.1156835133859392,0.1156835133859392,0,True
chb05,chb05_05.edf,chb05|chb05_05.edf|000000,bp_gamma,2.4715879783442356e-10,2.4715879783442356e-10,0,True
chb05,chb05_05.edf,chb05|chb05_05.edf|000000,rel_bp_gamma,0.075118144831965647,0.075118144831965647,0,True
chb05,chb05_05.edf,chb05|chb05_05.edf|000000,spectral_entropy,3.0810949802398682,3.0810949802398682,0,True
chb05,chb05_05.edf,chb05|chb05_05.edf|000000,hjorth_activity,2.172514834697381e-09,2.172514834697381e-09,0,True
chb05,chb05_05.edf,chb05|chb05_05.edf|000000,hjorth_mobility,0.32451409101486206,0.32451409101486206,0,True
chb05,chb05_05.edf,chb05|chb05_05.edf|000000,hjorth_complexity,1.563719630241394,1.563719630241394,0,True
chb05,chb05_05.edf,chb05|chb05_05.edf|000000,line_length,0.014698848128318787,0.014698848128318787,0,True
chb05,chb05_05.edf,chb05|chb05_05.edf|000000,rms_amplitude,4.4875148887513205e-05,4.4875148887513205e-05,0,True
chb05,chb05_05.edf,chb05|chb05_05.edf|000000,variance,2.172514834697381e-09,2.172514834697381e-09,0,True
chb05,chb05_05.edf,chb05|chb05_05.edf|000000,zero_crossing_rate,0.13143643465909091,0.13143643465909091,0,True
chb05,chb05_05.edf,chb05|chb05_05.edf|000000,skewness,0.056940394623035732,0.056940394623035732,0,True
chb05,chb05_05.edf,chb05|chb05_05.edf|000000,kurtosis,0.73310315608978271,0.73310315608978271,0,True
chb05,chb05_05.edf,chb05|chb05_05.edf|000899,bp_delta,1.4538874838891532e-09,1.4538874838891532e-09,0,True
chb05,chb05_05.edf,chb05|chb05_05.edf|000899,rel_bp_delta,0.37435163577129754,0.37435163577129754,0,True
chb05,chb05_05.edf,chb05|chb05_05.edf|000899,bp_theta,5.6387479305442477e-10,5.6387479305442477e-10,0,True
chb05,chb05_05.edf,chb05|chb05_05.edf|000899,rel_bp_theta,0.17152194374974597,0.17152194374974597,0,True
chb05,chb05_05.edf,chb05|chb05_05.edf|000899,bp_alpha,1.155182784675969e-10,1.155182784675969e-10,0,True
chb05,chb05_05.edf,chb05|chb05_05.edf|000899,rel_bp_alpha,0.036864491740909555,0.036864491740909555,0,True
chb05,chb05_05.edf,chb05|chb05_05.edf|000899,bp_beta,1.1950754335316786e-10,1.1950754335316786e-10,0,True
chb05,chb05_05.edf,chb05|chb05_05.edf|000899,rel_bp_beta,0.037409518048750527,0.037409518048750527,0,True
chb05,chb05_05.edf,chb05|chb05_05.edf|000899,bp_gamma,7.5728667698779802e-11,7.5728667698779802e-11,0,True
chb05,chb05_05.edf,chb05|chb05_05.edf|000899,rel_bp_gamma,0.023038040107229509,0.023038040107229509,0,True
chb05,chb05_05.edf,chb05|chb05_05.edf|000899,spectral_entropy,2.6667232513427734,2.6667232513427734,0,True
chb05,chb05_05.edf,chb05|chb05_05.edf|000899,hjorth_activity,3.1005749079326961e-09,3.1005749079326961e-09,0,True
chb05,chb05_05.edf,chb05|chb05_05.edf|000899,hjorth_mobility,0.19149123132228851,0.19149123132228851,0,True
chb05,chb05_05.edf,chb05|chb05_05.edf|000899,hjorth_complexity,1.895386815071106,1.895386815071106,0,True
chb05,chb05_05.edf,chb05|chb05_05.edf|000899,line_length,0.0090740183368325233,0.0090740183368325233,0,True
chb05,chb05_05.edf,chb05|chb05_05.edf|000899,rms_amplitude,5.3323805332183838e-05,5.3323805332183838e-05,0,True
chb05,chb05_05.edf,chb05|chb05_05.edf|000899,variance,3.1005749079326961e-09,3.1005749079326961e-09,0,True
chb05,chb05_05.edf,chb05|chb05_05.edf|000899,zero_crossing_rate,0.074973366477272721,0.074973366477272721,0,True
chb05,chb05_05.edf,chb05|chb05_05.edf|000899,skewness,0.15816236981614071,0.15816236981614071,0,True
chb05,chb05_05.edf,chb05|chb05_05.edf|000899,kurtosis,1.2822012901306152,1.2822012901306152,0,True
chb05,chb05_05.edf,chb05|chb05_05.edf|001798,bp_delta,1.6619303464980963e-09,1.6619303464980963e-09,0,True
chb05,chb05_05.edf,chb05|chb05_05.edf|001798,rel_bp_delta,0.39554436369236806,0.39554436369236806,0,True
chb05,chb05_05.edf,chb05|chb05_05.edf|001798,bp_theta,6.0282655012044485e-10,6.0282655012044485e-10,0,True
chb05,chb05_05.edf,chb05|chb05_05.edf|001798,rel_bp_theta,0.15128731257755398,0.15128731257755398,0,True
chb05,chb05_05.edf,chb05|chb05_05.edf|001798,bp_alpha,4.5582837230546703e-11,4.5582837230546703e-11,0,True
chb05,chb05_05.edf,chb05|chb05_05.edf|001798,rel_bp_alpha,0.013466614258163189,0.013466614258163189,0,True
chb05,chb05_05.edf,chb05|chb05_05.edf|001798,bp_beta,2.3172346029352707e-10,2.3172346029352707e-10,0,True
chb05,chb05_05.edf,chb05|chb05_05.edf|001798,rel_bp_beta,0.057430239225442256,0.057430239225442256,0,True
chb05,chb05_05.edf,chb05|chb05_05.edf|001798,bp_gamma,1.6852513244827659e-10,1.6852513244827659e-10,0,True
chb05,chb05_05.edf,chb05|chb05_05.edf|001798,rel_bp_gamma,0.038605672889651874,0.038605672889651874,0,True
chb05,chb05_05.edf,chb05|chb05_05.edf|001798,spectral_entropy,2.6583573818206787,2.6583573818206787,0,True
chb05,chb05_05.edf,chb05|chb05_05.edf|001798,hjorth_activity,3.041788820823399e-09,3.041788820823399e-09,0,True
chb05,chb05_05.edf,chb05|chb05_05.edf|001798,hjorth_mobility,0.21153098344802856,0.21153098344802856,0,True
chb05,chb05_05.edf,chb05|chb05_05.edf|001798,hjorth_complexity,1.6763747930526733,1.6763747930526733,0,True
chb05,chb05_05.edf,chb05|chb05_05.edf|001798,line_length,0.010845846496522427,0.010845846496522427,0,True
chb05,chb05_05.edf,chb05|chb05_05.edf|001798,rms_amplitude,5.2077764848945662e-05,5.2077764848945662e-05,0,True
chb05,chb05_05.edf,chb05|chb05_05.edf|001798,variance,3.041788820823399e-09,3.041788820823399e-09,0,True
chb05,chb05_05.edf,chb05|chb05_05.edf|001798,zero_crossing_rate,0.085493607954545456,0.085493607954545456,0,True
chb05,chb05_05.edf,chb05|chb05_05.edf|001798,skewness,-0.0089985744350335808,-0.0089985744350335808,0,True
chb05,chb05_05.edf,chb05|chb05_05.edf|001798,kurtosis,0.41968154907226562,0.41968154907226562,0,True
chb05,chb05_06.edf,chb05|chb05_06.edf|000000,bp_delta,1.9608533865435947e-09,1.9608533865435947e-09,0,True
chb05,chb05_06.edf,chb05|chb05_06.edf|000000,rel_bp_delta,0.32575187306661435,0.32575187306661435,0,True
chb05,chb05_06.edf,chb05|chb05_06.edf|000000,bp_theta,6.4738575288111129e-10,6.4738575288111129e-10,0,True
chb05,chb05_06.edf,chb05|chb05_06.edf|000000,rel_bp_theta,0.14870580258135527,0.14870580258135527,0,True
chb05,chb05_06.edf,chb05|chb05_06.edf|000000,bp_alpha,1.4291480674472688e-10,1.4291480674472688e-10,0,True
chb05,chb05_06.edf,chb05|chb05_06.edf|000000,rel_bp_alpha,0.025109299728041091,0.025109299728041091,0,True
chb05,chb05_06.edf,chb05|chb05_06.edf|000000,bp_beta,7.2737471269007442e-10,7.2737471269007442e-10,0,True
chb05,chb05_06.edf,chb05|chb05_06.edf|000000,rel_bp_beta,0.10958929044291547,0.10958929044291547,0,True
chb05,chb05_06.edf,chb05|chb05_06.edf|000000,bp_gamma,8.1823440359372022e-10,8.1823440359372022e-10,0,True
chb05,chb05_06.edf,chb05|chb05_06.edf|000000,rel_bp_gamma,0.12116775381833871,0.12116775381833871,0,True
chb05,chb05_06.edf,chb05|chb05_06.edf|000000,spectral_entropy,3.8289415836334229,3.8289415836334229,0,True
chb05,chb05_06.edf,chb05|chb05_06.edf|000000,hjorth_activity,6.509903283102858e-09,6.509903283102858e-09,0,True
chb05,chb05_06.edf,chb05|chb05_06.edf|000000,hjorth_mobility,0.53640007972717285,0.53640007972717285,0,True
chb05,chb05_06.edf,chb05|chb05_06.edf|000000,hjorth_complexity,2.0905008316040039,2.0905008316040039,0,True
chb05,chb05_06.edf,chb05|chb05_06.edf|000000,line_length,0.027826415374875069,0.027826415374875069,0,True
chb05,chb05_06.edf,chb05|chb05_06.edf|000000,rms_amplitude,7.3880320996977389e-05,7.3880320996977389e-05,0,True
chb05,chb05_06.edf,chb05|chb05_06.edf|000000,variance,6.509903283102858e-09,6.509903283102858e-09,0,True
chb05,chb05_06.edf,chb05|chb05_06.edf|000000,zero_crossing_rate,0.14071377840909091,0.14071377840909091,0,True
chb05,chb05_06.edf,chb05|chb05_06.edf|000000,skewness,0.039846224106440786,0.039846224106440786,0,True
chb05,chb05_06.edf,chb05|chb05_06.edf|000000,kurtosis,2.446345329284668,2.446345329284668,0,True
chb05,chb05_06.edf,chb05|chb05_06.edf|000899,bp_delta,1.5326083092020487e-09,1.5326083092020487e-09,0,True
chb05,chb05_06.edf,chb05|chb05_06.edf|000899,rel_bp_delta,0.44779077331787653,0.44779077331787653,0,True
chb05,chb05_06.edf,chb05|chb05_06.edf|000899,bp_theta,4.2213799446237025e-10,4.2213799446237025e-10,0,True
chb05,chb05_06.edf,chb05|chb05_06.edf|000899,rel_bp_theta,0.12992382441334849,0.12992382441334849,0,True
chb05,chb05_06.edf,chb05|chb05_06.edf|000899,bp_alpha,8.2232479821743205e-11,8.2232479821743205e-11,0,True
chb05,chb05_06.edf,chb05|chb05_06.edf|000899,rel_bp_alpha,0.025979179981733543,0.025979179981733543,0,True
chb05,chb05_06.edf,chb05|chb05_06.edf|000899,bp_beta,3.3822558092225322e-11,3.3822558092225322e-11,0,True
chb05,chb05_06.edf,chb05|chb05_06.edf|000899,rel_bp_beta,0.010262664693449323,0.010262664693449323,0,True
chb05,chb05_06.edf,chb05|chb05_06.edf|000899,bp_gamma,2.7047062428177668e-12,2.7047062428177668e-12,0,True
chb05,chb05_06.edf,chb05|chb05_06.edf|000899,rel_bp_gamma,0.00098504227200393478,0.00098504227200393478,0,True
chb05,chb05_06.edf,chb05|chb05_06.edf|000899,spectral_entropy,2.2589652538299561,2.2589652538299561,0,True
chb05,chb05_06.edf,chb05|chb05_06.edf|000899,hjorth_activity,3.5278029386631715e-09,3.5278029386631715e-09,0,True
chb05,chb05_06.edf,chb05|chb05_06.edf|000899,hjorth_mobility,0.10141324251890182,0.10141324251890182,0,True
chb05,chb05_06.edf,chb05|chb05_06.edf|000899,hjorth_complexity,1.3672391176223755,1.3672391176223755,0,True
chb05,chb05_06.edf,chb05|chb05_06.edf|000899,line_length,0.0049130250699818134,0.0049130250699818134,0,True
chb05,chb05_06.edf,chb05|chb05_06.edf|000899,rms_amplitude,5.7306522649014369e-05,5.7306522649014369e-05,0,True
chb05,chb05_06.edf,chb05|chb05_06.edf|000899,variance,3.5278029386631715e-09,3.5278029386631715e-09,0,True
chb05,chb05_06.edf,chb05|chb05_06.edf|000899,zero_crossing_rate,0.04283558238636364,0.04283558238636364,0,True
chb05,chb05_06.edf,chb05|chb05_06.edf|000899,skewness,-0.33518999332392757,-0.33518999332392757,0,True
chb05,chb05_06.edf,chb05|chb05_06.edf|000899,kurtosis,3.4736936092376709,3.4736936092376709,0,True
chb05,chb05_06.edf,chb05|chb05_06.edf|001798,bp_delta,9.6363568750166477e-10,9.6363568750166477e-10,0,True
chb05,chb05_06.edf,chb05|chb05_06.edf|001798,rel_bp_delta,0.38345322154929101,0.38345322154929101,0,True
chb05,chb05_06.edf,chb05|chb05_06.edf|001798,bp_theta,2.7299466696056369e-10,2.7299466696056369e-10,0,True
chb05,chb05_06.edf,chb05|chb05_06.edf|001798,rel_bp_theta,0.1072580372803385,0.1072580372803385,0,True
chb05,chb05_06.edf,chb05|chb05_06.edf|001798,bp_alpha,6.9944538097389068e-11,6.9944538097389068e-11,0,True
chb05,chb05_06.edf,chb05|chb05_06.edf|001798,rel_bp_alpha,0.027742268659944849,0.027742268659944849,0,True
chb05,chb05_06.edf,chb05|chb05_06.edf|001798,bp_beta,3.5098842050596529e-11,3.5098842050596529e-11,0,True
chb05,chb05_06.edf,chb05|chb05_06.edf|001798,rel_bp_beta,0.015803582956152747,0.015803582956152747,0,True
chb05,chb05_06.edf,chb05|chb05_06.edf|001798,bp_gamma,3.8397893885608274e-12,3.8397893885608274e-12,0,True
chb05,chb05_06.edf,chb05|chb05_06.edf|001798,rel_bp_gamma,0.0019295501071144201,0.0019295501071144201,0,True
chb05,chb05_06.edf,chb05|chb05_06.edf|001798,spectral_entropy,2.1387472152709961,2.1387472152709961,0,True
chb05,chb05_06.edf,chb05|chb05_06.edf|001798,hjorth_activity,1.845995245552956e-09,1.845995245552956e-09,0,True
chb05,chb05_06.edf,chb05|chb05_06.edf|001798,hjorth_mobility,0.1099272295832634,0.1099272295832634,0,True
chb05,chb05_06.edf,chb05|chb05_06.edf|001798,hjorth_complexity,1.3892718553543091,1.3892718553543091,0,True
chb05,chb05_06.edf,chb05|chb05_06.edf|001798,line_length,0.0045800954103469849,0.0045800954103469849,0,True
chb05,chb05_06.edf,chb05|chb05_06.edf|001798,rms_amplitude,4.1510418668622151e-05,4.1510418668622151e-05,0,True
chb05,chb05_06.edf,chb05|chb05_06.edf|001798,variance,1.845995245552956e-09,1.845995245552956e-09,0,True
chb05,chb05_06.edf,chb05|chb05_06.edf|001798,zero_crossing_rate,0.047141335227272728,0.047141335227272728,0,True
chb05,chb05_06.edf,chb05|chb05_06.edf|001798,skewness,-0.027734606018797917,-0.027734606018797917,0,True
chb05,chb05_06.edf,chb05|chb05_06.edf|001798,kurtosis,0.11372893303632736,0.11372893303632736,0,True
chb05,chb05_07.edf,chb05|chb05_07.edf|000000,bp_delta,1.5473690863985403e-09,1.5473690863985403e-09,0,True
chb05,chb05_07.edf,chb05|chb05_07.edf|000000,rel_bp_delta,0.4264053968981617,0.4264053968981617,0,True
chb05,chb05_07.edf,chb05|chb05_07.edf|000000,bp_theta,5.3339079791250095e-10,5.3339079791250095e-10,0,True
chb05,chb05_07.edf,chb05|chb05_07.edf|000000,rel_bp_theta,0.15301512131253492,0.15301512131253492,0,True
chb05,chb05_07.edf,chb05|chb05_07.edf|000000,bp_alpha,6.4649235203696117e-11,6.4649235203696117e-11,0,True
chb05,chb05_07.edf,chb05|chb05_07.edf|000000,rel_bp_alpha,0.019814516174792258,0.019814516174792258,0,True
chb05,chb05_07.edf,chb05|chb05_07.edf|000000,bp_beta,2.8921668444331939e-11,2.8921668444331939e-11,0,True
chb05,chb05_07.edf,chb05|chb05_07.edf|000000,rel_bp_beta,0.010531943614492814,0.010531943614492814,0,True
chb05,chb05_07.edf,chb05|chb05_07.edf|000000,bp_gamma,4.433716210591803e-12,4.433716210591803e-12,0,True
chb05,chb05_07.edf,chb05|chb05_07.edf|000000,rel_bp_gamma,0.001886500411297269,0.001886500411297269,0,True
chb05,chb05_07.edf,chb05|chb05_07.edf|000000,spectral_entropy,2.2356331348419189,2.2356331348419189,0,True
chb05,chb05_07.edf,chb05|chb05_07.edf|000000,hjorth_activity,2.4863953118625659e-09,2.4863953118625659e-09,0,True
chb05,chb05_07.edf,chb05|chb05_07.edf|000000,hjorth_mobility,0.11105216294527054,0.11105216294527054,0,True
chb05,chb05_07.edf,chb05|chb05_07.edf|000000,hjorth_complexity,1.4566531181335449,1.4566531181335449,0,True
chb05,chb05_07.edf,chb05|chb05_07.edf|000000,line_length,0.0047869104892015457,0.0047869104892015457,0,True
chb05,chb05_07.edf,chb05|chb05_07.edf|000000,rms_amplitude,4.7276411351049319e-05,4.7276411351049319e-05,0,True
chb05,chb05_07.edf,chb05|chb05_07.edf|000000,variance,2.4863953118625659e-09,2.4863953118625659e-09,0,True
chb05,chb05_07.edf,chb05|chb05_07.edf|000000,zero_crossing_rate,0.051003196022727272,0.051003196022727272,0,True
chb05,chb05_07.edf,chb05|chb05_07.edf|000000,skewness,-0.11531219893897121,-0.11531219893897121,0,True
chb05,chb05_07.edf,chb05|chb05_07.edf|000000,kurtosis,1.62303626537323,1.62303626537323,0,True
chb05,chb05_07.edf,chb05|chb05_07.edf|000899,bp_delta,1.7696938419106438e-09,1.7696938419106438e-09,0,True
chb05,chb05_07.edf,chb05|chb05_07.edf|000899,rel_bp_delta,0.49128732005342529,0.49128732005342529,0,True
chb05,chb05_07.edf,chb05|chb05_07.edf|000899,bp_theta,2.9725288800405323e-10,2.9725288800405323e-10,0,True
chb05,chb05_07.edf,chb05|chb05_07.edf|000899,rel_bp_theta,0.095601460940884564,0.095601460940884564,0,True
chb05,chb05_07.edf,chb05|chb05_07.edf|000899,bp_alpha,3.4615934433313075e-11,3.4615934433313075e-11,0,True
chb05,chb05_07.edf,chb05|chb05_07.edf|000899,rel_bp_alpha,0.011242933294211117,0.011242933294211117,0,True
chb05,chb05_07.edf,chb05|chb05_07.edf|000899,bp_beta,1.5239758606308302e-11,1.5239758606308302e-11,0,True
chb05,chb05_07.edf,chb05|chb05_07.edf|000899,rel_bp_beta,0.0056317459008596235,0.0056317459008596235,0,True
chb05,chb05_07.edf,chb05|chb05_07.edf|000899,bp_gamma,2.0219741648985924e-12,2.0219741648985924e-12,0,True
chb05,chb05_07.edf,chb05|chb05_07.edf|000899,rel_bp_gamma,0.00077931288066586434,0.00077931288066586434,0,True
chb05,chb05_07.edf,chb05|chb05_07.edf|000899,spectral_entropy,2.0305280685424805,2.0305280685424805,0,True
chb05,chb05_07.edf,chb05|chb05_07.edf|000899,hjorth_activity,2.481354011152348e-09,2.481354011152348e-09,0,True
chb05,chb05_07.edf,chb05|chb05_07.edf|000899,hjorth_mobility,0.087610192596912384,0.087610192596912384,0,True
chb05,chb05_07.edf,chb05|chb05_07.edf|000899,hjorth_complexity,1.4504135847091675,1.4504135847091675,0,True
chb05,chb05_07.edf,chb05|chb05_07.edf|000899,line_length,0.0040349159389734268,0.0040349159389734268,0,True
chb05,chb05_07.edf,chb05|chb05_07.edf|000899,rms_amplitude,4.7058532800292596e-05,4.7058532800292596e-05,0,True
chb05,chb05_07.edf,chb05|chb05_07.edf|000899,variance,2.481354011152348e-09,2.481354011152348e-09,0,True
chb05,chb05_07.edf,chb05|chb05_07.edf|000899,zero_crossing_rate,0.038485440340909088,0.038485440340909088,0,True
chb05,chb05_07.edf,chb05|chb05_07.edf|000899,skewness,-0.0054538172077048912,-0.0054538172077048912,0,True
chb05,chb05_07.edf,chb05|chb05_07.edf|000899,kurtosis,0.24369516968727112,0.24369516968727112,0,True
chb05,chb05_07.edf,chb05|chb05_07.edf|001798,bp_delta,9.1376230646900906e-10,9.1376230646900906e-10,0,True
chb05,chb05_07.edf,chb05|chb05_07.edf|001798,rel_bp_delta,0.29694350822430737,0.29694350822430737,0,True
chb05,chb05_07.edf,chb05|chb05_07.edf|001798,bp_theta,3.9854368314074467e-10,3.9854368314074467e-10,0,True
chb05,chb05_07.edf,chb05|chb05_07.edf|001798,rel_bp_theta,0.14023992356104475,0.14023992356104475,0,True
chb05,chb05_07.edf,chb05|chb05_07.edf|001798,bp_alpha,5.055704175913151e-11,5.055704175913151e-11,0,True
chb05,chb05_07.edf,chb05|chb05_07.edf|001798,rel_bp_alpha,0.024458860809798158,0.024458860809798158,0,True
chb05,chb05_07.edf,chb05|chb05_07.edf|001798,bp_beta,2.2239060280679823e-11,2.2239060280679823e-11,0,True
chb05,chb05_07.edf,chb05|chb05_07.edf|001798,rel_bp_beta,0.011353486309360183,0.011353486309360183,0,True
chb05,chb05_07.edf,chb05|chb05_07.edf|001798,bp_gamma,3.887759732590655e-12,3.887759732590655e-12,0,True
chb05,chb05_07.edf,chb05|chb05_07.edf|001798,rel_bp_gamma,0.001907439027360546,0.001907439027360546,0,True
chb05,chb05_07.edf,chb05|chb05_07.edf|001798,spectral_entropy,1.9701862335205078,1.9701862335205078,0,True
chb05,chb05_07.edf,chb05|chb05_07.edf|001798,hjorth_activity,1.7071372093724335e-09,1.7071372093724335e-09,0,True
chb05,chb05_07.edf,chb05|chb05_07.edf|001798,hjorth_mobility,0.11222439259290695,0.11222439259290695,0,True
chb05,chb05_07.edf,chb05|chb05_07.edf|001798,hjorth_complexity,1.3642814159393311,1.3642814159393311,0,True
chb05,chb05_07.edf,chb05|chb05_07.edf|001798,line_length,0.0044638742692768574,0.0044638742692768574,0,True
chb05,chb05_07.edf,chb05|chb05_07.edf|001798,rms_amplitude,3.7733083445345983e-05,3.7733083445345983e-05,0,True
chb05,chb05_07.edf,chb05|chb05_07.edf|001798,variance,1.7071372093724335e-09,1.7071372093724335e-09,0,True
chb05,chb05_07.edf,chb05|chb05_07.edf|001798,zero_crossing_rate,0.0556640625,0.0556640625,0,True
chb05,chb05_07.edf,chb05|chb05_07.edf|001798,skewness,-0.17988215590065176,-0.17988215590065176,0,True
chb05,chb05_07.edf,chb05|chb05_07.edf|001798,kurtosis,0.44209158420562744,0.44209158420562744,0,True
chb05,chb05_12.edf,chb05|chb05_12.edf|000000,bp_delta,1.2812171849020796e-09,1.2812171849020796e-09,0,True
chb05,chb05_12.edf,chb05|chb05_12.edf|000000,rel_bp_delta,0.38883701300329571,0.38883701300329571,0,True
chb05,chb05_12.edf,chb05|chb05_12.edf|000000,bp_theta,2.2832321021419767e-10,2.2832321021419767e-10,0,True
chb05,chb05_12.edf,chb05|chb05_12.edf|000000,rel_bp_theta,0.086444814229824751,0.086444814229824751,0,True
chb05,chb05_12.edf,chb05|chb05_12.edf|000000,bp_alpha,2.5581857221267983e-11,2.5581857221267983e-11,0,True
chb05,chb05_12.edf,chb05|chb05_12.edf|000000,rel_bp_alpha,0.012056326916261767,0.012056326916261767,0,True
chb05,chb05_12.edf,chb05|chb05_12.edf|000000,bp_beta,1.5499350047878113e-11,1.5499350047878113e-11,0,True
chb05,chb05_12.edf,chb05|chb05_12.edf|000000,rel_bp_beta,0.0078042402309998421,0.0078042402309998421,0,True
chb05,chb05_12.edf,chb05|chb05_12.edf|000000,bp_gamma,2.4526652923268121e-12,2.4526652923268121e-12,0,True
chb05,chb05_12.edf,chb05|chb05_12.edf|000000,rel_bp_gamma,0.0012426485209866885,0.0012426485209866885,0,True
chb05,chb05_12.edf,chb05|chb05_12.edf|000000,spectral_entropy,1.9135483503341675,1.9135483503341675,0,True
chb05,chb05_12.edf,chb05|chb05_12.edf|000000,hjorth_activity,2.0182444604444072e-09,2.0182444604444072e-09,0,True
chb05,chb05_12.edf,chb05|chb05_12.edf|000000,hjorth_mobility,0.095588572323322296,0.095588572323322296,0,True
chb05,chb05_12.edf,chb05|chb05_12.edf|000000,hjorth_complexity,1.4593383073806763,1.4593383073806763,0,True
chb05,chb05_12.edf,chb05|chb05_12.edf|000000,line_length,0.0038649176713079214,0.0038649176713079214,0,True
chb05,chb05_12.edf,chb05|chb05_12.edf|000000,rms_amplitude,4.1903724195435643e-05,4.1903724195435643e-05,0,True
chb05,chb05_12.edf,chb05|chb05_12.edf|000000,variance,2.0182444604444072e-09,2.0182444604444072e-09,0,True
chb05,chb05_12.edf,chb05|chb05_12.edf|000000,zero_crossing_rate,0.049538352272727272,0.049538352272727272,0,True
chb05,chb05_12.edf,chb05|chb05_12.edf|000000,skewness,-0.16770095412026753,-0.16770095412026753,0,True
chb05,chb05_12.edf,chb05|chb05_12.edf|000000,kurtosis,2.3366954326629639,2.3366954326629639,0,True
chb05,chb05_12.edf,chb05|chb05_12.edf|000899,bp_delta,1.2968596417710239e-09,1.2968596417710239e-09,0,True
chb05,chb05_12.edf,chb05|chb05_12.edf|000899,rel_bp_delta,0.38368668964852143,0.38368668964852143,0,True
chb05,chb05_12.edf,chb05|chb05_12.edf|000899,bp_theta,4.4580184278562607e-10,4.4580184278562607e-10,0,True
chb05,chb05_12.edf,chb05|chb05_12.edf|000899,rel_bp_theta,0.14805256658242391,0.14805256658242391,0,True
chb05,chb05_12.edf,chb05|chb05_12.edf|000899,bp_alpha,3.9980886637196808e-11,3.9980886637196808e-11,0,True
chb05,chb05_12.edf,chb05|chb05_12.edf|000899,rel_bp_alpha,0.014744791866979884,0.014744791866979884,0,True
chb05,chb05_12.edf,chb05|chb05_12.edf|000899,bp_beta,2.1230880011625482e-11,2.1230880011625482e-11,0,True
chb05,chb05_12.edf,chb05|chb05_12.edf|000899,rel_bp_beta,0.0089364824671182008,0.0089364824671182008,0,True
chb05,chb05_12.edf,chb05|chb05_12.edf|000899,bp_gamma,7.3285353318076762e-12,7.3285353318076762e-12,0,True
chb05,chb05_12.edf,chb05|chb05_12.edf|000899,rel_bp_gamma,0.0032061788788880813,0.0032061788788880813,0,True
chb05,chb05_12.edf,chb05|chb05_12.edf|000899,spectral_entropy,2.1420552730560303,2.1420552730560303,0,True
chb05,chb05_12.edf,chb05|chb05_12.edf|000899,hjorth_activity,2.1783266301866888e-09,2.1783266301866888e-09,0,True
chb05,chb05_12.edf,chb05|chb05_12.edf|000899,hjorth_mobility,0.11295947432518005,0.11295947432518005,0,True
chb05,chb05_12.edf,chb05|chb05_12.edf|000899,hjorth_complexity,1.4952536821365356,1.4952536821365356,0,True
chb05,chb05_12.edf,chb05|chb05_12.edf|000899,line_length,0.0046291304752230644,0.0046291304752230644,0,True
chb05,chb05_12.edf,chb05|chb05_12.edf|000899,rms_amplitude,4.3187108531128615e-05,4.3187108531128615e-05,0,True
chb05,chb05_12.edf,chb05|chb05_12.edf|000899,variance,2.1783266301866888e-09,2.1783266301866888e-09,0,True
chb05,chb05_12.edf,chb05|chb05_12.edf|000899,zero_crossing_rate,0.051047585227272728,0.051047585227272728,0,True
chb05,chb05_12.edf,chb05|chb05_12.edf|000899,skewness,-0.034043591046197849,-0.034043591046197849,0,True
chb05,chb05_12.edf,chb05|chb05_12.edf|000899,kurtosis,0.7342979907989502,0.7342979907989502,0,True
chb05,chb05_12.edf,chb05|chb05_12.edf|001798,bp_delta,6.8059360167829004e-10,6.8059360167829004e-10,0,True
chb05,chb05_12.edf,chb05|chb05_12.edf|001798,rel_bp_delta,0.31261429708277139,0.31261429708277139,0,True
chb05,chb05_12.edf,chb05|chb05_12.edf|001798,bp_theta,1.6587251582920258e-10,1.6587251582920258e-10,0,True
chb05,chb05_12.edf,chb05|chb05_12.edf|001798,rel_bp_theta,0.083992788669951024,0.083992788669951024,0,True
chb05,chb05_12.edf,chb05|chb05_12.edf|001798,bp_alpha,6.6459194701315449e-11,6.6459194701315449e-11,0,True
chb05,chb05_12.edf,chb05|chb05_12.edf|001798,rel_bp_alpha,0.034927445686980536,0.034927445686980536,0,True
chb05,chb05_12.edf,chb05|chb05_12.edf|001798,bp_beta,4.0993152763719777e-11,4.0993152763719777e-11,0,True
chb05,chb05_12.edf,chb05|chb05_12.edf|001798,rel_bp_beta,0.021200957843672326,0.021200957843672326,0,True
chb05,chb05_12.edf,chb05|chb05_12.edf|001798,bp_gamma,5.2773808117264447e-12,5.2773808117264447e-12,0,True
chb05,chb05_12.edf,chb05|chb05_12.edf|001798,rel_bp_gamma,0.0026204747273440173,0.0026204747273440173,0,True
chb05,chb05_12.edf,chb05|chb05_12.edf|001798,spectral_entropy,2.0571470260620117,2.0571470260620117,0,True
chb05,chb05_12.edf,chb05|chb05_12.edf|001798,hjorth_activity,1.3265631926273613e-09,1.3265631926273613e-09,0,True
chb05,chb05_12.edf,chb05|chb05_12.edf|001798,hjorth_mobility,0.12194516509771347,0.12194516509771347,0,True
chb05,chb05_12.edf,chb05|chb05_12.edf|001798,hjorth_complexity,1.3707600831985474,1.3707600831985474,0,True
chb05,chb05_12.edf,chb05|chb05_12.edf|001798,line_length,0.0046749520115554333,0.0046749520115554333,0,True
chb05,chb05_12.edf,chb05|chb05_12.edf|001798,rms_amplitude,3.4967568353749812e-05,3.4967568353749812e-05,0,True
chb05,chb05_12.edf,chb05|chb05_12.edf|001798,variance,1.3265631926273613e-09,1.3265631926273613e-09,0,True
chb05,chb05_12.edf,chb05|chb05_12.edf|001798,zero_crossing_rate,0.057794744318181816,0.057794744318181816,0,True
chb05,chb05_12.edf,chb05|chb05_12.edf|001798,skewness,0.14729345541722563,0.14729345541722563,0,True
chb05,chb05_12.edf,chb05|chb05_12.edf|001798,kurtosis,0.55854827165603638,0.55854827165603638,0,True
chb05,chb05_13.edf,chb05|chb05_13.edf|000000,bp_delta,1.8403823938291501e-09,1.8403823938291501e-09,0,True
chb05,chb05_13.edf,chb05|chb05_13.edf|000000,rel_bp_delta,0.42110393200654256,0.42110393200654256,0,True
chb05,chb05_13.edf,chb05|chb05_13.edf|000000,bp_theta,4.6284604952368473e-10,4.6284604952368473e-10,0,True
chb05,chb05_13.edf,chb05|chb05_13.edf|000000,rel_bp_theta,0.12561946069505717,0.12561946069505717,0,True
chb05,chb05_13.edf,chb05|chb05_13.edf|000000,bp_alpha,1.4089740264662659e-10,1.4089740264662659e-10,0,True
chb05,chb05_13.edf,chb05|chb05_13.edf|000000,rel_bp_alpha,0.038461961616873278,0.038461961616873278,0,True
chb05,chb05_13.edf,chb05|chb05_13.edf|000000,bp_beta,2.6032521217899188e-10,2.6032521217899188e-10,0,True
chb05,chb05_13.edf,chb05|chb05_13.edf|000000,rel_bp_beta,0.066897951231526656,0.066897951231526656,0,True
chb05,chb05_13.edf,chb05|chb05_13.edf|000000,bp_gamma,2.5567687123575919e-10,2.5567687123575919e-10,0,True
chb05,chb05_13.edf,chb05|chb05_13.edf|000000,rel_bp_gamma,0.063365854692640375,0.063365854692640375,0,True
chb05,chb05_13.edf,chb05|chb05_13.edf|000000,spectral_entropy,3.2749259471893311,3.2749259471893311,0,True
chb05,chb05_13.edf,chb05|chb05_13.edf|000000,hjorth_activity,4.1838252862191894e-09,4.1838252862191894e-09,0,True
chb05,chb05_13.edf,chb05|chb05_13.edf|000000,hjorth_mobility,0.39923971891403198,0.39923971891403198,0,True
chb05,chb05_13.edf,chb05|chb05_13.edf|000000,hjorth_complexity,2.3537137508392334,2.3537137508392334,0,True
chb05,chb05_13.edf,chb05|chb05_13.edf|000000,line_length,0.016244413331151009,0.016244413331151009,0,True
chb05,chb05_13.edf,chb05|chb05_13.edf|000000,rms_amplitude,6.2920531490817666e-05,6.2920531490817666e-05,0,True
chb05,chb05_13.edf,chb05|chb05_13.edf|000000,variance,4.1838252862191894e-09,4.1838252862191894e-09,0,True
chb05,chb05_13.edf,chb05|chb05_13.edf|000000,zero_crossing_rate,0.096635298295454544,0.096635298295454544,0,True
chb05,chb05_13.edf,chb05|chb05_13.edf|000000,skewness,-0.19167212604291059,-0.19167212604291059,0,True
chb05,chb05_13.edf,chb05|chb05_13.edf|000000,kurtosis,1.4510160684585571,1.4510160684585571,0,True
chb05,chb05_13.edf,chb05|chb05_13.edf|000899,bp_delta,3.8509266798108562e-09,3.8509266798108562e-09,0,True
chb05,chb05_13.edf,chb05|chb05_13.edf|000899,rel_bp_delta,0.65545155677130928,0.65545155677130928,0,True
chb05,chb05_13.edf,chb05|chb05_13.edf|000899,bp_theta,8.2609772419948611e-10,8.2609772419948611e-10,0,True
chb05,chb05_13.edf,chb05|chb05_13.edf|000899,rel_bp_theta,0.13503731744419722,0.13503731744419722,0,True
chb05,chb05_13.edf,chb05|chb05_13.edf|000899,bp_alpha,3.9593273136576662e-11,3.9593273136576662e-11,0,True
chb05,chb05_13.edf,chb05|chb05_13.edf|000899,rel_bp_alpha,0.0073065773870548299,0.0073065773870548299,0,True
chb05,chb05_13.edf,chb05|chb05_13.edf|000899,bp_beta,1.2158139998259651e-11,1.2158139998259651e-11,0,True
chb05,chb05_13.edf,chb05|chb05_13.edf|000899,rel_bp_beta,0.0023523553852555852,0.0023523553852555852,0,True
chb05,chb05_13.edf,chb05|chb05_13.edf|000899,bp_gamma,2.9059514011687256e-12,2.9059514011687256e-12,0,True
chb05,chb05_13.edf,chb05|chb05_13.edf|000899,rel_bp_gamma,0.00060308503261964966,0.00060308503261964966,0,True
chb05,chb05_13.edf,chb05|chb05_13.edf|000899,spectral_entropy,2.2286369800567627,2.2286369800567627,0,True
chb05,chb05_13.edf,chb05|chb05_13.edf|000899,hjorth_activity,5.5717590541348727e-09,5.5717590541348727e-09,0,True
chb05,chb05_13.edf,chb05|chb05_13.edf|000899,hjorth_mobility,0.086451604962348938,0.086451604962348938,0,True
chb05,chb05_13.edf,chb05|chb05_13.edf|000899,hjorth_complexity,1.7179092168807983,1.7179092168807983,0,True
chb05,chb05_13.edf,chb05|chb05_13.edf|000899,line_length,0.0054233414120972157,0.0054233414120972157,0,True
chb05,chb05_13.edf,chb05|chb05_13.edf|000899,rms_amplitude,7.29599196347408e-05,7.29599196347408e-05,0,True
chb05,chb05_13.edf,chb05|chb05_13.edf|000899,variance,5.5717590541348727e-09,5.5717590541348727e-09,0,True
chb05,chb05_13.edf,chb05|chb05_13.edf|000899,zero_crossing_rate,0.031205610795454544,0.031205610795454544,0,True
chb05,chb05_13.edf,chb05|chb05_13.edf|000899,skewness,0.057027074317871171,0.057027074317871171,0,True
chb05,chb05_13.edf,chb05|chb05_13.edf|000899,kurtosis,0.25365108251571655,0.25365108251571655,0,True
chb05,chb05_13.edf,chb05|chb05_13.edf|001798,bp_delta,2.0706135313297569e-09,2.0706135313297569e-09,0,True
chb05,chb05_13.edf,chb05|chb05_13.edf|001798,rel_bp_delta,0.43273598902406468,0.43273598902406468,0,True
chb05,chb05_13.edf,chb05|chb05_13.edf|001798,bp_theta,3.5984590372566128e-10,3.5984590372566128e-10,0,True
chb05,chb05_13.edf,chb05|chb05_13.edf|001798,rel_bp_theta,0.091136665599943531,0.091136665599943531,0,True
chb05,chb05_13.edf,chb05|chb05_13.edf|001798,bp_alpha,9.0241779060804873e-11,9.0241779060804873e-11,0,True
chb05,chb05_13.edf,chb05|chb05_13.edf|001798,rel_bp_alpha,0.019316214844386028,0.019316214844386028,0,True
chb05,chb05_13.edf,chb05|chb05_13.edf|001798,bp_beta,4.2676272207012707e-10,4.2676272207012707e-10,0,True
chb05,chb05_13.edf,chb05|chb05_13.edf|001798,rel_bp_beta,0.073857547509350183,0.073857547509350183,0,True
chb05,chb05_13.edf,chb05|chb05_13.edf|001798,bp_gamma,6.7842064883584898e-10,6.7842064883584898e-10,0,True
chb05,chb05_13.edf,chb05|chb05_13.edf|001798,rel_bp_gamma,0.11236397268273469,0.11236397268273469,0,True
chb05,chb05_13.edf,chb05|chb05_13.edf|001798,spectral_entropy,3.4551613330841064,3.4551613330841064,0,True
chb05,chb05_13.edf,chb05|chb05_13.edf|001798,hjorth_activity,4.8792245799234024e-09,4.8792245799234024e-09,0,True
chb05,chb05_13.edf,chb05|chb05_13.edf|001798,hjorth_mobility,0.49842137098312378,0.49842137098312378,0,True
chb05,chb05_13.edf,chb05|chb05_13.edf|001798,hjorth_complexity,2.2587687969207764,2.2587687969207764,0,True
chb05,chb05_13.edf,chb05|chb05_13.edf|001798,line_length,0.023534882813692093,0.023534882813692093,0,True
chb05,chb05_13.edf,chb05|chb05_13.edf|001798,rms_amplitude,6.6383523517288268e-05,6.6383523517288268e-05,0,True
chb05,chb05_13.edf,chb05|chb05_13.edf|001798,variance,4.8792245799234024e-09,4.8792245799234024e-09,0,True
chb05,chb05_13.edf,chb05|chb05_13.edf|001798,zero_crossing_rate,0.11834161931818182,0.11834161931818182,0,True
chb05,chb05_13.edf,chb05|chb05_13.edf|001798,skewness,0.14410648613490842,0.14410648613490842,0,True
chb05,chb05_13.edf,chb05|chb05_13.edf|001798,kurtosis,1.5900553464889526,1.5900553464889526,0,True
chb05,chb05_14.edf,chb05|chb05_14.edf|000000,bp_delta,1.9465281059984703e-09,1.9465281059984703e-09,0,True
chb05,chb05_14.edf,chb05|chb05_14.edf|000000,rel_bp_delta,0.44343381741649046,0.44343381741649046,0,True
chb05,chb05_14.edf,chb05|chb05_14.edf|000000,bp_theta,3.5225214459326401e-10,3.5225214459326401e-10,0,True
chb05,chb05_14.edf,chb05|chb05_14.edf|000000,rel_bp_theta,0.096245797957344434,0.096245797957344434,0,True
chb05,chb05_14.edf,chb05|chb05_14.edf|000000,bp_alpha,8.9950043645386802e-11,8.9950043645386802e-11,0,True
chb05,chb05_14.edf,chb05|chb05_14.edf|000000,rel_bp_alpha,0.020412828760543757,0.020412828760543757,0,True
chb05,chb05_14.edf,chb05|chb05_14.edf|000000,bp_beta,2.5756051300937461e-10,2.5756051300937461e-10,0,True
chb05,chb05_14.edf,chb05|chb05_14.edf|000000,rel_bp_beta,0.050777075185363271,0.050777075185363271,0,True
chb05,chb05_14.edf,chb05|chb05_14.edf|000000,bp_gamma,3.4761505287914942e-10,3.4761505287914942e-10,0,True
chb05,chb05_14.edf,chb05|chb05_14.edf|000000,rel_bp_gamma,0.061846139053834362,0.061846139053834362,0,True
chb05,chb05_14.edf,chb05|chb05_14.edf|000000,spectral_entropy,3.0180895328521729,3.0180895328521729,0,True
chb05,chb05_14.edf,chb05|chb05_14.edf|000000,hjorth_activity,4.2888688156494936e-09,4.2888688156494936e-09,0,True
chb05,chb05_14.edf,chb05|chb05_14.edf|000000,hjorth_mobility,0.40749052166938782,0.40749052166938782,0,True
chb05,chb05_14.edf,chb05|chb05_14.edf|000000,hjorth_complexity,2.3253412246704102,2.3253412246704102,0,True
chb05,chb05_14.edf,chb05|chb05_14.edf|000000,line_length,0.018175762146711349,0.018175762146711349,0,True
chb05,chb05_14.edf,chb05|chb05_14.edf|000000,rms_amplitude,6.1818856920581311e-05,6.1818856920581311e-05,0,True
chb05,chb05_14.edf,chb05|chb05_14.edf|000000,variance,4.2888688156494936e-09,4.2888688156494936e-09,0,True
chb05,chb05_14.edf,chb05|chb05_14.edf|000000,zero_crossing_rate,0.098011363636363633,0.098011363636363633,0,True
chb05,chb05_14.edf,chb05|chb05_14.edf|000000,skewness,0.060536368496038696,0.060536368496038696,0,True
chb05,chb05_14.edf,chb05|chb05_14.edf|000000,kurtosis,1.1547552347183228,1.1547552347183228,0,True
chb05,chb05_14.edf,chb05|chb05_14.edf|000899,bp_delta,2.0554815564268543e-09,2.0554815564268543e-09,0,True
chb05,chb05_14.edf,chb05|chb05_14.edf|000899,rel_bp_delta,0.45384553637286085,0.45384553637286085,0,True
chb05,chb05_14.edf,chb05|chb05_14.edf|000899,bp_theta,4.7817763937237209e-10,4.7817763937237209e-10,0,True
chb05,chb05_14.edf,chb05|chb05_14.edf|000899,rel_bp_theta,0.10695694808002756,0.10695694808002756,0,True
chb05,chb05_14.edf,chb05|chb05_14.edf|000899,bp_alpha,8.4056971280263882e-11,8.4056971280263882e-11,0,True
chb05,chb05_14.edf,chb05|chb05_14.edf|000899,rel_bp_alpha,0.016609645685715973,0.016609645685715973,0,True
chb05,chb05_14.edf,chb05|chb05_14.edf|000899,bp_beta,5.0632259328392277e-10,5.0632259328392277e-10,0,True
chb05,chb05_14.edf,chb05|chb05_14.edf|000899,rel_bp_beta,0.077707332236744628,0.077707332236744628,0,True
chb05,chb05_14.edf,chb05|chb05_14.edf|000899,bp_gamma,4.5673233116604598e-10,4.5673233116604598e-10,0,True
chb05,chb05_14.edf,chb05|chb05_14.edf|000899,rel_bp_gamma,0.072640916201127712,0.072640916201127712,0,True
chb05,chb05_14.edf,chb05|chb05_14.edf|000899,spectral_entropy,3.0786240100860596,3.0786240100860596,0,True
chb05,chb05_14.edf,chb05|chb05_14.edf|000899,hjorth_activity,5.3841016089961613e-09,5.3841016089961613e-09,0,True
chb05,chb05_14.edf,chb05|chb05_14.edf|000899,hjorth_mobility,0.27259671688079834,0.27259671688079834,0,True
chb05,chb05_14.edf,chb05|chb05_14.edf|000899,hjorth_complexity,2.3517343997955322,2.3517343997955322,0,True
chb05,chb05_14.edf,chb05|chb05_14.edf|000899,line_length,0.01743675023317337,0.01743675023317337,0,True
chb05,chb05_14.edf,chb05|chb05_14.edf|000899,rms_amplitude,6.9881833042018116e-05,6.9881833042018116e-05,0,True
chb05,chb05_14.edf,chb05|chb05_14.edf|000899,variance,5.3841016089961613e-09,5.3841016089961613e-09,0,True
chb05,chb05_14.edf,chb05|chb05_14.edf|000899,zero_crossing_rate,0.097079190340909088,0.097079190340909088,0,True
chb05,chb05_14.edf,chb05|chb05_14.edf|000899,skewness,-0.041017640255052938,-0.041017640255052938,0,True
chb05,chb05_14.edf,chb05|chb05_14.edf|000899,kurtosis,0.70643597841262817,0.70643597841262817,0,True
chb05,chb05_14.edf,chb05|chb05_14.edf|001798,bp_delta,1.5311578917643796e-09,1.5311578917643796e-09,0,True
chb05,chb05_14.edf,chb05|chb05_14.edf|001798,rel_bp_delta,0.4144783060237574,0.4144783060237574,0,True
chb05,chb05_14.edf,chb05|chb05_14.edf|001798,bp_theta,7.5613581116104362e-10,7.5613581116104362e-10,0,True
chb05,chb05_14.edf,chb05|chb05_14.edf|001798,rel_bp_theta,0.20393133357036752,0.20393133357036752,0,True
chb05,chb05_14.edf,chb05|chb05_14.edf|001798,bp_alpha,9.088859981472297e-11,9.088859981472297e-11,0,True
chb05,chb05_14.edf,chb05|chb05_14.edf|001798,rel_bp_alpha,0.023025343254821709,0.023025343254821709,0,True
chb05,chb05_14.edf,chb05|chb05_14.edf|001798,bp_beta,7.7665298342468673e-11,7.7665298342468673e-11,0,True
chb05,chb05_14.edf,chb05|chb05_14.edf|001798,rel_bp_beta,0.02195306278844928,0.02195306278844928,0,True
chb05,chb05_14.edf,chb05|chb05_14.edf|001798,bp_gamma,3.9977566287679333e-11,3.9977566287679333e-11,0,True
chb05,chb05_14.edf,chb05|chb05_14.edf|001798,rel_bp_gamma,0.011842818885752142,0.011842818885752142,0,True
chb05,chb05_14.edf,chb05|chb05_14.edf|001798,spectral_entropy,2.5037486553192139,2.5037486553192139,0,True
chb05,chb05_14.edf,chb05|chb05_14.edf|001798,hjorth_activity,3.7604146463365851e-09,3.7604146463365851e-09,0,True
chb05,chb05_14.edf,chb05|chb05_14.edf|001798,hjorth_mobility,0.15508086979389191,0.15508086979389191,0,True
chb05,chb05_14.edf,chb05|chb05_14.edf|001798,hjorth_complexity,1.97236168384552,1.97236168384552,0,True
chb05,chb05_14.edf,chb05|chb05_14.edf|001798,line_length,0.0071640177629888058,0.0071640177629888058,0,True
chb05,chb05_14.edf,chb05|chb05_14.edf|001798,rms_amplitude,5.8851026551565155e-05,5.8851026551565155e-05,0,True
chb05,chb05_14.edf,chb05|chb05_14.edf|001798,variance,3.7604146463365851e-09,3.7604146463365851e-09,0,True
chb05,chb05_14.edf,chb05|chb05_14.edf|001798,zero_crossing_rate,0.05894886363636364,0.05894886363636364,0,True
chb05,chb05_14.edf,chb05|chb05_14.edf|001798,skewness,0.2674334958534349,0.2674334958534349,0,True
chb05,chb05_14.edf,chb05|chb05_14.edf|001798,kurtosis,2.6838257312774658,2.6838257312774658,0,True
chb05,chb05_15.edf,chb05|chb05_15.edf|000000,bp_delta,1.3441432698571816e-09,1.3441432698571816e-09,0,True
chb05,chb05_15.edf,chb05|chb05_15.edf|000000,rel_bp_delta,0.42196522808175002,0.42196522808175002,0,True
chb05,chb05_15.edf,chb05|chb05_15.edf|000000,bp_theta,5.2723274538815396e-10,5.2723274538815396e-10,0,True
chb05,chb05_15.edf,chb05|chb05_15.edf|000000,rel_bp_theta,0.1718600910374152,0.1718600910374152,0,True
chb05,chb05_15.edf,chb05|chb05_15.edf|000000,bp_alpha,2.8723289485327507e-11,2.8723289485327507e-11,0,True
chb05,chb05_15.edf,chb05|chb05_15.edf|000000,rel_bp_alpha,0.0091896143265978742,0.0091896143265978742,0,True
chb05,chb05_15.edf,chb05|chb05_15.edf|000000,bp_beta,7.0962354541284124e-11,7.0962354541284124e-11,0,True
chb05,chb05_15.edf,chb05|chb05_15.edf|000000,rel_bp_beta,0.021098875823764195,0.021098875823764195,0,True
chb05,chb05_15.edf,chb05|chb05_15.edf|000000,bp_gamma,5.0602196920301206e-11,5.0602196920301206e-11,0,True
chb05,chb05_15.edf,chb05|chb05_15.edf|000000,rel_bp_gamma,0.015140349104157231,0.015140349104157231,0,True
chb05,chb05_15.edf,chb05|chb05_15.edf|000000,spectral_entropy,2.4175145626068115,2.4175145626068115,0,True
chb05,chb05_15.edf,chb05|chb05_15.edf|000000,hjorth_activity,2.3716124619710399e-09,2.3716124619710399e-09,0,True
chb05,chb05_15.edf,chb05|chb05_15.edf|000000,hjorth_mobility,0.1783563494682312,0.1783563494682312,0,True
chb05,chb05_15.edf,chb05|chb05_15.edf|000000,hjorth_complexity,1.861619234085083,1.861619234085083,0,True
chb05,chb05_15.edf,chb05|chb05_15.edf|000000,line_length,0.0079684583470225334,0.0079684583470225334,0,True
chb05,chb05_15.edf,chb05|chb05_15.edf|000000,rms_amplitude,4.7571946197422221e-05,4.7571946197422221e-05,0,True
chb05,chb05_15.edf,chb05|chb05_15.edf|000000,variance,2.3716124619710399e-09,2.3716124619710399e-09,0,True
chb05,chb05_15.edf,chb05|chb05_15.edf|000000,zero_crossing_rate,0.069557883522727279,0.069557883522727279,0,True
chb05,chb05_15.edf,chb05|chb05_15.edf|000000,skewness,-0.0043945276040837844,-0.0043945276040837844,0,True
chb05,chb05_15.edf,chb05|chb05_15.edf|000000,kurtosis,0.32610264420509338,0.32610264420509338,0,True
chb05,chb05_15.edf,chb05|chb05_15.edf|000899,bp_delta,1.4384768430070699e-09,1.4384768430070699e-09,0,True
chb05,chb05_15.edf,chb05|chb05_15.edf|000899,rel_bp_delta,0.42307333293928734,0.42307333293928734,0,True
chb05,chb05_15.edf,chb05|chb05_15.edf|000899,bp_theta,4.6814781644058639e-10,4.6814781644058639e-10,0,True
chb05,chb05_15.edf,chb05|chb05_15.edf|000899,rel_bp_theta,0.14966464332373677,0.14966464332373677,0,True
chb05,chb05_15.edf,chb05|chb05_15.edf|000899,bp_alpha,8.5776049669609815e-11,8.5776049669609815e-11,0,True
chb05,chb05_15.edf,chb05|chb05_15.edf|000899,rel_bp_alpha,0.028729976470850259,0.028729976470850259,0,True
chb05,chb05_15.edf,chb05|chb05_15.edf|000899,bp_beta,4.0773302741077972e-11,4.0773302741077972e-11,0,True
chb05,chb05_15.edf,chb05|chb05_15.edf|000899,rel_bp_beta,0.014356916106401224,0.014356916106401224,0,True
chb05,chb05_15.edf,chb05|chb05_15.edf|000899,bp_gamma,8.7380186108064672e-12,8.7380186108064672e-12,0,True
chb05,chb05_15.edf,chb05|chb05_15.edf|000899,rel_bp_gamma,0.0034184112442852506,0.0034184112442852506,0,True
chb05,chb05_15.edf,chb05|chb05_15.edf|000899,spectral_entropy,2.3543131351470947,2.3543131351470947,0,True
chb05,chb05_15.edf,chb05|chb05_15.edf|000899,hjorth_activity,2.7074917863245673e-09,2.7074917863245673e-09,0,True
chb05,chb05_15.edf,chb05|chb05_15.edf|000899,hjorth_mobility,0.11842253059148788,0.11842253059148788,0,True
chb05,chb05_15.edf,chb05|chb05_15.edf|000899,hjorth_complexity,1.5012425184249878,1.5012425184249878,0,True
chb05,chb05_15.edf,chb05|chb05_15.edf|000899,line_length,0.0052595767192542553,0.0052595767192542553,0,True
chb05,chb05_15.edf,chb05|chb05_15.edf|000899,rms_amplitude,5.0059708883054554e-05,5.0059708883054554e-05,0,True
chb05,chb05_15.edf,chb05|chb05_15.edf|000899,variance,2.7074917863245673e-09,2.7074917863245673e-09,0,True
chb05,chb05_15.edf,chb05|chb05_15.edf|000899,zero_crossing_rate,0.043013139204545456,0.043013139204545456,0,True
chb05,chb05_15.edf,chb05|chb05_15.edf|000899,skewness,-0.061793832447041168,-0.061793832447041168,0,True
chb05,chb05_15.edf,chb05|chb05_15.edf|000899,kurtosis,1.071412205696106,1.071412205696106,0,True
chb05,chb05_15.edf,chb05|chb05_15.edf|001798,bp_delta,1.7936969283609146e-09,1.7936969283609146e-09,0,True
chb05,chb05_15.edf,chb05|chb05_15.edf|001798,rel_bp_delta,0.45137287456838243,0.45137287456838243,0,True
chb05,chb05_15.edf,chb05|chb05_15.edf|001798,bp_theta,5.9619427012851242e-10,5.9619427012851242e-10,0,True
chb05,chb05_15.edf,chb05|chb05_15.edf|001798,rel_bp_theta,0.15951735968157277,0.15951735968157277,0,True
chb05,chb05_15.edf,chb05|chb05_15.edf|001798,bp_alpha,6.3012623971664023e-11,6.3012623971664023e-11,0,True
chb05,chb05_15.edf,chb05|chb05_15.edf|001798,rel_bp_alpha,0.016443139198916098,0.016443139198916098,0,True
chb05,chb05_15.edf,chb05|chb05_15.edf|001798,bp_beta,3.1614620793915052e-11,3.1614620793915052e-11,0,True
chb05,chb05_15.edf,chb05|chb05_15.edf|001798,rel_bp_beta,0.0089692875828363116,0.0089692875828363116,0,True
chb05,chb05_15.edf,chb05|chb05_15.edf|001798,bp_gamma,4.6763542067344198e-12,4.6763542067344198e-12,0,True
chb05,chb05_15.edf,chb05|chb05_15.edf|001798,rel_bp_gamma,0.0014855524452034841,0.0014855524452034841,0,True
chb05,chb05_15.edf,chb05|chb05_15.edf|001798,spectral_entropy,2.2713022232055664,2.2713022232055664,0,True
chb05,chb05_15.edf,chb05|chb05_15.edf|001798,hjorth_activity,3.1651543608290922e-09,3.1651543608290922e-09,0,True
chb05,chb05_15.edf,chb05|chb05_15.edf|001798,hjorth_mobility,0.10319191962480545,0.10319191962480545,0,True
chb05,chb05_15.edf,chb05|chb05_15.edf|001798,hjorth_complexity,1.3669494390487671,1.3669494390487671,0,True
chb05,chb05_15.edf,chb05|chb05_15.edf|001798,line_length,0.005052405409514904,0.005052405409514904,0,True
chb05,chb05_15.edf,chb05|chb05_15.edf|001798,rms_amplitude,5.214858174440451e-05,5.214858174440451e-05,0,True
chb05,chb05_15.edf,chb05|chb05_15.edf|001798,variance,3.1651543608290922e-09,3.1651543608290922e-09,0,True
chb05,chb05_15.edf,chb05|chb05_15.edf|001798,zero_crossing_rate,0.045587713068181816,0.045587713068181816,0,True
chb05,chb05_15.edf,chb05|chb05_15.edf|001798,skewness,0.081306876942769377,0.081306876942769377,0,True
chb05,chb05_15.edf,chb05|chb05_15.edf|001798,kurtosis,-0.082443788647651672,-0.082443788647651672,0,True
chb05,chb05_16.edf,chb05|chb05_16.edf|000000,bp_delta,7.1087929608516407e-10,7.1087929608516407e-10,0,True
chb05,chb05_16.edf,chb05|chb05_16.edf|000000,rel_bp_delta,0.32390130414464641,0.32390130414464641,0,True
chb05,chb05_16.edf,chb05|chb05_16.edf|000000,bp_theta,2.1156944013563106e-10,2.1156944013563106e-10,0,True
chb05,chb05_16.edf,chb05|chb05_16.edf|000000,rel_bp_theta,0.10605555020278058,0.10605555020278058,0,True
chb05,chb05_16.edf,chb05|chb05_16.edf|000000,bp_alpha,2.5489080548126318e-11,2.5489080548126318e-11,0,True
chb05,chb05_16.edf,chb05|chb05_16.edf|000000,rel_bp_alpha,0.013133048378691807,0.013133048378691807,0,True
chb05,chb05_16.edf,chb05|chb05_16.edf|000000,bp_beta,1.6780246535560032e-11,1.6780246535560032e-11,0,True
chb05,chb05_16.edf,chb05|chb05_16.edf|000000,rel_bp_beta,0.0089731889947492066,0.0089731889947492066,0,True
chb05,chb05_16.edf,chb05|chb05_16.edf|000000,bp_gamma,4.0074769535983617e-12,4.0074769535983617e-12,0,True
chb05,chb05_16.edf,chb05|chb05_16.edf|000000,rel_bp_gamma,0.0021400300618076673,0.0021400300618076673,0,True
chb05,chb05_16.edf,chb05|chb05_16.edf|000000,spectral_entropy,1.9210476875305176,1.9210476875305176,0,True
chb05,chb05_16.edf,chb05|chb05_16.edf|000000,hjorth_activity,1.2516236935766756e-09,1.2516236935766756e-09,0,True
chb05,chb05_16.edf,chb05|chb05_16.edf|000000,hjorth_mobility,0.11299788951873779,0.11299788951873779,0,True
chb05,chb05_16.edf,chb05|chb05_16.edf|000000,hjorth_complexity,1.3416348695755005,1.3416348695755005,0,True
chb05,chb05_16.edf,chb05|chb05_16.edf|000000,line_length,0.0040548425167798996,0.0040548425167798996,0,True
chb05,chb05_16.edf,chb05|chb05_16.edf|000000,rms_amplitude,3.3995653211604804e-05,3.3995653211604804e-05,0,True
chb05,chb05_16.edf,chb05|chb05_16.edf|000000,variance,1.2516236935766756e-09,1.2516236935766756e-09,0,True
chb05,chb05_16.edf,chb05|chb05_16.edf|000000,zero_crossing_rate,0.05579723011363636,0.05579723011363636,0,True
chb05,chb05_16.edf,chb05|chb05_16.edf|000000,skewness,0.00014083163643425161,0.00014083163643425161,0,True
chb05,chb05_16.edf,chb05|chb05_16.edf|000000,kurtosis,0.58500421047210693,0.58500421047210693,0,True
chb05,chb05_16.edf,chb05|chb05_16.edf|000899,bp_delta,2.434409366642248e-09,2.434409366642248e-09,0,True
chb05,chb05_16.edf,chb05|chb05_16.edf|000899,rel_bp_delta,0.48037162315657367,0.48037162315657367,0,True
chb05,chb05_16.edf,chb05|chb05_16.edf|000899,bp_theta,1.1510874734448945e-09,1.1510874734448945e-09,0,True
chb05,chb05_16.edf,chb05|chb05_16.edf|000899,rel_bp_theta,0.22753482770667893,0.22753482770667893,0,True
chb05,chb05_16.edf,chb05|chb05_16.edf|000899,bp_alpha,2.0765642291241266e-10,2.0765642291241266e-10,0,True
chb05,chb05_16.edf,chb05|chb05_16.edf|000899,rel_bp_alpha,0.043446431196850897,0.043446431196850897,0,True
chb05,chb05_16.edf,chb05|chb05_16.edf|000899,bp_beta,7.8401509901319461e-11,7.8401509901319461e-11,0,True
chb05,chb05_16.edf,chb05|chb05_16.edf|000899,rel_bp_beta,0.01774185909310047,0.01774185909310047,0,True
chb05,chb05_16.edf,chb05|chb05_16.edf|000899,bp_gamma,6.816063759218594e-12,6.816063759218594e-12,0,True
chb05,chb05_16.edf,chb05|chb05_16.edf|000899,rel_bp_gamma,0.0014461177906335916,0.0014461177906335916,0,True
chb05,chb05_16.edf,chb05|chb05_16.edf|000899,spectral_entropy,2.73280930519104,2.73280930519104,0,True
chb05,chb05_16.edf,chb05|chb05_16.edf|000899,hjorth_activity,4.8647126327239221e-09,4.8647126327239221e-09,0,True
chb05,chb05_16.edf,chb05|chb05_16.edf|000899,hjorth_mobility,0.11274693161249161,0.11274693161249161,0,True
chb05,chb05_16.edf,chb05|chb05_16.edf|000899,hjorth_complexity,1.4465140104293823,1.4465140104293823,0,True
chb05,chb05_16.edf,chb05|chb05_16.edf|000899,line_length,0.0064127864316105843,0.0064127864316105843,0,True
chb05,chb05_16.edf,chb05|chb05_16.edf|000899,rms_amplitude,6.8518616899382323e-05,6.8518616899382323e-05,0,True
chb05,chb05_16.edf,chb05|chb05_16.edf|000899,variance,4.8647126327239221e-09,4.8647126327239221e-09,0,True
chb05,chb05_16.edf,chb05|chb05_16.edf|000899,zero_crossing_rate,0.041592684659090912,0.041592684659090912,0,True
chb05,chb05_16.edf,chb05|chb05_16.edf|000899,skewness,-0.17031396789984268,-0.17031396789984268,0,True
chb05,chb05_16.edf,chb05|chb05_16.edf|000899,kurtosis,1.8914860486984253,1.8914860486984253,0,True
chb05,chb05_16.edf,chb05|chb05_16.edf|001798,bp_delta,2.1732466978154693e-09,2.1732466978154693e-09,0,True
chb05,chb05_16.edf,chb05|chb05_16.edf|001798,rel_bp_delta,0.51351646827047026,0.51351646827047026,0,True
chb05,chb05_16.edf,chb05|chb05_16.edf|001798,bp_theta,4.7699661360907494e-10,4.7699661360907494e-10,0,True
chb05,chb05_16.edf,chb05|chb05_16.edf|001798,rel_bp_theta,0.12335835764870152,0.12335835764870152,0,True
chb05,chb05_16.edf,chb05|chb05_16.edf|001798,bp_alpha,3.9508713727800001e-11,3.9508713727800001e-11,0,True
chb05,chb05_16.edf,chb05|chb05_16.edf|001798,rel_bp_alpha,0.011323913761634535,0.011323913761634535,0,True
chb05,chb05_16.edf,chb05|chb05_16.edf|001798,bp_beta,1.4998607430834176e-11,1.4998607430834176e-11,0,True
chb05,chb05_16.edf,chb05|chb05_16.edf|001798,rel_bp_beta,0.004753702375999324,0.004753702375999324,0,True
chb05,chb05_16.edf,chb05|chb05_16.edf|001798,bp_gamma,2.9141216481305087e-12,2.9141216481305087e-12,0,True
chb05,chb05_16.edf,chb05|chb05_16.edf|001798,rel_bp_gamma,0.0010434890376466394,0.0010434890376466394,0,True
chb05,chb05_16.edf,chb05|chb05_16.edf|001798,spectral_entropy,2.2023723125457764,2.2023723125457764,0,True
chb05,chb05_16.edf,chb05|chb05_16.edf|001798,hjorth_activity,2.9921891631090602e-09,2.9921891631090602e-09,0,True
chb05,chb05_16.edf,chb05|chb05_16.edf|001798,hjorth_mobility,0.093472570180892944,0.093472570180892944,0,True
chb05,chb05_16.edf,chb05|chb05_16.edf|001798,hjorth_complexity,1.4701676368713379,1.4701676368713379,0,True
chb05,chb05_16.edf,chb05|chb05_16.edf|001798,line_length,0.0045437230728566647,0.0045437230728566647,0,True
chb05,chb05_16.edf,chb05|chb05_16.edf|001798,rms_amplitude,5.2023209718754515e-05,5.2023209718754515e-05,0,True
chb05,chb05_16.edf,chb05|chb05_16.edf|001798,variance,2.9921891631090602e-09,2.9921891631090602e-09,0,True
chb05,chb05_16.edf,chb05|chb05_16.edf|001798,zero_crossing_rate,0.035378196022727272,0.035378196022727272,0,True
chb05,chb05_16.edf,chb05|chb05_16.edf|001798,skewness,-0.011560732287100771,-0.011560732287100771,0,True
chb05,chb05_16.edf,chb05|chb05_16.edf|001798,kurtosis,0.19327135384082794,0.19327135384082794,0,True
chb05,chb05_17.edf,chb05|chb05_17.edf|000000,bp_delta,1.5744500474517244e-09,1.5744500474517244e-09,0,True
chb05,chb05_17.edf,chb05|chb05_17.edf|000000,rel_bp_delta,0.47240122093958409,0.47240122093958409,0,True
chb05,chb05_17.edf,chb05|chb05_17.edf|000000,bp_theta,4.4547836884977881e-10,4.4547836884977881e-10,0,True
chb05,chb05_17.edf,chb05|chb05_17.edf|000000,rel_bp_theta,0.13757502143787509,0.13757502143787509,0,True
chb05,chb05_17.edf,chb05|chb05_17.edf|000000,bp_alpha,4.557364710418004e-11,4.557364710418004e-11,0,True
chb05,chb05_17.edf,chb05|chb05_17.edf|000000,rel_bp_alpha,0.014990521036350013,0.014990521036350013,0,True
chb05,chb05_17.edf,chb05|chb05_17.edf|000000,bp_beta,1.4124556534747902e-11,1.4124556534747902e-11,0,True
chb05,chb05_17.edf,chb05|chb05_17.edf|000000,rel_bp_beta,0.0050114640818036205,0.0050114640818036205,0,True
chb05,chb05_17.edf,chb05|chb05_17.edf|000000,bp_gamma,2.9475539738472436e-12,2.9475539738472436e-12,0,True
chb05,chb05_17.edf,chb05|chb05_17.edf|000000,rel_bp_gamma,0.0011148883659150175,0.0011148883659150175,0,True
chb05,chb05_17.edf,chb05|chb05_17.edf|000000,spectral_entropy,2.2257020473480225,2.2257020473480225,0,True
chb05,chb05_17.edf,chb05|chb05_17.edf|000000,hjorth_activity,2.6993705048994343e-09,2.6993705048994343e-09,0,True
chb05,chb05_17.edf,chb05|chb05_17.edf|000000,hjorth_mobility,0.11044710129499435,0.11044710129499435,0,True
chb05,chb05_17.edf,chb05|chb05_17.edf|000000,hjorth_complexity,1.5430970191955566,1.5430970191955566,0,True
chb05,chb05_17.edf,chb05|chb05_17.edf|000000,line_length,0.0045719263143837452,0.0045719263143837452,0,True
chb05,chb05_17.edf,chb05|chb05_17.edf|000000,rms_amplitude,4.9506666982779279e-05,4.9506666982779279e-05,0,True
chb05,chb05_17.edf,chb05|chb05_17.edf|000000,variance,2.6993705048994343e-09,2.6993705048994343e-09,0,True
chb05,chb05_17.edf,chb05|chb05_17.edf|000000,zero_crossing_rate,0.0439453125,0.0439453125,0,True
chb05,chb05_17.edf,chb05|chb05_17.edf|000000,skewness,-0.021823689637875014,-0.021823689637875014,0,True
chb05,chb05_17.edf,chb05|chb05_17.edf|000000,kurtosis,0.21039138734340668,0.21039138734340668,0,True
chb05,chb05_17.edf,chb05|chb05_17.edf|000899,bp_delta,1.4421584917429459e-09,1.4421584917429459e-09,0,True
chb05,chb05_17.edf,chb05|chb05_17.edf|000899,rel_bp_delta,0.44574584767579295,0.44574584767579295,0,True
chb05,chb05_17.edf,chb05|chb05_17.edf|000899,bp_theta,3.5101575721978431e-10,3.5101575721978431e-10,0,True
chb05,chb05_17.edf,chb05|chb05_17.edf|000899,rel_bp_theta,0.11342092773791966,0.11342092773791966,0,True
chb05,chb05_17.edf,chb05|chb05_17.edf|000899,bp_alpha,4.8325085100102098e-11,4.8325085100102098e-11,0,True
chb05,chb05_17.edf,chb05|chb05_17.edf|000899,rel_bp_alpha,0.017190526182433344,0.017190526182433344,0,True
chb05,chb05_17.edf,chb05|chb05_17.edf|000899,bp_beta,4.6888812438721945e-11,4.6888812438721945e-11,0,True
chb05,chb05_17.edf,chb05|chb05_17.edf|000899,rel_bp_beta,0.015643303983808254,0.015643303983808254,0,True
chb05,chb05_17.edf,chb05|chb05_17.edf|000899,bp_gamma,9.5296741546024306e-12,9.5296741546024306e-12,0,True
chb05,chb05_17.edf,chb05|chb05_17.edf|000899,rel_bp_gamma,0.0031205333327804867,0.0031205333327804867,0,True
chb05,chb05_17.edf,chb05|chb05_17.edf|000899,spectral_entropy,2.2105767726898193,2.2105767726898193,0,True
chb05,chb05_17.edf,chb05|chb05_17.edf|000899,hjorth_activity,2.4389266162216927e-09,2.4389266162216927e-09,0,True
chb05,chb05_17.edf,chb05|chb05_17.edf|000899,hjorth_mobility,0.11504674702882767,0.11504674702882767,0,True
chb05,chb05_17.edf,chb05|chb05_17.edf|000899,hjorth_complexity,1.4031100273132324,1.4031100273132324,0,True
chb05,chb05_17.edf,chb05|chb05_17.edf|000899,line_length,0.0053205285221338272,0.0053205285221338272,0,True
chb05,chb05_17.edf,chb05|chb05_17.edf|000899,rms_amplitude,4.7491470468230546e-05,4.7491470468230546e-05,0,True
chb05,chb05_17.edf,chb05|chb05_17.edf|000899,variance,2.4389266162216927e-09,2.4389266162216927e-09,0,True
chb05,chb05_17.edf,chb05|chb05_17.edf|000899,zero_crossing_rate,0.052911931818181816,0.052911931818181816,0,True
chb05,chb05_17.edf,chb05|chb05_17.edf|000899,skewness,-0.19765948444943537,-0.19765948444943537,0,True
chb05,chb05_17.edf,chb05|chb05_17.edf|000899,kurtosis,0.69484400749206543,0.69484400749206543,0,True
chb05,chb05_17.edf,chb05|chb05_17.edf|001798,bp_delta,2.359876305732281e-09,2.359876305732281e-09,0,True
chb05,chb05_17.edf,chb05|chb05_17.edf|001798,rel_bp_delta,0.52279969450904118,0.52279969450904118,0,True
chb05,chb05_17.edf,chb05|chb05_17.edf|001798,bp_theta,7.4208352732165297e-10,7.4208352732165297e-10,0,True
chb05,chb05_17.edf,chb05|chb05_17.edf|001798,rel_bp_theta,0.16937166559877317,0.16937166559877317,0,True
chb05,chb05_17.edf,chb05|chb05_17.edf|001798,bp_alpha,8.0954898107868888e-11,8.0954898107868888e-11,0,True
chb05,chb05_17.edf,chb05|chb05_17.edf|001798,rel_bp_alpha,0.019918636168832507,0.019918636168832507,0,True
chb05,chb05_17.edf,chb05|chb05_17.edf|001798,bp_beta,5.8286433548386472e-11,5.8286433548386472e-11,0,True
chb05,chb05_17.edf,chb05|chb05_17.edf|001798,rel_bp_beta,0.014764488193317342,0.014764488193317342,0,True
chb05,chb05_17.edf,chb05|chb05_17.edf|001798,bp_gamma,3.1338528462125951e-11,3.1338528462125951e-11,0,True
chb05,chb05_17.edf,chb05|chb05_17.edf|001798,rel_bp_gamma,0.0081440365854380421,0.0081440365854380421,0,True
chb05,chb05_17.edf,chb05|chb05_17.edf|001798,spectral_entropy,2.5540821552276611,2.5540821552276611,0,True
chb05,chb05_17.edf,chb05|chb05_17.edf|001798,hjorth_activity,4.1011767315524139e-09,4.1011767315524139e-09,0,True
chb05,chb05_17.edf,chb05|chb05_17.edf|001798,hjorth_mobility,0.1543399840593338,0.1543399840593338,0,True
chb05,chb05_17.edf,chb05|chb05_17.edf|001798,hjorth_complexity,2.2427351474761963,2.2427351474761963,0,True
chb05,chb05_17.edf,chb05|chb05_17.edf|001798,line_length,0.008394148200750351,0.008394148200750351,0,True
chb05,chb05_17.edf,chb05|chb05_17.edf|001798,rms_amplitude,6.280082743614912e-05,6.280082743614912e-05,0,True
chb05,chb05_17.edf,chb05|chb05_17.edf|001798,variance,4.1011767315524139e-09,4.1011767315524139e-09,0,True
chb05,chb05_17.edf,chb05|chb05_17.edf|001798,zero_crossing_rate,0.05908203125,0.05908203125,0,True
chb05,chb05_17.edf,chb05|chb05_17.edf|001798,skewness,0.066042538224296135,0.066042538224296135,0,True
chb05,chb05_17.edf,chb05|chb05_17.edf|001798,kurtosis,0.52185589075088501,0.52185589075088501,0,True
chb05,chb05_18.edf,chb05|chb05_18.edf|000000,bp_delta,1.1817615595064647e-09,1.1817615595064647e-09,0,True
chb05,chb05_18.edf,chb05|chb05_18.edf|000000,rel_bp_delta,0.40717917326061009,0.40717917326061009,0,True
chb05,chb05_18.edf,chb05|chb05_18.edf|000000,bp_theta,3.7344288023359975e-10,3.7344288023359975e-10,0,True
chb05,chb05_18.edf,chb05|chb05_18.edf|000000,rel_bp_theta,0.13547139922345866,0.13547139922345866,0,True
chb05,chb05_18.edf,chb05|chb05_18.edf|000000,bp_alpha,7.921223615779525e-11,7.921223615779525e-11,0,True
chb05,chb05_18.edf,chb05|chb05_18.edf|000000,rel_bp_alpha,0.030886791615175633,0.030886791615175633,0,True
chb05,chb05_18.edf,chb05|chb05_18.edf|000000,bp_beta,4.1378163872346034e-11,4.1378163872346034e-11,0,True
chb05,chb05_18.edf,chb05|chb05_18.edf|000000,rel_bp_beta,0.015862417472690057,0.015862417472690057,0,True
chb05,chb05_18.edf,chb05|chb05_18.edf|000000,bp_gamma,2.5574157142130064e-11,2.5574157142130064e-11,0,True
chb05,chb05_18.edf,chb05|chb05_18.edf|000000,rel_bp_gamma,0.0099452499121810822,0.0099452499121810822,0,True
chb05,chb05_18.edf,chb05|chb05_18.edf|000000,spectral_entropy,2.4398415088653564,2.4398415088653564,0,True
chb05,chb05_18.edf,chb05|chb05_18.edf|000000,hjorth_activity,2.1982766718053881e-09,2.1982766718053881e-09,0,True
chb05,chb05_18.edf,chb05|chb05_18.edf|000000,hjorth_mobility,0.1701606810092926,0.1701606810092926,0,True
chb05,chb05_18.edf,chb05|chb05_18.edf|000000,hjorth_complexity,1.9555957317352295,1.9555957317352295,0,True
chb05,chb05_18.edf,chb05|chb05_18.edf|000000,line_length,0.0073106805793941021,0.0073106805793941021,0,True
chb05,chb05_18.edf,chb05|chb05_18.edf|000000,rms_amplitude,4.5706095988862216e-05,4.5706095988862216e-05,0,True
chb05,chb05_18.edf,chb05|chb05_18.edf|000000,variance,2.1982766718053881e-09,2.1982766718053881e-09,0,True
chb05,chb05_18.edf,chb05|chb05_18.edf|000000,zero_crossing_rate,0.066317471590909088,0.066317471590909088,0,True
chb05,chb05_18.edf,chb05|chb05_18.edf|000000,skewness,-0.047847914530641654,-0.047847914530641654,0,True
chb05,chb05_18.edf,chb05|chb05_18.edf|000000,kurtosis,0.047248385846614838,0.047248385846614838,0,True
chb05,chb05_18.edf,chb05|chb05_18.edf|000899,bp_delta,2.8694390645133227e-09,2.8694390645133227e-09,0,True
chb05,chb05_18.edf,chb05|chb05_18.edf|000899,rel_bp_delta,0.53448633868637618,0.53448633868637618,0,True
chb05,chb05_18.edf,chb05|chb05_18.edf|000899,bp_theta,6.1896447236108672e-10,6.1896447236108672e-10,0,True
chb05,chb05_18.edf,chb05|chb05_18.edf|000899,rel_bp_theta,0.14432765547417323,0.14432765547417323,0,True
chb05,chb05_18.edf,chb05|chb05_18.edf|000899,bp_alpha,6.1148133687986955e-11,6.1148133687986955e-11,0,True
chb05,chb05_18.edf,chb05|chb05_18.edf|000899,rel_bp_alpha,0.014532423230940466,0.014532423230940466,0,True
chb05,chb05_18.edf,chb05|chb05_18.edf|000899,bp_beta,6.947256602412422e-11,6.947256602412422e-11,0,True
chb05,chb05_18.edf,chb05|chb05_18.edf|000899,rel_bp_beta,0.017396160292587066,0.017396160292587066,0,True
chb05,chb05_18.edf,chb05|chb05_18.edf|000899,bp_gamma,5.7621017684897705e-11,5.7621017684897705e-11,0,True
chb05,chb05_18.edf,chb05|chb05_18.edf|000899,rel_bp_gamma,0.014585683591331096,0.014585683591331096,0,True
chb05,chb05_18.edf,chb05|chb05_18.edf|000899,spectral_entropy,2.4478819370269775,2.4478819370269775,0,True
chb05,chb05_18.edf,chb05|chb05_18.edf|000899,hjorth_activity,6.4937299981693286e-09,6.4937299981693286e-09,0,True
chb05,chb05_18.edf,chb05|chb05_18.edf|000899,hjorth_mobility,0.1603093147277832,0.1603093147277832,0,True
chb05,chb05_18.edf,chb05|chb05_18.edf|000899,hjorth_complexity,2.5868089199066162,2.5868089199066162,0,True
chb05,chb05_18.edf,chb05|chb05_18.edf|000899,line_length,0.0094820372760295868,0.0094820372760295868,0,True
chb05,chb05_18.edf,chb05|chb05_18.edf|000899,rms_amplitude,7.363879558397457e-05,7.363879558397457e-05,0,True
chb05,chb05_18.edf,chb05|chb05_18.edf|000899,variance,6.4937299981693286e-09,6.4937299981693286e-09,0,True
chb05,chb05_18.edf,chb05|chb05_18.edf|000899,zero_crossing_rate,0.055752840909090912,0.055752840909090912,0,True
chb05,chb05_18.edf,chb05|chb05_18.edf|000899,skewness,0.01512102124450559,0.01512102124450559,0,True
chb05,chb05_18.edf,chb05|chb05_18.edf|000899,kurtosis,0.86871820688247681,0.86871820688247681,0,True
chb05,chb05_18.edf,chb05|chb05_18.edf|001798,bp_delta,2.9718526686257022e-09,2.9718526686257022e-09,0,True
chb05,chb05_18.edf,chb05|chb05_18.edf|001798,rel_bp_delta,0.50109442167008833,0.50109442167008833,0,True
chb05,chb05_18.edf,chb05|chb05_18.edf|001798,bp_theta,9.0857723333584689e-10,9.0857723333584689e-10,0,True
chb05,chb05_18.edf,chb05|chb05_18.edf|001798,rel_bp_theta,0.15918905313413612,0.15918905313413612,0,True
chb05,chb05_18.edf,chb05|chb05_18.edf|001798,bp_alpha,1.3573850968418515e-10,1.3573850968418515e-10,0,True
chb05,chb05_18.edf,chb05|chb05_18.edf|001798,rel_bp_alpha,0.027354113131111045,0.027354113131111045,0,True
chb05,chb05_18.edf,chb05|chb05_18.edf|001798,bp_beta,3.2091096603270851e-10,3.2091096603270851e-10,0,True
chb05,chb05_18.edf,chb05|chb05_18.edf|001798,rel_bp_beta,0.057507623102600713,0.057507623102600713,0,True
chb05,chb05_18.edf,chb05|chb05_18.edf|001798,bp_gamma,2.3434587664150451e-10,2.3434587664150451e-10,0,True
chb05,chb05_18.edf,chb05|chb05_18.edf|001798,rel_bp_gamma,0.036816956258288104,0.036816956258288104,0,True
chb05,chb05_18.edf,chb05|chb05_18.edf|001798,spectral_entropy,2.8989522457122803,2.8989522457122803,0,True
chb05,chb05_18.edf,chb05|chb05_18.edf|001798,hjorth_activity,6.0760556586103576e-09,6.0760556586103576e-09,0,True
chb05,chb05_18.edf,chb05|chb05_18.edf|001798,hjorth_mobility,0.30302521586418152,0.30302521586418152,0,True
chb05,chb05_18.edf,chb05|chb05_18.edf|001798,hjorth_complexity,2.6068034172058105,2.6068034172058105,0,True
chb05,chb05_18.edf,chb05|chb05_18.edf|001798,line_length,0.023807303979992867,0.023807303979992867,0,True
chb05,chb05_18.edf,chb05|chb05_18.edf|001798,rms_amplitude,7.4384297477081418e-05,7.4384297477081418e-05,0,True
chb05,chb05_18.edf,chb05|chb05_18.edf|001798,variance,6.0760556586103576e-09,6.0760556586103576e-09,0,True
chb05,chb05_18.edf,chb05|chb05_18.edf|001798,zero_crossing_rate,0.11705433238636363,0.11705433238636363,0,True
chb05,chb05_18.edf,chb05|chb05_18.edf|001798,skewness,-0.054484697566791015,-0.054484697566791015,0,True
chb05,chb05_18.edf,chb05|chb05_18.edf|001798,kurtosis,0.65276640653610229,0.65276640653610229,0,True
chb05,chb05_21.edf,chb05|chb05_21.edf|000000,bp_delta,2.9396865768658502e-09,2.9396865768658502e-09,0,True
chb05,chb05_21.edf,chb05|chb05_21.edf|000000,rel_bp_delta,0.43141488130325018,0.43141488130325018,0,True
chb05,chb05_21.edf,chb05|chb05_21.edf|000000,bp_theta,1.3398269889386416e-09,1.3398269889386416e-09,0,True
chb05,chb05_21.edf,chb05|chb05_21.edf|000000,rel_bp_theta,0.20237838689565998,0.20237838689565998,0,True
chb05,chb05_21.edf,chb05|chb05_21.edf|000000,bp_alpha,1.4872426485185291e-10,1.4872426485185291e-10,0,True
chb05,chb05_21.edf,chb05|chb05_21.edf|000000,rel_bp_alpha,0.023627753907515436,0.023627753907515436,0,True
chb05,chb05_21.edf,chb05|chb05_21.edf|000000,bp_beta,6.9858539922760361e-10,6.9858539922760361e-10,0,True
chb05,chb05_21.edf,chb05|chb05_21.edf|000000,rel_bp_beta,0.098115830245545016,0.098115830245545016,0,True
chb05,chb05_21.edf,chb05|chb05_21.edf|000000,bp_gamma,5.0668742146797274e-10,5.0668742146797274e-10,0,True
chb05,chb05_21.edf,chb05|chb05_21.edf|000000,rel_bp_gamma,0.068034054771334201,0.068034054771334201,0,True
chb05,chb05_21.edf,chb05|chb05_21.edf|000000,spectral_entropy,3.4338128566741943,3.4338128566741943,0,True
chb05,chb05_21.edf,chb05|chb05_21.edf|000000,hjorth_activity,6.4866996218881923e-09,6.4866996218881923e-09,0,True
chb05,chb05_21.edf,chb05|chb05_21.edf|000000,hjorth_mobility,0.31965228915214539,0.31965228915214539,0,True
chb05,chb05_21.edf,chb05|chb05_21.edf|000000,hjorth_complexity,2.2695596218109131,2.2695596218109131,0,True
chb05,chb05_21.edf,chb05|chb05_21.edf|000000,line_length,0.01985415443778038,0.01985415443778038,0,True
chb05,chb05_21.edf,chb05|chb05_21.edf|000000,rms_amplitude,7.882684440119192e-05,7.882684440119192e-05,0,True
chb05,chb05_21.edf,chb05|chb05_21.edf|000000,variance,6.4866996218881923e-09,6.4866996218881923e-09,0,True
chb05,chb05_21.edf,chb05|chb05_21.edf|000000,zero_crossing_rate,0.096280184659090912,0.096280184659090912,0,True
chb05,chb05_21.edf,chb05|chb05_21.edf|000000,skewness,-0.077515555715019058,-0.077515555715019058,0,True
chb05,chb05_21.edf,chb05|chb05_21.edf|000000,kurtosis,0.6701158881187439,0.6701158881187439,0,True
chb05,chb05_21.edf,chb05|chb05_21.edf|000899,bp_delta,3.6031340064357487e-09,3.6031340064357487e-09,0,True
chb05,chb05_21.edf,chb05|chb05_21.edf|000899,rel_bp_delta,0.41956287967570316,0.41956287967570316,0,True
chb05,chb05_21.edf,chb05|chb05_21.edf|000899,bp_theta,2.0278884442093896e-09,2.0278884442093896e-09,0,True
chb05,chb05_21.edf,chb05|chb05_21.edf|000899,rel_bp_theta,0.23159376978499271,0.23159376978499271,0,True
chb05,chb05_21.edf,chb05|chb05_21.edf|000899,bp_alpha,2.1827989589440211e-10,2.1827989589440211e-10,0,True
chb05,chb05_21.edf,chb05|chb05_21.edf|000899,rel_bp_alpha,0.025688725684354759,0.025688725684354759,0,True
chb05,chb05_21.edf,chb05|chb05_21.edf|000899,bp_beta,8.0808462978024687e-10,8.0808462978024687e-10,0,True
chb05,chb05_21.edf,chb05|chb05_21.edf|000899,rel_bp_beta,0.087616709234248899,0.087616709234248899,0,True
chb05,chb05_21.edf,chb05|chb05_21.edf|000899,bp_gamma,9.1821952631711029e-10,9.1821952631711029e-10,0,True
chb05,chb05_21.edf,chb05|chb05_21.edf|000899,rel_bp_gamma,0.099310542523484716,0.099310542523484716,0,True
chb05,chb05_21.edf,chb05|chb05_21.edf|000899,spectral_entropy,3.9975168704986572,3.9975168704986572,0,True
chb05,chb05_21.edf,chb05|chb05_21.edf|000899,hjorth_activity,9.5350136675165231e-09,9.5350136675165231e-09,0,True
chb05,chb05_21.edf,chb05|chb05_21.edf|000899,hjorth_mobility,0.49493619799613953,0.49493619799613953,0,True
chb05,chb05_21.edf,chb05|chb05_21.edf|000899,hjorth_complexity,2.5227439403533936,2.5227439403533936,0,True
chb05,chb05_21.edf,chb05|chb05_21.edf|000899,line_length,0.030712096020579338,0.030712096020579338,0,True
chb05,chb05_21.edf,chb05|chb05_21.edf|000899,rms_amplitude,9.5364724984392524e-05,9.5364724984392524e-05,0,True
chb05,chb05_21.edf,chb05|chb05_21.edf|000899,variance,9.5350136675165231e-09,9.5350136675165231e-09,0,True
chb05,chb05_21.edf,chb05|chb05_21.edf|000899,zero_crossing_rate,0.10990767045454546,0.10990767045454546,0,True
chb05,chb05_21.edf,chb05|chb05_21.edf|000899,skewness,-0.14092137490462681,-0.14092137490462681,0,True
chb05,chb05_21.edf,chb05|chb05_21.edf|000899,kurtosis,1.3287011384963989,1.3287011384963989,0,True
chb05,chb05_21.edf,chb05|chb05_21.edf|001798,bp_delta,2.8985044673756166e-09,2.8985044673756166e-09,0,True
chb05,chb05_21.edf,chb05|chb05_21.edf|001798,rel_bp_delta,0.48709916379039453,0.48709916379039453,0,True
chb05,chb05_21.edf,chb05|chb05_21.edf|001798,bp_theta,1.1707662575364214e-09,1.1707662575364214e-09,0,True
chb05,chb05_21.edf,chb05|chb05_21.edf|001798,rel_bp_theta,0.22238764057893387,0.22238764057893387,0,True
chb05,chb05_21.edf,chb05|chb05_21.edf|001798,bp_alpha,8.455271518842778e-11,8.455271518842778e-11,0,True
chb05,chb05_21.edf,chb05|chb05_21.edf|001798,rel_bp_alpha,0.016379526066183453,0.016379526066183453,0,True
chb05,chb05_21.edf,chb05|chb05_21.edf|001798,bp_beta,1.7811433252164371e-10,1.7811433252164371e-10,0,True
chb05,chb05_21.edf,chb05|chb05_21.edf|001798,rel_bp_beta,0.034102232517437853,0.034102232517437853,0,True
chb05,chb05_21.edf,chb05|chb05_21.edf|001798,bp_gamma,1.1622513978563996e-10,1.1622513978563996e-10,0,True
chb05,chb05_21.edf,chb05|chb05_21.edf|001798,rel_bp_gamma,0.021852510233235853,0.021852510233235853,0,True
chb05,chb05_21.edf,chb05|chb05_21.edf|001798,spectral_entropy,2.8043088912963867,2.8043088912963867,0,True
chb05,chb05_21.edf,chb05|chb05_21.edf|001798,hjorth_activity,5.4212976330347828e-09,5.4212976330347828e-09,0,True
chb05,chb05_21.edf,chb05|chb05_21.edf|001798,hjorth_mobility,0.19667667150497437,0.19667667150497437,0,True
chb05,chb05_21.edf,chb05|chb05_21.edf|001798,hjorth_complexity,2.3930289745330811,2.3930289745330811,0,True
chb05,chb05_21.edf,chb05|chb05_21.edf|001798,line_length,0.012480177916586399,0.012480177916586399,0,True
chb05,chb05_21.edf,chb05|chb05_21.edf|001798,rms_amplitude,7.1528978878632188e-05,7.1528978878632188e-05,0,True
chb05,chb05_21.edf,chb05|chb05_21.edf|001798,variance,5.4212976330347828e-09,5.4212976330347828e-09,0,True
chb05,chb05_21.edf,chb05|chb05_21.edf|001798,zero_crossing_rate,0.073020241477272721,0.073020241477272721,0,True
chb05,chb05_21.edf,chb05|chb05_21.edf|001798,skewness,-0.11812201918854209,-0.11812201918854209,0,True
chb05,chb05_21.edf,chb05|chb05_21.edf|001798,kurtosis,0.37176227569580078,0.37176227569580078,0,True
chb05,chb05_22.edf,chb05|chb05_22.edf|000000,bp_delta,1.9245588437305002e-09,1.9245588437305002e-09,0,True
chb05,chb05_22.edf,chb05|chb05_22.edf|000000,rel_bp_delta,0.38251287338606393,0.38251287338606393,0,True
chb05,chb05_22.edf,chb05|chb05_22.edf|000000,bp_theta,1.0271660613294957e-09,1.0271660613294957e-09,0,True
chb05,chb05_22.edf,chb05|chb05_22.edf|000000,rel_bp_theta,0.21649534011954003,0.21649534011954003,0,True
chb05,chb05_22.edf,chb05|chb05_22.edf|000000,bp_alpha,9.6016349168323578e-11,9.6016349168323578e-11,0,True
chb05,chb05_22.edf,chb05|chb05_22.edf|000000,rel_bp_alpha,0.021835169707208755,0.021835169707208755,0,True
chb05,chb05_22.edf,chb05|chb05_22.edf|000000,bp_beta,3.6129247145710739e-10,3.6129247145710739e-10,0,True
chb05,chb05_22.edf,chb05|chb05_22.edf|000000,rel_bp_beta,0.069337013199686784,0.069337013199686784,0,True
chb05,chb05_22.edf,chb05|chb05_22.edf|000000,bp_gamma,3.5036959110074675e-10,3.5036959110074675e-10,0,True
chb05,chb05_22.edf,chb05|chb05_22.edf|000000,rel_bp_gamma,0.067967066173705751,0.067967066173705751,0,True
chb05,chb05_22.edf,chb05|chb05_22.edf|000000,spectral_entropy,3.231539249420166,3.231539249420166,0,True
chb05,chb05_22.edf,chb05|chb05_22.edf|000000,hjorth_activity,4.21358992142018e-09,4.21358992142018e-09,0,True
chb05,chb05_22.edf,chb05|chb05_22.edf|000000,hjorth_mobility,0.29325604438781738,0.29325604438781738,0,True
chb05,chb05_22.edf,chb05|chb05_22.edf|000000,hjorth_complexity,2.0180788040161133,2.0180788040161133,0,True
chb05,chb05_22.edf,chb05|chb05_22.edf|000000,line_length,0.016906950622797012,0.016906950622797012,0,True
chb05,chb05_22.edf,chb05|chb05_22.edf|000000,rms_amplitude,6.3114588556345552e-05,6.3114588556345552e-05,0,True
chb05,chb05_22.edf,chb05|chb05_22.edf|000000,variance,4.21358992142018e-09,4.21358992142018e-09,0,True
chb05,chb05_22.edf,chb05|chb05_22.edf|000000,zero_crossing_rate,0.10262784090909091,0.10262784090909091,0,True
chb05,chb05_22.edf,chb05|chb05_22.edf|000000,skewness,0.0088070090066387566,0.0088070090066387566,0,True
chb05,chb05_22.edf,chb05|chb05_22.edf|000000,kurtosis,0.02203359454870224,0.02203359454870224,0,True
chb05,chb05_22.edf,chb05|chb05_22.edf|000899,bp_delta,2.3731753046293573e-09,2.3731753046293573e-09,0,True
chb05,chb05_22.edf,chb05|chb05_22.edf|000899,rel_bp_delta,0.4617004385611389,0.4617004385611389,0,True
chb05,chb05_22.edf,chb05|chb05_22.edf|000899,bp_theta,1.0796194676890554e-09,1.0796194676890554e-09,0,True
chb05,chb05_22.edf,chb05|chb05_22.edf|000899,rel_bp_theta,0.21251342945144919,0.21251342945144919,0,True
chb05,chb05_22.edf,chb05|chb05_22.edf|000899,bp_alpha,1.5262906957873174e-10,1.5262906957873174e-10,0,True
chb05,chb05_22.edf,chb05|chb05_22.edf|000899,rel_bp_alpha,0.029921661455752788,0.029921661455752788,0,True
chb05,chb05_22.edf,chb05|chb05_22.edf|000899,bp_beta,2.5283160280950519e-10,2.5283160280950519e-10,0,True
chb05,chb05_22.edf,chb05|chb05_22.edf|000899,rel_bp_beta,0.046964162773469979,0.046964162773469979,0,True
chb05,chb05_22.edf,chb05|chb05_22.edf|000899,bp_gamma,1.7029379575671962e-10,1.7029379575671962e-10,0,True
chb05,chb05_22.edf,chb05|chb05_22.edf|000899,rel_bp_gamma,0.0310594172009547,0.0310594172009547,0,True
chb05,chb05_22.edf,chb05|chb05_22.edf|000899,spectral_entropy,3.0743989944458008,3.0743989944458008,0,True
chb05,chb05_22.edf,chb05|chb05_22.edf|000899,hjorth_activity,5.1756807728509102e-09,5.1756807728509102e-09,0,True
chb05,chb05_22.edf,chb05|chb05_22.edf|000899,hjorth_mobility,0.20680218935012817,0.20680218935012817,0,True
chb05,chb05_22.edf,chb05|chb05_22.edf|000899,hjorth_complexity,2.2517385482788086,2.2517385482788086,0,True
chb05,chb05_22.edf,chb05|chb05_22.edf|000899,line_length,0.011618069373071194,0.011618069373071194,0,True
chb05,chb05_22.edf,chb05|chb05_22.edf|000899,rms_amplitude,7.0798014348838478e-05,7.0798014348838478e-05,0,True
chb05,chb05_22.edf,chb05|chb05_22.edf|000899,variance,5.1756807728509102e-09,5.1756807728509102e-09,0,True
chb05,chb05_22.edf,chb05|chb05_22.edf|000899,zero_crossing_rate,0.062810724431818177,0.062810724431818177,0,True
chb05,chb05_22.edf,chb05|chb05_22.edf|000899,skewness,-0.027466596950861542,-0.027466596950861542,0,True
chb05,chb05_22.edf,chb05|chb05_22.edf|000899,kurtosis,0.25559160113334656,0.25559160113334656,0,True
chb05,chb05_22.edf,chb05|chb05_22.edf|001798,bp_delta,2.1653744523463347e-09,2.1653744523463347e-09,0,True
chb05,chb05_22.edf,chb05|chb05_22.edf|001798,rel_bp_delta,0.52342976033547073,0.52342976033547073,0,True
chb05,chb05_22.edf,chb05|chb05_22.edf|001798,bp_theta,3.2203020013079166e-10,3.2203020013079166e-10,0,True
chb05,chb05_22.edf,chb05|chb05_22.edf|001798,rel_bp_theta,0.086491229233278136,0.086491229233278136,0,True
chb05,chb05_22.edf,chb05|chb05_22.edf|001798,bp_alpha,1.0489004250661266e-10,1.0489004250661266e-10,0,True
chb05,chb05_22.edf,chb05|chb05_22.edf|001798,rel_bp_alpha,0.030801967412132147,0.030801967412132147,0,True
chb05,chb05_22.edf,chb05|chb05_22.edf|001798,bp_beta,3.108064948708638e-11,3.108064948708638e-11,0,True
chb05,chb05_22.edf,chb05|chb05_22.edf|001798,rel_bp_beta,0.009305551346232328,0.009305551346232328,0,True
chb05,chb05_22.edf,chb05|chb05_22.edf|001798,bp_gamma,4.7348765295999806e-12,4.7348765295999806e-12,0,True
chb05,chb05_22.edf,chb05|chb05_22.edf|001798,rel_bp_gamma,0.0018972010187029255,0.0018972010187029255,0,True
chb05,chb05_22.edf,chb05|chb05_22.edf|001798,spectral_entropy,2.2253646850585938,2.2253646850585938,0,True
chb05,chb05_22.edf,chb05|chb05_22.edf|001798,hjorth_activity,3.3375306962568629e-09,3.3375306962568629e-09,0,True
chb05,chb05_22.edf,chb05|chb05_22.edf|001798,hjorth_mobility,0.10878810286521912,0.10878810286521912,0,True
chb05,chb05_22.edf,chb05|chb05_22.edf|001798,hjorth_complexity,1.6801067590713501,1.6801067590713501,0,True
chb05,chb05_22.edf,chb05|chb05_22.edf|001798,line_length,0.0051827994175255299,0.0051827994175255299,0,True
chb05,chb05_22.edf,chb05|chb05_22.edf|001798,rms_amplitude,5.4774383897893131e-05,5.4774383897893131e-05,0,True
chb05,chb05_22.edf,chb05|chb05_22.edf|001798,variance,3.3375306962568629e-09,3.3375306962568629e-09,0,True
chb05,chb05_22.edf,chb05|chb05_22.edf|001798,zero_crossing_rate,0.045232599431818184,0.045232599431818184,0,True
chb05,chb05_22.edf,chb05|chb05_22.edf|001798,skewness,0.080654419281265946,0.080654419281265946,0,True
chb05,chb05_22.edf,chb05|chb05_22.edf|001798,kurtosis,0.82751482725143433,0.82751482725143433,0,True
chb05,chb05_23.edf,chb05|chb05_23.edf|000000,bp_delta,1.5035206370636852e-09,1.5035206370636852e-09,0,True
chb05,chb05_23.edf,chb05|chb05_23.edf|000000,rel_bp_delta,0.49903904308461122,0.49903904308461122,0,True
chb05,chb05_23.edf,chb05|chb05_23.edf|000000,bp_theta,2.1923939896798729e-10,2.1923939896798729e-10,0,True
chb05,chb05_23.edf,chb05|chb05_23.edf|000000,rel_bp_theta,0.074304399981639638,0.074304399981639638,0,True
chb05,chb05_23.edf,chb05|chb05_23.edf|000000,bp_alpha,5.1003273712232397e-11,5.1003273712232397e-11,0,True
chb05,chb05_23.edf,chb05|chb05_23.edf|000000,rel_bp_alpha,0.019453353504861194,0.019453353504861194,0,True
chb05,chb05_23.edf,chb05|chb05_23.edf|000000,bp_beta,3.1613048428482358e-11,3.1613048428482358e-11,0,True
chb05,chb05_23.edf,chb05|chb05_23.edf|000000,rel_bp_beta,0.011637994546961539,0.011637994546961539,0,True
chb05,chb05_23.edf,chb05|chb05_23.edf|000000,bp_gamma,5.0789220929618295e-12,5.0789220929618295e-12,0,True
chb05,chb05_23.edf,chb05|chb05_23.edf|000000,rel_bp_gamma,0.0021116941251655345,0.0021116941251655345,0,True
chb05,chb05_23.edf,chb05|chb05_23.edf|000000,spectral_entropy,2.0923128128051758,2.0923128128051758,0,True
chb05,chb05_23.edf,chb05|chb05_23.edf|000000,hjorth_activity,2.4729323033767514e-09,2.4729323033767514e-09,0,True
chb05,chb05_23.edf,chb05|chb05_23.edf|000000,hjorth_mobility,0.11384915560483932,0.11384915560483932,0,True
chb05,chb05_23.edf,chb05|chb05_23.edf|000000,hjorth_complexity,1.7694445848464966,1.7694445848464966,0,True
chb05,chb05_23.edf,chb05|chb05_23.edf|000000,line_length,0.0049415472894906998,0.0049415472894906998,0,True
chb05,chb05_23.edf,chb05|chb05_23.edf|000000,rms_amplitude,4.844655268243514e-05,4.844655268243514e-05,0,True
chb05,chb05_23.edf,chb05|chb05_23.edf|000000,variance,2.4729323033767514e-09,2.4729323033767514e-09,0,True
chb05,chb05_23.edf,chb05|chb05_23.edf|000000,zero_crossing_rate,0.047274502840909088,0.047274502840909088,0,True
chb05,chb05_23.edf,chb05|chb05_23.edf|000000,skewness,-0.15864189722659913,-0.15864189722659913,0,True
chb05,chb05_23.edf,chb05|chb05_23.edf|000000,kurtosis,0.34987723827362061,0.34987723827362061,0,True
chb05,chb05_23.edf,chb05|chb05_23.edf|000899,bp_delta,1.8429354021389586e-09,1.8429354021389586e-09,0,True
chb05,chb05_23.edf,chb05|chb05_23.edf|000899,rel_bp_delta,0.53060114631021305,0.53060114631021305,0,True
chb05,chb05_23.edf,chb05|chb05_23.edf|000899,bp_theta,3.026875972483982e-10,3.026875972483982e-10,0,True
chb05,chb05_23.edf,chb05|chb05_23.edf|000899,rel_bp_theta,0.095602993303905939,0.095602993303905939,0,True
chb05,chb05_23.edf,chb05|chb05_23.edf|000899,bp_alpha,5.0216588133060897e-11,5.0216588133060897e-11,0,True
chb05,chb05_23.edf,chb05|chb05_23.edf|000899,rel_bp_alpha,0.016932217587033151,0.016932217587033151,0,True
chb05,chb05_23.edf,chb05|chb05_23.edf|000899,bp_beta,2.5406020229348138e-11,2.5406020229348138e-11,0,True
chb05,chb05_23.edf,chb05|chb05_23.edf|000899,rel_bp_beta,0.0085442242722261041,0.0085442242722261041,0,True
chb05,chb05_23.edf,chb05|chb05_23.edf|000899,bp_gamma,5.7354488527723822e-12,5.7354488527723822e-12,0,True
chb05,chb05_23.edf,chb05|chb05_23.edf|000899,rel_bp_gamma,0.0020669750042096378,0.0020669750042096378,0,True
chb05,chb05_23.edf,chb05|chb05_23.edf|000899,spectral_entropy,2.2228329181671143,2.2228329181671143,0,True
chb05,chb05_23.edf,chb05|chb05_23.edf|000899,hjorth_activity,3.2792599746755968e-09,3.2792599746755968e-09,0,True
chb05,chb05_23.edf,chb05|chb05_23.edf|000899,hjorth_mobility,0.10569793730974197,0.10569793730974197,0,True
chb05,chb05_23.edf,chb05|chb05_23.edf|000899,hjorth_complexity,1.8339149951934814,1.8339149951934814,0,True
chb05,chb05_23.edf,chb05|chb05_23.edf|000899,line_length,0.0051351133733987808,0.0051351133733987808,0,True
chb05,chb05_23.edf,chb05|chb05_23.edf|000899,rms_amplitude,5.5216773034771904e-05,5.5216773034771904e-05,0,True
chb05,chb05_23.edf,chb05|chb05_23.edf|000899,variance,3.2792599746755968e-09,3.2792599746755968e-09,0,True
chb05,chb05_23.edf,chb05|chb05_23.edf|000899,zero_crossing_rate,0.039151278409090912,0.039151278409090912,0,True
chb05,chb05_23.edf,chb05|chb05_23.edf|000899,skewness,-0.032377138903195206,-0.032377138903195206,0,True
chb05,chb05_23.edf,chb05|chb05_23.edf|000899,kurtosis,0.10614914447069168,0.10614914447069168,0,True
chb05,chb05_23.edf,chb05|chb05_23.edf|001798,bp_delta,1.26907167823729e-09,1.26907167823729e-09,0,True
chb05,chb05_23.edf,chb05|chb05_23.edf|001798,rel_bp_delta,0.44509233112793029,0.44509233112793029,0,True
chb05,chb05_23.edf,chb05|chb05_23.edf|001798,bp_theta,3.4466748505142378e-10,3.4466748505142378e-10,0,True
chb05,chb05_23.edf,chb05|chb05_23.edf|001798,rel_bp_theta,0.11631447641632997,0.11631447641632997,0,True
chb05,chb05_23.edf,chb05|chb05_23.edf|001798,bp_alpha,4.8900373358578669e-11,4.8900373358578669e-11,0,True
chb05,chb05_23.edf,chb05|chb05_23.edf|001798,rel_bp_alpha,0.018958685809154427,0.018958685809154427,0,True
chb05,chb05_23.edf,chb05|chb05_23.edf|001798,bp_beta,3.1306581681551967e-11,3.1306581681551967e-11,0,True
chb05,chb05_23.edf,chb05|chb05_23.edf|001798,rel_bp_beta,0.012407123069334764,0.012407123069334764,0,True
chb05,chb05_23.edf,chb05|chb05_23.edf|001798,bp_gamma,3.8007453887250134e-12,3.8007453887250134e-12,0,True
chb05,chb05_23.edf,chb05|chb05_23.edf|001798,rel_bp_gamma,0.0015409469178306095,0.0015409469178306095,0,True
chb05,chb05_23.edf,chb05|chb05_23.edf|001798,spectral_entropy,2.2058603763580322,2.2058603763580322,0,True
chb05,chb05_23.edf,chb05|chb05_23.edf|001798,hjorth_activity,2.3907036350578892e-09,2.3907036350578892e-09,0,True
chb05,chb05_23.edf,chb05|chb05_23.edf|001798,hjorth_mobility,0.10364571213722229,0.10364571213722229,0,True
chb05,chb05_23.edf,chb05|chb05_23.edf|001798,hjorth_complexity,1.6334155797958374,1.6334155797958374,0,True
chb05,chb05_23.edf,chb05|chb05_23.edf|001798,line_length,0.0047346251085400581,0.0047346251085400581,0,True
chb05,chb05_23.edf,chb05|chb05_23.edf|001798,rms_amplitude,4.7620211262255907e-05,4.7620211262255907e-05,0,True
chb05,chb05_23.edf,chb05|chb05_23.edf|001798,variance,2.3907036350578892e-09,2.3907036350578892e-09,0,True
chb05,chb05_23.edf,chb05|chb05_23.edf|001798,zero_crossing_rate,0.042524857954545456,0.042524857954545456,0,True
chb05,chb05_23.edf,chb05|chb05_23.edf|001798,skewness,-0.27001807473028416,-0.27001807473028416,0,True
chb05,chb05_23.edf,chb05|chb05_23.edf|001798,kurtosis,1.1060413122177124,1.1060413122177124,0,True
chb08,chb08_02.edf,chb08|chb08_02.edf|000000,bp_delta,1.7354235521007727e-09,1.7354235521007727e-09,0,True
chb08,chb08_02.edf,chb08|chb08_02.edf|000000,rel_bp_delta,0.44868726403030018,0.44868726403030018,0,True
chb08,chb08_02.edf,chb08|chb08_02.edf|000000,bp_theta,1.8285479422049868e-10,1.8285479422049868e-10,0,True
chb08,chb08_02.edf,chb08|chb08_02.edf|000000,rel_bp_theta,0.05374997548622127,0.05374997548622127,0,True
chb08,chb08_02.edf,chb08|chb08_02.edf|000000,bp_alpha,5.8115718726096943e-11,5.8115718726096943e-11,0,True
chb08,chb08_02.edf,chb08|chb08_02.edf|000000,rel_bp_alpha,0.01888079744920507,0.01888079744920507,0,True
chb08,chb08_02.edf,chb08|chb08_02.edf|000000,bp_beta,1.2654620595741939e-10,1.2654620595741939e-10,0,True
chb08,chb08_02.edf,chb08|chb08_02.edf|000000,rel_bp_beta,0.040972834580926938,0.040972834580926938,0,True
chb08,chb08_02.edf,chb08|chb08_02.edf|000000,bp_gamma,9.0740792265192418e-11,9.0740792265192418e-11,0,True
chb08,chb08_02.edf,chb08|chb08_02.edf|000000,rel_bp_gamma,0.032756219263215022,0.032756219263215022,0,True
chb08,chb08_02.edf,chb08|chb08_02.edf|000000,spectral_entropy,2.3541190624237061,2.3541190624237061,0,True
chb08,chb08_02.edf,chb08|chb08_02.edf|000000,hjorth_activity,6.553092735117616e-09,6.553092735117616e-09,0,True
chb08,chb08_02.edf,chb08|chb08_02.edf|000000,hjorth_mobility,0.25402438640594482,0.25402438640594482,0,True
chb08,chb08_02.edf,chb08|chb08_02.edf|000000,hjorth_complexity,2.4001471996307373,2.4001471996307373,0,True
chb08,chb08_02.edf,chb08|chb08_02.edf|000000,line_length,0.013482997193932533,0.013482997193932533,0,True
chb08,chb08_02.edf,chb08|chb08_02.edf|000000,rms_amplitude,7.7686301665380597e-05,7.7686301665380597e-05,0,True
chb08,chb08_02.edf,chb08|chb08_02.edf|000000,variance,6.553092735117616e-09,6.553092735117616e-09,0,True
chb08,chb08_02.edf,chb08|chb08_02.edf|000000,zero_crossing_rate,0.0888671875,0.0888671875,0,True
chb08,chb08_02.edf,chb08|chb08_02.edf|000000,skewness,0.098006954406049437,0.098006954406049437,0,True
chb08,chb08_02.edf,chb08|chb08_02.edf|000000,kurtosis,7.8370137214660645,7.8370137214660645,0,True
chb08,chb08_02.edf,chb08|chb08_02.edf|000899,bp_delta,2.5222933058780743e-09,2.5222933058780743e-09,0,True
chb08,chb08_02.edf,chb08|chb08_02.edf|000899,rel_bp_delta,0.41725298645932046,0.41725298645932046,0,True
chb08,chb08_02.edf,chb08|chb08_02.edf|000899,bp_theta,6.7222439996090686e-10,6.7222439996090686e-10,0,True
chb08,chb08_02.edf,chb08|chb08_02.edf|000899,rel_bp_theta,0.13583685211710975,0.13583685211710975,0,True
chb08,chb08_02.edf,chb08|chb08_02.edf|000899,bp_alpha,6.2879067364838987e-11,6.2879067364838987e-11,0,True
chb08,chb08_02.edf,chb08|chb08_02.edf|000899,rel_bp_alpha,0.016108900007236793,0.016108900007236793,0,True
chb08,chb08_02.edf,chb08|chb08_02.edf|000899,bp_beta,1.6708774075904133e-10,1.6708774075904133e-10,0,True
chb08,chb08_02.edf,chb08|chb08_02.edf|000899,rel_bp_beta,0.050065885642071414,0.050065885642071414,0,True
chb08,chb08_02.edf,chb08|chb08_02.edf|000899,bp_gamma,1.1465321567947982e-10,1.1465321567947982e-10,0,True
chb08,chb08_02.edf,chb08|chb08_02.edf|000899,rel_bp_gamma,0.036124306666147084,0.036124306666147084,0,True
chb08,chb08_02.edf,chb08|chb08_02.edf|000899,spectral_entropy,2.7258620262145996,2.7258620262145996,0,True
chb08,chb08_02.edf,chb08|chb08_02.edf|000899,hjorth_activity,5.0098587500713165e-09,5.0098587500713165e-09,0,True
chb08,chb08_02.edf,chb08|chb08_02.edf|000899,hjorth_mobility,0.21653622388839722,0.21653622388839722,0,True
chb08,chb08_02.edf,chb08|chb08_02.edf|000899,hjorth_complexity,2.1206834316253662,2.1206834316253662,0,True
chb08,chb08_02.edf,chb08|chb08_02.edf|000899,line_length,0.011002188548445702,0.011002188548445702,0,True
chb08,chb08_02.edf,chb08|chb08_02.edf|000899,rms_amplitude,6.3508450693916529e-05,6.3508450693916529e-05,0,True
chb08,chb08_02.edf,chb08|chb08_02.edf|000899,variance,5.0098587500713165e-09,5.0098587500713165e-09,0,True
chb08,chb08_02.edf,chb08|chb08_02.edf|000899,zero_crossing_rate,0.10138494318181818,0.10138494318181818,0,True
chb08,chb08_02.edf,chb08|chb08_02.edf|000899,skewness,0.72380769319976357,0.72380769319976357,0,True
chb08,chb08_02.edf,chb08|chb08_02.edf|000899,kurtosis,2.8414380550384521,2.8414380550384521,0,True
chb08,chb08_02.edf,chb08|chb08_02.edf|001798,bp_delta,1.243725701814817e-09,1.243725701814817e-09,0,True
chb08,chb08_02.edf,chb08|chb08_02.edf|001798,rel_bp_delta,0.42732506608317161,0.42732506608317161,0,True
chb08,chb08_02.edf,chb08|chb08_02.edf|001798,bp_theta,3.9384823971036866e-10,3.9384823971036866e-10,0,True
chb08,chb08_02.edf,chb08|chb08_02.edf|001798,rel_bp_theta,0.13921758234069095,0.13921758234069095,0,True
chb08,chb08_02.edf,chb08|chb08_02.edf|001798,bp_alpha,5.4742052234332059e-11,5.4742052234332059e-11,0,True
chb08,chb08_02.edf,chb08|chb08_02.edf|001798,rel_bp_alpha,0.019210670272663505,0.019210670272663505,0,True
chb08,chb08_02.edf,chb08|chb08_02.edf|001798,bp_beta,2.3416899107769909e-11,2.3416899107769909e-11,0,True
chb08,chb08_02.edf,chb08|chb08_02.edf|001798,rel_bp_beta,0.0086635224650754034,0.0086635224650754034,0,True
chb08,chb08_02.edf,chb08|chb08_02.edf|001798,bp_gamma,3.9165854543097768e-12,3.9165854543097768e-12,0,True
chb08,chb08_02.edf,chb08|chb08_02.edf|001798,rel_bp_gamma,0.0015416540327967466,0.0015416540327967466,0,True
chb08,chb08_02.edf,chb08|chb08_02.edf|001798,spectral_entropy,2.2275857925415039,2.2275857925415039,0,True
chb08,chb08_02.edf,chb08|chb08_02.edf|001798,hjorth_activity,2.1099593183748766e-09,2.1099593183748766e-09,0,True
chb08,chb08_02.edf,chb08|chb08_02.edf|001798,hjorth_mobility,0.086055845022201538,0.086055845022201538,0,True
chb08,chb08_02.edf,chb08|chb08_02.edf|001798,hjorth_complexity,1.0646119117736816,1.0646119117736816,0,True
chb08,chb08_02.edf,chb08|chb08_02.edf|001798,line_length,0.0037235827185213566,0.0037235827185213566,0,True
chb08,chb08_02.edf,chb08|chb08_02.edf|001798,rms_amplitude,4.4327989598968998e-05,4.4327989598968998e-05,0,True
chb08,chb08_02.edf,chb08|chb08_02.edf|001798,variance,2.1099593183748766e-09,2.1099593183748766e-09,0,True
chb08,chb08_02.edf,chb08|chb08_02.edf|001798,zero_crossing_rate,0.03564453125,0.03564453125,0,True
chb08,chb08_02.edf,chb08|chb08_02.edf|001798,skewness,0.0079147084192796192,0.0079147084192796192,0,True
chb08,chb08_02.edf,chb08|chb08_02.edf|001798,kurtosis,0.42512676119804382,0.42512676119804382,0,True
chb08,chb08_03.edf,chb08|chb08_03.edf|000000,bp_delta,7.8824591598232593e-10,7.8824591598232593e-10,0,True
chb08,chb08_03.edf,chb08|chb08_03.edf|000000,rel_bp_delta,0.35424741806392346,0.35424741806392346,0,True
chb08,chb08_03.edf,chb08|chb08_03.edf|000000,bp_theta,2.3157233570345176e-10,2.3157233570345176e-10,0,True
chb08,chb08_03.edf,chb08|chb08_03.edf|000000,rel_bp_theta,0.1043220670161448,0.1043220670161448,0,True
chb08,chb08_03.edf,chb08|chb08_03.edf|000000,bp_alpha,3.9503162634853736e-11,3.9503162634853736e-11,0,True
chb08,chb08_03.edf,chb08|chb08_03.edf|000000,rel_bp_alpha,0.017533197219651412,0.017533197219651412,0,True
chb08,chb08_03.edf,chb08|chb08_03.edf|000000,bp_beta,1.8057608589150178e-11,1.8057608589150178e-11,0,True
chb08,chb08_03.edf,chb08|chb08_03.edf|000000,rel_bp_beta,0.0087337886057331296,0.0087337886057331296,0,True
chb08,chb08_03.edf,chb08|chb08_03.edf|000000,bp_gamma,4.4300151881624503e-12,4.4300151881624503e-12,0,True
chb08,chb08_03.edf,chb08|chb08_03.edf|000000,rel_bp_gamma,0.0021244627105177689,0.0021244627105177689,0,True
chb08,chb08_03.edf,chb08|chb08_03.edf|000000,spectral_entropy,1.9946945905685425,1.9946945905685425,0,True
chb08,chb08_03.edf,chb08|chb08_03.edf|000000,hjorth_activity,1.5002062925262294e-09,1.5002062925262294e-09,0,True
chb08,chb08_03.edf,chb08|chb08_03.edf|000000,hjorth_mobility,0.089903563261032104,0.089903563261032104,0,True
chb08,chb08_03.edf,chb08|chb08_03.edf|000000,hjorth_complexity,1.1232571601867676,1.1232571601867676,0,True
chb08,chb08_03.edf,chb08|chb08_03.edf|000000,line_length,0.0034744278527796268,0.0034744278527796268,0,True
chb08,chb08_03.edf,chb08|chb08_03.edf|000000,rms_amplitude,3.7616162444464862e-05,3.7616162444464862e-05,0,True
chb08,chb08_03.edf,chb08|chb08_03.edf|000000,variance,1.5002062925262294e-09,1.5002062925262294e-09,0,True
chb08,chb08_03.edf,chb08|chb08_03.edf|000000,zero_crossing_rate,0.039772727272727272,0.039772727272727272,0,True
chb08,chb08_03.edf,chb08|chb08_03.edf|000000,skewness,-0.076369247991930359,-0.076369247991930359,0,True
chb08,chb08_03.edf,chb08|chb08_03.edf|000000,kurtosis,0.16252921521663666,0.16252921521663666,0,True
chb08,chb08_03.edf,chb08|chb08_03.edf|000899,bp_delta,2.3755186971548396e-09,2.3755186971548396e-09,0,True
chb08,chb08_03.edf,chb08|chb08_03.edf|000899,rel_bp_delta,0.53389978580294162,0.53389978580294162,0,True
chb08,chb08_03.edf,chb08|chb08_03.edf|000899,bp_theta,4.6090278228306451e-10,4.6090278228306451e-10,0,True
chb08,chb08_03.edf,chb08|chb08_03.edf|000899,rel_bp_theta,0.11147981661504393,0.11147981661504393,0,True
chb08,chb08_03.edf,chb08|chb08_03.edf|000899,bp_alpha,4.5122610514079977e-11,4.5122610514079977e-11,0,True
chb08,chb08_03.edf,chb08|chb08_03.edf|000899,rel_bp_alpha,0.012574044147989795,0.012574044147989795,0,True
chb08,chb08_03.edf,chb08|chb08_03.edf|000899,bp_beta,1.7286145002728375e-11,1.7286145002728375e-11,0,True
chb08,chb08_03.edf,chb08|chb08_03.edf|000899,rel_bp_beta,0.0050580152637764017,0.0050580152637764017,0,True
chb08,chb08_03.edf,chb08|chb08_03.edf|000899,bp_gamma,4.8223321650411515e-12,4.8223321650411515e-12,0,True
chb08,chb08_03.edf,chb08|chb08_03.edf|000899,rel_bp_gamma,0.001599587264340173,0.001599587264340173,0,True
chb08,chb08_03.edf,chb08|chb08_03.edf|000899,spectral_entropy,2.1884009838104248,2.1884009838104248,0,True
chb08,chb08_03.edf,chb08|chb08_03.edf|000899,hjorth_activity,4.0059076056309095e-09,4.0059076056309095e-09,0,True
chb08,chb08_03.edf,chb08|chb08_03.edf|000899,hjorth_mobility,0.077163785696029663,0.077163785696029663,0,True
chb08,chb08_03.edf,chb08|chb08_03.edf|000899,hjorth_complexity,1.3753443956375122,1.3753443956375122,0,True
chb08,chb08_03.edf,chb08|chb08_03.edf|000899,line_length,0.0041004684753715992,0.0041004684753715992,0,True
chb08,chb08_03.edf,chb08|chb08_03.edf|000899,rms_amplitude,5.9671190683729947e-05,5.9671190683729947e-05,0,True
chb08,chb08_03.edf,chb08|chb08_03.edf|000899,variance,4.0059076056309095e-09,4.0059076056309095e-09,0,True
chb08,chb08_03.edf,chb08|chb08_03.edf|000899,zero_crossing_rate,0.03009588068181818,0.03009588068181818,0,True
chb08,chb08_03.edf,chb08|chb08_03.edf|000899,skewness,-0.20459467130289835,-0.20459467130289835,0,True
chb08,chb08_03.edf,chb08|chb08_03.edf|000899,kurtosis,0.65266323089599609,0.65266323089599609,0,True
chb08,chb08_03.edf,chb08|chb08_03.edf|001798,bp_delta,1.5658024652748742e-09,1.5658024652748742e-09,0,True
chb08,chb08_03.edf,chb08|chb08_03.edf|001798,rel_bp_delta,0.44703072616252193,0.44703072616252193,0,True
chb08,chb08_03.edf,chb08|chb08_03.edf|001798,bp_theta,5.1256660405961764e-10,5.1256660405961764e-10,0,True
chb08,chb08_03.edf,chb08|chb08_03.edf|001798,rel_bp_theta,0.15314978083557337,0.15314978083557337,0,True
chb08,chb08_03.edf,chb08|chb08_03.edf|001798,bp_alpha,5.0098769179091317e-11,5.0098769179091317e-11,0,True
chb08,chb08_03.edf,chb08|chb08_03.edf|001798,rel_bp_alpha,0.017186886825373778,0.017186886825373778,0,True
chb08,chb08_03.edf,chb08|chb08_03.edf|001798,bp_beta,2.2654119351789252e-11,2.2654119351789252e-11,0,True
chb08,chb08_03.edf,chb08|chb08_03.edf|001798,rel_bp_beta,0.0078652349164195171,0.0078652349164195171,0,True
chb08,chb08_03.edf,chb08|chb08_03.edf|001798,bp_gamma,4.0444355479996345e-12,4.0444355479996345e-12,0,True
chb08,chb08_03.edf,chb08|chb08_03.edf|001798,rel_bp_gamma,0.001462703075889723,0.001462703075889723,0,True
chb08,chb08_03.edf,chb08|chb08_03.edf|001798,spectral_entropy,2.2500638961791992,2.2500638961791992,0,True
chb08,chb08_03.edf,chb08|chb08_03.edf|001798,hjorth_activity,2.5635069622609308e-09,2.5635069622609308e-09,0,True
chb08,chb08_03.edf,chb08|chb08_03.edf|001798,hjorth_mobility,0.087214529514312744,0.087214529514312744,0,True
chb08,chb08_03.edf,chb08|chb08_03.edf|001798,hjorth_complexity,1.0842026472091675,1.0842026472091675,0,True
chb08,chb08_03.edf,chb08|chb08_03.edf|001798,line_length,0.0039719035848975182,0.0039719035848975182,0,True
chb08,chb08_03.edf,chb08|chb08_03.edf|001798,rms_amplitude,4.8351939767599106e-05,4.8351939767599106e-05,0,True
chb08,chb08_03.edf,chb08|chb08_03.edf|001798,variance,2.5635069622609308e-09,2.5635069622609308e-09,0,True
chb08,chb08_03.edf,chb08|chb08_03.edf|001798,zero_crossing_rate,0.03404651988636364,0.03404651988636364,0,True
chb08,chb08_03.edf,chb08|chb08_03.edf|001798,skewness,-0.068352854069830341,-0.068352854069830341,0,True
chb08,chb08_03.edf,chb08|chb08_03.edf|001798,kurtosis,0.63518649339675903,0.63518649339675903,0,True
chb08,chb08_04.edf,chb08|chb08_04.edf|000000,bp_delta,2.3454986254990329e-09,2.3454986254990329e-09,0,True
chb08,chb08_04.edf,chb08|chb08_04.edf|000000,rel_bp_delta,0.55970919646765649,0.55970919646765649,0,True
chb08,chb08_04.edf,chb08|chb08_04.edf|000000,bp_theta,5.1784181105905954e-10,5.1784181105905954e-10,0,True
chb08,chb08_04.edf,chb08|chb08_04.edf|000000,rel_bp_theta,0.12531023217816595,0.12531023217816595,0,True
chb08,chb08_04.edf,chb08|chb08_04.edf|000000,bp_alpha,5.5099117020451152e-11,5.5099117020451152e-11,0,True
chb08,chb08_04.edf,chb08|chb08_04.edf|000000,rel_bp_alpha,0.013820686632253297,0.013820686632253297,0,True
chb08,chb08_04.edf,chb08|chb08_04.edf|000000,bp_beta,2.653767627628297e-11,2.653767627628297e-11,0,True
chb08,chb08_04.edf,chb08|chb08_04.edf|000000,rel_bp_beta,0.007018065445548418,0.007018065445548418,0,True
chb08,chb08_04.edf,chb08|chb08_04.edf|000000,bp_gamma,4.4268235848230997e-12,4.4268235848230997e-12,0,True
chb08,chb08_04.edf,chb08|chb08_04.edf|000000,rel_bp_gamma,0.001313607077063393,0.001313607077063393,0,True
chb08,chb08_04.edf,chb08|chb08_04.edf|000000,spectral_entropy,2.2657878398895264,2.2657878398895264,0,True
chb08,chb08_04.edf,chb08|chb08_04.edf|000000,hjorth_activity,3.6029079719668289e-09,3.6029079719668289e-09,0,True
chb08,chb08_04.edf,chb08|chb08_04.edf|000000,hjorth_mobility,0.084951452910900116,0.084951452910900116,0,True
chb08,chb08_04.edf,chb08|chb08_04.edf|000000,hjorth_complexity,1.3502095937728882,1.3502095937728882,0,True
chb08,chb08_04.edf,chb08|chb08_04.edf|000000,line_length,0.0041039315983653069,0.0041039315983653069,0,True
chb08,chb08_04.edf,chb08|chb08_04.edf|000000,rms_amplitude,5.8239147620042786e-05,5.8239147620042786e-05,0,True
chb08,chb08_04.edf,chb08|chb08_04.edf|000000,variance,3.6029079719668289e-09,3.6029079719668289e-09,0,True
chb08,chb08_04.edf,chb08|chb08_04.edf|000000,zero_crossing_rate,0.038840553977272728,0.038840553977272728,0,True
chb08,chb08_04.edf,chb08|chb08_04.edf|000000,skewness,0.20470656759359621,0.20470656759359621,0,True
chb08,chb08_04.edf,chb08|chb08_04.edf|000000,kurtosis,1.7891933917999268,1.7891933917999268,0,True
chb08,chb08_04.edf,chb08|chb08_04.edf|000899,bp_delta,8.9391573042133215e-10,8.9391573042133215e-10,0,True
chb08,chb08_04.edf,chb08|chb08_04.edf|000899,rel_bp_delta,0.33219766881962204,0.33219766881962204,0,True
chb08,chb08_04.edf,chb08|chb08_04.edf|000899,bp_theta,2.3444704003495955e-10,2.3444704003495955e-10,0,True
chb08,chb08_04.edf,chb08|chb08_04.edf|000899,rel_bp_theta,0.095026268403263017,0.095026268403263017,0,True
chb08,chb08_04.edf,chb08|chb08_04.edf|000899,bp_alpha,4.5258041371344209e-11,4.5258041371344209e-11,0,True
chb08,chb08_04.edf,chb08|chb08_04.edf|000899,rel_bp_alpha,0.018612643488787533,0.018612643488787533,0,True
chb08,chb08_04.edf,chb08|chb08_04.edf|000899,bp_beta,2.7314168930169678e-11,2.7314168930169678e-11,0,True
chb08,chb08_04.edf,chb08|chb08_04.edf|000899,rel_bp_beta,0.013364990251323892,0.013364990251323892,0,True
chb08,chb08_04.edf,chb08|chb08_04.edf|000899,bp_gamma,6.762746535013569e-12,6.762746535013569e-12,0,True
chb08,chb08_04.edf,chb08|chb08_04.edf|000899,rel_bp_gamma,0.0036042946146989554,0.0036042946146989554,0,True
chb08,chb08_04.edf,chb08|chb08_04.edf|000899,spectral_entropy,1.9278930425643921,1.9278930425643921,0,True
chb08,chb08_04.edf,chb08|chb08_04.edf|000899,hjorth_activity,1.8258152767458569e-09,1.8258152767458569e-09,0,True
chb08,chb08_04.edf,chb08|chb08_04.edf|000899,hjorth_mobility,0.096195586025714874,0.096195586025714874,0,True
chb08,chb08_04.edf,chb08|chb08_04.edf|000899,hjorth_complexity,1.1358770132064819,1.1358770132064819,0,True
chb08,chb08_04.edf,chb08|chb08_04.edf|000899,line_length,0.0037886202335357666,0.0037886202335357666,0,True
chb08,chb08_04.edf,chb08|chb08_04.edf|000899,rms_amplitude,3.8915528421057388e-05,3.8915528421057388e-05,0,True
chb08,chb08_04.edf,chb08|chb08_04.edf|000899,variance,1.8258152767458569e-09,1.8258152767458569e-09,0,True
chb08,chb08_04.edf,chb08|chb08_04.edf|000899,zero_crossing_rate,0.045676491477272728,0.045676491477272728,0,True
chb08,chb08_04.edf,chb08|chb08_04.edf|000899,skewness,-0.031463460150090133,-0.031463460150090133,0,True
chb08,chb08_04.edf,chb08|chb08_04.edf|000899,kurtosis,0.190517857670784,0.190517857670784,0,True
chb08,chb08_04.edf,chb08|chb08_04.edf|001798,bp_delta,4.8749076429639845e-10,4.8749076429639845e-10,0,True
chb08,chb08_04.edf,chb08|chb08_04.edf|001798,rel_bp_delta,0.26941437171795035,0.26941437171795035,0,True
chb08,chb08_04.edf,chb08|chb08_04.edf|001798,bp_theta,1.4348684064224975e-10,1.4348684064224975e-10,0,True
chb08,chb08_04.edf,chb08|chb08_04.edf|001798,rel_bp_theta,0.080639998680719638,0.080639998680719638,0,True
chb08,chb08_04.edf,chb08|chb08_04.edf|001798,bp_alpha,3.0326663004055879e-11,3.0326663004055879e-11,0,True
chb08,chb08_04.edf,chb08|chb08_04.edf|001798,rel_bp_alpha,0.016885369121693521,0.016885369121693521,0,True
chb08,chb08_04.edf,chb08|chb08_04.edf|001798,bp_beta,1.8153750496162196e-11,1.8153750496162196e-11,0,True
chb08,chb08_04.edf,chb08|chb08_04.edf|001798,rel_bp_beta,0.010780493878082871,0.010780493878082871,0,True
chb08,chb08_04.edf,chb08|chb08_04.edf|001798,bp_gamma,4.3082151892934076e-12,4.3082151892934076e-12,0,True
chb08,chb08_04.edf,chb08|chb08_04.edf|001798,rel_bp_gamma,0.002531433821122074,0.002531433821122074,0,True
chb08,chb08_04.edf,chb08|chb08_04.edf|001798,spectral_entropy,1.762231707572937,1.762231707572937,0,True
chb08,chb08_04.edf,chb08|chb08_04.edf|001798,hjorth_activity,9.7521590802784885e-10,9.7521590802784885e-10,0,True
chb08,chb08_04.edf,chb08|chb08_04.edf|001798,hjorth_mobility,0.086629420518875122,0.086629420518875122,0,True
chb08,chb08_04.edf,chb08|chb08_04.edf|001798,hjorth_complexity,1.004639744758606,1.004639744758606,0,True
chb08,chb08_04.edf,chb08|chb08_04.edf|001798,line_length,0.0030860158149152994,0.0030860158149152994,0,True
chb08,chb08_04.edf,chb08|chb08_04.edf|001798,rms_amplitude,3.0036460884730332e-05,3.0036460884730332e-05,0,True
chb08,chb08_04.edf,chb08|chb08_04.edf|001798,variance,9.7521590802784885e-10,9.7521590802784885e-10,0,True
chb08,chb08_04.edf,chb08|chb08_04.edf|001798,zero_crossing_rate,0.04052734375,0.04052734375,0,True
chb08,chb08_04.edf,chb08|chb08_04.edf|001798,skewness,-0.036218861625953155,-0.036218861625953155,0,True
chb08,chb08_04.edf,chb08|chb08_04.edf|001798,kurtosis,0.14085651934146881,0.14085651934146881,0,True
chb08,chb08_05.edf,chb08|chb08_05.edf|000000,bp_delta,1.0350177968475695e-09,1.0350177968475695e-09,0,True
chb08,chb08_05.edf,chb08|chb08_05.edf|000000,rel_bp_delta,0.40633009630649786,0.40633009630649786,0,True
chb08,chb08_05.edf,chb08|chb08_05.edf|000000,bp_theta,2.1487640372038814e-10,2.1487640372038814e-10,0,True
chb08,chb08_05.edf,chb08|chb08_05.edf|000000,rel_bp_theta,0.089428286818149086,0.089428286818149086,0,True
chb08,chb08_05.edf,chb08|chb08_05.edf|000000,bp_alpha,5.7654862226157368e-11,5.7654862226157368e-11,0,True
chb08,chb08_05.edf,chb08|chb08_05.edf|000000,rel_bp_alpha,0.025409395258426105,0.025409395258426105,0,True
chb08,chb08_05.edf,chb08|chb08_05.edf|000000,bp_beta,2.4046932642607305e-11,2.4046932642607305e-11,0,True
chb08,chb08_05.edf,chb08|chb08_05.edf|000000,rel_bp_beta,0.010131469616896755,0.010131469616896755,0,True
chb08,chb08_05.edf,chb08|chb08_05.edf|000000,bp_gamma,4.3135835679925886e-12,4.3135835679925886e-12,0,True
chb08,chb08_05.edf,chb08|chb08_05.edf|000000,rel_bp_gamma,0.0018535081440041264,0.0018535081440041264,0,True
chb08,chb08_05.edf,chb08|chb08_05.edf|000000,spectral_entropy,2.0219252109527588,2.0219252109527588,0,True
chb08,chb08_05.edf,chb08|chb08_05.edf|000000,hjorth_activity,1.7078501945988478e-09,1.7078501945988478e-09,0,True
chb08,chb08_05.edf,chb08|chb08_05.edf|000000,hjorth_mobility,0.088954344391822815,0.088954344391822815,0,True
chb08,chb08_05.edf,chb08|chb08_05.edf|000000,hjorth_complexity,1.0983368158340454,1.0983368158340454,0,True
chb08,chb08_05.edf,chb08|chb08_05.edf|000000,line_length,0.0034323895815759897,0.0034323895815759897,0,True
chb08,chb08_05.edf,chb08|chb08_05.edf|000000,rms_amplitude,3.9752660086378455e-05,3.9752660086378455e-05,0,True
chb08,chb08_05.edf,chb08|chb08_05.edf|000000,variance,1.7078501945988478e-09,1.7078501945988478e-09,0,True
chb08,chb08_05.edf,chb08|chb08_05.edf|000000,zero_crossing_rate,0.041903409090909088,0.041903409090909088,0,True
chb08,chb08_05.edf,chb08|chb08_05.edf|000000,skewness,0.023455044423991985,0.023455044423991985,0,True
chb08,chb08_05.edf,chb08|chb08_05.edf|000000,kurtosis,1.2027696371078491,1.2027696371078491,0,True
chb08,chb08_05.edf,chb08|chb08_05.edf|000899,bp_delta,1.8882581257749372e-09,1.8882581257749372e-09,0,True
chb08,chb08_05.edf,chb08|chb08_05.edf|000899,rel_bp_delta,0.33386680683054965,0.33386680683054965,0,True
chb08,chb08_05.edf,chb08|chb08_05.edf|000899,bp_theta,2.9425081444981664e-10,2.9425081444981664e-10,0,True
chb08,chb08_05.edf,chb08|chb08_05.edf|000899,rel_bp_theta,0.060204199077356108,0.060204199077356108,0,True
chb08,chb08_05.edf,chb08|chb08_05.edf|000899,bp_alpha,9.8410806936039623e-11,9.8410806936039623e-11,0,True
chb08,chb08_05.edf,chb08|chb08_05.edf|000899,rel_bp_alpha,0.021674405630472716,0.021674405630472716,0,True
chb08,chb08_05.edf,chb08|chb08_05.edf|000899,bp_beta,6.2786669898306613e-10,6.2786669898306613e-10,0,True
chb08,chb08_05.edf,chb08|chb08_05.edf|000899,rel_bp_beta,0.11678372056916189,0.11678372056916189,0,True
chb08,chb08_05.edf,chb08|chb08_05.edf|000899,bp_gamma,5.7220677961909673e-10,5.7220677961909673e-10,0,True
chb08,chb08_05.edf,chb08|chb08_05.edf|000899,rel_bp_gamma,0.11269093030630352,0.11269093030630352,0,True
chb08,chb08_05.edf,chb08|chb08_05.edf|000899,spectral_entropy,3.2067070007324219,3.2067070007324219,0,True
chb08,chb08_05.edf,chb08|chb08_05.edf|000899,hjorth_activity,5.0849289223720007e-09,5.0849289223720007e-09,0,True
chb08,chb08_05.edf,chb08|chb08_05.edf|000899,hjorth_mobility,0.35532763600349426,0.35532763600349426,0,True
chb08,chb08_05.edf,chb08|chb08_05.edf|000899,hjorth_complexity,2.1434307098388672,2.1434307098388672,0,True
chb08,chb08_05.edf,chb08|chb08_05.edf|000899,line_length,0.018635356798768044,0.018635356798768044,0,True
chb08,chb08_05.edf,chb08|chb08_05.edf|000899,rms_amplitude,6.6101150878239423e-05,6.6101150878239423e-05,0,True
chb08,chb08_05.edf,chb08|chb08_05.edf|000899,variance,5.0849289223720007e-09,5.0849289223720007e-09,0,True
chb08,chb08_05.edf,chb08|chb08_05.edf|000899,zero_crossing_rate,0.13201349431818182,0.13201349431818182,0,True
chb08,chb08_05.edf,chb08|chb08_05.edf|000899,skewness,0.45280497639693995,0.45280497639693995,0,True
chb08,chb08_05.edf,chb08|chb08_05.edf|000899,kurtosis,2.8389184474945068,2.8389184474945068,0,True
chb08,chb08_05.edf,chb08|chb08_05.edf|001798,bp_delta,1.2272709515709483e-09,1.2272709515709483e-09,0,True
chb08,chb08_05.edf,chb08|chb08_05.edf|001798,rel_bp_delta,0.03192824505621325,0.03192824505621325,0,True
chb08,chb08_05.edf,chb08|chb08_05.edf|001798,bp_theta,1.9020227716059035e-09,1.9020227716059035e-09,0,True
chb08,chb08_05.edf,chb08|chb08_05.edf|001798,rel_bp_theta,0.05354716772286492,0.05354716772286492,0,True
chb08,chb08_05.edf,chb08|chb08_05.edf|001798,bp_alpha,3.6197064581799943e-09,3.6197064581799943e-09,0,True
chb08,chb08_05.edf,chb08|chb08_05.edf|001798,rel_bp_alpha,0.098079333325065451,0.098079333325065451,0,True
chb08,chb08_05.edf,chb08|chb08_05.edf|001798,bp_beta,1.3838131710122209e-08,1.3838131710122209e-08,0,True
chb08,chb08_05.edf,chb08|chb08_05.edf|001798,rel_bp_beta,0.33448204717277996,0.33448204717277996,0,True
chb08,chb08_05.edf,chb08|chb08_05.edf|001798,bp_gamma,2.0964366761201794e-08,2.0964366761201794e-08,0,True
chb08,chb08_05.edf,chb08|chb08_05.edf|001798,rel_bp_gamma,0.45181643741896077,0.45181643741896077,0,True
chb08,chb08_05.edf,chb08|chb08_05.edf|001798,spectral_entropy,4.6655988693237305,4.6655988693237305,0,True
chb08,chb08_05.edf,chb08|chb08_05.edf|001798,hjorth_activity,8.464306233690877e-08,8.464306233690877e-08,0,True
chb08,chb08_05.edf,chb08|chb08_05.edf|001798,hjorth_mobility,1.217060923576355,1.217060923576355,0,True
chb08,chb08_05.edf,chb08|chb08_05.edf|001798,hjorth_complexity,1.2741950750350952,1.2741950750350952,0,True
chb08,chb08_05.edf,chb08|chb08_05.edf|001798,line_length,0.28320601582527161,0.28320601582527161,0,True
chb08,chb08_05.edf,chb08|chb08_05.edf|001798,rms_amplitude,0.00028020516037940979,0.00028020516037940979,0,True
chb08,chb08_05.edf,chb08|chb08_05.edf|001798,variance,8.464306233690877e-08,8.464306233690877e-08,0,True
chb08,chb08_05.edf,chb08|chb08_05.edf|001798,zero_crossing_rate,0.39808238636363635,0.39808238636363635,0,True
chb08,chb08_05.edf,chb08|chb08_05.edf|001798,skewness,-0.16474850386889142,-0.16474850386889142,0,True
chb08,chb08_05.edf,chb08|chb08_05.edf|001798,kurtosis,4.6674113273620605,4.6674113273620605,0,True
chb08,chb08_10.edf,chb08|chb08_10.edf|000000,bp_delta,3.8277404210266966e-09,3.8277404210266966e-09,0,True
chb08,chb08_10.edf,chb08|chb08_10.edf|000000,rel_bp_delta,0.43625420192714731,0.43625420192714731,0,True
chb08,chb08_10.edf,chb08|chb08_10.edf|000000,bp_theta,6.5218193655307798e-10,6.5218193655307798e-10,0,True
chb08,chb08_10.edf,chb08|chb08_10.edf|000000,rel_bp_theta,0.079398767057820605,0.079398767057820605,0,True
chb08,chb08_10.edf,chb08|chb08_10.edf|000000,bp_alpha,1.5954689316661358e-10,1.5954689316661358e-10,0,True
chb08,chb08_10.edf,chb08|chb08_10.edf|000000,rel_bp_alpha,0.021545093207983531,0.021545093207983531,0,True
chb08,chb08_10.edf,chb08|chb08_10.edf|000000,bp_beta,9.9608561660476992e-10,9.9608561660476992e-10,0,True
chb08,chb08_10.edf,chb08|chb08_10.edf|000000,rel_bp_beta,0.11547460548879201,0.11547460548879201,0,True
chb08,chb08_10.edf,chb08|chb08_10.edf|000000,bp_gamma,7.6918025066372269e-10,7.6918025066372269e-10,0,True
chb08,chb08_10.edf,chb08|chb08_10.edf|000000,rel_bp_gamma,0.089089482735888043,0.089089482735888043,0,True
chb08,chb08_10.edf,chb08|chb08_10.edf|000000,spectral_entropy,3.4549834728240967,3.4549834728240967,0,True
chb08,chb08_10.edf,chb08|chb08_10.edf|000000,hjorth_activity,1.0196941957474337e-08,1.0196941957474337e-08,0,True
chb08,chb08_10.edf,chb08|chb08_10.edf|000000,hjorth_mobility,0.37774002552032471,0.37774002552032471,0,True
chb08,chb08_10.edf,chb08|chb08_10.edf|000000,hjorth_complexity,2.5434160232543945,2.5434160232543945,0,True
chb08,chb08_10.edf,chb08|chb08_10.edf|000000,line_length,0.02350902371108532,0.02350902371108532,0,True
chb08,chb08_10.edf,chb08|chb08_10.edf|000000,rms_amplitude,8.9081469923257828e-05,8.9081469923257828e-05,0,True
chb08,chb08_10.edf,chb08|chb08_10.edf|000000,variance,1.0196941957474337e-08,1.0196941957474337e-08,0,True
chb08,chb08_10.edf,chb08|chb08_10.edf|000000,zero_crossing_rate,0.10418146306818182,0.10418146306818182,0,True
chb08,chb08_10.edf,chb08|chb08_10.edf|000000,skewness,0.17062977464361626,0.17062977464361626,0,True
chb08,chb08_10.edf,chb08|chb08_10.edf|000000,kurtosis,2.4984762668609619,2.4984762668609619,0,True
chb08,chb08_10.edf,chb08|chb08_10.edf|000899,bp_delta,9.8875522857639286e-10,9.8875522857639286e-10,0,True
chb08,chb08_10.edf,chb08|chb08_10.edf|000899,rel_bp_delta,0.28890876827847983,0.28890876827847983,0,True
chb08,chb08_10.edf,chb08|chb08_10.edf|000899,bp_theta,1.7242470361853647e-10,1.7242470361853647e-10,0,True
chb08,chb08_10.edf,chb08|chb08_10.edf|000899,rel_bp_theta,0.068742419649748199,0.068742419649748199,0,True
chb08,chb08_10.edf,chb08|chb08_10.edf|000899,bp_alpha,5.7741281127903198e-11,5.7741281127903198e-11,0,True
chb08,chb08_10.edf,chb08|chb08_10.edf|000899,rel_bp_alpha,0.021549112563198795,0.021549112563198795,0,True
chb08,chb08_10.edf,chb08|chb08_10.edf|000899,bp_beta,3.2205176977982372e-10,3.2205176977982372e-10,0,True
chb08,chb08_10.edf,chb08|chb08_10.edf|000899,rel_bp_beta,0.10792798938261955,0.10792798938261955,0,True
chb08,chb08_10.edf,chb08|chb08_10.edf|000899,bp_gamma,2.1727078873613631e-10,2.1727078873613631e-10,0,True
chb08,chb08_10.edf,chb08|chb08_10.edf|000899,rel_bp_gamma,0.072596460080473366,0.072596460080473366,0,True
chb08,chb08_10.edf,chb08|chb08_10.edf|000899,spectral_entropy,2.8097603321075439,2.8097603321075439,0,True
chb08,chb08_10.edf,chb08|chb08_10.edf|000899,hjorth_activity,2.2618003026053657e-09,2.2618003026053657e-09,0,True
chb08,chb08_10.edf,chb08|chb08_10.edf|000899,hjorth_mobility,0.29850351810455322,0.29850351810455322,0,True
chb08,chb08_10.edf,chb08|chb08_10.edf|000899,hjorth_complexity,1.6935652494430542,1.6935652494430542,0,True
chb08,chb08_10.edf,chb08|chb08_10.edf|000899,line_length,0.013401656411588192,0.013401656411588192,0,True
chb08,chb08_10.edf,chb08|chb08_10.edf|000899,rms_amplitude,4.3965843360638246e-05,4.3965843360638246e-05,0,True
chb08,chb08_10.edf,chb08|chb08_10.edf|000899,variance,2.2618003026053657e-09,2.2618003026053657e-09,0,True
chb08,chb08_10.edf,chb08|chb08_10.edf|000899,zero_crossing_rate,0.13165838068181818,0.13165838068181818,0,True
chb08,chb08_10.edf,chb08|chb08_10.edf|000899,skewness,0.36537532440640708,0.36537532440640708,0,True
chb08,chb08_10.edf,chb08|chb08_10.edf|000899,kurtosis,1.6297233104705811,1.6297233104705811,0,True
chb08,chb08_10.edf,chb08|chb08_10.edf|001798,bp_delta,2.6172670634296643e-09,2.6172670634296643e-09,0,True
chb08,chb08_10.edf,chb08|chb08_10.edf|001798,rel_bp_delta,0.33122024563823654,0.33122024563823654,0,True
chb08,chb08_10.edf,chb08|chb08_10.edf|001798,bp_theta,4.060260194269714e-10,4.060260194269714e-10,0,True
chb08,chb08_10.edf,chb08|chb08_10.edf|001798,rel_bp_theta,0.070213519871149085,0.070213519871149085,0,True
chb08,chb08_10.edf,chb08|chb08_10.edf|001798,bp_alpha,2.0865348541047627e-10,2.0865348541047627e-10,0,True
chb08,chb08_10.edf,chb08|chb08_10.edf|001798,rel_bp_alpha,0.023957170766992279,0.023957170766992279,0,True
chb08,chb08_10.edf,chb08|chb08_10.edf|001798,bp_beta,1.3854767020803655e-09,1.3854767020803655e-09,0,True
chb08,chb08_10.edf,chb08|chb08_10.edf|001798,rel_bp_beta,0.14557591186393348,0.14557591186393348,0,True
chb08,chb08_10.edf,chb08|chb08_10.edf|001798,bp_gamma,1.5445846445421747e-09,1.5445846445421747e-09,0,True
chb08,chb08_10.edf,chb08|chb08_10.edf|001798,rel_bp_gamma,0.15132390269304682,0.15132390269304682,0,True
chb08,chb08_10.edf,chb08|chb08_10.edf|001798,spectral_entropy,3.6400835514068604,3.6400835514068604,0,True
chb08,chb08_10.edf,chb08|chb08_10.edf|001798,hjorth_activity,7.9539805852846257e-09,7.9539805852846257e-09,0,True
chb08,chb08_10.edf,chb08|chb08_10.edf|001798,hjorth_mobility,0.46717631816864014,0.46717631816864014,0,True
chb08,chb08_10.edf,chb08|chb08_10.edf|001798,hjorth_complexity,2.0751001834869385,2.0751001834869385,0,True
chb08,chb08_10.edf,chb08|chb08_10.edf|001798,line_length,0.031352061778306961,0.031352061778306961,0,True
chb08,chb08_10.edf,chb08|chb08_10.edf|001798,rms_amplitude,8.001860260264948e-05,8.001860260264948e-05,0,True
chb08,chb08_10.edf,chb08|chb08_10.edf|001798,variance,7.9539805852846257e-09,7.9539805852846257e-09,0,True
chb08,chb08_10.edf,chb08|chb08_10.edf|001798,zero_crossing_rate,0.1484375,0.1484375,0,True
chb08,chb08_10.edf,chb08|chb08_10.edf|001798,skewness,0.45293672873892565,0.45293672873892565,0,True
chb08,chb08_10.edf,chb08|chb08_10.edf|001798,kurtosis,3.0772860050201416,3.0772860050201416,0,True
chb08,chb08_11.edf,chb08|chb08_11.edf|000000,bp_delta,2.9038276243791902e-09,2.9038276243791902e-09,0,True
chb08,chb08_11.edf,chb08|chb08_11.edf|000000,rel_bp_delta,0.37880361212779873,0.37880361212779873,0,True
chb08,chb08_11.edf,chb08|chb08_11.edf|000000,bp_theta,6.1978841905636526e-10,6.1978841905636526e-10,0,True
chb08,chb08_11.edf,chb08|chb08_11.edf|000000,rel_bp_theta,0.085718690999427458,0.085718690999427458,0,True
chb08,chb08_11.edf,chb08|chb08_11.edf|000000,bp_alpha,2.2487441978758213e-10,2.2487441978758213e-10,0,True
chb08,chb08_11.edf,chb08|chb08_11.edf|000000,rel_bp_alpha,0.031593815811534261,0.031593815811534261,0,True
chb08,chb08_11.edf,chb08|chb08_11.edf|000000,bp_beta,1.1917832700507327e-09,1.1917832700507327e-09,0,True
chb08,chb08_11.edf,chb08|chb08_11.edf|000000,rel_bp_beta,0.13441421129036543,0.13441421129036543,0,True
chb08,chb08_11.edf,chb08|chb08_11.edf|000000,bp_gamma,9.3521858261243478e-10,9.3521858261243478e-10,0,True
chb08,chb08_11.edf,chb08|chb08_11.edf|000000,rel_bp_gamma,0.10069535079257103,0.10069535079257103,0,True
chb08,chb08_11.edf,chb08|chb08_11.edf|000000,spectral_entropy,3.563690185546875,3.563690185546875,0,True
chb08,chb08_11.edf,chb08|chb08_11.edf|000000,hjorth_activity,7.9774862271619895e-09,7.9774862271619895e-09,0,True
chb08,chb08_11.edf,chb08|chb08_11.edf|000000,hjorth_mobility,0.41276216506958008,0.41276216506958008,0,True
chb08,chb08_11.edf,chb08|chb08_11.edf|000000,hjorth_complexity,2.1766519546508789,2.1766519546508789,0,True
chb08,chb08_11.edf,chb08|chb08_11.edf|000000,line_length,0.027345450595021248,0.027345450595021248,0,True
chb08,chb08_11.edf,chb08|chb08_11.edf|000000,rms_amplitude,8.0344783782493323e-05,8.0344783782493323e-05,0,True
chb08,chb08_11.edf,chb08|chb08_11.edf|000000,variance,7.9774862271619895e-09,7.9774862271619895e-09,0,True
chb08,chb08_11.edf,chb08|chb08_11.edf|000000,zero_crossing_rate,0.12788529829545456,0.12788529829545456,0,True
chb08,chb08_11.edf,chb08|chb08_11.edf|000000,skewness,-0.15488153086467224,-0.15488153086467224,0,True
chb08,chb08_11.edf,chb08|chb08_11.edf|000000,kurtosis,2.6122057437896729,2.6122057437896729,0,True
chb08,chb08_11.edf,chb08|chb08_11.edf|000899,bp_delta,2.1762954181825389e-09,2.1762954181825389e-09,0,True
chb08,chb08_11.edf,chb08|chb08_11.edf|000899,rel_bp_delta,0.39022791953137309,0.39022791953137309,0,True
chb08,chb08_11.edf,chb08|chb08_11.edf|000899,bp_theta,6.3012791165495408e-10,6.3012791165495408e-10,0,True
chb08,chb08_11.edf,chb08|chb08_11.edf|000899,rel_bp_theta,0.11220250306288336,0.11220250306288336,0,True
chb08,chb08_11.edf,chb08|chb08_11.edf|000899,bp_alpha,2.0448441815286306e-10,2.0448441815286306e-10,0,True
chb08,chb08_11.edf,chb08|chb08_11.edf|000899,rel_bp_alpha,0.033825670497475396,0.033825670497475396,0,True
chb08,chb08_11.edf,chb08|chb08_11.edf|000899,bp_beta,9.3993132236087993e-10,9.3993132236087993e-10,0,True
chb08,chb08_11.edf,chb08|chb08_11.edf|000899,rel_bp_beta,0.11835244202657966,0.11835244202657966,0,True
chb08,chb08_11.edf,chb08|chb08_11.edf|000899,bp_gamma,7.3870560970397099e-10,7.3870560970397099e-10,0,True
chb08,chb08_11.edf,chb08|chb08_11.edf|000899,rel_bp_gamma,0.093449911443819159,0.093449911443819159,0,True
chb08,chb08_11.edf,chb08|chb08_11.edf|000899,spectral_entropy,3.4264326095581055,3.4264326095581055,0,True
chb08,chb08_11.edf,chb08|chb08_11.edf|000899,hjorth_activity,5.3398534483051208e-09,5.3398534483051208e-09,0,True
chb08,chb08_11.edf,chb08|chb08_11.edf|000899,hjorth_mobility,0.32918617129325867,0.32918617129325867,0,True
chb08,chb08_11.edf,chb08|chb08_11.edf|000899,hjorth_complexity,1.8920269012451172,1.8920269012451172,0,True
chb08,chb08_11.edf,chb08|chb08_11.edf|000899,line_length,0.020742548629641533,0.020742548629641533,0,True
chb08,chb08_11.edf,chb08|chb08_11.edf|000899,rms_amplitude,6.8493398430291563e-05,6.8493398430291563e-05,0,True
chb08,chb08_11.edf,chb08|chb08_11.edf|000899,variance,5.3398534483051208e-09,5.3398534483051208e-09,0,True
chb08,chb08_11.edf,chb08|chb08_11.edf|000899,zero_crossing_rate,0.12624289772727273,0.12624289772727273,0,True
chb08,chb08_11.edf,chb08|chb08_11.edf|000899,skewness,0.59843808907846163,0.59843808907846163,0,True
chb08,chb08_11.edf,chb08|chb08_11.edf|000899,kurtosis,2.9041383266448975,2.9041383266448975,0,True
chb08,chb08_11.edf,chb08|chb08_11.edf|001798,bp_delta,7.2279897171678709e-10,7.2279897171678709e-10,0,True
chb08,chb08_11.edf,chb08|chb08_11.edf|001798,rel_bp_delta,0.27737291452492041,0.27737291452492041,0,True
chb08,chb08_11.edf,chb08|chb08_11.edf|001798,bp_theta,2.2575389381827344e-10,2.2575389381827344e-10,0,True
chb08,chb08_11.edf,chb08|chb08_11.edf|001798,rel_bp_theta,0.088915897329440774,0.088915897329440774,0,True
chb08,chb08_11.edf,chb08|chb08_11.edf|001798,bp_alpha,6.7736821858045381e-11,6.7736821858045381e-11,0,True
chb08,chb08_11.edf,chb08|chb08_11.edf|001798,rel_bp_alpha,0.025851984341205225,0.025851984341205225,0,True
chb08,chb08_11.edf,chb08|chb08_11.edf|001798,bp_beta,3.0758585636678719e-10,3.0758585636678719e-10,0,True
chb08,chb08_11.edf,chb08|chb08_11.edf|001798,rel_bp_beta,0.097238856885235758,0.097238856885235758,0,True
chb08,chb08_11.edf,chb08|chb08_11.edf|001798,bp_gamma,2.4803072492976481e-10,2.4803072492976481e-10,0,True
chb08,chb08_11.edf,chb08|chb08_11.edf|001798,rel_bp_gamma,0.076458208651159654,0.076458208651159654,0,True
chb08,chb08_11.edf,chb08|chb08_11.edf|001798,spectral_entropy,2.9842073917388916,2.9842073917388916,0,True
chb08,chb08_11.edf,chb08|chb08_11.edf|001798,hjorth_activity,1.8745152097210394e-09,1.8745152097210394e-09,0,True
chb08,chb08_11.edf,chb08|chb08_11.edf|001798,hjorth_mobility,0.30369603633880615,0.30369603633880615,0,True
chb08,chb08_11.edf,chb08|chb08_11.edf|001798,hjorth_complexity,1.5247849225997925,1.5247849225997925,0,True
chb08,chb08_11.edf,chb08|chb08_11.edf|001798,line_length,0.013336299918591976,0.013336299918591976,0,True
chb08,chb08_11.edf,chb08|chb08_11.edf|001798,rms_amplitude,4.1672312363516539e-05,4.1672312363516539e-05,0,True
chb08,chb08_11.edf,chb08|chb08_11.edf|001798,variance,1.8745152097210394e-09,1.8745152097210394e-09,0,True
chb08,chb08_11.edf,chb08|chb08_11.edf|001798,zero_crossing_rate,0.11976207386363637,0.11976207386363637,0,True
chb08,chb08_11.edf,chb08|chb08_11.edf|001798,skewness,0.11345547412268141,0.11345547412268141,0,True
chb08,chb08_11.edf,chb08|chb08_11.edf|001798,kurtosis,0.21318410336971283,0.21318410336971283,0,True
chb08,chb08_12.edf,chb08|chb08_12.edf|000000,bp_delta,1.8657551416082193e-09,1.8657551416082193e-09,0,True
chb08,chb08_12.edf,chb08|chb08_12.edf|000000,rel_bp_delta,0.40343246986010084,0.40343246986010084,0,True
chb08,chb08_12.edf,chb08|chb08_12.edf|000000,bp_theta,4.0399184587530543e-10,4.0399184587530543e-10,0,True
chb08,chb08_12.edf,chb08|chb08_12.edf|000000,rel_bp_theta,0.10925845551419676,0.10925845551419676,0,True
chb08,chb08_12.edf,chb08|chb08_12.edf|000000,bp_alpha,8.6467802368569112e-11,8.6467802368569112e-11,0,True
chb08,chb08_12.edf,chb08|chb08_12.edf|000000,rel_bp_alpha,0.02606844155408141,0.02606844155408141,0,True
chb08,chb08_12.edf,chb08|chb08_12.edf|000000,bp_beta,1.9483833450141706e-10,1.9483833450141706e-10,0,True
chb08,chb08_12.edf,chb08|chb08_12.edf|000000,rel_bp_beta,0.055753502270814707,0.055753502270814707,0,True
chb08,chb08_12.edf,chb08|chb08_12.edf|000000,bp_gamma,1.2657981166588111e-10,1.2657981166588111e-10,0,True
chb08,chb08_12.edf,chb08|chb08_12.edf|000000,rel_bp_gamma,0.034649418131380588,0.034649418131380588,0,True
chb08,chb08_12.edf,chb08|chb08_12.edf|000000,spectral_entropy,2.6630294322967529,2.6630294322967529,0,True
chb08,chb08_12.edf,chb08|chb08_12.edf|000000,hjorth_activity,3.399373449397558e-09,3.399373449397558e-09,0,True
chb08,chb08_12.edf,chb08|chb08_12.edf|000000,hjorth_mobility,0.22585482895374298,0.22585482895374298,0,True
chb08,chb08_12.edf,chb08|chb08_12.edf|000000,hjorth_complexity,1.8087683916091919,1.8087683916091919,0,True
chb08,chb08_12.edf,chb08|chb08_12.edf|000000,line_length,0.011132867075502872,0.011132867075502872,0,True
chb08,chb08_12.edf,chb08|chb08_12.edf|000000,rms_amplitude,5.2627190598286688e-05,5.2627190598286688e-05,0,True
chb08,chb08_12.edf,chb08|chb08_12.edf|000000,variance,3.399373449397558e-09,3.399373449397558e-09,0,True
chb08,chb08_12.edf,chb08|chb08_12.edf|000000,zero_crossing_rate,0.10409268465909091,0.10409268465909091,0,True
chb08,chb08_12.edf,chb08|chb08_12.edf|000000,skewness,-0.014162459664724091,-0.014162459664724091,0,True
chb08,chb08_12.edf,chb08|chb08_12.edf|000000,kurtosis,1.3260432481765747,1.3260432481765747,0,True
chb08,chb08_12.edf,chb08|chb08_12.edf|000899,bp_delta,5.0327990741119461e-10,5.0327990741119461e-10,0,True
chb08,chb08_12.edf,chb08|chb08_12.edf|000899,rel_bp_delta,0.24787088444803018,0.24787088444803018,0,True
chb08,chb08_12.edf,chb08|chb08_12.edf|000899,bp_theta,1.2678003728515156e-10,1.2678003728515156e-10,0,True
chb08,chb08_12.edf,chb08|chb08_12.edf|000899,rel_bp_theta,0.065507878620873539,0.065507878620873539,0,True
chb08,chb08_12.edf,chb08|chb08_12.edf|000899,bp_alpha,5.3481113708824032e-11,5.3481113708824032e-11,0,True
chb08,chb08_12.edf,chb08|chb08_12.edf|000899,rel_bp_alpha,0.02544961472691578,0.02544961472691578,0,True
chb08,chb08_12.edf,chb08|chb08_12.edf|000899,bp_beta,1.5054720068107986e-10,1.5054720068107986e-10,0,True
chb08,chb08_12.edf,chb08|chb08_12.edf|000899,rel_bp_beta,0.067960411783681965,0.067960411783681965,0,True
chb08,chb08_12.edf,chb08|chb08_12.edf|000899,bp_gamma,9.6458542001385793e-11,9.6458542001385793e-11,0,True
chb08,chb08_12.edf,chb08|chb08_12.edf|000899,rel_bp_gamma,0.043418938464059649,0.043418938464059649,0,True
chb08,chb08_12.edf,chb08|chb08_12.edf|000899,spectral_entropy,2.5056881904602051,2.5056881904602051,0,True
chb08,chb08_12.edf,chb08|chb08_12.edf|000899,hjorth_activity,1.2399503646065568e-09,1.2399503646065568e-09,0,True
chb08,chb08_12.edf,chb08|chb08_12.edf|000899,hjorth_mobility,0.26424655318260193,0.26424655318260193,0,True
chb08,chb08_12.edf,chb08|chb08_12.edf|000899,hjorth_complexity,1.6289131641387939,1.6289131641387939,0,True
chb08,chb08_12.edf,chb08|chb08_12.edf|000899,line_length,0.010296707972884178,0.010296707972884178,0,True
chb08,chb08_12.edf,chb08|chb08_12.edf|000899,rms_amplitude,3.3980966691160575e-05,3.3980966691160575e-05,0,True
chb08,chb08_12.edf,chb08|chb08_12.edf|000899,variance,1.2399503646065568e-09,1.2399503646065568e-09,0,True
chb08,chb08_12.edf,chb08|chb08_12.edf|000899,zero_crossing_rate,0.11430220170454546,0.11430220170454546,0,True
chb08,chb08_12.edf,chb08|chb08_12.edf|000899,skewness,-0.043394429469448041,-0.043394429469448041,0,True
chb08,chb08_12.edf,chb08|chb08_12.edf|000899,kurtosis,0.10168066620826721,0.10168066620826721,0,True
chb08,chb08_12.edf,chb08|chb08_12.edf|001798,bp_delta,1.994475300824063e-09,1.994475300824063e-09,0,True
chb08,chb08_12.edf,chb08|chb08_12.edf|001798,rel_bp_delta,0.38742727143789374,0.38742727143789374,0,True
chb08,chb08_12.edf,chb08|chb08_12.edf|001798,bp_theta,3.7054611706966394e-10,3.7054611706966394e-10,0,True
chb08,chb08_12.edf,chb08|chb08_12.edf|001798,rel_bp_theta,0.074008240587743315,0.074008240587743315,0,True
chb08,chb08_12.edf,chb08|chb08_12.edf|001798,bp_alpha,1.0200704808931527e-10,1.0200704808931527e-10,0,True
chb08,chb08_12.edf,chb08|chb08_12.edf|001798,rel_bp_alpha,0.020183749472911832,0.020183749472911832,0,True
chb08,chb08_12.edf,chb08|chb08_12.edf|001798,bp_beta,7.7633594843987293e-10,7.7633594843987293e-10,0,True
chb08,chb08_12.edf,chb08|chb08_12.edf|001798,rel_bp_beta,0.11421690131889339,0.11421690131889339,0,True
chb08,chb08_12.edf,chb08|chb08_12.edf|001798,bp_gamma,5.8677462095529345e-10,5.8677462095529345e-10,0,True
chb08,chb08_12.edf,chb08|chb08_12.edf|001798,rel_bp_gamma,0.087944870371052017,0.087944870371052017,0,True
chb08,chb08_12.edf,chb08|chb08_12.edf|001798,spectral_entropy,3.1277379989624023,3.1277379989624023,0,True
chb08,chb08_12.edf,chb08|chb08_12.edf|001798,hjorth_activity,5.1748019203046169e-09,5.1748019203046169e-09,0,True
chb08,chb08_12.edf,chb08|chb08_12.edf|001798,hjorth_mobility,0.31641495227813721,0.31641495227813721,0,True
chb08,chb08_12.edf,chb08|chb08_12.edf|001798,hjorth_complexity,2.1283731460571289,2.1283731460571289,0,True
chb08,chb08_12.edf,chb08|chb08_12.edf|001798,line_length,0.019439103081822395,0.019439103081822395,0,True
chb08,chb08_12.edf,chb08|chb08_12.edf|001798,rms_amplitude,6.6127962782047689e-05,6.6127962782047689e-05,0,True
chb08,chb08_12.edf,chb08|chb08_12.edf|001798,variance,5.1748019203046169e-09,5.1748019203046169e-09,0,True
chb08,chb08_12.edf,chb08|chb08_12.edf|001798,zero_crossing_rate,0.12282492897727272,0.12282492897727272,0,True
chb08,chb08_12.edf,chb08|chb08_12.edf|001798,skewness,0.35032268384979531,0.35032268384979531,0,True
chb08,chb08_12.edf,chb08|chb08_12.edf|001798,kurtosis,1.8465125560760498,1.8465125560760498,0,True
chb08,chb08_13.edf,chb08|chb08_13.edf|000000,bp_delta,6.5787259644004762e-10,6.5787259644004762e-10,0,True
chb08,chb08_13.edf,chb08|chb08_13.edf|000000,rel_bp_delta,0.23934278564869871,0.23934278564869871,0,True
chb08,chb08_13.edf,chb08|chb08_13.edf|000000,bp_theta,1.7234069510027594e-10,1.7234069510027594e-10,0,True
chb08,chb08_13.edf,chb08|chb08_13.edf|000000,rel_bp_theta,0.063185946558250883,0.063185946558250883,0,True
chb08,chb08_13.edf,chb08|chb08_13.edf|000000,bp_alpha,5.7944053142281408e-11,5.7944053142281408e-11,0,True
chb08,chb08_13.edf,chb08|chb08_13.edf|000000,rel_bp_alpha,0.019546225425707123,0.019546225425707123,0,True
chb08,chb08_13.edf,chb08|chb08_13.edf|000000,bp_beta,7.4793071101586463e-10,7.4793071101586463e-10,0,True
chb08,chb08_13.edf,chb08|chb08_13.edf|000000,rel_bp_beta,0.14262439171422858,0.14262439171422858,0,True
chb08,chb08_13.edf,chb08|chb08_13.edf|000000,bp_gamma,5.7047982739327725e-10,5.7047982739327725e-10,0,True
chb08,chb08_13.edf,chb08|chb08_13.edf|000000,rel_bp_gamma,0.10133941833201664,0.10133941833201664,0,True
chb08,chb08_13.edf,chb08|chb08_13.edf|000000,spectral_entropy,3.1083383560180664,3.1083383560180664,0,True
chb08,chb08_13.edf,chb08|chb08_13.edf|000000,hjorth_activity,2.6281250509185838e-09,2.6281250509185838e-09,0,True
chb08,chb08_13.edf,chb08|chb08_13.edf|000000,hjorth_mobility,0.36332204937934875,0.36332204937934875,0,True
chb08,chb08_13.edf,chb08|chb08_13.edf|000000,hjorth_complexity,1.5610741376876831,1.5610741376876831,0,True
chb08,chb08_13.edf,chb08|chb08_13.edf|000000,line_length,0.019207138568162918,0.019207138568162918,0,True
chb08,chb08_13.edf,chb08|chb08_13.edf|000000,rms_amplitude,4.6014578401809558e-05,4.6014578401809558e-05,0,True
chb08,chb08_13.edf,chb08|chb08_13.edf|000000,variance,2.6281250509185838e-09,2.6281250509185838e-09,0,True
chb08,chb08_13.edf,chb08|chb08_13.edf|000000,zero_crossing_rate,0.14879261363636365,0.14879261363636365,0,True
chb08,chb08_13.edf,chb08|chb08_13.edf|000000,skewness,0.026662204837934536,0.026662204837934536,0,True
chb08,chb08_13.edf,chb08|chb08_13.edf|000000,kurtosis,0.29300066828727722,0.29300066828727722,0,True
chb08,chb08_13.edf,chb08|chb08_13.edf|000899,bp_delta,1.5721528482468751e-09,1.5721528482468751e-09,0,True
chb08,chb08_13.edf,chb08|chb08_13.edf|000899,rel_bp_delta,0.37762689327234361,0.37762689327234361,0,True
chb08,chb08_13.edf,chb08|chb08_13.edf|000899,bp_theta,2.0780420445872476e-10,2.0780420445872476e-10,0,True
chb08,chb08_13.edf,chb08|chb08_13.edf|000899,rel_bp_theta,0.057586254444784692,0.057586254444784692,0,True
chb08,chb08_13.edf,chb08|chb08_13.edf|000899,bp_alpha,8.7119196366101809e-11,8.7119196366101809e-11,0,True
chb08,chb08_13.edf,chb08|chb08_13.edf|000899,rel_bp_alpha,0.022319097452077906,0.022319097452077906,0,True
chb08,chb08_13.edf,chb08|chb08_13.edf|000899,bp_beta,6.0454341547450986e-10,6.0454341547450986e-10,0,True
chb08,chb08_13.edf,chb08|chb08_13.edf|000899,rel_bp_beta,0.12129852136068493,0.12129852136068493,0,True
chb08,chb08_13.edf,chb08|chb08_13.edf|000899,bp_gamma,4.8654285376208519e-10,4.8654285376208519e-10,0,True
chb08,chb08_13.edf,chb08|chb08_13.edf|000899,rel_bp_gamma,0.10243750114363498,0.10243750114363498,0,True
chb08,chb08_13.edf,chb08|chb08_13.edf|000899,spectral_entropy,3.2325582504272461,3.2325582504272461,0,True
chb08,chb08_13.edf,chb08|chb08_13.edf|000899,hjorth_activity,3.5818572552415162e-09,3.5818572552415162e-09,0,True
chb08,chb08_13.edf,chb08|chb08_13.edf|000899,hjorth_mobility,0.38285577297210693,0.38285577297210693,0,True
chb08,chb08_13.edf,chb08|chb08_13.edf|000899,hjorth_complexity,2.0674452781677246,2.0674452781677246,0,True
chb08,chb08_13.edf,chb08|chb08_13.edf|000899,line_length,0.019844243302941322,0.019844243302941322,0,True
chb08,chb08_13.edf,chb08|chb08_13.edf|000899,rms_amplitude,5.6567972933407873e-05,5.6567972933407873e-05,0,True
chb08,chb08_13.edf,chb08|chb08_13.edf|000899,variance,3.5818572552415162e-09,3.5818572552415162e-09,0,True
chb08,chb08_13.edf,chb08|chb08_13.edf|000899,zero_crossing_rate,0.14089133522727273,0.14089133522727273,0,True
chb08,chb08_13.edf,chb08|chb08_13.edf|000899,skewness,0.15536141591358252,0.15536141591358252,0,True
chb08,chb08_13.edf,chb08|chb08_13.edf|000899,kurtosis,1.7870898246765137,1.7870898246765137,0,True
chb08,chb08_13.edf,chb08|chb08_13.edf|001798,bp_delta,1.1712945170274961e-09,1.1712945170274961e-09,0,True
chb08,chb08_13.edf,chb08|chb08_13.edf|001798,rel_bp_delta,0.358551754986695,0.358551754986695,0,True
chb08,chb08_13.edf,chb08|chb08_13.edf|001798,bp_theta,2.5860372496346924e-10,2.5860372496346924e-10,0,True
chb08,chb08_13.edf,chb08|chb08_13.edf|001798,rel_bp_theta,0.0827418220877464,0.0827418220877464,0,True
chb08,chb08_13.edf,chb08|chb08_13.edf|001798,bp_alpha,7.7307655433878203e-11,7.7307655433878203e-11,0,True
chb08,chb08_13.edf,chb08|chb08_13.edf|001798,rel_bp_alpha,0.023195216120189235,0.023195216120189235,0,True
chb08,chb08_13.edf,chb08|chb08_13.edf|001798,bp_beta,4.3690298921024093e-10,4.3690298921024093e-10,0,True
chb08,chb08_13.edf,chb08|chb08_13.edf|001798,rel_bp_beta,0.089199823525366914,0.089199823525366914,0,True
chb08,chb08_13.edf,chb08|chb08_13.edf|001798,bp_gamma,2.8014321310386296e-10,2.8014321310386296e-10,0,True
chb08,chb08_13.edf,chb08|chb08_13.edf|001798,rel_bp_gamma,0.058810516491260463,0.058810516491260463,0,True
chb08,chb08_13.edf,chb08|chb08_13.edf|001798,spectral_entropy,2.8847732543945312,2.8847732543945312,0,True
chb08,chb08_13.edf,chb08|chb08_13.edf|001798,hjorth_activity,2.7443169958729641e-09,2.7443169958729641e-09,0,True
chb08,chb08_13.edf,chb08|chb08_13.edf|001798,hjorth_mobility,0.27100324630737305,0.27100324630737305,0,True
chb08,chb08_13.edf,chb08|chb08_13.edf|001798,hjorth_complexity,1.7164343595504761,1.7164343595504761,0,True
chb08,chb08_13.edf,chb08|chb08_13.edf|001798,line_length,0.013976281508803368,0.013976281508803368,0,True
chb08,chb08_13.edf,chb08|chb08_13.edf|001798,rms_amplitude,4.9385987949790433e-05,4.9385987949790433e-05,0,True
chb08,chb08_13.edf,chb08|chb08_13.edf|001798,variance,2.7443169958729641e-09,2.7443169958729641e-09,0,True
chb08,chb08_13.edf,chb08|chb08_13.edf|001798,zero_crossing_rate,0.10866477272727272,0.10866477272727272,0,True
chb08,chb08_13.edf,chb08|chb08_13.edf|001798,skewness,-0.17832241677255792,-0.17832241677255792,0,True
chb08,chb08_13.edf,chb08|chb08_13.edf|001798,kurtosis,1.3002263307571411,1.3002263307571411,0,True
chb08,chb08_14.edf,chb08|chb08_14.edf|000000,bp_delta,9.9709677667259022e-10,9.9709677667259022e-10,0,True
chb08,chb08_14.edf,chb08|chb08_14.edf|000000,rel_bp_delta,0.32606858357182528,0.32606858357182528,0,True
chb08,chb08_14.edf,chb08|chb08_14.edf|000000,bp_theta,2.8827603242494046e-10,2.8827603242494046e-10,0,True
chb08,chb08_14.edf,chb08|chb08_14.edf|000000,rel_bp_theta,0.097640853641264153,0.097640853641264153,0,True
chb08,chb08_14.edf,chb08|chb08_14.edf|000000,bp_alpha,9.1418096222774375e-11,9.1418096222774375e-11,0,True
chb08,chb08_14.edf,chb08|chb08_14.edf|000000,rel_bp_alpha,0.027554385305681703,0.027554385305681703,0,True
chb08,chb08_14.edf,chb08|chb08_14.edf|000000,bp_beta,4.4019831357420029e-10,4.4019831357420029e-10,0,True
chb08,chb08_14.edf,chb08|chb08_14.edf|000000,rel_bp_beta,0.096216049810321599,0.096216049810321599,0,True
chb08,chb08_14.edf,chb08|chb08_14.edf|000000,bp_gamma,2.6015003791134817e-10,2.6015003791134817e-10,0,True
chb08,chb08_14.edf,chb08|chb08_14.edf|000000,rel_bp_gamma,0.059338640465065234,0.059338640465065234,0,True
chb08,chb08_14.edf,chb08|chb08_14.edf|000000,spectral_entropy,3.000889778137207,3.000889778137207,0,True
chb08,chb08_14.edf,chb08|chb08_14.edf|000000,hjorth_activity,2.4254360742048675e-09,2.4254360742048675e-09,0,True
chb08,chb08_14.edf,chb08|chb08_14.edf|000000,hjorth_mobility,0.28781998157501221,0.28781998157501221,0,True
chb08,chb08_14.edf,chb08|chb08_14.edf|000000,hjorth_complexity,1.6733899116516113,1.6733899116516113,0,True
chb08,chb08_14.edf,chb08|chb08_14.edf|000000,line_length,0.013670400716364384,0.013670400716364384,0,True
chb08,chb08_14.edf,chb08|chb08_14.edf|000000,rms_amplitude,4.6532484702765942e-05,4.6532484702765942e-05,0,True
chb08,chb08_14.edf,chb08|chb08_14.edf|000000,variance,2.4254360742048675e-09,2.4254360742048675e-09,0,True
chb08,chb08_14.edf,chb08|chb08_14.edf|000000,zero_crossing_rate,0.10884232954545454,0.10884232954545454,0,True
chb08,chb08_14.edf,chb08|chb08_14.edf|000000,skewness,-0.0025963317602872849,-0.0025963317602872849,0,True
chb08,chb08_14.edf,chb08|chb08_14.edf|000000,kurtosis,0.72733652591705322,0.72733652591705322,0,True
chb08,chb08_14.edf,chb08|chb08_14.edf|000899,bp_delta,4.9843125334140962e-09,4.9843125334140962e-09,0,True
chb08,chb08_14.edf,chb08|chb08_14.edf|000899,rel_bp_delta,0.60822662256051963,0.60822662256051963,0,True
chb08,chb08_14.edf,chb08|chb08_14.edf|000899,bp_theta,1.198573977756972e-09,1.198573977756972e-09,0,True
chb08,chb08_14.edf,chb08|chb08_14.edf|000899,rel_bp_theta,0.15926892719209876,0.15926892719209876,0,True
chb08,chb08_14.edf,chb08|chb08_14.edf|000899,bp_alpha,2.1209549593650829e-10,2.1209549593650829e-10,0,True
chb08,chb08_14.edf,chb08|chb08_14.edf|000899,rel_bp_alpha,0.028340922774477608,0.028340922774477608,0,True
chb08,chb08_14.edf,chb08|chb08_14.edf|000899,bp_beta,5.905664804519811e-11,5.905664804519811e-11,0,True
chb08,chb08_14.edf,chb08|chb08_14.edf|000899,rel_bp_beta,0.0090964821426306047,0.0090964821426306047,0,True
chb08,chb08_14.edf,chb08|chb08_14.edf|000899,bp_gamma,9.6420427058973259e-12,9.6420427058973259e-12,0,True
chb08,chb08_14.edf,chb08|chb08_14.edf|000899,rel_bp_gamma,0.0015998590978474308,0.0015998590978474308,0,True
chb08,chb08_14.edf,chb08|chb08_14.edf|000899,spectral_entropy,2.5067117214202881,2.5067117214202881,0,True
chb08,chb08_14.edf,chb08|chb08_14.edf|000899,hjorth_activity,7.9459603341547336e-09,7.9459603341547336e-09,0,True
chb08,chb08_14.edf,chb08|chb08_14.edf|000899,hjorth_mobility,0.09264025092124939,0.09264025092124939,0,True
chb08,chb08_14.edf,chb08|chb08_14.edf|000899,hjorth_complexity,1.6665375232696533,1.6665375232696533,0,True
chb08,chb08_14.edf,chb08|chb08_14.edf|000899,line_length,0.0062885377556085587,0.0062885377556085587,0,True
chb08,chb08_14.edf,chb08|chb08_14.edf|000899,rms_amplitude,8.3621089288499206e-05,8.3621089288499206e-05,0,True
chb08,chb08_14.edf,chb08|chb08_14.edf|000899,variance,7.9459603341547336e-09,7.9459603341547336e-09,0,True
chb08,chb08_14.edf,chb08|chb08_14.edf|000899,zero_crossing_rate,0.031294389204545456,0.031294389204545456,0,True
chb08,chb08_14.edf,chb08|chb08_14.edf|000899,skewness,-0.12340912019664591,-0.12340912019664591,0,True
chb08,chb08_14.edf,chb08|chb08_14.edf|000899,kurtosis,0.79933172464370728,0.79933172464370728,0,True
chb08,chb08_14.edf,chb08|chb08_14.edf|001798,bp_delta,5.9497329771285301e-09,5.9497329771285301e-09,0,True
chb08,chb08_14.edf,chb08|chb08_14.edf|001798,rel_bp_delta,0.68082910425331877,0.68082910425331877,0,True
chb08,chb08_14.edf,chb08|chb08_14.edf|001798,bp_theta,1.30701709296115e-09,1.30701709296115e-09,0,True
chb08,chb08_14.edf,chb08|chb08_14.edf|001798,rel_bp_theta,0.15650227327863733,0.15650227327863733,0,True
chb08,chb08_14.edf,chb08|chb08_14.edf|001798,bp_alpha,1.6842605133724563e-10,1.6842605133724563e-10,0,True
chb08,chb08_14.edf,chb08|chb08_14.edf|001798,rel_bp_alpha,0.020526808603022348,0.020526808603022348,0,True
chb08,chb08_14.edf,chb08|chb08_14.edf|001798,bp_beta,5.9305534135503177e-11,5.9305534135503177e-11,0,True
chb08,chb08_14.edf,chb08|chb08_14.edf|001798,rel_bp_beta,0.0074125788794546432,0.0074125788794546432,0,True
chb08,chb08_14.edf,chb08|chb08_14.edf|001798,bp_gamma,1.3705905586159306e-11,1.3705905586159306e-11,0,True
chb08,chb08_14.edf,chb08|chb08_14.edf|001798,rel_bp_gamma,0.0019985306727608224,0.0019985306727608224,0,True
chb08,chb08_14.edf,chb08|chb08_14.edf|001798,spectral_entropy,2.4795770645141602,2.4795770645141602,0,True
chb08,chb08_14.edf,chb08|chb08_14.edf|001798,hjorth_activity,9.4827017349530252e-09,9.4827017349530252e-09,0,True
chb08,chb08_14.edf,chb08|chb08_14.edf|001798,hjorth_mobility,0.086991481482982635,0.086991481482982635,0,True
chb08,chb08_14.edf,chb08|chb08_14.edf|001798,hjorth_complexity,1.9999176263809204,1.9999176263809204,0,True
chb08,chb08_14.edf,chb08|chb08_14.edf|001798,line_length,0.006834693718701601,0.006834693718701601,0,True
chb08,chb08_14.edf,chb08|chb08_14.edf|001798,rms_amplitude,9.5676325145177543e-05,9.5676325145177543e-05,0,True
chb08,chb08_14.edf,chb08|chb08_14.edf|001798,variance,9.4827017349530252e-09,9.4827017349530252e-09,0,True
chb08,chb08_14.edf,chb08|chb08_14.edf|001798,zero_crossing_rate,0.030406605113636364,0.030406605113636364,0,True
chb08,chb08_14.edf,chb08|chb08_14.edf|001798,skewness,-0.11254137551242654,-0.11254137551242654,0,True
chb08,chb08_14.edf,chb08|chb08_14.edf|001798,kurtosis,0.28628218173980713,0.28628218173980713,0,True
chb08,chb08_20.edf,chb08|chb08_20.edf|000000,bp_delta,1.4987073670160015e-09,1.4987073670160015e-09,0,True
chb08,chb08_20.edf,chb08|chb08_20.edf|000000,rel_bp_delta,0.44568616942198302,0.44568616942198302,0,True
chb08,chb08_20.edf,chb08|chb08_20.edf|000000,bp_theta,2.1219257331933576e-10,2.1219257331933576e-10,0,True
chb08,chb08_20.edf,chb08|chb08_20.edf|000000,rel_bp_theta,0.071221005721868999,0.071221005721868999,0,True
chb08,chb08_20.edf,chb08|chb08_20.edf|000000,bp_alpha,3.0777857249472309e-11,3.0777857249472309e-11,0,True
chb08,chb08_20.edf,chb08|chb08_20.edf|000000,rel_bp_alpha,0.011693788950349931,0.011693788950349931,0,True
chb08,chb08_20.edf,chb08|chb08_20.edf|000000,bp_beta,2.0661126800827062e-11,2.0661126800827062e-11,0,True
chb08,chb08_20.edf,chb08|chb08_20.edf|000000,rel_bp_beta,0.008400429931002951,0.008400429931002951,0,True
chb08,chb08_20.edf,chb08|chb08_20.edf|000000,bp_gamma,6.4033487651238192e-12,6.4033487651238192e-12,0,True
chb08,chb08_20.edf,chb08|chb08_20.edf|000000,rel_bp_gamma,0.0024539728260432429,0.0024539728260432429,0,True
chb08,chb08_20.edf,chb08|chb08_20.edf|000000,spectral_entropy,1.9140926599502563,1.9140926599502563,0,True
chb08,chb08_20.edf,chb08|chb08_20.edf|000000,hjorth_activity,2.1427206675639354e-09,2.1427206675639354e-09,0,True
chb08,chb08_20.edf,chb08|chb08_20.edf|000000,hjorth_mobility,0.11738181859254837,0.11738181859254837,0,True
chb08,chb08_20.edf,chb08|chb08_20.edf|000000,hjorth_complexity,1.9766559600830078,1.9766559600830078,0,True
chb08,chb08_20.edf,chb08|chb08_20.edf|000000,line_length,0.0049941167235374451,0.0049941167235374451,0,True
chb08,chb08_20.edf,chb08|chb08_20.edf|000000,rms_amplitude,4.2199742892989889e-05,4.2199742892989889e-05,0,True
chb08,chb08_20.edf,chb08|chb08_20.edf|000000,variance,2.1427206675639354e-09,2.1427206675639354e-09,0,True
chb08,chb08_20.edf,chb08|chb08_20.edf|000000,zero_crossing_rate,0.0517578125,0.0517578125,0,True
chb08,chb08_20.edf,chb08|chb08_20.edf|000000,skewness,0.03381174633448774,0.03381174633448774,0,True
chb08,chb08_20.edf,chb08|chb08_20.edf|000000,kurtosis,0.56123179197311401,0.56123179197311401,0,True
chb08,chb08_20.edf,chb08|chb08_20.edf|000899,bp_delta,1.6604804222738517e-09,1.6604804222738517e-09,0,True
chb08,chb08_20.edf,chb08|chb08_20.edf|000899,rel_bp_delta,0.36405070599387912,0.36405070599387912,0,True
chb08,chb08_20.edf,chb08|chb08_20.edf|000899,bp_theta,2.5102708560021595e-10,2.5102708560021595e-10,0,True
chb08,chb08_20.edf,chb08|chb08_20.edf|000899,rel_bp_theta,0.063501480622153272,0.063501480622153272,0,True
chb08,chb08_20.edf,chb08|chb08_20.edf|000899,bp_alpha,7.3755139040447559e-11,7.3755139040447559e-11,0,True
chb08,chb08_20.edf,chb08|chb08_20.edf|000899,rel_bp_alpha,0.021619852514556018,0.021619852514556018,0,True
chb08,chb08_20.edf,chb08|chb08_20.edf|000899,bp_beta,1.9389787423281668e-10,1.9389787423281668e-10,0,True
chb08,chb08_20.edf,chb08|chb08_20.edf|000899,rel_bp_beta,0.065430003458157221,0.065430003458157221,0,True
chb08,chb08_20.edf,chb08|chb08_20.edf|000899,bp_gamma,1.8635076283867423e-10,1.8635076283867423e-10,0,True
chb08,chb08_20.edf,chb08|chb08_20.edf|000899,rel_bp_gamma,0.065502776047059105,0.065502776047059105,0,True
chb08,chb08_20.edf,chb08|chb08_20.edf|000899,spectral_entropy,2.711383581161499,2.711383581161499,0,True
chb08,chb08_20.edf,chb08|chb08_20.edf|000899,hjorth_activity,4.3104102509516906e-09,4.3104102509516906e-09,0,True
chb08,chb08_20.edf,chb08|chb08_20.edf|000899,hjorth_mobility,0.26731181144714355,0.26731181144714355,0,True
chb08,chb08_20.edf,chb08|chb08_20.edf|000899,hjorth_complexity,2.3585824966430664,2.3585824966430664,0,True
chb08,chb08_20.edf,chb08|chb08_20.edf|000899,line_length,0.013148646801710129,0.013148646801710129,0,True
chb08,chb08_20.edf,chb08|chb08_20.edf|000899,rms_amplitude,6.2593884649686515e-05,6.2593884649686515e-05,0,True
chb08,chb08_20.edf,chb08|chb08_20.edf|000899,variance,4.3104102509516906e-09,4.3104102509516906e-09,0,True
chb08,chb08_20.edf,chb08|chb08_20.edf|000899,zero_crossing_rate,0.10471413352272728,0.10471413352272728,0,True
chb08,chb08_20.edf,chb08|chb08_20.edf|000899,skewness,-0.12130344049497084,-0.12130344049497084,0,True
chb08,chb08_20.edf,chb08|chb08_20.edf|000899,kurtosis,0.86046600341796875,0.86046600341796875,0,True
chb08,chb08_20.edf,chb08|chb08_20.edf|001798,bp_delta,8.4937487299223272e-10,8.4937487299223272e-10,0,True
chb08,chb08_20.edf,chb08|chb08_20.edf|001798,rel_bp_delta,0.26939730706904902,0.26939730706904902,0,True
chb08,chb08_20.edf,chb08|chb08_20.edf|001798,bp_theta,1.8026081367403878e-10,1.8026081367403878e-10,0,True
chb08,chb08_20.edf,chb08|chb08_20.edf|001798,rel_bp_theta,0.059574744686517446,0.059574744686517446,0,True
chb08,chb08_20.edf,chb08|chb08_20.edf|001798,bp_alpha,1.01194979848972e-10,1.01194979848972e-10,0,True
chb08,chb08_20.edf,chb08|chb08_20.edf|001798,rel_bp_alpha,0.024995206352297749,0.024995206352297749,0,True
chb08,chb08_20.edf,chb08|chb08_20.edf|001798,bp_beta,7.7962726886738611e-10,7.7962726886738611e-10,0,True
chb08,chb08_20.edf,chb08|chb08_20.edf|001798,rel_bp_beta,0.14501632632459452,0.14501632632459452,0,True
chb08,chb08_20.edf,chb08|chb08_20.edf|001798,bp_gamma,8.3108248103811578e-10,8.3108248103811578e-10,0,True
chb08,chb08_20.edf,chb08|chb08_20.edf|001798,rel_bp_gamma,0.15553127688877522,0.15553127688877522,0,True
chb08,chb08_20.edf,chb08|chb08_20.edf|001798,spectral_entropy,3.4990079402923584,3.4990079402923584,0,True
chb08,chb08_20.edf,chb08|chb08_20.edf|001798,hjorth_activity,4.2660839305597165e-09,4.2660839305597165e-09,0,True
chb08,chb08_20.edf,chb08|chb08_20.edf|001798,hjorth_mobility,0.4132457971572876,0.4132457971572876,0,True
chb08,chb08_20.edf,chb08|chb08_20.edf|001798,hjorth_complexity,1.8497607707977295,1.8497607707977295,0,True
chb08,chb08_20.edf,chb08|chb08_20.edf|001798,line_length,0.02531719021499157,0.02531719021499157,0,True
chb08,chb08_20.edf,chb08|chb08_20.edf|001798,rms_amplitude,6.3093881180975586e-05,6.3093881180975586e-05,0,True
chb08,chb08_20.edf,chb08|chb08_20.edf|001798,variance,4.2660839305597165e-09,4.2660839305597165e-09,0,True
chb08,chb08_20.edf,chb08|chb08_20.edf|001798,zero_crossing_rate,0.14288884943181818,0.14288884943181818,0,True
chb08,chb08_20.edf,chb08|chb08_20.edf|001798,skewness,0.057001544363712048,0.057001544363712048,0,True
chb08,chb08_20.edf,chb08|chb08_20.edf|001798,kurtosis,0.6790655255317688,0.6790655255317688,0,True
chb08,chb08_21.edf,chb08|chb08_21.edf|000000,bp_delta,4.5063686532342828e-09,4.5063686532342828e-09,0,True
chb08,chb08_21.edf,chb08|chb08_21.edf|000000,rel_bp_delta,0.49659959435851153,0.49659959435851153,0,True
chb08,chb08_21.edf,chb08|chb08_21.edf|000000,bp_theta,6.5430838394955892e-10,6.5430838394955892e-10,0,True
chb08,chb08_21.edf,chb08|chb08_21.edf|000000,rel_bp_theta,0.085536937994171974,0.085536937994171974,0,True
chb08,chb08_21.edf,chb08|chb08_21.edf|000000,bp_alpha,1.8162175003369978e-10,1.8162175003369978e-10,0,True
chb08,chb08_21.edf,chb08|chb08_21.edf|000000,rel_bp_alpha,0.021649646061879749,0.021649646061879749,0,True
chb08,chb08_21.edf,chb08|chb08_21.edf|000000,bp_beta,1.0786580212372862e-09,1.0786580212372862e-09,0,True
chb08,chb08_21.edf,chb08|chb08_21.edf|000000,rel_bp_beta,0.090642374420752278,0.090642374420752278,0,True
chb08,chb08_21.edf,chb08|chb08_21.edf|000000,bp_gamma,1.9361961498048412e-09,1.9361961498048412e-09,0,True
chb08,chb08_21.edf,chb08|chb08_21.edf|000000,rel_bp_gamma,0.15709661887220541,0.15709661887220541,0,True
chb08,chb08_21.edf,chb08|chb08_21.edf|000000,spectral_entropy,3.592623233795166,3.592623233795166,0,True
chb08,chb08_21.edf,chb08|chb08_21.edf|000000,hjorth_activity,1.4584096597047846e-08,1.4584096597047846e-08,0,True
chb08,chb08_21.edf,chb08|chb08_21.edf|000000,hjorth_mobility,0.37664958834648132,0.37664958834648132,0,True
chb08,chb08_21.edf,chb08|chb08_21.edf|000000,hjorth_complexity,2.6566317081451416,2.6566317081451416,0,True
chb08,chb08_21.edf,chb08|chb08_21.edf|000000,line_length,0.036331310868263245,0.036331310868263245,0,True
chb08,chb08_21.edf,chb08|chb08_21.edf|000000,rms_amplitude,0.00011481939145596698,0.00011481939145596698,0,True
chb08,chb08_21.edf,chb08|chb08_21.edf|000000,variance,1.4584096597047846e-08,1.4584096597047846e-08,0,True
chb08,chb08_21.edf,chb08|chb08_21.edf|000000,zero_crossing_rate,0.12903941761363635,0.12903941761363635,0,True
chb08,chb08_21.edf,chb08|chb08_21.edf|000000,skewness,0.048405264419588173,0.048405264419588173,0,True
chb08,chb08_21.edf,chb08|chb08_21.edf|000000,kurtosis,0.84094864130020142,0.84094864130020142,0,True
chb08,chb08_21.edf,chb08|chb08_21.edf|000899,bp_delta,6.3135995973593521e-10,6.3135995973593521e-10,0,True
chb08,chb08_21.edf,chb08|chb08_21.edf|000899,rel_bp_delta,0.24897523056804866,0.24897523056804866,0,True
chb08,chb08_21.edf,chb08|chb08_21.edf|000899,bp_theta,2.2426226684166652e-10,2.2426226684166652e-10,0,True
chb08,chb08_21.edf,chb08|chb08_21.edf|000899,rel_bp_theta,0.091870250680812227,0.091870250680812227,0,True
chb08,chb08_21.edf,chb08|chb08_21.edf|000899,bp_alpha,6.765245747999087e-11,6.765245747999087e-11,0,True
chb08,chb08_21.edf,chb08|chb08_21.edf|000899,rel_bp_alpha,0.023647396269324553,0.023647396269324553,0,True
chb08,chb08_21.edf,chb08|chb08_21.edf|000899,bp_beta,4.0038049288422078e-10,4.0038049288422078e-10,0,True
chb08,chb08_21.edf,chb08|chb08_21.edf|000899,rel_bp_beta,0.12586653488939509,0.12586653488939509,0,True
chb08,chb08_21.edf,chb08|chb08_21.edf|000899,bp_gamma,2.8530187525937465e-10,2.8530187525937465e-10,0,True
chb08,chb08_21.edf,chb08|chb08_21.edf|000899,rel_bp_gamma,0.090957934690489003,0.090957934690489003,0,True
chb08,chb08_21.edf,chb08|chb08_21.edf|000899,spectral_entropy,3.0886352062225342,3.0886352062225342,0,True
chb08,chb08_21.edf,chb08|chb08_21.edf|000899,hjorth_activity,2.1167494423934841e-09,2.1167494423934841e-09,0,True
chb08,chb08_21.edf,chb08|chb08_21.edf|000899,hjorth_mobility,0.31428077816963196,0.31428077816963196,0,True
chb08,chb08_21.edf,chb08|chb08_21.edf|000899,hjorth_complexity,1.5934383869171143,1.5934383869171143,0,True
chb08,chb08_21.edf,chb08|chb08_21.edf|000899,line_length,0.014550071209669113,0.014550071209669113,0,True
chb08,chb08_21.edf,chb08|chb08_21.edf|000899,rms_amplitude,4.523461393546313e-05,4.523461393546313e-05,0,True
chb08,chb08_21.edf,chb08|chb08_21.edf|000899,variance,2.1167494423934841e-09,2.1167494423934841e-09,0,True
chb08,chb08_21.edf,chb08|chb08_21.edf|000899,zero_crossing_rate,0.13041548295454544,0.13041548295454544,0,True
chb08,chb08_21.edf,chb08|chb08_21.edf|000899,skewness,-0.3644387551837347,-0.3644387551837347,0,True
chb08,chb08_21.edf,chb08|chb08_21.edf|000899,kurtosis,1.2112263441085815,1.2112263441085815,0,True
chb08,chb08_21.edf,chb08|chb08_21.edf|001798,bp_delta,5.1231436982548701e-10,5.1231436982548701e-10,0,True
chb08,chb08_21.edf,chb08|chb08_21.edf|001798,rel_bp_delta,0.21997255184511377,0.21997255184511377,0,True
chb08,chb08_21.edf,chb08|chb08_21.edf|001798,bp_theta,1.4793960651883172e-10,1.4793960651883172e-10,0,True
chb08,chb08_21.edf,chb08|chb08_21.edf|001798,rel_bp_theta,0.065059666386387674,0.065059666386387674,0,True
chb08,chb08_21.edf,chb08|chb08_21.edf|001798,bp_alpha,4.2865564376930807e-11,4.2865564376930807e-11,0,True
chb08,chb08_21.edf,chb08|chb08_21.edf|001798,rel_bp_alpha,0.01797220170167961,0.01797220170167961,0,True
chb08,chb08_21.edf,chb08|chb08_21.edf|001798,bp_beta,3.369056657657563e-10,3.369056657657563e-10,0,True
chb08,chb08_21.edf,chb08|chb08_21.edf|001798,rel_bp_beta,0.10936603598554878,0.10936603598554878,0,True
chb08,chb08_21.edf,chb08|chb08_21.edf|001798,bp_gamma,3.2025364982929725e-10,3.2025364982929725e-10,0,True
chb08,chb08_21.edf,chb08|chb08_21.edf|001798,rel_bp_gamma,0.09839019295209496,0.09839019295209496,0,True
chb08,chb08_21.edf,chb08|chb08_21.edf|001798,spectral_entropy,2.8936707973480225,2.8936707973480225,0,True
chb08,chb08_21.edf,chb08|chb08_21.edf|001798,hjorth_activity,1.7691796916352587e-09,1.7691796916352587e-09,0,True
chb08,chb08_21.edf,chb08|chb08_21.edf|001798,hjorth_mobility,0.33455470204353333,0.33455470204353333,0,True
chb08,chb08_21.edf,chb08|chb08_21.edf|001798,hjorth_complexity,1.4994648694992065,1.4994648694992065,0,True
chb08,chb08_21.edf,chb08|chb08_21.edf|001798,line_length,0.015100437216460705,0.015100437216460705,0,True
chb08,chb08_21.edf,chb08|chb08_21.edf|001798,rms_amplitude,3.94903399865143e-05,3.94903399865143e-05,0,True
chb08,chb08_21.edf,chb08|chb08_21.edf|001798,variance,1.7691796916352587e-09,1.7691796916352587e-09,0,True
chb08,chb08_21.edf,chb08|chb08_21.edf|001798,zero_crossing_rate,0.14169034090909091,0.14169034090909091,0,True
chb08,chb08_21.edf,chb08|chb08_21.edf|001798,skewness,0.048246544129638511,0.048246544129638511,0,True
chb08,chb08_21.edf,chb08|chb08_21.edf|001798,kurtosis,0.40335100889205933,0.40335100889205933,0,True
chb08,chb08_22.edf,chb08|chb08_22.edf|000000,bp_delta,1.1778121294715601e-09,1.1778121294715601e-09,0,True
chb08,chb08_22.edf,chb08|chb08_22.edf|000000,rel_bp_delta,0.34192735507153027,0.34192735507153027,0,True
chb08,chb08_22.edf,chb08|chb08_22.edf|000000,bp_theta,2.7853749249071908e-10,2.7853749249071908e-10,0,True
chb08,chb08_22.edf,chb08|chb08_22.edf|000000,rel_bp_theta,0.090735247358425961,0.090735247358425961,0,True
chb08,chb08_22.edf,chb08|chb08_22.edf|000000,bp_alpha,7.5045136051962852e-11,7.5045136051962852e-11,0,True
chb08,chb08_22.edf,chb08|chb08_22.edf|000000,rel_bp_alpha,0.020927001682293365,0.020927001682293365,0,True
chb08,chb08_22.edf,chb08|chb08_22.edf|000000,bp_beta,4.9436177752447787e-10,4.9436177752447787e-10,0,True
chb08,chb08_22.edf,chb08|chb08_22.edf|000000,rel_bp_beta,0.1107917692632881,0.1107917692632881,0,True
chb08,chb08_22.edf,chb08|chb08_22.edf|000000,bp_gamma,3.3370594515412625e-10,3.3370594515412625e-10,0,True
chb08,chb08_22.edf,chb08|chb08_22.edf|000000,rel_bp_gamma,0.073689691547783029,0.073689691547783029,0,True
chb08,chb08_22.edf,chb08|chb08_22.edf|000000,spectral_entropy,3.0802032947540283,3.0802032947540283,0,True
chb08,chb08_22.edf,chb08|chb08_22.edf|000000,hjorth_activity,3.449899477203644e-09,3.449899477203644e-09,0,True
chb08,chb08_22.edf,chb08|chb08_22.edf|000000,hjorth_mobility,0.30733969807624817,0.30733969807624817,0,True
chb08,chb08_22.edf,chb08|chb08_22.edf|000000,hjorth_complexity,1.8467715978622437,1.8467715978622437,0,True
chb08,chb08_22.edf,chb08|chb08_22.edf|000000,line_length,0.016960408538579941,0.016960408538579941,0,True
chb08,chb08_22.edf,chb08|chb08_22.edf|000000,rms_amplitude,5.6398836022708565e-05,5.6398836022708565e-05,0,True
chb08,chb08_22.edf,chb08|chb08_22.edf|000000,variance,3.449899477203644e-09,3.449899477203644e-09,0,True
chb08,chb08_22.edf,chb08|chb08_22.edf|000000,zero_crossing_rate,0.13427734375,0.13427734375,0,True
chb08,chb08_22.edf,chb08|chb08_22.edf|000000,skewness,0.31080759833143518,0.31080759833143518,0,True
chb08,chb08_22.edf,chb08|chb08_22.edf|000000,kurtosis,2.240868091583252,2.240868091583252,0,True
chb08,chb08_22.edf,chb08|chb08_22.edf|000899,bp_delta,4.0837800174326425e-09,4.0837800174326425e-09,0,True
chb08,chb08_22.edf,chb08|chb08_22.edf|000899,rel_bp_delta,0.63864664125646098,0.63864664125646098,0,True
chb08,chb08_22.edf,chb08|chb08_22.edf|000899,bp_theta,4.6482623731772509e-10,4.6482623731772509e-10,0,True
chb08,chb08_22.edf,chb08|chb08_22.edf|000899,rel_bp_theta,0.083829059542827114,0.083829059542827114,0,True
chb08,chb08_22.edf,chb08|chb08_22.edf|000899,bp_alpha,6.0472045063981138e-11,6.0472045063981138e-11,0,True
chb08,chb08_22.edf,chb08|chb08_22.edf|000899,rel_bp_alpha,0.011902856241933558,0.011902856241933558,0,True
chb08,chb08_22.edf,chb08|chb08_22.edf|000899,bp_beta,2.6330931801510964e-11,2.6330931801510964e-11,0,True
chb08,chb08_22.edf,chb08|chb08_22.edf|000899,rel_bp_beta,0.0056425983162827764,0.0056425983162827764,0,True
chb08,chb08_22.edf,chb08|chb08_22.edf|000899,bp_gamma,5.3263513720709379e-12,5.3263513720709379e-12,0,True
chb08,chb08_22.edf,chb08|chb08_22.edf|000899,rel_bp_gamma,0.0012997076465523943,0.0012997076465523943,0,True
chb08,chb08_22.edf,chb08|chb08_22.edf|000899,spectral_entropy,2.1312766075134277,2.1312766075134277,0,True
chb08,chb08_22.edf,chb08|chb08_22.edf|000899,hjorth_activity,6.76825795409286e-09,6.76825795409286e-09,0,True
chb08,chb08_22.edf,chb08|chb08_22.edf|000899,hjorth_mobility,0.076647661626338959,0.076647661626338959,0,True
chb08,chb08_22.edf,chb08|chb08_22.edf|000899,hjorth_complexity,1.9403328895568848,1.9403328895568848,0,True
chb08,chb08_22.edf,chb08|chb08_22.edf|000899,line_length,0.004829303827136755,0.004829303827136755,0,True
chb08,chb08_22.edf,chb08|chb08_22.edf|000899,rms_amplitude,7.4909126851707697e-05,7.4909126851707697e-05,0,True
chb08,chb08_22.edf,chb08|chb08_22.edf|000899,variance,6.76825795409286e-09,6.76825795409286e-09,0,True
chb08,chb08_22.edf,chb08|chb08_22.edf|000899,zero_crossing_rate,0.026633522727272728,0.026633522727272728,0,True
chb08,chb08_22.edf,chb08|chb08_22.edf|000899,skewness,0.0099140483547340737,0.0099140483547340737,0,True
chb08,chb08_22.edf,chb08|chb08_22.edf|000899,kurtosis,0.30850774049758911,0.30850774049758911,0,True
chb08,chb08_22.edf,chb08|chb08_22.edf|001798,bp_delta,5.5353266263531838e-09,5.5353266263531838e-09,0,True
chb08,chb08_22.edf,chb08|chb08_22.edf|001798,rel_bp_delta,0.58360480422388961,0.58360480422388961,0,True
chb08,chb08_22.edf,chb08|chb08_22.edf|001798,bp_theta,7.7753643324199317e-10,7.7753643324199317e-10,0,True
chb08,chb08_22.edf,chb08|chb08_22.edf|001798,rel_bp_theta,0.11629246663886575,0.11629246663886575,0,True
chb08,chb08_22.edf,chb08|chb08_22.edf|001798,bp_alpha,2.1448010706387309e-10,2.1448010706387309e-10,0,True
chb08,chb08_22.edf,chb08|chb08_22.edf|001798,rel_bp_alpha,0.026465512132653655,0.026465512132653655,0,True
chb08,chb08_22.edf,chb08|chb08_22.edf|001798,bp_beta,9.1711049056778689e-11,9.1711049056778689e-11,0,True
chb08,chb08_22.edf,chb08|chb08_22.edf|001798,rel_bp_beta,0.013519941982519053,0.013519941982519053,0,True
chb08,chb08_22.edf,chb08|chb08_22.edf|001798,bp_gamma,7.7520557836020668e-12,7.7520557836020668e-12,0,True
chb08,chb08_22.edf,chb08|chb08_22.edf|001798,rel_bp_gamma,0.0016475301656143158,0.0016475301656143158,0,True
chb08,chb08_22.edf,chb08|chb08_22.edf|001798,spectral_entropy,2.3086340427398682,2.3086340427398682,0,True
chb08,chb08_22.edf,chb08|chb08_22.edf|001798,hjorth_activity,9.0737506397431389e-09,9.0737506397431389e-09,0,True
chb08,chb08_22.edf,chb08|chb08_22.edf|001798,hjorth_mobility,0.089858882129192352,0.089858882129192352,0,True
chb08,chb08_22.edf,chb08|chb08_22.edf|001798,hjorth_complexity,1.9239543676376343,1.9239543676376343,0,True
chb08,chb08_22.edf,chb08|chb08_22.edf|001798,line_length,0.0058335978537797928,0.0058335978537797928,0,True
chb08,chb08_22.edf,chb08|chb08_22.edf|001798,rms_amplitude,8.2968275819439441e-05,8.2968275819439441e-05,0,True
chb08,chb08_22.edf,chb08|chb08_22.edf|001798,variance,9.0737506397431389e-09,9.0737506397431389e-09,0,True
chb08,chb08_22.edf,chb08|chb08_22.edf|001798,zero_crossing_rate,0.03528941761363636,0.03528941761363636,0,True
chb08,chb08_22.edf,chb08|chb08_22.edf|001798,skewness,0.15023079336705533,0.15023079336705533,0,True
chb08,chb08_22.edf,chb08|chb08_22.edf|001798,kurtosis,0.92424184083938599,0.92424184083938599,0,True
chb08,chb08_23.edf,chb08|chb08_23.edf|000000,bp_delta,2.885248757714373e-09,2.885248757714373e-09,0,True
chb08,chb08_23.edf,chb08|chb08_23.edf|000000,rel_bp_delta,0.52007597633221236,0.52007597633221236,0,True
chb08,chb08_23.edf,chb08|chb08_23.edf|000000,bp_theta,7.3332341252900122e-10,7.3332341252900122e-10,0,True
chb08,chb08_23.edf,chb08|chb08_23.edf|000000,rel_bp_theta,0.15324381287531874,0.15324381287531874,0,True
chb08,chb08_23.edf,chb08|chb08_23.edf|000000,bp_alpha,9.1194674099563666e-11,9.1194674099563666e-11,0,True
chb08,chb08_23.edf,chb08|chb08_23.edf|000000,rel_bp_alpha,0.020405768594272657,0.020405768594272657,0,True
chb08,chb08_23.edf,chb08|chb08_23.edf|000000,bp_beta,5.0707800997715653e-11,5.0707800997715653e-11,0,True
chb08,chb08_23.edf,chb08|chb08_23.edf|000000,rel_bp_beta,0.01256035934171636,0.01256035934171636,0,True
chb08,chb08_23.edf,chb08|chb08_23.edf|000000,bp_gamma,6.6011357238690654e-12,6.6011357238690654e-12,0,True
chb08,chb08_23.edf,chb08|chb08_23.edf|000000,rel_bp_gamma,0.0016657873880965601,0.0016657873880965601,0,True
chb08,chb08_23.edf,chb08|chb08_23.edf|000000,spectral_entropy,2.3430941104888916,2.3430941104888916,0,True
chb08,chb08_23.edf,chb08|chb08_23.edf|000000,hjorth_activity,5.8162323846033814e-09,5.8162323846033814e-09,0,True
chb08,chb08_23.edf,chb08|chb08_23.edf|000000,hjorth_mobility,0.094694226980209351,0.094694226980209351,0,True
chb08,chb08_23.edf,chb08|chb08_23.edf|000000,hjorth_complexity,1.9254084825515747,1.9254084825515747,0,True
chb08,chb08_23.edf,chb08|chb08_23.edf|000000,line_length,0.0054186168126761913,0.0054186168126761913,0,True
chb08,chb08_23.edf,chb08|chb08_23.edf|000000,rms_amplitude,7.0770125603303313e-05,7.0770125603303313e-05,0,True
chb08,chb08_23.edf,chb08|chb08_23.edf|000000,variance,5.8162323846033814e-09,5.8162323846033814e-09,0,True
chb08,chb08_23.edf,chb08|chb08_23.edf|000000,zero_crossing_rate,0.038130326704545456,0.038130326704545456,0,True
chb08,chb08_23.edf,chb08|chb08_23.edf|000000,skewness,0.39967667142098601,0.39967667142098601,0,True
chb08,chb08_23.edf,chb08|chb08_23.edf|000000,kurtosis,2.6561734676361084,2.6561734676361084,0,True
chb08,chb08_23.edf,chb08|chb08_23.edf|000899,bp_delta,9.1513248249814781e-10,9.1513248249814781e-10,0,True
chb08,chb08_23.edf,chb08|chb08_23.edf|000899,rel_bp_delta,0.37868511384940895,0.37868511384940895,0,True
chb08,chb08_23.edf,chb08|chb08_23.edf|000899,bp_theta,1.7885064142675701e-10,1.7885064142675701e-10,0,True
chb08,chb08_23.edf,chb08|chb08_23.edf|000899,rel_bp_theta,0.077205430141614836,0.077205430141614836,0,True
chb08,chb08_23.edf,chb08|chb08_23.edf|000899,bp_alpha,2.3273960154157362e-11,2.3273960154157362e-11,0,True
chb08,chb08_23.edf,chb08|chb08_23.edf|000899,rel_bp_alpha,0.011350437573035521,0.011350437573035521,0,True
chb08,chb08_23.edf,chb08|chb08_23.edf|000899,bp_beta,2.1221423731490165e-11,2.1221423731490165e-11,0,True
chb08,chb08_23.edf,chb08|chb08_23.edf|000899,rel_bp_beta,0.010724204109126372,0.010724204109126372,0,True
chb08,chb08_23.edf,chb08|chb08_23.edf|000899,bp_gamma,5.0710843203790112e-12,5.0710843203790112e-12,0,True
chb08,chb08_23.edf,chb08|chb08_23.edf|000899,rel_bp_gamma,0.0023948622240384399,0.0023948622240384399,0,True
chb08,chb08_23.edf,chb08|chb08_23.edf|000899,spectral_entropy,1.8897519111633301,1.8897519111633301,0,True
chb08,chb08_23.edf,chb08|chb08_23.edf|000899,hjorth_activity,1.6651457990235485e-09,1.6651457990235485e-09,0,True
chb08,chb08_23.edf,chb08|chb08_23.edf|000899,hjorth_mobility,0.092567093670368195,0.092567093670368195,0,True
chb08,chb08_23.edf,chb08|chb08_23.edf|000899,hjorth_complexity,1.6055023670196533,1.6055023670196533,0,True
chb08,chb08_23.edf,chb08|chb08_23.edf|000899,line_length,0.0037756017409265041,0.0037756017409265041,0,True
chb08,chb08_23.edf,chb08|chb08_23.edf|000899,rms_amplitude,3.8804268115200102e-05,3.8804268115200102e-05,0,True
chb08,chb08_23.edf,chb08|chb08_23.edf|000899,variance,1.6651457990235485e-09,1.6651457990235485e-09,0,True
chb08,chb08_23.edf,chb08|chb08_23.edf|000899,zero_crossing_rate,0.039772727272727272,0.039772727272727272,0,True
chb08,chb08_23.edf,chb08|chb08_23.edf|000899,skewness,-0.0098059864037416192,-0.0098059864037416192,0,True
chb08,chb08_23.edf,chb08|chb08_23.edf|000899,kurtosis,0.045889768749475479,0.045889768749475479,0,True
chb08,chb08_23.edf,chb08|chb08_23.edf|001798,bp_delta,9.7322249296730428e-10,9.7322249296730428e-10,0,True
chb08,chb08_23.edf,chb08|chb08_23.edf|001798,rel_bp_delta,0.3808615251970951,0.3808615251970951,0,True
chb08,chb08_23.edf,chb08|chb08_23.edf|001798,bp_theta,2.1746995781070808e-10,2.1746995781070808e-10,0,True
chb08,chb08_23.edf,chb08|chb08_23.edf|001798,rel_bp_theta,0.094205242433500258,0.094205242433500258,0,True
chb08,chb08_23.edf,chb08|chb08_23.edf|001798,bp_alpha,3.0030946385939961e-11,3.0030946385939961e-11,0,True
chb08,chb08_23.edf,chb08|chb08_23.edf|001798,rel_bp_alpha,0.013410425312415418,0.013410425312415418,0,True
chb08,chb08_23.edf,chb08|chb08_23.edf|001798,bp_beta,2.1849870805650601e-11,2.1849870805650601e-11,0,True
chb08,chb08_23.edf,chb08|chb08_23.edf|001798,rel_bp_beta,0.010257250864310374,0.010257250864310374,0,True
chb08,chb08_23.edf,chb08|chb08_23.edf|001798,bp_gamma,5.2392647675358048e-12,5.2392647675358048e-12,0,True
chb08,chb08_23.edf,chb08|chb08_23.edf|001798,rel_bp_gamma,0.0024630401984346365,0.0024630401984346365,0,True
chb08,chb08_23.edf,chb08|chb08_23.edf|001798,spectral_entropy,1.978416919708252,1.978416919708252,0,True
chb08,chb08_23.edf,chb08|chb08_23.edf|001798,hjorth_activity,1.9565726816495044e-09,1.9565726816495044e-09,0,True
chb08,chb08_23.edf,chb08|chb08_23.edf|001798,hjorth_mobility,0.095279976725578308,0.095279976725578308,0,True
chb08,chb08_23.edf,chb08|chb08_23.edf|001798,hjorth_complexity,1.6991404294967651,1.6991404294967651,0,True
chb08,chb08_23.edf,chb08|chb08_23.edf|001798,line_length,0.0040551982820034027,0.0040551982820034027,0,True
chb08,chb08_23.edf,chb08|chb08_23.edf|001798,rms_amplitude,4.0969734982354566e-05,4.0969734982354566e-05,0,True
chb08,chb08_23.edf,chb08|chb08_23.edf|001798,variance,1.9565726816495044e-09,1.9565726816495044e-09,0,True
chb08,chb08_23.edf,chb08|chb08_23.edf|001798,zero_crossing_rate,0.044167258522727272,0.044167258522727272,0,True
chb08,chb08_23.edf,chb08|chb08_23.edf|001798,skewness,-0.0030269370498982344,-0.0030269370498982344,0,True
chb08,chb08_23.edf,chb08|chb08_23.edf|001798,kurtosis,0.10486897826194763,0.10486897826194763,0,True
chb08,chb08_24.edf,chb08|chb08_24.edf|000000,bp_delta,9.1617350827067799e-10,9.1617350827067799e-10,0,True
chb08,chb08_24.edf,chb08|chb08_24.edf|000000,rel_bp_delta,0.36813742410036243,0.36813742410036243,0,True
chb08,chb08_24.edf,chb08|chb08_24.edf|000000,bp_theta,2.812378088856073e-10,2.812378088856073e-10,0,True
chb08,chb08_24.edf,chb08|chb08_24.edf|000000,rel_bp_theta,0.11750931381708223,0.11750931381708223,0,True
chb08,chb08_24.edf,chb08|chb08_24.edf|000000,bp_alpha,5.3939859131608506e-11,5.3939859131608506e-11,0,True
chb08,chb08_24.edf,chb08|chb08_24.edf|000000,rel_bp_alpha,0.022927694227456916,0.022927694227456916,0,True
chb08,chb08_24.edf,chb08|chb08_24.edf|000000,bp_beta,2.5990820317304735e-11,2.5990820317304735e-11,0,True
chb08,chb08_24.edf,chb08|chb08_24.edf|000000,rel_bp_beta,0.011795943202068311,0.011795943202068311,0,True
chb08,chb08_24.edf,chb08|chb08_24.edf|000000,bp_gamma,5.8151575928908611e-12,5.8151575928908611e-12,0,True
chb08,chb08_24.edf,chb08|chb08_24.edf|000000,rel_bp_gamma,0.0025970877525053416,0.0025970877525053416,0,True
chb08,chb08_24.edf,chb08|chb08_24.edf|000000,spectral_entropy,2.1300866603851318,2.1300866603851318,0,True
chb08,chb08_24.edf,chb08|chb08_24.edf|000000,hjorth_activity,1.8651524769097705e-09,1.8651524769097705e-09,0,True
chb08,chb08_24.edf,chb08|chb08_24.edf|000000,hjorth_mobility,0.11086361110210419,0.11086361110210419,0,True
chb08,chb08_24.edf,chb08|chb08_24.edf|000000,hjorth_complexity,1.5577373504638672,1.5577373504638672,0,True
chb08,chb08_24.edf,chb08|chb08_24.edf|000000,line_length,0.0043468889780342579,0.0043468889780342579,0,True
chb08,chb08_24.edf,chb08|chb08_24.edf|000000,rms_amplitude,4.1843330109259114e-05,4.1843330109259114e-05,0,True
chb08,chb08_24.edf,chb08|chb08_24.edf|000000,variance,1.8651524769097705e-09,1.8651524769097705e-09,0,True
chb08,chb08_24.edf,chb08|chb08_24.edf|000000,zero_crossing_rate,0.046120383522727272,0.046120383522727272,0,True
chb08,chb08_24.edf,chb08|chb08_24.edf|000000,skewness,0.0794390697370876,0.0794390697370876,0,True
chb08,chb08_24.edf,chb08|chb08_24.edf|000000,kurtosis,0.74235838651657104,0.74235838651657104,0,True
chb08,chb08_24.edf,chb08|chb08_24.edf|000899,bp_delta,2.8777769381497938e-09,2.8777769381497938e-09,0,True
chb08,chb08_24.edf,chb08|chb08_24.edf|000899,rel_bp_delta,0.4490389660808049,0.4490389660808049,0,True
chb08,chb08_24.edf,chb08|chb08_24.edf|000899,bp_theta,5.4210812042817071e-10,5.4210812042817071e-10,0,True
chb08,chb08_24.edf,chb08|chb08_24.edf|000899,rel_bp_theta,0.10512515434270449,0.10512515434270449,0,True
chb08,chb08_24.edf,chb08|chb08_24.edf|000899,bp_alpha,1.033763348459758e-10,1.033763348459758e-10,0,True
chb08,chb08_24.edf,chb08|chb08_24.edf|000899,rel_bp_alpha,0.017433686437782422,0.017433686437782422,0,True
chb08,chb08_24.edf,chb08|chb08_24.edf|000899,bp_beta,5.7197338476097399e-10,5.7197338476097399e-10,0,True
chb08,chb08_24.edf,chb08|chb08_24.edf|000899,rel_bp_beta,0.094686429645641168,0.094686429645641168,0,True
chb08,chb08_24.edf,chb08|chb08_24.edf|000899,bp_gamma,6.8676403013480684e-10,6.8676403013480684e-10,0,True
chb08,chb08_24.edf,chb08|chb08_24.edf|000899,rel_bp_gamma,0.11308920910828983,0.11308920910828983,0,True
chb08,chb08_24.edf,chb08|chb08_24.edf|000899,spectral_entropy,3.344036340713501,3.344036340713501,0,True
chb08,chb08_24.edf,chb08|chb08_24.edf|000899,hjorth_activity,6.047801370812067e-09,6.047801370812067e-09,0,True
chb08,chb08_24.edf,chb08|chb08_24.edf|000899,hjorth_mobility,0.33860728144645691,0.33860728144645691,0,True
chb08,chb08_24.edf,chb08|chb08_24.edf|000899,hjorth_complexity,2.1814572811126709,2.1814572811126709,0,True
chb08,chb08_24.edf,chb08|chb08_24.edf|000899,line_length,0.021523773670196533,0.021523773670196533,0,True
chb08,chb08_24.edf,chb08|chb08_24.edf|000899,rms_amplitude,7.5047224527224898e-05,7.5047224527224898e-05,0,True
chb08,chb08_24.edf,chb08|chb08_24.edf|000899,variance,6.047801370812067e-09,6.047801370812067e-09,0,True
chb08,chb08_24.edf,chb08|chb08_24.edf|000899,zero_crossing_rate,0.13250177556818182,0.13250177556818182,0,True
chb08,chb08_24.edf,chb08|chb08_24.edf|000899,skewness,-0.28157560696656053,-0.28157560696656053,0,True
chb08,chb08_24.edf,chb08|chb08_24.edf|000899,kurtosis,1.6928870677947998,1.6928870677947998,0,True
chb08,chb08_24.edf,chb08|chb08_24.edf|001798,bp_delta,1.7256142726861481e-09,1.7256142726861481e-09,0,True
chb08,chb08_24.edf,chb08|chb08_24.edf|001798,rel_bp_delta,0.37552976561912604,0.37552976561912604,0,True
chb08,chb08_24.edf,chb08|chb08_24.edf|001798,bp_theta,3.4259449156212092e-10,3.4259449156212092e-10,0,True
chb08,chb08_24.edf,chb08|chb08_24.edf|001798,rel_bp_theta,0.072680721228520886,0.072680721228520886,0,True
chb08,chb08_24.edf,chb08|chb08_24.edf|001798,bp_alpha,1.0050662039233651e-10,1.0050662039233651e-10,0,True
chb08,chb08_24.edf,chb08|chb08_24.edf|001798,rel_bp_alpha,0.020475381069201111,0.020475381069201111,0,True
chb08,chb08_24.edf,chb08|chb08_24.edf|001798,bp_beta,7.8524653299159278e-10,7.8524653299159278e-10,0,True
chb08,chb08_24.edf,chb08|chb08_24.edf|001798,rel_bp_beta,0.1319795883236683,0.1319795883236683,0,True
chb08,chb08_24.edf,chb08|chb08_24.edf|001798,bp_gamma,6.7741615715426055e-10,6.7741615715426055e-10,0,True
chb08,chb08_24.edf,chb08|chb08_24.edf|001798,rel_bp_gamma,0.11400886532414761,0.11400886532414761,0,True
chb08,chb08_24.edf,chb08|chb08_24.edf|001798,spectral_entropy,3.4645912647247314,3.4645912647247314,0,True
chb08,chb08_24.edf,chb08|chb08_24.edf|001798,hjorth_activity,5.0272102036785782e-09,5.0272102036785782e-09,0,True
chb08,chb08_24.edf,chb08|chb08_24.edf|001798,hjorth_mobility,0.40510872006416321,0.40510872006416321,0,True
chb08,chb08_24.edf,chb08|chb08_24.edf|001798,hjorth_complexity,2.0854628086090088,2.0854628086090088,0,True
chb08,chb08_24.edf,chb08|chb08_24.edf|001798,line_length,0.022788017988204956,0.022788017988204956,0,True
chb08,chb08_24.edf,chb08|chb08_24.edf|001798,rms_amplitude,6.7132670665159822e-05,6.7132670665159822e-05,0,True
chb08,chb08_24.edf,chb08|chb08_24.edf|001798,variance,5.0272102036785782e-09,5.0272102036785782e-09,0,True
chb08,chb08_24.edf,chb08|chb08_24.edf|001798,zero_crossing_rate,0.13174715909090909,0.13174715909090909,0,True
chb08,chb08_24.edf,chb08|chb08_24.edf|001798,skewness,-0.23311656357889826,-0.23311656357889826,0,True
chb08,chb08_24.edf,chb08|chb08_24.edf|001798,kurtosis,1.8587914705276489,1.8587914705276489,0,True
