fold,subject,exposure,policy,theta,gamma,hours,edfs,windows,positive_windows,authorized_windows,true_authorized_windows,false_authorized_windows,authorization_fraction,positive_authorization_rate,positive_window_sensitivity,clusters,false_clusters,clusters_per_hour,false_clusters_per_hour,false_windows_per_hour,authorized_support_seconds,authorized_support_fraction,at_risk_hours,false_clusters_per_nonrisk_hour,center_events,center_pre,center_post,center_missed,center_coverage,center_pre_fraction,center_post_fraction,center_missed_fraction,center_median_lead,center_median_latency,center_pre_among_covered,end_events,end_pre,end_post,end_missed,end_coverage,end_pre_fraction,end_post_fraction,end_missed_fraction,end_median_lead,end_median_latency,end_pre_among_covered
loso_chb01,chb01,original,Raw threshold,0.1,,18.552222222222223,20,33373,1276,29036,1131,27905,0.8700446468702244,0.038951646232263396,0.8863636363636364,788,753,42.4746960531832,40.588129604120496,1504.132478888423,62300.0,0.9328022998143379,17.846111111111114,42.19406655667278,7,7,0,0,1.0,1.0,0.0,0.0,300.0,-300.0,1.0,7,7,0,0,1.0,1.0,0.0,0.0,299.0,-299.0,1.0
loso_chb01,chb01,original,Raw persistence,0.1,,18.552222222222223,20,33373,1276,26922,1036,25886,0.8067000269679082,0.03848153926157046,0.8119122257053292,1744,1655,94.00491106186739,89.20764209139365,1395.3045457267772,57332.0,0.8584176798227227,17.846111111111114,92.73729103757431,7,7,0,0,1.0,1.0,0.0,0.0,299.0,-299.0,1.0,7,7,0,0,1.0,1.0,0.0,0.0,299.0,-299.0,1.0
loso_chb01,chb01,original,Isotonic full,0.1,0.4,18.552222222222223,20,33373,1276,33,33,0,0.0009888233002726754,1.0,0.02586206896551724,10,0,0.5390189854464874,0.0,0.0,86.0,0.0012876564652332754,17.846111111111114,0.0,7,0,6,1,0.8571428571428571,0.0,0.8571428571428571,0.14285714285714285,-33.0,33.0,0.0,7,0,6,1,0.8571428571428571,0.0,0.8571428571428571,0.14285714285714285,-35.0,35.0,0.0
loso_chb01,chb01,original,Raw threshold,0.2,,18.552222222222223,20,33373,1276,21288,824,20464,0.6378809217031732,0.038707252912438934,0.64576802507837,2232,2121,120.30903755165598,114.32592681319997,1103.0484518176918,50998.0,0.7635802838833323,17.846111111111114,118.84942253214206,7,7,0,0,1.0,1.0,0.0,0.0,298.0,-298.0,1.0,7,7,0,0,1.0,1.0,0.0,0.0,297.0,-297.0,1.0
loso_chb01,chb01,original,Raw persistence,0.2,,18.552222222222223,20,33373,1276,17077,634,16443,0.5117010757198933,0.037125958892077066,0.49686520376175547,2901,2790,156.369407678026,150.38629693956997,886.3089177696592,39956.0,0.598251182847218,17.846111111111114,156.33658126575972,7,7,0,0,1.0,1.0,0.0,0.0,295.0,-295.0,1.0,7,7,0,0,1.0,1.0,0.0,0.0,294.0,-294.0,1.0
loso_chb01,chb01,original,Isotonic full,0.2,0.4,18.552222222222223,20,33373,1276,25,25,0,0.0007491085608126329,1.0,0.019592476489028215,11,0,0.5929208839911361,0.0,0.0,72.0,0.0010780379708929747,17.846111111111114,0.0,7,0,6,1,0.8571428571428571,0.0,0.8571428571428571,0.14285714285714285,-33.0,33.0,0.0,7,0,6,1,0.8571428571428571,0.0,0.8571428571428571,0.14285714285714285,-35.0,35.0,0.0
loso_chb01,chb01,original,Raw threshold,0.3,,18.552222222222223,20,33373,1276,15019,596,14423,0.4500344589937974,0.03968306811372262,0.4670846394984326,2839,2723,153.02748996825775,146.77486973707852,777.4270827094688,39352.0,0.5892076420913936,17.846111111111114,152.58226193070382,7,7,0,0,1.0,1.0,0.0,0.0,297.0,-297.0,1.0,7,7,0,0,1.0,1.0,0.0,0.0,296.0,-296.0,1.0
loso_chb01,chb01,original,Raw persistence,0.3,,18.552222222222223,20,33373,1276,10362,425,9937,0.31049051628562013,0.04101524802161745,0.3330721003134796,2822,2728,152.11115769299875,147.04437922980176,535.6231658381745,26368.0,0.39480146134036054,17.846111111111114,152.8624350154095,7,7,0,0,1.0,1.0,0.0,0.0,287.0,-287.0,1.0,7,7,0,0,1.0,1.0,0.0,0.0,285.0,-285.0,1.0
loso_chb01,chb01,original,Isotonic full,0.3,0.4,18.552222222222223,20,33373,1276,24,24,0,0.0007191442183801277,1.0,0.018808777429467086,11,0,0.5929208839911361,0.0,0.0,70.0,0.0010480924717015032,17.846111111111114,0.0,7,0,6,1,0.8571428571428571,0.0,0.8571428571428571,0.14285714285714285,-33.0,33.0,0.0,7,0,6,1,0.8571428571428571,0.0,0.8571428571428571,0.14285714285714285,-35.0,35.0,0.0
loso_chb01,chb01,original,Raw threshold,0.4,,18.552222222222223,20,33373,1276,9647,442,9205,0.28906601144637883,0.04581735254483259,0.3463949843260188,2949,2848,158.95669880816914,153.5126070551596,496.1669761034916,27658.0,0.41411630831885965,17.846111111111114,159.5865890483454,7,7,0,0,1.0,1.0,0.0,0.0,285.0,-285.0,1.0,7,7,0,0,1.0,1.0,0.0,0.0,283.0,-283.0,1.0
loso_chb01,chb01,original,Raw persistence,0.4,,18.552222222222223,20,33373,1276,5465,305,5160,0.16375513139364156,0.055809698078682524,0.2390282131661442,2087,2023,112.49326226268191,109.0435407558244,278.13379649038745,15104.0,0.22614840989399293,17.846111111111114,113.35803007191107,7,7,0,0,1.0,1.0,0.0,0.0,224.0,-224.0,1.0,7,7,0,0,1.0,1.0,0.0,0.0,222.0,-222.0,1.0
loso_chb01,chb01,original,Isotonic full,0.4,0.4,18.552222222222223,20,33373,1276,24,24,0,0.0007191442183801277,1.0,0.018808777429467086,11,0,0.5929208839911361,0.0,0.0,70.0,0.0010480924717015032,17.846111111111114,0.0,7,0,6,1,0.8571428571428571,0.0,0.8571428571428571,0.14285714285714285,-33.0,33.0,0.0,7,0,6,1,0.8571428571428571,0.0,0.8571428571428571,0.14285714285714285,-35.0,35.0,0.0
loso_chb01,chb01,original,Raw threshold,0.5,,18.552222222222223,20,33373,1276,5308,299,5009,0.15905072963173822,0.05633006782215524,0.23432601880877743,2376,2295,128.0709109420854,123.70485715996885,269.9946098101455,16486.0,0.24684074983529974,17.846111111111114,128.59944587989912,7,7,0,0,1.0,1.0,0.0,0.0,246.0,-246.0,1.0,7,7,0,0,1.0,1.0,0.0,0.0,244.0,-244.0,1.0
loso_chb01,chb01,original,Raw persistence,0.5,,18.552222222222223,20,33373,1276,2373,197,2176,0.07110538459233512,0.08301727770754319,0.15438871473354232,1133,1091,61.07085105108702,58.80697131221177,117.29053123315565,7012.0,0.10498892016529915,17.846111111111114,61.13376708277557,7,6,1,0,1.0,0.8571428571428571,0.14285714285714285,0.0,193.0,-193.0,0.8571428571428571,7,6,1,0,1.0,0.8571428571428571,0.14285714285714285,0.0,191.0,-191.0,0.8571428571428571
loso_chb01,chb01,original,Isotonic full,0.5,0.4,18.552222222222223,20,33373,1276,21,21,0,0.0006292511910826117,1.0,0.016457680250783698,10,0,0.5390189854464874,0.0,0.0,62.0,0.0009283104749356172,17.846111111111114,0.0,7,0,5,2,0.7142857142857143,0.0,0.7142857142857143,0.2857142857142857,-30.0,30.0,0.0,7,0,5,2,0.7142857142857143,0.0,0.7142857142857143,0.2857142857142857,-32.0,32.0,0.0
loso_chb01,chb01,original,Raw threshold,0.6,,18.552222222222223,20,33373,1276,2657,216,2441,0.07961525784316663,0.08129469326307866,0.16927899686520376,1412,1356,76.10948074504401,73.09097442654368,131.57453434748757,8522.0,0.12759777205486014,17.846111111111114,75.98294057217569,7,7,0,0,1.0,1.0,0.0,0.0,195.0,-195.0,1.0,7,7,0,0,1.0,1.0,0.0,0.0,193.0,-193.0,1.0
loso_chb01,chb01,original,Raw persistence,0.6,,18.552222222222223,20,33373,1276,1053,146,907,0.0315524525814281,0.13865147198480532,0.11442006269592477,511,480,27.543870156315503,25.872911301431394,48.88902197999641,3128.0,0.04683476073546146,17.846111111111114,26.896616131743606,7,4,3,0,1.0,0.5714285714285714,0.42857142857142855,0.0,74.0,-74.0,0.5714285714285714,7,4,3,0,1.0,0.5714285714285714,0.42857142857142855,0.0,72.0,-72.0,0.5714285714285714
loso_chb01,chb01,original,Isotonic full,0.6,0.4,18.552222222222223,20,33373,1276,18,18,0,0.0005393581637850957,1.0,0.014106583072100314,8,0,0.4312151883571899,0.0,0.0,52.0,0.0007785829789782596,17.846111111111114,0.0,7,0,5,2,0.7142857142857143,0.0,0.7142857142857143,0.2857142857142857,-32.0,32.0,0.0,7,0,5,2,0.7142857142857143,0.0,0.7142857142857143,0.2857142857142857,-34.0,34.0,0.0
loso_chb01,chb01,original,Raw threshold,0.7,,18.552222222222223,20,33373,1276,1311,164,1147,0.039283252929014474,0.12509534706331046,0.12852664576802508,729,686,39.29448403904893,36.97670240162903,61.8254776307121,4214.0,0.0630951667964305,17.846111111111114,38.439747221616905,7,5,2,0,1.0,0.7142857142857143,0.2857142857142857,0.0,157.0,-157.0,0.7142857142857143,7,5,2,0,1.0,0.7142857142857143,0.2857142857142857,0.0,155.0,-155.0,0.7142857142857143
loso_chb01,chb01,original,Raw persistence,0.7,,18.552222222222223,20,33373,1276,515,114,401,0.015431636352740238,0.22135922330097088,0.08934169278996865,235,209,12.666946157992452,11.265496795831586,21.614661316404142,1500.0,0.02245912439360364,17.846111111111114,11.711234940696695,7,2,4,1,0.8571428571428571,0.2857142857142857,0.5714285714285714,0.14285714285714285,-7.0,7.0,0.3333333333333333,7,2,4,1,0.8571428571428571,0.2857142857142857,0.5714285714285714,0.14285714285714285,-9.0,9.0,0.3333333333333333
loso_chb01,chb01,original,Isotonic full,0.7,0.4,18.552222222222223,20,33373,1276,14,14,0,0.00041950079405507447,1.0,0.0109717868338558,6,0,0.3234113912678924,0.0,0.0,40.0,0.0005989099838294305,17.846111111111114,0.0,7,0,4,3,0.5714285714285714,0.0,0.5714285714285714,0.42857142857142855,-33.5,33.5,0.0,7,0,4,3,0.5714285714285714,0.0,0.5714285714285714,0.42857142857142855,-35.5,35.5,0.0
loso_chb01,chb01,original,Raw threshold,0.8,,18.552222222222223,20,33373,1276,630,112,518,0.01887753573247835,0.17777777777777778,0.0877742946708464,346,315,18.65005689644846,16.979098041564352,27.921183446128044,2034.0,0.030454572677726537,17.846111111111114,17.65090433645674,7,2,5,0,1.0,0.2857142857142857,0.7142857142857143,0.0,-5.0,5.0,0.2857142857142857,7,2,5,0,1.0,0.2857142857142857,0.7142857142857143,0.0,-7.0,7.0,0.2857142857142857
loso_chb01,chb01,original,Raw persistence,0.8,,18.552222222222223,20,33373,1276,243,72,171,0.007281335211098793,0.2962962962962963,0.05642633228840126,122,96,6.576031622447146,5.174582260286279,9.217224651134934,730.0,0.010930107204887105,17.846111111111114,5.379323226348721,7,2,4,1,0.8571428571428571,0.2857142857142857,0.5714285714285714,0.14285714285714285,-7.0,7.0,0.3333333333333333,7,2,4,1,0.8571428571428571,0.2857142857142857,0.5714285714285714,0.14285714285714285,-9.0,9.0,0.3333333333333333
loso_chb01,chb01,original,Isotonic full,0.8,0.4,18.552222222222223,20,33373,1276,14,14,0,0.00041950079405507447,1.0,0.0109717868338558,6,0,0.3234113912678924,0.0,0.0,40.0,0.0005989099838294305,17.846111111111114,0.0,7,0,4,3,0.5714285714285714,0.0,0.5714285714285714,0.42857142857142855,-33.5,33.5,0.0,7,0,4,3,0.5714285714285714,0.0,0.5714285714285714,0.42857142857142855,-35.5,35.5,0.0
loso_chb01,chb01,original,Raw threshold,0.9,,18.552222222222223,20,33373,1276,104,65,39,0.0031162916129805532,0.625,0.050940438871473356,53,31,2.856800622866383,1.6709588548841108,2.1021740432413005,330.0,0.004941007366592801,17.846111111111114,1.737073125175108,7,1,6,0,1.0,0.14285714285714285,0.8571428571428571,0.0,-5.0,5.0,0.14285714285714285,7,1,6,0,1.0,0.14285714285714285,0.8571428571428571,0.0,-7.0,7.0,0.14285714285714285
loso_chb01,chb01,original,Raw persistence,0.9,,18.552222222222223,20,33373,1276,43,40,3,0.0012884667245977287,0.9302325581395349,0.03134796238244514,17,3,0.9163322752590285,0.1617056956339462,0.1617056956339462,120.0,0.0017967299514882913,17.846111111111114,0.16810385082339754,7,0,6,1,0.8571428571428571,0.0,0.8571428571428571,0.14285714285714285,-22.0,22.0,0.0,7,0,6,1,0.8571428571428571,0.0,0.8571428571428571,0.14285714285714285,-24.0,24.0,0.0
loso_chb01,chb01,original,Isotonic full,0.9,0.4,18.552222222222223,20,33373,1276,8,8,0,0.00023971473946004254,1.0,0.006269592476489028,5,0,0.2695094927232437,0.0,0.0,26.0,0.0003892914894891298,17.846111111111114,0.0,7,0,4,3,0.5714285714285714,0.0,0.5714285714285714,0.42857142857142855,-34.5,34.5,0.0,7,0,4,3,0.5714285714285714,0.0,0.5714285714285714,0.42857142857142855,-36.5,36.5,0.0
loso_chb01,chb01,additional,Raw threshold,0.1,,22.0,22,39578,0,36799,0,36799,0.9297842235585426,0.0,,598,598,27.181818181818183,27.181818181818183,1672.6818181818182,77048.0,0.9728282828282828,22.0,27.181818181818183,0,0,0,0,,,,,,,,0,0,0,0,,,,,,,
loso_chb01,chb01,additional,Raw persistence,0.1,,22.0,22,39578,0,35074,0,35074,0.8861994037091313,0.0,,1520,1520,69.0909090909091,69.0909090909091,1594.2727272727273,73188.0,0.9240909090909091,22.0,69.0909090909091,0,0,0,0,,,,,,,,0,0,0,0,,,,,,,
loso_chb01,chb01,additional,Isotonic full,0.1,0.4,22.0,22,39578,0,6,0,6,0.00015159937338925667,0.0,,3,3,0.13636363636363635,0.13636363636363635,0.2727272727272727,18.0,0.00022727272727272727,22.0,0.13636363636363635,0,0,0,0,,,,,,,,0,0,0,0,,,,,,,
loso_chb01,chb01,additional,Raw threshold,0.2,,22.0,22,39578,0,30221,0,30221,0.7635807771994543,0.0,,2125,2125,96.5909090909091,96.5909090909091,1373.6818181818182,68842.0,0.8692171717171717,22.0,96.5909090909091,0,0,0,0,,,,,,,,0,0,0,0,,,,,,,
loso_chb01,chb01,additional,Raw persistence,0.2,,22.0,22,39578,0,26021,0,26021,0.6574612158269746,0.0,,3300,3300,150.0,150.0,1182.7727272727273,58642.0,0.7404292929292929,22.0,150.0,0,0,0,0,,,,,,,,0,0,0,0,,,,,,,
loso_chb01,chb01,additional,Isotonic full,0.2,0.4,22.0,22,39578,0,3,0,3,7.579968669462834e-05,0.0,,2,2,0.09090909090909091,0.09090909090909091,0.13636363636363635,10.0,0.00012626262626262626,22.0,0.09090909090909091,0,0,0,0,,,,,,,,0,0,0,0,,,,,,,
loso_chb01,chb01,additional,Raw threshold,0.3,,22.0,22,39578,0,23694,0,23694,0.5986659255141745,0.0,,3120,3120,141.8181818181818,141.8181818181818,1077.0,58364.0,0.736919191919192,22.0,141.8181818181818,0,0,0,0,,,,,,,,0,0,0,0,,,,,,,
loso_chb01,chb01,additional,Raw persistence,0.3,,22.0,22,39578,0,18206,0,18206,0.4600030319874678,0.0,,3974,3974,180.63636363636363,180.63636363636363,827.5454545454545,44360.0,0.5601010101010101,22.0,180.63636363636363,0,0,0,0,,,,,,,,0,0,0,0,,,,,,,
loso_chb01,chb01,additional,Isotonic full,0.3,0.4,22.0,22,39578,0,3,0,3,7.579968669462834e-05,0.0,,2,2,0.09090909090909091,0.09090909090909091,0.13636363636363635,10.0,0.00012626262626262626,22.0,0.09090909090909091,0,0,0,0,,,,,,,,0,0,0,0,,,,,,,
loso_chb01,chb01,additional,Raw threshold,0.4,,22.0,22,39578,0,17581,0,17581,0.44421143059275353,0.0,,3703,3703,168.3181818181818,168.3181818181818,799.1363636363636,46738.0,0.5901262626262627,22.0,168.3181818181818,0,0,0,0,,,,,,,,0,0,0,0,,,,,,,
loso_chb01,chb01,additional,Raw persistence,0.4,,22.0,22,39578,0,11793,0,11793,0.297968568396584,0.0,,3743,3743,170.13636363636363,170.13636363636363,536.0454545454545,31072.0,0.3923232323232323,22.0,170.13636363636363,0,0,0,0,,,,,,,,0,0,0,0,,,,,,,
loso_chb01,chb01,additional,Isotonic full,0.4,0.4,22.0,22,39578,0,3,0,3,7.579968669462834e-05,0.0,,2,2,0.09090909090909091,0.09090909090909091,0.13636363636363635,10.0,0.00012626262626262626,22.0,0.09090909090909091,0,0,0,0,,,,,,,,0,0,0,0,,,,,,,
loso_chb01,chb01,additional,Raw threshold,0.5,,22.0,22,39578,0,11766,0,11766,0.2972863712163323,0.0,,3798,3798,172.63636363636363,172.63636363636363,534.8181818181819,34028.0,0.42964646464646467,22.0,172.63636363636363,0,0,0,0,,,,,,,,0,0,0,0,,,,,,,
loso_chb01,chb01,additional,Raw persistence,0.5,,22.0,22,39578,0,6518,0,6518,0.16468745262519582,0.0,,2838,2838,129.0,129.0,296.27272727272725,18712.0,0.23626262626262626,22.0,129.0,0,0,0,0,,,,,,,,0,0,0,0,,,,,,,
loso_chb01,chb01,additional,Isotonic full,0.5,0.4,22.0,22,39578,0,3,0,3,7.579968669462834e-05,0.0,,2,2,0.09090909090909091,0.09090909090909091,0.13636363636363635,10.0,0.00012626262626262626,22.0,0.09090909090909091,0,0,0,0,,,,,,,,0,0,0,0,,,,,,,
loso_chb01,chb01,additional,Raw threshold,0.6,,22.0,22,39578,0,6357,0,6357,0.16061953610591742,0.0,,2989,2989,135.86363636363637,135.86363636363637,288.95454545454544,20064.0,0.25333333333333335,22.0,135.86363636363637,0,0,0,0,,,,,,,,0,0,0,0,,,,,,,
loso_chb01,chb01,additional,Raw persistence,0.6,,22.0,22,39578,0,2682,0,2682,0.06776491990499772,0.0,,1481,1481,67.31818181818181,67.31818181818181,121.9090909090909,8326.0,0.10512626262626262,22.0,67.31818181818181,0,0,0,0,,,,,,,,0,0,0,0,,,,,,,
loso_chb01,chb01,additional,Isotonic full,0.6,0.4,22.0,22,39578,0,3,0,3,7.579968669462834e-05,0.0,,2,2,0.09090909090909091,0.09090909090909091,0.13636363636363635,10.0,0.00012626262626262626,22.0,0.09090909090909091,0,0,0,0,,,,,,,,0,0,0,0,,,,,,,
loso_chb01,chb01,additional,Raw threshold,0.7,,22.0,22,39578,0,2324,0,2324,0.05871949062610541,0.0,,1521,1521,69.13636363636364,69.13636363636364,105.63636363636364,8048.0,0.10161616161616162,22.0,69.13636363636364,0,0,0,0,,,,,,,,0,0,0,0,,,,,,,
loso_chb01,chb01,additional,Raw persistence,0.7,,22.0,22,39578,0,624,0,624,0.015766334832482694,0.0,,439,439,19.954545454545453,19.954545454545453,28.363636363636363,2126.0,0.026843434343434343,22.0,19.954545454545453,0,0,0,0,,,,,,,,0,0,0,0,,,,,,,
loso_chb01,chb01,additional,Isotonic full,0.7,0.4,22.0,22,39578,0,2,0,2,5.0533124463085555e-05,0.0,,2,2,0.09090909090909091,0.09090909090909091,0.09090909090909091,8.0,0.00010101010101010101,22.0,0.09090909090909091,0,0,0,0,,,,,,,,0,0,0,0,,,,,,,
loso_chb01,chb01,additional,Raw threshold,0.8,,22.0,22,39578,0,363,0,363,0.009171762090050028,0.0,,264,264,12.0,12.0,16.5,1282.0,0.016186868686868687,22.0,12.0,0,0,0,0,,,,,,,,0,0,0,0,,,,,,,
loso_chb01,chb01,additional,Raw persistence,0.8,,22.0,22,39578,0,85,0,85,0.002147657789681136,0.0,,58,58,2.6363636363636362,2.6363636363636362,3.8636363636363638,286.0,0.003611111111111111,22.0,2.6363636363636362,0,0,0,0,,,,,,,,0,0,0,0,,,,,,,
loso_chb01,chb01,additional,Isotonic full,0.8,0.4,22.0,22,39578,0,2,0,2,5.0533124463085555e-05,0.0,,2,2,0.09090909090909091,0.09090909090909091,0.09090909090909091,8.0,0.00010101010101010101,22.0,0.09090909090909091,0,0,0,0,,,,,,,,0,0,0,0,,,,,,,
loso_chb01,chb01,additional,Raw threshold,0.9,,22.0,22,39578,0,29,0,29,0.0007327303047147405,0.0,,20,20,0.9090909090909091,0.9090909090909091,1.3181818181818181,98.0,0.0012373737373737373,22.0,0.9090909090909091,0,0,0,0,,,,,,,,0,0,0,0,,,,,,,
loso_chb01,chb01,additional,Raw persistence,0.9,,22.0,22,39578,0,9,0,9,0.00022739906008388498,0.0,,5,5,0.22727272727272727,0.22727272727272727,0.4090909090909091,28.0,0.00035353535353535354,22.0,0.22727272727272727,0,0,0,0,,,,,,,,0,0,0,0,,,,,,,
loso_chb01,chb01,additional,Isotonic full,0.9,0.4,22.0,22,39578,0,0,0,0,0.0,,,0,0,0.0,0.0,0.0,0.0,0.0,22.0,0.0,0,0,0,0,,,,,,,,0,0,0,0,,,,,,,
loso_chb01,chb01,combined,Raw threshold,0.1,,40.55222222222222,42,72951,1276,65835,1131,64704,0.9024550725829666,0.01717931191615402,0.8863636363636364,1386,1351,34.178151628901006,33.31506699180755,1595.5722388141492,139348.0,0.9545168096007891,39.84611111111111,33.90544176902807,7,7,0,0,1.0,1.0,0.0,0.0,300.0,-300.0,1.0,7,7,0,0,1.0,1.0,0.0,0.0,299.0,-299.0,1.0
loso_chb01,chb01,combined,Raw persistence,0.1,,40.55222222222222,42,72951,1276,61996,1036,60960,0.8498307082836425,0.01671075553261501,0.8119122257053292,3264,3175,80.48880729923007,78.29410636490671,1503.2468422062088,130520.0,0.8940460859796696,39.84611111111111,79.68155264001786,7,7,0,0,1.0,1.0,0.0,0.0,299.0,-299.0,1.0,7,7,0,0,1.0,1.0,0.0,0.0,299.0,-299.0,1.0
loso_chb01,chb01,combined,Isotonic full,0.1,0.4,40.55222222222222,42,72951,1276,39,33,6,0.0005346054200764897,0.8461538461538461,0.02586206896551724,13,3,0.3205742937775708,0.07397868317943941,0.14795736635887882,104.0,0.0007123873195057128,39.84611111111111,0.07528965603781215,7,0,6,1,0.8571428571428571,0.0,0.8571428571428571,0.14285714285714285,-33.0,33.0,0.0,7,0,6,1,0.8571428571428571,0.0,0.8571428571428571,0.14285714285714285,-35.0,35.0,0.0
loso_chb01,chb01,combined,Raw threshold,0.2,,40.55222222222222,42,72951,1276,51509,824,50685,0.7060766816082028,0.015997204372051488,0.64576802507837,4357,4246,107.44170753760584,104.70449625996658,1249.8698523166288,119840.0,0.8208893881688906,39.84611111111111,106.55995984551679,7,7,0,0,1.0,1.0,0.0,0.0,298.0,-298.0,1.0,7,7,0,0,1.0,1.0,0.0,0.0,297.0,-297.0,1.0
loso_chb01,chb01,combined,Raw persistence,0.2,,40.55222222222222,42,72951,1276,43098,634,42464,0.5907801126783732,0.014710659427351617,0.49686520376175547,6201,6090,152.91393813190126,150.176726854262,1047.143600843905,98598.0,0.6753842781598488,39.84611111111111,152.83800175675867,7,7,0,0,1.0,1.0,0.0,0.0,295.0,-295.0,1.0,7,7,0,0,1.0,1.0,0.0,0.0,294.0,-294.0,1.0
loso_chb01,chb01,combined,Isotonic full,0.2,0.4,40.55222222222222,42,72951,1276,28,25,3,0.00038381927595235155,0.8928571428571429,0.019592476489028215,13,2,0.3205742937775708,0.049319122119626274,0.07397868317943941,82.0,0.0005616900019179659,39.84611111111111,0.050193104025208095,7,0,6,1,0.8571428571428571,0.0,0.8571428571428571,0.14285714285714285,-33.0,33.0,0.0,7,0,6,1,0.8571428571428571,0.0,0.8571428571428571,0.14285714285714285,-35.0,35.0,0.0
loso_chb01,chb01,combined,Raw threshold,0.3,,40.55222222222222,42,72951,1276,38713,596,38117,0.5306712724979781,0.015395345232867513,0.4670846394984326,5959,5843,146.94632435542647,144.08581527248816,939.9484889168973,97716.0,0.6693426857001945,39.84611111111111,146.63915340964544,7,7,0,0,1.0,1.0,0.0,0.0,297.0,-297.0,1.0,7,7,0,0,1.0,1.0,0.0,0.0,296.0,-296.0,1.0
loso_chb01,chb01,combined,Raw persistence,0.3,,40.55222222222222,42,72951,1276,28568,425,28143,0.3916053241216707,0.014876785214225707,0.3330721003134796,6796,6702,167.58637696249008,165.26837822286765,693.9940269063211,70728.0,0.48447817628846207,39.84611111111111,168.19709158847235,7,7,0,0,1.0,1.0,0.0,0.0,287.0,-287.0,1.0,7,7,0,0,1.0,1.0,0.0,0.0,285.0,-285.0,1.0
loso_chb01,chb01,combined,Isotonic full,0.3,0.4,40.55222222222222,42,72951,1276,27,24,3,0.000370111444668339,0.8888888888888888,0.018808777429467086,13,2,0.3205742937775708,0.049319122119626274,0.07397868317943941,80.0,0.0005479902457736252,39.84611111111111,0.050193104025208095,7,0,6,1,0.8571428571428571,0.0,0.8571428571428571,0.14285714285714285,-33.0,33.0,0.0,7,0,6,1,0.8571428571428571,0.0,0.8571428571428571,0.14285714285714285,-35.0,35.0,0.0
loso_chb01,chb01,combined,Raw threshold,0.4,,40.55222222222222,42,72951,1276,27228,442,26786,0.3732368302010939,0.016233289261054797,0.3463949843260188,6652,6551,164.035400169877,161.54478450283585,660.5310025481547,74396.0,0.5096035290571828,39.84611111111111,164.4075122345691,7,7,0,0,1.0,1.0,0.0,0.0,285.0,-285.0,1.0,7,7,0,0,1.0,1.0,0.0,0.0,283.0,-283.0,1.0
loso_chb01,chb01,combined,Raw persistence,0.4,,40.55222222222222,42,72951,1276,17258,305,16953,0.2365697522994887,0.017672963263414068,0.2390282131661442,5830,5766,143.76524097871058,142.18702907088255,418.0535386470121,46176.0,0.3162999698605365,39.84611111111111,144.70671890467494,7,7,0,0,1.0,1.0,0.0,0.0,224.0,-224.0,1.0,7,7,0,0,1.0,1.0,0.0,0.0,222.0,-222.0,1.0
loso_chb01,chb01,combined,Isotonic full,0.4,0.4,40.55222222222222,42,72951,1276,27,24,3,0.000370111444668339,0.8888888888888888,0.018808777429467086,13,2,0.3205742937775708,0.049319122119626274,0.07397868317943941,80.0,0.0005479902457736252,39.84611111111111,0.050193104025208095,7,0,6,1,0.8571428571428571,0.0,0.8571428571428571,0.14285714285714285,-33.0,33.0,0.0,7,0,6,1,0.8571428571428571,0.0,0.8571428571428571,0.14285714285714285,-35.0,35.0,0.0
loso_chb01,chb01,combined,Raw threshold,0.5,,40.55222222222222,42,72951,1276,17074,299,16775,0.23404751134323037,0.017512006559681388,0.23432601880877743,6174,6093,152.2481299832863,150.25070553744143,413.6641367783654,50514.0,0.3460147409376113,39.84611111111111,152.91329141279647,7,7,0,0,1.0,1.0,0.0,0.0,246.0,-246.0,1.0,7,7,0,0,1.0,1.0,0.0,0.0,244.0,-244.0,1.0
loso_chb01,chb01,combined,Raw persistence,0.5,,40.55222222222222,42,72951,1276,8891,197,8694,0.12187632794615563,0.022157237656056688,0.15438871473354232,3971,3929,97.92311696851796,96.88741540400582,214.3902238540154,25724.0,0.17620626352850918,39.84611111111111,98.6043528575213,7,6,1,0,1.0,0.8571428571428571,0.14285714285714285,0.0,193.0,-193.0,0.8571428571428571,7,6,1,0,1.0,0.8571428571428571,0.14285714285714285,0.0,191.0,-191.0,0.8571428571428571
loso_chb01,chb01,combined,Isotonic full,0.5,0.4,40.55222222222222,42,72951,1276,24,21,3,0.00032898795081630133,0.875,0.016457680250783698,12,2,0.29591473271775764,0.049319122119626274,0.07397868317943941,72.0,0.0004931912211962627,39.84611111111111,0.050193104025208095,7,0,5,2,0.7142857142857143,0.0,0.7142857142857143,0.2857142857142857,-30.0,30.0,0.0,7,0,5,2,0.7142857142857143,0.0,0.7142857142857143,0.2857142857142857,-32.0,32.0,0.0
loso_chb01,chb01,combined,Raw threshold,0.6,,40.55222222222222,42,72951,1276,9014,216,8798,0.12356239119408918,0.0239627246505436,0.16927899686520376,4401,4345,108.52672822423762,107.14579280488807,216.95481820423598,28586.0,0.19581061457106064,39.84611111111111,109.04451849476459,7,7,0,0,1.0,1.0,0.0,0.0,195.0,-195.0,1.0,7,7,0,0,1.0,1.0,0.0,0.0,193.0,-193.0,1.0
loso_chb01,chb01,combined,Raw persistence,0.6,,40.55222222222222,42,72951,1276,3735,146,3589,0.0511987498457869,0.03908969210174029,0.11442006269592477,1992,1961,49.12184563114777,48.35739923829356,88.50316464366935,11454.0,0.07845850343863879,39.84611111111111,49.21433849671654,7,4,3,0,1.0,0.5714285714285714,0.42857142857142855,0.0,74.0,-74.0,0.5714285714285714,7,4,3,0,1.0,0.5714285714285714,0.42857142857142855,0.0,72.0,-72.0,0.5714285714285714
loso_chb01,chb01,combined,Isotonic full,0.6,0.4,40.55222222222222,42,72951,1276,21,18,3,0.00028786445696426366,0.8571428571428571,0.014106583072100314,10,2,0.24659561059813137,0.049319122119626274,0.07397868317943941,62.0,0.00042469244047455956,39.84611111111111,0.050193104025208095,7,0,5,2,0.7142857142857143,0.0,0.7142857142857143,0.2857142857142857,-32.0,32.0,0.0,7,0,5,2,0.7142857142857143,0.0,0.7142857142857143,0.2857142857142857,-34.0,34.0,0.0
loso_chb01,chb01,combined,Raw threshold,0.7,,40.55222222222222,42,72951,1276,3635,164,3471,0.049827966717385645,0.045116918844566714,0.12852664576802508,2250,2207,55.48401238457956,54.42365125900759,85.5933364386114,12262.0,0.08399320492095241,39.84611111111111,55.388090291817136,7,5,2,0,1.0,0.7142857142857143,0.2857142857142857,0.0,157.0,-157.0,0.7142857142857143,7,5,2,0,1.0,0.7142857142857143,0.2857142857142857,0.0,155.0,-155.0,0.7142857142857143
loso_chb01,chb01,combined,Raw persistence,0.7,,40.55222222222222,42,72951,1276,1139,114,1025,0.015613219832490302,0.10008779631255488,0.08934169278996865,674,648,16.620544154314054,15.979395566758912,25.276050086308466,3626.0,0.024837657889689564,39.84611111111111,16.262565704167425,7,2,4,1,0.8571428571428571,0.2857142857142857,0.5714285714285714,0.14285714285714285,-7.0,7.0,0.3333333333333333,7,2,4,1,0.8571428571428571,0.2857142857142857,0.5714285714285714,0.14285714285714285,-9.0,9.0,0.3333333333333333
loso_chb01,chb01,combined,Isotonic full,0.7,0.4,40.55222222222222,42,72951,1276,16,14,2,0.00021932530054420091,0.875,0.0109717868338558,8,2,0.1972764884785051,0.049319122119626274,0.049319122119626274,48.0,0.00032879414746417513,39.84611111111111,0.050193104025208095,7,0,4,3,0.5714285714285714,0.0,0.5714285714285714,0.42857142857142855,-33.5,33.5,0.0,7,0,4,3,0.5714285714285714,0.0,0.5714285714285714,0.42857142857142855,-35.5,35.5,0.0
loso_chb01,chb01,combined,Raw threshold,0.8,,40.55222222222222,42,72951,1276,993,112,881,0.013611876465024469,0.11278952668680765,0.0877742946708464,610,579,15.042332246486014,14.277885853631807,21.725073293695374,3316.0,0.022714195687316766,39.84611111111111,14.530903615297744,7,2,5,0,1.0,0.2857142857142857,0.7142857142857143,0.0,-5.0,5.0,0.2857142857142857,7,2,5,0,1.0,0.2857142857142857,0.7142857142857143,0.0,-7.0,7.0,0.2857142857142857
loso_chb01,chb01,combined,Raw persistence,0.8,,40.55222222222222,42,72951,1276,328,72,256,0.004496168661156119,0.21951219512195122,0.05642633228840126,180,154,4.438720990766365,3.7975724032112232,6.312847631312163,1016.0,0.00695947612132504,39.84611111111111,3.8648690099410237,7,2,4,1,0.8571428571428571,0.2857142857142857,0.5714285714285714,0.14285714285714285,-7.0,7.0,0.3333333333333333,7,2,4,1,0.8571428571428571,0.2857142857142857,0.5714285714285714,0.14285714285714285,-9.0,9.0,0.3333333333333333
loso_chb01,chb01,combined,Isotonic full,0.8,0.4,40.55222222222222,42,72951,1276,16,14,2,0.00021932530054420091,0.875,0.0109717868338558,8,2,0.1972764884785051,0.049319122119626274,0.049319122119626274,48.0,0.00032879414746417513,39.84611111111111,0.050193104025208095,7,0,4,3,0.5714285714285714,0.0,0.5714285714285714,0.42857142857142855,-33.5,33.5,0.0,7,0,4,3,0.5714285714285714,0.0,0.5714285714285714,0.42857142857142855,-35.5,35.5,0.0
loso_chb01,chb01,combined,Raw threshold,0.9,,40.55222222222222,42,72951,1276,133,65,68,0.00182314156077367,0.48872180451127817,0.050940438871473356,73,51,1.800147957366359,1.25763761405047,1.6768501520672934,428.0,0.002931747814888895,39.84611111111111,1.2799241526428065,7,1,6,0,1.0,0.14285714285714285,0.8571428571428571,0.0,-5.0,5.0,0.14285714285714285,7,1,6,0,1.0,0.14285714285714285,0.8571428571428571,0.0,-7.0,7.0,0.14285714285714285
loso_chb01,chb01,combined,Raw persistence,0.9,,40.55222222222222,42,72951,1276,52,40,12,0.0007128072267686529,0.7692307692307693,0.03134796238244514,22,8,0.542510343315889,0.1972764884785051,0.29591473271775764,148.0,0.0010137819546812068,39.84611111111111,0.20077241610083238,7,0,6,1,0.8571428571428571,0.0,0.8571428571428571,0.14285714285714285,-22.0,22.0,0.0,7,0,6,1,0.8571428571428571,0.0,0.8571428571428571,0.14285714285714285,-24.0,24.0,0.0
loso_chb01,chb01,combined,Isotonic full,0.9,0.4,40.55222222222222,42,72951,1276,8,8,0,0.00010966265027210046,1.0,0.006269592476489028,5,0,0.12329780529906569,0.0,0.0,26.0,0.0001780968298764282,39.84611111111111,0.0,7,0,4,3,0.5714285714285714,0.0,0.5714285714285714,0.42857142857142855,-34.5,34.5,0.0,7,0,4,3,0.5714285714285714,0.0,0.5714285714285714,0.42857142857142855,-36.5,36.5,0.0
loso_chb02,chb02,original,Raw threshold,0.1,,8.266388888888889,9,14870,452,12717,445,12272,0.8552118359112306,0.034992529684674055,0.9845132743362832,469,465,56.7357774118754,56.25189018448201,1484.5660136429315,27508.0,0.9243590174401022,8.015833333333333,58.010188169248366,3,3,0,0,1.0,1.0,0.0,0.0,299.0,-299.0,1.0,3,3,0,0,1.0,1.0,0.0,0.0,299.0,-299.0,1.0
loso_chb02,chb02,original,Raw persistence,0.1,,8.266388888888889,9,14870,452,11680,438,11242,0.7854741089441829,0.0375,0.9690265486725663,865,856,104.64061292382137,103.55186666218623,1359.9650525891327,25090.0,0.8431062871736281,8.015833333333333,106.78864746855183,3,3,0,0,1.0,1.0,0.0,0.0,299.0,-299.0,1.0,3,3,0,0,1.0,1.0,0.0,0.0,299.0,-299.0,1.0
loso_chb02,chb02,original,Isotonic full,0.1,0.4,8.266388888888889,9,14870,452,91,68,23,0.006119704102219233,0.7472527472527473,0.1504424778761062,20,16,2.419436136966968,1.9355489095735745,2.7823515575120132,222.0,0.007459928088981485,8.015833333333333,1.996049485393492,3,0,3,0,1.0,0.0,1.0,0.0,-10.0,10.0,0.0,3,0,3,0,1.0,0.0,1.0,0.0,-12.0,12.0,0.0
loso_chb02,chb02,original,Raw threshold,0.2,,8.266388888888889,9,14870,452,8931,364,8567,0.6006052454606591,0.040756914119359534,0.8053097345132744,1030,1006,124.60096105379886,121.6976376894385,1036.3654692698008,21398.0,0.7190429785947109,8.015833333333333,125.50161139411581,3,3,0,0,1.0,1.0,0.0,0.0,299.0,-299.0,1.0,3,3,0,0,1.0,1.0,0.0,0.0,299.0,-299.0,1.0
loso_chb02,chb02,original,Raw persistence,0.2,,8.266388888888889,9,14870,452,7163,313,6850,0.4817081371889711,0.04369677509423426,0.6924778761061947,1225,1180,148.19046338922678,142.7467320810511,828.6568769111865,16776.0,0.5637286199133036,8.015833333333333,147.20864954777005,3,3,0,0,1.0,1.0,0.0,0.0,299.0,-299.0,1.0,3,3,0,0,1.0,1.0,0.0,0.0,299.0,-299.0,1.0
loso_chb02,chb02,original,Isotonic full,0.2,0.4,8.266388888888889,9,14870,452,69,58,11,0.004640215198386012,0.8405797101449275,0.12831858407079647,16,9,1.9355489095735745,1.0887462616351355,1.3306898753318324,170.0,0.005712557545616452,8.015833333333333,1.1227778355338394,3,0,3,0,1.0,0.0,1.0,0.0,-10.0,10.0,0.0,3,0,3,0,1.0,0.0,1.0,0.0,-12.0,12.0,0.0
loso_chb02,chb02,original,Raw threshold,0.3,,8.266388888888889,9,14870,452,6217,254,5963,0.41809011432414256,0.040855718192054045,0.5619469026548672,1095,1057,132.4641284989415,127.86719983870425,721.3548842367015,15750.0,0.5292516549615243,8.015833333333333,131.86401912880757,3,3,0,0,1.0,1.0,0.0,0.0,285.0,-285.0,1.0,3,3,0,0,1.0,1.0,0.0,0.0,294.0,-294.0,1.0
loso_chb02,chb02,original,Raw persistence,0.3,,8.266388888888889,9,14870,452,4559,193,4366,0.3065904505716207,0.04233384514147839,0.4269911504424779,1010,970,122.18152491683189,117.34265264289795,528.1629086998892,11138.0,0.3742733290769179,8.015833333333333,121.01050005198046,3,3,0,0,1.0,1.0,0.0,0.0,278.0,-278.0,1.0,3,3,0,0,1.0,1.0,0.0,0.0,276.0,-276.0,1.0
loso_chb02,chb02,original,Isotonic full,0.3,0.4,8.266388888888889,9,14870,452,69,58,11,0.004640215198386012,0.8405797101449275,0.12831858407079647,16,9,1.9355489095735745,1.0887462616351355,1.3306898753318324,170.0,0.005712557545616452,8.015833333333333,1.1227778355338394,3,0,3,0,1.0,0.0,1.0,0.0,-10.0,10.0,0.0,3,0,3,0,1.0,0.0,1.0,0.0,-12.0,12.0,0.0
loso_chb02,chb02,original,Raw threshold,0.4,,8.266388888888889,9,14870,452,4331,183,4148,0.2912575655682582,0.04225352112676056,0.40486725663716816,996,964,120.48791962095501,116.61682180180786,501.79105480694915,11382.0,0.3824725293188615,8.015833333333333,120.2619814949579,3,3,0,0,1.0,1.0,0.0,0.0,279.0,-279.0,1.0,3,3,0,0,1.0,1.0,0.0,0.0,277.0,-277.0,1.0
loso_chb02,chb02,original,Raw persistence,0.4,,8.266388888888889,9,14870,452,2971,141,2830,0.19979825151311364,0.04745876809155167,0.31194690265486724,742,710,89.76108068147451,85.88998286232736,342.35021338082595,7426.0,0.24953795490439867,8.015833333333333,88.57469591433622,3,3,0,0,1.0,1.0,0.0,0.0,186.0,-186.0,1.0,3,3,0,0,1.0,1.0,0.0,0.0,184.0,-184.0,1.0
loso_chb02,chb02,original,Isotonic full,0.4,0.4,8.266388888888889,9,14870,452,65,56,9,0.004371217215870881,0.8615384615384616,0.12389380530973451,14,7,1.6936052958768777,0.8468026479384388,1.0887462616351355,158.0,0.005309318189455291,8.015833333333333,0.8732716498596528,3,0,3,0,1.0,0.0,1.0,0.0,-10.0,10.0,0.0,3,0,3,0,1.0,0.0,1.0,0.0,-12.0,12.0,0.0
loso_chb02,chb02,original,Raw threshold,0.5,,8.266388888888889,9,14870,452,2878,144,2734,0.19354404841963685,0.05003474635163308,0.3185840707964602,811,784,98.10813535401056,94.84189656910515,330.7369199233845,7824.0,0.2629120602170772,8.015833333333333,97.8064247842811,3,3,0,0,1.0,1.0,0.0,0.0,211.0,-211.0,1.0,3,3,0,0,1.0,1.0,0.0,0.0,209.0,-209.0,1.0
loso_chb02,chb02,original,Raw persistence,0.5,,8.266388888888889,9,14870,452,1844,112,1732,0.12400806993947545,0.06073752711496746,0.24778761061946902,492,473,59.51812896938741,57.21966463926879,209.52316946133942,4672.0,0.15699452266541214,8.015833333333333,59.00821291194511,3,3,0,0,1.0,1.0,0.0,0.0,186.0,-186.0,1.0,3,3,0,0,1.0,1.0,0.0,0.0,184.0,-184.0,1.0
loso_chb02,chb02,original,Isotonic full,0.5,0.4,8.266388888888889,9,14870,452,65,56,9,0.004371217215870881,0.8615384615384616,0.12389380530973451,14,7,1.6936052958768777,0.8468026479384388,1.0887462616351355,158.0,0.005309318189455291,8.015833333333333,0.8732716498596528,3,0,3,0,1.0,0.0,1.0,0.0,-10.0,10.0,0.0,3,0,3,0,1.0,0.0,1.0,0.0,-12.0,12.0,0.0
loso_chb02,chb02,original,Raw threshold,0.6,,8.266388888888889,9,14870,452,1713,105,1608,0.11519838601210491,0.06129597197898424,0.2323008849557522,592,574,71.61530965422226,69.43781713095198,194.52266541214422,4912.0,0.16505930978863537,8.015833333333333,71.60827528849153,3,3,0,0,1.0,1.0,0.0,0.0,184.0,-184.0,1.0,3,3,0,0,1.0,1.0,0.0,0.0,182.0,-182.0,1.0
loso_chb02,chb02,original,Raw persistence,0.6,,8.266388888888889,9,14870,452,970,85,885,0.0652320107599193,0.08762886597938144,0.18805309734513273,346,337,41.85624516952855,40.76749890789341,107.06004906078833,2632.0,0.08844383211801472,8.015833333333333,42.041792286100424,3,3,0,0,1.0,1.0,0.0,0.0,126.0,-126.0,1.0,3,3,0,0,1.0,1.0,0.0,0.0,124.0,-124.0,1.0
loso_chb02,chb02,original,Isotonic full,0.6,0.4,8.266388888888889,9,14870,452,65,56,9,0.004371217215870881,0.8615384615384616,0.12389380530973451,14,7,1.6936052958768777,0.8468026479384388,1.0887462616351355,158.0,0.005309318189455291,8.015833333333333,0.8732716498596528,3,0,3,0,1.0,0.0,1.0,0.0,-10.0,10.0,0.0,3,0,3,0,1.0,0.0,1.0,0.0,-12.0,12.0,0.0
loso_chb02,chb02,original,Raw threshold,0.7,,8.266388888888889,9,14870,452,789,88,701,0.053059852051109614,0.11153358681875793,0.19469026548672566,352,340,42.582076010618636,41.130414328438455,84.80123660069223,2368.0,0.07957256628246917,8.015833333333333,42.416051564611706,3,3,0,0,1.0,1.0,0.0,0.0,164.0,-164.0,1.0,3,3,0,0,1.0,1.0,0.0,0.0,162.0,-162.0,1.0
loso_chb02,chb02,original,Raw persistence,0.7,,8.266388888888889,9,14870,452,394,76,318,0.026496301277740417,0.19289340101522842,0.168141592920354,150,147,18.14577102725226,17.782855606707216,38.46903457777479,1088.0,0.0365603682919453,8.015833333333333,18.338704647052708,3,0,3,0,1.0,0.0,1.0,0.0,-10.0,10.0,0.0,3,0,3,0,1.0,0.0,1.0,0.0,-12.0,12.0,0.0
loso_chb02,chb02,original,Isotonic full,0.7,0.4,8.266388888888889,9,14870,452,34,29,5,0.0022864828513786146,0.8529411764705882,0.06415929203539823,12,5,1.4516616821801809,0.604859034241742,0.604859034241742,92.0,0.0030915017305689035,8.015833333333333,0.6237654641854663,3,0,2,1,0.6666666666666666,0.0,0.6666666666666666,0.3333333333333333,-16.0,16.0,0.0,3,0,2,1,0.6666666666666666,0.0,0.6666666666666666,0.3333333333333333,-18.0,18.0,0.0
loso_chb02,chb02,original,Raw threshold,0.8,,8.266388888888889,9,14870,452,367,79,288,0.02468056489576328,0.21525885558583105,0.1747787610619469,134,130,16.210222117678686,15.726334890285292,34.83988037232434,1034.0,0.03474579118922007,8.015833333333333,16.217902068822124,3,1,2,0,1.0,0.3333333333333333,0.6666666666666666,0.0,-8.0,8.0,0.3333333333333333,3,1,2,0,1.0,0.3333333333333333,0.6666666666666666,0.0,-10.0,10.0,0.3333333333333333
loso_chb02,chb02,original,Raw persistence,0.8,,8.266388888888889,9,14870,452,217,75,142,0.014593140551445864,0.3456221198156682,0.16592920353982302,68,65,8.226082865687692,7.863167445142646,17.177996572465474,570.0,0.019153869417655164,8.015833333333333,8.108951034411062,3,0,3,0,1.0,0.0,1.0,0.0,-10.0,10.0,0.0,3,0,3,0,1.0,0.0,1.0,0.0,-12.0,12.0,0.0
loso_chb02,chb02,original,Isotonic full,0.8,0.4,8.266388888888889,9,14870,452,33,29,4,0.002219233355749832,0.8787878787878788,0.06415929203539823,11,4,1.3306898753318324,0.4838872273933936,0.4838872273933936,88.0,0.0029570886118485164,8.015833333333333,0.499012371348373,3,0,2,1,0.6666666666666666,0.0,0.6666666666666666,0.3333333333333333,-16.0,16.0,0.0,3,0,2,1,0.6666666666666666,0.0,0.6666666666666666,0.3333333333333333,-18.0,18.0,0.0
loso_chb02,chb02,original,Raw threshold,0.9,,8.266388888888889,9,14870,452,180,77,103,0.0121049092131809,0.42777777777777776,0.17035398230088494,60,57,7.258308410900904,6.895392990355859,12.460096105379884,496.0,0.016667226721328,8.015833333333333,7.110926291714316,3,0,3,0,1.0,0.0,1.0,0.0,-8.0,8.0,0.0,3,0,3,0,1.0,0.0,1.0,0.0,-10.0,10.0,0.0
loso_chb02,chb02,original,Raw persistence,0.9,,8.266388888888889,9,14870,452,112,73,39,0.007531943510423672,0.6517857142857143,0.16150442477876106,28,25,3.3872105917537554,3.02429517120871,4.717900467085587,280.0,0.009408918310427098,8.015833333333333,3.1188273209273314,3,0,3,0,1.0,0.0,1.0,0.0,-10.0,10.0,0.0,3,0,3,0,1.0,0.0,1.0,0.0,-12.0,12.0,0.0
loso_chb02,chb02,original,Isotonic full,0.9,0.4,8.266388888888889,9,14870,452,27,25,2,0.0018157363819771351,0.9259259259259259,0.05530973451327434,9,2,1.0887462616351355,0.2419436136966968,0.2419436136966968,72.0,0.002419436136966968,8.015833333333333,0.2495061856741865,3,0,2,1,0.6666666666666666,0.0,0.6666666666666666,0.3333333333333333,-17.0,17.0,0.0,3,0,2,1,0.6666666666666666,0.0,0.6666666666666666,0.3333333333333333,-19.0,19.0,0.0
loso_chb02,chb02,additional,Raw threshold,0.1,,27.0,27,48573,0,31279,0,31279,0.6439585778107179,0.0,,2235,2235,82.77777777777777,82.77777777777777,1158.4814814814815,70476.0,0.7250617283950618,27.0,82.77777777777777,0,0,0,0,,,,,,,,0,0,0,0,,,,,,,
loso_chb02,chb02,additional,Raw persistence,0.1,,27.0,27,48573,0,27320,0,27320,0.5624523912461655,0.0,,3044,3044,112.74074074074075,112.74074074074075,1011.8518518518518,60728.0,0.6247736625514403,27.0,112.74074074074075,0,0,0,0,,,,,,,,0,0,0,0,,,,,,,
loso_chb02,chb02,additional,Isotonic full,0.1,0.4,27.0,27,48573,0,19,0,19,0.0003911638152883289,0.0,,9,9,0.3333333333333333,0.3333333333333333,0.7037037037037037,56.0,0.0005761316872427984,27.0,0.3333333333333333,0,0,0,0,,,,,,,,0,0,0,0,,,,,,,
loso_chb02,chb02,additional,Raw threshold,0.2,,27.0,27,48573,0,20637,0,20637,0.4248656661108023,0.0,,3378,3378,125.11111111111111,125.11111111111111,764.3333333333334,52168.0,0.5367078189300412,27.0,125.11111111111111,0,0,0,0,,,,,,,,0,0,0,0,,,,,,,
loso_chb02,chb02,additional,Raw persistence,0.2,,27.0,27,48573,0,15190,0,15190,0.3127251765384061,0.0,,3587,3587,132.85185185185185,132.85185185185185,562.5925925925926,37554.0,0.38635802469135805,27.0,132.85185185185185,0,0,0,0,,,,,,,,0,0,0,0,,,,,,,
loso_chb02,chb02,additional,Isotonic full,0.2,0.4,27.0,27,48573,0,7,0,7,0.00014411298457991066,0.0,,6,6,0.2222222222222222,0.2222222222222222,0.25925925925925924,26.0,0.00026748971193415636,27.0,0.2222222222222222,0,0,0,0,,,,,,,,0,0,0,0,,,,,,,
loso_chb02,chb02,additional,Raw threshold,0.3,,27.0,27,48573,0,12889,0,12889,0.2653531797500669,0.0,,3355,3355,124.25925925925925,124.25925925925925,477.3703703703704,35278.0,0.3629423868312757,27.0,124.25925925925925,0,0,0,0,,,,,,,,0,0,0,0,,,,,,,
loso_chb02,chb02,additional,Raw persistence,0.3,,27.0,27,48573,0,8139,0,8139,0.16756222592798467,0.0,,2746,2746,101.70370370370371,101.70370370370371,301.44444444444446,21770.0,0.22397119341563787,27.0,101.70370370370371,0,0,0,0,,,,,,,,0,0,0,0,,,,,,,
loso_chb02,chb02,additional,Isotonic full,0.3,0.4,27.0,27,48573,0,7,0,7,0.00014411298457991066,0.0,,6,6,0.2222222222222222,0.2222222222222222,0.25925925925925924,26.0,0.00026748971193415636,27.0,0.2222222222222222,0,0,0,0,,,,,,,,0,0,0,0,,,,,,,
loso_chb02,chb02,additional,Raw threshold,0.4,,27.0,27,48573,0,8169,0,8169,0.16817985300475574,0.0,,2803,2803,103.81481481481481,103.81481481481481,302.55555555555554,23692.0,0.24374485596707818,27.0,103.81481481481481,0,0,0,0,,,,,,,,0,0,0,0,,,,,,,
loso_chb02,chb02,additional,Raw persistence,0.4,,27.0,27,48573,0,4492,0,4492,0.09247936096185123,0.0,,1872,1872,69.33333333333333,69.33333333333333,166.37037037037038,12728.0,0.13094650205761316,27.0,69.33333333333333,0,0,0,0,,,,,,,,0,0,0,0,,,,,,,
loso_chb02,chb02,additional,Isotonic full,0.4,0.4,27.0,27,48573,0,5,0,5,0.00010293784612850761,0.0,,5,5,0.18518518518518517,0.18518518518518517,0.18518518518518517,20.0,0.00020576131687242798,27.0,0.18518518518518517,0,0,0,0,,,,,,,,0,0,0,0,,,,,,,
loso_chb02,chb02,additional,Raw threshold,0.5,,27.0,27,48573,0,4951,0,4951,0.10192905523644823,0.0,,2148,2148,79.55555555555556,79.55555555555556,183.37037037037038,15160.0,0.15596707818930042,27.0,79.55555555555556,0,0,0,0,,,,,,,,0,0,0,0,,,,,,,
loso_chb02,chb02,additional,Raw persistence,0.5,,27.0,27,48573,0,2322,0,2322,0.04780433574207893,0.0,,1171,1171,43.370370370370374,43.370370370370374,86.0,6986.0,0.0718724279835391,27.0,43.370370370370374,0,0,0,0,,,,,,,,0,0,0,0,,,,,,,
loso_chb02,chb02,additional,Isotonic full,0.5,0.4,27.0,27,48573,0,5,0,5,0.00010293784612850761,0.0,,5,5,0.18518518518518517,0.18518518518518517,0.18518518518518517,20.0,0.00020576131687242798,27.0,0.18518518518518517,0,0,0,0,,,,,,,,0,0,0,0,,,,,,,
loso_chb02,chb02,additional,Raw threshold,0.6,,27.0,27,48573,0,2586,0,2586,0.05323945401766413,0.0,,1372,1372,50.81481481481482,50.81481481481482,95.77777777777777,8322.0,0.08561728395061728,27.0,50.81481481481482,0,0,0,0,,,,,,,,0,0,0,0,,,,,,,
loso_chb02,chb02,additional,Raw persistence,0.6,,27.0,27,48573,0,1011,0,1011,0.020814032487184237,0.0,,569,569,21.074074074074073,21.074074074074073,37.44444444444444,3160.0,0.03251028806584362,27.0,21.074074074074073,0,0,0,0,,,,,,,,0,0,0,0,,,,,,,
loso_chb02,chb02,additional,Isotonic full,0.6,0.4,27.0,27,48573,0,5,0,5,0.00010293784612850761,0.0,,5,5,0.18518518518518517,0.18518518518518517,0.18518518518518517,20.0,0.00020576131687242798,27.0,0.18518518518518517,0,0,0,0,,,,,,,,0,0,0,0,,,,,,,
loso_chb02,chb02,additional,Raw threshold,0.7,,27.0,27,48573,0,1108,0,1108,0.022811026702077287,0.0,,675,675,25.0,25.0,41.03703703703704,3684.0,0.03790123456790123,27.0,25.0,0,0,0,0,,,,,,,,0,0,0,0,,,,,,,
loso_chb02,chb02,additional,Raw persistence,0.7,,27.0,27,48573,0,374,0,374,0.007699750890412369,0.0,,211,211,7.814814814814815,7.814814814814815,13.851851851851851,1170.0,0.012037037037037037,27.0,7.814814814814815,0,0,0,0,,,,,,,,0,0,0,0,,,,,,,
loso_chb02,chb02,additional,Isotonic full,0.7,0.4,27.0,27,48573,0,2,0,2,4.117513845140304e-05,0.0,,2,2,0.07407407407407407,0.07407407407407407,0.07407407407407407,8.0,8.23045267489712e-05,27.0,0.07407407407407407,0,0,0,0,,,,,,,,0,0,0,0,,,,,,,
loso_chb02,chb02,additional,Raw threshold,0.8,,27.0,27,48573,0,319,0,319,0.006567434582998785,0.0,,192,192,7.111111111111111,7.111111111111111,11.814814814814815,1052.0,0.010823045267489713,27.0,7.111111111111111,0,0,0,0,,,,,,,,0,0,0,0,,,,,,,
loso_chb02,chb02,additional,Raw persistence,0.8,,27.0,27,48573,0,112,0,112,0.0023058077532785706,0.0,,58,58,2.1481481481481484,2.1481481481481484,4.148148148148148,340.0,0.0034979423868312758,27.0,2.1481481481481484,0,0,0,0,,,,,,,,0,0,0,0,,,,,,,
loso_chb02,chb02,additional,Isotonic full,0.8,0.4,27.0,27,48573,0,2,0,2,4.117513845140304e-05,0.0,,2,2,0.07407407407407407,0.07407407407407407,0.07407407407407407,8.0,8.23045267489712e-05,27.0,0.07407407407407407,0,0,0,0,,,,,,,,0,0,0,0,,,,,,,
loso_chb02,chb02,additional,Raw threshold,0.9,,27.0,27,48573,0,81,0,81,0.0016675931072818232,0.0,,48,48,1.7777777777777777,1.7777777777777777,3.0,266.0,0.002736625514403292,27.0,1.7777777777777777,0,0,0,0,,,,,,,,0,0,0,0,,,,,,,
loso_chb02,chb02,additional,Raw persistence,0.9,,27.0,27,48573,0,29,0,29,0.0005970395075453441,0.0,,14,14,0.5185185185185185,0.5185185185185185,1.0740740740740742,86.0,0.0008847736625514403,27.0,0.5185185185185185,0,0,0,0,,,,,,,,0,0,0,0,,,,,,,
loso_chb02,chb02,additional,Isotonic full,0.9,0.4,27.0,27,48573,0,1,0,1,2.058756922570152e-05,0.0,,1,1,0.037037037037037035,0.037037037037037035,0.037037037037037035,4.0,4.11522633744856e-05,27.0,0.037037037037037035,0,0,0,0,,,,,,,,0,0,0,0,,,,,,,
loso_chb02,chb02,combined,Raw threshold,0.1,,35.26638888888889,36,63443,452,43996,445,43551,0.6934728811689232,0.010114555868715338,0.9845132743362832,2704,2700,76.67357178301656,76.56014933955056,1234.9152088469505,97984.0,0.7717767153175434,35.01583333333333,77.1079749637069,3,3,0,0,1.0,1.0,0.0,0.0,299.0,-299.0,1.0,3,3,0,0,1.0,1.0,0.0,0.0,299.0,-299.0,1.0
loso_chb02,chb02,combined,Raw persistence,0.1,,35.26638888888889,36,63443,452,39000,438,38562,0.6147250287659789,0.01123076923076923,0.9690265486725663,3909,3900,110.84208287714931,110.58688237935081,1093.449066233981,85818.0,0.6759505037059208,35.01583333333333,111.37818605868773,3,3,0,0,1.0,1.0,0.0,0.0,299.0,-299.0,1.0,3,3,0,0,1.0,1.0,0.0,0.0,299.0,-299.0,1.0
loso_chb02,chb02,combined,Isotonic full,0.1,0.4,35.26638888888889,36,63443,452,110,68,42,0.0017338398247245558,0.6181818181818182,0.1504424778761062,29,25,0.822312715128506,0.7088902716625052,1.1909356563930087,278.0,0.0021896832835797382,35.01583333333333,0.7139627311454342,3,0,3,0,1.0,0.0,1.0,0.0,-10.0,10.0,0.0,3,0,3,0,1.0,0.0,1.0,0.0,-12.0,12.0,0.0
loso_chb02,chb02,combined,Raw threshold,0.2,,35.26638888888889,36,63443,452,29568,364,29204,0.46605614488596064,0.01231060606060606,0.8053097345132744,4408,4384,124.99153269953291,124.31099803873691,828.097259745272,73566.0,0.5794469080569318,35.01583333333333,125.20050453366335,3,3,0,0,1.0,1.0,0.0,0.0,299.0,-299.0,1.0,3,3,0,0,1.0,1.0,0.0,0.0,299.0,-299.0,1.0
loso_chb02,chb02,combined,Raw persistence,0.2,,35.26638888888889,36,63443,452,22353,313,22040,0.3523320145642545,0.014002594730013869,0.6924778761061947,4812,4767,136.447199489599,135.1711970006065,624.9576634976646,54330.0,0.4279334273269323,35.01583333333333,136.1384135748114,3,3,0,0,1.0,1.0,0.0,0.0,299.0,-299.0,1.0,3,3,0,0,1.0,1.0,0.0,0.0,299.0,-299.0,1.0
loso_chb02,chb02,combined,Isotonic full,0.2,0.4,35.26638888888889,36,63443,452,76,58,18,0.0011979256970824205,0.7631578947368421,0.12831858407079647,22,15,0.6238234390630045,0.4253341629975031,0.5104009955970037,196.0,0.0015438054805094559,35.01583333333333,0.42837763868726053,3,0,3,0,1.0,0.0,1.0,0.0,-10.0,10.0,0.0,3,0,3,0,1.0,0.0,1.0,0.0,-12.0,12.0,0.0
loso_chb02,chb02,combined,Raw threshold,0.3,,35.26638888888889,36,63443,452,19106,254,18852,0.3011522153744306,0.013294253114204962,0.5619469026548672,4450,4412,126.18246835592592,125.10495514299892,534.5599760552619,51028.0,0.4019250309154924,35.01583333333333,126.00014279254623,3,3,0,0,1.0,1.0,0.0,0.0,285.0,-285.0,1.0,3,3,0,0,1.0,1.0,0.0,0.0,294.0,-294.0,1.0
loso_chb02,chb02,combined,Raw persistence,0.3,,35.26638888888889,36,63443,452,12698,193,12505,0.20014816449411282,0.015199243975429202,0.4269911504424779,3756,3716,106.50367441457477,105.36944997991478,354.5869138855851,32908.0,0.259201789554108,35.01583333333333,106.12342035745733,3,3,0,0,1.0,1.0,0.0,0.0,278.0,-278.0,1.0,3,3,0,0,1.0,1.0,0.0,0.0,276.0,-276.0,1.0
loso_chb02,chb02,combined,Isotonic full,0.3,0.4,35.26638888888889,36,63443,452,76,58,18,0.0011979256970824205,0.7631578947368421,0.12831858407079647,22,15,0.6238234390630045,0.4253341629975031,0.5104009955970037,196.0,0.0015438054805094559,35.01583333333333,0.42837763868726053,3,0,3,0,1.0,0.0,1.0,0.0,-10.0,10.0,0.0,3,0,3,0,1.0,0.0,1.0,0.0,-12.0,12.0,0.0
loso_chb02,chb02,combined,Raw threshold,0.4,,35.26638888888889,36,63443,452,12500,183,12317,0.19702725280960862,0.01464,0.40486725663716816,3799,3767,107.72296568183428,106.81558613410628,349.25605904268303,35074.0,0.2762624154254523,35.01583333333333,107.57990432899403,3,3,0,0,1.0,1.0,0.0,0.0,279.0,-279.0,1.0,3,3,0,0,1.0,1.0,0.0,0.0,277.0,-277.0,1.0
loso_chb02,chb02,combined,Raw persistence,0.4,,35.26638888888889,36,63443,452,7463,141,7322,0.11763315101744873,0.018893206485327618,0.31194690265486724,2614,2582,74.12156680503155,73.21418725730354,207.61978276451453,20154.0,0.158744161500957,35.01583333333333,73.73807087270045,3,3,0,0,1.0,1.0,0.0,0.0,186.0,-186.0,1.0,3,3,0,0,1.0,1.0,0.0,0.0,184.0,-184.0,1.0
loso_chb02,chb02,combined,Isotonic full,0.4,0.4,35.26638888888889,36,63443,452,70,56,14,0.0011033526157338083,0.8,0.12389380530973451,19,12,0.538756606463504,0.3402673303980025,0.3969785521310029,178.0,0.0014020274261769548,35.01583333333333,0.3427021109498084,3,0,3,0,1.0,0.0,1.0,0.0,-10.0,10.0,0.0,3,0,3,0,1.0,0.0,1.0,0.0,-12.0,12.0,0.0
loso_chb02,chb02,combined,Raw threshold,0.5,,35.26638888888889,36,63443,452,7829,144,7685,0.12340210897971407,0.018393153659471195,0.3185840707964602,2959,2932,83.90425255397412,83.13865106057861,217.9128695090541,22984.0,0.18103482226545578,35.01583333333333,83.73354910873653,3,3,0,0,1.0,1.0,0.0,0.0,211.0,-211.0,1.0,3,3,0,0,1.0,1.0,0.0,0.0,209.0,-209.0,1.0
loso_chb02,chb02,combined,Raw persistence,0.5,,35.26638888888889,36,63443,452,4166,112,4054,0.06566524281638636,0.02688430148823812,0.24778761061946902,1663,1644,47.155380870989845,46.616624264526344,114.95364645279184,11658.0,0.09182491985601651,35.01583333333333,46.95018920012375,3,3,0,0,1.0,1.0,0.0,0.0,186.0,-186.0,1.0,3,3,0,0,1.0,1.0,0.0,0.0,184.0,-184.0,1.0
loso_chb02,chb02,combined,Isotonic full,0.5,0.4,35.26638888888889,36,63443,452,70,56,14,0.0011033526157338083,0.8,0.12389380530973451,19,12,0.538756606463504,0.3402673303980025,0.3969785521310029,178.0,0.0014020274261769548,35.01583333333333,0.3427021109498084,3,0,3,0,1.0,0.0,1.0,0.0,-10.0,10.0,0.0,3,0,3,0,1.0,0.0,1.0,0.0,-12.0,12.0,0.0
loso_chb02,chb02,combined,Raw threshold,0.6,,35.26638888888889,36,63443,452,4299,105,4194,0.0677616127862806,0.024424284717376135,0.2323008849557522,1964,1946,55.69041974180641,55.180018746209406,118.92343197410187,13234.0,0.10423837616868438,35.01583333333333,55.574858992360596,3,3,0,0,1.0,1.0,0.0,0.0,184.0,-184.0,1.0,3,3,0,0,1.0,1.0,0.0,0.0,182.0,-182.0,1.0
loso_chb02,chb02,combined,Raw persistence,0.6,,35.26638888888889,36,63443,452,1981,85,1896,0.031224879025266775,0.042907622412922765,0.18805309734513273,915,906,25.94538394284769,25.690183445049186,53.76223820288439,5792.0,0.04562102726076923,35.01583333333333,25.874009376710536,3,3,0,0,1.0,1.0,0.0,0.0,126.0,-126.0,1.0,3,3,0,0,1.0,1.0,0.0,0.0,124.0,-124.0,1.0
loso_chb02,chb02,combined,Isotonic full,0.6,0.4,35.26638888888889,36,63443,452,70,56,14,0.0011033526157338083,0.8,0.12389380530973451,19,12,0.538756606463504,0.3402673303980025,0.3969785521310029,178.0,0.0014020274261769548,35.01583333333333,0.3427021109498084,3,0,3,0,1.0,0.0,1.0,0.0,-10.0,10.0,0.0,3,0,3,0,1.0,0.0,1.0,0.0,-12.0,12.0,0.0
loso_chb02,chb02,combined,Raw threshold,0.7,,35.26638888888889,36,63443,452,1897,88,1809,0.029900855886386205,0.04638903531892462,0.19469026548672566,1027,1015,29.12121235989571,28.780945029497712,51.29530005749888,6052.0,0.04766893249001646,35.01583333333333,28.986886884504628,3,3,0,0,1.0,1.0,0.0,0.0,164.0,-164.0,1.0,3,3,0,0,1.0,1.0,0.0,0.0,162.0,-162.0,1.0
loso_chb02,chb02,combined,Raw persistence,0.7,,35.26638888888889,36,63443,452,768,76,692,0.012105354412622353,0.09895833333333333,0.168141592920354,361,358,10.236375522806576,10.151308690207074,19.62208271961814,2258.0,0.017785269260154852,35.01583333333333,10.223946310002617,3,0,3,0,1.0,0.0,1.0,0.0,-10.0,10.0,0.0,3,0,3,0,1.0,0.0,1.0,0.0,-12.0,12.0,0.0
loso_chb02,chb02,combined,Isotonic full,0.7,0.4,35.26638888888889,36,63443,452,36,29,7,0.0005674384880916728,0.8055555555555556,0.06415929203539823,14,7,0.3969785521310029,0.19848927606550146,0.19848927606550146,100.0,0.0007876558574027836,35.01583333333333,0.19990956472072158,3,0,2,1,0.6666666666666666,0.0,0.6666666666666666,0.3333333333333333,-16.0,16.0,0.0,3,0,2,1,0.6666666666666666,0.0,0.6666666666666666,0.3333333333333333,-18.0,18.0,0.0
loso_chb02,chb02,combined,Raw threshold,0.8,,35.26638888888889,36,63443,452,686,79,607,0.01081285563419132,0.1151603498542274,0.1747787610619469,326,322,9.243929142479068,9.130506699013067,17.211855795965626,2086.0,0.016430501185422067,35.01583333333333,9.195839977153193,3,1,2,0,1.0,0.3333333333333333,0.6666666666666666,0.0,-8.0,8.0,0.3333333333333333,3,1,2,0,1.0,0.3333333333333333,0.6666666666666666,0.0,-10.0,10.0,0.3333333333333333
loso_chb02,chb02,combined,Raw persistence,0.8,,35.26638888888889,36,63443,452,329,75,254,0.005185757293948899,0.22796352583586627,0.16592920353982302,126,123,3.5728069691790263,3.4877401365795255,7.2023251600910525,910.0,0.00716766830236533,35.01583333333333,3.5126966372355364,3,0,3,0,1.0,0.0,1.0,0.0,-10.0,10.0,0.0,3,0,3,0,1.0,0.0,1.0,0.0,-12.0,12.0,0.0
loso_chb02,chb02,combined,Isotonic full,0.8,0.4,35.26638888888889,36,63443,452,35,29,6,0.0005516763078669041,0.8285714285714286,0.06415929203539823,13,6,0.3686229412645027,0.17013366519900125,0.17013366519900125,96.0,0.0007561496231066723,35.01583333333333,0.1713510554749042,3,0,2,1,0.6666666666666666,0.0,0.6666666666666666,0.3333333333333333,-16.0,16.0,0.0,3,0,2,1,0.6666666666666666,0.0,0.6666666666666666,0.3333333333333333,-18.0,18.0,0.0
loso_chb02,chb02,combined,Raw threshold,0.9,,35.26638888888889,36,63443,452,261,77,184,0.0041139290386646285,0.2950191570881226,0.17035398230088494,108,105,3.0624059735820226,2.977339140982522,5.2174323994360385,762.0,0.006001937633409211,35.01583333333333,2.9986434708108236,3,0,3,0,1.0,0.0,1.0,0.0,-8.0,8.0,0.0,3,0,3,0,1.0,0.0,1.0,0.0,-10.0,10.0,0.0
loso_chb02,chb02,combined,Raw persistence,0.9,,35.26638888888889,36,63443,452,141,73,68,0.002222467411692385,0.5177304964539007,0.16150442477876106,42,39,1.1909356563930087,1.1058688237935081,1.928181538922014,366.0,0.002882820438094188,35.01583333333333,1.1137818605868774,3,0,3,0,1.0,0.0,1.0,0.0,-10.0,10.0,0.0,3,0,3,0,1.0,0.0,1.0,0.0,-12.0,12.0,0.0
loso_chb02,chb02,combined,Isotonic full,0.9,0.4,35.26638888888889,36,63443,452,28,25,3,0.0004413410462935233,0.8928571428571429,0.05530973451327434,10,3,0.2835561086650021,0.08506683259950062,0.08506683259950062,76.0,0.0005986184516261155,35.01583333333333,0.0856755277374521,3,0,2,1,0.6666666666666666,0.0,0.6666666666666666,0.3333333333333333,-17.0,17.0,0.0,3,0,2,1,0.6666666666666666,0.0,0.6666666666666666,0.3333333333333333,-19.0,19.0,0.0
loso_chb03,chb03,original,Raw threshold,0.1,,13.0,13,23387,1256,5474,511,4963,0.2340616581861718,0.09335038363171355,0.4068471337579618,1370,1308,105.38461538461539,100.61538461538461,381.7692307692308,14596.0,0.31188034188034186,12.305,106.29825274278748,7,6,1,0,1.0,0.8571428571428571,0.14285714285714285,0.0,292.0,-292.0,0.8571428571428571,7,6,1,0,1.0,0.8571428571428571,0.14285714285714285,0.0,290.0,-290.0,0.8571428571428571
loso_chb03,chb03,original,Raw persistence,0.1,,13.0,13,23387,1256,3650,413,3237,0.1560696113225296,0.11315068493150685,0.3288216560509554,1105,1039,85.0,79.92307692307692,249.0,9510.0,0.2032051282051282,12.305,84.43722064201545,7,6,1,0,1.0,0.8571428571428571,0.14285714285714285,0.0,290.0,-290.0,0.8571428571428571,7,6,1,0,1.0,0.8571428571428571,0.14285714285714285,0.0,288.0,-288.0,0.8571428571428571
loso_chb03,chb03,original,Isotonic full,0.1,0.4,13.0,13,23387,1256,10,5,5,0.0004275879762261085,0.5,0.003980891719745223,10,5,0.7692307692307693,0.38461538461538464,0.38461538461538464,40.0,0.0008547008547008547,12.305,0.4063388866314506,7,0,4,3,0.5714285714285714,0.0,0.5714285714285714,0.42857142857142855,-33.0,33.0,0.0,7,0,4,3,0.5714285714285714,0.0,0.5714285714285714,0.42857142857142855,-35.0,35.0,0.0
loso_chb03,chb03,original,Raw threshold,0.2,,13.0,13,23387,1256,3517,387,3130,0.15038269123872236,0.11003696332101223,0.30812101910828027,1100,1043,84.61538461538461,80.23076923076923,240.76923076923077,9806.0,0.20952991452991454,12.305,84.7622917513206,7,6,1,0,1.0,0.8571428571428571,0.14285714285714285,0.0,279.0,-279.0,0.8571428571428571,7,6,1,0,1.0,0.8571428571428571,0.14285714285714285,0.0,277.0,-277.0,0.8571428571428571
loso_chb03,chb03,original,Raw persistence,0.2,,13.0,13,23387,1256,2131,309,1822,0.09111899773378372,0.14500234631628345,0.24601910828025478,779,732,59.92307692307692,56.30769230769231,140.15384615384616,5820.0,0.12435897435897436,12.305,59.488013002844376,7,5,2,0,1.0,0.7142857142857143,0.2857142857142857,0.0,197.0,-197.0,0.7142857142857143,7,5,2,0,1.0,0.7142857142857143,0.2857142857142857,0.0,195.0,-195.0,0.7142857142857143
loso_chb03,chb03,original,Isotonic full,0.2,0.4,13.0,13,23387,1256,5,2,3,0.00021379398811305426,0.4,0.0015923566878980893,5,3,0.38461538461538464,0.23076923076923078,0.23076923076923078,20.0,0.00042735042735042735,12.305,0.24380333197887039,7,0,2,5,0.2857142857142857,0.0,0.2857142857142857,0.7142857142857143,-26.0,26.0,0.0,7,0,2,5,0.2857142857142857,0.0,0.2857142857142857,0.7142857142857143,-28.0,28.0,0.0
loso_chb03,chb03,original,Raw threshold,0.3,,13.0,13,23387,1256,2570,310,2260,0.10989010989010989,0.12062256809338522,0.24681528662420382,881,839,67.76923076923077,64.53846153846153,173.84615384615384,7364.0,0.15735042735042734,12.305,68.18366517675742,7,5,2,0,1.0,0.7142857142857143,0.2857142857142857,0.0,194.0,-194.0,0.7142857142857143,7,5,2,0,1.0,0.7142857142857143,0.2857142857142857,0.0,192.0,-192.0,0.7142857142857143
loso_chb03,chb03,original,Raw persistence,0.3,,13.0,13,23387,1256,1458,246,1212,0.06234232693376662,0.16872427983539096,0.19585987261146498,584,546,44.92307692307692,42.0,93.23076923076923,4084.0,0.08726495726495727,12.305,44.37220642015441,7,5,2,0,1.0,0.7142857142857143,0.2857142857142857,0.0,143.0,-143.0,0.7142857142857143,7,5,2,0,1.0,0.7142857142857143,0.2857142857142857,0.0,141.0,-141.0,0.7142857142857143
loso_chb03,chb03,original,Isotonic full,0.3,0.4,13.0,13,23387,1256,5,2,3,0.00021379398811305426,0.4,0.0015923566878980893,5,3,0.38461538461538464,0.23076923076923078,0.23076923076923078,20.0,0.00042735042735042735,12.305,0.24380333197887039,7,0,2,5,0.2857142857142857,0.0,0.2857142857142857,0.7142857142857143,-26.0,26.0,0.0,7,0,2,5,0.2857142857142857,0.0,0.2857142857142857,0.7142857142857143,-28.0,28.0,0.0
loso_chb03,chb03,original,Raw threshold,0.4,,13.0,13,23387,1256,1858,249,1609,0.07944584598281096,0.1340150699677072,0.1982484076433121,749,718,57.61538461538461,55.23076923076923,123.76923076923077,5538.0,0.11833333333333333,12.305,58.350264120276314,7,4,3,0,1.0,0.5714285714285714,0.42857142857142855,0.0,145.0,-145.0,0.5714285714285714,7,4,3,0,1.0,0.5714285714285714,0.42857142857142855,0.0,143.0,-143.0,0.5714285714285714
loso_chb03,chb03,original,Raw persistence,0.4,,13.0,13,23387,1256,947,193,754,0.04049258134861248,0.20380147835269272,0.1536624203821656,417,379,32.07692307692308,29.153846153846153,58.0,2728.0,0.05829059829059829,12.305,30.800487606663957,7,3,4,0,1.0,0.42857142857142855,0.5714285714285714,0.0,-2.0,2.0,0.42857142857142855,7,3,4,0,1.0,0.42857142857142855,0.5714285714285714,0.0,-4.0,4.0,0.42857142857142855
loso_chb03,chb03,original,Isotonic full,0.4,0.4,13.0,13,23387,1256,5,2,3,0.00021379398811305426,0.4,0.0015923566878980893,5,3,0.38461538461538464,0.23076923076923078,0.23076923076923078,20.0,0.00042735042735042735,12.305,0.24380333197887039,7,0,2,5,0.2857142857142857,0.0,0.2857142857142857,0.7142857142857143,-26.0,26.0,0.0,7,0,2,5,0.2857142857142857,0.0,0.2857142857142857,0.7142857142857143,-28.0,28.0,0.0
loso_chb03,chb03,original,Raw threshold,0.5,,13.0,13,23387,1256,1286,203,1083,0.054987813742677555,0.1578538102643857,0.16162420382165604,604,567,46.46153846153846,43.61538461538461,83.3076923076923,4016.0,0.08581196581196582,12.305,46.078829744006505,7,4,3,0,1.0,0.5714285714285714,0.42857142857142855,0.0,145.0,-145.0,0.5714285714285714,7,4,3,0,1.0,0.5714285714285714,0.42857142857142855,0.0,143.0,-143.0,0.5714285714285714
loso_chb03,chb03,original,Raw persistence,0.5,,13.0,13,23387,1256,564,145,419,0.02411596185915252,0.2570921985815603,0.11544585987261147,278,244,21.384615384615383,18.76923076923077,32.23076923076923,1684.0,0.03598290598290598,12.305,19.82933766761479,7,3,4,0,1.0,0.42857142857142855,0.5714285714285714,0.0,-2.0,2.0,0.42857142857142855,7,3,4,0,1.0,0.42857142857142855,0.5714285714285714,0.0,-4.0,4.0,0.42857142857142855
loso_chb03,chb03,original,Isotonic full,0.5,0.4,13.0,13,23387,1256,5,2,3,0.00021379398811305426,0.4,0.0015923566878980893,5,3,0.38461538461538464,0.23076923076923078,0.23076923076923078,20.0,0.00042735042735042735,12.305,0.24380333197887039,7,0,2,5,0.2857142857142857,0.0,0.2857142857142857,0.7142857142857143,-26.0,26.0,0.0,7,0,2,5,0.2857142857142857,0.0,0.2857142857142857,0.7142857142857143,-28.0,28.0,0.0
loso_chb03,chb03,original,Raw threshold,0.6,,13.0,13,23387,1256,789,140,649,0.03373669132423996,0.17743979721166034,0.11146496815286625,429,391,33.0,30.076923076923077,49.92307692307692,2580.0,0.05512820512820513,12.305,31.77570093457944,7,3,4,0,1.0,0.42857142857142855,0.5714285714285714,0.0,0.0,0.0,0.42857142857142855,7,3,4,0,1.0,0.42857142857142855,0.5714285714285714,0.0,-2.0,2.0,0.42857142857142855
loso_chb03,chb03,original,Raw persistence,0.6,,13.0,13,23387,1256,288,86,202,0.012314533715311925,0.2986111111111111,0.06847133757961783,156,132,12.0,10.153846153846153,15.538461538461538,888.0,0.018974358974358976,12.305,10.727346607070297,7,2,5,0,1.0,0.2857142857142857,0.7142857142857143,0.0,-16.0,16.0,0.2857142857142857,7,2,5,0,1.0,0.2857142857142857,0.7142857142857143,0.0,-18.0,18.0,0.2857142857142857
loso_chb03,chb03,original,Isotonic full,0.6,0.4,13.0,13,23387,1256,5,2,3,0.00021379398811305426,0.4,0.0015923566878980893,5,3,0.38461538461538464,0.23076923076923078,0.23076923076923078,20.0,0.00042735042735042735,12.305,0.24380333197887039,7,0,2,5,0.2857142857142857,0.0,0.2857142857142857,0.7142857142857143,-26.0,26.0,0.0,7,0,2,5,0.2857142857142857,0.0,0.2857142857142857,0.7142857142857143,-28.0,28.0,0.0
loso_chb03,chb03,original,Raw threshold,0.7,,13.0,13,23387,1256,433,102,331,0.0185145593705905,0.23556581986143188,0.08121019108280254,256,228,19.692307692307693,17.53846153846154,25.46153846153846,1424.0,0.030427350427350428,12.305,18.529053230394148,7,3,4,0,1.0,0.42857142857142855,0.5714285714285714,0.0,0.0,0.0,0.42857142857142855,7,3,4,0,1.0,0.42857142857142855,0.5714285714285714,0.0,-2.0,2.0,0.42857142857142855
loso_chb03,chb03,original,Raw persistence,0.7,,13.0,13,23387,1256,154,67,87,0.006584854833882071,0.43506493506493504,0.05334394904458599,72,57,5.538461538461538,4.384615384615385,6.6923076923076925,452.0,0.009658119658119657,12.305,4.632263307598537,7,2,4,1,0.8571428571428571,0.2857142857142857,0.5714285714285714,0.14285714285714285,-9.0,9.0,0.3333333333333333,7,2,4,1,0.8571428571428571,0.2857142857142857,0.5714285714285714,0.14285714285714285,-11.0,11.0,0.3333333333333333
loso_chb03,chb03,original,Isotonic full,0.7,0.4,13.0,13,23387,1256,5,2,3,0.00021379398811305426,0.4,0.0015923566878980893,5,3,0.38461538461538464,0.23076923076923078,0.23076923076923078,20.0,0.00042735042735042735,12.305,0.24380333197887039,7,0,2,5,0.2857142857142857,0.0,0.2857142857142857,0.7142857142857143,-26.0,26.0,0.0,7,0,2,5,0.2857142857142857,0.0,0.2857142857142857,0.7142857142857143,-28.0,28.0,0.0
loso_chb03,chb03,original,Raw threshold,0.8,,13.0,13,23387,1256,182,57,125,0.007782101167315175,0.3131868131868132,0.04538216560509554,107,90,8.23076923076923,6.923076923076923,9.615384615384615,598.0,0.012777777777777779,12.305,7.314099959366112,7,2,4,1,0.8571428571428571,0.2857142857142857,0.5714285714285714,0.14285714285714285,-5.0,5.0,0.3333333333333333,7,2,4,1,0.8571428571428571,0.2857142857142857,0.5714285714285714,0.14285714285714285,-7.0,7.0,0.3333333333333333
loso_chb03,chb03,original,Raw persistence,0.8,,13.0,13,23387,1256,65,36,29,0.0027793218454697055,0.5538461538461539,0.028662420382165606,33,22,2.5384615384615383,1.6923076923076923,2.230769230769231,196.0,0.004188034188034188,12.305,1.787891101178383,7,1,5,1,0.8571428571428571,0.14285714285714285,0.7142857142857143,0.14285714285714285,-27.0,27.0,0.16666666666666666,7,1,5,1,0.8571428571428571,0.14285714285714285,0.7142857142857143,0.14285714285714285,-29.0,29.0,0.16666666666666666
loso_chb03,chb03,original,Isotonic full,0.8,0.4,13.0,13,23387,1256,4,1,3,0.0001710351904904434,0.25,0.0007961783439490446,4,3,0.3076923076923077,0.23076923076923078,0.23076923076923078,16.0,0.0003418803418803419,12.305,0.24380333197887039,7,0,1,6,0.14285714285714285,0.0,0.14285714285714285,0.8571428571428571,-26.0,26.0,0.0,7,0,1,6,0.14285714285714285,0.0,0.14285714285714285,0.8571428571428571,-28.0,28.0,0.0
loso_chb03,chb03,original,Raw threshold,0.9,,13.0,13,23387,1256,43,19,24,0.0018386282977722666,0.4418604651162791,0.015127388535031847,25,16,1.9230769230769231,1.2307692307692308,1.8461538461538463,148.0,0.0031623931623931626,12.305,1.3002844372206421,7,0,4,3,0.5714285714285714,0.0,0.5714285714285714,0.42857142857142855,-24.0,24.0,0.0,7,0,4,3,0.5714285714285714,0.0,0.5714285714285714,0.42857142857142855,-26.0,26.0,0.0
loso_chb03,chb03,original,Raw persistence,0.9,,13.0,13,23387,1256,12,7,5,0.0005131055714713302,0.5833333333333334,0.005573248407643312,11,5,0.8461538461538461,0.38461538461538464,0.38461538461538464,46.0,0.000982905982905983,12.305,0.4063388866314506,7,0,4,3,0.5714285714285714,0.0,0.5714285714285714,0.42857142857142855,-26.0,26.0,0.0,7,0,4,3,0.5714285714285714,0.0,0.5714285714285714,0.42857142857142855,-28.0,28.0,0.0
loso_chb03,chb03,original,Isotonic full,0.9,0.4,13.0,13,23387,1256,4,1,3,0.0001710351904904434,0.25,0.0007961783439490446,4,3,0.3076923076923077,0.23076923076923078,0.23076923076923078,16.0,0.0003418803418803419,12.305,0.24380333197887039,7,0,1,6,0.14285714285714285,0.0,0.14285714285714285,0.8571428571428571,-26.0,26.0,0.0,7,0,1,6,0.14285714285714285,0.0,0.14285714285714285,0.8571428571428571,-28.0,28.0,0.0
loso_chb03,chb03,additional,Raw threshold,0.1,,25.001666666666665,25,44978,0,11043,0,11043,0.2455200320156521,0.0,,2158,2158,86.31424571695221,86.31424571695221,441.69055396306914,27930.0,0.31031264582361173,25.001666666666665,86.31424571695221,0,0,0,0,,,,,,,,0,0,0,0,,,,,,,
loso_chb03,chb03,additional,Raw persistence,0.1,,25.001666666666665,25,44978,0,8121,0,8121,0.18055493796967406,0.0,,1941,1941,77.63482434504367,77.63482434504367,324.8183454436371,20124.0,0.22358509432704488,25.001666666666665,77.63482434504367,0,0,0,0,,,,,,,,0,0,0,0,,,,,,,
loso_chb03,chb03,additional,Isotonic full,0.1,0.4,25.001666666666665,25,44978,0,6,0,6,0.00013339855040241897,0.0,,4,4,0.15998933404439705,0.15998933404439705,0.23998400106659556,20.0,0.0002222074083949959,25.001666666666665,0.15998933404439705,0,0,0,0,,,,,,,,0,0,0,0,,,,,,,
loso_chb03,chb03,additional,Raw threshold,0.2,,25.001666666666665,25,44978,0,7988,0,7988,0.1775979367690871,0.0,,2001,2001,80.03466435570962,80.03466435570962,319.4987000866609,21366.0,0.23738417438837411,25.001666666666665,80.03466435570962,0,0,0,0,,,,,,,,0,0,0,0,,,,,,,
loso_chb03,chb03,additional,Raw persistence,0.2,,25.001666666666665,25,44978,0,5293,0,5293,0.11767975454666726,0.0,,1672,1672,66.87554163055796,66.87554163055796,211.7058862742484,13930.0,0.15476745994711463,25.001666666666665,66.87554163055796,0,0,0,0,,,,,,,,0,0,0,0,,,,,,,
loso_chb03,chb03,additional,Isotonic full,0.2,0.4,25.001666666666665,25,44978,0,3,0,3,6.669927520120948e-05,0.0,,1,1,0.03999733351109926,0.03999733351109926,0.11999200053329778,8.0,8.888296335799836e-05,25.001666666666665,0.03999733351109926,0,0,0,0,,,,,,,,0,0,0,0,,,,,,,
loso_chb03,chb03,additional,Raw threshold,0.3,,25.001666666666665,25,44978,0,5906,0,5906,0.13130863977944773,0.0,,1844,1844,73.75508299446705,73.75508299446705,236.22425171655223,16560.0,0.1839877341510566,25.001666666666665,73.75508299446705,0,0,0,0,,,,,,,,0,0,0,0,,,,,,,
loso_chb03,chb03,additional,Raw persistence,0.3,,25.001666666666665,25,44978,0,3532,0,3532,0.0785272800035573,0.0,,1332,1332,53.27644823678422,53.27644823678422,141.2705819612026,9728.0,0.108081683443326,25.001666666666665,53.27644823678422,0,0,0,0,,,,,,,,0,0,0,0,,,,,,,
loso_chb03,chb03,additional,Isotonic full,0.3,0.4,25.001666666666665,25,44978,0,2,0,2,4.446618346747299e-05,0.0,,1,1,0.03999733351109926,0.03999733351109926,0.07999466702219853,6.0,6.666222251849876e-05,25.001666666666665,0.03999733351109926,0,0,0,0,,,,,,,,0,0,0,0,,,,,,,
loso_chb03,chb03,additional,Raw threshold,0.4,,25.001666666666665,25,44978,0,4511,0,4511,0.10029347681088532,0.0,,1612,1612,64.475701619892,64.475701619892,180.42797146856878,13026.0,0.1447236850876608,25.001666666666665,64.475701619892,0,0,0,0,,,,,,,,0,0,0,0,,,,,,,
loso_chb03,chb03,additional,Raw persistence,0.4,,25.001666666666665,25,44978,0,2509,0,2509,0.05578282715994486,0.0,,1050,1050,41.997200186654226,41.997200186654226,100.35330977934805,7118.0,0.07908361664777903,25.001666666666665,41.997200186654226,0,0,0,0,,,,,,,,0,0,0,0,,,,,,,
loso_chb03,chb03,additional,Isotonic full,0.4,0.4,25.001666666666665,25,44978,0,1,0,1,2.2233091733736494e-05,0.0,,1,1,0.03999733351109926,0.03999733351109926,0.03999733351109926,4.0,4.444148167899918e-05,25.001666666666665,0.03999733351109926,0,0,0,0,,,,,,,,0,0,0,0,,,,,,,
loso_chb03,chb03,additional,Raw threshold,0.5,,25.001666666666665,25,44978,0,3338,0,3338,0.07421406020721241,0.0,,1392,1392,55.676288247450174,55.676288247450174,133.51109926004935,10032.0,0.11145923605092994,25.001666666666665,55.676288247450174,0,0,0,0,,,,,,,,0,0,0,0,,,,,,,
loso_chb03,chb03,additional,Raw persistence,0.5,,25.001666666666665,25,44978,0,1660,0,1660,0.036906932278002576,0.0,,810,810,32.3978401439904,32.3978401439904,66.39557362842477,4940.0,0.054885229873563986,25.001666666666665,32.3978401439904,0,0,0,0,,,,,,,,0,0,0,0,,,,,,,
loso_chb03,chb03,additional,Isotonic full,0.5,0.4,25.001666666666665,25,44978,0,1,0,1,2.2233091733736494e-05,0.0,,1,1,0.03999733351109926,0.03999733351109926,0.03999733351109926,4.0,4.444148167899918e-05,25.001666666666665,0.03999733351109926,0,0,0,0,,,,,,,,0,0,0,0,,,,,,,
loso_chb03,chb03,additional,Raw threshold,0.6,,25.001666666666665,25,44978,0,2283,0,2283,0.05075814842812042,0.0,,1113,1113,44.51703219785348,44.51703219785348,91.31391240583962,7148.0,0.07941692776037153,25.001666666666665,44.51703219785348,0,0,0,0,,,,,,,,0,0,0,0,,,,,,,
loso_chb03,chb03,additional,Raw persistence,0.6,,25.001666666666665,25,44978,0,992,0,992,0.0220552269998666,0.0,,537,537,21.478568095460304,21.478568095460304,39.67735484301047,3058.0,0.03397551274359487,25.001666666666665,21.478568095460304,0,0,0,0,,,,,,,,0,0,0,0,,,,,,,
loso_chb03,chb03,additional,Isotonic full,0.6,0.4,25.001666666666665,25,44978,0,1,0,1,2.2233091733736494e-05,0.0,,1,1,0.03999733351109926,0.03999733351109926,0.03999733351109926,4.0,4.444148167899918e-05,25.001666666666665,0.03999733351109926,0,0,0,0,,,,,,,,0,0,0,0,,,,,,,
loso_chb03,chb03,additional,Raw threshold,0.7,,25.001666666666665,25,44978,0,1208,0,1208,0.026857574814353684,0.0,,744,744,29.75801613225785,29.75801613225785,48.316778881407906,4080.0,0.04533031131257916,25.001666666666665,29.75801613225785,0,0,0,0,,,,,,,,0,0,0,0,,,,,,,
loso_chb03,chb03,additional,Raw persistence,0.7,,25.001666666666665,25,44978,0,376,0,376,0.008359642491884922,0.0,,262,262,10.479301379908007,10.479301379908007,15.038997400173322,1276.0,0.014176832655600737,25.001666666666665,10.479301379908007,0,0,0,0,,,,,,,,0,0,0,0,,,,,,,
loso_chb03,chb03,additional,Isotonic full,0.7,0.4,25.001666666666665,25,44978,0,1,0,1,2.2233091733736494e-05,0.0,,1,1,0.03999733351109926,0.03999733351109926,0.03999733351109926,4.0,4.444148167899918e-05,25.001666666666665,0.03999733351109926,0,0,0,0,,,,,,,,0,0,0,0,,,,,,,
loso_chb03,chb03,additional,Raw threshold,0.8,,25.001666666666665,25,44978,0,410,0,410,0.009115567610831963,0.0,,316,316,12.639157389507368,12.639157389507368,16.398906739550696,1472.0,0.0163544652578717,25.001666666666665,12.639157389507368,0,0,0,0,,,,,,,,0,0,0,0,,,,,,,
loso_chb03,chb03,additional,Raw persistence,0.8,,25.001666666666665,25,44978,0,84,0,84,0.0018675797056338654,0.0,,71,71,2.8398106792880475,2.8398106792880475,3.359776014932338,310.0,0.003444214830122436,25.001666666666665,2.8398106792880475,0,0,0,0,,,,,,,,0,0,0,0,,,,,,,
loso_chb03,chb03,additional,Isotonic full,0.8,0.4,25.001666666666665,25,44978,0,0,0,0,0.0,,,0,0,0.0,0.0,0.0,0.0,0.0,25.001666666666665,0.0,0,0,0,0,,,,,,,,0,0,0,0,,,,,,,
loso_chb03,chb03,additional,Raw threshold,0.9,,25.001666666666665,25,44978,0,38,0,38,0.0008448574858819867,0.0,,29,29,1.1599226718218787,1.1599226718218787,1.5198986734217719,134.0,0.0014887896362464725,25.001666666666665,1.1599226718218787,0,0,0,0,,,,,,,,0,0,0,0,,,,,,,
loso_chb03,chb03,additional,Raw persistence,0.9,,25.001666666666665,25,44978,0,9,0,9,0.00020009782560362845,0.0,,6,6,0.23998400106659556,0.23998400106659556,0.35997600159989335,30.0,0.00033331111259249385,25.001666666666665,0.23998400106659556,0,0,0,0,,,,,,,,0,0,0,0,,,,,,,
loso_chb03,chb03,additional,Isotonic full,0.9,0.4,25.001666666666665,25,44978,0,0,0,0,0.0,,,0,0,0.0,0.0,0.0,0.0,0.0,25.001666666666665,0.0,0,0,0,0,,,,,,,,0,0,0,0,,,,,,,
loso_chb03,chb03,combined,Raw threshold,0.1,,38.001666666666665,38,68365,1256,16517,511,16006,0.2416002340378849,0.030937821638312043,0.4068471337579618,3528,3466,92.83803341958686,91.20652602956011,421.1920529801325,42526.0,0.31084893937400404,37.306666666666665,92.90564689063618,7,6,1,0,1.0,0.8571428571428571,0.14285714285714285,0.0,292.0,-292.0,0.8571428571428571,7,6,1,0,1.0,0.8571428571428571,0.14285714285714285,0.0,290.0,-290.0,0.8571428571428571
loso_chb03,chb03,combined,Raw persistence,0.1,,38.001666666666665,38,68365,1256,11771,413,11358,0.1721787464345791,0.03508622886755586,0.3288216560509554,3046,2980,80.15437919389501,78.41761326257621,298.881627998772,29634.0,0.21661330643392834,37.306666666666665,79.87848463187991,7,6,1,0,1.0,0.8571428571428571,0.14285714285714285,0.0,290.0,-290.0,0.8571428571428571,7,6,1,0,1.0,0.8571428571428571,0.14285714285714285,0.0,288.0,-288.0,0.8571428571428571
loso_chb03,chb03,combined,Isotonic full,0.1,0.4,38.001666666666665,38,68365,1256,16,5,11,0.00023403788488261538,0.3125,0.003980891719745223,14,9,0.36840489452217007,0.23683171790710936,0.2894609885531336,60.0,0.0004385772553835358,37.306666666666665,0.24124374553252323,7,0,4,3,0.5714285714285714,0.0,0.5714285714285714,0.42857142857142855,-33.0,33.0,0.0,7,0,4,3,0.5714285714285714,0.0,0.5714285714285714,0.42857142857142855,-35.0,35.0,0.0
loso_chb03,chb03,combined,Raw threshold,0.2,,38.001666666666665,38,68365,1256,11505,387,11118,0.1682878665984056,0.03363754889178618,0.30812101910828027,3101,3044,81.60168413666068,80.10174992324899,292.56611552124906,31172.0,0.22785550341359298,37.306666666666665,81.5939957112223,7,6,1,0,1.0,0.8571428571428571,0.14285714285714285,0.0,279.0,-279.0,0.8571428571428571,7,6,1,0,1.0,0.8571428571428571,0.14285714285714285,0.0,277.0,-277.0,0.8571428571428571
loso_chb03,chb03,combined,Raw persistence,0.2,,38.001666666666665,38,68365,1256,7424,309,7115,0.10859357858553353,0.04162176724137931,0.24601910828025478,2451,2404,64.49717117670278,63.26038331652121,187.22863032323144,19750.0,0.14436501323041387,37.306666666666665,64.43888491779843,7,5,2,0,1.0,0.7142857142857143,0.2857142857142857,0.0,197.0,-197.0,0.7142857142857143,7,5,2,0,1.0,0.7142857142857143,0.2857142857142857,0.0,195.0,-195.0,0.7142857142857143
loso_chb03,chb03,combined,Isotonic full,0.2,0.4,38.001666666666665,38,68365,1256,8,2,6,0.00011701894244130769,0.25,0.0015923566878980893,6,4,0.1578878119380729,0.1052585412920486,0.1578878119380729,28.0,0.00020466938584565004,37.306666666666665,0.10721944245889922,7,0,2,5,0.2857142857142857,0.0,0.2857142857142857,0.7142857142857143,-26.0,26.0,0.0,7,0,2,5,0.2857142857142857,0.0,0.2857142857142857,0.7142857142857143,-28.0,28.0,0.0
loso_chb03,chb03,combined,Raw threshold,0.3,,38.001666666666665,38,68365,1256,8476,310,8166,0.1239815695165655,0.0365738555922605,0.24681528662420382,2725,2683,71.7073812552081,70.6021665716416,214.8853120477172,23924.0,0.17487537096326183,37.306666666666665,71.91744102930664,7,5,2,0,1.0,0.7142857142857143,0.2857142857142857,0.0,194.0,-194.0,0.7142857142857143,7,5,2,0,1.0,0.7142857142857143,0.2857142857142857,0.0,192.0,-192.0,0.7142857142857143
loso_chb03,chb03,combined,Raw persistence,0.3,,38.001666666666665,38,68365,1256,4990,246,4744,0.07299056534776567,0.049298597194388775,0.19585987261146498,1916,1878,50.41884127889128,49.418885136616815,124.83662997236964,13812.0,0.10096048418928995,37.306666666666665,50.339528234453184,7,5,2,0,1.0,0.7142857142857143,0.2857142857142857,0.0,143.0,-143.0,0.7142857142857143,7,5,2,0,1.0,0.7142857142857143,0.2857142857142857,0.0,141.0,-141.0,0.7142857142857143
loso_chb03,chb03,combined,Isotonic full,0.3,0.4,38.001666666666665,38,68365,1256,7,2,5,0.00010239157463614423,0.2857142857142857,0.0015923566878980893,6,4,0.1578878119380729,0.1052585412920486,0.13157317661506074,26.0,0.00019005014399953217,37.306666666666665,0.10721944245889922,7,0,2,5,0.2857142857142857,0.0,0.2857142857142857,0.7142857142857143,-26.0,26.0,0.0,7,0,2,5,0.2857142857142857,0.0,0.2857142857142857,0.7142857142857143,-28.0,28.0,0.0
loso_chb03,chb03,combined,Raw threshold,0.4,,38.001666666666665,38,68365,1256,6369,249,6120,0.09316170555108608,0.039095619406500234,0.1982484076433121,2361,2330,62.12885399763169,61.31310030261831,161.04556817683437,18564.0,0.13569580281566598,37.306666666666665,62.455325232308795,7,4,3,0,1.0,0.5714285714285714,0.42857142857142855,0.0,145.0,-145.0,0.5714285714285714,7,4,3,0,1.0,0.5714285714285714,0.42857142857142855,0.0,143.0,-143.0,0.5714285714285714
loso_chb03,chb03,combined,Raw persistence,0.4,,38.001666666666665,38,68365,1256,3456,193,3263,0.05055218313464492,0.055844907407407406,0.1536624203821656,1467,1429,38.603570018858825,37.60361387658436,85.86465505898865,9846.0,0.07197052760843822,37.306666666666665,38.30414581844175,7,3,4,0,1.0,0.42857142857142855,0.5714285714285714,0.0,-2.0,2.0,0.42857142857142855,7,3,4,0,1.0,0.42857142857142855,0.5714285714285714,0.0,-4.0,4.0,0.42857142857142855
loso_chb03,chb03,combined,Isotonic full,0.4,0.4,38.001666666666665,38,68365,1256,6,2,4,8.776420683098076e-05,0.3333333333333333,0.0015923566878980893,6,4,0.1578878119380729,0.1052585412920486,0.1052585412920486,24.0,0.00017543090215341433,37.306666666666665,0.10721944245889922,7,0,2,5,0.2857142857142857,0.0,0.2857142857142857,0.7142857142857143,-26.0,26.0,0.0,7,0,2,5,0.2857142857142857,0.0,0.2857142857142857,0.7142857142857143,-28.0,28.0,0.0
loso_chb03,chb03,combined,Raw threshold,0.5,,38.001666666666665,38,68365,1256,4624,203,4421,0.06763694873107584,0.04390138408304498,0.16162420382165604,1996,1959,52.52401210473225,51.5503705977808,116.33700276303671,14048.0,0.10268555472713185,37.306666666666665,52.510721944245894,7,4,3,0,1.0,0.5714285714285714,0.42857142857142855,0.0,145.0,-145.0,0.5714285714285714,7,4,3,0,1.0,0.5714285714285714,0.42857142857142855,0.0,143.0,-143.0,0.5714285714285714
loso_chb03,chb03,combined,Raw persistence,0.5,,38.001666666666665,38,68365,1256,2224,145,2079,0.032531265998683535,0.0651978417266187,0.11544585987261147,1088,1054,28.63032323143722,27.735625630454805,54.708126836542256,6624.0,0.04841892899434235,37.306666666666665,28.252323087919944,7,3,4,0,1.0,0.42857142857142855,0.5714285714285714,0.0,-2.0,2.0,0.42857142857142855,7,3,4,0,1.0,0.42857142857142855,0.5714285714285714,0.0,-4.0,4.0,0.42857142857142855
loso_chb03,chb03,combined,Isotonic full,0.5,0.4,38.001666666666665,38,68365,1256,6,2,4,8.776420683098076e-05,0.3333333333333333,0.0015923566878980893,6,4,0.1578878119380729,0.1052585412920486,0.1052585412920486,24.0,0.00017543090215341433,37.306666666666665,0.10721944245889922,7,0,2,5,0.2857142857142857,0.0,0.2857142857142857,0.7142857142857143,-26.0,26.0,0.0,7,0,2,5,0.2857142857142857,0.0,0.2857142857142857,0.7142857142857143,-28.0,28.0,0.0
loso_chb03,chb03,combined,Raw threshold,0.6,,38.001666666666665,38,68365,1256,3072,140,2932,0.04493527389746215,0.045572916666666664,0.11146496815286625,1542,1504,40.57716766808473,39.57721152581027,77.15451076707163,9728.0,0.07110799233951727,37.306666666666665,40.31451036454611,7,3,4,0,1.0,0.42857142857142855,0.5714285714285714,0.0,0.0,0.0,0.42857142857142855,7,3,4,0,1.0,0.42857142857142855,0.5714285714285714,0.0,-2.0,2.0,0.42857142857142855
loso_chb03,chb03,combined,Raw persistence,0.6,,38.001666666666665,38,68365,1256,1280,86,1194,0.01872303079060923,0.0671875,0.06847133757961783,693,669,18.23604227884742,17.60449103109513,31.419674575676506,3946.0,0.02884376416239054,37.306666666666665,17.932451751250895,7,2,5,0,1.0,0.2857142857142857,0.7142857142857143,0.0,-16.0,16.0,0.2857142857142857,7,2,5,0,1.0,0.2857142857142857,0.7142857142857143,0.0,-18.0,18.0,0.2857142857142857
loso_chb03,chb03,combined,Isotonic full,0.6,0.4,38.001666666666665,38,68365,1256,6,2,4,8.776420683098076e-05,0.3333333333333333,0.0015923566878980893,6,4,0.1578878119380729,0.1052585412920486,0.1052585412920486,24.0,0.00017543090215341433,37.306666666666665,0.10721944245889922,7,0,2,5,0.2857142857142857,0.0,0.2857142857142857,0.7142857142857143,-26.0,26.0,0.0,7,0,2,5,0.2857142857142857,0.0,0.2857142857142857,0.7142857142857143,-28.0,28.0,0.0
loso_chb03,chb03,combined,Raw threshold,0.7,,38.001666666666665,38,68365,1256,1641,102,1539,0.02400351056827324,0.062157221206581355,0.08121019108280254,1000,972,26.31463532301215,25.57782553396781,40.4982237621157,5504.0,0.04023215356051635,37.306666666666665,26.05432451751251,7,3,4,0,1.0,0.42857142857142855,0.5714285714285714,0.0,0.0,0.0,0.42857142857142855,7,3,4,0,1.0,0.42857142857142855,0.5714285714285714,0.0,-2.0,2.0,0.42857142857142855
loso_chb03,chb03,combined,Raw persistence,0.7,,38.001666666666665,38,68365,1256,530,67,463,0.007752504936736634,0.12641509433962264,0.05334394904458599,334,319,8.789088197886057,8.394368668040876,12.183676154554625,1728.0,0.012631024955045832,37.306666666666665,8.550750536097214,7,2,4,1,0.8571428571428571,0.2857142857142857,0.5714285714285714,0.14285714285714285,-9.0,9.0,0.3333333333333333,7,2,4,1,0.8571428571428571,0.2857142857142857,0.5714285714285714,0.14285714285714285,-11.0,11.0,0.3333333333333333
loso_chb03,chb03,combined,Isotonic full,0.7,0.4,38.001666666666665,38,68365,1256,6,2,4,8.776420683098076e-05,0.3333333333333333,0.0015923566878980893,6,4,0.1578878119380729,0.1052585412920486,0.1052585412920486,24.0,0.00017543090215341433,37.306666666666665,0.10721944245889922,7,0,2,5,0.2857142857142857,0.0,0.2857142857142857,0.7142857142857143,-26.0,26.0,0.0,7,0,2,5,0.2857142857142857,0.0,0.2857142857142857,0.7142857142857143,-28.0,28.0,0.0
loso_chb03,chb03,combined,Raw threshold,0.8,,38.001666666666665,38,68365,1256,592,57,535,0.00865940174065677,0.09628378378378379,0.04538216560509554,423,406,11.13109074163414,10.683741941142932,14.0783298978115,2070.0,0.015130915310731985,37.306666666666665,10.88277340957827,7,2,4,1,0.8571428571428571,0.2857142857142857,0.5714285714285714,0.14285714285714285,-5.0,5.0,0.3333333333333333,7,2,4,1,0.8571428571428571,0.2857142857142857,0.5714285714285714,0.14285714285714285,-7.0,7.0,0.3333333333333333
loso_chb03,chb03,combined,Raw persistence,0.8,,38.001666666666665,38,68365,1256,149,36,113,0.0021794778029693555,0.24161073825503357,0.028662420382165606,104,93,2.7367220735932634,2.4472610850401297,2.9735537915003727,506.0,0.0036986681870678187,37.306666666666665,2.4928520371694067,7,1,5,1,0.8571428571428571,0.14285714285714285,0.7142857142857143,0.14285714285714285,-27.0,27.0,0.16666666666666666,7,1,5,1,0.8571428571428571,0.14285714285714285,0.7142857142857143,0.14285714285714285,-29.0,29.0,0.16666666666666666
loso_chb03,chb03,combined,Isotonic full,0.8,0.4,38.001666666666665,38,68365,1256,4,1,3,5.8509471220653845e-05,0.25,0.0007961783439490446,4,3,0.1052585412920486,0.07894390596903644,0.07894390596903644,16.0,0.00011695393476894288,37.306666666666665,0.08041458184417441,7,0,1,6,0.14285714285714285,0.0,0.14285714285714285,0.8571428571428571,-26.0,26.0,0.0,7,0,1,6,0.14285714285714285,0.0,0.14285714285714285,0.8571428571428571,-28.0,28.0,0.0
loso_chb03,chb03,combined,Raw threshold,0.9,,38.001666666666665,38,68365,1256,81,19,62,0.0011848167922182402,0.2345679012345679,0.015127388535031847,54,45,1.420990307442656,1.1841585895355466,1.6315073900267534,282.0,0.002061313100302618,37.306666666666665,1.2062187276626162,7,0,4,3,0.5714285714285714,0.0,0.5714285714285714,0.42857142857142855,-24.0,24.0,0.0,7,0,4,3,0.5714285714285714,0.0,0.5714285714285714,0.42857142857142855,-26.0,26.0,0.0
loso_chb03,chb03,combined,Raw persistence,0.9,,38.001666666666665,38,68365,1256,21,7,14,0.00030717472390843267,0.3333333333333333,0.005573248407643312,17,11,0.44734880049120657,0.2894609885531336,0.36840489452217007,76.0,0.0005555311901524787,37.306666666666665,0.2948534667619728,7,0,4,3,0.5714285714285714,0.0,0.5714285714285714,0.42857142857142855,-26.0,26.0,0.0,7,0,4,3,0.5714285714285714,0.0,0.5714285714285714,0.42857142857142855,-28.0,28.0,0.0
loso_chb03,chb03,combined,Isotonic full,0.9,0.4,38.001666666666665,38,68365,1256,4,1,3,5.8509471220653845e-05,0.25,0.0007961783439490446,4,3,0.1052585412920486,0.07894390596903644,0.07894390596903644,16.0,0.00011695393476894288,37.306666666666665,0.08041458184417441,7,0,1,6,0.14285714285714285,0.0,0.14285714285714285,0.8571428571428571,-26.0,26.0,0.0,7,0,1,6,0.14285714285714285,0.0,0.14285714285714285,0.8571428571428571,-28.0,28.0,0.0
loso_chb05,chb05,original,Raw threshold,0.1,,14.002777777777778,14,25191,1031,14442,809,13633,0.5732999880909849,0.056017172136823154,0.7846750727449079,1544,1497,110.26383654036897,106.90735965086292,973.5925411624677,33672.0,0.6679627058123389,13.431111111111111,111.45764394440768,5,5,0,0,1.0,1.0,0.0,0.0,299.0,-299.0,1.0,5,5,0,0,1.0,1.0,0.0,0.0,299.0,-299.0,1.0
loso_chb05,chb05,original,Raw persistence,0.1,,14.002777777777778,14,25191,1031,12048,736,11312,0.4782660473978802,0.06108897742363878,0.7138700290979632,1635,1571,116.76254711366792,112.19202539178734,807.8397143423923,27366.0,0.5428684784764928,13.431111111111111,116.96724023825281,5,5,0,0,1.0,1.0,0.0,0.0,299.0,-299.0,1.0,5,5,0,0,1.0,1.0,0.0,0.0,299.0,-299.0,1.0
loso_chb05,chb05,original,Isotonic full,0.1,0.4,14.002777777777778,14,25191,1031,1455,131,1324,0.05775872335357866,0.09003436426116838,0.1270611057225994,437,406,31.208093632215828,28.994247173179925,94.55266812140448,3822.0,0.07581829002182107,13.431111111111111,30.228325612177365,5,5,0,0,1.0,1.0,0.0,0.0,239.0,-239.0,1.0,5,5,0,0,1.0,1.0,0.0,0.0,237.0,-237.0,1.0
loso_chb05,chb05,original,Raw threshold,0.2,,14.002777777777778,14,25191,1031,10398,700,9698,0.41276646421340957,0.06732063858434315,0.6789524733268671,1551,1485,110.76373735369965,106.05038682801032,692.5768696687165,25214.0,0.5001785360047609,13.431111111111111,110.56419589675711,5,5,0,0,1.0,1.0,0.0,0.0,299.0,-299.0,1.0,5,5,0,0,1.0,1.0,0.0,0.0,299.0,-299.0,1.0
loso_chb05,chb05,original,Raw persistence,0.2,,14.002777777777778,14,25191,1031,8189,609,7580,0.32507641618038186,0.07436805470753449,0.5906886517943744,1466,1396,104.69351319182701,99.69450505852014,541.3211664352311,19310.0,0.3830589168815711,13.431111111111111,103.93778954334877,5,5,0,0,1.0,1.0,0.0,0.0,299.0,-299.0,1.0,5,5,0,0,1.0,1.0,0.0,0.0,299.0,-299.0,1.0
loso_chb05,chb05,original,Isotonic full,0.2,0.4,14.002777777777778,14,25191,1031,548,77,471,0.021753800960660555,0.14051094890510948,0.07468477206595538,198,189,14.140051577068041,13.497321959928586,33.63618329696489,1508.0,0.029914699464391986,13.431111111111111,14.07180675049636,5,2,2,1,0.8,0.4,0.4,0.2,88.5,-88.5,0.5,5,2,2,1,0.8,0.4,0.4,0.2,86.5,-86.5,0.5
loso_chb05,chb05,original,Raw threshold,0.3,,14.002777777777778,14,25191,1031,8172,563,7609,0.3244015719899964,0.0688937836514929,0.5460717749757517,1399,1329,99.90874826423328,94.9097401309264,543.3921840904583,20260.0,0.40190438405078355,13.431111111111111,98.9493712772998,5,5,0,0,1.0,1.0,0.0,0.0,299.0,-299.0,1.0,5,5,0,0,1.0,1.0,0.0,0.0,299.0,-299.0,1.0
loso_chb05,chb05,original,Raw persistence,0.3,,14.002777777777778,14,25191,1031,6214,467,5747,0.24667539994442458,0.07515288059221113,0.45295829291949563,1205,1137,86.05435429478278,81.19817496528466,410.41856774449514,14838.0,0.29434635984923624,13.431111111111111,84.6542025148908,5,5,0,0,1.0,1.0,0.0,0.0,299.0,-299.0,1.0,5,5,0,0,1.0,1.0,0.0,0.0,297.0,-297.0,1.0
loso_chb05,chb05,original,Isotonic full,0.3,0.4,14.002777777777778,14,25191,1031,532,76,456,0.021118653487356597,0.14285714285714285,0.07371483996120272,195,186,13.92580837135489,13.283078754215433,32.56496726839912,1470.0,0.029160880777623487,13.431111111111111,13.84844473858372,5,2,2,1,0.8,0.4,0.4,0.2,88.5,-88.5,0.5,5,2,2,1,0.8,0.4,0.4,0.2,86.5,-86.5,0.5
loso_chb05,chb05,original,Raw threshold,0.4,,14.002777777777778,14,25191,1031,6732,464,6268,0.2672382993926402,0.0689245395127748,0.45004849660523766,1236,1174,88.26820075381869,83.84050783574688,447.6254711366792,16726.0,0.33179924618131323,13.431111111111111,87.40900066181337,5,5,0,0,1.0,1.0,0.0,0.0,299.0,-299.0,1.0,5,5,0,0,1.0,1.0,0.0,0.0,299.0,-299.0,1.0
loso_chb05,chb05,original,Raw persistence,0.4,,14.002777777777778,14,25191,1031,5101,376,4725,0.20249295383271804,0.07371103705155851,0.3646944713870029,979,909,69.91469946439199,64.9156913310851,337.43304899821464,12160.0,0.24122197976591947,13.431111111111111,67.67868960953011,5,5,0,0,1.0,1.0,0.0,0.0,299.0,-299.0,1.0,5,5,0,0,1.0,1.0,0.0,0.0,297.0,-297.0,1.0
loso_chb05,chb05,original,Isotonic full,0.4,0.4,14.002777777777778,14,25191,1031,292,67,225,0.01159144138779723,0.22945205479452055,0.06498545101842872,93,84,6.6415393771077165,5.99880975996826,16.068240428486412,784.0,0.01555246974806586,13.431111111111111,6.254136333553938,5,2,2,1,0.8,0.4,0.4,0.2,88.5,-88.5,0.5,5,2,2,1,0.8,0.4,0.4,0.2,86.5,-86.5,0.5
loso_chb05,chb05,original,Raw threshold,0.5,,14.002777777777778,14,25191,1031,5615,410,5205,0.22289706641260768,0.0730186999109528,0.3976721629485936,1061,1003,75.77068042055147,71.6286451100972,371.711961912319,14000.0,0.27772267407260465,13.431111111111111,74.67736598279285,5,5,0,0,1.0,1.0,0.0,0.0,299.0,-299.0,1.0,5,5,0,0,1.0,1.0,0.0,0.0,299.0,-299.0,1.0
loso_chb05,chb05,original,Raw persistence,0.5,,14.002777777777778,14,25191,1031,4230,328,3902,0.16791711325473382,0.07754137115839244,0.3181377303588749,820,754,58.55980956159492,53.846459035905575,278.65899623090655,10100.0,0.2003570720095219,13.431111111111111,56.13831899404368,5,5,0,0,1.0,1.0,0.0,0.0,299.0,-299.0,1.0,5,5,0,0,1.0,1.0,0.0,0.0,297.0,-297.0,1.0
loso_chb05,chb05,original,Isotonic full,0.5,0.4,14.002777777777778,14,25191,1031,260,66,194,0.010321146441189314,0.25384615384615383,0.06401551891367604,75,67,5.356080142828803,4.784764927593732,13.854393969450506,684.0,0.01356873636183297,13.431111111111111,4.988418266048974,5,1,3,1,0.8,0.2,0.6,0.2,-4.0,4.0,0.25,5,1,3,1,0.8,0.2,0.6,0.2,-6.0,6.0,0.25
loso_chb05,chb05,original,Raw threshold,0.6,,14.002777777777778,14,25191,1031,4710,355,4355,0.18697153745385256,0.07537154989384288,0.3443258971871969,912,851,65.12993453679825,60.773656020630824,311.0097202935925,11774.0,0.2335647688950605,13.431111111111111,63.36035737921906,5,5,0,0,1.0,1.0,0.0,0.0,299.0,-299.0,1.0,5,5,0,0,1.0,1.0,0.0,0.0,299.0,-299.0,1.0
loso_chb05,chb05,original,Raw persistence,0.6,,14.002777777777778,14,25191,1031,3533,273,3260,0.14024850144893017,0.07727144070195302,0.26479146459747815,703,643,50.20432453878199,45.919460424518945,232.81095020829198,8472.0,0.16806189248165046,13.431111111111111,47.87392455327598,5,5,0,0,1.0,1.0,0.0,0.0,299.0,-299.0,1.0,5,5,0,0,1.0,1.0,0.0,0.0,297.0,-297.0,1.0
loso_chb05,chb05,original,Isotonic full,0.6,0.4,14.002777777777778,14,25191,1031,137,29,108,0.005438450240165139,0.2116788321167883,0.028128031037827354,46,38,3.285062487601666,2.713747272366594,7.7127554056734775,374.0,0.00741916286451101,13.431111111111111,2.8292521508934483,5,0,4,1,0.8,0.0,0.8,0.2,-14.0,14.0,0.0,5,0,4,1,0.8,0.0,0.8,0.2,-16.0,16.0,0.0
loso_chb05,chb05,original,Raw threshold,0.7,,14.002777777777778,14,25191,1031,3854,296,3558,0.15299114763209082,0.07680332122470161,0.2870999030067895,768,706,54.84626066256695,50.418567744495135,254.09244197579844,9724.0,0.19289823447728624,13.431111111111111,52.56452680344143,5,5,0,0,1.0,1.0,0.0,0.0,295.0,-295.0,1.0,5,5,0,0,1.0,1.0,0.0,0.0,299.0,-299.0,1.0
loso_chb05,chb05,original,Raw persistence,0.7,,14.002777777777778,14,25191,1031,2846,223,2623,0.11297685681394148,0.07835558678847505,0.2162948593598448,605,560,43.20571315215235,39.99206506645507,187.31997619519936,6902.0,0.1369172783177941,13.431111111111111,41.69424222369292,5,5,0,0,1.0,1.0,0.0,0.0,293.0,-293.0,1.0,5,5,0,0,1.0,1.0,0.0,0.0,291.0,-291.0,1.0
loso_chb05,chb05,original,Isotonic full,0.7,0.4,14.002777777777778,14,25191,1031,133,29,104,0.005279663371839149,0.21804511278195488,0.028128031037827354,45,37,3.213648085697282,2.64233287046221,7.427097798055941,364.0,0.0072207895258877206,13.431111111111111,2.754798146922568,5,0,4,1,0.8,0.0,0.8,0.2,-14.0,14.0,0.0,5,0,4,1,0.8,0.0,0.8,0.2,-16.0,16.0,0.0
loso_chb05,chb05,original,Raw threshold,0.8,,14.002777777777778,14,25191,1031,2843,231,2612,0.11285776666269699,0.08125219838199085,0.22405431619786614,639,593,45.63380281690141,42.348740329299744,186.53441777425112,7394.0,0.14667724657805992,13.431111111111111,44.151224354731966,5,5,0,0,1.0,1.0,0.0,0.0,293.0,-293.0,1.0,5,5,0,0,1.0,1.0,0.0,0.0,294.0,-294.0,1.0
loso_chb05,chb05,original,Raw persistence,0.8,,14.002777777777778,14,25191,1031,1989,175,1814,0.07895677027509825,0.08798391151332328,0.1697381183317168,516,481,36.84983138266217,34.35032731600873,129.54572505455266,5010.0,0.0993850426502678,13.431111111111111,35.812375909993385,5,5,0,0,1.0,1.0,0.0,0.0,291.0,-291.0,1.0,5,5,0,0,1.0,1.0,0.0,0.0,289.0,-289.0,1.0
loso_chb05,chb05,original,Isotonic full,0.8,0.4,14.002777777777778,14,25191,1031,71,11,60,0.0028184669127863126,0.15492957746478872,0.01066925315227934,25,22,1.7853600476096012,1.5711168418964492,4.284864114263043,194.0,0.003848442769291807,13.431111111111111,1.6379880873593646,5,0,2,3,0.4,0.0,0.4,0.6,-29.0,29.0,0.0,5,0,2,3,0.4,0.0,0.4,0.6,-31.0,31.0,0.0
loso_chb05,chb05,original,Raw threshold,0.9,,14.002777777777778,14,25191,1031,1376,129,1247,0.05462268270414037,0.09375,0.1251212415130941,489,455,34.9216425312438,32.493552866494746,89.05375917476691,3958.0,0.0785161674270978,13.431111111111111,33.8765718067505,5,4,1,0,1.0,0.8,0.2,0.0,239.0,-239.0,0.8,5,4,1,0,1.0,0.8,0.2,0.0,237.0,-237.0,0.8
loso_chb05,chb05,original,Raw persistence,0.9,,14.002777777777778,14,25191,1031,773,90,683,0.03068556230399746,0.11642949547218628,0.08729388942774007,279,262,19.92461813132315,18.71057329894862,48.7760365006943,2104.0,0.04173775044634001,13.431111111111111,19.506949040370614,5,3,1,1,0.8,0.6,0.2,0.2,213.0,-213.0,0.75,5,3,1,1,0.8,0.6,0.2,0.2,211.0,-211.0,0.75
loso_chb05,chb05,original,Isotonic full,0.9,0.4,14.002777777777778,14,25191,1031,23,0,23,0.0009130244928744393,0.0,0.0,8,8,0.5713152152350723,0.5713152152350723,1.642531243800833,64.0,0.0012695893671890498,13.431111111111111,0.5956320317670417,5,0,0,5,0.0,0.0,0.0,1.0,,,,5,0,0,5,0.0,0.0,0.0,1.0,,,
loso_chb05,chb05,additional,Raw threshold,0.1,,25.0,25,44975,0,32023,0,32023,0.712017787659811,0.0,,2112,2112,84.48,84.48,1280.92,71268.0,0.7918666666666667,25.0,84.48,0,0,0,0,,,,,,,,0,0,0,0,,,,,,,
loso_chb05,chb05,additional,Raw persistence,0.1,,25.0,25,44975,0,28412,0,28412,0.6317287381878821,0.0,,2615,2615,104.6,104.6,1136.48,62054.0,0.6894888888888889,25.0,104.6,0,0,0,0,,,,,,,,0,0,0,0,,,,,,,
loso_chb05,chb05,additional,Isotonic full,0.1,0.4,25.0,25,44975,0,5585,0,5585,0.12418010005558644,0.0,,1395,1395,55.8,55.8,223.4,14186.0,0.15762222222222222,25.0,55.8,0,0,0,0,,,,,,,,0,0,0,0,,,,,,,
loso_chb05,chb05,additional,Raw threshold,0.2,,25.0,25,44975,0,25420,0,25420,0.5652028904947193,0.0,,2642,2642,105.68,105.68,1016.8,59040.0,0.656,25.0,105.68,0,0,0,0,,,,,,,,0,0,0,0,,,,,,,
loso_chb05,chb05,additional,Raw persistence,0.2,,25.0,25,44975,0,21320,0,21320,0.47404113396331293,0.0,,2713,2713,108.52,108.52,852.8,48066.0,0.5340666666666667,25.0,108.52,0,0,0,0,,,,,,,,0,0,0,0,,,,,,,
loso_chb05,chb05,additional,Isotonic full,0.2,0.4,25.0,25,44975,0,3425,0,3425,0.07615341856586992,0.0,,977,977,39.08,39.08,137.0,8922.0,0.09913333333333334,25.0,39.08,0,0,0,0,,,,,,,,0,0,0,0,,,,,,,
loso_chb05,chb05,additional,Raw threshold,0.3,,25.0,25,44975,0,21038,0,21038,0.4677709838799333,0.0,,2606,2606,104.24,104.24,841.52,49644.0,0.5516,25.0,104.24,0,0,0,0,,,,,,,,0,0,0,0,,,,,,,
loso_chb05,chb05,additional,Raw persistence,0.3,,25.0,25,44975,0,17254,0,17254,0.38363535297387436,0.0,,2370,2370,94.8,94.8,690.16,39248.0,0.4360888888888889,25.0,94.8,0,0,0,0,,,,,,,,0,0,0,0,,,,,,,
loso_chb05,chb05,additional,Isotonic full,0.3,0.4,25.0,25,44975,0,3365,0,3365,0.07481934408004447,0.0,,973,973,38.92,38.92,134.6,8786.0,0.09762222222222222,25.0,38.92,0,0,0,0,,,,,,,,0,0,0,0,,,,,,,
loso_chb05,chb05,additional,Raw threshold,0.4,,25.0,25,44975,0,18041,0,18041,0.40113396331295165,0.0,,2366,2366,94.64,94.64,721.64,42866.0,0.4762888888888889,25.0,94.64,0,0,0,0,,,,,,,,0,0,0,0,,,,,,,
loso_chb05,chb05,additional,Raw persistence,0.4,,25.0,25,44975,0,14649,0,14649,0.32571428571428573,0.0,,2203,2203,88.12,88.12,585.96,33704.0,0.37448888888888887,25.0,88.12,0,0,0,0,,,,,,,,0,0,0,0,,,,,,,
loso_chb05,chb05,additional,Isotonic full,0.4,0.4,25.0,25,44975,0,2194,0,2194,0.048782657031684266,0.0,,677,677,27.08,27.08,87.76,5788.0,0.06431111111111111,25.0,27.08,0,0,0,0,,,,,,,,0,0,0,0,,,,,,,
loso_chb05,chb05,additional,Raw threshold,0.5,,25.0,25,44975,0,15783,0,15783,0.3509282934963869,0.0,,2193,2193,87.72,87.72,631.32,37844.0,0.4204888888888889,25.0,87.72,0,0,0,0,,,,,,,,0,0,0,0,,,,,,,
loso_chb05,chb05,additional,Raw persistence,0.5,,25.0,25,44975,0,12644,0,12644,0.28113396331295165,0.0,,2072,2072,82.88,82.88,505.76,29432.0,0.3270222222222222,25.0,82.88,0,0,0,0,,,,,,,,0,0,0,0,,,,,,,
loso_chb05,chb05,additional,Isotonic full,0.5,0.4,25.0,25,44975,0,1958,0,1958,0.043535297387437465,0.0,,616,616,24.64,24.64,78.32,5184.0,0.0576,25.0,24.64,0,0,0,0,,,,,,,,0,0,0,0,,,,,,,
loso_chb05,chb05,additional,Raw threshold,0.6,,25.0,25,44975,0,13624,0,13624,0.3029238465814341,0.0,,2068,2068,82.72,82.72,544.96,33092.0,0.3676888888888889,25.0,82.72,0,0,0,0,,,,,,,,0,0,0,0,,,,,,,
loso_chb05,chb05,additional,Raw persistence,0.6,,25.0,25,44975,0,10702,0,10702,0.2379544191217343,0.0,,1928,1928,77.12,77.12,428.08,25260.0,0.2806666666666667,25.0,77.12,0,0,0,0,,,,,,,,0,0,0,0,,,,,,,
loso_chb05,chb05,additional,Isotonic full,0.6,0.4,25.0,25,44975,0,1164,0,1164,0.025881045025013896,0.0,,380,380,15.2,15.2,46.56,3098.0,0.03442222222222222,25.0,15.2,0,0,0,0,,,,,,,,0,0,0,0,,,,,,,
loso_chb05,chb05,additional,Raw threshold,0.7,,25.0,25,44975,0,11506,0,11506,0.25583101723179547,0.0,,1960,1960,78.4,78.4,460.24,28400.0,0.31555555555555553,25.0,78.4,0,0,0,0,,,,,,,,0,0,0,0,,,,,,,
loso_chb05,chb05,additional,Raw persistence,0.7,,25.0,25,44975,0,8812,0,8812,0.19593107281823235,0.0,,1717,1717,68.68,68.68,352.48,21058.0,0.23397777777777778,25.0,68.68,0,0,0,0,,,,,,,,0,0,0,0,,,,,,,
loso_chb05,chb05,additional,Isotonic full,0.7,0.4,25.0,25,44975,0,1137,0,1137,0.02528071150639244,0.0,,379,379,15.16,15.16,45.48,3042.0,0.0338,25.0,15.16,0,0,0,0,,,,,,,,0,0,0,0,,,,,,,
loso_chb05,chb05,additional,Raw threshold,0.8,,25.0,25,44975,0,9213,0,9213,0.20484713729849915,0.0,,1754,1754,70.16,70.16,368.52,23190.0,0.25766666666666665,25.0,70.16,0,0,0,0,,,,,,,,0,0,0,0,,,,,,,
loso_chb05,chb05,additional,Raw persistence,0.8,,25.0,25,44975,0,6831,0,6831,0.15188438021122846,0.0,,1517,1517,60.68,60.68,273.24,16696.0,0.1855111111111111,25.0,60.68,0,0,0,0,,,,,,,,0,0,0,0,,,,,,,
loso_chb05,chb05,additional,Isotonic full,0.8,0.4,25.0,25,44975,0,698,0,698,0.015519733185102835,0.0,,249,249,9.96,9.96,27.92,1894.0,0.021044444444444445,25.0,9.96,0,0,0,0,,,,,,,,0,0,0,0,,,,,,,
loso_chb05,chb05,additional,Raw threshold,0.9,,25.0,25,44975,0,6117,0,6117,0.1360088938299055,0.0,,1489,1489,59.56,59.56,244.68,16018.0,0.1779777777777778,25.0,59.56,0,0,0,0,,,,,,,,0,0,0,0,,,,,,,
loso_chb05,chb05,additional,Raw persistence,0.9,,25.0,25,44975,0,4225,0,4225,0.09394107837687604,0.0,,1110,1110,44.4,44.4,169.0,10670.0,0.11855555555555555,25.0,44.4,0,0,0,0,,,,,,,,0,0,0,0,,,,,,,
loso_chb05,chb05,additional,Isotonic full,0.9,0.4,25.0,25,44975,0,199,0,199,0.004424680377987771,0.0,,101,101,4.04,4.04,7.96,600.0,0.006666666666666667,25.0,4.04,0,0,0,0,,,,,,,,0,0,0,0,,,,,,,
loso_chb05,chb05,combined,Raw threshold,0.1,,39.00277777777778,39,70166,1031,46465,809,45656,0.6622153179602657,0.017410954481868073,0.7846750727449079,3656,3609,93.73691332526172,92.53187094936257,1170.583291788334,104940.0,0.7473826650523467,38.431111111111115,93.90829189314212,5,5,0,0,1.0,1.0,0.0,0.0,299.0,-299.0,1.0,5,5,0,0,1.0,1.0,0.0,0.0,299.0,-299.0,1.0
loso_chb05,chb05,combined,Raw persistence,0.1,,39.00277777777778,39,70166,1031,40460,736,39724,0.5766325570789271,0.01819080573405833,0.7138700290979632,4250,4186,108.96659782066804,107.32568905348622,1018.4915604301688,89420.0,0.6368492272630154,38.431111111111115,108.92216953856828,5,5,0,0,1.0,1.0,0.0,0.0,299.0,-299.0,1.0,5,5,0,0,1.0,1.0,0.0,0.0,299.0,-299.0,1.0
loso_chb05,chb05,combined,Isotonic full,0.1,0.4,39.00277777777778,39,70166,1031,7040,131,6909,0.100333494855058,0.018607954545454546,0.1270611057225994,1832,1801,46.97101346057973,46.17619827647603,177.1412292571754,18008.0,0.12825297343494052,38.431111111111115,46.86307389846189,5,5,0,0,1.0,1.0,0.0,0.0,239.0,-239.0,1.0,5,5,0,0,1.0,1.0,0.0,0.0,237.0,-237.0,1.0
loso_chb05,chb05,combined,Raw threshold,0.2,,39.00277777777778,39,70166,1031,35818,700,35118,0.5104751589088733,0.019543246412418336,0.6789524733268671,4193,4127,107.50516344989673,105.81297628374047,900.3974075920518,84254.0,0.6000569759988604,38.431111111111115,107.3869550132994,5,5,0,0,1.0,1.0,0.0,0.0,299.0,-299.0,1.0,5,5,0,0,1.0,1.0,0.0,0.0,299.0,-299.0,1.0
loso_chb05,chb05,combined,Raw persistence,0.2,,39.00277777777778,39,70166,1031,29509,609,28900,0.4205598152951572,0.020637771527330644,0.5906886517943744,4179,4109,107.1462146570757,105.35147069297058,740.9728651805426,67376.0,0.47985186240296274,38.431111111111115,106.91858448016652,5,5,0,0,1.0,1.0,0.0,0.0,299.0,-299.0,1.0,5,5,0,0,1.0,1.0,0.0,0.0,299.0,-299.0,1.0
loso_chb05,chb05,combined,Isotonic full,0.2,0.4,39.00277777777778,39,70166,1031,3973,77,3896,0.0566228657754468,0.019380820538635792,0.07468477206595538,1175,1166,30.12605939747881,29.895306602093868,99.89032120219358,10430.0,0.07428245851435084,38.431111111111115,30.3400023129409,5,2,2,1,0.8,0.4,0.4,0.2,88.5,-88.5,0.5,5,2,2,1,0.8,0.4,0.4,0.2,86.5,-86.5,0.5
loso_chb05,chb05,combined,Raw threshold,0.3,,39.00277777777778,39,70166,1031,29210,563,28647,0.4162984921471938,0.019274221157137967,0.5460717749757517,4005,3935,102.68499394630011,100.890249982195,734.486147710277,69904.0,0.4978562780428744,38.431111111111115,102.39100265988203,5,5,0,0,1.0,1.0,0.0,0.0,299.0,-299.0,1.0,5,5,0,0,1.0,1.0,0.0,0.0,299.0,-299.0,1.0
loso_chb05,chb05,combined,Raw persistence,0.3,,39.00277777777778,39,70166,1031,23468,467,23001,0.3344639854060371,0.01989943753195841,0.45295829291949563,3575,3507,91.66013816679722,89.91667260166655,589.7272274054554,54086.0,0.3852004842959903,38.431111111111115,91.25419220538915,5,5,0,0,1.0,1.0,0.0,0.0,299.0,-299.0,1.0,5,5,0,0,1.0,1.0,0.0,0.0,297.0,-297.0,1.0
loso_chb05,chb05,combined,Isotonic full,0.3,0.4,39.00277777777778,39,70166,1031,3897,76,3821,0.05553972009235242,0.019502181164998716,0.07371483996120272,1168,1159,29.9465850010683,29.715832205683355,97.96738124065237,10256.0,0.07304323053913539,38.431111111111115,30.15785821672256,5,2,2,1,0.8,0.4,0.4,0.2,88.5,-88.5,0.5,5,2,2,1,0.8,0.4,0.4,0.2,86.5,-86.5,0.5
loso_chb05,chb05,combined,Raw threshold,0.4,,39.00277777777778,39,70166,1031,24773,464,24309,0.3530627369381182,0.018730069026763007,0.45004849660523766,3602,3540,92.35239655295206,90.76276618474468,623.2633003347339,59592.0,0.4244142155117157,38.431111111111115,92.11287151613276,5,5,0,0,1.0,1.0,0.0,0.0,299.0,-299.0,1.0,5,5,0,0,1.0,1.0,0.0,0.0,299.0,-299.0,1.0
loso_chb05,chb05,combined,Raw persistence,0.4,,39.00277777777778,39,70166,1031,19750,376,19374,0.2814753584357096,0.019037974683544304,0.3646944713870029,3182,3112,81.58393276832135,79.78918880421622,496.73385086532295,45864.0,0.32664340146713194,38.431111111111115,80.97606106163987,5,5,0,0,1.0,1.0,0.0,0.0,299.0,-299.0,1.0,5,5,0,0,1.0,1.0,0.0,0.0,297.0,-297.0,1.0
loso_chb05,chb05,combined,Isotonic full,0.4,0.4,39.00277777777778,39,70166,1031,2486,67,2419,0.03543026537069236,0.026950925181013677,0.06498545101842872,770,761,19.742183605156328,19.511430809771383,62.021223559575525,6572.0,0.04680578306388434,38.431111111111115,19.80166531745114,5,2,2,1,0.8,0.4,0.4,0.2,88.5,-88.5,0.5,5,2,2,1,0.8,0.4,0.4,0.2,86.5,-86.5,0.5
loso_chb05,chb05,combined,Raw threshold,0.5,,39.00277777777778,39,70166,1031,21398,410,20988,0.3049625174585982,0.019160669221422563,0.3976721629485936,3254,3196,83.42995513140089,81.94288156114236,538.1155188376896,51844.0,0.3692329606153408,38.431111111111115,83.16179021625997,5,5,0,0,1.0,1.0,0.0,0.0,299.0,-299.0,1.0,5,5,0,0,1.0,1.0,0.0,0.0,299.0,-299.0,1.0
loso_chb05,chb05,combined,Raw persistence,0.5,,39.00277777777778,39,70166,1031,16874,328,16546,0.24048684548071717,0.019438188929714353,0.3181377303588749,2892,2826,74.1485649170287,72.45637775087243,424.2261947154761,39532.0,0.28154689836906205,38.431111111111115,73.53417370186192,5,5,0,0,1.0,1.0,0.0,0.0,299.0,-299.0,1.0,5,5,0,0,1.0,1.0,0.0,0.0,297.0,-297.0,1.0
loso_chb05,chb05,combined,Isotonic full,0.5,0.4,39.00277777777778,39,70166,1031,2218,66,2152,0.0316107516460964,0.029756537421100092,0.06401551891367604,691,683,17.716686845666263,17.511573249768535,55.175557296488854,5868.0,0.041791895164162096,38.431111111111115,17.77205967387533,5,1,3,1,0.8,0.2,0.6,0.2,-4.0,4.0,0.25,5,1,3,1,0.8,0.2,0.6,0.2,-6.0,6.0,0.25
loso_chb05,chb05,combined,Raw threshold,0.6,,39.00277777777778,39,70166,1031,18334,355,17979,0.26129464412963543,0.019362932257008837,0.3443258971871969,2980,2919,76.4048144719037,74.84082330318353,460.9671675806566,44866.0,0.3195356456092871,38.431111111111115,75.95408812304845,5,5,0,0,1.0,1.0,0.0,0.0,299.0,-299.0,1.0,5,5,0,0,1.0,1.0,0.0,0.0,299.0,-299.0,1.0
loso_chb05,chb05,combined,Raw persistence,0.6,,39.00277777777778,39,70166,1031,14235,273,13962,0.20287603682695324,0.019178082191780823,0.26479146459747815,2631,2571,67.45673385086532,65.91838188163236,357.97450324050993,33732.0,0.24023929919521403,38.431111111111115,66.89892448247947,5,5,0,0,1.0,1.0,0.0,0.0,299.0,-299.0,1.0,5,5,0,0,1.0,1.0,0.0,0.0,297.0,-297.0,1.0
loso_chb05,chb05,combined,Isotonic full,0.6,0.4,39.00277777777778,39,70166,1031,1301,29,1272,0.018541743864549782,0.022290545734050732,0.028128031037827354,426,418,10.92229898155402,10.717185385656292,32.61306174773876,3472.0,0.02472758350544833,38.431111111111115,10.8766046027524,5,0,4,1,0.8,0.0,0.8,0.2,-14.0,14.0,0.0,5,0,4,1,0.8,0.0,0.8,0.2,-16.0,16.0,0.0
loso_chb05,chb05,combined,Raw threshold,0.7,,39.00277777777778,39,70166,1031,15360,296,15064,0.21890944332012655,0.019270833333333334,0.2870999030067895,2728,2666,69.94373620112528,68.35410583291788,386.22890107542196,38124.0,0.2715191225696175,38.431111111111115,69.3708800740141,5,5,0,0,1.0,1.0,0.0,0.0,295.0,-295.0,1.0,5,5,0,0,1.0,1.0,0.0,0.0,299.0,-299.0,1.0
loso_chb05,chb05,combined,Raw persistence,0.7,,39.00277777777778,39,70166,1031,11658,223,11435,0.1661488470199242,0.019128495453765656,0.2162948593598448,2322,2277,59.534221209315575,58.38045723239085,293.18424613631504,27960.0,0.19913111601737768,38.431111111111115,59.24887244130912,5,5,0,0,1.0,1.0,0.0,0.0,293.0,-293.0,1.0,5,5,0,0,1.0,1.0,0.0,0.0,291.0,-291.0,1.0
loso_chb05,chb05,combined,Isotonic full,0.7,0.4,39.00277777777778,39,70166,1031,1270,29,1241,0.01809993444118234,0.02283464566929134,0.028128031037827354,424,416,10.871020582579588,10.66590698668186,31.818246563635068,3406.0,0.02425753151484937,38.431111111111115,10.8245634324043,5,0,4,1,0.8,0.0,0.8,0.2,-14.0,14.0,0.0,5,0,4,1,0.8,0.0,0.8,0.2,-16.0,16.0,0.0
loso_chb05,chb05,combined,Raw threshold,0.8,,39.00277777777778,39,70166,1031,12056,231,11825,0.17182110993928684,0.01916058394160584,0.22405431619786614,2393,2347,61.35460437290791,60.17520119649597,303.1835339363293,30584.0,0.21781924364361513,38.431111111111115,61.070313403492534,5,5,0,0,1.0,1.0,0.0,0.0,293.0,-293.0,1.0,5,5,0,0,1.0,1.0,0.0,0.0,294.0,-294.0,1.0
loso_chb05,chb05,combined,Raw persistence,0.8,,39.00277777777778,39,70166,1031,8820,175,8645,0.12570190690647892,0.01984126984126984,0.1697381183317168,2033,1998,52.124492557510145,51.22712057545758,221.65087956698238,21706.0,0.15459012890819743,38.431111111111115,51.989129177749504,5,5,0,0,1.0,1.0,0.0,0.0,291.0,-291.0,1.0,5,5,0,0,1.0,1.0,0.0,0.0,289.0,-289.0,1.0
loso_chb05,chb05,combined,Isotonic full,0.8,0.4,39.00277777777778,39,70166,1031,769,11,758,0.01095972408288915,0.014304291287386216,0.01066925315227934,274,271,7.025140659497186,6.948223061035538,19.434513211309735,2088.0,0.014870735702585286,38.431111111111115,7.051578582167225,5,0,2,3,0.4,0.0,0.4,0.6,-29.0,29.0,0.0,5,0,2,3,0.4,0.0,0.4,0.6,-31.0,31.0,0.0
loso_chb05,chb05,combined,Raw threshold,0.9,,39.00277777777778,39,70166,1031,7493,129,7364,0.1067896132029758,0.017216068330441744,0.1251212415130941,1978,1944,50.71433658571326,49.842603803147924,188.80706502385868,19976.0,0.14226906915461862,38.431111111111115,50.58401757835087,5,4,1,0,1.0,0.8,0.2,0.0,239.0,-239.0,0.8,5,4,1,0,1.0,0.8,0.2,0.0,237.0,-237.0,0.8
loso_chb05,chb05,combined,Raw persistence,0.9,,39.00277777777778,39,70166,1031,4998,90,4908,0.07123108058033806,0.01800720288115246,0.08729388942774007,1389,1372,35.61284808774304,35.176981696460366,125.83719108325617,12774.0,0.09097642618047147,38.431111111111115,35.70024285879496,5,3,1,1,0.8,0.6,0.2,0.2,213.0,-213.0,0.75,5,3,1,1,0.8,0.6,0.2,0.2,211.0,-211.0,0.75
loso_chb05,chb05,combined,Isotonic full,0.9,0.4,39.00277777777778,39,70166,1031,222,0,222,0.0031639255479862043,0.0,0.0,109,109,2.794672744106545,2.794672744106545,5.691902286161954,664.0,0.004729007905419842,38.431111111111115,2.8362437839713195,5,0,0,5,0.0,0.0,0.0,1.0,,,,5,0,0,5,0.0,0.0,0.0,1.0,,,
loso_chb08,chb08,original,Raw threshold,0.1,,14.0,14,25186,1212,18989,962,18027,0.7539506074803463,0.05066090894728527,0.7937293729372937,1203,1153,85.92857142857143,82.35714285714286,1287.642857142857,43056.0,0.8542857142857143,13.328055555555556,86.50924324211667,5,5,0,0,1.0,1.0,0.0,0.0,299.0,-299.0,1.0,5,5,0,0,1.0,1.0,0.0,0.0,300.0,-300.0,1.0
loso_chb08,chb08,original,Raw persistence,0.1,,14.0,14,25186,1212,16450,870,15580,0.6531406336853808,0.05288753799392097,0.7178217821782178,2036,1958,145.42857142857142,139.85714285714286,1112.857142857143,36972.0,0.7335714285714285,13.328055555555556,146.90815114316084,5,5,0,0,1.0,1.0,0.0,0.0,299.0,-299.0,1.0,5,5,0,0,1.0,1.0,0.0,0.0,299.0,-299.0,1.0
loso_chb08,chb08,original,Isotonic full,0.1,0.4,14.0,14,25186,1212,57,57,0,0.0022631620741681885,1.0,0.04702970297029703,16,0,1.1428571428571428,0.0,0.0,146.0,0.0028968253968253968,13.328055555555556,0.0,5,0,5,0,1.0,0.0,1.0,0.0,-13.0,13.0,0.0,5,0,5,0,1.0,0.0,1.0,0.0,-15.0,15.0,0.0
loso_chb08,chb08,original,Raw threshold,0.2,,14.0,14,25186,1212,12340,753,11587,0.48995473675851664,0.061021069692058345,0.6212871287128713,2296,2216,164.0,158.28571428571428,827.6428571428571,31756.0,0.6300793650793651,13.328055555555556,166.26581355119734,5,5,0,0,1.0,1.0,0.0,0.0,299.0,-299.0,1.0,5,5,0,0,1.0,1.0,0.0,0.0,297.0,-297.0,1.0
loso_chb08,chb08,original,Raw persistence,0.2,,14.0,14,25186,1212,8802,631,8171,0.34947986976891926,0.07168825266984777,0.5206270627062707,2293,2205,163.78571428571428,157.5,583.6428571428571,22190.0,0.44027777777777777,13.328055555555556,165.44048685938182,5,5,0,0,1.0,1.0,0.0,0.0,293.0,-293.0,1.0,5,5,0,0,1.0,1.0,0.0,0.0,291.0,-291.0,1.0
loso_chb08,chb08,original,Isotonic full,0.2,0.4,14.0,14,25186,1212,18,18,0,0.0007146827602636385,1.0,0.01485148514851485,12,0,0.8571428571428571,0.0,0.0,60.0,0.0011904761904761906,13.328055555555556,0.0,5,0,5,0,1.0,0.0,1.0,0.0,-16.0,16.0,0.0,5,0,5,0,1.0,0.0,1.0,0.0,-18.0,18.0,0.0
loso_chb08,chb08,original,Raw threshold,0.3,,14.0,14,25186,1212,7994,609,7385,0.31739855475264034,0.07618213660245184,0.5024752475247525,2259,2172,161.35714285714286,155.14285714285714,527.5,22156.0,0.4396031746031746,13.328055555555556,162.9645067839353,5,5,0,0,1.0,1.0,0.0,0.0,295.0,-295.0,1.0,5,5,0,0,1.0,1.0,0.0,0.0,293.0,-293.0,1.0
loso_chb08,chb08,original,Raw persistence,0.3,,14.0,14,25186,1212,4910,477,4433,0.19494957516080363,0.09714867617107943,0.3935643564356436,1683,1594,120.21428571428571,113.85714285714286,316.64285714285717,13186.0,0.26162698412698415,13.328055555555556,119.59734061399303,5,5,0,0,1.0,1.0,0.0,0.0,288.0,-288.0,1.0,5,5,0,0,1.0,1.0,0.0,0.0,286.0,-286.0,1.0
loso_chb08,chb08,original,Isotonic full,0.3,0.4,14.0,14,25186,1212,15,15,0,0.0005955689668863654,1.0,0.012376237623762377,9,0,0.6428571428571429,0.0,0.0,48.0,0.0009523809523809524,13.328055555555556,0.0,5,0,5,0,1.0,0.0,1.0,0.0,-17.0,17.0,0.0,5,0,5,0,1.0,0.0,1.0,0.0,-19.0,19.0,0.0
loso_chb08,chb08,original,Raw threshold,0.4,,14.0,14,25186,1212,5009,497,4512,0.19888033034225364,0.09922140147734079,0.41006600660066006,1836,1752,131.14285714285714,125.14285714285714,322.2857142857143,14636.0,0.2903968253968254,13.328055555555556,131.452033096434,5,5,0,0,1.0,1.0,0.0,0.0,287.0,-287.0,1.0,5,5,0,0,1.0,1.0,0.0,0.0,285.0,-285.0,1.0
loso_chb08,chb08,original,Raw persistence,0.4,,14.0,14,25186,1212,2700,374,2326,0.10720241403954578,0.1385185185185185,0.3085808580858086,1067,994,76.21428571428571,71.0,166.14285714285714,7534.0,0.149484126984127,13.328055555555556,74.57952106041975,5,5,0,0,1.0,1.0,0.0,0.0,276.0,-276.0,1.0,5,5,0,0,1.0,1.0,0.0,0.0,274.0,-274.0,1.0
loso_chb08,chb08,original,Isotonic full,0.4,0.4,14.0,14,25186,1212,15,15,0,0.0005955689668863654,1.0,0.012376237623762377,9,0,0.6428571428571429,0.0,0.0,48.0,0.0009523809523809524,13.328055555555556,0.0,5,0,5,0,1.0,0.0,1.0,0.0,-17.0,17.0,0.0,5,0,5,0,1.0,0.0,1.0,0.0,-19.0,19.0,0.0
loso_chb08,chb08,original,Raw threshold,0.5,,14.0,14,25186,1212,3025,386,2639,0.12010640832208369,0.12760330578512397,0.3184818481848185,1309,1238,93.5,88.42857142857143,188.5,9086.0,0.1802777777777778,13.328055555555556,92.88676767887289,5,5,0,0,1.0,1.0,0.0,0.0,278.0,-278.0,1.0,5,5,0,0,1.0,1.0,0.0,0.0,276.0,-276.0,1.0
loso_chb08,chb08,original,Raw persistence,0.5,,14.0,14,25186,1212,1507,295,1212,0.05983482887318351,0.1957531519575315,0.2433993399339934,632,580,45.142857142857146,41.42857142857143,86.57142857142857,4278.0,0.08488095238095238,13.328055555555556,43.51722556845418,5,5,0,0,1.0,1.0,0.0,0.0,244.0,-244.0,1.0,5,5,0,0,1.0,1.0,0.0,0.0,242.0,-242.0,1.0
loso_chb08,chb08,original,Isotonic full,0.5,0.4,14.0,14,25186,1212,15,15,0,0.0005955689668863654,1.0,0.012376237623762377,9,0,0.6428571428571429,0.0,0.0,48.0,0.0009523809523809524,13.328055555555556,0.0,5,0,5,0,1.0,0.0,1.0,0.0,-17.0,17.0,0.0,5,0,5,0,1.0,0.0,1.0,0.0,-19.0,19.0,0.0
loso_chb08,chb08,original,Raw threshold,0.6,,14.0,14,25186,1212,1667,314,1353,0.06618756451997142,0.1883623275344931,0.2590759075907591,776,714,55.42857142857143,51.0,96.64285714285714,5070.0,0.1005952380952381,13.328055555555556,53.57120526875221,5,5,0,0,1.0,1.0,0.0,0.0,246.0,-246.0,1.0,5,5,0,0,1.0,1.0,0.0,0.0,244.0,-244.0,1.0
loso_chb08,chb08,original,Raw persistence,0.6,,14.0,14,25186,1212,799,231,568,0.03172397363614707,0.28911138923654567,0.1905940594059406,349,300,24.928571428571427,21.428571428571427,40.57142857142857,2296.0,0.04555555555555556,13.328055555555556,22.508909776786645,5,4,1,0,1.0,0.8,0.2,0.0,206.0,-206.0,0.8,5,4,1,0,1.0,0.8,0.2,0.0,204.0,-204.0,0.8
loso_chb08,chb08,original,Isotonic full,0.6,0.4,14.0,14,25186,1212,15,15,0,0.0005955689668863654,1.0,0.012376237623762377,9,0,0.6428571428571429,0.0,0.0,48.0,0.0009523809523809524,13.328055555555556,0.0,5,0,5,0,1.0,0.0,1.0,0.0,-17.0,17.0,0.0,5,0,5,0,1.0,0.0,1.0,0.0,-19.0,19.0,0.0
loso_chb08,chb08,original,Raw threshold,0.7,,14.0,14,25186,1212,854,246,608,0.0339077265147304,0.28805620608899296,0.20297029702970298,379,330,27.071428571428573,23.571428571428573,43.42857142857143,2548.0,0.050555555555555555,13.328055555555556,24.759800754465306,5,3,2,0,1.0,0.6,0.4,0.0,206.0,-206.0,0.6,5,3,2,0,1.0,0.6,0.4,0.0,204.0,-204.0,0.6
loso_chb08,chb08,original,Raw persistence,0.7,,14.0,14,25186,1212,434,182,252,0.017231795441912175,0.41935483870967744,0.15016501650165018,167,134,11.928571428571429,9.571428571428571,18.0,1202.0,0.02384920634920635,13.328055555555556,10.053979700298035,5,1,4,0,1.0,0.2,0.8,0.0,-6.0,6.0,0.2,5,1,4,0,1.0,0.2,0.8,0.0,-8.0,8.0,0.2
loso_chb08,chb08,original,Isotonic full,0.7,0.4,14.0,14,25186,1212,8,8,0,0.0003176367823393949,1.0,0.006600660066006601,4,0,0.2857142857142857,0.0,0.0,24.0,0.0004761904761904762,13.328055555555556,0.0,5,0,4,1,0.8,0.0,0.8,0.2,-22.5,22.5,0.0,5,0,4,1,0.8,0.0,0.8,0.2,-24.5,24.5,0.0
loso_chb08,chb08,original,Raw threshold,0.8,,14.0,14,25186,1212,436,183,253,0.01731120463749702,0.4197247706422018,0.15099009900990099,188,153,13.428571428571429,10.928571428571429,18.071428571428573,1286.0,0.025515873015873016,13.328055555555556,11.479543986161188,5,1,4,0,1.0,0.2,0.8,0.0,-5.0,5.0,0.2,5,1,4,0,1.0,0.2,0.8,0.0,-7.0,7.0,0.2
loso_chb08,chb08,original,Raw persistence,0.8,,14.0,14,25186,1212,229,139,90,0.009092352894465179,0.6069868995633187,0.11468646864686469,70,46,5.0,3.2857142857142856,6.428571428571429,598.0,0.011865079365079365,13.328055555555556,3.451366165773952,5,0,5,0,1.0,0.0,1.0,0.0,-8.0,8.0,0.0,5,0,5,0,1.0,0.0,1.0,0.0,-10.0,10.0,0.0
loso_chb08,chb08,original,Isotonic full,0.8,0.4,14.0,14,25186,1212,8,8,0,0.0003176367823393949,1.0,0.006600660066006601,4,0,0.2857142857142857,0.0,0.0,24.0,0.0004761904761904762,13.328055555555556,0.0,5,0,4,1,0.8,0.0,0.8,0.2,-22.5,22.5,0.0,5,0,4,1,0.8,0.0,0.8,0.2,-24.5,24.5,0.0
loso_chb08,chb08,original,Raw threshold,0.9,,14.0,14,25186,1212,147,109,38,0.005836575875486381,0.7414965986394558,0.08993399339933994,51,29,3.642857142857143,2.0714285714285716,2.7142857142857144,418.0,0.008293650793650794,13.328055555555556,2.1758612784227087,5,0,5,0,1.0,0.0,1.0,0.0,-9.0,9.0,0.0,5,0,5,0,1.0,0.0,1.0,0.0,-11.0,11.0,0.0
loso_chb08,chb08,original,Raw persistence,0.9,,14.0,14,25186,1212,85,79,6,0.003374890812356071,0.9294117647058824,0.06518151815181518,25,6,1.7857142857142858,0.42857142857142855,0.42857142857142855,220.0,0.004365079365079365,13.328055555555556,0.45017819553573285,5,0,5,0,1.0,0.0,1.0,0.0,-11.0,11.0,0.0,5,0,5,0,1.0,0.0,1.0,0.0,-13.0,13.0,0.0
loso_chb08,chb08,original,Isotonic full,0.9,0.4,14.0,14,25186,1212,8,8,0,0.0003176367823393949,1.0,0.006600660066006601,4,0,0.2857142857142857,0.0,0.0,24.0,0.0004761904761904762,13.328055555555556,0.0,5,0,4,1,0.8,0.0,0.8,0.2,-22.5,22.5,0.0,5,0,4,1,0.8,0.0,0.8,0.2,-24.5,24.5,0.0
loso_chb08,chb08,additional,Raw threshold,0.1,,6.006388888888889,6,10805,0,7000,0,7000,0.6478482184173994,0.0,,413,413,68.76011654257042,68.76011654257042,1165.4257041113628,15400.0,0.712204596956944,6.006388888888889,68.76011654257042,0,0,0,0,,,,,,,,0,0,0,0,,,,,,,
loso_chb08,chb08,additional,Raw persistence,0.1,,6.006388888888889,6,10805,0,6300,0,6300,0.5830633965756594,0.0,,486,486,80.91384174258891,80.91384174258891,1048.8831337002266,13572.0,0.6276649863571198,6.006388888888889,80.91384174258891,0,0,0,0,,,,,,,,0,0,0,0,,,,,,,
loso_chb08,chb08,additional,Isotonic full,0.1,0.4,6.006388888888889,6,10805,0,4,0,4,0.00037019898195279964,0.0,,4,4,0.6659575452064931,0.6659575452064931,0.6659575452064931,16.0,0.0007399528280072145,6.006388888888889,0.6659575452064931,0,0,0,0,,,,,,,,0,0,0,0,,,,,,,
loso_chb08,chb08,additional,Raw threshold,0.2,,6.006388888888889,6,10805,0,5573,0,5573,0.5157797316057381,0.0,,502,502,83.57767192341488,83.57767192341488,927.8453498589465,12862.0,0.5948295796142996,6.006388888888889,83.57767192341488,0,0,0,0,,,,,,,,0,0,0,0,,,,,,,
loso_chb08,chb08,additional,Raw persistence,0.2,,6.006388888888889,6,10805,0,4715,0,4715,0.4363720499768626,0.0,,682,682,113.54576145770707,113.54576145770707,784.9974564121537,10794.0,0.4991906765943671,6.006388888888889,113.54576145770707,0,0,0,0,,,,,,,,0,0,0,0,,,,,,,
loso_chb08,chb08,additional,Isotonic full,0.2,0.4,6.006388888888889,6,10805,0,1,0,1,9.254974548819991e-05,0.0,,1,1,0.16648938630162327,0.16648938630162327,0.16648938630162327,4.0,0.00018498820700180364,6.006388888888889,0.16648938630162327,0,0,0,0,,,,,,,,0,0,0,0,,,,,,,
loso_chb08,chb08,additional,Raw threshold,0.3,,6.006388888888889,6,10805,0,4421,0,4421,0.4091624248033318,0.0,,645,645,107.385654164547,107.385654164547,736.0495768394765,10916.0,0.5048328169079221,6.006388888888889,107.385654164547,0,0,0,0,,,,,,,,0,0,0,0,,,,,,,
loso_chb08,chb08,additional,Raw persistence,0.3,,6.006388888888889,6,10805,0,3384,0,3384,0.31318833873206847,0.0,,755,755,125.69948665772557,125.69948665772557,563.4000832446932,8278.0,0.3828330943902326,6.006388888888889,125.69948665772557,0,0,0,0,,,,,,,,0,0,0,0,,,,,,,
loso_chb08,chb08,additional,Isotonic full,0.3,0.4,6.006388888888889,6,10805,0,1,0,1,9.254974548819991e-05,0.0,,1,1,0.16648938630162327,0.16648938630162327,0.16648938630162327,4.0,0.00018498820700180364,6.006388888888889,0.16648938630162327,0,0,0,0,,,,,,,,0,0,0,0,,,,,,,
loso_chb08,chb08,additional,Raw threshold,0.4,,6.006388888888889,6,10805,0,3289,0,3289,0.3043961129106895,0.0,,719,719,119.70586875086713,119.70586875086713,547.583591546039,8680.0,0.40142440919391387,6.006388888888889,119.70586875086713,0,0,0,0,,,,,,,,0,0,0,0,,,,,,,
loso_chb08,chb08,additional,Raw persistence,0.4,,6.006388888888889,6,10805,0,2238,0,2238,0.2071263304025914,0.0,,699,699,116.37608102483466,116.37608102483466,372.60324654303287,5874.0,0.27165518198214866,6.006388888888889,116.37608102483466,0,0,0,0,,,,,,,,0,0,0,0,,,,,,,
loso_chb08,chb08,additional,Isotonic full,0.4,0.4,6.006388888888889,6,10805,0,1,0,1,9.254974548819991e-05,0.0,,1,1,0.16648938630162327,0.16648938630162327,0.16648938630162327,4.0,0.00018498820700180364,6.006388888888889,0.16648938630162327,0,0,0,0,,,,,,,,0,0,0,0,,,,,,,
loso_chb08,chb08,additional,Raw threshold,0.5,,6.006388888888889,6,10805,0,2222,0,2222,0.2056455344747802,0.0,,696,696,115.8766128659298,115.8766128659298,369.9394163622069,6232.0,0.28821162650881005,6.006388888888889,115.8766128659298,0,0,0,0,,,,,,,,0,0,0,0,,,,,,,
loso_chb08,chb08,additional,Raw persistence,0.5,,6.006388888888889,6,10805,0,1328,0,1328,0.12290606200832947,0.0,,525,525,87.40692780835222,87.40692780835222,221.0979050085557,3706.0,0.17139157378717107,6.006388888888889,87.40692780835222,0,0,0,0,,,,,,,,0,0,0,0,,,,,,,
loso_chb08,chb08,additional,Isotonic full,0.5,0.4,6.006388888888889,6,10805,0,1,0,1,9.254974548819991e-05,0.0,,1,1,0.16648938630162327,0.16648938630162327,0.16648938630162327,4.0,0.00018498820700180364,6.006388888888889,0.16648938630162327,0,0,0,0,,,,,,,,0,0,0,0,,,,,,,
loso_chb08,chb08,additional,Raw threshold,0.6,,6.006388888888889,6,10805,0,1275,0,1275,0.11800092549745488,0.0,,552,552,91.90214123849604,91.90214123849604,212.27396753456966,3832.0,0.17721870230772788,6.006388888888889,91.90214123849604,0,0,0,0,,,,,,,,0,0,0,0,,,,,,,
loso_chb08,chb08,additional,Raw persistence,0.6,,6.006388888888889,6,10805,0,634,0,634,0.058676538639518744,0.0,,343,343,57.105859501456784,57.105859501456784,105.55427091522915,1954.0,0.09036673912038108,6.006388888888889,57.105859501456784,0,0,0,0,,,,,,,,0,0,0,0,,,,,,,
loso_chb08,chb08,additional,Isotonic full,0.6,0.4,6.006388888888889,6,10805,0,0,0,0,0.0,,,0,0,0.0,0.0,0.0,0.0,0.0,6.006388888888889,0.0,0,0,0,0,,,,,,,,0,0,0,0,,,,,,,
loso_chb08,chb08,additional,Raw threshold,0.7,,6.006388888888889,6,10805,0,676,0,676,0.06256362795002314,0.0,,361,361,60.102668454886,60.102668454886,112.54682513989734,2132.0,0.09859871433196134,6.006388888888889,60.102668454886,0,0,0,0,,,,,,,,0,0,0,0,,,,,,,
loso_chb08,chb08,additional,Raw persistence,0.7,,6.006388888888889,6,10805,0,286,0,286,0.026469227209625173,0.0,,171,171,28.46968505757758,28.46968505757758,47.61596448226425,914.0,0.04226980529991213,6.006388888888889,28.46968505757758,0,0,0,0,,,,,,,,0,0,0,0,,,,,,,
loso_chb08,chb08,additional,Isotonic full,0.7,0.4,6.006388888888889,6,10805,0,0,0,0,0.0,,,0,0,0.0,0.0,0.0,0.0,0.0,6.006388888888889,0.0,0,0,0,0,,,,,,,,0,0,0,0,,,,,,,
loso_chb08,chb08,additional,Raw threshold,0.8,,6.006388888888889,6,10805,0,318,0,318,0.02943081906524757,0.0,,197,197,32.798409101419786,32.798409101419786,52.9436248439162,1054.0,0.04874439254497526,6.006388888888889,32.798409101419786,0,0,0,0,,,,,,,,0,0,0,0,,,,,,,
loso_chb08,chb08,additional,Raw persistence,0.8,,6.006388888888889,6,10805,0,109,0,109,0.01008792225821379,0.0,,77,77,12.819682745224991,12.819682745224991,18.147343106876935,372.0,0.01720390325116774,6.006388888888889,12.819682745224991,0,0,0,0,,,,,,,,0,0,0,0,,,,,,,
loso_chb08,chb08,additional,Isotonic full,0.8,0.4,6.006388888888889,6,10805,0,0,0,0,0.0,,,0,0,0.0,0.0,0.0,0.0,0.0,6.006388888888889,0.0,0,0,0,0,,,,,,,,0,0,0,0,,,,,,,
loso_chb08,chb08,additional,Raw threshold,0.9,,6.006388888888889,6,10805,0,37,0,37,0.0034243405830633967,0.0,,28,28,4.661702816445452,4.661702816445452,6.160107293160061,132.0,0.00610461083105952,6.006388888888889,4.661702816445452,0,0,0,0,,,,,,,,0,0,0,0,,,,,,,
loso_chb08,chb08,additional,Raw persistence,0.9,,6.006388888888889,6,10805,0,8,0,8,0.0007403979639055993,0.0,,7,7,1.165425704111363,1.165425704111363,1.3319150904129862,30.0,0.0013874115525135272,6.006388888888889,1.165425704111363,0,0,0,0,,,,,,,,0,0,0,0,,,,,,,
loso_chb08,chb08,additional,Isotonic full,0.9,0.4,6.006388888888889,6,10805,0,0,0,0,0.0,,,0,0,0.0,0.0,0.0,0.0,0.0,6.006388888888889,0.0,0,0,0,0,,,,,,,,0,0,0,0,,,,,,,
loso_chb08,chb08,combined,Raw threshold,0.1,,20.00638888888889,20,35991,1212,25989,962,25027,0.7220971909644077,0.03701566047173804,0.7937293729372937,1616,1566,80.7741971314719,78.27499548755259,1250.9503908473682,58456.0,0.8116296183163711,19.334444444444443,80.99534509510949,5,5,0,0,1.0,1.0,0.0,0.0,299.0,-299.0,1.0,5,5,0,0,1.0,1.0,0.0,0.0,300.0,-300.0,1.0
loso_chb08,chb08,combined,Raw persistence,0.1,,20.00638888888889,20,35991,1212,22750,870,21880,0.63210247006196,0.03824175824175824,0.7178217821782178,2522,2444,126.05973091928968,122.16097635477556,1093.6506393790871,50544.0,0.7017758216125405,19.334444444444443,126.40652836043907,5,5,0,0,1.0,1.0,0.0,0.0,299.0,-299.0,1.0,5,5,0,0,1.0,1.0,0.0,0.0,299.0,-299.0,1.0
loso_chb08,chb08,combined,Isotonic full,0.1,0.4,20.00638888888889,20,35991,1212,61,57,4,0.0016948681614848157,0.9344262295081968,0.04702970297029703,20,4,0.9996806575677214,0.19993613151354428,0.19993613151354428,162.0,0.002249281479527373,19.334444444444443,0.20688466180104592,5,0,5,0,1.0,0.0,1.0,0.0,-13.0,13.0,0.0,5,0,5,0,1.0,0.0,1.0,0.0,-15.0,15.0,0.0
loso_chb08,chb08,combined,Raw threshold,0.2,,20.00638888888889,20,35991,1212,17913,753,17160,0.4977077602734017,0.04203650979735388,0.6212871287128713,2798,2718,139.85532399372423,135.85660136345334,857.7260041931049,44618.0,0.619496549713286,19.334444444444443,140.5781276938107,5,5,0,0,1.0,1.0,0.0,0.0,299.0,-299.0,1.0,5,5,0,0,1.0,1.0,0.0,0.0,297.0,-297.0,1.0
loso_chb08,chb08,combined,Raw persistence,0.2,,20.00638888888889,20,35991,1212,13517,631,12886,0.3755661137506599,0.046681956055337724,0.5206270627062707,2975,2887,148.70249781319856,144.3039029199006,644.094247670883,32984.0,0.457964816794635,19.334444444444443,149.3190046549049,5,5,0,0,1.0,1.0,0.0,0.0,293.0,-293.0,1.0,5,5,0,0,1.0,1.0,0.0,0.0,291.0,-291.0,1.0
loso_chb08,chb08,combined,Isotonic full,0.2,0.4,20.00638888888889,20,35991,1212,19,18,1,0.0005279097552165819,0.9473684210526315,0.01485148514851485,13,1,0.6497924274190189,0.04998403287838607,0.04998403287838607,64.0,0.0008886050289490857,19.334444444444443,0.05172116545026148,5,0,5,0,1.0,0.0,1.0,0.0,-16.0,16.0,0.0,5,0,5,0,1.0,0.0,1.0,0.0,-18.0,18.0,0.0
loso_chb08,chb08,combined,Raw threshold,0.3,,20.00638888888889,20,35991,1212,12415,609,11806,0.3449473479480981,0.04905356423681031,0.5024752475247525,2904,2817,145.15363147883315,140.80502061841355,590.111492162226,33072.0,0.45918664870944004,19.334444444444443,145.69852307338658,5,5,0,0,1.0,1.0,0.0,0.0,295.0,-295.0,1.0,5,5,0,0,1.0,1.0,0.0,0.0,293.0,-293.0,1.0
loso_chb08,chb08,combined,Raw persistence,0.3,,20.00638888888889,20,35991,1212,8294,477,7817,0.23044650051401738,0.0575114540631782,0.3935643564356436,2438,2349,121.86107215750523,117.41249323132888,390.7251850103439,21464.0,0.29801591158379964,19.334444444444443,121.49301764266423,5,5,0,0,1.0,1.0,0.0,0.0,288.0,-288.0,1.0,5,5,0,0,1.0,1.0,0.0,0.0,286.0,-286.0,1.0
loso_chb08,chb08,combined,Isotonic full,0.3,0.4,20.00638888888889,20,35991,1212,16,15,1,0.0004445555833402795,0.9375,0.012376237623762377,10,1,0.4998403287838607,0.04998403287838607,0.04998403287838607,52.0,0.0007219915860211322,19.334444444444443,0.05172116545026148,5,0,5,0,1.0,0.0,1.0,0.0,-17.0,17.0,0.0,5,0,5,0,1.0,0.0,1.0,0.0,-19.0,19.0,0.0
loso_chb08,chb08,combined,Raw threshold,0.4,,20.00638888888889,20,35991,1212,8298,497,7801,0.23055763940985247,0.059893950349481806,0.41006600660066006,2555,2471,127.70920400427642,123.51054524249199,389.92544048428977,23316.0,0.32372991960901376,19.334444444444443,127.80299982759612,5,5,0,0,1.0,1.0,0.0,0.0,287.0,-287.0,1.0,5,5,0,0,1.0,1.0,0.0,0.0,285.0,-285.0,1.0
loso_chb08,chb08,combined,Raw persistence,0.4,,20.00638888888889,20,35991,1212,4938,374,4564,0.13720096690839376,0.07573916565411097,0.3085808580858086,1766,1693,88.2718020632298,84.62296766310762,228.12712605695404,13408.0,0.18616275356483344,19.334444444444443,87.56393310729268,5,5,0,0,1.0,1.0,0.0,0.0,276.0,-276.0,1.0,5,5,0,0,1.0,1.0,0.0,0.0,274.0,-274.0,1.0
loso_chb08,chb08,combined,Isotonic full,0.4,0.4,20.00638888888889,20,35991,1212,16,15,1,0.0004445555833402795,0.9375,0.012376237623762377,10,1,0.4998403287838607,0.04998403287838607,0.04998403287838607,52.0,0.0007219915860211322,19.334444444444443,0.05172116545026148,5,0,5,0,1.0,0.0,1.0,0.0,-17.0,17.0,0.0,5,0,5,0,1.0,0.0,1.0,0.0,-19.0,19.0,0.0
loso_chb08,chb08,combined,Raw threshold,0.5,,20.00638888888889,20,35991,1212,5247,386,4861,0.1457864466116529,0.07356584715075282,0.3184818481848185,2005,1934,100.21798592116407,96.66911958679866,242.97238382183468,15318.0,0.21268205989753272,19.334444444444443,100.02873398080571,5,5,0,0,1.0,1.0,0.0,0.0,278.0,-278.0,1.0,5,5,0,0,1.0,1.0,0.0,0.0,276.0,-276.0,1.0
loso_chb08,chb08,combined,Raw persistence,0.5,,20.00638888888889,20,35991,1212,2835,295,2540,0.07876969242310577,0.10405643738977072,0.2433993399339934,1157,1105,57.83152604029269,55.23235633061661,126.95944351110062,7984.0,0.11085347736139844,19.334444444444443,57.15188782253894,5,5,0,0,1.0,1.0,0.0,0.0,244.0,-244.0,1.0,5,5,0,0,1.0,1.0,0.0,0.0,242.0,-242.0,1.0
loso_chb08,chb08,combined,Isotonic full,0.5,0.4,20.00638888888889,20,35991,1212,16,15,1,0.0004445555833402795,0.9375,0.012376237623762377,10,1,0.4998403287838607,0.04998403287838607,0.04998403287838607,52.0,0.0007219915860211322,19.334444444444443,0.05172116545026148,5,0,5,0,1.0,0.0,1.0,0.0,-17.0,17.0,0.0,5,0,5,0,1.0,0.0,1.0,0.0,-19.0,19.0,0.0
loso_chb08,chb08,combined,Raw threshold,0.6,,20.00638888888889,20,35991,1212,2942,314,2628,0.0817426578866939,0.10673011556764106,0.2590759075907591,1328,1266,66.3787956624967,63.27978562403676,131.3580384043986,8902.0,0.12359940574538689,19.334444444444443,65.47899546003103,5,5,0,0,1.0,1.0,0.0,0.0,246.0,-246.0,1.0,5,5,0,0,1.0,1.0,0.0,0.0,244.0,-244.0,1.0
loso_chb08,chb08,combined,Raw persistence,0.6,,20.00638888888889,20,35991,1212,1433,231,1202,0.03981550943291379,0.1612002791346825,0.1905940594059406,692,643,34.588950751843164,32.13973314080224,60.080807519820056,4250.0,0.059008927703650224,19.334444444444443,33.25670938451813,5,4,1,0,1.0,0.8,0.2,0.0,206.0,-206.0,0.8,5,4,1,0,1.0,0.8,0.2,0.0,204.0,-204.0,0.8
loso_chb08,chb08,combined,Isotonic full,0.6,0.4,20.00638888888889,20,35991,1212,15,15,0,0.00041677085938151203,1.0,0.012376237623762377,9,0,0.44985629590547466,0.0,0.0,48.0,0.0006664537717118143,19.334444444444443,0.0,5,0,5,0,1.0,0.0,1.0,0.0,-17.0,17.0,0.0,5,0,5,0,1.0,0.0,1.0,0.0,-19.0,19.0,0.0
loso_chb08,chb08,combined,Raw threshold,0.7,,20.00638888888889,20,35991,1212,1530,246,1284,0.04251062765691423,0.1607843137254902,0.20297029702970298,740,691,36.988184330005694,34.53896671896477,64.17949821584772,4680.0,0.0649792427419019,19.334444444444443,35.73932532613068,5,3,2,0,1.0,0.6,0.4,0.0,206.0,-206.0,0.6,5,3,2,0,1.0,0.6,0.4,0.0,204.0,-204.0,0.6
loso_chb08,chb08,combined,Raw persistence,0.7,,20.00638888888889,20,35991,1212,720,182,538,0.020005001250312578,0.25277777777777777,0.15016501650165018,338,305,16.89460311289449,15.245130027907752,26.891409688571706,2116.0,0.029379503769629146,19.334444444444443,15.774955462329752,5,1,4,0,1.0,0.2,0.8,0.0,-6.0,6.0,0.2,5,1,4,0,1.0,0.2,0.8,0.0,-8.0,8.0,0.2
loso_chb08,chb08,combined,Isotonic full,0.7,0.4,20.00638888888889,20,35991,1212,8,8,0,0.00022227779167013976,1.0,0.006600660066006601,4,0,0.19993613151354428,0.0,0.0,24.0,0.0003332268858559071,19.334444444444443,0.0,5,0,4,1,0.8,0.0,0.8,0.2,-22.5,22.5,0.0,5,0,4,1,0.8,0.0,0.8,0.2,-24.5,24.5,0.0
loso_chb08,chb08,combined,Raw threshold,0.8,,20.00638888888889,20,35991,1212,754,183,571,0.020949681864910672,0.2427055702917772,0.15099009900990099,385,350,19.243852658178636,17.494411507435125,28.540882773558447,2340.0,0.03248962137095095,19.334444444444443,18.10240790759152,5,1,4,0,1.0,0.2,0.8,0.0,-5.0,5.0,0.2,5,1,4,0,1.0,0.2,0.8,0.0,-7.0,7.0,0.2
loso_chb08,chb08,combined,Raw persistence,0.8,,20.00638888888889,20,35991,1212,338,139,199,0.009391236698063405,0.41124260355029585,0.11468646864686469,147,123,7.347652833122752,6.148036044041486,9.946822542798827,970.0,0.01346791997000958,19.334444444444443,6.361703350382162,5,0,5,0,1.0,0.0,1.0,0.0,-8.0,8.0,0.0,5,0,5,0,1.0,0.0,1.0,0.0,-10.0,10.0,0.0
loso_chb08,chb08,combined,Isotonic full,0.8,0.4,20.00638888888889,20,35991,1212,8,8,0,0.00022227779167013976,1.0,0.006600660066006601,4,0,0.19993613151354428,0.0,0.0,24.0,0.0003332268858559071,19.334444444444443,0.0,5,0,4,1,0.8,0.0,0.8,0.2,-22.5,22.5,0.0,5,0,4,1,0.8,0.0,0.8,0.2,-24.5,24.5,0.0
loso_chb08,chb08,combined,Raw threshold,0.9,,20.00638888888889,20,35991,1212,184,109,75,0.005112389208413215,0.592391304347826,0.08993399339933994,79,57,3.9487385973924995,2.849089874068006,3.7488024658789554,550.0,0.007636449467531206,19.334444444444443,2.9481064306649043,5,0,5,0,1.0,0.0,1.0,0.0,-9.0,9.0,0.0,5,0,5,0,1.0,0.0,1.0,0.0,-11.0,11.0,0.0
loso_chb08,chb08,combined,Raw persistence,0.9,,20.00638888888889,20,35991,1212,93,79,14,0.002583979328165375,0.8494623655913979,0.06518151815181518,32,13,1.5994890521083542,0.6497924274190189,0.699776460297405,250.0,0.003471113394332366,19.334444444444443,0.6723751508533993,5,0,5,0,1.0,0.0,1.0,0.0,-11.0,11.0,0.0,5,0,5,0,1.0,0.0,1.0,0.0,-13.0,13.0,0.0
loso_chb08,chb08,combined,Isotonic full,0.9,0.4,20.00638888888889,20,35991,1212,8,8,0,0.00022227779167013976,1.0,0.006600660066006601,4,0,0.19993613151354428,0.0,0.0,24.0,0.0003332268858559071,19.334444444444443,0.0,5,0,4,1,0.8,0.0,0.8,0.2,-22.5,22.5,0.0,5,0,4,1,0.8,0.0,0.8,0.2,-24.5,24.5,0.0
