fold,subject,exposure,policy,cooldown_s,theta,hours,edfs,windows,positive_windows,authorized_windows,true_authorized_windows,false_authorized_windows,authorization_fraction,positive_authorization_rate,positive_window_sensitivity,clusters,false_clusters,clusters_per_hour,false_clusters_per_hour,false_windows_per_hour,authorized_support_seconds,authorized_support_fraction,at_risk_hours,false_clusters_per_nonrisk_hour,center_events,center_pre,center_post,center_missed,center_coverage,center_pre_fraction,center_post_fraction,center_missed_fraction,center_median_lead,center_median_latency,center_pre_among_covered,end_events,end_pre,end_post,end_missed,end_coverage,end_pre_fraction,end_post_fraction,end_missed_fraction,end_median_lead,end_median_latency,end_pre_among_covered
loso_chb01,chb01,original,Raw threshold 0.5,0,0.5,18.552222222222223,20,33373,1276,5308,299,5009,0.15905072963173822,0.05633006782215524,0.23432601880877743,2376,2295,128.0709109420854,123.70485715996885,269.9946098101455,16486.0,0.24684074983529974,17.846111111111114,128.59944587989912,7,7,0,0,1.0,1.0,0.0,0.0,246.0,-246.0,1.0,7,7,0,0,1.0,1.0,0.0,0.0,244.0,-244.0,1.0
loso_chb01,chb01,original,Raw threshold 0.5,30,0.5,18.552222222222223,20,33373,1276,5308,299,5009,0.15905072963173822,0.05633006782215524,0.23432601880877743,383,367,20.644427142600467,19.781996765886085,269.9946098101455,16486.0,0.24684074983529974,17.846111111111114,20.56470441739563,7,7,0,0,1.0,1.0,0.0,0.0,246.0,-246.0,1.0,7,7,0,0,1.0,1.0,0.0,0.0,244.0,-244.0,1.0
loso_chb01,chb01,original,Raw threshold 0.5,60,0.5,18.552222222222223,20,33373,1276,5308,299,5009,0.15905072963173822,0.05633006782215524,0.23432601880877743,160,147,8.624303767143799,7.923579086063365,269.9946098101455,16486.0,0.24684074983529974,17.846111111111114,8.23708869034648,7,7,0,0,1.0,1.0,0.0,0.0,246.0,-246.0,1.0,7,7,0,0,1.0,1.0,0.0,0.0,244.0,-244.0,1.0
loso_chb01,chb01,original,Raw threshold 0.5,120,0.5,18.552222222222223,20,33373,1276,5308,299,5009,0.15905072963173822,0.05633006782215524,0.23432601880877743,72,65,3.880936695214709,3.503623405402168,269.9946098101455,16486.0,0.24684074983529974,17.846111111111114,3.6422501011736133,7,7,0,0,1.0,1.0,0.0,0.0,246.0,-246.0,1.0,7,7,0,0,1.0,1.0,0.0,0.0,244.0,-244.0,1.0
loso_chb01,chb01,original,Raw persistence 0.5,0,0.5,18.552222222222223,20,33373,1276,2373,197,2176,0.07110538459233512,0.08301727770754319,0.15438871473354232,1133,1091,61.07085105108702,58.80697131221177,117.29053123315565,7012.0,0.10498892016529915,17.846111111111114,61.13376708277557,7,6,1,0,1.0,0.8571428571428571,0.14285714285714285,0.0,193.0,-193.0,0.8571428571428571,7,6,1,0,1.0,0.8571428571428571,0.14285714285714285,0.0,191.0,-191.0,0.8571428571428571
loso_chb01,chb01,original,Raw overlap 0.5,0,0.5,18.552222222222223,20,33373,1276,4217,275,3942,0.12635963203787492,0.0652122361868627,0.21551724137931033,2071,1997,111.63083188596754,107.64209139366352,212.48128406300532,13358.0,0.2000059890998383,17.846111111111114,111.90113003144162,7,6,1,0,1.0,0.8571428571428571,0.14285714285714285,0.0,246.0,-246.0,0.8571428571428571,7,6,1,0,1.0,0.8571428571428571,0.14285714285714285,0.0,244.0,-244.0,0.8571428571428571
loso_chb01,chb01,original,Nominal raw-plus-isotonic,0,0.5,18.552222222222223,20,33373,1276,35,35,0,0.0010487519851376862,1.0,0.0274294670846395,12,0,0.6468227825357848,0.0,0.0,98.0,0.0014673294603821045,17.846111111111114,0.0,7,0,5,2,0.7142857142857143,0.0,0.7142857142857143,0.2857142857142857,-28.0,28.0,0.0,7,0,5,2,0.7142857142857143,0.0,0.7142857142857143,0.2857142857142857,-30.0,30.0,0.0
loso_chb01,chb01,original,Nominal full 0.5,0,0.5,18.552222222222223,20,33373,1276,21,21,0,0.0006292511910826117,1.0,0.016457680250783698,10,0,0.5390189854464874,0.0,0.0,62.0,0.0009283104749356172,17.846111111111114,0.0,7,0,5,2,0.7142857142857143,0.0,0.7142857142857143,0.2857142857142857,-30.0,30.0,0.0,7,0,5,2,0.7142857142857143,0.0,0.7142857142857143,0.2857142857142857,-32.0,32.0,0.0
loso_chb01,chb01,original,Nominal full 0.5,30,0.5,18.552222222222223,20,33373,1276,21,21,0,0.0006292511910826117,1.0,0.016457680250783698,5,0,0.2695094927232437,0.0,0.0,62.0,0.0009283104749356172,17.846111111111114,0.0,7,0,5,2,0.7142857142857143,0.0,0.7142857142857143,0.2857142857142857,-30.0,30.0,0.0,7,0,5,2,0.7142857142857143,0.0,0.7142857142857143,0.2857142857142857,-32.0,32.0,0.0
loso_chb01,chb01,original,Nominal full 0.5,60,0.5,18.552222222222223,20,33373,1276,21,21,0,0.0006292511910826117,1.0,0.016457680250783698,5,0,0.2695094927232437,0.0,0.0,62.0,0.0009283104749356172,17.846111111111114,0.0,7,0,5,2,0.7142857142857143,0.0,0.7142857142857143,0.2857142857142857,-30.0,30.0,0.0,7,0,5,2,0.7142857142857143,0.0,0.7142857142857143,0.2857142857142857,-32.0,32.0,0.0
loso_chb01,chb01,original,Nominal full 0.5,120,0.5,18.552222222222223,20,33373,1276,21,21,0,0.0006292511910826117,1.0,0.016457680250783698,5,0,0.2695094927232437,0.0,0.0,62.0,0.0009283104749356172,17.846111111111114,0.0,7,0,5,2,0.7142857142857143,0.0,0.7142857142857143,0.2857142857142857,-30.0,30.0,0.0,7,0,5,2,0.7142857142857143,0.0,0.7142857142857143,0.2857142857142857,-32.0,32.0,0.0
loso_chb01,chb01,original,Calibrated threshold only,0,0.24,18.552222222222223,20,33373,1276,39,39,0,0.0011686093548677074,1.0,0.030564263322884012,13,0,0.7007246810804336,0.0,0.0,108.0,0.0016170569563394622,17.846111111111114,0.0,7,0,6,1,0.8571428571428571,0.0,0.8571428571428571,0.14285714285714285,-27.0,27.0,0.0,7,0,6,1,0.8571428571428571,0.0,0.8571428571428571,0.14285714285714285,-29.0,29.0,0.0
loso_chb01,chb01,original,+ persistence,0,0.24,18.552222222222223,20,33373,1276,24,24,0,0.0007191442183801277,1.0,0.018808777429467086,11,0,0.5929208839911361,0.0,0.0,70.0,0.0010480924717015032,17.846111111111114,0.0,7,0,6,1,0.8571428571428571,0.0,0.8571428571428571,0.14285714285714285,-33.0,33.0,0.0,7,0,6,1,0.8571428571428571,0.0,0.8571428571428571,0.14285714285714285,-35.0,35.0,0.0
loso_chb01,chb01,original,+ attribution overlap,0,0.24,18.552222222222223,20,33373,1276,39,39,0,0.0011686093548677074,1.0,0.030564263322884012,13,0,0.7007246810804336,0.0,0.0,108.0,0.0016170569563394622,17.846111111111114,0.0,7,0,6,1,0.8571428571428571,0.0,0.8571428571428571,0.14285714285714285,-27.0,27.0,0.0,7,0,6,1,0.8571428571428571,0.0,0.8571428571428571,0.14285714285714285,-29.0,29.0,0.0
loso_chb01,chb01,original,+ persistence + overlap,0,0.24,18.552222222222223,20,33373,1276,24,24,0,0.0007191442183801277,1.0,0.018808777429467086,11,0,0.5929208839911361,0.0,0.0,70.0,0.0010480924717015032,17.846111111111114,0.0,7,0,6,1,0.8571428571428571,0.0,0.8571428571428571,0.14285714285714285,-33.0,33.0,0.0,7,0,6,1,0.8571428571428571,0.0,0.8571428571428571,0.14285714285714285,-35.0,35.0,0.0
loso_chb01,chb01,original,+ persistence + overlap,30,0.24,18.552222222222223,20,33373,1276,24,24,0,0.0007191442183801277,1.0,0.018808777429467086,6,0,0.3234113912678924,0.0,0.0,70.0,0.0010480924717015032,17.846111111111114,0.0,7,0,6,1,0.8571428571428571,0.0,0.8571428571428571,0.14285714285714285,-33.0,33.0,0.0,7,0,6,1,0.8571428571428571,0.0,0.8571428571428571,0.14285714285714285,-35.0,35.0,0.0
loso_chb01,chb01,original,+ persistence + overlap,60,0.24,18.552222222222223,20,33373,1276,24,24,0,0.0007191442183801277,1.0,0.018808777429467086,6,0,0.3234113912678924,0.0,0.0,70.0,0.0010480924717015032,17.846111111111114,0.0,7,0,6,1,0.8571428571428571,0.0,0.8571428571428571,0.14285714285714285,-33.0,33.0,0.0,7,0,6,1,0.8571428571428571,0.0,0.8571428571428571,0.14285714285714285,-35.0,35.0,0.0
loso_chb01,chb01,original,+ persistence + overlap,120,0.24,18.552222222222223,20,33373,1276,24,24,0,0.0007191442183801277,1.0,0.018808777429467086,6,0,0.3234113912678924,0.0,0.0,70.0,0.0010480924717015032,17.846111111111114,0.0,7,0,6,1,0.8571428571428571,0.0,0.8571428571428571,0.14285714285714285,-33.0,33.0,0.0,7,0,6,1,0.8571428571428571,0.0,0.8571428571428571,0.14285714285714285,-35.0,35.0,0.0
loso_chb01,chb01,original,Full overlap lag 4s,0,0.24,18.552222222222223,20,33373,1276,24,24,0,0.0007191442183801277,1.0,0.018808777429467086,11,0,0.5929208839911361,0.0,0.0,70.0,0.0010480924717015032,17.846111111111114,0.0,7,0,6,1,0.8571428571428571,0.0,0.8571428571428571,0.14285714285714285,-33.0,33.0,0.0,7,0,6,1,0.8571428571428571,0.0,0.8571428571428571,0.14285714285714285,-35.0,35.0,0.0
loso_chb01,chb01,original,Full overlap lag 6s,0,0.24,18.552222222222223,20,33373,1276,22,22,0,0.0006592155335151171,1.0,0.017241379310344827,9,0,0.48511708690183863,0.0,0.0,62.0,0.0009283104749356172,17.846111111111114,0.0,7,0,5,2,0.7142857142857143,0.0,0.7142857142857143,0.2857142857142857,-38.0,38.0,0.0,7,0,5,2,0.7142857142857143,0.0,0.7142857142857143,0.2857142857142857,-40.0,40.0,0.0
loso_chb01,chb01,original,Full overlap lag 10s,0,0.24,18.552222222222223,20,33373,1276,20,20,0,0.0005992868486501063,1.0,0.01567398119122257,9,0,0.48511708690183863,0.0,0.0,60.0,0.0008983649757441457,17.846111111111114,0.0,7,0,5,2,0.7142857142857143,0.0,0.7142857142857143,0.2857142857142857,-38.0,38.0,0.0,7,0,5,2,0.7142857142857143,0.0,0.7142857142857143,0.2857142857142857,-40.0,40.0,0.0
loso_chb01,chb01,original,Full overlap lag 20s,0,0.24,18.552222222222223,20,33373,1276,18,18,0,0.0005393581637850957,1.0,0.014106583072100314,8,0,0.4312151883571899,0.0,0.0,52.0,0.0007785829789782596,17.846111111111114,0.0,7,0,5,2,0.7142857142857143,0.0,0.7142857142857143,0.2857142857142857,-40.0,40.0,0.0,7,0,5,2,0.7142857142857143,0.0,0.7142857142857143,0.2857142857142857,-42.0,42.0,0.0
loso_chb01,chb01,additional,Raw threshold 0.5,0,0.5,22.0,22,39578,0,11766,0,11766,0.2972863712163323,0.0,,3798,3798,172.63636363636363,172.63636363636363,534.8181818181819,34028.0,0.42964646464646467,22.0,172.63636363636363,0,0,0,0,,,,,,,,0,0,0,0,,,,,,,
loso_chb01,chb01,additional,Raw threshold 0.5,30,0.5,22.0,22,39578,0,11766,0,11766,0.2972863712163323,0.0,,290,290,13.181818181818182,13.181818181818182,534.8181818181819,34028.0,0.42964646464646467,22.0,13.181818181818182,0,0,0,0,,,,,,,,0,0,0,0,,,,,,,
loso_chb01,chb01,additional,Raw threshold 0.5,60,0.5,22.0,22,39578,0,11766,0,11766,0.2972863712163323,0.0,,105,105,4.7727272727272725,4.7727272727272725,534.8181818181819,34028.0,0.42964646464646467,22.0,4.7727272727272725,0,0,0,0,,,,,,,,0,0,0,0,,,,,,,
loso_chb01,chb01,additional,Raw threshold 0.5,120,0.5,22.0,22,39578,0,11766,0,11766,0.2972863712163323,0.0,,44,44,2.0,2.0,534.8181818181819,34028.0,0.42964646464646467,22.0,2.0,0,0,0,0,,,,,,,,0,0,0,0,,,,,,,
loso_chb01,chb01,additional,Raw persistence 0.5,0,0.5,22.0,22,39578,0,6518,0,6518,0.16468745262519582,0.0,,2838,2838,129.0,129.0,296.27272727272725,18712.0,0.23626262626262626,22.0,129.0,0,0,0,0,,,,,,,,0,0,0,0,,,,,,,
loso_chb01,chb01,additional,Raw overlap 0.5,0,0.5,22.0,22,39578,0,10261,0,10261,0.2592601950578604,0.0,,3619,3619,164.5,164.5,466.40909090909093,30130.0,0.38042929292929295,22.0,164.5,0,0,0,0,,,,,,,,0,0,0,0,,,,,,,
loso_chb01,chb01,additional,Nominal raw-plus-isotonic,0,0.5,22.0,22,39578,0,6,0,6,0.00015159937338925667,0.0,,3,3,0.13636363636363635,0.13636363636363635,0.2727272727272727,18.0,0.00022727272727272727,22.0,0.13636363636363635,0,0,0,0,,,,,,,,0,0,0,0,,,,,,,
loso_chb01,chb01,additional,Nominal full 0.5,0,0.5,22.0,22,39578,0,3,0,3,7.579968669462834e-05,0.0,,2,2,0.09090909090909091,0.09090909090909091,0.13636363636363635,10.0,0.00012626262626262626,22.0,0.09090909090909091,0,0,0,0,,,,,,,,0,0,0,0,,,,,,,
loso_chb01,chb01,additional,Nominal full 0.5,30,0.5,22.0,22,39578,0,3,0,3,7.579968669462834e-05,0.0,,2,2,0.09090909090909091,0.09090909090909091,0.13636363636363635,10.0,0.00012626262626262626,22.0,0.09090909090909091,0,0,0,0,,,,,,,,0,0,0,0,,,,,,,
loso_chb01,chb01,additional,Nominal full 0.5,60,0.5,22.0,22,39578,0,3,0,3,7.579968669462834e-05,0.0,,2,2,0.09090909090909091,0.09090909090909091,0.13636363636363635,10.0,0.00012626262626262626,22.0,0.09090909090909091,0,0,0,0,,,,,,,,0,0,0,0,,,,,,,
loso_chb01,chb01,additional,Nominal full 0.5,120,0.5,22.0,22,39578,0,3,0,3,7.579968669462834e-05,0.0,,2,2,0.09090909090909091,0.09090909090909091,0.13636363636363635,10.0,0.00012626262626262626,22.0,0.09090909090909091,0,0,0,0,,,,,,,,0,0,0,0,,,,,,,
loso_chb01,chb01,additional,Calibrated threshold only,0,0.24,22.0,22,39578,0,6,0,6,0.00015159937338925667,0.0,,3,3,0.13636363636363635,0.13636363636363635,0.2727272727272727,18.0,0.00022727272727272727,22.0,0.13636363636363635,0,0,0,0,,,,,,,,0,0,0,0,,,,,,,
loso_chb01,chb01,additional,+ persistence,0,0.24,22.0,22,39578,0,3,0,3,7.579968669462834e-05,0.0,,2,2,0.09090909090909091,0.09090909090909091,0.13636363636363635,10.0,0.00012626262626262626,22.0,0.09090909090909091,0,0,0,0,,,,,,,,0,0,0,0,,,,,,,
loso_chb01,chb01,additional,+ attribution overlap,0,0.24,22.0,22,39578,0,6,0,6,0.00015159937338925667,0.0,,3,3,0.13636363636363635,0.13636363636363635,0.2727272727272727,18.0,0.00022727272727272727,22.0,0.13636363636363635,0,0,0,0,,,,,,,,0,0,0,0,,,,,,,
loso_chb01,chb01,additional,+ persistence + overlap,0,0.24,22.0,22,39578,0,3,0,3,7.579968669462834e-05,0.0,,2,2,0.09090909090909091,0.09090909090909091,0.13636363636363635,10.0,0.00012626262626262626,22.0,0.09090909090909091,0,0,0,0,,,,,,,,0,0,0,0,,,,,,,
loso_chb01,chb01,additional,+ persistence + overlap,30,0.24,22.0,22,39578,0,3,0,3,7.579968669462834e-05,0.0,,2,2,0.09090909090909091,0.09090909090909091,0.13636363636363635,10.0,0.00012626262626262626,22.0,0.09090909090909091,0,0,0,0,,,,,,,,0,0,0,0,,,,,,,
loso_chb01,chb01,additional,+ persistence + overlap,60,0.24,22.0,22,39578,0,3,0,3,7.579968669462834e-05,0.0,,2,2,0.09090909090909091,0.09090909090909091,0.13636363636363635,10.0,0.00012626262626262626,22.0,0.09090909090909091,0,0,0,0,,,,,,,,0,0,0,0,,,,,,,
loso_chb01,chb01,additional,+ persistence + overlap,120,0.24,22.0,22,39578,0,3,0,3,7.579968669462834e-05,0.0,,2,2,0.09090909090909091,0.09090909090909091,0.13636363636363635,10.0,0.00012626262626262626,22.0,0.09090909090909091,0,0,0,0,,,,,,,,0,0,0,0,,,,,,,
loso_chb01,chb01,additional,Full overlap lag 4s,0,0.24,22.0,22,39578,0,3,0,3,7.579968669462834e-05,0.0,,2,2,0.09090909090909091,0.09090909090909091,0.13636363636363635,10.0,0.00012626262626262626,22.0,0.09090909090909091,0,0,0,0,,,,,,,,0,0,0,0,,,,,,,
loso_chb01,chb01,additional,Full overlap lag 6s,0,0.24,22.0,22,39578,0,3,0,3,7.579968669462834e-05,0.0,,2,2,0.09090909090909091,0.09090909090909091,0.13636363636363635,10.0,0.00012626262626262626,22.0,0.09090909090909091,0,0,0,0,,,,,,,,0,0,0,0,,,,,,,
loso_chb01,chb01,additional,Full overlap lag 10s,0,0.24,22.0,22,39578,0,3,0,3,7.579968669462834e-05,0.0,,2,2,0.09090909090909091,0.09090909090909091,0.13636363636363635,10.0,0.00012626262626262626,22.0,0.09090909090909091,0,0,0,0,,,,,,,,0,0,0,0,,,,,,,
loso_chb01,chb01,additional,Full overlap lag 20s,0,0.24,22.0,22,39578,0,2,0,2,5.0533124463085555e-05,0.0,,2,2,0.09090909090909091,0.09090909090909091,0.09090909090909091,8.0,0.00010101010101010101,22.0,0.09090909090909091,0,0,0,0,,,,,,,,0,0,0,0,,,,,,,
loso_chb01,chb01,combined,Raw threshold 0.5,0,0.5,40.55222222222222,42,72951,1276,17074,299,16775,0.23404751134323037,0.017512006559681388,0.23432601880877743,6174,6093,152.2481299832863,150.25070553744143,413.6641367783654,50514.0,0.3460147409376113,39.84611111111111,152.91329141279647,7,7,0,0,1.0,1.0,0.0,0.0,246.0,-246.0,1.0,7,7,0,0,1.0,1.0,0.0,0.0,244.0,-244.0,1.0
loso_chb01,chb01,combined,Raw threshold 0.5,30,0.5,40.55222222222222,42,72951,1276,17074,299,16775,0.23404751134323037,0.017512006559681388,0.23432601880877743,673,657,16.59588459325424,16.20133161629723,413.6641367783654,50514.0,0.3460147409376113,39.84611111111111,16.48843467228086,7,7,0,0,1.0,1.0,0.0,0.0,246.0,-246.0,1.0,7,7,0,0,1.0,1.0,0.0,0.0,244.0,-244.0,1.0
loso_chb01,chb01,combined,Raw threshold 0.5,60,0.5,40.55222222222222,42,72951,1276,17074,299,16775,0.23404751134323037,0.017512006559681388,0.23432601880877743,265,252,6.534783680850481,6.214209387072911,413.6641367783654,50514.0,0.3460147409376113,39.84611111111111,6.324331107176221,7,7,0,0,1.0,1.0,0.0,0.0,246.0,-246.0,1.0,7,7,0,0,1.0,1.0,0.0,0.0,244.0,-244.0,1.0
loso_chb01,chb01,combined,Raw threshold 0.5,120,0.5,40.55222222222222,42,72951,1276,17074,299,16775,0.23404751134323037,0.017512006559681388,0.23432601880877743,116,109,2.8605090829383237,2.687892155519632,413.6641367783654,50514.0,0.3460147409376113,39.84611111111111,2.7355241693738415,7,7,0,0,1.0,1.0,0.0,0.0,246.0,-246.0,1.0,7,7,0,0,1.0,1.0,0.0,0.0,244.0,-244.0,1.0
loso_chb01,chb01,combined,Raw persistence 0.5,0,0.5,40.55222222222222,42,72951,1276,8891,197,8694,0.12187632794615563,0.022157237656056688,0.15438871473354232,3971,3929,97.92311696851796,96.88741540400582,214.3902238540154,25724.0,0.17620626352850918,39.84611111111111,98.6043528575213,7,6,1,0,1.0,0.8571428571428571,0.14285714285714285,0.0,193.0,-193.0,0.8571428571428571,7,6,1,0,1.0,0.8571428571428571,0.14285714285714285,0.0,191.0,-191.0,0.8571428571428571
loso_chb01,chb01,combined,Raw overlap 0.5,0,0.5,40.55222222222222,42,72951,1276,14478,275,14203,0.19846198132993378,0.018994336234286504,0.21551724137931033,5690,5616,140.31290243033675,138.48809491191057,350.239745732526,43488.0,0.2978874976025427,39.84611111111111,140.94223610278434,7,6,1,0,1.0,0.8571428571428571,0.14285714285714285,0.0,246.0,-246.0,0.8571428571428571,7,6,1,0,1.0,0.8571428571428571,0.14285714285714285,0.0,244.0,-244.0,0.8571428571428571
loso_chb01,chb01,combined,Nominal raw-plus-isotonic,0,0.5,40.55222222222222,42,72951,1276,41,35,6,0.0005620210826445148,0.8536585365853658,0.0274294670846395,15,3,0.36989341589719704,0.07397868317943941,0.14795736635887882,116.0,0.0007945858563717566,39.84611111111111,0.07528965603781215,7,0,5,2,0.7142857142857143,0.0,0.7142857142857143,0.2857142857142857,-28.0,28.0,0.0,7,0,5,2,0.7142857142857143,0.0,0.7142857142857143,0.2857142857142857,-30.0,30.0,0.0
loso_chb01,chb01,combined,Nominal full 0.5,0,0.5,40.55222222222222,42,72951,1276,24,21,3,0.00032898795081630133,0.875,0.016457680250783698,12,2,0.29591473271775764,0.049319122119626274,0.07397868317943941,72.0,0.0004931912211962627,39.84611111111111,0.050193104025208095,7,0,5,2,0.7142857142857143,0.0,0.7142857142857143,0.2857142857142857,-30.0,30.0,0.0,7,0,5,2,0.7142857142857143,0.0,0.7142857142857143,0.2857142857142857,-32.0,32.0,0.0
loso_chb01,chb01,combined,Nominal full 0.5,30,0.5,40.55222222222222,42,72951,1276,24,21,3,0.00032898795081630133,0.875,0.016457680250783698,7,2,0.17261692741869195,0.049319122119626274,0.07397868317943941,72.0,0.0004931912211962627,39.84611111111111,0.050193104025208095,7,0,5,2,0.7142857142857143,0.0,0.7142857142857143,0.2857142857142857,-30.0,30.0,0.0,7,0,5,2,0.7142857142857143,0.0,0.7142857142857143,0.2857142857142857,-32.0,32.0,0.0
loso_chb01,chb01,combined,Nominal full 0.5,60,0.5,40.55222222222222,42,72951,1276,24,21,3,0.00032898795081630133,0.875,0.016457680250783698,7,2,0.17261692741869195,0.049319122119626274,0.07397868317943941,72.0,0.0004931912211962627,39.84611111111111,0.050193104025208095,7,0,5,2,0.7142857142857143,0.0,0.7142857142857143,0.2857142857142857,-30.0,30.0,0.0,7,0,5,2,0.7142857142857143,0.0,0.7142857142857143,0.2857142857142857,-32.0,32.0,0.0
loso_chb01,chb01,combined,Nominal full 0.5,120,0.5,40.55222222222222,42,72951,1276,24,21,3,0.00032898795081630133,0.875,0.016457680250783698,7,2,0.17261692741869195,0.049319122119626274,0.07397868317943941,72.0,0.0004931912211962627,39.84611111111111,0.050193104025208095,7,0,5,2,0.7142857142857143,0.0,0.7142857142857143,0.2857142857142857,-30.0,30.0,0.0,7,0,5,2,0.7142857142857143,0.0,0.7142857142857143,0.2857142857142857,-32.0,32.0,0.0
loso_chb01,chb01,combined,Calibrated threshold only,0,0.24,40.55222222222222,42,72951,1276,45,39,6,0.000616852407780565,0.8666666666666667,0.030564263322884012,16,3,0.3945529769570102,0.07397868317943941,0.14795736635887882,126.0,0.0008630846370934598,39.84611111111111,0.07528965603781215,7,0,6,1,0.8571428571428571,0.0,0.8571428571428571,0.14285714285714285,-27.0,27.0,0.0,7,0,6,1,0.8571428571428571,0.0,0.8571428571428571,0.14285714285714285,-29.0,29.0,0.0
loso_chb01,chb01,combined,+ persistence,0,0.24,40.55222222222222,42,72951,1276,27,24,3,0.000370111444668339,0.8888888888888888,0.018808777429467086,13,2,0.3205742937775708,0.049319122119626274,0.07397868317943941,80.0,0.0005479902457736252,39.84611111111111,0.050193104025208095,7,0,6,1,0.8571428571428571,0.0,0.8571428571428571,0.14285714285714285,-33.0,33.0,0.0,7,0,6,1,0.8571428571428571,0.0,0.8571428571428571,0.14285714285714285,-35.0,35.0,0.0
loso_chb01,chb01,combined,+ attribution overlap,0,0.24,40.55222222222222,42,72951,1276,45,39,6,0.000616852407780565,0.8666666666666667,0.030564263322884012,16,3,0.3945529769570102,0.07397868317943941,0.14795736635887882,126.0,0.0008630846370934598,39.84611111111111,0.07528965603781215,7,0,6,1,0.8571428571428571,0.0,0.8571428571428571,0.14285714285714285,-27.0,27.0,0.0,7,0,6,1,0.8571428571428571,0.0,0.8571428571428571,0.14285714285714285,-29.0,29.0,0.0
loso_chb01,chb01,combined,+ persistence + overlap,0,0.24,40.55222222222222,42,72951,1276,27,24,3,0.000370111444668339,0.8888888888888888,0.018808777429467086,13,2,0.3205742937775708,0.049319122119626274,0.07397868317943941,80.0,0.0005479902457736252,39.84611111111111,0.050193104025208095,7,0,6,1,0.8571428571428571,0.0,0.8571428571428571,0.14285714285714285,-33.0,33.0,0.0,7,0,6,1,0.8571428571428571,0.0,0.8571428571428571,0.14285714285714285,-35.0,35.0,0.0
loso_chb01,chb01,combined,+ persistence + overlap,30,0.24,40.55222222222222,42,72951,1276,27,24,3,0.000370111444668339,0.8888888888888888,0.018808777429467086,8,2,0.1972764884785051,0.049319122119626274,0.07397868317943941,80.0,0.0005479902457736252,39.84611111111111,0.050193104025208095,7,0,6,1,0.8571428571428571,0.0,0.8571428571428571,0.14285714285714285,-33.0,33.0,0.0,7,0,6,1,0.8571428571428571,0.0,0.8571428571428571,0.14285714285714285,-35.0,35.0,0.0
loso_chb01,chb01,combined,+ persistence + overlap,60,0.24,40.55222222222222,42,72951,1276,27,24,3,0.000370111444668339,0.8888888888888888,0.018808777429467086,8,2,0.1972764884785051,0.049319122119626274,0.07397868317943941,80.0,0.0005479902457736252,39.84611111111111,0.050193104025208095,7,0,6,1,0.8571428571428571,0.0,0.8571428571428571,0.14285714285714285,-33.0,33.0,0.0,7,0,6,1,0.8571428571428571,0.0,0.8571428571428571,0.14285714285714285,-35.0,35.0,0.0
loso_chb01,chb01,combined,+ persistence + overlap,120,0.24,40.55222222222222,42,72951,1276,27,24,3,0.000370111444668339,0.8888888888888888,0.018808777429467086,8,2,0.1972764884785051,0.049319122119626274,0.07397868317943941,80.0,0.0005479902457736252,39.84611111111111,0.050193104025208095,7,0,6,1,0.8571428571428571,0.0,0.8571428571428571,0.14285714285714285,-33.0,33.0,0.0,7,0,6,1,0.8571428571428571,0.0,0.8571428571428571,0.14285714285714285,-35.0,35.0,0.0
loso_chb01,chb01,combined,Full overlap lag 4s,0,0.24,40.55222222222222,42,72951,1276,27,24,3,0.000370111444668339,0.8888888888888888,0.018808777429467086,13,2,0.3205742937775708,0.049319122119626274,0.07397868317943941,80.0,0.0005479902457736252,39.84611111111111,0.050193104025208095,7,0,6,1,0.8571428571428571,0.0,0.8571428571428571,0.14285714285714285,-33.0,33.0,0.0,7,0,6,1,0.8571428571428571,0.0,0.8571428571428571,0.14285714285714285,-35.0,35.0,0.0
loso_chb01,chb01,combined,Full overlap lag 6s,0,0.24,40.55222222222222,42,72951,1276,25,22,3,0.0003426957821003139,0.88,0.017241379310344827,11,2,0.2712551716579445,0.049319122119626274,0.07397868317943941,72.0,0.0004931912211962627,39.84611111111111,0.050193104025208095,7,0,5,2,0.7142857142857143,0.0,0.7142857142857143,0.2857142857142857,-38.0,38.0,0.0,7,0,5,2,0.7142857142857143,0.0,0.7142857142857143,0.2857142857142857,-40.0,40.0,0.0
loso_chb01,chb01,combined,Full overlap lag 10s,0,0.24,40.55222222222222,42,72951,1276,23,20,3,0.0003152801195322888,0.8695652173913043,0.01567398119122257,11,2,0.2712551716579445,0.049319122119626274,0.07397868317943941,70.0,0.00047949146505192207,39.84611111111111,0.050193104025208095,7,0,5,2,0.7142857142857143,0.0,0.7142857142857143,0.2857142857142857,-38.0,38.0,0.0,7,0,5,2,0.7142857142857143,0.0,0.7142857142857143,0.2857142857142857,-40.0,40.0,0.0
loso_chb01,chb01,combined,Full overlap lag 20s,0,0.24,40.55222222222222,42,72951,1276,20,18,2,0.0002741566256802511,0.9,0.014106583072100314,10,2,0.24659561059813137,0.049319122119626274,0.049319122119626274,60.0,0.0004109926843302189,39.84611111111111,0.050193104025208095,7,0,5,2,0.7142857142857143,0.0,0.7142857142857143,0.2857142857142857,-40.0,40.0,0.0,7,0,5,2,0.7142857142857143,0.0,0.7142857142857143,0.2857142857142857,-42.0,42.0,0.0
loso_chb02,chb02,original,Raw threshold 0.5,0,0.5,8.266388888888889,9,14870,452,2878,144,2734,0.19354404841963685,0.05003474635163308,0.3185840707964602,811,784,98.10813535401056,94.84189656910515,330.7369199233845,7824.0,0.2629120602170772,8.015833333333333,97.8064247842811,3,3,0,0,1.0,1.0,0.0,0.0,211.0,-211.0,1.0,3,3,0,0,1.0,1.0,0.0,0.0,209.0,-209.0,1.0
loso_chb02,chb02,original,Raw threshold 0.5,30,0.5,8.266388888888889,9,14870,452,2878,144,2734,0.19354404841963685,0.05003474635163308,0.3185840707964602,168,162,20.32326355052253,19.59743270943244,330.7369199233845,7824.0,0.2629120602170772,8.015833333333333,20.210001039609107,3,3,0,0,1.0,1.0,0.0,0.0,211.0,-211.0,1.0,3,3,0,0,1.0,1.0,0.0,0.0,209.0,-209.0,1.0
loso_chb02,chb02,original,Raw threshold 0.5,60,0.5,8.266388888888889,9,14870,452,2878,144,2734,0.19354404841963685,0.05003474635163308,0.3185840707964602,88,85,10.645519002654659,10.282603582109614,330.7369199233845,7824.0,0.2629120602170772,8.015833333333333,10.604012891152927,3,3,0,0,1.0,1.0,0.0,0.0,211.0,-211.0,1.0,3,3,0,0,1.0,1.0,0.0,0.0,209.0,-209.0,1.0
loso_chb02,chb02,original,Raw threshold 0.5,120,0.5,8.266388888888889,9,14870,452,2878,144,2734,0.19354404841963685,0.05003474635163308,0.3185840707964602,45,42,5.443731308175678,5.080815887630632,330.7369199233845,7824.0,0.2629120602170772,8.015833333333333,5.239629899157917,3,3,0,0,1.0,1.0,0.0,0.0,211.0,-211.0,1.0,3,3,0,0,1.0,1.0,0.0,0.0,209.0,-209.0,1.0
loso_chb02,chb02,original,Raw persistence 0.5,0,0.5,8.266388888888889,9,14870,452,1844,112,1732,0.12400806993947545,0.06073752711496746,0.24778761061946902,492,473,59.51812896938741,57.21966463926879,209.52316946133942,4672.0,0.15699452266541214,8.015833333333333,59.00821291194511,3,3,0,0,1.0,1.0,0.0,0.0,186.0,-186.0,1.0,3,3,0,0,1.0,1.0,0.0,0.0,184.0,-184.0,1.0
loso_chb02,chb02,original,Raw overlap 0.5,0,0.5,8.266388888888889,9,14870,452,2537,136,2401,0.1706119704102219,0.05360662199448167,0.3008849557522124,738,711,89.27719345408111,86.01095466917572,290.45330824288453,6926.0,0.23273631506435027,8.015833333333333,88.6994490071733,3,3,0,0,1.0,1.0,0.0,0.0,209.0,-209.0,1.0,3,3,0,0,1.0,1.0,0.0,0.0,207.0,-207.0,1.0
loso_chb02,chb02,original,Nominal raw-plus-isotonic,0,0.5,8.266388888888889,9,14870,452,91,63,28,0.006119704102219233,0.6923076923076923,0.13938053097345132,23,18,2.7823515575120132,2.177492523270271,3.3872105917537554,234.0,0.007863167445142646,8.015833333333333,2.2455556710676787,3,0,3,0,1.0,0.0,1.0,0.0,-8.0,8.0,0.0,3,0,3,0,1.0,0.0,1.0,0.0,-10.0,10.0,0.0
loso_chb02,chb02,original,Nominal full 0.5,0,0.5,8.266388888888889,9,14870,452,65,56,9,0.004371217215870881,0.8615384615384616,0.12389380530973451,14,7,1.6936052958768777,0.8468026479384388,1.0887462616351355,158.0,0.005309318189455291,8.015833333333333,0.8732716498596528,3,0,3,0,1.0,0.0,1.0,0.0,-10.0,10.0,0.0,3,0,3,0,1.0,0.0,1.0,0.0,-12.0,12.0,0.0
loso_chb02,chb02,original,Nominal full 0.5,30,0.5,8.266388888888889,9,14870,452,65,56,9,0.004371217215870881,0.8615384615384616,0.12389380530973451,10,7,1.209718068483484,0.8468026479384388,1.0887462616351355,158.0,0.005309318189455291,8.015833333333333,0.8732716498596528,3,0,3,0,1.0,0.0,1.0,0.0,-10.0,10.0,0.0,3,0,3,0,1.0,0.0,1.0,0.0,-12.0,12.0,0.0
loso_chb02,chb02,original,Nominal full 0.5,60,0.5,8.266388888888889,9,14870,452,65,56,9,0.004371217215870881,0.8615384615384616,0.12389380530973451,10,7,1.209718068483484,0.8468026479384388,1.0887462616351355,158.0,0.005309318189455291,8.015833333333333,0.8732716498596528,3,0,3,0,1.0,0.0,1.0,0.0,-10.0,10.0,0.0,3,0,3,0,1.0,0.0,1.0,0.0,-12.0,12.0,0.0
loso_chb02,chb02,original,Nominal full 0.5,120,0.5,8.266388888888889,9,14870,452,65,56,9,0.004371217215870881,0.8615384615384616,0.12389380530973451,10,7,1.209718068483484,0.8468026479384388,1.0887462616351355,158.0,0.005309318189455291,8.015833333333333,0.8732716498596528,3,0,3,0,1.0,0.0,1.0,0.0,-10.0,10.0,0.0,3,0,3,0,1.0,0.0,1.0,0.0,-12.0,12.0,0.0
loso_chb02,chb02,original,Calibrated threshold only,0,0.44,8.266388888888889,9,14870,452,91,63,28,0.006119704102219233,0.6923076923076923,0.13938053097345132,23,18,2.7823515575120132,2.177492523270271,3.3872105917537554,234.0,0.007863167445142646,8.015833333333333,2.2455556710676787,3,0,3,0,1.0,0.0,1.0,0.0,-8.0,8.0,0.0,3,0,3,0,1.0,0.0,1.0,0.0,-10.0,10.0,0.0
loso_chb02,chb02,original,+ persistence,0,0.44,8.266388888888889,9,14870,452,65,56,9,0.004371217215870881,0.8615384615384616,0.12389380530973451,14,7,1.6936052958768777,0.8468026479384388,1.0887462616351355,158.0,0.005309318189455291,8.015833333333333,0.8732716498596528,3,0,3,0,1.0,0.0,1.0,0.0,-10.0,10.0,0.0,3,0,3,0,1.0,0.0,1.0,0.0,-12.0,12.0,0.0
loso_chb02,chb02,original,+ attribution overlap,0,0.44,8.266388888888889,9,14870,452,86,63,23,0.005783456624075319,0.7325581395348837,0.13938053097345132,21,16,2.540407943815316,1.9355489095735745,2.7823515575120132,218.0,0.007325514970261097,8.015833333333333,1.996049485393492,3,0,3,0,1.0,0.0,1.0,0.0,-8.0,8.0,0.0,3,0,3,0,1.0,0.0,1.0,0.0,-10.0,10.0,0.0
loso_chb02,chb02,original,+ persistence + overlap,0,0.44,8.266388888888889,9,14870,452,65,56,9,0.004371217215870881,0.8615384615384616,0.12389380530973451,14,7,1.6936052958768777,0.8468026479384388,1.0887462616351355,158.0,0.005309318189455291,8.015833333333333,0.8732716498596528,3,0,3,0,1.0,0.0,1.0,0.0,-10.0,10.0,0.0,3,0,3,0,1.0,0.0,1.0,0.0,-12.0,12.0,0.0
loso_chb02,chb02,original,+ persistence + overlap,30,0.44,8.266388888888889,9,14870,452,65,56,9,0.004371217215870881,0.8615384615384616,0.12389380530973451,10,7,1.209718068483484,0.8468026479384388,1.0887462616351355,158.0,0.005309318189455291,8.015833333333333,0.8732716498596528,3,0,3,0,1.0,0.0,1.0,0.0,-10.0,10.0,0.0,3,0,3,0,1.0,0.0,1.0,0.0,-12.0,12.0,0.0
loso_chb02,chb02,original,+ persistence + overlap,60,0.44,8.266388888888889,9,14870,452,65,56,9,0.004371217215870881,0.8615384615384616,0.12389380530973451,10,7,1.209718068483484,0.8468026479384388,1.0887462616351355,158.0,0.005309318189455291,8.015833333333333,0.8732716498596528,3,0,3,0,1.0,0.0,1.0,0.0,-10.0,10.0,0.0,3,0,3,0,1.0,0.0,1.0,0.0,-12.0,12.0,0.0
loso_chb02,chb02,original,+ persistence + overlap,120,0.44,8.266388888888889,9,14870,452,65,56,9,0.004371217215870881,0.8615384615384616,0.12389380530973451,10,7,1.209718068483484,0.8468026479384388,1.0887462616351355,158.0,0.005309318189455291,8.015833333333333,0.8732716498596528,3,0,3,0,1.0,0.0,1.0,0.0,-10.0,10.0,0.0,3,0,3,0,1.0,0.0,1.0,0.0,-12.0,12.0,0.0
loso_chb02,chb02,original,Full overlap lag 4s,0,0.44,8.266388888888889,9,14870,452,63,56,7,0.004236718224613315,0.8888888888888888,0.12389380530973451,12,5,1.4516616821801809,0.604859034241742,0.8468026479384388,150.0,0.005040491952014517,8.015833333333333,0.6237654641854663,3,0,3,0,1.0,0.0,1.0,0.0,-10.0,10.0,0.0,3,0,3,0,1.0,0.0,1.0,0.0,-12.0,12.0,0.0
loso_chb02,chb02,original,Full overlap lag 6s,0,0.44,8.266388888888889,9,14870,452,58,53,5,0.0039004707464694015,0.9137931034482759,0.1172566371681416,10,3,1.209718068483484,0.3629154205450452,0.604859034241742,136.0,0.004570046036493162,8.015833333333333,0.37425927851127977,3,0,3,0,1.0,0.0,1.0,0.0,-12.0,12.0,0.0,3,0,3,0,1.0,0.0,1.0,0.0,-14.0,14.0,0.0
loso_chb02,chb02,original,Full overlap lag 10s,0,0.44,8.266388888888889,9,14870,452,53,51,2,0.0035642232683254877,0.9622641509433962,0.11283185840707964,9,1,1.0887462616351355,0.1209718068483484,0.2419436136966968,124.0,0.004166806680332,8.015833333333333,0.12475309283709325,3,0,3,0,1.0,0.0,1.0,0.0,-10.0,10.0,0.0,3,0,3,0,1.0,0.0,1.0,0.0,-12.0,12.0,0.0
loso_chb02,chb02,original,Full overlap lag 20s,0,0.44,8.266388888888889,9,14870,452,48,45,3,0.0032279757901815735,0.9375,0.09955752212389381,7,2,0.8468026479384388,0.2419436136966968,0.3629154205450452,114.0,0.0038307738835310326,8.015833333333333,0.2495061856741865,3,0,2,1,0.6666666666666666,0.0,0.6666666666666666,0.3333333333333333,-23.0,23.0,0.0,3,0,2,1,0.6666666666666666,0.0,0.6666666666666666,0.3333333333333333,-25.0,25.0,0.0
loso_chb02,chb02,additional,Raw threshold 0.5,0,0.5,27.0,27,48573,0,4951,0,4951,0.10192905523644823,0.0,,2148,2148,79.55555555555556,79.55555555555556,183.37037037037038,15160.0,0.15596707818930042,27.0,79.55555555555556,0,0,0,0,,,,,,,,0,0,0,0,,,,,,,
loso_chb02,chb02,additional,Raw threshold 0.5,30,0.5,27.0,27,48573,0,4951,0,4951,0.10192905523644823,0.0,,546,546,20.22222222222222,20.22222222222222,183.37037037037038,15160.0,0.15596707818930042,27.0,20.22222222222222,0,0,0,0,,,,,,,,0,0,0,0,,,,,,,
loso_chb02,chb02,additional,Raw threshold 0.5,60,0.5,27.0,27,48573,0,4951,0,4951,0.10192905523644823,0.0,,293,293,10.851851851851851,10.851851851851851,183.37037037037038,15160.0,0.15596707818930042,27.0,10.851851851851851,0,0,0,0,,,,,,,,0,0,0,0,,,,,,,
loso_chb02,chb02,additional,Raw threshold 0.5,120,0.5,27.0,27,48573,0,4951,0,4951,0.10192905523644823,0.0,,144,144,5.333333333333333,5.333333333333333,183.37037037037038,15160.0,0.15596707818930042,27.0,5.333333333333333,0,0,0,0,,,,,,,,0,0,0,0,,,,,,,
loso_chb02,chb02,additional,Raw persistence 0.5,0,0.5,27.0,27,48573,0,2322,0,2322,0.04780433574207893,0.0,,1171,1171,43.370370370370374,43.370370370370374,86.0,6986.0,0.0718724279835391,27.0,43.370370370370374,0,0,0,0,,,,,,,,0,0,0,0,,,,,,,
loso_chb02,chb02,additional,Raw overlap 0.5,0,0.5,27.0,27,48573,0,4302,0,4302,0.08856772280896795,0.0,,1986,1986,73.55555555555556,73.55555555555556,159.33333333333334,13396.0,0.13781893004115225,27.0,73.55555555555556,0,0,0,0,,,,,,,,0,0,0,0,,,,,,,
loso_chb02,chb02,additional,Nominal raw-plus-isotonic,0,0.5,27.0,27,48573,0,18,0,18,0.00037057624606262737,0.0,,10,10,0.37037037037037035,0.37037037037037035,0.6666666666666666,62.0,0.0006378600823045268,27.0,0.37037037037037035,0,0,0,0,,,,,,,,0,0,0,0,,,,,,,
loso_chb02,chb02,additional,Nominal full 0.5,0,0.5,27.0,27,48573,0,5,0,5,0.00010293784612850761,0.0,,5,5,0.18518518518518517,0.18518518518518517,0.18518518518518517,20.0,0.00020576131687242798,27.0,0.18518518518518517,0,0,0,0,,,,,,,,0,0,0,0,,,,,,,
loso_chb02,chb02,additional,Nominal full 0.5,30,0.5,27.0,27,48573,0,5,0,5,0.00010293784612850761,0.0,,3,3,0.1111111111111111,0.1111111111111111,0.18518518518518517,20.0,0.00020576131687242798,27.0,0.1111111111111111,0,0,0,0,,,,,,,,0,0,0,0,,,,,,,
loso_chb02,chb02,additional,Nominal full 0.5,60,0.5,27.0,27,48573,0,5,0,5,0.00010293784612850761,0.0,,3,3,0.1111111111111111,0.1111111111111111,0.18518518518518517,20.0,0.00020576131687242798,27.0,0.1111111111111111,0,0,0,0,,,,,,,,0,0,0,0,,,,,,,
loso_chb02,chb02,additional,Nominal full 0.5,120,0.5,27.0,27,48573,0,5,0,5,0.00010293784612850761,0.0,,3,3,0.1111111111111111,0.1111111111111111,0.18518518518518517,20.0,0.00020576131687242798,27.0,0.1111111111111111,0,0,0,0,,,,,,,,0,0,0,0,,,,,,,
loso_chb02,chb02,additional,Calibrated threshold only,0,0.44,27.0,27,48573,0,18,0,18,0.00037057624606262737,0.0,,10,10,0.37037037037037035,0.37037037037037035,0.6666666666666666,62.0,0.0006378600823045268,27.0,0.37037037037037035,0,0,0,0,,,,,,,,0,0,0,0,,,,,,,
loso_chb02,chb02,additional,+ persistence,0,0.44,27.0,27,48573,0,5,0,5,0.00010293784612850761,0.0,,5,5,0.18518518518518517,0.18518518518518517,0.18518518518518517,20.0,0.00020576131687242798,27.0,0.18518518518518517,0,0,0,0,,,,,,,,0,0,0,0,,,,,,,
loso_chb02,chb02,additional,+ attribution overlap,0,0.44,27.0,27,48573,0,18,0,18,0.00037057624606262737,0.0,,10,10,0.37037037037037035,0.37037037037037035,0.6666666666666666,62.0,0.0006378600823045268,27.0,0.37037037037037035,0,0,0,0,,,,,,,,0,0,0,0,,,,,,,
loso_chb02,chb02,additional,+ persistence + overlap,0,0.44,27.0,27,48573,0,5,0,5,0.00010293784612850761,0.0,,5,5,0.18518518518518517,0.18518518518518517,0.18518518518518517,20.0,0.00020576131687242798,27.0,0.18518518518518517,0,0,0,0,,,,,,,,0,0,0,0,,,,,,,
loso_chb02,chb02,additional,+ persistence + overlap,30,0.44,27.0,27,48573,0,5,0,5,0.00010293784612850761,0.0,,3,3,0.1111111111111111,0.1111111111111111,0.18518518518518517,20.0,0.00020576131687242798,27.0,0.1111111111111111,0,0,0,0,,,,,,,,0,0,0,0,,,,,,,
loso_chb02,chb02,additional,+ persistence + overlap,60,0.44,27.0,27,48573,0,5,0,5,0.00010293784612850761,0.0,,3,3,0.1111111111111111,0.1111111111111111,0.18518518518518517,20.0,0.00020576131687242798,27.0,0.1111111111111111,0,0,0,0,,,,,,,,0,0,0,0,,,,,,,
loso_chb02,chb02,additional,+ persistence + overlap,120,0.44,27.0,27,48573,0,5,0,5,0.00010293784612850761,0.0,,3,3,0.1111111111111111,0.1111111111111111,0.18518518518518517,20.0,0.00020576131687242798,27.0,0.1111111111111111,0,0,0,0,,,,,,,,0,0,0,0,,,,,,,
loso_chb02,chb02,additional,Full overlap lag 4s,0,0.44,27.0,27,48573,0,5,0,5,0.00010293784612850761,0.0,,5,5,0.18518518518518517,0.18518518518518517,0.18518518518518517,20.0,0.00020576131687242798,27.0,0.18518518518518517,0,0,0,0,,,,,,,,0,0,0,0,,,,,,,
loso_chb02,chb02,additional,Full overlap lag 6s,0,0.44,27.0,27,48573,0,5,0,5,0.00010293784612850761,0.0,,5,5,0.18518518518518517,0.18518518518518517,0.18518518518518517,20.0,0.00020576131687242798,27.0,0.18518518518518517,0,0,0,0,,,,,,,,0,0,0,0,,,,,,,
loso_chb02,chb02,additional,Full overlap lag 10s,0,0.44,27.0,27,48573,0,4,0,4,8.235027690280609e-05,0.0,,4,4,0.14814814814814814,0.14814814814814814,0.14814814814814814,16.0,0.0001646090534979424,27.0,0.14814814814814814,0,0,0,0,,,,,,,,0,0,0,0,,,,,,,
loso_chb02,chb02,additional,Full overlap lag 20s,0,0.44,27.0,27,48573,0,4,0,4,8.235027690280609e-05,0.0,,4,4,0.14814814814814814,0.14814814814814814,0.14814814814814814,16.0,0.0001646090534979424,27.0,0.14814814814814814,0,0,0,0,,,,,,,,0,0,0,0,,,,,,,
loso_chb02,chb02,combined,Raw threshold 0.5,0,0.5,35.26638888888889,36,63443,452,7829,144,7685,0.12340210897971407,0.018393153659471195,0.3185840707964602,2959,2932,83.90425255397412,83.13865106057861,217.9128695090541,22984.0,0.18103482226545578,35.01583333333333,83.73354910873653,3,3,0,0,1.0,1.0,0.0,0.0,211.0,-211.0,1.0,3,3,0,0,1.0,1.0,0.0,0.0,209.0,-209.0,1.0
loso_chb02,chb02,combined,Raw threshold 0.5,30,0.5,35.26638888888889,36,63443,452,7829,144,7685,0.12340210897971407,0.018393153659471195,0.3185840707964602,714,708,20.245906158681148,20.075772493482148,217.9128695090541,22984.0,0.18103482226545578,35.01583333333333,20.219424546038695,3,3,0,0,1.0,1.0,0.0,0.0,211.0,-211.0,1.0,3,3,0,0,1.0,1.0,0.0,0.0,209.0,-209.0,1.0
loso_chb02,chb02,combined,Raw threshold 0.5,60,0.5,35.26638888888889,36,63443,452,7829,144,7685,0.12340210897971407,0.018393153659471195,0.3185840707964602,381,378,10.803487740136578,10.718420907537078,217.9128695090541,22984.0,0.18103482226545578,35.01583333333333,10.795116494918965,3,3,0,0,1.0,1.0,0.0,0.0,211.0,-211.0,1.0,3,3,0,0,1.0,1.0,0.0,0.0,209.0,-209.0,1.0
loso_chb02,chb02,combined,Raw threshold 0.5,120,0.5,35.26638888888889,36,63443,452,7829,144,7685,0.12340210897971407,0.018393153659471195,0.3185840707964602,189,186,5.359210453768539,5.2741436211690385,217.9128695090541,22984.0,0.18103482226545578,35.01583333333333,5.31188271972203,3,3,0,0,1.0,1.0,0.0,0.0,211.0,-211.0,1.0,3,3,0,0,1.0,1.0,0.0,0.0,209.0,-209.0,1.0
loso_chb02,chb02,combined,Raw persistence 0.5,0,0.5,35.26638888888889,36,63443,452,4166,112,4054,0.06566524281638636,0.02688430148823812,0.24778761061946902,1663,1644,47.155380870989845,46.616624264526344,114.95364645279184,11658.0,0.09182491985601651,35.01583333333333,46.95018920012375,3,3,0,0,1.0,1.0,0.0,0.0,186.0,-186.0,1.0,3,3,0,0,1.0,1.0,0.0,0.0,184.0,-184.0,1.0
loso_chb02,chb02,combined,Raw overlap 0.5,0,0.5,35.26638888888889,36,63443,452,6839,136,6703,0.10779755055719308,0.0198859482380465,0.3008849557522124,2724,2697,77.24068400034656,76.47508250695105,190.0676596381509,20322.0,0.16006742334139368,35.01583333333333,77.02229943596944,3,3,0,0,1.0,1.0,0.0,0.0,209.0,-209.0,1.0,3,3,0,0,1.0,1.0,0.0,0.0,207.0,-207.0,1.0
loso_chb02,chb02,combined,Nominal raw-plus-isotonic,0,0.5,35.26638888888889,36,63443,452,109,63,46,0.0017180776444997872,0.5779816513761468,0.13938053097345132,33,28,0.9357351585945068,0.7939571042620058,1.3043580998590096,296.0,0.0023314613379122394,35.01583333333333,0.7996382588828863,3,0,3,0,1.0,0.0,1.0,0.0,-8.0,8.0,0.0,3,0,3,0,1.0,0.0,1.0,0.0,-10.0,10.0,0.0
loso_chb02,chb02,combined,Nominal full 0.5,0,0.5,35.26638888888889,36,63443,452,70,56,14,0.0011033526157338083,0.8,0.12389380530973451,19,12,0.538756606463504,0.3402673303980025,0.3969785521310029,178.0,0.0014020274261769548,35.01583333333333,0.3427021109498084,3,0,3,0,1.0,0.0,1.0,0.0,-10.0,10.0,0.0,3,0,3,0,1.0,0.0,1.0,0.0,-12.0,12.0,0.0
loso_chb02,chb02,combined,Nominal full 0.5,30,0.5,35.26638888888889,36,63443,452,70,56,14,0.0011033526157338083,0.8,0.12389380530973451,13,10,0.3686229412645027,0.2835561086650021,0.3969785521310029,178.0,0.0014020274261769548,35.01583333333333,0.2855850924581737,3,0,3,0,1.0,0.0,1.0,0.0,-10.0,10.0,0.0,3,0,3,0,1.0,0.0,1.0,0.0,-12.0,12.0,0.0
loso_chb02,chb02,combined,Nominal full 0.5,60,0.5,35.26638888888889,36,63443,452,70,56,14,0.0011033526157338083,0.8,0.12389380530973451,13,10,0.3686229412645027,0.2835561086650021,0.3969785521310029,178.0,0.0014020274261769548,35.01583333333333,0.2855850924581737,3,0,3,0,1.0,0.0,1.0,0.0,-10.0,10.0,0.0,3,0,3,0,1.0,0.0,1.0,0.0,-12.0,12.0,0.0
loso_chb02,chb02,combined,Nominal full 0.5,120,0.5,35.26638888888889,36,63443,452,70,56,14,0.0011033526157338083,0.8,0.12389380530973451,13,10,0.3686229412645027,0.2835561086650021,0.3969785521310029,178.0,0.0014020274261769548,35.01583333333333,0.2855850924581737,3,0,3,0,1.0,0.0,1.0,0.0,-10.0,10.0,0.0,3,0,3,0,1.0,0.0,1.0,0.0,-12.0,12.0,0.0
loso_chb02,chb02,combined,Calibrated threshold only,0,0.44,35.26638888888889,36,63443,452,109,63,46,0.0017180776444997872,0.5779816513761468,0.13938053097345132,33,28,0.9357351585945068,0.7939571042620058,1.3043580998590096,296.0,0.0023314613379122394,35.01583333333333,0.7996382588828863,3,0,3,0,1.0,0.0,1.0,0.0,-8.0,8.0,0.0,3,0,3,0,1.0,0.0,1.0,0.0,-10.0,10.0,0.0
loso_chb02,chb02,combined,+ persistence,0,0.44,35.26638888888889,36,63443,452,70,56,14,0.0011033526157338083,0.8,0.12389380530973451,19,12,0.538756606463504,0.3402673303980025,0.3969785521310029,178.0,0.0014020274261769548,35.01583333333333,0.3427021109498084,3,0,3,0,1.0,0.0,1.0,0.0,-10.0,10.0,0.0,3,0,3,0,1.0,0.0,1.0,0.0,-12.0,12.0,0.0
loso_chb02,chb02,combined,+ attribution overlap,0,0.44,35.26638888888889,36,63443,452,104,63,41,0.0016392667433759438,0.6057692307692307,0.13938053097345132,31,26,0.8790239368615065,0.7372458825290054,1.1625800455265085,280.0,0.002205436400727794,35.01583333333333,0.7425212403912516,3,0,3,0,1.0,0.0,1.0,0.0,-8.0,8.0,0.0,3,0,3,0,1.0,0.0,1.0,0.0,-10.0,10.0,0.0
loso_chb02,chb02,combined,+ persistence + overlap,0,0.44,35.26638888888889,36,63443,452,70,56,14,0.0011033526157338083,0.8,0.12389380530973451,19,12,0.538756606463504,0.3402673303980025,0.3969785521310029,178.0,0.0014020274261769548,35.01583333333333,0.3427021109498084,3,0,3,0,1.0,0.0,1.0,0.0,-10.0,10.0,0.0,3,0,3,0,1.0,0.0,1.0,0.0,-12.0,12.0,0.0
loso_chb02,chb02,combined,+ persistence + overlap,30,0.44,35.26638888888889,36,63443,452,70,56,14,0.0011033526157338083,0.8,0.12389380530973451,13,10,0.3686229412645027,0.2835561086650021,0.3969785521310029,178.0,0.0014020274261769548,35.01583333333333,0.2855850924581737,3,0,3,0,1.0,0.0,1.0,0.0,-10.0,10.0,0.0,3,0,3,0,1.0,0.0,1.0,0.0,-12.0,12.0,0.0
loso_chb02,chb02,combined,+ persistence + overlap,60,0.44,35.26638888888889,36,63443,452,70,56,14,0.0011033526157338083,0.8,0.12389380530973451,13,10,0.3686229412645027,0.2835561086650021,0.3969785521310029,178.0,0.0014020274261769548,35.01583333333333,0.2855850924581737,3,0,3,0,1.0,0.0,1.0,0.0,-10.0,10.0,0.0,3,0,3,0,1.0,0.0,1.0,0.0,-12.0,12.0,0.0
loso_chb02,chb02,combined,+ persistence + overlap,120,0.44,35.26638888888889,36,63443,452,70,56,14,0.0011033526157338083,0.8,0.12389380530973451,13,10,0.3686229412645027,0.2835561086650021,0.3969785521310029,178.0,0.0014020274261769548,35.01583333333333,0.2855850924581737,3,0,3,0,1.0,0.0,1.0,0.0,-10.0,10.0,0.0,3,0,3,0,1.0,0.0,1.0,0.0,-12.0,12.0,0.0
loso_chb02,chb02,combined,Full overlap lag 4s,0,0.44,35.26638888888889,36,63443,452,68,56,12,0.0010718282552842709,0.8235294117647058,0.12389380530973451,17,10,0.4820453847305035,0.2835561086650021,0.3402673303980025,170.0,0.0013390149575847321,35.01583333333333,0.2855850924581737,3,0,3,0,1.0,0.0,1.0,0.0,-10.0,10.0,0.0,3,0,3,0,1.0,0.0,1.0,0.0,-12.0,12.0,0.0
loso_chb02,chb02,combined,Full overlap lag 6s,0,0.44,35.26638888888889,36,63443,452,63,53,10,0.0009930173541604274,0.8412698412698413,0.1172566371681416,15,8,0.4253341629975031,0.22684488693200167,0.2835561086650021,156.0,0.0012287431375483423,35.01583333333333,0.22846807396653895,3,0,3,0,1.0,0.0,1.0,0.0,-12.0,12.0,0.0,3,0,3,0,1.0,0.0,1.0,0.0,-14.0,14.0,0.0
loso_chb02,chb02,combined,Full overlap lag 10s,0,0.44,35.26638888888889,36,63443,452,57,51,6,0.0008984442728118153,0.8947368421052632,0.11283185840707964,13,5,0.3686229412645027,0.14177805433250104,0.17013366519900125,140.0,0.001102718200363897,35.01583333333333,0.14279254622908685,3,0,3,0,1.0,0.0,1.0,0.0,-10.0,10.0,0.0,3,0,3,0,1.0,0.0,1.0,0.0,-12.0,12.0,0.0
loso_chb02,chb02,combined,Full overlap lag 20s,0,0.44,35.26638888888889,36,63443,452,52,45,7,0.0008196333716879719,0.8653846153846154,0.09955752212389381,11,6,0.31191171953150226,0.17013366519900125,0.19848927606550146,130.0,0.0010239526146236186,35.01583333333333,0.1713510554749042,3,0,2,1,0.6666666666666666,0.0,0.6666666666666666,0.3333333333333333,-23.0,23.0,0.0,3,0,2,1,0.6666666666666666,0.0,0.6666666666666666,0.3333333333333333,-25.0,25.0,0.0
loso_chb03,chb03,original,Raw threshold 0.5,0,0.5,13.0,13,23387,1256,1286,203,1083,0.054987813742677555,0.1578538102643857,0.16162420382165604,604,567,46.46153846153846,43.61538461538461,83.3076923076923,4016.0,0.08581196581196582,12.305,46.078829744006505,7,4,3,0,1.0,0.5714285714285714,0.42857142857142855,0.0,145.0,-145.0,0.5714285714285714,7,4,3,0,1.0,0.5714285714285714,0.42857142857142855,0.0,143.0,-143.0,0.5714285714285714
loso_chb03,chb03,original,Raw threshold 0.5,30,0.5,13.0,13,23387,1256,1286,203,1083,0.054987813742677555,0.1578538102643857,0.16162420382165604,207,195,15.923076923076923,15.0,83.3076923076923,4016.0,0.08581196581196582,12.305,15.847216578626576,7,4,3,0,1.0,0.5714285714285714,0.42857142857142855,0.0,145.0,-145.0,0.5714285714285714,7,4,3,0,1.0,0.5714285714285714,0.42857142857142855,0.0,143.0,-143.0,0.5714285714285714
loso_chb03,chb03,original,Raw threshold 0.5,60,0.5,13.0,13,23387,1256,1286,203,1083,0.054987813742677555,0.1578538102643857,0.16162420382165604,138,127,10.615384615384615,9.76923076923077,83.3076923076923,4016.0,0.08581196581196582,12.305,10.321007720438846,7,4,3,0,1.0,0.5714285714285714,0.42857142857142855,0.0,145.0,-145.0,0.5714285714285714,7,4,3,0,1.0,0.5714285714285714,0.42857142857142855,0.0,143.0,-143.0,0.5714285714285714
loso_chb03,chb03,original,Raw threshold 0.5,120,0.5,13.0,13,23387,1256,1286,203,1083,0.054987813742677555,0.1578538102643857,0.16162420382165604,81,72,6.230769230769231,5.538461538461538,83.3076923076923,4016.0,0.08581196581196582,12.305,5.851279967492889,7,4,3,0,1.0,0.5714285714285714,0.42857142857142855,0.0,145.0,-145.0,0.5714285714285714,7,4,3,0,1.0,0.5714285714285714,0.42857142857142855,0.0,143.0,-143.0,0.5714285714285714
loso_chb03,chb03,original,Raw persistence 0.5,0,0.5,13.0,13,23387,1256,564,145,419,0.02411596185915252,0.2570921985815603,0.11544585987261147,278,244,21.384615384615383,18.76923076923077,32.23076923076923,1684.0,0.03598290598290598,12.305,19.82933766761479,7,3,4,0,1.0,0.42857142857142855,0.5714285714285714,0.0,-2.0,2.0,0.42857142857142855,7,3,4,0,1.0,0.42857142857142855,0.5714285714285714,0.0,-4.0,4.0,0.42857142857142855
loso_chb03,chb03,original,Raw overlap 0.5,0,0.5,13.0,13,23387,1256,1052,181,871,0.044982255098986616,0.1720532319391635,0.14410828025477707,509,469,39.15384615384615,36.07692307692308,67.0,3318.0,0.0708974358974359,12.305,38.11458756603007,7,4,3,0,1.0,0.5714285714285714,0.42857142857142855,0.0,143.0,-143.0,0.5714285714285714,7,4,3,0,1.0,0.5714285714285714,0.42857142857142855,0.0,141.0,-141.0,0.5714285714285714
loso_chb03,chb03,original,Nominal raw-plus-isotonic,0,0.5,13.0,13,23387,1256,13,5,8,0.0005558643690939411,0.38461538461538464,0.003980891719745223,7,5,0.5384615384615384,0.38461538461538464,0.6153846153846154,42.0,0.0008974358974358974,12.305,0.4063388866314506,7,0,2,5,0.2857142857142857,0.0,0.2857142857142857,0.7142857142857143,-24.0,24.0,0.0,7,0,2,5,0.2857142857142857,0.0,0.2857142857142857,0.7142857142857143,-26.0,26.0,0.0
loso_chb03,chb03,original,Nominal full 0.5,0,0.5,13.0,13,23387,1256,5,2,3,0.00021379398811305426,0.4,0.0015923566878980893,5,3,0.38461538461538464,0.23076923076923078,0.23076923076923078,20.0,0.00042735042735042735,12.305,0.24380333197887039,7,0,2,5,0.2857142857142857,0.0,0.2857142857142857,0.7142857142857143,-26.0,26.0,0.0,7,0,2,5,0.2857142857142857,0.0,0.2857142857142857,0.7142857142857143,-28.0,28.0,0.0
loso_chb03,chb03,original,Nominal full 0.5,30,0.5,13.0,13,23387,1256,5,2,3,0.00021379398811305426,0.4,0.0015923566878980893,5,3,0.38461538461538464,0.23076923076923078,0.23076923076923078,20.0,0.00042735042735042735,12.305,0.24380333197887039,7,0,2,5,0.2857142857142857,0.0,0.2857142857142857,0.7142857142857143,-26.0,26.0,0.0,7,0,2,5,0.2857142857142857,0.0,0.2857142857142857,0.7142857142857143,-28.0,28.0,0.0
loso_chb03,chb03,original,Nominal full 0.5,60,0.5,13.0,13,23387,1256,5,2,3,0.00021379398811305426,0.4,0.0015923566878980893,4,2,0.3076923076923077,0.15384615384615385,0.23076923076923078,20.0,0.00042735042735042735,12.305,0.16253555465258027,7,0,2,5,0.2857142857142857,0.0,0.2857142857142857,0.7142857142857143,-26.0,26.0,0.0,7,0,2,5,0.2857142857142857,0.0,0.2857142857142857,0.7142857142857143,-28.0,28.0,0.0
loso_chb03,chb03,original,Nominal full 0.5,120,0.5,13.0,13,23387,1256,5,2,3,0.00021379398811305426,0.4,0.0015923566878980893,4,2,0.3076923076923077,0.15384615384615385,0.23076923076923078,20.0,0.00042735042735042735,12.305,0.16253555465258027,7,0,2,5,0.2857142857142857,0.0,0.2857142857142857,0.7142857142857143,-26.0,26.0,0.0,7,0,2,5,0.2857142857142857,0.0,0.2857142857142857,0.7142857142857143,-28.0,28.0,0.0
loso_chb03,chb03,original,Calibrated threshold only,0,0.34,13.0,13,23387,1256,14,5,9,0.000598623166716552,0.35714285714285715,0.003980891719745223,7,5,0.5384615384615384,0.38461538461538464,0.6923076923076923,46.0,0.000982905982905983,12.305,0.4063388866314506,7,0,2,5,0.2857142857142857,0.0,0.2857142857142857,0.7142857142857143,-24.0,24.0,0.0,7,0,2,5,0.2857142857142857,0.0,0.2857142857142857,0.7142857142857143,-26.0,26.0,0.0
loso_chb03,chb03,original,+ persistence,0,0.34,13.0,13,23387,1256,5,2,3,0.00021379398811305426,0.4,0.0015923566878980893,5,3,0.38461538461538464,0.23076923076923078,0.23076923076923078,20.0,0.00042735042735042735,12.305,0.24380333197887039,7,0,2,5,0.2857142857142857,0.0,0.2857142857142857,0.7142857142857143,-26.0,26.0,0.0,7,0,2,5,0.2857142857142857,0.0,0.2857142857142857,0.7142857142857143,-28.0,28.0,0.0
loso_chb03,chb03,original,+ attribution overlap,0,0.34,13.0,13,23387,1256,12,5,7,0.0005131055714713302,0.4166666666666667,0.003980891719745223,7,5,0.5384615384615384,0.38461538461538464,0.5384615384615384,40.0,0.0008547008547008547,12.305,0.4063388866314506,7,0,2,5,0.2857142857142857,0.0,0.2857142857142857,0.7142857142857143,-24.0,24.0,0.0,7,0,2,5,0.2857142857142857,0.0,0.2857142857142857,0.7142857142857143,-26.0,26.0,0.0
loso_chb03,chb03,original,+ persistence + overlap,0,0.34,13.0,13,23387,1256,5,2,3,0.00021379398811305426,0.4,0.0015923566878980893,5,3,0.38461538461538464,0.23076923076923078,0.23076923076923078,20.0,0.00042735042735042735,12.305,0.24380333197887039,7,0,2,5,0.2857142857142857,0.0,0.2857142857142857,0.7142857142857143,-26.0,26.0,0.0,7,0,2,5,0.2857142857142857,0.0,0.2857142857142857,0.7142857142857143,-28.0,28.0,0.0
loso_chb03,chb03,original,+ persistence + overlap,30,0.34,13.0,13,23387,1256,5,2,3,0.00021379398811305426,0.4,0.0015923566878980893,5,3,0.38461538461538464,0.23076923076923078,0.23076923076923078,20.0,0.00042735042735042735,12.305,0.24380333197887039,7,0,2,5,0.2857142857142857,0.0,0.2857142857142857,0.7142857142857143,-26.0,26.0,0.0,7,0,2,5,0.2857142857142857,0.0,0.2857142857142857,0.7142857142857143,-28.0,28.0,0.0
loso_chb03,chb03,original,+ persistence + overlap,60,0.34,13.0,13,23387,1256,5,2,3,0.00021379398811305426,0.4,0.0015923566878980893,4,2,0.3076923076923077,0.15384615384615385,0.23076923076923078,20.0,0.00042735042735042735,12.305,0.16253555465258027,7,0,2,5,0.2857142857142857,0.0,0.2857142857142857,0.7142857142857143,-26.0,26.0,0.0,7,0,2,5,0.2857142857142857,0.0,0.2857142857142857,0.7142857142857143,-28.0,28.0,0.0
loso_chb03,chb03,original,+ persistence + overlap,120,0.34,13.0,13,23387,1256,5,2,3,0.00021379398811305426,0.4,0.0015923566878980893,4,2,0.3076923076923077,0.15384615384615385,0.23076923076923078,20.0,0.00042735042735042735,12.305,0.16253555465258027,7,0,2,5,0.2857142857142857,0.0,0.2857142857142857,0.7142857142857143,-26.0,26.0,0.0,7,0,2,5,0.2857142857142857,0.0,0.2857142857142857,0.7142857142857143,-28.0,28.0,0.0
loso_chb03,chb03,original,Full overlap lag 4s,0,0.34,13.0,13,23387,1256,4,2,2,0.0001710351904904434,0.5,0.0015923566878980893,4,2,0.3076923076923077,0.15384615384615385,0.15384615384615385,16.0,0.0003418803418803419,12.305,0.16253555465258027,7,0,2,5,0.2857142857142857,0.0,0.2857142857142857,0.7142857142857143,-26.0,26.0,0.0,7,0,2,5,0.2857142857142857,0.0,0.2857142857142857,0.7142857142857143,-28.0,28.0,0.0
loso_chb03,chb03,original,Full overlap lag 6s,0,0.34,13.0,13,23387,1256,3,1,2,0.00012827639286783256,0.3333333333333333,0.0007961783439490446,3,2,0.23076923076923078,0.15384615384615385,0.15384615384615385,12.0,0.0002564102564102564,12.305,0.16253555465258027,7,0,1,6,0.14285714285714285,0.0,0.14285714285714285,0.8571428571428571,-26.0,26.0,0.0,7,0,1,6,0.14285714285714285,0.0,0.14285714285714285,0.8571428571428571,-28.0,28.0,0.0
loso_chb03,chb03,original,Full overlap lag 10s,0,0.34,13.0,13,23387,1256,4,2,2,0.0001710351904904434,0.5,0.0015923566878980893,4,2,0.3076923076923077,0.15384615384615385,0.15384615384615385,16.0,0.0003418803418803419,12.305,0.16253555465258027,7,0,2,5,0.2857142857142857,0.0,0.2857142857142857,0.7142857142857143,-26.0,26.0,0.0,7,0,2,5,0.2857142857142857,0.0,0.2857142857142857,0.7142857142857143,-28.0,28.0,0.0
loso_chb03,chb03,original,Full overlap lag 20s,0,0.34,13.0,13,23387,1256,0,0,0,0.0,,0.0,0,0,0.0,0.0,0.0,0.0,0.0,12.305,0.0,7,0,0,7,0.0,0.0,0.0,1.0,,,,7,0,0,7,0.0,0.0,0.0,1.0,,,
loso_chb03,chb03,additional,Raw threshold 0.5,0,0.5,25.001666666666665,25,44978,0,3338,0,3338,0.07421406020721241,0.0,,1392,1392,55.676288247450174,55.676288247450174,133.51109926004935,10032.0,0.11145923605092994,25.001666666666665,55.676288247450174,0,0,0,0,,,,,,,,0,0,0,0,,,,,,,
loso_chb03,chb03,additional,Raw threshold 0.5,30,0.5,25.001666666666665,25,44978,0,3338,0,3338,0.07421406020721241,0.0,,425,425,16.998866742217185,16.998866742217185,133.51109926004935,10032.0,0.11145923605092994,25.001666666666665,16.998866742217185,0,0,0,0,,,,,,,,0,0,0,0,,,,,,,
loso_chb03,chb03,additional,Raw threshold 0.5,60,0.5,25.001666666666665,25,44978,0,3338,0,3338,0.07421406020721241,0.0,,254,254,10.159322711819213,10.159322711819213,133.51109926004935,10032.0,0.11145923605092994,25.001666666666665,10.159322711819213,0,0,0,0,,,,,,,,0,0,0,0,,,,,,,
loso_chb03,chb03,additional,Raw threshold 0.5,120,0.5,25.001666666666665,25,44978,0,3338,0,3338,0.07421406020721241,0.0,,124,124,4.959669355376309,4.959669355376309,133.51109926004935,10032.0,0.11145923605092994,25.001666666666665,4.959669355376309,0,0,0,0,,,,,,,,0,0,0,0,,,,,,,
loso_chb03,chb03,additional,Raw persistence 0.5,0,0.5,25.001666666666665,25,44978,0,1660,0,1660,0.036906932278002576,0.0,,810,810,32.3978401439904,32.3978401439904,66.39557362842477,4940.0,0.054885229873563986,25.001666666666665,32.3978401439904,0,0,0,0,,,,,,,,0,0,0,0,,,,,,,
loso_chb03,chb03,additional,Raw overlap 0.5,0,0.5,25.001666666666665,25,44978,0,2858,0,2858,0.0635421761750189,0.0,,1241,1241,49.636690887274185,49.636690887274185,114.3123791747217,8666.0,0.09628247005755172,25.001666666666665,49.636690887274185,0,0,0,0,,,,,,,,0,0,0,0,,,,,,,
loso_chb03,chb03,additional,Nominal raw-plus-isotonic,0,0.5,25.001666666666665,25,44978,0,5,0,5,0.00011116545866868247,0.0,,4,4,0.15998933404439705,0.15998933404439705,0.19998666755549632,18.0,0.0001999866675554963,25.001666666666665,0.15998933404439705,0,0,0,0,,,,,,,,0,0,0,0,,,,,,,
loso_chb03,chb03,additional,Nominal full 0.5,0,0.5,25.001666666666665,25,44978,0,1,0,1,2.2233091733736494e-05,0.0,,1,1,0.03999733351109926,0.03999733351109926,0.03999733351109926,4.0,4.444148167899918e-05,25.001666666666665,0.03999733351109926,0,0,0,0,,,,,,,,0,0,0,0,,,,,,,
loso_chb03,chb03,additional,Nominal full 0.5,30,0.5,25.001666666666665,25,44978,0,1,0,1,2.2233091733736494e-05,0.0,,1,1,0.03999733351109926,0.03999733351109926,0.03999733351109926,4.0,4.444148167899918e-05,25.001666666666665,0.03999733351109926,0,0,0,0,,,,,,,,0,0,0,0,,,,,,,
loso_chb03,chb03,additional,Nominal full 0.5,60,0.5,25.001666666666665,25,44978,0,1,0,1,2.2233091733736494e-05,0.0,,1,1,0.03999733351109926,0.03999733351109926,0.03999733351109926,4.0,4.444148167899918e-05,25.001666666666665,0.03999733351109926,0,0,0,0,,,,,,,,0,0,0,0,,,,,,,
loso_chb03,chb03,additional,Nominal full 0.5,120,0.5,25.001666666666665,25,44978,0,1,0,1,2.2233091733736494e-05,0.0,,1,1,0.03999733351109926,0.03999733351109926,0.03999733351109926,4.0,4.444148167899918e-05,25.001666666666665,0.03999733351109926,0,0,0,0,,,,,,,,0,0,0,0,,,,,,,
loso_chb03,chb03,additional,Calibrated threshold only,0,0.34,25.001666666666665,25,44978,0,5,0,5,0.00011116545866868247,0.0,,4,4,0.15998933404439705,0.15998933404439705,0.19998666755549632,18.0,0.0001999866675554963,25.001666666666665,0.15998933404439705,0,0,0,0,,,,,,,,0,0,0,0,,,,,,,
loso_chb03,chb03,additional,+ persistence,0,0.34,25.001666666666665,25,44978,0,1,0,1,2.2233091733736494e-05,0.0,,1,1,0.03999733351109926,0.03999733351109926,0.03999733351109926,4.0,4.444148167899918e-05,25.001666666666665,0.03999733351109926,0,0,0,0,,,,,,,,0,0,0,0,,,,,,,
loso_chb03,chb03,additional,+ attribution overlap,0,0.34,25.001666666666665,25,44978,0,3,0,3,6.669927520120948e-05,0.0,,2,2,0.07999466702219853,0.07999466702219853,0.11999200053329778,10.0,0.00011110370419749794,25.001666666666665,0.07999466702219853,0,0,0,0,,,,,,,,0,0,0,0,,,,,,,
loso_chb03,chb03,additional,+ persistence + overlap,0,0.34,25.001666666666665,25,44978,0,1,0,1,2.2233091733736494e-05,0.0,,1,1,0.03999733351109926,0.03999733351109926,0.03999733351109926,4.0,4.444148167899918e-05,25.001666666666665,0.03999733351109926,0,0,0,0,,,,,,,,0,0,0,0,,,,,,,
loso_chb03,chb03,additional,+ persistence + overlap,30,0.34,25.001666666666665,25,44978,0,1,0,1,2.2233091733736494e-05,0.0,,1,1,0.03999733351109926,0.03999733351109926,0.03999733351109926,4.0,4.444148167899918e-05,25.001666666666665,0.03999733351109926,0,0,0,0,,,,,,,,0,0,0,0,,,,,,,
loso_chb03,chb03,additional,+ persistence + overlap,60,0.34,25.001666666666665,25,44978,0,1,0,1,2.2233091733736494e-05,0.0,,1,1,0.03999733351109926,0.03999733351109926,0.03999733351109926,4.0,4.444148167899918e-05,25.001666666666665,0.03999733351109926,0,0,0,0,,,,,,,,0,0,0,0,,,,,,,
loso_chb03,chb03,additional,+ persistence + overlap,120,0.34,25.001666666666665,25,44978,0,1,0,1,2.2233091733736494e-05,0.0,,1,1,0.03999733351109926,0.03999733351109926,0.03999733351109926,4.0,4.444148167899918e-05,25.001666666666665,0.03999733351109926,0,0,0,0,,,,,,,,0,0,0,0,,,,,,,
loso_chb03,chb03,additional,Full overlap lag 4s,0,0.34,25.001666666666665,25,44978,0,1,0,1,2.2233091733736494e-05,0.0,,1,1,0.03999733351109926,0.03999733351109926,0.03999733351109926,4.0,4.444148167899918e-05,25.001666666666665,0.03999733351109926,0,0,0,0,,,,,,,,0,0,0,0,,,,,,,
loso_chb03,chb03,additional,Full overlap lag 6s,0,0.34,25.001666666666665,25,44978,0,1,0,1,2.2233091733736494e-05,0.0,,1,1,0.03999733351109926,0.03999733351109926,0.03999733351109926,4.0,4.444148167899918e-05,25.001666666666665,0.03999733351109926,0,0,0,0,,,,,,,,0,0,0,0,,,,,,,
loso_chb03,chb03,additional,Full overlap lag 10s,0,0.34,25.001666666666665,25,44978,0,1,0,1,2.2233091733736494e-05,0.0,,1,1,0.03999733351109926,0.03999733351109926,0.03999733351109926,4.0,4.444148167899918e-05,25.001666666666665,0.03999733351109926,0,0,0,0,,,,,,,,0,0,0,0,,,,,,,
loso_chb03,chb03,additional,Full overlap lag 20s,0,0.34,25.001666666666665,25,44978,0,1,0,1,2.2233091733736494e-05,0.0,,1,1,0.03999733351109926,0.03999733351109926,0.03999733351109926,4.0,4.444148167899918e-05,25.001666666666665,0.03999733351109926,0,0,0,0,,,,,,,,0,0,0,0,,,,,,,
loso_chb03,chb03,combined,Raw threshold 0.5,0,0.5,38.001666666666665,38,68365,1256,4624,203,4421,0.06763694873107584,0.04390138408304498,0.16162420382165604,1996,1959,52.52401210473225,51.5503705977808,116.33700276303671,14048.0,0.10268555472713185,37.306666666666665,52.510721944245894,7,4,3,0,1.0,0.5714285714285714,0.42857142857142855,0.0,145.0,-145.0,0.5714285714285714,7,4,3,0,1.0,0.5714285714285714,0.42857142857142855,0.0,143.0,-143.0,0.5714285714285714
loso_chb03,chb03,combined,Raw threshold 0.5,30,0.5,38.001666666666665,38,68365,1256,4624,203,4421,0.06763694873107584,0.04390138408304498,0.16162420382165604,632,620,16.630849524143677,16.31507390026753,116.33700276303671,14048.0,0.10268555472713185,37.306666666666665,16.61901358112938,7,4,3,0,1.0,0.5714285714285714,0.42857142857142855,0.0,145.0,-145.0,0.5714285714285714,7,4,3,0,1.0,0.5714285714285714,0.42857142857142855,0.0,143.0,-143.0,0.5714285714285714
loso_chb03,chb03,combined,Raw threshold 0.5,60,0.5,38.001666666666665,38,68365,1256,4624,203,4421,0.06763694873107584,0.04390138408304498,0.16162420382165604,392,381,10.315337046620762,10.02587605806763,116.33700276303671,14048.0,0.10268555472713185,37.306666666666665,10.21265189421015,7,4,3,0,1.0,0.5714285714285714,0.42857142857142855,0.0,145.0,-145.0,0.5714285714285714,7,4,3,0,1.0,0.5714285714285714,0.42857142857142855,0.0,143.0,-143.0,0.5714285714285714
loso_chb03,chb03,combined,Raw threshold 0.5,120,0.5,38.001666666666665,38,68365,1256,4624,203,4421,0.06763694873107584,0.04390138408304498,0.16162420382165604,205,196,5.39450024121749,5.157668523310381,116.33700276303671,14048.0,0.10268555472713185,37.306666666666665,5.253752680486062,7,4,3,0,1.0,0.5714285714285714,0.42857142857142855,0.0,145.0,-145.0,0.5714285714285714,7,4,3,0,1.0,0.5714285714285714,0.42857142857142855,0.0,143.0,-143.0,0.5714285714285714
loso_chb03,chb03,combined,Raw persistence 0.5,0,0.5,38.001666666666665,38,68365,1256,2224,145,2079,0.032531265998683535,0.0651978417266187,0.11544585987261147,1088,1054,28.63032323143722,27.735625630454805,54.708126836542256,6624.0,0.04841892899434235,37.306666666666665,28.252323087919944,7,3,4,0,1.0,0.42857142857142855,0.5714285714285714,0.0,-2.0,2.0,0.42857142857142855,7,3,4,0,1.0,0.42857142857142855,0.5714285714285714,0.0,-4.0,4.0,0.42857142857142855
loso_chb03,chb03,combined,Raw overlap 0.5,0,0.5,38.001666666666665,38,68365,1256,3910,181,3729,0.05719300811818913,0.04629156010230179,0.14410828025477707,1750,1710,46.05061181527126,44.998026402350774,98.1272751195123,11984.0,0.08759849714193822,37.306666666666665,45.836311651179415,7,4,3,0,1.0,0.5714285714285714,0.42857142857142855,0.0,143.0,-143.0,0.5714285714285714,7,4,3,0,1.0,0.5714285714285714,0.42857142857142855,0.0,141.0,-141.0,0.5714285714285714
loso_chb03,chb03,combined,Nominal raw-plus-isotonic,0,0.5,38.001666666666665,38,68365,1256,18,5,13,0.0002632926204929423,0.2777777777777778,0.003980891719745223,11,9,0.2894609885531336,0.23683171790710936,0.3420902591991579,60.0,0.0004385772553835358,37.306666666666665,0.24124374553252323,7,0,2,5,0.2857142857142857,0.0,0.2857142857142857,0.7142857142857143,-24.0,24.0,0.0,7,0,2,5,0.2857142857142857,0.0,0.2857142857142857,0.7142857142857143,-26.0,26.0,0.0
loso_chb03,chb03,combined,Nominal full 0.5,0,0.5,38.001666666666665,38,68365,1256,6,2,4,8.776420683098076e-05,0.3333333333333333,0.0015923566878980893,6,4,0.1578878119380729,0.1052585412920486,0.1052585412920486,24.0,0.00017543090215341433,37.306666666666665,0.10721944245889922,7,0,2,5,0.2857142857142857,0.0,0.2857142857142857,0.7142857142857143,-26.0,26.0,0.0,7,0,2,5,0.2857142857142857,0.0,0.2857142857142857,0.7142857142857143,-28.0,28.0,0.0
loso_chb03,chb03,combined,Nominal full 0.5,30,0.5,38.001666666666665,38,68365,1256,6,2,4,8.776420683098076e-05,0.3333333333333333,0.0015923566878980893,6,4,0.1578878119380729,0.1052585412920486,0.1052585412920486,24.0,0.00017543090215341433,37.306666666666665,0.10721944245889922,7,0,2,5,0.2857142857142857,0.0,0.2857142857142857,0.7142857142857143,-26.0,26.0,0.0,7,0,2,5,0.2857142857142857,0.0,0.2857142857142857,0.7142857142857143,-28.0,28.0,0.0
loso_chb03,chb03,combined,Nominal full 0.5,60,0.5,38.001666666666665,38,68365,1256,6,2,4,8.776420683098076e-05,0.3333333333333333,0.0015923566878980893,5,3,0.13157317661506074,0.07894390596903644,0.1052585412920486,24.0,0.00017543090215341433,37.306666666666665,0.08041458184417441,7,0,2,5,0.2857142857142857,0.0,0.2857142857142857,0.7142857142857143,-26.0,26.0,0.0,7,0,2,5,0.2857142857142857,0.0,0.2857142857142857,0.7142857142857143,-28.0,28.0,0.0
loso_chb03,chb03,combined,Nominal full 0.5,120,0.5,38.001666666666665,38,68365,1256,6,2,4,8.776420683098076e-05,0.3333333333333333,0.0015923566878980893,5,3,0.13157317661506074,0.07894390596903644,0.1052585412920486,24.0,0.00017543090215341433,37.306666666666665,0.08041458184417441,7,0,2,5,0.2857142857142857,0.0,0.2857142857142857,0.7142857142857143,-26.0,26.0,0.0,7,0,2,5,0.2857142857142857,0.0,0.2857142857142857,0.7142857142857143,-28.0,28.0,0.0
loso_chb03,chb03,combined,Calibrated threshold only,0,0.34,38.001666666666665,38,68365,1256,19,5,14,0.00027791998829810574,0.2631578947368421,0.003980891719745223,11,9,0.2894609885531336,0.23683171790710936,0.36840489452217007,64.0,0.0004678157390757715,37.306666666666665,0.24124374553252323,7,0,2,5,0.2857142857142857,0.0,0.2857142857142857,0.7142857142857143,-24.0,24.0,0.0,7,0,2,5,0.2857142857142857,0.0,0.2857142857142857,0.7142857142857143,-26.0,26.0,0.0
loso_chb03,chb03,combined,+ persistence,0,0.34,38.001666666666665,38,68365,1256,6,2,4,8.776420683098076e-05,0.3333333333333333,0.0015923566878980893,6,4,0.1578878119380729,0.1052585412920486,0.1052585412920486,24.0,0.00017543090215341433,37.306666666666665,0.10721944245889922,7,0,2,5,0.2857142857142857,0.0,0.2857142857142857,0.7142857142857143,-26.0,26.0,0.0,7,0,2,5,0.2857142857142857,0.0,0.2857142857142857,0.7142857142857143,-28.0,28.0,0.0
loso_chb03,chb03,combined,+ attribution overlap,0,0.34,38.001666666666665,38,68365,1256,15,5,10,0.00021941051707745192,0.3333333333333333,0.003980891719745223,9,7,0.23683171790710936,0.18420244726108503,0.2631463532301215,50.0,0.0003654810461529465,37.306666666666665,0.18763402430307363,7,0,2,5,0.2857142857142857,0.0,0.2857142857142857,0.7142857142857143,-24.0,24.0,0.0,7,0,2,5,0.2857142857142857,0.0,0.2857142857142857,0.7142857142857143,-26.0,26.0,0.0
loso_chb03,chb03,combined,+ persistence + overlap,0,0.34,38.001666666666665,38,68365,1256,6,2,4,8.776420683098076e-05,0.3333333333333333,0.0015923566878980893,6,4,0.1578878119380729,0.1052585412920486,0.1052585412920486,24.0,0.00017543090215341433,37.306666666666665,0.10721944245889922,7,0,2,5,0.2857142857142857,0.0,0.2857142857142857,0.7142857142857143,-26.0,26.0,0.0,7,0,2,5,0.2857142857142857,0.0,0.2857142857142857,0.7142857142857143,-28.0,28.0,0.0
loso_chb03,chb03,combined,+ persistence + overlap,30,0.34,38.001666666666665,38,68365,1256,6,2,4,8.776420683098076e-05,0.3333333333333333,0.0015923566878980893,6,4,0.1578878119380729,0.1052585412920486,0.1052585412920486,24.0,0.00017543090215341433,37.306666666666665,0.10721944245889922,7,0,2,5,0.2857142857142857,0.0,0.2857142857142857,0.7142857142857143,-26.0,26.0,0.0,7,0,2,5,0.2857142857142857,0.0,0.2857142857142857,0.7142857142857143,-28.0,28.0,0.0
loso_chb03,chb03,combined,+ persistence + overlap,60,0.34,38.001666666666665,38,68365,1256,6,2,4,8.776420683098076e-05,0.3333333333333333,0.0015923566878980893,5,3,0.13157317661506074,0.07894390596903644,0.1052585412920486,24.0,0.00017543090215341433,37.306666666666665,0.08041458184417441,7,0,2,5,0.2857142857142857,0.0,0.2857142857142857,0.7142857142857143,-26.0,26.0,0.0,7,0,2,5,0.2857142857142857,0.0,0.2857142857142857,0.7142857142857143,-28.0,28.0,0.0
loso_chb03,chb03,combined,+ persistence + overlap,120,0.34,38.001666666666665,38,68365,1256,6,2,4,8.776420683098076e-05,0.3333333333333333,0.0015923566878980893,5,3,0.13157317661506074,0.07894390596903644,0.1052585412920486,24.0,0.00017543090215341433,37.306666666666665,0.08041458184417441,7,0,2,5,0.2857142857142857,0.0,0.2857142857142857,0.7142857142857143,-26.0,26.0,0.0,7,0,2,5,0.2857142857142857,0.0,0.2857142857142857,0.7142857142857143,-28.0,28.0,0.0
loso_chb03,chb03,combined,Full overlap lag 4s,0,0.34,38.001666666666665,38,68365,1256,5,2,3,7.31368390258173e-05,0.4,0.0015923566878980893,5,3,0.13157317661506074,0.07894390596903644,0.07894390596903644,20.0,0.0001461924184611786,37.306666666666665,0.08041458184417441,7,0,2,5,0.2857142857142857,0.0,0.2857142857142857,0.7142857142857143,-26.0,26.0,0.0,7,0,2,5,0.2857142857142857,0.0,0.2857142857142857,0.7142857142857143,-28.0,28.0,0.0
loso_chb03,chb03,combined,Full overlap lag 6s,0,0.34,38.001666666666665,38,68365,1256,4,1,3,5.8509471220653845e-05,0.25,0.0007961783439490446,4,3,0.1052585412920486,0.07894390596903644,0.07894390596903644,16.0,0.00011695393476894288,37.306666666666665,0.08041458184417441,7,0,1,6,0.14285714285714285,0.0,0.14285714285714285,0.8571428571428571,-26.0,26.0,0.0,7,0,1,6,0.14285714285714285,0.0,0.14285714285714285,0.8571428571428571,-28.0,28.0,0.0
loso_chb03,chb03,combined,Full overlap lag 10s,0,0.34,38.001666666666665,38,68365,1256,5,2,3,7.31368390258173e-05,0.4,0.0015923566878980893,5,3,0.13157317661506074,0.07894390596903644,0.07894390596903644,20.0,0.0001461924184611786,37.306666666666665,0.08041458184417441,7,0,2,5,0.2857142857142857,0.0,0.2857142857142857,0.7142857142857143,-26.0,26.0,0.0,7,0,2,5,0.2857142857142857,0.0,0.2857142857142857,0.7142857142857143,-28.0,28.0,0.0
loso_chb03,chb03,combined,Full overlap lag 20s,0,0.34,38.001666666666665,38,68365,1256,1,0,1,1.4627367805163461e-05,0.0,0.0,1,1,0.02631463532301215,0.02631463532301215,0.02631463532301215,4.0,2.923848369223572e-05,37.306666666666665,0.026804860614724806,7,0,0,7,0.0,0.0,0.0,1.0,,,,7,0,0,7,0.0,0.0,0.0,1.0,,,
loso_chb05,chb05,original,Raw threshold 0.5,0,0.5,14.002777777777778,14,25191,1031,5615,410,5205,0.22289706641260768,0.0730186999109528,0.3976721629485936,1061,1003,75.77068042055147,71.6286451100972,371.711961912319,14000.0,0.27772267407260465,13.431111111111111,74.67736598279285,5,5,0,0,1.0,1.0,0.0,0.0,299.0,-299.0,1.0,5,5,0,0,1.0,1.0,0.0,0.0,299.0,-299.0,1.0
loso_chb05,chb05,original,Raw threshold 0.5,30,0.5,14.002777777777778,14,25191,1031,5615,410,5205,0.22289706641260768,0.0730186999109528,0.3976721629485936,256,240,18.282086887522315,17.139456457052173,371.711961912319,14000.0,0.27772267407260465,13.431111111111111,17.86896095301125,5,5,0,0,1.0,1.0,0.0,0.0,299.0,-299.0,1.0,5,5,0,0,1.0,1.0,0.0,0.0,299.0,-299.0,1.0
loso_chb05,chb05,original,Raw threshold 0.5,60,0.5,14.002777777777778,14,25191,1031,5615,410,5205,0.22289706641260768,0.0730186999109528,0.3976721629485936,138,130,9.855187462804999,9.283872247569926,371.711961912319,14000.0,0.27772267407260465,13.431111111111111,9.679020516214427,5,5,0,0,1.0,1.0,0.0,0.0,299.0,-299.0,1.0,5,5,0,0,1.0,1.0,0.0,0.0,299.0,-299.0,1.0
loso_chb05,chb05,original,Raw threshold 0.5,120,0.5,14.002777777777778,14,25191,1031,5615,410,5205,0.22289706641260768,0.0730186999109528,0.3976721629485936,77,71,5.498908946637572,5.070422535211267,371.711961912319,14000.0,0.27772267407260465,13.431111111111111,5.2862342819324954,5,5,0,0,1.0,1.0,0.0,0.0,299.0,-299.0,1.0,5,5,0,0,1.0,1.0,0.0,0.0,299.0,-299.0,1.0
loso_chb05,chb05,original,Raw persistence 0.5,0,0.5,14.002777777777778,14,25191,1031,4230,328,3902,0.16791711325473382,0.07754137115839244,0.3181377303588749,820,754,58.55980956159492,53.846459035905575,278.65899623090655,10100.0,0.2003570720095219,13.431111111111111,56.13831899404368,5,5,0,0,1.0,1.0,0.0,0.0,299.0,-299.0,1.0,5,5,0,0,1.0,1.0,0.0,0.0,297.0,-297.0,1.0
loso_chb05,chb05,original,Raw overlap 0.5,0,0.5,14.002777777777778,14,25191,1031,4860,359,4501,0.19292604501607716,0.07386831275720164,0.34820562560620755,1015,955,72.48561793294981,68.20075381868676,321.4362229716326,12498.0,0.24792699861138662,13.431111111111111,71.1035737921906,5,5,0,0,1.0,1.0,0.0,0.0,299.0,-299.0,1.0,5,5,0,0,1.0,1.0,0.0,0.0,299.0,-299.0,1.0
loso_chb05,chb05,original,Nominal raw-plus-isotonic,0,0.5,14.002777777777778,14,25191,1031,470,78,392,0.01865745702830376,0.16595744680851063,0.07565470417070805,161,151,11.497718706605832,10.783574687561991,27.99444554651855,1332.0,0.0264233287046221,13.431111111111111,11.242554599602911,5,3,1,1,0.8,0.6,0.2,0.2,109.5,-109.5,0.75,5,3,1,1,0.8,0.6,0.2,0.2,107.5,-107.5,0.75
loso_chb05,chb05,original,Nominal full 0.5,0,0.5,14.002777777777778,14,25191,1031,260,66,194,0.010321146441189314,0.25384615384615383,0.06401551891367604,75,67,5.356080142828803,4.784764927593732,13.854393969450506,684.0,0.01356873636183297,13.431111111111111,4.988418266048974,5,1,3,1,0.8,0.2,0.6,0.2,-4.0,4.0,0.25,5,1,3,1,0.8,0.2,0.6,0.2,-6.0,6.0,0.25
loso_chb05,chb05,original,Nominal full 0.5,30,0.5,14.002777777777778,14,25191,1031,260,66,194,0.010321146441189314,0.25384615384615383,0.06401551891367604,44,38,3.1422336837928984,2.713747272366594,13.854393969450506,684.0,0.01356873636183297,13.431111111111111,2.8292521508934483,5,1,3,1,0.8,0.2,0.6,0.2,-4.0,4.0,0.25,5,1,3,1,0.8,0.2,0.6,0.2,-6.0,6.0,0.25
loso_chb05,chb05,original,Nominal full 0.5,60,0.5,14.002777777777778,14,25191,1031,260,66,194,0.010321146441189314,0.25384615384615383,0.06401551891367604,37,31,2.64233287046221,2.2138464590359055,13.854393969450506,684.0,0.01356873636183297,13.431111111111111,2.3080741230972865,5,1,3,1,0.8,0.2,0.6,0.2,-4.0,4.0,0.25,5,1,3,1,0.8,0.2,0.6,0.2,-6.0,6.0,0.25
loso_chb05,chb05,original,Nominal full 0.5,120,0.5,14.002777777777778,14,25191,1031,260,66,194,0.010321146441189314,0.25384615384615383,0.06401551891367604,30,25,2.1424320571315216,1.7853600476096012,13.854393969450506,684.0,0.01356873636183297,13.431111111111111,1.8613500992720053,5,1,3,1,0.8,0.2,0.6,0.2,-4.0,4.0,0.25,5,1,3,1,0.8,0.2,0.6,0.2,-6.0,6.0,0.25
loso_chb05,chb05,original,Calibrated threshold only,0,0.48,14.002777777777778,14,25191,1031,473,79,394,0.018776547179548252,0.16701902748414377,0.07662463627546072,162,152,11.569133108510217,10.854989089466375,28.137274350327313,1338.0,0.026542352707796073,13.431111111111111,11.317008603573793,5,3,1,1,0.8,0.6,0.2,0.2,109.5,-109.5,0.75,5,3,1,1,0.8,0.6,0.2,0.2,107.5,-107.5,0.75
loso_chb05,chb05,original,+ persistence,0,0.48,14.002777777777778,14,25191,1031,277,67,210,0.010995990631574769,0.24187725631768953,0.06498545101842872,76,67,5.427494544733188,4.784764927593732,14.997024399920651,706.0,0.014005157706804206,13.431111111111111,4.988418266048974,5,2,2,1,0.8,0.4,0.4,0.2,88.5,-88.5,0.5,5,2,2,1,0.8,0.4,0.4,0.2,86.5,-86.5,0.5
loso_chb05,chb05,original,+ attribution overlap,0,0.48,14.002777777777778,14,25191,1031,443,78,365,0.01758564566710333,0.17607223476297967,0.07565470417070805,163,153,11.6405475104146,10.92640349137076,26.06625669510018,1286.0,0.02551081134695497,13.431111111111111,11.391462607544673,5,3,1,1,0.8,0.6,0.2,0.2,109.5,-109.5,0.75,5,3,1,1,0.8,0.6,0.2,0.2,107.5,-107.5,0.75
loso_chb05,chb05,original,+ persistence + overlap,0,0.48,14.002777777777778,14,25191,1031,263,67,196,0.010440236592433805,0.25475285171102663,0.06498545101842872,75,66,5.356080142828803,4.713350525689347,13.997222773259274,690.0,0.013687760365006943,13.431111111111111,4.913964262078094,5,2,2,1,0.8,0.4,0.4,0.2,88.5,-88.5,0.5,5,2,2,1,0.8,0.4,0.4,0.2,86.5,-86.5,0.5
loso_chb05,chb05,original,+ persistence + overlap,30,0.48,14.002777777777778,14,25191,1031,263,67,196,0.010440236592433805,0.25475285171102663,0.06498545101842872,45,38,3.213648085697282,2.713747272366594,13.997222773259274,690.0,0.013687760365006943,13.431111111111111,2.8292521508934483,5,2,2,1,0.8,0.4,0.4,0.2,88.5,-88.5,0.5,5,2,2,1,0.8,0.4,0.4,0.2,86.5,-86.5,0.5
loso_chb05,chb05,original,+ persistence + overlap,60,0.48,14.002777777777778,14,25191,1031,263,67,196,0.010440236592433805,0.25475285171102663,0.06498545101842872,38,31,2.713747272366594,2.2138464590359055,13.997222773259274,690.0,0.013687760365006943,13.431111111111111,2.3080741230972865,5,2,2,1,0.8,0.4,0.4,0.2,88.5,-88.5,0.5,5,2,2,1,0.8,0.4,0.4,0.2,86.5,-86.5,0.5
loso_chb05,chb05,original,+ persistence + overlap,120,0.48,14.002777777777778,14,25191,1031,263,67,196,0.010440236592433805,0.25475285171102663,0.06498545101842872,31,25,2.2138464590359055,1.7853600476096012,13.997222773259274,690.0,0.013687760365006943,13.431111111111111,1.8613500992720053,5,2,2,1,0.8,0.4,0.4,0.2,88.5,-88.5,0.5,5,2,2,1,0.8,0.4,0.4,0.2,86.5,-86.5,0.5
loso_chb05,chb05,original,Full overlap lag 4s,0,0.48,14.002777777777778,14,25191,1031,236,66,170,0.009368425231233378,0.2796610169491525,0.06401551891367604,69,60,4.927593731402499,4.284864114263043,12.140448323745288,630.0,0.012497520333267209,13.431111111111111,4.4672402382528125,5,2,2,1,0.8,0.4,0.4,0.2,88.5,-88.5,0.5,5,2,2,1,0.8,0.4,0.4,0.2,86.5,-86.5,0.5
loso_chb05,chb05,original,Full overlap lag 6s,0,0.48,14.002777777777778,14,25191,1031,218,66,152,0.008653884323766424,0.30275229357798167,0.06401551891367604,70,61,4.999008133306884,4.356278516167427,10.854989089466375,596.0,0.011823050981948026,13.431111111111111,4.541694242223693,5,2,2,1,0.8,0.4,0.4,0.2,88.5,-88.5,0.5,5,2,2,1,0.8,0.4,0.4,0.2,86.5,-86.5,0.5
loso_chb05,chb05,original,Full overlap lag 10s,0,0.48,14.002777777777778,14,25191,1031,203,64,139,0.008058433567543963,0.31527093596059114,0.06207565470417071,61,52,4.356278516167427,3.7135488990279706,9.926601864709383,540.0,0.010712160285657607,13.431111111111111,3.871608206485771,5,1,3,1,0.8,0.2,0.6,0.2,-1.5,1.5,0.25,5,1,3,1,0.8,0.2,0.6,0.2,-3.5,3.5,0.25
loso_chb05,chb05,original,Full overlap lag 20s,0,0.48,14.002777777777778,14,25191,1031,179,60,119,0.007105712357588027,0.33519553072625696,0.058195926285160036,56,45,3.999206506645507,3.213648085697282,8.498313826621702,490.0,0.009720293592541162,13.431111111111111,3.3504301786896096,5,2,2,1,0.8,0.4,0.4,0.2,88.5,-88.5,0.5,5,2,2,1,0.8,0.4,0.4,0.2,86.5,-86.5,0.5
loso_chb05,chb05,additional,Raw threshold 0.5,0,0.5,25.0,25,44975,0,15783,0,15783,0.3509282934963869,0.0,,2193,2193,87.72,87.72,631.32,37844.0,0.4204888888888889,25.0,87.72,0,0,0,0,,,,,,,,0,0,0,0,,,,,,,
loso_chb05,chb05,additional,Raw threshold 0.5,30,0.5,25.0,25,44975,0,15783,0,15783,0.3509282934963869,0.0,,376,376,15.04,15.04,631.32,37844.0,0.4204888888888889,25.0,15.04,0,0,0,0,,,,,,,,0,0,0,0,,,,,,,
loso_chb05,chb05,additional,Raw threshold 0.5,60,0.5,25.0,25,44975,0,15783,0,15783,0.3509282934963869,0.0,,203,203,8.12,8.12,631.32,37844.0,0.4204888888888889,25.0,8.12,0,0,0,0,,,,,,,,0,0,0,0,,,,,,,
loso_chb05,chb05,additional,Raw threshold 0.5,120,0.5,25.0,25,44975,0,15783,0,15783,0.3509282934963869,0.0,,110,110,4.4,4.4,631.32,37844.0,0.4204888888888889,25.0,4.4,0,0,0,0,,,,,,,,0,0,0,0,,,,,,,
loso_chb05,chb05,additional,Raw persistence 0.5,0,0.5,25.0,25,44975,0,12644,0,12644,0.28113396331295165,0.0,,2072,2072,82.88,82.88,505.76,29432.0,0.3270222222222222,25.0,82.88,0,0,0,0,,,,,,,,0,0,0,0,,,,,,,
loso_chb05,chb05,additional,Raw overlap 0.5,0,0.5,25.0,25,44975,0,13786,0,13786,0.3065258476931629,0.0,,2360,2360,94.4,94.4,551.44,34714.0,0.3857111111111111,25.0,94.4,0,0,0,0,,,,,,,,0,0,0,0,,,,,,,
loso_chb05,chb05,additional,Nominal raw-plus-isotonic,0,0.5,25.0,25,44975,0,3170,0,3170,0.07048360200111173,0.0,,962,962,38.48,38.48,126.8,8650.0,0.0961111111111111,25.0,38.48,0,0,0,0,,,,,,,,0,0,0,0,,,,,,,
loso_chb05,chb05,additional,Nominal full 0.5,0,0.5,25.0,25,44975,0,1958,0,1958,0.043535297387437465,0.0,,616,616,24.64,24.64,78.32,5184.0,0.0576,25.0,24.64,0,0,0,0,,,,,,,,0,0,0,0,,,,,,,
loso_chb05,chb05,additional,Nominal full 0.5,30,0.5,25.0,25,44975,0,1958,0,1958,0.043535297387437465,0.0,,235,235,9.4,9.4,78.32,5184.0,0.0576,25.0,9.4,0,0,0,0,,,,,,,,0,0,0,0,,,,,,,
loso_chb05,chb05,additional,Nominal full 0.5,60,0.5,25.0,25,44975,0,1958,0,1958,0.043535297387437465,0.0,,156,156,6.24,6.24,78.32,5184.0,0.0576,25.0,6.24,0,0,0,0,,,,,,,,0,0,0,0,,,,,,,
loso_chb05,chb05,additional,Nominal full 0.5,120,0.5,25.0,25,44975,0,1958,0,1958,0.043535297387437465,0.0,,103,103,4.12,4.12,78.32,5184.0,0.0576,25.0,4.12,0,0,0,0,,,,,,,,0,0,0,0,,,,,,,
loso_chb05,chb05,additional,Calibrated threshold only,0,0.48,25.0,25,44975,0,3176,0,3176,0.07061700944969428,0.0,,964,964,38.56,38.56,127.04,8664.0,0.09626666666666667,25.0,38.56,0,0,0,0,,,,,,,,0,0,0,0,,,,,,,
loso_chb05,chb05,additional,+ persistence,0,0.48,25.0,25,44975,0,2020,0,2020,0.04491384102279044,0.0,,625,625,25.0,25.0,80.8,5290.0,0.058777777777777776,25.0,25.0,0,0,0,0,,,,,,,,0,0,0,0,,,,,,,
loso_chb05,chb05,additional,+ attribution overlap,0,0.48,25.0,25,44975,0,2947,0,2947,0.06552529182879377,0.0,,918,918,36.72,36.72,117.88,8136.0,0.0904,25.0,36.72,0,0,0,0,,,,,,,,0,0,0,0,,,,,,,
loso_chb05,chb05,additional,+ persistence + overlap,0,0.48,25.0,25,44975,0,1963,0,1963,0.04364647026125625,0.0,,615,615,24.6,24.6,78.52,5192.0,0.05768888888888889,25.0,24.6,0,0,0,0,,,,,,,,0,0,0,0,,,,,,,
loso_chb05,chb05,additional,+ persistence + overlap,30,0.48,25.0,25,44975,0,1963,0,1963,0.04364647026125625,0.0,,235,235,9.4,9.4,78.52,5192.0,0.05768888888888889,25.0,9.4,0,0,0,0,,,,,,,,0,0,0,0,,,,,,,
loso_chb05,chb05,additional,+ persistence + overlap,60,0.48,25.0,25,44975,0,1963,0,1963,0.04364647026125625,0.0,,156,156,6.24,6.24,78.52,5192.0,0.05768888888888889,25.0,6.24,0,0,0,0,,,,,,,,0,0,0,0,,,,,,,
loso_chb05,chb05,additional,+ persistence + overlap,120,0.48,25.0,25,44975,0,1963,0,1963,0.04364647026125625,0.0,,103,103,4.12,4.12,78.52,5192.0,0.05768888888888889,25.0,4.12,0,0,0,0,,,,,,,,0,0,0,0,,,,,,,
loso_chb05,chb05,additional,Full overlap lag 4s,0,0.48,25.0,25,44975,0,1764,0,1764,0.03922178988326848,0.0,,562,562,22.48,22.48,70.56,4730.0,0.05255555555555556,25.0,22.48,0,0,0,0,,,,,,,,0,0,0,0,,,,,,,
loso_chb05,chb05,additional,Full overlap lag 6s,0,0.48,25.0,25,44975,0,1602,0,1602,0.03561978877153974,0.0,,526,526,21.04,21.04,64.08,4358.0,0.04842222222222222,25.0,21.04,0,0,0,0,,,,,,,,0,0,0,0,,,,,,,
loso_chb05,chb05,additional,Full overlap lag 10s,0,0.48,25.0,25,44975,0,1437,0,1437,0.031951083935519736,0.0,,499,499,19.96,19.96,57.48,4014.0,0.0446,25.0,19.96,0,0,0,0,,,,,,,,0,0,0,0,,,,,,,
loso_chb05,chb05,additional,Full overlap lag 20s,0,0.48,25.0,25,44975,0,1273,0,1273,0.02830461367426348,0.0,,462,462,18.48,18.48,50.92,3594.0,0.039933333333333335,25.0,18.48,0,0,0,0,,,,,,,,0,0,0,0,,,,,,,
loso_chb05,chb05,combined,Raw threshold 0.5,0,0.5,39.00277777777778,39,70166,1031,21398,410,20988,0.3049625174585982,0.019160669221422563,0.3976721629485936,3254,3196,83.42995513140089,81.94288156114236,538.1155188376896,51844.0,0.3692329606153408,38.431111111111115,83.16179021625997,5,5,0,0,1.0,1.0,0.0,0.0,299.0,-299.0,1.0,5,5,0,0,1.0,1.0,0.0,0.0,299.0,-299.0,1.0
loso_chb05,chb05,combined,Raw threshold 0.5,30,0.5,39.00277777777778,39,70166,1031,21398,410,20988,0.3049625174585982,0.019160669221422563,0.3976721629485936,632,616,16.203974075920517,15.793746884125062,538.1155188376896,51844.0,0.3692329606153408,38.431111111111115,16.028680467214063,5,5,0,0,1.0,1.0,0.0,0.0,299.0,-299.0,1.0,5,5,0,0,1.0,1.0,0.0,0.0,299.0,-299.0,1.0
loso_chb05,chb05,combined,Raw threshold 0.5,60,0.5,39.00277777777778,39,70166,1031,21398,410,20988,0.3049625174585982,0.019160669221422563,0.3976721629485936,341,333,8.74296702514066,8.537853429242931,538.1155188376896,51844.0,0.3692329606153408,38.431111111111115,8.66485486295825,5,5,0,0,1.0,1.0,0.0,0.0,299.0,-299.0,1.0,5,5,0,0,1.0,1.0,0.0,0.0,299.0,-299.0,1.0
loso_chb05,chb05,combined,Raw threshold 0.5,120,0.5,39.00277777777778,39,70166,1031,21398,410,20988,0.3049625174585982,0.019160669221422563,0.3976721629485936,187,181,4.794530304109394,4.640695107186097,538.1155188376896,51844.0,0.3692329606153408,38.431111111111115,4.709725916502833,5,5,0,0,1.0,1.0,0.0,0.0,299.0,-299.0,1.0,5,5,0,0,1.0,1.0,0.0,0.0,299.0,-299.0,1.0
loso_chb05,chb05,combined,Raw persistence 0.5,0,0.5,39.00277777777778,39,70166,1031,16874,328,16546,0.24048684548071717,0.019438188929714353,0.3181377303588749,2892,2826,74.1485649170287,72.45637775087243,424.2261947154761,39532.0,0.28154689836906205,38.431111111111115,73.53417370186192,5,5,0,0,1.0,1.0,0.0,0.0,299.0,-299.0,1.0,5,5,0,0,1.0,1.0,0.0,0.0,297.0,-297.0,1.0
loso_chb05,chb05,combined,Raw overlap 0.5,0,0.5,39.00277777777778,39,70166,1031,18646,359,18287,0.2657412421970755,0.01925345918695699,0.34820562560620755,3375,3315,86.53229826935403,84.99394630012107,468.86404102271916,47212.0,0.33624385727512285,38.431111111111115,86.25823985197178,5,5,0,0,1.0,1.0,0.0,0.0,299.0,-299.0,1.0,5,5,0,0,1.0,1.0,0.0,0.0,299.0,-299.0,1.0
loso_chb05,chb05,combined,Nominal raw-plus-isotonic,0,0.5,39.00277777777778,39,70166,1031,3640,78,3562,0.05187697745346749,0.02142857142857143,0.07565470417070805,1123,1113,28.792821024143578,28.536429029271417,91.32682857346343,9982.0,0.07109180257816394,38.431111111111115,28.960911298716315,5,3,1,1,0.8,0.6,0.2,0.2,109.5,-109.5,0.75,5,3,1,1,0.8,0.6,0.2,0.2,107.5,-107.5,0.75
loso_chb05,chb05,combined,Nominal full 0.5,0,0.5,39.00277777777778,39,70166,1031,2218,66,2152,0.0316107516460964,0.029756537421100092,0.06401551891367604,691,683,17.716686845666263,17.511573249768535,55.175557296488854,5868.0,0.041791895164162096,38.431111111111115,17.77205967387533,5,1,3,1,0.8,0.2,0.6,0.2,-4.0,4.0,0.25,5,1,3,1,0.8,0.2,0.6,0.2,-6.0,6.0,0.25
loso_chb05,chb05,combined,Nominal full 0.5,30,0.5,39.00277777777778,39,70166,1031,2218,66,2152,0.0316107516460964,0.029756537421100092,0.06401551891367604,279,273,7.153336656933266,6.99950146000997,55.175557296488854,5868.0,0.041791895164162096,38.431111111111115,7.103619752515322,5,1,3,1,0.8,0.2,0.6,0.2,-4.0,4.0,0.25,5,1,3,1,0.8,0.2,0.6,0.2,-6.0,6.0,0.25
loso_chb05,chb05,combined,Nominal full 0.5,60,0.5,39.00277777777778,39,70166,1031,2218,66,2152,0.0316107516460964,0.029756537421100092,0.06401551891367604,193,187,4.94836550103269,4.794530304109394,55.175557296488854,5868.0,0.041791895164162096,38.431111111111115,4.865849427547126,5,1,3,1,0.8,0.2,0.6,0.2,-4.0,4.0,0.25,5,1,3,1,0.8,0.2,0.6,0.2,-6.0,6.0,0.25
loso_chb05,chb05,combined,Nominal full 0.5,120,0.5,39.00277777777778,39,70166,1031,2218,66,2152,0.0316107516460964,0.029756537421100092,0.06401551891367604,133,128,3.4100135317997293,3.281817534363649,55.175557296488854,5868.0,0.041791895164162096,38.431111111111115,3.3306349022782467,5,1,3,1,0.8,0.2,0.6,0.2,-4.0,4.0,0.25,5,1,3,1,0.8,0.2,0.6,0.2,-6.0,6.0,0.25
loso_chb05,chb05,combined,Calibrated threshold only,0,0.48,39.00277777777778,39,70166,1031,3649,79,3570,0.05200524470541288,0.021649767059468347,0.07662463627546072,1126,1116,28.869738622605226,28.613346627733065,91.53194216936114,10002.0,0.07123424257531515,38.431111111111115,29.03897305423846,5,3,1,1,0.8,0.6,0.2,0.2,109.5,-109.5,0.75,5,3,1,1,0.8,0.6,0.2,0.2,107.5,-107.5,0.75
loso_chb05,chb05,combined,+ persistence,0,0.48,39.00277777777778,39,70166,1031,2297,67,2230,0.03273665307983924,0.029168480626904657,0.06498545101842872,701,692,17.973078840538424,17.74232604515348,57.1754148564917,5996.0,0.042703511145929775,38.431111111111115,18.00624494044177,5,2,2,1,0.8,0.4,0.4,0.2,88.5,-88.5,0.5,5,2,2,1,0.8,0.4,0.4,0.2,86.5,-86.5,0.5
loso_chb05,chb05,combined,+ attribution overlap,0,0.48,39.00277777777778,39,70166,1031,3390,78,3312,0.048313998232762306,0.023008849557522124,0.07565470417070805,1081,1071,27.715974645680504,27.459582650808347,84.91702870165942,9422.0,0.06710348265793034,38.431111111111115,27.868046721406266,5,3,1,1,0.8,0.6,0.2,0.2,109.5,-109.5,0.75,5,3,1,1,0.8,0.6,0.2,0.2,107.5,-107.5,0.75
loso_chb05,chb05,combined,+ persistence + overlap,0,0.48,39.00277777777778,39,70166,1031,2226,67,2159,0.03172476698115897,0.03009883198562444,0.06498545101842872,690,681,17.691047646179047,17.460294850794103,55.35503169289936,5882.0,0.04189160316216794,38.431111111111115,17.720018503527232,5,2,2,1,0.8,0.4,0.4,0.2,88.5,-88.5,0.5,5,2,2,1,0.8,0.4,0.4,0.2,86.5,-86.5,0.5
loso_chb05,chb05,combined,+ persistence + overlap,30,0.48,39.00277777777778,39,70166,1031,2226,67,2159,0.03172476698115897,0.03009883198562444,0.06498545101842872,280,273,7.178975856420482,6.99950146000997,55.35503169289936,5882.0,0.04189160316216794,38.431111111111115,7.103619752515322,5,2,2,1,0.8,0.4,0.4,0.2,88.5,-88.5,0.5,5,2,2,1,0.8,0.4,0.4,0.2,86.5,-86.5,0.5
loso_chb05,chb05,combined,+ persistence + overlap,60,0.48,39.00277777777778,39,70166,1031,2226,67,2159,0.03172476698115897,0.03009883198562444,0.06498545101842872,194,187,4.974004700519906,4.794530304109394,55.35503169289936,5882.0,0.04189160316216794,38.431111111111115,4.865849427547126,5,2,2,1,0.8,0.4,0.4,0.2,88.5,-88.5,0.5,5,2,2,1,0.8,0.4,0.4,0.2,86.5,-86.5,0.5
loso_chb05,chb05,combined,+ persistence + overlap,120,0.48,39.00277777777778,39,70166,1031,2226,67,2159,0.03172476698115897,0.03009883198562444,0.06498545101842872,134,128,3.4356527312869454,3.281817534363649,55.35503169289936,5882.0,0.04189160316216794,38.431111111111115,3.3306349022782467,5,2,2,1,0.8,0.4,0.4,0.2,88.5,-88.5,0.5,5,2,2,1,0.8,0.4,0.4,0.2,86.5,-86.5,0.5
loso_chb05,chb05,combined,Full overlap lag 4s,0,0.48,39.00277777777778,39,70166,1031,2000,66,1934,0.02850383376564148,0.033,0.06401551891367604,631,622,16.1783348764333,15.947582081048358,49.58621180827576,5360.0,0.038173919236521615,38.431111111111115,16.184803978258355,5,2,2,1,0.8,0.4,0.4,0.2,88.5,-88.5,0.5,5,2,2,1,0.8,0.4,0.4,0.2,86.5,-86.5,0.5
loso_chb05,chb05,combined,Full overlap lag 6s,0,0.48,39.00277777777778,39,70166,1031,1820,66,1754,0.025938488726733745,0.03626373626373627,0.06401551891367604,596,587,15.28096289438074,15.050210098995796,44.97115590057688,4954.0,0.035282387294352256,38.431111111111115,15.274083497166647,5,2,2,1,0.8,0.4,0.4,0.2,88.5,-88.5,0.5,5,2,2,1,0.8,0.4,0.4,0.2,86.5,-86.5,0.5
loso_chb05,chb05,combined,Full overlap lag 10s,0,0.48,39.00277777777778,39,70166,1031,1640,64,1576,0.023373143687826014,0.03902439024390244,0.06207565470417071,560,551,14.357951712840965,14.12719891745602,40.40737839185243,4554.0,0.03243358735132825,38.431111111111115,14.33734243090089,5,1,3,1,0.8,0.2,0.6,0.2,-1.5,1.5,0.25,5,1,3,1,0.8,0.2,0.6,0.2,-3.5,3.5,0.25
loso_chb05,chb05,combined,Full overlap lag 20s,0,0.48,39.00277777777778,39,70166,1031,1452,60,1392,0.020693783313855713,0.04132231404958678,0.058195926285160036,518,507,13.281105334377893,12.999074140018516,35.68976568620469,4084.0,0.029086247418275053,38.431111111111115,13.192436683242741,5,2,2,1,0.8,0.4,0.4,0.2,88.5,-88.5,0.5,5,2,2,1,0.8,0.4,0.4,0.2,86.5,-86.5,0.5
loso_chb08,chb08,original,Raw threshold 0.5,0,0.5,14.0,14,25186,1212,3025,386,2639,0.12010640832208369,0.12760330578512397,0.3184818481848185,1309,1238,93.5,88.42857142857143,188.5,9086.0,0.1802777777777778,13.328055555555556,92.88676767887289,5,5,0,0,1.0,1.0,0.0,0.0,278.0,-278.0,1.0,5,5,0,0,1.0,1.0,0.0,0.0,276.0,-276.0,1.0
loso_chb08,chb08,original,Raw threshold 0.5,30,0.5,14.0,14,25186,1212,3025,386,2639,0.12010640832208369,0.12760330578512397,0.3184818481848185,377,363,26.928571428571427,25.928571428571427,188.5,9086.0,0.1802777777777778,13.328055555555556,27.23578082991184,5,5,0,0,1.0,1.0,0.0,0.0,278.0,-278.0,1.0,5,5,0,0,1.0,1.0,0.0,0.0,276.0,-276.0,1.0
loso_chb08,chb08,original,Raw threshold 0.5,60,0.5,14.0,14,25186,1212,3025,386,2639,0.12010640832208369,0.12760330578512397,0.3184818481848185,173,164,12.357142857142858,11.714285714285714,188.5,9086.0,0.1802777777777778,13.328055555555556,12.304870677976698,5,5,0,0,1.0,1.0,0.0,0.0,278.0,-278.0,1.0,5,5,0,0,1.0,1.0,0.0,0.0,276.0,-276.0,1.0
loso_chb08,chb08,original,Raw threshold 0.5,120,0.5,14.0,14,25186,1212,3025,386,2639,0.12010640832208369,0.12760330578512397,0.3184818481848185,63,58,4.5,4.142857142857143,188.5,9086.0,0.1802777777777778,13.328055555555556,4.351722556845417,5,5,0,0,1.0,1.0,0.0,0.0,278.0,-278.0,1.0,5,5,0,0,1.0,1.0,0.0,0.0,276.0,-276.0,1.0
loso_chb08,chb08,original,Raw persistence 0.5,0,0.5,14.0,14,25186,1212,1507,295,1212,0.05983482887318351,0.1957531519575315,0.2433993399339934,632,580,45.142857142857146,41.42857142857143,86.57142857142857,4278.0,0.08488095238095238,13.328055555555556,43.51722556845418,5,5,0,0,1.0,1.0,0.0,0.0,244.0,-244.0,1.0,5,5,0,0,1.0,1.0,0.0,0.0,242.0,-242.0,1.0
loso_chb08,chb08,original,Raw overlap 0.5,0,0.5,14.0,14,25186,1212,2582,362,2220,0.10251727150003971,0.1402013942680093,0.2986798679867987,1167,1095,83.35714285714286,78.21428571428571,158.57142857142858,7848.0,0.15571428571428572,13.328055555555556,82.15752068527125,5,5,0,0,1.0,1.0,0.0,0.0,276.0,-276.0,1.0,5,5,0,0,1.0,1.0,0.0,0.0,274.0,-274.0,1.0
loso_chb08,chb08,original,Nominal raw-plus-isotonic,0,0.5,14.0,14,25186,1212,36,34,2,0.001429365520527277,0.9444444444444444,0.028052805280528052,15,2,1.0714285714285714,0.14285714285714285,0.14285714285714285,114.0,0.002261904761904762,13.328055555555556,0.15005939851191097,5,0,5,0,1.0,0.0,1.0,0.0,-11.0,11.0,0.0,5,0,5,0,1.0,0.0,1.0,0.0,-13.0,13.0,0.0
loso_chb08,chb08,original,Nominal full 0.5,0,0.5,14.0,14,25186,1212,15,15,0,0.0005955689668863654,1.0,0.012376237623762377,9,0,0.6428571428571429,0.0,0.0,48.0,0.0009523809523809524,13.328055555555556,0.0,5,0,5,0,1.0,0.0,1.0,0.0,-17.0,17.0,0.0,5,0,5,0,1.0,0.0,1.0,0.0,-19.0,19.0,0.0
loso_chb08,chb08,original,Nominal full 0.5,30,0.5,14.0,14,25186,1212,15,15,0,0.0005955689668863654,1.0,0.012376237623762377,7,0,0.5,0.0,0.0,48.0,0.0009523809523809524,13.328055555555556,0.0,5,0,5,0,1.0,0.0,1.0,0.0,-17.0,17.0,0.0,5,0,5,0,1.0,0.0,1.0,0.0,-19.0,19.0,0.0
loso_chb08,chb08,original,Nominal full 0.5,60,0.5,14.0,14,25186,1212,15,15,0,0.0005955689668863654,1.0,0.012376237623762377,6,0,0.42857142857142855,0.0,0.0,48.0,0.0009523809523809524,13.328055555555556,0.0,5,0,5,0,1.0,0.0,1.0,0.0,-17.0,17.0,0.0,5,0,5,0,1.0,0.0,1.0,0.0,-19.0,19.0,0.0
loso_chb08,chb08,original,Nominal full 0.5,120,0.5,14.0,14,25186,1212,15,15,0,0.0005955689668863654,1.0,0.012376237623762377,5,0,0.35714285714285715,0.0,0.0,48.0,0.0009523809523809524,13.328055555555556,0.0,5,0,5,0,1.0,0.0,1.0,0.0,-17.0,17.0,0.0,5,0,5,0,1.0,0.0,1.0,0.0,-19.0,19.0,0.0
loso_chb08,chb08,original,Calibrated threshold only,0,0.22,14.0,14,25186,1212,52,48,4,0.0020646390852060667,0.9230769230769231,0.039603960396039604,23,4,1.6428571428571428,0.2857142857142857,0.2857142857142857,172.0,0.003412698412698413,13.328055555555556,0.30011879702382194,5,0,5,0,1.0,0.0,1.0,0.0,-10.0,10.0,0.0,5,0,5,0,1.0,0.0,1.0,0.0,-12.0,12.0,0.0
loso_chb08,chb08,original,+ persistence,0,0.22,14.0,14,25186,1212,18,18,0,0.0007146827602636385,1.0,0.01485148514851485,12,0,0.8571428571428571,0.0,0.0,60.0,0.0011904761904761906,13.328055555555556,0.0,5,0,5,0,1.0,0.0,1.0,0.0,-16.0,16.0,0.0,5,0,5,0,1.0,0.0,1.0,0.0,-18.0,18.0,0.0
loso_chb08,chb08,original,+ attribution overlap,0,0.22,14.0,14,25186,1212,51,47,4,0.0020249344874136424,0.9215686274509803,0.038778877887788776,23,4,1.6428571428571428,0.2857142857142857,0.2857142857142857,168.0,0.0033333333333333335,13.328055555555556,0.30011879702382194,5,0,5,0,1.0,0.0,1.0,0.0,-10.0,10.0,0.0,5,0,5,0,1.0,0.0,1.0,0.0,-12.0,12.0,0.0
loso_chb08,chb08,original,+ persistence + overlap,0,0.22,14.0,14,25186,1212,18,18,0,0.0007146827602636385,1.0,0.01485148514851485,12,0,0.8571428571428571,0.0,0.0,60.0,0.0011904761904761906,13.328055555555556,0.0,5,0,5,0,1.0,0.0,1.0,0.0,-16.0,16.0,0.0,5,0,5,0,1.0,0.0,1.0,0.0,-18.0,18.0,0.0
loso_chb08,chb08,original,+ persistence + overlap,30,0.22,14.0,14,25186,1212,18,18,0,0.0007146827602636385,1.0,0.01485148514851485,7,0,0.5,0.0,0.0,60.0,0.0011904761904761906,13.328055555555556,0.0,5,0,5,0,1.0,0.0,1.0,0.0,-16.0,16.0,0.0,5,0,5,0,1.0,0.0,1.0,0.0,-18.0,18.0,0.0
loso_chb08,chb08,original,+ persistence + overlap,60,0.22,14.0,14,25186,1212,18,18,0,0.0007146827602636385,1.0,0.01485148514851485,6,0,0.42857142857142855,0.0,0.0,60.0,0.0011904761904761906,13.328055555555556,0.0,5,0,5,0,1.0,0.0,1.0,0.0,-16.0,16.0,0.0,5,0,5,0,1.0,0.0,1.0,0.0,-18.0,18.0,0.0
loso_chb08,chb08,original,+ persistence + overlap,120,0.22,14.0,14,25186,1212,18,18,0,0.0007146827602636385,1.0,0.01485148514851485,5,0,0.35714285714285715,0.0,0.0,60.0,0.0011904761904761906,13.328055555555556,0.0,5,0,5,0,1.0,0.0,1.0,0.0,-16.0,16.0,0.0,5,0,5,0,1.0,0.0,1.0,0.0,-18.0,18.0,0.0
loso_chb08,chb08,original,Full overlap lag 4s,0,0.22,14.0,14,25186,1212,18,18,0,0.0007146827602636385,1.0,0.01485148514851485,12,0,0.8571428571428571,0.0,0.0,60.0,0.0011904761904761906,13.328055555555556,0.0,5,0,5,0,1.0,0.0,1.0,0.0,-16.0,16.0,0.0,5,0,5,0,1.0,0.0,1.0,0.0,-18.0,18.0,0.0
loso_chb08,chb08,original,Full overlap lag 6s,0,0.22,14.0,14,25186,1212,18,18,0,0.0007146827602636385,1.0,0.01485148514851485,12,0,0.8571428571428571,0.0,0.0,60.0,0.0011904761904761906,13.328055555555556,0.0,5,0,5,0,1.0,0.0,1.0,0.0,-16.0,16.0,0.0,5,0,5,0,1.0,0.0,1.0,0.0,-18.0,18.0,0.0
loso_chb08,chb08,original,Full overlap lag 10s,0,0.22,14.0,14,25186,1212,16,16,0,0.0006352735646787898,1.0,0.013201320132013201,10,0,0.7142857142857143,0.0,0.0,52.0,0.0010317460317460319,13.328055555555556,0.0,5,0,5,0,1.0,0.0,1.0,0.0,-22.0,22.0,0.0,5,0,5,0,1.0,0.0,1.0,0.0,-24.0,24.0,0.0
loso_chb08,chb08,original,Full overlap lag 20s,0,0.22,14.0,14,25186,1212,10,10,0,0.00039704597792424365,1.0,0.00825082508250825,8,0,0.5714285714285714,0.0,0.0,36.0,0.0007142857142857143,13.328055555555556,0.0,5,0,4,1,0.8,0.0,0.8,0.2,-25.5,25.5,0.0,5,0,4,1,0.8,0.0,0.8,0.2,-27.5,27.5,0.0
loso_chb08,chb08,additional,Raw threshold 0.5,0,0.5,6.006388888888889,6,10805,0,2222,0,2222,0.2056455344747802,0.0,,696,696,115.8766128659298,115.8766128659298,369.9394163622069,6232.0,0.28821162650881005,6.006388888888889,115.8766128659298,0,0,0,0,,,,,,,,0,0,0,0,,,,,,,
loso_chb08,chb08,additional,Raw threshold 0.5,30,0.5,6.006388888888889,6,10805,0,2222,0,2222,0.2056455344747802,0.0,,68,68,11.321278268510381,11.321278268510381,369.9394163622069,6232.0,0.28821162650881005,6.006388888888889,11.321278268510381,0,0,0,0,,,,,,,,0,0,0,0,,,,,,,
loso_chb08,chb08,additional,Raw threshold 0.5,60,0.5,6.006388888888889,6,10805,0,2222,0,2222,0.2056455344747802,0.0,,20,20,3.3297877260324653,3.3297877260324653,369.9394163622069,6232.0,0.28821162650881005,6.006388888888889,3.3297877260324653,0,0,0,0,,,,,,,,0,0,0,0,,,,,,,
loso_chb08,chb08,additional,Raw threshold 0.5,120,0.5,6.006388888888889,6,10805,0,2222,0,2222,0.2056455344747802,0.0,,10,10,1.6648938630162327,1.6648938630162327,369.9394163622069,6232.0,0.28821162650881005,6.006388888888889,1.6648938630162327,0,0,0,0,,,,,,,,0,0,0,0,,,,,,,
loso_chb08,chb08,additional,Raw persistence 0.5,0,0.5,6.006388888888889,6,10805,0,1328,0,1328,0.12290606200832947,0.0,,525,525,87.40692780835222,87.40692780835222,221.0979050085557,3706.0,0.17139157378717107,6.006388888888889,87.40692780835222,0,0,0,0,,,,,,,,0,0,0,0,,,,,,,
loso_chb08,chb08,additional,Raw overlap 0.5,0,0.5,6.006388888888889,6,10805,0,1967,0,1967,0.1820453493752892,0.0,,674,674,112.21384636729408,112.21384636729408,327.48462285529297,5672.0,0.26231327752855754,6.006388888888889,112.21384636729408,0,0,0,0,,,,,,,,0,0,0,0,,,,,,,
loso_chb08,chb08,additional,Nominal raw-plus-isotonic,0,0.5,6.006388888888889,6,10805,0,3,0,3,0.00027764923646459973,0.0,,2,2,0.33297877260324654,0.33297877260324654,0.4994681589048698,10.0,0.00046247051750450906,6.006388888888889,0.33297877260324654,0,0,0,0,,,,,,,,0,0,0,0,,,,,,,
loso_chb08,chb08,additional,Nominal full 0.5,0,0.5,6.006388888888889,6,10805,0,1,0,1,9.254974548819991e-05,0.0,,1,1,0.16648938630162327,0.16648938630162327,0.16648938630162327,4.0,0.00018498820700180364,6.006388888888889,0.16648938630162327,0,0,0,0,,,,,,,,0,0,0,0,,,,,,,
loso_chb08,chb08,additional,Nominal full 0.5,30,0.5,6.006388888888889,6,10805,0,1,0,1,9.254974548819991e-05,0.0,,1,1,0.16648938630162327,0.16648938630162327,0.16648938630162327,4.0,0.00018498820700180364,6.006388888888889,0.16648938630162327,0,0,0,0,,,,,,,,0,0,0,0,,,,,,,
loso_chb08,chb08,additional,Nominal full 0.5,60,0.5,6.006388888888889,6,10805,0,1,0,1,9.254974548819991e-05,0.0,,1,1,0.16648938630162327,0.16648938630162327,0.16648938630162327,4.0,0.00018498820700180364,6.006388888888889,0.16648938630162327,0,0,0,0,,,,,,,,0,0,0,0,,,,,,,
loso_chb08,chb08,additional,Nominal full 0.5,120,0.5,6.006388888888889,6,10805,0,1,0,1,9.254974548819991e-05,0.0,,1,1,0.16648938630162327,0.16648938630162327,0.16648938630162327,4.0,0.00018498820700180364,6.006388888888889,0.16648938630162327,0,0,0,0,,,,,,,,0,0,0,0,,,,,,,
loso_chb08,chb08,additional,Calibrated threshold only,0,0.22,6.006388888888889,6,10805,0,7,0,7,0.0006478482184173993,0.0,,6,6,0.9989363178097396,0.9989363178097396,1.165425704111363,26.0,0.0012024233455117236,6.006388888888889,0.9989363178097396,0,0,0,0,,,,,,,,0,0,0,0,,,,,,,
loso_chb08,chb08,additional,+ persistence,0,0.22,6.006388888888889,6,10805,0,1,0,1,9.254974548819991e-05,0.0,,1,1,0.16648938630162327,0.16648938630162327,0.16648938630162327,4.0,0.00018498820700180364,6.006388888888889,0.16648938630162327,0,0,0,0,,,,,,,,0,0,0,0,,,,,,,
loso_chb08,chb08,additional,+ attribution overlap,0,0.22,6.006388888888889,6,10805,0,6,0,6,0.0005552984729291995,0.0,,6,6,0.9989363178097396,0.9989363178097396,0.9989363178097396,24.0,0.0011099292420108217,6.006388888888889,0.9989363178097396,0,0,0,0,,,,,,,,0,0,0,0,,,,,,,
loso_chb08,chb08,additional,+ persistence + overlap,0,0.22,6.006388888888889,6,10805,0,1,0,1,9.254974548819991e-05,0.0,,1,1,0.16648938630162327,0.16648938630162327,0.16648938630162327,4.0,0.00018498820700180364,6.006388888888889,0.16648938630162327,0,0,0,0,,,,,,,,0,0,0,0,,,,,,,
loso_chb08,chb08,additional,+ persistence + overlap,30,0.22,6.006388888888889,6,10805,0,1,0,1,9.254974548819991e-05,0.0,,1,1,0.16648938630162327,0.16648938630162327,0.16648938630162327,4.0,0.00018498820700180364,6.006388888888889,0.16648938630162327,0,0,0,0,,,,,,,,0,0,0,0,,,,,,,
loso_chb08,chb08,additional,+ persistence + overlap,60,0.22,6.006388888888889,6,10805,0,1,0,1,9.254974548819991e-05,0.0,,1,1,0.16648938630162327,0.16648938630162327,0.16648938630162327,4.0,0.00018498820700180364,6.006388888888889,0.16648938630162327,0,0,0,0,,,,,,,,0,0,0,0,,,,,,,
loso_chb08,chb08,additional,+ persistence + overlap,120,0.22,6.006388888888889,6,10805,0,1,0,1,9.254974548819991e-05,0.0,,1,1,0.16648938630162327,0.16648938630162327,0.16648938630162327,4.0,0.00018498820700180364,6.006388888888889,0.16648938630162327,0,0,0,0,,,,,,,,0,0,0,0,,,,,,,
loso_chb08,chb08,additional,Full overlap lag 4s,0,0.22,6.006388888888889,6,10805,0,0,0,0,0.0,,,0,0,0.0,0.0,0.0,0.0,0.0,6.006388888888889,0.0,0,0,0,0,,,,,,,,0,0,0,0,,,,,,,
loso_chb08,chb08,additional,Full overlap lag 6s,0,0.22,6.006388888888889,6,10805,0,0,0,0,0.0,,,0,0,0.0,0.0,0.0,0.0,0.0,6.006388888888889,0.0,0,0,0,0,,,,,,,,0,0,0,0,,,,,,,
loso_chb08,chb08,additional,Full overlap lag 10s,0,0.22,6.006388888888889,6,10805,0,0,0,0,0.0,,,0,0,0.0,0.0,0.0,0.0,0.0,6.006388888888889,0.0,0,0,0,0,,,,,,,,0,0,0,0,,,,,,,
loso_chb08,chb08,additional,Full overlap lag 20s,0,0.22,6.006388888888889,6,10805,0,1,0,1,9.254974548819991e-05,0.0,,1,1,0.16648938630162327,0.16648938630162327,0.16648938630162327,4.0,0.00018498820700180364,6.006388888888889,0.16648938630162327,0,0,0,0,,,,,,,,0,0,0,0,,,,,,,
loso_chb08,chb08,combined,Raw threshold 0.5,0,0.5,20.00638888888889,20,35991,1212,5247,386,4861,0.1457864466116529,0.07356584715075282,0.3184818481848185,2005,1934,100.21798592116407,96.66911958679866,242.97238382183468,15318.0,0.21268205989753272,19.334444444444443,100.02873398080571,5,5,0,0,1.0,1.0,0.0,0.0,278.0,-278.0,1.0,5,5,0,0,1.0,1.0,0.0,0.0,276.0,-276.0,1.0
loso_chb08,chb08,combined,Raw threshold 0.5,30,0.5,20.00638888888889,20,35991,1212,5247,386,4861,0.1457864466116529,0.07356584715075282,0.3184818481848185,445,431,22.2428946308818,21.543118170584396,242.97238382183468,15318.0,0.21268205989753272,19.334444444444443,22.2918223090627,5,5,0,0,1.0,1.0,0.0,0.0,278.0,-278.0,1.0,5,5,0,0,1.0,1.0,0.0,0.0,276.0,-276.0,1.0
loso_chb08,chb08,combined,Raw threshold 0.5,60,0.5,20.00638888888889,20,35991,1212,5247,386,4861,0.1457864466116529,0.07356584715075282,0.3184818481848185,193,184,9.646918345528512,9.197062049623037,242.97238382183468,15318.0,0.21268205989753272,19.334444444444443,9.516694442848113,5,5,0,0,1.0,1.0,0.0,0.0,278.0,-278.0,1.0,5,5,0,0,1.0,1.0,0.0,0.0,276.0,-276.0,1.0
loso_chb08,chb08,combined,Raw threshold 0.5,120,0.5,20.00638888888889,20,35991,1212,5247,386,4861,0.1457864466116529,0.07356584715075282,0.3184818481848185,73,68,3.6488344001221833,3.3989142357302526,242.97238382183468,15318.0,0.21268205989753272,19.334444444444443,3.5170392506177808,5,5,0,0,1.0,1.0,0.0,0.0,278.0,-278.0,1.0,5,5,0,0,1.0,1.0,0.0,0.0,276.0,-276.0,1.0
loso_chb08,chb08,combined,Raw persistence 0.5,0,0.5,20.00638888888889,20,35991,1212,2835,295,2540,0.07876969242310577,0.10405643738977072,0.2433993399339934,1157,1105,57.83152604029269,55.23235633061661,126.95944351110062,7984.0,0.11085347736139844,19.334444444444443,57.15188782253894,5,5,0,0,1.0,1.0,0.0,0.0,244.0,-244.0,1.0,5,5,0,0,1.0,1.0,0.0,0.0,242.0,-242.0,1.0
loso_chb08,chb08,combined,Raw overlap 0.5,0,0.5,20.00638888888889,20,35991,1212,4549,362,4187,0.1263927092884332,0.07957792921521213,0.2986798679867987,1841,1769,92.02060452910875,88.42175416186495,209.28314566180248,13520.0,0.18771781236549437,19.334444444444443,91.49474168151256,5,5,0,0,1.0,1.0,0.0,0.0,276.0,-276.0,1.0,5,5,0,0,1.0,1.0,0.0,0.0,274.0,-274.0,1.0
loso_chb08,chb08,combined,Nominal raw-plus-isotonic,0,0.5,20.00638888888889,20,35991,1212,39,34,5,0.0010836042343919314,0.8717948717948718,0.028052805280528052,17,4,0.8497285589325632,0.19993613151354428,0.24992016439193035,124.0,0.0017216722435888536,19.334444444444443,0.20688466180104592,5,0,5,0,1.0,0.0,1.0,0.0,-11.0,11.0,0.0,5,0,5,0,1.0,0.0,1.0,0.0,-13.0,13.0,0.0
loso_chb08,chb08,combined,Nominal full 0.5,0,0.5,20.00638888888889,20,35991,1212,16,15,1,0.0004445555833402795,0.9375,0.012376237623762377,10,1,0.4998403287838607,0.04998403287838607,0.04998403287838607,52.0,0.0007219915860211322,19.334444444444443,0.05172116545026148,5,0,5,0,1.0,0.0,1.0,0.0,-17.0,17.0,0.0,5,0,5,0,1.0,0.0,1.0,0.0,-19.0,19.0,0.0
loso_chb08,chb08,combined,Nominal full 0.5,30,0.5,20.00638888888889,20,35991,1212,16,15,1,0.0004445555833402795,0.9375,0.012376237623762377,8,1,0.39987226302708856,0.04998403287838607,0.04998403287838607,52.0,0.0007219915860211322,19.334444444444443,0.05172116545026148,5,0,5,0,1.0,0.0,1.0,0.0,-17.0,17.0,0.0,5,0,5,0,1.0,0.0,1.0,0.0,-19.0,19.0,0.0
loso_chb08,chb08,combined,Nominal full 0.5,60,0.5,20.00638888888889,20,35991,1212,16,15,1,0.0004445555833402795,0.9375,0.012376237623762377,7,1,0.3498882301487025,0.04998403287838607,0.04998403287838607,52.0,0.0007219915860211322,19.334444444444443,0.05172116545026148,5,0,5,0,1.0,0.0,1.0,0.0,-17.0,17.0,0.0,5,0,5,0,1.0,0.0,1.0,0.0,-19.0,19.0,0.0
loso_chb08,chb08,combined,Nominal full 0.5,120,0.5,20.00638888888889,20,35991,1212,16,15,1,0.0004445555833402795,0.9375,0.012376237623762377,6,1,0.2999041972703164,0.04998403287838607,0.04998403287838607,52.0,0.0007219915860211322,19.334444444444443,0.05172116545026148,5,0,5,0,1.0,0.0,1.0,0.0,-17.0,17.0,0.0,5,0,5,0,1.0,0.0,1.0,0.0,-19.0,19.0,0.0
loso_chb08,chb08,combined,Calibrated threshold only,0,0.22,20.00638888888889,20,35991,1212,59,48,11,0.0016392987135672808,0.8135593220338984,0.039603960396039604,29,10,1.449536953473196,0.4998403287838607,0.5498243616622468,198.0,0.002749121808311234,19.334444444444443,0.5172116545026149,5,0,5,0,1.0,0.0,1.0,0.0,-10.0,10.0,0.0,5,0,5,0,1.0,0.0,1.0,0.0,-12.0,12.0,0.0
loso_chb08,chb08,combined,+ persistence,0,0.22,20.00638888888889,20,35991,1212,19,18,1,0.0005279097552165819,0.9473684210526315,0.01485148514851485,13,1,0.6497924274190189,0.04998403287838607,0.04998403287838607,64.0,0.0008886050289490857,19.334444444444443,0.05172116545026148,5,0,5,0,1.0,0.0,1.0,0.0,-16.0,16.0,0.0,5,0,5,0,1.0,0.0,1.0,0.0,-18.0,18.0,0.0
loso_chb08,chb08,combined,+ attribution overlap,0,0.22,20.00638888888889,20,35991,1212,57,47,10,0.0015837292656497458,0.8245614035087719,0.038778877887788776,29,10,1.449536953473196,0.4998403287838607,0.4998403287838607,192.0,0.002665815086847257,19.334444444444443,0.5172116545026149,5,0,5,0,1.0,0.0,1.0,0.0,-10.0,10.0,0.0,5,0,5,0,1.0,0.0,1.0,0.0,-12.0,12.0,0.0
loso_chb08,chb08,combined,+ persistence + overlap,0,0.22,20.00638888888889,20,35991,1212,19,18,1,0.0005279097552165819,0.9473684210526315,0.01485148514851485,13,1,0.6497924274190189,0.04998403287838607,0.04998403287838607,64.0,0.0008886050289490857,19.334444444444443,0.05172116545026148,5,0,5,0,1.0,0.0,1.0,0.0,-16.0,16.0,0.0,5,0,5,0,1.0,0.0,1.0,0.0,-18.0,18.0,0.0
loso_chb08,chb08,combined,+ persistence + overlap,30,0.22,20.00638888888889,20,35991,1212,19,18,1,0.0005279097552165819,0.9473684210526315,0.01485148514851485,8,1,0.39987226302708856,0.04998403287838607,0.04998403287838607,64.0,0.0008886050289490857,19.334444444444443,0.05172116545026148,5,0,5,0,1.0,0.0,1.0,0.0,-16.0,16.0,0.0,5,0,5,0,1.0,0.0,1.0,0.0,-18.0,18.0,0.0
loso_chb08,chb08,combined,+ persistence + overlap,60,0.22,20.00638888888889,20,35991,1212,19,18,1,0.0005279097552165819,0.9473684210526315,0.01485148514851485,7,1,0.3498882301487025,0.04998403287838607,0.04998403287838607,64.0,0.0008886050289490857,19.334444444444443,0.05172116545026148,5,0,5,0,1.0,0.0,1.0,0.0,-16.0,16.0,0.0,5,0,5,0,1.0,0.0,1.0,0.0,-18.0,18.0,0.0
loso_chb08,chb08,combined,+ persistence + overlap,120,0.22,20.00638888888889,20,35991,1212,19,18,1,0.0005279097552165819,0.9473684210526315,0.01485148514851485,6,1,0.2999041972703164,0.04998403287838607,0.04998403287838607,64.0,0.0008886050289490857,19.334444444444443,0.05172116545026148,5,0,5,0,1.0,0.0,1.0,0.0,-16.0,16.0,0.0,5,0,5,0,1.0,0.0,1.0,0.0,-18.0,18.0,0.0
loso_chb08,chb08,combined,Full overlap lag 4s,0,0.22,20.00638888888889,20,35991,1212,18,18,0,0.0005001250312578145,1.0,0.01485148514851485,12,0,0.5998083945406328,0.0,0.0,60.0,0.0008330672146397678,19.334444444444443,0.0,5,0,5,0,1.0,0.0,1.0,0.0,-16.0,16.0,0.0,5,0,5,0,1.0,0.0,1.0,0.0,-18.0,18.0,0.0
loso_chb08,chb08,combined,Full overlap lag 6s,0,0.22,20.00638888888889,20,35991,1212,18,18,0,0.0005001250312578145,1.0,0.01485148514851485,12,0,0.5998083945406328,0.0,0.0,60.0,0.0008330672146397678,19.334444444444443,0.0,5,0,5,0,1.0,0.0,1.0,0.0,-16.0,16.0,0.0,5,0,5,0,1.0,0.0,1.0,0.0,-18.0,18.0,0.0
loso_chb08,chb08,combined,Full overlap lag 10s,0,0.22,20.00638888888889,20,35991,1212,16,16,0,0.0004445555833402795,1.0,0.013201320132013201,10,0,0.4998403287838607,0.0,0.0,52.0,0.0007219915860211322,19.334444444444443,0.0,5,0,5,0,1.0,0.0,1.0,0.0,-22.0,22.0,0.0,5,0,5,0,1.0,0.0,1.0,0.0,-24.0,24.0,0.0
loso_chb08,chb08,combined,Full overlap lag 20s,0,0.22,20.00638888888889,20,35991,1212,11,10,1,0.0003056319635464422,0.9090909090909091,0.00825082508250825,9,1,0.44985629590547466,0.04998403287838607,0.04998403287838607,40.0,0.0005553781430931786,19.334444444444443,0.05172116545026148,5,0,4,1,0.8,0.0,0.8,0.2,-25.5,25.5,0.0,5,0,4,1,0.8,0.0,0.8,0.2,-27.5,27.5,0.0
